captured_at_utc,run_id,source_url,hour_label,rank,name,name_norm,tweet_count_raw,tweet_count,best_position,total_tweets,trending_for_raw,trending_for_hours
2026-08-06T12:28:30.527949+00:00,20260806-122830,https://trends24.in/indonesia/,Thu Aug 06 2026 11:33:56 GMT+0000 (Coordinated Universal Time),1,#PerebutanJuaraTiga,perebutanjuaratiga,,,,,,
2026-08-06T12:28:30.527949+00:00,20260806-122830,https://trends24.in/indonesia/,Thu Aug 06 2026 11:33:56 GMT+0000 (Coordinated Universal Time),2,Persija vs Arema,persija vs arema,,,,,,
2026-08-06T12:28:30.527949+00:00,20260806-122830,https://trends24.in/indonesia/,Thu Aug 06 2026 11:33:56 GMT+0000 (Coordinated Universal Time),3,SANTA VITAMIN ENRICHED,santa vitamin enriched,,,,,,
2026-08-06T12:28:30.527949+00:00,20260806-122830,https://trends24.in/indonesia/,Thu Aug 06 2026 11:33:56 GMT+0000 (Coordinated Universal Time),4,#BobbiBrownTHxSANTA,bobbibrownthxsanta,,,,,,
2026-08-06T12:28:30.527949+00:00,20260806-122830,https://trends24.in/indonesia/,Thu Aug 06 2026 11:33:56 GMT+0000 (Coordinated Universal Time),5,AI Untuk Semua,ai untuk semua,,,,,,
2026-08-06T12:28:30.527949+00:00,20260806-122830,https://trends24.in/indonesia/,Thu Aug 06 2026 11:33:56 GMT+0000 (Coordinated Universal Time),6,#MensFolioThailand,mensfoliothailand,,,,,,
2026-08-06T12:28:30.527949+00:00,20260806-122830,https://trends24.in/indonesia/,Thu Aug 06 2026 11:33:56 GMT+0000 (Coordinated Universal Time),7,#JUMAVVA,jumavva,,,,,,
2026-08-06T12:28:30.527949+00:00,20260806-122830,https://trends24.in/indonesia/,Thu Aug 06 2026 11:33:56 GMT+0000 (Coordinated Universal Time),8,#à¹à¸à¸­à¸°à¸à¸­à¸¢à¸­à¸´à¸à¸à¸­à¸¢à¸à¸²à¸£à¹à¸à¸µà¹,à¹à¸à¸­à¸°à¸à¸­à¸¢à¸­à¸´à¸à¸à¸­à¸¢à¸à¸²à¸£à¹à¸à¸µà¹,,,,,,
2026-08-06T12:28:30.527949+00:00,20260806-122830,https://trends24.in/indonesia/,Thu Aug 06 2026 11:33:56 GMT+0000 (Coordinated Universal Time),9,PONDPHUWIN GRAB BONCHON,pondphuwin grab bonchon,,,,,,
2026-08-06T12:28:30.527949+00:00,20260806-122830,https://trends24.in/indonesia/,Thu Aug 06 2026 11:33:56 GMT+0000 (Coordinated Universal Time),10,KALOG Express,kalog express,,,,,,
2026-08-06T12:28:30.527949+00:00,20260806-122830,https://trends24.in/indonesia/,Thu Aug 06 2026 11:33:56 GMT+0000 (Coordinated Universal Time),11,KALOG Plus,kalog plus,,,,,,
2026-08-06T12:28:30.527949+00:00,20260806-122830,https://trends24.in/indonesia/,Thu Aug 06 2026 11:33:56 GMT+0000 (Coordinated Universal Time),12,KALOG Pro,kalog pro,,,,,,
2026-08-06T12:28:30.527949+00:00,20260806-122830,https://trends24.in/indonesia/,Thu Aug 06 2026 11:33:56 GMT+0000 (Coordinated Universal Time),13,Rodri,rodri,,,,,,
2026-08-06T12:28:30.527949+00:00,20260806-122830,https://trends24.in/indonesia/,Thu Aug 06 2026 11:33:56 GMT+0000 (Coordinated Universal Time),14,NAMTAN BA FITFLOP,namtan ba fitflop,,,,,,
2026-08-06T12:28:30.527949+00:00,20260806-122830,https://trends24.in/indonesia/,Thu Aug 06 2026 11:33:56 GMT+0000 (Coordinated Universal Time),15,$LESTER,$lester,,,,,,
2026-08-06T12:28:30.527949+00:00,20260806-122830,https://trends24.in/indonesia/,Thu Aug 06 2026 11:33:56 GMT+0000 (Coordinated Universal Time),16,WITH LOVE TO NI-KI,with love to ni-ki,,,,,,
2026-08-06T12:28:30.527949+00:00,20260806-122830,https://trends24.in/indonesia/,Thu Aug 06 2026 11:33:56 GMT+0000 (Coordinated Universal Time),17,Witan,witan,,,,,,
2026-08-06T12:28:30.527949+00:00,20260806-122830,https://trends24.in/indonesia/,Thu Aug 06 2026 11:33:56 GMT+0000 (Coordinated Universal Time),18,DANA CICIL,dana cicil,,,,,,
2026-08-06T12:28:30.527949+00:00,20260806-122830,https://trends24.in/indonesia/,Thu Aug 06 2026 11:33:56 GMT+0000 (Coordinated Universal Time),19,NMAX,nmax,,,,,,
2026-08-06T12:28:30.527949+00:00,20260806-122830,https://trends24.in/indonesia/,Thu Aug 06 2026 11:33:56 GMT+0000 (Coordinated Universal Time),20,Gustavo,gustavo,,,,,,
2026-08-06T12:28:30.527949+00:00,20260806-122830,https://trends24.in/indonesia/,Thu Aug 06 2026 11:33:56 GMT+0000 (Coordinated Universal Time),21,LCGC,lcgc,,,,,,
2026-08-06T12:28:30.527949+00:00,20260806-122830,https://trends24.in/indonesia/,Thu Aug 06 2026 11:33:56 GMT+0000 (Coordinated Universal Time),22,Fokus Kerja Strategis,fokus kerja strategis,,,,,,
2026-08-06T12:28:30.527949+00:00,20260806-122830,https://trends24.in/indonesia/,Thu Aug 06 2026 11:33:56 GMT+0000 (Coordinated Universal Time),23,PHOTOMATICS,photomatics,,,,,,
2026-08-06T12:28:30.527949+00:00,20260806-122830,https://trends24.in/indonesia/,Thu Aug 06 2026 11:33:56 GMT+0000 (Coordinated Universal Time),24,Dita,dita,,,,,,
2026-08-06T12:28:30.527949+00:00,20260806-122830,https://trends24.in/indonesia/,Thu Aug 06 2026 11:33:56 GMT+0000 (Coordinated Universal Time),25,Kamis,kamis,,,,,,
2026-08-06T12:28:30.527949+00:00,20260806-122830,https://trends24.in/indonesia/,Thu Aug 06 2026 11:33:56 GMT+0000 (Coordinated Universal Time),26,Bromo,bromo,,,,,,
2026-08-06T12:28:30.527949+00:00,20260806-122830,https://trends24.in/indonesia/,Thu Aug 06 2026 11:33:56 GMT+0000 (Coordinated Universal Time),27,blackpink,blackpink,,,,,,
2026-08-06T12:28:30.527949+00:00,20260806-122830,https://trends24.in/indonesia/,Thu Aug 06 2026 11:33:56 GMT+0000 (Coordinated Universal Time),28,Rans,rans,,,,,,
2026-08-06T12:28:30.527949+00:00,20260806-122830,https://trends24.in/indonesia/,Thu Aug 06 2026 11:33:56 GMT+0000 (Coordinated Universal Time),29,Anggur,anggur,,,,,,
2026-08-06T12:28:30.527949+00:00,20260806-122830,https://trends24.in/indonesia/,Thu Aug 06 2026 11:33:56 GMT+0000 (Coordinated Universal Time),30,Blink,blink,,,,,,
2026-08-06T12:28:30.527949+00:00,20260806-122830,https://trends24.in/indonesia/,Thu Aug 06 2026 11:33:56 GMT+0000 (Coordinated Universal Time),31,Korut,korut,,,,,,
2026-08-06T12:28:30.527949+00:00,20260806-122830,https://trends24.in/indonesia/,Thu Aug 06 2026 11:33:56 GMT+0000 (Coordinated Universal Time),32,Nikita,nikita,,,,,,
2026-08-06T12:28:30.527949+00:00,20260806-122830,https://trends24.in/indonesia/,Thu Aug 06 2026 11:33:56 GMT+0000 (Coordinated Universal Time),33,CAT 1,cat 1,,,,,,
2026-08-06T12:28:30.527949+00:00,20260806-122830,https://trends24.in/indonesia/,Thu Aug 06 2026 11:33:56 GMT+0000 (Coordinated Universal Time),34,#PondPhuwinXBonchonHotTomyum,pondphuwinxbonchonhottomyum,,,,,,
2026-08-06T12:28:30.527949+00:00,20260806-122830,https://trends24.in/indonesia/,Thu Aug 06 2026 11:33:56 GMT+0000 (Coordinated Universal Time),35,#WulingGIIAS2026,wulinggiias2026,,,,,,
2026-08-06T12:28:30.527949+00:00,20260806-122830,https://trends24.in/indonesia/,Thu Aug 06 2026 11:33:56 GMT+0000 (Coordinated Universal Time),36,#WulingAiraev,wulingairaev,,,,,,
2026-08-06T12:28:30.527949+00:00,20260806-122830,https://trends24.in/indonesia/,Thu Aug 06 2026 11:33:56 GMT+0000 (Coordinated Universal Time),37,#WithNI_KIForever,withni_kiforever,,,,,,
2026-08-06T12:28:30.527949+00:00,20260806-122830,https://trends24.in/indonesia/,Thu Aug 06 2026 11:33:56 GMT+0000 (Coordinated Universal Time),38,#JoongDunk,joongdunk,,,,,,
2026-08-06T12:28:30.527949+00:00,20260806-122830,https://trends24.in/indonesia/,Thu Aug 06 2026 11:33:56 GMT+0000 (Coordinated Universal Time),39,#BraverTogether_RENJUN_Moomin,bravertogether_renjun_moomin,,,,,,
2026-08-06T12:28:30.527949+00:00,20260806-122830,https://trends24.in/indonesia/,Thu Aug 06 2026 11:33:56 GMT+0000 (Coordinated Universal Time),40,#JoongArchen,joongarchen,,,,,,
2026-08-06T12:28:30.527949+00:00,20260806-122830,https://trends24.in/indonesia/,Thu Aug 06 2026 11:33:56 GMT+0000 (Coordinated Universal Time),41,#AdidasgolfxGEMINI,adidasgolfxgemini,,,,,,
2026-08-06T12:28:30.527949+00:00,20260806-122830,https://trends24.in/indonesia/,Thu Aug 06 2026 11:33:56 GMT+0000 (Coordinated Universal Time),42,#GoneAwayGAWINpresstour,goneawaygawinpresstour,,,,,,
2026-08-06T12:28:30.527949+00:00,20260806-122830,https://trends24.in/indonesia/,Thu Aug 06 2026 11:33:56 GMT+0000 (Coordinated Universal Time),43,#dunknatachai,dunknatachai,,,,,,
2026-08-06T12:28:30.527949+00:00,20260806-122830,https://trends24.in/indonesia/,Thu Aug 06 2026 11:33:56 GMT+0000 (Coordinated Universal Time),44,#BersamaBantuSaudara,bersamabantusaudara,,,,,,
2026-08-06T12:28:30.527949+00:00,20260806-122830,https://trends24.in/indonesia/,Thu Aug 06 2026 11:33:56 GMT+0000 (Coordinated Universal Time),45,#LEAPHIGH,leaphigh,,,,,,
2026-08-06T12:28:30.527949+00:00,20260806-122830,https://trends24.in/indonesia/,Thu Aug 06 2026 11:33:56 GMT+0000 (Coordinated Universal Time),46,#Aralie18,aralie18,,,,,,
2026-08-06T12:28:30.527949+00:00,20260806-122830,https://trends24.in/indonesia/,Thu Aug 06 2026 11:33:56 GMT+0000 (Coordinated Universal Time),47,#Bersantai16,bersantai16,,,,,,
2026-08-06T12:28:30.527949+00:00,20260806-122830,https://trends24.in/indonesia/,Thu Aug 06 2026 11:33:56 GMT+0000 (Coordinated Universal Time),48,#VirStillClimbing,virstillclimbing,,,,,,
2026-08-06T12:28:30.527949+00:00,20260806-122830,https://trends24.in/indonesia/,Thu Aug 06 2026 11:33:56 GMT+0000 (Coordinated Universal Time),49,#BloomingAralie,bloomingaralie,,,,,,
2026-08-06T12:28:30.527949+00:00,20260806-122830,https://trends24.in/indonesia/,Thu Aug 06 2026 11:33:56 GMT+0000 (Coordinated Universal Time),50,#Gemini_NT,gemini_nt,,,,,,
2026-08-06T12:28:30.527949+00:00,20260806-122830,https://trends24.in/indonesia/,Thu Aug 06 2026 10:43:04 GMT+0000 (Coordinated Universal Time),1,#PerebutanJuaraTiga,perebutanjuaratiga,,,,,,
2026-08-06T12:28:30.527949+00:00,20260806-122830,https://trends24.in/indonesia/,Thu Aug 06 2026 10:43:04 GMT+0000 (Coordinated Universal Time),2,Persija vs Arema,persija vs arema,,,,,,
2026-08-06T12:28:30.527949+00:00,20260806-122830,https://trends24.in/indonesia/,Thu Aug 06 2026 10:43:04 GMT+0000 (Coordinated Universal Time),3,Bersama Pasti Ada Jalan,bersama pasti ada jalan,,,,,,
2026-08-06T12:28:30.527949+00:00,20260806-122830,https://trends24.in/indonesia/,Thu Aug 06 2026 10:43:04 GMT+0000 (Coordinated Universal Time),4,BPJS,bpjs,,,,,,
2026-08-06T12:28:30.527949+00:00,20260806-122830,https://trends24.in/indonesia/,Thu Aug 06 2026 10:43:04 GMT+0000 (Coordinated Universal Time),5,#JUMAVVA,jumavva,,,,,,
2026-08-06T12:28:30.527949+00:00,20260806-122830,https://trends24.in/indonesia/,Thu Aug 06 2026 10:43:04 GMT+0000 (Coordinated Universal Time),6,#SFxJossGawinGuinzly,sfxjossgawinguinzly,,,,,,
2026-08-06T12:28:30.527949+00:00,20260806-122830,https://trends24.in/indonesia/,Thu Aug 06 2026 10:43:04 GMT+0000 (Coordinated Universal Time),7,JGG FAM SPIDER MAN,jgg fam spider man,,,,,,
2026-08-06T12:28:30.527949+00:00,20260806-122830,https://trends24.in/indonesia/,Thu Aug 06 2026 10:43:04 GMT+0000 (Coordinated Universal Time),8,Peduli Kuatkan Sumbar,peduli kuatkan sumbar,,,,,,
2026-08-06T12:28:30.527949+00:00,20260806-122830,https://trends24.in/indonesia/,Thu Aug 06 2026 10:43:04 GMT+0000 (Coordinated Universal Time),9,#BersamaBantuSaudara,bersamabantusaudara,,,,,,
2026-08-06T12:28:30.527949+00:00,20260806-122830,https://trends24.in/indonesia/,Thu Aug 06 2026 10:43:04 GMT+0000 (Coordinated Universal Time),10,#MakeTheWaveYouLite,makethewaveyoulite,,,,,,
2026-08-06T12:28:30.527949+00:00,20260806-122830,https://trends24.in/indonesia/,Thu Aug 06 2026 10:43:04 GMT+0000 (Coordinated Universal Time),11,Fokus Kerja Strategis,fokus kerja strategis,,,,,,
2026-08-06T12:28:30.527949+00:00,20260806-122830,https://trends24.in/indonesia/,Thu Aug 06 2026 10:43:04 GMT+0000 (Coordinated Universal Time),12,Rodri,rodri,,,,,,
2026-08-06T12:28:30.527949+00:00,20260806-122830,https://trends24.in/indonesia/,Thu Aug 06 2026 10:43:04 GMT+0000 (Coordinated Universal Time),13,Gojek,gojek,,,,,,
2026-08-06T12:28:30.527949+00:00,20260806-122830,https://trends24.in/indonesia/,Thu Aug 06 2026 10:43:04 GMT+0000 (Coordinated Universal Time),14,chitato & chitato lite,chitato & chitato lite,,,,,,
2026-08-06T12:28:30.527949+00:00,20260806-122830,https://trends24.in/indonesia/,Thu Aug 06 2026 10:43:04 GMT+0000 (Coordinated Universal Time),15,generasi bergizi,generasi bergizi,,,,,,
2026-08-06T12:28:30.527949+00:00,20260806-122830,https://trends24.in/indonesia/,Thu Aug 06 2026 10:43:04 GMT+0000 (Coordinated Universal Time),16,MOONSHADOW SPECIAL EP,moonshadow special ep,,,,,,
2026-08-06T12:28:30.527949+00:00,20260806-122830,https://trends24.in/indonesia/,Thu Aug 06 2026 10:43:04 GMT+0000 (Coordinated Universal Time),17,$LESTER,$lester,,,,,,
2026-08-06T12:28:30.527949+00:00,20260806-122830,https://trends24.in/indonesia/,Thu Aug 06 2026 10:43:04 GMT+0000 (Coordinated Universal Time),18,DANA CICIL,dana cicil,,,,,,
2026-08-06T12:28:30.527949+00:00,20260806-122830,https://trends24.in/indonesia/,Thu Aug 06 2026 10:43:04 GMT+0000 (Coordinated Universal Time),19,XL POIN,xl poin,,,,,,
2026-08-06T12:28:30.527949+00:00,20260806-122830,https://trends24.in/indonesia/,Thu Aug 06 2026 10:43:04 GMT+0000 (Coordinated Universal Time),20,TREASURE,treasure,,,,,,
2026-08-06T12:28:30.527949+00:00,20260806-122830,https://trends24.in/indonesia/,Thu Aug 06 2026 10:43:04 GMT+0000 (Coordinated Universal Time),21,Blingy Jets Teaser D1,blingy jets teaser d1,,,,,,
2026-08-06T12:28:30.527949+00:00,20260806-122830,https://trends24.in/indonesia/,Thu Aug 06 2026 10:43:04 GMT+0000 (Coordinated Universal Time),22,Nakes,nakes,,,,,,
2026-08-06T12:28:30.527949+00:00,20260806-122830,https://trends24.in/indonesia/,Thu Aug 06 2026 10:43:04 GMT+0000 (Coordinated Universal Time),23,Barca,barca,,,,,,
2026-08-06T12:28:30.527949+00:00,20260806-122830,https://trends24.in/indonesia/,Thu Aug 06 2026 10:43:04 GMT+0000 (Coordinated Universal Time),24,NAMTAN BA FITFLOP,namtan ba fitflop,,,,,,
2026-08-06T12:28:30.527949+00:00,20260806-122830,https://trends24.in/indonesia/,Thu Aug 06 2026 10:43:04 GMT+0000 (Coordinated Universal Time),25,Kamis,kamis,,,,,,
2026-08-06T12:28:30.527949+00:00,20260806-122830,https://trends24.in/indonesia/,Thu Aug 06 2026 10:43:04 GMT+0000 (Coordinated Universal Time),26,NMAX,nmax,,,,,,
2026-08-06T12:28:30.527949+00:00,20260806-122830,https://trends24.in/indonesia/,Thu Aug 06 2026 10:43:04 GMT+0000 (Coordinated Universal Time),27,Nikita Bier,nikita bier,,,,,,
2026-08-06T12:28:30.527949+00:00,20260806-122830,https://trends24.in/indonesia/,Thu Aug 06 2026 10:43:04 GMT+0000 (Coordinated Universal Time),28,perthdomiia radiant glow,perthdomiia radiant glow,,,,,,
2026-08-06T12:28:30.527949+00:00,20260806-122830,https://trends24.in/indonesia/,Thu Aug 06 2026 10:43:04 GMT+0000 (Coordinated Universal Time),29,the grim lover q20,the grim lover q20,,,,,,
2026-08-06T12:28:30.527949+00:00,20260806-122830,https://trends24.in/indonesia/,Thu Aug 06 2026 10:43:04 GMT+0000 (Coordinated Universal Time),30,uniqlo fw2026 x sky,uniqlo fw2026 x sky,,,,,,
2026-08-06T12:28:30.527949+00:00,20260806-122830,https://trends24.in/indonesia/,Thu Aug 06 2026 10:43:04 GMT+0000 (Coordinated Universal Time),31,PHOTOMATICS,photomatics,,,,,,
2026-08-06T12:28:30.527949+00:00,20260806-122830,https://trends24.in/indonesia/,Thu Aug 06 2026 10:43:04 GMT+0000 (Coordinated Universal Time),32,L1485 ALWAYS,l1485 always,,,,,,
2026-08-06T12:28:30.527949+00:00,20260806-122830,https://trends24.in/indonesia/,Thu Aug 06 2026 10:43:04 GMT+0000 (Coordinated Universal Time),33,Pascol,pascol,,,,,,
2026-08-06T12:28:30.527949+00:00,20260806-122830,https://trends24.in/indonesia/,Thu Aug 06 2026 10:43:04 GMT+0000 (Coordinated Universal Time),34,LCGC,lcgc,,,,,,
2026-08-06T12:28:30.527949+00:00,20260806-122830,https://trends24.in/indonesia/,Thu Aug 06 2026 10:43:04 GMT+0000 (Coordinated Universal Time),35,Kembang,kembang,,,,,,
2026-08-06T12:28:30.527949+00:00,20260806-122830,https://trends24.in/indonesia/,Thu Aug 06 2026 10:43:04 GMT+0000 (Coordinated Universal Time),36,Trabzonspor,trabzonspor,,,,,,
2026-08-06T12:28:30.527949+00:00,20260806-122830,https://trends24.in/indonesia/,Thu Aug 06 2026 10:43:04 GMT+0000 (Coordinated Universal Time),37,Paradise,paradise,,,,,,
2026-08-06T12:28:30.527949+00:00,20260806-122830,https://trends24.in/indonesia/,Thu Aug 06 2026 10:43:04 GMT+0000 (Coordinated Universal Time),38,blackpink,blackpink,,,,,,
2026-08-06T12:28:30.527949+00:00,20260806-122830,https://trends24.in/indonesia/,Thu Aug 06 2026 10:43:04 GMT+0000 (Coordinated Universal Time),39,Camavinga,camavinga,,,,,,
2026-08-06T12:28:30.527949+00:00,20260806-122830,https://trends24.in/indonesia/,Thu Aug 06 2026 10:43:04 GMT+0000 (Coordinated Universal Time),40,Rans,rans,,,,,,
2026-08-06T12:28:30.527949+00:00,20260806-122830,https://trends24.in/indonesia/,Thu Aug 06 2026 10:43:04 GMT+0000 (Coordinated Universal Time),41,Kedaulatan Indonesia,kedaulatan indonesia,,,,,,
2026-08-06T12:28:30.527949+00:00,20260806-122830,https://trends24.in/indonesia/,Thu Aug 06 2026 10:43:04 GMT+0000 (Coordinated Universal Time),42,Burnout,burnout,,,,,,
2026-08-06T12:28:30.527949+00:00,20260806-122830,https://trends24.in/indonesia/,Thu Aug 06 2026 10:43:04 GMT+0000 (Coordinated Universal Time),43,JUNGKOOK FOR CHANEL BEAUTY,jungkook for chanel beauty,,,,,,
2026-08-06T12:28:30.527949+00:00,20260806-122830,https://trends24.in/indonesia/,Thu Aug 06 2026 10:43:04 GMT+0000 (Coordinated Universal Time),44,THE BOYZ,the boyz,,,,,,
2026-08-06T12:28:30.527949+00:00,20260806-122830,https://trends24.in/indonesia/,Thu Aug 06 2026 10:43:04 GMT+0000 (Coordinated Universal Time),45,d. 70,d. 70,,,,,,
2026-08-06T12:28:30.527949+00:00,20260806-122830,https://trends24.in/indonesia/,Thu Aug 06 2026 10:43:04 GMT+0000 (Coordinated Universal Time),46,Madrid,madrid,,,,,,
2026-08-06T12:28:30.527949+00:00,20260806-122830,https://trends24.in/indonesia/,Thu Aug 06 2026 10:43:04 GMT+0000 (Coordinated Universal Time),47,No More Dream,no more dream,,,,,,
2026-08-06T12:28:30.527949+00:00,20260806-122830,https://trends24.in/indonesia/,Thu Aug 06 2026 10:43:04 GMT+0000 (Coordinated Universal Time),48,Queens,queens,,,,,,
2026-08-06T12:28:30.527949+00:00,20260806-122830,https://trends24.in/indonesia/,Thu Aug 06 2026 10:43:04 GMT+0000 (Coordinated Universal Time),49,Dokter,dokter,,,,,,
2026-08-06T12:28:30.527949+00:00,20260806-122830,https://trends24.in/indonesia/,Thu Aug 06 2026 10:43:04 GMT+0000 (Coordinated Universal Time),50,GLOW BEST WITH EST,glow best with est,,,,,,
2026-08-06T12:28:30.527949+00:00,20260806-122830,https://trends24.in/indonesia/,Thu Aug 06 2026 09:51:53 GMT+0000 (Coordinated Universal Time),1,#PerebutanJuaraTiga,perebutanjuaratiga,,,,,,
2026-08-06T12:28:30.527949+00:00,20260806-122830,https://trends24.in/indonesia/,Thu Aug 06 2026 09:51:53 GMT+0000 (Coordinated Universal Time),2,Persija vs Arema,persija vs arema,,,,,,
2026-08-06T12:28:30.527949+00:00,20260806-122830,https://trends24.in/indonesia/,Thu Aug 06 2026 09:51:53 GMT+0000 (Coordinated Universal Time),3,#JUMAVVA,jumavva,,,,,,
2026-08-06T12:28:30.527949+00:00,20260806-122830,https://trends24.in/indonesia/,Thu Aug 06 2026 09:51:53 GMT+0000 (Coordinated Universal Time),4,Bersama Pasti Ada Jalan,bersama pasti ada jalan,,,,,,
2026-08-06T12:28:30.527949+00:00,20260806-122830,https://trends24.in/indonesia/,Thu Aug 06 2026 09:51:53 GMT+0000 (Coordinated Universal Time),5,BPJS,bpjs,,,,,,
2026-08-06T12:28:30.527949+00:00,20260806-122830,https://trends24.in/indonesia/,Thu Aug 06 2026 09:51:53 GMT+0000 (Coordinated Universal Time),6,#SFxJossGawinGuinzly,sfxjossgawinguinzly,,,,,,
2026-08-06T12:28:30.527949+00:00,20260806-122830,https://trends24.in/indonesia/,Thu Aug 06 2026 09:51:53 GMT+0000 (Coordinated Universal Time),7,JGG FAM SPIDER MAN,jgg fam spider man,,,,,,
2026-08-06T12:28:30.527949+00:00,20260806-122830,https://trends24.in/indonesia/,Thu Aug 06 2026 09:51:53 GMT+0000 (Coordinated Universal Time),8,#BersamaBantuSaudara,bersamabantusaudara,,,,,,
2026-08-06T12:28:30.527949+00:00,20260806-122830,https://trends24.in/indonesia/,Thu Aug 06 2026 09:51:53 GMT+0000 (Coordinated Universal Time),9,Peduli Kuatkan Sumbar,peduli kuatkan sumbar,,,,,,
2026-08-06T12:28:30.527949+00:00,20260806-122830,https://trends24.in/indonesia/,Thu Aug 06 2026 09:51:53 GMT+0000 (Coordinated Universal Time),10,#WulingGIIAS2026,wulinggiias2026,,,,,,
2026-08-06T12:28:30.527949+00:00,20260806-122830,https://trends24.in/indonesia/,Thu Aug 06 2026 09:51:53 GMT+0000 (Coordinated Universal Time),11,Fokus Kerja Strategis,fokus kerja strategis,,,,,,
2026-08-06T12:28:30.527949+00:00,20260806-122830,https://trends24.in/indonesia/,Thu Aug 06 2026 09:51:53 GMT+0000 (Coordinated Universal Time),12,Rodri,rodri,,,,,,
2026-08-06T12:28:30.527949+00:00,20260806-122830,https://trends24.in/indonesia/,Thu Aug 06 2026 09:51:53 GMT+0000 (Coordinated Universal Time),13,Gojek,gojek,,,,,,
2026-08-06T12:28:30.527949+00:00,20260806-122830,https://trends24.in/indonesia/,Thu Aug 06 2026 09:51:53 GMT+0000 (Coordinated Universal Time),14,chitato & chitato lite,chitato & chitato lite,,,,,,
2026-08-06T12:28:30.527949+00:00,20260806-122830,https://trends24.in/indonesia/,Thu Aug 06 2026 09:51:53 GMT+0000 (Coordinated Universal Time),15,MOONSHADOW SPECIAL EP,moonshadow special ep,,,,,,
2026-08-06T12:28:30.527949+00:00,20260806-122830,https://trends24.in/indonesia/,Thu Aug 06 2026 09:51:53 GMT+0000 (Coordinated Universal Time),16,generasi bergizi,generasi bergizi,,,,,,
2026-08-06T12:28:30.527949+00:00,20260806-122830,https://trends24.in/indonesia/,Thu Aug 06 2026 09:51:53 GMT+0000 (Coordinated Universal Time),17,TREASURE,treasure,,,,,,
2026-08-06T12:28:30.527949+00:00,20260806-122830,https://trends24.in/indonesia/,Thu Aug 06 2026 09:51:53 GMT+0000 (Coordinated Universal Time),18,Nakes,nakes,,,,,,
2026-08-06T12:28:30.527949+00:00,20260806-122830,https://trends24.in/indonesia/,Thu Aug 06 2026 09:51:53 GMT+0000 (Coordinated Universal Time),19,XL POIN,xl poin,,,,,,
2026-08-06T12:28:30.527949+00:00,20260806-122830,https://trends24.in/indonesia/,Thu Aug 06 2026 09:51:53 GMT+0000 (Coordinated Universal Time),20,Blingy Jets Teaser D1,blingy jets teaser d1,,,,,,
2026-08-06T12:28:30.527949+00:00,20260806-122830,https://trends24.in/indonesia/,Thu Aug 06 2026 09:51:53 GMT+0000 (Coordinated Universal Time),21,L1485 ALWAYS,l1485 always,,,,,,
2026-08-06T12:28:30.527949+00:00,20260806-122830,https://trends24.in/indonesia/,Thu Aug 06 2026 09:51:53 GMT+0000 (Coordinated Universal Time),22,LCGC,lcgc,,,,,,
2026-08-06T12:28:30.527949+00:00,20260806-122830,https://trends24.in/indonesia/,Thu Aug 06 2026 09:51:53 GMT+0000 (Coordinated Universal Time),23,Barca,barca,,,,,,
2026-08-06T12:28:30.527949+00:00,20260806-122830,https://trends24.in/indonesia/,Thu Aug 06 2026 09:51:53 GMT+0000 (Coordinated Universal Time),24,PHOTOMATICS,photomatics,,,,,,
2026-08-06T12:28:30.527949+00:00,20260806-122830,https://trends24.in/indonesia/,Thu Aug 06 2026 09:51:53 GMT+0000 (Coordinated Universal Time),25,Kamis,kamis,,,,,,
2026-08-06T12:28:30.527949+00:00,20260806-122830,https://trends24.in/indonesia/,Thu Aug 06 2026 09:51:53 GMT+0000 (Coordinated Universal Time),26,perthdomiia radiant glow,perthdomiia radiant glow,,,,,,
2026-08-06T12:28:30.527949+00:00,20260806-122830,https://trends24.in/indonesia/,Thu Aug 06 2026 09:51:53 GMT+0000 (Coordinated Universal Time),27,Nikita Bier,nikita bier,,,,,,
2026-08-06T12:28:30.527949+00:00,20260806-122830,https://trends24.in/indonesia/,Thu Aug 06 2026 09:51:53 GMT+0000 (Coordinated Universal Time),28,the grim lover q20,the grim lover q20,,,,,,
2026-08-06T12:28:30.527949+00:00,20260806-122830,https://trends24.in/indonesia/,Thu Aug 06 2026 09:51:53 GMT+0000 (Coordinated Universal Time),29,uniqlo fw2026 x sky,uniqlo fw2026 x sky,,,,,,
2026-08-06T12:28:30.527949+00:00,20260806-122830,https://trends24.in/indonesia/,Thu Aug 06 2026 09:51:53 GMT+0000 (Coordinated Universal Time),30,Pascol,pascol,,,,,,
2026-08-06T12:28:30.527949+00:00,20260806-122830,https://trends24.in/indonesia/,Thu Aug 06 2026 09:51:53 GMT+0000 (Coordinated Universal Time),31,Kembang,kembang,,,,,,
2026-08-06T12:28:30.527949+00:00,20260806-122830,https://trends24.in/indonesia/,Thu Aug 06 2026 09:51:53 GMT+0000 (Coordinated Universal Time),32,Paradise,paradise,,,,,,
2026-08-06T12:28:30.527949+00:00,20260806-122830,https://trends24.in/indonesia/,Thu Aug 06 2026 09:51:53 GMT+0000 (Coordinated Universal Time),33,Trabzonspor,trabzonspor,,,,,,
2026-08-06T12:28:30.527949+00:00,20260806-122830,https://trends24.in/indonesia/,Thu Aug 06 2026 09:51:53 GMT+0000 (Coordinated Universal Time),34,THE BOYZ,the boyz,,,,,,
2026-08-06T12:28:30.527949+00:00,20260806-122830,https://trends24.in/indonesia/,Thu Aug 06 2026 09:51:53 GMT+0000 (Coordinated Universal Time),35,blackpink,blackpink,,,,,,
2026-08-06T12:28:30.527949+00:00,20260806-122830,https://trends24.in/indonesia/,Thu Aug 06 2026 09:51:53 GMT+0000 (Coordinated Universal Time),36,kedaulatan indonesia,kedaulatan indonesia,,,,,,
2026-08-06T12:28:30.527949+00:00,20260806-122830,https://trends24.in/indonesia/,Thu Aug 06 2026 09:51:53 GMT+0000 (Coordinated Universal Time),37,Burnout,burnout,,,,,,
2026-08-06T12:28:30.527949+00:00,20260806-122830,https://trends24.in/indonesia/,Thu Aug 06 2026 09:51:53 GMT+0000 (Coordinated Universal Time),38,Dita,dita,,,,,,
2026-08-06T12:28:30.527949+00:00,20260806-122830,https://trends24.in/indonesia/,Thu Aug 06 2026 09:51:53 GMT+0000 (Coordinated Universal Time),39,No More Dream,no more dream,,,,,,
2026-08-06T12:28:30.527949+00:00,20260806-122830,https://trends24.in/indonesia/,Thu Aug 06 2026 09:51:53 GMT+0000 (Coordinated Universal Time),40,love destiny ep4,love destiny ep4,,,,,,
2026-08-06T12:28:30.527949+00:00,20260806-122830,https://trends24.in/indonesia/,Thu Aug 06 2026 09:51:53 GMT+0000 (Coordinated Universal Time),41,D. 70,d. 70,,,,,,
2026-08-06T12:28:30.527949+00:00,20260806-122830,https://trends24.in/indonesia/,Thu Aug 06 2026 09:51:53 GMT+0000 (Coordinated Universal Time),42,Camavinga,camavinga,,,,,,
2026-08-06T12:28:30.527949+00:00,20260806-122830,https://trends24.in/indonesia/,Thu Aug 06 2026 09:51:53 GMT+0000 (Coordinated Universal Time),43,RANS,rans,,,,,,
2026-08-06T12:28:30.527949+00:00,20260806-122830,https://trends24.in/indonesia/,Thu Aug 06 2026 09:51:53 GMT+0000 (Coordinated Universal Time),44,Rabu,rabu,,,,,,
2026-08-06T12:28:30.527949+00:00,20260806-122830,https://trends24.in/indonesia/,Thu Aug 06 2026 09:51:53 GMT+0000 (Coordinated Universal Time),45,Dokter,dokter,,,,,,
2026-08-06T12:28:30.527949+00:00,20260806-122830,https://trends24.in/indonesia/,Thu Aug 06 2026 09:51:53 GMT+0000 (Coordinated Universal Time),46,Korut,korut,,,,,,
2026-08-06T12:28:30.527949+00:00,20260806-122830,https://trends24.in/indonesia/,Thu Aug 06 2026 09:51:53 GMT+0000 (Coordinated Universal Time),47,Madrid,madrid,,,,,,
2026-08-06T12:28:30.527949+00:00,20260806-122830,https://trends24.in/indonesia/,Thu Aug 06 2026 09:51:53 GMT+0000 (Coordinated Universal Time),48,Queens,queens,,,,,,
2026-08-06T12:28:30.527949+00:00,20260806-122830,https://trends24.in/indonesia/,Thu Aug 06 2026 09:51:53 GMT+0000 (Coordinated Universal Time),49,Perez Hilton,perez hilton,,,,,,
2026-08-06T12:28:30.527949+00:00,20260806-122830,https://trends24.in/indonesia/,Thu Aug 06 2026 09:51:53 GMT+0000 (Coordinated Universal Time),50,Witness Frame,witness frame,,,,,,
2026-08-06T12:28:30.527949+00:00,20260806-122830,https://trends24.in/indonesia/,Thu Aug 06 2026 09:00:22 GMT+0000 (Coordinated Universal Time),1,#JUMAVVA,jumavva,,,,,,
2026-08-06T12:28:30.527949+00:00,20260806-122830,https://trends24.in/indonesia/,Thu Aug 06 2026 09:00:22 GMT+0000 (Coordinated Universal Time),2,Bersama Pasti Ada Jalan,bersama pasti ada jalan,,,,,,
2026-08-06T12:28:30.527949+00:00,20260806-122830,https://trends24.in/indonesia/,Thu Aug 06 2026 09:00:22 GMT+0000 (Coordinated Universal Time),3,BPJS,bpjs,,,,,,
2026-08-06T12:28:30.527949+00:00,20260806-122830,https://trends24.in/indonesia/,Thu Aug 06 2026 09:00:22 GMT+0000 (Coordinated Universal Time),4,#SFxJossGawinGuinzly,sfxjossgawinguinzly,,,,,,
2026-08-06T12:28:30.527949+00:00,20260806-122830,https://trends24.in/indonesia/,Thu Aug 06 2026 09:00:22 GMT+0000 (Coordinated Universal Time),5,JGG FAM SPIDER MAN,jgg fam spider man,,,,,,
2026-08-06T12:28:30.527949+00:00,20260806-122830,https://trends24.in/indonesia/,Thu Aug 06 2026 09:00:22 GMT+0000 (Coordinated Universal Time),6,#BersamaBantuSaudara,bersamabantusaudara,,,,,,
2026-08-06T12:28:30.527949+00:00,20260806-122830,https://trends24.in/indonesia/,Thu Aug 06 2026 09:00:22 GMT+0000 (Coordinated Universal Time),7,Peduli Kuatkan Sumbar,peduli kuatkan sumbar,,,,,,
2026-08-06T12:28:30.527949+00:00,20260806-122830,https://trends24.in/indonesia/,Thu Aug 06 2026 09:00:22 GMT+0000 (Coordinated Universal Time),8,Fokus Kerja Strategis,fokus kerja strategis,,,,,,
2026-08-06T12:28:30.527949+00:00,20260806-122830,https://trends24.in/indonesia/,Thu Aug 06 2026 09:00:22 GMT+0000 (Coordinated Universal Time),9,#MakeTheWaveYouLite,makethewaveyoulite,,,,,,
2026-08-06T12:28:30.527949+00:00,20260806-122830,https://trends24.in/indonesia/,Thu Aug 06 2026 09:00:22 GMT+0000 (Coordinated Universal Time),10,#BraverTogether_RENJUN_Moomin,bravertogether_renjun_moomin,,,,,,
2026-08-06T12:28:30.527949+00:00,20260806-122830,https://trends24.in/indonesia/,Thu Aug 06 2026 09:00:22 GMT+0000 (Coordinated Universal Time),11,kedaulatan indonesia,kedaulatan indonesia,,,,,,
2026-08-06T12:28:30.527949+00:00,20260806-122830,https://trends24.in/indonesia/,Thu Aug 06 2026 09:00:22 GMT+0000 (Coordinated Universal Time),12,berbakti diseluruh pelosok,berbakti diseluruh pelosok,,,,,,
2026-08-06T12:28:30.527949+00:00,20260806-122830,https://trends24.in/indonesia/,Thu Aug 06 2026 09:00:22 GMT+0000 (Coordinated Universal Time),13,Gojek,gojek,,,,,,
2026-08-06T12:28:30.527949+00:00,20260806-122830,https://trends24.in/indonesia/,Thu Aug 06 2026 09:00:22 GMT+0000 (Coordinated Universal Time),14,chitato & chitato lite,chitato & chitato lite,,,,,,
2026-08-06T12:28:30.527949+00:00,20260806-122830,https://trends24.in/indonesia/,Thu Aug 06 2026 09:00:22 GMT+0000 (Coordinated Universal Time),15,MOONSHADOW SPECIAL EP,moonshadow special ep,,,,,,
2026-08-06T12:28:30.527949+00:00,20260806-122830,https://trends24.in/indonesia/,Thu Aug 06 2026 09:00:22 GMT+0000 (Coordinated Universal Time),16,generasi bergizi,generasi bergizi,,,,,,
2026-08-06T12:28:30.527949+00:00,20260806-122830,https://trends24.in/indonesia/,Thu Aug 06 2026 09:00:22 GMT+0000 (Coordinated Universal Time),17,Rodri,rodri,,,,,,
2026-08-06T12:28:30.527949+00:00,20260806-122830,https://trends24.in/indonesia/,Thu Aug 06 2026 09:00:22 GMT+0000 (Coordinated Universal Time),18,TREASURE,treasure,,,,,,
2026-08-06T12:28:30.527949+00:00,20260806-122830,https://trends24.in/indonesia/,Thu Aug 06 2026 09:00:22 GMT+0000 (Coordinated Universal Time),19,XL POIN,xl poin,,,,,,
2026-08-06T12:28:30.527949+00:00,20260806-122830,https://trends24.in/indonesia/,Thu Aug 06 2026 09:00:22 GMT+0000 (Coordinated Universal Time),20,Nakes,nakes,,,,,,
2026-08-06T12:28:30.527949+00:00,20260806-122830,https://trends24.in/indonesia/,Thu Aug 06 2026 09:00:22 GMT+0000 (Coordinated Universal Time),21,L1485 ALWAYS,l1485 always,,,,,,
2026-08-06T12:28:30.527949+00:00,20260806-122830,https://trends24.in/indonesia/,Thu Aug 06 2026 09:00:22 GMT+0000 (Coordinated Universal Time),22,Nikita Bier,nikita bier,,,,,,
2026-08-06T12:28:30.527949+00:00,20260806-122830,https://trends24.in/indonesia/,Thu Aug 06 2026 09:00:22 GMT+0000 (Coordinated Universal Time),23,perthdomiia radiant glow,perthdomiia radiant glow,,,,,,
2026-08-06T12:28:30.527949+00:00,20260806-122830,https://trends24.in/indonesia/,Thu Aug 06 2026 09:00:22 GMT+0000 (Coordinated Universal Time),24,Kamis,kamis,,,,,,
2026-08-06T12:28:30.527949+00:00,20260806-122830,https://trends24.in/indonesia/,Thu Aug 06 2026 09:00:22 GMT+0000 (Coordinated Universal Time),25,Trabzonspor,trabzonspor,,,,,,
2026-08-06T12:28:30.527949+00:00,20260806-122830,https://trends24.in/indonesia/,Thu Aug 06 2026 09:00:22 GMT+0000 (Coordinated Universal Time),26,the grim lover q20,the grim lover q20,,,,,,
2026-08-06T12:28:30.527949+00:00,20260806-122830,https://trends24.in/indonesia/,Thu Aug 06 2026 09:00:22 GMT+0000 (Coordinated Universal Time),27,UNIQLO FW2026 X SKY,uniqlo fw2026 x sky,,,,,,
2026-08-06T12:28:30.527949+00:00,20260806-122830,https://trends24.in/indonesia/,Thu Aug 06 2026 09:00:22 GMT+0000 (Coordinated Universal Time),28,PHOTOMATICS,photomatics,,,,,,
2026-08-06T12:28:30.527949+00:00,20260806-122830,https://trends24.in/indonesia/,Thu Aug 06 2026 09:00:22 GMT+0000 (Coordinated Universal Time),29,Pascol,pascol,,,,,,
2026-08-06T12:28:30.527949+00:00,20260806-122830,https://trends24.in/indonesia/,Thu Aug 06 2026 09:00:22 GMT+0000 (Coordinated Universal Time),30,Kembang,kembang,,,,,,
2026-08-06T12:28:30.527949+00:00,20260806-122830,https://trends24.in/indonesia/,Thu Aug 06 2026 09:00:22 GMT+0000 (Coordinated Universal Time),31,Paradise,paradise,,,,,,
2026-08-06T12:28:30.527949+00:00,20260806-122830,https://trends24.in/indonesia/,Thu Aug 06 2026 09:00:22 GMT+0000 (Coordinated Universal Time),32,Dita,dita,,,,,,
2026-08-06T12:28:30.527949+00:00,20260806-122830,https://trends24.in/indonesia/,Thu Aug 06 2026 09:00:22 GMT+0000 (Coordinated Universal Time),33,THE BOYZ,the boyz,,,,,,
2026-08-06T12:28:30.527949+00:00,20260806-122830,https://trends24.in/indonesia/,Thu Aug 06 2026 09:00:22 GMT+0000 (Coordinated Universal Time),34,Siang,siang,,,,,,
2026-08-06T12:28:30.527949+00:00,20260806-122830,https://trends24.in/indonesia/,Thu Aug 06 2026 09:00:22 GMT+0000 (Coordinated Universal Time),35,Perez Hilton,perez hilton,,,,,,
2026-08-06T12:28:30.527949+00:00,20260806-122830,https://trends24.in/indonesia/,Thu Aug 06 2026 09:00:22 GMT+0000 (Coordinated Universal Time),36,Burnout,burnout,,,,,,
2026-08-06T12:28:30.527949+00:00,20260806-122830,https://trends24.in/indonesia/,Thu Aug 06 2026 09:00:22 GMT+0000 (Coordinated Universal Time),37,Pangandaran,pangandaran,,,,,,
2026-08-06T12:28:30.527949+00:00,20260806-122830,https://trends24.in/indonesia/,Thu Aug 06 2026 09:00:22 GMT+0000 (Coordinated Universal Time),38,No More Dream,no more dream,,,,,,
2026-08-06T12:28:30.527949+00:00,20260806-122830,https://trends24.in/indonesia/,Thu Aug 06 2026 09:00:22 GMT+0000 (Coordinated Universal Time),39,GLOW BEST WITH EST,glow best with est,,,,,,
2026-08-06T12:28:30.527949+00:00,20260806-122830,https://trends24.in/indonesia/,Thu Aug 06 2026 09:00:22 GMT+0000 (Coordinated Universal Time),40,love destiny ep4,love destiny ep4,,,,,,
2026-08-06T12:28:30.527949+00:00,20260806-122830,https://trends24.in/indonesia/,Thu Aug 06 2026 09:00:22 GMT+0000 (Coordinated Universal Time),41,D. 70,d. 70,,,,,,
2026-08-06T12:28:30.527949+00:00,20260806-122830,https://trends24.in/indonesia/,Thu Aug 06 2026 09:00:22 GMT+0000 (Coordinated Universal Time),42,Rabu,rabu,,,,,,
2026-08-06T12:28:30.527949+00:00,20260806-122830,https://trends24.in/indonesia/,Thu Aug 06 2026 09:00:22 GMT+0000 (Coordinated Universal Time),43,Dokter,dokter,,,,,,
2026-08-06T12:28:30.527949+00:00,20260806-122830,https://trends24.in/indonesia/,Thu Aug 06 2026 09:00:22 GMT+0000 (Coordinated Universal Time),44,blackpink,blackpink,,,,,,
2026-08-06T12:28:30.527949+00:00,20260806-122830,https://trends24.in/indonesia/,Thu Aug 06 2026 09:00:22 GMT+0000 (Coordinated Universal Time),45,TSP WORLD CUP GLORY PICK,tsp world cup glory pick,,,,,,
2026-08-06T12:28:30.527949+00:00,20260806-122830,https://trends24.in/indonesia/,Thu Aug 06 2026 09:00:22 GMT+0000 (Coordinated Universal Time),46,Korut,korut,,,,,,
2026-08-06T12:28:30.527949+00:00,20260806-122830,https://trends24.in/indonesia/,Thu Aug 06 2026 09:00:22 GMT+0000 (Coordinated Universal Time),47,Witness Frame,witness frame,,,,,,
2026-08-06T12:28:30.527949+00:00,20260806-122830,https://trends24.in/indonesia/,Thu Aug 06 2026 09:00:22 GMT+0000 (Coordinated Universal Time),48,Boston,boston,,,,,,
2026-08-06T12:28:30.527949+00:00,20260806-122830,https://trends24.in/indonesia/,Thu Aug 06 2026 09:00:22 GMT+0000 (Coordinated Universal Time),49,Snapshot Overlay,snapshot overlay,,,,,,
2026-08-06T12:28:30.527949+00:00,20260806-122830,https://trends24.in/indonesia/,Thu Aug 06 2026 09:00:22 GMT+0000 (Coordinated Universal Time),50,Brewers,brewers,,,,,,
2026-08-06T12:28:30.527949+00:00,20260806-122830,https://trends24.in/indonesia/,Thu Aug 06 2026 08:09:22 GMT+0000 (Coordinated Universal Time),1,#JUMAVVA,jumavva,,,,,,
2026-08-06T12:28:30.527949+00:00,20260806-122830,https://trends24.in/indonesia/,Thu Aug 06 2026 08:09:22 GMT+0000 (Coordinated Universal Time),2,Bersama Pasti Ada Jalan,bersama pasti ada jalan,,,,,,
2026-08-06T12:28:30.527949+00:00,20260806-122830,https://trends24.in/indonesia/,Thu Aug 06 2026 08:09:22 GMT+0000 (Coordinated Universal Time),3,BPJS,bpjs,,,,,,
2026-08-06T12:28:30.527949+00:00,20260806-122830,https://trends24.in/indonesia/,Thu Aug 06 2026 08:09:22 GMT+0000 (Coordinated Universal Time),4,#SFxJossGawinGuinzly,sfxjossgawinguinzly,,,,,,
2026-08-06T12:28:30.527949+00:00,20260806-122830,https://trends24.in/indonesia/,Thu Aug 06 2026 08:09:22 GMT+0000 (Coordinated Universal Time),5,Fokus Kerja Strategis,fokus kerja strategis,,,,,,
2026-08-06T12:28:30.527949+00:00,20260806-122830,https://trends24.in/indonesia/,Thu Aug 06 2026 08:09:22 GMT+0000 (Coordinated Universal Time),6,JGG FAM SPIDER MAN,jgg fam spider man,,,,,,
2026-08-06T12:28:30.527949+00:00,20260806-122830,https://trends24.in/indonesia/,Thu Aug 06 2026 08:09:22 GMT+0000 (Coordinated Universal Time),7,#BersamaBantuSaudara,bersamabantusaudara,,,,,,
2026-08-06T12:28:30.527949+00:00,20260806-122830,https://trends24.in/indonesia/,Thu Aug 06 2026 08:09:22 GMT+0000 (Coordinated Universal Time),8,Peduli Kuatkan Sumbar,peduli kuatkan sumbar,,,,,,
2026-08-06T12:28:30.527949+00:00,20260806-122830,https://trends24.in/indonesia/,Thu Aug 06 2026 08:09:22 GMT+0000 (Coordinated Universal Time),9,#BraverTogether_RENJUN_Moomin,bravertogether_renjun_moomin,,,,,,
2026-08-06T12:28:30.527949+00:00,20260806-122830,https://trends24.in/indonesia/,Thu Aug 06 2026 08:09:22 GMT+0000 (Coordinated Universal Time),10,#MakeTheWaveYouLite,makethewaveyoulite,,,,,,
2026-08-06T12:28:30.527949+00:00,20260806-122830,https://trends24.in/indonesia/,Thu Aug 06 2026 08:09:22 GMT+0000 (Coordinated Universal Time),11,kedaulatan indonesia,kedaulatan indonesia,,,,,,
2026-08-06T12:28:30.527949+00:00,20260806-122830,https://trends24.in/indonesia/,Thu Aug 06 2026 08:09:22 GMT+0000 (Coordinated Universal Time),12,berbakti diseluruh pelosok,berbakti diseluruh pelosok,,,,,,
2026-08-06T12:28:30.527949+00:00,20260806-122830,https://trends24.in/indonesia/,Thu Aug 06 2026 08:09:22 GMT+0000 (Coordinated Universal Time),13,Gojek,gojek,,,,,,
2026-08-06T12:28:30.527949+00:00,20260806-122830,https://trends24.in/indonesia/,Thu Aug 06 2026 08:09:22 GMT+0000 (Coordinated Universal Time),14,MOONSHADOW SPECIAL EP,moonshadow special ep,,,,,,
2026-08-06T12:28:30.527949+00:00,20260806-122830,https://trends24.in/indonesia/,Thu Aug 06 2026 08:09:22 GMT+0000 (Coordinated Universal Time),15,chitato & chitato lite,chitato & chitato lite,,,,,,
2026-08-06T12:28:30.527949+00:00,20260806-122830,https://trends24.in/indonesia/,Thu Aug 06 2026 08:09:22 GMT+0000 (Coordinated Universal Time),16,generasi bergizi,generasi bergizi,,,,,,
2026-08-06T12:28:30.527949+00:00,20260806-122830,https://trends24.in/indonesia/,Thu Aug 06 2026 08:09:22 GMT+0000 (Coordinated Universal Time),17,D. 70,d. 70,,,,,,
2026-08-06T12:28:30.527949+00:00,20260806-122830,https://trends24.in/indonesia/,Thu Aug 06 2026 08:09:22 GMT+0000 (Coordinated Universal Time),18,TREASURE,treasure,,,,,,
2026-08-06T12:28:30.527949+00:00,20260806-122830,https://trends24.in/indonesia/,Thu Aug 06 2026 08:09:22 GMT+0000 (Coordinated Universal Time),19,XL POIN,xl poin,,,,,,
2026-08-06T12:28:30.527949+00:00,20260806-122830,https://trends24.in/indonesia/,Thu Aug 06 2026 08:09:22 GMT+0000 (Coordinated Universal Time),20,Nakes,nakes,,,,,,
2026-08-06T12:28:30.527949+00:00,20260806-122830,https://trends24.in/indonesia/,Thu Aug 06 2026 08:09:22 GMT+0000 (Coordinated Universal Time),21,L1485 ALWAYS,l1485 always,,,,,,
2026-08-06T12:28:30.527949+00:00,20260806-122830,https://trends24.in/indonesia/,Thu Aug 06 2026 08:09:22 GMT+0000 (Coordinated Universal Time),22,Kamis,kamis,,,,,,
2026-08-06T12:28:30.527949+00:00,20260806-122830,https://trends24.in/indonesia/,Thu Aug 06 2026 08:09:22 GMT+0000 (Coordinated Universal Time),23,Siang,siang,,,,,,
2026-08-06T12:28:30.527949+00:00,20260806-122830,https://trends24.in/indonesia/,Thu Aug 06 2026 08:09:22 GMT+0000 (Coordinated Universal Time),24,perthdomiia radiant glow,perthdomiia radiant glow,,,,,,
2026-08-06T12:28:30.527949+00:00,20260806-122830,https://trends24.in/indonesia/,Thu Aug 06 2026 08:09:22 GMT+0000 (Coordinated Universal Time),25,Trabzonspor,trabzonspor,,,,,,
2026-08-06T12:28:30.527949+00:00,20260806-122830,https://trends24.in/indonesia/,Thu Aug 06 2026 08:09:22 GMT+0000 (Coordinated Universal Time),26,the grim lover q20,the grim lover q20,,,,,,
2026-08-06T12:28:30.527949+00:00,20260806-122830,https://trends24.in/indonesia/,Thu Aug 06 2026 08:09:22 GMT+0000 (Coordinated Universal Time),27,UNIQLO FW2026 X SKY,uniqlo fw2026 x sky,,,,,,
2026-08-06T12:28:30.527949+00:00,20260806-122830,https://trends24.in/indonesia/,Thu Aug 06 2026 08:09:22 GMT+0000 (Coordinated Universal Time),28,Kembang,kembang,,,,,,
2026-08-06T12:28:30.527949+00:00,20260806-122830,https://trends24.in/indonesia/,Thu Aug 06 2026 08:09:22 GMT+0000 (Coordinated Universal Time),29,Pascol,pascol,,,,,,
2026-08-06T12:28:30.527949+00:00,20260806-122830,https://trends24.in/indonesia/,Thu Aug 06 2026 08:09:22 GMT+0000 (Coordinated Universal Time),30,Paradise,paradise,,,,,,
2026-08-06T12:28:30.527949+00:00,20260806-122830,https://trends24.in/indonesia/,Thu Aug 06 2026 08:09:22 GMT+0000 (Coordinated Universal Time),31,Korut,korut,,,,,,
2026-08-06T12:28:30.527949+00:00,20260806-122830,https://trends24.in/indonesia/,Thu Aug 06 2026 08:09:22 GMT+0000 (Coordinated Universal Time),32,THE BOYZ,the boyz,,,,,,
2026-08-06T12:28:30.527949+00:00,20260806-122830,https://trends24.in/indonesia/,Thu Aug 06 2026 08:09:22 GMT+0000 (Coordinated Universal Time),33,PETANI MERAUKE BUKA SUARA,petani merauke buka suara,,,,,,
2026-08-06T12:28:30.527949+00:00,20260806-122830,https://trends24.in/indonesia/,Thu Aug 06 2026 08:09:22 GMT+0000 (Coordinated Universal Time),34,Surau Gadang,surau gadang,,,,,,
2026-08-06T12:28:30.527949+00:00,20260806-122830,https://trends24.in/indonesia/,Thu Aug 06 2026 08:09:22 GMT+0000 (Coordinated Universal Time),35,NO MORE DREAM,no more dream,,,,,,
2026-08-06T12:28:30.527949+00:00,20260806-122830,https://trends24.in/indonesia/,Thu Aug 06 2026 08:09:22 GMT+0000 (Coordinated Universal Time),36,Burnout,burnout,,,,,,
2026-08-06T12:28:30.527949+00:00,20260806-122830,https://trends24.in/indonesia/,Thu Aug 06 2026 08:09:22 GMT+0000 (Coordinated Universal Time),37,Perez Hilton,perez hilton,,,,,,
2026-08-06T12:28:30.527949+00:00,20260806-122830,https://trends24.in/indonesia/,Thu Aug 06 2026 08:09:22 GMT+0000 (Coordinated Universal Time),38,Pangandaran,pangandaran,,,,,,
2026-08-06T12:28:30.527949+00:00,20260806-122830,https://trends24.in/indonesia/,Thu Aug 06 2026 08:09:22 GMT+0000 (Coordinated Universal Time),39,Brooklyn,brooklyn,,,,,,
2026-08-06T12:28:30.527949+00:00,20260806-122830,https://trends24.in/indonesia/,Thu Aug 06 2026 08:09:22 GMT+0000 (Coordinated Universal Time),40,GLOW BEST WITH EST,glow best with est,,,,,,
2026-08-06T12:28:30.527949+00:00,20260806-122830,https://trends24.in/indonesia/,Thu Aug 06 2026 08:09:22 GMT+0000 (Coordinated Universal Time),41,Dita,dita,,,,,,
2026-08-06T12:28:30.527949+00:00,20260806-122830,https://trends24.in/indonesia/,Thu Aug 06 2026 08:09:22 GMT+0000 (Coordinated Universal Time),42,love destiny ep4,love destiny ep4,,,,,,
2026-08-06T12:28:30.527949+00:00,20260806-122830,https://trends24.in/indonesia/,Thu Aug 06 2026 08:09:22 GMT+0000 (Coordinated Universal Time),43,Rabu,rabu,,,,,,
2026-08-06T12:28:30.527949+00:00,20260806-122830,https://trends24.in/indonesia/,Thu Aug 06 2026 08:09:22 GMT+0000 (Coordinated Universal Time),44,Sumatera Barat,sumatera barat,,,,,,
2026-08-06T12:28:30.527949+00:00,20260806-122830,https://trends24.in/indonesia/,Thu Aug 06 2026 08:09:22 GMT+0000 (Coordinated Universal Time),45,Dokter,dokter,,,,,,
2026-08-06T12:28:30.527949+00:00,20260806-122830,https://trends24.in/indonesia/,Thu Aug 06 2026 08:09:22 GMT+0000 (Coordinated Universal Time),46,Mendes Bantah,mendes bantah,,,,,,
2026-08-06T12:28:30.527949+00:00,20260806-122830,https://trends24.in/indonesia/,Thu Aug 06 2026 08:09:22 GMT+0000 (Coordinated Universal Time),47,Witness Frame,witness frame,,,,,,
2026-08-06T12:28:30.527949+00:00,20260806-122830,https://trends24.in/indonesia/,Thu Aug 06 2026 08:09:22 GMT+0000 (Coordinated Universal Time),48,Queens,queens,,,,,,
2026-08-06T12:28:30.527949+00:00,20260806-122830,https://trends24.in/indonesia/,Thu Aug 06 2026 08:09:22 GMT+0000 (Coordinated Universal Time),49,TSP WORLD CUP GLORY PICK,tsp world cup glory pick,,,,,,
2026-08-06T12:28:30.527949+00:00,20260806-122830,https://trends24.in/indonesia/,Thu Aug 06 2026 08:09:22 GMT+0000 (Coordinated Universal Time),50,Boston,boston,,,,,,
2026-08-06T12:28:30.527949+00:00,20260806-122830,https://trends24.in/indonesia/,Thu Aug 06 2026 07:18:38 GMT+0000 (Coordinated Universal Time),1,#JUMAVVA,jumavva,,,,,,
2026-08-06T12:28:30.527949+00:00,20260806-122830,https://trends24.in/indonesia/,Thu Aug 06 2026 07:18:38 GMT+0000 (Coordinated Universal Time),2,Fokus Kerja Strategis,fokus kerja strategis,,,,,,
2026-08-06T12:28:30.527949+00:00,20260806-122830,https://trends24.in/indonesia/,Thu Aug 06 2026 07:18:38 GMT+0000 (Coordinated Universal Time),3,Peduli Kuatkan Sumbar,peduli kuatkan sumbar,,,,,,
2026-08-06T12:28:30.527949+00:00,20260806-122830,https://trends24.in/indonesia/,Thu Aug 06 2026 07:18:38 GMT+0000 (Coordinated Universal Time),4,Bersama Pasti Ada Jalan,bersama pasti ada jalan,,,,,,
2026-08-06T12:28:30.527949+00:00,20260806-122830,https://trends24.in/indonesia/,Thu Aug 06 2026 07:18:38 GMT+0000 (Coordinated Universal Time),5,#BersamaBantuSaudara,bersamabantusaudara,,,,,,
2026-08-06T12:28:30.527949+00:00,20260806-122830,https://trends24.in/indonesia/,Thu Aug 06 2026 07:18:38 GMT+0000 (Coordinated Universal Time),6,#SFxJossGawinGuinzly,sfxjossgawinguinzly,,,,,,
2026-08-06T12:28:30.527949+00:00,20260806-122830,https://trends24.in/indonesia/,Thu Aug 06 2026 07:18:38 GMT+0000 (Coordinated Universal Time),7,BPJS,bpjs,,,,,,
2026-08-06T12:28:30.527949+00:00,20260806-122830,https://trends24.in/indonesia/,Thu Aug 06 2026 07:18:38 GMT+0000 (Coordinated Universal Time),8,JGG FAM SPIDER MAN,jgg fam spider man,,,,,,
2026-08-06T12:28:30.527949+00:00,20260806-122830,https://trends24.in/indonesia/,Thu Aug 06 2026 07:18:38 GMT+0000 (Coordinated Universal Time),9,#BraverTogether_RENJUN_Moomin,bravertogether_renjun_moomin,,,,,,
2026-08-06T12:28:30.527949+00:00,20260806-122830,https://trends24.in/indonesia/,Thu Aug 06 2026 07:18:38 GMT+0000 (Coordinated Universal Time),10,#WithNI_KIForever,withni_kiforever,,,,,,
2026-08-06T12:28:30.527949+00:00,20260806-122830,https://trends24.in/indonesia/,Thu Aug 06 2026 07:18:38 GMT+0000 (Coordinated Universal Time),11,kedaulatan indonesia,kedaulatan indonesia,,,,,,
2026-08-06T12:28:30.527949+00:00,20260806-122830,https://trends24.in/indonesia/,Thu Aug 06 2026 07:18:38 GMT+0000 (Coordinated Universal Time),12,berbakti diseluruh pelosok,berbakti diseluruh pelosok,,,,,,
2026-08-06T12:28:30.527949+00:00,20260806-122830,https://trends24.in/indonesia/,Thu Aug 06 2026 07:18:38 GMT+0000 (Coordinated Universal Time),13,Gojek,gojek,,,,,,
2026-08-06T12:28:30.527949+00:00,20260806-122830,https://trends24.in/indonesia/,Thu Aug 06 2026 07:18:38 GMT+0000 (Coordinated Universal Time),14,MOONSHADOW SPECIAL EP,moonshadow special ep,,,,,,
2026-08-06T12:28:30.527949+00:00,20260806-122830,https://trends24.in/indonesia/,Thu Aug 06 2026 07:18:38 GMT+0000 (Coordinated Universal Time),15,chitato & chitato lite,chitato & chitato lite,,,,,,
2026-08-06T12:28:30.527949+00:00,20260806-122830,https://trends24.in/indonesia/,Thu Aug 06 2026 07:18:38 GMT+0000 (Coordinated Universal Time),16,generasi bergizi,generasi bergizi,,,,,,
2026-08-06T12:28:30.527949+00:00,20260806-122830,https://trends24.in/indonesia/,Thu Aug 06 2026 07:18:38 GMT+0000 (Coordinated Universal Time),17,D. 70,d. 70,,,,,,
2026-08-06T12:28:30.527949+00:00,20260806-122830,https://trends24.in/indonesia/,Thu Aug 06 2026 07:18:38 GMT+0000 (Coordinated Universal Time),18,TREASURE,treasure,,,,,,
2026-08-06T12:28:30.527949+00:00,20260806-122830,https://trends24.in/indonesia/,Thu Aug 06 2026 07:18:38 GMT+0000 (Coordinated Universal Time),19,XL POIN,xl poin,,,,,,
2026-08-06T12:28:30.527949+00:00,20260806-122830,https://trends24.in/indonesia/,Thu Aug 06 2026 07:18:38 GMT+0000 (Coordinated Universal Time),20,Siang,siang,,,,,,
2026-08-06T12:28:30.527949+00:00,20260806-122830,https://trends24.in/indonesia/,Thu Aug 06 2026 07:18:38 GMT+0000 (Coordinated Universal Time),21,Nakes,nakes,,,,,,
2026-08-06T12:28:30.527949+00:00,20260806-122830,https://trends24.in/indonesia/,Thu Aug 06 2026 07:18:38 GMT+0000 (Coordinated Universal Time),22,L1485 ALWAYS,l1485 always,,,,,,
2026-08-06T12:28:30.527949+00:00,20260806-122830,https://trends24.in/indonesia/,Thu Aug 06 2026 07:18:38 GMT+0000 (Coordinated Universal Time),23,Kamis,kamis,,,,,,
2026-08-06T12:28:30.527949+00:00,20260806-122830,https://trends24.in/indonesia/,Thu Aug 06 2026 07:18:38 GMT+0000 (Coordinated Universal Time),24,Surau Gadang,surau gadang,,,,,,
2026-08-06T12:28:30.527949+00:00,20260806-122830,https://trends24.in/indonesia/,Thu Aug 06 2026 07:18:38 GMT+0000 (Coordinated Universal Time),25,perthdomiia radiant glow,perthdomiia radiant glow,,,,,,
2026-08-06T12:28:30.527949+00:00,20260806-122830,https://trends24.in/indonesia/,Thu Aug 06 2026 07:18:38 GMT+0000 (Coordinated Universal Time),26,Trabzonspor,trabzonspor,,,,,,
2026-08-06T12:28:30.527949+00:00,20260806-122830,https://trends24.in/indonesia/,Thu Aug 06 2026 07:18:38 GMT+0000 (Coordinated Universal Time),27,The Grim Lover Q20,the grim lover q20,,,,,,
2026-08-06T12:28:30.527949+00:00,20260806-122830,https://trends24.in/indonesia/,Thu Aug 06 2026 07:18:38 GMT+0000 (Coordinated Universal Time),28,UNIQLO FW2026 X SKY,uniqlo fw2026 x sky,,,,,,
2026-08-06T12:28:30.527949+00:00,20260806-122830,https://trends24.in/indonesia/,Thu Aug 06 2026 07:18:38 GMT+0000 (Coordinated Universal Time),29,Kembang,kembang,,,,,,
2026-08-06T12:28:30.527949+00:00,20260806-122830,https://trends24.in/indonesia/,Thu Aug 06 2026 07:18:38 GMT+0000 (Coordinated Universal Time),30,Paradise,paradise,,,,,,
2026-08-06T12:28:30.527949+00:00,20260806-122830,https://trends24.in/indonesia/,Thu Aug 06 2026 07:18:38 GMT+0000 (Coordinated Universal Time),31,Korut,korut,,,,,,
2026-08-06T12:28:30.527949+00:00,20260806-122830,https://trends24.in/indonesia/,Thu Aug 06 2026 07:18:38 GMT+0000 (Coordinated Universal Time),32,Pascol,pascol,,,,,,
2026-08-06T12:28:30.527949+00:00,20260806-122830,https://trends24.in/indonesia/,Thu Aug 06 2026 07:18:38 GMT+0000 (Coordinated Universal Time),33,THE BOYZ,the boyz,,,,,,
2026-08-06T12:28:30.527949+00:00,20260806-122830,https://trends24.in/indonesia/,Thu Aug 06 2026 07:18:38 GMT+0000 (Coordinated Universal Time),34,GLOW BEST WITH EST,glow best with est,,,,,,
2026-08-06T12:28:30.527949+00:00,20260806-122830,https://trends24.in/indonesia/,Thu Aug 06 2026 07:18:38 GMT+0000 (Coordinated Universal Time),35,Queens,queens,,,,,,
2026-08-06T12:28:30.527949+00:00,20260806-122830,https://trends24.in/indonesia/,Thu Aug 06 2026 07:18:38 GMT+0000 (Coordinated Universal Time),36,TSP WORLD CUP GLORY PICK,tsp world cup glory pick,,,,,,
2026-08-06T12:28:30.527949+00:00,20260806-122830,https://trends24.in/indonesia/,Thu Aug 06 2026 07:18:38 GMT+0000 (Coordinated Universal Time),37,Pangandaran,pangandaran,,,,,,
2026-08-06T12:28:30.527949+00:00,20260806-122830,https://trends24.in/indonesia/,Thu Aug 06 2026 07:18:38 GMT+0000 (Coordinated Universal Time),38,Polri Peduli,polri peduli,,,,,,
2026-08-06T12:28:30.527949+00:00,20260806-122830,https://trends24.in/indonesia/,Thu Aug 06 2026 07:18:38 GMT+0000 (Coordinated Universal Time),39,No More Dream,no more dream,,,,,,
2026-08-06T12:28:30.527949+00:00,20260806-122830,https://trends24.in/indonesia/,Thu Aug 06 2026 07:18:38 GMT+0000 (Coordinated Universal Time),40,Burnout,burnout,,,,,,
2026-08-06T12:28:30.527949+00:00,20260806-122830,https://trends24.in/indonesia/,Thu Aug 06 2026 07:18:38 GMT+0000 (Coordinated Universal Time),41,Perez Hilton,perez hilton,,,,,,
2026-08-06T12:28:30.527949+00:00,20260806-122830,https://trends24.in/indonesia/,Thu Aug 06 2026 07:18:38 GMT+0000 (Coordinated Universal Time),42,Makaroni,makaroni,,,,,,
2026-08-06T12:28:30.527949+00:00,20260806-122830,https://trends24.in/indonesia/,Thu Aug 06 2026 07:18:38 GMT+0000 (Coordinated Universal Time),43,love destiny ep4,love destiny ep4,,,,,,
2026-08-06T12:28:30.527949+00:00,20260806-122830,https://trends24.in/indonesia/,Thu Aug 06 2026 07:18:38 GMT+0000 (Coordinated Universal Time),44,Dokter,dokter,,,,,,
2026-08-06T12:28:30.527949+00:00,20260806-122830,https://trends24.in/indonesia/,Thu Aug 06 2026 07:18:38 GMT+0000 (Coordinated Universal Time),45,Rabu,rabu,,,,,,
2026-08-06T12:28:30.527949+00:00,20260806-122830,https://trends24.in/indonesia/,Thu Aug 06 2026 07:18:38 GMT+0000 (Coordinated Universal Time),46,Sumatera Barat,sumatera barat,,,,,,
2026-08-06T12:28:30.527949+00:00,20260806-122830,https://trends24.in/indonesia/,Thu Aug 06 2026 07:18:38 GMT+0000 (Coordinated Universal Time),47,DANA CICIL,dana cicil,,,,,,
2026-08-06T12:28:30.527949+00:00,20260806-122830,https://trends24.in/indonesia/,Thu Aug 06 2026 07:18:38 GMT+0000 (Coordinated Universal Time),48,Arsenal,arsenal,,,,,,
2026-08-06T12:28:30.527949+00:00,20260806-122830,https://trends24.in/indonesia/,Thu Aug 06 2026 07:18:38 GMT+0000 (Coordinated Universal Time),49,Mendes Bantah,mendes bantah,,,,,,
2026-08-06T12:28:30.527949+00:00,20260806-122830,https://trends24.in/indonesia/,Thu Aug 06 2026 07:18:38 GMT+0000 (Coordinated Universal Time),50,Witness Frame,witness frame,,,,,,
2026-08-06T12:28:30.527949+00:00,20260806-122830,https://trends24.in/indonesia/,Thu Aug 06 2026 06:27:20 GMT+0000 (Coordinated Universal Time),1,#BersamaBantuSaudara,bersamabantusaudara,,,,,,
2026-08-06T12:28:30.527949+00:00,20260806-122830,https://trends24.in/indonesia/,Thu Aug 06 2026 06:27:20 GMT+0000 (Coordinated Universal Time),2,Peduli Kuatkan Sumbar,peduli kuatkan sumbar,,,,,,
2026-08-06T12:28:30.527949+00:00,20260806-122830,https://trends24.in/indonesia/,Thu Aug 06 2026 06:27:20 GMT+0000 (Coordinated Universal Time),3,Bersama Pasti Ada Jalan,bersama pasti ada jalan,,,,,,
2026-08-06T12:28:30.527949+00:00,20260806-122830,https://trends24.in/indonesia/,Thu Aug 06 2026 06:27:20 GMT+0000 (Coordinated Universal Time),4,Fokus Kerja Strategis,fokus kerja strategis,,,,,,
2026-08-06T12:28:30.527949+00:00,20260806-122830,https://trends24.in/indonesia/,Thu Aug 06 2026 06:27:20 GMT+0000 (Coordinated Universal Time),5,#SFxJossGawinGuinzly,sfxjossgawinguinzly,,,,,,
2026-08-06T12:28:30.527949+00:00,20260806-122830,https://trends24.in/indonesia/,Thu Aug 06 2026 06:27:20 GMT+0000 (Coordinated Universal Time),6,#BraverTogether_RENJUN_Moomin,bravertogether_renjun_moomin,,,,,,
2026-08-06T12:28:30.527949+00:00,20260806-122830,https://trends24.in/indonesia/,Thu Aug 06 2026 06:27:20 GMT+0000 (Coordinated Universal Time),7,JGG FAM SPIDER MAN,jgg fam spider man,,,,,,
2026-08-06T12:28:30.527949+00:00,20260806-122830,https://trends24.in/indonesia/,Thu Aug 06 2026 06:27:20 GMT+0000 (Coordinated Universal Time),8,#KetahananEnergiNasional,ketahananenerginasional,,,,,,
2026-08-06T12:28:30.527949+00:00,20260806-122830,https://trends24.in/indonesia/,Thu Aug 06 2026 06:27:20 GMT+0000 (Coordinated Universal Time),9,BPJS,bpjs,,,,,,
2026-08-06T12:28:30.527949+00:00,20260806-122830,https://trends24.in/indonesia/,Thu Aug 06 2026 06:27:20 GMT+0000 (Coordinated Universal Time),10,#MakeTheWaveYouLite,makethewaveyoulite,,,,,,
2026-08-06T12:28:30.527949+00:00,20260806-122830,https://trends24.in/indonesia/,Thu Aug 06 2026 06:27:20 GMT+0000 (Coordinated Universal Time),11,kedaulatan indonesia,kedaulatan indonesia,,,,,,
2026-08-06T12:28:30.527949+00:00,20260806-122830,https://trends24.in/indonesia/,Thu Aug 06 2026 06:27:20 GMT+0000 (Coordinated Universal Time),12,berbakti diseluruh pelosok,berbakti diseluruh pelosok,,,,,,
2026-08-06T12:28:30.527949+00:00,20260806-122830,https://trends24.in/indonesia/,Thu Aug 06 2026 06:27:20 GMT+0000 (Coordinated Universal Time),13,Gojek,gojek,,,,,,
2026-08-06T12:28:30.527949+00:00,20260806-122830,https://trends24.in/indonesia/,Thu Aug 06 2026 06:27:20 GMT+0000 (Coordinated Universal Time),14,Polda Riau,polda riau,,,,,,
2026-08-06T12:28:30.527949+00:00,20260806-122830,https://trends24.in/indonesia/,Thu Aug 06 2026 06:27:20 GMT+0000 (Coordinated Universal Time),15,MOONSHADOW SPECIAL EP,moonshadow special ep,,,,,,
2026-08-06T12:28:30.527949+00:00,20260806-122830,https://trends24.in/indonesia/,Thu Aug 06 2026 06:27:20 GMT+0000 (Coordinated Universal Time),16,chitato & chitato lite,chitato & chitato lite,,,,,,
2026-08-06T12:28:30.527949+00:00,20260806-122830,https://trends24.in/indonesia/,Thu Aug 06 2026 06:27:20 GMT+0000 (Coordinated Universal Time),17,generasi bergizi,generasi bergizi,,,,,,
2026-08-06T12:28:30.527949+00:00,20260806-122830,https://trends24.in/indonesia/,Thu Aug 06 2026 06:27:20 GMT+0000 (Coordinated Universal Time),18,TREASURE,treasure,,,,,,
2026-08-06T12:28:30.527949+00:00,20260806-122830,https://trends24.in/indonesia/,Thu Aug 06 2026 06:27:20 GMT+0000 (Coordinated Universal Time),19,Ekspedisi Merah Putih,ekspedisi merah putih,,,,,,
2026-08-06T12:28:30.527949+00:00,20260806-122830,https://trends24.in/indonesia/,Thu Aug 06 2026 06:27:20 GMT+0000 (Coordinated Universal Time),20,L1485 ALWAYS,l1485 always,,,,,,
2026-08-06T12:28:30.527949+00:00,20260806-122830,https://trends24.in/indonesia/,Thu Aug 06 2026 06:27:20 GMT+0000 (Coordinated Universal Time),21,D. 70,d. 70,,,,,,
2026-08-06T12:28:30.527949+00:00,20260806-122830,https://trends24.in/indonesia/,Thu Aug 06 2026 06:27:20 GMT+0000 (Coordinated Universal Time),22,Green Policing,green policing,,,,,,
2026-08-06T12:28:30.527949+00:00,20260806-122830,https://trends24.in/indonesia/,Thu Aug 06 2026 06:27:20 GMT+0000 (Coordinated Universal Time),23,XL POIN,xl poin,,,,,,
2026-08-06T12:28:30.527949+00:00,20260806-122830,https://trends24.in/indonesia/,Thu Aug 06 2026 06:27:20 GMT+0000 (Coordinated Universal Time),24,Nakes,nakes,,,,,,
2026-08-06T12:28:30.527949+00:00,20260806-122830,https://trends24.in/indonesia/,Thu Aug 06 2026 06:27:20 GMT+0000 (Coordinated Universal Time),25,Sumatera Barat,sumatera barat,,,,,,
2026-08-06T12:28:30.527949+00:00,20260806-122830,https://trends24.in/indonesia/,Thu Aug 06 2026 06:27:20 GMT+0000 (Coordinated Universal Time),26,Kamis,kamis,,,,,,
2026-08-06T12:28:30.527949+00:00,20260806-122830,https://trends24.in/indonesia/,Thu Aug 06 2026 06:27:20 GMT+0000 (Coordinated Universal Time),27,Paradise,paradise,,,,,,
2026-08-06T12:28:30.527949+00:00,20260806-122830,https://trends24.in/indonesia/,Thu Aug 06 2026 06:27:20 GMT+0000 (Coordinated Universal Time),28,Korut,korut,,,,,,
2026-08-06T12:28:30.527949+00:00,20260806-122830,https://trends24.in/indonesia/,Thu Aug 06 2026 06:27:20 GMT+0000 (Coordinated Universal Time),29,Trabzonspor,trabzonspor,,,,,,
2026-08-06T12:28:30.527949+00:00,20260806-122830,https://trends24.in/indonesia/,Thu Aug 06 2026 06:27:20 GMT+0000 (Coordinated Universal Time),30,perthdomiia radiant glow,perthdomiia radiant glow,,,,,,
2026-08-06T12:28:30.527949+00:00,20260806-122830,https://trends24.in/indonesia/,Thu Aug 06 2026 06:27:20 GMT+0000 (Coordinated Universal Time),31,The Grim Lover Q20,the grim lover q20,,,,,,
2026-08-06T12:28:30.527949+00:00,20260806-122830,https://trends24.in/indonesia/,Thu Aug 06 2026 06:27:20 GMT+0000 (Coordinated Universal Time),32,UNIQLO FW2026 X SKY,uniqlo fw2026 x sky,,,,,,
2026-08-06T12:28:30.527949+00:00,20260806-122830,https://trends24.in/indonesia/,Thu Aug 06 2026 06:27:20 GMT+0000 (Coordinated Universal Time),33,Kembang,kembang,,,,,,
2026-08-06T12:28:30.527949+00:00,20260806-122830,https://trends24.in/indonesia/,Thu Aug 06 2026 06:27:20 GMT+0000 (Coordinated Universal Time),34,Brooklyn,brooklyn,,,,,,
2026-08-06T12:28:30.527949+00:00,20260806-122830,https://trends24.in/indonesia/,Thu Aug 06 2026 06:27:20 GMT+0000 (Coordinated Universal Time),35,Pascol,pascol,,,,,,
2026-08-06T12:28:30.527949+00:00,20260806-122830,https://trends24.in/indonesia/,Thu Aug 06 2026 06:27:20 GMT+0000 (Coordinated Universal Time),36,NO MORE DREAM,no more dream,,,,,,
2026-08-06T12:28:30.527949+00:00,20260806-122830,https://trends24.in/indonesia/,Thu Aug 06 2026 06:27:20 GMT+0000 (Coordinated Universal Time),37,THE BOYZ,the boyz,,,,,,
2026-08-06T12:28:30.527949+00:00,20260806-122830,https://trends24.in/indonesia/,Thu Aug 06 2026 06:27:20 GMT+0000 (Coordinated Universal Time),38,GLOW BEST WITH EST,glow best with est,,,,,,
2026-08-06T12:28:30.527949+00:00,20260806-122830,https://trends24.in/indonesia/,Thu Aug 06 2026 06:27:20 GMT+0000 (Coordinated Universal Time),39,Perez Hilton,perez hilton,,,,,,
2026-08-06T12:28:30.527949+00:00,20260806-122830,https://trends24.in/indonesia/,Thu Aug 06 2026 06:27:20 GMT+0000 (Coordinated Universal Time),40,Surau Gadang,surau gadang,,,,,,
2026-08-06T12:28:30.527949+00:00,20260806-122830,https://trends24.in/indonesia/,Thu Aug 06 2026 06:27:20 GMT+0000 (Coordinated Universal Time),41,Pangandaran,pangandaran,,,,,,
2026-08-06T12:28:30.527949+00:00,20260806-122830,https://trends24.in/indonesia/,Thu Aug 06 2026 06:27:20 GMT+0000 (Coordinated Universal Time),42,Burnout,burnout,,,,,,
2026-08-06T12:28:30.527949+00:00,20260806-122830,https://trends24.in/indonesia/,Thu Aug 06 2026 06:27:20 GMT+0000 (Coordinated Universal Time),43,Bu Fery,bu fery,,,,,,
2026-08-06T12:28:30.527949+00:00,20260806-122830,https://trends24.in/indonesia/,Thu Aug 06 2026 06:27:20 GMT+0000 (Coordinated Universal Time),44,Makaroni,makaroni,,,,,,
2026-08-06T12:28:30.527949+00:00,20260806-122830,https://trends24.in/indonesia/,Thu Aug 06 2026 06:27:20 GMT+0000 (Coordinated Universal Time),45,New Jersey,new jersey,,,,,,
2026-08-06T12:28:30.527949+00:00,20260806-122830,https://trends24.in/indonesia/,Thu Aug 06 2026 06:27:20 GMT+0000 (Coordinated Universal Time),46,love destiny ep4,love destiny ep4,,,,,,
2026-08-06T12:28:30.527949+00:00,20260806-122830,https://trends24.in/indonesia/,Thu Aug 06 2026 06:27:20 GMT+0000 (Coordinated Universal Time),47,Dokter,dokter,,,,,,
2026-08-06T12:28:30.527949+00:00,20260806-122830,https://trends24.in/indonesia/,Thu Aug 06 2026 06:27:20 GMT+0000 (Coordinated Universal Time),48,Bronx,bronx,,,,,,
2026-08-06T12:28:30.527949+00:00,20260806-122830,https://trends24.in/indonesia/,Thu Aug 06 2026 06:27:20 GMT+0000 (Coordinated Universal Time),49,Boston,boston,,,,,,
2026-08-06T12:28:30.527949+00:00,20260806-122830,https://trends24.in/indonesia/,Thu Aug 06 2026 06:27:20 GMT+0000 (Coordinated Universal Time),50,Rabu,rabu,,,,,,
2026-08-06T12:28:30.527949+00:00,20260806-122830,https://trends24.in/indonesia/,Thu Aug 06 2026 05:33:21 GMT+0000 (Coordinated Universal Time),1,#BersamaBantuSaudara,bersamabantusaudara,,,,,,
2026-08-06T12:28:30.527949+00:00,20260806-122830,https://trends24.in/indonesia/,Thu Aug 06 2026 05:33:21 GMT+0000 (Coordinated Universal Time),2,Peduli Kuatkan Sumbar,peduli kuatkan sumbar,,,,,,
2026-08-06T12:28:30.527949+00:00,20260806-122830,https://trends24.in/indonesia/,Thu Aug 06 2026 05:33:21 GMT+0000 (Coordinated Universal Time),3,#BraverTogether_RENJUN_Moomin,bravertogether_renjun_moomin,,,,,,
2026-08-06T12:28:30.527949+00:00,20260806-122830,https://trends24.in/indonesia/,Thu Aug 06 2026 05:33:21 GMT+0000 (Coordinated Universal Time),4,Bersama Pasti Ada Jalan,bersama pasti ada jalan,,,,,,
2026-08-06T12:28:30.527949+00:00,20260806-122830,https://trends24.in/indonesia/,Thu Aug 06 2026 05:33:21 GMT+0000 (Coordinated Universal Time),5,#SFxJossGawinGuinzly,sfxjossgawinguinzly,,,,,,
2026-08-06T12:28:30.527949+00:00,20260806-122830,https://trends24.in/indonesia/,Thu Aug 06 2026 05:33:21 GMT+0000 (Coordinated Universal Time),6,JGG FAM SPIDER MAN,jgg fam spider man,,,,,,
2026-08-06T12:28:30.527949+00:00,20260806-122830,https://trends24.in/indonesia/,Thu Aug 06 2026 05:33:21 GMT+0000 (Coordinated Universal Time),7,#KetahananEnergiNasional,ketahananenerginasional,,,,,,
2026-08-06T12:28:30.527949+00:00,20260806-122830,https://trends24.in/indonesia/,Thu Aug 06 2026 05:33:21 GMT+0000 (Coordinated Universal Time),8,BPJS,bpjs,,,,,,
2026-08-06T12:28:30.527949+00:00,20260806-122830,https://trends24.in/indonesia/,Thu Aug 06 2026 05:33:21 GMT+0000 (Coordinated Universal Time),9,#MakeTheWaveYouLite,makethewaveyoulite,,,,,,
2026-08-06T12:28:30.527949+00:00,20260806-122830,https://trends24.in/indonesia/,Thu Aug 06 2026 05:33:21 GMT+0000 (Coordinated Universal Time),10,kedaulatan indonesia,kedaulatan indonesia,,,,,,
2026-08-06T12:28:30.527949+00:00,20260806-122830,https://trends24.in/indonesia/,Thu Aug 06 2026 05:33:21 GMT+0000 (Coordinated Universal Time),11,berbakti diseluruh pelosok,berbakti diseluruh pelosok,,,,,,
2026-08-06T12:28:30.527949+00:00,20260806-122830,https://trends24.in/indonesia/,Thu Aug 06 2026 05:33:21 GMT+0000 (Coordinated Universal Time),12,Gojek,gojek,,,,,,
2026-08-06T12:28:30.527949+00:00,20260806-122830,https://trends24.in/indonesia/,Thu Aug 06 2026 05:33:21 GMT+0000 (Coordinated Universal Time),13,D. 70,d. 70,,,,,,
2026-08-06T12:28:30.527949+00:00,20260806-122830,https://trends24.in/indonesia/,Thu Aug 06 2026 05:33:21 GMT+0000 (Coordinated Universal Time),14,Polda Riau,polda riau,,,,,,
2026-08-06T12:28:30.527949+00:00,20260806-122830,https://trends24.in/indonesia/,Thu Aug 06 2026 05:33:21 GMT+0000 (Coordinated Universal Time),15,MOONSHADOW SPECIAL EP,moonshadow special ep,,,,,,
2026-08-06T12:28:30.527949+00:00,20260806-122830,https://trends24.in/indonesia/,Thu Aug 06 2026 05:33:21 GMT+0000 (Coordinated Universal Time),16,chitato & chitato lite,chitato & chitato lite,,,,,,
2026-08-06T12:28:30.527949+00:00,20260806-122830,https://trends24.in/indonesia/,Thu Aug 06 2026 05:33:21 GMT+0000 (Coordinated Universal Time),17,Sumatera Barat,sumatera barat,,,,,,
2026-08-06T12:28:30.527949+00:00,20260806-122830,https://trends24.in/indonesia/,Thu Aug 06 2026 05:33:21 GMT+0000 (Coordinated Universal Time),18,generasi bergizi,generasi bergizi,,,,,,
2026-08-06T12:28:30.527949+00:00,20260806-122830,https://trends24.in/indonesia/,Thu Aug 06 2026 05:33:21 GMT+0000 (Coordinated Universal Time),19,TREASURE,treasure,,,,,,
2026-08-06T12:28:30.527949+00:00,20260806-122830,https://trends24.in/indonesia/,Thu Aug 06 2026 05:33:21 GMT+0000 (Coordinated Universal Time),20,Ekspedisi Merah Putih,ekspedisi merah putih,,,,,,
2026-08-06T12:28:30.527949+00:00,20260806-122830,https://trends24.in/indonesia/,Thu Aug 06 2026 05:33:21 GMT+0000 (Coordinated Universal Time),21,L1485 ALWAYS,l1485 always,,,,,,
2026-08-06T12:28:30.527949+00:00,20260806-122830,https://trends24.in/indonesia/,Thu Aug 06 2026 05:33:21 GMT+0000 (Coordinated Universal Time),22,Kamis,kamis,,,,,,
2026-08-06T12:28:30.527949+00:00,20260806-122830,https://trends24.in/indonesia/,Thu Aug 06 2026 05:33:21 GMT+0000 (Coordinated Universal Time),23,Green Policing,green policing,,,,,,
2026-08-06T12:28:30.527949+00:00,20260806-122830,https://trends24.in/indonesia/,Thu Aug 06 2026 05:33:21 GMT+0000 (Coordinated Universal Time),24,XL POIN,xl poin,,,,,,
2026-08-06T12:28:30.527949+00:00,20260806-122830,https://trends24.in/indonesia/,Thu Aug 06 2026 05:33:21 GMT+0000 (Coordinated Universal Time),25,Paradise,paradise,,,,,,
2026-08-06T12:28:30.527949+00:00,20260806-122830,https://trends24.in/indonesia/,Thu Aug 06 2026 05:33:21 GMT+0000 (Coordinated Universal Time),26,Nakes,nakes,,,,,,
2026-08-06T12:28:30.527949+00:00,20260806-122830,https://trends24.in/indonesia/,Thu Aug 06 2026 05:33:21 GMT+0000 (Coordinated Universal Time),27,NO MORE DREAM,no more dream,,,,,,
2026-08-06T12:28:30.527949+00:00,20260806-122830,https://trends24.in/indonesia/,Thu Aug 06 2026 05:33:21 GMT+0000 (Coordinated Universal Time),28,Kembang,kembang,,,,,,
2026-08-06T12:28:30.527949+00:00,20260806-122830,https://trends24.in/indonesia/,Thu Aug 06 2026 05:33:21 GMT+0000 (Coordinated Universal Time),29,Brooklyn,brooklyn,,,,,,
2026-08-06T12:28:30.527949+00:00,20260806-122830,https://trends24.in/indonesia/,Thu Aug 06 2026 05:33:21 GMT+0000 (Coordinated Universal Time),30,Casemiro,casemiro,,,,,,
2026-08-06T12:28:30.527949+00:00,20260806-122830,https://trends24.in/indonesia/,Thu Aug 06 2026 05:33:21 GMT+0000 (Coordinated Universal Time),31,Korut,korut,,,,,,
2026-08-06T12:28:30.527949+00:00,20260806-122830,https://trends24.in/indonesia/,Thu Aug 06 2026 05:33:21 GMT+0000 (Coordinated Universal Time),32,Bronx,bronx,,,,,,
2026-08-06T12:28:30.527949+00:00,20260806-122830,https://trends24.in/indonesia/,Thu Aug 06 2026 05:33:21 GMT+0000 (Coordinated Universal Time),33,Trabzonspor,trabzonspor,,,,,,
2026-08-06T12:28:30.527949+00:00,20260806-122830,https://trends24.in/indonesia/,Thu Aug 06 2026 05:33:21 GMT+0000 (Coordinated Universal Time),34,perthdomiia radiant glow,perthdomiia radiant glow,,,,,,
2026-08-06T12:28:30.527949+00:00,20260806-122830,https://trends24.in/indonesia/,Thu Aug 06 2026 05:33:21 GMT+0000 (Coordinated Universal Time),35,The Grim Lover Q20,the grim lover q20,,,,,,
2026-08-06T12:28:30.527949+00:00,20260806-122830,https://trends24.in/indonesia/,Thu Aug 06 2026 05:33:21 GMT+0000 (Coordinated Universal Time),36,UNIQLO FW2026 X SKY,uniqlo fw2026 x sky,,,,,,
2026-08-06T12:28:30.527949+00:00,20260806-122830,https://trends24.in/indonesia/,Thu Aug 06 2026 05:33:21 GMT+0000 (Coordinated Universal Time),37,New Jersey,new jersey,,,,,,
2026-08-06T12:28:30.527949+00:00,20260806-122830,https://trends24.in/indonesia/,Thu Aug 06 2026 05:33:21 GMT+0000 (Coordinated Universal Time),38,Pascol,pascol,,,,,,
2026-08-06T12:28:30.527949+00:00,20260806-122830,https://trends24.in/indonesia/,Thu Aug 06 2026 05:33:21 GMT+0000 (Coordinated Universal Time),39,Polri,polri,,,,,,
2026-08-06T12:28:30.527949+00:00,20260806-122830,https://trends24.in/indonesia/,Thu Aug 06 2026 05:33:21 GMT+0000 (Coordinated Universal Time),40,GLOW BEST WITH EST,glow best with est,,,,,,
2026-08-06T12:28:30.527949+00:00,20260806-122830,https://trends24.in/indonesia/,Thu Aug 06 2026 05:33:21 GMT+0000 (Coordinated Universal Time),41,Perez Hilton,perez hilton,,,,,,
2026-08-06T12:28:30.527949+00:00,20260806-122830,https://trends24.in/indonesia/,Thu Aug 06 2026 05:33:21 GMT+0000 (Coordinated Universal Time),42,Queens,queens,,,,,,
2026-08-06T12:28:30.527949+00:00,20260806-122830,https://trends24.in/indonesia/,Thu Aug 06 2026 05:33:21 GMT+0000 (Coordinated Universal Time),43,Celana,celana,,,,,,
2026-08-06T12:28:30.527949+00:00,20260806-122830,https://trends24.in/indonesia/,Thu Aug 06 2026 05:33:21 GMT+0000 (Coordinated Universal Time),44,Burnout,burnout,,,,,,
2026-08-06T12:28:30.527949+00:00,20260806-122830,https://trends24.in/indonesia/,Thu Aug 06 2026 05:33:21 GMT+0000 (Coordinated Universal Time),45,Pangandaran,pangandaran,,,,,,
2026-08-06T12:28:30.527949+00:00,20260806-122830,https://trends24.in/indonesia/,Thu Aug 06 2026 05:33:21 GMT+0000 (Coordinated Universal Time),46,Bu Fery,bu fery,,,,,,
2026-08-06T12:28:30.527949+00:00,20260806-122830,https://trends24.in/indonesia/,Thu Aug 06 2026 05:33:21 GMT+0000 (Coordinated Universal Time),47,THE BOYZ,the boyz,,,,,,
2026-08-06T12:28:30.527949+00:00,20260806-122830,https://trends24.in/indonesia/,Thu Aug 06 2026 05:33:21 GMT+0000 (Coordinated Universal Time),48,Dokter,dokter,,,,,,
2026-08-06T12:28:30.527949+00:00,20260806-122830,https://trends24.in/indonesia/,Thu Aug 06 2026 05:33:21 GMT+0000 (Coordinated Universal Time),49,Love Destiny EP4,love destiny ep4,,,,,,
2026-08-06T12:28:30.527949+00:00,20260806-122830,https://trends24.in/indonesia/,Thu Aug 06 2026 05:33:21 GMT+0000 (Coordinated Universal Time),50,Rabu,rabu,,,,,,
2026-08-06T12:28:30.527949+00:00,20260806-122830,https://trends24.in/indonesia/,Thu Aug 06 2026 04:40:29 GMT+0000 (Coordinated Universal Time),1,Bersama Pasti Ada Jalan,bersama pasti ada jalan,,,,,,
2026-08-06T12:28:30.527949+00:00,20260806-122830,https://trends24.in/indonesia/,Thu Aug 06 2026 04:40:29 GMT+0000 (Coordinated Universal Time),2,#KetahananEnergiNasional,ketahananenerginasional,,,,,,
2026-08-06T12:28:30.527949+00:00,20260806-122830,https://trends24.in/indonesia/,Thu Aug 06 2026 04:40:29 GMT+0000 (Coordinated Universal Time),3,#BraverTogether_RENJUN_Moomin,bravertogether_renjun_moomin,,,,,,
2026-08-06T12:28:30.527949+00:00,20260806-122830,https://trends24.in/indonesia/,Thu Aug 06 2026 04:40:29 GMT+0000 (Coordinated Universal Time),4,#SFxJossGawinGuinzly,sfxjossgawinguinzly,,,,,,
2026-08-06T12:28:30.527949+00:00,20260806-122830,https://trends24.in/indonesia/,Thu Aug 06 2026 04:40:29 GMT+0000 (Coordinated Universal Time),5,JGG FAM SPIDER MAN,jgg fam spider man,,,,,,
2026-08-06T12:28:30.527949+00:00,20260806-122830,https://trends24.in/indonesia/,Thu Aug 06 2026 04:40:29 GMT+0000 (Coordinated Universal Time),6,BPJS,bpjs,,,,,,
2026-08-06T12:28:30.527949+00:00,20260806-122830,https://trends24.in/indonesia/,Thu Aug 06 2026 04:40:29 GMT+0000 (Coordinated Universal Time),7,#MakeTheWaveYouLite,makethewaveyoulite,,,,,,
2026-08-06T12:28:30.527949+00:00,20260806-122830,https://trends24.in/indonesia/,Thu Aug 06 2026 04:40:29 GMT+0000 (Coordinated Universal Time),8,#MrKillSeriesEP5,mrkillseriesep5,,,,,,
2026-08-06T12:28:30.527949+00:00,20260806-122830,https://trends24.in/indonesia/,Thu Aug 06 2026 04:40:29 GMT+0000 (Coordinated Universal Time),9,kedaulatan indonesia,kedaulatan indonesia,,,,,,
2026-08-06T12:28:30.527949+00:00,20260806-122830,https://trends24.in/indonesia/,Thu Aug 06 2026 04:40:29 GMT+0000 (Coordinated Universal Time),10,Gojek,gojek,,,,,,
2026-08-06T12:28:30.527949+00:00,20260806-122830,https://trends24.in/indonesia/,Thu Aug 06 2026 04:40:29 GMT+0000 (Coordinated Universal Time),11,berbakti diseluruh pelosok,berbakti diseluruh pelosok,,,,,,
2026-08-06T12:28:30.527949+00:00,20260806-122830,https://trends24.in/indonesia/,Thu Aug 06 2026 04:40:29 GMT+0000 (Coordinated Universal Time),12,Paradise,paradise,,,,,,
2026-08-06T12:28:30.527949+00:00,20260806-122830,https://trends24.in/indonesia/,Thu Aug 06 2026 04:40:29 GMT+0000 (Coordinated Universal Time),13,MOONSHADOW SPECIAL EP,moonshadow special ep,,,,,,
2026-08-06T12:28:30.527949+00:00,20260806-122830,https://trends24.in/indonesia/,Thu Aug 06 2026 04:40:29 GMT+0000 (Coordinated Universal Time),14,Kamis,kamis,,,,,,
2026-08-06T12:28:30.527949+00:00,20260806-122830,https://trends24.in/indonesia/,Thu Aug 06 2026 04:40:29 GMT+0000 (Coordinated Universal Time),15,Chitato & Chitato Lite,chitato & chitato lite,,,,,,
2026-08-06T12:28:30.527949+00:00,20260806-122830,https://trends24.in/indonesia/,Thu Aug 06 2026 04:40:29 GMT+0000 (Coordinated Universal Time),16,TREASURE,treasure,,,,,,
2026-08-06T12:28:30.527949+00:00,20260806-122830,https://trends24.in/indonesia/,Thu Aug 06 2026 04:40:29 GMT+0000 (Coordinated Universal Time),17,generasi bergizi,generasi bergizi,,,,,,
2026-08-06T12:28:30.527949+00:00,20260806-122830,https://trends24.in/indonesia/,Thu Aug 06 2026 04:40:29 GMT+0000 (Coordinated Universal Time),18,NO MORE DREAM,no more dream,,,,,,
2026-08-06T12:28:30.527949+00:00,20260806-122830,https://trends24.in/indonesia/,Thu Aug 06 2026 04:40:29 GMT+0000 (Coordinated Universal Time),19,D. 70,d. 70,,,,,,
2026-08-06T12:28:30.527949+00:00,20260806-122830,https://trends24.in/indonesia/,Thu Aug 06 2026 04:40:29 GMT+0000 (Coordinated Universal Time),20,Blingy Jets Teaser D1,blingy jets teaser d1,,,,,,
2026-08-06T12:28:30.527949+00:00,20260806-122830,https://trends24.in/indonesia/,Thu Aug 06 2026 04:40:29 GMT+0000 (Coordinated Universal Time),21,Kembang,kembang,,,,,,
2026-08-06T12:28:30.527949+00:00,20260806-122830,https://trends24.in/indonesia/,Thu Aug 06 2026 04:40:29 GMT+0000 (Coordinated Universal Time),22,L1485 ALWAYS,l1485 always,,,,,,
2026-08-06T12:28:30.527949+00:00,20260806-122830,https://trends24.in/indonesia/,Thu Aug 06 2026 04:40:29 GMT+0000 (Coordinated Universal Time),23,Polda Riau,polda riau,,,,,,
2026-08-06T12:28:30.527949+00:00,20260806-122830,https://trends24.in/indonesia/,Thu Aug 06 2026 04:40:29 GMT+0000 (Coordinated Universal Time),24,Nakes,nakes,,,,,,
2026-08-06T12:28:30.527949+00:00,20260806-122830,https://trends24.in/indonesia/,Thu Aug 06 2026 04:40:29 GMT+0000 (Coordinated Universal Time),25,Sarapan,sarapan,,,,,,
2026-08-06T12:28:30.527949+00:00,20260806-122830,https://trends24.in/indonesia/,Thu Aug 06 2026 04:40:29 GMT+0000 (Coordinated Universal Time),26,XL POIN,xl poin,,,,,,
2026-08-06T12:28:30.527949+00:00,20260806-122830,https://trends24.in/indonesia/,Thu Aug 06 2026 04:40:29 GMT+0000 (Coordinated Universal Time),27,Bronx,bronx,,,,,,
2026-08-06T12:28:30.527949+00:00,20260806-122830,https://trends24.in/indonesia/,Thu Aug 06 2026 04:40:29 GMT+0000 (Coordinated Universal Time),28,THE BOYZ,the boyz,,,,,,
2026-08-06T12:28:30.527949+00:00,20260806-122830,https://trends24.in/indonesia/,Thu Aug 06 2026 04:40:29 GMT+0000 (Coordinated Universal Time),29,Trabzonspor,trabzonspor,,,,,,
2026-08-06T12:28:30.527949+00:00,20260806-122830,https://trends24.in/indonesia/,Thu Aug 06 2026 04:40:29 GMT+0000 (Coordinated Universal Time),30,Casemiro,casemiro,,,,,,
2026-08-06T12:28:30.527949+00:00,20260806-122830,https://trends24.in/indonesia/,Thu Aug 06 2026 04:40:29 GMT+0000 (Coordinated Universal Time),31,perthdomiia radiant glow,perthdomiia radiant glow,,,,,,
2026-08-06T12:28:30.527949+00:00,20260806-122830,https://trends24.in/indonesia/,Thu Aug 06 2026 04:40:29 GMT+0000 (Coordinated Universal Time),32,New Jersey,new jersey,,,,,,
2026-08-06T12:28:30.527949+00:00,20260806-122830,https://trends24.in/indonesia/,Thu Aug 06 2026 04:40:29 GMT+0000 (Coordinated Universal Time),33,Boston,boston,,,,,,
2026-08-06T12:28:30.527949+00:00,20260806-122830,https://trends24.in/indonesia/,Thu Aug 06 2026 04:40:29 GMT+0000 (Coordinated Universal Time),34,The Grim Lover Q20,the grim lover q20,,,,,,
2026-08-06T12:28:30.527949+00:00,20260806-122830,https://trends24.in/indonesia/,Thu Aug 06 2026 04:40:29 GMT+0000 (Coordinated Universal Time),35,UNIQLO FW2026 X SKY,uniqlo fw2026 x sky,,,,,,
2026-08-06T12:28:30.527949+00:00,20260806-122830,https://trends24.in/indonesia/,Thu Aug 06 2026 04:40:29 GMT+0000 (Coordinated Universal Time),36,Bu Fery,bu fery,,,,,,
2026-08-06T12:28:30.527949+00:00,20260806-122830,https://trends24.in/indonesia/,Thu Aug 06 2026 04:40:29 GMT+0000 (Coordinated Universal Time),37,Brooklyn,brooklyn,,,,,,
2026-08-06T12:28:30.527949+00:00,20260806-122830,https://trends24.in/indonesia/,Thu Aug 06 2026 04:40:29 GMT+0000 (Coordinated Universal Time),38,Polres Pasuruan,polres pasuruan,,,,,,
2026-08-06T12:28:30.527949+00:00,20260806-122830,https://trends24.in/indonesia/,Thu Aug 06 2026 04:40:29 GMT+0000 (Coordinated Universal Time),39,Pascol,pascol,,,,,,
2026-08-06T12:28:30.527949+00:00,20260806-122830,https://trends24.in/indonesia/,Thu Aug 06 2026 04:40:29 GMT+0000 (Coordinated Universal Time),40,GLOW BEST WITH EST,glow best with est,,,,,,
2026-08-06T12:28:30.527949+00:00,20260806-122830,https://trends24.in/indonesia/,Thu Aug 06 2026 04:40:29 GMT+0000 (Coordinated Universal Time),41,Pangandaran,pangandaran,,,,,,
2026-08-06T12:28:30.527949+00:00,20260806-122830,https://trends24.in/indonesia/,Thu Aug 06 2026 04:40:29 GMT+0000 (Coordinated Universal Time),42,Perez Hilton,perez hilton,,,,,,
2026-08-06T12:28:30.527949+00:00,20260806-122830,https://trends24.in/indonesia/,Thu Aug 06 2026 04:40:29 GMT+0000 (Coordinated Universal Time),43,Celana,celana,,,,,,
2026-08-06T12:28:30.527949+00:00,20260806-122830,https://trends24.in/indonesia/,Thu Aug 06 2026 04:40:29 GMT+0000 (Coordinated Universal Time),44,Queens,queens,,,,,,
2026-08-06T12:28:30.527949+00:00,20260806-122830,https://trends24.in/indonesia/,Thu Aug 06 2026 04:40:29 GMT+0000 (Coordinated Universal Time),45,Burnout,burnout,,,,,,
2026-08-06T12:28:30.527949+00:00,20260806-122830,https://trends24.in/indonesia/,Thu Aug 06 2026 04:40:29 GMT+0000 (Coordinated Universal Time),46,Korut,korut,,,,,,
2026-08-06T12:28:30.527949+00:00,20260806-122830,https://trends24.in/indonesia/,Thu Aug 06 2026 04:40:29 GMT+0000 (Coordinated Universal Time),47,Dokter,dokter,,,,,,
2026-08-06T12:28:30.527949+00:00,20260806-122830,https://trends24.in/indonesia/,Thu Aug 06 2026 04:40:29 GMT+0000 (Coordinated Universal Time),48,Rabu,rabu,,,,,,
2026-08-06T12:28:30.527949+00:00,20260806-122830,https://trends24.in/indonesia/,Thu Aug 06 2026 04:40:29 GMT+0000 (Coordinated Universal Time),49,Love Destiny EP4,love destiny ep4,,,,,,
2026-08-06T12:28:30.527949+00:00,20260806-122830,https://trends24.in/indonesia/,Thu Aug 06 2026 04:40:29 GMT+0000 (Coordinated Universal Time),50,Arsenal,arsenal,,,,,,
2026-08-06T12:28:30.527949+00:00,20260806-122830,https://trends24.in/indonesia/,Thu Aug 06 2026 03:48:51 GMT+0000 (Coordinated Universal Time),1,#KetahananEnergiNasional,ketahananenerginasional,,,,,,
2026-08-06T12:28:30.527949+00:00,20260806-122830,https://trends24.in/indonesia/,Thu Aug 06 2026 03:48:51 GMT+0000 (Coordinated Universal Time),2,Bersama Pasti Ada Jalan,bersama pasti ada jalan,,,,,,
2026-08-06T12:28:30.527949+00:00,20260806-122830,https://trends24.in/indonesia/,Thu Aug 06 2026 03:48:51 GMT+0000 (Coordinated Universal Time),3,#SFxJossGawinGuinzly,sfxjossgawinguinzly,,,,,,
2026-08-06T12:28:30.527949+00:00,20260806-122830,https://trends24.in/indonesia/,Thu Aug 06 2026 03:48:51 GMT+0000 (Coordinated Universal Time),4,JGG FAM SPIDER MAN,jgg fam spider man,,,,,,
2026-08-06T12:28:30.527949+00:00,20260806-122830,https://trends24.in/indonesia/,Thu Aug 06 2026 03:48:51 GMT+0000 (Coordinated Universal Time),5,BPJS,bpjs,,,,,,
2026-08-06T12:28:30.527949+00:00,20260806-122830,https://trends24.in/indonesia/,Thu Aug 06 2026 03:48:51 GMT+0000 (Coordinated Universal Time),6,#MakeTheWaveYouLite,makethewaveyoulite,,,,,,
2026-08-06T12:28:30.527949+00:00,20260806-122830,https://trends24.in/indonesia/,Thu Aug 06 2026 03:48:51 GMT+0000 (Coordinated Universal Time),7,#MrKillSeriesEP5,mrkillseriesep5,,,,,,
2026-08-06T12:28:30.527949+00:00,20260806-122830,https://trends24.in/indonesia/,Thu Aug 06 2026 03:48:51 GMT+0000 (Coordinated Universal Time),8,kedaulatan indonesia,kedaulatan indonesia,,,,,,
2026-08-06T12:28:30.527949+00:00,20260806-122830,https://trends24.in/indonesia/,Thu Aug 06 2026 03:48:51 GMT+0000 (Coordinated Universal Time),9,Gojek,gojek,,,,,,
2026-08-06T12:28:30.527949+00:00,20260806-122830,https://trends24.in/indonesia/,Thu Aug 06 2026 03:48:51 GMT+0000 (Coordinated Universal Time),10,berbakti diseluruh pelosok,berbakti diseluruh pelosok,,,,,,
2026-08-06T12:28:30.527949+00:00,20260806-122830,https://trends24.in/indonesia/,Thu Aug 06 2026 03:48:51 GMT+0000 (Coordinated Universal Time),11,Paradise,paradise,,,,,,
2026-08-06T12:28:30.527949+00:00,20260806-122830,https://trends24.in/indonesia/,Thu Aug 06 2026 03:48:51 GMT+0000 (Coordinated Universal Time),12,#12YearsofEXOLove,12yearsofexolove,,,,,,
2026-08-06T12:28:30.527949+00:00,20260806-122830,https://trends24.in/indonesia/,Thu Aug 06 2026 03:48:51 GMT+0000 (Coordinated Universal Time),13,NO MORE DREAM,no more dream,,,,,,
2026-08-06T12:28:30.527949+00:00,20260806-122830,https://trends24.in/indonesia/,Thu Aug 06 2026 03:48:51 GMT+0000 (Coordinated Universal Time),14,Sarapan,sarapan,,,,,,
2026-08-06T12:28:30.527949+00:00,20260806-122830,https://trends24.in/indonesia/,Thu Aug 06 2026 03:48:51 GMT+0000 (Coordinated Universal Time),15,MOONSHADOW SPECIAL EP,moonshadow special ep,,,,,,
2026-08-06T12:28:30.527949+00:00,20260806-122830,https://trends24.in/indonesia/,Thu Aug 06 2026 03:48:51 GMT+0000 (Coordinated Universal Time),16,Kamis,kamis,,,,,,
2026-08-06T12:28:30.527949+00:00,20260806-122830,https://trends24.in/indonesia/,Thu Aug 06 2026 03:48:51 GMT+0000 (Coordinated Universal Time),17,Chitato & Chitato Lite,chitato & chitato lite,,,,,,
2026-08-06T12:28:30.527949+00:00,20260806-122830,https://trends24.in/indonesia/,Thu Aug 06 2026 03:48:51 GMT+0000 (Coordinated Universal Time),18,TREASURE,treasure,,,,,,
2026-08-06T12:28:30.527949+00:00,20260806-122830,https://trends24.in/indonesia/,Thu Aug 06 2026 03:48:51 GMT+0000 (Coordinated Universal Time),19,generasi bergizi,generasi bergizi,,,,,,
2026-08-06T12:28:30.527949+00:00,20260806-122830,https://trends24.in/indonesia/,Thu Aug 06 2026 03:48:51 GMT+0000 (Coordinated Universal Time),20,L1485 ALWAYS,l1485 always,,,,,,
2026-08-06T12:28:30.527949+00:00,20260806-122830,https://trends24.in/indonesia/,Thu Aug 06 2026 03:48:51 GMT+0000 (Coordinated Universal Time),21,Kembang,kembang,,,,,,
2026-08-06T12:28:30.527949+00:00,20260806-122830,https://trends24.in/indonesia/,Thu Aug 06 2026 03:48:51 GMT+0000 (Coordinated Universal Time),22,Casemiro,casemiro,,,,,,
2026-08-06T12:28:30.527949+00:00,20260806-122830,https://trends24.in/indonesia/,Thu Aug 06 2026 03:48:51 GMT+0000 (Coordinated Universal Time),23,THE BOYZ,the boyz,,,,,,
2026-08-06T12:28:30.527949+00:00,20260806-122830,https://trends24.in/indonesia/,Thu Aug 06 2026 03:48:51 GMT+0000 (Coordinated Universal Time),24,XL POIN,xl poin,,,,,,
2026-08-06T12:28:30.527949+00:00,20260806-122830,https://trends24.in/indonesia/,Thu Aug 06 2026 03:48:51 GMT+0000 (Coordinated Universal Time),25,Nikita Bier,nikita bier,,,,,,
2026-08-06T12:28:30.527949+00:00,20260806-122830,https://trends24.in/indonesia/,Thu Aug 06 2026 03:48:51 GMT+0000 (Coordinated Universal Time),26,Nakes,nakes,,,,,,
2026-08-06T12:28:30.527949+00:00,20260806-122830,https://trends24.in/indonesia/,Thu Aug 06 2026 03:48:51 GMT+0000 (Coordinated Universal Time),27,Pagii,pagii,,,,,,
2026-08-06T12:28:30.527949+00:00,20260806-122830,https://trends24.in/indonesia/,Thu Aug 06 2026 03:48:51 GMT+0000 (Coordinated Universal Time),28,Boston,boston,,,,,,
2026-08-06T12:28:30.527949+00:00,20260806-122830,https://trends24.in/indonesia/,Thu Aug 06 2026 03:48:51 GMT+0000 (Coordinated Universal Time),29,Trabzonspor,trabzonspor,,,,,,
2026-08-06T12:28:30.527949+00:00,20260806-122830,https://trends24.in/indonesia/,Thu Aug 06 2026 03:48:51 GMT+0000 (Coordinated Universal Time),30,Messi,messi,,,,,,
2026-08-06T12:28:30.527949+00:00,20260806-122830,https://trends24.in/indonesia/,Thu Aug 06 2026 03:48:51 GMT+0000 (Coordinated Universal Time),31,perthdomiia radiant glow,perthdomiia radiant glow,,,,,,
2026-08-06T12:28:30.527949+00:00,20260806-122830,https://trends24.in/indonesia/,Thu Aug 06 2026 03:48:51 GMT+0000 (Coordinated Universal Time),32,GLOW BEST WITH EST,glow best with est,,,,,,
2026-08-06T12:28:30.527949+00:00,20260806-122830,https://trends24.in/indonesia/,Thu Aug 06 2026 03:48:51 GMT+0000 (Coordinated Universal Time),33,The Grim Lover Q20,the grim lover q20,,,,,,
2026-08-06T12:28:30.527949+00:00,20260806-122830,https://trends24.in/indonesia/,Thu Aug 06 2026 03:48:51 GMT+0000 (Coordinated Universal Time),34,UNIQLO FW2026 X SKY,uniqlo fw2026 x sky,,,,,,
2026-08-06T12:28:30.527949+00:00,20260806-122830,https://trends24.in/indonesia/,Thu Aug 06 2026 03:48:51 GMT+0000 (Coordinated Universal Time),35,Brooklyn,brooklyn,,,,,,
2026-08-06T12:28:30.527949+00:00,20260806-122830,https://trends24.in/indonesia/,Thu Aug 06 2026 03:48:51 GMT+0000 (Coordinated Universal Time),36,Polres Pasuruan,polres pasuruan,,,,,,
2026-08-06T12:28:30.527949+00:00,20260806-122830,https://trends24.in/indonesia/,Thu Aug 06 2026 03:48:51 GMT+0000 (Coordinated Universal Time),37,Pascol,pascol,,,,,,
2026-08-06T12:28:30.527949+00:00,20260806-122830,https://trends24.in/indonesia/,Thu Aug 06 2026 03:48:51 GMT+0000 (Coordinated Universal Time),38,Perez Hilton,perez hilton,,,,,,
2026-08-06T12:28:30.527949+00:00,20260806-122830,https://trends24.in/indonesia/,Thu Aug 06 2026 03:48:51 GMT+0000 (Coordinated Universal Time),39,Pangandaran,pangandaran,,,,,,
2026-08-06T12:28:30.527949+00:00,20260806-122830,https://trends24.in/indonesia/,Thu Aug 06 2026 03:48:51 GMT+0000 (Coordinated Universal Time),40,FOURTH 1ST SOLO CONCERT,fourth 1st solo concert,,,,,,
2026-08-06T12:28:30.527949+00:00,20260806-122830,https://trends24.in/indonesia/,Thu Aug 06 2026 03:48:51 GMT+0000 (Coordinated Universal Time),41,Bronx,bronx,,,,,,
2026-08-06T12:28:30.527949+00:00,20260806-122830,https://trends24.in/indonesia/,Thu Aug 06 2026 03:48:51 GMT+0000 (Coordinated Universal Time),42,Burnout,burnout,,,,,,
2026-08-06T12:28:30.527949+00:00,20260806-122830,https://trends24.in/indonesia/,Thu Aug 06 2026 03:48:51 GMT+0000 (Coordinated Universal Time),43,New Jersey,new jersey,,,,,,
2026-08-06T12:28:30.527949+00:00,20260806-122830,https://trends24.in/indonesia/,Thu Aug 06 2026 03:48:51 GMT+0000 (Coordinated Universal Time),44,Dokter,dokter,,,,,,
2026-08-06T12:28:30.527949+00:00,20260806-122830,https://trends24.in/indonesia/,Thu Aug 06 2026 03:48:51 GMT+0000 (Coordinated Universal Time),45,Rabu,rabu,,,,,,
2026-08-06T12:28:30.527949+00:00,20260806-122830,https://trends24.in/indonesia/,Thu Aug 06 2026 03:48:51 GMT+0000 (Coordinated Universal Time),46,Arsenal,arsenal,,,,,,
2026-08-06T12:28:30.527949+00:00,20260806-122830,https://trends24.in/indonesia/,Thu Aug 06 2026 03:48:51 GMT+0000 (Coordinated Universal Time),47,JUNIORMARKMO HI SUNNYMOON,juniormarkmo hi sunnymoon,,,,,,
2026-08-06T12:28:30.527949+00:00,20260806-122830,https://trends24.in/indonesia/,Thu Aug 06 2026 03:48:51 GMT+0000 (Coordinated Universal Time),48,Love Destiny EP4,love destiny ep4,,,,,,
2026-08-06T12:28:30.527949+00:00,20260806-122830,https://trends24.in/indonesia/,Thu Aug 06 2026 03:48:51 GMT+0000 (Coordinated Universal Time),49,Gavi,gavi,,,,,,
2026-08-06T12:28:30.527949+00:00,20260806-122830,https://trends24.in/indonesia/,Thu Aug 06 2026 03:48:51 GMT+0000 (Coordinated Universal Time),50,Mo Salah,mo salah,,,,,,
2026-08-06T12:28:30.527949+00:00,20260806-122830,https://trends24.in/indonesia/,Thu Aug 06 2026 02:57:40 GMT+0000 (Coordinated Universal Time),1,Bersama Pasti Ada Jalan,bersama pasti ada jalan,,,,,,
2026-08-06T12:28:30.527949+00:00,20260806-122830,https://trends24.in/indonesia/,Thu Aug 06 2026 02:57:40 GMT+0000 (Coordinated Universal Time),2,#SFxJossGawinGuinzly,sfxjossgawinguinzly,,,,,,
2026-08-06T12:28:30.527949+00:00,20260806-122830,https://trends24.in/indonesia/,Thu Aug 06 2026 02:57:40 GMT+0000 (Coordinated Universal Time),3,JGG FAM SPIDER MAN,jgg fam spider man,,,,,,
2026-08-06T12:28:30.527949+00:00,20260806-122830,https://trends24.in/indonesia/,Thu Aug 06 2026 02:57:40 GMT+0000 (Coordinated Universal Time),4,#MakeTheWaveYouLite,makethewaveyoulite,,,,,,
2026-08-06T12:28:30.527949+00:00,20260806-122830,https://trends24.in/indonesia/,Thu Aug 06 2026 02:57:40 GMT+0000 (Coordinated Universal Time),5,BPJS,bpjs,,,,,,
2026-08-06T12:28:30.527949+00:00,20260806-122830,https://trends24.in/indonesia/,Thu Aug 06 2026 02:57:40 GMT+0000 (Coordinated Universal Time),6,#MrKillSeriesEP5,mrkillseriesep5,,,,,,
2026-08-06T12:28:30.527949+00:00,20260806-122830,https://trends24.in/indonesia/,Thu Aug 06 2026 02:57:40 GMT+0000 (Coordinated Universal Time),7,kedaulatan indonesia,kedaulatan indonesia,,,,,,
2026-08-06T12:28:30.527949+00:00,20260806-122830,https://trends24.in/indonesia/,Thu Aug 06 2026 02:57:40 GMT+0000 (Coordinated Universal Time),8,Gojek,gojek,,,,,,
2026-08-06T12:28:30.527949+00:00,20260806-122830,https://trends24.in/indonesia/,Thu Aug 06 2026 02:57:40 GMT+0000 (Coordinated Universal Time),9,berbakti diseluruh pelosok,berbakti diseluruh pelosok,,,,,,
2026-08-06T12:28:30.527949+00:00,20260806-122830,https://trends24.in/indonesia/,Thu Aug 06 2026 02:57:40 GMT+0000 (Coordinated Universal Time),10,#12YearsofEXOLove,12yearsofexolove,,,,,,
2026-08-06T12:28:30.527949+00:00,20260806-122830,https://trends24.in/indonesia/,Thu Aug 06 2026 02:57:40 GMT+0000 (Coordinated Universal Time),11,#EXOL12thAnniversary,exol12thanniversary,,,,,,
2026-08-06T12:28:30.527949+00:00,20260806-122830,https://trends24.in/indonesia/,Thu Aug 06 2026 02:57:40 GMT+0000 (Coordinated Universal Time),12,Paradise,paradise,,,,,,
2026-08-06T12:28:30.527949+00:00,20260806-122830,https://trends24.in/indonesia/,Thu Aug 06 2026 02:57:40 GMT+0000 (Coordinated Universal Time),13,Kamis,kamis,,,,,,
2026-08-06T12:28:30.527949+00:00,20260806-122830,https://trends24.in/indonesia/,Thu Aug 06 2026 02:57:40 GMT+0000 (Coordinated Universal Time),14,NO MORE DREAM,no more dream,,,,,,
2026-08-06T12:28:30.527949+00:00,20260806-122830,https://trends24.in/indonesia/,Thu Aug 06 2026 02:57:40 GMT+0000 (Coordinated Universal Time),15,Sarapan,sarapan,,,,,,
2026-08-06T12:28:30.527949+00:00,20260806-122830,https://trends24.in/indonesia/,Thu Aug 06 2026 02:57:40 GMT+0000 (Coordinated Universal Time),16,TREASURE,treasure,,,,,,
2026-08-06T12:28:30.527949+00:00,20260806-122830,https://trends24.in/indonesia/,Thu Aug 06 2026 02:57:40 GMT+0000 (Coordinated Universal Time),17,Pagii,pagii,,,,,,
2026-08-06T12:28:30.527949+00:00,20260806-122830,https://trends24.in/indonesia/,Thu Aug 06 2026 02:57:40 GMT+0000 (Coordinated Universal Time),18,MOONSHADOW SPECIAL EP,moonshadow special ep,,,,,,
2026-08-06T12:28:30.527949+00:00,20260806-122830,https://trends24.in/indonesia/,Thu Aug 06 2026 02:57:40 GMT+0000 (Coordinated Universal Time),19,Kembang,kembang,,,,,,
2026-08-06T12:28:30.527949+00:00,20260806-122830,https://trends24.in/indonesia/,Thu Aug 06 2026 02:57:40 GMT+0000 (Coordinated Universal Time),20,Chitato & Chitato Lite,chitato & chitato lite,,,,,,
2026-08-06T12:28:30.527949+00:00,20260806-122830,https://trends24.in/indonesia/,Thu Aug 06 2026 02:57:40 GMT+0000 (Coordinated Universal Time),21,L1485 ALWAYS,l1485 always,,,,,,
2026-08-06T12:28:30.527949+00:00,20260806-122830,https://trends24.in/indonesia/,Thu Aug 06 2026 02:57:40 GMT+0000 (Coordinated Universal Time),22,generasi bergizi,generasi bergizi,,,,,,
2026-08-06T12:28:30.527949+00:00,20260806-122830,https://trends24.in/indonesia/,Thu Aug 06 2026 02:57:40 GMT+0000 (Coordinated Universal Time),23,Nikita,nikita,,,,,,
2026-08-06T12:28:30.527949+00:00,20260806-122830,https://trends24.in/indonesia/,Thu Aug 06 2026 02:57:40 GMT+0000 (Coordinated Universal Time),24,Boston,boston,,,,,,
2026-08-06T12:28:30.527949+00:00,20260806-122830,https://trends24.in/indonesia/,Thu Aug 06 2026 02:57:40 GMT+0000 (Coordinated Universal Time),25,THE BOYZ,the boyz,,,,,,
2026-08-06T12:28:30.527949+00:00,20260806-122830,https://trends24.in/indonesia/,Thu Aug 06 2026 02:57:40 GMT+0000 (Coordinated Universal Time),26,XL POIN,xl poin,,,,,,
2026-08-06T12:28:30.527949+00:00,20260806-122830,https://trends24.in/indonesia/,Thu Aug 06 2026 02:57:40 GMT+0000 (Coordinated Universal Time),27,Nakes,nakes,,,,,,
2026-08-06T12:28:30.527949+00:00,20260806-122830,https://trends24.in/indonesia/,Thu Aug 06 2026 02:57:40 GMT+0000 (Coordinated Universal Time),28,Trabzonspor,trabzonspor,,,,,,
2026-08-06T12:28:30.527949+00:00,20260806-122830,https://trends24.in/indonesia/,Thu Aug 06 2026 02:57:40 GMT+0000 (Coordinated Universal Time),29,Messi,messi,,,,,,
2026-08-06T12:28:30.527949+00:00,20260806-122830,https://trends24.in/indonesia/,Thu Aug 06 2026 02:57:40 GMT+0000 (Coordinated Universal Time),30,Casemiro,casemiro,,,,,,
2026-08-06T12:28:30.527949+00:00,20260806-122830,https://trends24.in/indonesia/,Thu Aug 06 2026 02:57:40 GMT+0000 (Coordinated Universal Time),31,perthdomiia radiant glow,perthdomiia radiant glow,,,,,,
2026-08-06T12:28:30.527949+00:00,20260806-122830,https://trends24.in/indonesia/,Thu Aug 06 2026 02:57:40 GMT+0000 (Coordinated Universal Time),32,GLOW BEST WITH EST,glow best with est,,,,,,
2026-08-06T12:28:30.527949+00:00,20260806-122830,https://trends24.in/indonesia/,Thu Aug 06 2026 02:57:40 GMT+0000 (Coordinated Universal Time),33,The Grim Lover Q20,the grim lover q20,,,,,,
2026-08-06T12:28:30.527949+00:00,20260806-122830,https://trends24.in/indonesia/,Thu Aug 06 2026 02:57:40 GMT+0000 (Coordinated Universal Time),34,UNIQLO FW2026 X SKY,uniqlo fw2026 x sky,,,,,,
2026-08-06T12:28:30.527949+00:00,20260806-122830,https://trends24.in/indonesia/,Thu Aug 06 2026 02:57:40 GMT+0000 (Coordinated Universal Time),35,Pascol,pascol,,,,,,
2026-08-06T12:28:30.527949+00:00,20260806-122830,https://trends24.in/indonesia/,Thu Aug 06 2026 02:57:40 GMT+0000 (Coordinated Universal Time),36,respect juhoon's rights,respect juhoon's rights,,,,,,
2026-08-06T12:28:30.527949+00:00,20260806-122830,https://trends24.in/indonesia/,Thu Aug 06 2026 02:57:40 GMT+0000 (Coordinated Universal Time),37,Semangat,semangat,,,,,,
2026-08-06T12:28:30.527949+00:00,20260806-122830,https://trends24.in/indonesia/,Thu Aug 06 2026 02:57:40 GMT+0000 (Coordinated Universal Time),38,Vini,vini,,,,,,
2026-08-06T12:28:30.527949+00:00,20260806-122830,https://trends24.in/indonesia/,Thu Aug 06 2026 02:57:40 GMT+0000 (Coordinated Universal Time),39,Perez Hilton,perez hilton,,,,,,
2026-08-06T12:28:30.527949+00:00,20260806-122830,https://trends24.in/indonesia/,Thu Aug 06 2026 02:57:40 GMT+0000 (Coordinated Universal Time),40,Pangandaran,pangandaran,,,,,,
2026-08-06T12:28:30.527949+00:00,20260806-122830,https://trends24.in/indonesia/,Thu Aug 06 2026 02:57:40 GMT+0000 (Coordinated Universal Time),41,Korut,korut,,,,,,
2026-08-06T12:28:30.527949+00:00,20260806-122830,https://trends24.in/indonesia/,Thu Aug 06 2026 02:57:40 GMT+0000 (Coordinated Universal Time),42,FOURTH 1ST SOLO CONCERT,fourth 1st solo concert,,,,,,
2026-08-06T12:28:30.527949+00:00,20260806-122830,https://trends24.in/indonesia/,Thu Aug 06 2026 02:57:40 GMT+0000 (Coordinated Universal Time),43,Gavi,gavi,,,,,,
2026-08-06T12:28:30.527949+00:00,20260806-122830,https://trends24.in/indonesia/,Thu Aug 06 2026 02:57:40 GMT+0000 (Coordinated Universal Time),44,$LESTER,$lester,,,,,,
2026-08-06T12:28:30.527949+00:00,20260806-122830,https://trends24.in/indonesia/,Thu Aug 06 2026 02:57:40 GMT+0000 (Coordinated Universal Time),45,GOAT,goat,,,,,,
2026-08-06T12:28:30.527949+00:00,20260806-122830,https://trends24.in/indonesia/,Thu Aug 06 2026 02:57:40 GMT+0000 (Coordinated Universal Time),46,Burnout,burnout,,,,,,
2026-08-06T12:28:30.527949+00:00,20260806-122830,https://trends24.in/indonesia/,Thu Aug 06 2026 02:57:40 GMT+0000 (Coordinated Universal Time),47,Dokter,dokter,,,,,,
2026-08-06T12:28:30.527949+00:00,20260806-122830,https://trends24.in/indonesia/,Thu Aug 06 2026 02:57:40 GMT+0000 (Coordinated Universal Time),48,Rabu,rabu,,,,,,
2026-08-06T12:28:30.527949+00:00,20260806-122830,https://trends24.in/indonesia/,Thu Aug 06 2026 02:57:40 GMT+0000 (Coordinated Universal Time),49,JUNIORMARKMO HI SUNNYMOON,juniormarkmo hi sunnymoon,,,,,,
2026-08-06T12:28:30.527949+00:00,20260806-122830,https://trends24.in/indonesia/,Thu Aug 06 2026 02:57:40 GMT+0000 (Coordinated Universal Time),50,Love Destiny EP4,love destiny ep4,,,,,,
2026-08-06T12:28:30.527949+00:00,20260806-122830,https://trends24.in/indonesia/,Thu Aug 06 2026 02:06:37 GMT+0000 (Coordinated Universal Time),1,Bersama Pasti Ada Jalan,bersama pasti ada jalan,,,,,,
2026-08-06T12:28:30.527949+00:00,20260806-122830,https://trends24.in/indonesia/,Thu Aug 06 2026 02:06:37 GMT+0000 (Coordinated Universal Time),2,#SFxJossGawinGuinzly,sfxjossgawinguinzly,,,,,,
2026-08-06T12:28:30.527949+00:00,20260806-122830,https://trends24.in/indonesia/,Thu Aug 06 2026 02:06:37 GMT+0000 (Coordinated Universal Time),3,JGG FAM SPIDER MAN,jgg fam spider man,,,,,,
2026-08-06T12:28:30.527949+00:00,20260806-122830,https://trends24.in/indonesia/,Thu Aug 06 2026 02:06:37 GMT+0000 (Coordinated Universal Time),4,#MakeTheWaveYouLite,makethewaveyoulite,,,,,,
2026-08-06T12:28:30.527949+00:00,20260806-122830,https://trends24.in/indonesia/,Thu Aug 06 2026 02:06:37 GMT+0000 (Coordinated Universal Time),5,BPJS,bpjs,,,,,,
2026-08-06T12:28:30.527949+00:00,20260806-122830,https://trends24.in/indonesia/,Thu Aug 06 2026 02:06:37 GMT+0000 (Coordinated Universal Time),6,gojek,gojek,,,,,,
2026-08-06T12:28:30.527949+00:00,20260806-122830,https://trends24.in/indonesia/,Thu Aug 06 2026 02:06:37 GMT+0000 (Coordinated Universal Time),7,#MrKillSeriesEP5,mrkillseriesep5,,,,,,
2026-08-06T12:28:30.527949+00:00,20260806-122830,https://trends24.in/indonesia/,Thu Aug 06 2026 02:06:37 GMT+0000 (Coordinated Universal Time),8,kedaulatan indonesia,kedaulatan indonesia,,,,,,
2026-08-06T12:28:30.527949+00:00,20260806-122830,https://trends24.in/indonesia/,Thu Aug 06 2026 02:06:37 GMT+0000 (Coordinated Universal Time),9,berbakti diseluruh pelosok,berbakti diseluruh pelosok,,,,,,
2026-08-06T12:28:30.527949+00:00,20260806-122830,https://trends24.in/indonesia/,Thu Aug 06 2026 02:06:37 GMT+0000 (Coordinated Universal Time),10,Kamis,kamis,,,,,,
2026-08-06T12:28:30.527949+00:00,20260806-122830,https://trends24.in/indonesia/,Thu Aug 06 2026 02:06:37 GMT+0000 (Coordinated Universal Time),11,#12YearsofEXOLove,12yearsofexolove,,,,,,
2026-08-06T12:28:30.527949+00:00,20260806-122830,https://trends24.in/indonesia/,Thu Aug 06 2026 02:06:37 GMT+0000 (Coordinated Universal Time),12,#EXOL12thAnniversary,exol12thanniversary,,,,,,
2026-08-06T12:28:30.527949+00:00,20260806-122830,https://trends24.in/indonesia/,Thu Aug 06 2026 02:06:37 GMT+0000 (Coordinated Universal Time),13,Kembang,kembang,,,,,,
2026-08-06T12:28:30.527949+00:00,20260806-122830,https://trends24.in/indonesia/,Thu Aug 06 2026 02:06:37 GMT+0000 (Coordinated Universal Time),14,Pagii,pagii,,,,,,
2026-08-06T12:28:30.527949+00:00,20260806-122830,https://trends24.in/indonesia/,Thu Aug 06 2026 02:06:37 GMT+0000 (Coordinated Universal Time),15,Nikita Bier,nikita bier,,,,,,
2026-08-06T12:28:30.527949+00:00,20260806-122830,https://trends24.in/indonesia/,Thu Aug 06 2026 02:06:37 GMT+0000 (Coordinated Universal Time),16,TREASURE,treasure,,,,,,
2026-08-06T12:28:30.527949+00:00,20260806-122830,https://trends24.in/indonesia/,Thu Aug 06 2026 02:06:37 GMT+0000 (Coordinated Universal Time),17,Chitato & Chitato Lite,chitato & chitato lite,,,,,,
2026-08-06T12:28:30.527949+00:00,20260806-122830,https://trends24.in/indonesia/,Thu Aug 06 2026 02:06:37 GMT+0000 (Coordinated Universal Time),18,Sarapan,sarapan,,,,,,
2026-08-06T12:28:30.527949+00:00,20260806-122830,https://trends24.in/indonesia/,Thu Aug 06 2026 02:06:37 GMT+0000 (Coordinated Universal Time),19,THE BOYZ,the boyz,,,,,,
2026-08-06T12:28:30.527949+00:00,20260806-122830,https://trends24.in/indonesia/,Thu Aug 06 2026 02:06:37 GMT+0000 (Coordinated Universal Time),20,L1485 ALWAYS,l1485 always,,,,,,
2026-08-06T12:28:30.527949+00:00,20260806-122830,https://trends24.in/indonesia/,Thu Aug 06 2026 02:06:37 GMT+0000 (Coordinated Universal Time),21,MOONSHADOW SPECIAL EP,moonshadow special ep,,,,,,
2026-08-06T12:28:30.527949+00:00,20260806-122830,https://trends24.in/indonesia/,Thu Aug 06 2026 02:06:37 GMT+0000 (Coordinated Universal Time),22,generasi bergizi,generasi bergizi,,,,,,
2026-08-06T12:28:30.527949+00:00,20260806-122830,https://trends24.in/indonesia/,Thu Aug 06 2026 02:06:37 GMT+0000 (Coordinated Universal Time),23,XL POIN,xl poin,,,,,,
2026-08-06T12:28:30.527949+00:00,20260806-122830,https://trends24.in/indonesia/,Thu Aug 06 2026 02:06:37 GMT+0000 (Coordinated Universal Time),24,Nakes,nakes,,,,,,
2026-08-06T12:28:30.527949+00:00,20260806-122830,https://trends24.in/indonesia/,Thu Aug 06 2026 02:06:37 GMT+0000 (Coordinated Universal Time),25,Semangat,semangat,,,,,,
2026-08-06T12:28:30.527949+00:00,20260806-122830,https://trends24.in/indonesia/,Thu Aug 06 2026 02:06:37 GMT+0000 (Coordinated Universal Time),26,Trabzonspor,trabzonspor,,,,,,
2026-08-06T12:28:30.527949+00:00,20260806-122830,https://trends24.in/indonesia/,Thu Aug 06 2026 02:06:37 GMT+0000 (Coordinated Universal Time),27,BOSTON RUNS WITH JIN,boston runs with jin,,,,,,
2026-08-06T12:28:30.527949+00:00,20260806-122830,https://trends24.in/indonesia/,Thu Aug 06 2026 02:06:37 GMT+0000 (Coordinated Universal Time),28,Casemiro,casemiro,,,,,,
2026-08-06T12:28:30.527949+00:00,20260806-122830,https://trends24.in/indonesia/,Thu Aug 06 2026 02:06:37 GMT+0000 (Coordinated Universal Time),29,Morningg,morningg,,,,,,
2026-08-06T12:28:30.527949+00:00,20260806-122830,https://trends24.in/indonesia/,Thu Aug 06 2026 02:06:37 GMT+0000 (Coordinated Universal Time),30,Vini,vini,,,,,,
2026-08-06T12:28:30.527949+00:00,20260806-122830,https://trends24.in/indonesia/,Thu Aug 06 2026 02:06:37 GMT+0000 (Coordinated Universal Time),31,perthdomiia radiant glow,perthdomiia radiant glow,,,,,,
2026-08-06T12:28:30.527949+00:00,20260806-122830,https://trends24.in/indonesia/,Thu Aug 06 2026 02:06:37 GMT+0000 (Coordinated Universal Time),32,GLOW BEST WITH EST,glow best with est,,,,,,
2026-08-06T12:28:30.527949+00:00,20260806-122830,https://trends24.in/indonesia/,Thu Aug 06 2026 02:06:37 GMT+0000 (Coordinated Universal Time),33,The Grim Lover Q20,the grim lover q20,,,,,,
2026-08-06T12:28:30.527949+00:00,20260806-122830,https://trends24.in/indonesia/,Thu Aug 06 2026 02:06:37 GMT+0000 (Coordinated Universal Time),34,Messi,messi,,,,,,
2026-08-06T12:28:30.527949+00:00,20260806-122830,https://trends24.in/indonesia/,Thu Aug 06 2026 02:06:37 GMT+0000 (Coordinated Universal Time),35,UNIQLO FW2026 X SKY,uniqlo fw2026 x sky,,,,,,
2026-08-06T12:28:30.527949+00:00,20260806-122830,https://trends24.in/indonesia/,Thu Aug 06 2026 02:06:37 GMT+0000 (Coordinated Universal Time),36,jeno jaemin,jeno jaemin,,,,,,
2026-08-06T12:28:30.527949+00:00,20260806-122830,https://trends24.in/indonesia/,Thu Aug 06 2026 02:06:37 GMT+0000 (Coordinated Universal Time),37,Perez Hilton,perez hilton,,,,,,
2026-08-06T12:28:30.527949+00:00,20260806-122830,https://trends24.in/indonesia/,Thu Aug 06 2026 02:06:37 GMT+0000 (Coordinated Universal Time),38,Pascol,pascol,,,,,,
2026-08-06T12:28:30.527949+00:00,20260806-122830,https://trends24.in/indonesia/,Thu Aug 06 2026 02:06:37 GMT+0000 (Coordinated Universal Time),39,Pangandaran,pangandaran,,,,,,
2026-08-06T12:28:30.527949+00:00,20260806-122830,https://trends24.in/indonesia/,Thu Aug 06 2026 02:06:37 GMT+0000 (Coordinated Universal Time),40,respect juhoon's rights,respect juhoon's rights,,,,,,
2026-08-06T12:28:30.527949+00:00,20260806-122830,https://trends24.in/indonesia/,Thu Aug 06 2026 02:06:37 GMT+0000 (Coordinated Universal Time),41,FOURTH 1ST SOLO CONCERT,fourth 1st solo concert,,,,,,
2026-08-06T12:28:30.527949+00:00,20260806-122830,https://trends24.in/indonesia/,Thu Aug 06 2026 02:06:37 GMT+0000 (Coordinated Universal Time),42,GOAT,goat,,,,,,
2026-08-06T12:28:30.527949+00:00,20260806-122830,https://trends24.in/indonesia/,Thu Aug 06 2026 02:06:37 GMT+0000 (Coordinated Universal Time),43,$LESTER,$lester,,,,,,
2026-08-06T12:28:30.527949+00:00,20260806-122830,https://trends24.in/indonesia/,Thu Aug 06 2026 02:06:37 GMT+0000 (Coordinated Universal Time),44,EXO-L,exo-l,,,,,,
2026-08-06T12:28:30.527949+00:00,20260806-122830,https://trends24.in/indonesia/,Thu Aug 06 2026 02:06:37 GMT+0000 (Coordinated Universal Time),45,Dokter,dokter,,,,,,
2026-08-06T12:28:30.527949+00:00,20260806-122830,https://trends24.in/indonesia/,Thu Aug 06 2026 02:06:37 GMT+0000 (Coordinated Universal Time),46,Rabu,rabu,,,,,,
2026-08-06T12:28:30.527949+00:00,20260806-122830,https://trends24.in/indonesia/,Thu Aug 06 2026 02:06:37 GMT+0000 (Coordinated Universal Time),47,Kukus,kukus,,,,,,
2026-08-06T12:28:30.527949+00:00,20260806-122830,https://trends24.in/indonesia/,Thu Aug 06 2026 02:06:37 GMT+0000 (Coordinated Universal Time),48,Yurizal,yurizal,,,,,,
2026-08-06T12:28:30.527949+00:00,20260806-122830,https://trends24.in/indonesia/,Thu Aug 06 2026 02:06:37 GMT+0000 (Coordinated Universal Time),49,Karin,karin,,,,,,
2026-08-06T12:28:30.527949+00:00,20260806-122830,https://trends24.in/indonesia/,Thu Aug 06 2026 02:06:37 GMT+0000 (Coordinated Universal Time),50,JUNIORMARKMO HI SUNNYMOON,juniormarkmo hi sunnymoon,,,,,,
2026-08-06T12:28:30.527949+00:00,20260806-122830,https://trends24.in/indonesia/,Thu Aug 06 2026 01:15:47 GMT+0000 (Coordinated Universal Time),1,BERSAMA PASTI ADA JALAN,bersama pasti ada jalan,,,,,,
2026-08-06T12:28:30.527949+00:00,20260806-122830,https://trends24.in/indonesia/,Thu Aug 06 2026 01:15:47 GMT+0000 (Coordinated Universal Time),2,#SFxJossGawinGuinzly,sfxjossgawinguinzly,,,,,,
2026-08-06T12:28:30.527949+00:00,20260806-122830,https://trends24.in/indonesia/,Thu Aug 06 2026 01:15:47 GMT+0000 (Coordinated Universal Time),3,JGG FAM SPIDER MAN,jgg fam spider man,,,,,,
2026-08-06T12:28:30.527949+00:00,20260806-122830,https://trends24.in/indonesia/,Thu Aug 06 2026 01:15:47 GMT+0000 (Coordinated Universal Time),4,#MakeTheWaveYouLite,makethewaveyoulite,,,,,,
2026-08-06T12:28:30.527949+00:00,20260806-122830,https://trends24.in/indonesia/,Thu Aug 06 2026 01:15:47 GMT+0000 (Coordinated Universal Time),5,#MrKillSeriesEP5,mrkillseriesep5,,,,,,
2026-08-06T12:28:30.527949+00:00,20260806-122830,https://trends24.in/indonesia/,Thu Aug 06 2026 01:15:47 GMT+0000 (Coordinated Universal Time),6,BPJS,bpjs,,,,,,
2026-08-06T12:28:30.527949+00:00,20260806-122830,https://trends24.in/indonesia/,Thu Aug 06 2026 01:15:47 GMT+0000 (Coordinated Universal Time),7,Brewers,brewers,,,,,,
2026-08-06T12:28:30.527949+00:00,20260806-122830,https://trends24.in/indonesia/,Thu Aug 06 2026 01:15:47 GMT+0000 (Coordinated Universal Time),8,gojek,gojek,,,,,,
2026-08-06T12:28:30.527949+00:00,20260806-122830,https://trends24.in/indonesia/,Thu Aug 06 2026 01:15:47 GMT+0000 (Coordinated Universal Time),9,Nikita Bier,nikita bier,,,,,,
2026-08-06T12:28:30.527949+00:00,20260806-122830,https://trends24.in/indonesia/,Thu Aug 06 2026 01:15:47 GMT+0000 (Coordinated Universal Time),10,kedaulatan indonesia,kedaulatan indonesia,,,,,,
2026-08-06T12:28:30.527949+00:00,20260806-122830,https://trends24.in/indonesia/,Thu Aug 06 2026 01:15:47 GMT+0000 (Coordinated Universal Time),11,Kamis,kamis,,,,,,
2026-08-06T12:28:30.527949+00:00,20260806-122830,https://trends24.in/indonesia/,Thu Aug 06 2026 01:15:47 GMT+0000 (Coordinated Universal Time),12,#12YearsofEXOLove,12yearsofexolove,,,,,,
2026-08-06T12:28:30.527949+00:00,20260806-122830,https://trends24.in/indonesia/,Thu Aug 06 2026 01:15:47 GMT+0000 (Coordinated Universal Time),13,#EXOL12thAnniversary,exol12thanniversary,,,,,,
2026-08-06T12:28:30.527949+00:00,20260806-122830,https://trends24.in/indonesia/,Thu Aug 06 2026 01:15:47 GMT+0000 (Coordinated Universal Time),14,berbakti diseluruh pelosok,berbakti diseluruh pelosok,,,,,,
2026-08-06T12:28:30.527949+00:00,20260806-122830,https://trends24.in/indonesia/,Thu Aug 06 2026 01:15:47 GMT+0000 (Coordinated Universal Time),15,Kembang,kembang,,,,,,
2026-08-06T12:28:30.527949+00:00,20260806-122830,https://trends24.in/indonesia/,Thu Aug 06 2026 01:15:47 GMT+0000 (Coordinated Universal Time),16,Pagii,pagii,,,,,,
2026-08-06T12:28:30.527949+00:00,20260806-122830,https://trends24.in/indonesia/,Thu Aug 06 2026 01:15:47 GMT+0000 (Coordinated Universal Time),17,el clasico indonesia,el clasico indonesia,,,,,,
2026-08-06T12:28:30.527949+00:00,20260806-122830,https://trends24.in/indonesia/,Thu Aug 06 2026 01:15:47 GMT+0000 (Coordinated Universal Time),18,TREASURE,treasure,,,,,,
2026-08-06T12:28:30.527949+00:00,20260806-122830,https://trends24.in/indonesia/,Thu Aug 06 2026 01:15:47 GMT+0000 (Coordinated Universal Time),19,L1485 ALWAYS,l1485 always,,,,,,
2026-08-06T12:28:30.527949+00:00,20260806-122830,https://trends24.in/indonesia/,Thu Aug 06 2026 01:15:47 GMT+0000 (Coordinated Universal Time),20,Chitato & Chitato Lite,chitato & chitato lite,,,,,,
2026-08-06T12:28:30.527949+00:00,20260806-122830,https://trends24.in/indonesia/,Thu Aug 06 2026 01:15:47 GMT+0000 (Coordinated Universal Time),21,MOONSHADOW SPECIAL EP,moonshadow special ep,,,,,,
2026-08-06T12:28:30.527949+00:00,20260806-122830,https://trends24.in/indonesia/,Thu Aug 06 2026 01:15:47 GMT+0000 (Coordinated Universal Time),22,generasi bergizi,generasi bergizi,,,,,,
2026-08-06T12:28:30.527949+00:00,20260806-122830,https://trends24.in/indonesia/,Thu Aug 06 2026 01:15:47 GMT+0000 (Coordinated Universal Time),23,THE BOYZ,the boyz,,,,,,
2026-08-06T12:28:30.527949+00:00,20260806-122830,https://trends24.in/indonesia/,Thu Aug 06 2026 01:15:47 GMT+0000 (Coordinated Universal Time),24,Morningg,morningg,,,,,,
2026-08-06T12:28:30.527949+00:00,20260806-122830,https://trends24.in/indonesia/,Thu Aug 06 2026 01:15:47 GMT+0000 (Coordinated Universal Time),25,XL POIN,xl poin,,,,,,
2026-08-06T12:28:30.527949+00:00,20260806-122830,https://trends24.in/indonesia/,Thu Aug 06 2026 01:15:47 GMT+0000 (Coordinated Universal Time),26,Nakes,nakes,,,,,,
2026-08-06T12:28:30.527949+00:00,20260806-122830,https://trends24.in/indonesia/,Thu Aug 06 2026 01:15:47 GMT+0000 (Coordinated Universal Time),27,Semangat,semangat,,,,,,
2026-08-06T12:28:30.527949+00:00,20260806-122830,https://trends24.in/indonesia/,Thu Aug 06 2026 01:15:47 GMT+0000 (Coordinated Universal Time),28,Boston,boston,,,,,,
2026-08-06T12:28:30.527949+00:00,20260806-122830,https://trends24.in/indonesia/,Thu Aug 06 2026 01:15:47 GMT+0000 (Coordinated Universal Time),29,Trabzonspor,trabzonspor,,,,,,
2026-08-06T12:28:30.527949+00:00,20260806-122830,https://trends24.in/indonesia/,Thu Aug 06 2026 01:15:47 GMT+0000 (Coordinated Universal Time),30,Vini,vini,,,,,,
2026-08-06T12:28:30.527949+00:00,20260806-122830,https://trends24.in/indonesia/,Thu Aug 06 2026 01:15:47 GMT+0000 (Coordinated Universal Time),31,Burnout,burnout,,,,,,
2026-08-06T12:28:30.527949+00:00,20260806-122830,https://trends24.in/indonesia/,Thu Aug 06 2026 01:15:47 GMT+0000 (Coordinated Universal Time),32,perthdomiia radiant glow,perthdomiia radiant glow,,,,,,
2026-08-06T12:28:30.527949+00:00,20260806-122830,https://trends24.in/indonesia/,Thu Aug 06 2026 01:15:47 GMT+0000 (Coordinated Universal Time),33,GLOW BEST WITH EST,glow best with est,,,,,,
2026-08-06T12:28:30.527949+00:00,20260806-122830,https://trends24.in/indonesia/,Thu Aug 06 2026 01:15:47 GMT+0000 (Coordinated Universal Time),34,The Grim Lover Q20,the grim lover q20,,,,,,
2026-08-06T12:28:30.527949+00:00,20260806-122830,https://trends24.in/indonesia/,Thu Aug 06 2026 01:15:47 GMT+0000 (Coordinated Universal Time),35,UNIQLO FW2026 X SKY,uniqlo fw2026 x sky,,,,,,
2026-08-06T12:28:30.527949+00:00,20260806-122830,https://trends24.in/indonesia/,Thu Aug 06 2026 01:15:47 GMT+0000 (Coordinated Universal Time),36,jeno jaemin,jeno jaemin,,,,,,
2026-08-06T12:28:30.527949+00:00,20260806-122830,https://trends24.in/indonesia/,Thu Aug 06 2026 01:15:47 GMT+0000 (Coordinated Universal Time),37,Sarapan,sarapan,,,,,,
2026-08-06T12:28:30.527949+00:00,20260806-122830,https://trends24.in/indonesia/,Thu Aug 06 2026 01:15:47 GMT+0000 (Coordinated Universal Time),38,Perez Hilton,perez hilton,,,,,,
2026-08-06T12:28:30.527949+00:00,20260806-122830,https://trends24.in/indonesia/,Thu Aug 06 2026 01:15:47 GMT+0000 (Coordinated Universal Time),39,Pangandaran,pangandaran,,,,,,
2026-08-06T12:28:30.527949+00:00,20260806-122830,https://trends24.in/indonesia/,Thu Aug 06 2026 01:15:47 GMT+0000 (Coordinated Universal Time),40,respect juhoon's rights,respect juhoon's rights,,,,,,
2026-08-06T12:28:30.527949+00:00,20260806-122830,https://trends24.in/indonesia/,Thu Aug 06 2026 01:15:47 GMT+0000 (Coordinated Universal Time),41,Waalaikumsalam,waalaikumsalam,,,,,,
2026-08-06T12:28:30.527949+00:00,20260806-122830,https://trends24.in/indonesia/,Thu Aug 06 2026 01:15:47 GMT+0000 (Coordinated Universal Time),42,Pascol,pascol,,,,,,
2026-08-06T12:28:30.527949+00:00,20260806-122830,https://trends24.in/indonesia/,Thu Aug 06 2026 01:15:47 GMT+0000 (Coordinated Universal Time),43,spiderman with nn ac,spiderman with nn ac,,,,,,
2026-08-06T12:28:30.527949+00:00,20260806-122830,https://trends24.in/indonesia/,Thu Aug 06 2026 01:15:47 GMT+0000 (Coordinated Universal Time),44,FOURTH 1ST SOLO CONCERT,fourth 1st solo concert,,,,,,
2026-08-06T12:28:30.527949+00:00,20260806-122830,https://trends24.in/indonesia/,Thu Aug 06 2026 01:15:47 GMT+0000 (Coordinated Universal Time),45,$LESTER,$lester,,,,,,
2026-08-06T12:28:30.527949+00:00,20260806-122830,https://trends24.in/indonesia/,Thu Aug 06 2026 01:15:47 GMT+0000 (Coordinated Universal Time),46,EXO-L,exo-l,,,,,,
2026-08-06T12:28:30.527949+00:00,20260806-122830,https://trends24.in/indonesia/,Thu Aug 06 2026 01:15:47 GMT+0000 (Coordinated Universal Time),47,Dokter,dokter,,,,,,
2026-08-06T12:28:30.527949+00:00,20260806-122830,https://trends24.in/indonesia/,Thu Aug 06 2026 01:15:47 GMT+0000 (Coordinated Universal Time),48,Rabu,rabu,,,,,,
2026-08-06T12:28:30.527949+00:00,20260806-122830,https://trends24.in/indonesia/,Thu Aug 06 2026 01:15:47 GMT+0000 (Coordinated Universal Time),49,Bangun,bangun,,,,,,
2026-08-06T12:28:30.527949+00:00,20260806-122830,https://trends24.in/indonesia/,Thu Aug 06 2026 01:15:47 GMT+0000 (Coordinated Universal Time),50,Yurizal,yurizal,,,,,,
2026-08-06T12:28:30.527949+00:00,20260806-122830,https://trends24.in/indonesia/,Thu Aug 06 2026 00:24:28 GMT+0000 (Coordinated Universal Time),1,BERSAMA PASTI ADA JALAN,bersama pasti ada jalan,,,,,,
2026-08-06T12:28:30.527949+00:00,20260806-122830,https://trends24.in/indonesia/,Thu Aug 06 2026 00:24:28 GMT+0000 (Coordinated Universal Time),2,#SFxJossGawinGuinzly,sfxjossgawinguinzly,,,,,,
2026-08-06T12:28:30.527949+00:00,20260806-122830,https://trends24.in/indonesia/,Thu Aug 06 2026 00:24:28 GMT+0000 (Coordinated Universal Time),3,JGG FAM SPIDER MAN,jgg fam spider man,,,,,,
2026-08-06T12:28:30.527949+00:00,20260806-122830,https://trends24.in/indonesia/,Thu Aug 06 2026 00:24:28 GMT+0000 (Coordinated Universal Time),4,#MakeTheWaveYouLite,makethewaveyoulite,,,,,,
2026-08-06T12:28:30.527949+00:00,20260806-122830,https://trends24.in/indonesia/,Thu Aug 06 2026 00:24:28 GMT+0000 (Coordinated Universal Time),5,#MrKillSeriesEP5,mrkillseriesep5,,,,,,
2026-08-06T12:28:30.527949+00:00,20260806-122830,https://trends24.in/indonesia/,Thu Aug 06 2026 00:24:28 GMT+0000 (Coordinated Universal Time),6,BPJS,bpjs,,,,,,
2026-08-06T12:28:30.527949+00:00,20260806-122830,https://trends24.in/indonesia/,Thu Aug 06 2026 00:24:28 GMT+0000 (Coordinated Universal Time),7,Brewers,brewers,,,,,,
2026-08-06T12:28:30.527949+00:00,20260806-122830,https://trends24.in/indonesia/,Thu Aug 06 2026 00:24:28 GMT+0000 (Coordinated Universal Time),8,gojek,gojek,,,,,,
2026-08-06T12:28:30.527949+00:00,20260806-122830,https://trends24.in/indonesia/,Thu Aug 06 2026 00:24:28 GMT+0000 (Coordinated Universal Time),9,kedaulatan indonesia,kedaulatan indonesia,,,,,,
2026-08-06T12:28:30.527949+00:00,20260806-122830,https://trends24.in/indonesia/,Thu Aug 06 2026 00:24:28 GMT+0000 (Coordinated Universal Time),10,#EXOL12thAnniversary,exol12thanniversary,,,,,,
2026-08-06T12:28:30.527949+00:00,20260806-122830,https://trends24.in/indonesia/,Thu Aug 06 2026 00:24:28 GMT+0000 (Coordinated Universal Time),11,#12YearsofEXOLove,12yearsofexolove,,,,,,
2026-08-06T12:28:30.527949+00:00,20260806-122830,https://trends24.in/indonesia/,Thu Aug 06 2026 00:24:28 GMT+0000 (Coordinated Universal Time),12,berbakti diseluruh pelosok,berbakti diseluruh pelosok,,,,,,
2026-08-06T12:28:30.527949+00:00,20260806-122830,https://trends24.in/indonesia/,Thu Aug 06 2026 00:24:28 GMT+0000 (Coordinated Universal Time),13,Kamis,kamis,,,,,,
2026-08-06T12:28:30.527949+00:00,20260806-122830,https://trends24.in/indonesia/,Thu Aug 06 2026 00:24:28 GMT+0000 (Coordinated Universal Time),14,Pagii,pagii,,,,,,
2026-08-06T12:28:30.527949+00:00,20260806-122830,https://trends24.in/indonesia/,Thu Aug 06 2026 00:24:28 GMT+0000 (Coordinated Universal Time),15,Nikita Bier,nikita bier,,,,,,
2026-08-06T12:28:30.527949+00:00,20260806-122830,https://trends24.in/indonesia/,Thu Aug 06 2026 00:24:28 GMT+0000 (Coordinated Universal Time),16,TREASURE,treasure,,,,,,
2026-08-06T12:28:30.527949+00:00,20260806-122830,https://trends24.in/indonesia/,Thu Aug 06 2026 00:24:28 GMT+0000 (Coordinated Universal Time),17,el clasico indonesia,el clasico indonesia,,,,,,
2026-08-06T12:28:30.527949+00:00,20260806-122830,https://trends24.in/indonesia/,Thu Aug 06 2026 00:24:28 GMT+0000 (Coordinated Universal Time),18,Kembang,kembang,,,,,,
2026-08-06T12:28:30.527949+00:00,20260806-122830,https://trends24.in/indonesia/,Thu Aug 06 2026 00:24:28 GMT+0000 (Coordinated Universal Time),19,Chitato & Chitato Lite,chitato & chitato lite,,,,,,
2026-08-06T12:28:30.527949+00:00,20260806-122830,https://trends24.in/indonesia/,Thu Aug 06 2026 00:24:28 GMT+0000 (Coordinated Universal Time),20,L1485 ALWAYS,l1485 always,,,,,,
2026-08-06T12:28:30.527949+00:00,20260806-122830,https://trends24.in/indonesia/,Thu Aug 06 2026 00:24:28 GMT+0000 (Coordinated Universal Time),21,MOONSHADOW SPECIAL EP,moonshadow special ep,,,,,,
2026-08-06T12:28:30.527949+00:00,20260806-122830,https://trends24.in/indonesia/,Thu Aug 06 2026 00:24:28 GMT+0000 (Coordinated Universal Time),22,generasi bergizi,generasi bergizi,,,,,,
2026-08-06T12:28:30.527949+00:00,20260806-122830,https://trends24.in/indonesia/,Thu Aug 06 2026 00:24:28 GMT+0000 (Coordinated Universal Time),23,BOSTON RUNS WITH JIN,boston runs with jin,,,,,,
2026-08-06T12:28:30.527949+00:00,20260806-122830,https://trends24.in/indonesia/,Thu Aug 06 2026 00:24:28 GMT+0000 (Coordinated Universal Time),24,XL POIN,xl poin,,,,,,
2026-08-06T12:28:30.527949+00:00,20260806-122830,https://trends24.in/indonesia/,Thu Aug 06 2026 00:24:28 GMT+0000 (Coordinated Universal Time),25,Nakes,nakes,,,,,,
2026-08-06T12:28:30.527949+00:00,20260806-122830,https://trends24.in/indonesia/,Thu Aug 06 2026 00:24:28 GMT+0000 (Coordinated Universal Time),26,Trabzonspor,trabzonspor,,,,,,
2026-08-06T12:28:30.527949+00:00,20260806-122830,https://trends24.in/indonesia/,Thu Aug 06 2026 00:24:28 GMT+0000 (Coordinated Universal Time),27,GLOW BEST WITH EST,glow best with est,,,,,,
2026-08-06T12:28:30.527949+00:00,20260806-122830,https://trends24.in/indonesia/,Thu Aug 06 2026 00:24:28 GMT+0000 (Coordinated Universal Time),28,Burnout,burnout,,,,,,
2026-08-06T12:28:30.527949+00:00,20260806-122830,https://trends24.in/indonesia/,Thu Aug 06 2026 00:24:28 GMT+0000 (Coordinated Universal Time),29,PERTHDOMIIA RADIANT GLOW,perthdomiia radiant glow,,,,,,
2026-08-06T12:28:30.527949+00:00,20260806-122830,https://trends24.in/indonesia/,Thu Aug 06 2026 00:24:28 GMT+0000 (Coordinated Universal Time),30,Vini,vini,,,,,,
2026-08-06T12:28:30.527949+00:00,20260806-122830,https://trends24.in/indonesia/,Thu Aug 06 2026 00:24:28 GMT+0000 (Coordinated Universal Time),31,The Grim Lover Q20,the grim lover q20,,,,,,
2026-08-06T12:28:30.527949+00:00,20260806-122830,https://trends24.in/indonesia/,Thu Aug 06 2026 00:24:28 GMT+0000 (Coordinated Universal Time),32,UNIQLO FW2026 X SKY,uniqlo fw2026 x sky,,,,,,
2026-08-06T12:28:30.527949+00:00,20260806-122830,https://trends24.in/indonesia/,Thu Aug 06 2026 00:24:28 GMT+0000 (Coordinated Universal Time),33,Pascol,pascol,,,,,,
2026-08-06T12:28:30.527949+00:00,20260806-122830,https://trends24.in/indonesia/,Thu Aug 06 2026 00:24:28 GMT+0000 (Coordinated Universal Time),34,Pangandaran,pangandaran,,,,,,
2026-08-06T12:28:30.527949+00:00,20260806-122830,https://trends24.in/indonesia/,Thu Aug 06 2026 00:24:28 GMT+0000 (Coordinated Universal Time),35,respect juhoon's rights,respect juhoon's rights,,,,,,
2026-08-06T12:28:30.527949+00:00,20260806-122830,https://trends24.in/indonesia/,Thu Aug 06 2026 00:24:28 GMT+0000 (Coordinated Universal Time),36,Semangat,semangat,,,,,,
2026-08-06T12:28:30.527949+00:00,20260806-122830,https://trends24.in/indonesia/,Thu Aug 06 2026 00:24:28 GMT+0000 (Coordinated Universal Time),37,spiderman with nn ac,spiderman with nn ac,,,,,,
2026-08-06T12:28:30.527949+00:00,20260806-122830,https://trends24.in/indonesia/,Thu Aug 06 2026 00:24:28 GMT+0000 (Coordinated Universal Time),38,FOURTH 1ST SOLO CONCERT,fourth 1st solo concert,,,,,,
2026-08-06T12:28:30.527949+00:00,20260806-122830,https://trends24.in/indonesia/,Thu Aug 06 2026 00:24:28 GMT+0000 (Coordinated Universal Time),39,EXO-L,exo-l,,,,,,
2026-08-06T12:28:30.527949+00:00,20260806-122830,https://trends24.in/indonesia/,Thu Aug 06 2026 00:24:28 GMT+0000 (Coordinated Universal Time),40,Morninggg,morninggg,,,,,,
2026-08-06T12:28:30.527949+00:00,20260806-122830,https://trends24.in/indonesia/,Thu Aug 06 2026 00:24:28 GMT+0000 (Coordinated Universal Time),41,Rabu,rabu,,,,,,
2026-08-06T12:28:30.527949+00:00,20260806-122830,https://trends24.in/indonesia/,Thu Aug 06 2026 00:24:28 GMT+0000 (Coordinated Universal Time),42,Dokter,dokter,,,,,,
2026-08-06T12:28:30.527949+00:00,20260806-122830,https://trends24.in/indonesia/,Thu Aug 06 2026 00:24:28 GMT+0000 (Coordinated Universal Time),43,$LESTER,$lester,,,,,,
2026-08-06T12:28:30.527949+00:00,20260806-122830,https://trends24.in/indonesia/,Thu Aug 06 2026 00:24:28 GMT+0000 (Coordinated Universal Time),44,Yurizal,yurizal,,,,,,
2026-08-06T12:28:30.527949+00:00,20260806-122830,https://trends24.in/indonesia/,Thu Aug 06 2026 00:24:28 GMT+0000 (Coordinated Universal Time),45,JUNIORMARKMO HI SUNNYMOON,juniormarkmo hi sunnymoon,,,,,,
2026-08-06T12:28:30.527949+00:00,20260806-122830,https://trends24.in/indonesia/,Thu Aug 06 2026 00:24:28 GMT+0000 (Coordinated Universal Time),46,Love Destiny EP4,love destiny ep4,,,,,,
2026-08-06T12:28:30.527949+00:00,20260806-122830,https://trends24.in/indonesia/,Thu Aug 06 2026 00:24:28 GMT+0000 (Coordinated Universal Time),47,Perez Hilton,perez hilton,,,,,,
2026-08-06T12:28:30.527949+00:00,20260806-122830,https://trends24.in/indonesia/,Thu Aug 06 2026 00:24:28 GMT+0000 (Coordinated Universal Time),48,Mo Salah,mo salah,,,,,,
2026-08-06T12:28:30.527949+00:00,20260806-122830,https://trends24.in/indonesia/,Thu Aug 06 2026 00:24:28 GMT+0000 (Coordinated Universal Time),49,Arsenal,arsenal,,,,,,
2026-08-06T12:28:30.527949+00:00,20260806-122830,https://trends24.in/indonesia/,Thu Aug 06 2026 00:24:28 GMT+0000 (Coordinated Universal Time),50,Nobel,nobel,,,,,,
2026-08-06T12:28:30.527949+00:00,20260806-122830,https://trends24.in/indonesia/,Thu Aug 06 2026 00:24:18 GMT+0000 (Coordinated Universal Time),1,BERSAMA PASTI ADA JALAN,bersama pasti ada jalan,,,,,,
2026-08-06T12:28:30.527949+00:00,20260806-122830,https://trends24.in/indonesia/,Thu Aug 06 2026 00:24:18 GMT+0000 (Coordinated Universal Time),2,#SFxJossGawinGuinzly,sfxjossgawinguinzly,,,,,,
2026-08-06T12:28:30.527949+00:00,20260806-122830,https://trends24.in/indonesia/,Thu Aug 06 2026 00:24:18 GMT+0000 (Coordinated Universal Time),3,JGG FAM SPIDER MAN,jgg fam spider man,,,,,,
2026-08-06T12:28:30.527949+00:00,20260806-122830,https://trends24.in/indonesia/,Thu Aug 06 2026 00:24:18 GMT+0000 (Coordinated Universal Time),4,#MakeTheWaveYouLite,makethewaveyoulite,,,,,,
2026-08-06T12:28:30.527949+00:00,20260806-122830,https://trends24.in/indonesia/,Thu Aug 06 2026 00:24:18 GMT+0000 (Coordinated Universal Time),5,#MrKillSeriesEP5,mrkillseriesep5,,,,,,
2026-08-06T12:28:30.527949+00:00,20260806-122830,https://trends24.in/indonesia/,Thu Aug 06 2026 00:24:18 GMT+0000 (Coordinated Universal Time),6,BPJS,bpjs,,,,,,
2026-08-06T12:28:30.527949+00:00,20260806-122830,https://trends24.in/indonesia/,Thu Aug 06 2026 00:24:18 GMT+0000 (Coordinated Universal Time),7,Brewers,brewers,,,,,,
2026-08-06T12:28:30.527949+00:00,20260806-122830,https://trends24.in/indonesia/,Thu Aug 06 2026 00:24:18 GMT+0000 (Coordinated Universal Time),8,gojek,gojek,,,,,,
2026-08-06T12:28:30.527949+00:00,20260806-122830,https://trends24.in/indonesia/,Thu Aug 06 2026 00:24:18 GMT+0000 (Coordinated Universal Time),9,kedaulatan indonesia,kedaulatan indonesia,,,,,,
2026-08-06T12:28:30.527949+00:00,20260806-122830,https://trends24.in/indonesia/,Thu Aug 06 2026 00:24:18 GMT+0000 (Coordinated Universal Time),10,#12YearsofEXOLove,12yearsofexolove,,,,,,
2026-08-06T12:28:30.527949+00:00,20260806-122830,https://trends24.in/indonesia/,Thu Aug 06 2026 00:24:18 GMT+0000 (Coordinated Universal Time),11,#EXOL12thAnniversary,exol12thanniversary,,,,,,
2026-08-06T12:28:30.527949+00:00,20260806-122830,https://trends24.in/indonesia/,Thu Aug 06 2026 00:24:18 GMT+0000 (Coordinated Universal Time),12,berbakti diseluruh pelosok,berbakti diseluruh pelosok,,,,,,
2026-08-06T12:28:30.527949+00:00,20260806-122830,https://trends24.in/indonesia/,Thu Aug 06 2026 00:24:18 GMT+0000 (Coordinated Universal Time),13,Kamis,kamis,,,,,,
2026-08-06T12:28:30.527949+00:00,20260806-122830,https://trends24.in/indonesia/,Thu Aug 06 2026 00:24:18 GMT+0000 (Coordinated Universal Time),14,Pagii,pagii,,,,,,
2026-08-06T12:28:30.527949+00:00,20260806-122830,https://trends24.in/indonesia/,Thu Aug 06 2026 00:24:18 GMT+0000 (Coordinated Universal Time),15,Nikita Bier,nikita bier,,,,,,
2026-08-06T12:28:30.527949+00:00,20260806-122830,https://trends24.in/indonesia/,Thu Aug 06 2026 00:24:18 GMT+0000 (Coordinated Universal Time),16,TREASURE,treasure,,,,,,
2026-08-06T12:28:30.527949+00:00,20260806-122830,https://trends24.in/indonesia/,Thu Aug 06 2026 00:24:18 GMT+0000 (Coordinated Universal Time),17,L1485 ALWAYS,l1485 always,,,,,,
2026-08-06T12:28:30.527949+00:00,20260806-122830,https://trends24.in/indonesia/,Thu Aug 06 2026 00:24:18 GMT+0000 (Coordinated Universal Time),18,el clasico indonesia,el clasico indonesia,,,,,,
2026-08-06T12:28:30.527949+00:00,20260806-122830,https://trends24.in/indonesia/,Thu Aug 06 2026 00:24:18 GMT+0000 (Coordinated Universal Time),19,Kembang,kembang,,,,,,
2026-08-06T12:28:30.527949+00:00,20260806-122830,https://trends24.in/indonesia/,Thu Aug 06 2026 00:24:18 GMT+0000 (Coordinated Universal Time),20,Chitato & Chitato Lite,chitato & chitato lite,,,,,,
2026-08-06T12:28:30.527949+00:00,20260806-122830,https://trends24.in/indonesia/,Thu Aug 06 2026 00:24:18 GMT+0000 (Coordinated Universal Time),21,MOONSHADOW SPECIAL EP,moonshadow special ep,,,,,,
2026-08-06T12:28:30.527949+00:00,20260806-122830,https://trends24.in/indonesia/,Thu Aug 06 2026 00:24:18 GMT+0000 (Coordinated Universal Time),22,generasi bergizi,generasi bergizi,,,,,,
2026-08-06T12:28:30.527949+00:00,20260806-122830,https://trends24.in/indonesia/,Thu Aug 06 2026 00:24:18 GMT+0000 (Coordinated Universal Time),23,BOSTON RUNS WITH JIN,boston runs with jin,,,,,,
2026-08-06T12:28:30.527949+00:00,20260806-122830,https://trends24.in/indonesia/,Thu Aug 06 2026 00:24:18 GMT+0000 (Coordinated Universal Time),24,XL POIN,xl poin,,,,,,
2026-08-06T12:28:30.527949+00:00,20260806-122830,https://trends24.in/indonesia/,Thu Aug 06 2026 00:24:18 GMT+0000 (Coordinated Universal Time),25,Nakes,nakes,,,,,,
2026-08-06T12:28:30.527949+00:00,20260806-122830,https://trends24.in/indonesia/,Thu Aug 06 2026 00:24:18 GMT+0000 (Coordinated Universal Time),26,Trabzonspor,trabzonspor,,,,,,
2026-08-06T12:28:30.527949+00:00,20260806-122830,https://trends24.in/indonesia/,Thu Aug 06 2026 00:24:18 GMT+0000 (Coordinated Universal Time),27,GLOW BEST WITH EST,glow best with est,,,,,,
2026-08-06T12:28:30.527949+00:00,20260806-122830,https://trends24.in/indonesia/,Thu Aug 06 2026 00:24:18 GMT+0000 (Coordinated Universal Time),28,Burnout,burnout,,,,,,
2026-08-06T12:28:30.527949+00:00,20260806-122830,https://trends24.in/indonesia/,Thu Aug 06 2026 00:24:18 GMT+0000 (Coordinated Universal Time),29,PERTHDOMIIA RADIANT GLOW,perthdomiia radiant glow,,,,,,
2026-08-06T12:28:30.527949+00:00,20260806-122830,https://trends24.in/indonesia/,Thu Aug 06 2026 00:24:18 GMT+0000 (Coordinated Universal Time),30,Vini,vini,,,,,,
2026-08-06T12:28:30.527949+00:00,20260806-122830,https://trends24.in/indonesia/,Thu Aug 06 2026 00:24:18 GMT+0000 (Coordinated Universal Time),31,The Grim Lover Q20,the grim lover q20,,,,,,
2026-08-06T12:28:30.527949+00:00,20260806-122830,https://trends24.in/indonesia/,Thu Aug 06 2026 00:24:18 GMT+0000 (Coordinated Universal Time),32,UNIQLO FW2026 X SKY,uniqlo fw2026 x sky,,,,,,
2026-08-06T12:28:30.527949+00:00,20260806-122830,https://trends24.in/indonesia/,Thu Aug 06 2026 00:24:18 GMT+0000 (Coordinated Universal Time),33,Pascol,pascol,,,,,,
2026-08-06T12:28:30.527949+00:00,20260806-122830,https://trends24.in/indonesia/,Thu Aug 06 2026 00:24:18 GMT+0000 (Coordinated Universal Time),34,Pangandaran,pangandaran,,,,,,
2026-08-06T12:28:30.527949+00:00,20260806-122830,https://trends24.in/indonesia/,Thu Aug 06 2026 00:24:18 GMT+0000 (Coordinated Universal Time),35,respect juhoon's rights,respect juhoon's rights,,,,,,
2026-08-06T12:28:30.527949+00:00,20260806-122830,https://trends24.in/indonesia/,Thu Aug 06 2026 00:24:18 GMT+0000 (Coordinated Universal Time),36,spiderman with nn ac,spiderman with nn ac,,,,,,
2026-08-06T12:28:30.527949+00:00,20260806-122830,https://trends24.in/indonesia/,Thu Aug 06 2026 00:24:18 GMT+0000 (Coordinated Universal Time),37,FOURTH 1ST SOLO CONCERT,fourth 1st solo concert,,,,,,
2026-08-06T12:28:30.527949+00:00,20260806-122830,https://trends24.in/indonesia/,Thu Aug 06 2026 00:24:18 GMT+0000 (Coordinated Universal Time),38,EXO-L,exo-l,,,,,,
2026-08-06T12:28:30.527949+00:00,20260806-122830,https://trends24.in/indonesia/,Thu Aug 06 2026 00:24:18 GMT+0000 (Coordinated Universal Time),39,Morninggg,morninggg,,,,,,
2026-08-06T12:28:30.527949+00:00,20260806-122830,https://trends24.in/indonesia/,Thu Aug 06 2026 00:24:18 GMT+0000 (Coordinated Universal Time),40,Rabu,rabu,,,,,,
2026-08-06T12:28:30.527949+00:00,20260806-122830,https://trends24.in/indonesia/,Thu Aug 06 2026 00:24:18 GMT+0000 (Coordinated Universal Time),41,Dokter,dokter,,,,,,
2026-08-06T12:28:30.527949+00:00,20260806-122830,https://trends24.in/indonesia/,Thu Aug 06 2026 00:24:18 GMT+0000 (Coordinated Universal Time),42,Semangat,semangat,,,,,,
2026-08-06T12:28:30.527949+00:00,20260806-122830,https://trends24.in/indonesia/,Thu Aug 06 2026 00:24:18 GMT+0000 (Coordinated Universal Time),43,$LESTER,$lester,,,,,,
2026-08-06T12:28:30.527949+00:00,20260806-122830,https://trends24.in/indonesia/,Thu Aug 06 2026 00:24:18 GMT+0000 (Coordinated Universal Time),44,Yurizal,yurizal,,,,,,
2026-08-06T12:28:30.527949+00:00,20260806-122830,https://trends24.in/indonesia/,Thu Aug 06 2026 00:24:18 GMT+0000 (Coordinated Universal Time),45,JUNIORMARKMO HI SUNNYMOON,juniormarkmo hi sunnymoon,,,,,,
2026-08-06T12:28:30.527949+00:00,20260806-122830,https://trends24.in/indonesia/,Thu Aug 06 2026 00:24:18 GMT+0000 (Coordinated Universal Time),46,Love Destiny EP4,love destiny ep4,,,,,,
2026-08-06T12:28:30.527949+00:00,20260806-122830,https://trends24.in/indonesia/,Thu Aug 06 2026 00:24:18 GMT+0000 (Coordinated Universal Time),47,Perez Hilton,perez hilton,,,,,,
2026-08-06T12:28:30.527949+00:00,20260806-122830,https://trends24.in/indonesia/,Thu Aug 06 2026 00:24:18 GMT+0000 (Coordinated Universal Time),48,Mo Salah,mo salah,,,,,,
2026-08-06T12:28:30.527949+00:00,20260806-122830,https://trends24.in/indonesia/,Thu Aug 06 2026 00:24:18 GMT+0000 (Coordinated Universal Time),49,Nobel,nobel,,,,,,
2026-08-06T12:28:30.527949+00:00,20260806-122830,https://trends24.in/indonesia/,Thu Aug 06 2026 00:24:18 GMT+0000 (Coordinated Universal Time),50,Arsenal,arsenal,,,,,,
2026-08-06T12:28:30.527949+00:00,20260806-122830,https://trends24.in/indonesia/,Wed Aug 05 2026 23:32:12 GMT+0000 (Coordinated Universal Time),1,Bersama Pasti Ada Jalan,bersama pasti ada jalan,,,,,,
2026-08-06T12:28:30.527949+00:00,20260806-122830,https://trends24.in/indonesia/,Wed Aug 05 2026 23:32:12 GMT+0000 (Coordinated Universal Time),2,#SFxJossGawinGuinzly,sfxjossgawinguinzly,,,,,,
2026-08-06T12:28:30.527949+00:00,20260806-122830,https://trends24.in/indonesia/,Wed Aug 05 2026 23:32:12 GMT+0000 (Coordinated Universal Time),3,JGG FAM SPIDER MAN,jgg fam spider man,,,,,,
2026-08-06T12:28:30.527949+00:00,20260806-122830,https://trends24.in/indonesia/,Wed Aug 05 2026 23:32:12 GMT+0000 (Coordinated Universal Time),4,#MakeTheWaveYouLite,makethewaveyoulite,,,,,,
2026-08-06T12:28:30.527949+00:00,20260806-122830,https://trends24.in/indonesia/,Wed Aug 05 2026 23:32:12 GMT+0000 (Coordinated Universal Time),5,#MrKillSeriesEP5,mrkillseriesep5,,,,,,
2026-08-06T12:28:30.527949+00:00,20260806-122830,https://trends24.in/indonesia/,Wed Aug 05 2026 23:32:12 GMT+0000 (Coordinated Universal Time),6,gojek,gojek,,,,,,
2026-08-06T12:28:30.527949+00:00,20260806-122830,https://trends24.in/indonesia/,Wed Aug 05 2026 23:32:12 GMT+0000 (Coordinated Universal Time),7,BPJS,bpjs,,,,,,
2026-08-06T12:28:30.527949+00:00,20260806-122830,https://trends24.in/indonesia/,Wed Aug 05 2026 23:32:12 GMT+0000 (Coordinated Universal Time),8,kedaulatan indonesia,kedaulatan indonesia,,,,,,
2026-08-06T12:28:30.527949+00:00,20260806-122830,https://trends24.in/indonesia/,Wed Aug 05 2026 23:32:12 GMT+0000 (Coordinated Universal Time),9,#12YearsofEXOLove,12yearsofexolove,,,,,,
2026-08-06T12:28:30.527949+00:00,20260806-122830,https://trends24.in/indonesia/,Wed Aug 05 2026 23:32:12 GMT+0000 (Coordinated Universal Time),10,#EXOL12thAnniversary,exol12thanniversary,,,,,,
2026-08-06T12:28:30.527949+00:00,20260806-122830,https://trends24.in/indonesia/,Wed Aug 05 2026 23:32:12 GMT+0000 (Coordinated Universal Time),11,Brewers,brewers,,,,,,
2026-08-06T12:28:30.527949+00:00,20260806-122830,https://trends24.in/indonesia/,Wed Aug 05 2026 23:32:12 GMT+0000 (Coordinated Universal Time),12,berbakti diseluruh pelosok,berbakti diseluruh pelosok,,,,,,
2026-08-06T12:28:30.527949+00:00,20260806-122830,https://trends24.in/indonesia/,Wed Aug 05 2026 23:32:12 GMT+0000 (Coordinated Universal Time),13,Nikita Bier,nikita bier,,,,,,
2026-08-06T12:28:30.527949+00:00,20260806-122830,https://trends24.in/indonesia/,Wed Aug 05 2026 23:32:12 GMT+0000 (Coordinated Universal Time),14,TREASURE,treasure,,,,,,
2026-08-06T12:28:30.527949+00:00,20260806-122830,https://trends24.in/indonesia/,Wed Aug 05 2026 23:32:12 GMT+0000 (Coordinated Universal Time),15,Chitato & Chitato Lite,chitato & chitato lite,,,,,,
2026-08-06T12:28:30.527949+00:00,20260806-122830,https://trends24.in/indonesia/,Wed Aug 05 2026 23:32:12 GMT+0000 (Coordinated Universal Time),16,L1485 ALWAYS,l1485 always,,,,,,
2026-08-06T12:28:30.527949+00:00,20260806-122830,https://trends24.in/indonesia/,Wed Aug 05 2026 23:32:12 GMT+0000 (Coordinated Universal Time),17,el clasico indonesia,el clasico indonesia,,,,,,
2026-08-06T12:28:30.527949+00:00,20260806-122830,https://trends24.in/indonesia/,Wed Aug 05 2026 23:32:12 GMT+0000 (Coordinated Universal Time),18,MOONSHADOW SPECIAL EP,moonshadow special ep,,,,,,
2026-08-06T12:28:30.527949+00:00,20260806-122830,https://trends24.in/indonesia/,Wed Aug 05 2026 23:32:12 GMT+0000 (Coordinated Universal Time),19,generasi bergizi,generasi bergizi,,,,,,
2026-08-06T12:28:30.527949+00:00,20260806-122830,https://trends24.in/indonesia/,Wed Aug 05 2026 23:32:12 GMT+0000 (Coordinated Universal Time),20,XL POIN,xl poin,,,,,,
2026-08-06T12:28:30.527949+00:00,20260806-122830,https://trends24.in/indonesia/,Wed Aug 05 2026 23:32:12 GMT+0000 (Coordinated Universal Time),21,Nakes,nakes,,,,,,
2026-08-06T12:28:30.527949+00:00,20260806-122830,https://trends24.in/indonesia/,Wed Aug 05 2026 23:32:12 GMT+0000 (Coordinated Universal Time),22,Kamis,kamis,,,,,,
2026-08-06T12:28:30.527949+00:00,20260806-122830,https://trends24.in/indonesia/,Wed Aug 05 2026 23:32:12 GMT+0000 (Coordinated Universal Time),23,Boston,boston,,,,,,
2026-08-06T12:28:30.527949+00:00,20260806-122830,https://trends24.in/indonesia/,Wed Aug 05 2026 23:32:12 GMT+0000 (Coordinated Universal Time),24,Trabzonspor,trabzonspor,,,,,,
2026-08-06T12:28:30.527949+00:00,20260806-122830,https://trends24.in/indonesia/,Wed Aug 05 2026 23:32:12 GMT+0000 (Coordinated Universal Time),25,GLOW BEST WITH EST,glow best with est,,,,,,
2026-08-06T12:28:30.527949+00:00,20260806-122830,https://trends24.in/indonesia/,Wed Aug 05 2026 23:32:12 GMT+0000 (Coordinated Universal Time),26,Arsenal,arsenal,,,,,,
2026-08-06T12:28:30.527949+00:00,20260806-122830,https://trends24.in/indonesia/,Wed Aug 05 2026 23:32:12 GMT+0000 (Coordinated Universal Time),27,Vini,vini,,,,,,
2026-08-06T12:28:30.527949+00:00,20260806-122830,https://trends24.in/indonesia/,Wed Aug 05 2026 23:32:12 GMT+0000 (Coordinated Universal Time),28,PERTHDOMIIA RADIANT GLOW,perthdomiia radiant glow,,,,,,
2026-08-06T12:28:30.527949+00:00,20260806-122830,https://trends24.in/indonesia/,Wed Aug 05 2026 23:32:12 GMT+0000 (Coordinated Universal Time),29,The Grim Lover Q20,the grim lover q20,,,,,,
2026-08-06T12:28:30.527949+00:00,20260806-122830,https://trends24.in/indonesia/,Wed Aug 05 2026 23:32:12 GMT+0000 (Coordinated Universal Time),30,UNIQLO FW2026 X SKY,uniqlo fw2026 x sky,,,,,,
2026-08-06T12:28:30.527949+00:00,20260806-122830,https://trends24.in/indonesia/,Wed Aug 05 2026 23:32:12 GMT+0000 (Coordinated Universal Time),31,Pangandaran,pangandaran,,,,,,
2026-08-06T12:28:30.527949+00:00,20260806-122830,https://trends24.in/indonesia/,Wed Aug 05 2026 23:32:12 GMT+0000 (Coordinated Universal Time),32,respect juhoon's rights,respect juhoon's rights,,,,,,
2026-08-06T12:28:30.527949+00:00,20260806-122830,https://trends24.in/indonesia/,Wed Aug 05 2026 23:32:12 GMT+0000 (Coordinated Universal Time),33,senada main puzzle,senada main puzzle,,,,,,
2026-08-06T12:28:30.527949+00:00,20260806-122830,https://trends24.in/indonesia/,Wed Aug 05 2026 23:32:12 GMT+0000 (Coordinated Universal Time),34,$LESTER,$lester,,,,,,
2026-08-06T12:28:30.527949+00:00,20260806-122830,https://trends24.in/indonesia/,Wed Aug 05 2026 23:32:12 GMT+0000 (Coordinated Universal Time),35,FOURTH 1ST SOLO CONCERT,fourth 1st solo concert,,,,,,
2026-08-06T12:28:30.527949+00:00,20260806-122830,https://trends24.in/indonesia/,Wed Aug 05 2026 23:32:12 GMT+0000 (Coordinated Universal Time),36,EXO-L,exo-l,,,,,,
2026-08-06T12:28:30.527949+00:00,20260806-122830,https://trends24.in/indonesia/,Wed Aug 05 2026 23:32:12 GMT+0000 (Coordinated Universal Time),37,Rabu,rabu,,,,,,
2026-08-06T12:28:30.527949+00:00,20260806-122830,https://trends24.in/indonesia/,Wed Aug 05 2026 23:32:12 GMT+0000 (Coordinated Universal Time),38,Pagii,pagii,,,,,,
2026-08-06T12:28:30.527949+00:00,20260806-122830,https://trends24.in/indonesia/,Wed Aug 05 2026 23:32:12 GMT+0000 (Coordinated Universal Time),39,Dokter,dokter,,,,,,
2026-08-06T12:28:30.527949+00:00,20260806-122830,https://trends24.in/indonesia/,Wed Aug 05 2026 23:32:12 GMT+0000 (Coordinated Universal Time),40,Witness Frame,witness frame,,,,,,
2026-08-06T12:28:30.527949+00:00,20260806-122830,https://trends24.in/indonesia/,Wed Aug 05 2026 23:32:12 GMT+0000 (Coordinated Universal Time),41,Yurizal,yurizal,,,,,,
2026-08-06T12:28:30.527949+00:00,20260806-122830,https://trends24.in/indonesia/,Wed Aug 05 2026 23:32:12 GMT+0000 (Coordinated Universal Time),42,JUNIORMARKMO HI SUNNYMOON,juniormarkmo hi sunnymoon,,,,,,
2026-08-06T12:28:30.527949+00:00,20260806-122830,https://trends24.in/indonesia/,Wed Aug 05 2026 23:32:12 GMT+0000 (Coordinated Universal Time),43,Love Destiny EP4,love destiny ep4,,,,,,
2026-08-06T12:28:30.527949+00:00,20260806-122830,https://trends24.in/indonesia/,Wed Aug 05 2026 23:32:12 GMT+0000 (Coordinated Universal Time),44,Perez Hilton,perez hilton,,,,,,
2026-08-06T12:28:30.527949+00:00,20260806-122830,https://trends24.in/indonesia/,Wed Aug 05 2026 23:32:12 GMT+0000 (Coordinated Universal Time),45,Nobel,nobel,,,,,,
2026-08-06T12:28:30.527949+00:00,20260806-122830,https://trends24.in/indonesia/,Wed Aug 05 2026 23:32:12 GMT+0000 (Coordinated Universal Time),46,Kimpul,kimpul,,,,,,
2026-08-06T12:28:30.527949+00:00,20260806-122830,https://trends24.in/indonesia/,Wed Aug 05 2026 23:32:12 GMT+0000 (Coordinated Universal Time),47,Mo Salah,mo salah,,,,,,
2026-08-06T12:28:30.527949+00:00,20260806-122830,https://trends24.in/indonesia/,Wed Aug 05 2026 23:32:12 GMT+0000 (Coordinated Universal Time),48,Pascol,pascol,,,,,,
2026-08-06T12:28:30.527949+00:00,20260806-122830,https://trends24.in/indonesia/,Wed Aug 05 2026 23:32:12 GMT+0000 (Coordinated Universal Time),49,Madrid,madrid,,,,,,
2026-08-06T12:28:30.527949+00:00,20260806-122830,https://trends24.in/indonesia/,Wed Aug 05 2026 23:32:12 GMT+0000 (Coordinated Universal Time),50,Kepa,kepa,,,,,,
2026-08-06T12:28:30.527949+00:00,20260806-122830,https://trends24.in/indonesia/,Wed Aug 05 2026 22:40:52 GMT+0000 (Coordinated Universal Time),1,Bersama Pasti Ada Jalan,bersama pasti ada jalan,,,,,,
2026-08-06T12:28:30.527949+00:00,20260806-122830,https://trends24.in/indonesia/,Wed Aug 05 2026 22:40:52 GMT+0000 (Coordinated Universal Time),2,#SFxJossGawinGuinzly,sfxjossgawinguinzly,,,,,,
2026-08-06T12:28:30.527949+00:00,20260806-122830,https://trends24.in/indonesia/,Wed Aug 05 2026 22:40:52 GMT+0000 (Coordinated Universal Time),3,#makethewaveyoulite,makethewaveyoulite,,,,,,
2026-08-06T12:28:30.527949+00:00,20260806-122830,https://trends24.in/indonesia/,Wed Aug 05 2026 22:40:52 GMT+0000 (Coordinated Universal Time),4,JGG FAM SPIDER MAN,jgg fam spider man,,,,,,
2026-08-06T12:28:30.527949+00:00,20260806-122830,https://trends24.in/indonesia/,Wed Aug 05 2026 22:40:52 GMT+0000 (Coordinated Universal Time),5,#MrKillSeriesEP5,mrkillseriesep5,,,,,,
2026-08-06T12:28:30.527949+00:00,20260806-122830,https://trends24.in/indonesia/,Wed Aug 05 2026 22:40:52 GMT+0000 (Coordinated Universal Time),6,gojek,gojek,,,,,,
2026-08-06T12:28:30.527949+00:00,20260806-122830,https://trends24.in/indonesia/,Wed Aug 05 2026 22:40:52 GMT+0000 (Coordinated Universal Time),7,BPJS,bpjs,,,,,,
2026-08-06T12:28:30.527949+00:00,20260806-122830,https://trends24.in/indonesia/,Wed Aug 05 2026 22:40:52 GMT+0000 (Coordinated Universal Time),8,#12YearsofEXOLove,12yearsofexolove,,,,,,
2026-08-06T12:28:30.527949+00:00,20260806-122830,https://trends24.in/indonesia/,Wed Aug 05 2026 22:40:52 GMT+0000 (Coordinated Universal Time),9,#EXOL12thAnniversary,exol12thanniversary,,,,,,
2026-08-06T12:28:30.527949+00:00,20260806-122830,https://trends24.in/indonesia/,Wed Aug 05 2026 22:40:52 GMT+0000 (Coordinated Universal Time),10,kedaulatan indonesia,kedaulatan indonesia,,,,,,
2026-08-06T12:28:30.527949+00:00,20260806-122830,https://trends24.in/indonesia/,Wed Aug 05 2026 22:40:52 GMT+0000 (Coordinated Universal Time),11,berbakti diseluruh pelosok,berbakti diseluruh pelosok,,,,,,
2026-08-06T12:28:30.527949+00:00,20260806-122830,https://trends24.in/indonesia/,Wed Aug 05 2026 22:40:52 GMT+0000 (Coordinated Universal Time),12,Nikita Bier,nikita bier,,,,,,
2026-08-06T12:28:30.527949+00:00,20260806-122830,https://trends24.in/indonesia/,Wed Aug 05 2026 22:40:52 GMT+0000 (Coordinated Universal Time),13,chitato & chitato lite,chitato & chitato lite,,,,,,
2026-08-06T12:28:30.527949+00:00,20260806-122830,https://trends24.in/indonesia/,Wed Aug 05 2026 22:40:52 GMT+0000 (Coordinated Universal Time),14,TREASURE,treasure,,,,,,
2026-08-06T12:28:30.527949+00:00,20260806-122830,https://trends24.in/indonesia/,Wed Aug 05 2026 22:40:52 GMT+0000 (Coordinated Universal Time),15,L1485 ALWAYS,l1485 always,,,,,,
2026-08-06T12:28:30.527949+00:00,20260806-122830,https://trends24.in/indonesia/,Wed Aug 05 2026 22:40:52 GMT+0000 (Coordinated Universal Time),16,el clasico indonesia,el clasico indonesia,,,,,,
2026-08-06T12:28:30.527949+00:00,20260806-122830,https://trends24.in/indonesia/,Wed Aug 05 2026 22:40:52 GMT+0000 (Coordinated Universal Time),17,MOONSHADOW SPECIAL EP,moonshadow special ep,,,,,,
2026-08-06T12:28:30.527949+00:00,20260806-122830,https://trends24.in/indonesia/,Wed Aug 05 2026 22:40:52 GMT+0000 (Coordinated Universal Time),18,generasi bergizi,generasi bergizi,,,,,,
2026-08-06T12:28:30.527949+00:00,20260806-122830,https://trends24.in/indonesia/,Wed Aug 05 2026 22:40:52 GMT+0000 (Coordinated Universal Time),19,XL POIN,xl poin,,,,,,
2026-08-06T12:28:30.527949+00:00,20260806-122830,https://trends24.in/indonesia/,Wed Aug 05 2026 22:40:52 GMT+0000 (Coordinated Universal Time),20,Nakes,nakes,,,,,,
2026-08-06T12:28:30.527949+00:00,20260806-122830,https://trends24.in/indonesia/,Wed Aug 05 2026 22:40:52 GMT+0000 (Coordinated Universal Time),21,Arsenal,arsenal,,,,,,
2026-08-06T12:28:30.527949+00:00,20260806-122830,https://trends24.in/indonesia/,Wed Aug 05 2026 22:40:52 GMT+0000 (Coordinated Universal Time),22,Trabzonspor,trabzonspor,,,,,,
2026-08-06T12:28:30.527949+00:00,20260806-122830,https://trends24.in/indonesia/,Wed Aug 05 2026 22:40:52 GMT+0000 (Coordinated Universal Time),23,GLOW BEST WITH EST,glow best with est,,,,,,
2026-08-06T12:28:30.527949+00:00,20260806-122830,https://trends24.in/indonesia/,Wed Aug 05 2026 22:40:52 GMT+0000 (Coordinated Universal Time),24,PERTHDOMIIA RADIANT GLOW,perthdomiia radiant glow,,,,,,
2026-08-06T12:28:30.527949+00:00,20260806-122830,https://trends24.in/indonesia/,Wed Aug 05 2026 22:40:52 GMT+0000 (Coordinated Universal Time),25,Vini,vini,,,,,,
2026-08-06T12:28:30.527949+00:00,20260806-122830,https://trends24.in/indonesia/,Wed Aug 05 2026 22:40:52 GMT+0000 (Coordinated Universal Time),26,The Grim Lover Q20,the grim lover q20,,,,,,
2026-08-06T12:28:30.527949+00:00,20260806-122830,https://trends24.in/indonesia/,Wed Aug 05 2026 22:40:52 GMT+0000 (Coordinated Universal Time),27,UNIQLO FW2026 X SKY,uniqlo fw2026 x sky,,,,,,
2026-08-06T12:28:30.527949+00:00,20260806-122830,https://trends24.in/indonesia/,Wed Aug 05 2026 22:40:52 GMT+0000 (Coordinated Universal Time),28,Pangandaran,pangandaran,,,,,,
2026-08-06T12:28:30.527949+00:00,20260806-122830,https://trends24.in/indonesia/,Wed Aug 05 2026 22:40:52 GMT+0000 (Coordinated Universal Time),29,Perez Hilton,perez hilton,,,,,,
2026-08-06T12:28:30.527949+00:00,20260806-122830,https://trends24.in/indonesia/,Wed Aug 05 2026 22:40:52 GMT+0000 (Coordinated Universal Time),30,respect juhoon's rights,respect juhoon's rights,,,,,,
2026-08-06T12:28:30.527949+00:00,20260806-122830,https://trends24.in/indonesia/,Wed Aug 05 2026 22:40:52 GMT+0000 (Coordinated Universal Time),31,Yurizal,yurizal,,,,,,
2026-08-06T12:28:30.527949+00:00,20260806-122830,https://trends24.in/indonesia/,Wed Aug 05 2026 22:40:52 GMT+0000 (Coordinated Universal Time),32,senada main puzzle,senada main puzzle,,,,,,
2026-08-06T12:28:30.527949+00:00,20260806-122830,https://trends24.in/indonesia/,Wed Aug 05 2026 22:40:52 GMT+0000 (Coordinated Universal Time),33,Rabu,rabu,,,,,,
2026-08-06T12:28:30.527949+00:00,20260806-122830,https://trends24.in/indonesia/,Wed Aug 05 2026 22:40:52 GMT+0000 (Coordinated Universal Time),34,EXO-L,exo-l,,,,,,
2026-08-06T12:28:30.527949+00:00,20260806-122830,https://trends24.in/indonesia/,Wed Aug 05 2026 22:40:52 GMT+0000 (Coordinated Universal Time),35,$LESTER,$lester,,,,,,
2026-08-06T12:28:30.527949+00:00,20260806-122830,https://trends24.in/indonesia/,Wed Aug 05 2026 22:40:52 GMT+0000 (Coordinated Universal Time),36,Love Destiny EP4,love destiny ep4,,,,,,
2026-08-06T12:28:30.527949+00:00,20260806-122830,https://trends24.in/indonesia/,Wed Aug 05 2026 22:40:52 GMT+0000 (Coordinated Universal Time),37,spiderman with nn ac,spiderman with nn ac,,,,,,
2026-08-06T12:28:30.527949+00:00,20260806-122830,https://trends24.in/indonesia/,Wed Aug 05 2026 22:40:52 GMT+0000 (Coordinated Universal Time),38,FOURTH 1ST SOLO CONCERT,fourth 1st solo concert,,,,,,
2026-08-06T12:28:30.527949+00:00,20260806-122830,https://trends24.in/indonesia/,Wed Aug 05 2026 22:40:52 GMT+0000 (Coordinated Universal Time),39,Dokter,dokter,,,,,,
2026-08-06T12:28:30.527949+00:00,20260806-122830,https://trends24.in/indonesia/,Wed Aug 05 2026 22:40:52 GMT+0000 (Coordinated Universal Time),40,Anda Menang Kami Senang,anda menang kami senang,,,,,,
2026-08-06T12:28:30.527949+00:00,20260806-122830,https://trends24.in/indonesia/,Wed Aug 05 2026 22:40:52 GMT+0000 (Coordinated Universal Time),41,JUNIORMARKMO HI SUNNYMOON,juniormarkmo hi sunnymoon,,,,,,
2026-08-06T12:28:30.527949+00:00,20260806-122830,https://trends24.in/indonesia/,Wed Aug 05 2026 22:40:52 GMT+0000 (Coordinated Universal Time),42,Kimpul,kimpul,,,,,,
2026-08-06T12:28:30.527949+00:00,20260806-122830,https://trends24.in/indonesia/,Wed Aug 05 2026 22:40:52 GMT+0000 (Coordinated Universal Time),43,Nobel,nobel,,,,,,
2026-08-06T12:28:30.527949+00:00,20260806-122830,https://trends24.in/indonesia/,Wed Aug 05 2026 22:40:52 GMT+0000 (Coordinated Universal Time),44,Mo Salah,mo salah,,,,,,
2026-08-06T12:28:30.527949+00:00,20260806-122830,https://trends24.in/indonesia/,Wed Aug 05 2026 22:40:52 GMT+0000 (Coordinated Universal Time),45,Onana,onana,,,,,,
2026-08-06T12:28:30.527949+00:00,20260806-122830,https://trends24.in/indonesia/,Wed Aug 05 2026 22:40:52 GMT+0000 (Coordinated Universal Time),46,Pascol,pascol,,,,,,
2026-08-06T12:28:30.527949+00:00,20260806-122830,https://trends24.in/indonesia/,Wed Aug 05 2026 22:40:52 GMT+0000 (Coordinated Universal Time),47,Kepa,kepa,,,,,,
2026-08-06T12:28:30.527949+00:00,20260806-122830,https://trends24.in/indonesia/,Wed Aug 05 2026 22:40:52 GMT+0000 (Coordinated Universal Time),48,KEONHO ENTHRALLS CANADA,keonho enthralls canada,,,,,,
2026-08-06T12:28:30.527949+00:00,20260806-122830,https://trends24.in/indonesia/,Wed Aug 05 2026 22:40:52 GMT+0000 (Coordinated Universal Time),49,XL SECEPAT ITU,xl secepat itu,,,,,,
2026-08-06T12:28:30.527949+00:00,20260806-122830,https://trends24.in/indonesia/,Wed Aug 05 2026 22:40:52 GMT+0000 (Coordinated Universal Time),50,CLOVER SHOW ON HAPPENING STAGE,clover show on happening stage,,,,,,
2026-08-06T12:28:30.527949+00:00,20260806-122830,https://trends24.in/indonesia/,Wed Aug 05 2026 21:48:44 GMT+0000 (Coordinated Universal Time),1,Bersama Pasti Ada Jalan,bersama pasti ada jalan,,,,,,
2026-08-06T12:28:30.527949+00:00,20260806-122830,https://trends24.in/indonesia/,Wed Aug 05 2026 21:48:44 GMT+0000 (Coordinated Universal Time),2,#SFxJossGawinGuinzly,sfxjossgawinguinzly,,,,,,
2026-08-06T12:28:30.527949+00:00,20260806-122830,https://trends24.in/indonesia/,Wed Aug 05 2026 21:48:44 GMT+0000 (Coordinated Universal Time),3,JGG FAM SPIDER MAN,jgg fam spider man,,,,,,
2026-08-06T12:28:30.527949+00:00,20260806-122830,https://trends24.in/indonesia/,Wed Aug 05 2026 21:48:44 GMT+0000 (Coordinated Universal Time),4,#MakeTheWaveYouLite,makethewaveyoulite,,,,,,
2026-08-06T12:28:30.527949+00:00,20260806-122830,https://trends24.in/indonesia/,Wed Aug 05 2026 21:48:44 GMT+0000 (Coordinated Universal Time),5,#MrKillSeriesEP5,mrkillseriesep5,,,,,,
2026-08-06T12:28:30.527949+00:00,20260806-122830,https://trends24.in/indonesia/,Wed Aug 05 2026 21:48:44 GMT+0000 (Coordinated Universal Time),6,Gojek,gojek,,,,,,
2026-08-06T12:28:30.527949+00:00,20260806-122830,https://trends24.in/indonesia/,Wed Aug 05 2026 21:48:44 GMT+0000 (Coordinated Universal Time),7,BPJS,bpjs,,,,,,
2026-08-06T12:28:30.527949+00:00,20260806-122830,https://trends24.in/indonesia/,Wed Aug 05 2026 21:48:44 GMT+0000 (Coordinated Universal Time),8,#12YearsofEXOLove,12yearsofexolove,,,,,,
2026-08-06T12:28:30.527949+00:00,20260806-122830,https://trends24.in/indonesia/,Wed Aug 05 2026 21:48:44 GMT+0000 (Coordinated Universal Time),9,#EXOL12thAnniversary,exol12thanniversary,,,,,,
2026-08-06T12:28:30.527949+00:00,20260806-122830,https://trends24.in/indonesia/,Wed Aug 05 2026 21:48:44 GMT+0000 (Coordinated Universal Time),10,kedaulatan indonesia,kedaulatan indonesia,,,,,,
2026-08-06T12:28:30.527949+00:00,20260806-122830,https://trends24.in/indonesia/,Wed Aug 05 2026 21:48:44 GMT+0000 (Coordinated Universal Time),11,berbakti diseluruh pelosok,berbakti diseluruh pelosok,,,,,,
2026-08-06T12:28:30.527949+00:00,20260806-122830,https://trends24.in/indonesia/,Wed Aug 05 2026 21:48:44 GMT+0000 (Coordinated Universal Time),12,Chitato & Chitato Lite,chitato & chitato lite,,,,,,
2026-08-06T12:28:30.527949+00:00,20260806-122830,https://trends24.in/indonesia/,Wed Aug 05 2026 21:48:44 GMT+0000 (Coordinated Universal Time),13,TREASURE,treasure,,,,,,
2026-08-06T12:28:30.527949+00:00,20260806-122830,https://trends24.in/indonesia/,Wed Aug 05 2026 21:48:44 GMT+0000 (Coordinated Universal Time),14,L1485 ALWAYS,l1485 always,,,,,,
2026-08-06T12:28:30.527949+00:00,20260806-122830,https://trends24.in/indonesia/,Wed Aug 05 2026 21:48:44 GMT+0000 (Coordinated Universal Time),15,el clasico indonesia,el clasico indonesia,,,,,,
2026-08-06T12:28:30.527949+00:00,20260806-122830,https://trends24.in/indonesia/,Wed Aug 05 2026 21:48:44 GMT+0000 (Coordinated Universal Time),16,MOONSHADOW SPECIAL EP,moonshadow special ep,,,,,,
2026-08-06T12:28:30.527949+00:00,20260806-122830,https://trends24.in/indonesia/,Wed Aug 05 2026 21:48:44 GMT+0000 (Coordinated Universal Time),17,generasi bergizi,generasi bergizi,,,,,,
2026-08-06T12:28:30.527949+00:00,20260806-122830,https://trends24.in/indonesia/,Wed Aug 05 2026 21:48:44 GMT+0000 (Coordinated Universal Time),18,XL POIN,xl poin,,,,,,
2026-08-06T12:28:30.527949+00:00,20260806-122830,https://trends24.in/indonesia/,Wed Aug 05 2026 21:48:44 GMT+0000 (Coordinated Universal Time),19,Nakes,nakes,,,,,,
2026-08-06T12:28:30.527949+00:00,20260806-122830,https://trends24.in/indonesia/,Wed Aug 05 2026 21:48:44 GMT+0000 (Coordinated Universal Time),20,Kepa,kepa,,,,,,
2026-08-06T12:28:30.527949+00:00,20260806-122830,https://trends24.in/indonesia/,Wed Aug 05 2026 21:48:44 GMT+0000 (Coordinated Universal Time),21,Trabzonspor,trabzonspor,,,,,,
2026-08-06T12:28:30.527949+00:00,20260806-122830,https://trends24.in/indonesia/,Wed Aug 05 2026 21:48:44 GMT+0000 (Coordinated Universal Time),22,GLOW BEST WITH EST,glow best with est,,,,,,
2026-08-06T12:28:30.527949+00:00,20260806-122830,https://trends24.in/indonesia/,Wed Aug 05 2026 21:48:44 GMT+0000 (Coordinated Universal Time),23,The Grim Lover Q20,the grim lover q20,,,,,,
2026-08-06T12:28:30.527949+00:00,20260806-122830,https://trends24.in/indonesia/,Wed Aug 05 2026 21:48:44 GMT+0000 (Coordinated Universal Time),24,PERTHDOMIIA RADIANT GLOW,perthdomiia radiant glow,,,,,,
2026-08-06T12:28:30.527949+00:00,20260806-122830,https://trends24.in/indonesia/,Wed Aug 05 2026 21:48:44 GMT+0000 (Coordinated Universal Time),25,UNIQLO FW2026 X SKY,uniqlo fw2026 x sky,,,,,,
2026-08-06T12:28:30.527949+00:00,20260806-122830,https://trends24.in/indonesia/,Wed Aug 05 2026 21:48:44 GMT+0000 (Coordinated Universal Time),26,Pangandaran,pangandaran,,,,,,
2026-08-06T12:28:30.527949+00:00,20260806-122830,https://trends24.in/indonesia/,Wed Aug 05 2026 21:48:44 GMT+0000 (Coordinated Universal Time),27,Nobel,nobel,,,,,,
2026-08-06T12:28:30.527949+00:00,20260806-122830,https://trends24.in/indonesia/,Wed Aug 05 2026 21:48:44 GMT+0000 (Coordinated Universal Time),28,EXO-L,exo-l,,,,,,
2026-08-06T12:28:30.527949+00:00,20260806-122830,https://trends24.in/indonesia/,Wed Aug 05 2026 21:48:44 GMT+0000 (Coordinated Universal Time),29,Rabu,rabu,,,,,,
2026-08-06T12:28:30.527949+00:00,20260806-122830,https://trends24.in/indonesia/,Wed Aug 05 2026 21:48:44 GMT+0000 (Coordinated Universal Time),30,Perez Hilton,perez hilton,,,,,,
2026-08-06T12:28:30.527949+00:00,20260806-122830,https://trends24.in/indonesia/,Wed Aug 05 2026 21:48:44 GMT+0000 (Coordinated Universal Time),31,respect juhoon's rights,respect juhoon's rights,,,,,,
2026-08-06T12:28:30.527949+00:00,20260806-122830,https://trends24.in/indonesia/,Wed Aug 05 2026 21:48:44 GMT+0000 (Coordinated Universal Time),32,Yurizal,yurizal,,,,,,
2026-08-06T12:28:30.527949+00:00,20260806-122830,https://trends24.in/indonesia/,Wed Aug 05 2026 21:48:44 GMT+0000 (Coordinated Universal Time),33,senada main puzzle,senada main puzzle,,,,,,
2026-08-06T12:28:30.527949+00:00,20260806-122830,https://trends24.in/indonesia/,Wed Aug 05 2026 21:48:44 GMT+0000 (Coordinated Universal Time),34,$LESTER,$lester,,,,,,
2026-08-06T12:28:30.527949+00:00,20260806-122830,https://trends24.in/indonesia/,Wed Aug 05 2026 21:48:44 GMT+0000 (Coordinated Universal Time),35,Love Destiny EP4,love destiny ep4,,,,,,
2026-08-06T12:28:30.527949+00:00,20260806-122830,https://trends24.in/indonesia/,Wed Aug 05 2026 21:48:44 GMT+0000 (Coordinated Universal Time),36,spiderman with nn ac,spiderman with nn ac,,,,,,
2026-08-06T12:28:30.527949+00:00,20260806-122830,https://trends24.in/indonesia/,Wed Aug 05 2026 21:48:44 GMT+0000 (Coordinated Universal Time),37,FOURTH 1ST SOLO CONCERT,fourth 1st solo concert,,,,,,
2026-08-06T12:28:30.527949+00:00,20260806-122830,https://trends24.in/indonesia/,Wed Aug 05 2026 21:48:44 GMT+0000 (Coordinated Universal Time),38,Dokter,dokter,,,,,,
2026-08-06T12:28:30.527949+00:00,20260806-122830,https://trends24.in/indonesia/,Wed Aug 05 2026 21:48:44 GMT+0000 (Coordinated Universal Time),39,Anda Menang Kami Senang,anda menang kami senang,,,,,,
2026-08-06T12:28:30.527949+00:00,20260806-122830,https://trends24.in/indonesia/,Wed Aug 05 2026 21:48:44 GMT+0000 (Coordinated Universal Time),40,Kimpul,kimpul,,,,,,
2026-08-06T12:28:30.527949+00:00,20260806-122830,https://trends24.in/indonesia/,Wed Aug 05 2026 21:48:44 GMT+0000 (Coordinated Universal Time),41,JUNIORMARKMO HI SUNNYMOON,juniormarkmo hi sunnymoon,,,,,,
2026-08-06T12:28:30.527949+00:00,20260806-122830,https://trends24.in/indonesia/,Wed Aug 05 2026 21:48:44 GMT+0000 (Coordinated Universal Time),42,Nikita,nikita,,,,,,
2026-08-06T12:28:30.527949+00:00,20260806-122830,https://trends24.in/indonesia/,Wed Aug 05 2026 21:48:44 GMT+0000 (Coordinated Universal Time),43,Mo Salah,mo salah,,,,,,
2026-08-06T12:28:30.527949+00:00,20260806-122830,https://trends24.in/indonesia/,Wed Aug 05 2026 21:48:44 GMT+0000 (Coordinated Universal Time),44,Onana,onana,,,,,,
2026-08-06T12:28:30.527949+00:00,20260806-122830,https://trends24.in/indonesia/,Wed Aug 05 2026 21:48:44 GMT+0000 (Coordinated Universal Time),45,Arsenal,arsenal,,,,,,
2026-08-06T12:28:30.527949+00:00,20260806-122830,https://trends24.in/indonesia/,Wed Aug 05 2026 21:48:44 GMT+0000 (Coordinated Universal Time),46,Pascol,pascol,,,,,,
2026-08-06T12:28:30.527949+00:00,20260806-122830,https://trends24.in/indonesia/,Wed Aug 05 2026 21:48:44 GMT+0000 (Coordinated Universal Time),47,XL SECEPAT ITU,xl secepat itu,,,,,,
2026-08-06T12:28:30.527949+00:00,20260806-122830,https://trends24.in/indonesia/,Wed Aug 05 2026 21:48:44 GMT+0000 (Coordinated Universal Time),48,KEONHO ENTHRALLS CANADA,keonho enthralls canada,,,,,,
2026-08-06T12:28:30.527949+00:00,20260806-122830,https://trends24.in/indonesia/,Wed Aug 05 2026 21:48:44 GMT+0000 (Coordinated Universal Time),49,CLOVER SHOW ON HAPPENING STAGE,clover show on happening stage,,,,,,
2026-08-06T12:28:30.527949+00:00,20260806-122830,https://trends24.in/indonesia/,Wed Aug 05 2026 21:48:44 GMT+0000 (Coordinated Universal Time),50,NEWWIEE DUTCHMILL LIVE,newwiee dutchmill live,,,,,,
2026-08-06T12:28:30.527949+00:00,20260806-122830,https://trends24.in/indonesia/,Wed Aug 05 2026 20:58:05 GMT+0000 (Coordinated Universal Time),1,Bersama Pasti Ada Jalan,bersama pasti ada jalan,,,,,,
2026-08-06T12:28:30.527949+00:00,20260806-122830,https://trends24.in/indonesia/,Wed Aug 05 2026 20:58:05 GMT+0000 (Coordinated Universal Time),2,#SFxJossGawinGuinzly,sfxjossgawinguinzly,,,,,,
2026-08-06T12:28:30.527949+00:00,20260806-122830,https://trends24.in/indonesia/,Wed Aug 05 2026 20:58:05 GMT+0000 (Coordinated Universal Time),3,JGG FAM SPIDER MAN,jgg fam spider man,,,,,,
2026-08-06T12:28:30.527949+00:00,20260806-122830,https://trends24.in/indonesia/,Wed Aug 05 2026 20:58:05 GMT+0000 (Coordinated Universal Time),4,#MakeTheWaveYouLite,makethewaveyoulite,,,,,,
2026-08-06T12:28:30.527949+00:00,20260806-122830,https://trends24.in/indonesia/,Wed Aug 05 2026 20:58:05 GMT+0000 (Coordinated Universal Time),5,#MrKillSeriesEP5,mrkillseriesep5,,,,,,
2026-08-06T12:28:30.527949+00:00,20260806-122830,https://trends24.in/indonesia/,Wed Aug 05 2026 20:58:05 GMT+0000 (Coordinated Universal Time),6,Gojek,gojek,,,,,,
2026-08-06T12:28:30.527949+00:00,20260806-122830,https://trends24.in/indonesia/,Wed Aug 05 2026 20:58:05 GMT+0000 (Coordinated Universal Time),7,BPJS,bpjs,,,,,,
2026-08-06T12:28:30.527949+00:00,20260806-122830,https://trends24.in/indonesia/,Wed Aug 05 2026 20:58:05 GMT+0000 (Coordinated Universal Time),8,#12YearsofEXOLove,12yearsofexolove,,,,,,
2026-08-06T12:28:30.527949+00:00,20260806-122830,https://trends24.in/indonesia/,Wed Aug 05 2026 20:58:05 GMT+0000 (Coordinated Universal Time),9,#EXOL12thAnniversary,exol12thanniversary,,,,,,
2026-08-06T12:28:30.527949+00:00,20260806-122830,https://trends24.in/indonesia/,Wed Aug 05 2026 20:58:05 GMT+0000 (Coordinated Universal Time),10,kedaulatan indonesia,kedaulatan indonesia,,,,,,
2026-08-06T12:28:30.527949+00:00,20260806-122830,https://trends24.in/indonesia/,Wed Aug 05 2026 20:58:05 GMT+0000 (Coordinated Universal Time),11,berbakti diseluruh pelosok,berbakti diseluruh pelosok,,,,,,
2026-08-06T12:28:30.527949+00:00,20260806-122830,https://trends24.in/indonesia/,Wed Aug 05 2026 20:58:05 GMT+0000 (Coordinated Universal Time),12,Chitato & Chitato Lite,chitato & chitato lite,,,,,,
2026-08-06T12:28:30.527949+00:00,20260806-122830,https://trends24.in/indonesia/,Wed Aug 05 2026 20:58:05 GMT+0000 (Coordinated Universal Time),13,TREASURE,treasure,,,,,,
2026-08-06T12:28:30.527949+00:00,20260806-122830,https://trends24.in/indonesia/,Wed Aug 05 2026 20:58:05 GMT+0000 (Coordinated Universal Time),14,L1485 ALWAYS,l1485 always,,,,,,
2026-08-06T12:28:30.527949+00:00,20260806-122830,https://trends24.in/indonesia/,Wed Aug 05 2026 20:58:05 GMT+0000 (Coordinated Universal Time),15,el clasico indonesia,el clasico indonesia,,,,,,
2026-08-06T12:28:30.527949+00:00,20260806-122830,https://trends24.in/indonesia/,Wed Aug 05 2026 20:58:05 GMT+0000 (Coordinated Universal Time),16,MOONSHADOW SPECIAL EP,moonshadow special ep,,,,,,
2026-08-06T12:28:30.527949+00:00,20260806-122830,https://trends24.in/indonesia/,Wed Aug 05 2026 20:58:05 GMT+0000 (Coordinated Universal Time),17,generasi bergizi,generasi bergizi,,,,,,
2026-08-06T12:28:30.527949+00:00,20260806-122830,https://trends24.in/indonesia/,Wed Aug 05 2026 20:58:05 GMT+0000 (Coordinated Universal Time),18,XL POIN,xl poin,,,,,,
2026-08-06T12:28:30.527949+00:00,20260806-122830,https://trends24.in/indonesia/,Wed Aug 05 2026 20:58:05 GMT+0000 (Coordinated Universal Time),19,Nakes,nakes,,,,,,
2026-08-06T12:28:30.527949+00:00,20260806-122830,https://trends24.in/indonesia/,Wed Aug 05 2026 20:58:05 GMT+0000 (Coordinated Universal Time),20,Betis,betis,,,,,,
2026-08-06T12:28:30.527949+00:00,20260806-122830,https://trends24.in/indonesia/,Wed Aug 05 2026 20:58:05 GMT+0000 (Coordinated Universal Time),21,Kepa,kepa,,,,,,
2026-08-06T12:28:30.527949+00:00,20260806-122830,https://trends24.in/indonesia/,Wed Aug 05 2026 20:58:05 GMT+0000 (Coordinated Universal Time),22,Trabzonspor,trabzonspor,,,,,,
2026-08-06T12:28:30.527949+00:00,20260806-122830,https://trends24.in/indonesia/,Wed Aug 05 2026 20:58:05 GMT+0000 (Coordinated Universal Time),23,GLOW BEST WITH EST,glow best with est,,,,,,
2026-08-06T12:28:30.527949+00:00,20260806-122830,https://trends24.in/indonesia/,Wed Aug 05 2026 20:58:05 GMT+0000 (Coordinated Universal Time),24,The Grim Lover Q20,the grim lover q20,,,,,,
2026-08-06T12:28:30.527949+00:00,20260806-122830,https://trends24.in/indonesia/,Wed Aug 05 2026 20:58:05 GMT+0000 (Coordinated Universal Time),25,PERTHDOMIIA RADIANT GLOW,perthdomiia radiant glow,,,,,,
2026-08-06T12:28:30.527949+00:00,20260806-122830,https://trends24.in/indonesia/,Wed Aug 05 2026 20:58:05 GMT+0000 (Coordinated Universal Time),26,UNIQLO FW2026 X SKY,uniqlo fw2026 x sky,,,,,,
2026-08-06T12:28:30.527949+00:00,20260806-122830,https://trends24.in/indonesia/,Wed Aug 05 2026 20:58:05 GMT+0000 (Coordinated Universal Time),27,Pangandaran,pangandaran,,,,,,
2026-08-06T12:28:30.527949+00:00,20260806-122830,https://trends24.in/indonesia/,Wed Aug 05 2026 20:58:05 GMT+0000 (Coordinated Universal Time),28,Rabu,rabu,,,,,,
2026-08-06T12:28:30.527949+00:00,20260806-122830,https://trends24.in/indonesia/,Wed Aug 05 2026 20:58:05 GMT+0000 (Coordinated Universal Time),29,Nobel,nobel,,,,,,
2026-08-06T12:28:30.527949+00:00,20260806-122830,https://trends24.in/indonesia/,Wed Aug 05 2026 20:58:05 GMT+0000 (Coordinated Universal Time),30,EXO-L,exo-l,,,,,,
2026-08-06T12:28:30.527949+00:00,20260806-122830,https://trends24.in/indonesia/,Wed Aug 05 2026 20:58:05 GMT+0000 (Coordinated Universal Time),31,Perez Hilton,perez hilton,,,,,,
2026-08-06T12:28:30.527949+00:00,20260806-122830,https://trends24.in/indonesia/,Wed Aug 05 2026 20:58:05 GMT+0000 (Coordinated Universal Time),32,respect juhoon's rights,respect juhoon's rights,,,,,,
2026-08-06T12:28:30.527949+00:00,20260806-122830,https://trends24.in/indonesia/,Wed Aug 05 2026 20:58:05 GMT+0000 (Coordinated Universal Time),33,Yurizal,yurizal,,,,,,
2026-08-06T12:28:30.527949+00:00,20260806-122830,https://trends24.in/indonesia/,Wed Aug 05 2026 20:58:05 GMT+0000 (Coordinated Universal Time),34,senada main puzzle,senada main puzzle,,,,,,
2026-08-06T12:28:30.527949+00:00,20260806-122830,https://trends24.in/indonesia/,Wed Aug 05 2026 20:58:05 GMT+0000 (Coordinated Universal Time),35,$LESTER,$lester,,,,,,
2026-08-06T12:28:30.527949+00:00,20260806-122830,https://trends24.in/indonesia/,Wed Aug 05 2026 20:58:05 GMT+0000 (Coordinated Universal Time),36,Love Destiny EP4,love destiny ep4,,,,,,
2026-08-06T12:28:30.527949+00:00,20260806-122830,https://trends24.in/indonesia/,Wed Aug 05 2026 20:58:05 GMT+0000 (Coordinated Universal Time),37,SPIDERMAN WITH NN AC,spiderman with nn ac,,,,,,
2026-08-06T12:28:30.527949+00:00,20260806-122830,https://trends24.in/indonesia/,Wed Aug 05 2026 20:58:05 GMT+0000 (Coordinated Universal Time),38,FOURTH 1ST SOLO CONCERT,fourth 1st solo concert,,,,,,
2026-08-06T12:28:30.527949+00:00,20260806-122830,https://trends24.in/indonesia/,Wed Aug 05 2026 20:58:05 GMT+0000 (Coordinated Universal Time),39,Kimpul,kimpul,,,,,,
2026-08-06T12:28:30.527949+00:00,20260806-122830,https://trends24.in/indonesia/,Wed Aug 05 2026 20:58:05 GMT+0000 (Coordinated Universal Time),40,Dokter,dokter,,,,,,
2026-08-06T12:28:30.527949+00:00,20260806-122830,https://trends24.in/indonesia/,Wed Aug 05 2026 20:58:05 GMT+0000 (Coordinated Universal Time),41,Snapshot Overlay,snapshot overlay,,,,,,
2026-08-06T12:28:30.527949+00:00,20260806-122830,https://trends24.in/indonesia/,Wed Aug 05 2026 20:58:05 GMT+0000 (Coordinated Universal Time),42,JUNIORMARKMO HI SUNNYMOON,juniormarkmo hi sunnymoon,,,,,,
2026-08-06T12:28:30.527949+00:00,20260806-122830,https://trends24.in/indonesia/,Wed Aug 05 2026 20:58:05 GMT+0000 (Coordinated Universal Time),43,Mo Salah,mo salah,,,,,,
2026-08-06T12:28:30.527949+00:00,20260806-122830,https://trends24.in/indonesia/,Wed Aug 05 2026 20:58:05 GMT+0000 (Coordinated Universal Time),44,Onana,onana,,,,,,
2026-08-06T12:28:30.527949+00:00,20260806-122830,https://trends24.in/indonesia/,Wed Aug 05 2026 20:58:05 GMT+0000 (Coordinated Universal Time),45,Anda Menang Kami Senang,anda menang kami senang,,,,,,
2026-08-06T12:28:30.527949+00:00,20260806-122830,https://trends24.in/indonesia/,Wed Aug 05 2026 20:58:05 GMT+0000 (Coordinated Universal Time),46,Pascol,pascol,,,,,,
2026-08-06T12:28:30.527949+00:00,20260806-122830,https://trends24.in/indonesia/,Wed Aug 05 2026 20:58:05 GMT+0000 (Coordinated Universal Time),47,XL SECEPAT ITU,xl secepat itu,,,,,,
2026-08-06T12:28:30.527949+00:00,20260806-122830,https://trends24.in/indonesia/,Wed Aug 05 2026 20:58:05 GMT+0000 (Coordinated Universal Time),48,KEONHO ENTHRALLS CANADA,keonho enthralls canada,,,,,,
2026-08-06T12:28:30.527949+00:00,20260806-122830,https://trends24.in/indonesia/,Wed Aug 05 2026 20:58:05 GMT+0000 (Coordinated Universal Time),49,CLOVER SHOW ON HAPPENING STAGE,clover show on happening stage,,,,,,
2026-08-06T12:28:30.527949+00:00,20260806-122830,https://trends24.in/indonesia/,Wed Aug 05 2026 20:58:05 GMT+0000 (Coordinated Universal Time),50,NEWWIEE DUTCHMILL LIVE,newwiee dutchmill live,,,,,,
2026-08-06T12:28:30.527949+00:00,20260806-122830,https://trends24.in/indonesia/,Wed Aug 05 2026 20:07:03 GMT+0000 (Coordinated Universal Time),1,Bersama Pasti Ada Jalan,bersama pasti ada jalan,,,,,,
2026-08-06T12:28:30.527949+00:00,20260806-122830,https://trends24.in/indonesia/,Wed Aug 05 2026 20:07:03 GMT+0000 (Coordinated Universal Time),2,#SFxJossGawinGuinzly,sfxjossgawinguinzly,,,,,,
2026-08-06T12:28:30.527949+00:00,20260806-122830,https://trends24.in/indonesia/,Wed Aug 05 2026 20:07:03 GMT+0000 (Coordinated Universal Time),3,JGG FAM SPIDER MAN,jgg fam spider man,,,,,,
2026-08-06T12:28:30.527949+00:00,20260806-122830,https://trends24.in/indonesia/,Wed Aug 05 2026 20:07:03 GMT+0000 (Coordinated Universal Time),4,#MakeTheWaveYouLite,makethewaveyoulite,,,,,,
2026-08-06T12:28:30.527949+00:00,20260806-122830,https://trends24.in/indonesia/,Wed Aug 05 2026 20:07:03 GMT+0000 (Coordinated Universal Time),5,#MrKillSeriesEP5,mrkillseriesep5,,,,,,
2026-08-06T12:28:30.527949+00:00,20260806-122830,https://trends24.in/indonesia/,Wed Aug 05 2026 20:07:03 GMT+0000 (Coordinated Universal Time),6,BPJS,bpjs,,,,,,
2026-08-06T12:28:30.527949+00:00,20260806-122830,https://trends24.in/indonesia/,Wed Aug 05 2026 20:07:03 GMT+0000 (Coordinated Universal Time),7,Gojek,gojek,,,,,,
2026-08-06T12:28:30.527949+00:00,20260806-122830,https://trends24.in/indonesia/,Wed Aug 05 2026 20:07:03 GMT+0000 (Coordinated Universal Time),8,#12YearsofEXOLove,12yearsofexolove,,,,,,
2026-08-06T12:28:30.527949+00:00,20260806-122830,https://trends24.in/indonesia/,Wed Aug 05 2026 20:07:03 GMT+0000 (Coordinated Universal Time),9,#EXOL12thAnniversary,exol12thanniversary,,,,,,
2026-08-06T12:28:30.527949+00:00,20260806-122830,https://trends24.in/indonesia/,Wed Aug 05 2026 20:07:03 GMT+0000 (Coordinated Universal Time),10,kedaulatan indonesia,kedaulatan indonesia,,,,,,
2026-08-06T12:28:30.527949+00:00,20260806-122830,https://trends24.in/indonesia/,Wed Aug 05 2026 20:07:03 GMT+0000 (Coordinated Universal Time),11,berbakti diseluruh pelosok,berbakti diseluruh pelosok,,,,,,
2026-08-06T12:28:30.527949+00:00,20260806-122830,https://trends24.in/indonesia/,Wed Aug 05 2026 20:07:03 GMT+0000 (Coordinated Universal Time),12,Chitato & Chitato Lite,chitato & chitato lite,,,,,,
2026-08-06T12:28:30.527949+00:00,20260806-122830,https://trends24.in/indonesia/,Wed Aug 05 2026 20:07:03 GMT+0000 (Coordinated Universal Time),13,TREASURE,treasure,,,,,,
2026-08-06T12:28:30.527949+00:00,20260806-122830,https://trends24.in/indonesia/,Wed Aug 05 2026 20:07:03 GMT+0000 (Coordinated Universal Time),14,L1485 ALWAYS,l1485 always,,,,,,
2026-08-06T12:28:30.527949+00:00,20260806-122830,https://trends24.in/indonesia/,Wed Aug 05 2026 20:07:03 GMT+0000 (Coordinated Universal Time),15,MOONSHADOW SPECIAL EP,moonshadow special ep,,,,,,
2026-08-06T12:28:30.527949+00:00,20260806-122830,https://trends24.in/indonesia/,Wed Aug 05 2026 20:07:03 GMT+0000 (Coordinated Universal Time),16,el clasico indonesia,el clasico indonesia,,,,,,
2026-08-06T12:28:30.527949+00:00,20260806-122830,https://trends24.in/indonesia/,Wed Aug 05 2026 20:07:03 GMT+0000 (Coordinated Universal Time),17,generasi bergizi,generasi bergizi,,,,,,
2026-08-06T12:28:30.527949+00:00,20260806-122830,https://trends24.in/indonesia/,Wed Aug 05 2026 20:07:03 GMT+0000 (Coordinated Universal Time),18,XL POIN,xl poin,,,,,,
2026-08-06T12:28:30.527949+00:00,20260806-122830,https://trends24.in/indonesia/,Wed Aug 05 2026 20:07:03 GMT+0000 (Coordinated Universal Time),19,Nakes,nakes,,,,,,
2026-08-06T12:28:30.527949+00:00,20260806-122830,https://trends24.in/indonesia/,Wed Aug 05 2026 20:07:03 GMT+0000 (Coordinated Universal Time),20,Betis,betis,,,,,,
2026-08-06T12:28:30.527949+00:00,20260806-122830,https://trends24.in/indonesia/,Wed Aug 05 2026 20:07:03 GMT+0000 (Coordinated Universal Time),21,Kepa,kepa,,,,,,
2026-08-06T12:28:30.527949+00:00,20260806-122830,https://trends24.in/indonesia/,Wed Aug 05 2026 20:07:03 GMT+0000 (Coordinated Universal Time),22,Trabzonspor,trabzonspor,,,,,,
2026-08-06T12:28:30.527949+00:00,20260806-122830,https://trends24.in/indonesia/,Wed Aug 05 2026 20:07:03 GMT+0000 (Coordinated Universal Time),23,GLOW BEST WITH EST,glow best with est,,,,,,
2026-08-06T12:28:30.527949+00:00,20260806-122830,https://trends24.in/indonesia/,Wed Aug 05 2026 20:07:03 GMT+0000 (Coordinated Universal Time),24,The Grim Lover Q20,the grim lover q20,,,,,,
2026-08-06T12:28:30.527949+00:00,20260806-122830,https://trends24.in/indonesia/,Wed Aug 05 2026 20:07:03 GMT+0000 (Coordinated Universal Time),25,perthdomiia radiant glow,perthdomiia radiant glow,,,,,,
2026-08-06T12:28:30.527949+00:00,20260806-122830,https://trends24.in/indonesia/,Wed Aug 05 2026 20:07:03 GMT+0000 (Coordinated Universal Time),26,EXO-L,exo-l,,,,,,
2026-08-06T12:28:30.527949+00:00,20260806-122830,https://trends24.in/indonesia/,Wed Aug 05 2026 20:07:03 GMT+0000 (Coordinated Universal Time),27,UNIQLO FW2026 X SKY,uniqlo fw2026 x sky,,,,,,
2026-08-06T12:28:30.527949+00:00,20260806-122830,https://trends24.in/indonesia/,Wed Aug 05 2026 20:07:03 GMT+0000 (Coordinated Universal Time),28,Pangandaran,pangandaran,,,,,,
2026-08-06T12:28:30.527949+00:00,20260806-122830,https://trends24.in/indonesia/,Wed Aug 05 2026 20:07:03 GMT+0000 (Coordinated Universal Time),29,Rabu,rabu,,,,,,
2026-08-06T12:28:30.527949+00:00,20260806-122830,https://trends24.in/indonesia/,Wed Aug 05 2026 20:07:03 GMT+0000 (Coordinated Universal Time),30,Nobel,nobel,,,,,,
2026-08-06T12:28:30.527949+00:00,20260806-122830,https://trends24.in/indonesia/,Wed Aug 05 2026 20:07:03 GMT+0000 (Coordinated Universal Time),31,$LESTER,$lester,,,,,,
2026-08-06T12:28:30.527949+00:00,20260806-122830,https://trends24.in/indonesia/,Wed Aug 05 2026 20:07:03 GMT+0000 (Coordinated Universal Time),32,Perez Hilton,perez hilton,,,,,,
2026-08-06T12:28:30.527949+00:00,20260806-122830,https://trends24.in/indonesia/,Wed Aug 05 2026 20:07:03 GMT+0000 (Coordinated Universal Time),33,respect juhoon's rights,respect juhoon's rights,,,,,,
2026-08-06T12:28:30.527949+00:00,20260806-122830,https://trends24.in/indonesia/,Wed Aug 05 2026 20:07:03 GMT+0000 (Coordinated Universal Time),34,Yurizal,yurizal,,,,,,
2026-08-06T12:28:30.527949+00:00,20260806-122830,https://trends24.in/indonesia/,Wed Aug 05 2026 20:07:03 GMT+0000 (Coordinated Universal Time),35,senada main puzzle,senada main puzzle,,,,,,
2026-08-06T12:28:30.527949+00:00,20260806-122830,https://trends24.in/indonesia/,Wed Aug 05 2026 20:07:03 GMT+0000 (Coordinated Universal Time),36,Love Destiny EP4,love destiny ep4,,,,,,
2026-08-06T12:28:30.527949+00:00,20260806-122830,https://trends24.in/indonesia/,Wed Aug 05 2026 20:07:03 GMT+0000 (Coordinated Universal Time),37,SPIDERMAN WITH NN AC,spiderman with nn ac,,,,,,
2026-08-06T12:28:30.527949+00:00,20260806-122830,https://trends24.in/indonesia/,Wed Aug 05 2026 20:07:03 GMT+0000 (Coordinated Universal Time),38,FOURTH 1ST SOLO CONCERT,fourth 1st solo concert,,,,,,
2026-08-06T12:28:30.527949+00:00,20260806-122830,https://trends24.in/indonesia/,Wed Aug 05 2026 20:07:03 GMT+0000 (Coordinated Universal Time),39,Kimpul,kimpul,,,,,,
2026-08-06T12:28:30.527949+00:00,20260806-122830,https://trends24.in/indonesia/,Wed Aug 05 2026 20:07:03 GMT+0000 (Coordinated Universal Time),40,Dokter,dokter,,,,,,
2026-08-06T12:28:30.527949+00:00,20260806-122830,https://trends24.in/indonesia/,Wed Aug 05 2026 20:07:03 GMT+0000 (Coordinated Universal Time),41,Snapshot Overlay,snapshot overlay,,,,,,
2026-08-06T12:28:30.527949+00:00,20260806-122830,https://trends24.in/indonesia/,Wed Aug 05 2026 20:07:03 GMT+0000 (Coordinated Universal Time),42,JUNIORMARKMO HI SUNNYMOON,juniormarkmo hi sunnymoon,,,,,,
2026-08-06T12:28:30.527949+00:00,20260806-122830,https://trends24.in/indonesia/,Wed Aug 05 2026 20:07:03 GMT+0000 (Coordinated Universal Time),43,Mo Salah,mo salah,,,,,,
2026-08-06T12:28:30.527949+00:00,20260806-122830,https://trends24.in/indonesia/,Wed Aug 05 2026 20:07:03 GMT+0000 (Coordinated Universal Time),44,Onana,onana,,,,,,
2026-08-06T12:28:30.527949+00:00,20260806-122830,https://trends24.in/indonesia/,Wed Aug 05 2026 20:07:03 GMT+0000 (Coordinated Universal Time),45,Anda Menang Kami Senang,anda menang kami senang,,,,,,
2026-08-06T12:28:30.527949+00:00,20260806-122830,https://trends24.in/indonesia/,Wed Aug 05 2026 20:07:03 GMT+0000 (Coordinated Universal Time),46,XL SECEPAT ITU,xl secepat itu,,,,,,
2026-08-06T12:28:30.527949+00:00,20260806-122830,https://trends24.in/indonesia/,Wed Aug 05 2026 20:07:03 GMT+0000 (Coordinated Universal Time),47,$BUBU,$bubu,,,,,,
2026-08-06T12:28:30.527949+00:00,20260806-122830,https://trends24.in/indonesia/,Wed Aug 05 2026 20:07:03 GMT+0000 (Coordinated Universal Time),48,KEONHO ENTHRALLS CANADA,keonho enthralls canada,,,,,,
2026-08-06T12:28:30.527949+00:00,20260806-122830,https://trends24.in/indonesia/,Wed Aug 05 2026 20:07:03 GMT+0000 (Coordinated Universal Time),49,CLOVER SHOW ON HAPPENING STAGE,clover show on happening stage,,,,,,
2026-08-06T12:28:30.527949+00:00,20260806-122830,https://trends24.in/indonesia/,Wed Aug 05 2026 20:07:03 GMT+0000 (Coordinated Universal Time),50,Pascol,pascol,,,,,,
2026-08-06T12:28:30.527949+00:00,20260806-122830,https://trends24.in/indonesia/,Wed Aug 05 2026 19:16:04 GMT+0000 (Coordinated Universal Time),1,Bersama Pasti Ada Jalan,bersama pasti ada jalan,,,,,,
2026-08-06T12:28:30.527949+00:00,20260806-122830,https://trends24.in/indonesia/,Wed Aug 05 2026 19:16:04 GMT+0000 (Coordinated Universal Time),2,#SFxJossGawinGuinzly,sfxjossgawinguinzly,,,,,,
2026-08-06T12:28:30.527949+00:00,20260806-122830,https://trends24.in/indonesia/,Wed Aug 05 2026 19:16:04 GMT+0000 (Coordinated Universal Time),3,JGG FAM SPIDER MAN,jgg fam spider man,,,,,,
2026-08-06T12:28:30.527949+00:00,20260806-122830,https://trends24.in/indonesia/,Wed Aug 05 2026 19:16:04 GMT+0000 (Coordinated Universal Time),4,#MakeTheWaveYouLite,makethewaveyoulite,,,,,,
2026-08-06T12:28:30.527949+00:00,20260806-122830,https://trends24.in/indonesia/,Wed Aug 05 2026 19:16:04 GMT+0000 (Coordinated Universal Time),5,#MrKillSeriesEP5,mrkillseriesep5,,,,,,
2026-08-06T12:28:30.527949+00:00,20260806-122830,https://trends24.in/indonesia/,Wed Aug 05 2026 19:16:04 GMT+0000 (Coordinated Universal Time),6,BPJS,bpjs,,,,,,
2026-08-06T12:28:30.527949+00:00,20260806-122830,https://trends24.in/indonesia/,Wed Aug 05 2026 19:16:04 GMT+0000 (Coordinated Universal Time),7,Gojek,gojek,,,,,,
2026-08-06T12:28:30.527949+00:00,20260806-122830,https://trends24.in/indonesia/,Wed Aug 05 2026 19:16:04 GMT+0000 (Coordinated Universal Time),8,#12YearsofEXOLove,12yearsofexolove,,,,,,
2026-08-06T12:28:30.527949+00:00,20260806-122830,https://trends24.in/indonesia/,Wed Aug 05 2026 19:16:04 GMT+0000 (Coordinated Universal Time),9,#EXOL12thAnniversary,exol12thanniversary,,,,,,
2026-08-06T12:28:30.527949+00:00,20260806-122830,https://trends24.in/indonesia/,Wed Aug 05 2026 19:16:04 GMT+0000 (Coordinated Universal Time),10,kedaulatan indonesia,kedaulatan indonesia,,,,,,
2026-08-06T12:28:30.527949+00:00,20260806-122830,https://trends24.in/indonesia/,Wed Aug 05 2026 19:16:04 GMT+0000 (Coordinated Universal Time),11,berbakti diseluruh pelosok,berbakti diseluruh pelosok,,,,,,
2026-08-06T12:28:30.527949+00:00,20260806-122830,https://trends24.in/indonesia/,Wed Aug 05 2026 19:16:04 GMT+0000 (Coordinated Universal Time),12,TREASURE,treasure,,,,,,
2026-08-06T12:28:30.527949+00:00,20260806-122830,https://trends24.in/indonesia/,Wed Aug 05 2026 19:16:04 GMT+0000 (Coordinated Universal Time),13,Chitato & Chitato Lite,chitato & chitato lite,,,,,,
2026-08-06T12:28:30.527949+00:00,20260806-122830,https://trends24.in/indonesia/,Wed Aug 05 2026 19:16:04 GMT+0000 (Coordinated Universal Time),14,L1485 ALWAYS,l1485 always,,,,,,
2026-08-06T12:28:30.527949+00:00,20260806-122830,https://trends24.in/indonesia/,Wed Aug 05 2026 19:16:04 GMT+0000 (Coordinated Universal Time),15,MOONSHADOW SPECIAL EP,moonshadow special ep,,,,,,
2026-08-06T12:28:30.527949+00:00,20260806-122830,https://trends24.in/indonesia/,Wed Aug 05 2026 19:16:04 GMT+0000 (Coordinated Universal Time),16,el clasico indonesia,el clasico indonesia,,,,,,
2026-08-06T12:28:30.527949+00:00,20260806-122830,https://trends24.in/indonesia/,Wed Aug 05 2026 19:16:04 GMT+0000 (Coordinated Universal Time),17,generasi bergizi,generasi bergizi,,,,,,
2026-08-06T12:28:30.527949+00:00,20260806-122830,https://trends24.in/indonesia/,Wed Aug 05 2026 19:16:04 GMT+0000 (Coordinated Universal Time),18,XL POIN,xl poin,,,,,,
2026-08-06T12:28:30.527949+00:00,20260806-122830,https://trends24.in/indonesia/,Wed Aug 05 2026 19:16:04 GMT+0000 (Coordinated Universal Time),19,Nakes,nakes,,,,,,
2026-08-06T12:28:30.527949+00:00,20260806-122830,https://trends24.in/indonesia/,Wed Aug 05 2026 19:16:04 GMT+0000 (Coordinated Universal Time),20,Pangandaran,pangandaran,,,,,,
2026-08-06T12:28:30.527949+00:00,20260806-122830,https://trends24.in/indonesia/,Wed Aug 05 2026 19:16:04 GMT+0000 (Coordinated Universal Time),21,Trabzonspor,trabzonspor,,,,,,
2026-08-06T12:28:30.527949+00:00,20260806-122830,https://trends24.in/indonesia/,Wed Aug 05 2026 19:16:04 GMT+0000 (Coordinated Universal Time),22,GLOW BEST WITH EST,glow best with est,,,,,,
2026-08-06T12:28:30.527949+00:00,20260806-122830,https://trends24.in/indonesia/,Wed Aug 05 2026 19:16:04 GMT+0000 (Coordinated Universal Time),23,Gempa,gempa,,,,,,
2026-08-06T12:28:30.527949+00:00,20260806-122830,https://trends24.in/indonesia/,Wed Aug 05 2026 19:16:04 GMT+0000 (Coordinated Universal Time),24,The Grim Lover Q20,the grim lover q20,,,,,,
2026-08-06T12:28:30.527949+00:00,20260806-122830,https://trends24.in/indonesia/,Wed Aug 05 2026 19:16:04 GMT+0000 (Coordinated Universal Time),25,perthdomiia radiant glow,perthdomiia radiant glow,,,,,,
2026-08-06T12:28:30.527949+00:00,20260806-122830,https://trends24.in/indonesia/,Wed Aug 05 2026 19:16:04 GMT+0000 (Coordinated Universal Time),26,EXO-L,exo-l,,,,,,
2026-08-06T12:28:30.527949+00:00,20260806-122830,https://trends24.in/indonesia/,Wed Aug 05 2026 19:16:04 GMT+0000 (Coordinated Universal Time),27,UNIQLO FW2026 X SKY,uniqlo fw2026 x sky,,,,,,
2026-08-06T12:28:30.527949+00:00,20260806-122830,https://trends24.in/indonesia/,Wed Aug 05 2026 19:16:04 GMT+0000 (Coordinated Universal Time),28,Rabu,rabu,,,,,,
2026-08-06T12:28:30.527949+00:00,20260806-122830,https://trends24.in/indonesia/,Wed Aug 05 2026 19:16:04 GMT+0000 (Coordinated Universal Time),29,Nobel,nobel,,,,,,
2026-08-06T12:28:30.527949+00:00,20260806-122830,https://trends24.in/indonesia/,Wed Aug 05 2026 19:16:04 GMT+0000 (Coordinated Universal Time),30,$LESTER,$lester,,,,,,
2026-08-06T12:28:30.527949+00:00,20260806-122830,https://trends24.in/indonesia/,Wed Aug 05 2026 19:16:04 GMT+0000 (Coordinated Universal Time),31,Perez Hilton,perez hilton,,,,,,
2026-08-06T12:28:30.527949+00:00,20260806-122830,https://trends24.in/indonesia/,Wed Aug 05 2026 19:16:04 GMT+0000 (Coordinated Universal Time),32,respect juhoon's rights,respect juhoon's rights,,,,,,
2026-08-06T12:28:30.527949+00:00,20260806-122830,https://trends24.in/indonesia/,Wed Aug 05 2026 19:16:04 GMT+0000 (Coordinated Universal Time),33,Yurizal,yurizal,,,,,,
2026-08-06T12:28:30.527949+00:00,20260806-122830,https://trends24.in/indonesia/,Wed Aug 05 2026 19:16:04 GMT+0000 (Coordinated Universal Time),34,SENADA MAIN PUZZLE,senada main puzzle,,,,,,
2026-08-06T12:28:30.527949+00:00,20260806-122830,https://trends24.in/indonesia/,Wed Aug 05 2026 19:16:04 GMT+0000 (Coordinated Universal Time),35,Love Destiny EP4,love destiny ep4,,,,,,
2026-08-06T12:28:30.527949+00:00,20260806-122830,https://trends24.in/indonesia/,Wed Aug 05 2026 19:16:04 GMT+0000 (Coordinated Universal Time),36,SPIDERMAN WITH NN AC,spiderman with nn ac,,,,,,
2026-08-06T12:28:30.527949+00:00,20260806-122830,https://trends24.in/indonesia/,Wed Aug 05 2026 19:16:04 GMT+0000 (Coordinated Universal Time),37,FOURTH 1ST SOLO CONCERT,fourth 1st solo concert,,,,,,
2026-08-06T12:28:30.527949+00:00,20260806-122830,https://trends24.in/indonesia/,Wed Aug 05 2026 19:16:04 GMT+0000 (Coordinated Universal Time),38,Kimpul,kimpul,,,,,,
2026-08-06T12:28:30.527949+00:00,20260806-122830,https://trends24.in/indonesia/,Wed Aug 05 2026 19:16:04 GMT+0000 (Coordinated Universal Time),39,Dokter,dokter,,,,,,
2026-08-06T12:28:30.527949+00:00,20260806-122830,https://trends24.in/indonesia/,Wed Aug 05 2026 19:16:04 GMT+0000 (Coordinated Universal Time),40,JUNIORMARKMO HI SUNNYMOON,juniormarkmo hi sunnymoon,,,,,,
2026-08-06T12:28:30.527949+00:00,20260806-122830,https://trends24.in/indonesia/,Wed Aug 05 2026 19:16:04 GMT+0000 (Coordinated Universal Time),41,Mo Salah,mo salah,,,,,,
2026-08-06T12:28:30.527949+00:00,20260806-122830,https://trends24.in/indonesia/,Wed Aug 05 2026 19:16:04 GMT+0000 (Coordinated Universal Time),42,Onana,onana,,,,,,
2026-08-06T12:28:30.527949+00:00,20260806-122830,https://trends24.in/indonesia/,Wed Aug 05 2026 19:16:04 GMT+0000 (Coordinated Universal Time),43,Anda Menang Kami Senang,anda menang kami senang,,,,,,
2026-08-06T12:28:30.527949+00:00,20260806-122830,https://trends24.in/indonesia/,Wed Aug 05 2026 19:16:04 GMT+0000 (Coordinated Universal Time),44,XL SECEPAT ITU,xl secepat itu,,,,,,
2026-08-06T12:28:30.527949+00:00,20260806-122830,https://trends24.in/indonesia/,Wed Aug 05 2026 19:16:04 GMT+0000 (Coordinated Universal Time),45,Pascol,pascol,,,,,,
2026-08-06T12:28:30.527949+00:00,20260806-122830,https://trends24.in/indonesia/,Wed Aug 05 2026 19:16:04 GMT+0000 (Coordinated Universal Time),46,WAYV VISION WINGS SHEN 1,wayv vision wings shen 1,,,,,,
2026-08-06T12:28:30.527949+00:00,20260806-122830,https://trends24.in/indonesia/,Wed Aug 05 2026 19:16:04 GMT+0000 (Coordinated Universal Time),47,$BUBU,$bubu,,,,,,
2026-08-06T12:28:30.527949+00:00,20260806-122830,https://trends24.in/indonesia/,Wed Aug 05 2026 19:16:04 GMT+0000 (Coordinated Universal Time),48,KEONHO ENTHRALLS CANADA,keonho enthralls canada,,,,,,
2026-08-06T12:28:30.527949+00:00,20260806-122830,https://trends24.in/indonesia/,Wed Aug 05 2026 19:16:04 GMT+0000 (Coordinated Universal Time),49,Snapshot Overlay,snapshot overlay,,,,,,
2026-08-06T12:28:30.527949+00:00,20260806-122830,https://trends24.in/indonesia/,Wed Aug 05 2026 19:16:04 GMT+0000 (Coordinated Universal Time),50,CLOVER SHOW ON HAPPENING STAGE,clover show on happening stage,,,,,,
2026-08-06T12:28:30.527949+00:00,20260806-122830,https://trends24.in/indonesia/,Wed Aug 05 2026 19:16:03 GMT+0000 (Coordinated Universal Time),1,Bersama Pasti Ada Jalan,bersama pasti ada jalan,,,,,,
2026-08-06T12:28:30.527949+00:00,20260806-122830,https://trends24.in/indonesia/,Wed Aug 05 2026 19:16:03 GMT+0000 (Coordinated Universal Time),2,#SFxJossGawinGuinzly,sfxjossgawinguinzly,,,,,,
2026-08-06T12:28:30.527949+00:00,20260806-122830,https://trends24.in/indonesia/,Wed Aug 05 2026 19:16:03 GMT+0000 (Coordinated Universal Time),3,JGG FAM SPIDER MAN,jgg fam spider man,,,,,,
2026-08-06T12:28:30.527949+00:00,20260806-122830,https://trends24.in/indonesia/,Wed Aug 05 2026 19:16:03 GMT+0000 (Coordinated Universal Time),4,#MakeTheWaveYouLite,makethewaveyoulite,,,,,,
2026-08-06T12:28:30.527949+00:00,20260806-122830,https://trends24.in/indonesia/,Wed Aug 05 2026 19:16:03 GMT+0000 (Coordinated Universal Time),5,#MrKillSeriesEP5,mrkillseriesep5,,,,,,
2026-08-06T12:28:30.527949+00:00,20260806-122830,https://trends24.in/indonesia/,Wed Aug 05 2026 19:16:03 GMT+0000 (Coordinated Universal Time),6,BPJS,bpjs,,,,,,
2026-08-06T12:28:30.527949+00:00,20260806-122830,https://trends24.in/indonesia/,Wed Aug 05 2026 19:16:03 GMT+0000 (Coordinated Universal Time),7,Gojek,gojek,,,,,,
2026-08-06T12:28:30.527949+00:00,20260806-122830,https://trends24.in/indonesia/,Wed Aug 05 2026 19:16:03 GMT+0000 (Coordinated Universal Time),8,#12YearsofEXOLove,12yearsofexolove,,,,,,
2026-08-06T12:28:30.527949+00:00,20260806-122830,https://trends24.in/indonesia/,Wed Aug 05 2026 19:16:03 GMT+0000 (Coordinated Universal Time),9,#EXOL12thAnniversary,exol12thanniversary,,,,,,
2026-08-06T12:28:30.527949+00:00,20260806-122830,https://trends24.in/indonesia/,Wed Aug 05 2026 19:16:03 GMT+0000 (Coordinated Universal Time),10,kedaulatan indonesia,kedaulatan indonesia,,,,,,
2026-08-06T12:28:30.527949+00:00,20260806-122830,https://trends24.in/indonesia/,Wed Aug 05 2026 19:16:03 GMT+0000 (Coordinated Universal Time),11,berbakti diseluruh pelosok,berbakti diseluruh pelosok,,,,,,
2026-08-06T12:28:30.527949+00:00,20260806-122830,https://trends24.in/indonesia/,Wed Aug 05 2026 19:16:03 GMT+0000 (Coordinated Universal Time),12,TREASURE,treasure,,,,,,
2026-08-06T12:28:30.527949+00:00,20260806-122830,https://trends24.in/indonesia/,Wed Aug 05 2026 19:16:03 GMT+0000 (Coordinated Universal Time),13,Chitato & Chitato Lite,chitato & chitato lite,,,,,,
2026-08-06T12:28:30.527949+00:00,20260806-122830,https://trends24.in/indonesia/,Wed Aug 05 2026 19:16:03 GMT+0000 (Coordinated Universal Time),14,L1485 ALWAYS,l1485 always,,,,,,
2026-08-06T12:28:30.527949+00:00,20260806-122830,https://trends24.in/indonesia/,Wed Aug 05 2026 19:16:03 GMT+0000 (Coordinated Universal Time),15,MOONSHADOW SPECIAL EP,moonshadow special ep,,,,,,
2026-08-06T12:28:30.527949+00:00,20260806-122830,https://trends24.in/indonesia/,Wed Aug 05 2026 19:16:03 GMT+0000 (Coordinated Universal Time),16,el clasico indonesia,el clasico indonesia,,,,,,
2026-08-06T12:28:30.527949+00:00,20260806-122830,https://trends24.in/indonesia/,Wed Aug 05 2026 19:16:03 GMT+0000 (Coordinated Universal Time),17,generasi bergizi,generasi bergizi,,,,,,
2026-08-06T12:28:30.527949+00:00,20260806-122830,https://trends24.in/indonesia/,Wed Aug 05 2026 19:16:03 GMT+0000 (Coordinated Universal Time),18,XL POIN,xl poin,,,,,,
2026-08-06T12:28:30.527949+00:00,20260806-122830,https://trends24.in/indonesia/,Wed Aug 05 2026 19:16:03 GMT+0000 (Coordinated Universal Time),19,Nakes,nakes,,,,,,
2026-08-06T12:28:30.527949+00:00,20260806-122830,https://trends24.in/indonesia/,Wed Aug 05 2026 19:16:03 GMT+0000 (Coordinated Universal Time),20,Pangandaran,pangandaran,,,,,,
2026-08-06T12:28:30.527949+00:00,20260806-122830,https://trends24.in/indonesia/,Wed Aug 05 2026 19:16:03 GMT+0000 (Coordinated Universal Time),21,Trabzonspor,trabzonspor,,,,,,
2026-08-06T12:28:30.527949+00:00,20260806-122830,https://trends24.in/indonesia/,Wed Aug 05 2026 19:16:03 GMT+0000 (Coordinated Universal Time),22,GLOW BEST WITH EST,glow best with est,,,,,,
2026-08-06T12:28:30.527949+00:00,20260806-122830,https://trends24.in/indonesia/,Wed Aug 05 2026 19:16:03 GMT+0000 (Coordinated Universal Time),23,Gempa,gempa,,,,,,
2026-08-06T12:28:30.527949+00:00,20260806-122830,https://trends24.in/indonesia/,Wed Aug 05 2026 19:16:03 GMT+0000 (Coordinated Universal Time),24,The Grim Lover Q20,the grim lover q20,,,,,,
2026-08-06T12:28:30.527949+00:00,20260806-122830,https://trends24.in/indonesia/,Wed Aug 05 2026 19:16:03 GMT+0000 (Coordinated Universal Time),25,perthdomiia radiant glow,perthdomiia radiant glow,,,,,,
2026-08-06T12:28:30.527949+00:00,20260806-122830,https://trends24.in/indonesia/,Wed Aug 05 2026 19:16:03 GMT+0000 (Coordinated Universal Time),26,EXO-L,exo-l,,,,,,
2026-08-06T12:28:30.527949+00:00,20260806-122830,https://trends24.in/indonesia/,Wed Aug 05 2026 19:16:03 GMT+0000 (Coordinated Universal Time),27,UNIQLO FW2026 X SKY,uniqlo fw2026 x sky,,,,,,
2026-08-06T12:28:30.527949+00:00,20260806-122830,https://trends24.in/indonesia/,Wed Aug 05 2026 19:16:03 GMT+0000 (Coordinated Universal Time),28,Rabu,rabu,,,,,,
2026-08-06T12:28:30.527949+00:00,20260806-122830,https://trends24.in/indonesia/,Wed Aug 05 2026 19:16:03 GMT+0000 (Coordinated Universal Time),29,Nobel,nobel,,,,,,
2026-08-06T12:28:30.527949+00:00,20260806-122830,https://trends24.in/indonesia/,Wed Aug 05 2026 19:16:03 GMT+0000 (Coordinated Universal Time),30,$LESTER,$lester,,,,,,
2026-08-06T12:28:30.527949+00:00,20260806-122830,https://trends24.in/indonesia/,Wed Aug 05 2026 19:16:03 GMT+0000 (Coordinated Universal Time),31,Perez Hilton,perez hilton,,,,,,
2026-08-06T12:28:30.527949+00:00,20260806-122830,https://trends24.in/indonesia/,Wed Aug 05 2026 19:16:03 GMT+0000 (Coordinated Universal Time),32,respect juhoon's rights,respect juhoon's rights,,,,,,
2026-08-06T12:28:30.527949+00:00,20260806-122830,https://trends24.in/indonesia/,Wed Aug 05 2026 19:16:03 GMT+0000 (Coordinated Universal Time),33,Yurizal,yurizal,,,,,,
2026-08-06T12:28:30.527949+00:00,20260806-122830,https://trends24.in/indonesia/,Wed Aug 05 2026 19:16:03 GMT+0000 (Coordinated Universal Time),34,SENADA MAIN PUZZLE,senada main puzzle,,,,,,
2026-08-06T12:28:30.527949+00:00,20260806-122830,https://trends24.in/indonesia/,Wed Aug 05 2026 19:16:03 GMT+0000 (Coordinated Universal Time),35,Love Destiny EP4,love destiny ep4,,,,,,
2026-08-06T12:28:30.527949+00:00,20260806-122830,https://trends24.in/indonesia/,Wed Aug 05 2026 19:16:03 GMT+0000 (Coordinated Universal Time),36,SPIDERMAN WITH NN AC,spiderman with nn ac,,,,,,
2026-08-06T12:28:30.527949+00:00,20260806-122830,https://trends24.in/indonesia/,Wed Aug 05 2026 19:16:03 GMT+0000 (Coordinated Universal Time),37,FOURTH 1ST SOLO CONCERT,fourth 1st solo concert,,,,,,
2026-08-06T12:28:30.527949+00:00,20260806-122830,https://trends24.in/indonesia/,Wed Aug 05 2026 19:16:03 GMT+0000 (Coordinated Universal Time),38,Kimpul,kimpul,,,,,,
2026-08-06T12:28:30.527949+00:00,20260806-122830,https://trends24.in/indonesia/,Wed Aug 05 2026 19:16:03 GMT+0000 (Coordinated Universal Time),39,Dokter,dokter,,,,,,
2026-08-06T12:28:30.527949+00:00,20260806-122830,https://trends24.in/indonesia/,Wed Aug 05 2026 19:16:03 GMT+0000 (Coordinated Universal Time),40,JUNIORMARKMO HI SUNNYMOON,juniormarkmo hi sunnymoon,,,,,,
2026-08-06T12:28:30.527949+00:00,20260806-122830,https://trends24.in/indonesia/,Wed Aug 05 2026 19:16:03 GMT+0000 (Coordinated Universal Time),41,Mo Salah,mo salah,,,,,,
2026-08-06T12:28:30.527949+00:00,20260806-122830,https://trends24.in/indonesia/,Wed Aug 05 2026 19:16:03 GMT+0000 (Coordinated Universal Time),42,Onana,onana,,,,,,
2026-08-06T12:28:30.527949+00:00,20260806-122830,https://trends24.in/indonesia/,Wed Aug 05 2026 19:16:03 GMT+0000 (Coordinated Universal Time),43,Anda Menang Kami Senang,anda menang kami senang,,,,,,
2026-08-06T12:28:30.527949+00:00,20260806-122830,https://trends24.in/indonesia/,Wed Aug 05 2026 19:16:03 GMT+0000 (Coordinated Universal Time),44,XL SECEPAT ITU,xl secepat itu,,,,,,
2026-08-06T12:28:30.527949+00:00,20260806-122830,https://trends24.in/indonesia/,Wed Aug 05 2026 19:16:03 GMT+0000 (Coordinated Universal Time),45,Pascol,pascol,,,,,,
2026-08-06T12:28:30.527949+00:00,20260806-122830,https://trends24.in/indonesia/,Wed Aug 05 2026 19:16:03 GMT+0000 (Coordinated Universal Time),46,WAYV VISION WINGS SHEN 1,wayv vision wings shen 1,,,,,,
2026-08-06T12:28:30.527949+00:00,20260806-122830,https://trends24.in/indonesia/,Wed Aug 05 2026 19:16:03 GMT+0000 (Coordinated Universal Time),47,$BUBU,$bubu,,,,,,
2026-08-06T12:28:30.527949+00:00,20260806-122830,https://trends24.in/indonesia/,Wed Aug 05 2026 19:16:03 GMT+0000 (Coordinated Universal Time),48,KEONHO ENTHRALLS CANADA,keonho enthralls canada,,,,,,
2026-08-06T12:28:30.527949+00:00,20260806-122830,https://trends24.in/indonesia/,Wed Aug 05 2026 19:16:03 GMT+0000 (Coordinated Universal Time),49,Snapshot Overlay,snapshot overlay,,,,,,
2026-08-06T12:28:30.527949+00:00,20260806-122830,https://trends24.in/indonesia/,Wed Aug 05 2026 19:16:03 GMT+0000 (Coordinated Universal Time),50,CLOVER SHOW ON HAPPENING STAGE,clover show on happening stage,,,,,,
2026-08-06T12:28:30.527949+00:00,20260806-122830,https://trends24.in/indonesia/,Wed Aug 05 2026 18:24:12 GMT+0000 (Coordinated Universal Time),1,Bersama Pasti Ada Jalan,bersama pasti ada jalan,,,,,,
2026-08-06T12:28:30.527949+00:00,20260806-122830,https://trends24.in/indonesia/,Wed Aug 05 2026 18:24:12 GMT+0000 (Coordinated Universal Time),2,#SFxJossGawinGuinzly,sfxjossgawinguinzly,,,,,,
2026-08-06T12:28:30.527949+00:00,20260806-122830,https://trends24.in/indonesia/,Wed Aug 05 2026 18:24:12 GMT+0000 (Coordinated Universal Time),3,JGG FAM SPIDER MAN,jgg fam spider man,,,,,,
2026-08-06T12:28:30.527949+00:00,20260806-122830,https://trends24.in/indonesia/,Wed Aug 05 2026 18:24:12 GMT+0000 (Coordinated Universal Time),4,#MakeTheWaveYouLite,makethewaveyoulite,,,,,,
2026-08-06T12:28:30.527949+00:00,20260806-122830,https://trends24.in/indonesia/,Wed Aug 05 2026 18:24:12 GMT+0000 (Coordinated Universal Time),5,#MrKillSeriesEP5,mrkillseriesep5,,,,,,
2026-08-06T12:28:30.527949+00:00,20260806-122830,https://trends24.in/indonesia/,Wed Aug 05 2026 18:24:12 GMT+0000 (Coordinated Universal Time),6,Gojek,gojek,,,,,,
2026-08-06T12:28:30.527949+00:00,20260806-122830,https://trends24.in/indonesia/,Wed Aug 05 2026 18:24:12 GMT+0000 (Coordinated Universal Time),7,BPJS,bpjs,,,,,,
2026-08-06T12:28:30.527949+00:00,20260806-122830,https://trends24.in/indonesia/,Wed Aug 05 2026 18:24:12 GMT+0000 (Coordinated Universal Time),8,#12YearsofEXOLove,12yearsofexolove,,,,,,
2026-08-06T12:28:30.527949+00:00,20260806-122830,https://trends24.in/indonesia/,Wed Aug 05 2026 18:24:12 GMT+0000 (Coordinated Universal Time),9,#EXOL12thAnniversary,exol12thanniversary,,,,,,
2026-08-06T12:28:30.527949+00:00,20260806-122830,https://trends24.in/indonesia/,Wed Aug 05 2026 18:24:12 GMT+0000 (Coordinated Universal Time),10,kedaulatan indonesia,kedaulatan indonesia,,,,,,
2026-08-06T12:28:30.527949+00:00,20260806-122830,https://trends24.in/indonesia/,Wed Aug 05 2026 18:24:12 GMT+0000 (Coordinated Universal Time),11,berbakti diseluruh pelosok,berbakti diseluruh pelosok,,,,,,
2026-08-06T12:28:30.527949+00:00,20260806-122830,https://trends24.in/indonesia/,Wed Aug 05 2026 18:24:12 GMT+0000 (Coordinated Universal Time),12,L1485 ALWAYS,l1485 always,,,,,,
2026-08-06T12:28:30.527949+00:00,20260806-122830,https://trends24.in/indonesia/,Wed Aug 05 2026 18:24:12 GMT+0000 (Coordinated Universal Time),13,TREASURE,treasure,,,,,,
2026-08-06T12:28:30.527949+00:00,20260806-122830,https://trends24.in/indonesia/,Wed Aug 05 2026 18:24:12 GMT+0000 (Coordinated Universal Time),14,Chitato & Chitato Lite,chitato & chitato lite,,,,,,
2026-08-06T12:28:30.527949+00:00,20260806-122830,https://trends24.in/indonesia/,Wed Aug 05 2026 18:24:12 GMT+0000 (Coordinated Universal Time),15,MOONSHADOW SPECIAL EP,moonshadow special ep,,,,,,
2026-08-06T12:28:30.527949+00:00,20260806-122830,https://trends24.in/indonesia/,Wed Aug 05 2026 18:24:12 GMT+0000 (Coordinated Universal Time),16,el clasico indonesia,el clasico indonesia,,,,,,
2026-08-06T12:28:30.527949+00:00,20260806-122830,https://trends24.in/indonesia/,Wed Aug 05 2026 18:24:12 GMT+0000 (Coordinated Universal Time),17,Generasi BerGizi,generasi bergizi,,,,,,
2026-08-06T12:28:30.527949+00:00,20260806-122830,https://trends24.in/indonesia/,Wed Aug 05 2026 18:24:12 GMT+0000 (Coordinated Universal Time),18,XL POIN,xl poin,,,,,,
2026-08-06T12:28:30.527949+00:00,20260806-122830,https://trends24.in/indonesia/,Wed Aug 05 2026 18:24:12 GMT+0000 (Coordinated Universal Time),19,Pangandaran,pangandaran,,,,,,
2026-08-06T12:28:30.527949+00:00,20260806-122830,https://trends24.in/indonesia/,Wed Aug 05 2026 18:24:12 GMT+0000 (Coordinated Universal Time),20,Nakes,nakes,,,,,,
2026-08-06T12:28:30.527949+00:00,20260806-122830,https://trends24.in/indonesia/,Wed Aug 05 2026 18:24:12 GMT+0000 (Coordinated Universal Time),21,Trabzonspor,trabzonspor,,,,,,
2026-08-06T12:28:30.527949+00:00,20260806-122830,https://trends24.in/indonesia/,Wed Aug 05 2026 18:24:12 GMT+0000 (Coordinated Universal Time),22,GLOW BEST WITH EST,glow best with est,,,,,,
2026-08-06T12:28:30.527949+00:00,20260806-122830,https://trends24.in/indonesia/,Wed Aug 05 2026 18:24:12 GMT+0000 (Coordinated Universal Time),23,Gempa,gempa,,,,,,
2026-08-06T12:28:30.527949+00:00,20260806-122830,https://trends24.in/indonesia/,Wed Aug 05 2026 18:24:12 GMT+0000 (Coordinated Universal Time),24,The Grim Lover Q20,the grim lover q20,,,,,,
2026-08-06T12:28:30.527949+00:00,20260806-122830,https://trends24.in/indonesia/,Wed Aug 05 2026 18:24:12 GMT+0000 (Coordinated Universal Time),25,PERTHDOMIIA RADIANT GLOW,perthdomiia radiant glow,,,,,,
2026-08-06T12:28:30.527949+00:00,20260806-122830,https://trends24.in/indonesia/,Wed Aug 05 2026 18:24:12 GMT+0000 (Coordinated Universal Time),26,Teume,teume,,,,,,
2026-08-06T12:28:30.527949+00:00,20260806-122830,https://trends24.in/indonesia/,Wed Aug 05 2026 18:24:12 GMT+0000 (Coordinated Universal Time),27,Rabu,rabu,,,,,,
2026-08-06T12:28:30.527949+00:00,20260806-122830,https://trends24.in/indonesia/,Wed Aug 05 2026 18:24:12 GMT+0000 (Coordinated Universal Time),28,EXO-L,exo-l,,,,,,
2026-08-06T12:28:30.527949+00:00,20260806-122830,https://trends24.in/indonesia/,Wed Aug 05 2026 18:24:12 GMT+0000 (Coordinated Universal Time),29,UNIQLO FW2026 X SKY,uniqlo fw2026 x sky,,,,,,
2026-08-06T12:28:30.527949+00:00,20260806-122830,https://trends24.in/indonesia/,Wed Aug 05 2026 18:24:12 GMT+0000 (Coordinated Universal Time),30,21ST CENTURY BOY SANGWON,21st century boy sangwon,,,,,,
2026-08-06T12:28:30.527949+00:00,20260806-122830,https://trends24.in/indonesia/,Wed Aug 05 2026 18:24:12 GMT+0000 (Coordinated Universal Time),31,Nobel,nobel,,,,,,
2026-08-06T12:28:30.527949+00:00,20260806-122830,https://trends24.in/indonesia/,Wed Aug 05 2026 18:24:12 GMT+0000 (Coordinated Universal Time),32,Yurizal,yurizal,,,,,,
2026-08-06T12:28:30.527949+00:00,20260806-122830,https://trends24.in/indonesia/,Wed Aug 05 2026 18:24:12 GMT+0000 (Coordinated Universal Time),33,Perez Hilton,perez hilton,,,,,,
2026-08-06T12:28:30.527949+00:00,20260806-122830,https://trends24.in/indonesia/,Wed Aug 05 2026 18:24:12 GMT+0000 (Coordinated Universal Time),34,respect juhoon's rights,respect juhoon's rights,,,,,,
2026-08-06T12:28:30.527949+00:00,20260806-122830,https://trends24.in/indonesia/,Wed Aug 05 2026 18:24:12 GMT+0000 (Coordinated Universal Time),35,$LESTER,$lester,,,,,,
2026-08-06T12:28:30.527949+00:00,20260806-122830,https://trends24.in/indonesia/,Wed Aug 05 2026 18:24:12 GMT+0000 (Coordinated Universal Time),36,SENADA MAIN PUZZLE,senada main puzzle,,,,,,
2026-08-06T12:28:30.527949+00:00,20260806-122830,https://trends24.in/indonesia/,Wed Aug 05 2026 18:24:12 GMT+0000 (Coordinated Universal Time),37,Love Destiny EP4,love destiny ep4,,,,,,
2026-08-06T12:28:30.527949+00:00,20260806-122830,https://trends24.in/indonesia/,Wed Aug 05 2026 18:24:12 GMT+0000 (Coordinated Universal Time),38,senada curigaan,senada curigaan,,,,,,
2026-08-06T12:28:30.527949+00:00,20260806-122830,https://trends24.in/indonesia/,Wed Aug 05 2026 18:24:12 GMT+0000 (Coordinated Universal Time),39,Kimpul,kimpul,,,,,,
2026-08-06T12:28:30.527949+00:00,20260806-122830,https://trends24.in/indonesia/,Wed Aug 05 2026 18:24:12 GMT+0000 (Coordinated Universal Time),40,SPIDERMAN WITH NN AC,spiderman with nn ac,,,,,,
2026-08-06T12:28:30.527949+00:00,20260806-122830,https://trends24.in/indonesia/,Wed Aug 05 2026 18:24:12 GMT+0000 (Coordinated Universal Time),41,FOURTH 1ST SOLO CONCERT,fourth 1st solo concert,,,,,,
2026-08-06T12:28:30.527949+00:00,20260806-122830,https://trends24.in/indonesia/,Wed Aug 05 2026 18:24:12 GMT+0000 (Coordinated Universal Time),42,Dokter,dokter,,,,,,
2026-08-06T12:28:30.527949+00:00,20260806-122830,https://trends24.in/indonesia/,Wed Aug 05 2026 18:24:12 GMT+0000 (Coordinated Universal Time),43,Pascol,pascol,,,,,,
2026-08-06T12:28:30.527949+00:00,20260806-122830,https://trends24.in/indonesia/,Wed Aug 05 2026 18:24:12 GMT+0000 (Coordinated Universal Time),44,Mo Salah,mo salah,,,,,,
2026-08-06T12:28:30.527949+00:00,20260806-122830,https://trends24.in/indonesia/,Wed Aug 05 2026 18:24:12 GMT+0000 (Coordinated Universal Time),45,JUNIORMARKMO HI SUNNYMOON,juniormarkmo hi sunnymoon,,,,,,
2026-08-06T12:28:30.527949+00:00,20260806-122830,https://trends24.in/indonesia/,Wed Aug 05 2026 18:24:12 GMT+0000 (Coordinated Universal Time),46,Onana,onana,,,,,,
2026-08-06T12:28:30.527949+00:00,20260806-122830,https://trends24.in/indonesia/,Wed Aug 05 2026 18:24:12 GMT+0000 (Coordinated Universal Time),47,Anda Menang Kami Senang,anda menang kami senang,,,,,,
2026-08-06T12:28:30.527949+00:00,20260806-122830,https://trends24.in/indonesia/,Wed Aug 05 2026 18:24:12 GMT+0000 (Coordinated Universal Time),48,XL SECEPAT ITU,xl secepat itu,,,,,,
2026-08-06T12:28:30.527949+00:00,20260806-122830,https://trends24.in/indonesia/,Wed Aug 05 2026 18:24:12 GMT+0000 (Coordinated Universal Time),49,WAYV VISION WINGS SHEN 1,wayv vision wings shen 1,,,,,,
2026-08-06T12:28:30.527949+00:00,20260806-122830,https://trends24.in/indonesia/,Wed Aug 05 2026 18:24:12 GMT+0000 (Coordinated Universal Time),50,LEE HAECHAN,lee haechan,,,,,,
2026-08-06T12:28:30.527949+00:00,20260806-122830,https://trends24.in/indonesia/,Wed Aug 05 2026 17:31:23 GMT+0000 (Coordinated Universal Time),1,#MakeTheWaveYouLite,makethewaveyoulite,,,,,,
2026-08-06T12:28:30.527949+00:00,20260806-122830,https://trends24.in/indonesia/,Wed Aug 05 2026 17:31:23 GMT+0000 (Coordinated Universal Time),2,#SFxJossGawinGuinzly,sfxjossgawinguinzly,,,,,,
2026-08-06T12:28:30.527949+00:00,20260806-122830,https://trends24.in/indonesia/,Wed Aug 05 2026 17:31:23 GMT+0000 (Coordinated Universal Time),3,JGG FAM SPIDER MAN,jgg fam spider man,,,,,,
2026-08-06T12:28:30.527949+00:00,20260806-122830,https://trends24.in/indonesia/,Wed Aug 05 2026 17:31:23 GMT+0000 (Coordinated Universal Time),4,#NCT127_BlingyJets1,nct127_blingyjets1,,,,,,
2026-08-06T12:28:30.527949+00:00,20260806-122830,https://trends24.in/indonesia/,Wed Aug 05 2026 17:31:23 GMT+0000 (Coordinated Universal Time),5,TREASURE,treasure,,,,,,
2026-08-06T12:28:30.527949+00:00,20260806-122830,https://trends24.in/indonesia/,Wed Aug 05 2026 17:31:23 GMT+0000 (Coordinated Universal Time),6,#MoonshadowSeriesSpecial,moonshadowseriesspecial,,,,,,
2026-08-06T12:28:30.527949+00:00,20260806-122830,https://trends24.in/indonesia/,Wed Aug 05 2026 17:31:23 GMT+0000 (Coordinated Universal Time),7,Chitato & Chitato Lite,chitato & chitato lite,,,,,,
2026-08-06T12:28:30.527949+00:00,20260806-122830,https://trends24.in/indonesia/,Wed Aug 05 2026 17:31:23 GMT+0000 (Coordinated Universal Time),8,MOONSHADOW SPECIAL EP,moonshadow special ep,,,,,,
2026-08-06T12:28:30.527949+00:00,20260806-122830,https://trends24.in/indonesia/,Wed Aug 05 2026 17:31:23 GMT+0000 (Coordinated Universal Time),9,#BloomingAralie,bloomingaralie,,,,,,
2026-08-06T12:28:30.527949+00:00,20260806-122830,https://trends24.in/indonesia/,Wed Aug 05 2026 17:31:23 GMT+0000 (Coordinated Universal Time),10,Pangandaran,pangandaran,,,,,,
2026-08-06T12:28:30.527949+00:00,20260806-122830,https://trends24.in/indonesia/,Wed Aug 05 2026 17:31:23 GMT+0000 (Coordinated Universal Time),11,Bersama Pasti Ada Jalan,bersama pasti ada jalan,,,,,,
2026-08-06T12:28:30.527949+00:00,20260806-122830,https://trends24.in/indonesia/,Wed Aug 05 2026 17:31:23 GMT+0000 (Coordinated Universal Time),12,Gempa,gempa,,,,,,
2026-08-06T12:28:30.527949+00:00,20260806-122830,https://trends24.in/indonesia/,Wed Aug 05 2026 17:31:23 GMT+0000 (Coordinated Universal Time),13,Gojek,gojek,,,,,,
2026-08-06T12:28:30.527949+00:00,20260806-122830,https://trends24.in/indonesia/,Wed Aug 05 2026 17:31:23 GMT+0000 (Coordinated Universal Time),14,Teume,teume,,,,,,
2026-08-06T12:28:30.527949+00:00,20260806-122830,https://trends24.in/indonesia/,Wed Aug 05 2026 17:31:23 GMT+0000 (Coordinated Universal Time),15,Pascol,pascol,,,,,,
2026-08-06T12:28:30.527949+00:00,20260806-122830,https://trends24.in/indonesia/,Wed Aug 05 2026 17:31:23 GMT+0000 (Coordinated Universal Time),16,LEE HAECHAN,lee haechan,,,,,,
2026-08-06T12:28:30.527949+00:00,20260806-122830,https://trends24.in/indonesia/,Wed Aug 05 2026 17:31:23 GMT+0000 (Coordinated Universal Time),17,Perez Hilton,perez hilton,,,,,,
2026-08-06T12:28:30.527949+00:00,20260806-122830,https://trends24.in/indonesia/,Wed Aug 05 2026 17:31:23 GMT+0000 (Coordinated Universal Time),18,GLOW BEST WITH EST,glow best with est,,,,,,
2026-08-06T12:28:30.527949+00:00,20260806-122830,https://trends24.in/indonesia/,Wed Aug 05 2026 17:31:23 GMT+0000 (Coordinated Universal Time),19,SENADA MAIN PUZZLE,senada main puzzle,,,,,,
2026-08-06T12:28:30.527949+00:00,20260806-122830,https://trends24.in/indonesia/,Wed Aug 05 2026 17:31:23 GMT+0000 (Coordinated Universal Time),20,CLOVER SHOW ON HAPPENING STAGE,clover show on happening stage,,,,,,
2026-08-06T12:28:30.527949+00:00,20260806-122830,https://trends24.in/indonesia/,Wed Aug 05 2026 17:31:23 GMT+0000 (Coordinated Universal Time),21,XL POIN,xl poin,,,,,,
2026-08-06T12:28:30.527949+00:00,20260806-122830,https://trends24.in/indonesia/,Wed Aug 05 2026 17:31:23 GMT+0000 (Coordinated Universal Time),22,Kerasa,kerasa,,,,,,
2026-08-06T12:28:30.527949+00:00,20260806-122830,https://trends24.in/indonesia/,Wed Aug 05 2026 17:31:23 GMT+0000 (Coordinated Universal Time),23,The Grim Lover Q20,the grim lover q20,,,,,,
2026-08-06T12:28:30.527949+00:00,20260806-122830,https://trends24.in/indonesia/,Wed Aug 05 2026 17:31:23 GMT+0000 (Coordinated Universal Time),24,jaehyun,jaehyun,,,,,,
2026-08-06T12:28:30.527949+00:00,20260806-122830,https://trends24.in/indonesia/,Wed Aug 05 2026 17:31:23 GMT+0000 (Coordinated Universal Time),25,Mudryk,mudryk,,,,,,
2026-08-06T12:28:30.527949+00:00,20260806-122830,https://trends24.in/indonesia/,Wed Aug 05 2026 17:31:23 GMT+0000 (Coordinated Universal Time),26,Pecat,pecat,,,,,,
2026-08-06T12:28:30.527949+00:00,20260806-122830,https://trends24.in/indonesia/,Wed Aug 05 2026 17:31:23 GMT+0000 (Coordinated Universal Time),27,#IWillAlwaysSaveYou,iwillalwayssaveyou,,,,,,
2026-08-06T12:28:30.527949+00:00,20260806-122830,https://trends24.in/indonesia/,Wed Aug 05 2026 17:31:23 GMT+0000 (Coordinated Universal Time),28,#HappyBimday,happybimday,,,,,,
2026-08-06T12:28:30.527949+00:00,20260806-122830,https://trends24.in/indonesia/,Wed Aug 05 2026 17:31:23 GMT+0000 (Coordinated Universal Time),29,#ProjectSeraph400,projectseraph400,,,,,,
2026-08-06T12:28:30.527949+00:00,20260806-122830,https://trends24.in/indonesia/,Wed Aug 05 2026 17:31:23 GMT+0000 (Coordinated Universal Time),30,#filmracha,filmracha,,,,,,
2026-08-06T12:28:30.527949+00:00,20260806-122830,https://trends24.in/indonesia/,Wed Aug 05 2026 17:31:23 GMT+0000 (Coordinated Universal Time),31,#TerikatJanjiEp123,terikatjanjiep123,,,,,,
2026-08-06T12:28:30.527949+00:00,20260806-122830,https://trends24.in/indonesia/,Wed Aug 05 2026 17:31:23 GMT+0000 (Coordinated Universal Time),32,#CLO_VERHappeningStage,clo_verhappeningstage,,,,,,
2026-08-06T12:28:30.527949+00:00,20260806-122830,https://trends24.in/indonesia/,Wed Aug 05 2026 17:31:23 GMT+0000 (Coordinated Universal Time),33,#TewoTsunaginagaraJKT48,tewotsunaginagarajkt48,,,,,,
2026-08-06T12:28:30.527949+00:00,20260806-122830,https://trends24.in/indonesia/,Wed Aug 05 2026 17:31:23 GMT+0000 (Coordinated Universal Time),34,#BobbiBrownTHxEST,bobbibrownthxest,,,,,,
2026-08-06T12:28:30.527949+00:00,20260806-122830,https://trends24.in/indonesia/,Wed Aug 05 2026 17:31:23 GMT+0000 (Coordinated Universal Time),35,#QuizSeruMaya,quizserumaya,,,,,,
2026-08-06T12:28:30.527949+00:00,20260806-122830,https://trends24.in/indonesia/,Wed Aug 05 2026 17:31:23 GMT+0000 (Coordinated Universal Time),36,#LawanNarkoba,lawannarkoba,,,,,,
2026-08-06T12:28:30.527949+00:00,20260806-122830,https://trends24.in/indonesia/,Wed Aug 05 2026 17:31:23 GMT+0000 (Coordinated Universal Time),37,#DittipidNarkoba,dittipidnarkoba,,,,,,
2026-08-06T12:28:30.527949+00:00,20260806-122830,https://trends24.in/indonesia/,Wed Aug 05 2026 17:31:23 GMT+0000 (Coordinated Universal Time),38,#BareskrimPolri,bareskrimpolri,,,,,,
2026-08-06T12:28:30.527949+00:00,20260806-122830,https://trends24.in/indonesia/,Wed Aug 05 2026 17:31:23 GMT+0000 (Coordinated Universal Time),39,#YEONJUNonGMA,yeonjunongma,,,,,,
2026-08-06T12:28:30.527949+00:00,20260806-122830,https://trends24.in/indonesia/,Wed Aug 05 2026 17:31:23 GMT+0000 (Coordinated Universal Time),40,#à¸£à¸±à¸à¸¥à¸·à¸¡à¸à¸²à¸¢Q20,à¸£à¸±à¸à¸¥à¸·à¸¡à¸à¸²à¸¢q20,,,,,,
2026-08-06T12:28:30.527949+00:00,20260806-122830,https://trends24.in/indonesia/,Wed Aug 05 2026 17:31:23 GMT+0000 (Coordinated Universal Time),41,#MensFolioXGemini,mensfolioxgemini,,,,,,
2026-08-06T12:28:30.527949+00:00,20260806-122830,https://trends24.in/indonesia/,Wed Aug 05 2026 17:31:23 GMT+0000 (Coordinated Universal Time),42,#CHANELXGEMINI,chanelxgemini,,,,,,
2026-08-06T12:28:30.527949+00:00,20260806-122830,https://trends24.in/indonesia/,Wed Aug 05 2026 17:31:23 GMT+0000 (Coordinated Universal Time),43,#est_rvp,est_rvp,,,,,,
2026-08-06T12:28:30.527949+00:00,20260806-122830,https://trends24.in/indonesia/,Wed Aug 05 2026 17:31:23 GMT+0000 (Coordinated Universal Time),44,#Gemini_NT,gemini_nt,,,,,,
2026-08-06T12:28:30.527949+00:00,20260806-122830,https://trends24.in/indonesia/,Wed Aug 05 2026 17:31:23 GMT+0000 (Coordinated Universal Time),45,#à¹à¸à¸¡à¸µà¹à¸à¸à¹,à¹à¸à¸¡à¸µà¹à¸à¸à¹,,,,,,
