captured_at_utc,run_id,source_url,hour_label,rank,name,name_norm,tweet_count_raw,tweet_count,best_position,total_tweets,trending_for_raw,trending_for_hours
2026-08-01T02:57:03.478798+00:00,20260801-025703,https://trends24.in/indonesia/,Sat Aug 01 2026 02:06:23 GMT+0000 (Coordinated Universal Time),1,#TOKENPLN81RIBU,tokenpln81ribu,,,,,,
2026-08-01T02:57:03.478798+00:00,20260801-025703,https://trends24.in/indonesia/,Sat Aug 01 2026 02:06:23 GMT+0000 (Coordinated Universal Time),2,GoPay,gopay,,,,,,
2026-08-01T02:57:03.478798+00:00,20260801-025703,https://trends24.in/indonesia/,Sat Aug 01 2026 02:06:23 GMT+0000 (Coordinated Universal Time),3,#SosialismeDanAI,sosialismedanai,,,,,,
2026-08-01T02:57:03.478798+00:00,20260801-025703,https://trends24.in/indonesia/,Sat Aug 01 2026 02:06:23 GMT+0000 (Coordinated Universal Time),4,PLN 100rb,pln 100rb,,,,,,
2026-08-01T02:57:03.478798+00:00,20260801-025703,https://trends24.in/indonesia/,Sat Aug 01 2026 02:06:23 GMT+0000 (Coordinated Universal Time),5,Agustus,agustus,,,,,,
2026-08-01T02:57:03.478798+00:00,20260801-025703,https://trends24.in/indonesia/,Sat Aug 01 2026 02:06:23 GMT+0000 (Coordinated Universal Time),6,produk lokal indonesia,produk lokal indonesia,,,,,,
2026-08-01T02:57:03.478798+00:00,20260801-025703,https://trends24.in/indonesia/,Sat Aug 01 2026 02:06:23 GMT+0000 (Coordinated Universal Time),7,#jumatberkahgreensm,jumatberkahgreensm,,,,,,
2026-08-01T02:57:03.478798+00:00,20260801-025703,https://trends24.in/indonesia/,Sat Aug 01 2026 02:06:23 GMT+0000 (Coordinated Universal Time),8,#dukungumkm,dukungumkm,,,,,,
2026-08-01T02:57:03.478798+00:00,20260801-025703,https://trends24.in/indonesia/,Sat Aug 01 2026 02:06:23 GMT+0000 (Coordinated Universal Time),9,#SFxPondPhuwinPermpoon,sfxpondphuwinpermpoon,,,,,,
2026-08-01T02:57:03.478798+00:00,20260801-025703,https://trends24.in/indonesia/,Sat Aug 01 2026 02:06:23 GMT+0000 (Coordinated Universal Time),10,PPP FAMILY SPIDER MAN,ppp family spider man,,,,,,
2026-08-01T02:57:03.478798+00:00,20260801-025703,https://trends24.in/indonesia/,Sat Aug 01 2026 02:06:23 GMT+0000 (Coordinated Universal Time),11,Alhamdulillah,alhamdulillah,,,,,,
2026-08-01T02:57:03.478798+00:00,20260801-025703,https://trends24.in/indonesia/,Sat Aug 01 2026 02:06:23 GMT+0000 (Coordinated Universal Time),12,ADAAP HAPPY LANDING,adaap happy landing,,,,,,
2026-08-01T02:57:03.478798+00:00,20260801-025703,https://trends24.in/indonesia/,Sat Aug 01 2026 02:06:23 GMT+0000 (Coordinated Universal Time),13,perkuat perkokoh kesiapan,perkuat perkokoh kesiapan,,,,,,
2026-08-01T02:57:03.478798+00:00,20260801-025703,https://trends24.in/indonesia/,Sat Aug 01 2026 02:06:23 GMT+0000 (Coordinated Universal Time),14,Beli Token 100rb CUMA,beli token 100rb cuma,,,,,,
2026-08-01T02:57:03.478798+00:00,20260801-025703,https://trends24.in/indonesia/,Sat Aug 01 2026 02:06:23 GMT+0000 (Coordinated Universal Time),15,Zikir Doa Kebangsaan,zikir doa kebangsaan,,,,,,
2026-08-01T02:57:03.478798+00:00,20260801-025703,https://trends24.in/indonesia/,Sat Aug 01 2026 02:06:23 GMT+0000 (Coordinated Universal Time),16,bgn bersih bersih,bgn bersih bersih,,,,,,
2026-08-01T02:57:03.478798+00:00,20260801-025703,https://trends24.in/indonesia/,Sat Aug 01 2026 02:06:23 GMT+0000 (Coordinated Universal Time),17,Timor Leste,timor leste,,,,,,
2026-08-01T02:57:03.478798+00:00,20260801-025703,https://trends24.in/indonesia/,Sat Aug 01 2026 02:06:23 GMT+0000 (Coordinated Universal Time),18,WESLEY SPIDEY,wesley spidey,,,,,,
2026-08-01T02:57:03.478798+00:00,20260801-025703,https://trends24.in/indonesia/,Sat Aug 01 2026 02:06:23 GMT+0000 (Coordinated Universal Time),19,JASPER FLAREY FANSIGN,jasper flarey fansign,,,,,,
2026-08-01T02:57:03.478798+00:00,20260801-025703,https://trends24.in/indonesia/,Sat Aug 01 2026 02:06:23 GMT+0000 (Coordinated Universal Time),20,LINGORM ILF EP7,lingorm ilf ep7,,,,,,
2026-08-01T02:57:03.478798+00:00,20260801-025703,https://trends24.in/indonesia/,Sat Aug 01 2026 02:06:23 GMT+0000 (Coordinated Universal Time),21,Otsu EOS,otsu eos,,,,,,
2026-08-01T02:57:03.478798+00:00,20260801-025703,https://trends24.in/indonesia/,Sat Aug 01 2026 02:06:23 GMT+0000 (Coordinated Universal Time),22,Amlodipine 5,amlodipine 5,,,,,,
2026-08-01T02:57:03.478798+00:00,20260801-025703,https://trends24.in/indonesia/,Sat Aug 01 2026 02:06:23 GMT+0000 (Coordinated Universal Time),23,BiFu,bifu,,,,,,
2026-08-01T02:57:03.478798+00:00,20260801-025703,https://trends24.in/indonesia/,Sat Aug 01 2026 02:06:23 GMT+0000 (Coordinated Universal Time),24,10 Strip di Halodoc,10 strip di halodoc,,,,,,
2026-08-01T02:57:03.478798+00:00,20260801-025703,https://trends24.in/indonesia/,Sat Aug 01 2026 02:06:23 GMT+0000 (Coordinated Universal Time),25,Franco Baresi,franco baresi,,,,,,
2026-08-01T02:57:03.478798+00:00,20260801-025703,https://trends24.in/indonesia/,Sat Aug 01 2026 02:06:23 GMT+0000 (Coordinated Universal Time),26,Semangat,semangat,,,,,,
2026-08-01T02:57:03.478798+00:00,20260801-025703,https://trends24.in/indonesia/,Sat Aug 01 2026 02:06:23 GMT+0000 (Coordinated Universal Time),27,Payout,payout,,,,,,
2026-08-01T02:57:03.478798+00:00,20260801-025703,https://trends24.in/indonesia/,Sat Aug 01 2026 02:06:23 GMT+0000 (Coordinated Universal Time),28,PayBox,paybox,,,,,,
2026-08-01T02:57:03.478798+00:00,20260801-025703,https://trends24.in/indonesia/,Sat Aug 01 2026 02:06:23 GMT+0000 (Coordinated Universal Time),29,Lawan 10,lawan 10,,,,,,
2026-08-01T02:57:03.478798+00:00,20260801-025703,https://trends24.in/indonesia/,Sat Aug 01 2026 02:06:23 GMT+0000 (Coordinated Universal Time),30,Pagii,pagii,,,,,,
2026-08-01T02:57:03.478798+00:00,20260801-025703,https://trends24.in/indonesia/,Sat Aug 01 2026 02:06:23 GMT+0000 (Coordinated Universal Time),31,Teyvat,teyvat,,,,,,
2026-08-01T02:57:03.478798+00:00,20260801-025703,https://trends24.in/indonesia/,Sat Aug 01 2026 02:06:23 GMT+0000 (Coordinated Universal Time),32,Elon,elon,,,,,,
2026-08-01T02:57:03.478798+00:00,20260801-025703,https://trends24.in/indonesia/,Sat Aug 01 2026 02:06:23 GMT+0000 (Coordinated Universal Time),33,UEFA,uefa,,,,,,
2026-08-01T02:57:03.478798+00:00,20260801-025703,https://trends24.in/indonesia/,Sat Aug 01 2026 02:06:23 GMT+0000 (Coordinated Universal Time),34,Pertamax Turbo,pertamax turbo,,,,,,
2026-08-01T02:57:03.478798+00:00,20260801-025703,https://trends24.in/indonesia/,Sat Aug 01 2026 02:06:23 GMT+0000 (Coordinated Universal Time),35,Sarapan,sarapan,,,,,,
2026-08-01T02:57:03.478798+00:00,20260801-025703,https://trends24.in/indonesia/,Sat Aug 01 2026 02:06:23 GMT+0000 (Coordinated Universal Time),36,Kim Goeun,kim goeun,,,,,,
2026-08-01T02:57:03.478798+00:00,20260801-025703,https://trends24.in/indonesia/,Sat Aug 01 2026 02:06:23 GMT+0000 (Coordinated Universal Time),37,Thom Haye,thom haye,,,,,,
2026-08-01T02:57:03.478798+00:00,20260801-025703,https://trends24.in/indonesia/,Sat Aug 01 2026 02:06:23 GMT+0000 (Coordinated Universal Time),38,LYKNxLYKYOU BOOK FAIR,lyknxlykyou book fair,,,,,,
2026-08-01T02:57:03.478798+00:00,20260801-025703,https://trends24.in/indonesia/,Sat Aug 01 2026 02:06:23 GMT+0000 (Coordinated Universal Time),39,Mudryk,mudryk,,,,,,
2026-08-01T02:57:03.478798+00:00,20260801-025703,https://trends24.in/indonesia/,Sat Aug 01 2026 02:06:23 GMT+0000 (Coordinated Universal Time),40,AI Voice Transcription,ai voice transcription,,,,,,
2026-08-01T02:57:03.478798+00:00,20260801-025703,https://trends24.in/indonesia/,Sat Aug 01 2026 02:06:23 GMT+0000 (Coordinated Universal Time),41,Kimpul,kimpul,,,,,,
2026-08-01T02:57:03.478798+00:00,20260801-025703,https://trends24.in/indonesia/,Sat Aug 01 2026 02:06:23 GMT+0000 (Coordinated Universal Time),42,Ceuta,ceuta,,,,,,
2026-08-01T02:57:03.478798+00:00,20260801-025703,https://trends24.in/indonesia/,Sat Aug 01 2026 02:06:23 GMT+0000 (Coordinated Universal Time),43,GET ON THE ANGKOT,get on the angkot,,,,,,
2026-08-01T02:57:03.478798+00:00,20260801-025703,https://trends24.in/indonesia/,Sat Aug 01 2026 02:06:23 GMT+0000 (Coordinated Universal Time),44,MoonPay,moonpay,,,,,,
2026-08-01T02:57:03.478798+00:00,20260801-025703,https://trends24.in/indonesia/,Sat Aug 01 2026 02:06:23 GMT+0000 (Coordinated Universal Time),45,Dodgers,dodgers,,,,,,
2026-08-01T02:57:03.478798+00:00,20260801-025703,https://trends24.in/indonesia/,Sat Aug 01 2026 02:06:23 GMT+0000 (Coordinated Universal Time),46,Selamattt,selamattt,,,,,,
2026-08-01T02:57:03.478798+00:00,20260801-025703,https://trends24.in/indonesia/,Sat Aug 01 2026 02:06:23 GMT+0000 (Coordinated Universal Time),47,DBTE RULES EP6,dbte rules ep6,,,,,,
2026-08-01T02:57:03.478798+00:00,20260801-025703,https://trends24.in/indonesia/,Sat Aug 01 2026 02:06:23 GMT+0000 (Coordinated Universal Time),48,pak budiman,pak budiman,,,,,,
2026-08-01T02:57:03.478798+00:00,20260801-025703,https://trends24.in/indonesia/,Sat Aug 01 2026 02:06:23 GMT+0000 (Coordinated Universal Time),49,Infantino,infantino,,,,,,
2026-08-01T02:57:03.478798+00:00,20260801-025703,https://trends24.in/indonesia/,Sat Aug 01 2026 02:06:23 GMT+0000 (Coordinated Universal Time),50,Putusan MK,putusan mk,,,,,,
2026-08-01T02:57:03.478798+00:00,20260801-025703,https://trends24.in/indonesia/,Sat Aug 01 2026 01:15:28 GMT+0000 (Coordinated Universal Time),1,Agustus,agustus,,,,,,
2026-08-01T02:57:03.478798+00:00,20260801-025703,https://trends24.in/indonesia/,Sat Aug 01 2026 01:15:28 GMT+0000 (Coordinated Universal Time),2,produk lokal indonesia,produk lokal indonesia,,,,,,
2026-08-01T02:57:03.478798+00:00,20260801-025703,https://trends24.in/indonesia/,Sat Aug 01 2026 01:15:28 GMT+0000 (Coordinated Universal Time),3,#promoterbaikgreensm,promoterbaikgreensm,,,,,,
2026-08-01T02:57:03.478798+00:00,20260801-025703,https://trends24.in/indonesia/,Sat Aug 01 2026 01:15:28 GMT+0000 (Coordinated Universal Time),4,#jumatberkahgreensm,jumatberkahgreensm,,,,,,
2026-08-01T02:57:03.478798+00:00,20260801-025703,https://trends24.in/indonesia/,Sat Aug 01 2026 01:15:28 GMT+0000 (Coordinated Universal Time),5,#dukungumkm,dukungumkm,,,,,,
2026-08-01T02:57:03.478798+00:00,20260801-025703,https://trends24.in/indonesia/,Sat Aug 01 2026 01:15:28 GMT+0000 (Coordinated Universal Time),6,#SFxPondPhuwinPermpoon,sfxpondphuwinpermpoon,,,,,,
2026-08-01T02:57:03.478798+00:00,20260801-025703,https://trends24.in/indonesia/,Sat Aug 01 2026 01:15:28 GMT+0000 (Coordinated Universal Time),7,PPP FAMILY SPIDER MAN,ppp family spider man,,,,,,
2026-08-01T02:57:03.478798+00:00,20260801-025703,https://trends24.in/indonesia/,Sat Aug 01 2026 01:15:28 GMT+0000 (Coordinated Universal Time),8,#ADogAndAPlaneFinalEP,adogandaplanefinalep,,,,,,
2026-08-01T02:57:03.478798+00:00,20260801-025703,https://trends24.in/indonesia/,Sat Aug 01 2026 01:15:28 GMT+0000 (Coordinated Universal Time),9,ADAAP HAPPY LANDING,adaap happy landing,,,,,,
2026-08-01T02:57:03.478798+00:00,20260801-025703,https://trends24.in/indonesia/,Sat Aug 01 2026 01:15:28 GMT+0000 (Coordinated Universal Time),10,perkuat perkokoh kesiapan,perkuat perkokoh kesiapan,,,,,,
2026-08-01T02:57:03.478798+00:00,20260801-025703,https://trends24.in/indonesia/,Sat Aug 01 2026 01:15:28 GMT+0000 (Coordinated Universal Time),11,Alhamdulillah,alhamdulillah,,,,,,
2026-08-01T02:57:03.478798+00:00,20260801-025703,https://trends24.in/indonesia/,Sat Aug 01 2026 01:15:28 GMT+0000 (Coordinated Universal Time),12,Zikir Doa Kebangsaan,zikir doa kebangsaan,,,,,,
2026-08-01T02:57:03.478798+00:00,20260801-025703,https://trends24.in/indonesia/,Sat Aug 01 2026 01:15:28 GMT+0000 (Coordinated Universal Time),13,bgn bersih bersih,bgn bersih bersih,,,,,,
2026-08-01T02:57:03.478798+00:00,20260801-025703,https://trends24.in/indonesia/,Sat Aug 01 2026 01:15:28 GMT+0000 (Coordinated Universal Time),14,Timor Leste,timor leste,,,,,,
2026-08-01T02:57:03.478798+00:00,20260801-025703,https://trends24.in/indonesia/,Sat Aug 01 2026 01:15:28 GMT+0000 (Coordinated Universal Time),15,WESLEY SPIDEY,wesley spidey,,,,,,
2026-08-01T02:57:03.478798+00:00,20260801-025703,https://trends24.in/indonesia/,Sat Aug 01 2026 01:15:28 GMT+0000 (Coordinated Universal Time),16,JASPER FLAREY FANSIGN,jasper flarey fansign,,,,,,
2026-08-01T02:57:03.478798+00:00,20260801-025703,https://trends24.in/indonesia/,Sat Aug 01 2026 01:15:28 GMT+0000 (Coordinated Universal Time),17,LINGORM ILF EP7,lingorm ilf ep7,,,,,,
2026-08-01T02:57:03.478798+00:00,20260801-025703,https://trends24.in/indonesia/,Sat Aug 01 2026 01:15:28 GMT+0000 (Coordinated Universal Time),18,Otsu EOS,otsu eos,,,,,,
2026-08-01T02:57:03.478798+00:00,20260801-025703,https://trends24.in/indonesia/,Sat Aug 01 2026 01:15:28 GMT+0000 (Coordinated Universal Time),19,Amlodipine 5,amlodipine 5,,,,,,
2026-08-01T02:57:03.478798+00:00,20260801-025703,https://trends24.in/indonesia/,Sat Aug 01 2026 01:15:28 GMT+0000 (Coordinated Universal Time),20,Pertamax Turbo,pertamax turbo,,,,,,
2026-08-01T02:57:03.478798+00:00,20260801-025703,https://trends24.in/indonesia/,Sat Aug 01 2026 01:15:28 GMT+0000 (Coordinated Universal Time),21,10 Strip di Halodoc,10 strip di halodoc,,,,,,
2026-08-01T02:57:03.478798+00:00,20260801-025703,https://trends24.in/indonesia/,Sat Aug 01 2026 01:15:28 GMT+0000 (Coordinated Universal Time),22,Franco Baresi,franco baresi,,,,,,
2026-08-01T02:57:03.478798+00:00,20260801-025703,https://trends24.in/indonesia/,Sat Aug 01 2026 01:15:28 GMT+0000 (Coordinated Universal Time),23,Teyvat,teyvat,,,,,,
2026-08-01T02:57:03.478798+00:00,20260801-025703,https://trends24.in/indonesia/,Sat Aug 01 2026 01:15:28 GMT+0000 (Coordinated Universal Time),24,Lawan 10,lawan 10,,,,,,
2026-08-01T02:57:03.478798+00:00,20260801-025703,https://trends24.in/indonesia/,Sat Aug 01 2026 01:15:28 GMT+0000 (Coordinated Universal Time),25,Arsenal,arsenal,,,,,,
2026-08-01T02:57:03.478798+00:00,20260801-025703,https://trends24.in/indonesia/,Sat Aug 01 2026 01:15:28 GMT+0000 (Coordinated Universal Time),26,PayBox,paybox,,,,,,
2026-08-01T02:57:03.478798+00:00,20260801-025703,https://trends24.in/indonesia/,Sat Aug 01 2026 01:15:28 GMT+0000 (Coordinated Universal Time),27,Payout,payout,,,,,,
2026-08-01T02:57:03.478798+00:00,20260801-025703,https://trends24.in/indonesia/,Sat Aug 01 2026 01:15:28 GMT+0000 (Coordinated Universal Time),28,Pagii,pagii,,,,,,
2026-08-01T02:57:03.478798+00:00,20260801-025703,https://trends24.in/indonesia/,Sat Aug 01 2026 01:15:28 GMT+0000 (Coordinated Universal Time),29,UEFA,uefa,,,,,,
2026-08-01T02:57:03.478798+00:00,20260801-025703,https://trends24.in/indonesia/,Sat Aug 01 2026 01:15:28 GMT+0000 (Coordinated Universal Time),30,Thom Haye,thom haye,,,,,,
2026-08-01T02:57:03.478798+00:00,20260801-025703,https://trends24.in/indonesia/,Sat Aug 01 2026 01:15:28 GMT+0000 (Coordinated Universal Time),31,Kim Goeun,kim goeun,,,,,,
2026-08-01T02:57:03.478798+00:00,20260801-025703,https://trends24.in/indonesia/,Sat Aug 01 2026 01:15:28 GMT+0000 (Coordinated Universal Time),32,LYKNxLYKYOU BOOK FAIR,lyknxlykyou book fair,,,,,,
2026-08-01T02:57:03.478798+00:00,20260801-025703,https://trends24.in/indonesia/,Sat Aug 01 2026 01:15:28 GMT+0000 (Coordinated Universal Time),33,Risa,risa,,,,,,
2026-08-01T02:57:03.478798+00:00,20260801-025703,https://trends24.in/indonesia/,Sat Aug 01 2026 01:15:28 GMT+0000 (Coordinated Universal Time),34,Mudryk,mudryk,,,,,,
2026-08-01T02:57:03.478798+00:00,20260801-025703,https://trends24.in/indonesia/,Sat Aug 01 2026 01:15:28 GMT+0000 (Coordinated Universal Time),35,Vini,vini,,,,,,
2026-08-01T02:57:03.478798+00:00,20260801-025703,https://trends24.in/indonesia/,Sat Aug 01 2026 01:15:28 GMT+0000 (Coordinated Universal Time),36,GET ON THE ANGKOT,get on the angkot,,,,,,
2026-08-01T02:57:03.478798+00:00,20260801-025703,https://trends24.in/indonesia/,Sat Aug 01 2026 01:15:28 GMT+0000 (Coordinated Universal Time),37,AI Voice Transcription,ai voice transcription,,,,,,
2026-08-01T02:57:03.478798+00:00,20260801-025703,https://trends24.in/indonesia/,Sat Aug 01 2026 01:15:28 GMT+0000 (Coordinated Universal Time),38,Semangat,semangat,,,,,,
2026-08-01T02:57:03.478798+00:00,20260801-025703,https://trends24.in/indonesia/,Sat Aug 01 2026 01:15:28 GMT+0000 (Coordinated Universal Time),39,Ceuta,ceuta,,,,,,
2026-08-01T02:57:03.478798+00:00,20260801-025703,https://trends24.in/indonesia/,Sat Aug 01 2026 01:15:28 GMT+0000 (Coordinated Universal Time),40,SALT AIR,salt air,,,,,,
2026-08-01T02:57:03.478798+00:00,20260801-025703,https://trends24.in/indonesia/,Sat Aug 01 2026 01:15:28 GMT+0000 (Coordinated Universal Time),41,MoonPay,moonpay,,,,,,
2026-08-01T02:57:03.478798+00:00,20260801-025703,https://trends24.in/indonesia/,Sat Aug 01 2026 01:15:28 GMT+0000 (Coordinated Universal Time),42,Kimpul,kimpul,,,,,,
2026-08-01T02:57:03.478798+00:00,20260801-025703,https://trends24.in/indonesia/,Sat Aug 01 2026 01:15:28 GMT+0000 (Coordinated Universal Time),43,BiFu,bifu,,,,,,
2026-08-01T02:57:03.478798+00:00,20260801-025703,https://trends24.in/indonesia/,Sat Aug 01 2026 01:15:28 GMT+0000 (Coordinated Universal Time),44,Infantino,infantino,,,,,,
2026-08-01T02:57:03.478798+00:00,20260801-025703,https://trends24.in/indonesia/,Sat Aug 01 2026 01:15:28 GMT+0000 (Coordinated Universal Time),45,ART HAS NO ALIENS,art has no aliens,,,,,,
2026-08-01T02:57:03.478798+00:00,20260801-025703,https://trends24.in/indonesia/,Sat Aug 01 2026 01:15:28 GMT+0000 (Coordinated Universal Time),46,Iran,iran,,,,,,
2026-08-01T02:57:03.478798+00:00,20260801-025703,https://trends24.in/indonesia/,Sat Aug 01 2026 01:15:28 GMT+0000 (Coordinated Universal Time),47,DBTE RULES EP6,dbte rules ep6,,,,,,
2026-08-01T02:57:03.478798+00:00,20260801-025703,https://trends24.in/indonesia/,Sat Aug 01 2026 01:15:28 GMT+0000 (Coordinated Universal Time),48,pak budiman,pak budiman,,,,,,
2026-08-01T02:57:03.478798+00:00,20260801-025703,https://trends24.in/indonesia/,Sat Aug 01 2026 01:15:28 GMT+0000 (Coordinated Universal Time),49,Putusan MK,putusan mk,,,,,,
2026-08-01T02:57:03.478798+00:00,20260801-025703,https://trends24.in/indonesia/,Sat Aug 01 2026 01:15:28 GMT+0000 (Coordinated Universal Time),50,Shayne Pattynama,shayne pattynama,,,,,,
2026-08-01T02:57:03.478798+00:00,20260801-025703,https://trends24.in/indonesia/,Sat Aug 01 2026 00:24:11 GMT+0000 (Coordinated Universal Time),1,produk lokal indonesia,produk lokal indonesia,,,,,,
2026-08-01T02:57:03.478798+00:00,20260801-025703,https://trends24.in/indonesia/,Sat Aug 01 2026 00:24:11 GMT+0000 (Coordinated Universal Time),2,Agustus,agustus,,,,,,
2026-08-01T02:57:03.478798+00:00,20260801-025703,https://trends24.in/indonesia/,Sat Aug 01 2026 00:24:11 GMT+0000 (Coordinated Universal Time),3,#PromoTerbaikGreenSM,promoterbaikgreensm,,,,,,
2026-08-01T02:57:03.478798+00:00,20260801-025703,https://trends24.in/indonesia/,Sat Aug 01 2026 00:24:11 GMT+0000 (Coordinated Universal Time),4,#jumatberkahgreensm,jumatberkahgreensm,,,,,,
2026-08-01T02:57:03.478798+00:00,20260801-025703,https://trends24.in/indonesia/,Sat Aug 01 2026 00:24:11 GMT+0000 (Coordinated Universal Time),5,#SFxPondPhuwinPermpoon,sfxpondphuwinpermpoon,,,,,,
2026-08-01T02:57:03.478798+00:00,20260801-025703,https://trends24.in/indonesia/,Sat Aug 01 2026 00:24:11 GMT+0000 (Coordinated Universal Time),6,#dukungumkm,dukungumkm,,,,,,
2026-08-01T02:57:03.478798+00:00,20260801-025703,https://trends24.in/indonesia/,Sat Aug 01 2026 00:24:11 GMT+0000 (Coordinated Universal Time),7,PPP FAMILY SPIDER MAN,ppp family spider man,,,,,,
2026-08-01T02:57:03.478798+00:00,20260801-025703,https://trends24.in/indonesia/,Sat Aug 01 2026 00:24:11 GMT+0000 (Coordinated Universal Time),8,#ADogAndAPlaneFinalEP,adogandaplanefinalep,,,,,,
2026-08-01T02:57:03.478798+00:00,20260801-025703,https://trends24.in/indonesia/,Sat Aug 01 2026 00:24:11 GMT+0000 (Coordinated Universal Time),9,ADAAP HAPPY LANDING,adaap happy landing,,,,,,
2026-08-01T02:57:03.478798+00:00,20260801-025703,https://trends24.in/indonesia/,Sat Aug 01 2026 00:24:11 GMT+0000 (Coordinated Universal Time),10,perkuat perkokoh kesiapan,perkuat perkokoh kesiapan,,,,,,
2026-08-01T02:57:03.478798+00:00,20260801-025703,https://trends24.in/indonesia/,Sat Aug 01 2026 00:24:11 GMT+0000 (Coordinated Universal Time),11,Zikir Doa Kebangsaan,zikir doa kebangsaan,,,,,,
2026-08-01T02:57:03.478798+00:00,20260801-025703,https://trends24.in/indonesia/,Sat Aug 01 2026 00:24:11 GMT+0000 (Coordinated Universal Time),12,bgn bersih bersih,bgn bersih bersih,,,,,,
2026-08-01T02:57:03.478798+00:00,20260801-025703,https://trends24.in/indonesia/,Sat Aug 01 2026 00:24:11 GMT+0000 (Coordinated Universal Time),13,Timor Leste,timor leste,,,,,,
2026-08-01T02:57:03.478798+00:00,20260801-025703,https://trends24.in/indonesia/,Sat Aug 01 2026 00:24:11 GMT+0000 (Coordinated Universal Time),14,JASPER FLAREY FANSIGN,jasper flarey fansign,,,,,,
2026-08-01T02:57:03.478798+00:00,20260801-025703,https://trends24.in/indonesia/,Sat Aug 01 2026 00:24:11 GMT+0000 (Coordinated Universal Time),15,10 Strip di Halodoc,10 strip di halodoc,,,,,,
2026-08-01T02:57:03.478798+00:00,20260801-025703,https://trends24.in/indonesia/,Sat Aug 01 2026 00:24:11 GMT+0000 (Coordinated Universal Time),16,Amlodipine 5,amlodipine 5,,,,,,
2026-08-01T02:57:03.478798+00:00,20260801-025703,https://trends24.in/indonesia/,Sat Aug 01 2026 00:24:11 GMT+0000 (Coordinated Universal Time),17,WESLEY SPIDEY,wesley spidey,,,,,,
2026-08-01T02:57:03.478798+00:00,20260801-025703,https://trends24.in/indonesia/,Sat Aug 01 2026 00:24:11 GMT+0000 (Coordinated Universal Time),18,LINGORM ILF EP7,lingorm ilf ep7,,,,,,
2026-08-01T02:57:03.478798+00:00,20260801-025703,https://trends24.in/indonesia/,Sat Aug 01 2026 00:24:11 GMT+0000 (Coordinated Universal Time),19,Otsu EOS,otsu eos,,,,,,
2026-08-01T02:57:03.478798+00:00,20260801-025703,https://trends24.in/indonesia/,Sat Aug 01 2026 00:24:11 GMT+0000 (Coordinated Universal Time),20,Alhamdulillah,alhamdulillah,,,,,,
2026-08-01T02:57:03.478798+00:00,20260801-025703,https://trends24.in/indonesia/,Sat Aug 01 2026 00:24:11 GMT+0000 (Coordinated Universal Time),21,Teyvat,teyvat,,,,,,
2026-08-01T02:57:03.478798+00:00,20260801-025703,https://trends24.in/indonesia/,Sat Aug 01 2026 00:24:11 GMT+0000 (Coordinated Universal Time),22,Franco Baresi,franco baresi,,,,,,
2026-08-01T02:57:03.478798+00:00,20260801-025703,https://trends24.in/indonesia/,Sat Aug 01 2026 00:24:11 GMT+0000 (Coordinated Universal Time),23,Lawan 10,lawan 10,,,,,,
2026-08-01T02:57:03.478798+00:00,20260801-025703,https://trends24.in/indonesia/,Sat Aug 01 2026 00:24:11 GMT+0000 (Coordinated Universal Time),24,UEFA,uefa,,,,,,
2026-08-01T02:57:03.478798+00:00,20260801-025703,https://trends24.in/indonesia/,Sat Aug 01 2026 00:24:11 GMT+0000 (Coordinated Universal Time),25,Pertamax Turbo,pertamax turbo,,,,,,
2026-08-01T02:57:03.478798+00:00,20260801-025703,https://trends24.in/indonesia/,Sat Aug 01 2026 00:24:11 GMT+0000 (Coordinated Universal Time),26,Arsenal,arsenal,,,,,,
2026-08-01T02:57:03.478798+00:00,20260801-025703,https://trends24.in/indonesia/,Sat Aug 01 2026 00:24:11 GMT+0000 (Coordinated Universal Time),27,Thom Haye,thom haye,,,,,,
2026-08-01T02:57:03.478798+00:00,20260801-025703,https://trends24.in/indonesia/,Sat Aug 01 2026 00:24:11 GMT+0000 (Coordinated Universal Time),28,Vini,vini,,,,,,
2026-08-01T02:57:03.478798+00:00,20260801-025703,https://trends24.in/indonesia/,Sat Aug 01 2026 00:24:11 GMT+0000 (Coordinated Universal Time),29,Kim Goeun,kim goeun,,,,,,
2026-08-01T02:57:03.478798+00:00,20260801-025703,https://trends24.in/indonesia/,Sat Aug 01 2026 00:24:11 GMT+0000 (Coordinated Universal Time),30,LYKNxLYKYOU BOOK FAIR,lyknxlykyou book fair,,,,,,
2026-08-01T02:57:03.478798+00:00,20260801-025703,https://trends24.in/indonesia/,Sat Aug 01 2026 00:24:11 GMT+0000 (Coordinated Universal Time),31,PayBox,paybox,,,,,,
2026-08-01T02:57:03.478798+00:00,20260801-025703,https://trends24.in/indonesia/,Sat Aug 01 2026 00:24:11 GMT+0000 (Coordinated Universal Time),32,AI Voice Transcription,ai voice transcription,,,,,,
2026-08-01T02:57:03.478798+00:00,20260801-025703,https://trends24.in/indonesia/,Sat Aug 01 2026 00:24:11 GMT+0000 (Coordinated Universal Time),33,Mudryk,mudryk,,,,,,
2026-08-01T02:57:03.478798+00:00,20260801-025703,https://trends24.in/indonesia/,Sat Aug 01 2026 00:24:11 GMT+0000 (Coordinated Universal Time),34,GET ON THE ANGKOT,get on the angkot,,,,,,
2026-08-01T02:57:03.478798+00:00,20260801-025703,https://trends24.in/indonesia/,Sat Aug 01 2026 00:24:11 GMT+0000 (Coordinated Universal Time),35,Moonpay,moonpay,,,,,,
2026-08-01T02:57:03.478798+00:00,20260801-025703,https://trends24.in/indonesia/,Sat Aug 01 2026 00:24:11 GMT+0000 (Coordinated Universal Time),36,Ceuta,ceuta,,,,,,
2026-08-01T02:57:03.478798+00:00,20260801-025703,https://trends24.in/indonesia/,Sat Aug 01 2026 00:24:11 GMT+0000 (Coordinated Universal Time),37,DBTE RULES EP6,dbte rules ep6,,,,,,
2026-08-01T02:57:03.478798+00:00,20260801-025703,https://trends24.in/indonesia/,Sat Aug 01 2026 00:24:11 GMT+0000 (Coordinated Universal Time),38,pak budiman,pak budiman,,,,,,
2026-08-01T02:57:03.478798+00:00,20260801-025703,https://trends24.in/indonesia/,Sat Aug 01 2026 00:24:11 GMT+0000 (Coordinated Universal Time),39,Iran,iran,,,,,,
2026-08-01T02:57:03.478798+00:00,20260801-025703,https://trends24.in/indonesia/,Sat Aug 01 2026 00:24:11 GMT+0000 (Coordinated Universal Time),40,Putusan MK,putusan mk,,,,,,
2026-08-01T02:57:03.478798+00:00,20260801-025703,https://trends24.in/indonesia/,Sat Aug 01 2026 00:24:11 GMT+0000 (Coordinated Universal Time),41,Shayne Pattynama,shayne pattynama,,,,,,
2026-08-01T02:57:03.478798+00:00,20260801-025703,https://trends24.in/indonesia/,Sat Aug 01 2026 00:24:11 GMT+0000 (Coordinated Universal Time),42,Infantino,infantino,,,,,,
2026-08-01T02:57:03.478798+00:00,20260801-025703,https://trends24.in/indonesia/,Sat Aug 01 2026 00:24:11 GMT+0000 (Coordinated Universal Time),43,ART HAS NO ALIENS,art has no aliens,,,,,,
2026-08-01T02:57:03.478798+00:00,20260801-025703,https://trends24.in/indonesia/,Sat Aug 01 2026 00:24:11 GMT+0000 (Coordinated Universal Time),44,Kimpul,kimpul,,,,,,
2026-08-01T02:57:03.478798+00:00,20260801-025703,https://trends24.in/indonesia/,Sat Aug 01 2026 00:24:11 GMT+0000 (Coordinated Universal Time),45,tentara nasional indonesia,tentara nasional indonesia,,,,,,
2026-08-01T02:57:03.478798+00:00,20260801-025703,https://trends24.in/indonesia/,Sat Aug 01 2026 00:24:11 GMT+0000 (Coordinated Universal Time),46,Risa,risa,,,,,,
2026-08-01T02:57:03.478798+00:00,20260801-025703,https://trends24.in/indonesia/,Sat Aug 01 2026 00:24:11 GMT+0000 (Coordinated Universal Time),47,survive with cortis,survive with cortis,,,,,,
2026-08-01T02:57:03.478798+00:00,20260801-025703,https://trends24.in/indonesia/,Sat Aug 01 2026 00:24:11 GMT+0000 (Coordinated Universal Time),48,KETOPRAK UNTUK DAVINA,ketoprak untuk davina,,,,,,
2026-08-01T02:57:03.478798+00:00,20260801-025703,https://trends24.in/indonesia/,Sat Aug 01 2026 00:24:11 GMT+0000 (Coordinated Universal Time),49,Ramon,ramon,,,,,,
2026-08-01T02:57:03.478798+00:00,20260801-025703,https://trends24.in/indonesia/,Sat Aug 01 2026 00:24:11 GMT+0000 (Coordinated Universal Time),50,Hamza Abdelkarim,hamza abdelkarim,,,,,,
2026-08-01T02:57:03.478798+00:00,20260801-025703,https://trends24.in/indonesia/,Fri Jul 31 2026 23:32:10 GMT+0000 (Coordinated Universal Time),1,#dukungumkm,dukungumkm,,,,,,
2026-08-01T02:57:03.478798+00:00,20260801-025703,https://trends24.in/indonesia/,Fri Jul 31 2026 23:32:10 GMT+0000 (Coordinated Universal Time),2,produk lokal indonesia,produk lokal indonesia,,,,,,
2026-08-01T02:57:03.478798+00:00,20260801-025703,https://trends24.in/indonesia/,Fri Jul 31 2026 23:32:10 GMT+0000 (Coordinated Universal Time),3,#PromoTerbaikGreenSM,promoterbaikgreensm,,,,,,
2026-08-01T02:57:03.478798+00:00,20260801-025703,https://trends24.in/indonesia/,Fri Jul 31 2026 23:32:10 GMT+0000 (Coordinated Universal Time),4,#jumatberkahgreensm,jumatberkahgreensm,,,,,,
2026-08-01T02:57:03.478798+00:00,20260801-025703,https://trends24.in/indonesia/,Fri Jul 31 2026 23:32:10 GMT+0000 (Coordinated Universal Time),5,#SFxPondPhuwinPermpoon,sfxpondphuwinpermpoon,,,,,,
2026-08-01T02:57:03.478798+00:00,20260801-025703,https://trends24.in/indonesia/,Fri Jul 31 2026 23:32:10 GMT+0000 (Coordinated Universal Time),6,PPP FAMILY SPIDER MAN,ppp family spider man,,,,,,
2026-08-01T02:57:03.478798+00:00,20260801-025703,https://trends24.in/indonesia/,Fri Jul 31 2026 23:32:10 GMT+0000 (Coordinated Universal Time),7,#ADogAndAPlaneFinalEP,adogandaplanefinalep,,,,,,
2026-08-01T02:57:03.478798+00:00,20260801-025703,https://trends24.in/indonesia/,Fri Jul 31 2026 23:32:10 GMT+0000 (Coordinated Universal Time),8,Agustus,agustus,,,,,,
2026-08-01T02:57:03.478798+00:00,20260801-025703,https://trends24.in/indonesia/,Fri Jul 31 2026 23:32:10 GMT+0000 (Coordinated Universal Time),9,ADAAP HAPPY LANDING,adaap happy landing,,,,,,
2026-08-01T02:57:03.478798+00:00,20260801-025703,https://trends24.in/indonesia/,Fri Jul 31 2026 23:32:10 GMT+0000 (Coordinated Universal Time),10,perkuat perkokoh kesiapan,perkuat perkokoh kesiapan,,,,,,
2026-08-01T02:57:03.478798+00:00,20260801-025703,https://trends24.in/indonesia/,Fri Jul 31 2026 23:32:10 GMT+0000 (Coordinated Universal Time),11,Zikir Doa Kebangsaan,zikir doa kebangsaan,,,,,,
2026-08-01T02:57:03.478798+00:00,20260801-025703,https://trends24.in/indonesia/,Fri Jul 31 2026 23:32:10 GMT+0000 (Coordinated Universal Time),12,bgn bersih bersih,bgn bersih bersih,,,,,,
2026-08-01T02:57:03.478798+00:00,20260801-025703,https://trends24.in/indonesia/,Fri Jul 31 2026 23:32:10 GMT+0000 (Coordinated Universal Time),13,Timor Leste,timor leste,,,,,,
2026-08-01T02:57:03.478798+00:00,20260801-025703,https://trends24.in/indonesia/,Fri Jul 31 2026 23:32:10 GMT+0000 (Coordinated Universal Time),14,JASPER FLAREY FANSIGN,jasper flarey fansign,,,,,,
2026-08-01T02:57:03.478798+00:00,20260801-025703,https://trends24.in/indonesia/,Fri Jul 31 2026 23:32:10 GMT+0000 (Coordinated Universal Time),15,WESLEY SPIDEY,wesley spidey,,,,,,
2026-08-01T02:57:03.478798+00:00,20260801-025703,https://trends24.in/indonesia/,Fri Jul 31 2026 23:32:10 GMT+0000 (Coordinated Universal Time),16,Otsu EOS,otsu eos,,,,,,
2026-08-01T02:57:03.478798+00:00,20260801-025703,https://trends24.in/indonesia/,Fri Jul 31 2026 23:32:10 GMT+0000 (Coordinated Universal Time),17,LINGORM ILF EP7,lingorm ilf ep7,,,,,,
2026-08-01T02:57:03.478798+00:00,20260801-025703,https://trends24.in/indonesia/,Fri Jul 31 2026 23:32:10 GMT+0000 (Coordinated Universal Time),18,Franco Baresi,franco baresi,,,,,,
2026-08-01T02:57:03.478798+00:00,20260801-025703,https://trends24.in/indonesia/,Fri Jul 31 2026 23:32:10 GMT+0000 (Coordinated Universal Time),19,Vini,vini,,,,,,
2026-08-01T02:57:03.478798+00:00,20260801-025703,https://trends24.in/indonesia/,Fri Jul 31 2026 23:32:10 GMT+0000 (Coordinated Universal Time),20,Teyvat,teyvat,,,,,,
2026-08-01T02:57:03.478798+00:00,20260801-025703,https://trends24.in/indonesia/,Fri Jul 31 2026 23:32:10 GMT+0000 (Coordinated Universal Time),21,Lawan 10,lawan 10,,,,,,
2026-08-01T02:57:03.478798+00:00,20260801-025703,https://trends24.in/indonesia/,Fri Jul 31 2026 23:32:10 GMT+0000 (Coordinated Universal Time),22,Arsenal,arsenal,,,,,,
2026-08-01T02:57:03.478798+00:00,20260801-025703,https://trends24.in/indonesia/,Fri Jul 31 2026 23:32:10 GMT+0000 (Coordinated Universal Time),23,GET ON THE ANGKOT,get on the angkot,,,,,,
2026-08-01T02:57:03.478798+00:00,20260801-025703,https://trends24.in/indonesia/,Fri Jul 31 2026 23:32:10 GMT+0000 (Coordinated Universal Time),24,UEFA,uefa,,,,,,
2026-08-01T02:57:03.478798+00:00,20260801-025703,https://trends24.in/indonesia/,Fri Jul 31 2026 23:32:10 GMT+0000 (Coordinated Universal Time),25,shayne pattynama,shayne pattynama,,,,,,
2026-08-01T02:57:03.478798+00:00,20260801-025703,https://trends24.in/indonesia/,Fri Jul 31 2026 23:32:10 GMT+0000 (Coordinated Universal Time),26,Thom Haye,thom haye,,,,,,
2026-08-01T02:57:03.478798+00:00,20260801-025703,https://trends24.in/indonesia/,Fri Jul 31 2026 23:32:10 GMT+0000 (Coordinated Universal Time),27,Kim Goeun,kim goeun,,,,,,
2026-08-01T02:57:03.478798+00:00,20260801-025703,https://trends24.in/indonesia/,Fri Jul 31 2026 23:32:10 GMT+0000 (Coordinated Universal Time),28,LYKNxLYKYOU BOOK FAIR,lyknxlykyou book fair,,,,,,
2026-08-01T02:57:03.478798+00:00,20260801-025703,https://trends24.in/indonesia/,Fri Jul 31 2026 23:32:10 GMT+0000 (Coordinated Universal Time),29,AI Voice Transcription,ai voice transcription,,,,,,
2026-08-01T02:57:03.478798+00:00,20260801-025703,https://trends24.in/indonesia/,Fri Jul 31 2026 23:32:10 GMT+0000 (Coordinated Universal Time),30,PayBox,paybox,,,,,,
2026-08-01T02:57:03.478798+00:00,20260801-025703,https://trends24.in/indonesia/,Fri Jul 31 2026 23:32:10 GMT+0000 (Coordinated Universal Time),31,Moonpay,moonpay,,,,,,
2026-08-01T02:57:03.478798+00:00,20260801-025703,https://trends24.in/indonesia/,Fri Jul 31 2026 23:32:10 GMT+0000 (Coordinated Universal Time),32,Mudryk,mudryk,,,,,,
2026-08-01T02:57:03.478798+00:00,20260801-025703,https://trends24.in/indonesia/,Fri Jul 31 2026 23:32:10 GMT+0000 (Coordinated Universal Time),33,Ceuta,ceuta,,,,,,
2026-08-01T02:57:03.478798+00:00,20260801-025703,https://trends24.in/indonesia/,Fri Jul 31 2026 23:32:10 GMT+0000 (Coordinated Universal Time),34,Birmingham,birmingham,,,,,,
2026-08-01T02:57:03.478798+00:00,20260801-025703,https://trends24.in/indonesia/,Fri Jul 31 2026 23:32:10 GMT+0000 (Coordinated Universal Time),35,Putusan MK,putusan mk,,,,,,
2026-08-01T02:57:03.478798+00:00,20260801-025703,https://trends24.in/indonesia/,Fri Jul 31 2026 23:32:10 GMT+0000 (Coordinated Universal Time),36,Pertamax,pertamax,,,,,,
2026-08-01T02:57:03.478798+00:00,20260801-025703,https://trends24.in/indonesia/,Fri Jul 31 2026 23:32:10 GMT+0000 (Coordinated Universal Time),37,DBTE RULES EP6,dbte rules ep6,,,,,,
2026-08-01T02:57:03.478798+00:00,20260801-025703,https://trends24.in/indonesia/,Fri Jul 31 2026 23:32:10 GMT+0000 (Coordinated Universal Time),38,pak budiman,pak budiman,,,,,,
2026-08-01T02:57:03.478798+00:00,20260801-025703,https://trends24.in/indonesia/,Fri Jul 31 2026 23:32:10 GMT+0000 (Coordinated Universal Time),39,KETOPRAK UNTUK DAVINA,ketoprak untuk davina,,,,,,
2026-08-01T02:57:03.478798+00:00,20260801-025703,https://trends24.in/indonesia/,Fri Jul 31 2026 23:32:10 GMT+0000 (Coordinated Universal Time),40,ART HAS NO ALIENS,art has no aliens,,,,,,
2026-08-01T02:57:03.478798+00:00,20260801-025703,https://trends24.in/indonesia/,Fri Jul 31 2026 23:32:10 GMT+0000 (Coordinated Universal Time),41,kids pack,kids pack,,,,,,
2026-08-01T02:57:03.478798+00:00,20260801-025703,https://trends24.in/indonesia/,Fri Jul 31 2026 23:32:10 GMT+0000 (Coordinated Universal Time),42,tentara nasional indonesia,tentara nasional indonesia,,,,,,
2026-08-01T02:57:03.478798+00:00,20260801-025703,https://trends24.in/indonesia/,Fri Jul 31 2026 23:32:10 GMT+0000 (Coordinated Universal Time),43,Infantino,infantino,,,,,,
2026-08-01T02:57:03.478798+00:00,20260801-025703,https://trends24.in/indonesia/,Fri Jul 31 2026 23:32:10 GMT+0000 (Coordinated Universal Time),44,Ramon,ramon,,,,,,
2026-08-01T02:57:03.478798+00:00,20260801-025703,https://trends24.in/indonesia/,Fri Jul 31 2026 23:32:10 GMT+0000 (Coordinated Universal Time),45,survive with cortis,survive with cortis,,,,,,
2026-08-01T02:57:03.478798+00:00,20260801-025703,https://trends24.in/indonesia/,Fri Jul 31 2026 23:32:10 GMT+0000 (Coordinated Universal Time),46,Kimpul,kimpul,,,,,,
2026-08-01T02:57:03.478798+00:00,20260801-025703,https://trends24.in/indonesia/,Fri Jul 31 2026 23:32:10 GMT+0000 (Coordinated Universal Time),47,komisi iii,komisi iii,,,,,,
2026-08-01T02:57:03.478798+00:00,20260801-025703,https://trends24.in/indonesia/,Fri Jul 31 2026 23:32:10 GMT+0000 (Coordinated Universal Time),48,Seedance 2.5,seedance 2.5,,,,,,
2026-08-01T02:57:03.478798+00:00,20260801-025703,https://trends24.in/indonesia/,Fri Jul 31 2026 23:32:10 GMT+0000 (Coordinated Universal Time),49,Tsaritsa,tsaritsa,,,,,,
2026-08-01T02:57:03.478798+00:00,20260801-025703,https://trends24.in/indonesia/,Fri Jul 31 2026 23:32:10 GMT+0000 (Coordinated Universal Time),50,No Na,no na,,,,,,
2026-08-01T02:57:03.478798+00:00,20260801-025703,https://trends24.in/indonesia/,Fri Jul 31 2026 22:40:11 GMT+0000 (Coordinated Universal Time),1,#dukungumkm,dukungumkm,,,,,,
2026-08-01T02:57:03.478798+00:00,20260801-025703,https://trends24.in/indonesia/,Fri Jul 31 2026 22:40:11 GMT+0000 (Coordinated Universal Time),2,produk lokal indonesia,produk lokal indonesia,,,,,,
2026-08-01T02:57:03.478798+00:00,20260801-025703,https://trends24.in/indonesia/,Fri Jul 31 2026 22:40:11 GMT+0000 (Coordinated Universal Time),3,#PromoTerbaikGreenSM,promoterbaikgreensm,,,,,,
2026-08-01T02:57:03.478798+00:00,20260801-025703,https://trends24.in/indonesia/,Fri Jul 31 2026 22:40:11 GMT+0000 (Coordinated Universal Time),4,#jumatberkahgreensm,jumatberkahgreensm,,,,,,
2026-08-01T02:57:03.478798+00:00,20260801-025703,https://trends24.in/indonesia/,Fri Jul 31 2026 22:40:11 GMT+0000 (Coordinated Universal Time),5,#SFxPondPhuwinPermpoon,sfxpondphuwinpermpoon,,,,,,
2026-08-01T02:57:03.478798+00:00,20260801-025703,https://trends24.in/indonesia/,Fri Jul 31 2026 22:40:11 GMT+0000 (Coordinated Universal Time),6,PPP FAMILY SPIDER MAN,ppp family spider man,,,,,,
2026-08-01T02:57:03.478798+00:00,20260801-025703,https://trends24.in/indonesia/,Fri Jul 31 2026 22:40:11 GMT+0000 (Coordinated Universal Time),7,#ADogAndAPlaneFinalEP,adogandaplanefinalep,,,,,,
2026-08-01T02:57:03.478798+00:00,20260801-025703,https://trends24.in/indonesia/,Fri Jul 31 2026 22:40:11 GMT+0000 (Coordinated Universal Time),8,ADAAP HAPPY LANDING,adaap happy landing,,,,,,
2026-08-01T02:57:03.478798+00:00,20260801-025703,https://trends24.in/indonesia/,Fri Jul 31 2026 22:40:11 GMT+0000 (Coordinated Universal Time),9,perkuat perkokoh kesiapan,perkuat perkokoh kesiapan,,,,,,
2026-08-01T02:57:03.478798+00:00,20260801-025703,https://trends24.in/indonesia/,Fri Jul 31 2026 22:40:11 GMT+0000 (Coordinated Universal Time),10,Agustus,agustus,,,,,,
2026-08-01T02:57:03.478798+00:00,20260801-025703,https://trends24.in/indonesia/,Fri Jul 31 2026 22:40:11 GMT+0000 (Coordinated Universal Time),11,Zikir Doa Kebangsaan,zikir doa kebangsaan,,,,,,
2026-08-01T02:57:03.478798+00:00,20260801-025703,https://trends24.in/indonesia/,Fri Jul 31 2026 22:40:11 GMT+0000 (Coordinated Universal Time),12,bgn bersih bersih,bgn bersih bersih,,,,,,
2026-08-01T02:57:03.478798+00:00,20260801-025703,https://trends24.in/indonesia/,Fri Jul 31 2026 22:40:11 GMT+0000 (Coordinated Universal Time),13,Otsu EOS,otsu eos,,,,,,
2026-08-01T02:57:03.478798+00:00,20260801-025703,https://trends24.in/indonesia/,Fri Jul 31 2026 22:40:11 GMT+0000 (Coordinated Universal Time),14,Timor Leste,timor leste,,,,,,
2026-08-01T02:57:03.478798+00:00,20260801-025703,https://trends24.in/indonesia/,Fri Jul 31 2026 22:40:11 GMT+0000 (Coordinated Universal Time),15,JASPER FLAREY FANSIGN,jasper flarey fansign,,,,,,
2026-08-01T02:57:03.478798+00:00,20260801-025703,https://trends24.in/indonesia/,Fri Jul 31 2026 22:40:11 GMT+0000 (Coordinated Universal Time),16,WESLEY SPIDEY,wesley spidey,,,,,,
2026-08-01T02:57:03.478798+00:00,20260801-025703,https://trends24.in/indonesia/,Fri Jul 31 2026 22:40:11 GMT+0000 (Coordinated Universal Time),17,LINGORM ILF EP7,lingorm ilf ep7,,,,,,
2026-08-01T02:57:03.478798+00:00,20260801-025703,https://trends24.in/indonesia/,Fri Jul 31 2026 22:40:11 GMT+0000 (Coordinated Universal Time),18,Franco Baresi,franco baresi,,,,,,
2026-08-01T02:57:03.478798+00:00,20260801-025703,https://trends24.in/indonesia/,Fri Jul 31 2026 22:40:11 GMT+0000 (Coordinated Universal Time),19,Teyvat,teyvat,,,,,,
2026-08-01T02:57:03.478798+00:00,20260801-025703,https://trends24.in/indonesia/,Fri Jul 31 2026 22:40:11 GMT+0000 (Coordinated Universal Time),20,Lawan 10,lawan 10,,,,,,
2026-08-01T02:57:03.478798+00:00,20260801-025703,https://trends24.in/indonesia/,Fri Jul 31 2026 22:40:11 GMT+0000 (Coordinated Universal Time),21,UEFA,uefa,,,,,,
2026-08-01T02:57:03.478798+00:00,20260801-025703,https://trends24.in/indonesia/,Fri Jul 31 2026 22:40:11 GMT+0000 (Coordinated Universal Time),22,Thom Haye,thom haye,,,,,,
2026-08-01T02:57:03.478798+00:00,20260801-025703,https://trends24.in/indonesia/,Fri Jul 31 2026 22:40:11 GMT+0000 (Coordinated Universal Time),23,GET ON THE ANGKOT,get on the angkot,,,,,,
2026-08-01T02:57:03.478798+00:00,20260801-025703,https://trends24.in/indonesia/,Fri Jul 31 2026 22:40:11 GMT+0000 (Coordinated Universal Time),24,shayne pattynama,shayne pattynama,,,,,,
2026-08-01T02:57:03.478798+00:00,20260801-025703,https://trends24.in/indonesia/,Fri Jul 31 2026 22:40:11 GMT+0000 (Coordinated Universal Time),25,Birmingham,birmingham,,,,,,
2026-08-01T02:57:03.478798+00:00,20260801-025703,https://trends24.in/indonesia/,Fri Jul 31 2026 22:40:11 GMT+0000 (Coordinated Universal Time),26,Kim Goeun,kim goeun,,,,,,
2026-08-01T02:57:03.478798+00:00,20260801-025703,https://trends24.in/indonesia/,Fri Jul 31 2026 22:40:11 GMT+0000 (Coordinated Universal Time),27,LYKNxLYKYOU BOOK FAIR,lyknxlykyou book fair,,,,,,
2026-08-01T02:57:03.478798+00:00,20260801-025703,https://trends24.in/indonesia/,Fri Jul 31 2026 22:40:11 GMT+0000 (Coordinated Universal Time),28,AI Voice Transcription,ai voice transcription,,,,,,
2026-08-01T02:57:03.478798+00:00,20260801-025703,https://trends24.in/indonesia/,Fri Jul 31 2026 22:40:11 GMT+0000 (Coordinated Universal Time),29,Moonpay,moonpay,,,,,,
2026-08-01T02:57:03.478798+00:00,20260801-025703,https://trends24.in/indonesia/,Fri Jul 31 2026 22:40:11 GMT+0000 (Coordinated Universal Time),30,PayBox,paybox,,,,,,
2026-08-01T02:57:03.478798+00:00,20260801-025703,https://trends24.in/indonesia/,Fri Jul 31 2026 22:40:11 GMT+0000 (Coordinated Universal Time),31,Ceuta,ceuta,,,,,,
2026-08-01T02:57:03.478798+00:00,20260801-025703,https://trends24.in/indonesia/,Fri Jul 31 2026 22:40:11 GMT+0000 (Coordinated Universal Time),32,Hamza,hamza,,,,,,
2026-08-01T02:57:03.478798+00:00,20260801-025703,https://trends24.in/indonesia/,Fri Jul 31 2026 22:40:11 GMT+0000 (Coordinated Universal Time),33,Putusan MK,putusan mk,,,,,,
2026-08-01T02:57:03.478798+00:00,20260801-025703,https://trends24.in/indonesia/,Fri Jul 31 2026 22:40:11 GMT+0000 (Coordinated Universal Time),34,Mudryk,mudryk,,,,,,
2026-08-01T02:57:03.478798+00:00,20260801-025703,https://trends24.in/indonesia/,Fri Jul 31 2026 22:40:11 GMT+0000 (Coordinated Universal Time),35,DBTE RULES EP6,dbte rules ep6,,,,,,
2026-08-01T02:57:03.478798+00:00,20260801-025703,https://trends24.in/indonesia/,Fri Jul 31 2026 22:40:11 GMT+0000 (Coordinated Universal Time),36,ART HAS NO ALIENS,art has no aliens,,,,,,
2026-08-01T02:57:03.478798+00:00,20260801-025703,https://trends24.in/indonesia/,Fri Jul 31 2026 22:40:11 GMT+0000 (Coordinated Universal Time),37,pak budiman,pak budiman,,,,,,
2026-08-01T02:57:03.478798+00:00,20260801-025703,https://trends24.in/indonesia/,Fri Jul 31 2026 22:40:11 GMT+0000 (Coordinated Universal Time),38,KETOPRAK UNTUK DAVINA,ketoprak untuk davina,,,,,,
2026-08-01T02:57:03.478798+00:00,20260801-025703,https://trends24.in/indonesia/,Fri Jul 31 2026 22:40:11 GMT+0000 (Coordinated Universal Time),39,kids pack,kids pack,,,,,,
2026-08-01T02:57:03.478798+00:00,20260801-025703,https://trends24.in/indonesia/,Fri Jul 31 2026 22:40:11 GMT+0000 (Coordinated Universal Time),40,Infantino,infantino,,,,,,
2026-08-01T02:57:03.478798+00:00,20260801-025703,https://trends24.in/indonesia/,Fri Jul 31 2026 22:40:11 GMT+0000 (Coordinated Universal Time),41,Ramon,ramon,,,,,,
2026-08-01T02:57:03.478798+00:00,20260801-025703,https://trends24.in/indonesia/,Fri Jul 31 2026 22:40:11 GMT+0000 (Coordinated Universal Time),42,OUR BRIGHTEST MILK PANSA,our brightest milk pansa,,,,,,
2026-08-01T02:57:03.478798+00:00,20260801-025703,https://trends24.in/indonesia/,Fri Jul 31 2026 22:40:11 GMT+0000 (Coordinated Universal Time),43,AQUA TV,aqua tv,,,,,,
2026-08-01T02:57:03.478798+00:00,20260801-025703,https://trends24.in/indonesia/,Fri Jul 31 2026 22:40:11 GMT+0000 (Coordinated Universal Time),44,tentara nasional indonesia,tentara nasional indonesia,,,,,,
2026-08-01T02:57:03.478798+00:00,20260801-025703,https://trends24.in/indonesia/,Fri Jul 31 2026 22:40:11 GMT+0000 (Coordinated Universal Time),45,survive with cortis,survive with cortis,,,,,,
2026-08-01T02:57:03.478798+00:00,20260801-025703,https://trends24.in/indonesia/,Fri Jul 31 2026 22:40:11 GMT+0000 (Coordinated Universal Time),46,Juggling Competition,juggling competition,,,,,,
2026-08-01T02:57:03.478798+00:00,20260801-025703,https://trends24.in/indonesia/,Fri Jul 31 2026 22:40:11 GMT+0000 (Coordinated Universal Time),47,AQUA Elektronik,aqua elektronik,,,,,,
2026-08-01T02:57:03.478798+00:00,20260801-025703,https://trends24.in/indonesia/,Fri Jul 31 2026 22:40:11 GMT+0000 (Coordinated Universal Time),48,Arsenal,arsenal,,,,,,
2026-08-01T02:57:03.478798+00:00,20260801-025703,https://trends24.in/indonesia/,Fri Jul 31 2026 22:40:11 GMT+0000 (Coordinated Universal Time),49,komisi iii,komisi iii,,,,,,
2026-08-01T02:57:03.478798+00:00,20260801-025703,https://trends24.in/indonesia/,Fri Jul 31 2026 22:40:11 GMT+0000 (Coordinated Universal Time),50,Seedance 2.5,seedance 2.5,,,,,,
2026-08-01T02:57:03.478798+00:00,20260801-025703,https://trends24.in/indonesia/,Fri Jul 31 2026 21:48:13 GMT+0000 (Coordinated Universal Time),1,#dukungumkm,dukungumkm,,,,,,
2026-08-01T02:57:03.478798+00:00,20260801-025703,https://trends24.in/indonesia/,Fri Jul 31 2026 21:48:13 GMT+0000 (Coordinated Universal Time),2,produk lokal indonesia,produk lokal indonesia,,,,,,
2026-08-01T02:57:03.478798+00:00,20260801-025703,https://trends24.in/indonesia/,Fri Jul 31 2026 21:48:13 GMT+0000 (Coordinated Universal Time),3,#PromoTerbaikGreenSM,promoterbaikgreensm,,,,,,
2026-08-01T02:57:03.478798+00:00,20260801-025703,https://trends24.in/indonesia/,Fri Jul 31 2026 21:48:13 GMT+0000 (Coordinated Universal Time),4,#jumatberkahgreensm,jumatberkahgreensm,,,,,,
2026-08-01T02:57:03.478798+00:00,20260801-025703,https://trends24.in/indonesia/,Fri Jul 31 2026 21:48:13 GMT+0000 (Coordinated Universal Time),5,#SFxPondPhuwinPermpoon,sfxpondphuwinpermpoon,,,,,,
2026-08-01T02:57:03.478798+00:00,20260801-025703,https://trends24.in/indonesia/,Fri Jul 31 2026 21:48:13 GMT+0000 (Coordinated Universal Time),6,PPP FAMILY SPIDER MAN,ppp family spider man,,,,,,
2026-08-01T02:57:03.478798+00:00,20260801-025703,https://trends24.in/indonesia/,Fri Jul 31 2026 21:48:13 GMT+0000 (Coordinated Universal Time),7,#duniaai,duniaai,,,,,,
2026-08-01T02:57:03.478798+00:00,20260801-025703,https://trends24.in/indonesia/,Fri Jul 31 2026 21:48:13 GMT+0000 (Coordinated Universal Time),8,ADAAP HAPPY LANDING,adaap happy landing,,,,,,
2026-08-01T02:57:03.478798+00:00,20260801-025703,https://trends24.in/indonesia/,Fri Jul 31 2026 21:48:13 GMT+0000 (Coordinated Universal Time),9,perkuat perkokoh kesiapan,perkuat perkokoh kesiapan,,,,,,
2026-08-01T02:57:03.478798+00:00,20260801-025703,https://trends24.in/indonesia/,Fri Jul 31 2026 21:48:13 GMT+0000 (Coordinated Universal Time),10,Zikir Doa Kebangsaan,zikir doa kebangsaan,,,,,,
2026-08-01T02:57:03.478798+00:00,20260801-025703,https://trends24.in/indonesia/,Fri Jul 31 2026 21:48:13 GMT+0000 (Coordinated Universal Time),11,WILLIAMEST WESLEY SPIDEY,williamest wesley spidey,,,,,,
2026-08-01T02:57:03.478798+00:00,20260801-025703,https://trends24.in/indonesia/,Fri Jul 31 2026 21:48:13 GMT+0000 (Coordinated Universal Time),12,Agustus,agustus,,,,,,
2026-08-01T02:57:03.478798+00:00,20260801-025703,https://trends24.in/indonesia/,Fri Jul 31 2026 21:48:13 GMT+0000 (Coordinated Universal Time),13,Timor Leste,timor leste,,,,,,
2026-08-01T02:57:03.478798+00:00,20260801-025703,https://trends24.in/indonesia/,Fri Jul 31 2026 21:48:13 GMT+0000 (Coordinated Universal Time),14,bgn bersih bersih,bgn bersih bersih,,,,,,
2026-08-01T02:57:03.478798+00:00,20260801-025703,https://trends24.in/indonesia/,Fri Jul 31 2026 21:48:13 GMT+0000 (Coordinated Universal Time),15,JASPER FLAREY FANSIGN,jasper flarey fansign,,,,,,
2026-08-01T02:57:03.478798+00:00,20260801-025703,https://trends24.in/indonesia/,Fri Jul 31 2026 21:48:13 GMT+0000 (Coordinated Universal Time),16,Otsu EOS,otsu eos,,,,,,
2026-08-01T02:57:03.478798+00:00,20260801-025703,https://trends24.in/indonesia/,Fri Jul 31 2026 21:48:13 GMT+0000 (Coordinated Universal Time),17,LINGORM ILF EP7,lingorm ilf ep7,,,,,,
2026-08-01T02:57:03.478798+00:00,20260801-025703,https://trends24.in/indonesia/,Fri Jul 31 2026 21:48:13 GMT+0000 (Coordinated Universal Time),18,Franco Baresi,franco baresi,,,,,,
2026-08-01T02:57:03.478798+00:00,20260801-025703,https://trends24.in/indonesia/,Fri Jul 31 2026 21:48:13 GMT+0000 (Coordinated Universal Time),19,Teyvat,teyvat,,,,,,
2026-08-01T02:57:03.478798+00:00,20260801-025703,https://trends24.in/indonesia/,Fri Jul 31 2026 21:48:13 GMT+0000 (Coordinated Universal Time),20,Lawan 10,lawan 10,,,,,,
2026-08-01T02:57:03.478798+00:00,20260801-025703,https://trends24.in/indonesia/,Fri Jul 31 2026 21:48:13 GMT+0000 (Coordinated Universal Time),21,UEFA,uefa,,,,,,
2026-08-01T02:57:03.478798+00:00,20260801-025703,https://trends24.in/indonesia/,Fri Jul 31 2026 21:48:13 GMT+0000 (Coordinated Universal Time),22,Thom Haye,thom haye,,,,,,
2026-08-01T02:57:03.478798+00:00,20260801-025703,https://trends24.in/indonesia/,Fri Jul 31 2026 21:48:13 GMT+0000 (Coordinated Universal Time),23,GET ON THE ANGKOT,get on the angkot,,,,,,
2026-08-01T02:57:03.478798+00:00,20260801-025703,https://trends24.in/indonesia/,Fri Jul 31 2026 21:48:13 GMT+0000 (Coordinated Universal Time),24,shayne pattynama,shayne pattynama,,,,,,
2026-08-01T02:57:03.478798+00:00,20260801-025703,https://trends24.in/indonesia/,Fri Jul 31 2026 21:48:13 GMT+0000 (Coordinated Universal Time),25,Kim Goeun,kim goeun,,,,,,
2026-08-01T02:57:03.478798+00:00,20260801-025703,https://trends24.in/indonesia/,Fri Jul 31 2026 21:48:13 GMT+0000 (Coordinated Universal Time),26,LYKNxLYKYOU BOOK FAIR,lyknxlykyou book fair,,,,,,
2026-08-01T02:57:03.478798+00:00,20260801-025703,https://trends24.in/indonesia/,Fri Jul 31 2026 21:48:13 GMT+0000 (Coordinated Universal Time),27,AI Voice Transcription,ai voice transcription,,,,,,
2026-08-01T02:57:03.478798+00:00,20260801-025703,https://trends24.in/indonesia/,Fri Jul 31 2026 21:48:13 GMT+0000 (Coordinated Universal Time),28,Putusan MK,putusan mk,,,,,,
2026-08-01T02:57:03.478798+00:00,20260801-025703,https://trends24.in/indonesia/,Fri Jul 31 2026 21:48:13 GMT+0000 (Coordinated Universal Time),29,Moonpay,moonpay,,,,,,
2026-08-01T02:57:03.478798+00:00,20260801-025703,https://trends24.in/indonesia/,Fri Jul 31 2026 21:48:13 GMT+0000 (Coordinated Universal Time),30,Hamza,hamza,,,,,,
2026-08-01T02:57:03.478798+00:00,20260801-025703,https://trends24.in/indonesia/,Fri Jul 31 2026 21:48:13 GMT+0000 (Coordinated Universal Time),31,PayBox,paybox,,,,,,
2026-08-01T02:57:03.478798+00:00,20260801-025703,https://trends24.in/indonesia/,Fri Jul 31 2026 21:48:13 GMT+0000 (Coordinated Universal Time),32,Ceuta,ceuta,,,,,,
2026-08-01T02:57:03.478798+00:00,20260801-025703,https://trends24.in/indonesia/,Fri Jul 31 2026 21:48:13 GMT+0000 (Coordinated Universal Time),33,gopay qris tap,gopay qris tap,,,,,,
2026-08-01T02:57:03.478798+00:00,20260801-025703,https://trends24.in/indonesia/,Fri Jul 31 2026 21:48:13 GMT+0000 (Coordinated Universal Time),34,KETOPRAK UNTUK DAVINA,ketoprak untuk davina,,,,,,
2026-08-01T02:57:03.478798+00:00,20260801-025703,https://trends24.in/indonesia/,Fri Jul 31 2026 21:48:13 GMT+0000 (Coordinated Universal Time),35,Birmingham,birmingham,,,,,,
2026-08-01T02:57:03.478798+00:00,20260801-025703,https://trends24.in/indonesia/,Fri Jul 31 2026 21:48:13 GMT+0000 (Coordinated Universal Time),36,Mudryk,mudryk,,,,,,
2026-08-01T02:57:03.478798+00:00,20260801-025703,https://trends24.in/indonesia/,Fri Jul 31 2026 21:48:13 GMT+0000 (Coordinated Universal Time),37,DBTE RULES EP6,dbte rules ep6,,,,,,
2026-08-01T02:57:03.478798+00:00,20260801-025703,https://trends24.in/indonesia/,Fri Jul 31 2026 21:48:13 GMT+0000 (Coordinated Universal Time),38,ART HAS NO ALIENS,art has no aliens,,,,,,
2026-08-01T02:57:03.478798+00:00,20260801-025703,https://trends24.in/indonesia/,Fri Jul 31 2026 21:48:13 GMT+0000 (Coordinated Universal Time),39,pak budiman,pak budiman,,,,,,
2026-08-01T02:57:03.478798+00:00,20260801-025703,https://trends24.in/indonesia/,Fri Jul 31 2026 21:48:13 GMT+0000 (Coordinated Universal Time),40,Infantino,infantino,,,,,,
2026-08-01T02:57:03.478798+00:00,20260801-025703,https://trends24.in/indonesia/,Fri Jul 31 2026 21:48:13 GMT+0000 (Coordinated Universal Time),41,Ramon,ramon,,,,,,
2026-08-01T02:57:03.478798+00:00,20260801-025703,https://trends24.in/indonesia/,Fri Jul 31 2026 21:48:13 GMT+0000 (Coordinated Universal Time),42,kids pack,kids pack,,,,,,
2026-08-01T02:57:03.478798+00:00,20260801-025703,https://trends24.in/indonesia/,Fri Jul 31 2026 21:48:13 GMT+0000 (Coordinated Universal Time),43,OUR BRIGHTEST MILK PANSA,our brightest milk pansa,,,,,,
2026-08-01T02:57:03.478798+00:00,20260801-025703,https://trends24.in/indonesia/,Fri Jul 31 2026 21:48:13 GMT+0000 (Coordinated Universal Time),44,tentara nasional indonesia,tentara nasional indonesia,,,,,,
2026-08-01T02:57:03.478798+00:00,20260801-025703,https://trends24.in/indonesia/,Fri Jul 31 2026 21:48:13 GMT+0000 (Coordinated Universal Time),45,survive with cortis,survive with cortis,,,,,,
2026-08-01T02:57:03.478798+00:00,20260801-025703,https://trends24.in/indonesia/,Fri Jul 31 2026 21:48:13 GMT+0000 (Coordinated Universal Time),46,Tsaritsa,tsaritsa,,,,,,
2026-08-01T02:57:03.478798+00:00,20260801-025703,https://trends24.in/indonesia/,Fri Jul 31 2026 21:48:13 GMT+0000 (Coordinated Universal Time),47,Seedance 2.5,seedance 2.5,,,,,,
2026-08-01T02:57:03.478798+00:00,20260801-025703,https://trends24.in/indonesia/,Fri Jul 31 2026 21:48:13 GMT+0000 (Coordinated Universal Time),48,komisi iii,komisi iii,,,,,,
2026-08-01T02:57:03.478798+00:00,20260801-025703,https://trends24.in/indonesia/,Fri Jul 31 2026 21:48:13 GMT+0000 (Coordinated Universal Time),49,Peter,peter,,,,,,
2026-08-01T02:57:03.478798+00:00,20260801-025703,https://trends24.in/indonesia/,Fri Jul 31 2026 21:48:13 GMT+0000 (Coordinated Universal Time),50,ariana,ariana,,,,,,
2026-08-01T02:57:03.478798+00:00,20260801-025703,https://trends24.in/indonesia/,Fri Jul 31 2026 21:48:12 GMT+0000 (Coordinated Universal Time),1,#dukungumkm,dukungumkm,,,,,,
2026-08-01T02:57:03.478798+00:00,20260801-025703,https://trends24.in/indonesia/,Fri Jul 31 2026 21:48:12 GMT+0000 (Coordinated Universal Time),2,produk lokal indonesia,produk lokal indonesia,,,,,,
2026-08-01T02:57:03.478798+00:00,20260801-025703,https://trends24.in/indonesia/,Fri Jul 31 2026 21:48:12 GMT+0000 (Coordinated Universal Time),3,#PromoTerbaikGreenSM,promoterbaikgreensm,,,,,,
2026-08-01T02:57:03.478798+00:00,20260801-025703,https://trends24.in/indonesia/,Fri Jul 31 2026 21:48:12 GMT+0000 (Coordinated Universal Time),4,#jumatberkahgreensm,jumatberkahgreensm,,,,,,
2026-08-01T02:57:03.478798+00:00,20260801-025703,https://trends24.in/indonesia/,Fri Jul 31 2026 21:48:12 GMT+0000 (Coordinated Universal Time),5,#SFxPondPhuwinPermpoon,sfxpondphuwinpermpoon,,,,,,
2026-08-01T02:57:03.478798+00:00,20260801-025703,https://trends24.in/indonesia/,Fri Jul 31 2026 21:48:12 GMT+0000 (Coordinated Universal Time),6,PPP FAMILY SPIDER MAN,ppp family spider man,,,,,,
2026-08-01T02:57:03.478798+00:00,20260801-025703,https://trends24.in/indonesia/,Fri Jul 31 2026 21:48:12 GMT+0000 (Coordinated Universal Time),7,#duniaai,duniaai,,,,,,
2026-08-01T02:57:03.478798+00:00,20260801-025703,https://trends24.in/indonesia/,Fri Jul 31 2026 21:48:12 GMT+0000 (Coordinated Universal Time),8,ADAAP HAPPY LANDING,adaap happy landing,,,,,,
2026-08-01T02:57:03.478798+00:00,20260801-025703,https://trends24.in/indonesia/,Fri Jul 31 2026 21:48:12 GMT+0000 (Coordinated Universal Time),9,perkuat perkokoh kesiapan,perkuat perkokoh kesiapan,,,,,,
2026-08-01T02:57:03.478798+00:00,20260801-025703,https://trends24.in/indonesia/,Fri Jul 31 2026 21:48:12 GMT+0000 (Coordinated Universal Time),10,Zikir Doa Kebangsaan,zikir doa kebangsaan,,,,,,
2026-08-01T02:57:03.478798+00:00,20260801-025703,https://trends24.in/indonesia/,Fri Jul 31 2026 21:48:12 GMT+0000 (Coordinated Universal Time),11,WILLIAMEST WESLEY SPIDEY,williamest wesley spidey,,,,,,
2026-08-01T02:57:03.478798+00:00,20260801-025703,https://trends24.in/indonesia/,Fri Jul 31 2026 21:48:12 GMT+0000 (Coordinated Universal Time),12,Agustus,agustus,,,,,,
2026-08-01T02:57:03.478798+00:00,20260801-025703,https://trends24.in/indonesia/,Fri Jul 31 2026 21:48:12 GMT+0000 (Coordinated Universal Time),13,Timor Leste,timor leste,,,,,,
2026-08-01T02:57:03.478798+00:00,20260801-025703,https://trends24.in/indonesia/,Fri Jul 31 2026 21:48:12 GMT+0000 (Coordinated Universal Time),14,bgn bersih bersih,bgn bersih bersih,,,,,,
2026-08-01T02:57:03.478798+00:00,20260801-025703,https://trends24.in/indonesia/,Fri Jul 31 2026 21:48:12 GMT+0000 (Coordinated Universal Time),15,JASPER FLAREY FANSIGN,jasper flarey fansign,,,,,,
2026-08-01T02:57:03.478798+00:00,20260801-025703,https://trends24.in/indonesia/,Fri Jul 31 2026 21:48:12 GMT+0000 (Coordinated Universal Time),16,Otsu EOS,otsu eos,,,,,,
2026-08-01T02:57:03.478798+00:00,20260801-025703,https://trends24.in/indonesia/,Fri Jul 31 2026 21:48:12 GMT+0000 (Coordinated Universal Time),17,LINGORM ILF EP7,lingorm ilf ep7,,,,,,
2026-08-01T02:57:03.478798+00:00,20260801-025703,https://trends24.in/indonesia/,Fri Jul 31 2026 21:48:12 GMT+0000 (Coordinated Universal Time),18,Franco Baresi,franco baresi,,,,,,
2026-08-01T02:57:03.478798+00:00,20260801-025703,https://trends24.in/indonesia/,Fri Jul 31 2026 21:48:12 GMT+0000 (Coordinated Universal Time),19,Teyvat,teyvat,,,,,,
2026-08-01T02:57:03.478798+00:00,20260801-025703,https://trends24.in/indonesia/,Fri Jul 31 2026 21:48:12 GMT+0000 (Coordinated Universal Time),20,Lawan 10,lawan 10,,,,,,
2026-08-01T02:57:03.478798+00:00,20260801-025703,https://trends24.in/indonesia/,Fri Jul 31 2026 21:48:12 GMT+0000 (Coordinated Universal Time),21,UEFA,uefa,,,,,,
2026-08-01T02:57:03.478798+00:00,20260801-025703,https://trends24.in/indonesia/,Fri Jul 31 2026 21:48:12 GMT+0000 (Coordinated Universal Time),22,Thom Haye,thom haye,,,,,,
2026-08-01T02:57:03.478798+00:00,20260801-025703,https://trends24.in/indonesia/,Fri Jul 31 2026 21:48:12 GMT+0000 (Coordinated Universal Time),23,GET ON THE ANGKOT,get on the angkot,,,,,,
2026-08-01T02:57:03.478798+00:00,20260801-025703,https://trends24.in/indonesia/,Fri Jul 31 2026 21:48:12 GMT+0000 (Coordinated Universal Time),24,shayne pattynama,shayne pattynama,,,,,,
2026-08-01T02:57:03.478798+00:00,20260801-025703,https://trends24.in/indonesia/,Fri Jul 31 2026 21:48:12 GMT+0000 (Coordinated Universal Time),25,Kim Goeun,kim goeun,,,,,,
2026-08-01T02:57:03.478798+00:00,20260801-025703,https://trends24.in/indonesia/,Fri Jul 31 2026 21:48:12 GMT+0000 (Coordinated Universal Time),26,LYKNxLYKYOU BOOK FAIR,lyknxlykyou book fair,,,,,,
2026-08-01T02:57:03.478798+00:00,20260801-025703,https://trends24.in/indonesia/,Fri Jul 31 2026 21:48:12 GMT+0000 (Coordinated Universal Time),27,AI Voice Transcription,ai voice transcription,,,,,,
2026-08-01T02:57:03.478798+00:00,20260801-025703,https://trends24.in/indonesia/,Fri Jul 31 2026 21:48:12 GMT+0000 (Coordinated Universal Time),28,Putusan MK,putusan mk,,,,,,
2026-08-01T02:57:03.478798+00:00,20260801-025703,https://trends24.in/indonesia/,Fri Jul 31 2026 21:48:12 GMT+0000 (Coordinated Universal Time),29,Moonpay,moonpay,,,,,,
2026-08-01T02:57:03.478798+00:00,20260801-025703,https://trends24.in/indonesia/,Fri Jul 31 2026 21:48:12 GMT+0000 (Coordinated Universal Time),30,Birmingham,birmingham,,,,,,
2026-08-01T02:57:03.478798+00:00,20260801-025703,https://trends24.in/indonesia/,Fri Jul 31 2026 21:48:12 GMT+0000 (Coordinated Universal Time),31,PayBox,paybox,,,,,,
2026-08-01T02:57:03.478798+00:00,20260801-025703,https://trends24.in/indonesia/,Fri Jul 31 2026 21:48:12 GMT+0000 (Coordinated Universal Time),32,Ceuta,ceuta,,,,,,
2026-08-01T02:57:03.478798+00:00,20260801-025703,https://trends24.in/indonesia/,Fri Jul 31 2026 21:48:12 GMT+0000 (Coordinated Universal Time),33,gopay qris tap,gopay qris tap,,,,,,
2026-08-01T02:57:03.478798+00:00,20260801-025703,https://trends24.in/indonesia/,Fri Jul 31 2026 21:48:12 GMT+0000 (Coordinated Universal Time),34,KETOPRAK UNTUK DAVINA,ketoprak untuk davina,,,,,,
2026-08-01T02:57:03.478798+00:00,20260801-025703,https://trends24.in/indonesia/,Fri Jul 31 2026 21:48:12 GMT+0000 (Coordinated Universal Time),35,Mudryk,mudryk,,,,,,
2026-08-01T02:57:03.478798+00:00,20260801-025703,https://trends24.in/indonesia/,Fri Jul 31 2026 21:48:12 GMT+0000 (Coordinated Universal Time),36,Hamza,hamza,,,,,,
2026-08-01T02:57:03.478798+00:00,20260801-025703,https://trends24.in/indonesia/,Fri Jul 31 2026 21:48:12 GMT+0000 (Coordinated Universal Time),37,DBTE RULES EP6,dbte rules ep6,,,,,,
2026-08-01T02:57:03.478798+00:00,20260801-025703,https://trends24.in/indonesia/,Fri Jul 31 2026 21:48:12 GMT+0000 (Coordinated Universal Time),38,ART HAS NO ALIENS,art has no aliens,,,,,,
2026-08-01T02:57:03.478798+00:00,20260801-025703,https://trends24.in/indonesia/,Fri Jul 31 2026 21:48:12 GMT+0000 (Coordinated Universal Time),39,pak budiman,pak budiman,,,,,,
2026-08-01T02:57:03.478798+00:00,20260801-025703,https://trends24.in/indonesia/,Fri Jul 31 2026 21:48:12 GMT+0000 (Coordinated Universal Time),40,Infantino,infantino,,,,,,
2026-08-01T02:57:03.478798+00:00,20260801-025703,https://trends24.in/indonesia/,Fri Jul 31 2026 21:48:12 GMT+0000 (Coordinated Universal Time),41,Ramon,ramon,,,,,,
2026-08-01T02:57:03.478798+00:00,20260801-025703,https://trends24.in/indonesia/,Fri Jul 31 2026 21:48:12 GMT+0000 (Coordinated Universal Time),42,SEONGHYEON GRABS THE SPOTLIGHT,seonghyeon grabs the spotlight,,,,,,
2026-08-01T02:57:03.478798+00:00,20260801-025703,https://trends24.in/indonesia/,Fri Jul 31 2026 21:48:12 GMT+0000 (Coordinated Universal Time),43,kids pack,kids pack,,,,,,
2026-08-01T02:57:03.478798+00:00,20260801-025703,https://trends24.in/indonesia/,Fri Jul 31 2026 21:48:12 GMT+0000 (Coordinated Universal Time),44,OUR BRIGHTEST MILK PANSA,our brightest milk pansa,,,,,,
2026-08-01T02:57:03.478798+00:00,20260801-025703,https://trends24.in/indonesia/,Fri Jul 31 2026 21:48:12 GMT+0000 (Coordinated Universal Time),45,tentara nasional indonesia,tentara nasional indonesia,,,,,,
2026-08-01T02:57:03.478798+00:00,20260801-025703,https://trends24.in/indonesia/,Fri Jul 31 2026 21:48:12 GMT+0000 (Coordinated Universal Time),46,survive with cortis,survive with cortis,,,,,,
2026-08-01T02:57:03.478798+00:00,20260801-025703,https://trends24.in/indonesia/,Fri Jul 31 2026 21:48:12 GMT+0000 (Coordinated Universal Time),47,Tsaritsa,tsaritsa,,,,,,
2026-08-01T02:57:03.478798+00:00,20260801-025703,https://trends24.in/indonesia/,Fri Jul 31 2026 21:48:12 GMT+0000 (Coordinated Universal Time),48,Seedance 2.5,seedance 2.5,,,,,,
2026-08-01T02:57:03.478798+00:00,20260801-025703,https://trends24.in/indonesia/,Fri Jul 31 2026 21:48:12 GMT+0000 (Coordinated Universal Time),49,komisi iii,komisi iii,,,,,,
2026-08-01T02:57:03.478798+00:00,20260801-025703,https://trends24.in/indonesia/,Fri Jul 31 2026 21:48:12 GMT+0000 (Coordinated Universal Time),50,Peter,peter,,,,,,
2026-08-01T02:57:03.478798+00:00,20260801-025703,https://trends24.in/indonesia/,Fri Jul 31 2026 20:54:42 GMT+0000 (Coordinated Universal Time),1,#dukungumkm,dukungumkm,,,,,,
2026-08-01T02:57:03.478798+00:00,20260801-025703,https://trends24.in/indonesia/,Fri Jul 31 2026 20:54:42 GMT+0000 (Coordinated Universal Time),2,produk lokal indonesia,produk lokal indonesia,,,,,,
2026-08-01T02:57:03.478798+00:00,20260801-025703,https://trends24.in/indonesia/,Fri Jul 31 2026 20:54:42 GMT+0000 (Coordinated Universal Time),3,#PromoTerbaikGreenSM,promoterbaikgreensm,,,,,,
2026-08-01T02:57:03.478798+00:00,20260801-025703,https://trends24.in/indonesia/,Fri Jul 31 2026 20:54:42 GMT+0000 (Coordinated Universal Time),4,#SFxPondPhuwinPermpoon,sfxpondphuwinpermpoon,,,,,,
2026-08-01T02:57:03.478798+00:00,20260801-025703,https://trends24.in/indonesia/,Fri Jul 31 2026 20:54:42 GMT+0000 (Coordinated Universal Time),5,#jumatberkahgreensm,jumatberkahgreensm,,,,,,
2026-08-01T02:57:03.478798+00:00,20260801-025703,https://trends24.in/indonesia/,Fri Jul 31 2026 20:54:42 GMT+0000 (Coordinated Universal Time),6,PPP FAMILY SPIDER MAN,ppp family spider man,,,,,,
2026-08-01T02:57:03.478798+00:00,20260801-025703,https://trends24.in/indonesia/,Fri Jul 31 2026 20:54:42 GMT+0000 (Coordinated Universal Time),7,#duniaai,duniaai,,,,,,
2026-08-01T02:57:03.478798+00:00,20260801-025703,https://trends24.in/indonesia/,Fri Jul 31 2026 20:54:42 GMT+0000 (Coordinated Universal Time),8,ADAAP HAPPY LANDING,adaap happy landing,,,,,,
2026-08-01T02:57:03.478798+00:00,20260801-025703,https://trends24.in/indonesia/,Fri Jul 31 2026 20:54:42 GMT+0000 (Coordinated Universal Time),9,perkuat perkokoh kesiapan,perkuat perkokoh kesiapan,,,,,,
2026-08-01T02:57:03.478798+00:00,20260801-025703,https://trends24.in/indonesia/,Fri Jul 31 2026 20:54:42 GMT+0000 (Coordinated Universal Time),10,Zikir Doa Kebangsaan,zikir doa kebangsaan,,,,,,
2026-08-01T02:57:03.478798+00:00,20260801-025703,https://trends24.in/indonesia/,Fri Jul 31 2026 20:54:42 GMT+0000 (Coordinated Universal Time),11,WILLIAMEST WESLEY SPIDEY,williamest wesley spidey,,,,,,
2026-08-01T02:57:03.478798+00:00,20260801-025703,https://trends24.in/indonesia/,Fri Jul 31 2026 20:54:42 GMT+0000 (Coordinated Universal Time),12,Agustus,agustus,,,,,,
2026-08-01T02:57:03.478798+00:00,20260801-025703,https://trends24.in/indonesia/,Fri Jul 31 2026 20:54:42 GMT+0000 (Coordinated Universal Time),13,Timor Leste,timor leste,,,,,,
2026-08-01T02:57:03.478798+00:00,20260801-025703,https://trends24.in/indonesia/,Fri Jul 31 2026 20:54:42 GMT+0000 (Coordinated Universal Time),14,bgn bersih bersih,bgn bersih bersih,,,,,,
2026-08-01T02:57:03.478798+00:00,20260801-025703,https://trends24.in/indonesia/,Fri Jul 31 2026 20:54:42 GMT+0000 (Coordinated Universal Time),15,Otsu EOS,otsu eos,,,,,,
2026-08-01T02:57:03.478798+00:00,20260801-025703,https://trends24.in/indonesia/,Fri Jul 31 2026 20:54:42 GMT+0000 (Coordinated Universal Time),16,JASPER FLAREY FANSIGN,jasper flarey fansign,,,,,,
2026-08-01T02:57:03.478798+00:00,20260801-025703,https://trends24.in/indonesia/,Fri Jul 31 2026 20:54:42 GMT+0000 (Coordinated Universal Time),17,LINGORM ILF EP7,lingorm ilf ep7,,,,,,
2026-08-01T02:57:03.478798+00:00,20260801-025703,https://trends24.in/indonesia/,Fri Jul 31 2026 20:54:42 GMT+0000 (Coordinated Universal Time),18,Franco Baresi,franco baresi,,,,,,
2026-08-01T02:57:03.478798+00:00,20260801-025703,https://trends24.in/indonesia/,Fri Jul 31 2026 20:54:42 GMT+0000 (Coordinated Universal Time),19,Teyvat,teyvat,,,,,,
2026-08-01T02:57:03.478798+00:00,20260801-025703,https://trends24.in/indonesia/,Fri Jul 31 2026 20:54:42 GMT+0000 (Coordinated Universal Time),20,Lawan 10,lawan 10,,,,,,
2026-08-01T02:57:03.478798+00:00,20260801-025703,https://trends24.in/indonesia/,Fri Jul 31 2026 20:54:42 GMT+0000 (Coordinated Universal Time),21,UEFA,uefa,,,,,,
2026-08-01T02:57:03.478798+00:00,20260801-025703,https://trends24.in/indonesia/,Fri Jul 31 2026 20:54:42 GMT+0000 (Coordinated Universal Time),22,Thom Haye,thom haye,,,,,,
2026-08-01T02:57:03.478798+00:00,20260801-025703,https://trends24.in/indonesia/,Fri Jul 31 2026 20:54:42 GMT+0000 (Coordinated Universal Time),23,GET ON THE ANGKOT,get on the angkot,,,,,,
2026-08-01T02:57:03.478798+00:00,20260801-025703,https://trends24.in/indonesia/,Fri Jul 31 2026 20:54:42 GMT+0000 (Coordinated Universal Time),24,LYKNxLYKYOU BOOK FAIR,lyknxlykyou book fair,,,,,,
2026-08-01T02:57:03.478798+00:00,20260801-025703,https://trends24.in/indonesia/,Fri Jul 31 2026 20:54:42 GMT+0000 (Coordinated Universal Time),25,Kim Goeun,kim goeun,,,,,,
2026-08-01T02:57:03.478798+00:00,20260801-025703,https://trends24.in/indonesia/,Fri Jul 31 2026 20:54:42 GMT+0000 (Coordinated Universal Time),26,shayne pattynama,shayne pattynama,,,,,,
2026-08-01T02:57:03.478798+00:00,20260801-025703,https://trends24.in/indonesia/,Fri Jul 31 2026 20:54:42 GMT+0000 (Coordinated Universal Time),27,Moonpay,moonpay,,,,,,
2026-08-01T02:57:03.478798+00:00,20260801-025703,https://trends24.in/indonesia/,Fri Jul 31 2026 20:54:42 GMT+0000 (Coordinated Universal Time),28,AI Voice Transcription,ai voice transcription,,,,,,
2026-08-01T02:57:03.478798+00:00,20260801-025703,https://trends24.in/indonesia/,Fri Jul 31 2026 20:54:42 GMT+0000 (Coordinated Universal Time),29,Putusan MK,putusan mk,,,,,,
2026-08-01T02:57:03.478798+00:00,20260801-025703,https://trends24.in/indonesia/,Fri Jul 31 2026 20:54:42 GMT+0000 (Coordinated Universal Time),30,PayBox,paybox,,,,,,
2026-08-01T02:57:03.478798+00:00,20260801-025703,https://trends24.in/indonesia/,Fri Jul 31 2026 20:54:42 GMT+0000 (Coordinated Universal Time),31,Ceuta,ceuta,,,,,,
2026-08-01T02:57:03.478798+00:00,20260801-025703,https://trends24.in/indonesia/,Fri Jul 31 2026 20:54:42 GMT+0000 (Coordinated Universal Time),32,gopay qris tap,gopay qris tap,,,,,,
2026-08-01T02:57:03.478798+00:00,20260801-025703,https://trends24.in/indonesia/,Fri Jul 31 2026 20:54:42 GMT+0000 (Coordinated Universal Time),33,KETOPRAK UNTUK DAVINA,ketoprak untuk davina,,,,,,
2026-08-01T02:57:03.478798+00:00,20260801-025703,https://trends24.in/indonesia/,Fri Jul 31 2026 20:54:42 GMT+0000 (Coordinated Universal Time),34,ART HAS NO ALIENS,art has no aliens,,,,,,
2026-08-01T02:57:03.478798+00:00,20260801-025703,https://trends24.in/indonesia/,Fri Jul 31 2026 20:54:42 GMT+0000 (Coordinated Universal Time),35,Birmingham,birmingham,,,,,,
2026-08-01T02:57:03.478798+00:00,20260801-025703,https://trends24.in/indonesia/,Fri Jul 31 2026 20:54:42 GMT+0000 (Coordinated Universal Time),36,Mudryk,mudryk,,,,,,
2026-08-01T02:57:03.478798+00:00,20260801-025703,https://trends24.in/indonesia/,Fri Jul 31 2026 20:54:42 GMT+0000 (Coordinated Universal Time),37,Ramon,ramon,,,,,,
2026-08-01T02:57:03.478798+00:00,20260801-025703,https://trends24.in/indonesia/,Fri Jul 31 2026 20:54:42 GMT+0000 (Coordinated Universal Time),38,DBTE RULES EP6,dbte rules ep6,,,,,,
2026-08-01T02:57:03.478798+00:00,20260801-025703,https://trends24.in/indonesia/,Fri Jul 31 2026 20:54:42 GMT+0000 (Coordinated Universal Time),39,pak budiman,pak budiman,,,,,,
2026-08-01T02:57:03.478798+00:00,20260801-025703,https://trends24.in/indonesia/,Fri Jul 31 2026 20:54:42 GMT+0000 (Coordinated Universal Time),40,Infantino,infantino,,,,,,
2026-08-01T02:57:03.478798+00:00,20260801-025703,https://trends24.in/indonesia/,Fri Jul 31 2026 20:54:42 GMT+0000 (Coordinated Universal Time),41,kids pack,kids pack,,,,,,
2026-08-01T02:57:03.478798+00:00,20260801-025703,https://trends24.in/indonesia/,Fri Jul 31 2026 20:54:42 GMT+0000 (Coordinated Universal Time),42,OUR BRIGHTEST MILK PANSA,our brightest milk pansa,,,,,,
2026-08-01T02:57:03.478798+00:00,20260801-025703,https://trends24.in/indonesia/,Fri Jul 31 2026 20:54:42 GMT+0000 (Coordinated Universal Time),43,tentara nasional indonesia,tentara nasional indonesia,,,,,,
2026-08-01T02:57:03.478798+00:00,20260801-025703,https://trends24.in/indonesia/,Fri Jul 31 2026 20:54:42 GMT+0000 (Coordinated Universal Time),44,survive with cortis,survive with cortis,,,,,,
2026-08-01T02:57:03.478798+00:00,20260801-025703,https://trends24.in/indonesia/,Fri Jul 31 2026 20:54:42 GMT+0000 (Coordinated Universal Time),45,Tsaritsa,tsaritsa,,,,,,
2026-08-01T02:57:03.478798+00:00,20260801-025703,https://trends24.in/indonesia/,Fri Jul 31 2026 20:54:42 GMT+0000 (Coordinated Universal Time),46,Seedance 2.5,seedance 2.5,,,,,,
2026-08-01T02:57:03.478798+00:00,20260801-025703,https://trends24.in/indonesia/,Fri Jul 31 2026 20:54:42 GMT+0000 (Coordinated Universal Time),47,Peter,peter,,,,,,
2026-08-01T02:57:03.478798+00:00,20260801-025703,https://trends24.in/indonesia/,Fri Jul 31 2026 20:54:42 GMT+0000 (Coordinated Universal Time),48,komisi iii,komisi iii,,,,,,
2026-08-01T02:57:03.478798+00:00,20260801-025703,https://trends24.in/indonesia/,Fri Jul 31 2026 20:54:42 GMT+0000 (Coordinated Universal Time),49,Grammy,grammy,,,,,,
2026-08-01T02:57:03.478798+00:00,20260801-025703,https://trends24.in/indonesia/,Fri Jul 31 2026 20:54:42 GMT+0000 (Coordinated Universal Time),50,ariana,ariana,,,,,,
2026-08-01T02:57:03.478798+00:00,20260801-025703,https://trends24.in/indonesia/,Fri Jul 31 2026 20:01:22 GMT+0000 (Coordinated Universal Time),1,Otsu EOS,otsu eos,,,,,,
2026-08-01T02:57:03.478798+00:00,20260801-025703,https://trends24.in/indonesia/,Fri Jul 31 2026 20:01:22 GMT+0000 (Coordinated Universal Time),2,#SFxPondPhuwinPermpoon,sfxpondphuwinpermpoon,,,,,,
2026-08-01T02:57:03.478798+00:00,20260801-025703,https://trends24.in/indonesia/,Fri Jul 31 2026 20:01:22 GMT+0000 (Coordinated Universal Time),3,#CORTIS_Lollapalooza,cortis_lollapalooza,,,,,,
2026-08-01T02:57:03.478798+00:00,20260801-025703,https://trends24.in/indonesia/,Fri Jul 31 2026 20:01:22 GMT+0000 (Coordinated Universal Time),4,#ADogAndAPlaneFinalEP,adogandaplanefinalep,,,,,,
2026-08-01T02:57:03.478798+00:00,20260801-025703,https://trends24.in/indonesia/,Fri Jul 31 2026 20:01:22 GMT+0000 (Coordinated Universal Time),5,PPP FAMILY SPIDER MAN,ppp family spider man,,,,,,
2026-08-01T02:57:03.478798+00:00,20260801-025703,https://trends24.in/indonesia/,Fri Jul 31 2026 20:01:22 GMT+0000 (Coordinated Universal Time),6,ADAAP HAPPY LANDING,adaap happy landing,,,,,,
2026-08-01T02:57:03.478798+00:00,20260801-025703,https://trends24.in/indonesia/,Fri Jul 31 2026 20:01:22 GMT+0000 (Coordinated Universal Time),7,#81TahunBersyukur,81tahunbersyukur,,,,,,
2026-08-01T02:57:03.478798+00:00,20260801-025703,https://trends24.in/indonesia/,Fri Jul 31 2026 20:01:22 GMT+0000 (Coordinated Universal Time),8,#KitaIndonesia,kitaindonesia,,,,,,
2026-08-01T02:57:03.478798+00:00,20260801-025703,https://trends24.in/indonesia/,Fri Jul 31 2026 20:01:22 GMT+0000 (Coordinated Universal Time),9,Zikir Doa Kebangsaan,zikir doa kebangsaan,,,,,,
2026-08-01T02:57:03.478798+00:00,20260801-025703,https://trends24.in/indonesia/,Fri Jul 31 2026 20:01:22 GMT+0000 (Coordinated Universal Time),10,Agustus,agustus,,,,,,
2026-08-01T02:57:03.478798+00:00,20260801-025703,https://trends24.in/indonesia/,Fri Jul 31 2026 20:01:22 GMT+0000 (Coordinated Universal Time),11,FIRSTONE 26TH BD,firstone 26th bd,,,,,,
2026-08-01T02:57:03.478798+00:00,20260801-025703,https://trends24.in/indonesia/,Fri Jul 31 2026 20:01:22 GMT+0000 (Coordinated Universal Time),12,LINGORM ILF EP7,lingorm ilf ep7,,,,,,
2026-08-01T02:57:03.478798+00:00,20260801-025703,https://trends24.in/indonesia/,Fri Jul 31 2026 20:01:22 GMT+0000 (Coordinated Universal Time),13,Mudryk,mudryk,,,,,,
2026-08-01T02:57:03.478798+00:00,20260801-025703,https://trends24.in/indonesia/,Fri Jul 31 2026 20:01:22 GMT+0000 (Coordinated Universal Time),14,SALT AIR,salt air,,,,,,
2026-08-01T02:57:03.478798+00:00,20260801-025703,https://trends24.in/indonesia/,Fri Jul 31 2026 20:01:22 GMT+0000 (Coordinated Universal Time),15,DBTE RULES EP6,dbte rules ep6,,,,,,
2026-08-01T02:57:03.478798+00:00,20260801-025703,https://trends24.in/indonesia/,Fri Jul 31 2026 20:01:22 GMT+0000 (Coordinated Universal Time),16,Lawan 10,lawan 10,,,,,,
2026-08-01T02:57:03.478798+00:00,20260801-025703,https://trends24.in/indonesia/,Fri Jul 31 2026 20:01:22 GMT+0000 (Coordinated Universal Time),17,Kim Goeun,kim goeun,,,,,,
2026-08-01T02:57:03.478798+00:00,20260801-025703,https://trends24.in/indonesia/,Fri Jul 31 2026 20:01:22 GMT+0000 (Coordinated Universal Time),18,EOM SEONGHYEON,eom seonghyeon,,,,,,
2026-08-01T02:57:03.478798+00:00,20260801-025703,https://trends24.in/indonesia/,Fri Jul 31 2026 20:01:22 GMT+0000 (Coordinated Universal Time),19,PayBox,paybox,,,,,,
2026-08-01T02:57:03.478798+00:00,20260801-025703,https://trends24.in/indonesia/,Fri Jul 31 2026 20:01:22 GMT+0000 (Coordinated Universal Time),20,Ramon,ramon,,,,,,
2026-08-01T02:57:03.478798+00:00,20260801-025703,https://trends24.in/indonesia/,Fri Jul 31 2026 20:01:22 GMT+0000 (Coordinated Universal Time),21,Vietnam,vietnam,,,,,,
2026-08-01T02:57:03.478798+00:00,20260801-025703,https://trends24.in/indonesia/,Fri Jul 31 2026 20:01:22 GMT+0000 (Coordinated Universal Time),22,Tsaritsa,tsaritsa,,,,,,
2026-08-01T02:57:03.478798+00:00,20260801-025703,https://trends24.in/indonesia/,Fri Jul 31 2026 20:01:22 GMT+0000 (Coordinated Universal Time),23,ONIC,onic,,,,,,
2026-08-01T02:57:03.478798+00:00,20260801-025703,https://trends24.in/indonesia/,Fri Jul 31 2026 20:01:22 GMT+0000 (Coordinated Universal Time),24,AI Voice Transcription,ai voice transcription,,,,,,
2026-08-01T02:57:03.478798+00:00,20260801-025703,https://trends24.in/indonesia/,Fri Jul 31 2026 20:01:22 GMT+0000 (Coordinated Universal Time),25,Red Velvet,red velvet,,,,,,
2026-08-01T02:57:03.478798+00:00,20260801-025703,https://trends24.in/indonesia/,Fri Jul 31 2026 20:01:22 GMT+0000 (Coordinated Universal Time),26,#An8ternityWithSKZ,an8ternitywithskz,,,,,,
2026-08-01T02:57:03.478798+00:00,20260801-025703,https://trends24.in/indonesia/,Fri Jul 31 2026 20:01:22 GMT+0000 (Coordinated Universal Time),27,#à¸§à¸²à¸à¸à¸±à¸à¸§à¸±à¸à¸§à¸´à¸§à¸²à¸«à¹EP7,à¸§à¸²à¸à¸à¸±à¸à¸§à¸±à¸à¸§à¸´à¸§à¸²à¸«à¹ep7,,,,,,
2026-08-01T02:57:03.478798+00:00,20260801-025703,https://trends24.in/indonesia/,Fri Jul 31 2026 20:01:22 GMT+0000 (Coordinated Universal Time),28,#ALLYZSELCADAY,allyzselcaday,,,,,,
2026-08-01T02:57:03.478798+00:00,20260801-025703,https://trends24.in/indonesia/,Fri Jul 31 2026 20:01:22 GMT+0000 (Coordinated Universal Time),29,#ë³ë¹ì²ë¼_ì¤í¤ì¦ê³ìì_STAY,ë³ë¹ì²ë¼_ì¤í¤ì¦ê³ìì_stay,,,,,,
2026-08-01T02:57:03.478798+00:00,20260801-025703,https://trends24.in/indonesia/,Fri Jul 31 2026 20:01:22 GMT+0000 (Coordinated Universal Time),30,#ODSD,odsd,,,,,,
2026-08-01T02:57:03.478798+00:00,20260801-025703,https://trends24.in/indonesia/,Fri Jul 31 2026 20:01:22 GMT+0000 (Coordinated Universal Time),31,#26thFirstOneAndOnly,26thfirstoneandonly,,,,,,
2026-08-01T02:57:03.478798+00:00,20260801-025703,https://trends24.in/indonesia/,Fri Jul 31 2026 20:01:22 GMT+0000 (Coordinated Universal Time),32,#AZSD,azsd,,,,,,
2026-08-01T02:57:03.478798+00:00,20260801-025703,https://trends24.in/indonesia/,Fri Jul 31 2026 20:01:22 GMT+0000 (Coordinated Universal Time),33,#ONEDOORSelcaDay,onedoorselcaday,,,,,,
2026-08-01T02:57:03.478798+00:00,20260801-025703,https://trends24.in/indonesia/,Fri Jul 31 2026 20:01:22 GMT+0000 (Coordinated Universal Time),34,#ENHYPEN_8thMiniAlbum,enhypen_8thminialbum,,,,,,
2026-08-01T02:57:03.478798+00:00,20260801-025703,https://trends24.in/indonesia/,Fri Jul 31 2026 20:01:22 GMT+0000 (Coordinated Universal Time),35,#SEONGHYEONatLolla,seonghyeonatlolla,,,,,,
2026-08-01T02:57:03.478798+00:00,20260801-025703,https://trends24.in/indonesia/,Fri Jul 31 2026 20:01:22 GMT+0000 (Coordinated Universal Time),36,#à¸­à¸¢à¹à¸²à¸à¸­à¸à¸µà¹à¹à¸à¸EP6,à¸­à¸¢à¹à¸²à¸à¸­à¸à¸µà¹à¹à¸à¸ep6,,,,,,
2026-08-01T02:57:03.478798+00:00,20260801-025703,https://trends24.in/indonesia/,Fri Jul 31 2026 20:01:22 GMT+0000 (Coordinated Universal Time),37,#LivingTheReVeWithRV,livingtherevewithrv,,,,,,
2026-08-01T02:57:03.478798+00:00,20260801-025703,https://trends24.in/indonesia/,Fri Jul 31 2026 20:01:22 GMT+0000 (Coordinated Universal Time),38,#THE_SIN_BLISS,the_sin_bliss,,,,,,
2026-08-01T02:57:03.478798+00:00,20260801-025703,https://trends24.in/indonesia/,Fri Jul 31 2026 20:01:22 GMT+0000 (Coordinated Universal Time),39,#ALD1,ald1,,,,,,
2026-08-01T02:57:03.478798+00:00,20260801-025703,https://trends24.in/indonesia/,Fri Jul 31 2026 20:01:22 GMT+0000 (Coordinated Universal Time),40,#OhAe,ohae,,,,,,
2026-08-01T02:57:03.478798+00:00,20260801-025703,https://trends24.in/indonesia/,Fri Jul 31 2026 20:01:22 GMT+0000 (Coordinated Universal Time),41,#BOYNEXTDOOR,boynextdoor,,,,,,
2026-08-01T02:57:03.478798+00:00,20260801-025703,https://trends24.in/indonesia/,Fri Jul 31 2026 20:01:22 GMT+0000 (Coordinated Universal Time),42,#ALPHADRIVEONE,alphadriveone,,,,,,
2026-08-01T02:57:03.478798+00:00,20260801-025703,https://trends24.in/indonesia/,Fri Jul 31 2026 20:01:22 GMT+0000 (Coordinated Universal Time),43,#à¹à¸­à¹à¹à¸­à¹,à¹à¸­à¹à¹à¸­à¹,,,,,,
2026-08-01T02:57:03.478798+00:00,20260801-025703,https://trends24.in/indonesia/,Fri Jul 31 2026 20:01:22 GMT+0000 (Coordinated Universal Time),44,#AwesomeCompanionA27,awesomecompaniona27,,,,,,
2026-08-01T02:57:03.478798+00:00,20260801-025703,https://trends24.in/indonesia/,Fri Jul 31 2026 20:01:22 GMT+0000 (Coordinated Universal Time),45,#RainyTF,rainytf,,,,,,
2026-08-01T02:57:03.478798+00:00,20260801-025703,https://trends24.in/indonesia/,Fri Jul 31 2026 20:01:22 GMT+0000 (Coordinated Universal Time),46,#KengNamping,kengnamping,,,,,,
2026-08-01T02:57:03.478798+00:00,20260801-025703,https://trends24.in/indonesia/,Fri Jul 31 2026 20:01:22 GMT+0000 (Coordinated Universal Time),47,#GalaxyA27,galaxya27,,,,,,
2026-08-01T02:57:03.478798+00:00,20260801-025703,https://trends24.in/indonesia/,Fri Jul 31 2026 20:01:22 GMT+0000 (Coordinated Universal Time),48,#JadiAwesome,jadiawesome,,,,,,
2026-08-01T02:57:03.478798+00:00,20260801-025703,https://trends24.in/indonesia/,Fri Jul 31 2026 20:01:22 GMT+0000 (Coordinated Universal Time),49,#TleFirstone,tlefirstone,,,,,,
2026-08-01T02:57:03.478798+00:00,20260801-025703,https://trends24.in/indonesia/,Fri Jul 31 2026 20:01:22 GMT+0000 (Coordinated Universal Time),50,#BlueDragonSeriesAwards2026,bluedragonseriesawards2026,,,,,,
2026-08-01T02:57:03.478798+00:00,20260801-025703,https://trends24.in/indonesia/,Fri Jul 31 2026 19:09:47 GMT+0000 (Coordinated Universal Time),1,Otsu EOS,otsu eos,,,,,,
2026-08-01T02:57:03.478798+00:00,20260801-025703,https://trends24.in/indonesia/,Fri Jul 31 2026 19:09:47 GMT+0000 (Coordinated Universal Time),2,#SFxPondPhuwinPermpoon,sfxpondphuwinpermpoon,,,,,,
2026-08-01T02:57:03.478798+00:00,20260801-025703,https://trends24.in/indonesia/,Fri Jul 31 2026 19:09:47 GMT+0000 (Coordinated Universal Time),3,PPP FAMILY SPIDER MAN,ppp family spider man,,,,,,
2026-08-01T02:57:03.478798+00:00,20260801-025703,https://trends24.in/indonesia/,Fri Jul 31 2026 19:09:47 GMT+0000 (Coordinated Universal Time),4,#CORTIS_Lollapalooza,cortis_lollapalooza,,,,,,
2026-08-01T02:57:03.478798+00:00,20260801-025703,https://trends24.in/indonesia/,Fri Jul 31 2026 19:09:47 GMT+0000 (Coordinated Universal Time),5,#ADogAndAPlaneFinalEP,adogandaplanefinalep,,,,,,
2026-08-01T02:57:03.478798+00:00,20260801-025703,https://trends24.in/indonesia/,Fri Jul 31 2026 19:09:47 GMT+0000 (Coordinated Universal Time),6,ADAAP HAPPY LANDING,adaap happy landing,,,,,,
2026-08-01T02:57:03.478798+00:00,20260801-025703,https://trends24.in/indonesia/,Fri Jul 31 2026 19:09:47 GMT+0000 (Coordinated Universal Time),7,#81TahunBersyukur,81tahunbersyukur,,,,,,
2026-08-01T02:57:03.478798+00:00,20260801-025703,https://trends24.in/indonesia/,Fri Jul 31 2026 19:09:47 GMT+0000 (Coordinated Universal Time),8,#KitaIndonesia,kitaindonesia,,,,,,
2026-08-01T02:57:03.478798+00:00,20260801-025703,https://trends24.in/indonesia/,Fri Jul 31 2026 19:09:47 GMT+0000 (Coordinated Universal Time),9,Zikir Doa Kebangsaan,zikir doa kebangsaan,,,,,,
2026-08-01T02:57:03.478798+00:00,20260801-025703,https://trends24.in/indonesia/,Fri Jul 31 2026 19:09:47 GMT+0000 (Coordinated Universal Time),10,LINGORM ILF EP7,lingorm ilf ep7,,,,,,
2026-08-01T02:57:03.478798+00:00,20260801-025703,https://trends24.in/indonesia/,Fri Jul 31 2026 19:09:47 GMT+0000 (Coordinated Universal Time),11,Agustus,agustus,,,,,,
2026-08-01T02:57:03.478798+00:00,20260801-025703,https://trends24.in/indonesia/,Fri Jul 31 2026 19:09:47 GMT+0000 (Coordinated Universal Time),12,FIRSTONE 26TH BD,firstone 26th bd,,,,,,
2026-08-01T02:57:03.478798+00:00,20260801-025703,https://trends24.in/indonesia/,Fri Jul 31 2026 19:09:47 GMT+0000 (Coordinated Universal Time),13,Mudryk,mudryk,,,,,,
2026-08-01T02:57:03.478798+00:00,20260801-025703,https://trends24.in/indonesia/,Fri Jul 31 2026 19:09:47 GMT+0000 (Coordinated Universal Time),14,SALT AIR,salt air,,,,,,
2026-08-01T02:57:03.478798+00:00,20260801-025703,https://trends24.in/indonesia/,Fri Jul 31 2026 19:09:47 GMT+0000 (Coordinated Universal Time),15,DBTE RULES EP6,dbte rules ep6,,,,,,
2026-08-01T02:57:03.478798+00:00,20260801-025703,https://trends24.in/indonesia/,Fri Jul 31 2026 19:09:47 GMT+0000 (Coordinated Universal Time),16,HAPPY BIRTHDAY STAY,happy birthday stay,,,,,,
2026-08-01T02:57:03.478798+00:00,20260801-025703,https://trends24.in/indonesia/,Fri Jul 31 2026 19:09:47 GMT+0000 (Coordinated Universal Time),17,Kim Goeun,kim goeun,,,,,,
2026-08-01T02:57:03.478798+00:00,20260801-025703,https://trends24.in/indonesia/,Fri Jul 31 2026 19:09:47 GMT+0000 (Coordinated Universal Time),18,Kwangsoo,kwangsoo,,,,,,
2026-08-01T02:57:03.478798+00:00,20260801-025703,https://trends24.in/indonesia/,Fri Jul 31 2026 19:09:47 GMT+0000 (Coordinated Universal Time),19,Lawan 10,lawan 10,,,,,,
2026-08-01T02:57:03.478798+00:00,20260801-025703,https://trends24.in/indonesia/,Fri Jul 31 2026 19:09:47 GMT+0000 (Coordinated Universal Time),20,EOM SEONGHYEON,eom seonghyeon,,,,,,
2026-08-01T02:57:03.478798+00:00,20260801-025703,https://trends24.in/indonesia/,Fri Jul 31 2026 19:09:47 GMT+0000 (Coordinated Universal Time),21,Balsa,balsa,,,,,,
2026-08-01T02:57:03.478798+00:00,20260801-025703,https://trends24.in/indonesia/,Fri Jul 31 2026 19:09:47 GMT+0000 (Coordinated Universal Time),22,Ramon,ramon,,,,,,
2026-08-01T02:57:03.478798+00:00,20260801-025703,https://trends24.in/indonesia/,Fri Jul 31 2026 19:09:47 GMT+0000 (Coordinated Universal Time),23,Vietnam,vietnam,,,,,,
2026-08-01T02:57:03.478798+00:00,20260801-025703,https://trends24.in/indonesia/,Fri Jul 31 2026 19:09:47 GMT+0000 (Coordinated Universal Time),24,Seedance 2.5,seedance 2.5,,,,,,
2026-08-01T02:57:03.478798+00:00,20260801-025703,https://trends24.in/indonesia/,Fri Jul 31 2026 19:09:47 GMT+0000 (Coordinated Universal Time),25,ILYY,ilyy,,,,,,
2026-08-01T02:57:03.478798+00:00,20260801-025703,https://trends24.in/indonesia/,Fri Jul 31 2026 19:09:47 GMT+0000 (Coordinated Universal Time),26,Tsaritsa,tsaritsa,,,,,,
2026-08-01T02:57:03.478798+00:00,20260801-025703,https://trends24.in/indonesia/,Fri Jul 31 2026 19:09:47 GMT+0000 (Coordinated Universal Time),27,Thom Haye,thom haye,,,,,,
2026-08-01T02:57:03.478798+00:00,20260801-025703,https://trends24.in/indonesia/,Fri Jul 31 2026 19:09:47 GMT+0000 (Coordinated Universal Time),28,KETOPRAK UNTUK DAVINA,ketoprak untuk davina,,,,,,
2026-08-01T02:57:03.478798+00:00,20260801-025703,https://trends24.in/indonesia/,Fri Jul 31 2026 19:09:47 GMT+0000 (Coordinated Universal Time),29,ONIC,onic,,,,,,
2026-08-01T02:57:03.478798+00:00,20260801-025703,https://trends24.in/indonesia/,Fri Jul 31 2026 19:09:47 GMT+0000 (Coordinated Universal Time),30,AI Voice Transcription,ai voice transcription,,,,,,
2026-08-01T02:57:03.478798+00:00,20260801-025703,https://trends24.in/indonesia/,Fri Jul 31 2026 19:09:47 GMT+0000 (Coordinated Universal Time),31,Korut,korut,,,,,,
2026-08-01T02:57:03.478798+00:00,20260801-025703,https://trends24.in/indonesia/,Fri Jul 31 2026 19:09:47 GMT+0000 (Coordinated Universal Time),32,Snezhnaya,snezhnaya,,,,,,
2026-08-01T02:57:03.478798+00:00,20260801-025703,https://trends24.in/indonesia/,Fri Jul 31 2026 19:09:47 GMT+0000 (Coordinated Universal Time),33,Red Velvet,red velvet,,,,,,
2026-08-01T02:57:03.478798+00:00,20260801-025703,https://trends24.in/indonesia/,Fri Jul 31 2026 19:09:47 GMT+0000 (Coordinated Universal Time),34,#An8ternityWithSKZ,an8ternitywithskz,,,,,,
2026-08-01T02:57:03.478798+00:00,20260801-025703,https://trends24.in/indonesia/,Fri Jul 31 2026 19:09:47 GMT+0000 (Coordinated Universal Time),35,#à¸§à¸²à¸à¸à¸±à¸à¸§à¸±à¸à¸§à¸´à¸§à¸²à¸«à¹EP7,à¸§à¸²à¸à¸à¸±à¸à¸§à¸±à¸à¸§à¸´à¸§à¸²à¸«à¹ep7,,,,,,
2026-08-01T02:57:03.478798+00:00,20260801-025703,https://trends24.in/indonesia/,Fri Jul 31 2026 19:09:47 GMT+0000 (Coordinated Universal Time),36,#ë³ë¹ì²ë¼_ì¤í¤ì¦ê³ìì_STAY,ë³ë¹ì²ë¼_ì¤í¤ì¦ê³ìì_stay,,,,,,
2026-08-01T02:57:03.478798+00:00,20260801-025703,https://trends24.in/indonesia/,Fri Jul 31 2026 19:09:47 GMT+0000 (Coordinated Universal Time),37,#26thFirstOneAndOnly,26thfirstoneandonly,,,,,,
2026-08-01T02:57:03.478798+00:00,20260801-025703,https://trends24.in/indonesia/,Fri Jul 31 2026 19:09:47 GMT+0000 (Coordinated Universal Time),38,#ALLYZSELCADAY,allyzselcaday,,,,,,
2026-08-01T02:57:03.478798+00:00,20260801-025703,https://trends24.in/indonesia/,Fri Jul 31 2026 19:09:47 GMT+0000 (Coordinated Universal Time),39,#AZSD,azsd,,,,,,
2026-08-01T02:57:03.478798+00:00,20260801-025703,https://trends24.in/indonesia/,Fri Jul 31 2026 19:09:47 GMT+0000 (Coordinated Universal Time),40,#ODSD,odsd,,,,,,
2026-08-01T02:57:03.478798+00:00,20260801-025703,https://trends24.in/indonesia/,Fri Jul 31 2026 19:09:47 GMT+0000 (Coordinated Universal Time),41,#ONEDOORSelcaDay,onedoorselcaday,,,,,,
2026-08-01T02:57:03.478798+00:00,20260801-025703,https://trends24.in/indonesia/,Fri Jul 31 2026 19:09:47 GMT+0000 (Coordinated Universal Time),42,#ENHYPEN_8thMiniAlbum,enhypen_8thminialbum,,,,,,
2026-08-01T02:57:03.478798+00:00,20260801-025703,https://trends24.in/indonesia/,Fri Jul 31 2026 19:09:47 GMT+0000 (Coordinated Universal Time),43,#ALD1,ald1,,,,,,
2026-08-01T02:57:03.478798+00:00,20260801-025703,https://trends24.in/indonesia/,Fri Jul 31 2026 19:09:47 GMT+0000 (Coordinated Universal Time),44,#OhAe,ohae,,,,,,
2026-08-01T02:57:03.478798+00:00,20260801-025703,https://trends24.in/indonesia/,Fri Jul 31 2026 19:09:47 GMT+0000 (Coordinated Universal Time),45,#SEONGHYEONatLolla,seonghyeonatlolla,,,,,,
2026-08-01T02:57:03.478798+00:00,20260801-025703,https://trends24.in/indonesia/,Fri Jul 31 2026 19:09:47 GMT+0000 (Coordinated Universal Time),46,#à¸­à¸¢à¹à¸²à¸à¸­à¸à¸µà¹à¹à¸à¸EP6,à¸­à¸¢à¹à¸²à¸à¸­à¸à¸µà¹à¹à¸à¸ep6,,,,,,
2026-08-01T02:57:03.478798+00:00,20260801-025703,https://trends24.in/indonesia/,Fri Jul 31 2026 19:09:47 GMT+0000 (Coordinated Universal Time),47,#LivingTheReVeWithRV,livingtherevewithrv,,,,,,
2026-08-01T02:57:03.478798+00:00,20260801-025703,https://trends24.in/indonesia/,Fri Jul 31 2026 19:09:47 GMT+0000 (Coordinated Universal Time),48,#THE_SIN_BLISS,the_sin_bliss,,,,,,
2026-08-01T02:57:03.478798+00:00,20260801-025703,https://trends24.in/indonesia/,Fri Jul 31 2026 19:09:47 GMT+0000 (Coordinated Universal Time),49,#ALPHADRIVEONE,alphadriveone,,,,,,
2026-08-01T02:57:03.478798+00:00,20260801-025703,https://trends24.in/indonesia/,Fri Jul 31 2026 19:09:47 GMT+0000 (Coordinated Universal Time),50,#AwesomeCompanionA27,awesomecompaniona27,,,,,,
2026-08-01T02:57:03.478798+00:00,20260801-025703,https://trends24.in/indonesia/,Fri Jul 31 2026 18:18:52 GMT+0000 (Coordinated Universal Time),1,#SFxPondPhuwinPermpoon,sfxpondphuwinpermpoon,,,,,,
2026-08-01T02:57:03.478798+00:00,20260801-025703,https://trends24.in/indonesia/,Fri Jul 31 2026 18:18:52 GMT+0000 (Coordinated Universal Time),2,Otsu EOS,otsu eos,,,,,,
2026-08-01T02:57:03.478798+00:00,20260801-025703,https://trends24.in/indonesia/,Fri Jul 31 2026 18:18:52 GMT+0000 (Coordinated Universal Time),3,PPP FAMILY SPIDER MAN,ppp family spider man,,,,,,
2026-08-01T02:57:03.478798+00:00,20260801-025703,https://trends24.in/indonesia/,Fri Jul 31 2026 18:18:52 GMT+0000 (Coordinated Universal Time),4,#81TahunBersyukur,81tahunbersyukur,,,,,,
2026-08-01T02:57:03.478798+00:00,20260801-025703,https://trends24.in/indonesia/,Fri Jul 31 2026 18:18:52 GMT+0000 (Coordinated Universal Time),5,Zikir Doa Kebangsaan,zikir doa kebangsaan,,,,,,
2026-08-01T02:57:03.478798+00:00,20260801-025703,https://trends24.in/indonesia/,Fri Jul 31 2026 18:18:52 GMT+0000 (Coordinated Universal Time),6,#KitaIndonesia,kitaindonesia,,,,,,
2026-08-01T02:57:03.478798+00:00,20260801-025703,https://trends24.in/indonesia/,Fri Jul 31 2026 18:18:52 GMT+0000 (Coordinated Universal Time),7,#CORTIS_Lollapalooza,cortis_lollapalooza,,,,,,
2026-08-01T02:57:03.478798+00:00,20260801-025703,https://trends24.in/indonesia/,Fri Jul 31 2026 18:18:52 GMT+0000 (Coordinated Universal Time),8,#ADogAndAPlaneFinalEP,adogandaplanefinalep,,,,,,
2026-08-01T02:57:03.478798+00:00,20260801-025703,https://trends24.in/indonesia/,Fri Jul 31 2026 18:18:52 GMT+0000 (Coordinated Universal Time),9,ADAAP HAPPY LANDING,adaap happy landing,,,,,,
2026-08-01T02:57:03.478798+00:00,20260801-025703,https://trends24.in/indonesia/,Fri Jul 31 2026 18:18:52 GMT+0000 (Coordinated Universal Time),10,LINGORM ILF EP7,lingorm ilf ep7,,,,,,
2026-08-01T02:57:03.478798+00:00,20260801-025703,https://trends24.in/indonesia/,Fri Jul 31 2026 18:18:52 GMT+0000 (Coordinated Universal Time),11,FIRSTONE 26TH BD,firstone 26th bd,,,,,,
2026-08-01T02:57:03.478798+00:00,20260801-025703,https://trends24.in/indonesia/,Fri Jul 31 2026 18:18:52 GMT+0000 (Coordinated Universal Time),12,Agustus,agustus,,,,,,
2026-08-01T02:57:03.478798+00:00,20260801-025703,https://trends24.in/indonesia/,Fri Jul 31 2026 18:18:52 GMT+0000 (Coordinated Universal Time),13,Mudryk,mudryk,,,,,,
2026-08-01T02:57:03.478798+00:00,20260801-025703,https://trends24.in/indonesia/,Fri Jul 31 2026 18:18:52 GMT+0000 (Coordinated Universal Time),14,EONITES,eonites,,,,,,
2026-08-01T02:57:03.478798+00:00,20260801-025703,https://trends24.in/indonesia/,Fri Jul 31 2026 18:18:52 GMT+0000 (Coordinated Universal Time),15,SALT AIR,salt air,,,,,,
2026-08-01T02:57:03.478798+00:00,20260801-025703,https://trends24.in/indonesia/,Fri Jul 31 2026 18:18:52 GMT+0000 (Coordinated Universal Time),16,HAPPY BIRTHDAY STAY,happy birthday stay,,,,,,
2026-08-01T02:57:03.478798+00:00,20260801-025703,https://trends24.in/indonesia/,Fri Jul 31 2026 18:18:52 GMT+0000 (Coordinated Universal Time),17,DBTE RULES EP6,dbte rules ep6,,,,,,
2026-08-01T02:57:03.478798+00:00,20260801-025703,https://trends24.in/indonesia/,Fri Jul 31 2026 18:18:52 GMT+0000 (Coordinated Universal Time),18,Kim Goeun,kim goeun,,,,,,
2026-08-01T02:57:03.478798+00:00,20260801-025703,https://trends24.in/indonesia/,Fri Jul 31 2026 18:18:52 GMT+0000 (Coordinated Universal Time),19,Kwangsoo,kwangsoo,,,,,,
2026-08-01T02:57:03.478798+00:00,20260801-025703,https://trends24.in/indonesia/,Fri Jul 31 2026 18:18:52 GMT+0000 (Coordinated Universal Time),20,Lawan 10,lawan 10,,,,,,
2026-08-01T02:57:03.478798+00:00,20260801-025703,https://trends24.in/indonesia/,Fri Jul 31 2026 18:18:52 GMT+0000 (Coordinated Universal Time),21,Ramon,ramon,,,,,,
2026-08-01T02:57:03.478798+00:00,20260801-025703,https://trends24.in/indonesia/,Fri Jul 31 2026 18:18:52 GMT+0000 (Coordinated Universal Time),22,Balsa,balsa,,,,,,
2026-08-01T02:57:03.478798+00:00,20260801-025703,https://trends24.in/indonesia/,Fri Jul 31 2026 18:18:52 GMT+0000 (Coordinated Universal Time),23,EOM SEONGHYEON,eom seonghyeon,,,,,,
2026-08-01T02:57:03.478798+00:00,20260801-025703,https://trends24.in/indonesia/,Fri Jul 31 2026 18:18:52 GMT+0000 (Coordinated Universal Time),24,Seedance 2.5,seedance 2.5,,,,,,
2026-08-01T02:57:03.478798+00:00,20260801-025703,https://trends24.in/indonesia/,Fri Jul 31 2026 18:18:52 GMT+0000 (Coordinated Universal Time),25,Vietnam,vietnam,,,,,,
2026-08-01T02:57:03.478798+00:00,20260801-025703,https://trends24.in/indonesia/,Fri Jul 31 2026 18:18:52 GMT+0000 (Coordinated Universal Time),26,ILYY,ilyy,,,,,,
2026-08-01T02:57:03.478798+00:00,20260801-025703,https://trends24.in/indonesia/,Fri Jul 31 2026 18:18:52 GMT+0000 (Coordinated Universal Time),27,Dony,dony,,,,,,
2026-08-01T02:57:03.478798+00:00,20260801-025703,https://trends24.in/indonesia/,Fri Jul 31 2026 18:18:52 GMT+0000 (Coordinated Universal Time),28,Rejeki Di Jumat Berkah,rejeki di jumat berkah,,,,,,
2026-08-01T02:57:03.478798+00:00,20260801-025703,https://trends24.in/indonesia/,Fri Jul 31 2026 18:18:52 GMT+0000 (Coordinated Universal Time),29,Tsaritsa,tsaritsa,,,,,,
2026-08-01T02:57:03.478798+00:00,20260801-025703,https://trends24.in/indonesia/,Fri Jul 31 2026 18:18:52 GMT+0000 (Coordinated Universal Time),30,THE SIN,the sin,,,,,,
2026-08-01T02:57:03.478798+00:00,20260801-025703,https://trends24.in/indonesia/,Fri Jul 31 2026 18:18:52 GMT+0000 (Coordinated Universal Time),31,Thom Haye,thom haye,,,,,,
2026-08-01T02:57:03.478798+00:00,20260801-025703,https://trends24.in/indonesia/,Fri Jul 31 2026 18:18:52 GMT+0000 (Coordinated Universal Time),32,ONIC,onic,,,,,,
2026-08-01T02:57:03.478798+00:00,20260801-025703,https://trends24.in/indonesia/,Fri Jul 31 2026 18:18:52 GMT+0000 (Coordinated Universal Time),33,KETOPRAK UNTUK DAVINA,ketoprak untuk davina,,,,,,
2026-08-01T02:57:03.478798+00:00,20260801-025703,https://trends24.in/indonesia/,Fri Jul 31 2026 18:18:52 GMT+0000 (Coordinated Universal Time),34,AI Voice Transcription,ai voice transcription,,,,,,
2026-08-01T02:57:03.478798+00:00,20260801-025703,https://trends24.in/indonesia/,Fri Jul 31 2026 18:18:52 GMT+0000 (Coordinated Universal Time),35,Mitya,mitya,,,,,,
2026-08-01T02:57:03.478798+00:00,20260801-025703,https://trends24.in/indonesia/,Fri Jul 31 2026 18:18:52 GMT+0000 (Coordinated Universal Time),36,Odette,odette,,,,,,
2026-08-01T02:57:03.478798+00:00,20260801-025703,https://trends24.in/indonesia/,Fri Jul 31 2026 18:18:52 GMT+0000 (Coordinated Universal Time),37,Kimpul,kimpul,,,,,,
2026-08-01T02:57:03.478798+00:00,20260801-025703,https://trends24.in/indonesia/,Fri Jul 31 2026 18:18:52 GMT+0000 (Coordinated Universal Time),38,Korut,korut,,,,,,
2026-08-01T02:57:03.478798+00:00,20260801-025703,https://trends24.in/indonesia/,Fri Jul 31 2026 18:18:52 GMT+0000 (Coordinated Universal Time),39,Red Velvet,red velvet,,,,,,
2026-08-01T02:57:03.478798+00:00,20260801-025703,https://trends24.in/indonesia/,Fri Jul 31 2026 18:18:52 GMT+0000 (Coordinated Universal Time),40,Snezhnaya,snezhnaya,,,,,,
2026-08-01T02:57:03.478798+00:00,20260801-025703,https://trends24.in/indonesia/,Fri Jul 31 2026 18:18:52 GMT+0000 (Coordinated Universal Time),41,Yoona,yoona,,,,,,
2026-08-01T02:57:03.478798+00:00,20260801-025703,https://trends24.in/indonesia/,Fri Jul 31 2026 18:18:52 GMT+0000 (Coordinated Universal Time),42,VITALS,vitals,,,,,,
2026-08-01T02:57:03.478798+00:00,20260801-025703,https://trends24.in/indonesia/,Fri Jul 31 2026 18:18:52 GMT+0000 (Coordinated Universal Time),43,#An8ternityWithSKZ,an8ternitywithskz,,,,,,
2026-08-01T02:57:03.478798+00:00,20260801-025703,https://trends24.in/indonesia/,Fri Jul 31 2026 18:18:52 GMT+0000 (Coordinated Universal Time),44,#ë³ë¹ì²ë¼_ì¤í¤ì¦ê³ìì_STAY,ë³ë¹ì²ë¼_ì¤í¤ì¦ê³ìì_stay,,,,,,
2026-08-01T02:57:03.478798+00:00,20260801-025703,https://trends24.in/indonesia/,Fri Jul 31 2026 18:18:52 GMT+0000 (Coordinated Universal Time),45,#à¸§à¸²à¸à¸à¸±à¸à¸§à¸±à¸à¸§à¸´à¸§à¸²à¸«à¹EP7,à¸§à¸²à¸à¸à¸±à¸à¸§à¸±à¸à¸§à¸´à¸§à¸²à¸«à¹ep7,,,,,,
2026-08-01T02:57:03.478798+00:00,20260801-025703,https://trends24.in/indonesia/,Fri Jul 31 2026 18:18:52 GMT+0000 (Coordinated Universal Time),46,#26thFirstOneAndOnly,26thfirstoneandonly,,,,,,
2026-08-01T02:57:03.478798+00:00,20260801-025703,https://trends24.in/indonesia/,Fri Jul 31 2026 18:18:52 GMT+0000 (Coordinated Universal Time),47,#ALLYZSELCADAY,allyzselcaday,,,,,,
2026-08-01T02:57:03.478798+00:00,20260801-025703,https://trends24.in/indonesia/,Fri Jul 31 2026 18:18:52 GMT+0000 (Coordinated Universal Time),48,#AZSD,azsd,,,,,,
2026-08-01T02:57:03.478798+00:00,20260801-025703,https://trends24.in/indonesia/,Fri Jul 31 2026 18:18:52 GMT+0000 (Coordinated Universal Time),49,#ODSD,odsd,,,,,,
2026-08-01T02:57:03.478798+00:00,20260801-025703,https://trends24.in/indonesia/,Fri Jul 31 2026 18:18:52 GMT+0000 (Coordinated Universal Time),50,#ONEDOORSelcaDay,onedoorselcaday,,,,,,
2026-08-01T02:57:03.478798+00:00,20260801-025703,https://trends24.in/indonesia/,Fri Jul 31 2026 17:27:43 GMT+0000 (Coordinated Universal Time),1,#DoaUntukNegeri,doauntuknegeri,,,,,,
2026-08-01T02:57:03.478798+00:00,20260801-025703,https://trends24.in/indonesia/,Fri Jul 31 2026 17:27:43 GMT+0000 (Coordinated Universal Time),2,#SFxPondPhuwinPermpoon,sfxpondphuwinpermpoon,,,,,,
2026-08-01T02:57:03.478798+00:00,20260801-025703,https://trends24.in/indonesia/,Fri Jul 31 2026 17:27:43 GMT+0000 (Coordinated Universal Time),3,PPP FAMILY SPIDER MAN,ppp family spider man,,,,,,
2026-08-01T02:57:03.478798+00:00,20260801-025703,https://trends24.in/indonesia/,Fri Jul 31 2026 17:27:43 GMT+0000 (Coordinated Universal Time),4,#81TahunBersyukur,81tahunbersyukur,,,,,,
2026-08-01T02:57:03.478798+00:00,20260801-025703,https://trends24.in/indonesia/,Fri Jul 31 2026 17:27:43 GMT+0000 (Coordinated Universal Time),5,Zikir Doa Kebangsaan,zikir doa kebangsaan,,,,,,
2026-08-01T02:57:03.478798+00:00,20260801-025703,https://trends24.in/indonesia/,Fri Jul 31 2026 17:27:43 GMT+0000 (Coordinated Universal Time),6,#KitaIndonesia,kitaindonesia,,,,,,
2026-08-01T02:57:03.478798+00:00,20260801-025703,https://trends24.in/indonesia/,Fri Jul 31 2026 17:27:43 GMT+0000 (Coordinated Universal Time),7,#ADogAndAPlaneFinalEP,adogandaplanefinalep,,,,,,
2026-08-01T02:57:03.478798+00:00,20260801-025703,https://trends24.in/indonesia/,Fri Jul 31 2026 17:27:43 GMT+0000 (Coordinated Universal Time),8,ADAAP HAPPY LANDING,adaap happy landing,,,,,,
2026-08-01T02:57:03.478798+00:00,20260801-025703,https://trends24.in/indonesia/,Fri Jul 31 2026 17:27:43 GMT+0000 (Coordinated Universal Time),9,LINGORM ILF EP7,lingorm ilf ep7,,,,,,
2026-08-01T02:57:03.478798+00:00,20260801-025703,https://trends24.in/indonesia/,Fri Jul 31 2026 17:27:43 GMT+0000 (Coordinated Universal Time),10,Mudryk,mudryk,,,,,,
2026-08-01T02:57:03.478798+00:00,20260801-025703,https://trends24.in/indonesia/,Fri Jul 31 2026 17:27:43 GMT+0000 (Coordinated Universal Time),11,Agustus,agustus,,,,,,
2026-08-01T02:57:03.478798+00:00,20260801-025703,https://trends24.in/indonesia/,Fri Jul 31 2026 17:27:43 GMT+0000 (Coordinated Universal Time),12,HAPPY BIRTHDAY STAY,happy birthday stay,,,,,,
2026-08-01T02:57:03.478798+00:00,20260801-025703,https://trends24.in/indonesia/,Fri Jul 31 2026 17:27:43 GMT+0000 (Coordinated Universal Time),13,Kim Goeun,kim goeun,,,,,,
2026-08-01T02:57:03.478798+00:00,20260801-025703,https://trends24.in/indonesia/,Fri Jul 31 2026 17:27:43 GMT+0000 (Coordinated Universal Time),14,DBTE RULES EP6,dbte rules ep6,,,,,,
2026-08-01T02:57:03.478798+00:00,20260801-025703,https://trends24.in/indonesia/,Fri Jul 31 2026 17:27:43 GMT+0000 (Coordinated Universal Time),15,Ramon,ramon,,,,,,
2026-08-01T02:57:03.478798+00:00,20260801-025703,https://trends24.in/indonesia/,Fri Jul 31 2026 17:27:43 GMT+0000 (Coordinated Universal Time),16,Balsa,balsa,,,,,,
2026-08-01T02:57:03.478798+00:00,20260801-025703,https://trends24.in/indonesia/,Fri Jul 31 2026 17:27:43 GMT+0000 (Coordinated Universal Time),17,Kwangsoo,kwangsoo,,,,,,
2026-08-01T02:57:03.478798+00:00,20260801-025703,https://trends24.in/indonesia/,Fri Jul 31 2026 17:27:43 GMT+0000 (Coordinated Universal Time),18,Vietnam,vietnam,,,,,,
2026-08-01T02:57:03.478798+00:00,20260801-025703,https://trends24.in/indonesia/,Fri Jul 31 2026 17:27:43 GMT+0000 (Coordinated Universal Time),19,ILYY,ilyy,,,,,,
2026-08-01T02:57:03.478798+00:00,20260801-025703,https://trends24.in/indonesia/,Fri Jul 31 2026 17:27:43 GMT+0000 (Coordinated Universal Time),20,Lawan 10,lawan 10,,,,,,
2026-08-01T02:57:03.478798+00:00,20260801-025703,https://trends24.in/indonesia/,Fri Jul 31 2026 17:27:43 GMT+0000 (Coordinated Universal Time),21,Dony,dony,,,,,,
2026-08-01T02:57:03.478798+00:00,20260801-025703,https://trends24.in/indonesia/,Fri Jul 31 2026 17:27:43 GMT+0000 (Coordinated Universal Time),22,Seedance 2.5,seedance 2.5,,,,,,
2026-08-01T02:57:03.478798+00:00,20260801-025703,https://trends24.in/indonesia/,Fri Jul 31 2026 17:27:43 GMT+0000 (Coordinated Universal Time),23,Berg,berg,,,,,,
2026-08-01T02:57:03.478798+00:00,20260801-025703,https://trends24.in/indonesia/,Fri Jul 31 2026 17:27:43 GMT+0000 (Coordinated Universal Time),24,Tsaritsa,tsaritsa,,,,,,
2026-08-01T02:57:03.478798+00:00,20260801-025703,https://trends24.in/indonesia/,Fri Jul 31 2026 17:27:43 GMT+0000 (Coordinated Universal Time),25,AI Voice Transcription,ai voice transcription,,,,,,
2026-08-01T02:57:03.478798+00:00,20260801-025703,https://trends24.in/indonesia/,Fri Jul 31 2026 17:27:43 GMT+0000 (Coordinated Universal Time),26,Rejeki Di Jumat Berkah,rejeki di jumat berkah,,,,,,
2026-08-01T02:57:03.478798+00:00,20260801-025703,https://trends24.in/indonesia/,Fri Jul 31 2026 17:27:43 GMT+0000 (Coordinated Universal Time),27,ONIC,onic,,,,,,
2026-08-01T02:57:03.478798+00:00,20260801-025703,https://trends24.in/indonesia/,Fri Jul 31 2026 17:27:43 GMT+0000 (Coordinated Universal Time),28,Thom Haye,thom haye,,,,,,
2026-08-01T02:57:03.478798+00:00,20260801-025703,https://trends24.in/indonesia/,Fri Jul 31 2026 17:27:43 GMT+0000 (Coordinated Universal Time),29,EOM SEONGHYEON,eom seonghyeon,,,,,,
2026-08-01T02:57:03.478798+00:00,20260801-025703,https://trends24.in/indonesia/,Fri Jul 31 2026 17:27:43 GMT+0000 (Coordinated Universal Time),30,THE SIN,the sin,,,,,,
2026-08-01T02:57:03.478798+00:00,20260801-025703,https://trends24.in/indonesia/,Fri Jul 31 2026 17:27:43 GMT+0000 (Coordinated Universal Time),31,Best Actress,best actress,,,,,,
2026-08-01T02:57:03.478798+00:00,20260801-025703,https://trends24.in/indonesia/,Fri Jul 31 2026 17:27:43 GMT+0000 (Coordinated Universal Time),32,Mitya,mitya,,,,,,
2026-08-01T02:57:03.478798+00:00,20260801-025703,https://trends24.in/indonesia/,Fri Jul 31 2026 17:27:43 GMT+0000 (Coordinated Universal Time),33,Shayne Pattynama,shayne pattynama,,,,,,
2026-08-01T02:57:03.478798+00:00,20260801-025703,https://trends24.in/indonesia/,Fri Jul 31 2026 17:27:43 GMT+0000 (Coordinated Universal Time),34,Timor Leste,timor leste,,,,,,
2026-08-01T02:57:03.478798+00:00,20260801-025703,https://trends24.in/indonesia/,Fri Jul 31 2026 17:27:43 GMT+0000 (Coordinated Universal Time),35,KETOPRAK UNTUK DAVINA,ketoprak untuk davina,,,,,,
2026-08-01T02:57:03.478798+00:00,20260801-025703,https://trends24.in/indonesia/,Fri Jul 31 2026 17:27:43 GMT+0000 (Coordinated Universal Time),36,Red Velvet,red velvet,,,,,,
2026-08-01T02:57:03.478798+00:00,20260801-025703,https://trends24.in/indonesia/,Fri Jul 31 2026 17:27:43 GMT+0000 (Coordinated Universal Time),37,Odette,odette,,,,,,
2026-08-01T02:57:03.478798+00:00,20260801-025703,https://trends24.in/indonesia/,Fri Jul 31 2026 17:27:43 GMT+0000 (Coordinated Universal Time),38,Kimpul,kimpul,,,,,,
2026-08-01T02:57:03.478798+00:00,20260801-025703,https://trends24.in/indonesia/,Fri Jul 31 2026 17:27:43 GMT+0000 (Coordinated Universal Time),39,Korut,korut,,,,,,
2026-08-01T02:57:03.478798+00:00,20260801-025703,https://trends24.in/indonesia/,Fri Jul 31 2026 17:27:43 GMT+0000 (Coordinated Universal Time),40,Snezhnaya,snezhnaya,,,,,,
2026-08-01T02:57:03.478798+00:00,20260801-025703,https://trends24.in/indonesia/,Fri Jul 31 2026 17:27:43 GMT+0000 (Coordinated Universal Time),41,BGN Bersih Bersih,bgn bersih bersih,,,,,,
2026-08-01T02:57:03.478798+00:00,20260801-025703,https://trends24.in/indonesia/,Fri Jul 31 2026 17:27:43 GMT+0000 (Coordinated Universal Time),42,Yoona,yoona,,,,,,
2026-08-01T02:57:03.478798+00:00,20260801-025703,https://trends24.in/indonesia/,Fri Jul 31 2026 17:27:43 GMT+0000 (Coordinated Universal Time),43,ART HAS NO ALIENS,art has no aliens,,,,,,
2026-08-01T02:57:03.478798+00:00,20260801-025703,https://trends24.in/indonesia/,Fri Jul 31 2026 17:27:43 GMT+0000 (Coordinated Universal Time),44,VITALS,vitals,,,,,,
2026-08-01T02:57:03.478798+00:00,20260801-025703,https://trends24.in/indonesia/,Fri Jul 31 2026 17:27:43 GMT+0000 (Coordinated Universal Time),45,LYKNxLYKYOU BOOK FAIR,lyknxlykyou book fair,,,,,,
2026-08-01T02:57:03.478798+00:00,20260801-025703,https://trends24.in/indonesia/,Fri Jul 31 2026 17:27:43 GMT+0000 (Coordinated Universal Time),46,Shibal,shibal,,,,,,
2026-08-01T02:57:03.478798+00:00,20260801-025703,https://trends24.in/indonesia/,Fri Jul 31 2026 17:27:43 GMT+0000 (Coordinated Universal Time),47,Baker,baker,,,,,,
2026-08-01T02:57:03.478798+00:00,20260801-025703,https://trends24.in/indonesia/,Fri Jul 31 2026 17:27:43 GMT+0000 (Coordinated Universal Time),48,#An8ternityWithSKZ,an8ternitywithskz,,,,,,
2026-08-01T02:57:03.478798+00:00,20260801-025703,https://trends24.in/indonesia/,Fri Jul 31 2026 17:27:43 GMT+0000 (Coordinated Universal Time),49,#CORTIS_Lollapalooza,cortis_lollapalooza,,,,,,
2026-08-01T02:57:03.478798+00:00,20260801-025703,https://trends24.in/indonesia/,Fri Jul 31 2026 17:27:43 GMT+0000 (Coordinated Universal Time),50,#ë³ë¹ì²ë¼_ì¤í¤ì¦ê³ìì_STAY,ë³ë¹ì²ë¼_ì¤í¤ì¦ê³ìì_stay,,,,,,
2026-08-01T02:57:03.478798+00:00,20260801-025703,https://trends24.in/indonesia/,Fri Jul 31 2026 16:36:13 GMT+0000 (Coordinated Universal Time),1,#SFxPondPhuwinPermpoon,sfxpondphuwinpermpoon,,,,,,
2026-08-01T02:57:03.478798+00:00,20260801-025703,https://trends24.in/indonesia/,Fri Jul 31 2026 16:36:13 GMT+0000 (Coordinated Universal Time),2,#DoaUntukNegeri,doauntuknegeri,,,,,,
2026-08-01T02:57:03.478798+00:00,20260801-025703,https://trends24.in/indonesia/,Fri Jul 31 2026 16:36:13 GMT+0000 (Coordinated Universal Time),3,PPP FAMILY SPIDER MAN,ppp family spider man,,,,,,
2026-08-01T02:57:03.478798+00:00,20260801-025703,https://trends24.in/indonesia/,Fri Jul 31 2026 16:36:13 GMT+0000 (Coordinated Universal Time),4,#81TahunBersyukur,81tahunbersyukur,,,,,,
2026-08-01T02:57:03.478798+00:00,20260801-025703,https://trends24.in/indonesia/,Fri Jul 31 2026 16:36:13 GMT+0000 (Coordinated Universal Time),5,#KitaIndonesia,kitaindonesia,,,,,,
2026-08-01T02:57:03.478798+00:00,20260801-025703,https://trends24.in/indonesia/,Fri Jul 31 2026 16:36:13 GMT+0000 (Coordinated Universal Time),6,Zikir Doa Kebangsaan,zikir doa kebangsaan,,,,,,
2026-08-01T02:57:03.478798+00:00,20260801-025703,https://trends24.in/indonesia/,Fri Jul 31 2026 16:36:13 GMT+0000 (Coordinated Universal Time),7,#A27AIAwesome,a27aiawesome,,,,,,
2026-08-01T02:57:03.478798+00:00,20260801-025703,https://trends24.in/indonesia/,Fri Jul 31 2026 16:36:13 GMT+0000 (Coordinated Universal Time),8,ADAAP HAPPY LANDING,adaap happy landing,,,,,,
2026-08-01T02:57:03.478798+00:00,20260801-025703,https://trends24.in/indonesia/,Fri Jul 31 2026 16:36:13 GMT+0000 (Coordinated Universal Time),9,LINGORM ILF EP7,lingorm ilf ep7,,,,,,
2026-08-01T02:57:03.478798+00:00,20260801-025703,https://trends24.in/indonesia/,Fri Jul 31 2026 16:36:13 GMT+0000 (Coordinated Universal Time),10,Mudryk,mudryk,,,,,,
2026-08-01T02:57:03.478798+00:00,20260801-025703,https://trends24.in/indonesia/,Fri Jul 31 2026 16:36:13 GMT+0000 (Coordinated Universal Time),11,HAPPY BIRTHDAY STAY,happy birthday stay,,,,,,
2026-08-01T02:57:03.478798+00:00,20260801-025703,https://trends24.in/indonesia/,Fri Jul 31 2026 16:36:13 GMT+0000 (Coordinated Universal Time),12,Kim Goeun,kim goeun,,,,,,
2026-08-01T02:57:03.478798+00:00,20260801-025703,https://trends24.in/indonesia/,Fri Jul 31 2026 16:36:13 GMT+0000 (Coordinated Universal Time),13,Balsa,balsa,,,,,,
2026-08-01T02:57:03.478798+00:00,20260801-025703,https://trends24.in/indonesia/,Fri Jul 31 2026 16:36:13 GMT+0000 (Coordinated Universal Time),14,Ramon,ramon,,,,,,
2026-08-01T02:57:03.478798+00:00,20260801-025703,https://trends24.in/indonesia/,Fri Jul 31 2026 16:36:13 GMT+0000 (Coordinated Universal Time),15,DBTE RULES EP6,dbte rules ep6,,,,,,
2026-08-01T02:57:03.478798+00:00,20260801-025703,https://trends24.in/indonesia/,Fri Jul 31 2026 16:36:13 GMT+0000 (Coordinated Universal Time),16,Kwangsoo,kwangsoo,,,,,,
2026-08-01T02:57:03.478798+00:00,20260801-025703,https://trends24.in/indonesia/,Fri Jul 31 2026 16:36:13 GMT+0000 (Coordinated Universal Time),17,Vietnam,vietnam,,,,,,
2026-08-01T02:57:03.478798+00:00,20260801-025703,https://trends24.in/indonesia/,Fri Jul 31 2026 16:36:13 GMT+0000 (Coordinated Universal Time),18,ILYY,ilyy,,,,,,
2026-08-01T02:57:03.478798+00:00,20260801-025703,https://trends24.in/indonesia/,Fri Jul 31 2026 16:36:13 GMT+0000 (Coordinated Universal Time),19,Lawan 10,lawan 10,,,,,,
2026-08-01T02:57:03.478798+00:00,20260801-025703,https://trends24.in/indonesia/,Fri Jul 31 2026 16:36:13 GMT+0000 (Coordinated Universal Time),20,Thom Haye,thom haye,,,,,,
2026-08-01T02:57:03.478798+00:00,20260801-025703,https://trends24.in/indonesia/,Fri Jul 31 2026 16:36:13 GMT+0000 (Coordinated Universal Time),21,Tsaritsa,tsaritsa,,,,,,
2026-08-01T02:57:03.478798+00:00,20260801-025703,https://trends24.in/indonesia/,Fri Jul 31 2026 16:36:13 GMT+0000 (Coordinated Universal Time),22,Berg,berg,,,,,,
2026-08-01T02:57:03.478798+00:00,20260801-025703,https://trends24.in/indonesia/,Fri Jul 31 2026 16:36:13 GMT+0000 (Coordinated Universal Time),23,KETOPRAK UNTUK DAVINA,ketoprak untuk davina,,,,,,
2026-08-01T02:57:03.478798+00:00,20260801-025703,https://trends24.in/indonesia/,Fri Jul 31 2026 16:36:13 GMT+0000 (Coordinated Universal Time),24,AI Voice Transcription,ai voice transcription,,,,,,
2026-08-01T02:57:03.478798+00:00,20260801-025703,https://trends24.in/indonesia/,Fri Jul 31 2026 16:36:13 GMT+0000 (Coordinated Universal Time),25,Rejeki Di Jumat Berkah,rejeki di jumat berkah,,,,,,
2026-08-01T02:57:03.478798+00:00,20260801-025703,https://trends24.in/indonesia/,Fri Jul 31 2026 16:36:13 GMT+0000 (Coordinated Universal Time),26,Seedance 2.5,seedance 2.5,,,,,,
2026-08-01T02:57:03.478798+00:00,20260801-025703,https://trends24.in/indonesia/,Fri Jul 31 2026 16:36:13 GMT+0000 (Coordinated Universal Time),27,ONIC,onic,,,,,,
2026-08-01T02:57:03.478798+00:00,20260801-025703,https://trends24.in/indonesia/,Fri Jul 31 2026 16:36:13 GMT+0000 (Coordinated Universal Time),28,Dony,dony,,,,,,
2026-08-01T02:57:03.478798+00:00,20260801-025703,https://trends24.in/indonesia/,Fri Jul 31 2026 16:36:13 GMT+0000 (Coordinated Universal Time),29,THE SIN,the sin,,,,,,
2026-08-01T02:57:03.478798+00:00,20260801-025703,https://trends24.in/indonesia/,Fri Jul 31 2026 16:36:13 GMT+0000 (Coordinated Universal Time),30,Odette,odette,,,,,,
2026-08-01T02:57:03.478798+00:00,20260801-025703,https://trends24.in/indonesia/,Fri Jul 31 2026 16:36:13 GMT+0000 (Coordinated Universal Time),31,Best Actress,best actress,,,,,,
2026-08-01T02:57:03.478798+00:00,20260801-025703,https://trends24.in/indonesia/,Fri Jul 31 2026 16:36:13 GMT+0000 (Coordinated Universal Time),32,Mitya,mitya,,,,,,
2026-08-01T02:57:03.478798+00:00,20260801-025703,https://trends24.in/indonesia/,Fri Jul 31 2026 16:36:13 GMT+0000 (Coordinated Universal Time),33,Shayne Pattynama,shayne pattynama,,,,,,
2026-08-01T02:57:03.478798+00:00,20260801-025703,https://trends24.in/indonesia/,Fri Jul 31 2026 16:36:13 GMT+0000 (Coordinated Universal Time),34,Timor Leste,timor leste,,,,,,
2026-08-01T02:57:03.478798+00:00,20260801-025703,https://trends24.in/indonesia/,Fri Jul 31 2026 16:36:13 GMT+0000 (Coordinated Universal Time),35,Kimpul,kimpul,,,,,,
2026-08-01T02:57:03.478798+00:00,20260801-025703,https://trends24.in/indonesia/,Fri Jul 31 2026 16:36:13 GMT+0000 (Coordinated Universal Time),36,Red Velvet,red velvet,,,,,,
2026-08-01T02:57:03.478798+00:00,20260801-025703,https://trends24.in/indonesia/,Fri Jul 31 2026 16:36:13 GMT+0000 (Coordinated Universal Time),37,Snezhnaya,snezhnaya,,,,,,
2026-08-01T02:57:03.478798+00:00,20260801-025703,https://trends24.in/indonesia/,Fri Jul 31 2026 16:36:13 GMT+0000 (Coordinated Universal Time),38,Korut,korut,,,,,,
2026-08-01T02:57:03.478798+00:00,20260801-025703,https://trends24.in/indonesia/,Fri Jul 31 2026 16:36:13 GMT+0000 (Coordinated Universal Time),39,Flins,flins,,,,,,
2026-08-01T02:57:03.478798+00:00,20260801-025703,https://trends24.in/indonesia/,Fri Jul 31 2026 16:36:13 GMT+0000 (Coordinated Universal Time),40,BGN Bersih Bersih,bgn bersih bersih,,,,,,
2026-08-01T02:57:03.478798+00:00,20260801-025703,https://trends24.in/indonesia/,Fri Jul 31 2026 16:36:13 GMT+0000 (Coordinated Universal Time),41,Yoona,yoona,,,,,,
2026-08-01T02:57:03.478798+00:00,20260801-025703,https://trends24.in/indonesia/,Fri Jul 31 2026 16:36:13 GMT+0000 (Coordinated Universal Time),42,BDSA,bdsa,,,,,,
2026-08-01T02:57:03.478798+00:00,20260801-025703,https://trends24.in/indonesia/,Fri Jul 31 2026 16:36:13 GMT+0000 (Coordinated Universal Time),43,ART HAS NO ALIENS,art has no aliens,,,,,,
2026-08-01T02:57:03.478798+00:00,20260801-025703,https://trends24.in/indonesia/,Fri Jul 31 2026 16:36:13 GMT+0000 (Coordinated Universal Time),44,LYKNxLYKYOU BOOK FAIR,lyknxlykyou book fair,,,,,,
2026-08-01T02:57:03.478798+00:00,20260801-025703,https://trends24.in/indonesia/,Fri Jul 31 2026 16:36:13 GMT+0000 (Coordinated Universal Time),45,Kemenag,kemenag,,,,,,
2026-08-01T02:57:03.478798+00:00,20260801-025703,https://trends24.in/indonesia/,Fri Jul 31 2026 16:36:13 GMT+0000 (Coordinated Universal Time),46,1 Agustus,1 agustus,,,,,,
2026-08-01T02:57:03.478798+00:00,20260801-025703,https://trends24.in/indonesia/,Fri Jul 31 2026 16:36:13 GMT+0000 (Coordinated Universal Time),47,Teyvat,teyvat,,,,,,
2026-08-01T02:57:03.478798+00:00,20260801-025703,https://trends24.in/indonesia/,Fri Jul 31 2026 16:36:13 GMT+0000 (Coordinated Universal Time),48,Vitals,vitals,,,,,,
2026-08-01T02:57:03.478798+00:00,20260801-025703,https://trends24.in/indonesia/,Fri Jul 31 2026 16:36:13 GMT+0000 (Coordinated Universal Time),49,Shibal,shibal,,,,,,
2026-08-01T02:57:03.478798+00:00,20260801-025703,https://trends24.in/indonesia/,Fri Jul 31 2026 16:36:13 GMT+0000 (Coordinated Universal Time),50,Glowing,glowing,,,,,,
2026-08-01T02:57:03.478798+00:00,20260801-025703,https://trends24.in/indonesia/,Fri Jul 31 2026 15:44:14 GMT+0000 (Coordinated Universal Time),1,#DoaUntukNegeri,doauntuknegeri,,,,,,
2026-08-01T02:57:03.478798+00:00,20260801-025703,https://trends24.in/indonesia/,Fri Jul 31 2026 15:44:14 GMT+0000 (Coordinated Universal Time),2,#81TahunBersyukur,81tahunbersyukur,,,,,,
2026-08-01T02:57:03.478798+00:00,20260801-025703,https://trends24.in/indonesia/,Fri Jul 31 2026 15:44:14 GMT+0000 (Coordinated Universal Time),3,#KitaIndonesia,kitaindonesia,,,,,,
2026-08-01T02:57:03.478798+00:00,20260801-025703,https://trends24.in/indonesia/,Fri Jul 31 2026 15:44:14 GMT+0000 (Coordinated Universal Time),4,Zikir Doa Kebangsaan,zikir doa kebangsaan,,,,,,
2026-08-01T02:57:03.478798+00:00,20260801-025703,https://trends24.in/indonesia/,Fri Jul 31 2026 15:44:14 GMT+0000 (Coordinated Universal Time),5,#SFxPondPhuwinPermpoon,sfxpondphuwinpermpoon,,,,,,
2026-08-01T02:57:03.478798+00:00,20260801-025703,https://trends24.in/indonesia/,Fri Jul 31 2026 15:44:14 GMT+0000 (Coordinated Universal Time),6,PPP FAMILY SPIDER MAN,ppp family spider man,,,,,,
2026-08-01T02:57:03.478798+00:00,20260801-025703,https://trends24.in/indonesia/,Fri Jul 31 2026 15:44:14 GMT+0000 (Coordinated Universal Time),7,#AwesomeCompanionA27,awesomecompaniona27,,,,,,
2026-08-01T02:57:03.478798+00:00,20260801-025703,https://trends24.in/indonesia/,Fri Jul 31 2026 15:44:14 GMT+0000 (Coordinated Universal Time),8,ADAAP HAPPY LANDING,adaap happy landing,,,,,,
2026-08-01T02:57:03.478798+00:00,20260801-025703,https://trends24.in/indonesia/,Fri Jul 31 2026 15:44:14 GMT+0000 (Coordinated Universal Time),9,LINGORM ILF EP7,lingorm ilf ep7,,,,,,
2026-08-01T02:57:03.478798+00:00,20260801-025703,https://trends24.in/indonesia/,Fri Jul 31 2026 15:44:14 GMT+0000 (Coordinated Universal Time),10,HAPPY BIRTHDAY STAY,happy birthday stay,,,,,,
2026-08-01T02:57:03.478798+00:00,20260801-025703,https://trends24.in/indonesia/,Fri Jul 31 2026 15:44:14 GMT+0000 (Coordinated Universal Time),11,Mudryk,mudryk,,,,,,
2026-08-01T02:57:03.478798+00:00,20260801-025703,https://trends24.in/indonesia/,Fri Jul 31 2026 15:44:14 GMT+0000 (Coordinated Universal Time),12,Kim Goeun,kim goeun,,,,,,
2026-08-01T02:57:03.478798+00:00,20260801-025703,https://trends24.in/indonesia/,Fri Jul 31 2026 15:44:14 GMT+0000 (Coordinated Universal Time),13,Ramon,ramon,,,,,,
2026-08-01T02:57:03.478798+00:00,20260801-025703,https://trends24.in/indonesia/,Fri Jul 31 2026 15:44:14 GMT+0000 (Coordinated Universal Time),14,Balsa,balsa,,,,,,
2026-08-01T02:57:03.478798+00:00,20260801-025703,https://trends24.in/indonesia/,Fri Jul 31 2026 15:44:14 GMT+0000 (Coordinated Universal Time),15,Vietnam,vietnam,,,,,,
2026-08-01T02:57:03.478798+00:00,20260801-025703,https://trends24.in/indonesia/,Fri Jul 31 2026 15:44:14 GMT+0000 (Coordinated Universal Time),16,Kwangsoo,kwangsoo,,,,,,
2026-08-01T02:57:03.478798+00:00,20260801-025703,https://trends24.in/indonesia/,Fri Jul 31 2026 15:44:14 GMT+0000 (Coordinated Universal Time),17,DBTE RULES EP6,dbte rules ep6,,,,,,
2026-08-01T02:57:03.478798+00:00,20260801-025703,https://trends24.in/indonesia/,Fri Jul 31 2026 15:44:14 GMT+0000 (Coordinated Universal Time),18,Thom Haye,thom haye,,,,,,
2026-08-01T02:57:03.478798+00:00,20260801-025703,https://trends24.in/indonesia/,Fri Jul 31 2026 15:44:14 GMT+0000 (Coordinated Universal Time),19,KETOPRAK UNTUK DAVINA,ketoprak untuk davina,,,,,,
2026-08-01T02:57:03.478798+00:00,20260801-025703,https://trends24.in/indonesia/,Fri Jul 31 2026 15:44:14 GMT+0000 (Coordinated Universal Time),20,AI Voice Transcription,ai voice transcription,,,,,,
2026-08-01T02:57:03.478798+00:00,20260801-025703,https://trends24.in/indonesia/,Fri Jul 31 2026 15:44:14 GMT+0000 (Coordinated Universal Time),21,Lawan 10,lawan 10,,,,,,
2026-08-01T02:57:03.478798+00:00,20260801-025703,https://trends24.in/indonesia/,Fri Jul 31 2026 15:44:14 GMT+0000 (Coordinated Universal Time),22,ILYY,ilyy,,,,,,
2026-08-01T02:57:03.478798+00:00,20260801-025703,https://trends24.in/indonesia/,Fri Jul 31 2026 15:44:14 GMT+0000 (Coordinated Universal Time),23,Tsaritsa,tsaritsa,,,,,,
2026-08-01T02:57:03.478798+00:00,20260801-025703,https://trends24.in/indonesia/,Fri Jul 31 2026 15:44:14 GMT+0000 (Coordinated Universal Time),24,ONIC,onic,,,,,,
2026-08-01T02:57:03.478798+00:00,20260801-025703,https://trends24.in/indonesia/,Fri Jul 31 2026 15:44:14 GMT+0000 (Coordinated Universal Time),25,Berg,berg,,,,,,
2026-08-01T02:57:03.478798+00:00,20260801-025703,https://trends24.in/indonesia/,Fri Jul 31 2026 15:44:14 GMT+0000 (Coordinated Universal Time),26,Mitya,mitya,,,,,,
2026-08-01T02:57:03.478798+00:00,20260801-025703,https://trends24.in/indonesia/,Fri Jul 31 2026 15:44:14 GMT+0000 (Coordinated Universal Time),27,Timor Leste,timor leste,,,,,,
2026-08-01T02:57:03.478798+00:00,20260801-025703,https://trends24.in/indonesia/,Fri Jul 31 2026 15:44:14 GMT+0000 (Coordinated Universal Time),28,Shayne Pattynama,shayne pattynama,,,,,,
2026-08-01T02:57:03.478798+00:00,20260801-025703,https://trends24.in/indonesia/,Fri Jul 31 2026 15:44:14 GMT+0000 (Coordinated Universal Time),29,THE SIN,the sin,,,,,,
2026-08-01T02:57:03.478798+00:00,20260801-025703,https://trends24.in/indonesia/,Fri Jul 31 2026 15:44:14 GMT+0000 (Coordinated Universal Time),30,Produk Lokal Indonesia,produk lokal indonesia,,,,,,
2026-08-01T02:57:03.478798+00:00,20260801-025703,https://trends24.in/indonesia/,Fri Jul 31 2026 15:44:14 GMT+0000 (Coordinated Universal Time),31,Best Actress,best actress,,,,,,
2026-08-01T02:57:03.478798+00:00,20260801-025703,https://trends24.in/indonesia/,Fri Jul 31 2026 15:44:14 GMT+0000 (Coordinated Universal Time),32,Odette,odette,,,,,,
2026-08-01T02:57:03.478798+00:00,20260801-025703,https://trends24.in/indonesia/,Fri Jul 31 2026 15:44:14 GMT+0000 (Coordinated Universal Time),33,Snezhnaya,snezhnaya,,,,,,
2026-08-01T02:57:03.478798+00:00,20260801-025703,https://trends24.in/indonesia/,Fri Jul 31 2026 15:44:14 GMT+0000 (Coordinated Universal Time),34,Dony,dony,,,,,,
2026-08-01T02:57:03.478798+00:00,20260801-025703,https://trends24.in/indonesia/,Fri Jul 31 2026 15:44:14 GMT+0000 (Coordinated Universal Time),35,Seedance 2.5,seedance 2.5,,,,,,
2026-08-01T02:57:03.478798+00:00,20260801-025703,https://trends24.in/indonesia/,Fri Jul 31 2026 15:44:14 GMT+0000 (Coordinated Universal Time),36,Kimpul,kimpul,,,,,,
2026-08-01T02:57:03.478798+00:00,20260801-025703,https://trends24.in/indonesia/,Fri Jul 31 2026 15:44:14 GMT+0000 (Coordinated Universal Time),37,Red Velvet,red velvet,,,,,,
2026-08-01T02:57:03.478798+00:00,20260801-025703,https://trends24.in/indonesia/,Fri Jul 31 2026 15:44:14 GMT+0000 (Coordinated Universal Time),38,Yoona,yoona,,,,,,
2026-08-01T02:57:03.478798+00:00,20260801-025703,https://trends24.in/indonesia/,Fri Jul 31 2026 15:44:14 GMT+0000 (Coordinated Universal Time),39,Flins,flins,,,,,,
2026-08-01T02:57:03.478798+00:00,20260801-025703,https://trends24.in/indonesia/,Fri Jul 31 2026 15:44:14 GMT+0000 (Coordinated Universal Time),40,Komjak,komjak,,,,,,
2026-08-01T02:57:03.478798+00:00,20260801-025703,https://trends24.in/indonesia/,Fri Jul 31 2026 15:44:14 GMT+0000 (Coordinated Universal Time),41,BGN Bersih Bersih,bgn bersih bersih,,,,,,
2026-08-01T02:57:03.478798+00:00,20260801-025703,https://trends24.in/indonesia/,Fri Jul 31 2026 15:44:14 GMT+0000 (Coordinated Universal Time),42,LYKNxLYKYOU BOOK FAIR,lyknxlykyou book fair,,,,,,
2026-08-01T02:57:03.478798+00:00,20260801-025703,https://trends24.in/indonesia/,Fri Jul 31 2026 15:44:14 GMT+0000 (Coordinated Universal Time),43,Geypens,geypens,,,,,,
2026-08-01T02:57:03.478798+00:00,20260801-025703,https://trends24.in/indonesia/,Fri Jul 31 2026 15:44:14 GMT+0000 (Coordinated Universal Time),44,BDSA,bdsa,,,,,,
2026-08-01T02:57:03.478798+00:00,20260801-025703,https://trends24.in/indonesia/,Fri Jul 31 2026 15:44:14 GMT+0000 (Coordinated Universal Time),45,ART HAS NO ALIENS,art has no aliens,,,,,,
2026-08-01T02:57:03.478798+00:00,20260801-025703,https://trends24.in/indonesia/,Fri Jul 31 2026 15:44:14 GMT+0000 (Coordinated Universal Time),46,VITALS,vitals,,,,,,
2026-08-01T02:57:03.478798+00:00,20260801-025703,https://trends24.in/indonesia/,Fri Jul 31 2026 15:44:14 GMT+0000 (Coordinated Universal Time),47,Babak,babak,,,,,,
2026-08-01T02:57:03.478798+00:00,20260801-025703,https://trends24.in/indonesia/,Fri Jul 31 2026 15:44:14 GMT+0000 (Coordinated Universal Time),48,SURVIVE WITH CORTIS,survive with cortis,,,,,,
2026-08-01T02:57:03.478798+00:00,20260801-025703,https://trends24.in/indonesia/,Fri Jul 31 2026 15:44:14 GMT+0000 (Coordinated Universal Time),49,Kemenag,kemenag,,,,,,
2026-08-01T02:57:03.478798+00:00,20260801-025703,https://trends24.in/indonesia/,Fri Jul 31 2026 15:44:14 GMT+0000 (Coordinated Universal Time),50,Teyvat,teyvat,,,,,,
2026-08-01T02:57:03.478798+00:00,20260801-025703,https://trends24.in/indonesia/,Fri Jul 31 2026 14:52:16 GMT+0000 (Coordinated Universal Time),1,#DoaUntukNegeri,doauntuknegeri,,,,,,
2026-08-01T02:57:03.478798+00:00,20260801-025703,https://trends24.in/indonesia/,Fri Jul 31 2026 14:52:16 GMT+0000 (Coordinated Universal Time),2,Zikir Doa Kebangsaan,zikir doa kebangsaan,,,,,,
2026-08-01T02:57:03.478798+00:00,20260801-025703,https://trends24.in/indonesia/,Fri Jul 31 2026 14:52:16 GMT+0000 (Coordinated Universal Time),3,#81TahunBersyukur,81tahunbersyukur,,,,,,
2026-08-01T02:57:03.478798+00:00,20260801-025703,https://trends24.in/indonesia/,Fri Jul 31 2026 14:52:16 GMT+0000 (Coordinated Universal Time),4,#KitaIndonesia,kitaindonesia,,,,,,
2026-08-01T02:57:03.478798+00:00,20260801-025703,https://trends24.in/indonesia/,Fri Jul 31 2026 14:52:16 GMT+0000 (Coordinated Universal Time),5,#AwesomeCompanionA27,awesomecompaniona27,,,,,,
2026-08-01T02:57:03.478798+00:00,20260801-025703,https://trends24.in/indonesia/,Fri Jul 31 2026 14:52:16 GMT+0000 (Coordinated Universal Time),6,#A27AIAwesome,a27aiawesome,,,,,,
2026-08-01T02:57:03.478798+00:00,20260801-025703,https://trends24.in/indonesia/,Fri Jul 31 2026 14:52:16 GMT+0000 (Coordinated Universal Time),7,PPP FAMILY SPIDER MAN,ppp family spider man,,,,,,
2026-08-01T02:57:03.478798+00:00,20260801-025703,https://trends24.in/indonesia/,Fri Jul 31 2026 14:52:16 GMT+0000 (Coordinated Universal Time),8,ADAAP HAPPY LANDING,adaap happy landing,,,,,,
2026-08-01T02:57:03.478798+00:00,20260801-025703,https://trends24.in/indonesia/,Fri Jul 31 2026 14:52:16 GMT+0000 (Coordinated Universal Time),9,LINGORM ILF EP7,lingorm ilf ep7,,,,,,
2026-08-01T02:57:03.478798+00:00,20260801-025703,https://trends24.in/indonesia/,Fri Jul 31 2026 14:52:16 GMT+0000 (Coordinated Universal Time),10,Kim Goeun,kim goeun,,,,,,
2026-08-01T02:57:03.478798+00:00,20260801-025703,https://trends24.in/indonesia/,Fri Jul 31 2026 14:52:16 GMT+0000 (Coordinated Universal Time),11,Ramon,ramon,,,,,,
2026-08-01T02:57:03.478798+00:00,20260801-025703,https://trends24.in/indonesia/,Fri Jul 31 2026 14:52:16 GMT+0000 (Coordinated Universal Time),12,Thom Haye,thom haye,,,,,,
2026-08-01T02:57:03.478798+00:00,20260801-025703,https://trends24.in/indonesia/,Fri Jul 31 2026 14:52:16 GMT+0000 (Coordinated Universal Time),13,Balsa,balsa,,,,,,
2026-08-01T02:57:03.478798+00:00,20260801-025703,https://trends24.in/indonesia/,Fri Jul 31 2026 14:52:16 GMT+0000 (Coordinated Universal Time),14,AI Voice Transcription,ai voice transcription,,,,,,
2026-08-01T02:57:03.478798+00:00,20260801-025703,https://trends24.in/indonesia/,Fri Jul 31 2026 14:52:16 GMT+0000 (Coordinated Universal Time),15,KETOPRAK UNTUK DAVINA,ketoprak untuk davina,,,,,,
2026-08-01T02:57:03.478798+00:00,20260801-025703,https://trends24.in/indonesia/,Fri Jul 31 2026 14:52:16 GMT+0000 (Coordinated Universal Time),16,Kwangsoo,kwangsoo,,,,,,
2026-08-01T02:57:03.478798+00:00,20260801-025703,https://trends24.in/indonesia/,Fri Jul 31 2026 14:52:16 GMT+0000 (Coordinated Universal Time),17,Tsaritsa,tsaritsa,,,,,,
2026-08-01T02:57:03.478798+00:00,20260801-025703,https://trends24.in/indonesia/,Fri Jul 31 2026 14:52:16 GMT+0000 (Coordinated Universal Time),18,Timor Leste,timor leste,,,,,,
2026-08-01T02:57:03.478798+00:00,20260801-025703,https://trends24.in/indonesia/,Fri Jul 31 2026 14:52:16 GMT+0000 (Coordinated Universal Time),19,Mitya,mitya,,,,,,
2026-08-01T02:57:03.478798+00:00,20260801-025703,https://trends24.in/indonesia/,Fri Jul 31 2026 14:52:16 GMT+0000 (Coordinated Universal Time),20,Berg,berg,,,,,,
2026-08-01T02:57:03.478798+00:00,20260801-025703,https://trends24.in/indonesia/,Fri Jul 31 2026 14:52:16 GMT+0000 (Coordinated Universal Time),21,Odette,odette,,,,,,
2026-08-01T02:57:03.478798+00:00,20260801-025703,https://trends24.in/indonesia/,Fri Jul 31 2026 14:52:16 GMT+0000 (Coordinated Universal Time),22,Lawan 10,lawan 10,,,,,,
2026-08-01T02:57:03.478798+00:00,20260801-025703,https://trends24.in/indonesia/,Fri Jul 31 2026 14:52:16 GMT+0000 (Coordinated Universal Time),23,BGN Bersih Bersih,bgn bersih bersih,,,,,,
2026-08-01T02:57:03.478798+00:00,20260801-025703,https://trends24.in/indonesia/,Fri Jul 31 2026 14:52:16 GMT+0000 (Coordinated Universal Time),24,ILYY,ilyy,,,,,,
2026-08-01T02:57:03.478798+00:00,20260801-025703,https://trends24.in/indonesia/,Fri Jul 31 2026 14:52:16 GMT+0000 (Coordinated Universal Time),25,Vietnam,vietnam,,,,,,
2026-08-01T02:57:03.478798+00:00,20260801-025703,https://trends24.in/indonesia/,Fri Jul 31 2026 14:52:16 GMT+0000 (Coordinated Universal Time),26,Shayne Pattynama,shayne pattynama,,,,,,
2026-08-01T02:57:03.478798+00:00,20260801-025703,https://trends24.in/indonesia/,Fri Jul 31 2026 14:52:16 GMT+0000 (Coordinated Universal Time),27,Produk Lokal Indonesia,produk lokal indonesia,,,,,,
2026-08-01T02:57:03.478798+00:00,20260801-025703,https://trends24.in/indonesia/,Fri Jul 31 2026 14:52:16 GMT+0000 (Coordinated Universal Time),28,Snezhnaya,snezhnaya,,,,,,
2026-08-01T02:57:03.478798+00:00,20260801-025703,https://trends24.in/indonesia/,Fri Jul 31 2026 14:52:16 GMT+0000 (Coordinated Universal Time),29,Best Actress,best actress,,,,,,
2026-08-01T02:57:03.478798+00:00,20260801-025703,https://trends24.in/indonesia/,Fri Jul 31 2026 14:52:16 GMT+0000 (Coordinated Universal Time),30,Seedance 2.5,seedance 2.5,,,,,,
2026-08-01T02:57:03.478798+00:00,20260801-025703,https://trends24.in/indonesia/,Fri Jul 31 2026 14:52:16 GMT+0000 (Coordinated Universal Time),31,Dony,dony,,,,,,
2026-08-01T02:57:03.478798+00:00,20260801-025703,https://trends24.in/indonesia/,Fri Jul 31 2026 14:52:16 GMT+0000 (Coordinated Universal Time),32,Kimpul,kimpul,,,,,,
2026-08-01T02:57:03.478798+00:00,20260801-025703,https://trends24.in/indonesia/,Fri Jul 31 2026 14:52:16 GMT+0000 (Coordinated Universal Time),33,LYKNxLYKYOU BOOK FAIR,lyknxlykyou book fair,,,,,,
2026-08-01T02:57:03.478798+00:00,20260801-025703,https://trends24.in/indonesia/,Fri Jul 31 2026 14:52:16 GMT+0000 (Coordinated Universal Time),34,Komisi III,komisi iii,,,,,,
2026-08-01T02:57:03.478798+00:00,20260801-025703,https://trends24.in/indonesia/,Fri Jul 31 2026 14:52:16 GMT+0000 (Coordinated Universal Time),35,Dohoon,dohoon,,,,,,
2026-08-01T02:57:03.478798+00:00,20260801-025703,https://trends24.in/indonesia/,Fri Jul 31 2026 14:52:16 GMT+0000 (Coordinated Universal Time),36,yoona,yoona,,,,,,
2026-08-01T02:57:03.478798+00:00,20260801-025703,https://trends24.in/indonesia/,Fri Jul 31 2026 14:52:16 GMT+0000 (Coordinated Universal Time),37,Flins,flins,,,,,,
2026-08-01T02:57:03.478798+00:00,20260801-025703,https://trends24.in/indonesia/,Fri Jul 31 2026 14:52:16 GMT+0000 (Coordinated Universal Time),38,Komjak,komjak,,,,,,
2026-08-01T02:57:03.478798+00:00,20260801-025703,https://trends24.in/indonesia/,Fri Jul 31 2026 14:52:16 GMT+0000 (Coordinated Universal Time),39,Geypens,geypens,,,,,,
2026-08-01T02:57:03.478798+00:00,20260801-025703,https://trends24.in/indonesia/,Fri Jul 31 2026 14:52:16 GMT+0000 (Coordinated Universal Time),40,Megumi,megumi,,,,,,
2026-08-01T02:57:03.478798+00:00,20260801-025703,https://trends24.in/indonesia/,Fri Jul 31 2026 14:52:16 GMT+0000 (Coordinated Universal Time),41,BDSA,bdsa,,,,,,
2026-08-01T02:57:03.478798+00:00,20260801-025703,https://trends24.in/indonesia/,Fri Jul 31 2026 14:52:16 GMT+0000 (Coordinated Universal Time),42,Babak,babak,,,,,,
2026-08-01T02:57:03.478798+00:00,20260801-025703,https://trends24.in/indonesia/,Fri Jul 31 2026 14:52:16 GMT+0000 (Coordinated Universal Time),43,Teyvat,teyvat,,,,,,
2026-08-01T02:57:03.478798+00:00,20260801-025703,https://trends24.in/indonesia/,Fri Jul 31 2026 14:52:16 GMT+0000 (Coordinated Universal Time),44,Red Velvet,red velvet,,,,,,
2026-08-01T02:57:03.478798+00:00,20260801-025703,https://trends24.in/indonesia/,Fri Jul 31 2026 14:52:16 GMT+0000 (Coordinated Universal Time),45,ART HAS NO ALIENS,art has no aliens,,,,,,
2026-08-01T02:57:03.478798+00:00,20260801-025703,https://trends24.in/indonesia/,Fri Jul 31 2026 14:52:16 GMT+0000 (Coordinated Universal Time),46,SURVIVE WITH CORTIS,survive with cortis,,,,,,
2026-08-01T02:57:03.478798+00:00,20260801-025703,https://trends24.in/indonesia/,Fri Jul 31 2026 14:52:16 GMT+0000 (Coordinated Universal Time),47,VITALS,vitals,,,,,,
2026-08-01T02:57:03.478798+00:00,20260801-025703,https://trends24.in/indonesia/,Fri Jul 31 2026 14:52:16 GMT+0000 (Coordinated Universal Time),48,Glowing,glowing,,,,,,
2026-08-01T02:57:03.478798+00:00,20260801-025703,https://trends24.in/indonesia/,Fri Jul 31 2026 14:52:16 GMT+0000 (Coordinated Universal Time),49,Franco Baresi,franco baresi,,,,,,
2026-08-01T02:57:03.478798+00:00,20260801-025703,https://trends24.in/indonesia/,Fri Jul 31 2026 14:52:16 GMT+0000 (Coordinated Universal Time),50,yujin,yujin,,,,,,
2026-08-01T02:57:03.478798+00:00,20260801-025703,https://trends24.in/indonesia/,Fri Jul 31 2026 14:00:59 GMT+0000 (Coordinated Universal Time),1,#ADogAndAPlaneFinalEP,adogandaplanefinalep,,,,,,
2026-08-01T02:57:03.478798+00:00,20260801-025703,https://trends24.in/indonesia/,Fri Jul 31 2026 14:00:59 GMT+0000 (Coordinated Universal Time),2,ADAAP HAPPY LANDING,adaap happy landing,,,,,,
2026-08-01T02:57:03.478798+00:00,20260801-025703,https://trends24.in/indonesia/,Fri Jul 31 2026 14:00:59 GMT+0000 (Coordinated Universal Time),3,#ENHYPEN_8thMiniAlbum,enhypen_8thminialbum,,,,,,
2026-08-01T02:57:03.478798+00:00,20260801-025703,https://trends24.in/indonesia/,Fri Jul 31 2026 14:00:59 GMT+0000 (Coordinated Universal Time),4,#SFxPondPhuwinPermpoon,sfxpondphuwinpermpoon,,,,,,
2026-08-01T02:57:03.478798+00:00,20260801-025703,https://trends24.in/indonesia/,Fri Jul 31 2026 14:00:59 GMT+0000 (Coordinated Universal Time),5,Produk Lokal Indonesia,produk lokal indonesia,,,,,,
2026-08-01T02:57:03.478798+00:00,20260801-025703,https://trends24.in/indonesia/,Fri Jul 31 2026 14:00:59 GMT+0000 (Coordinated Universal Time),6,PPP FAMILY SPIDER MAN,ppp family spider man,,,,,,
2026-08-01T02:57:03.478798+00:00,20260801-025703,https://trends24.in/indonesia/,Fri Jul 31 2026 14:00:59 GMT+0000 (Coordinated Universal Time),7,Thom Haye,thom haye,,,,,,
2026-08-01T02:57:03.478798+00:00,20260801-025703,https://trends24.in/indonesia/,Fri Jul 31 2026 14:00:59 GMT+0000 (Coordinated Universal Time),8,#MBGTetapKonstitusional,mbgtetapkonstitusional,,,,,,
2026-08-01T02:57:03.478798+00:00,20260801-025703,https://trends24.in/indonesia/,Fri Jul 31 2026 14:00:59 GMT+0000 (Coordinated Universal Time),9,#BlueDragonSeriesAwards2026,bluedragonseriesawards2026,,,,,,
2026-08-01T02:57:03.478798+00:00,20260801-025703,https://trends24.in/indonesia/,Fri Jul 31 2026 14:00:59 GMT+0000 (Coordinated Universal Time),10,Timor Leste,timor leste,,,,,,
2026-08-01T02:57:03.478798+00:00,20260801-025703,https://trends24.in/indonesia/,Fri Jul 31 2026 14:00:59 GMT+0000 (Coordinated Universal Time),11,LINGORM ILF EP7,lingorm ilf ep7,,,,,,
2026-08-01T02:57:03.478798+00:00,20260801-025703,https://trends24.in/indonesia/,Fri Jul 31 2026 14:00:59 GMT+0000 (Coordinated Universal Time),12,KETOPRAK UNTUK DAVINA,ketoprak untuk davina,,,,,,
2026-08-01T02:57:03.478798+00:00,20260801-025703,https://trends24.in/indonesia/,Fri Jul 31 2026 14:00:59 GMT+0000 (Coordinated Universal Time),13,BGN Bersih Bersih,bgn bersih bersih,,,,,,
2026-08-01T02:57:03.478798+00:00,20260801-025703,https://trends24.in/indonesia/,Fri Jul 31 2026 14:00:59 GMT+0000 (Coordinated Universal Time),14,Kim Goeun,kim goeun,,,,,,
2026-08-01T02:57:03.478798+00:00,20260801-025703,https://trends24.in/indonesia/,Fri Jul 31 2026 14:00:59 GMT+0000 (Coordinated Universal Time),15,Tsaritsa,tsaritsa,,,,,,
2026-08-01T02:57:03.478798+00:00,20260801-025703,https://trends24.in/indonesia/,Fri Jul 31 2026 14:00:59 GMT+0000 (Coordinated Universal Time),16,Shayne Pattynama,shayne pattynama,,,,,,
2026-08-01T02:57:03.478798+00:00,20260801-025703,https://trends24.in/indonesia/,Fri Jul 31 2026 14:00:59 GMT+0000 (Coordinated Universal Time),17,Vietnam,vietnam,,,,,,
2026-08-01T02:57:03.478798+00:00,20260801-025703,https://trends24.in/indonesia/,Fri Jul 31 2026 14:00:59 GMT+0000 (Coordinated Universal Time),18,Lawan 10,lawan 10,,,,,,
2026-08-01T02:57:03.478798+00:00,20260801-025703,https://trends24.in/indonesia/,Fri Jul 31 2026 14:00:59 GMT+0000 (Coordinated Universal Time),19,Snezhnaya,snezhnaya,,,,,,
2026-08-01T02:57:03.478798+00:00,20260801-025703,https://trends24.in/indonesia/,Fri Jul 31 2026 14:00:59 GMT+0000 (Coordinated Universal Time),20,Mitya,mitya,,,,,,
2026-08-01T02:57:03.478798+00:00,20260801-025703,https://trends24.in/indonesia/,Fri Jul 31 2026 14:00:59 GMT+0000 (Coordinated Universal Time),21,Yao Guang,yao guang,,,,,,
2026-08-01T02:57:03.478798+00:00,20260801-025703,https://trends24.in/indonesia/,Fri Jul 31 2026 14:00:59 GMT+0000 (Coordinated Universal Time),22,Odette,odette,,,,,,
2026-08-01T02:57:03.478798+00:00,20260801-025703,https://trends24.in/indonesia/,Fri Jul 31 2026 14:00:59 GMT+0000 (Coordinated Universal Time),23,Ramon,ramon,,,,,,
2026-08-01T02:57:03.478798+00:00,20260801-025703,https://trends24.in/indonesia/,Fri Jul 31 2026 14:00:59 GMT+0000 (Coordinated Universal Time),24,Dony,dony,,,,,,
2026-08-01T02:57:03.478798+00:00,20260801-025703,https://trends24.in/indonesia/,Fri Jul 31 2026 14:00:59 GMT+0000 (Coordinated Universal Time),25,LYKNxLYKYOU BOOK FAIR,lyknxlykyou book fair,,,,,,
2026-08-01T02:57:03.478798+00:00,20260801-025703,https://trends24.in/indonesia/,Fri Jul 31 2026 14:00:59 GMT+0000 (Coordinated Universal Time),26,Kimpul,kimpul,,,,,,
2026-08-01T02:57:03.478798+00:00,20260801-025703,https://trends24.in/indonesia/,Fri Jul 31 2026 14:00:59 GMT+0000 (Coordinated Universal Time),27,Richeh,richeh,,,,,,
2026-08-01T02:57:03.478798+00:00,20260801-025703,https://trends24.in/indonesia/,Fri Jul 31 2026 14:00:59 GMT+0000 (Coordinated Universal Time),28,Komjak,komjak,,,,,,
2026-08-01T02:57:03.478798+00:00,20260801-025703,https://trends24.in/indonesia/,Fri Jul 31 2026 14:00:59 GMT+0000 (Coordinated Universal Time),29,Komisi III,komisi iii,,,,,,
2026-08-01T02:57:03.478798+00:00,20260801-025703,https://trends24.in/indonesia/,Fri Jul 31 2026 14:00:59 GMT+0000 (Coordinated Universal Time),30,Dohoon,dohoon,,,,,,
2026-08-01T02:57:03.478798+00:00,20260801-025703,https://trends24.in/indonesia/,Fri Jul 31 2026 14:00:59 GMT+0000 (Coordinated Universal Time),31,Geypens,geypens,,,,,,
2026-08-01T02:57:03.478798+00:00,20260801-025703,https://trends24.in/indonesia/,Fri Jul 31 2026 14:00:59 GMT+0000 (Coordinated Universal Time),32,Megumi,megumi,,,,,,
2026-08-01T02:57:03.478798+00:00,20260801-025703,https://trends24.in/indonesia/,Fri Jul 31 2026 14:00:59 GMT+0000 (Coordinated Universal Time),33,Mitch Baker,mitch baker,,,,,,
2026-08-01T02:57:03.478798+00:00,20260801-025703,https://trends24.in/indonesia/,Fri Jul 31 2026 14:00:59 GMT+0000 (Coordinated Universal Time),34,Teyvat,teyvat,,,,,,
2026-08-01T02:57:03.478798+00:00,20260801-025703,https://trends24.in/indonesia/,Fri Jul 31 2026 14:00:59 GMT+0000 (Coordinated Universal Time),35,Kemenag,kemenag,,,,,,
2026-08-01T02:57:03.478798+00:00,20260801-025703,https://trends24.in/indonesia/,Fri Jul 31 2026 14:00:59 GMT+0000 (Coordinated Universal Time),36,Babak,babak,,,,,,
2026-08-01T02:57:03.478798+00:00,20260801-025703,https://trends24.in/indonesia/,Fri Jul 31 2026 14:00:59 GMT+0000 (Coordinated Universal Time),37,SURVIVE WITH CORTIS,survive with cortis,,,,,,
2026-08-01T02:57:03.478798+00:00,20260801-025703,https://trends24.in/indonesia/,Fri Jul 31 2026 14:00:59 GMT+0000 (Coordinated Universal Time),38,ART HAS NO ALIENS,art has no aliens,,,,,,
2026-08-01T02:57:03.478798+00:00,20260801-025703,https://trends24.in/indonesia/,Fri Jul 31 2026 14:00:59 GMT+0000 (Coordinated Universal Time),39,Franco Baresi,franco baresi,,,,,,
2026-08-01T02:57:03.478798+00:00,20260801-025703,https://trends24.in/indonesia/,Fri Jul 31 2026 14:00:59 GMT+0000 (Coordinated Universal Time),40,RIP Legend,rip legend,,,,,,
2026-08-01T02:57:03.478798+00:00,20260801-025703,https://trends24.in/indonesia/,Fri Jul 31 2026 14:00:59 GMT+0000 (Coordinated Universal Time),41,yujin,yujin,,,,,,
2026-08-01T02:57:03.478798+00:00,20260801-025703,https://trends24.in/indonesia/,Fri Jul 31 2026 14:00:59 GMT+0000 (Coordinated Universal Time),42,Angkot,angkot,,,,,,
2026-08-01T02:57:03.478798+00:00,20260801-025703,https://trends24.in/indonesia/,Fri Jul 31 2026 14:00:59 GMT+0000 (Coordinated Universal Time),43,Ceuta,ceuta,,,,,,
2026-08-01T02:57:03.478798+00:00,20260801-025703,https://trends24.in/indonesia/,Fri Jul 31 2026 14:00:59 GMT+0000 (Coordinated Universal Time),44,Desa,desa,,,,,,
2026-08-01T02:57:03.478798+00:00,20260801-025703,https://trends24.in/indonesia/,Fri Jul 31 2026 14:00:59 GMT+0000 (Coordinated Universal Time),45,Red Velvet,red velvet,,,,,,
2026-08-01T02:57:03.478798+00:00,20260801-025703,https://trends24.in/indonesia/,Fri Jul 31 2026 14:00:59 GMT+0000 (Coordinated Universal Time),46,Seonghyeon,seonghyeon,,,,,,
2026-08-01T02:57:03.478798+00:00,20260801-025703,https://trends24.in/indonesia/,Fri Jul 31 2026 14:00:59 GMT+0000 (Coordinated Universal Time),47,Gus Yaqut,gus yaqut,,,,,,
2026-08-01T02:57:03.478798+00:00,20260801-025703,https://trends24.in/indonesia/,Fri Jul 31 2026 14:00:59 GMT+0000 (Coordinated Universal Time),48,AC Milan,ac milan,,,,,,
2026-08-01T02:57:03.478798+00:00,20260801-025703,https://trends24.in/indonesia/,Fri Jul 31 2026 14:00:59 GMT+0000 (Coordinated Universal Time),49,No Na,no na,,,,,,
2026-08-01T02:57:03.478798+00:00,20260801-025703,https://trends24.in/indonesia/,Fri Jul 31 2026 14:00:59 GMT+0000 (Coordinated Universal Time),50,Maroko,maroko,,,,,,
2026-08-01T02:57:03.478798+00:00,20260801-025703,https://trends24.in/indonesia/,Fri Jul 31 2026 13:09:37 GMT+0000 (Coordinated Universal Time),1,Thom Haye,thom haye,,,,,,
2026-08-01T02:57:03.478798+00:00,20260801-025703,https://trends24.in/indonesia/,Fri Jul 31 2026 13:09:37 GMT+0000 (Coordinated Universal Time),2,Produk Lokal Indonesia,produk lokal indonesia,,,,,,
2026-08-01T02:57:03.478798+00:00,20260801-025703,https://trends24.in/indonesia/,Fri Jul 31 2026 13:09:37 GMT+0000 (Coordinated Universal Time),3,Timor Leste,timor leste,,,,,,
2026-08-01T02:57:03.478798+00:00,20260801-025703,https://trends24.in/indonesia/,Fri Jul 31 2026 13:09:37 GMT+0000 (Coordinated Universal Time),4,#DukungUMKM,dukungumkm,,,,,,
2026-08-01T02:57:03.478798+00:00,20260801-025703,https://trends24.in/indonesia/,Fri Jul 31 2026 13:09:37 GMT+0000 (Coordinated Universal Time),5,#MBGTetapKonstitusional,mbgtetapkonstitusional,,,,,,
2026-08-01T02:57:03.478798+00:00,20260801-025703,https://trends24.in/indonesia/,Fri Jul 31 2026 13:09:37 GMT+0000 (Coordinated Universal Time),6,#ADogAndAPlaneFinalEP,adogandaplanefinalep,,,,,,
2026-08-01T02:57:03.478798+00:00,20260801-025703,https://trends24.in/indonesia/,Fri Jul 31 2026 13:09:37 GMT+0000 (Coordinated Universal Time),7,#GenshinSpecialProgram,genshinspecialprogram,,,,,,
2026-08-01T02:57:03.478798+00:00,20260801-025703,https://trends24.in/indonesia/,Fri Jul 31 2026 13:09:37 GMT+0000 (Coordinated Universal Time),8,#SFxPondPhuwinPermpoon,sfxpondphuwinpermpoon,,,,,,
2026-08-01T02:57:03.478798+00:00,20260801-025703,https://trends24.in/indonesia/,Fri Jul 31 2026 13:09:37 GMT+0000 (Coordinated Universal Time),9,BGN Bersih Bersih,bgn bersih bersih,,,,,,
2026-08-01T02:57:03.478798+00:00,20260801-025703,https://trends24.in/indonesia/,Fri Jul 31 2026 13:09:37 GMT+0000 (Coordinated Universal Time),10,ADAAP HAPPY LANDING,adaap happy landing,,,,,,
2026-08-01T02:57:03.478798+00:00,20260801-025703,https://trends24.in/indonesia/,Fri Jul 31 2026 13:09:37 GMT+0000 (Coordinated Universal Time),11,PPP FAMILY SPIDER MAN,ppp family spider man,,,,,,
2026-08-01T02:57:03.478798+00:00,20260801-025703,https://trends24.in/indonesia/,Fri Jul 31 2026 13:09:37 GMT+0000 (Coordinated Universal Time),12,Shayne Pattynama,shayne pattynama,,,,,,
2026-08-01T02:57:03.478798+00:00,20260801-025703,https://trends24.in/indonesia/,Fri Jul 31 2026 13:09:37 GMT+0000 (Coordinated Universal Time),13,Lawan 10,lawan 10,,,,,,
2026-08-01T02:57:03.478798+00:00,20260801-025703,https://trends24.in/indonesia/,Fri Jul 31 2026 13:09:37 GMT+0000 (Coordinated Universal Time),14,KETOPRAK UNTUK DAVINA,ketoprak untuk davina,,,,,,
2026-08-01T02:57:03.478798+00:00,20260801-025703,https://trends24.in/indonesia/,Fri Jul 31 2026 13:09:37 GMT+0000 (Coordinated Universal Time),15,LYKNxLYKYOU BOOK FAIR,lyknxlykyou book fair,,,,,,
2026-08-01T02:57:03.478798+00:00,20260801-025703,https://trends24.in/indonesia/,Fri Jul 31 2026 13:09:37 GMT+0000 (Coordinated Universal Time),16,yao guang,yao guang,,,,,,
2026-08-01T02:57:03.478798+00:00,20260801-025703,https://trends24.in/indonesia/,Fri Jul 31 2026 13:09:37 GMT+0000 (Coordinated Universal Time),17,Komisi III,komisi iii,,,,,,
2026-08-01T02:57:03.478798+00:00,20260801-025703,https://trends24.in/indonesia/,Fri Jul 31 2026 13:09:37 GMT+0000 (Coordinated Universal Time),18,Komjak,komjak,,,,,,
2026-08-01T02:57:03.478798+00:00,20260801-025703,https://trends24.in/indonesia/,Fri Jul 31 2026 13:09:37 GMT+0000 (Coordinated Universal Time),19,Tsaritsa,tsaritsa,,,,,,
2026-08-01T02:57:03.478798+00:00,20260801-025703,https://trends24.in/indonesia/,Fri Jul 31 2026 13:09:37 GMT+0000 (Coordinated Universal Time),20,Geypens,geypens,,,,,,
2026-08-01T02:57:03.478798+00:00,20260801-025703,https://trends24.in/indonesia/,Fri Jul 31 2026 13:09:37 GMT+0000 (Coordinated Universal Time),21,Dony Tri,dony tri,,,,,,
2026-08-01T02:57:03.478798+00:00,20260801-025703,https://trends24.in/indonesia/,Fri Jul 31 2026 13:09:37 GMT+0000 (Coordinated Universal Time),22,Richeh,richeh,,,,,,
2026-08-01T02:57:03.478798+00:00,20260801-025703,https://trends24.in/indonesia/,Fri Jul 31 2026 13:09:37 GMT+0000 (Coordinated Universal Time),23,Franco Baresi,franco baresi,,,,,,
2026-08-01T02:57:03.478798+00:00,20260801-025703,https://trends24.in/indonesia/,Fri Jul 31 2026 13:09:37 GMT+0000 (Coordinated Universal Time),24,Snezhnaya,snezhnaya,,,,,,
2026-08-01T02:57:03.478798+00:00,20260801-025703,https://trends24.in/indonesia/,Fri Jul 31 2026 13:09:37 GMT+0000 (Coordinated Universal Time),25,Megumi,megumi,,,,,,
2026-08-01T02:57:03.478798+00:00,20260801-025703,https://trends24.in/indonesia/,Fri Jul 31 2026 13:09:37 GMT+0000 (Coordinated Universal Time),26,Babak,babak,,,,,,
2026-08-01T02:57:03.478798+00:00,20260801-025703,https://trends24.in/indonesia/,Fri Jul 31 2026 13:09:37 GMT+0000 (Coordinated Universal Time),27,Mitch Baker,mitch baker,,,,,,
2026-08-01T02:57:03.478798+00:00,20260801-025703,https://trends24.in/indonesia/,Fri Jul 31 2026 13:09:37 GMT+0000 (Coordinated Universal Time),28,ART HAS NO ALIENS,art has no aliens,,,,,,
2026-08-01T02:57:03.478798+00:00,20260801-025703,https://trends24.in/indonesia/,Fri Jul 31 2026 13:09:37 GMT+0000 (Coordinated Universal Time),29,Teyvat,teyvat,,,,,,
2026-08-01T02:57:03.478798+00:00,20260801-025703,https://trends24.in/indonesia/,Fri Jul 31 2026 13:09:37 GMT+0000 (Coordinated Universal Time),30,Kemenag,kemenag,,,,,,
2026-08-01T02:57:03.478798+00:00,20260801-025703,https://trends24.in/indonesia/,Fri Jul 31 2026 13:09:37 GMT+0000 (Coordinated Universal Time),31,RIP Legend,rip legend,,,,,,
2026-08-01T02:57:03.478798+00:00,20260801-025703,https://trends24.in/indonesia/,Fri Jul 31 2026 13:09:37 GMT+0000 (Coordinated Universal Time),32,Bijak,bijak,,,,,,
2026-08-01T02:57:03.478798+00:00,20260801-025703,https://trends24.in/indonesia/,Fri Jul 31 2026 13:09:37 GMT+0000 (Coordinated Universal Time),33,GET ON THE ANGKOT,get on the angkot,,,,,,
2026-08-01T02:57:03.478798+00:00,20260801-025703,https://trends24.in/indonesia/,Fri Jul 31 2026 13:09:37 GMT+0000 (Coordinated Universal Time),34,celana,celana,,,,,,
2026-08-01T02:57:03.478798+00:00,20260801-025703,https://trends24.in/indonesia/,Fri Jul 31 2026 13:09:37 GMT+0000 (Coordinated Universal Time),35,Desa,desa,,,,,,
2026-08-01T02:57:03.478798+00:00,20260801-025703,https://trends24.in/indonesia/,Fri Jul 31 2026 13:09:37 GMT+0000 (Coordinated Universal Time),36,Maroko,maroko,,,,,,
2026-08-01T02:57:03.478798+00:00,20260801-025703,https://trends24.in/indonesia/,Fri Jul 31 2026 13:09:37 GMT+0000 (Coordinated Universal Time),37,Seonghyeon,seonghyeon,,,,,,
2026-08-01T02:57:03.478798+00:00,20260801-025703,https://trends24.in/indonesia/,Fri Jul 31 2026 13:09:37 GMT+0000 (Coordinated Universal Time),38,Tentara Nasional Indonesia,tentara nasional indonesia,,,,,,
2026-08-01T02:57:03.478798+00:00,20260801-025703,https://trends24.in/indonesia/,Fri Jul 31 2026 13:09:37 GMT+0000 (Coordinated Universal Time),39,Gus Yaqut,gus yaqut,,,,,,
2026-08-01T02:57:03.478798+00:00,20260801-025703,https://trends24.in/indonesia/,Fri Jul 31 2026 13:09:37 GMT+0000 (Coordinated Universal Time),40,No Na,no na,,,,,,
2026-08-01T02:57:03.478798+00:00,20260801-025703,https://trends24.in/indonesia/,Fri Jul 31 2026 13:09:37 GMT+0000 (Coordinated Universal Time),41,Ceuta,ceuta,,,,,,
2026-08-01T02:57:03.478798+00:00,20260801-025703,https://trends24.in/indonesia/,Fri Jul 31 2026 13:09:37 GMT+0000 (Coordinated Universal Time),42,AC Milan,ac milan,,,,,,
2026-08-01T02:57:03.478798+00:00,20260801-025703,https://trends24.in/indonesia/,Fri Jul 31 2026 13:09:37 GMT+0000 (Coordinated Universal Time),43,Pakuwon,pakuwon,,,,,,
2026-08-01T02:57:03.478798+00:00,20260801-025703,https://trends24.in/indonesia/,Fri Jul 31 2026 13:09:37 GMT+0000 (Coordinated Universal Time),44,Putusan MK,putusan mk,,,,,,
2026-08-01T02:57:03.478798+00:00,20260801-025703,https://trends24.in/indonesia/,Fri Jul 31 2026 13:09:37 GMT+0000 (Coordinated Universal Time),45,Program MBG,program mbg,,,,,,
2026-08-01T02:57:03.478798+00:00,20260801-025703,https://trends24.in/indonesia/,Fri Jul 31 2026 13:09:37 GMT+0000 (Coordinated Universal Time),46,Jambu,jambu,,,,,,
2026-08-01T02:57:03.478798+00:00,20260801-025703,https://trends24.in/indonesia/,Fri Jul 31 2026 13:09:37 GMT+0000 (Coordinated Universal Time),47,#GenshinImpact,genshinimpact,,,,,,
2026-08-01T02:57:03.478798+00:00,20260801-025703,https://trends24.in/indonesia/,Fri Jul 31 2026 13:09:37 GMT+0000 (Coordinated Universal Time),48,#PromoTerbaikGreenSM,promoterbaikgreensm,,,,,,
2026-08-01T02:57:03.478798+00:00,20260801-025703,https://trends24.in/indonesia/,Fri Jul 31 2026 13:09:37 GMT+0000 (Coordinated Universal Time),49,#BlueDragonSeriesAwards2026,bluedragonseriesawards2026,,,,,,
2026-08-01T02:57:03.478798+00:00,20260801-025703,https://trends24.in/indonesia/,Fri Jul 31 2026 13:09:37 GMT+0000 (Coordinated Universal Time),50,#TimnasDay,timnasday,,,,,,
2026-08-01T02:57:03.478798+00:00,20260801-025703,https://trends24.in/indonesia/,Fri Jul 31 2026 12:18:36 GMT+0000 (Coordinated Universal Time),1,#DukungUMKM,dukungumkm,,,,,,
2026-08-01T02:57:03.478798+00:00,20260801-025703,https://trends24.in/indonesia/,Fri Jul 31 2026 12:18:36 GMT+0000 (Coordinated Universal Time),2,Produk Lokal Indonesia,produk lokal indonesia,,,,,,
2026-08-01T02:57:03.478798+00:00,20260801-025703,https://trends24.in/indonesia/,Fri Jul 31 2026 12:18:36 GMT+0000 (Coordinated Universal Time),3,Timor Leste,timor leste,,,,,,
2026-08-01T02:57:03.478798+00:00,20260801-025703,https://trends24.in/indonesia/,Fri Jul 31 2026 12:18:36 GMT+0000 (Coordinated Universal Time),4,Thom Haye,thom haye,,,,,,
2026-08-01T02:57:03.478798+00:00,20260801-025703,https://trends24.in/indonesia/,Fri Jul 31 2026 12:18:36 GMT+0000 (Coordinated Universal Time),5,#MBGTetapKonstitusional,mbgtetapkonstitusional,,,,,,
2026-08-01T02:57:03.478798+00:00,20260801-025703,https://trends24.in/indonesia/,Fri Jul 31 2026 12:18:36 GMT+0000 (Coordinated Universal Time),6,#SFxPondPhuwinPermpoon,sfxpondphuwinpermpoon,,,,,,
2026-08-01T02:57:03.478798+00:00,20260801-025703,https://trends24.in/indonesia/,Fri Jul 31 2026 12:18:36 GMT+0000 (Coordinated Universal Time),7,#GenshinSpecialProgram,genshinspecialprogram,,,,,,
2026-08-01T02:57:03.478798+00:00,20260801-025703,https://trends24.in/indonesia/,Fri Jul 31 2026 12:18:36 GMT+0000 (Coordinated Universal Time),8,PPP FAMILY SPIDER MAN,ppp family spider man,,,,,,
2026-08-01T02:57:03.478798+00:00,20260801-025703,https://trends24.in/indonesia/,Fri Jul 31 2026 12:18:36 GMT+0000 (Coordinated Universal Time),9,#PromoTerbaikGreenSM,promoterbaikgreensm,,,,,,
2026-08-01T02:57:03.478798+00:00,20260801-025703,https://trends24.in/indonesia/,Fri Jul 31 2026 12:18:36 GMT+0000 (Coordinated Universal Time),10,BGN Bersih Bersih,bgn bersih bersih,,,,,,
2026-08-01T02:57:03.478798+00:00,20260801-025703,https://trends24.in/indonesia/,Fri Jul 31 2026 12:18:36 GMT+0000 (Coordinated Universal Time),11,ADAAP HAPPY LANDING,adaap happy landing,,,,,,
2026-08-01T02:57:03.478798+00:00,20260801-025703,https://trends24.in/indonesia/,Fri Jul 31 2026 12:18:36 GMT+0000 (Coordinated Universal Time),12,Shayne Pattynama,shayne pattynama,,,,,,
2026-08-01T02:57:03.478798+00:00,20260801-025703,https://trends24.in/indonesia/,Fri Jul 31 2026 12:18:36 GMT+0000 (Coordinated Universal Time),13,Lawan 10,lawan 10,,,,,,
2026-08-01T02:57:03.478798+00:00,20260801-025703,https://trends24.in/indonesia/,Fri Jul 31 2026 12:18:36 GMT+0000 (Coordinated Universal Time),14,LYKNxLYKYOU BOOK FAIR,lyknxlykyou book fair,,,,,,
2026-08-01T02:57:03.478798+00:00,20260801-025703,https://trends24.in/indonesia/,Fri Jul 31 2026 12:18:36 GMT+0000 (Coordinated Universal Time),15,Komisi III,komisi iii,,,,,,
2026-08-01T02:57:03.478798+00:00,20260801-025703,https://trends24.in/indonesia/,Fri Jul 31 2026 12:18:36 GMT+0000 (Coordinated Universal Time),16,Geypens,geypens,,,,,,
2026-08-01T02:57:03.478798+00:00,20260801-025703,https://trends24.in/indonesia/,Fri Jul 31 2026 12:18:36 GMT+0000 (Coordinated Universal Time),17,Komjak,komjak,,,,,,
2026-08-01T02:57:03.478798+00:00,20260801-025703,https://trends24.in/indonesia/,Fri Jul 31 2026 12:18:36 GMT+0000 (Coordinated Universal Time),18,Franco Baresi,franco baresi,,,,,,
2026-08-01T02:57:03.478798+00:00,20260801-025703,https://trends24.in/indonesia/,Fri Jul 31 2026 12:18:36 GMT+0000 (Coordinated Universal Time),19,Babak,babak,,,,,,
2026-08-01T02:57:03.478798+00:00,20260801-025703,https://trends24.in/indonesia/,Fri Jul 31 2026 12:18:36 GMT+0000 (Coordinated Universal Time),20,Teyvat,teyvat,,,,,,
2026-08-01T02:57:03.478798+00:00,20260801-025703,https://trends24.in/indonesia/,Fri Jul 31 2026 12:18:36 GMT+0000 (Coordinated Universal Time),21,Mitch Baker,mitch baker,,,,,,
2026-08-01T02:57:03.478798+00:00,20260801-025703,https://trends24.in/indonesia/,Fri Jul 31 2026 12:18:36 GMT+0000 (Coordinated Universal Time),22,Kemenag,kemenag,,,,,,
2026-08-01T02:57:03.478798+00:00,20260801-025703,https://trends24.in/indonesia/,Fri Jul 31 2026 12:18:36 GMT+0000 (Coordinated Universal Time),23,ART HAS NO ALIENS,art has no aliens,,,,,,
2026-08-01T02:57:03.478798+00:00,20260801-025703,https://trends24.in/indonesia/,Fri Jul 31 2026 12:18:36 GMT+0000 (Coordinated Universal Time),24,GET ON THE ANGKOT,get on the angkot,,,,,,
2026-08-01T02:57:03.478798+00:00,20260801-025703,https://trends24.in/indonesia/,Fri Jul 31 2026 12:18:36 GMT+0000 (Coordinated Universal Time),25,Polda Riau,polda riau,,,,,,
2026-08-01T02:57:03.478798+00:00,20260801-025703,https://trends24.in/indonesia/,Fri Jul 31 2026 12:18:36 GMT+0000 (Coordinated Universal Time),26,Bijak,bijak,,,,,,
2026-08-01T02:57:03.478798+00:00,20260801-025703,https://trends24.in/indonesia/,Fri Jul 31 2026 12:18:36 GMT+0000 (Coordinated Universal Time),27,RIP Legend,rip legend,,,,,,
2026-08-01T02:57:03.478798+00:00,20260801-025703,https://trends24.in/indonesia/,Fri Jul 31 2026 12:18:36 GMT+0000 (Coordinated Universal Time),28,Celana,celana,,,,,,
2026-08-01T02:57:03.478798+00:00,20260801-025703,https://trends24.in/indonesia/,Fri Jul 31 2026 12:18:36 GMT+0000 (Coordinated Universal Time),29,Maroko,maroko,,,,,,
2026-08-01T02:57:03.478798+00:00,20260801-025703,https://trends24.in/indonesia/,Fri Jul 31 2026 12:18:36 GMT+0000 (Coordinated Universal Time),30,Gus Yaqut,gus yaqut,,,,,,
2026-08-01T02:57:03.478798+00:00,20260801-025703,https://trends24.in/indonesia/,Fri Jul 31 2026 12:18:36 GMT+0000 (Coordinated Universal Time),31,NKRI,nkri,,,,,,
2026-08-01T02:57:03.478798+00:00,20260801-025703,https://trends24.in/indonesia/,Fri Jul 31 2026 12:18:36 GMT+0000 (Coordinated Universal Time),32,No Na,no na,,,,,,
2026-08-01T02:57:03.478798+00:00,20260801-025703,https://trends24.in/indonesia/,Fri Jul 31 2026 12:18:36 GMT+0000 (Coordinated Universal Time),33,Desa,desa,,,,,,
2026-08-01T02:57:03.478798+00:00,20260801-025703,https://trends24.in/indonesia/,Fri Jul 31 2026 12:18:36 GMT+0000 (Coordinated Universal Time),34,Tentara Nasional Indonesia,tentara nasional indonesia,,,,,,
2026-08-01T02:57:03.478798+00:00,20260801-025703,https://trends24.in/indonesia/,Fri Jul 31 2026 12:18:36 GMT+0000 (Coordinated Universal Time),35,AC Milan,ac milan,,,,,,
2026-08-01T02:57:03.478798+00:00,20260801-025703,https://trends24.in/indonesia/,Fri Jul 31 2026 12:18:36 GMT+0000 (Coordinated Universal Time),36,Ceuta,ceuta,,,,,,
2026-08-01T02:57:03.478798+00:00,20260801-025703,https://trends24.in/indonesia/,Fri Jul 31 2026 12:18:36 GMT+0000 (Coordinated Universal Time),37,ariana,ariana,,,,,,
2026-08-01T02:57:03.478798+00:00,20260801-025703,https://trends24.in/indonesia/,Fri Jul 31 2026 12:18:36 GMT+0000 (Coordinated Universal Time),38,Program MBG,program mbg,,,,,,
2026-08-01T02:57:03.478798+00:00,20260801-025703,https://trends24.in/indonesia/,Fri Jul 31 2026 12:18:36 GMT+0000 (Coordinated Universal Time),39,Putusan MK,putusan mk,,,,,,
2026-08-01T02:57:03.478798+00:00,20260801-025703,https://trends24.in/indonesia/,Fri Jul 31 2026 12:18:36 GMT+0000 (Coordinated Universal Time),40,PSSI,pssi,,,,,,
2026-08-01T02:57:03.478798+00:00,20260801-025703,https://trends24.in/indonesia/,Fri Jul 31 2026 12:18:36 GMT+0000 (Coordinated Universal Time),41,pakuwon,pakuwon,,,,,,
2026-08-01T02:57:03.478798+00:00,20260801-025703,https://trends24.in/indonesia/,Fri Jul 31 2026 12:18:36 GMT+0000 (Coordinated Universal Time),42,Jambu,jambu,,,,,,
2026-08-01T02:57:03.478798+00:00,20260801-025703,https://trends24.in/indonesia/,Fri Jul 31 2026 12:18:36 GMT+0000 (Coordinated Universal Time),43,#TimnasDay,timnasday,,,,,,
2026-08-01T02:57:03.478798+00:00,20260801-025703,https://trends24.in/indonesia/,Fri Jul 31 2026 12:18:36 GMT+0000 (Coordinated Universal Time),44,#GenshinImpact,genshinimpact,,,,,,
2026-08-01T02:57:03.478798+00:00,20260801-025703,https://trends24.in/indonesia/,Fri Jul 31 2026 12:18:36 GMT+0000 (Coordinated Universal Time),45,#BlueDragonSeriesAwards2026,bluedragonseriesawards2026,,,,,,
2026-08-01T02:57:03.478798+00:00,20260801-025703,https://trends24.in/indonesia/,Fri Jul 31 2026 12:18:36 GMT+0000 (Coordinated Universal Time),46,#ADogAndAPlaneFinalEP,adogandaplanefinalep,,,,,,
2026-08-01T02:57:03.478798+00:00,20260801-025703,https://trends24.in/indonesia/,Fri Jul 31 2026 12:18:36 GMT+0000 (Coordinated Universal Time),47,#GoYounJung,goyounjung,,,,,,
2026-08-01T02:57:03.478798+00:00,20260801-025703,https://trends24.in/indonesia/,Fri Jul 31 2026 12:18:36 GMT+0000 (Coordinated Universal Time),48,#SeFurDen,sefurden,,,,,,
2026-08-01T02:57:03.478798+00:00,20260801-025703,https://trends24.in/indonesia/,Fri Jul 31 2026 12:18:36 GMT+0000 (Coordinated Universal Time),49,#ohming,ohming,,,,,,
2026-08-01T02:57:03.478798+00:00,20260801-025703,https://trends24.in/indonesia/,Fri Jul 31 2026 12:18:36 GMT+0000 (Coordinated Universal Time),50,#SumbakkokjilWithCORTIS,sumbakkokjilwithcortis,,,,,,
2026-08-01T02:57:03.478798+00:00,20260801-025703,https://trends24.in/indonesia/,Fri Jul 31 2026 11:27:36 GMT+0000 (Coordinated Universal Time),1,#DukungUMKM,dukungumkm,,,,,,
2026-08-01T02:57:03.478798+00:00,20260801-025703,https://trends24.in/indonesia/,Fri Jul 31 2026 11:27:36 GMT+0000 (Coordinated Universal Time),2,Produk Lokal Indonesia,produk lokal indonesia,,,,,,
2026-08-01T02:57:03.478798+00:00,20260801-025703,https://trends24.in/indonesia/,Fri Jul 31 2026 11:27:36 GMT+0000 (Coordinated Universal Time),3,#MBGTetapKonstitusional,mbgtetapkonstitusional,,,,,,
2026-08-01T02:57:03.478798+00:00,20260801-025703,https://trends24.in/indonesia/,Fri Jul 31 2026 11:27:36 GMT+0000 (Coordinated Universal Time),4,BGN Bersih Bersih,bgn bersih bersih,,,,,,
2026-08-01T02:57:03.478798+00:00,20260801-025703,https://trends24.in/indonesia/,Fri Jul 31 2026 11:27:36 GMT+0000 (Coordinated Universal Time),5,#PromoTerbaikGreenSM,promoterbaikgreensm,,,,,,
2026-08-01T02:57:03.478798+00:00,20260801-025703,https://trends24.in/indonesia/,Fri Jul 31 2026 11:27:36 GMT+0000 (Coordinated Universal Time),6,#GenshinSpecialProgram,genshinspecialprogram,,,,,,
2026-08-01T02:57:03.478798+00:00,20260801-025703,https://trends24.in/indonesia/,Fri Jul 31 2026 11:27:36 GMT+0000 (Coordinated Universal Time),7,#SFxPondPhuwinPermpoon,sfxpondphuwinpermpoon,,,,,,
2026-08-01T02:57:03.478798+00:00,20260801-025703,https://trends24.in/indonesia/,Fri Jul 31 2026 11:27:36 GMT+0000 (Coordinated Universal Time),8,PPP FAMILY SPIDER MAN,ppp family spider man,,,,,,
2026-08-01T02:57:03.478798+00:00,20260801-025703,https://trends24.in/indonesia/,Fri Jul 31 2026 11:27:36 GMT+0000 (Coordinated Universal Time),9,Timor Leste,timor leste,,,,,,
2026-08-01T02:57:03.478798+00:00,20260801-025703,https://trends24.in/indonesia/,Fri Jul 31 2026 11:27:36 GMT+0000 (Coordinated Universal Time),10,ADAAP HAPPY LANDING,adaap happy landing,,,,,,
2026-08-01T02:57:03.478798+00:00,20260801-025703,https://trends24.in/indonesia/,Fri Jul 31 2026 11:27:36 GMT+0000 (Coordinated Universal Time),11,LYKNxLYKYOU BOOK FAIR,lyknxlykyou book fair,,,,,,
2026-08-01T02:57:03.478798+00:00,20260801-025703,https://trends24.in/indonesia/,Fri Jul 31 2026 11:27:36 GMT+0000 (Coordinated Universal Time),12,Lawan 10,lawan 10,,,,,,
2026-08-01T02:57:03.478798+00:00,20260801-025703,https://trends24.in/indonesia/,Fri Jul 31 2026 11:27:36 GMT+0000 (Coordinated Universal Time),13,Perkuat Perkokoh Kesiapan,perkuat perkokoh kesiapan,,,,,,
2026-08-01T02:57:03.478798+00:00,20260801-025703,https://trends24.in/indonesia/,Fri Jul 31 2026 11:27:36 GMT+0000 (Coordinated Universal Time),14,Geypens,geypens,,,,,,
2026-08-01T02:57:03.478798+00:00,20260801-025703,https://trends24.in/indonesia/,Fri Jul 31 2026 11:27:36 GMT+0000 (Coordinated Universal Time),15,Franco Baresi,franco baresi,,,,,,
2026-08-01T02:57:03.478798+00:00,20260801-025703,https://trends24.in/indonesia/,Fri Jul 31 2026 11:27:36 GMT+0000 (Coordinated Universal Time),16,Kemenag,kemenag,,,,,,
2026-08-01T02:57:03.478798+00:00,20260801-025703,https://trends24.in/indonesia/,Fri Jul 31 2026 11:27:36 GMT+0000 (Coordinated Universal Time),17,Teyvat,teyvat,,,,,,
2026-08-01T02:57:03.478798+00:00,20260801-025703,https://trends24.in/indonesia/,Fri Jul 31 2026 11:27:36 GMT+0000 (Coordinated Universal Time),18,ART HAS NO ALIENS,art has no aliens,,,,,,
2026-08-01T02:57:03.478798+00:00,20260801-025703,https://trends24.in/indonesia/,Fri Jul 31 2026 11:27:36 GMT+0000 (Coordinated Universal Time),19,RIP Legend,rip legend,,,,,,
2026-08-01T02:57:03.478798+00:00,20260801-025703,https://trends24.in/indonesia/,Fri Jul 31 2026 11:27:36 GMT+0000 (Coordinated Universal Time),20,Polda Riau,polda riau,,,,,,
2026-08-01T02:57:03.478798+00:00,20260801-025703,https://trends24.in/indonesia/,Fri Jul 31 2026 11:27:36 GMT+0000 (Coordinated Universal Time),21,GET ON THE ANGKOT,get on the angkot,,,,,,
2026-08-01T02:57:03.478798+00:00,20260801-025703,https://trends24.in/indonesia/,Fri Jul 31 2026 11:27:36 GMT+0000 (Coordinated Universal Time),22,Gus Yaqut,gus yaqut,,,,,,
2026-08-01T02:57:03.478798+00:00,20260801-025703,https://trends24.in/indonesia/,Fri Jul 31 2026 11:27:36 GMT+0000 (Coordinated Universal Time),23,Bijak,bijak,,,,,,
2026-08-01T02:57:03.478798+00:00,20260801-025703,https://trends24.in/indonesia/,Fri Jul 31 2026 11:27:36 GMT+0000 (Coordinated Universal Time),24,No Na,no na,,,,,,
2026-08-01T02:57:03.478798+00:00,20260801-025703,https://trends24.in/indonesia/,Fri Jul 31 2026 11:27:36 GMT+0000 (Coordinated Universal Time),25,AC Milan,ac milan,,,,,,
2026-08-01T02:57:03.478798+00:00,20260801-025703,https://trends24.in/indonesia/,Fri Jul 31 2026 11:27:36 GMT+0000 (Coordinated Universal Time),26,NKRI,nkri,,,,,,
2026-08-01T02:57:03.478798+00:00,20260801-025703,https://trends24.in/indonesia/,Fri Jul 31 2026 11:27:36 GMT+0000 (Coordinated Universal Time),27,Mnet,mnet,,,,,,
2026-08-01T02:57:03.478798+00:00,20260801-025703,https://trends24.in/indonesia/,Fri Jul 31 2026 11:27:36 GMT+0000 (Coordinated Universal Time),28,Desa,desa,,,,,,
2026-08-01T02:57:03.478798+00:00,20260801-025703,https://trends24.in/indonesia/,Fri Jul 31 2026 11:27:36 GMT+0000 (Coordinated Universal Time),29,Tentara Nasional Indonesia,tentara nasional indonesia,,,,,,
2026-08-01T02:57:03.478798+00:00,20260801-025703,https://trends24.in/indonesia/,Fri Jul 31 2026 11:27:36 GMT+0000 (Coordinated Universal Time),30,Ceuta,ceuta,,,,,,
2026-08-01T02:57:03.478798+00:00,20260801-025703,https://trends24.in/indonesia/,Fri Jul 31 2026 11:27:36 GMT+0000 (Coordinated Universal Time),31,Kementerian Pertahanan,kementerian pertahanan,,,,,,
2026-08-01T02:57:03.478798+00:00,20260801-025703,https://trends24.in/indonesia/,Fri Jul 31 2026 11:27:36 GMT+0000 (Coordinated Universal Time),32,Maroko,maroko,,,,,,
2026-08-01T02:57:03.478798+00:00,20260801-025703,https://trends24.in/indonesia/,Fri Jul 31 2026 11:27:36 GMT+0000 (Coordinated Universal Time),33,ariana,ariana,,,,,,
2026-08-01T02:57:03.478798+00:00,20260801-025703,https://trends24.in/indonesia/,Fri Jul 31 2026 11:27:36 GMT+0000 (Coordinated Universal Time),34,Program MBG,program mbg,,,,,,
2026-08-01T02:57:03.478798+00:00,20260801-025703,https://trends24.in/indonesia/,Fri Jul 31 2026 11:27:36 GMT+0000 (Coordinated Universal Time),35,Pakuwon,pakuwon,,,,,,
2026-08-01T02:57:03.478798+00:00,20260801-025703,https://trends24.in/indonesia/,Fri Jul 31 2026 11:27:36 GMT+0000 (Coordinated Universal Time),36,Putusan MK,putusan mk,,,,,,
2026-08-01T02:57:03.478798+00:00,20260801-025703,https://trends24.in/indonesia/,Fri Jul 31 2026 11:27:36 GMT+0000 (Coordinated Universal Time),37,Jumat Berkah,jumat berkah,,,,,,
2026-08-01T02:57:03.478798+00:00,20260801-025703,https://trends24.in/indonesia/,Fri Jul 31 2026 11:27:36 GMT+0000 (Coordinated Universal Time),38,Jumatan,jumatan,,,,,,
2026-08-01T02:57:03.478798+00:00,20260801-025703,https://trends24.in/indonesia/,Fri Jul 31 2026 11:27:36 GMT+0000 (Coordinated Universal Time),39,PSSI,pssi,,,,,,
2026-08-01T02:57:03.478798+00:00,20260801-025703,https://trends24.in/indonesia/,Fri Jul 31 2026 11:27:36 GMT+0000 (Coordinated Universal Time),40,OUR BRIGHTEST MILK PANSA,our brightest milk pansa,,,,,,
2026-08-01T02:57:03.478798+00:00,20260801-025703,https://trends24.in/indonesia/,Fri Jul 31 2026 11:27:36 GMT+0000 (Coordinated Universal Time),41,Jambu,jambu,,,,,,
2026-08-01T02:57:03.478798+00:00,20260801-025703,https://trends24.in/indonesia/,Fri Jul 31 2026 11:27:36 GMT+0000 (Coordinated Universal Time),42,#GenshinImpact,genshinimpact,,,,,,
2026-08-01T02:57:03.478798+00:00,20260801-025703,https://trends24.in/indonesia/,Fri Jul 31 2026 11:27:36 GMT+0000 (Coordinated Universal Time),43,#TimnasDay,timnasday,,,,,,
2026-08-01T02:57:03.478798+00:00,20260801-025703,https://trends24.in/indonesia/,Fri Jul 31 2026 11:27:36 GMT+0000 (Coordinated Universal Time),44,#ADogAndAPlaneFinalEP,adogandaplanefinalep,,,,,,
2026-08-01T02:57:03.478798+00:00,20260801-025703,https://trends24.in/indonesia/,Fri Jul 31 2026 11:27:36 GMT+0000 (Coordinated Universal Time),45,#BlueDragonSeriesAwards2026,bluedragonseriesawards2026,,,,,,
2026-08-01T02:57:03.478798+00:00,20260801-025703,https://trends24.in/indonesia/,Fri Jul 31 2026 11:27:36 GMT+0000 (Coordinated Universal Time),46,#SeFurDen,sefurden,,,,,,
2026-08-01T02:57:03.478798+00:00,20260801-025703,https://trends24.in/indonesia/,Fri Jul 31 2026 11:27:36 GMT+0000 (Coordinated Universal Time),47,#SumbakkokjilWithCORTIS,sumbakkokjilwithcortis,,,,,,
2026-08-01T02:57:03.478798+00:00,20260801-025703,https://trends24.in/indonesia/,Fri Jul 31 2026 11:27:36 GMT+0000 (Coordinated Universal Time),48,#DuniaAI,duniaai,,,,,,
2026-08-01T02:57:03.478798+00:00,20260801-025703,https://trends24.in/indonesia/,Fri Jul 31 2026 11:27:36 GMT+0000 (Coordinated Universal Time),49,#ohming,ohming,,,,,,
2026-08-01T02:57:03.478798+00:00,20260801-025703,https://trends24.in/indonesia/,Fri Jul 31 2026 11:27:36 GMT+0000 (Coordinated Universal Time),50,#ì¨ë°ê¼­ì§2_ì½ë¥´í°ì¤,ì¨ë°ê¼­ì§2_ì½ë¥´í°ì¤,,,,,,
2026-08-01T02:57:03.478798+00:00,20260801-025703,https://trends24.in/indonesia/,Fri Jul 31 2026 10:33:42 GMT+0000 (Coordinated Universal Time),1,#DukungUMKM,dukungumkm,,,,,,
2026-08-01T02:57:03.478798+00:00,20260801-025703,https://trends24.in/indonesia/,Fri Jul 31 2026 10:33:42 GMT+0000 (Coordinated Universal Time),2,Produk Lokal Indonesia,produk lokal indonesia,,,,,,
2026-08-01T02:57:03.478798+00:00,20260801-025703,https://trends24.in/indonesia/,Fri Jul 31 2026 10:33:42 GMT+0000 (Coordinated Universal Time),3,#PromoTerbaikGreenSM,promoterbaikgreensm,,,,,,
2026-08-01T02:57:03.478798+00:00,20260801-025703,https://trends24.in/indonesia/,Fri Jul 31 2026 10:33:42 GMT+0000 (Coordinated Universal Time),4,#MBGTetapKonstitusional,mbgtetapkonstitusional,,,,,,
2026-08-01T02:57:03.478798+00:00,20260801-025703,https://trends24.in/indonesia/,Fri Jul 31 2026 10:33:42 GMT+0000 (Coordinated Universal Time),5,BGN Bersih Bersih,bgn bersih bersih,,,,,,
2026-08-01T02:57:03.478798+00:00,20260801-025703,https://trends24.in/indonesia/,Fri Jul 31 2026 10:33:42 GMT+0000 (Coordinated Universal Time),6,#GenshinSpecialProgram,genshinspecialprogram,,,,,,
2026-08-01T02:57:03.478798+00:00,20260801-025703,https://trends24.in/indonesia/,Fri Jul 31 2026 10:33:42 GMT+0000 (Coordinated Universal Time),7,Perkuat Perkokoh Kesiapan,perkuat perkokoh kesiapan,,,,,,
2026-08-01T02:57:03.478798+00:00,20260801-025703,https://trends24.in/indonesia/,Fri Jul 31 2026 10:33:42 GMT+0000 (Coordinated Universal Time),8,#SumbakkokjilWithCORTIS,sumbakkokjilwithcortis,,,,,,
2026-08-01T02:57:03.478798+00:00,20260801-025703,https://trends24.in/indonesia/,Fri Jul 31 2026 10:33:42 GMT+0000 (Coordinated Universal Time),9,Timor Leste,timor leste,,,,,,
2026-08-01T02:57:03.478798+00:00,20260801-025703,https://trends24.in/indonesia/,Fri Jul 31 2026 10:33:42 GMT+0000 (Coordinated Universal Time),10,LYKNxLYKYOU BOOK FAIR,lyknxlykyou book fair,,,,,,
2026-08-01T02:57:03.478798+00:00,20260801-025703,https://trends24.in/indonesia/,Fri Jul 31 2026 10:33:42 GMT+0000 (Coordinated Universal Time),11,ADAAP HAPPY LANDING,adaap happy landing,,,,,,
2026-08-01T02:57:03.478798+00:00,20260801-025703,https://trends24.in/indonesia/,Fri Jul 31 2026 10:33:42 GMT+0000 (Coordinated Universal Time),12,Kemenag,kemenag,,,,,,
2026-08-01T02:57:03.478798+00:00,20260801-025703,https://trends24.in/indonesia/,Fri Jul 31 2026 10:33:42 GMT+0000 (Coordinated Universal Time),13,Franco Baresi,franco baresi,,,,,,
2026-08-01T02:57:03.478798+00:00,20260801-025703,https://trends24.in/indonesia/,Fri Jul 31 2026 10:33:42 GMT+0000 (Coordinated Universal Time),14,Teyvat,teyvat,,,,,,
2026-08-01T02:57:03.478798+00:00,20260801-025703,https://trends24.in/indonesia/,Fri Jul 31 2026 10:33:42 GMT+0000 (Coordinated Universal Time),15,Gus Yaqut,gus yaqut,,,,,,
2026-08-01T02:57:03.478798+00:00,20260801-025703,https://trends24.in/indonesia/,Fri Jul 31 2026 10:33:42 GMT+0000 (Coordinated Universal Time),16,ART HAS NO ALIENS,art has no aliens,,,,,,
2026-08-01T02:57:03.478798+00:00,20260801-025703,https://trends24.in/indonesia/,Fri Jul 31 2026 10:33:42 GMT+0000 (Coordinated Universal Time),17,AC Milan,ac milan,,,,,,
2026-08-01T02:57:03.478798+00:00,20260801-025703,https://trends24.in/indonesia/,Fri Jul 31 2026 10:33:42 GMT+0000 (Coordinated Universal Time),18,Tentara Nasional Indonesia,tentara nasional indonesia,,,,,,
2026-08-01T02:57:03.478798+00:00,20260801-025703,https://trends24.in/indonesia/,Fri Jul 31 2026 10:33:42 GMT+0000 (Coordinated Universal Time),19,Polda Riau,polda riau,,,,,,
2026-08-01T02:57:03.478798+00:00,20260801-025703,https://trends24.in/indonesia/,Fri Jul 31 2026 10:33:42 GMT+0000 (Coordinated Universal Time),20,AI Voice Transcription,ai voice transcription,,,,,,
2026-08-01T02:57:03.478798+00:00,20260801-025703,https://trends24.in/indonesia/,Fri Jul 31 2026 10:33:42 GMT+0000 (Coordinated Universal Time),21,RIP Legend,rip legend,,,,,,
2026-08-01T02:57:03.478798+00:00,20260801-025703,https://trends24.in/indonesia/,Fri Jul 31 2026 10:33:42 GMT+0000 (Coordinated Universal Time),22,Pak Budiman,pak budiman,,,,,,
2026-08-01T02:57:03.478798+00:00,20260801-025703,https://trends24.in/indonesia/,Fri Jul 31 2026 10:33:42 GMT+0000 (Coordinated Universal Time),23,Jumat,jumat,,,,,,
2026-08-01T02:57:03.478798+00:00,20260801-025703,https://trends24.in/indonesia/,Fri Jul 31 2026 10:33:42 GMT+0000 (Coordinated Universal Time),24,NKRI,nkri,,,,,,
2026-08-01T02:57:03.478798+00:00,20260801-025703,https://trends24.in/indonesia/,Fri Jul 31 2026 10:33:42 GMT+0000 (Coordinated Universal Time),25,Mnet,mnet,,,,,,
2026-08-01T02:57:03.478798+00:00,20260801-025703,https://trends24.in/indonesia/,Fri Jul 31 2026 10:33:42 GMT+0000 (Coordinated Universal Time),26,SUPER SUN POP UP AT SIAMCENTER,super sun pop up at siamcenter,,,,,,
2026-08-01T02:57:03.478798+00:00,20260801-025703,https://trends24.in/indonesia/,Fri Jul 31 2026 10:33:42 GMT+0000 (Coordinated Universal Time),27,No Na,no na,,,,,,
2026-08-01T02:57:03.478798+00:00,20260801-025703,https://trends24.in/indonesia/,Fri Jul 31 2026 10:33:42 GMT+0000 (Coordinated Universal Time),28,Kementerian Pertahanan,kementerian pertahanan,,,,,,
2026-08-01T02:57:03.478798+00:00,20260801-025703,https://trends24.in/indonesia/,Fri Jul 31 2026 10:33:42 GMT+0000 (Coordinated Universal Time),29,Maroko,maroko,,,,,,
2026-08-01T02:57:03.478798+00:00,20260801-025703,https://trends24.in/indonesia/,Fri Jul 31 2026 10:33:42 GMT+0000 (Coordinated Universal Time),30,ariana,ariana,,,,,,
2026-08-01T02:57:03.478798+00:00,20260801-025703,https://trends24.in/indonesia/,Fri Jul 31 2026 10:33:42 GMT+0000 (Coordinated Universal Time),31,GET ON THE ANGKOT,get on the angkot,,,,,,
2026-08-01T02:57:03.478798+00:00,20260801-025703,https://trends24.in/indonesia/,Fri Jul 31 2026 10:33:42 GMT+0000 (Coordinated Universal Time),32,Ceuta,ceuta,,,,,,
2026-08-01T02:57:03.478798+00:00,20260801-025703,https://trends24.in/indonesia/,Fri Jul 31 2026 10:33:42 GMT+0000 (Coordinated Universal Time),33,Program MBG,program mbg,,,,,,
2026-08-01T02:57:03.478798+00:00,20260801-025703,https://trends24.in/indonesia/,Fri Jul 31 2026 10:33:42 GMT+0000 (Coordinated Universal Time),34,Shibal,shibal,,,,,,
2026-08-01T02:57:03.478798+00:00,20260801-025703,https://trends24.in/indonesia/,Fri Jul 31 2026 10:33:42 GMT+0000 (Coordinated Universal Time),35,PSSI,pssi,,,,,,
2026-08-01T02:57:03.478798+00:00,20260801-025703,https://trends24.in/indonesia/,Fri Jul 31 2026 10:33:42 GMT+0000 (Coordinated Universal Time),36,OUR BRIGHTEST MILK PANSA,our brightest milk pansa,,,,,,
2026-08-01T02:57:03.478798+00:00,20260801-025703,https://trends24.in/indonesia/,Fri Jul 31 2026 10:33:42 GMT+0000 (Coordinated Universal Time),37,Jambu,jambu,,,,,,
2026-08-01T02:57:03.478798+00:00,20260801-025703,https://trends24.in/indonesia/,Fri Jul 31 2026 10:33:42 GMT+0000 (Coordinated Universal Time),38,Pakuwon,pakuwon,,,,,,
2026-08-01T02:57:03.478798+00:00,20260801-025703,https://trends24.in/indonesia/,Fri Jul 31 2026 10:33:42 GMT+0000 (Coordinated Universal Time),39,Infantino,infantino,,,,,,
2026-08-01T02:57:03.478798+00:00,20260801-025703,https://trends24.in/indonesia/,Fri Jul 31 2026 10:33:42 GMT+0000 (Coordinated Universal Time),40,Moonpay,moonpay,,,,,,
2026-08-01T02:57:03.478798+00:00,20260801-025703,https://trends24.in/indonesia/,Fri Jul 31 2026 10:33:42 GMT+0000 (Coordinated Universal Time),41,#ADogAndAPlaneFinalEP,adogandaplanefinalep,,,,,,
2026-08-01T02:57:03.478798+00:00,20260801-025703,https://trends24.in/indonesia/,Fri Jul 31 2026 10:33:42 GMT+0000 (Coordinated Universal Time),42,#GalaxyA27,galaxya27,,,,,,
2026-08-01T02:57:03.478798+00:00,20260801-025703,https://trends24.in/indonesia/,Fri Jul 31 2026 10:33:42 GMT+0000 (Coordinated Universal Time),43,#DuniaAI,duniaai,,,,,,
2026-08-01T02:57:03.478798+00:00,20260801-025703,https://trends24.in/indonesia/,Fri Jul 31 2026 10:33:42 GMT+0000 (Coordinated Universal Time),44,#GenshinImpact,genshinimpact,,,,,,
2026-08-01T02:57:03.478798+00:00,20260801-025703,https://trends24.in/indonesia/,Fri Jul 31 2026 10:33:42 GMT+0000 (Coordinated Universal Time),45,#SeFurDen,sefurden,,,,,,
2026-08-01T02:57:03.478798+00:00,20260801-025703,https://trends24.in/indonesia/,Fri Jul 31 2026 10:33:42 GMT+0000 (Coordinated Universal Time),46,#BlueDragonSeriesAwards2026,bluedragonseriesawards2026,,,,,,
2026-08-01T02:57:03.478798+00:00,20260801-025703,https://trends24.in/indonesia/,Fri Jul 31 2026 10:33:42 GMT+0000 (Coordinated Universal Time),47,#PromoAwesomeA27,promoawesomea27,,,,,,
2026-08-01T02:57:03.478798+00:00,20260801-025703,https://trends24.in/indonesia/,Fri Jul 31 2026 10:33:42 GMT+0000 (Coordinated Universal Time),48,#ì¨ë°ê¼­ì§2_ì½ë¥´í°ì¤,ì¨ë°ê¼­ì§2_ì½ë¥´í°ì¤,,,,,,
2026-08-01T02:57:03.478798+00:00,20260801-025703,https://trends24.in/indonesia/,Fri Jul 31 2026 10:33:42 GMT+0000 (Coordinated Universal Time),49,#JadiAwesome,jadiawesome,,,,,,
2026-08-01T02:57:03.478798+00:00,20260801-025703,https://trends24.in/indonesia/,Fri Jul 31 2026 10:33:42 GMT+0000 (Coordinated Universal Time),50,#ohming,ohming,,,,,,
2026-08-01T02:57:03.478798+00:00,20260801-025703,https://trends24.in/indonesia/,Fri Jul 31 2026 09:42:33 GMT+0000 (Coordinated Universal Time),1,#DukungUMKM,dukungumkm,,,,,,
2026-08-01T02:57:03.478798+00:00,20260801-025703,https://trends24.in/indonesia/,Fri Jul 31 2026 09:42:33 GMT+0000 (Coordinated Universal Time),2,Produk Lokal Indonesia,produk lokal indonesia,,,,,,
2026-08-01T02:57:03.478798+00:00,20260801-025703,https://trends24.in/indonesia/,Fri Jul 31 2026 09:42:33 GMT+0000 (Coordinated Universal Time),3,#PromoTerbaikGreenSM,promoterbaikgreensm,,,,,,
2026-08-01T02:57:03.478798+00:00,20260801-025703,https://trends24.in/indonesia/,Fri Jul 31 2026 09:42:33 GMT+0000 (Coordinated Universal Time),4,Perkuat Perkokoh Kesiapan,perkuat perkokoh kesiapan,,,,,,
2026-08-01T02:57:03.478798+00:00,20260801-025703,https://trends24.in/indonesia/,Fri Jul 31 2026 09:42:33 GMT+0000 (Coordinated Universal Time),5,#SumbakkokjilWithCORTIS,sumbakkokjilwithcortis,,,,,,
2026-08-01T02:57:03.478798+00:00,20260801-025703,https://trends24.in/indonesia/,Fri Jul 31 2026 09:42:33 GMT+0000 (Coordinated Universal Time),6,#GalaxyA27,galaxya27,,,,,,
2026-08-01T02:57:03.478798+00:00,20260801-025703,https://trends24.in/indonesia/,Fri Jul 31 2026 09:42:33 GMT+0000 (Coordinated Universal Time),7,#DuniaAI,duniaai,,,,,,
2026-08-01T02:57:03.478798+00:00,20260801-025703,https://trends24.in/indonesia/,Fri Jul 31 2026 09:42:33 GMT+0000 (Coordinated Universal Time),8,Franco Baresi,franco baresi,,,,,,
2026-08-01T02:57:03.478798+00:00,20260801-025703,https://trends24.in/indonesia/,Fri Jul 31 2026 09:42:33 GMT+0000 (Coordinated Universal Time),9,Kemenag,kemenag,,,,,,
2026-08-01T02:57:03.478798+00:00,20260801-025703,https://trends24.in/indonesia/,Fri Jul 31 2026 09:42:33 GMT+0000 (Coordinated Universal Time),10,LYKNxLYKYOU BOOK FAIR,lyknxlykyou book fair,,,,,,
2026-08-01T02:57:03.478798+00:00,20260801-025703,https://trends24.in/indonesia/,Fri Jul 31 2026 09:42:33 GMT+0000 (Coordinated Universal Time),11,RIP Legend,rip legend,,,,,,
2026-08-01T02:57:03.478798+00:00,20260801-025703,https://trends24.in/indonesia/,Fri Jul 31 2026 09:42:33 GMT+0000 (Coordinated Universal Time),12,Teyvat,teyvat,,,,,,
2026-08-01T02:57:03.478798+00:00,20260801-025703,https://trends24.in/indonesia/,Fri Jul 31 2026 09:42:33 GMT+0000 (Coordinated Universal Time),13,AC Milan,ac milan,,,,,,
2026-08-01T02:57:03.478798+00:00,20260801-025703,https://trends24.in/indonesia/,Fri Jul 31 2026 09:42:33 GMT+0000 (Coordinated Universal Time),14,Gus Yaqut,gus yaqut,,,,,,
2026-08-01T02:57:03.478798+00:00,20260801-025703,https://trends24.in/indonesia/,Fri Jul 31 2026 09:42:33 GMT+0000 (Coordinated Universal Time),15,Tentara Nasional Indonesia,tentara nasional indonesia,,,,,,
2026-08-01T02:57:03.478798+00:00,20260801-025703,https://trends24.in/indonesia/,Fri Jul 31 2026 09:42:33 GMT+0000 (Coordinated Universal Time),16,Timor Leste,timor leste,,,,,,
2026-08-01T02:57:03.478798+00:00,20260801-025703,https://trends24.in/indonesia/,Fri Jul 31 2026 09:42:33 GMT+0000 (Coordinated Universal Time),17,AI Voice Transcription,ai voice transcription,,,,,,
2026-08-01T02:57:03.478798+00:00,20260801-025703,https://trends24.in/indonesia/,Fri Jul 31 2026 09:42:33 GMT+0000 (Coordinated Universal Time),18,Pak Budiman,pak budiman,,,,,,
2026-08-01T02:57:03.478798+00:00,20260801-025703,https://trends24.in/indonesia/,Fri Jul 31 2026 09:42:33 GMT+0000 (Coordinated Universal Time),19,NKRI,nkri,,,,,,
2026-08-01T02:57:03.478798+00:00,20260801-025703,https://trends24.in/indonesia/,Fri Jul 31 2026 09:42:33 GMT+0000 (Coordinated Universal Time),20,Mnet,mnet,,,,,,
2026-08-01T02:57:03.478798+00:00,20260801-025703,https://trends24.in/indonesia/,Fri Jul 31 2026 09:42:33 GMT+0000 (Coordinated Universal Time),21,SUPER SUN POP UP AT SIAMCENTER,super sun pop up at siamcenter,,,,,,
2026-08-01T02:57:03.478798+00:00,20260801-025703,https://trends24.in/indonesia/,Fri Jul 31 2026 09:42:33 GMT+0000 (Coordinated Universal Time),22,No Na,no na,,,,,,
2026-08-01T02:57:03.478798+00:00,20260801-025703,https://trends24.in/indonesia/,Fri Jul 31 2026 09:42:33 GMT+0000 (Coordinated Universal Time),23,Kementerian Pertahanan,kementerian pertahanan,,,,,,
2026-08-01T02:57:03.478798+00:00,20260801-025703,https://trends24.in/indonesia/,Fri Jul 31 2026 09:42:33 GMT+0000 (Coordinated Universal Time),24,Maroko,maroko,,,,,,
2026-08-01T02:57:03.478798+00:00,20260801-025703,https://trends24.in/indonesia/,Fri Jul 31 2026 09:42:33 GMT+0000 (Coordinated Universal Time),25,GET ON THE ANGKOT,get on the angkot,,,,,,
2026-08-01T02:57:03.478798+00:00,20260801-025703,https://trends24.in/indonesia/,Fri Jul 31 2026 09:42:33 GMT+0000 (Coordinated Universal Time),26,Ariana Grande,ariana grande,,,,,,
2026-08-01T02:57:03.478798+00:00,20260801-025703,https://trends24.in/indonesia/,Fri Jul 31 2026 09:42:33 GMT+0000 (Coordinated Universal Time),27,Ceuta,ceuta,,,,,,
2026-08-01T02:57:03.478798+00:00,20260801-025703,https://trends24.in/indonesia/,Fri Jul 31 2026 09:42:33 GMT+0000 (Coordinated Universal Time),28,Shibal,shibal,,,,,,
2026-08-01T02:57:03.478798+00:00,20260801-025703,https://trends24.in/indonesia/,Fri Jul 31 2026 09:42:33 GMT+0000 (Coordinated Universal Time),29,PSSI,pssi,,,,,,
2026-08-01T02:57:03.478798+00:00,20260801-025703,https://trends24.in/indonesia/,Fri Jul 31 2026 09:42:33 GMT+0000 (Coordinated Universal Time),30,Infantino,infantino,,,,,,
2026-08-01T02:57:03.478798+00:00,20260801-025703,https://trends24.in/indonesia/,Fri Jul 31 2026 09:42:33 GMT+0000 (Coordinated Universal Time),31,Moonpay,moonpay,,,,,,
2026-08-01T02:57:03.478798+00:00,20260801-025703,https://trends24.in/indonesia/,Fri Jul 31 2026 09:42:33 GMT+0000 (Coordinated Universal Time),32,Yuri,yuri,,,,,,
2026-08-01T02:57:03.478798+00:00,20260801-025703,https://trends24.in/indonesia/,Fri Jul 31 2026 09:42:33 GMT+0000 (Coordinated Universal Time),33,Pakuwon,pakuwon,,,,,,
2026-08-01T02:57:03.478798+00:00,20260801-025703,https://trends24.in/indonesia/,Fri Jul 31 2026 09:42:33 GMT+0000 (Coordinated Universal Time),34,Putusan MK,putusan mk,,,,,,
2026-08-01T02:57:03.478798+00:00,20260801-025703,https://trends24.in/indonesia/,Fri Jul 31 2026 09:42:33 GMT+0000 (Coordinated Universal Time),35,#PromoAwesomeA27,promoawesomea27,,,,,,
2026-08-01T02:57:03.478798+00:00,20260801-025703,https://trends24.in/indonesia/,Fri Jul 31 2026 09:42:33 GMT+0000 (Coordinated Universal Time),36,#JadiAwesome,jadiawesome,,,,,,
2026-08-01T02:57:03.478798+00:00,20260801-025703,https://trends24.in/indonesia/,Fri Jul 31 2026 09:42:33 GMT+0000 (Coordinated Universal Time),37,#ì¨ë°ê¼­ì§2_ì½ë¥´í°ì¤,ì¨ë°ê¼­ì§2_ì½ë¥´í°ì¤,,,,,,
2026-08-01T02:57:03.478798+00:00,20260801-025703,https://trends24.in/indonesia/,Fri Jul 31 2026 09:42:33 GMT+0000 (Coordinated Universal Time),38,#SeFurDen,sefurden,,,,,,
2026-08-01T02:57:03.478798+00:00,20260801-025703,https://trends24.in/indonesia/,Fri Jul 31 2026 09:42:33 GMT+0000 (Coordinated Universal Time),39,#ohming,ohming,,,,,,
2026-08-01T02:57:03.478798+00:00,20260801-025703,https://trends24.in/indonesia/,Fri Jul 31 2026 09:42:33 GMT+0000 (Coordinated Universal Time),40,#ohmpawat,ohmpawat,,,,,,
2026-08-01T02:57:03.478798+00:00,20260801-025703,https://trends24.in/indonesia/,Fri Jul 31 2026 09:42:33 GMT+0000 (Coordinated Universal Time),41,#JumatBerkahGreenSM,jumatberkahgreensm,,,,,,
2026-08-01T02:57:03.478798+00:00,20260801-025703,https://trends24.in/indonesia/,Fri Jul 31 2026 09:42:33 GMT+0000 (Coordinated Universal Time),42,#AplikasiPintu,aplikasipintu,,,,,,
2026-08-01T02:57:03.478798+00:00,20260801-025703,https://trends24.in/indonesia/,Fri Jul 31 2026 09:42:33 GMT+0000 (Coordinated Universal Time),43,#jhonlingroup,jhonlingroup,,,,,,
2026-08-01T02:57:03.478798+00:00,20260801-025703,https://trends24.in/indonesia/,Fri Jul 31 2026 09:42:33 GMT+0000 (Coordinated Universal Time),44,#gd_psn,gd_psn,,,,,,
2026-08-01T02:57:03.478798+00:00,20260801-025703,https://trends24.in/indonesia/,Fri Jul 31 2026 09:42:33 GMT+0000 (Coordinated Universal Time),45,#ingasavanund,ingasavanund,,,,,,
2026-08-01T02:57:03.478798+00:00,20260801-025703,https://trends24.in/indonesia/,Fri Jul 31 2026 09:42:33 GMT+0000 (Coordinated Universal Time),46,#ArtHasNoAliens,arthasnoaliens,,,,,,
2026-08-01T02:57:03.478798+00:00,20260801-025703,https://trends24.in/indonesia/,Fri Jul 31 2026 09:42:33 GMT+0000 (Coordinated Universal Time),47,#KabinetBayanganHalu,kabinetbayanganhalu,,,,,,
2026-08-01T02:57:03.478798+00:00,20260801-025703,https://trends24.in/indonesia/,Fri Jul 31 2026 09:42:33 GMT+0000 (Coordinated Universal Time),48,#ZeePrukSuperSunxSiamCenter,zeepruksupersunxsiamcenter,,,,,,
2026-08-01T02:57:03.478798+00:00,20260801-025703,https://trends24.in/indonesia/,Fri Jul 31 2026 09:42:33 GMT+0000 (Coordinated Universal Time),49,#MilkPansa30thBloom,milkpansa30thbloom,,,,,,
2026-08-01T02:57:03.478798+00:00,20260801-025703,https://trends24.in/indonesia/,Fri Jul 31 2026 09:42:33 GMT+0000 (Coordinated Universal Time),50,#HoYoFEST2026,hoyofest2026,,,,,,
2026-08-01T02:57:03.478798+00:00,20260801-025703,https://trends24.in/indonesia/,Fri Jul 31 2026 08:51:26 GMT+0000 (Coordinated Universal Time),1,#PromoTerbaikGreenSM,promoterbaikgreensm,,,,,,
2026-08-01T02:57:03.478798+00:00,20260801-025703,https://trends24.in/indonesia/,Fri Jul 31 2026 08:51:26 GMT+0000 (Coordinated Universal Time),2,Perkuat Perkokoh Kesiapan,perkuat perkokoh kesiapan,,,,,,
2026-08-01T02:57:03.478798+00:00,20260801-025703,https://trends24.in/indonesia/,Fri Jul 31 2026 08:51:26 GMT+0000 (Coordinated Universal Time),3,#DuniaAI,duniaai,,,,,,
2026-08-01T02:57:03.478798+00:00,20260801-025703,https://trends24.in/indonesia/,Fri Jul 31 2026 08:51:26 GMT+0000 (Coordinated Universal Time),4,#DukungUMKM,dukungumkm,,,,,,
2026-08-01T02:57:03.478798+00:00,20260801-025703,https://trends24.in/indonesia/,Fri Jul 31 2026 08:51:26 GMT+0000 (Coordinated Universal Time),5,Produk Lokal Indonesia,produk lokal indonesia,,,,,,
2026-08-01T02:57:03.478798+00:00,20260801-025703,https://trends24.in/indonesia/,Fri Jul 31 2026 08:51:26 GMT+0000 (Coordinated Universal Time),6,Franco Baresi,franco baresi,,,,,,
2026-08-01T02:57:03.478798+00:00,20260801-025703,https://trends24.in/indonesia/,Fri Jul 31 2026 08:51:26 GMT+0000 (Coordinated Universal Time),7,#SumbakkokjilWithCORTIS,sumbakkokjilwithcortis,,,,,,
2026-08-01T02:57:03.478798+00:00,20260801-025703,https://trends24.in/indonesia/,Fri Jul 31 2026 08:51:26 GMT+0000 (Coordinated Universal Time),8,#ohming,ohming,,,,,,
2026-08-01T02:57:03.478798+00:00,20260801-025703,https://trends24.in/indonesia/,Fri Jul 31 2026 08:51:26 GMT+0000 (Coordinated Universal Time),9,RIP Legend,rip legend,,,,,,
2026-08-01T02:57:03.478798+00:00,20260801-025703,https://trends24.in/indonesia/,Fri Jul 31 2026 08:51:26 GMT+0000 (Coordinated Universal Time),10,Teyvat,teyvat,,,,,,
2026-08-01T02:57:03.478798+00:00,20260801-025703,https://trends24.in/indonesia/,Fri Jul 31 2026 08:51:26 GMT+0000 (Coordinated Universal Time),11,Tentara Nasional Indonesia,tentara nasional indonesia,,,,,,
2026-08-01T02:57:03.478798+00:00,20260801-025703,https://trends24.in/indonesia/,Fri Jul 31 2026 08:51:26 GMT+0000 (Coordinated Universal Time),12,AC Milan,ac milan,,,,,,
2026-08-01T02:57:03.478798+00:00,20260801-025703,https://trends24.in/indonesia/,Fri Jul 31 2026 08:51:26 GMT+0000 (Coordinated Universal Time),13,Pak Budiman,pak budiman,,,,,,
2026-08-01T02:57:03.478798+00:00,20260801-025703,https://trends24.in/indonesia/,Fri Jul 31 2026 08:51:26 GMT+0000 (Coordinated Universal Time),14,NKRI,nkri,,,,,,
2026-08-01T02:57:03.478798+00:00,20260801-025703,https://trends24.in/indonesia/,Fri Jul 31 2026 08:51:26 GMT+0000 (Coordinated Universal Time),15,GET ON THE ANGKOT,get on the angkot,,,,,,
2026-08-01T02:57:03.478798+00:00,20260801-025703,https://trends24.in/indonesia/,Fri Jul 31 2026 08:51:26 GMT+0000 (Coordinated Universal Time),16,SUPER SUN POP UP AT SIAMCENTER,super sun pop up at siamcenter,,,,,,
2026-08-01T02:57:03.478798+00:00,20260801-025703,https://trends24.in/indonesia/,Fri Jul 31 2026 08:51:26 GMT+0000 (Coordinated Universal Time),17,Shibal,shibal,,,,,,
2026-08-01T02:57:03.478798+00:00,20260801-025703,https://trends24.in/indonesia/,Fri Jul 31 2026 08:51:26 GMT+0000 (Coordinated Universal Time),18,ariana,ariana,,,,,,
2026-08-01T02:57:03.478798+00:00,20260801-025703,https://trends24.in/indonesia/,Fri Jul 31 2026 08:51:26 GMT+0000 (Coordinated Universal Time),19,Kementerian Pertahanan,kementerian pertahanan,,,,,,
2026-08-01T02:57:03.478798+00:00,20260801-025703,https://trends24.in/indonesia/,Fri Jul 31 2026 08:51:26 GMT+0000 (Coordinated Universal Time),20,No Na,no na,,,,,,
2026-08-01T02:57:03.478798+00:00,20260801-025703,https://trends24.in/indonesia/,Fri Jul 31 2026 08:51:26 GMT+0000 (Coordinated Universal Time),21,NanaNu 4YRS With NuNew,nananu 4yrs with nunew,,,,,,
2026-08-01T02:57:03.478798+00:00,20260801-025703,https://trends24.in/indonesia/,Fri Jul 31 2026 08:51:26 GMT+0000 (Coordinated Universal Time),22,Maroko,maroko,,,,,,
2026-08-01T02:57:03.478798+00:00,20260801-025703,https://trends24.in/indonesia/,Fri Jul 31 2026 08:51:26 GMT+0000 (Coordinated Universal Time),23,Ceuta,ceuta,,,,,,
2026-08-01T02:57:03.478798+00:00,20260801-025703,https://trends24.in/indonesia/,Fri Jul 31 2026 08:51:26 GMT+0000 (Coordinated Universal Time),24,PSSI,pssi,,,,,,
2026-08-01T02:57:03.478798+00:00,20260801-025703,https://trends24.in/indonesia/,Fri Jul 31 2026 08:51:26 GMT+0000 (Coordinated Universal Time),25,Moonpay,moonpay,,,,,,
2026-08-01T02:57:03.478798+00:00,20260801-025703,https://trends24.in/indonesia/,Fri Jul 31 2026 08:51:26 GMT+0000 (Coordinated Universal Time),26,Jambu,jambu,,,,,,
2026-08-01T02:57:03.478798+00:00,20260801-025703,https://trends24.in/indonesia/,Fri Jul 31 2026 08:51:26 GMT+0000 (Coordinated Universal Time),27,UEFA,uefa,,,,,,
2026-08-01T02:57:03.478798+00:00,20260801-025703,https://trends24.in/indonesia/,Fri Jul 31 2026 08:51:26 GMT+0000 (Coordinated Universal Time),28,Infantino,infantino,,,,,,
2026-08-01T02:57:03.478798+00:00,20260801-025703,https://trends24.in/indonesia/,Fri Jul 31 2026 08:51:26 GMT+0000 (Coordinated Universal Time),29,Timor Leste,timor leste,,,,,,
2026-08-01T02:57:03.478798+00:00,20260801-025703,https://trends24.in/indonesia/,Fri Jul 31 2026 08:51:26 GMT+0000 (Coordinated Universal Time),30,Yuri,yuri,,,,,,
2026-08-01T02:57:03.478798+00:00,20260801-025703,https://trends24.in/indonesia/,Fri Jul 31 2026 08:51:26 GMT+0000 (Coordinated Universal Time),31,Pakuwon,pakuwon,,,,,,
2026-08-01T02:57:03.478798+00:00,20260801-025703,https://trends24.in/indonesia/,Fri Jul 31 2026 08:51:26 GMT+0000 (Coordinated Universal Time),32,Putusan MK,putusan mk,,,,,,
2026-08-01T02:57:03.478798+00:00,20260801-025703,https://trends24.in/indonesia/,Fri Jul 31 2026 08:51:26 GMT+0000 (Coordinated Universal Time),33,#ì½ë¥´í°ì¤,ì½ë¥´í°ì¤,,,,,,
2026-08-01T02:57:03.478798+00:00,20260801-025703,https://trends24.in/indonesia/,Fri Jul 31 2026 08:51:26 GMT+0000 (Coordinated Universal Time),34,#CORTISxJUICYJ,cortisxjuicyj,,,,,,
2026-08-01T02:57:03.478798+00:00,20260801-025703,https://trends24.in/indonesia/,Fri Jul 31 2026 08:51:26 GMT+0000 (Coordinated Universal Time),35,#CORTIS_MOTION,cortis_motion,,,,,,
2026-08-01T02:57:03.478798+00:00,20260801-025703,https://trends24.in/indonesia/,Fri Jul 31 2026 08:51:26 GMT+0000 (Coordinated Universal Time),36,#ohmpawat,ohmpawat,,,,,,
2026-08-01T02:57:03.478798+00:00,20260801-025703,https://trends24.in/indonesia/,Fri Jul 31 2026 08:51:26 GMT+0000 (Coordinated Universal Time),37,#JumatBerkahGreenSM,jumatberkahgreensm,,,,,,
2026-08-01T02:57:03.478798+00:00,20260801-025703,https://trends24.in/indonesia/,Fri Jul 31 2026 08:51:26 GMT+0000 (Coordinated Universal Time),38,#ingasavanund,ingasavanund,,,,,,
2026-08-01T02:57:03.478798+00:00,20260801-025703,https://trends24.in/indonesia/,Fri Jul 31 2026 08:51:26 GMT+0000 (Coordinated Universal Time),39,#jhonlingroup,jhonlingroup,,,,,,
2026-08-01T02:57:03.478798+00:00,20260801-025703,https://trends24.in/indonesia/,Fri Jul 31 2026 08:51:26 GMT+0000 (Coordinated Universal Time),40,#gd_psn,gd_psn,,,,,,
2026-08-01T02:57:03.478798+00:00,20260801-025703,https://trends24.in/indonesia/,Fri Jul 31 2026 08:51:26 GMT+0000 (Coordinated Universal Time),41,#ZeePrukSuperSunxSiamCenter,zeepruksupersunxsiamcenter,,,,,,
2026-08-01T02:57:03.478798+00:00,20260801-025703,https://trends24.in/indonesia/,Fri Jul 31 2026 08:51:26 GMT+0000 (Coordinated Universal Time),42,#MilkPansa30thBloom,milkpansa30thbloom,,,,,,
2026-08-01T02:57:03.478798+00:00,20260801-025703,https://trends24.in/indonesia/,Fri Jul 31 2026 08:51:26 GMT+0000 (Coordinated Universal Time),43,#à¸à¸²à¸à¸²à¸à¸¸à¸à¸­à¸à¸à¸¸à¸à¸´à¸§4à¸à¸§à¸à¹à¸¥à¹à¸§,à¸à¸²à¸à¸²à¸à¸¸à¸à¸­à¸à¸à¸¸à¸à¸´à¸§4à¸à¸§à¸à¹à¸¥à¹à¸§,,,,,,
2026-08-01T02:57:03.478798+00:00,20260801-025703,https://trends24.in/indonesia/,Fri Jul 31 2026 08:51:26 GMT+0000 (Coordinated Universal Time),44,#BareskrimPolri,bareskrimpolri,,,,,,
2026-08-01T02:57:03.478798+00:00,20260801-025703,https://trends24.in/indonesia/,Fri Jul 31 2026 08:51:26 GMT+0000 (Coordinated Universal Time),45,#HoYoFEST2026,hoyofest2026,,,,,,
2026-08-01T02:57:03.478798+00:00,20260801-025703,https://trends24.in/indonesia/,Fri Jul 31 2026 08:51:26 GMT+0000 (Coordinated Universal Time),46,#DittipidNarkoba,dittipidnarkoba,,,,,,
2026-08-01T02:57:03.478798+00:00,20260801-025703,https://trends24.in/indonesia/,Fri Jul 31 2026 08:51:26 GMT+0000 (Coordinated Universal Time),47,#LawanNarkoba,lawannarkoba,,,,,,
2026-08-01T02:57:03.478798+00:00,20260801-025703,https://trends24.in/indonesia/,Fri Jul 31 2026 08:51:26 GMT+0000 (Coordinated Universal Time),48,#winmetawin,winmetawin,,,,,,
2026-08-01T02:57:03.478798+00:00,20260801-025703,https://trends24.in/indonesia/,Fri Jul 31 2026 08:51:26 GMT+0000 (Coordinated Universal Time),49,#YOUANDWINinJKT,youandwininjkt,,,,,,
2026-08-01T02:57:03.478798+00:00,20260801-025703,https://trends24.in/indonesia/,Fri Jul 31 2026 07:57:46 GMT+0000 (Coordinated Universal Time),1,#DuniaAI,duniaai,,,,,,
2026-08-01T02:57:03.478798+00:00,20260801-025703,https://trends24.in/indonesia/,Fri Jul 31 2026 07:57:46 GMT+0000 (Coordinated Universal Time),2,Perkuat Perkokoh Kesiapan,perkuat perkokoh kesiapan,,,,,,
2026-08-01T02:57:03.478798+00:00,20260801-025703,https://trends24.in/indonesia/,Fri Jul 31 2026 07:57:46 GMT+0000 (Coordinated Universal Time),3,#PromoTerbaikGreenSM,promoterbaikgreensm,,,,,,
2026-08-01T02:57:03.478798+00:00,20260801-025703,https://trends24.in/indonesia/,Fri Jul 31 2026 07:57:46 GMT+0000 (Coordinated Universal Time),4,#JumatBerkahGreenSM,jumatberkahgreensm,,,,,,
2026-08-01T02:57:03.478798+00:00,20260801-025703,https://trends24.in/indonesia/,Fri Jul 31 2026 07:57:46 GMT+0000 (Coordinated Universal Time),5,Franco Baresi,franco baresi,,,,,,
2026-08-01T02:57:03.478798+00:00,20260801-025703,https://trends24.in/indonesia/,Fri Jul 31 2026 07:57:46 GMT+0000 (Coordinated Universal Time),6,#CORTIS_MOTION,cortis_motion,,,,,,
2026-08-01T02:57:03.478798+00:00,20260801-025703,https://trends24.in/indonesia/,Fri Jul 31 2026 07:57:46 GMT+0000 (Coordinated Universal Time),7,#CORTISxJUICYJ,cortisxjuicyj,,,,,,
2026-08-01T02:57:03.478798+00:00,20260801-025703,https://trends24.in/indonesia/,Fri Jul 31 2026 07:57:46 GMT+0000 (Coordinated Universal Time),8,Pak Budiman,pak budiman,,,,,,
2026-08-01T02:57:03.478798+00:00,20260801-025703,https://trends24.in/indonesia/,Fri Jul 31 2026 07:57:46 GMT+0000 (Coordinated Universal Time),9,Teyvat,teyvat,,,,,,
2026-08-01T02:57:03.478798+00:00,20260801-025703,https://trends24.in/indonesia/,Fri Jul 31 2026 07:57:46 GMT+0000 (Coordinated Universal Time),10,Tentara Nasional Indonesia,tentara nasional indonesia,,,,,,
2026-08-01T02:57:03.478798+00:00,20260801-025703,https://trends24.in/indonesia/,Fri Jul 31 2026 07:57:46 GMT+0000 (Coordinated Universal Time),11,AC Milan,ac milan,,,,,,
2026-08-01T02:57:03.478798+00:00,20260801-025703,https://trends24.in/indonesia/,Fri Jul 31 2026 07:57:46 GMT+0000 (Coordinated Universal Time),12,GET ON THE ANGKOT,get on the angkot,,,,,,
2026-08-01T02:57:03.478798+00:00,20260801-025703,https://trends24.in/indonesia/,Fri Jul 31 2026 07:57:46 GMT+0000 (Coordinated Universal Time),13,SUPER SUN POP UP AT SIAMCENTER,super sun pop up at siamcenter,,,,,,
2026-08-01T02:57:03.478798+00:00,20260801-025703,https://trends24.in/indonesia/,Fri Jul 31 2026 07:57:46 GMT+0000 (Coordinated Universal Time),14,ariana,ariana,,,,,,
2026-08-01T02:57:03.478798+00:00,20260801-025703,https://trends24.in/indonesia/,Fri Jul 31 2026 07:57:46 GMT+0000 (Coordinated Universal Time),15,Kementerian Pertahanan,kementerian pertahanan,,,,,,
2026-08-01T02:57:03.478798+00:00,20260801-025703,https://trends24.in/indonesia/,Fri Jul 31 2026 07:57:46 GMT+0000 (Coordinated Universal Time),16,Shibal,shibal,,,,,,
2026-08-01T02:57:03.478798+00:00,20260801-025703,https://trends24.in/indonesia/,Fri Jul 31 2026 07:57:46 GMT+0000 (Coordinated Universal Time),17,NanaNu 4YRS With NuNew,nananu 4yrs with nunew,,,,,,
2026-08-01T02:57:03.478798+00:00,20260801-025703,https://trends24.in/indonesia/,Fri Jul 31 2026 07:57:46 GMT+0000 (Coordinated Universal Time),18,Ceuta,ceuta,,,,,,
2026-08-01T02:57:03.478798+00:00,20260801-025703,https://trends24.in/indonesia/,Fri Jul 31 2026 07:57:46 GMT+0000 (Coordinated Universal Time),19,No Na,no na,,,,,,
2026-08-01T02:57:03.478798+00:00,20260801-025703,https://trends24.in/indonesia/,Fri Jul 31 2026 07:57:46 GMT+0000 (Coordinated Universal Time),20,Moonpay,moonpay,,,,,,
2026-08-01T02:57:03.478798+00:00,20260801-025703,https://trends24.in/indonesia/,Fri Jul 31 2026 07:57:46 GMT+0000 (Coordinated Universal Time),21,Maroko,maroko,,,,,,
2026-08-01T02:57:03.478798+00:00,20260801-025703,https://trends24.in/indonesia/,Fri Jul 31 2026 07:57:46 GMT+0000 (Coordinated Universal Time),22,Yuri,yuri,,,,,,
2026-08-01T02:57:03.478798+00:00,20260801-025703,https://trends24.in/indonesia/,Fri Jul 31 2026 07:57:46 GMT+0000 (Coordinated Universal Time),23,Jambu,jambu,,,,,,
2026-08-01T02:57:03.478798+00:00,20260801-025703,https://trends24.in/indonesia/,Fri Jul 31 2026 07:57:46 GMT+0000 (Coordinated Universal Time),24,UEFA,uefa,,,,,,
2026-08-01T02:57:03.478798+00:00,20260801-025703,https://trends24.in/indonesia/,Fri Jul 31 2026 07:57:46 GMT+0000 (Coordinated Universal Time),25,Timor Leste,timor leste,,,,,,
2026-08-01T02:57:03.478798+00:00,20260801-025703,https://trends24.in/indonesia/,Fri Jul 31 2026 07:57:46 GMT+0000 (Coordinated Universal Time),26,CONCACAF,concacaf,,,,,,
2026-08-01T02:57:03.478798+00:00,20260801-025703,https://trends24.in/indonesia/,Fri Jul 31 2026 07:57:46 GMT+0000 (Coordinated Universal Time),27,Infantino,infantino,,,,,,
2026-08-01T02:57:03.478798+00:00,20260801-025703,https://trends24.in/indonesia/,Fri Jul 31 2026 07:57:46 GMT+0000 (Coordinated Universal Time),28,Putusan MK,putusan mk,,,,,,
2026-08-01T02:57:03.478798+00:00,20260801-025703,https://trends24.in/indonesia/,Fri Jul 31 2026 07:57:46 GMT+0000 (Coordinated Universal Time),29,PSSI,pssi,,,,,,
2026-08-01T02:57:03.478798+00:00,20260801-025703,https://trends24.in/indonesia/,Fri Jul 31 2026 07:57:46 GMT+0000 (Coordinated Universal Time),30,Pakuwon,pakuwon,,,,,,
2026-08-01T02:57:03.478798+00:00,20260801-025703,https://trends24.in/indonesia/,Fri Jul 31 2026 07:57:46 GMT+0000 (Coordinated Universal Time),31,Anies,anies,,,,,,
2026-08-01T02:57:03.478798+00:00,20260801-025703,https://trends24.in/indonesia/,Fri Jul 31 2026 07:57:46 GMT+0000 (Coordinated Universal Time),32,#ì½ë¥´í°ì¤,ì½ë¥´í°ì¤,,,,,,
2026-08-01T02:57:03.478798+00:00,20260801-025703,https://trends24.in/indonesia/,Fri Jul 31 2026 07:57:46 GMT+0000 (Coordinated Universal Time),33,#ohming,ohming,,,,,,
2026-08-01T02:57:03.478798+00:00,20260801-025703,https://trends24.in/indonesia/,Fri Jul 31 2026 07:57:46 GMT+0000 (Coordinated Universal Time),34,#ZeePrukSuperSunxSiamCenter,zeepruksupersunxsiamcenter,,,,,,
2026-08-01T02:57:03.478798+00:00,20260801-025703,https://trends24.in/indonesia/,Fri Jul 31 2026 07:57:46 GMT+0000 (Coordinated Universal Time),35,#MilkPansa30thBloom,milkpansa30thbloom,,,,,,
2026-08-01T02:57:03.478798+00:00,20260801-025703,https://trends24.in/indonesia/,Fri Jul 31 2026 07:57:46 GMT+0000 (Coordinated Universal Time),36,#à¸à¸²à¸à¸²à¸à¸¸à¸à¸­à¸à¸à¸¸à¸à¸´à¸§4à¸à¸§à¸à¹à¸¥à¹à¸§,à¸à¸²à¸à¸²à¸à¸¸à¸à¸­à¸à¸à¸¸à¸à¸´à¸§4à¸à¸§à¸à¹à¸¥à¹à¸§,,,,,,
2026-08-01T02:57:03.478798+00:00,20260801-025703,https://trends24.in/indonesia/,Fri Jul 31 2026 07:57:46 GMT+0000 (Coordinated Universal Time),37,#BareskrimPolri,bareskrimpolri,,,,,,
2026-08-01T02:57:03.478798+00:00,20260801-025703,https://trends24.in/indonesia/,Fri Jul 31 2026 07:57:46 GMT+0000 (Coordinated Universal Time),38,#HoYoFEST2026,hoyofest2026,,,,,,
2026-08-01T02:57:03.478798+00:00,20260801-025703,https://trends24.in/indonesia/,Fri Jul 31 2026 07:57:46 GMT+0000 (Coordinated Universal Time),39,#DittipidNarkoba,dittipidnarkoba,,,,,,
2026-08-01T02:57:03.478798+00:00,20260801-025703,https://trends24.in/indonesia/,Fri Jul 31 2026 07:57:46 GMT+0000 (Coordinated Universal Time),40,#LawanNarkoba,lawannarkoba,,,,,,
2026-08-01T02:57:03.478798+00:00,20260801-025703,https://trends24.in/indonesia/,Fri Jul 31 2026 07:06:49 GMT+0000 (Coordinated Universal Time),1,#DuniaAI,duniaai,,,,,,
2026-08-01T02:57:03.478798+00:00,20260801-025703,https://trends24.in/indonesia/,Fri Jul 31 2026 07:06:49 GMT+0000 (Coordinated Universal Time),2,Perkuat Perkokoh Kesiapan,perkuat perkokoh kesiapan,,,,,,
2026-08-01T02:57:03.478798+00:00,20260801-025703,https://trends24.in/indonesia/,Fri Jul 31 2026 07:06:49 GMT+0000 (Coordinated Universal Time),3,#JumatBerkahGreenSM,jumatberkahgreensm,,,,,,
2026-08-01T02:57:03.478798+00:00,20260801-025703,https://trends24.in/indonesia/,Fri Jul 31 2026 07:06:49 GMT+0000 (Coordinated Universal Time),4,#CORTIS_MOTION,cortis_motion,,,,,,
2026-08-01T02:57:03.478798+00:00,20260801-025703,https://trends24.in/indonesia/,Fri Jul 31 2026 07:06:49 GMT+0000 (Coordinated Universal Time),5,#CORTISxJUICYJ,cortisxjuicyj,,,,,,
2026-08-01T02:57:03.478798+00:00,20260801-025703,https://trends24.in/indonesia/,Fri Jul 31 2026 07:06:49 GMT+0000 (Coordinated Universal Time),6,#ì½ë¥´í°ì¤,ì½ë¥´í°ì¤,,,,,,
2026-08-01T02:57:03.478798+00:00,20260801-025703,https://trends24.in/indonesia/,Fri Jul 31 2026 07:06:49 GMT+0000 (Coordinated Universal Time),7,Franco Baresi,franco baresi,,,,,,
2026-08-01T02:57:03.478798+00:00,20260801-025703,https://trends24.in/indonesia/,Fri Jul 31 2026 07:06:49 GMT+0000 (Coordinated Universal Time),8,Kids Pack,kids pack,,,,,,
2026-08-01T02:57:03.478798+00:00,20260801-025703,https://trends24.in/indonesia/,Fri Jul 31 2026 07:06:49 GMT+0000 (Coordinated Universal Time),9,Teyvat,teyvat,,,,,,
2026-08-01T02:57:03.478798+00:00,20260801-025703,https://trends24.in/indonesia/,Fri Jul 31 2026 07:06:49 GMT+0000 (Coordinated Universal Time),10,Pak Budiman,pak budiman,,,,,,
2026-08-01T02:57:03.478798+00:00,20260801-025703,https://trends24.in/indonesia/,Fri Jul 31 2026 07:06:49 GMT+0000 (Coordinated Universal Time),11,Tentara Nasional Indonesia,tentara nasional indonesia,,,,,,
2026-08-01T02:57:03.478798+00:00,20260801-025703,https://trends24.in/indonesia/,Fri Jul 31 2026 07:06:49 GMT+0000 (Coordinated Universal Time),12,AC Milan,ac milan,,,,,,
2026-08-01T02:57:03.478798+00:00,20260801-025703,https://trends24.in/indonesia/,Fri Jul 31 2026 07:06:49 GMT+0000 (Coordinated Universal Time),13,GET ON THE ANGKOT,get on the angkot,,,,,,
2026-08-01T02:57:03.478798+00:00,20260801-025703,https://trends24.in/indonesia/,Fri Jul 31 2026 07:06:49 GMT+0000 (Coordinated Universal Time),14,SUPER SUN POP UP AT SIAMCENTER,super sun pop up at siamcenter,,,,,,
2026-08-01T02:57:03.478798+00:00,20260801-025703,https://trends24.in/indonesia/,Fri Jul 31 2026 07:06:49 GMT+0000 (Coordinated Universal Time),15,ariana,ariana,,,,,,
2026-08-01T02:57:03.478798+00:00,20260801-025703,https://trends24.in/indonesia/,Fri Jul 31 2026 07:06:49 GMT+0000 (Coordinated Universal Time),16,Promo Terbaik,promo terbaik,,,,,,
2026-08-01T02:57:03.478798+00:00,20260801-025703,https://trends24.in/indonesia/,Fri Jul 31 2026 07:06:49 GMT+0000 (Coordinated Universal Time),17,Kementerian Pertahanan,kementerian pertahanan,,,,,,
2026-08-01T02:57:03.478798+00:00,20260801-025703,https://trends24.in/indonesia/,Fri Jul 31 2026 07:06:49 GMT+0000 (Coordinated Universal Time),18,NanaNu 4YRS With NuNew,nananu 4yrs with nunew,,,,,,
2026-08-01T02:57:03.478798+00:00,20260801-025703,https://trends24.in/indonesia/,Fri Jul 31 2026 07:06:49 GMT+0000 (Coordinated Universal Time),19,Moonpay,moonpay,,,,,,
2026-08-01T02:57:03.478798+00:00,20260801-025703,https://trends24.in/indonesia/,Fri Jul 31 2026 07:06:49 GMT+0000 (Coordinated Universal Time),20,Jusuf Kalla,jusuf kalla,,,,,,
2026-08-01T02:57:03.478798+00:00,20260801-025703,https://trends24.in/indonesia/,Fri Jul 31 2026 07:06:49 GMT+0000 (Coordinated Universal Time),21,Yuri,yuri,,,,,,
2026-08-01T02:57:03.478798+00:00,20260801-025703,https://trends24.in/indonesia/,Fri Jul 31 2026 07:06:49 GMT+0000 (Coordinated Universal Time),22,Shibal,shibal,,,,,,
2026-08-01T02:57:03.478798+00:00,20260801-025703,https://trends24.in/indonesia/,Fri Jul 31 2026 07:06:49 GMT+0000 (Coordinated Universal Time),23,Ceuta,ceuta,,,,,,
2026-08-01T02:57:03.478798+00:00,20260801-025703,https://trends24.in/indonesia/,Fri Jul 31 2026 07:06:49 GMT+0000 (Coordinated Universal Time),24,No Na,no na,,,,,,
2026-08-01T02:57:03.478798+00:00,20260801-025703,https://trends24.in/indonesia/,Fri Jul 31 2026 07:06:49 GMT+0000 (Coordinated Universal Time),25,Jambu,jambu,,,,,,
2026-08-01T02:57:03.478798+00:00,20260801-025703,https://trends24.in/indonesia/,Fri Jul 31 2026 07:06:49 GMT+0000 (Coordinated Universal Time),26,UEFA,uefa,,,,,,
2026-08-01T02:57:03.478798+00:00,20260801-025703,https://trends24.in/indonesia/,Fri Jul 31 2026 07:06:49 GMT+0000 (Coordinated Universal Time),27,CONCACAF,concacaf,,,,,,
2026-08-01T02:57:03.478798+00:00,20260801-025703,https://trends24.in/indonesia/,Fri Jul 31 2026 07:06:49 GMT+0000 (Coordinated Universal Time),28,Mark Lee,mark lee,,,,,,
2026-08-01T02:57:03.478798+00:00,20260801-025703,https://trends24.in/indonesia/,Fri Jul 31 2026 07:06:49 GMT+0000 (Coordinated Universal Time),29,PSSI,pssi,,,,,,
2026-08-01T02:57:03.478798+00:00,20260801-025703,https://trends24.in/indonesia/,Fri Jul 31 2026 07:06:49 GMT+0000 (Coordinated Universal Time),30,Timor Leste,timor leste,,,,,,
2026-08-01T02:57:03.478798+00:00,20260801-025703,https://trends24.in/indonesia/,Fri Jul 31 2026 07:06:49 GMT+0000 (Coordinated Universal Time),31,Putusan MK,putusan mk,,,,,,
2026-08-01T02:57:03.478798+00:00,20260801-025703,https://trends24.in/indonesia/,Fri Jul 31 2026 07:06:49 GMT+0000 (Coordinated Universal Time),32,Infantino,infantino,,,,,,
2026-08-01T02:57:03.478798+00:00,20260801-025703,https://trends24.in/indonesia/,Fri Jul 31 2026 07:06:49 GMT+0000 (Coordinated Universal Time),33,Pakuwon,pakuwon,,,,,,
2026-08-01T02:57:03.478798+00:00,20260801-025703,https://trends24.in/indonesia/,Fri Jul 31 2026 07:06:49 GMT+0000 (Coordinated Universal Time),34,Anies,anies,,,,,,
2026-08-01T02:57:03.478798+00:00,20260801-025703,https://trends24.in/indonesia/,Fri Jul 31 2026 07:06:49 GMT+0000 (Coordinated Universal Time),35,#CreateWithA11Kids,createwitha11kids,,,,,,
2026-08-01T02:57:03.478798+00:00,20260801-025703,https://trends24.in/indonesia/,Fri Jul 31 2026 07:06:49 GMT+0000 (Coordinated Universal Time),36,#PilihanPalingManTAB,pilihanpalingmantab,,,,,,
2026-08-01T02:57:03.478798+00:00,20260801-025703,https://trends24.in/indonesia/,Fri Jul 31 2026 07:06:49 GMT+0000 (Coordinated Universal Time),37,#JejakKreatifSiKecil,jejakkreatifsikecil,,,,,,
2026-08-01T02:57:03.478798+00:00,20260801-025703,https://trends24.in/indonesia/,Fri Jul 31 2026 07:06:49 GMT+0000 (Coordinated Universal Time),38,#GalaxyTabA11,galaxytaba11,,,,,,
2026-08-01T02:57:03.478798+00:00,20260801-025703,https://trends24.in/indonesia/,Fri Jul 31 2026 07:06:49 GMT+0000 (Coordinated Universal Time),39,#ZeePrukSuperSunxSiamCenter,zeepruksupersunxsiamcenter,,,,,,
2026-08-01T02:57:03.478798+00:00,20260801-025703,https://trends24.in/indonesia/,Fri Jul 31 2026 07:06:49 GMT+0000 (Coordinated Universal Time),40,#ohming,ohming,,,,,,
2026-08-01T02:57:03.478798+00:00,20260801-025703,https://trends24.in/indonesia/,Fri Jul 31 2026 07:06:49 GMT+0000 (Coordinated Universal Time),41,#à¸à¸²à¸à¸²à¸à¸¸à¸à¸­à¸à¸à¸¸à¸à¸´à¸§4à¸à¸§à¸à¹à¸¥à¹à¸§,à¸à¸²à¸à¸²à¸à¸¸à¸à¸­à¸à¸à¸¸à¸à¸´à¸§4à¸à¸§à¸à¹à¸¥à¹à¸§,,,,,,
2026-08-01T02:57:03.478798+00:00,20260801-025703,https://trends24.in/indonesia/,Fri Jul 31 2026 07:06:49 GMT+0000 (Coordinated Universal Time),42,#HoYoFEST2026,hoyofest2026,,,,,,
2026-08-01T02:57:03.478798+00:00,20260801-025703,https://trends24.in/indonesia/,Fri Jul 31 2026 07:06:49 GMT+0000 (Coordinated Universal Time),43,#MilkPansa30thBloom,milkpansa30thbloom,,,,,,
