captured_at_utc,run_id,source_url,hour_label,rank,name,name_norm,tweet_count_raw,tweet_count,best_position,total_tweets,trending_for_raw,trending_for_hours
2026-08-09T05:11:00.429635+00:00,20260809-051100,https://trends24.in/indonesia/,Sun Aug 09 2026 04:32:24 GMT+0000 (Coordinated Universal Time),1,#GOPAYPLN81RIBU,gopaypln81ribu,,,,,,
2026-08-09T05:11:00.429635+00:00,20260809-051100,https://trends24.in/indonesia/,Sun Aug 09 2026 04:32:24 GMT+0000 (Coordinated Universal Time),2,#GMMTVFanfestInMacau2026,gmmtvfanfestinmacau2026,,,,,,
2026-08-09T05:11:00.429635+00:00,20260809-051100,https://trends24.in/indonesia/,Sun Aug 09 2026 04:32:24 GMT+0000 (Coordinated Universal Time),3,#RENJUN_Moomin_Special_MV,renjun_moomin_special_mv,,,,,,
2026-08-09T05:11:00.429635+00:00,20260809-051100,https://trends24.in/indonesia/,Sun Aug 09 2026 04:32:24 GMT+0000 (Coordinated Universal Time),4,#KUOTASERBA8RIBU,kuotaserba8ribu,,,,,,
2026-08-09T05:11:00.429635+00:00,20260809-051100,https://trends24.in/indonesia/,Sun Aug 09 2026 04:32:24 GMT+0000 (Coordinated Universal Time),5,PERTHSANTA STARLIT JOURNEY,perthsanta starlit journey,,,,,,
2026-08-09T05:11:00.429635+00:00,20260809-051100,https://trends24.in/indonesia/,Sun Aug 09 2026 04:32:24 GMT+0000 (Coordinated Universal Time),6,#Growing29WithGawin,growing29withgawin,,,,,,
2026-08-09T05:11:00.429635+00:00,20260809-051100,https://trends24.in/indonesia/,Sun Aug 09 2026 04:32:24 GMT+0000 (Coordinated Universal Time),7,Atensi Kampung Haji,atensi kampung haji,,,,,,
2026-08-09T05:11:00.429635+00:00,20260809-051100,https://trends24.in/indonesia/,Sun Aug 09 2026 04:32:24 GMT+0000 (Coordinated Universal Time),8,JUNIORMARK ALONG SUNNYMOON,juniormark along sunnymoon,,,,,,
2026-08-09T05:11:00.429635+00:00,20260809-051100,https://trends24.in/indonesia/,Sun Aug 09 2026 04:32:24 GMT+0000 (Coordinated Universal Time),9,Minggu,minggu,,,,,,
2026-08-09T05:11:00.429635+00:00,20260809-051100,https://trends24.in/indonesia/,Sun Aug 09 2026 04:32:24 GMT+0000 (Coordinated Universal Time),10,Beli Token 100rb CUMA,beli token 100rb cuma,,,,,,
2026-08-09T05:11:00.429635+00:00,20260809-051100,https://trends24.in/indonesia/,Sun Aug 09 2026 04:32:24 GMT+0000 (Coordinated Universal Time),11,Nyaman & Privasi Terjamin,nyaman & privasi terjamin,,,,,,
2026-08-09T05:11:00.429635+00:00,20260809-051100,https://trends24.in/indonesia/,Sun Aug 09 2026 04:32:24 GMT+0000 (Coordinated Universal Time),12,Hapsun,hapsun,,,,,,
2026-08-09T05:11:00.429635+00:00,20260809-051100,https://trends24.in/indonesia/,Sun Aug 09 2026 04:32:24 GMT+0000 (Coordinated Universal Time),13,Galaxy Z Fold8,galaxy z fold8,,,,,,
2026-08-09T05:11:00.429635+00:00,20260809-051100,https://trends24.in/indonesia/,Sun Aug 09 2026 04:32:24 GMT+0000 (Coordinated Universal Time),14,Jorge Messi,jorge messi,,,,,,
2026-08-09T05:11:00.429635+00:00,20260809-051100,https://trends24.in/indonesia/,Sun Aug 09 2026 04:32:24 GMT+0000 (Coordinated Universal Time),15,Araujo,araujo,,,,,,
2026-08-09T05:11:00.429635+00:00,20260809-051100,https://trends24.in/indonesia/,Sun Aug 09 2026 04:32:24 GMT+0000 (Coordinated Universal Time),16,Happy 9th,happy 9th,,,,,,
2026-08-09T05:11:00.429635+00:00,20260809-051100,https://trends24.in/indonesia/,Sun Aug 09 2026 04:32:24 GMT+0000 (Coordinated Universal Time),17,hard gumay,hard gumay,,,,,,
2026-08-09T05:11:00.429635+00:00,20260809-051100,https://trends24.in/indonesia/,Sun Aug 09 2026 04:32:24 GMT+0000 (Coordinated Universal Time),18,MELA A COZY DAY WITH JJ,mela a cozy day with jj,,,,,,
2026-08-09T05:11:00.429635+00:00,20260809-051100,https://trends24.in/indonesia/,Sun Aug 09 2026 04:32:24 GMT+0000 (Coordinated Universal Time),19,The Grim Lover Q21,the grim lover q21,,,,,,
2026-08-09T05:11:00.429635+00:00,20260809-051100,https://trends24.in/indonesia/,Sun Aug 09 2026 04:32:24 GMT+0000 (Coordinated Universal Time),20,paket data,paket data,,,,,,
2026-08-09T05:11:00.429635+00:00,20260809-051100,https://trends24.in/indonesia/,Sun Aug 09 2026 04:32:24 GMT+0000 (Coordinated Universal Time),21,THE EDGE OF HORIZON EP8,the edge of horizon ep8,,,,,,
2026-08-09T05:11:00.429635+00:00,20260809-051100,https://trends24.in/indonesia/,Sun Aug 09 2026 04:32:24 GMT+0000 (Coordinated Universal Time),22,Malming,malming,,,,,,
2026-08-09T05:11:00.429635+00:00,20260809-051100,https://trends24.in/indonesia/,Sun Aug 09 2026 04:32:24 GMT+0000 (Coordinated Universal Time),23,KNOCK KNOCK ROOM NO. FREEN,knock knock room no. freen,,,,,,
2026-08-09T05:11:00.429635+00:00,20260809-051100,https://trends24.in/indonesia/,Sun Aug 09 2026 04:32:24 GMT+0000 (Coordinated Universal Time),24,MAKE WAY FOR SCOUPS DAY,make way for scoups day,,,,,,
2026-08-09T05:11:00.429635+00:00,20260809-051100,https://trends24.in/indonesia/,Sun Aug 09 2026 04:32:24 GMT+0000 (Coordinated Universal Time),25,blackpink,blackpink,,,,,,
2026-08-09T05:11:00.429635+00:00,20260809-051100,https://trends24.in/indonesia/,Sun Aug 09 2026 04:32:24 GMT+0000 (Coordinated Universal Time),26,Jisoo,jisoo,,,,,,
2026-08-09T05:11:00.429635+00:00,20260809-051100,https://trends24.in/indonesia/,Sun Aug 09 2026 04:32:24 GMT+0000 (Coordinated Universal Time),27,daihatsu rocky hybrid,daihatsu rocky hybrid,,,,,,
2026-08-09T05:11:00.429635+00:00,20260809-051100,https://trends24.in/indonesia/,Sun Aug 09 2026 04:32:24 GMT+0000 (Coordinated Universal Time),28,Ole Romeny,ole romeny,,,,,,
2026-08-09T05:11:00.429635+00:00,20260809-051100,https://trends24.in/indonesia/,Sun Aug 09 2026 04:32:24 GMT+0000 (Coordinated Universal Time),29,rp 8.100,rp 8.100,,,,,,
2026-08-09T05:11:00.429635+00:00,20260809-051100,https://trends24.in/indonesia/,Sun Aug 09 2026 04:32:24 GMT+0000 (Coordinated Universal Time),30,Chapter 22,chapter 22,,,,,,
2026-08-09T05:11:00.429635+00:00,20260809-051100,https://trends24.in/indonesia/,Sun Aug 09 2026 04:32:24 GMT+0000 (Coordinated Universal Time),31,International Cat Day,international cat day,,,,,,
2026-08-09T05:11:00.429635+00:00,20260809-051100,https://trends24.in/indonesia/,Sun Aug 09 2026 04:32:24 GMT+0000 (Coordinated Universal Time),32,Drake,drake,,,,,,
2026-08-09T05:11:00.429635+00:00,20260809-051100,https://trends24.in/indonesia/,Sun Aug 09 2026 04:32:24 GMT+0000 (Coordinated Universal Time),33,Summer Eyes,summer eyes,,,,,,
2026-08-09T05:11:00.429635+00:00,20260809-051100,https://trends24.in/indonesia/,Sun Aug 09 2026 04:32:24 GMT+0000 (Coordinated Universal Time),34,Home of Taesan's Dreams,home of taesan's dreams,,,,,,
2026-08-09T05:11:00.429635+00:00,20260809-051100,https://trends24.in/indonesia/,Sun Aug 09 2026 04:32:24 GMT+0000 (Coordinated Universal Time),35,Pagii,pagii,,,,,,
2026-08-09T05:11:00.429635+00:00,20260809-051100,https://trends24.in/indonesia/,Sun Aug 09 2026 04:32:24 GMT+0000 (Coordinated Universal Time),36,Jadi CUMA,jadi cuma,,,,,,
2026-08-09T05:11:00.429635+00:00,20260809-051100,https://trends24.in/indonesia/,Sun Aug 09 2026 04:32:24 GMT+0000 (Coordinated Universal Time),37,iyos,iyos,,,,,,
2026-08-09T05:11:00.429635+00:00,20260809-051100,https://trends24.in/indonesia/,Sun Aug 09 2026 04:32:24 GMT+0000 (Coordinated Universal Time),38,Original Content Rewards,original content rewards,,,,,,
2026-08-09T05:11:00.429635+00:00,20260809-051100,https://trends24.in/indonesia/,Sun Aug 09 2026 04:32:24 GMT+0000 (Coordinated Universal Time),39,JENENGE SOPO,jenenge sopo,,,,,,
2026-08-09T05:11:00.429635+00:00,20260809-051100,https://trends24.in/indonesia/,Sun Aug 09 2026 04:32:24 GMT+0000 (Coordinated Universal Time),40,SKY X MAYBELLINE MATTE MAX,sky x maybelline matte max,,,,,,
2026-08-09T05:11:00.429635+00:00,20260809-051100,https://trends24.in/indonesia/,Sun Aug 09 2026 04:32:24 GMT+0000 (Coordinated Universal Time),41,WAVE SHOPEE THEE,wave shopee thee,,,,,,
2026-08-09T05:11:00.429635+00:00,20260809-051100,https://trends24.in/indonesia/,Sun Aug 09 2026 04:32:24 GMT+0000 (Coordinated Universal Time),42,Tahun 1977,tahun 1977,,,,,,
2026-08-09T05:11:00.429635+00:00,20260809-051100,https://trends24.in/indonesia/,Sun Aug 09 2026 04:32:24 GMT+0000 (Coordinated Universal Time),43,Bloody Paradise,bloody paradise,,,,,,
2026-08-09T05:11:00.429635+00:00,20260809-051100,https://trends24.in/indonesia/,Sun Aug 09 2026 04:32:24 GMT+0000 (Coordinated Universal Time),44,Sarapan,sarapan,,,,,,
2026-08-09T05:11:00.429635+00:00,20260809-051100,https://trends24.in/indonesia/,Sun Aug 09 2026 04:32:24 GMT+0000 (Coordinated Universal Time),45,BRIN,brin,,,,,,
2026-08-09T05:11:00.429635+00:00,20260809-051100,https://trends24.in/indonesia/,Sun Aug 09 2026 04:32:24 GMT+0000 (Coordinated Universal Time),46,EST LIVE WITH LOREAL LAQUE,est live with loreal laque,,,,,,
2026-08-09T05:11:00.429635+00:00,20260809-051100,https://trends24.in/indonesia/,Sun Aug 09 2026 04:32:24 GMT+0000 (Coordinated Universal Time),47,LOUIS SPOOKY IN LOVE OST,louis spooky in love ost,,,,,,
2026-08-09T05:11:00.429635+00:00,20260809-051100,https://trends24.in/indonesia/,Sun Aug 09 2026 04:32:24 GMT+0000 (Coordinated Universal Time),48,KENGNAMPING AT WEIBO NIGHT,kengnamping at weibo night,,,,,,
2026-08-09T05:11:00.429635+00:00,20260809-051100,https://trends24.in/indonesia/,Sun Aug 09 2026 04:32:24 GMT+0000 (Coordinated Universal Time),49,Happy 10th,happy 10th,,,,,,
2026-08-09T05:11:00.429635+00:00,20260809-051100,https://trends24.in/indonesia/,Sun Aug 09 2026 04:32:24 GMT+0000 (Coordinated Universal Time),50,PSSI,pssi,,,,,,
2026-08-09T05:11:00.429635+00:00,20260809-051100,https://trends24.in/indonesia/,Sun Aug 09 2026 03:40:24 GMT+0000 (Coordinated Universal Time),1,#GOPAYPLN81RIBU,gopaypln81ribu,,,,,,
2026-08-09T05:11:00.429635+00:00,20260809-051100,https://trends24.in/indonesia/,Sun Aug 09 2026 03:40:24 GMT+0000 (Coordinated Universal Time),2,#GMMTVFanfestInMacau2026,gmmtvfanfestinmacau2026,,,,,,
2026-08-09T05:11:00.429635+00:00,20260809-051100,https://trends24.in/indonesia/,Sun Aug 09 2026 03:40:24 GMT+0000 (Coordinated Universal Time),3,#KUOTASERBA8RIBU,kuotaserba8ribu,,,,,,
2026-08-09T05:11:00.429635+00:00,20260809-051100,https://trends24.in/indonesia/,Sun Aug 09 2026 03:40:24 GMT+0000 (Coordinated Universal Time),4,PERTHSANTA STARLIT JOURNEY,perthsanta starlit journey,,,,,,
2026-08-09T05:11:00.429635+00:00,20260809-051100,https://trends24.in/indonesia/,Sun Aug 09 2026 03:40:24 GMT+0000 (Coordinated Universal Time),5,#Growing29WithGawin,growing29withgawin,,,,,,
2026-08-09T05:11:00.429635+00:00,20260809-051100,https://trends24.in/indonesia/,Sun Aug 09 2026 03:40:24 GMT+0000 (Coordinated Universal Time),6,#DanantaraIndonesia,danantaraindonesia,,,,,,
2026-08-09T05:11:00.429635+00:00,20260809-051100,https://trends24.in/indonesia/,Sun Aug 09 2026 03:40:24 GMT+0000 (Coordinated Universal Time),7,JUNIORMARK ALONG SUNNYMOON,juniormark along sunnymoon,,,,,,
2026-08-09T05:11:00.429635+00:00,20260809-051100,https://trends24.in/indonesia/,Sun Aug 09 2026 03:40:24 GMT+0000 (Coordinated Universal Time),8,Atensi Kampung Haji,atensi kampung haji,,,,,,
2026-08-09T05:11:00.429635+00:00,20260809-051100,https://trends24.in/indonesia/,Sun Aug 09 2026 03:40:24 GMT+0000 (Coordinated Universal Time),9,Minggu,minggu,,,,,,
2026-08-09T05:11:00.429635+00:00,20260809-051100,https://trends24.in/indonesia/,Sun Aug 09 2026 03:40:24 GMT+0000 (Coordinated Universal Time),10,Beli Token 100rb CUMA,beli token 100rb cuma,,,,,,
2026-08-09T05:11:00.429635+00:00,20260809-051100,https://trends24.in/indonesia/,Sun Aug 09 2026 03:40:24 GMT+0000 (Coordinated Universal Time),11,Nyaman & Privasi Terjamin,nyaman & privasi terjamin,,,,,,
2026-08-09T05:11:00.429635+00:00,20260809-051100,https://trends24.in/indonesia/,Sun Aug 09 2026 03:40:24 GMT+0000 (Coordinated Universal Time),12,Galaxy Z Fold8,galaxy z fold8,,,,,,
2026-08-09T05:11:00.429635+00:00,20260809-051100,https://trends24.in/indonesia/,Sun Aug 09 2026 03:40:24 GMT+0000 (Coordinated Universal Time),13,Hapsun,hapsun,,,,,,
2026-08-09T05:11:00.429635+00:00,20260809-051100,https://trends24.in/indonesia/,Sun Aug 09 2026 03:40:24 GMT+0000 (Coordinated Universal Time),14,Happy 9th,happy 9th,,,,,,
2026-08-09T05:11:00.429635+00:00,20260809-051100,https://trends24.in/indonesia/,Sun Aug 09 2026 03:40:24 GMT+0000 (Coordinated Universal Time),15,Jorge Messi,jorge messi,,,,,,
2026-08-09T05:11:00.429635+00:00,20260809-051100,https://trends24.in/indonesia/,Sun Aug 09 2026 03:40:24 GMT+0000 (Coordinated Universal Time),16,Drake,drake,,,,,,
2026-08-09T05:11:00.429635+00:00,20260809-051100,https://trends24.in/indonesia/,Sun Aug 09 2026 03:40:24 GMT+0000 (Coordinated Universal Time),17,Araujo,araujo,,,,,,
2026-08-09T05:11:00.429635+00:00,20260809-051100,https://trends24.in/indonesia/,Sun Aug 09 2026 03:40:24 GMT+0000 (Coordinated Universal Time),18,hard gumay,hard gumay,,,,,,
2026-08-09T05:11:00.429635+00:00,20260809-051100,https://trends24.in/indonesia/,Sun Aug 09 2026 03:40:24 GMT+0000 (Coordinated Universal Time),19,SKY X MAYBELLINE MATTE MAX,sky x maybelline matte max,,,,,,
2026-08-09T05:11:00.429635+00:00,20260809-051100,https://trends24.in/indonesia/,Sun Aug 09 2026 03:40:24 GMT+0000 (Coordinated Universal Time),20,Malming,malming,,,,,,
2026-08-09T05:11:00.429635+00:00,20260809-051100,https://trends24.in/indonesia/,Sun Aug 09 2026 03:40:24 GMT+0000 (Coordinated Universal Time),21,MELA A COZY DAY WITH JJ,mela a cozy day with jj,,,,,,
2026-08-09T05:11:00.429635+00:00,20260809-051100,https://trends24.in/indonesia/,Sun Aug 09 2026 03:40:24 GMT+0000 (Coordinated Universal Time),22,KNOCK KNOCK ROOM NO. FREEN,knock knock room no. freen,,,,,,
2026-08-09T05:11:00.429635+00:00,20260809-051100,https://trends24.in/indonesia/,Sun Aug 09 2026 03:40:24 GMT+0000 (Coordinated Universal Time),23,paket data,paket data,,,,,,
2026-08-09T05:11:00.429635+00:00,20260809-051100,https://trends24.in/indonesia/,Sun Aug 09 2026 03:40:24 GMT+0000 (Coordinated Universal Time),24,THE EDGE OF HORIZON EP8,the edge of horizon ep8,,,,,,
2026-08-09T05:11:00.429635+00:00,20260809-051100,https://trends24.in/indonesia/,Sun Aug 09 2026 03:40:24 GMT+0000 (Coordinated Universal Time),25,blackpink,blackpink,,,,,,
2026-08-09T05:11:00.429635+00:00,20260809-051100,https://trends24.in/indonesia/,Sun Aug 09 2026 03:40:24 GMT+0000 (Coordinated Universal Time),26,Pagii,pagii,,,,,,
2026-08-09T05:11:00.429635+00:00,20260809-051100,https://trends24.in/indonesia/,Sun Aug 09 2026 03:40:24 GMT+0000 (Coordinated Universal Time),27,Ole Romeny,ole romeny,,,,,,
2026-08-09T05:11:00.429635+00:00,20260809-051100,https://trends24.in/indonesia/,Sun Aug 09 2026 03:40:24 GMT+0000 (Coordinated Universal Time),28,MAKE WAY FOR SCOUPS DAY,make way for scoups day,,,,,,
2026-08-09T05:11:00.429635+00:00,20260809-051100,https://trends24.in/indonesia/,Sun Aug 09 2026 03:40:24 GMT+0000 (Coordinated Universal Time),29,jisoo,jisoo,,,,,,
2026-08-09T05:11:00.429635+00:00,20260809-051100,https://trends24.in/indonesia/,Sun Aug 09 2026 03:40:24 GMT+0000 (Coordinated Universal Time),30,Tahun 1977,tahun 1977,,,,,,
2026-08-09T05:11:00.429635+00:00,20260809-051100,https://trends24.in/indonesia/,Sun Aug 09 2026 03:40:24 GMT+0000 (Coordinated Universal Time),31,International Cat Day,international cat day,,,,,,
2026-08-09T05:11:00.429635+00:00,20260809-051100,https://trends24.in/indonesia/,Sun Aug 09 2026 03:40:24 GMT+0000 (Coordinated Universal Time),32,JENENGE SOPO,jenenge sopo,,,,,,
2026-08-09T05:11:00.429635+00:00,20260809-051100,https://trends24.in/indonesia/,Sun Aug 09 2026 03:40:24 GMT+0000 (Coordinated Universal Time),33,daihatsu rocky hybrid,daihatsu rocky hybrid,,,,,,
2026-08-09T05:11:00.429635+00:00,20260809-051100,https://trends24.in/indonesia/,Sun Aug 09 2026 03:40:24 GMT+0000 (Coordinated Universal Time),34,rp 8.100,rp 8.100,,,,,,
2026-08-09T05:11:00.429635+00:00,20260809-051100,https://trends24.in/indonesia/,Sun Aug 09 2026 03:40:24 GMT+0000 (Coordinated Universal Time),35,Chapter 22,chapter 22,,,,,,
2026-08-09T05:11:00.429635+00:00,20260809-051100,https://trends24.in/indonesia/,Sun Aug 09 2026 03:40:24 GMT+0000 (Coordinated Universal Time),36,Summer Eyes,summer eyes,,,,,,
2026-08-09T05:11:00.429635+00:00,20260809-051100,https://trends24.in/indonesia/,Sun Aug 09 2026 03:40:24 GMT+0000 (Coordinated Universal Time),37,WAVE SHOPEE THEE,wave shopee thee,,,,,,
2026-08-09T05:11:00.429635+00:00,20260809-051100,https://trends24.in/indonesia/,Sun Aug 09 2026 03:40:24 GMT+0000 (Coordinated Universal Time),38,Home of Taesan's Dreams,home of taesan's dreams,,,,,,
2026-08-09T05:11:00.429635+00:00,20260809-051100,https://trends24.in/indonesia/,Sun Aug 09 2026 03:40:24 GMT+0000 (Coordinated Universal Time),39,iyos,iyos,,,,,,
2026-08-09T05:11:00.429635+00:00,20260809-051100,https://trends24.in/indonesia/,Sun Aug 09 2026 03:40:24 GMT+0000 (Coordinated Universal Time),40,De Paul,de paul,,,,,,
2026-08-09T05:11:00.429635+00:00,20260809-051100,https://trends24.in/indonesia/,Sun Aug 09 2026 03:40:24 GMT+0000 (Coordinated Universal Time),41,LOUIS SPOOKY IN LOVE OST,louis spooky in love ost,,,,,,
2026-08-09T05:11:00.429635+00:00,20260809-051100,https://trends24.in/indonesia/,Sun Aug 09 2026 03:40:24 GMT+0000 (Coordinated Universal Time),42,Original Content Rewards,original content rewards,,,,,,
2026-08-09T05:11:00.429635+00:00,20260809-051100,https://trends24.in/indonesia/,Sun Aug 09 2026 03:40:24 GMT+0000 (Coordinated Universal Time),43,Bloody Paradise,bloody paradise,,,,,,
2026-08-09T05:11:00.429635+00:00,20260809-051100,https://trends24.in/indonesia/,Sun Aug 09 2026 03:40:24 GMT+0000 (Coordinated Universal Time),44,Sarapan,sarapan,,,,,,
2026-08-09T05:11:00.429635+00:00,20260809-051100,https://trends24.in/indonesia/,Sun Aug 09 2026 03:40:24 GMT+0000 (Coordinated Universal Time),45,BRIN,brin,,,,,,
2026-08-09T05:11:00.429635+00:00,20260809-051100,https://trends24.in/indonesia/,Sun Aug 09 2026 03:40:24 GMT+0000 (Coordinated Universal Time),46,EST LIVE WITH LOREAL LAQUE,est live with loreal laque,,,,,,
2026-08-09T05:11:00.429635+00:00,20260809-051100,https://trends24.in/indonesia/,Sun Aug 09 2026 03:40:24 GMT+0000 (Coordinated Universal Time),47,PSSI,pssi,,,,,,
2026-08-09T05:11:00.429635+00:00,20260809-051100,https://trends24.in/indonesia/,Sun Aug 09 2026 03:40:24 GMT+0000 (Coordinated Universal Time),48,KENGNAMPING AT WEIBO NIGHT,kengnamping at weibo night,,,,,,
2026-08-09T05:11:00.429635+00:00,20260809-051100,https://trends24.in/indonesia/,Sun Aug 09 2026 03:40:24 GMT+0000 (Coordinated Universal Time),49,Happy 10th,happy 10th,,,,,,
2026-08-09T05:11:00.429635+00:00,20260809-051100,https://trends24.in/indonesia/,Sun Aug 09 2026 03:40:24 GMT+0000 (Coordinated Universal Time),50,Morninggg,morninggg,,,,,,
2026-08-09T05:11:00.429635+00:00,20260809-051100,https://trends24.in/indonesia/,Sun Aug 09 2026 02:48:51 GMT+0000 (Coordinated Universal Time),1,#GOPAYPLN81RIBU,gopaypln81ribu,,,,,,
2026-08-09T05:11:00.429635+00:00,20260809-051100,https://trends24.in/indonesia/,Sun Aug 09 2026 02:48:51 GMT+0000 (Coordinated Universal Time),2,#GMMTVFanfestInMacau2026,gmmtvfanfestinmacau2026,,,,,,
2026-08-09T05:11:00.429635+00:00,20260809-051100,https://trends24.in/indonesia/,Sun Aug 09 2026 02:48:51 GMT+0000 (Coordinated Universal Time),3,#LNGSHOTAtHITCLA,lngshotathitcla,,,,,,
2026-08-09T05:11:00.429635+00:00,20260809-051100,https://trends24.in/indonesia/,Sun Aug 09 2026 02:48:51 GMT+0000 (Coordinated Universal Time),4,PLN 100rb,pln 100rb,,,,,,
2026-08-09T05:11:00.429635+00:00,20260809-051100,https://trends24.in/indonesia/,Sun Aug 09 2026 02:48:51 GMT+0000 (Coordinated Universal Time),5,#KUOTASERBA8RIBU,kuotaserba8ribu,,,,,,
2026-08-09T05:11:00.429635+00:00,20260809-051100,https://trends24.in/indonesia/,Sun Aug 09 2026 02:48:51 GMT+0000 (Coordinated Universal Time),6,#DanantaraIndonesia,danantaraindonesia,,,,,,
2026-08-09T05:11:00.429635+00:00,20260809-051100,https://trends24.in/indonesia/,Sun Aug 09 2026 02:48:51 GMT+0000 (Coordinated Universal Time),7,Atensi Kampung Haji,atensi kampung haji,,,,,,
2026-08-09T05:11:00.429635+00:00,20260809-051100,https://trends24.in/indonesia/,Sun Aug 09 2026 02:48:51 GMT+0000 (Coordinated Universal Time),8,PERTHSANTA STARLIT JOURNEY,perthsanta starlit journey,,,,,,
2026-08-09T05:11:00.429635+00:00,20260809-051100,https://trends24.in/indonesia/,Sun Aug 09 2026 02:48:51 GMT+0000 (Coordinated Universal Time),9,JUNIORMARK ALONG SUNNYMOON,juniormark along sunnymoon,,,,,,
2026-08-09T05:11:00.429635+00:00,20260809-051100,https://trends24.in/indonesia/,Sun Aug 09 2026 02:48:51 GMT+0000 (Coordinated Universal Time),10,Minggu,minggu,,,,,,
2026-08-09T05:11:00.429635+00:00,20260809-051100,https://trends24.in/indonesia/,Sun Aug 09 2026 02:48:51 GMT+0000 (Coordinated Universal Time),11,Beli Token 100rb CUMA,beli token 100rb cuma,,,,,,
2026-08-09T05:11:00.429635+00:00,20260809-051100,https://trends24.in/indonesia/,Sun Aug 09 2026 02:48:51 GMT+0000 (Coordinated Universal Time),12,Hapsun,hapsun,,,,,,
2026-08-09T05:11:00.429635+00:00,20260809-051100,https://trends24.in/indonesia/,Sun Aug 09 2026 02:48:51 GMT+0000 (Coordinated Universal Time),13,Stake,stake,,,,,,
2026-08-09T05:11:00.429635+00:00,20260809-051100,https://trends24.in/indonesia/,Sun Aug 09 2026 02:48:51 GMT+0000 (Coordinated Universal Time),14,Drake,drake,,,,,,
2026-08-09T05:11:00.429635+00:00,20260809-051100,https://trends24.in/indonesia/,Sun Aug 09 2026 02:48:51 GMT+0000 (Coordinated Universal Time),15,Galaxy Z Fold8,galaxy z fold8,,,,,,
2026-08-09T05:11:00.429635+00:00,20260809-051100,https://trends24.in/indonesia/,Sun Aug 09 2026 02:48:51 GMT+0000 (Coordinated Universal Time),16,Araujo,araujo,,,,,,
2026-08-09T05:11:00.429635+00:00,20260809-051100,https://trends24.in/indonesia/,Sun Aug 09 2026 02:48:51 GMT+0000 (Coordinated Universal Time),17,Jorge Messi,jorge messi,,,,,,
2026-08-09T05:11:00.429635+00:00,20260809-051100,https://trends24.in/indonesia/,Sun Aug 09 2026 02:48:51 GMT+0000 (Coordinated Universal Time),18,Pagii,pagii,,,,,,
2026-08-09T05:11:00.429635+00:00,20260809-051100,https://trends24.in/indonesia/,Sun Aug 09 2026 02:48:51 GMT+0000 (Coordinated Universal Time),19,hard gumay,hard gumay,,,,,,
2026-08-09T05:11:00.429635+00:00,20260809-051100,https://trends24.in/indonesia/,Sun Aug 09 2026 02:48:51 GMT+0000 (Coordinated Universal Time),20,SKY X MAYBELLINE MATTE MAX,sky x maybelline matte max,,,,,,
2026-08-09T05:11:00.429635+00:00,20260809-051100,https://trends24.in/indonesia/,Sun Aug 09 2026 02:48:51 GMT+0000 (Coordinated Universal Time),21,Malming,malming,,,,,,
2026-08-09T05:11:00.429635+00:00,20260809-051100,https://trends24.in/indonesia/,Sun Aug 09 2026 02:48:51 GMT+0000 (Coordinated Universal Time),22,Ole Romeny,ole romeny,,,,,,
2026-08-09T05:11:00.429635+00:00,20260809-051100,https://trends24.in/indonesia/,Sun Aug 09 2026 02:48:51 GMT+0000 (Coordinated Universal Time),23,blackpink,blackpink,,,,,,
2026-08-09T05:11:00.429635+00:00,20260809-051100,https://trends24.in/indonesia/,Sun Aug 09 2026 02:48:51 GMT+0000 (Coordinated Universal Time),24,MELA A COZY DAY WITH JJ,mela a cozy day with jj,,,,,,
2026-08-09T05:11:00.429635+00:00,20260809-051100,https://trends24.in/indonesia/,Sun Aug 09 2026 02:48:51 GMT+0000 (Coordinated Universal Time),25,KNOCK KNOCK ROOM NO. FREEN,knock knock room no. freen,,,,,,
2026-08-09T05:11:00.429635+00:00,20260809-051100,https://trends24.in/indonesia/,Sun Aug 09 2026 02:48:51 GMT+0000 (Coordinated Universal Time),26,jisoo,jisoo,,,,,,
2026-08-09T05:11:00.429635+00:00,20260809-051100,https://trends24.in/indonesia/,Sun Aug 09 2026 02:48:51 GMT+0000 (Coordinated Universal Time),27,paket data,paket data,,,,,,
2026-08-09T05:11:00.429635+00:00,20260809-051100,https://trends24.in/indonesia/,Sun Aug 09 2026 02:48:51 GMT+0000 (Coordinated Universal Time),28,THE EDGE OF HORIZON EP8,the edge of horizon ep8,,,,,,
2026-08-09T05:11:00.429635+00:00,20260809-051100,https://trends24.in/indonesia/,Sun Aug 09 2026 02:48:51 GMT+0000 (Coordinated Universal Time),29,Tahun 1977,tahun 1977,,,,,,
2026-08-09T05:11:00.429635+00:00,20260809-051100,https://trends24.in/indonesia/,Sun Aug 09 2026 02:48:51 GMT+0000 (Coordinated Universal Time),30,Summer Eyes,summer eyes,,,,,,
2026-08-09T05:11:00.429635+00:00,20260809-051100,https://trends24.in/indonesia/,Sun Aug 09 2026 02:48:51 GMT+0000 (Coordinated Universal Time),31,International Cat Day,international cat day,,,,,,
2026-08-09T05:11:00.429635+00:00,20260809-051100,https://trends24.in/indonesia/,Sun Aug 09 2026 02:48:51 GMT+0000 (Coordinated Universal Time),32,daihatsu rocky hybrid,daihatsu rocky hybrid,,,,,,
2026-08-09T05:11:00.429635+00:00,20260809-051100,https://trends24.in/indonesia/,Sun Aug 09 2026 02:48:51 GMT+0000 (Coordinated Universal Time),33,WAVE SHOPEE THEE,wave shopee thee,,,,,,
2026-08-09T05:11:00.429635+00:00,20260809-051100,https://trends24.in/indonesia/,Sun Aug 09 2026 02:48:51 GMT+0000 (Coordinated Universal Time),34,ARE YOU READY,are you ready,,,,,,
2026-08-09T05:11:00.429635+00:00,20260809-051100,https://trends24.in/indonesia/,Sun Aug 09 2026 02:48:51 GMT+0000 (Coordinated Universal Time),35,Morninggg,morninggg,,,,,,
2026-08-09T05:11:00.429635+00:00,20260809-051100,https://trends24.in/indonesia/,Sun Aug 09 2026 02:48:51 GMT+0000 (Coordinated Universal Time),36,rp 8.100,rp 8.100,,,,,,
2026-08-09T05:11:00.429635+00:00,20260809-051100,https://trends24.in/indonesia/,Sun Aug 09 2026 02:48:51 GMT+0000 (Coordinated Universal Time),37,Original Content Rewards,original content rewards,,,,,,
2026-08-09T05:11:00.429635+00:00,20260809-051100,https://trends24.in/indonesia/,Sun Aug 09 2026 02:48:51 GMT+0000 (Coordinated Universal Time),38,Chapter 22,chapter 22,,,,,,
2026-08-09T05:11:00.429635+00:00,20260809-051100,https://trends24.in/indonesia/,Sun Aug 09 2026 02:48:51 GMT+0000 (Coordinated Universal Time),39,De Paul,de paul,,,,,,
2026-08-09T05:11:00.429635+00:00,20260809-051100,https://trends24.in/indonesia/,Sun Aug 09 2026 02:48:51 GMT+0000 (Coordinated Universal Time),40,Home of Taesan's Dreams,home of taesan's dreams,,,,,,
2026-08-09T05:11:00.429635+00:00,20260809-051100,https://trends24.in/indonesia/,Sun Aug 09 2026 02:48:51 GMT+0000 (Coordinated Universal Time),41,iyos,iyos,,,,,,
2026-08-09T05:11:00.429635+00:00,20260809-051100,https://trends24.in/indonesia/,Sun Aug 09 2026 02:48:51 GMT+0000 (Coordinated Universal Time),42,KENGNAMPING AT WEIBO NIGHT,kengnamping at weibo night,,,,,,
2026-08-09T05:11:00.429635+00:00,20260809-051100,https://trends24.in/indonesia/,Sun Aug 09 2026 02:48:51 GMT+0000 (Coordinated Universal Time),43,LOUIS SPOOKY IN LOVE OST,louis spooky in love ost,,,,,,
2026-08-09T05:11:00.429635+00:00,20260809-051100,https://trends24.in/indonesia/,Sun Aug 09 2026 02:48:51 GMT+0000 (Coordinated Universal Time),44,Bloody Paradise,bloody paradise,,,,,,
2026-08-09T05:11:00.429635+00:00,20260809-051100,https://trends24.in/indonesia/,Sun Aug 09 2026 02:48:51 GMT+0000 (Coordinated Universal Time),45,Never Let Go,never let go,,,,,,
2026-08-09T05:11:00.429635+00:00,20260809-051100,https://trends24.in/indonesia/,Sun Aug 09 2026 02:48:51 GMT+0000 (Coordinated Universal Time),46,PSSI,pssi,,,,,,
2026-08-09T05:11:00.429635+00:00,20260809-051100,https://trends24.in/indonesia/,Sun Aug 09 2026 02:48:51 GMT+0000 (Coordinated Universal Time),47,BRIN,brin,,,,,,
2026-08-09T05:11:00.429635+00:00,20260809-051100,https://trends24.in/indonesia/,Sun Aug 09 2026 02:48:51 GMT+0000 (Coordinated Universal Time),48,EST LIVE WITH LOREAL LAQUE,est live with loreal laque,,,,,,
2026-08-09T05:11:00.429635+00:00,20260809-051100,https://trends24.in/indonesia/,Sun Aug 09 2026 02:48:51 GMT+0000 (Coordinated Universal Time),49,Revenue Sharing,revenue sharing,,,,,,
2026-08-09T05:11:00.429635+00:00,20260809-051100,https://trends24.in/indonesia/,Sun Aug 09 2026 02:48:51 GMT+0000 (Coordinated Universal Time),50,Sarapan,sarapan,,,,,,
2026-08-09T05:11:00.429635+00:00,20260809-051100,https://trends24.in/indonesia/,Sun Aug 09 2026 02:48:30 GMT+0000 (Coordinated Universal Time),1,#GOPAYPLN81RIBU,gopaypln81ribu,,,,,,
2026-08-09T05:11:00.429635+00:00,20260809-051100,https://trends24.in/indonesia/,Sun Aug 09 2026 02:48:30 GMT+0000 (Coordinated Universal Time),2,#GMMTVFanfestInMacau2026,gmmtvfanfestinmacau2026,,,,,,
2026-08-09T05:11:00.429635+00:00,20260809-051100,https://trends24.in/indonesia/,Sun Aug 09 2026 02:48:30 GMT+0000 (Coordinated Universal Time),3,PLN 100rb,pln 100rb,,,,,,
2026-08-09T05:11:00.429635+00:00,20260809-051100,https://trends24.in/indonesia/,Sun Aug 09 2026 02:48:30 GMT+0000 (Coordinated Universal Time),4,#KUOTASERBA8RIBU,kuotaserba8ribu,,,,,,
2026-08-09T05:11:00.429635+00:00,20260809-051100,https://trends24.in/indonesia/,Sun Aug 09 2026 02:48:30 GMT+0000 (Coordinated Universal Time),5,LNGSHOT HEAD IN THE CLOUDS,lngshot head in the clouds,,,,,,
2026-08-09T05:11:00.429635+00:00,20260809-051100,https://trends24.in/indonesia/,Sun Aug 09 2026 02:48:30 GMT+0000 (Coordinated Universal Time),6,#DanantaraIndonesia,danantaraindonesia,,,,,,
2026-08-09T05:11:00.429635+00:00,20260809-051100,https://trends24.in/indonesia/,Sun Aug 09 2026 02:48:30 GMT+0000 (Coordinated Universal Time),7,Atensi Kampung Haji,atensi kampung haji,,,,,,
2026-08-09T05:11:00.429635+00:00,20260809-051100,https://trends24.in/indonesia/,Sun Aug 09 2026 02:48:30 GMT+0000 (Coordinated Universal Time),8,#ë¡±ì·_í¤ëì¸ëí´ë¼ì°ëì,ë¡±ì·_í¤ëì¸ëí´ë¼ì°ëì,,,,,,
2026-08-09T05:11:00.429635+00:00,20260809-051100,https://trends24.in/indonesia/,Sun Aug 09 2026 02:48:30 GMT+0000 (Coordinated Universal Time),9,PERTHSANTA STARLIT JOURNEY,perthsanta starlit journey,,,,,,
2026-08-09T05:11:00.429635+00:00,20260809-051100,https://trends24.in/indonesia/,Sun Aug 09 2026 02:48:30 GMT+0000 (Coordinated Universal Time),10,Minggu,minggu,,,,,,
2026-08-09T05:11:00.429635+00:00,20260809-051100,https://trends24.in/indonesia/,Sun Aug 09 2026 02:48:30 GMT+0000 (Coordinated Universal Time),11,JUNIORMARK ALONG SUNNYMOON,juniormark along sunnymoon,,,,,,
2026-08-09T05:11:00.429635+00:00,20260809-051100,https://trends24.in/indonesia/,Sun Aug 09 2026 02:48:30 GMT+0000 (Coordinated Universal Time),12,Beli Token 100rb CUMA,beli token 100rb cuma,,,,,,
2026-08-09T05:11:00.429635+00:00,20260809-051100,https://trends24.in/indonesia/,Sun Aug 09 2026 02:48:30 GMT+0000 (Coordinated Universal Time),13,Hapsun,hapsun,,,,,,
2026-08-09T05:11:00.429635+00:00,20260809-051100,https://trends24.in/indonesia/,Sun Aug 09 2026 02:48:30 GMT+0000 (Coordinated Universal Time),14,Stake,stake,,,,,,
2026-08-09T05:11:00.429635+00:00,20260809-051100,https://trends24.in/indonesia/,Sun Aug 09 2026 02:48:30 GMT+0000 (Coordinated Universal Time),15,Drake,drake,,,,,,
2026-08-09T05:11:00.429635+00:00,20260809-051100,https://trends24.in/indonesia/,Sun Aug 09 2026 02:48:30 GMT+0000 (Coordinated Universal Time),16,Galaxy Z Fold8,galaxy z fold8,,,,,,
2026-08-09T05:11:00.429635+00:00,20260809-051100,https://trends24.in/indonesia/,Sun Aug 09 2026 02:48:30 GMT+0000 (Coordinated Universal Time),17,Araujo,araujo,,,,,,
2026-08-09T05:11:00.429635+00:00,20260809-051100,https://trends24.in/indonesia/,Sun Aug 09 2026 02:48:30 GMT+0000 (Coordinated Universal Time),18,Jorge Messi,jorge messi,,,,,,
2026-08-09T05:11:00.429635+00:00,20260809-051100,https://trends24.in/indonesia/,Sun Aug 09 2026 02:48:30 GMT+0000 (Coordinated Universal Time),19,Pagii,pagii,,,,,,
2026-08-09T05:11:00.429635+00:00,20260809-051100,https://trends24.in/indonesia/,Sun Aug 09 2026 02:48:30 GMT+0000 (Coordinated Universal Time),20,hard gumay,hard gumay,,,,,,
2026-08-09T05:11:00.429635+00:00,20260809-051100,https://trends24.in/indonesia/,Sun Aug 09 2026 02:48:30 GMT+0000 (Coordinated Universal Time),21,SKY X MAYBELLINE MATTE MAX,sky x maybelline matte max,,,,,,
2026-08-09T05:11:00.429635+00:00,20260809-051100,https://trends24.in/indonesia/,Sun Aug 09 2026 02:48:30 GMT+0000 (Coordinated Universal Time),22,Malming,malming,,,,,,
2026-08-09T05:11:00.429635+00:00,20260809-051100,https://trends24.in/indonesia/,Sun Aug 09 2026 02:48:30 GMT+0000 (Coordinated Universal Time),23,Ole Romeny,ole romeny,,,,,,
2026-08-09T05:11:00.429635+00:00,20260809-051100,https://trends24.in/indonesia/,Sun Aug 09 2026 02:48:30 GMT+0000 (Coordinated Universal Time),24,blackpink,blackpink,,,,,,
2026-08-09T05:11:00.429635+00:00,20260809-051100,https://trends24.in/indonesia/,Sun Aug 09 2026 02:48:30 GMT+0000 (Coordinated Universal Time),25,MELA A COZY DAY WITH JJ,mela a cozy day with jj,,,,,,
2026-08-09T05:11:00.429635+00:00,20260809-051100,https://trends24.in/indonesia/,Sun Aug 09 2026 02:48:30 GMT+0000 (Coordinated Universal Time),26,KNOCK KNOCK ROOM NO. FREEN,knock knock room no. freen,,,,,,
2026-08-09T05:11:00.429635+00:00,20260809-051100,https://trends24.in/indonesia/,Sun Aug 09 2026 02:48:30 GMT+0000 (Coordinated Universal Time),27,jisoo,jisoo,,,,,,
2026-08-09T05:11:00.429635+00:00,20260809-051100,https://trends24.in/indonesia/,Sun Aug 09 2026 02:48:30 GMT+0000 (Coordinated Universal Time),28,paket data,paket data,,,,,,
2026-08-09T05:11:00.429635+00:00,20260809-051100,https://trends24.in/indonesia/,Sun Aug 09 2026 02:48:30 GMT+0000 (Coordinated Universal Time),29,THE EDGE OF HORIZON EP8,the edge of horizon ep8,,,,,,
2026-08-09T05:11:00.429635+00:00,20260809-051100,https://trends24.in/indonesia/,Sun Aug 09 2026 02:48:30 GMT+0000 (Coordinated Universal Time),30,Tahun 1977,tahun 1977,,,,,,
2026-08-09T05:11:00.429635+00:00,20260809-051100,https://trends24.in/indonesia/,Sun Aug 09 2026 02:48:30 GMT+0000 (Coordinated Universal Time),31,Summer Eyes,summer eyes,,,,,,
2026-08-09T05:11:00.429635+00:00,20260809-051100,https://trends24.in/indonesia/,Sun Aug 09 2026 02:48:30 GMT+0000 (Coordinated Universal Time),32,International Cat Day,international cat day,,,,,,
2026-08-09T05:11:00.429635+00:00,20260809-051100,https://trends24.in/indonesia/,Sun Aug 09 2026 02:48:30 GMT+0000 (Coordinated Universal Time),33,daihatsu rocky hybrid,daihatsu rocky hybrid,,,,,,
2026-08-09T05:11:00.429635+00:00,20260809-051100,https://trends24.in/indonesia/,Sun Aug 09 2026 02:48:30 GMT+0000 (Coordinated Universal Time),34,WAVE SHOPEE THEE,wave shopee thee,,,,,,
2026-08-09T05:11:00.429635+00:00,20260809-051100,https://trends24.in/indonesia/,Sun Aug 09 2026 02:48:30 GMT+0000 (Coordinated Universal Time),35,ARE YOU READY,are you ready,,,,,,
2026-08-09T05:11:00.429635+00:00,20260809-051100,https://trends24.in/indonesia/,Sun Aug 09 2026 02:48:30 GMT+0000 (Coordinated Universal Time),36,Morninggg,morninggg,,,,,,
2026-08-09T05:11:00.429635+00:00,20260809-051100,https://trends24.in/indonesia/,Sun Aug 09 2026 02:48:30 GMT+0000 (Coordinated Universal Time),37,rp 8.100,rp 8.100,,,,,,
2026-08-09T05:11:00.429635+00:00,20260809-051100,https://trends24.in/indonesia/,Sun Aug 09 2026 02:48:30 GMT+0000 (Coordinated Universal Time),38,Original Content Rewards,original content rewards,,,,,,
2026-08-09T05:11:00.429635+00:00,20260809-051100,https://trends24.in/indonesia/,Sun Aug 09 2026 02:48:30 GMT+0000 (Coordinated Universal Time),39,Chapter 22,chapter 22,,,,,,
2026-08-09T05:11:00.429635+00:00,20260809-051100,https://trends24.in/indonesia/,Sun Aug 09 2026 02:48:30 GMT+0000 (Coordinated Universal Time),40,De Paul,de paul,,,,,,
2026-08-09T05:11:00.429635+00:00,20260809-051100,https://trends24.in/indonesia/,Sun Aug 09 2026 02:48:30 GMT+0000 (Coordinated Universal Time),41,Home of Taesan's Dreams,home of taesan's dreams,,,,,,
2026-08-09T05:11:00.429635+00:00,20260809-051100,https://trends24.in/indonesia/,Sun Aug 09 2026 02:48:30 GMT+0000 (Coordinated Universal Time),42,iyos,iyos,,,,,,
2026-08-09T05:11:00.429635+00:00,20260809-051100,https://trends24.in/indonesia/,Sun Aug 09 2026 02:48:30 GMT+0000 (Coordinated Universal Time),43,KENGNAMPING AT WEIBO NIGHT,kengnamping at weibo night,,,,,,
2026-08-09T05:11:00.429635+00:00,20260809-051100,https://trends24.in/indonesia/,Sun Aug 09 2026 02:48:30 GMT+0000 (Coordinated Universal Time),44,LOUIS SPOOKY IN LOVE OST,louis spooky in love ost,,,,,,
2026-08-09T05:11:00.429635+00:00,20260809-051100,https://trends24.in/indonesia/,Sun Aug 09 2026 02:48:30 GMT+0000 (Coordinated Universal Time),45,Bloody Paradise,bloody paradise,,,,,,
2026-08-09T05:11:00.429635+00:00,20260809-051100,https://trends24.in/indonesia/,Sun Aug 09 2026 02:48:30 GMT+0000 (Coordinated Universal Time),46,Never Let Go,never let go,,,,,,
2026-08-09T05:11:00.429635+00:00,20260809-051100,https://trends24.in/indonesia/,Sun Aug 09 2026 02:48:30 GMT+0000 (Coordinated Universal Time),47,PSSI,pssi,,,,,,
2026-08-09T05:11:00.429635+00:00,20260809-051100,https://trends24.in/indonesia/,Sun Aug 09 2026 02:48:30 GMT+0000 (Coordinated Universal Time),48,BRIN,brin,,,,,,
2026-08-09T05:11:00.429635+00:00,20260809-051100,https://trends24.in/indonesia/,Sun Aug 09 2026 02:48:30 GMT+0000 (Coordinated Universal Time),49,EST LIVE WITH LOREAL LAQUE,est live with loreal laque,,,,,,
2026-08-09T05:11:00.429635+00:00,20260809-051100,https://trends24.in/indonesia/,Sun Aug 09 2026 02:48:30 GMT+0000 (Coordinated Universal Time),50,Revenue Sharing,revenue sharing,,,,,,
2026-08-09T05:11:00.429635+00:00,20260809-051100,https://trends24.in/indonesia/,Sun Aug 09 2026 01:57:10 GMT+0000 (Coordinated Universal Time),1,#GOPAYPLN81RIBU,gopaypln81ribu,,,,,,
2026-08-09T05:11:00.429635+00:00,20260809-051100,https://trends24.in/indonesia/,Sun Aug 09 2026 01:57:10 GMT+0000 (Coordinated Universal Time),2,#DanantaraIndonesia,danantaraindonesia,,,,,,
2026-08-09T05:11:00.429635+00:00,20260809-051100,https://trends24.in/indonesia/,Sun Aug 09 2026 01:57:10 GMT+0000 (Coordinated Universal Time),3,#GMMTVFanfestInMacau2026,gmmtvfanfestinmacau2026,,,,,,
2026-08-09T05:11:00.429635+00:00,20260809-051100,https://trends24.in/indonesia/,Sun Aug 09 2026 01:57:10 GMT+0000 (Coordinated Universal Time),4,Atensi Kampung Haji,atensi kampung haji,,,,,,
2026-08-09T05:11:00.429635+00:00,20260809-051100,https://trends24.in/indonesia/,Sun Aug 09 2026 01:57:10 GMT+0000 (Coordinated Universal Time),5,#LNGSHOTAtHITCLA,lngshotathitcla,,,,,,
2026-08-09T05:11:00.429635+00:00,20260809-051100,https://trends24.in/indonesia/,Sun Aug 09 2026 01:57:10 GMT+0000 (Coordinated Universal Time),6,#ë¡±ì·_í¤ëì¸ëí´ë¼ì°ëì,ë¡±ì·_í¤ëì¸ëí´ë¼ì°ëì,,,,,,
2026-08-09T05:11:00.429635+00:00,20260809-051100,https://trends24.in/indonesia/,Sun Aug 09 2026 01:57:10 GMT+0000 (Coordinated Universal Time),7,PLN 100rb,pln 100rb,,,,,,
2026-08-09T05:11:00.429635+00:00,20260809-051100,https://trends24.in/indonesia/,Sun Aug 09 2026 01:57:10 GMT+0000 (Coordinated Universal Time),8,PERTHSANTA STARLIT JOURNEY,perthsanta starlit journey,,,,,,
2026-08-09T05:11:00.429635+00:00,20260809-051100,https://trends24.in/indonesia/,Sun Aug 09 2026 01:57:10 GMT+0000 (Coordinated Universal Time),9,JUNIORMARK ALONG SUNNYMOON,juniormark along sunnymoon,,,,,,
2026-08-09T05:11:00.429635+00:00,20260809-051100,https://trends24.in/indonesia/,Sun Aug 09 2026 01:57:10 GMT+0000 (Coordinated Universal Time),10,Minggu,minggu,,,,,,
2026-08-09T05:11:00.429635+00:00,20260809-051100,https://trends24.in/indonesia/,Sun Aug 09 2026 01:57:10 GMT+0000 (Coordinated Universal Time),11,Hapsun,hapsun,,,,,,
2026-08-09T05:11:00.429635+00:00,20260809-051100,https://trends24.in/indonesia/,Sun Aug 09 2026 01:57:10 GMT+0000 (Coordinated Universal Time),12,Galaxy Z Fold8,galaxy z fold8,,,,,,
2026-08-09T05:11:00.429635+00:00,20260809-051100,https://trends24.in/indonesia/,Sun Aug 09 2026 01:57:10 GMT+0000 (Coordinated Universal Time),13,Araujo,araujo,,,,,,
2026-08-09T05:11:00.429635+00:00,20260809-051100,https://trends24.in/indonesia/,Sun Aug 09 2026 01:57:10 GMT+0000 (Coordinated Universal Time),14,Drake,drake,,,,,,
2026-08-09T05:11:00.429635+00:00,20260809-051100,https://trends24.in/indonesia/,Sun Aug 09 2026 01:57:10 GMT+0000 (Coordinated Universal Time),15,Jorge Messi,jorge messi,,,,,,
2026-08-09T05:11:00.429635+00:00,20260809-051100,https://trends24.in/indonesia/,Sun Aug 09 2026 01:57:10 GMT+0000 (Coordinated Universal Time),16,Ole Romeny,ole romeny,,,,,,
2026-08-09T05:11:00.429635+00:00,20260809-051100,https://trends24.in/indonesia/,Sun Aug 09 2026 01:57:10 GMT+0000 (Coordinated Universal Time),17,Pagii,pagii,,,,,,
2026-08-09T05:11:00.429635+00:00,20260809-051100,https://trends24.in/indonesia/,Sun Aug 09 2026 01:57:10 GMT+0000 (Coordinated Universal Time),18,Malming,malming,,,,,,
2026-08-09T05:11:00.429635+00:00,20260809-051100,https://trends24.in/indonesia/,Sun Aug 09 2026 01:57:10 GMT+0000 (Coordinated Universal Time),19,Summer Eyes,summer eyes,,,,,,
2026-08-09T05:11:00.429635+00:00,20260809-051100,https://trends24.in/indonesia/,Sun Aug 09 2026 01:57:10 GMT+0000 (Coordinated Universal Time),20,blackpink,blackpink,,,,,,
2026-08-09T05:11:00.429635+00:00,20260809-051100,https://trends24.in/indonesia/,Sun Aug 09 2026 01:57:10 GMT+0000 (Coordinated Universal Time),21,JUHOON DRAWS EVERY GAZE,juhoon draws every gaze,,,,,,
2026-08-09T05:11:00.429635+00:00,20260809-051100,https://trends24.in/indonesia/,Sun Aug 09 2026 01:57:10 GMT+0000 (Coordinated Universal Time),22,hard gumay,hard gumay,,,,,,
2026-08-09T05:11:00.429635+00:00,20260809-051100,https://trends24.in/indonesia/,Sun Aug 09 2026 01:57:10 GMT+0000 (Coordinated Universal Time),23,SKY X MAYBELLINE MATTE MAX,sky x maybelline matte max,,,,,,
2026-08-09T05:11:00.429635+00:00,20260809-051100,https://trends24.in/indonesia/,Sun Aug 09 2026 01:57:10 GMT+0000 (Coordinated Universal Time),24,KNOCK KNOCK ROOM NO. FREEN,knock knock room no. freen,,,,,,
2026-08-09T05:11:00.429635+00:00,20260809-051100,https://trends24.in/indonesia/,Sun Aug 09 2026 01:57:10 GMT+0000 (Coordinated Universal Time),25,MELA A COZY DAY WITH JJ,mela a cozy day with jj,,,,,,
2026-08-09T05:11:00.429635+00:00,20260809-051100,https://trends24.in/indonesia/,Sun Aug 09 2026 01:57:10 GMT+0000 (Coordinated Universal Time),26,jisoo,jisoo,,,,,,
2026-08-09T05:11:00.429635+00:00,20260809-051100,https://trends24.in/indonesia/,Sun Aug 09 2026 01:57:10 GMT+0000 (Coordinated Universal Time),27,Happy Birthday Stake,happy birthday stake,,,,,,
2026-08-09T05:11:00.429635+00:00,20260809-051100,https://trends24.in/indonesia/,Sun Aug 09 2026 01:57:10 GMT+0000 (Coordinated Universal Time),28,paket data,paket data,,,,,,
2026-08-09T05:11:00.429635+00:00,20260809-051100,https://trends24.in/indonesia/,Sun Aug 09 2026 01:57:10 GMT+0000 (Coordinated Universal Time),29,THE EDGE OF HORIZON EP8,the edge of horizon ep8,,,,,,
2026-08-09T05:11:00.429635+00:00,20260809-051100,https://trends24.in/indonesia/,Sun Aug 09 2026 01:57:10 GMT+0000 (Coordinated Universal Time),30,Tahun 1977,tahun 1977,,,,,,
2026-08-09T05:11:00.429635+00:00,20260809-051100,https://trends24.in/indonesia/,Sun Aug 09 2026 01:57:10 GMT+0000 (Coordinated Universal Time),31,LOUIS SPOOKY IN LOVE OST,louis spooky in love ost,,,,,,
2026-08-09T05:11:00.429635+00:00,20260809-051100,https://trends24.in/indonesia/,Sun Aug 09 2026 01:57:10 GMT+0000 (Coordinated Universal Time),32,International Cat Day,international cat day,,,,,,
2026-08-09T05:11:00.429635+00:00,20260809-051100,https://trends24.in/indonesia/,Sun Aug 09 2026 01:57:10 GMT+0000 (Coordinated Universal Time),33,daihatsu rocky hybrid,daihatsu rocky hybrid,,,,,,
2026-08-09T05:11:00.429635+00:00,20260809-051100,https://trends24.in/indonesia/,Sun Aug 09 2026 01:57:10 GMT+0000 (Coordinated Universal Time),34,WAVE SHOPEE THEE,wave shopee thee,,,,,,
2026-08-09T05:11:00.429635+00:00,20260809-051100,https://trends24.in/indonesia/,Sun Aug 09 2026 01:57:10 GMT+0000 (Coordinated Universal Time),35,ARE YOU READY,are you ready,,,,,,
2026-08-09T05:11:00.429635+00:00,20260809-051100,https://trends24.in/indonesia/,Sun Aug 09 2026 01:57:10 GMT+0000 (Coordinated Universal Time),36,Original Content Rewards,original content rewards,,,,,,
2026-08-09T05:11:00.429635+00:00,20260809-051100,https://trends24.in/indonesia/,Sun Aug 09 2026 01:57:10 GMT+0000 (Coordinated Universal Time),37,Morninggg,morninggg,,,,,,
2026-08-09T05:11:00.429635+00:00,20260809-051100,https://trends24.in/indonesia/,Sun Aug 09 2026 01:57:10 GMT+0000 (Coordinated Universal Time),38,rp 8.100,rp 8.100,,,,,,
2026-08-09T05:11:00.429635+00:00,20260809-051100,https://trends24.in/indonesia/,Sun Aug 09 2026 01:57:10 GMT+0000 (Coordinated Universal Time),39,Chapter 22,chapter 22,,,,,,
2026-08-09T05:11:00.429635+00:00,20260809-051100,https://trends24.in/indonesia/,Sun Aug 09 2026 01:57:10 GMT+0000 (Coordinated Universal Time),40,Home of Taesan's Dreams,home of taesan's dreams,,,,,,
2026-08-09T05:11:00.429635+00:00,20260809-051100,https://trends24.in/indonesia/,Sun Aug 09 2026 01:57:10 GMT+0000 (Coordinated Universal Time),41,Bloody Paradise,bloody paradise,,,,,,
2026-08-09T05:11:00.429635+00:00,20260809-051100,https://trends24.in/indonesia/,Sun Aug 09 2026 01:57:10 GMT+0000 (Coordinated Universal Time),42,iyos,iyos,,,,,,
2026-08-09T05:11:00.429635+00:00,20260809-051100,https://trends24.in/indonesia/,Sun Aug 09 2026 01:57:10 GMT+0000 (Coordinated Universal Time),43,KENGNAMPING AT WEIBO NIGHT,kengnamping at weibo night,,,,,,
2026-08-09T05:11:00.429635+00:00,20260809-051100,https://trends24.in/indonesia/,Sun Aug 09 2026 01:57:10 GMT+0000 (Coordinated Universal Time),44,Never Let Go,never let go,,,,,,
2026-08-09T05:11:00.429635+00:00,20260809-051100,https://trends24.in/indonesia/,Sun Aug 09 2026 01:57:10 GMT+0000 (Coordinated Universal Time),45,PSSI,pssi,,,,,,
2026-08-09T05:11:00.429635+00:00,20260809-051100,https://trends24.in/indonesia/,Sun Aug 09 2026 01:57:10 GMT+0000 (Coordinated Universal Time),46,BRIN,brin,,,,,,
2026-08-09T05:11:00.429635+00:00,20260809-051100,https://trends24.in/indonesia/,Sun Aug 09 2026 01:57:10 GMT+0000 (Coordinated Universal Time),47,EST LIVE WITH LOREAL LAQUE,est live with loreal laque,,,,,,
2026-08-09T05:11:00.429635+00:00,20260809-051100,https://trends24.in/indonesia/,Sun Aug 09 2026 01:57:10 GMT+0000 (Coordinated Universal Time),48,Revenue Sharing,revenue sharing,,,,,,
2026-08-09T05:11:00.429635+00:00,20260809-051100,https://trends24.in/indonesia/,Sun Aug 09 2026 01:57:10 GMT+0000 (Coordinated Universal Time),49,Happy 10th,happy 10th,,,,,,
2026-08-09T05:11:00.429635+00:00,20260809-051100,https://trends24.in/indonesia/,Sun Aug 09 2026 01:57:10 GMT+0000 (Coordinated Universal Time),50,cheol,cheol,,,,,,
2026-08-09T05:11:00.429635+00:00,20260809-051100,https://trends24.in/indonesia/,Sun Aug 09 2026 01:06:23 GMT+0000 (Coordinated Universal Time),1,#LNGSHOTAtHITCLA,lngshotathitcla,,,,,,
2026-08-09T05:11:00.429635+00:00,20260809-051100,https://trends24.in/indonesia/,Sun Aug 09 2026 01:06:23 GMT+0000 (Coordinated Universal Time),2,#ë¡±ì·_í¤ëì¸ëí´ë¼ì°ëì,ë¡±ì·_í¤ëì¸ëí´ë¼ì°ëì,,,,,,
2026-08-09T05:11:00.429635+00:00,20260809-051100,https://trends24.in/indonesia/,Sun Aug 09 2026 01:06:23 GMT+0000 (Coordinated Universal Time),3,Atensi Kampung Haji,atensi kampung haji,,,,,,
2026-08-09T05:11:00.429635+00:00,20260809-051100,https://trends24.in/indonesia/,Sun Aug 09 2026 01:06:23 GMT+0000 (Coordinated Universal Time),4,#DanantaraIndonesia,danantaraindonesia,,,,,,
2026-08-09T05:11:00.429635+00:00,20260809-051100,https://trends24.in/indonesia/,Sun Aug 09 2026 01:06:23 GMT+0000 (Coordinated Universal Time),5,#GMMTVFanfestInMacau2026,gmmtvfanfestinmacau2026,,,,,,
2026-08-09T05:11:00.429635+00:00,20260809-051100,https://trends24.in/indonesia/,Sun Aug 09 2026 01:06:23 GMT+0000 (Coordinated Universal Time),6,#KUOTASERBA8RIBU,kuotaserba8ribu,,,,,,
2026-08-09T05:11:00.429635+00:00,20260809-051100,https://trends24.in/indonesia/,Sun Aug 09 2026 01:06:23 GMT+0000 (Coordinated Universal Time),7,gopay,gopay,,,,,,
2026-08-09T05:11:00.429635+00:00,20260809-051100,https://trends24.in/indonesia/,Sun Aug 09 2026 01:06:23 GMT+0000 (Coordinated Universal Time),8,PERTHSANTA STARLIT JOURNEY,perthsanta starlit journey,,,,,,
2026-08-09T05:11:00.429635+00:00,20260809-051100,https://trends24.in/indonesia/,Sun Aug 09 2026 01:06:23 GMT+0000 (Coordinated Universal Time),9,JUNIORMARK ALONG SUNNYMOON,juniormark along sunnymoon,,,,,,
2026-08-09T05:11:00.429635+00:00,20260809-051100,https://trends24.in/indonesia/,Sun Aug 09 2026 01:06:23 GMT+0000 (Coordinated Universal Time),10,Minggu,minggu,,,,,,
2026-08-09T05:11:00.429635+00:00,20260809-051100,https://trends24.in/indonesia/,Sun Aug 09 2026 01:06:23 GMT+0000 (Coordinated Universal Time),11,Galaxy Z Fold8,galaxy z fold8,,,,,,
2026-08-09T05:11:00.429635+00:00,20260809-051100,https://trends24.in/indonesia/,Sun Aug 09 2026 01:06:23 GMT+0000 (Coordinated Universal Time),12,Hapsun,hapsun,,,,,,
2026-08-09T05:11:00.429635+00:00,20260809-051100,https://trends24.in/indonesia/,Sun Aug 09 2026 01:06:23 GMT+0000 (Coordinated Universal Time),13,SUMMER EYES,summer eyes,,,,,,
2026-08-09T05:11:00.429635+00:00,20260809-051100,https://trends24.in/indonesia/,Sun Aug 09 2026 01:06:23 GMT+0000 (Coordinated Universal Time),14,Araujo,araujo,,,,,,
2026-08-09T05:11:00.429635+00:00,20260809-051100,https://trends24.in/indonesia/,Sun Aug 09 2026 01:06:23 GMT+0000 (Coordinated Universal Time),15,Ole Romeny,ole romeny,,,,,,
2026-08-09T05:11:00.429635+00:00,20260809-051100,https://trends24.in/indonesia/,Sun Aug 09 2026 01:06:23 GMT+0000 (Coordinated Universal Time),16,Jorge Messi,jorge messi,,,,,,
2026-08-09T05:11:00.429635+00:00,20260809-051100,https://trends24.in/indonesia/,Sun Aug 09 2026 01:06:23 GMT+0000 (Coordinated Universal Time),17,blackpink,blackpink,,,,,,
2026-08-09T05:11:00.429635+00:00,20260809-051100,https://trends24.in/indonesia/,Sun Aug 09 2026 01:06:23 GMT+0000 (Coordinated Universal Time),18,Malming,malming,,,,,,
2026-08-09T05:11:00.429635+00:00,20260809-051100,https://trends24.in/indonesia/,Sun Aug 09 2026 01:06:23 GMT+0000 (Coordinated Universal Time),19,KNOCK KNOCK ROOM NO. FREEN,knock knock room no. freen,,,,,,
2026-08-09T05:11:00.429635+00:00,20260809-051100,https://trends24.in/indonesia/,Sun Aug 09 2026 01:06:23 GMT+0000 (Coordinated Universal Time),20,hard gumay,hard gumay,,,,,,
2026-08-09T05:11:00.429635+00:00,20260809-051100,https://trends24.in/indonesia/,Sun Aug 09 2026 01:06:23 GMT+0000 (Coordinated Universal Time),21,SKY X MAYBELLINE MATTE MAX,sky x maybelline matte max,,,,,,
2026-08-09T05:11:00.429635+00:00,20260809-051100,https://trends24.in/indonesia/,Sun Aug 09 2026 01:06:23 GMT+0000 (Coordinated Universal Time),22,jisoo,jisoo,,,,,,
2026-08-09T05:11:00.429635+00:00,20260809-051100,https://trends24.in/indonesia/,Sun Aug 09 2026 01:06:23 GMT+0000 (Coordinated Universal Time),23,MELA A COZY DAY WITH JJ,mela a cozy day with jj,,,,,,
2026-08-09T05:11:00.429635+00:00,20260809-051100,https://trends24.in/indonesia/,Sun Aug 09 2026 01:06:23 GMT+0000 (Coordinated Universal Time),24,Pagii,pagii,,,,,,
2026-08-09T05:11:00.429635+00:00,20260809-051100,https://trends24.in/indonesia/,Sun Aug 09 2026 01:06:23 GMT+0000 (Coordinated Universal Time),25,paket data,paket data,,,,,,
2026-08-09T05:11:00.429635+00:00,20260809-051100,https://trends24.in/indonesia/,Sun Aug 09 2026 01:06:23 GMT+0000 (Coordinated Universal Time),26,THE EDGE OF HORIZON EP8,the edge of horizon ep8,,,,,,
2026-08-09T05:11:00.429635+00:00,20260809-051100,https://trends24.in/indonesia/,Sun Aug 09 2026 01:06:23 GMT+0000 (Coordinated Universal Time),27,Morninggg,morninggg,,,,,,
2026-08-09T05:11:00.429635+00:00,20260809-051100,https://trends24.in/indonesia/,Sun Aug 09 2026 01:06:23 GMT+0000 (Coordinated Universal Time),28,LOUIS SPOOKY IN LOVE OST,louis spooky in love ost,,,,,,
2026-08-09T05:11:00.429635+00:00,20260809-051100,https://trends24.in/indonesia/,Sun Aug 09 2026 01:06:23 GMT+0000 (Coordinated Universal Time),29,$TOAD,$toad,,,,,,
2026-08-09T05:11:00.429635+00:00,20260809-051100,https://trends24.in/indonesia/,Sun Aug 09 2026 01:06:23 GMT+0000 (Coordinated Universal Time),30,International Cat Day,international cat day,,,,,,
2026-08-09T05:11:00.429635+00:00,20260809-051100,https://trends24.in/indonesia/,Sun Aug 09 2026 01:06:23 GMT+0000 (Coordinated Universal Time),31,daihatsu rocky hybrid,daihatsu rocky hybrid,,,,,,
2026-08-09T05:11:00.429635+00:00,20260809-051100,https://trends24.in/indonesia/,Sun Aug 09 2026 01:06:23 GMT+0000 (Coordinated Universal Time),32,WAVE SHOPEE THEE,wave shopee thee,,,,,,
2026-08-09T05:11:00.429635+00:00,20260809-051100,https://trends24.in/indonesia/,Sun Aug 09 2026 01:06:23 GMT+0000 (Coordinated Universal Time),33,ARE YOU READY,are you ready,,,,,,
2026-08-09T05:11:00.429635+00:00,20260809-051100,https://trends24.in/indonesia/,Sun Aug 09 2026 01:06:23 GMT+0000 (Coordinated Universal Time),34,Original Content Rewards,original content rewards,,,,,,
2026-08-09T05:11:00.429635+00:00,20260809-051100,https://trends24.in/indonesia/,Sun Aug 09 2026 01:06:23 GMT+0000 (Coordinated Universal Time),35,Revenue Sharing,revenue sharing,,,,,,
2026-08-09T05:11:00.429635+00:00,20260809-051100,https://trends24.in/indonesia/,Sun Aug 09 2026 01:06:23 GMT+0000 (Coordinated Universal Time),36,rp 8.100,rp 8.100,,,,,,
2026-08-09T05:11:00.429635+00:00,20260809-051100,https://trends24.in/indonesia/,Sun Aug 09 2026 01:06:23 GMT+0000 (Coordinated Universal Time),37,WALLET,wallet,,,,,,
2026-08-09T05:11:00.429635+00:00,20260809-051100,https://trends24.in/indonesia/,Sun Aug 09 2026 01:06:23 GMT+0000 (Coordinated Universal Time),38,Stake,stake,,,,,,
2026-08-09T05:11:00.429635+00:00,20260809-051100,https://trends24.in/indonesia/,Sun Aug 09 2026 01:06:23 GMT+0000 (Coordinated Universal Time),39,Drake,drake,,,,,,
2026-08-09T05:11:00.429635+00:00,20260809-051100,https://trends24.in/indonesia/,Sun Aug 09 2026 01:06:23 GMT+0000 (Coordinated Universal Time),40,Bloody Paradise,bloody paradise,,,,,,
2026-08-09T05:11:00.429635+00:00,20260809-051100,https://trends24.in/indonesia/,Sun Aug 09 2026 01:06:23 GMT+0000 (Coordinated Universal Time),41,iyos,iyos,,,,,,
2026-08-09T05:11:00.429635+00:00,20260809-051100,https://trends24.in/indonesia/,Sun Aug 09 2026 01:06:23 GMT+0000 (Coordinated Universal Time),42,PSSI,pssi,,,,,,
2026-08-09T05:11:00.429635+00:00,20260809-051100,https://trends24.in/indonesia/,Sun Aug 09 2026 01:06:23 GMT+0000 (Coordinated Universal Time),43,KENGNAMPING AT WEIBO NIGHT,kengnamping at weibo night,,,,,,
2026-08-09T05:11:00.429635+00:00,20260809-051100,https://trends24.in/indonesia/,Sun Aug 09 2026 01:06:23 GMT+0000 (Coordinated Universal Time),44,Fortuna Sittard,fortuna sittard,,,,,,
2026-08-09T05:11:00.429635+00:00,20260809-051100,https://trends24.in/indonesia/,Sun Aug 09 2026 01:06:23 GMT+0000 (Coordinated Universal Time),45,Chapter 22,chapter 22,,,,,,
2026-08-09T05:11:00.429635+00:00,20260809-051100,https://trends24.in/indonesia/,Sun Aug 09 2026 01:06:23 GMT+0000 (Coordinated Universal Time),46,Dingin,dingin,,,,,,
2026-08-09T05:11:00.429635+00:00,20260809-051100,https://trends24.in/indonesia/,Sun Aug 09 2026 01:06:23 GMT+0000 (Coordinated Universal Time),47,BRIN,brin,,,,,,
2026-08-09T05:11:00.429635+00:00,20260809-051100,https://trends24.in/indonesia/,Sun Aug 09 2026 01:06:23 GMT+0000 (Coordinated Universal Time),48,Home of Taesan's Dreams,home of taesan's dreams,,,,,,
2026-08-09T05:11:00.429635+00:00,20260809-051100,https://trends24.in/indonesia/,Sun Aug 09 2026 01:06:23 GMT+0000 (Coordinated Universal Time),49,Happy 10th,happy 10th,,,,,,
2026-08-09T05:11:00.429635+00:00,20260809-051100,https://trends24.in/indonesia/,Sun Aug 09 2026 01:06:23 GMT+0000 (Coordinated Universal Time),50,EST LIVE WITH LOREAL LAQUE,est live with loreal laque,,,,,,
2026-08-09T05:11:00.429635+00:00,20260809-051100,https://trends24.in/indonesia/,Sun Aug 09 2026 00:15:19 GMT+0000 (Coordinated Universal Time),1,#GMMTVFanfestInMacau2026,gmmtvfanfestinmacau2026,,,,,,
2026-08-09T05:11:00.429635+00:00,20260809-051100,https://trends24.in/indonesia/,Sun Aug 09 2026 00:15:19 GMT+0000 (Coordinated Universal Time),2,#LNGSHOTAtHITCLA,lngshotathitcla,,,,,,
2026-08-09T05:11:00.429635+00:00,20260809-051100,https://trends24.in/indonesia/,Sun Aug 09 2026 00:15:19 GMT+0000 (Coordinated Universal Time),3,#ë¡±ì·_í¤ëì¸ëí´ë¼ì°ëì,ë¡±ì·_í¤ëì¸ëí´ë¼ì°ëì,,,,,,
2026-08-09T05:11:00.429635+00:00,20260809-051100,https://trends24.in/indonesia/,Sun Aug 09 2026 00:15:19 GMT+0000 (Coordinated Universal Time),4,#KUOTASERBA8RIBU,kuotaserba8ribu,,,,,,
2026-08-09T05:11:00.429635+00:00,20260809-051100,https://trends24.in/indonesia/,Sun Aug 09 2026 00:15:19 GMT+0000 (Coordinated Universal Time),5,#PYPD_IN_ATLANTA,pypd_in_atlanta,,,,,,
2026-08-09T05:11:00.429635+00:00,20260809-051100,https://trends24.in/indonesia/,Sun Aug 09 2026 00:15:19 GMT+0000 (Coordinated Universal Time),6,PERTHSANTA STARLIT JOURNEY,perthsanta starlit journey,,,,,,
2026-08-09T05:11:00.429635+00:00,20260809-051100,https://trends24.in/indonesia/,Sun Aug 09 2026 00:15:19 GMT+0000 (Coordinated Universal Time),7,gopay,gopay,,,,,,
2026-08-09T05:11:00.429635+00:00,20260809-051100,https://trends24.in/indonesia/,Sun Aug 09 2026 00:15:19 GMT+0000 (Coordinated Universal Time),8,JUNIORMARK ALONG SUNNYMOON,juniormark along sunnymoon,,,,,,
2026-08-09T05:11:00.429635+00:00,20260809-051100,https://trends24.in/indonesia/,Sun Aug 09 2026 00:15:19 GMT+0000 (Coordinated Universal Time),9,Minggu,minggu,,,,,,
2026-08-09T05:11:00.429635+00:00,20260809-051100,https://trends24.in/indonesia/,Sun Aug 09 2026 00:15:19 GMT+0000 (Coordinated Universal Time),10,Galaxy Z Fold8,galaxy z fold8,,,,,,
2026-08-09T05:11:00.429635+00:00,20260809-051100,https://trends24.in/indonesia/,Sun Aug 09 2026 00:15:19 GMT+0000 (Coordinated Universal Time),11,Araujo,araujo,,,,,,
2026-08-09T05:11:00.429635+00:00,20260809-051100,https://trends24.in/indonesia/,Sun Aug 09 2026 00:15:19 GMT+0000 (Coordinated Universal Time),12,blackpink,blackpink,,,,,,
2026-08-09T05:11:00.429635+00:00,20260809-051100,https://trends24.in/indonesia/,Sun Aug 09 2026 00:15:19 GMT+0000 (Coordinated Universal Time),13,Ole Romeny,ole romeny,,,,,,
2026-08-09T05:11:00.429635+00:00,20260809-051100,https://trends24.in/indonesia/,Sun Aug 09 2026 00:15:19 GMT+0000 (Coordinated Universal Time),14,Jorge Messi,jorge messi,,,,,,
2026-08-09T05:11:00.429635+00:00,20260809-051100,https://trends24.in/indonesia/,Sun Aug 09 2026 00:15:19 GMT+0000 (Coordinated Universal Time),15,KNOCK KNOCK ROOM NO. FREEN,knock knock room no. freen,,,,,,
2026-08-09T05:11:00.429635+00:00,20260809-051100,https://trends24.in/indonesia/,Sun Aug 09 2026 00:15:19 GMT+0000 (Coordinated Universal Time),16,jisoo,jisoo,,,,,,
2026-08-09T05:11:00.429635+00:00,20260809-051100,https://trends24.in/indonesia/,Sun Aug 09 2026 00:15:19 GMT+0000 (Coordinated Universal Time),17,Fortuna Sittard,fortuna sittard,,,,,,
2026-08-09T05:11:00.429635+00:00,20260809-051100,https://trends24.in/indonesia/,Sun Aug 09 2026 00:15:19 GMT+0000 (Coordinated Universal Time),18,hard gumay,hard gumay,,,,,,
2026-08-09T05:11:00.429635+00:00,20260809-051100,https://trends24.in/indonesia/,Sun Aug 09 2026 00:15:19 GMT+0000 (Coordinated Universal Time),19,SKY X MAYBELLINE MATTE MAX,sky x maybelline matte max,,,,,,
2026-08-09T05:11:00.429635+00:00,20260809-051100,https://trends24.in/indonesia/,Sun Aug 09 2026 00:15:19 GMT+0000 (Coordinated Universal Time),20,MELA A COZY DAY WITH JJ,mela a cozy day with jj,,,,,,
2026-08-09T05:11:00.429635+00:00,20260809-051100,https://trends24.in/indonesia/,Sun Aug 09 2026 00:15:19 GMT+0000 (Coordinated Universal Time),21,THE EDGE OF HORIZON EP8,the edge of horizon ep8,,,,,,
2026-08-09T05:11:00.429635+00:00,20260809-051100,https://trends24.in/indonesia/,Sun Aug 09 2026 00:15:19 GMT+0000 (Coordinated Universal Time),22,paket data,paket data,,,,,,
2026-08-09T05:11:00.429635+00:00,20260809-051100,https://trends24.in/indonesia/,Sun Aug 09 2026 00:15:19 GMT+0000 (Coordinated Universal Time),23,Dingin,dingin,,,,,,
2026-08-09T05:11:00.429635+00:00,20260809-051100,https://trends24.in/indonesia/,Sun Aug 09 2026 00:15:19 GMT+0000 (Coordinated Universal Time),24,Morninggg,morninggg,,,,,,
2026-08-09T05:11:00.429635+00:00,20260809-051100,https://trends24.in/indonesia/,Sun Aug 09 2026 00:15:19 GMT+0000 (Coordinated Universal Time),25,LOUIS SPOOKY IN LOVE OST,louis spooky in love ost,,,,,,
2026-08-09T05:11:00.429635+00:00,20260809-051100,https://trends24.in/indonesia/,Sun Aug 09 2026 00:15:19 GMT+0000 (Coordinated Universal Time),26,$TOAD,$toad,,,,,,
2026-08-09T05:11:00.429635+00:00,20260809-051100,https://trends24.in/indonesia/,Sun Aug 09 2026 00:15:19 GMT+0000 (Coordinated Universal Time),27,International Cat Day,international cat day,,,,,,
2026-08-09T05:11:00.429635+00:00,20260809-051100,https://trends24.in/indonesia/,Sun Aug 09 2026 00:15:19 GMT+0000 (Coordinated Universal Time),28,daihatsu rocky hybrid,daihatsu rocky hybrid,,,,,,
2026-08-09T05:11:00.429635+00:00,20260809-051100,https://trends24.in/indonesia/,Sun Aug 09 2026 00:15:19 GMT+0000 (Coordinated Universal Time),29,WAVE SHOPEE THEE,wave shopee thee,,,,,,
2026-08-09T05:11:00.429635+00:00,20260809-051100,https://trends24.in/indonesia/,Sun Aug 09 2026 00:15:19 GMT+0000 (Coordinated Universal Time),30,Original Content Rewards,original content rewards,,,,,,
2026-08-09T05:11:00.429635+00:00,20260809-051100,https://trends24.in/indonesia/,Sun Aug 09 2026 00:15:19 GMT+0000 (Coordinated Universal Time),31,Eredivisie,eredivisie,,,,,,
2026-08-09T05:11:00.429635+00:00,20260809-051100,https://trends24.in/indonesia/,Sun Aug 09 2026 00:15:19 GMT+0000 (Coordinated Universal Time),32,Revenue Sharing,revenue sharing,,,,,,
2026-08-09T05:11:00.429635+00:00,20260809-051100,https://trends24.in/indonesia/,Sun Aug 09 2026 00:15:19 GMT+0000 (Coordinated Universal Time),33,PSV Eindhoven,psv eindhoven,,,,,,
2026-08-09T05:11:00.429635+00:00,20260809-051100,https://trends24.in/indonesia/,Sun Aug 09 2026 00:15:19 GMT+0000 (Coordinated Universal Time),34,rp 8.100,rp 8.100,,,,,,
2026-08-09T05:11:00.429635+00:00,20260809-051100,https://trends24.in/indonesia/,Sun Aug 09 2026 00:15:19 GMT+0000 (Coordinated Universal Time),35,Clara,clara,,,,,,
2026-08-09T05:11:00.429635+00:00,20260809-051100,https://trends24.in/indonesia/,Sun Aug 09 2026 00:15:19 GMT+0000 (Coordinated Universal Time),36,WALLET,wallet,,,,,,
2026-08-09T05:11:00.429635+00:00,20260809-051100,https://trends24.in/indonesia/,Sun Aug 09 2026 00:15:19 GMT+0000 (Coordinated Universal Time),37,Waalaikumsalam,waalaikumsalam,,,,,,
2026-08-09T05:11:00.429635+00:00,20260809-051100,https://trends24.in/indonesia/,Sun Aug 09 2026 00:15:19 GMT+0000 (Coordinated Universal Time),38,Justin Hubner,justin hubner,,,,,,
2026-08-09T05:11:00.429635+00:00,20260809-051100,https://trends24.in/indonesia/,Sun Aug 09 2026 00:15:19 GMT+0000 (Coordinated Universal Time),39,PSSI,pssi,,,,,,
2026-08-09T05:11:00.429635+00:00,20260809-051100,https://trends24.in/indonesia/,Sun Aug 09 2026 00:15:19 GMT+0000 (Coordinated Universal Time),40,iyos,iyos,,,,,,
2026-08-09T05:11:00.429635+00:00,20260809-051100,https://trends24.in/indonesia/,Sun Aug 09 2026 00:15:19 GMT+0000 (Coordinated Universal Time),41,Bloody Paradise,bloody paradise,,,,,,
2026-08-09T05:11:00.429635+00:00,20260809-051100,https://trends24.in/indonesia/,Sun Aug 09 2026 00:15:19 GMT+0000 (Coordinated Universal Time),42,KENGNAMPING AT WEIBO NIGHT,kengnamping at weibo night,,,,,,
2026-08-09T05:11:00.429635+00:00,20260809-051100,https://trends24.in/indonesia/,Sun Aug 09 2026 00:15:19 GMT+0000 (Coordinated Universal Time),43,BRIN,brin,,,,,,
2026-08-09T05:11:00.429635+00:00,20260809-051100,https://trends24.in/indonesia/,Sun Aug 09 2026 00:15:19 GMT+0000 (Coordinated Universal Time),44,Pagii,pagii,,,,,,
2026-08-09T05:11:00.429635+00:00,20260809-051100,https://trends24.in/indonesia/,Sun Aug 09 2026 00:15:19 GMT+0000 (Coordinated Universal Time),45,Lila,lila,,,,,,
2026-08-09T05:11:00.429635+00:00,20260809-051100,https://trends24.in/indonesia/,Sun Aug 09 2026 00:15:19 GMT+0000 (Coordinated Universal Time),46,Happy 10th,happy 10th,,,,,,
2026-08-09T05:11:00.429635+00:00,20260809-051100,https://trends24.in/indonesia/,Sun Aug 09 2026 00:15:19 GMT+0000 (Coordinated Universal Time),47,Chapter 22,chapter 22,,,,,,
2026-08-09T05:11:00.429635+00:00,20260809-051100,https://trends24.in/indonesia/,Sun Aug 09 2026 00:15:19 GMT+0000 (Coordinated Universal Time),48,EST LIVE WITH LOREAL LAQUE,est live with loreal laque,,,,,,
2026-08-09T05:11:00.429635+00:00,20260809-051100,https://trends24.in/indonesia/,Sun Aug 09 2026 00:15:19 GMT+0000 (Coordinated Universal Time),49,Home of Taesan's Dreams,home of taesan's dreams,,,,,,
2026-08-09T05:11:00.429635+00:00,20260809-051100,https://trends24.in/indonesia/,Sun Aug 09 2026 00:15:19 GMT+0000 (Coordinated Universal Time),50,Home Timeline,home timeline,,,,,,
2026-08-09T05:11:00.429635+00:00,20260809-051100,https://trends24.in/indonesia/,Sat Aug 08 2026 23:21:56 GMT+0000 (Coordinated Universal Time),1,#GMMTVFanfestInMacau2026,gmmtvfanfestinmacau2026,,,,,,
2026-08-09T05:11:00.429635+00:00,20260809-051100,https://trends24.in/indonesia/,Sat Aug 08 2026 23:21:56 GMT+0000 (Coordinated Universal Time),2,#KUOTASERBA8RIBU,kuotaserba8ribu,,,,,,
2026-08-09T05:11:00.429635+00:00,20260809-051100,https://trends24.in/indonesia/,Sat Aug 08 2026 23:21:56 GMT+0000 (Coordinated Universal Time),3,PERTHSANTA STARLIT JOURNEY,perthsanta starlit journey,,,,,,
2026-08-09T05:11:00.429635+00:00,20260809-051100,https://trends24.in/indonesia/,Sat Aug 08 2026 23:21:56 GMT+0000 (Coordinated Universal Time),4,#Growing29WithGawin,growing29withgawin,,,,,,
2026-08-09T05:11:00.429635+00:00,20260809-051100,https://trends24.in/indonesia/,Sat Aug 08 2026 23:21:56 GMT+0000 (Coordinated Universal Time),5,gopay,gopay,,,,,,
2026-08-09T05:11:00.429635+00:00,20260809-051100,https://trends24.in/indonesia/,Sat Aug 08 2026 23:21:56 GMT+0000 (Coordinated Universal Time),6,#JuniorMarkConcertD2,juniormarkconcertd2,,,,,,
2026-08-09T05:11:00.429635+00:00,20260809-051100,https://trends24.in/indonesia/,Sat Aug 08 2026 23:21:56 GMT+0000 (Coordinated Universal Time),7,JUNIORMARK ALONG SUNNYMOON,juniormark along sunnymoon,,,,,,
2026-08-09T05:11:00.429635+00:00,20260809-051100,https://trends24.in/indonesia/,Sat Aug 08 2026 23:21:56 GMT+0000 (Coordinated Universal Time),8,#zamanai,zamanai,,,,,,
2026-08-09T05:11:00.429635+00:00,20260809-051100,https://trends24.in/indonesia/,Sat Aug 08 2026 23:21:56 GMT+0000 (Coordinated Universal Time),9,Galaxy Z Fold8,galaxy z fold8,,,,,,
2026-08-09T05:11:00.429635+00:00,20260809-051100,https://trends24.in/indonesia/,Sat Aug 08 2026 23:21:56 GMT+0000 (Coordinated Universal Time),10,Ole Romeny,ole romeny,,,,,,
2026-08-09T05:11:00.429635+00:00,20260809-051100,https://trends24.in/indonesia/,Sat Aug 08 2026 23:21:56 GMT+0000 (Coordinated Universal Time),11,Araujo,araujo,,,,,,
2026-08-09T05:11:00.429635+00:00,20260809-051100,https://trends24.in/indonesia/,Sat Aug 08 2026 23:21:56 GMT+0000 (Coordinated Universal Time),12,Malam Minggu,malam minggu,,,,,,
2026-08-09T05:11:00.429635+00:00,20260809-051100,https://trends24.in/indonesia/,Sat Aug 08 2026 23:21:56 GMT+0000 (Coordinated Universal Time),13,blackpink,blackpink,,,,,,
2026-08-09T05:11:00.429635+00:00,20260809-051100,https://trends24.in/indonesia/,Sat Aug 08 2026 23:21:56 GMT+0000 (Coordinated Universal Time),14,jisoo,jisoo,,,,,,
2026-08-09T05:11:00.429635+00:00,20260809-051100,https://trends24.in/indonesia/,Sat Aug 08 2026 23:21:56 GMT+0000 (Coordinated Universal Time),15,Fortuna Sittard,fortuna sittard,,,,,,
2026-08-09T05:11:00.429635+00:00,20260809-051100,https://trends24.in/indonesia/,Sat Aug 08 2026 23:21:56 GMT+0000 (Coordinated Universal Time),16,Jorge Messi,jorge messi,,,,,,
2026-08-09T05:11:00.429635+00:00,20260809-051100,https://trends24.in/indonesia/,Sat Aug 08 2026 23:21:56 GMT+0000 (Coordinated Universal Time),17,KNOCK KNOCK ROOM NO. FREEN,knock knock room no. freen,,,,,,
2026-08-09T05:11:00.429635+00:00,20260809-051100,https://trends24.in/indonesia/,Sat Aug 08 2026 23:21:56 GMT+0000 (Coordinated Universal Time),18,hard gumay,hard gumay,,,,,,
2026-08-09T05:11:00.429635+00:00,20260809-051100,https://trends24.in/indonesia/,Sat Aug 08 2026 23:21:56 GMT+0000 (Coordinated Universal Time),19,SKY X MAYBELLINE MATTE MAX,sky x maybelline matte max,,,,,,
2026-08-09T05:11:00.429635+00:00,20260809-051100,https://trends24.in/indonesia/,Sat Aug 08 2026 23:21:56 GMT+0000 (Coordinated Universal Time),20,MELA A COZY DAY WITH JJ,mela a cozy day with jj,,,,,,
2026-08-09T05:11:00.429635+00:00,20260809-051100,https://trends24.in/indonesia/,Sat Aug 08 2026 23:21:56 GMT+0000 (Coordinated Universal Time),21,THE EDGE OF HORIZON EP8,the edge of horizon ep8,,,,,,
2026-08-09T05:11:00.429635+00:00,20260809-051100,https://trends24.in/indonesia/,Sat Aug 08 2026 23:21:56 GMT+0000 (Coordinated Universal Time),22,paket data,paket data,,,,,,
2026-08-09T05:11:00.429635+00:00,20260809-051100,https://trends24.in/indonesia/,Sat Aug 08 2026 23:21:56 GMT+0000 (Coordinated Universal Time),23,WAVE SHOPEE THEE,wave shopee thee,,,,,,
2026-08-09T05:11:00.429635+00:00,20260809-051100,https://trends24.in/indonesia/,Sat Aug 08 2026 23:21:56 GMT+0000 (Coordinated Universal Time),24,LOUIS SPOOKY IN LOVE OST,louis spooky in love ost,,,,,,
2026-08-09T05:11:00.429635+00:00,20260809-051100,https://trends24.in/indonesia/,Sat Aug 08 2026 23:21:56 GMT+0000 (Coordinated Universal Time),25,$TOAD,$toad,,,,,,
2026-08-09T05:11:00.429635+00:00,20260809-051100,https://trends24.in/indonesia/,Sat Aug 08 2026 23:21:56 GMT+0000 (Coordinated Universal Time),26,International Cat Day,international cat day,,,,,,
2026-08-09T05:11:00.429635+00:00,20260809-051100,https://trends24.in/indonesia/,Sat Aug 08 2026 23:21:56 GMT+0000 (Coordinated Universal Time),27,Eredivisie,eredivisie,,,,,,
2026-08-09T05:11:00.429635+00:00,20260809-051100,https://trends24.in/indonesia/,Sat Aug 08 2026 23:21:56 GMT+0000 (Coordinated Universal Time),28,daihatsu rocky hybrid,daihatsu rocky hybrid,,,,,,
2026-08-09T05:11:00.429635+00:00,20260809-051100,https://trends24.in/indonesia/,Sat Aug 08 2026 23:21:56 GMT+0000 (Coordinated Universal Time),29,Original Content Rewards,original content rewards,,,,,,
2026-08-09T05:11:00.429635+00:00,20260809-051100,https://trends24.in/indonesia/,Sat Aug 08 2026 23:21:56 GMT+0000 (Coordinated Universal Time),30,Revenue Sharing,revenue sharing,,,,,,
2026-08-09T05:11:00.429635+00:00,20260809-051100,https://trends24.in/indonesia/,Sat Aug 08 2026 23:21:56 GMT+0000 (Coordinated Universal Time),31,PSV Eindhoven,psv eindhoven,,,,,,
2026-08-09T05:11:00.429635+00:00,20260809-051100,https://trends24.in/indonesia/,Sat Aug 08 2026 23:21:56 GMT+0000 (Coordinated Universal Time),32,HITC,hitc,,,,,,
2026-08-09T05:11:00.429635+00:00,20260809-051100,https://trends24.in/indonesia/,Sat Aug 08 2026 23:21:56 GMT+0000 (Coordinated Universal Time),33,rp 8.100,rp 8.100,,,,,,
2026-08-09T05:11:00.429635+00:00,20260809-051100,https://trends24.in/indonesia/,Sat Aug 08 2026 23:21:56 GMT+0000 (Coordinated Universal Time),34,Clara,clara,,,,,,
2026-08-09T05:11:00.429635+00:00,20260809-051100,https://trends24.in/indonesia/,Sat Aug 08 2026 23:21:56 GMT+0000 (Coordinated Universal Time),35,KENGNAMPING AT WEIBO NIGHT,kengnamping at weibo night,,,,,,
2026-08-09T05:11:00.429635+00:00,20260809-051100,https://trends24.in/indonesia/,Sat Aug 08 2026 23:21:56 GMT+0000 (Coordinated Universal Time),36,Justin Hubner,justin hubner,,,,,,
2026-08-09T05:11:00.429635+00:00,20260809-051100,https://trends24.in/indonesia/,Sat Aug 08 2026 23:21:56 GMT+0000 (Coordinated Universal Time),37,Bloody Paradise,bloody paradise,,,,,,
2026-08-09T05:11:00.429635+00:00,20260809-051100,https://trends24.in/indonesia/,Sat Aug 08 2026 23:21:56 GMT+0000 (Coordinated Universal Time),38,iyos,iyos,,,,,,
2026-08-09T05:11:00.429635+00:00,20260809-051100,https://trends24.in/indonesia/,Sat Aug 08 2026 23:21:56 GMT+0000 (Coordinated Universal Time),39,PSSI,pssi,,,,,,
2026-08-09T05:11:00.429635+00:00,20260809-051100,https://trends24.in/indonesia/,Sat Aug 08 2026 23:21:56 GMT+0000 (Coordinated Universal Time),40,BRIN,brin,,,,,,
2026-08-09T05:11:00.429635+00:00,20260809-051100,https://trends24.in/indonesia/,Sat Aug 08 2026 23:21:56 GMT+0000 (Coordinated Universal Time),41,home of taesan's dreams,home of taesan's dreams,,,,,,
2026-08-09T05:11:00.429635+00:00,20260809-051100,https://trends24.in/indonesia/,Sat Aug 08 2026 23:21:56 GMT+0000 (Coordinated Universal Time),42,Happy 10th,happy 10th,,,,,,
2026-08-09T05:11:00.429635+00:00,20260809-051100,https://trends24.in/indonesia/,Sat Aug 08 2026 23:21:56 GMT+0000 (Coordinated Universal Time),43,Chapter 22,chapter 22,,,,,,
2026-08-09T05:11:00.429635+00:00,20260809-051100,https://trends24.in/indonesia/,Sat Aug 08 2026 23:21:56 GMT+0000 (Coordinated Universal Time),44,EST LIVE WITH LOREAL LAQUE,est live with loreal laque,,,,,,
2026-08-09T05:11:00.429635+00:00,20260809-051100,https://trends24.in/indonesia/,Sat Aug 08 2026 23:21:56 GMT+0000 (Coordinated Universal Time),45,cheol,cheol,,,,,,
2026-08-09T05:11:00.429635+00:00,20260809-051100,https://trends24.in/indonesia/,Sat Aug 08 2026 23:21:56 GMT+0000 (Coordinated Universal Time),46,Home Timeline,home timeline,,,,,,
2026-08-09T05:11:00.429635+00:00,20260809-051100,https://trends24.in/indonesia/,Sat Aug 08 2026 23:21:56 GMT+0000 (Coordinated Universal Time),47,Chelsea vs Ac Milan,chelsea vs ac milan,,,,,,
2026-08-09T05:11:00.429635+00:00,20260809-051100,https://trends24.in/indonesia/,Sat Aug 08 2026 23:21:56 GMT+0000 (Coordinated Universal Time),48,Dingin,dingin,,,,,,
2026-08-09T05:11:00.429635+00:00,20260809-051100,https://trends24.in/indonesia/,Sat Aug 08 2026 23:21:56 GMT+0000 (Coordinated Universal Time),49,indomy streaming cup,indomy streaming cup,,,,,,
2026-08-09T05:11:00.429635+00:00,20260809-051100,https://trends24.in/indonesia/,Sat Aug 08 2026 23:21:56 GMT+0000 (Coordinated Universal Time),50,Piala Asia,piala asia,,,,,,
2026-08-09T05:11:00.429635+00:00,20260809-051100,https://trends24.in/indonesia/,Sat Aug 08 2026 22:30:56 GMT+0000 (Coordinated Universal Time),1,#GMMTVFanfestInMacau2026,gmmtvfanfestinmacau2026,,,,,,
2026-08-09T05:11:00.429635+00:00,20260809-051100,https://trends24.in/indonesia/,Sat Aug 08 2026 22:30:56 GMT+0000 (Coordinated Universal Time),2,#KUOTASERBA8RIBU,kuotaserba8ribu,,,,,,
2026-08-09T05:11:00.429635+00:00,20260809-051100,https://trends24.in/indonesia/,Sat Aug 08 2026 22:30:56 GMT+0000 (Coordinated Universal Time),3,PERTHSANTA STARLIT JOURNEY,perthsanta starlit journey,,,,,,
2026-08-09T05:11:00.429635+00:00,20260809-051100,https://trends24.in/indonesia/,Sat Aug 08 2026 22:30:56 GMT+0000 (Coordinated Universal Time),4,#Growing29WithGawin,growing29withgawin,,,,,,
2026-08-09T05:11:00.429635+00:00,20260809-051100,https://trends24.in/indonesia/,Sat Aug 08 2026 22:30:56 GMT+0000 (Coordinated Universal Time),5,gopay,gopay,,,,,,
2026-08-09T05:11:00.429635+00:00,20260809-051100,https://trends24.in/indonesia/,Sat Aug 08 2026 22:30:56 GMT+0000 (Coordinated Universal Time),6,#JuniorMarkConcertD2,juniormarkconcertd2,,,,,,
2026-08-09T05:11:00.429635+00:00,20260809-051100,https://trends24.in/indonesia/,Sat Aug 08 2026 22:30:56 GMT+0000 (Coordinated Universal Time),7,JUNIORMARK ALONG SUNNYMOON,juniormark along sunnymoon,,,,,,
2026-08-09T05:11:00.429635+00:00,20260809-051100,https://trends24.in/indonesia/,Sat Aug 08 2026 22:30:56 GMT+0000 (Coordinated Universal Time),8,#zamanai,zamanai,,,,,,
2026-08-09T05:11:00.429635+00:00,20260809-051100,https://trends24.in/indonesia/,Sat Aug 08 2026 22:30:56 GMT+0000 (Coordinated Universal Time),9,Galaxy Z Fold8,galaxy z fold8,,,,,,
2026-08-09T05:11:00.429635+00:00,20260809-051100,https://trends24.in/indonesia/,Sat Aug 08 2026 22:30:56 GMT+0000 (Coordinated Universal Time),10,Ole Romeny,ole romeny,,,,,,
2026-08-09T05:11:00.429635+00:00,20260809-051100,https://trends24.in/indonesia/,Sat Aug 08 2026 22:30:56 GMT+0000 (Coordinated Universal Time),11,Araujo,araujo,,,,,,
2026-08-09T05:11:00.429635+00:00,20260809-051100,https://trends24.in/indonesia/,Sat Aug 08 2026 22:30:56 GMT+0000 (Coordinated Universal Time),12,$TOAD,$toad,,,,,,
2026-08-09T05:11:00.429635+00:00,20260809-051100,https://trends24.in/indonesia/,Sat Aug 08 2026 22:30:56 GMT+0000 (Coordinated Universal Time),13,Fortuna Sittard,fortuna sittard,,,,,,
2026-08-09T05:11:00.429635+00:00,20260809-051100,https://trends24.in/indonesia/,Sat Aug 08 2026 22:30:56 GMT+0000 (Coordinated Universal Time),14,Malam Minggu,malam minggu,,,,,,
2026-08-09T05:11:00.429635+00:00,20260809-051100,https://trends24.in/indonesia/,Sat Aug 08 2026 22:30:56 GMT+0000 (Coordinated Universal Time),15,blackpink,blackpink,,,,,,
2026-08-09T05:11:00.429635+00:00,20260809-051100,https://trends24.in/indonesia/,Sat Aug 08 2026 22:30:56 GMT+0000 (Coordinated Universal Time),16,jisoo,jisoo,,,,,,
2026-08-09T05:11:00.429635+00:00,20260809-051100,https://trends24.in/indonesia/,Sat Aug 08 2026 22:30:56 GMT+0000 (Coordinated Universal Time),17,Jorge Messi,jorge messi,,,,,,
2026-08-09T05:11:00.429635+00:00,20260809-051100,https://trends24.in/indonesia/,Sat Aug 08 2026 22:30:56 GMT+0000 (Coordinated Universal Time),18,KNOCK KNOCK ROOM NO. FREEN,knock knock room no. freen,,,,,,
2026-08-09T05:11:00.429635+00:00,20260809-051100,https://trends24.in/indonesia/,Sat Aug 08 2026 22:30:56 GMT+0000 (Coordinated Universal Time),19,THE EDGE OF HORIZON EP8,the edge of horizon ep8,,,,,,
2026-08-09T05:11:00.429635+00:00,20260809-051100,https://trends24.in/indonesia/,Sat Aug 08 2026 22:30:56 GMT+0000 (Coordinated Universal Time),20,hard gumay,hard gumay,,,,,,
2026-08-09T05:11:00.429635+00:00,20260809-051100,https://trends24.in/indonesia/,Sat Aug 08 2026 22:30:56 GMT+0000 (Coordinated Universal Time),21,SKY X MAYBELLINE MATTE MAX,sky x maybelline matte max,,,,,,
2026-08-09T05:11:00.429635+00:00,20260809-051100,https://trends24.in/indonesia/,Sat Aug 08 2026 22:30:56 GMT+0000 (Coordinated Universal Time),22,MELA A COZY DAY WITH JJ,mela a cozy day with jj,,,,,,
2026-08-09T05:11:00.429635+00:00,20260809-051100,https://trends24.in/indonesia/,Sat Aug 08 2026 22:30:56 GMT+0000 (Coordinated Universal Time),23,paket data,paket data,,,,,,
2026-08-09T05:11:00.429635+00:00,20260809-051100,https://trends24.in/indonesia/,Sat Aug 08 2026 22:30:56 GMT+0000 (Coordinated Universal Time),24,Eredivisie,eredivisie,,,,,,
2026-08-09T05:11:00.429635+00:00,20260809-051100,https://trends24.in/indonesia/,Sat Aug 08 2026 22:30:56 GMT+0000 (Coordinated Universal Time),25,WAVE SHOPEE THEE,wave shopee thee,,,,,,
2026-08-09T05:11:00.429635+00:00,20260809-051100,https://trends24.in/indonesia/,Sat Aug 08 2026 22:30:56 GMT+0000 (Coordinated Universal Time),26,LOUIS SPOOKY IN LOVE OST,louis spooky in love ost,,,,,,
2026-08-09T05:11:00.429635+00:00,20260809-051100,https://trends24.in/indonesia/,Sat Aug 08 2026 22:30:56 GMT+0000 (Coordinated Universal Time),27,International Cat Day,international cat day,,,,,,
2026-08-09T05:11:00.429635+00:00,20260809-051100,https://trends24.in/indonesia/,Sat Aug 08 2026 22:30:56 GMT+0000 (Coordinated Universal Time),28,daihatsu rocky hybrid,daihatsu rocky hybrid,,,,,,
2026-08-09T05:11:00.429635+00:00,20260809-051100,https://trends24.in/indonesia/,Sat Aug 08 2026 22:30:56 GMT+0000 (Coordinated Universal Time),29,Original Content Rewards,original content rewards,,,,,,
2026-08-09T05:11:00.429635+00:00,20260809-051100,https://trends24.in/indonesia/,Sat Aug 08 2026 22:30:56 GMT+0000 (Coordinated Universal Time),30,EST LIVE WITH LOREAL LAQUE,est live with loreal laque,,,,,,
2026-08-09T05:11:00.429635+00:00,20260809-051100,https://trends24.in/indonesia/,Sat Aug 08 2026 22:30:56 GMT+0000 (Coordinated Universal Time),31,Revenue Sharing,revenue sharing,,,,,,
2026-08-09T05:11:00.429635+00:00,20260809-051100,https://trends24.in/indonesia/,Sat Aug 08 2026 22:30:56 GMT+0000 (Coordinated Universal Time),32,rp 8.100,rp 8.100,,,,,,
2026-08-09T05:11:00.429635+00:00,20260809-051100,https://trends24.in/indonesia/,Sat Aug 08 2026 22:30:56 GMT+0000 (Coordinated Universal Time),33,KENGNAMPING AT WEIBO NIGHT,kengnamping at weibo night,,,,,,
2026-08-09T05:11:00.429635+00:00,20260809-051100,https://trends24.in/indonesia/,Sat Aug 08 2026 22:30:56 GMT+0000 (Coordinated Universal Time),34,Bloody Paradise,bloody paradise,,,,,,
2026-08-09T05:11:00.429635+00:00,20260809-051100,https://trends24.in/indonesia/,Sat Aug 08 2026 22:30:56 GMT+0000 (Coordinated Universal Time),35,PSSI,pssi,,,,,,
2026-08-09T05:11:00.429635+00:00,20260809-051100,https://trends24.in/indonesia/,Sat Aug 08 2026 22:30:56 GMT+0000 (Coordinated Universal Time),36,iyos,iyos,,,,,,
2026-08-09T05:11:00.429635+00:00,20260809-051100,https://trends24.in/indonesia/,Sat Aug 08 2026 22:30:56 GMT+0000 (Coordinated Universal Time),37,Happy 10th,happy 10th,,,,,,
2026-08-09T05:11:00.429635+00:00,20260809-051100,https://trends24.in/indonesia/,Sat Aug 08 2026 22:30:56 GMT+0000 (Coordinated Universal Time),38,Brin,brin,,,,,,
2026-08-09T05:11:00.429635+00:00,20260809-051100,https://trends24.in/indonesia/,Sat Aug 08 2026 22:30:56 GMT+0000 (Coordinated Universal Time),39,Home of Taesan's Dreams,home of taesan's dreams,,,,,,
2026-08-09T05:11:00.429635+00:00,20260809-051100,https://trends24.in/indonesia/,Sat Aug 08 2026 22:30:56 GMT+0000 (Coordinated Universal Time),40,Chapter 22,chapter 22,,,,,,
2026-08-09T05:11:00.429635+00:00,20260809-051100,https://trends24.in/indonesia/,Sat Aug 08 2026 22:30:56 GMT+0000 (Coordinated Universal Time),41,cheol,cheol,,,,,,
2026-08-09T05:11:00.429635+00:00,20260809-051100,https://trends24.in/indonesia/,Sat Aug 08 2026 22:30:56 GMT+0000 (Coordinated Universal Time),42,Home Timeline,home timeline,,,,,,
2026-08-09T05:11:00.429635+00:00,20260809-051100,https://trends24.in/indonesia/,Sat Aug 08 2026 22:30:56 GMT+0000 (Coordinated Universal Time),43,TRAILER MR FANBOY,trailer mr fanboy,,,,,,
2026-08-09T05:11:00.429635+00:00,20260809-051100,https://trends24.in/indonesia/,Sat Aug 08 2026 22:30:56 GMT+0000 (Coordinated Universal Time),44,Chelsea vs Ac Milan,chelsea vs ac milan,,,,,,
2026-08-09T05:11:00.429635+00:00,20260809-051100,https://trends24.in/indonesia/,Sat Aug 08 2026 22:30:56 GMT+0000 (Coordinated Universal Time),45,Clara,clara,,,,,,
2026-08-09T05:11:00.429635+00:00,20260809-051100,https://trends24.in/indonesia/,Sat Aug 08 2026 22:30:56 GMT+0000 (Coordinated Universal Time),46,Justin Hubner,justin hubner,,,,,,
2026-08-09T05:11:00.429635+00:00,20260809-051100,https://trends24.in/indonesia/,Sat Aug 08 2026 22:30:56 GMT+0000 (Coordinated Universal Time),47,indomy streaming cup,indomy streaming cup,,,,,,
2026-08-09T05:11:00.429635+00:00,20260809-051100,https://trends24.in/indonesia/,Sat Aug 08 2026 22:30:56 GMT+0000 (Coordinated Universal Time),48,Piala Asia,piala asia,,,,,,
2026-08-09T05:11:00.429635+00:00,20260809-051100,https://trends24.in/indonesia/,Sat Aug 08 2026 22:30:56 GMT+0000 (Coordinated Universal Time),49,Elon,elon,,,,,,
2026-08-09T05:11:00.429635+00:00,20260809-051100,https://trends24.in/indonesia/,Sat Aug 08 2026 22:30:56 GMT+0000 (Coordinated Universal Time),50,Subuh,subuh,,,,,,
2026-08-09T05:11:00.429635+00:00,20260809-051100,https://trends24.in/indonesia/,Sat Aug 08 2026 21:39:56 GMT+0000 (Coordinated Universal Time),1,#GMMTVFanfestInMacau2026,gmmtvfanfestinmacau2026,,,,,,
2026-08-09T05:11:00.429635+00:00,20260809-051100,https://trends24.in/indonesia/,Sat Aug 08 2026 21:39:56 GMT+0000 (Coordinated Universal Time),2,#KUOTASERBA8RIBU,kuotaserba8ribu,,,,,,
2026-08-09T05:11:00.429635+00:00,20260809-051100,https://trends24.in/indonesia/,Sat Aug 08 2026 21:39:56 GMT+0000 (Coordinated Universal Time),3,PERTHSANTA STARLIT JOURNEY,perthsanta starlit journey,,,,,,
2026-08-09T05:11:00.429635+00:00,20260809-051100,https://trends24.in/indonesia/,Sat Aug 08 2026 21:39:56 GMT+0000 (Coordinated Universal Time),4,#Growing29WithGawin,growing29withgawin,,,,,,
2026-08-09T05:11:00.429635+00:00,20260809-051100,https://trends24.in/indonesia/,Sat Aug 08 2026 21:39:56 GMT+0000 (Coordinated Universal Time),5,gopay,gopay,,,,,,
2026-08-09T05:11:00.429635+00:00,20260809-051100,https://trends24.in/indonesia/,Sat Aug 08 2026 21:39:56 GMT+0000 (Coordinated Universal Time),6,#JuniorMarkConcertD2,juniormarkconcertd2,,,,,,
2026-08-09T05:11:00.429635+00:00,20260809-051100,https://trends24.in/indonesia/,Sat Aug 08 2026 21:39:56 GMT+0000 (Coordinated Universal Time),7,JUNIORMARK ALONG SUNNYMOON,juniormark along sunnymoon,,,,,,
2026-08-09T05:11:00.429635+00:00,20260809-051100,https://trends24.in/indonesia/,Sat Aug 08 2026 21:39:56 GMT+0000 (Coordinated Universal Time),8,#zamanai,zamanai,,,,,,
2026-08-09T05:11:00.429635+00:00,20260809-051100,https://trends24.in/indonesia/,Sat Aug 08 2026 21:39:56 GMT+0000 (Coordinated Universal Time),9,Galaxy Z Fold8,galaxy z fold8,,,,,,
2026-08-09T05:11:00.429635+00:00,20260809-051100,https://trends24.in/indonesia/,Sat Aug 08 2026 21:39:56 GMT+0000 (Coordinated Universal Time),10,Araujo,araujo,,,,,,
2026-08-09T05:11:00.429635+00:00,20260809-051100,https://trends24.in/indonesia/,Sat Aug 08 2026 21:39:56 GMT+0000 (Coordinated Universal Time),11,jisoo,jisoo,,,,,,
2026-08-09T05:11:00.429635+00:00,20260809-051100,https://trends24.in/indonesia/,Sat Aug 08 2026 21:39:56 GMT+0000 (Coordinated Universal Time),12,blackpink,blackpink,,,,,,
2026-08-09T05:11:00.429635+00:00,20260809-051100,https://trends24.in/indonesia/,Sat Aug 08 2026 21:39:56 GMT+0000 (Coordinated Universal Time),13,Fortuna Sittard,fortuna sittard,,,,,,
2026-08-09T05:11:00.429635+00:00,20260809-051100,https://trends24.in/indonesia/,Sat Aug 08 2026 21:39:56 GMT+0000 (Coordinated Universal Time),14,Ole Romeny,ole romeny,,,,,,
2026-08-09T05:11:00.429635+00:00,20260809-051100,https://trends24.in/indonesia/,Sat Aug 08 2026 21:39:56 GMT+0000 (Coordinated Universal Time),15,Malam Minggu,malam minggu,,,,,,
2026-08-09T05:11:00.429635+00:00,20260809-051100,https://trends24.in/indonesia/,Sat Aug 08 2026 21:39:56 GMT+0000 (Coordinated Universal Time),16,Malming,malming,,,,,,
2026-08-09T05:11:00.429635+00:00,20260809-051100,https://trends24.in/indonesia/,Sat Aug 08 2026 21:39:56 GMT+0000 (Coordinated Universal Time),17,KNOCK KNOCK ROOM NO. FREEN,knock knock room no. freen,,,,,,
2026-08-09T05:11:00.429635+00:00,20260809-051100,https://trends24.in/indonesia/,Sat Aug 08 2026 21:39:56 GMT+0000 (Coordinated Universal Time),18,Jorge Messi,jorge messi,,,,,,
2026-08-09T05:11:00.429635+00:00,20260809-051100,https://trends24.in/indonesia/,Sat Aug 08 2026 21:39:56 GMT+0000 (Coordinated Universal Time),19,THE EDGE OF HORIZON EP8,the edge of horizon ep8,,,,,,
2026-08-09T05:11:00.429635+00:00,20260809-051100,https://trends24.in/indonesia/,Sat Aug 08 2026 21:39:56 GMT+0000 (Coordinated Universal Time),20,hard gumay,hard gumay,,,,,,
2026-08-09T05:11:00.429635+00:00,20260809-051100,https://trends24.in/indonesia/,Sat Aug 08 2026 21:39:56 GMT+0000 (Coordinated Universal Time),21,SKY X MAYBELLINE MATTE MAX,sky x maybelline matte max,,,,,,
2026-08-09T05:11:00.429635+00:00,20260809-051100,https://trends24.in/indonesia/,Sat Aug 08 2026 21:39:56 GMT+0000 (Coordinated Universal Time),22,MELA A COZY DAY WITH JJ,mela a cozy day with jj,,,,,,
2026-08-09T05:11:00.429635+00:00,20260809-051100,https://trends24.in/indonesia/,Sat Aug 08 2026 21:39:56 GMT+0000 (Coordinated Universal Time),23,paket data,paket data,,,,,,
2026-08-09T05:11:00.429635+00:00,20260809-051100,https://trends24.in/indonesia/,Sat Aug 08 2026 21:39:56 GMT+0000 (Coordinated Universal Time),24,$TOAD,$toad,,,,,,
2026-08-09T05:11:00.429635+00:00,20260809-051100,https://trends24.in/indonesia/,Sat Aug 08 2026 21:39:56 GMT+0000 (Coordinated Universal Time),25,WAVE SHOPEE THEE,wave shopee thee,,,,,,
2026-08-09T05:11:00.429635+00:00,20260809-051100,https://trends24.in/indonesia/,Sat Aug 08 2026 21:39:56 GMT+0000 (Coordinated Universal Time),26,International Cat Day,international cat day,,,,,,
2026-08-09T05:11:00.429635+00:00,20260809-051100,https://trends24.in/indonesia/,Sat Aug 08 2026 21:39:56 GMT+0000 (Coordinated Universal Time),27,LOUIS SPOOKY IN LOVE OST,louis spooky in love ost,,,,,,
2026-08-09T05:11:00.429635+00:00,20260809-051100,https://trends24.in/indonesia/,Sat Aug 08 2026 21:39:56 GMT+0000 (Coordinated Universal Time),28,Original Content Rewards,original content rewards,,,,,,
2026-08-09T05:11:00.429635+00:00,20260809-051100,https://trends24.in/indonesia/,Sat Aug 08 2026 21:39:56 GMT+0000 (Coordinated Universal Time),29,daihatsu rocky hybrid,daihatsu rocky hybrid,,,,,,
2026-08-09T05:11:00.429635+00:00,20260809-051100,https://trends24.in/indonesia/,Sat Aug 08 2026 21:39:56 GMT+0000 (Coordinated Universal Time),30,EST LIVE WITH LOREAL LAQUE,est live with loreal laque,,,,,,
2026-08-09T05:11:00.429635+00:00,20260809-051100,https://trends24.in/indonesia/,Sat Aug 08 2026 21:39:56 GMT+0000 (Coordinated Universal Time),31,Revenue Sharing,revenue sharing,,,,,,
2026-08-09T05:11:00.429635+00:00,20260809-051100,https://trends24.in/indonesia/,Sat Aug 08 2026 21:39:56 GMT+0000 (Coordinated Universal Time),32,rp 8.100,rp 8.100,,,,,,
2026-08-09T05:11:00.429635+00:00,20260809-051100,https://trends24.in/indonesia/,Sat Aug 08 2026 21:39:56 GMT+0000 (Coordinated Universal Time),33,KENGNAMPING AT WEIBO NIGHT,kengnamping at weibo night,,,,,,
2026-08-09T05:11:00.429635+00:00,20260809-051100,https://trends24.in/indonesia/,Sat Aug 08 2026 21:39:56 GMT+0000 (Coordinated Universal Time),34,Bloody Paradise,bloody paradise,,,,,,
2026-08-09T05:11:00.429635+00:00,20260809-051100,https://trends24.in/indonesia/,Sat Aug 08 2026 21:39:56 GMT+0000 (Coordinated Universal Time),35,PSSI,pssi,,,,,,
2026-08-09T05:11:00.429635+00:00,20260809-051100,https://trends24.in/indonesia/,Sat Aug 08 2026 21:39:56 GMT+0000 (Coordinated Universal Time),36,iyos,iyos,,,,,,
2026-08-09T05:11:00.429635+00:00,20260809-051100,https://trends24.in/indonesia/,Sat Aug 08 2026 21:39:56 GMT+0000 (Coordinated Universal Time),37,Happy 10th,happy 10th,,,,,,
2026-08-09T05:11:00.429635+00:00,20260809-051100,https://trends24.in/indonesia/,Sat Aug 08 2026 21:39:56 GMT+0000 (Coordinated Universal Time),38,Eredivisie,eredivisie,,,,,,
2026-08-09T05:11:00.429635+00:00,20260809-051100,https://trends24.in/indonesia/,Sat Aug 08 2026 21:39:56 GMT+0000 (Coordinated Universal Time),39,Chapter 22,chapter 22,,,,,,
2026-08-09T05:11:00.429635+00:00,20260809-051100,https://trends24.in/indonesia/,Sat Aug 08 2026 21:39:56 GMT+0000 (Coordinated Universal Time),40,Brin,brin,,,,,,
2026-08-09T05:11:00.429635+00:00,20260809-051100,https://trends24.in/indonesia/,Sat Aug 08 2026 21:39:56 GMT+0000 (Coordinated Universal Time),41,Home of Taesan's Dreams,home of taesan's dreams,,,,,,
2026-08-09T05:11:00.429635+00:00,20260809-051100,https://trends24.in/indonesia/,Sat Aug 08 2026 21:39:56 GMT+0000 (Coordinated Universal Time),42,Chelsea vs AC Milan,chelsea vs ac milan,,,,,,
2026-08-09T05:11:00.429635+00:00,20260809-051100,https://trends24.in/indonesia/,Sat Aug 08 2026 21:39:56 GMT+0000 (Coordinated Universal Time),43,cheol,cheol,,,,,,
2026-08-09T05:11:00.429635+00:00,20260809-051100,https://trends24.in/indonesia/,Sat Aug 08 2026 21:39:56 GMT+0000 (Coordinated Universal Time),44,Home Timeline,home timeline,,,,,,
2026-08-09T05:11:00.429635+00:00,20260809-051100,https://trends24.in/indonesia/,Sat Aug 08 2026 21:39:56 GMT+0000 (Coordinated Universal Time),45,TRAILER MR FANBOY,trailer mr fanboy,,,,,,
2026-08-09T05:11:00.429635+00:00,20260809-051100,https://trends24.in/indonesia/,Sat Aug 08 2026 21:39:56 GMT+0000 (Coordinated Universal Time),46,OUR LOVE FOR MINGI,our love for mingi,,,,,,
2026-08-09T05:11:00.429635+00:00,20260809-051100,https://trends24.in/indonesia/,Sat Aug 08 2026 21:39:56 GMT+0000 (Coordinated Universal Time),47,INDOMY STREAMING CUP,indomy streaming cup,,,,,,
2026-08-09T05:11:00.429635+00:00,20260809-051100,https://trends24.in/indonesia/,Sat Aug 08 2026 21:39:56 GMT+0000 (Coordinated Universal Time),48,Piala Asia,piala asia,,,,,,
2026-08-09T05:11:00.429635+00:00,20260809-051100,https://trends24.in/indonesia/,Sat Aug 08 2026 21:39:56 GMT+0000 (Coordinated Universal Time),49,SENADA MODE PERHATIAN,senada mode perhatian,,,,,,
2026-08-09T05:11:00.429635+00:00,20260809-051100,https://trends24.in/indonesia/,Sat Aug 08 2026 21:39:56 GMT+0000 (Coordinated Universal Time),50,RSCM,rscm,,,,,,
2026-08-09T05:11:00.429635+00:00,20260809-051100,https://trends24.in/indonesia/,Sat Aug 08 2026 20:48:04 GMT+0000 (Coordinated Universal Time),1,#GMMTVFanfestInMacau2026,gmmtvfanfestinmacau2026,,,,,,
2026-08-09T05:11:00.429635+00:00,20260809-051100,https://trends24.in/indonesia/,Sat Aug 08 2026 20:48:04 GMT+0000 (Coordinated Universal Time),2,#KUOTASERBA8RIBU,kuotaserba8ribu,,,,,,
2026-08-09T05:11:00.429635+00:00,20260809-051100,https://trends24.in/indonesia/,Sat Aug 08 2026 20:48:04 GMT+0000 (Coordinated Universal Time),3,#Growing29WithGawin,growing29withgawin,,,,,,
2026-08-09T05:11:00.429635+00:00,20260809-051100,https://trends24.in/indonesia/,Sat Aug 08 2026 20:48:04 GMT+0000 (Coordinated Universal Time),4,PERTHSANTA STARLIT JOURNEY,perthsanta starlit journey,,,,,,
2026-08-09T05:11:00.429635+00:00,20260809-051100,https://trends24.in/indonesia/,Sat Aug 08 2026 20:48:04 GMT+0000 (Coordinated Universal Time),5,gopay,gopay,,,,,,
2026-08-09T05:11:00.429635+00:00,20260809-051100,https://trends24.in/indonesia/,Sat Aug 08 2026 20:48:04 GMT+0000 (Coordinated Universal Time),6,#JuniorMarkConcertD2,juniormarkconcertd2,,,,,,
2026-08-09T05:11:00.429635+00:00,20260809-051100,https://trends24.in/indonesia/,Sat Aug 08 2026 20:48:04 GMT+0000 (Coordinated Universal Time),7,JUNIORMARK ALONG SUNNYMOON,juniormark along sunnymoon,,,,,,
2026-08-09T05:11:00.429635+00:00,20260809-051100,https://trends24.in/indonesia/,Sat Aug 08 2026 20:48:04 GMT+0000 (Coordinated Universal Time),8,#zamanai,zamanai,,,,,,
2026-08-09T05:11:00.429635+00:00,20260809-051100,https://trends24.in/indonesia/,Sat Aug 08 2026 20:48:04 GMT+0000 (Coordinated Universal Time),9,Galaxy Z Fold8,galaxy z fold8,,,,,,
2026-08-09T05:11:00.429635+00:00,20260809-051100,https://trends24.in/indonesia/,Sat Aug 08 2026 20:48:04 GMT+0000 (Coordinated Universal Time),10,Araujo,araujo,,,,,,
2026-08-09T05:11:00.429635+00:00,20260809-051100,https://trends24.in/indonesia/,Sat Aug 08 2026 20:48:04 GMT+0000 (Coordinated Universal Time),11,Malam Minggu,malam minggu,,,,,,
2026-08-09T05:11:00.429635+00:00,20260809-051100,https://trends24.in/indonesia/,Sat Aug 08 2026 20:48:04 GMT+0000 (Coordinated Universal Time),12,jisoo,jisoo,,,,,,
2026-08-09T05:11:00.429635+00:00,20260809-051100,https://trends24.in/indonesia/,Sat Aug 08 2026 20:48:04 GMT+0000 (Coordinated Universal Time),13,blackpink,blackpink,,,,,,
2026-08-09T05:11:00.429635+00:00,20260809-051100,https://trends24.in/indonesia/,Sat Aug 08 2026 20:48:04 GMT+0000 (Coordinated Universal Time),14,Malming,malming,,,,,,
2026-08-09T05:11:00.429635+00:00,20260809-051100,https://trends24.in/indonesia/,Sat Aug 08 2026 20:48:04 GMT+0000 (Coordinated Universal Time),15,KNOCK KNOCK ROOM NO. FREEN,knock knock room no. freen,,,,,,
2026-08-09T05:11:00.429635+00:00,20260809-051100,https://trends24.in/indonesia/,Sat Aug 08 2026 20:48:04 GMT+0000 (Coordinated Universal Time),16,Jorge Messi,jorge messi,,,,,,
2026-08-09T05:11:00.429635+00:00,20260809-051100,https://trends24.in/indonesia/,Sat Aug 08 2026 20:48:04 GMT+0000 (Coordinated Universal Time),17,THE EDGE OF HORIZON EP8,the edge of horizon ep8,,,,,,
2026-08-09T05:11:00.429635+00:00,20260809-051100,https://trends24.in/indonesia/,Sat Aug 08 2026 20:48:04 GMT+0000 (Coordinated Universal Time),18,hard gumay,hard gumay,,,,,,
2026-08-09T05:11:00.429635+00:00,20260809-051100,https://trends24.in/indonesia/,Sat Aug 08 2026 20:48:04 GMT+0000 (Coordinated Universal Time),19,SKY X MAYBELLINE MATTE MAX,sky x maybelline matte max,,,,,,
2026-08-09T05:11:00.429635+00:00,20260809-051100,https://trends24.in/indonesia/,Sat Aug 08 2026 20:48:04 GMT+0000 (Coordinated Universal Time),20,MELA A COZY DAY WITH JJ,mela a cozy day with jj,,,,,,
2026-08-09T05:11:00.429635+00:00,20260809-051100,https://trends24.in/indonesia/,Sat Aug 08 2026 20:48:04 GMT+0000 (Coordinated Universal Time),21,paket data,paket data,,,,,,
2026-08-09T05:11:00.429635+00:00,20260809-051100,https://trends24.in/indonesia/,Sat Aug 08 2026 20:48:04 GMT+0000 (Coordinated Universal Time),22,WAVE SHOPEE THEE,wave shopee thee,,,,,,
2026-08-09T05:11:00.429635+00:00,20260809-051100,https://trends24.in/indonesia/,Sat Aug 08 2026 20:48:04 GMT+0000 (Coordinated Universal Time),23,International Cat Day,international cat day,,,,,,
2026-08-09T05:11:00.429635+00:00,20260809-051100,https://trends24.in/indonesia/,Sat Aug 08 2026 20:48:04 GMT+0000 (Coordinated Universal Time),24,LOUIS SPOOKY IN LOVE OST,louis spooky in love ost,,,,,,
2026-08-09T05:11:00.429635+00:00,20260809-051100,https://trends24.in/indonesia/,Sat Aug 08 2026 20:48:04 GMT+0000 (Coordinated Universal Time),25,Ole Romeny,ole romeny,,,,,,
2026-08-09T05:11:00.429635+00:00,20260809-051100,https://trends24.in/indonesia/,Sat Aug 08 2026 20:48:04 GMT+0000 (Coordinated Universal Time),26,daihatsu rocky hybrid,daihatsu rocky hybrid,,,,,,
2026-08-09T05:11:00.429635+00:00,20260809-051100,https://trends24.in/indonesia/,Sat Aug 08 2026 20:48:04 GMT+0000 (Coordinated Universal Time),27,Original Content Rewards,original content rewards,,,,,,
2026-08-09T05:11:00.429635+00:00,20260809-051100,https://trends24.in/indonesia/,Sat Aug 08 2026 20:48:04 GMT+0000 (Coordinated Universal Time),28,EST LIVE WITH LOREAL LAQUE,est live with loreal laque,,,,,,
2026-08-09T05:11:00.429635+00:00,20260809-051100,https://trends24.in/indonesia/,Sat Aug 08 2026 20:48:04 GMT+0000 (Coordinated Universal Time),29,Revenue Sharing,revenue sharing,,,,,,
2026-08-09T05:11:00.429635+00:00,20260809-051100,https://trends24.in/indonesia/,Sat Aug 08 2026 20:48:04 GMT+0000 (Coordinated Universal Time),30,Bloody Paradise,bloody paradise,,,,,,
2026-08-09T05:11:00.429635+00:00,20260809-051100,https://trends24.in/indonesia/,Sat Aug 08 2026 20:48:04 GMT+0000 (Coordinated Universal Time),31,rp 8.100,rp 8.100,,,,,,
2026-08-09T05:11:00.429635+00:00,20260809-051100,https://trends24.in/indonesia/,Sat Aug 08 2026 20:48:04 GMT+0000 (Coordinated Universal Time),32,Fortuna Sittard,fortuna sittard,,,,,,
2026-08-09T05:11:00.429635+00:00,20260809-051100,https://trends24.in/indonesia/,Sat Aug 08 2026 20:48:04 GMT+0000 (Coordinated Universal Time),33,KENGNAMPING AT WEIBO NIGHT,kengnamping at weibo night,,,,,,
2026-08-09T05:11:00.429635+00:00,20260809-051100,https://trends24.in/indonesia/,Sat Aug 08 2026 20:48:04 GMT+0000 (Coordinated Universal Time),34,PSSI,pssi,,,,,,
2026-08-09T05:11:00.429635+00:00,20260809-051100,https://trends24.in/indonesia/,Sat Aug 08 2026 20:48:04 GMT+0000 (Coordinated Universal Time),35,$TOAD,$toad,,,,,,
2026-08-09T05:11:00.429635+00:00,20260809-051100,https://trends24.in/indonesia/,Sat Aug 08 2026 20:48:04 GMT+0000 (Coordinated Universal Time),36,iyos,iyos,,,,,,
2026-08-09T05:11:00.429635+00:00,20260809-051100,https://trends24.in/indonesia/,Sat Aug 08 2026 20:48:04 GMT+0000 (Coordinated Universal Time),37,Eredivisie,eredivisie,,,,,,
2026-08-09T05:11:00.429635+00:00,20260809-051100,https://trends24.in/indonesia/,Sat Aug 08 2026 20:48:04 GMT+0000 (Coordinated Universal Time),38,Happy 10th,happy 10th,,,,,,
2026-08-09T05:11:00.429635+00:00,20260809-051100,https://trends24.in/indonesia/,Sat Aug 08 2026 20:48:04 GMT+0000 (Coordinated Universal Time),39,BRIN,brin,,,,,,
2026-08-09T05:11:00.429635+00:00,20260809-051100,https://trends24.in/indonesia/,Sat Aug 08 2026 20:48:04 GMT+0000 (Coordinated Universal Time),40,Chapter 22,chapter 22,,,,,,
2026-08-09T05:11:00.429635+00:00,20260809-051100,https://trends24.in/indonesia/,Sat Aug 08 2026 20:48:04 GMT+0000 (Coordinated Universal Time),41,Home of Taesan's Dreams,home of taesan's dreams,,,,,,
2026-08-09T05:11:00.429635+00:00,20260809-051100,https://trends24.in/indonesia/,Sat Aug 08 2026 20:48:04 GMT+0000 (Coordinated Universal Time),42,Chelsea vs AC Milan,chelsea vs ac milan,,,,,,
2026-08-09T05:11:00.429635+00:00,20260809-051100,https://trends24.in/indonesia/,Sat Aug 08 2026 20:48:04 GMT+0000 (Coordinated Universal Time),43,cheol,cheol,,,,,,
2026-08-09T05:11:00.429635+00:00,20260809-051100,https://trends24.in/indonesia/,Sat Aug 08 2026 20:48:04 GMT+0000 (Coordinated Universal Time),44,Home Timeline,home timeline,,,,,,
2026-08-09T05:11:00.429635+00:00,20260809-051100,https://trends24.in/indonesia/,Sat Aug 08 2026 20:48:04 GMT+0000 (Coordinated Universal Time),45,TRAILER MR FANBOY,trailer mr fanboy,,,,,,
2026-08-09T05:11:00.429635+00:00,20260809-051100,https://trends24.in/indonesia/,Sat Aug 08 2026 20:48:04 GMT+0000 (Coordinated Universal Time),46,INDOMY STREAMING CUP,indomy streaming cup,,,,,,
2026-08-09T05:11:00.429635+00:00,20260809-051100,https://trends24.in/indonesia/,Sat Aug 08 2026 20:48:04 GMT+0000 (Coordinated Universal Time),47,Piala Asia,piala asia,,,,,,
2026-08-09T05:11:00.429635+00:00,20260809-051100,https://trends24.in/indonesia/,Sat Aug 08 2026 20:48:04 GMT+0000 (Coordinated Universal Time),48,SENADA MODE PERHATIAN,senada mode perhatian,,,,,,
2026-08-09T05:11:00.429635+00:00,20260809-051100,https://trends24.in/indonesia/,Sat Aug 08 2026 20:48:04 GMT+0000 (Coordinated Universal Time),49,Elon,elon,,,,,,
2026-08-09T05:11:00.429635+00:00,20260809-051100,https://trends24.in/indonesia/,Sat Aug 08 2026 20:48:04 GMT+0000 (Coordinated Universal Time),50,RSCM,rscm,,,,,,
2026-08-09T05:11:00.429635+00:00,20260809-051100,https://trends24.in/indonesia/,Sat Aug 08 2026 19:52:18 GMT+0000 (Coordinated Universal Time),1,#à¸­à¸£à¸¸à¸à¸£à¸¸à¹à¸EP8,à¸­à¸£à¸¸à¸à¸£à¸¸à¹à¸ep8,,,,,,
2026-08-09T05:11:00.429635+00:00,20260809-051100,https://trends24.in/indonesia/,Sat Aug 08 2026 19:52:18 GMT+0000 (Coordinated Universal Time),2,#JuniorMarkConcertD2,juniormarkconcertd2,,,,,,
2026-08-09T05:11:00.429635+00:00,20260809-051100,https://trends24.in/indonesia/,Sat Aug 08 2026 19:52:18 GMT+0000 (Coordinated Universal Time),3,#GMMTVFanfestInMacau2026,gmmtvfanfestinmacau2026,,,,,,
2026-08-09T05:11:00.429635+00:00,20260809-051100,https://trends24.in/indonesia/,Sat Aug 08 2026 19:52:18 GMT+0000 (Coordinated Universal Time),4,THE EDGE OF HORIZON EP8,the edge of horizon ep8,,,,,,
2026-08-09T05:11:00.429635+00:00,20260809-051100,https://trends24.in/indonesia/,Sat Aug 08 2026 19:52:18 GMT+0000 (Coordinated Universal Time),5,JUNIORMARK ALONG SUNNYMOON,juniormark along sunnymoon,,,,,,
2026-08-09T05:11:00.429635+00:00,20260809-051100,https://trends24.in/indonesia/,Sat Aug 08 2026 19:52:18 GMT+0000 (Coordinated Universal Time),6,#BornToShineMingi,borntoshinemingi,,,,,,
2026-08-09T05:11:00.429635+00:00,20260809-051100,https://trends24.in/indonesia/,Sat Aug 08 2026 19:52:18 GMT+0000 (Coordinated Universal Time),7,Jorge Messi,jorge messi,,,,,,
2026-08-09T05:11:00.429635+00:00,20260809-051100,https://trends24.in/indonesia/,Sat Aug 08 2026 19:52:18 GMT+0000 (Coordinated Universal Time),8,#ë¯¼ê¸°ê³µì£¼_ìì¼ì¶í,ë¯¼ê¸°ê³µì£¼_ìì¼ì¶í,,,,,,
2026-08-09T05:11:00.429635+00:00,20260809-051100,https://trends24.in/indonesia/,Sat Aug 08 2026 19:52:18 GMT+0000 (Coordinated Universal Time),9,Malming,malming,,,,,,
2026-08-09T05:11:00.429635+00:00,20260809-051100,https://trends24.in/indonesia/,Sat Aug 08 2026 19:52:18 GMT+0000 (Coordinated Universal Time),10,JOONGDUNK FANFEST MACAU,joongdunk fanfest macau,,,,,,
2026-08-09T05:11:00.429635+00:00,20260809-051100,https://trends24.in/indonesia/,Sat Aug 08 2026 19:52:18 GMT+0000 (Coordinated Universal Time),11,Malam Minggu,malam minggu,,,,,,
2026-08-09T05:11:00.429635+00:00,20260809-051100,https://trends24.in/indonesia/,Sat Aug 08 2026 19:52:18 GMT+0000 (Coordinated Universal Time),12,Galaxy Z Fold8,galaxy z fold8,,,,,,
2026-08-09T05:11:00.429635+00:00,20260809-051100,https://trends24.in/indonesia/,Sat Aug 08 2026 19:52:18 GMT+0000 (Coordinated Universal Time),13,OUR LOVE FOR MINGI,our love for mingi,,,,,,
2026-08-09T05:11:00.429635+00:00,20260809-051100,https://trends24.in/indonesia/,Sat Aug 08 2026 19:52:18 GMT+0000 (Coordinated Universal Time),14,Mount,mount,,,,,,
2026-08-09T05:11:00.429635+00:00,20260809-051100,https://trends24.in/indonesia/,Sat Aug 08 2026 19:52:18 GMT+0000 (Coordinated Universal Time),15,PERTHSANTA STARLIT JOURNEY,perthsanta starlit journey,,,,,,
2026-08-09T05:11:00.429635+00:00,20260809-051100,https://trends24.in/indonesia/,Sat Aug 08 2026 19:52:18 GMT+0000 (Coordinated Universal Time),16,Tielemans,tielemans,,,,,,
2026-08-09T05:11:00.429635+00:00,20260809-051100,https://trends24.in/indonesia/,Sat Aug 08 2026 19:52:18 GMT+0000 (Coordinated Universal Time),17,WAVE SHOPEE THEE,wave shopee thee,,,,,,
2026-08-09T05:11:00.429635+00:00,20260809-051100,https://trends24.in/indonesia/,Sat Aug 08 2026 19:52:18 GMT+0000 (Coordinated Universal Time),18,KENGNAMPING AT WEIBO NIGHT,kengnamping at weibo night,,,,,,
2026-08-09T05:11:00.429635+00:00,20260809-051100,https://trends24.in/indonesia/,Sat Aug 08 2026 19:52:18 GMT+0000 (Coordinated Universal Time),19,GEMINIFOURTH IN MACAU 2026,geminifourth in macau 2026,,,,,,
2026-08-09T05:11:00.429635+00:00,20260809-051100,https://trends24.in/indonesia/,Sat Aug 08 2026 19:52:18 GMT+0000 (Coordinated Universal Time),20,KNOCK KNOCK ROOM NO. FREEN,knock knock room no. freen,,,,,,
2026-08-09T05:11:00.429635+00:00,20260809-051100,https://trends24.in/indonesia/,Sat Aug 08 2026 19:52:18 GMT+0000 (Coordinated Universal Time),21,PONDPHUWIN FANFEST MACAU,pondphuwin fanfest macau,,,,,,
2026-08-09T05:11:00.429635+00:00,20260809-051100,https://trends24.in/indonesia/,Sat Aug 08 2026 19:52:18 GMT+0000 (Coordinated Universal Time),22,Milan,milan,,,,,,
2026-08-09T05:11:00.429635+00:00,20260809-051100,https://trends24.in/indonesia/,Sat Aug 08 2026 19:52:18 GMT+0000 (Coordinated Universal Time),23,Lionel Messi,lionel messi,,,,,,
2026-08-09T05:11:00.429635+00:00,20260809-051100,https://trends24.in/indonesia/,Sat Aug 08 2026 19:52:18 GMT+0000 (Coordinated Universal Time),24,International Cat Day,international cat day,,,,,,
2026-08-09T05:11:00.429635+00:00,20260809-051100,https://trends24.in/indonesia/,Sat Aug 08 2026 19:52:18 GMT+0000 (Coordinated Universal Time),25,Amorim,amorim,,,,,,
2026-08-09T05:11:00.429635+00:00,20260809-051100,https://trends24.in/indonesia/,Sat Aug 08 2026 19:52:18 GMT+0000 (Coordinated Universal Time),26,Dirumah,dirumah,,,,,,
2026-08-09T05:11:00.429635+00:00,20260809-051100,https://trends24.in/indonesia/,Sat Aug 08 2026 19:52:18 GMT+0000 (Coordinated Universal Time),27,JIMMYSEA SHINING IN MACAU,jimmysea shining in macau,,,,,,
2026-08-09T05:11:00.429635+00:00,20260809-051100,https://trends24.in/indonesia/,Sat Aug 08 2026 19:52:18 GMT+0000 (Coordinated Universal Time),28,AMPG FANFEST AT MACAU,ampg fanfest at macau,,,,,,
2026-08-09T05:11:00.429635+00:00,20260809-051100,https://trends24.in/indonesia/,Sat Aug 08 2026 19:52:18 GMT+0000 (Coordinated Universal Time),29,#Growing29WithGawin,growing29withgawin,,,,,,
2026-08-09T05:11:00.429635+00:00,20260809-051100,https://trends24.in/indonesia/,Sat Aug 08 2026 19:52:18 GMT+0000 (Coordinated Universal Time),30,#JossGawin,jossgawin,,,,,,
2026-08-09T05:11:00.429635+00:00,20260809-051100,https://trends24.in/indonesia/,Sat Aug 08 2026 19:52:18 GMT+0000 (Coordinated Universal Time),31,#GalaxyExperienceZoneGI,galaxyexperiencezonegi,,,,,,
2026-08-09T05:11:00.429635+00:00,20260809-051100,https://trends24.in/indonesia/,Sat Aug 08 2026 19:52:18 GMT+0000 (Coordinated Universal Time),32,#GalaxyStudio,galaxystudio,,,,,,
2026-08-09T05:11:00.429635+00:00,20260809-051100,https://trends24.in/indonesia/,Sat Aug 08 2026 19:52:18 GMT+0000 (Coordinated Universal Time),33,#AylioXWeibogala,aylioxweibogala,,,,,,
2026-08-09T05:11:00.429635+00:00,20260809-051100,https://trends24.in/indonesia/,Sat Aug 08 2026 19:52:18 GMT+0000 (Coordinated Universal Time),34,#tthi_eks,tthi_eks,,,,,,
2026-08-09T05:11:00.429635+00:00,20260809-051100,https://trends24.in/indonesia/,Sat Aug 08 2026 19:52:18 GMT+0000 (Coordinated Universal Time),35,#StarRailGC2026,starrailgc2026,,,,,,
2026-08-09T05:11:00.429635+00:00,20260809-051100,https://trends24.in/indonesia/,Sat Aug 08 2026 19:52:18 GMT+0000 (Coordinated Universal Time),36,#MUFC,mufc,,,,,,
2026-08-09T05:11:00.429635+00:00,20260809-051100,https://trends24.in/indonesia/,Sat Aug 08 2026 19:52:18 GMT+0000 (Coordinated Universal Time),37,#ShopeeLivexTheeWave,shopeelivextheewave,,,,,,
2026-08-09T05:11:00.429635+00:00,20260809-051100,https://trends24.in/indonesia/,Sat Aug 08 2026 19:52:18 GMT+0000 (Coordinated Universal Time),38,#SpookyInLoveEp7,spookyinloveep7,,,,,,
2026-08-09T05:11:00.429635+00:00,20260809-051100,https://trends24.in/indonesia/,Sat Aug 08 2026 19:52:18 GMT+0000 (Coordinated Universal Time),39,#waavetnp,waavetnp,,,,,,
2026-08-09T05:11:00.429635+00:00,20260809-051100,https://trends24.in/indonesia/,Sat Aug 08 2026 19:52:18 GMT+0000 (Coordinated Universal Time),40,#RoundOneSeries,roundoneseries,,,,,,
2026-08-09T05:11:00.429635+00:00,20260809-051100,https://trends24.in/indonesia/,Sat Aug 08 2026 19:52:18 GMT+0000 (Coordinated Universal Time),41,#TerikatJanjiEp125,terikatjanjiep125,,,,,,
2026-08-09T05:11:00.429635+00:00,20260809-051100,https://trends24.in/indonesia/,Sat Aug 08 2026 19:52:18 GMT+0000 (Coordinated Universal Time),42,#à¹à¸à¸¡à¸µà¹à¸à¸à¹à¹à¸à¸£à¹à¸,à¹à¸à¸¡à¸µà¹à¸à¸à¹à¹à¸à¸£à¹à¸,,,,,,
2026-08-09T05:11:00.429635+00:00,20260809-051100,https://trends24.in/indonesia/,Sat Aug 08 2026 19:52:18 GMT+0000 (Coordinated Universal Time),43,#RoomNumberFreen,roomnumberfreen,,,,,,
2026-08-09T05:11:00.429635+00:00,20260809-051100,https://trends24.in/indonesia/,Sat Aug 08 2026 19:52:18 GMT+0000 (Coordinated Universal Time),44,#OrmKornnaphat,ormkornnaphat,,,,,,
2026-08-09T05:11:00.429635+00:00,20260809-051100,https://trends24.in/indonesia/,Sat Aug 08 2026 19:01:13 GMT+0000 (Coordinated Universal Time),1,#à¸­à¸£à¸¸à¸à¸£à¸¸à¹à¸EP8,à¸­à¸£à¸¸à¸à¸£à¸¸à¹à¸ep8,,,,,,
2026-08-09T05:11:00.429635+00:00,20260809-051100,https://trends24.in/indonesia/,Sat Aug 08 2026 19:01:13 GMT+0000 (Coordinated Universal Time),2,#JuniorMarkConcertD2,juniormarkconcertd2,,,,,,
2026-08-09T05:11:00.429635+00:00,20260809-051100,https://trends24.in/indonesia/,Sat Aug 08 2026 19:01:13 GMT+0000 (Coordinated Universal Time),3,#GMMTVFanfestInMacau2026,gmmtvfanfestinmacau2026,,,,,,
2026-08-09T05:11:00.429635+00:00,20260809-051100,https://trends24.in/indonesia/,Sat Aug 08 2026 19:01:13 GMT+0000 (Coordinated Universal Time),4,THE EDGE OF HORIZON EP8,the edge of horizon ep8,,,,,,
2026-08-09T05:11:00.429635+00:00,20260809-051100,https://trends24.in/indonesia/,Sat Aug 08 2026 19:01:13 GMT+0000 (Coordinated Universal Time),5,JUNIORMARK ALONG SUNNYMOON,juniormark along sunnymoon,,,,,,
2026-08-09T05:11:00.429635+00:00,20260809-051100,https://trends24.in/indonesia/,Sat Aug 08 2026 19:01:13 GMT+0000 (Coordinated Universal Time),6,#BornToShineMingi,borntoshinemingi,,,,,,
2026-08-09T05:11:00.429635+00:00,20260809-051100,https://trends24.in/indonesia/,Sat Aug 08 2026 19:01:13 GMT+0000 (Coordinated Universal Time),7,Jorge Messi,jorge messi,,,,,,
2026-08-09T05:11:00.429635+00:00,20260809-051100,https://trends24.in/indonesia/,Sat Aug 08 2026 19:01:13 GMT+0000 (Coordinated Universal Time),8,#ë¯¼ê¸°ê³µì£¼_ìì¼ì¶í,ë¯¼ê¸°ê³µì£¼_ìì¼ì¶í,,,,,,
2026-08-09T05:11:00.429635+00:00,20260809-051100,https://trends24.in/indonesia/,Sat Aug 08 2026 19:01:13 GMT+0000 (Coordinated Universal Time),9,Malming,malming,,,,,,
2026-08-09T05:11:00.429635+00:00,20260809-051100,https://trends24.in/indonesia/,Sat Aug 08 2026 19:01:13 GMT+0000 (Coordinated Universal Time),10,Galaxy Z Fold8,galaxy z fold8,,,,,,
2026-08-09T05:11:00.429635+00:00,20260809-051100,https://trends24.in/indonesia/,Sat Aug 08 2026 19:01:13 GMT+0000 (Coordinated Universal Time),11,Malam Minggu,malam minggu,,,,,,
2026-08-09T05:11:00.429635+00:00,20260809-051100,https://trends24.in/indonesia/,Sat Aug 08 2026 19:01:13 GMT+0000 (Coordinated Universal Time),12,Mount,mount,,,,,,
2026-08-09T05:11:00.429635+00:00,20260809-051100,https://trends24.in/indonesia/,Sat Aug 08 2026 19:01:13 GMT+0000 (Coordinated Universal Time),13,Tielemans,tielemans,,,,,,
2026-08-09T05:11:00.429635+00:00,20260809-051100,https://trends24.in/indonesia/,Sat Aug 08 2026 19:01:13 GMT+0000 (Coordinated Universal Time),14,PERTHSANTA STARLIT JOURNEY,perthsanta starlit journey,,,,,,
2026-08-09T05:11:00.429635+00:00,20260809-051100,https://trends24.in/indonesia/,Sat Aug 08 2026 19:01:13 GMT+0000 (Coordinated Universal Time),15,Amad,amad,,,,,,
2026-08-09T05:11:00.429635+00:00,20260809-051100,https://trends24.in/indonesia/,Sat Aug 08 2026 19:01:13 GMT+0000 (Coordinated Universal Time),16,21ST CENTURY BOY SANGWON,21st century boy sangwon,,,,,,
2026-08-09T05:11:00.429635+00:00,20260809-051100,https://trends24.in/indonesia/,Sat Aug 08 2026 19:01:13 GMT+0000 (Coordinated Universal Time),17,WAVE SHOPEE THEE,wave shopee thee,,,,,,
2026-08-09T05:11:00.429635+00:00,20260809-051100,https://trends24.in/indonesia/,Sat Aug 08 2026 19:01:13 GMT+0000 (Coordinated Universal Time),18,Mbeumo,mbeumo,,,,,,
2026-08-09T05:11:00.429635+00:00,20260809-051100,https://trends24.in/indonesia/,Sat Aug 08 2026 19:01:13 GMT+0000 (Coordinated Universal Time),19,KENGNAMPING AT WEIBO NIGHT,kengnamping at weibo night,,,,,,
2026-08-09T05:11:00.429635+00:00,20260809-051100,https://trends24.in/indonesia/,Sat Aug 08 2026 19:01:13 GMT+0000 (Coordinated Universal Time),20,Joao Pedro,joao pedro,,,,,,
2026-08-09T05:11:00.429635+00:00,20260809-051100,https://trends24.in/indonesia/,Sat Aug 08 2026 19:01:13 GMT+0000 (Coordinated Universal Time),21,KNOCK KNOCK ROOM NO. FREEN,knock knock room no. freen,,,,,,
2026-08-09T05:11:00.429635+00:00,20260809-051100,https://trends24.in/indonesia/,Sat Aug 08 2026 19:01:13 GMT+0000 (Coordinated Universal Time),22,Milan,milan,,,,,,
2026-08-09T05:11:00.429635+00:00,20260809-051100,https://trends24.in/indonesia/,Sat Aug 08 2026 19:01:13 GMT+0000 (Coordinated Universal Time),23,Lionel Messi,lionel messi,,,,,,
2026-08-09T05:11:00.429635+00:00,20260809-051100,https://trends24.in/indonesia/,Sat Aug 08 2026 19:01:13 GMT+0000 (Coordinated Universal Time),24,International Cat Day,international cat day,,,,,,
2026-08-09T05:11:00.429635+00:00,20260809-051100,https://trends24.in/indonesia/,Sat Aug 08 2026 19:01:13 GMT+0000 (Coordinated Universal Time),25,Amorim,amorim,,,,,,
2026-08-09T05:11:00.429635+00:00,20260809-051100,https://trends24.in/indonesia/,Sat Aug 08 2026 19:01:13 GMT+0000 (Coordinated Universal Time),26,Dirumah,dirumah,,,,,,
2026-08-09T05:11:00.429635+00:00,20260809-051100,https://trends24.in/indonesia/,Sat Aug 08 2026 19:01:13 GMT+0000 (Coordinated Universal Time),27,Bloody Paradise,bloody paradise,,,,,,
2026-08-09T05:11:00.429635+00:00,20260809-051100,https://trends24.in/indonesia/,Sat Aug 08 2026 19:01:13 GMT+0000 (Coordinated Universal Time),28,#Growing29WithGawin,growing29withgawin,,,,,,
2026-08-09T05:11:00.429635+00:00,20260809-051100,https://trends24.in/indonesia/,Sat Aug 08 2026 19:01:13 GMT+0000 (Coordinated Universal Time),29,#GalaxyExperienceGI,galaxyexperiencegi,,,,,,
2026-08-09T05:11:00.429635+00:00,20260809-051100,https://trends24.in/indonesia/,Sat Aug 08 2026 19:01:13 GMT+0000 (Coordinated Universal Time),30,#GalaxyStudio,galaxystudio,,,,,,
2026-08-09T05:11:00.429635+00:00,20260809-051100,https://trends24.in/indonesia/,Sat Aug 08 2026 19:01:13 GMT+0000 (Coordinated Universal Time),31,#AylioXWeibogala,aylioxweibogala,,,,,,
2026-08-09T05:11:00.429635+00:00,20260809-051100,https://trends24.in/indonesia/,Sat Aug 08 2026 19:01:13 GMT+0000 (Coordinated Universal Time),32,#tthi_eks,tthi_eks,,,,,,
2026-08-09T05:11:00.429635+00:00,20260809-051100,https://trends24.in/indonesia/,Sat Aug 08 2026 19:01:13 GMT+0000 (Coordinated Universal Time),33,#f1twtselfieday,f1twtselfieday,,,,,,
2026-08-09T05:11:00.429635+00:00,20260809-051100,https://trends24.in/indonesia/,Sat Aug 08 2026 19:01:13 GMT+0000 (Coordinated Universal Time),34,#StarRailGC2026,starrailgc2026,,,,,,
2026-08-09T05:11:00.429635+00:00,20260809-051100,https://trends24.in/indonesia/,Sat Aug 08 2026 19:01:13 GMT+0000 (Coordinated Universal Time),35,#MUFC,mufc,,,,,,
2026-08-09T05:11:00.429635+00:00,20260809-051100,https://trends24.in/indonesia/,Sat Aug 08 2026 19:01:13 GMT+0000 (Coordinated Universal Time),36,#ShopeeLivexTheeWave,shopeelivextheewave,,,,,,
2026-08-09T05:11:00.429635+00:00,20260809-051100,https://trends24.in/indonesia/,Sat Aug 08 2026 19:01:13 GMT+0000 (Coordinated Universal Time),37,#SpookyInLoveEp7,spookyinloveep7,,,,,,
2026-08-09T05:11:00.429635+00:00,20260809-051100,https://trends24.in/indonesia/,Sat Aug 08 2026 19:01:13 GMT+0000 (Coordinated Universal Time),38,#waavetnp,waavetnp,,,,,,
2026-08-09T05:11:00.429635+00:00,20260809-051100,https://trends24.in/indonesia/,Sat Aug 08 2026 19:01:13 GMT+0000 (Coordinated Universal Time),39,#RoundOneSeries,roundoneseries,,,,,,
2026-08-09T05:11:00.429635+00:00,20260809-051100,https://trends24.in/indonesia/,Sat Aug 08 2026 19:01:13 GMT+0000 (Coordinated Universal Time),40,#LCPremiereS3INA,lcpremieres3ina,,,,,,
2026-08-09T05:11:00.429635+00:00,20260809-051100,https://trends24.in/indonesia/,Sat Aug 08 2026 19:01:13 GMT+0000 (Coordinated Universal Time),41,#LoveStory,lovestory,,,,,,
2026-08-09T05:11:00.429635+00:00,20260809-051100,https://trends24.in/indonesia/,Sat Aug 08 2026 19:01:13 GMT+0000 (Coordinated Universal Time),42,#TerikatJanjiEp125,terikatjanjiep125,,,,,,
2026-08-09T05:11:00.429635+00:00,20260809-051100,https://trends24.in/indonesia/,Sat Aug 08 2026 19:01:13 GMT+0000 (Coordinated Universal Time),43,#à¸à¸¸à¸à¸´à¸§à¸à¸µà¹à¹à¸§à¸¢à¸à¹à¸­à¸à¸²à¸¥à¹à¸²2026,à¸à¸¸à¸à¸´à¸§à¸à¸µà¹à¹à¸§à¸¢à¸à¹à¸­à¸à¸²à¸¥à¹à¸²2026,,,,,,
2026-08-09T05:11:00.429635+00:00,20260809-051100,https://trends24.in/indonesia/,Sat Aug 08 2026 19:01:13 GMT+0000 (Coordinated Universal Time),44,#à¹à¸à¸¡à¸µà¹à¸à¸à¹à¹à¸à¸£à¹à¸,à¹à¸à¸¡à¸µà¹à¸à¸à¹à¹à¸à¸£à¹à¸,,,,,,
2026-08-09T05:11:00.429635+00:00,20260809-051100,https://trends24.in/indonesia/,Sat Aug 08 2026 19:01:13 GMT+0000 (Coordinated Universal Time),45,#RoomNumberFreen,roomnumberfreen,,,,,,
2026-08-09T05:11:00.429635+00:00,20260809-051100,https://trends24.in/indonesia/,Sat Aug 08 2026 19:01:13 GMT+0000 (Coordinated Universal Time),46,#à¸­à¸­à¸¡à¸à¸£à¸à¹à¸à¸ à¸±à¸ª,à¸­à¸­à¸¡à¸à¸£à¸à¹à¸à¸ à¸±à¸ª,,,,,,
2026-08-09T05:11:00.429635+00:00,20260809-051100,https://trends24.in/indonesia/,Sat Aug 08 2026 19:01:13 GMT+0000 (Coordinated Universal Time),47,#OrmKornnaphat,ormkornnaphat,,,,,,
2026-08-09T05:11:00.429635+00:00,20260809-051100,https://trends24.in/indonesia/,Sat Aug 08 2026 18:09:58 GMT+0000 (Coordinated Universal Time),1,#à¸­à¸£à¸¸à¸à¸£à¸¸à¹à¸EP8,à¸­à¸£à¸¸à¸à¸£à¸¸à¹à¸ep8,,,,,,
2026-08-09T05:11:00.429635+00:00,20260809-051100,https://trends24.in/indonesia/,Sat Aug 08 2026 18:09:58 GMT+0000 (Coordinated Universal Time),2,#JuniorMarkConcertD2,juniormarkconcertd2,,,,,,
2026-08-09T05:11:00.429635+00:00,20260809-051100,https://trends24.in/indonesia/,Sat Aug 08 2026 18:09:58 GMT+0000 (Coordinated Universal Time),3,#GMMTVFanfestInMacau2026,gmmtvfanfestinmacau2026,,,,,,
2026-08-09T05:11:00.429635+00:00,20260809-051100,https://trends24.in/indonesia/,Sat Aug 08 2026 18:09:58 GMT+0000 (Coordinated Universal Time),4,JUNIORMARK ALONG SUNNYMOON,juniormark along sunnymoon,,,,,,
2026-08-09T05:11:00.429635+00:00,20260809-051100,https://trends24.in/indonesia/,Sat Aug 08 2026 18:09:58 GMT+0000 (Coordinated Universal Time),5,THE EDGE OF HORIZON EP8,the edge of horizon ep8,,,,,,
2026-08-09T05:11:00.429635+00:00,20260809-051100,https://trends24.in/indonesia/,Sat Aug 08 2026 18:09:58 GMT+0000 (Coordinated Universal Time),6,#BornToShineMingi,borntoshinemingi,,,,,,
2026-08-09T05:11:00.429635+00:00,20260809-051100,https://trends24.in/indonesia/,Sat Aug 08 2026 18:09:58 GMT+0000 (Coordinated Universal Time),7,#Growing29WithGawin,growing29withgawin,,,,,,
2026-08-09T05:11:00.429635+00:00,20260809-051100,https://trends24.in/indonesia/,Sat Aug 08 2026 18:09:58 GMT+0000 (Coordinated Universal Time),8,Jorge Messi,jorge messi,,,,,,
2026-08-09T05:11:00.429635+00:00,20260809-051100,https://trends24.in/indonesia/,Sat Aug 08 2026 18:09:58 GMT+0000 (Coordinated Universal Time),9,Galaxy Z Fold8,galaxy z fold8,,,,,,
2026-08-09T05:11:00.429635+00:00,20260809-051100,https://trends24.in/indonesia/,Sat Aug 08 2026 18:09:58 GMT+0000 (Coordinated Universal Time),10,Malam Minggu,malam minggu,,,,,,
2026-08-09T05:11:00.429635+00:00,20260809-051100,https://trends24.in/indonesia/,Sat Aug 08 2026 18:09:58 GMT+0000 (Coordinated Universal Time),11,Malming,malming,,,,,,
2026-08-09T05:11:00.429635+00:00,20260809-051100,https://trends24.in/indonesia/,Sat Aug 08 2026 18:09:58 GMT+0000 (Coordinated Universal Time),12,Mount,mount,,,,,,
2026-08-09T05:11:00.429635+00:00,20260809-051100,https://trends24.in/indonesia/,Sat Aug 08 2026 18:09:58 GMT+0000 (Coordinated Universal Time),13,PERTHSANTA STARLIT JOURNEY,perthsanta starlit journey,,,,,,
2026-08-09T05:11:00.429635+00:00,20260809-051100,https://trends24.in/indonesia/,Sat Aug 08 2026 18:09:58 GMT+0000 (Coordinated Universal Time),14,Tielemans,tielemans,,,,,,
2026-08-09T05:11:00.429635+00:00,20260809-051100,https://trends24.in/indonesia/,Sat Aug 08 2026 18:09:58 GMT+0000 (Coordinated Universal Time),15,Hard Gumay,hard gumay,,,,,,
2026-08-09T05:11:00.429635+00:00,20260809-051100,https://trends24.in/indonesia/,Sat Aug 08 2026 18:09:58 GMT+0000 (Coordinated Universal Time),16,Amad,amad,,,,,,
2026-08-09T05:11:00.429635+00:00,20260809-051100,https://trends24.in/indonesia/,Sat Aug 08 2026 18:09:58 GMT+0000 (Coordinated Universal Time),17,WAVE SHOPEE THEE,wave shopee thee,,,,,,
2026-08-09T05:11:00.429635+00:00,20260809-051100,https://trends24.in/indonesia/,Sat Aug 08 2026 18:09:58 GMT+0000 (Coordinated Universal Time),18,21ST CENTURY BOY SANGWON,21st century boy sangwon,,,,,,
2026-08-09T05:11:00.429635+00:00,20260809-051100,https://trends24.in/indonesia/,Sat Aug 08 2026 18:09:58 GMT+0000 (Coordinated Universal Time),19,Mbeumo,mbeumo,,,,,,
2026-08-09T05:11:00.429635+00:00,20260809-051100,https://trends24.in/indonesia/,Sat Aug 08 2026 18:09:58 GMT+0000 (Coordinated Universal Time),20,KENGNAMPING AT WEIBO NIGHT,kengnamping at weibo night,,,,,,
2026-08-09T05:11:00.429635+00:00,20260809-051100,https://trends24.in/indonesia/,Sat Aug 08 2026 18:09:58 GMT+0000 (Coordinated Universal Time),21,Joao Pedro,joao pedro,,,,,,
2026-08-09T05:11:00.429635+00:00,20260809-051100,https://trends24.in/indonesia/,Sat Aug 08 2026 18:09:58 GMT+0000 (Coordinated Universal Time),22,KNOCK KNOCK ROOM NO. FREEN,knock knock room no. freen,,,,,,
2026-08-09T05:11:00.429635+00:00,20260809-051100,https://trends24.in/indonesia/,Sat Aug 08 2026 18:09:58 GMT+0000 (Coordinated Universal Time),23,INDOMY STREAMING CUP,indomy streaming cup,,,,,,
2026-08-09T05:11:00.429635+00:00,20260809-051100,https://trends24.in/indonesia/,Sat Aug 08 2026 18:09:58 GMT+0000 (Coordinated Universal Time),24,Milan,milan,,,,,,
2026-08-09T05:11:00.429635+00:00,20260809-051100,https://trends24.in/indonesia/,Sat Aug 08 2026 18:09:58 GMT+0000 (Coordinated Universal Time),25,Lionel Messi,lionel messi,,,,,,
2026-08-09T05:11:00.429635+00:00,20260809-051100,https://trends24.in/indonesia/,Sat Aug 08 2026 18:09:58 GMT+0000 (Coordinated Universal Time),26,International Cat Day,international cat day,,,,,,
2026-08-09T05:11:00.429635+00:00,20260809-051100,https://trends24.in/indonesia/,Sat Aug 08 2026 18:09:58 GMT+0000 (Coordinated Universal Time),27,Amorim,amorim,,,,,,
2026-08-09T05:11:00.429635+00:00,20260809-051100,https://trends24.in/indonesia/,Sat Aug 08 2026 18:09:58 GMT+0000 (Coordinated Universal Time),28,Dirumah,dirumah,,,,,,
2026-08-09T05:11:00.429635+00:00,20260809-051100,https://trends24.in/indonesia/,Sat Aug 08 2026 18:09:58 GMT+0000 (Coordinated Universal Time),29,Bloody Paradise,bloody paradise,,,,,,
2026-08-09T05:11:00.429635+00:00,20260809-051100,https://trends24.in/indonesia/,Sat Aug 08 2026 18:09:58 GMT+0000 (Coordinated Universal Time),30,Bima,bima,,,,,,
2026-08-09T05:11:00.429635+00:00,20260809-051100,https://trends24.in/indonesia/,Sat Aug 08 2026 18:09:58 GMT+0000 (Coordinated Universal Time),31,Chapter 22,chapter 22,,,,,,
2026-08-09T05:11:00.429635+00:00,20260809-051100,https://trends24.in/indonesia/,Sat Aug 08 2026 18:09:58 GMT+0000 (Coordinated Universal Time),32,Home of Taesan's Dreams,home of taesan's dreams,,,,,,
2026-08-09T05:11:00.429635+00:00,20260809-051100,https://trends24.in/indonesia/,Sat Aug 08 2026 18:09:58 GMT+0000 (Coordinated Universal Time),33,Meow,meow,,,,,,
2026-08-09T05:11:00.429635+00:00,20260809-051100,https://trends24.in/indonesia/,Sat Aug 08 2026 18:09:58 GMT+0000 (Coordinated Universal Time),34,LOUIS SPOOKY IN LOVE OST,louis spooky in love ost,,,,,,
2026-08-09T05:11:00.429635+00:00,20260809-051100,https://trends24.in/indonesia/,Sat Aug 08 2026 18:09:58 GMT+0000 (Coordinated Universal Time),35,#ë¯¼ê¸°ê³µì£¼_ìì¼ì¶í,ë¯¼ê¸°ê³µì£¼_ìì¼ì¶í,,,,,,
2026-08-09T05:11:00.429635+00:00,20260809-051100,https://trends24.in/indonesia/,Sat Aug 08 2026 18:09:58 GMT+0000 (Coordinated Universal Time),36,#GalaxyExperienceGI,galaxyexperiencegi,,,,,,
2026-08-09T05:11:00.429635+00:00,20260809-051100,https://trends24.in/indonesia/,Sat Aug 08 2026 18:09:58 GMT+0000 (Coordinated Universal Time),37,#GalaxyStudio,galaxystudio,,,,,,
2026-08-09T05:11:00.429635+00:00,20260809-051100,https://trends24.in/indonesia/,Sat Aug 08 2026 18:09:58 GMT+0000 (Coordinated Universal Time),38,#AylioXWeibogala,aylioxweibogala,,,,,,
2026-08-09T05:11:00.429635+00:00,20260809-051100,https://trends24.in/indonesia/,Sat Aug 08 2026 18:09:58 GMT+0000 (Coordinated Universal Time),39,#RoundOneSeries,roundoneseries,,,,,,
2026-08-09T05:11:00.429635+00:00,20260809-051100,https://trends24.in/indonesia/,Sat Aug 08 2026 18:09:58 GMT+0000 (Coordinated Universal Time),40,#f1twtselfieday,f1twtselfieday,,,,,,
2026-08-09T05:11:00.429635+00:00,20260809-051100,https://trends24.in/indonesia/,Sat Aug 08 2026 18:09:58 GMT+0000 (Coordinated Universal Time),41,#tthi_eks,tthi_eks,,,,,,
2026-08-09T05:11:00.429635+00:00,20260809-051100,https://trends24.in/indonesia/,Sat Aug 08 2026 18:09:58 GMT+0000 (Coordinated Universal Time),42,#ShopeeLivexTheeWave,shopeelivextheewave,,,,,,
2026-08-09T05:11:00.429635+00:00,20260809-051100,https://trends24.in/indonesia/,Sat Aug 08 2026 18:09:58 GMT+0000 (Coordinated Universal Time),43,#StarRailGC2026,starrailgc2026,,,,,,
2026-08-09T05:11:00.429635+00:00,20260809-051100,https://trends24.in/indonesia/,Sat Aug 08 2026 18:09:58 GMT+0000 (Coordinated Universal Time),44,#MUFC,mufc,,,,,,
2026-08-09T05:11:00.429635+00:00,20260809-051100,https://trends24.in/indonesia/,Sat Aug 08 2026 18:09:58 GMT+0000 (Coordinated Universal Time),45,#SpookyInLoveEp7,spookyinloveep7,,,,,,
2026-08-09T05:11:00.429635+00:00,20260809-051100,https://trends24.in/indonesia/,Sat Aug 08 2026 18:09:58 GMT+0000 (Coordinated Universal Time),46,#CementicNest_SANGWON,cementicnest_sangwon,,,,,,
2026-08-09T05:11:00.429635+00:00,20260809-051100,https://trends24.in/indonesia/,Sat Aug 08 2026 18:09:58 GMT+0000 (Coordinated Universal Time),47,#21ì¸ê¸°ìëI_ìì,21ì¸ê¸°ìë i_ìì,,,,,,
2026-08-09T05:11:00.429635+00:00,20260809-051100,https://trends24.in/indonesia/,Sat Aug 08 2026 18:09:58 GMT+0000 (Coordinated Universal Time),48,#waavetnp,waavetnp,,,,,,
2026-08-09T05:11:00.429635+00:00,20260809-051100,https://trends24.in/indonesia/,Sat Aug 08 2026 18:09:58 GMT+0000 (Coordinated Universal Time),49,#TerikatJanjiEp125,terikatjanjiep125,,,,,,
2026-08-09T05:11:00.429635+00:00,20260809-051100,https://trends24.in/indonesia/,Sat Aug 08 2026 18:09:58 GMT+0000 (Coordinated Universal Time),50,#LCPremiereS3INA,lcpremieres3ina,,,,,,
2026-08-09T05:11:00.429635+00:00,20260809-051100,https://trends24.in/indonesia/,Sat Aug 08 2026 17:18:51 GMT+0000 (Coordinated Universal Time),1,#JuniorMarkConcertD2,juniormarkconcertd2,,,,,,
2026-08-09T05:11:00.429635+00:00,20260809-051100,https://trends24.in/indonesia/,Sat Aug 08 2026 17:18:51 GMT+0000 (Coordinated Universal Time),2,#GMMTVFanfestInMacau2026,gmmtvfanfestinmacau2026,,,,,,
2026-08-09T05:11:00.429635+00:00,20260809-051100,https://trends24.in/indonesia/,Sat Aug 08 2026 17:18:51 GMT+0000 (Coordinated Universal Time),3,#à¸­à¸£à¸¸à¸à¸£à¸¸à¹à¸EP8,à¸­à¸£à¸¸à¸à¸£à¸¸à¹à¸ep8,,,,,,
2026-08-09T05:11:00.429635+00:00,20260809-051100,https://trends24.in/indonesia/,Sat Aug 08 2026 17:18:51 GMT+0000 (Coordinated Universal Time),4,JUNIORMARK ALONG SUNNYMOON,juniormark along sunnymoon,,,,,,
2026-08-09T05:11:00.429635+00:00,20260809-051100,https://trends24.in/indonesia/,Sat Aug 08 2026 17:18:51 GMT+0000 (Coordinated Universal Time),5,#Growing29WithGawin,growing29withgawin,,,,,,
2026-08-09T05:11:00.429635+00:00,20260809-051100,https://trends24.in/indonesia/,Sat Aug 08 2026 17:18:51 GMT+0000 (Coordinated Universal Time),6,THE EDGE OF HORIZON EP8,the edge of horizon ep8,,,,,,
2026-08-09T05:11:00.429635+00:00,20260809-051100,https://trends24.in/indonesia/,Sat Aug 08 2026 17:18:51 GMT+0000 (Coordinated Universal Time),7,#BornToShineMingi,borntoshinemingi,,,,,,
2026-08-09T05:11:00.429635+00:00,20260809-051100,https://trends24.in/indonesia/,Sat Aug 08 2026 17:18:51 GMT+0000 (Coordinated Universal Time),8,Jorge Messi,jorge messi,,,,,,
2026-08-09T05:11:00.429635+00:00,20260809-051100,https://trends24.in/indonesia/,Sat Aug 08 2026 17:18:51 GMT+0000 (Coordinated Universal Time),9,Galaxy Z Fold8,galaxy z fold8,,,,,,
2026-08-09T05:11:00.429635+00:00,20260809-051100,https://trends24.in/indonesia/,Sat Aug 08 2026 17:18:51 GMT+0000 (Coordinated Universal Time),10,Malam Minggu,malam minggu,,,,,,
2026-08-09T05:11:00.429635+00:00,20260809-051100,https://trends24.in/indonesia/,Sat Aug 08 2026 17:18:51 GMT+0000 (Coordinated Universal Time),11,Malming,malming,,,,,,
2026-08-09T05:11:00.429635+00:00,20260809-051100,https://trends24.in/indonesia/,Sat Aug 08 2026 17:18:51 GMT+0000 (Coordinated Universal Time),12,PERTHSANTA STARLIT JOURNEY,perthsanta starlit journey,,,,,,
2026-08-09T05:11:00.429635+00:00,20260809-051100,https://trends24.in/indonesia/,Sat Aug 08 2026 17:18:51 GMT+0000 (Coordinated Universal Time),13,Tielemans,tielemans,,,,,,
2026-08-09T05:11:00.429635+00:00,20260809-051100,https://trends24.in/indonesia/,Sat Aug 08 2026 17:18:51 GMT+0000 (Coordinated Universal Time),14,WAVE SHOPEE THEE,wave shopee thee,,,,,,
2026-08-09T05:11:00.429635+00:00,20260809-051100,https://trends24.in/indonesia/,Sat Aug 08 2026 17:18:51 GMT+0000 (Coordinated Universal Time),15,21ST CENTURY BOY SANGWON,21st century boy sangwon,,,,,,
2026-08-09T05:11:00.429635+00:00,20260809-051100,https://trends24.in/indonesia/,Sat Aug 08 2026 17:18:51 GMT+0000 (Coordinated Universal Time),16,Hard Gumay,hard gumay,,,,,,
2026-08-09T05:11:00.429635+00:00,20260809-051100,https://trends24.in/indonesia/,Sat Aug 08 2026 17:18:51 GMT+0000 (Coordinated Universal Time),17,Amad,amad,,,,,,
2026-08-09T05:11:00.429635+00:00,20260809-051100,https://trends24.in/indonesia/,Sat Aug 08 2026 17:18:51 GMT+0000 (Coordinated Universal Time),18,Mount,mount,,,,,,
2026-08-09T05:11:00.429635+00:00,20260809-051100,https://trends24.in/indonesia/,Sat Aug 08 2026 17:18:51 GMT+0000 (Coordinated Universal Time),19,Mbeumo,mbeumo,,,,,,
2026-08-09T05:11:00.429635+00:00,20260809-051100,https://trends24.in/indonesia/,Sat Aug 08 2026 17:18:51 GMT+0000 (Coordinated Universal Time),20,KENGNAMPING AT WEIBO NIGHT,kengnamping at weibo night,,,,,,
2026-08-09T05:11:00.429635+00:00,20260809-051100,https://trends24.in/indonesia/,Sat Aug 08 2026 17:18:51 GMT+0000 (Coordinated Universal Time),21,Joao Pedro,joao pedro,,,,,,
2026-08-09T05:11:00.429635+00:00,20260809-051100,https://trends24.in/indonesia/,Sat Aug 08 2026 17:18:51 GMT+0000 (Coordinated Universal Time),22,Lionel Messi,lionel messi,,,,,,
2026-08-09T05:11:00.429635+00:00,20260809-051100,https://trends24.in/indonesia/,Sat Aug 08 2026 17:18:51 GMT+0000 (Coordinated Universal Time),23,KNOCK KNOCK ROOM NO. FREEN,knock knock room no. freen,,,,,,
2026-08-09T05:11:00.429635+00:00,20260809-051100,https://trends24.in/indonesia/,Sat Aug 08 2026 17:18:51 GMT+0000 (Coordinated Universal Time),24,International Cat Day,international cat day,,,,,,
2026-08-09T05:11:00.429635+00:00,20260809-051100,https://trends24.in/indonesia/,Sat Aug 08 2026 17:18:51 GMT+0000 (Coordinated Universal Time),25,INDOMY STREAMING CUP,indomy streaming cup,,,,,,
2026-08-09T05:11:00.429635+00:00,20260809-051100,https://trends24.in/indonesia/,Sat Aug 08 2026 17:18:51 GMT+0000 (Coordinated Universal Time),26,Dirumah,dirumah,,,,,,
2026-08-09T05:11:00.429635+00:00,20260809-051100,https://trends24.in/indonesia/,Sat Aug 08 2026 17:18:51 GMT+0000 (Coordinated Universal Time),27,SENADA MODE PERHATIAN,senada mode perhatian,,,,,,
2026-08-09T05:11:00.429635+00:00,20260809-051100,https://trends24.in/indonesia/,Sat Aug 08 2026 17:18:51 GMT+0000 (Coordinated Universal Time),28,EST LIVE WITH LOREAL LAQUE,est live with loreal laque,,,,,,
2026-08-09T05:11:00.429635+00:00,20260809-051100,https://trends24.in/indonesia/,Sat Aug 08 2026 17:18:51 GMT+0000 (Coordinated Universal Time),29,Amorim,amorim,,,,,,
2026-08-09T05:11:00.429635+00:00,20260809-051100,https://trends24.in/indonesia/,Sat Aug 08 2026 17:18:51 GMT+0000 (Coordinated Universal Time),30,Milan,milan,,,,,,
2026-08-09T05:11:00.429635+00:00,20260809-051100,https://trends24.in/indonesia/,Sat Aug 08 2026 17:18:51 GMT+0000 (Coordinated Universal Time),31,Palestra,palestra,,,,,,
2026-08-09T05:11:00.429635+00:00,20260809-051100,https://trends24.in/indonesia/,Sat Aug 08 2026 17:18:51 GMT+0000 (Coordinated Universal Time),32,Bima,bima,,,,,,
2026-08-09T05:11:00.429635+00:00,20260809-051100,https://trends24.in/indonesia/,Sat Aug 08 2026 17:18:51 GMT+0000 (Coordinated Universal Time),33,Bloody Paradise,bloody paradise,,,,,,
2026-08-09T05:11:00.429635+00:00,20260809-051100,https://trends24.in/indonesia/,Sat Aug 08 2026 17:18:51 GMT+0000 (Coordinated Universal Time),34,Chapter 22,chapter 22,,,,,,
2026-08-09T05:11:00.429635+00:00,20260809-051100,https://trends24.in/indonesia/,Sat Aug 08 2026 17:18:51 GMT+0000 (Coordinated Universal Time),35,Home of Taesan's Dreams,home of taesan's dreams,,,,,,
2026-08-09T05:11:00.429635+00:00,20260809-051100,https://trends24.in/indonesia/,Sat Aug 08 2026 17:18:51 GMT+0000 (Coordinated Universal Time),36,Meow,meow,,,,,,
2026-08-09T05:11:00.429635+00:00,20260809-051100,https://trends24.in/indonesia/,Sat Aug 08 2026 17:18:51 GMT+0000 (Coordinated Universal Time),37,LOUIS SPOOKY IN LOVE OST,louis spooky in love ost,,,,,,
2026-08-09T05:11:00.429635+00:00,20260809-051100,https://trends24.in/indonesia/,Sat Aug 08 2026 17:18:51 GMT+0000 (Coordinated Universal Time),38,#ë¯¼ê¸°ê³µì£¼_ìì¼ì¶í,ë¯¼ê¸°ê³µì£¼_ìì¼ì¶í,,,,,,
2026-08-09T05:11:00.429635+00:00,20260809-051100,https://trends24.in/indonesia/,Sat Aug 08 2026 17:18:51 GMT+0000 (Coordinated Universal Time),39,#GalaxyExperienceGI,galaxyexperiencegi,,,,,,
2026-08-09T05:11:00.429635+00:00,20260809-051100,https://trends24.in/indonesia/,Sat Aug 08 2026 17:18:51 GMT+0000 (Coordinated Universal Time),40,#AylioXWeibogala,aylioxweibogala,,,,,,
2026-08-09T05:11:00.429635+00:00,20260809-051100,https://trends24.in/indonesia/,Sat Aug 08 2026 17:18:51 GMT+0000 (Coordinated Universal Time),41,#GalaxyStudio,galaxystudio,,,,,,
2026-08-09T05:11:00.429635+00:00,20260809-051100,https://trends24.in/indonesia/,Sat Aug 08 2026 17:18:51 GMT+0000 (Coordinated Universal Time),42,#RoundOneSeries,roundoneseries,,,,,,
2026-08-09T05:11:00.429635+00:00,20260809-051100,https://trends24.in/indonesia/,Sat Aug 08 2026 17:18:51 GMT+0000 (Coordinated Universal Time),43,#StarRailGC2026,starrailgc2026,,,,,,
2026-08-09T05:11:00.429635+00:00,20260809-051100,https://trends24.in/indonesia/,Sat Aug 08 2026 17:18:51 GMT+0000 (Coordinated Universal Time),44,#ShopeeLivexTheeWave,shopeelivextheewave,,,,,,
2026-08-09T05:11:00.429635+00:00,20260809-051100,https://trends24.in/indonesia/,Sat Aug 08 2026 17:18:51 GMT+0000 (Coordinated Universal Time),45,#f1twtselfieday,f1twtselfieday,,,,,,
2026-08-09T05:11:00.429635+00:00,20260809-051100,https://trends24.in/indonesia/,Sat Aug 08 2026 17:18:51 GMT+0000 (Coordinated Universal Time),46,#SpookyInLoveEp7,spookyinloveep7,,,,,,
2026-08-09T05:11:00.429635+00:00,20260809-051100,https://trends24.in/indonesia/,Sat Aug 08 2026 17:18:51 GMT+0000 (Coordinated Universal Time),47,#CementicNest_SANGWON,cementicnest_sangwon,,,,,,
2026-08-09T05:11:00.429635+00:00,20260809-051100,https://trends24.in/indonesia/,Sat Aug 08 2026 17:18:51 GMT+0000 (Coordinated Universal Time),48,#21ì¸ê¸°ìëI_ìì,21ì¸ê¸°ìë i_ìì,,,,,,
2026-08-09T05:11:00.429635+00:00,20260809-051100,https://trends24.in/indonesia/,Sat Aug 08 2026 17:18:51 GMT+0000 (Coordinated Universal Time),49,#MUFC,mufc,,,,,,
2026-08-09T05:11:00.429635+00:00,20260809-051100,https://trends24.in/indonesia/,Sat Aug 08 2026 17:18:51 GMT+0000 (Coordinated Universal Time),50,#tthi_eks,tthi_eks,,,,,,
2026-08-09T05:11:00.429635+00:00,20260809-051100,https://trends24.in/indonesia/,Sat Aug 08 2026 16:27:58 GMT+0000 (Coordinated Universal Time),1,#GMMTVFanfestInMacau2026,gmmtvfanfestinmacau2026,,,,,,
2026-08-09T05:11:00.429635+00:00,20260809-051100,https://trends24.in/indonesia/,Sat Aug 08 2026 16:27:58 GMT+0000 (Coordinated Universal Time),2,#JuniorMarkConcertD2,juniormarkconcertd2,,,,,,
2026-08-09T05:11:00.429635+00:00,20260809-051100,https://trends24.in/indonesia/,Sat Aug 08 2026 16:27:58 GMT+0000 (Coordinated Universal Time),3,#à¸­à¸£à¸¸à¸à¸£à¸¸à¹à¸EP8,à¸­à¸£à¸¸à¸à¸£à¸¸à¹à¸ep8,,,,,,
2026-08-09T05:11:00.429635+00:00,20260809-051100,https://trends24.in/indonesia/,Sat Aug 08 2026 16:27:58 GMT+0000 (Coordinated Universal Time),4,Jorge Messi,jorge messi,,,,,,
2026-08-09T05:11:00.429635+00:00,20260809-051100,https://trends24.in/indonesia/,Sat Aug 08 2026 16:27:58 GMT+0000 (Coordinated Universal Time),5,THE EDGE OF HORIZON EP8,the edge of horizon ep8,,,,,,
2026-08-09T05:11:00.429635+00:00,20260809-051100,https://trends24.in/indonesia/,Sat Aug 08 2026 16:27:58 GMT+0000 (Coordinated Universal Time),6,#Growing29WithGawin,growing29withgawin,,,,,,
2026-08-09T05:11:00.429635+00:00,20260809-051100,https://trends24.in/indonesia/,Sat Aug 08 2026 16:27:58 GMT+0000 (Coordinated Universal Time),7,#BornToShineMingi,borntoshinemingi,,,,,,
2026-08-09T05:11:00.429635+00:00,20260809-051100,https://trends24.in/indonesia/,Sat Aug 08 2026 16:27:58 GMT+0000 (Coordinated Universal Time),8,Malam Minggu,malam minggu,,,,,,
2026-08-09T05:11:00.429635+00:00,20260809-051100,https://trends24.in/indonesia/,Sat Aug 08 2026 16:27:58 GMT+0000 (Coordinated Universal Time),9,PERTHSANTA STARLIT JOURNEY,perthsanta starlit journey,,,,,,
2026-08-09T05:11:00.429635+00:00,20260809-051100,https://trends24.in/indonesia/,Sat Aug 08 2026 16:27:58 GMT+0000 (Coordinated Universal Time),10,Galaxy Z Fold8,galaxy z fold8,,,,,,
2026-08-09T05:11:00.429635+00:00,20260809-051100,https://trends24.in/indonesia/,Sat Aug 08 2026 16:27:58 GMT+0000 (Coordinated Universal Time),11,Malming,malming,,,,,,
2026-08-09T05:11:00.429635+00:00,20260809-051100,https://trends24.in/indonesia/,Sat Aug 08 2026 16:27:58 GMT+0000 (Coordinated Universal Time),12,WAVE SHOPEE THEE,wave shopee thee,,,,,,
2026-08-09T05:11:00.429635+00:00,20260809-051100,https://trends24.in/indonesia/,Sat Aug 08 2026 16:27:58 GMT+0000 (Coordinated Universal Time),13,Amad,amad,,,,,,
2026-08-09T05:11:00.429635+00:00,20260809-051100,https://trends24.in/indonesia/,Sat Aug 08 2026 16:27:58 GMT+0000 (Coordinated Universal Time),14,Hard Gumay,hard gumay,,,,,,
2026-08-09T05:11:00.429635+00:00,20260809-051100,https://trends24.in/indonesia/,Sat Aug 08 2026 16:27:58 GMT+0000 (Coordinated Universal Time),15,21ST CENTURY BOY SANGWON,21st century boy sangwon,,,,,,
2026-08-09T05:11:00.429635+00:00,20260809-051100,https://trends24.in/indonesia/,Sat Aug 08 2026 16:27:58 GMT+0000 (Coordinated Universal Time),16,Joao Pedro,joao pedro,,,,,,
2026-08-09T05:11:00.429635+00:00,20260809-051100,https://trends24.in/indonesia/,Sat Aug 08 2026 16:27:58 GMT+0000 (Coordinated Universal Time),17,KENGNAMPING AT WEIBO NIGHT,kengnamping at weibo night,,,,,,
2026-08-09T05:11:00.429635+00:00,20260809-051100,https://trends24.in/indonesia/,Sat Aug 08 2026 16:27:58 GMT+0000 (Coordinated Universal Time),18,Mbeumo,mbeumo,,,,,,
2026-08-09T05:11:00.429635+00:00,20260809-051100,https://trends24.in/indonesia/,Sat Aug 08 2026 16:27:58 GMT+0000 (Coordinated Universal Time),19,Mason Mount,mason mount,,,,,,
2026-08-09T05:11:00.429635+00:00,20260809-051100,https://trends24.in/indonesia/,Sat Aug 08 2026 16:27:58 GMT+0000 (Coordinated Universal Time),20,KNOCK KNOCK ROOM NO. FREEN,knock knock room no. freen,,,,,,
2026-08-09T05:11:00.429635+00:00,20260809-051100,https://trends24.in/indonesia/,Sat Aug 08 2026 16:27:58 GMT+0000 (Coordinated Universal Time),21,International Cat Day,international cat day,,,,,,
2026-08-09T05:11:00.429635+00:00,20260809-051100,https://trends24.in/indonesia/,Sat Aug 08 2026 16:27:58 GMT+0000 (Coordinated Universal Time),22,Lionel Messi,lionel messi,,,,,,
2026-08-09T05:11:00.429635+00:00,20260809-051100,https://trends24.in/indonesia/,Sat Aug 08 2026 16:27:58 GMT+0000 (Coordinated Universal Time),23,Dirumah,dirumah,,,,,,
2026-08-09T05:11:00.429635+00:00,20260809-051100,https://trends24.in/indonesia/,Sat Aug 08 2026 16:27:58 GMT+0000 (Coordinated Universal Time),24,INDOMY STREAMING CUP,indomy streaming cup,,,,,,
2026-08-09T05:11:00.429635+00:00,20260809-051100,https://trends24.in/indonesia/,Sat Aug 08 2026 16:27:58 GMT+0000 (Coordinated Universal Time),25,Milan,milan,,,,,,
2026-08-09T05:11:00.429635+00:00,20260809-051100,https://trends24.in/indonesia/,Sat Aug 08 2026 16:27:58 GMT+0000 (Coordinated Universal Time),26,SENADA MODE PERHATIAN,senada mode perhatian,,,,,,
2026-08-09T05:11:00.429635+00:00,20260809-051100,https://trends24.in/indonesia/,Sat Aug 08 2026 16:27:58 GMT+0000 (Coordinated Universal Time),27,Amorim,amorim,,,,,,
2026-08-09T05:11:00.429635+00:00,20260809-051100,https://trends24.in/indonesia/,Sat Aug 08 2026 16:27:58 GMT+0000 (Coordinated Universal Time),28,EST LIVE WITH LOREAL LAQUE,est live with loreal laque,,,,,,
2026-08-09T05:11:00.429635+00:00,20260809-051100,https://trends24.in/indonesia/,Sat Aug 08 2026 16:27:58 GMT+0000 (Coordinated Universal Time),29,Bloody Paradise,bloody paradise,,,,,,
2026-08-09T05:11:00.429635+00:00,20260809-051100,https://trends24.in/indonesia/,Sat Aug 08 2026 16:27:58 GMT+0000 (Coordinated Universal Time),30,Bima,bima,,,,,,
2026-08-09T05:11:00.429635+00:00,20260809-051100,https://trends24.in/indonesia/,Sat Aug 08 2026 16:27:58 GMT+0000 (Coordinated Universal Time),31,Palestra,palestra,,,,,,
2026-08-09T05:11:00.429635+00:00,20260809-051100,https://trends24.in/indonesia/,Sat Aug 08 2026 16:27:58 GMT+0000 (Coordinated Universal Time),32,TVRI,tvri,,,,,,
2026-08-09T05:11:00.429635+00:00,20260809-051100,https://trends24.in/indonesia/,Sat Aug 08 2026 16:27:58 GMT+0000 (Coordinated Universal Time),33,LOUIS SPOOKY IN LOVE OST,louis spooky in love ost,,,,,,
2026-08-09T05:11:00.429635+00:00,20260809-051100,https://trends24.in/indonesia/,Sat Aug 08 2026 16:27:58 GMT+0000 (Coordinated Universal Time),34,Chapter 22,chapter 22,,,,,,
2026-08-09T05:11:00.429635+00:00,20260809-051100,https://trends24.in/indonesia/,Sat Aug 08 2026 16:27:58 GMT+0000 (Coordinated Universal Time),35,Home of Taesan's Dreams,home of taesan's dreams,,,,,,
2026-08-09T05:11:00.429635+00:00,20260809-051100,https://trends24.in/indonesia/,Sat Aug 08 2026 16:27:58 GMT+0000 (Coordinated Universal Time),36,Jake,jake,,,,,,
2026-08-09T05:11:00.429635+00:00,20260809-051100,https://trends24.in/indonesia/,Sat Aug 08 2026 16:27:58 GMT+0000 (Coordinated Universal Time),37,Meow,meow,,,,,,
2026-08-09T05:11:00.429635+00:00,20260809-051100,https://trends24.in/indonesia/,Sat Aug 08 2026 16:27:58 GMT+0000 (Coordinated Universal Time),38,SKY X MAYBELLINE MATTE MAX,sky x maybelline matte max,,,,,,
2026-08-09T05:11:00.429635+00:00,20260809-051100,https://trends24.in/indonesia/,Sat Aug 08 2026 16:27:58 GMT+0000 (Coordinated Universal Time),39,#ë¯¼ê¸°ê³µì£¼_ìì¼ì¶í,ë¯¼ê¸°ê³µì£¼_ìì¼ì¶í,,,,,,
2026-08-09T05:11:00.429635+00:00,20260809-051100,https://trends24.in/indonesia/,Sat Aug 08 2026 16:27:58 GMT+0000 (Coordinated Universal Time),40,#JossGawin,jossgawin,,,,,,
2026-08-09T05:11:00.429635+00:00,20260809-051100,https://trends24.in/indonesia/,Sat Aug 08 2026 16:27:58 GMT+0000 (Coordinated Universal Time),41,#RoundOneSeries,roundoneseries,,,,,,
2026-08-09T05:11:00.429635+00:00,20260809-051100,https://trends24.in/indonesia/,Sat Aug 08 2026 16:27:58 GMT+0000 (Coordinated Universal Time),42,#AylioXWeibogala,aylioxweibogala,,,,,,
2026-08-09T05:11:00.429635+00:00,20260809-051100,https://trends24.in/indonesia/,Sat Aug 08 2026 16:27:58 GMT+0000 (Coordinated Universal Time),43,#GalaxyExperienceGI,galaxyexperiencegi,,,,,,
2026-08-09T05:11:00.429635+00:00,20260809-051100,https://trends24.in/indonesia/,Sat Aug 08 2026 16:27:58 GMT+0000 (Coordinated Universal Time),44,#StarRailGC2026,starrailgc2026,,,,,,
2026-08-09T05:11:00.429635+00:00,20260809-051100,https://trends24.in/indonesia/,Sat Aug 08 2026 16:27:58 GMT+0000 (Coordinated Universal Time),45,#ShopeeLivexTheeWave,shopeelivextheewave,,,,,,
2026-08-09T05:11:00.429635+00:00,20260809-051100,https://trends24.in/indonesia/,Sat Aug 08 2026 16:27:58 GMT+0000 (Coordinated Universal Time),46,#GalaxyStudio,galaxystudio,,,,,,
2026-08-09T05:11:00.429635+00:00,20260809-051100,https://trends24.in/indonesia/,Sat Aug 08 2026 16:27:58 GMT+0000 (Coordinated Universal Time),47,#f1twtselfieday,f1twtselfieday,,,,,,
2026-08-09T05:11:00.429635+00:00,20260809-051100,https://trends24.in/indonesia/,Sat Aug 08 2026 16:27:58 GMT+0000 (Coordinated Universal Time),48,#CementicNest_SANGWON,cementicnest_sangwon,,,,,,
2026-08-09T05:11:00.429635+00:00,20260809-051100,https://trends24.in/indonesia/,Sat Aug 08 2026 16:27:58 GMT+0000 (Coordinated Universal Time),49,#21ì¸ê¸°ìëI_ìì,21ì¸ê¸°ìë i_ìì,,,,,,
2026-08-09T05:11:00.429635+00:00,20260809-051100,https://trends24.in/indonesia/,Sat Aug 08 2026 16:27:58 GMT+0000 (Coordinated Universal Time),50,#TerikatJanjiEp125,terikatjanjiep125,,,,,,
2026-08-09T05:11:00.429635+00:00,20260809-051100,https://trends24.in/indonesia/,Sat Aug 08 2026 15:36:07 GMT+0000 (Coordinated Universal Time),1,#GMMTVFanfestInMacau2026,gmmtvfanfestinmacau2026,,,,,,
2026-08-09T05:11:00.429635+00:00,20260809-051100,https://trends24.in/indonesia/,Sat Aug 08 2026 15:36:07 GMT+0000 (Coordinated Universal Time),2,#JuniorMarkConcertD2,juniormarkconcertd2,,,,,,
2026-08-09T05:11:00.429635+00:00,20260809-051100,https://trends24.in/indonesia/,Sat Aug 08 2026 15:36:07 GMT+0000 (Coordinated Universal Time),3,#Growing29WithGawin,growing29withgawin,,,,,,
2026-08-09T05:11:00.429635+00:00,20260809-051100,https://trends24.in/indonesia/,Sat Aug 08 2026 15:36:07 GMT+0000 (Coordinated Universal Time),4,Jorge Messi,jorge messi,,,,,,
2026-08-09T05:11:00.429635+00:00,20260809-051100,https://trends24.in/indonesia/,Sat Aug 08 2026 15:36:07 GMT+0000 (Coordinated Universal Time),5,#RoundOneSeries,roundoneseries,,,,,,
2026-08-09T05:11:00.429635+00:00,20260809-051100,https://trends24.in/indonesia/,Sat Aug 08 2026 15:36:07 GMT+0000 (Coordinated Universal Time),6,#à¸­à¸£à¸¸à¸à¸£à¸¸à¹à¸EP8,à¸­à¸£à¸¸à¸à¸£à¸¸à¹à¸ep8,,,,,,
2026-08-09T05:11:00.429635+00:00,20260809-051100,https://trends24.in/indonesia/,Sat Aug 08 2026 15:36:07 GMT+0000 (Coordinated Universal Time),7,PERTHSANTA STARLIT JOURNEY,perthsanta starlit journey,,,,,,
2026-08-09T05:11:00.429635+00:00,20260809-051100,https://trends24.in/indonesia/,Sat Aug 08 2026 15:36:07 GMT+0000 (Coordinated Universal Time),8,THE EDGE OF HORIZON EP8,the edge of horizon ep8,,,,,,
2026-08-09T05:11:00.429635+00:00,20260809-051100,https://trends24.in/indonesia/,Sat Aug 08 2026 15:36:07 GMT+0000 (Coordinated Universal Time),9,Malming,malming,,,,,,
2026-08-09T05:11:00.429635+00:00,20260809-051100,https://trends24.in/indonesia/,Sat Aug 08 2026 15:36:07 GMT+0000 (Coordinated Universal Time),10,Malam Minggu,malam minggu,,,,,,
2026-08-09T05:11:00.429635+00:00,20260809-051100,https://trends24.in/indonesia/,Sat Aug 08 2026 15:36:07 GMT+0000 (Coordinated Universal Time),11,21ST CENTURY BOY SANGWON,21st century boy sangwon,,,,,,
2026-08-09T05:11:00.429635+00:00,20260809-051100,https://trends24.in/indonesia/,Sat Aug 08 2026 15:36:07 GMT+0000 (Coordinated Universal Time),12,Hard Gumay,hard gumay,,,,,,
2026-08-09T05:11:00.429635+00:00,20260809-051100,https://trends24.in/indonesia/,Sat Aug 08 2026 15:36:07 GMT+0000 (Coordinated Universal Time),13,WAVE SHOPEE THEE,wave shopee thee,,,,,,
2026-08-09T05:11:00.429635+00:00,20260809-051100,https://trends24.in/indonesia/,Sat Aug 08 2026 15:36:07 GMT+0000 (Coordinated Universal Time),14,KENGNAMPING AT WEIBO NIGHT,kengnamping at weibo night,,,,,,
2026-08-09T05:11:00.429635+00:00,20260809-051100,https://trends24.in/indonesia/,Sat Aug 08 2026 15:36:07 GMT+0000 (Coordinated Universal Time),15,Galaxy Z Fold8,galaxy z fold8,,,,,,
2026-08-09T05:11:00.429635+00:00,20260809-051100,https://trends24.in/indonesia/,Sat Aug 08 2026 15:36:07 GMT+0000 (Coordinated Universal Time),16,Joao Pedro,joao pedro,,,,,,
2026-08-09T05:11:00.429635+00:00,20260809-051100,https://trends24.in/indonesia/,Sat Aug 08 2026 15:36:07 GMT+0000 (Coordinated Universal Time),17,INDOMY STREAMING CUP,indomy streaming cup,,,,,,
2026-08-09T05:11:00.429635+00:00,20260809-051100,https://trends24.in/indonesia/,Sat Aug 08 2026 15:36:07 GMT+0000 (Coordinated Universal Time),18,KNOCK KNOCK ROOM NO. FREEN,knock knock room no. freen,,,,,,
2026-08-09T05:11:00.429635+00:00,20260809-051100,https://trends24.in/indonesia/,Sat Aug 08 2026 15:36:07 GMT+0000 (Coordinated Universal Time),19,Dirumah,dirumah,,,,,,
2026-08-09T05:11:00.429635+00:00,20260809-051100,https://trends24.in/indonesia/,Sat Aug 08 2026 15:36:07 GMT+0000 (Coordinated Universal Time),20,Milan,milan,,,,,,
2026-08-09T05:11:00.429635+00:00,20260809-051100,https://trends24.in/indonesia/,Sat Aug 08 2026 15:36:07 GMT+0000 (Coordinated Universal Time),21,Lionel Messi,lionel messi,,,,,,
2026-08-09T05:11:00.429635+00:00,20260809-051100,https://trends24.in/indonesia/,Sat Aug 08 2026 15:36:07 GMT+0000 (Coordinated Universal Time),22,SENADA MODE PERHATIAN,senada mode perhatian,,,,,,
2026-08-09T05:11:00.429635+00:00,20260809-051100,https://trends24.in/indonesia/,Sat Aug 08 2026 15:36:07 GMT+0000 (Coordinated Universal Time),23,EST LIVE WITH LOREAL LAQUE,est live with loreal laque,,,,,,
2026-08-09T05:11:00.429635+00:00,20260809-051100,https://trends24.in/indonesia/,Sat Aug 08 2026 15:36:07 GMT+0000 (Coordinated Universal Time),24,Amorim,amorim,,,,,,
2026-08-09T05:11:00.429635+00:00,20260809-051100,https://trends24.in/indonesia/,Sat Aug 08 2026 15:36:07 GMT+0000 (Coordinated Universal Time),25,International Cat Day,international cat day,,,,,,
2026-08-09T05:11:00.429635+00:00,20260809-051100,https://trends24.in/indonesia/,Sat Aug 08 2026 15:36:07 GMT+0000 (Coordinated Universal Time),26,Bloody Paradise,bloody paradise,,,,,,
2026-08-09T05:11:00.429635+00:00,20260809-051100,https://trends24.in/indonesia/,Sat Aug 08 2026 15:36:07 GMT+0000 (Coordinated Universal Time),27,Bima,bima,,,,,,
2026-08-09T05:11:00.429635+00:00,20260809-051100,https://trends24.in/indonesia/,Sat Aug 08 2026 15:36:07 GMT+0000 (Coordinated Universal Time),28,Palestra,palestra,,,,,,
2026-08-09T05:11:00.429635+00:00,20260809-051100,https://trends24.in/indonesia/,Sat Aug 08 2026 15:36:07 GMT+0000 (Coordinated Universal Time),29,TVRI,tvri,,,,,,
2026-08-09T05:11:00.429635+00:00,20260809-051100,https://trends24.in/indonesia/,Sat Aug 08 2026 15:36:07 GMT+0000 (Coordinated Universal Time),30,Bapenda DKI Jakarta,bapenda dki jakarta,,,,,,
2026-08-09T05:11:00.429635+00:00,20260809-051100,https://trends24.in/indonesia/,Sat Aug 08 2026 15:36:07 GMT+0000 (Coordinated Universal Time),31,LOUIS SPOOKY IN LOVE OST,louis spooky in love ost,,,,,,
2026-08-09T05:11:00.429635+00:00,20260809-051100,https://trends24.in/indonesia/,Sat Aug 08 2026 15:36:07 GMT+0000 (Coordinated Universal Time),32,Meow,meow,,,,,,
2026-08-09T05:11:00.429635+00:00,20260809-051100,https://trends24.in/indonesia/,Sat Aug 08 2026 15:36:07 GMT+0000 (Coordinated Universal Time),33,Chapter 22,chapter 22,,,,,,
2026-08-09T05:11:00.429635+00:00,20260809-051100,https://trends24.in/indonesia/,Sat Aug 08 2026 15:36:07 GMT+0000 (Coordinated Universal Time),34,Home of Taesan's Dreams,home of taesan's dreams,,,,,,
2026-08-09T05:11:00.429635+00:00,20260809-051100,https://trends24.in/indonesia/,Sat Aug 08 2026 15:36:07 GMT+0000 (Coordinated Universal Time),35,jeno,jeno,,,,,,
2026-08-09T05:11:00.429635+00:00,20260809-051100,https://trends24.in/indonesia/,Sat Aug 08 2026 15:36:07 GMT+0000 (Coordinated Universal Time),36,SKY X MAYBELLINE MATTE MAX,sky x maybelline matte max,,,,,,
2026-08-09T05:11:00.429635+00:00,20260809-051100,https://trends24.in/indonesia/,Sat Aug 08 2026 15:36:07 GMT+0000 (Coordinated Universal Time),37,MELA A COZY DAY WITH JJ,mela a cozy day with jj,,,,,,
2026-08-09T05:11:00.429635+00:00,20260809-051100,https://trends24.in/indonesia/,Sat Aug 08 2026 15:36:07 GMT+0000 (Coordinated Universal Time),38,#BornToShineMingi,borntoshinemingi,,,,,,
2026-08-09T05:11:00.429635+00:00,20260809-051100,https://trends24.in/indonesia/,Sat Aug 08 2026 15:36:07 GMT+0000 (Coordinated Universal Time),39,#ë¯¼ê¸°ê³µì£¼_ìì¼ì¶í,ë¯¼ê¸°ê³µì£¼_ìì¼ì¶í,,,,,,
2026-08-09T05:11:00.429635+00:00,20260809-051100,https://trends24.in/indonesia/,Sat Aug 08 2026 15:36:07 GMT+0000 (Coordinated Universal Time),40,#AylioXWeibogala,aylioxweibogala,,,,,,
2026-08-09T05:11:00.429635+00:00,20260809-051100,https://trends24.in/indonesia/,Sat Aug 08 2026 15:36:07 GMT+0000 (Coordinated Universal Time),41,#StarRailGC2026,starrailgc2026,,,,,,
2026-08-09T05:11:00.429635+00:00,20260809-051100,https://trends24.in/indonesia/,Sat Aug 08 2026 15:36:07 GMT+0000 (Coordinated Universal Time),42,#ShopeeLivexTheeWave,shopeelivextheewave,,,,,,
2026-08-09T05:11:00.429635+00:00,20260809-051100,https://trends24.in/indonesia/,Sat Aug 08 2026 15:36:07 GMT+0000 (Coordinated Universal Time),43,#TerikatJanjiEp125,terikatjanjiep125,,,,,,
2026-08-09T05:11:00.429635+00:00,20260809-051100,https://trends24.in/indonesia/,Sat Aug 08 2026 15:36:07 GMT+0000 (Coordinated Universal Time),44,#f1twtselfieday,f1twtselfieday,,,,,,
2026-08-09T05:11:00.429635+00:00,20260809-051100,https://trends24.in/indonesia/,Sat Aug 08 2026 15:36:07 GMT+0000 (Coordinated Universal Time),45,#GalaxyExperienceGI,galaxyexperiencegi,,,,,,
2026-08-09T05:11:00.429635+00:00,20260809-051100,https://trends24.in/indonesia/,Sat Aug 08 2026 15:36:07 GMT+0000 (Coordinated Universal Time),46,#RoomNumberFreen,roomnumberfreen,,,,,,
2026-08-09T05:11:00.429635+00:00,20260809-051100,https://trends24.in/indonesia/,Sat Aug 08 2026 15:36:07 GMT+0000 (Coordinated Universal Time),47,#LoveStory,lovestory,,,,,,
2026-08-09T05:11:00.429635+00:00,20260809-051100,https://trends24.in/indonesia/,Sat Aug 08 2026 15:36:07 GMT+0000 (Coordinated Universal Time),48,#à¹à¸à¸¡à¸µà¹à¸à¸à¹à¹à¸à¸£à¹à¸,à¹à¸à¸¡à¸µà¹à¸à¸à¹à¹à¸à¸£à¹à¸,,,,,,
2026-08-09T05:11:00.429635+00:00,20260809-051100,https://trends24.in/indonesia/,Sat Aug 08 2026 15:36:07 GMT+0000 (Coordinated Universal Time),49,#GalaxyStudio,galaxystudio,,,,,,
2026-08-09T05:11:00.429635+00:00,20260809-051100,https://trends24.in/indonesia/,Sat Aug 08 2026 15:36:07 GMT+0000 (Coordinated Universal Time),50,#OrmKornnaphat,ormkornnaphat,,,,,,
2026-08-09T05:11:00.429635+00:00,20260809-051100,https://trends24.in/indonesia/,Sat Aug 08 2026 14:45:09 GMT+0000 (Coordinated Universal Time),1,#GMMTVFanfestInMacau2026,gmmtvfanfestinmacau2026,,,,,,
2026-08-09T05:11:00.429635+00:00,20260809-051100,https://trends24.in/indonesia/,Sat Aug 08 2026 14:45:09 GMT+0000 (Coordinated Universal Time),2,#JuniorMarkConcertD2,juniormarkconcertd2,,,,,,
2026-08-09T05:11:00.429635+00:00,20260809-051100,https://trends24.in/indonesia/,Sat Aug 08 2026 14:45:09 GMT+0000 (Coordinated Universal Time),3,#RoundOneSeries,roundoneseries,,,,,,
2026-08-09T05:11:00.429635+00:00,20260809-051100,https://trends24.in/indonesia/,Sat Aug 08 2026 14:45:09 GMT+0000 (Coordinated Universal Time),4,PERTHSANTA STARLIT JOURNEY,perthsanta starlit journey,,,,,,
2026-08-09T05:11:00.429635+00:00,20260809-051100,https://trends24.in/indonesia/,Sat Aug 08 2026 14:45:09 GMT+0000 (Coordinated Universal Time),5,Jorge Messi,jorge messi,,,,,,
2026-08-09T05:11:00.429635+00:00,20260809-051100,https://trends24.in/indonesia/,Sat Aug 08 2026 14:45:09 GMT+0000 (Coordinated Universal Time),6,Malam Minggu,malam minggu,,,,,,
2026-08-09T05:11:00.429635+00:00,20260809-051100,https://trends24.in/indonesia/,Sat Aug 08 2026 14:45:09 GMT+0000 (Coordinated Universal Time),7,#TerikatJanjiEp125,terikatjanjiep125,,,,,,
2026-08-09T05:11:00.429635+00:00,20260809-051100,https://trends24.in/indonesia/,Sat Aug 08 2026 14:45:09 GMT+0000 (Coordinated Universal Time),8,#AylioXWeibogala,aylioxweibogala,,,,,,
2026-08-09T05:11:00.429635+00:00,20260809-051100,https://trends24.in/indonesia/,Sat Aug 08 2026 14:45:09 GMT+0000 (Coordinated Universal Time),9,Hard Gumay,hard gumay,,,,,,
2026-08-09T05:11:00.429635+00:00,20260809-051100,https://trends24.in/indonesia/,Sat Aug 08 2026 14:45:09 GMT+0000 (Coordinated Universal Time),10,Malming,malming,,,,,,
2026-08-09T05:11:00.429635+00:00,20260809-051100,https://trends24.in/indonesia/,Sat Aug 08 2026 14:45:09 GMT+0000 (Coordinated Universal Time),11,KENGNAMPING AT WEIBO NIGHT,kengnamping at weibo night,,,,,,
2026-08-09T05:11:00.429635+00:00,20260809-051100,https://trends24.in/indonesia/,Sat Aug 08 2026 14:45:09 GMT+0000 (Coordinated Universal Time),12,WAVE SHOPEE THEE,wave shopee thee,,,,,,
2026-08-09T05:11:00.429635+00:00,20260809-051100,https://trends24.in/indonesia/,Sat Aug 08 2026 14:45:09 GMT+0000 (Coordinated Universal Time),13,Joao Pedro,joao pedro,,,,,,
2026-08-09T05:11:00.429635+00:00,20260809-051100,https://trends24.in/indonesia/,Sat Aug 08 2026 14:45:09 GMT+0000 (Coordinated Universal Time),14,THE EDGE OF HORIZON EP8,the edge of horizon ep8,,,,,,
2026-08-09T05:11:00.429635+00:00,20260809-051100,https://trends24.in/indonesia/,Sat Aug 08 2026 14:45:09 GMT+0000 (Coordinated Universal Time),15,EST LIVE WITH LOREAL LAQUE,est live with loreal laque,,,,,,
2026-08-09T05:11:00.429635+00:00,20260809-051100,https://trends24.in/indonesia/,Sat Aug 08 2026 14:45:09 GMT+0000 (Coordinated Universal Time),16,KNOCK KNOCK ROOM NO. FREEN,knock knock room no. freen,,,,,,
2026-08-09T05:11:00.429635+00:00,20260809-051100,https://trends24.in/indonesia/,Sat Aug 08 2026 14:45:09 GMT+0000 (Coordinated Universal Time),17,SENADA MODE PERHATIAN,senada mode perhatian,,,,,,
2026-08-09T05:11:00.429635+00:00,20260809-051100,https://trends24.in/indonesia/,Sat Aug 08 2026 14:45:09 GMT+0000 (Coordinated Universal Time),18,Milan,milan,,,,,,
2026-08-09T05:11:00.429635+00:00,20260809-051100,https://trends24.in/indonesia/,Sat Aug 08 2026 14:45:09 GMT+0000 (Coordinated Universal Time),19,Galaxy Z Fold8,galaxy z fold8,,,,,,
2026-08-09T05:11:00.429635+00:00,20260809-051100,https://trends24.in/indonesia/,Sat Aug 08 2026 14:45:09 GMT+0000 (Coordinated Universal Time),20,INDOMY STREAMING CUP,indomy streaming cup,,,,,,
2026-08-09T05:11:00.429635+00:00,20260809-051100,https://trends24.in/indonesia/,Sat Aug 08 2026 14:45:09 GMT+0000 (Coordinated Universal Time),21,Dirumah,dirumah,,,,,,
2026-08-09T05:11:00.429635+00:00,20260809-051100,https://trends24.in/indonesia/,Sat Aug 08 2026 14:45:09 GMT+0000 (Coordinated Universal Time),22,Bloody Paradise,bloody paradise,,,,,,
2026-08-09T05:11:00.429635+00:00,20260809-051100,https://trends24.in/indonesia/,Sat Aug 08 2026 14:45:09 GMT+0000 (Coordinated Universal Time),23,Amorim,amorim,,,,,,
2026-08-09T05:11:00.429635+00:00,20260809-051100,https://trends24.in/indonesia/,Sat Aug 08 2026 14:45:09 GMT+0000 (Coordinated Universal Time),24,International Cat Day,international cat day,,,,,,
2026-08-09T05:11:00.429635+00:00,20260809-051100,https://trends24.in/indonesia/,Sat Aug 08 2026 14:45:09 GMT+0000 (Coordinated Universal Time),25,TVRI,tvri,,,,,,
2026-08-09T05:11:00.429635+00:00,20260809-051100,https://trends24.in/indonesia/,Sat Aug 08 2026 14:45:09 GMT+0000 (Coordinated Universal Time),26,Bapenda DKI Jakarta,bapenda dki jakarta,,,,,,
2026-08-09T05:11:00.429635+00:00,20260809-051100,https://trends24.in/indonesia/,Sat Aug 08 2026 14:45:09 GMT+0000 (Coordinated Universal Time),27,Palestra,palestra,,,,,,
2026-08-09T05:11:00.429635+00:00,20260809-051100,https://trends24.in/indonesia/,Sat Aug 08 2026 14:45:09 GMT+0000 (Coordinated Universal Time),28,Bima,bima,,,,,,
2026-08-09T05:11:00.429635+00:00,20260809-051100,https://trends24.in/indonesia/,Sat Aug 08 2026 14:45:09 GMT+0000 (Coordinated Universal Time),29,LOUIS SPOOKY IN LOVE OST,louis spooky in love ost,,,,,,
2026-08-09T05:11:00.429635+00:00,20260809-051100,https://trends24.in/indonesia/,Sat Aug 08 2026 14:45:09 GMT+0000 (Coordinated Universal Time),30,Jake,jake,,,,,,
2026-08-09T05:11:00.429635+00:00,20260809-051100,https://trends24.in/indonesia/,Sat Aug 08 2026 14:45:09 GMT+0000 (Coordinated Universal Time),31,Chapter 22,chapter 22,,,,,,
2026-08-09T05:11:00.429635+00:00,20260809-051100,https://trends24.in/indonesia/,Sat Aug 08 2026 14:45:09 GMT+0000 (Coordinated Universal Time),32,Home of Taesan's Dreams,home of taesan's dreams,,,,,,
2026-08-09T05:11:00.429635+00:00,20260809-051100,https://trends24.in/indonesia/,Sat Aug 08 2026 14:45:09 GMT+0000 (Coordinated Universal Time),33,SKY X MAYBELLINE MATTE MAX,sky x maybelline matte max,,,,,,
2026-08-09T05:11:00.429635+00:00,20260809-051100,https://trends24.in/indonesia/,Sat Aug 08 2026 14:45:09 GMT+0000 (Coordinated Universal Time),34,jeno,jeno,,,,,,
2026-08-09T05:11:00.429635+00:00,20260809-051100,https://trends24.in/indonesia/,Sat Aug 08 2026 14:45:09 GMT+0000 (Coordinated Universal Time),35,Araujo,araujo,,,,,,
2026-08-09T05:11:00.429635+00:00,20260809-051100,https://trends24.in/indonesia/,Sat Aug 08 2026 14:45:09 GMT+0000 (Coordinated Universal Time),36,jisoo,jisoo,,,,,,
2026-08-09T05:11:00.429635+00:00,20260809-051100,https://trends24.in/indonesia/,Sat Aug 08 2026 14:45:09 GMT+0000 (Coordinated Universal Time),37,Meow,meow,,,,,,
2026-08-09T05:11:00.429635+00:00,20260809-051100,https://trends24.in/indonesia/,Sat Aug 08 2026 14:45:09 GMT+0000 (Coordinated Universal Time),38,GISELLE BYEB4HELLO,giselle byeb4hello,,,,,,
2026-08-09T05:11:00.429635+00:00,20260809-051100,https://trends24.in/indonesia/,Sat Aug 08 2026 14:45:09 GMT+0000 (Coordinated Universal Time),39,MELA A COZY DAY WITH JJ,mela a cozy day with jj,,,,,,
2026-08-09T05:11:00.429635+00:00,20260809-051100,https://trends24.in/indonesia/,Sat Aug 08 2026 14:45:09 GMT+0000 (Coordinated Universal Time),40,Link Gacor,link gacor,,,,,,
2026-08-09T05:11:00.429635+00:00,20260809-051100,https://trends24.in/indonesia/,Sat Aug 08 2026 14:45:09 GMT+0000 (Coordinated Universal Time),41,Happy 10th,happy 10th,,,,,,
2026-08-09T05:11:00.429635+00:00,20260809-051100,https://trends24.in/indonesia/,Sat Aug 08 2026 14:45:09 GMT+0000 (Coordinated Universal Time),42,#Growing29WithGawin,growing29withgawin,,,,,,
2026-08-09T05:11:00.429635+00:00,20260809-051100,https://trends24.in/indonesia/,Sat Aug 08 2026 14:45:09 GMT+0000 (Coordinated Universal Time),43,#à¸­à¸£à¸¸à¸à¸£à¸¸à¹à¸EP8,à¸­à¸£à¸¸à¸à¸£à¸¸à¹à¸ep8,,,,,,
2026-08-09T05:11:00.429635+00:00,20260809-051100,https://trends24.in/indonesia/,Sat Aug 08 2026 14:45:09 GMT+0000 (Coordinated Universal Time),44,#ShopeeLivexTheeWave,shopeelivextheewave,,,,,,
2026-08-09T05:11:00.429635+00:00,20260809-051100,https://trends24.in/indonesia/,Sat Aug 08 2026 14:45:09 GMT+0000 (Coordinated Universal Time),45,#StarRailGC2026,starrailgc2026,,,,,,
2026-08-09T05:11:00.429635+00:00,20260809-051100,https://trends24.in/indonesia/,Sat Aug 08 2026 14:45:09 GMT+0000 (Coordinated Universal Time),46,#LOreallaqueNudexEst,loreallaquenudexest,,,,,,
2026-08-09T05:11:00.429635+00:00,20260809-051100,https://trends24.in/indonesia/,Sat Aug 08 2026 14:45:09 GMT+0000 (Coordinated Universal Time),47,#f1twtselfieday,f1twtselfieday,,,,,,
2026-08-09T05:11:00.429635+00:00,20260809-051100,https://trends24.in/indonesia/,Sat Aug 08 2026 14:45:09 GMT+0000 (Coordinated Universal Time),48,#RoomNumberFreen,roomnumberfreen,,,,,,
2026-08-09T05:11:00.429635+00:00,20260809-051100,https://trends24.in/indonesia/,Sat Aug 08 2026 14:45:09 GMT+0000 (Coordinated Universal Time),49,#à¹à¸à¸¡à¸µà¹à¸à¸à¹à¹à¸à¸£à¹à¸,à¹à¸à¸¡à¸µà¹à¸à¸à¹à¹à¸à¸£à¹à¸,,,,,,
2026-08-09T05:11:00.429635+00:00,20260809-051100,https://trends24.in/indonesia/,Sat Aug 08 2026 14:45:09 GMT+0000 (Coordinated Universal Time),50,#KAIxWATERBOMB,kaixwaterbomb,,,,,,
2026-08-09T05:11:00.429635+00:00,20260809-051100,https://trends24.in/indonesia/,Sat Aug 08 2026 13:54:10 GMT+0000 (Coordinated Universal Time),1,#GMMTVFanfestInMacau2026,gmmtvfanfestinmacau2026,,,,,,
2026-08-09T05:11:00.429635+00:00,20260809-051100,https://trends24.in/indonesia/,Sat Aug 08 2026 13:54:10 GMT+0000 (Coordinated Universal Time),2,#RoundOneSeries,roundoneseries,,,,,,
2026-08-09T05:11:00.429635+00:00,20260809-051100,https://trends24.in/indonesia/,Sat Aug 08 2026 13:54:10 GMT+0000 (Coordinated Universal Time),3,#JuniorMarkConcertD2,juniormarkconcertd2,,,,,,
2026-08-09T05:11:00.429635+00:00,20260809-051100,https://trends24.in/indonesia/,Sat Aug 08 2026 13:54:10 GMT+0000 (Coordinated Universal Time),4,PERTHSANTA STARLIT JOURNEY,perthsanta starlit journey,,,,,,
2026-08-09T05:11:00.429635+00:00,20260809-051100,https://trends24.in/indonesia/,Sat Aug 08 2026 13:54:10 GMT+0000 (Coordinated Universal Time),5,JUNIORMARK ALONG SUNNYMOON,juniormark along sunnymoon,,,,,,
2026-08-09T05:11:00.429635+00:00,20260809-051100,https://trends24.in/indonesia/,Sat Aug 08 2026 13:54:10 GMT+0000 (Coordinated Universal Time),6,#TerikatJanjiEp125,terikatjanjiep125,,,,,,
2026-08-09T05:11:00.429635+00:00,20260809-051100,https://trends24.in/indonesia/,Sat Aug 08 2026 13:54:10 GMT+0000 (Coordinated Universal Time),7,#AylioXWeibogala,aylioxweibogala,,,,,,
2026-08-09T05:11:00.429635+00:00,20260809-051100,https://trends24.in/indonesia/,Sat Aug 08 2026 13:54:10 GMT+0000 (Coordinated Universal Time),8,WAVE SHOPEE THEE,wave shopee thee,,,,,,
2026-08-09T05:11:00.429635+00:00,20260809-051100,https://trends24.in/indonesia/,Sat Aug 08 2026 13:54:10 GMT+0000 (Coordinated Universal Time),9,Malam Minggu,malam minggu,,,,,,
2026-08-09T05:11:00.429635+00:00,20260809-051100,https://trends24.in/indonesia/,Sat Aug 08 2026 13:54:10 GMT+0000 (Coordinated Universal Time),10,Malming,malming,,,,,,
2026-08-09T05:11:00.429635+00:00,20260809-051100,https://trends24.in/indonesia/,Sat Aug 08 2026 13:54:10 GMT+0000 (Coordinated Universal Time),11,Hard Gumay,hard gumay,,,,,,
2026-08-09T05:11:00.429635+00:00,20260809-051100,https://trends24.in/indonesia/,Sat Aug 08 2026 13:54:10 GMT+0000 (Coordinated Universal Time),12,EST LIVE WITH LOREAL LAQUE,est live with loreal laque,,,,,,
2026-08-09T05:11:00.429635+00:00,20260809-051100,https://trends24.in/indonesia/,Sat Aug 08 2026 13:54:10 GMT+0000 (Coordinated Universal Time),13,SENADA MODE PERHATIAN,senada mode perhatian,,,,,,
2026-08-09T05:11:00.429635+00:00,20260809-051100,https://trends24.in/indonesia/,Sat Aug 08 2026 13:54:10 GMT+0000 (Coordinated Universal Time),14,KENGNAMPING AT WEIBO NIGHT,kengnamping at weibo night,,,,,,
2026-08-09T05:11:00.429635+00:00,20260809-051100,https://trends24.in/indonesia/,Sat Aug 08 2026 13:54:10 GMT+0000 (Coordinated Universal Time),15,KNOCK KNOCK ROOM NO. FREEN,knock knock room no. freen,,,,,,
2026-08-09T05:11:00.429635+00:00,20260809-051100,https://trends24.in/indonesia/,Sat Aug 08 2026 13:54:10 GMT+0000 (Coordinated Universal Time),16,Galaxy Z Fold8,galaxy z fold8,,,,,,
2026-08-09T05:11:00.429635+00:00,20260809-051100,https://trends24.in/indonesia/,Sat Aug 08 2026 13:54:10 GMT+0000 (Coordinated Universal Time),17,Jorge Messi,jorge messi,,,,,,
2026-08-09T05:11:00.429635+00:00,20260809-051100,https://trends24.in/indonesia/,Sat Aug 08 2026 13:54:10 GMT+0000 (Coordinated Universal Time),18,Joao Pedro,joao pedro,,,,,,
2026-08-09T05:11:00.429635+00:00,20260809-051100,https://trends24.in/indonesia/,Sat Aug 08 2026 13:54:10 GMT+0000 (Coordinated Universal Time),19,Bloody Paradise,bloody paradise,,,,,,
2026-08-09T05:11:00.429635+00:00,20260809-051100,https://trends24.in/indonesia/,Sat Aug 08 2026 13:54:10 GMT+0000 (Coordinated Universal Time),20,LOUIS SPOOKY IN LOVE OST,louis spooky in love ost,,,,,,
2026-08-09T05:11:00.429635+00:00,20260809-051100,https://trends24.in/indonesia/,Sat Aug 08 2026 13:54:10 GMT+0000 (Coordinated Universal Time),21,Dirumah,dirumah,,,,,,
2026-08-09T05:11:00.429635+00:00,20260809-051100,https://trends24.in/indonesia/,Sat Aug 08 2026 13:54:10 GMT+0000 (Coordinated Universal Time),22,Milan,milan,,,,,,
2026-08-09T05:11:00.429635+00:00,20260809-051100,https://trends24.in/indonesia/,Sat Aug 08 2026 13:54:10 GMT+0000 (Coordinated Universal Time),23,International Cat Day,international cat day,,,,,,
2026-08-09T05:11:00.429635+00:00,20260809-051100,https://trends24.in/indonesia/,Sat Aug 08 2026 13:54:10 GMT+0000 (Coordinated Universal Time),24,Amorim,amorim,,,,,,
2026-08-09T05:11:00.429635+00:00,20260809-051100,https://trends24.in/indonesia/,Sat Aug 08 2026 13:54:10 GMT+0000 (Coordinated Universal Time),25,Bapenda DKI Jakarta,bapenda dki jakarta,,,,,,
2026-08-09T05:11:00.429635+00:00,20260809-051100,https://trends24.in/indonesia/,Sat Aug 08 2026 13:54:10 GMT+0000 (Coordinated Universal Time),26,TVRI,tvri,,,,,,
2026-08-09T05:11:00.429635+00:00,20260809-051100,https://trends24.in/indonesia/,Sat Aug 08 2026 13:54:10 GMT+0000 (Coordinated Universal Time),27,SKY X MAYBELLINE MATTE MAX,sky x maybelline matte max,,,,,,
2026-08-09T05:11:00.429635+00:00,20260809-051100,https://trends24.in/indonesia/,Sat Aug 08 2026 13:54:10 GMT+0000 (Coordinated Universal Time),28,Jake,jake,,,,,,
2026-08-09T05:11:00.429635+00:00,20260809-051100,https://trends24.in/indonesia/,Sat Aug 08 2026 13:54:10 GMT+0000 (Coordinated Universal Time),29,Chapter 22,chapter 22,,,,,,
2026-08-09T05:11:00.429635+00:00,20260809-051100,https://trends24.in/indonesia/,Sat Aug 08 2026 13:54:10 GMT+0000 (Coordinated Universal Time),30,Home of Taesan's Dreams,home of taesan's dreams,,,,,,
2026-08-09T05:11:00.429635+00:00,20260809-051100,https://trends24.in/indonesia/,Sat Aug 08 2026 13:54:10 GMT+0000 (Coordinated Universal Time),31,Bima,bima,,,,,,
2026-08-09T05:11:00.429635+00:00,20260809-051100,https://trends24.in/indonesia/,Sat Aug 08 2026 13:54:10 GMT+0000 (Coordinated Universal Time),32,MELA A COZY DAY WITH JJ,mela a cozy day with jj,,,,,,
2026-08-09T05:11:00.429635+00:00,20260809-051100,https://trends24.in/indonesia/,Sat Aug 08 2026 13:54:10 GMT+0000 (Coordinated Universal Time),33,jisoo,jisoo,,,,,,
2026-08-09T05:11:00.429635+00:00,20260809-051100,https://trends24.in/indonesia/,Sat Aug 08 2026 13:54:10 GMT+0000 (Coordinated Universal Time),34,Araujo,araujo,,,,,,
2026-08-09T05:11:00.429635+00:00,20260809-051100,https://trends24.in/indonesia/,Sat Aug 08 2026 13:54:10 GMT+0000 (Coordinated Universal Time),35,jeno,jeno,,,,,,
2026-08-09T05:11:00.429635+00:00,20260809-051100,https://trends24.in/indonesia/,Sat Aug 08 2026 13:54:10 GMT+0000 (Coordinated Universal Time),36,GISELLE BYEB4HELLO,giselle byeb4hello,,,,,,
2026-08-09T05:11:00.429635+00:00,20260809-051100,https://trends24.in/indonesia/,Sat Aug 08 2026 13:54:10 GMT+0000 (Coordinated Universal Time),37,link gacor,link gacor,,,,,,
2026-08-09T05:11:00.429635+00:00,20260809-051100,https://trends24.in/indonesia/,Sat Aug 08 2026 13:54:10 GMT+0000 (Coordinated Universal Time),38,Meow,meow,,,,,,
2026-08-09T05:11:00.429635+00:00,20260809-051100,https://trends24.in/indonesia/,Sat Aug 08 2026 13:54:10 GMT+0000 (Coordinated Universal Time),39,Happy 10th,happy 10th,,,,,,
2026-08-09T05:11:00.429635+00:00,20260809-051100,https://trends24.in/indonesia/,Sat Aug 08 2026 13:54:10 GMT+0000 (Coordinated Universal Time),40,#ShopeeLivexTheeWave,shopeelivextheewave,,,,,,
2026-08-09T05:11:00.429635+00:00,20260809-051100,https://trends24.in/indonesia/,Sat Aug 08 2026 13:54:10 GMT+0000 (Coordinated Universal Time),41,#StarRailGC2026,starrailgc2026,,,,,,
2026-08-09T05:11:00.429635+00:00,20260809-051100,https://trends24.in/indonesia/,Sat Aug 08 2026 13:54:10 GMT+0000 (Coordinated Universal Time),42,#Growing29WithGawin,growing29withgawin,,,,,,
2026-08-09T05:11:00.429635+00:00,20260809-051100,https://trends24.in/indonesia/,Sat Aug 08 2026 13:54:10 GMT+0000 (Coordinated Universal Time),43,#LOreallaqueNudexEst,loreallaquenudexest,,,,,,
2026-08-09T05:11:00.429635+00:00,20260809-051100,https://trends24.in/indonesia/,Sat Aug 08 2026 13:54:10 GMT+0000 (Coordinated Universal Time),44,#KAI_WATERBOMB_BUSAN,kai_waterbomb_busan,,,,,,
2026-08-09T05:11:00.429635+00:00,20260809-051100,https://trends24.in/indonesia/,Sat Aug 08 2026 13:54:10 GMT+0000 (Coordinated Universal Time),45,#KAIxWATERBOMB,kaixwaterbomb,,,,,,
2026-08-09T05:11:00.429635+00:00,20260809-051100,https://trends24.in/indonesia/,Sat Aug 08 2026 13:54:10 GMT+0000 (Coordinated Universal Time),46,#RoomNumberFreen,roomnumberfreen,,,,,,
2026-08-09T05:11:00.429635+00:00,20260809-051100,https://trends24.in/indonesia/,Sat Aug 08 2026 13:54:10 GMT+0000 (Coordinated Universal Time),47,#à¸­à¸­à¸¡à¸à¸£à¸à¹à¸à¸ à¸±à¸ª,à¸­à¸­à¸¡à¸à¸£à¸à¹à¸à¸ à¸±à¸ª,,,,,,
2026-08-09T05:11:00.429635+00:00,20260809-051100,https://trends24.in/indonesia/,Sat Aug 08 2026 13:54:10 GMT+0000 (Coordinated Universal Time),48,#GalaxyExperienceGI,galaxyexperiencegi,,,,,,
2026-08-09T05:11:00.429635+00:00,20260809-051100,https://trends24.in/indonesia/,Sat Aug 08 2026 13:54:10 GMT+0000 (Coordinated Universal Time),49,#OrmKornnaphat,ormkornnaphat,,,,,,
2026-08-09T05:11:00.429635+00:00,20260809-051100,https://trends24.in/indonesia/,Sat Aug 08 2026 13:54:10 GMT+0000 (Coordinated Universal Time),50,#DrPONGxTaywithLunar,drpongxtaywithlunar,,,,,,
2026-08-09T05:11:00.429635+00:00,20260809-051100,https://trends24.in/indonesia/,Sat Aug 08 2026 13:03:09 GMT+0000 (Coordinated Universal Time),1,#GMMTVFanfestInMacau2026,gmmtvfanfestinmacau2026,,,,,,
2026-08-09T05:11:00.429635+00:00,20260809-051100,https://trends24.in/indonesia/,Sat Aug 08 2026 13:03:09 GMT+0000 (Coordinated Universal Time),2,#RoundOneSeries,roundoneseries,,,,,,
2026-08-09T05:11:00.429635+00:00,20260809-051100,https://trends24.in/indonesia/,Sat Aug 08 2026 13:03:09 GMT+0000 (Coordinated Universal Time),3,PERTHSANTA STARLIT JOURNEY,perthsanta starlit journey,,,,,,
2026-08-09T05:11:00.429635+00:00,20260809-051100,https://trends24.in/indonesia/,Sat Aug 08 2026 13:03:09 GMT+0000 (Coordinated Universal Time),4,#JuniorMarkConcertD2,juniormarkconcertd2,,,,,,
2026-08-09T05:11:00.429635+00:00,20260809-051100,https://trends24.in/indonesia/,Sat Aug 08 2026 13:03:09 GMT+0000 (Coordinated Universal Time),5,JUNIORMARK ALONG SUNNYMOON,juniormark along sunnymoon,,,,,,
2026-08-09T05:11:00.429635+00:00,20260809-051100,https://trends24.in/indonesia/,Sat Aug 08 2026 13:03:09 GMT+0000 (Coordinated Universal Time),6,#StarRailGC2026,starrailgc2026,,,,,,
2026-08-09T05:11:00.429635+00:00,20260809-051100,https://trends24.in/indonesia/,Sat Aug 08 2026 13:03:09 GMT+0000 (Coordinated Universal Time),7,#AylioXWeibogala,aylioxweibogala,,,,,,
2026-08-09T05:11:00.429635+00:00,20260809-051100,https://trends24.in/indonesia/,Sat Aug 08 2026 13:03:09 GMT+0000 (Coordinated Universal Time),8,EST LIVE WITH LOREAL LAQUE,est live with loreal laque,,,,,,
2026-08-09T05:11:00.429635+00:00,20260809-051100,https://trends24.in/indonesia/,Sat Aug 08 2026 13:03:09 GMT+0000 (Coordinated Universal Time),9,Malam Minggu,malam minggu,,,,,,
2026-08-09T05:11:00.429635+00:00,20260809-051100,https://trends24.in/indonesia/,Sat Aug 08 2026 13:03:09 GMT+0000 (Coordinated Universal Time),10,WAVE SHOPEE THEE,wave shopee thee,,,,,,
2026-08-09T05:11:00.429635+00:00,20260809-051100,https://trends24.in/indonesia/,Sat Aug 08 2026 13:03:09 GMT+0000 (Coordinated Universal Time),11,Malming,malming,,,,,,
2026-08-09T05:11:00.429635+00:00,20260809-051100,https://trends24.in/indonesia/,Sat Aug 08 2026 13:03:09 GMT+0000 (Coordinated Universal Time),12,Hard Gumay,hard gumay,,,,,,
2026-08-09T05:11:00.429635+00:00,20260809-051100,https://trends24.in/indonesia/,Sat Aug 08 2026 13:03:09 GMT+0000 (Coordinated Universal Time),13,KNOCK KNOCK ROOM NO. FREEN,knock knock room no. freen,,,,,,
2026-08-09T05:11:00.429635+00:00,20260809-051100,https://trends24.in/indonesia/,Sat Aug 08 2026 13:03:09 GMT+0000 (Coordinated Universal Time),14,LOUIS SPOOKY IN LOVE OST,louis spooky in love ost,,,,,,
2026-08-09T05:11:00.429635+00:00,20260809-051100,https://trends24.in/indonesia/,Sat Aug 08 2026 13:03:09 GMT+0000 (Coordinated Universal Time),15,Bloody Paradise,bloody paradise,,,,,,
2026-08-09T05:11:00.429635+00:00,20260809-051100,https://trends24.in/indonesia/,Sat Aug 08 2026 13:03:09 GMT+0000 (Coordinated Universal Time),16,Joao Pedro,joao pedro,,,,,,
2026-08-09T05:11:00.429635+00:00,20260809-051100,https://trends24.in/indonesia/,Sat Aug 08 2026 13:03:09 GMT+0000 (Coordinated Universal Time),17,TVRI,tvri,,,,,,
2026-08-09T05:11:00.429635+00:00,20260809-051100,https://trends24.in/indonesia/,Sat Aug 08 2026 13:03:09 GMT+0000 (Coordinated Universal Time),18,Chelsea vs AC Milan,chelsea vs ac milan,,,,,,
2026-08-09T05:11:00.429635+00:00,20260809-051100,https://trends24.in/indonesia/,Sat Aug 08 2026 13:03:09 GMT+0000 (Coordinated Universal Time),19,SKY X MAYBELLINE MATTE MAX,sky x maybelline matte max,,,,,,
2026-08-09T05:11:00.429635+00:00,20260809-051100,https://trends24.in/indonesia/,Sat Aug 08 2026 13:03:09 GMT+0000 (Coordinated Universal Time),20,Galaxy Z Fold8,galaxy z fold8,,,,,,
2026-08-09T05:11:00.429635+00:00,20260809-051100,https://trends24.in/indonesia/,Sat Aug 08 2026 13:03:09 GMT+0000 (Coordinated Universal Time),21,International Cat Day,international cat day,,,,,,
2026-08-09T05:11:00.429635+00:00,20260809-051100,https://trends24.in/indonesia/,Sat Aug 08 2026 13:03:09 GMT+0000 (Coordinated Universal Time),22,GoPay,gopay,,,,,,
2026-08-09T05:11:00.429635+00:00,20260809-051100,https://trends24.in/indonesia/,Sat Aug 08 2026 13:03:09 GMT+0000 (Coordinated Universal Time),23,Dirumah,dirumah,,,,,,
2026-08-09T05:11:00.429635+00:00,20260809-051100,https://trends24.in/indonesia/,Sat Aug 08 2026 13:03:09 GMT+0000 (Coordinated Universal Time),24,Jake,jake,,,,,,
2026-08-09T05:11:00.429635+00:00,20260809-051100,https://trends24.in/indonesia/,Sat Aug 08 2026 13:03:09 GMT+0000 (Coordinated Universal Time),25,bima,bima,,,,,,
2026-08-09T05:11:00.429635+00:00,20260809-051100,https://trends24.in/indonesia/,Sat Aug 08 2026 13:03:09 GMT+0000 (Coordinated Universal Time),26,MELA A COZY DAY WITH JJ,mela a cozy day with jj,,,,,,
2026-08-09T05:11:00.429635+00:00,20260809-051100,https://trends24.in/indonesia/,Sat Aug 08 2026 13:03:09 GMT+0000 (Coordinated Universal Time),27,Chapter 22,chapter 22,,,,,,
2026-08-09T05:11:00.429635+00:00,20260809-051100,https://trends24.in/indonesia/,Sat Aug 08 2026 13:03:09 GMT+0000 (Coordinated Universal Time),28,Home of Taesan's Dreams,home of taesan's dreams,,,,,,
2026-08-09T05:11:00.429635+00:00,20260809-051100,https://trends24.in/indonesia/,Sat Aug 08 2026 13:03:09 GMT+0000 (Coordinated Universal Time),29,jisoo,jisoo,,,,,,
2026-08-09T05:11:00.429635+00:00,20260809-051100,https://trends24.in/indonesia/,Sat Aug 08 2026 13:03:09 GMT+0000 (Coordinated Universal Time),30,Araujo,araujo,,,,,,
2026-08-09T05:11:00.429635+00:00,20260809-051100,https://trends24.in/indonesia/,Sat Aug 08 2026 13:03:09 GMT+0000 (Coordinated Universal Time),31,GISELLE BYEB4HELLO,giselle byeb4hello,,,,,,
2026-08-09T05:11:00.429635+00:00,20260809-051100,https://trends24.in/indonesia/,Sat Aug 08 2026 13:03:09 GMT+0000 (Coordinated Universal Time),32,jeno,jeno,,,,,,
2026-08-09T05:11:00.429635+00:00,20260809-051100,https://trends24.in/indonesia/,Sat Aug 08 2026 13:03:09 GMT+0000 (Coordinated Universal Time),33,Meow,meow,,,,,,
2026-08-09T05:11:00.429635+00:00,20260809-051100,https://trends24.in/indonesia/,Sat Aug 08 2026 13:03:09 GMT+0000 (Coordinated Universal Time),34,Link Gacor,link gacor,,,,,,
2026-08-09T05:11:00.429635+00:00,20260809-051100,https://trends24.in/indonesia/,Sat Aug 08 2026 13:03:09 GMT+0000 (Coordinated Universal Time),35,Happy 10th,happy 10th,,,,,,
2026-08-09T05:11:00.429635+00:00,20260809-051100,https://trends24.in/indonesia/,Sat Aug 08 2026 13:03:09 GMT+0000 (Coordinated Universal Time),36,Saling,saling,,,,,,
2026-08-09T05:11:00.429635+00:00,20260809-051100,https://trends24.in/indonesia/,Sat Aug 08 2026 13:03:09 GMT+0000 (Coordinated Universal Time),37,#LOreallaqueNudexEst,loreallaquenudexest,,,,,,
2026-08-09T05:11:00.429635+00:00,20260809-051100,https://trends24.in/indonesia/,Sat Aug 08 2026 13:03:09 GMT+0000 (Coordinated Universal Time),38,#ShopeeLivexTheeWave,shopeelivextheewave,,,,,,
2026-08-09T05:11:00.429635+00:00,20260809-051100,https://trends24.in/indonesia/,Sat Aug 08 2026 13:03:09 GMT+0000 (Coordinated Universal Time),39,#TerikatJanjiEp125,terikatjanjiep125,,,,,,
2026-08-09T05:11:00.429635+00:00,20260809-051100,https://trends24.in/indonesia/,Sat Aug 08 2026 13:03:09 GMT+0000 (Coordinated Universal Time),40,#KAIxWATERBOMB,kaixwaterbomb,,,,,,
2026-08-09T05:11:00.429635+00:00,20260809-051100,https://trends24.in/indonesia/,Sat Aug 08 2026 13:03:09 GMT+0000 (Coordinated Universal Time),41,#KAI_WATERBOMB_BUSAN,kai_waterbomb_busan,,,,,,
2026-08-09T05:11:00.429635+00:00,20260809-051100,https://trends24.in/indonesia/,Sat Aug 08 2026 13:03:09 GMT+0000 (Coordinated Universal Time),42,#à¸à¸¸à¸à¸´à¸§à¸à¸µà¹à¹à¸§à¸¢à¸à¹à¸­à¸à¸²à¸¥à¹à¸²2026,à¸à¸¸à¸à¸´à¸§à¸à¸µà¹à¹à¸§à¸¢à¸à¹à¸­à¸à¸²à¸¥à¹à¸²2026,,,,,,
2026-08-09T05:11:00.429635+00:00,20260809-051100,https://trends24.in/indonesia/,Sat Aug 08 2026 13:03:09 GMT+0000 (Coordinated Universal Time),43,#RoomNumberFreen,roomnumberfreen,,,,,,
2026-08-09T05:11:00.429635+00:00,20260809-051100,https://trends24.in/indonesia/,Sat Aug 08 2026 13:03:09 GMT+0000 (Coordinated Universal Time),44,#ë£¨ì´ì_AllICanSayIs_ì¤ì¹íì°ì OST,ë£¨ì´ì_allicansayis_ì¤ì¹íì°ì ost,,,,,,
2026-08-09T05:11:00.429635+00:00,20260809-051100,https://trends24.in/indonesia/,Sat Aug 08 2026 13:03:09 GMT+0000 (Coordinated Universal Time),45,#LOUIS_AllICanSayIs,louis_allicansayis,,,,,,
2026-08-09T05:11:00.429635+00:00,20260809-051100,https://trends24.in/indonesia/,Sat Aug 08 2026 13:03:09 GMT+0000 (Coordinated Universal Time),46,#KUOTASERBA8RIBU,kuotaserba8ribu,,,,,,
2026-08-09T05:11:00.429635+00:00,20260809-051100,https://trends24.in/indonesia/,Sat Aug 08 2026 13:03:09 GMT+0000 (Coordinated Universal Time),47,#à¸­à¸­à¸¡à¸à¸£à¸à¹à¸à¸ à¸±à¸ª,à¸­à¸­à¸¡à¸à¸£à¸à¹à¸à¸ à¸±à¸ª,,,,,,
2026-08-09T05:11:00.429635+00:00,20260809-051100,https://trends24.in/indonesia/,Sat Aug 08 2026 13:03:09 GMT+0000 (Coordinated Universal Time),48,#OrmKornnaphat,ormkornnaphat,,,,,,
2026-08-09T05:11:00.429635+00:00,20260809-051100,https://trends24.in/indonesia/,Sat Aug 08 2026 13:03:09 GMT+0000 (Coordinated Universal Time),49,#GalaxyExperienceGI,galaxyexperiencegi,,,,,,
2026-08-09T05:11:00.429635+00:00,20260809-051100,https://trends24.in/indonesia/,Sat Aug 08 2026 13:03:09 GMT+0000 (Coordinated Universal Time),50,#BLOODSAGA_IN_BUSAN,bloodsaga_in_busan,,,,,,
2026-08-09T05:11:00.429635+00:00,20260809-051100,https://trends24.in/indonesia/,Sat Aug 08 2026 12:08:07 GMT+0000 (Coordinated Universal Time),1,#GMMTVFanfestInMacau2026,gmmtvfanfestinmacau2026,,,,,,
2026-08-09T05:11:00.429635+00:00,20260809-051100,https://trends24.in/indonesia/,Sat Aug 08 2026 12:08:07 GMT+0000 (Coordinated Universal Time),2,#RoundOneSeries,roundoneseries,,,,,,
2026-08-09T05:11:00.429635+00:00,20260809-051100,https://trends24.in/indonesia/,Sat Aug 08 2026 12:08:07 GMT+0000 (Coordinated Universal Time),3,PERTHSANTA STARLIT JOURNEY,perthsanta starlit journey,,,,,,
2026-08-09T05:11:00.429635+00:00,20260809-051100,https://trends24.in/indonesia/,Sat Aug 08 2026 12:08:07 GMT+0000 (Coordinated Universal Time),4,#StarRailGC2026,starrailgc2026,,,,,,
2026-08-09T05:11:00.429635+00:00,20260809-051100,https://trends24.in/indonesia/,Sat Aug 08 2026 12:08:07 GMT+0000 (Coordinated Universal Time),5,#OrmKornxWeiboGalaNight,ormkornxweibogalanight,,,,,,
2026-08-09T05:11:00.429635+00:00,20260809-051100,https://trends24.in/indonesia/,Sat Aug 08 2026 12:08:07 GMT+0000 (Coordinated Universal Time),6,#JuniorMarkConcertD2,juniormarkconcertd2,,,,,,
2026-08-09T05:11:00.429635+00:00,20260809-051100,https://trends24.in/indonesia/,Sat Aug 08 2026 12:08:07 GMT+0000 (Coordinated Universal Time),7,JUNIORMARK ALONG SUNNYMOON,juniormark along sunnymoon,,,,,,
2026-08-09T05:11:00.429635+00:00,20260809-051100,https://trends24.in/indonesia/,Sat Aug 08 2026 12:08:07 GMT+0000 (Coordinated Universal Time),8,EST LIVE WITH LOREAL LAQUE,est live with loreal laque,,,,,,
2026-08-09T05:11:00.429635+00:00,20260809-051100,https://trends24.in/indonesia/,Sat Aug 08 2026 12:08:07 GMT+0000 (Coordinated Universal Time),9,LOUIS SPOOKY IN LOVE OST,louis spooky in love ost,,,,,,
2026-08-09T05:11:00.429635+00:00,20260809-051100,https://trends24.in/indonesia/,Sat Aug 08 2026 12:08:07 GMT+0000 (Coordinated Universal Time),10,Hard Gumay,hard gumay,,,,,,
2026-08-09T05:11:00.429635+00:00,20260809-051100,https://trends24.in/indonesia/,Sat Aug 08 2026 12:08:07 GMT+0000 (Coordinated Universal Time),11,KNOCK KNOCK ROOM NO. FREEN,knock knock room no. freen,,,,,,
2026-08-09T05:11:00.429635+00:00,20260809-051100,https://trends24.in/indonesia/,Sat Aug 08 2026 12:08:07 GMT+0000 (Coordinated Universal Time),12,Bloody Paradise,bloody paradise,,,,,,
2026-08-09T05:11:00.429635+00:00,20260809-051100,https://trends24.in/indonesia/,Sat Aug 08 2026 12:08:07 GMT+0000 (Coordinated Universal Time),13,Galaxy Z Fold8,galaxy z fold8,,,,,,
2026-08-09T05:11:00.429635+00:00,20260809-051100,https://trends24.in/indonesia/,Sat Aug 08 2026 12:08:07 GMT+0000 (Coordinated Universal Time),14,Malam Minggu,malam minggu,,,,,,
2026-08-09T05:11:00.429635+00:00,20260809-051100,https://trends24.in/indonesia/,Sat Aug 08 2026 12:08:07 GMT+0000 (Coordinated Universal Time),15,SKY X MAYBELLINE MATTE MAX,sky x maybelline matte max,,,,,,
2026-08-09T05:11:00.429635+00:00,20260809-051100,https://trends24.in/indonesia/,Sat Aug 08 2026 12:08:07 GMT+0000 (Coordinated Universal Time),16,Malming,malming,,,,,,
2026-08-09T05:11:00.429635+00:00,20260809-051100,https://trends24.in/indonesia/,Sat Aug 08 2026 12:08:07 GMT+0000 (Coordinated Universal Time),17,MELA A COZY DAY WITH JJ,mela a cozy day with jj,,,,,,
2026-08-09T05:11:00.429635+00:00,20260809-051100,https://trends24.in/indonesia/,Sat Aug 08 2026 12:08:07 GMT+0000 (Coordinated Universal Time),18,GoPay,gopay,,,,,,
2026-08-09T05:11:00.429635+00:00,20260809-051100,https://trends24.in/indonesia/,Sat Aug 08 2026 12:08:07 GMT+0000 (Coordinated Universal Time),19,International Cat Day,international cat day,,,,,,
2026-08-09T05:11:00.429635+00:00,20260809-051100,https://trends24.in/indonesia/,Sat Aug 08 2026 12:08:07 GMT+0000 (Coordinated Universal Time),20,Jake,jake,,,,,,
2026-08-09T05:11:00.429635+00:00,20260809-051100,https://trends24.in/indonesia/,Sat Aug 08 2026 12:08:07 GMT+0000 (Coordinated Universal Time),21,Chelsea vs AC Milan,chelsea vs ac milan,,,,,,
2026-08-09T05:11:00.429635+00:00,20260809-051100,https://trends24.in/indonesia/,Sat Aug 08 2026 12:08:07 GMT+0000 (Coordinated Universal Time),22,Jisoo,jisoo,,,,,,
2026-08-09T05:11:00.429635+00:00,20260809-051100,https://trends24.in/indonesia/,Sat Aug 08 2026 12:08:07 GMT+0000 (Coordinated Universal Time),23,Araujo,araujo,,,,,,
2026-08-09T05:11:00.429635+00:00,20260809-051100,https://trends24.in/indonesia/,Sat Aug 08 2026 12:08:07 GMT+0000 (Coordinated Universal Time),24,Chapter 22,chapter 22,,,,,,
2026-08-09T05:11:00.429635+00:00,20260809-051100,https://trends24.in/indonesia/,Sat Aug 08 2026 12:08:07 GMT+0000 (Coordinated Universal Time),25,Home of Taesan's Dreams,home of taesan's dreams,,,,,,
2026-08-09T05:11:00.429635+00:00,20260809-051100,https://trends24.in/indonesia/,Sat Aug 08 2026 12:08:07 GMT+0000 (Coordinated Universal Time),26,Elon,elon,,,,,,
2026-08-09T05:11:00.429635+00:00,20260809-051100,https://trends24.in/indonesia/,Sat Aug 08 2026 12:08:07 GMT+0000 (Coordinated Universal Time),27,PSSI,pssi,,,,,,
2026-08-09T05:11:00.429635+00:00,20260809-051100,https://trends24.in/indonesia/,Sat Aug 08 2026 12:08:07 GMT+0000 (Coordinated Universal Time),28,Paket Data,paket data,,,,,,
2026-08-09T05:11:00.429635+00:00,20260809-051100,https://trends24.in/indonesia/,Sat Aug 08 2026 12:08:07 GMT+0000 (Coordinated Universal Time),29,jeno,jeno,,,,,,
2026-08-09T05:11:00.429635+00:00,20260809-051100,https://trends24.in/indonesia/,Sat Aug 08 2026 12:08:07 GMT+0000 (Coordinated Universal Time),30,Diri,diri,,,,,,
2026-08-09T05:11:00.429635+00:00,20260809-051100,https://trends24.in/indonesia/,Sat Aug 08 2026 12:08:07 GMT+0000 (Coordinated Universal Time),31,Happy 10th,happy 10th,,,,,,
2026-08-09T05:11:00.429635+00:00,20260809-051100,https://trends24.in/indonesia/,Sat Aug 08 2026 12:08:07 GMT+0000 (Coordinated Universal Time),32,Saling,saling,,,,,,
2026-08-09T05:11:00.429635+00:00,20260809-051100,https://trends24.in/indonesia/,Sat Aug 08 2026 12:08:07 GMT+0000 (Coordinated Universal Time),33,Lisa,lisa,,,,,,
2026-08-09T05:11:00.429635+00:00,20260809-051100,https://trends24.in/indonesia/,Sat Aug 08 2026 12:08:07 GMT+0000 (Coordinated Universal Time),34,Bahlil,bahlil,,,,,,
2026-08-09T05:11:00.429635+00:00,20260809-051100,https://trends24.in/indonesia/,Sat Aug 08 2026 12:08:07 GMT+0000 (Coordinated Universal Time),35,SPBU,spbu,,,,,,
2026-08-09T05:11:00.429635+00:00,20260809-051100,https://trends24.in/indonesia/,Sat Aug 08 2026 12:08:07 GMT+0000 (Coordinated Universal Time),36,#KAIxWATERBOMB,kaixwaterbomb,,,,,,
2026-08-09T05:11:00.429635+00:00,20260809-051100,https://trends24.in/indonesia/,Sat Aug 08 2026 12:08:07 GMT+0000 (Coordinated Universal Time),37,#KAI_WATERBOMB_BUSAN,kai_waterbomb_busan,,,,,,
2026-08-09T05:11:00.429635+00:00,20260809-051100,https://trends24.in/indonesia/,Sat Aug 08 2026 12:08:07 GMT+0000 (Coordinated Universal Time),38,#LOreallaqueNudexEst,loreallaquenudexest,,,,,,
2026-08-09T05:11:00.429635+00:00,20260809-051100,https://trends24.in/indonesia/,Sat Aug 08 2026 12:08:07 GMT+0000 (Coordinated Universal Time),39,#ë£¨ì´ì_AllICanSayIs_ì¤ì¹íì°ì OST,ë£¨ì´ì_allicansayis_ì¤ì¹íì°ì ost,,,,,,
2026-08-09T05:11:00.429635+00:00,20260809-051100,https://trends24.in/indonesia/,Sat Aug 08 2026 12:08:07 GMT+0000 (Coordinated Universal Time),40,#LOUIS_AllICanSayIs,louis_allicansayis,,,,,,
2026-08-09T05:11:00.429635+00:00,20260809-051100,https://trends24.in/indonesia/,Sat Aug 08 2026 12:08:07 GMT+0000 (Coordinated Universal Time),41,#KUOTASERBA8RIBU,kuotaserba8ribu,,,,,,
2026-08-09T05:11:00.429635+00:00,20260809-051100,https://trends24.in/indonesia/,Sat Aug 08 2026 12:08:07 GMT+0000 (Coordinated Universal Time),42,#RoomNumberFreen,roomnumberfreen,,,,,,
2026-08-09T05:11:00.429635+00:00,20260809-051100,https://trends24.in/indonesia/,Sat Aug 08 2026 12:08:07 GMT+0000 (Coordinated Universal Time),43,#à¸à¸¸à¸à¸´à¸§à¸à¸µà¹à¹à¸§à¸¢à¸à¹à¸­à¸à¸²à¸¥à¹à¸²2026,à¸à¸¸à¸à¸´à¸§à¸à¸µà¹à¹à¸§à¸¢à¸à¹à¸­à¸à¸²à¸¥à¹à¸²2026,,,,,,
2026-08-09T05:11:00.429635+00:00,20260809-051100,https://trends24.in/indonesia/,Sat Aug 08 2026 12:08:07 GMT+0000 (Coordinated Universal Time),44,#GalaxyExperienceGI,galaxyexperiencegi,,,,,,
2026-08-09T05:11:00.429635+00:00,20260809-051100,https://trends24.in/indonesia/,Sat Aug 08 2026 12:08:07 GMT+0000 (Coordinated Universal Time),45,#à¸­à¸­à¸¡à¸à¸£à¸à¹à¸à¸ à¸±à¸ª,à¸­à¸­à¸¡à¸à¸£à¸à¹à¸à¸ à¸±à¸ª,,,,,,
2026-08-09T05:11:00.429635+00:00,20260809-051100,https://trends24.in/indonesia/,Sat Aug 08 2026 12:08:07 GMT+0000 (Coordinated Universal Time),46,#OrmKornnaphat,ormkornnaphat,,,,,,
2026-08-09T05:11:00.429635+00:00,20260809-051100,https://trends24.in/indonesia/,Sat Aug 08 2026 12:08:07 GMT+0000 (Coordinated Universal Time),47,#GalaxyStudio,galaxystudio,,,,,,
2026-08-09T05:11:00.429635+00:00,20260809-051100,https://trends24.in/indonesia/,Sat Aug 08 2026 12:08:07 GMT+0000 (Coordinated Universal Time),48,#BLOODSAGA_IN_BUSAN,bloodsaga_in_busan,,,,,,
2026-08-09T05:11:00.429635+00:00,20260809-051100,https://trends24.in/indonesia/,Sat Aug 08 2026 12:08:07 GMT+0000 (Coordinated Universal Time),49,#MagicLoverSeries,magicloverseries,,,,,,
2026-08-09T05:11:00.429635+00:00,20260809-051100,https://trends24.in/indonesia/,Sat Aug 08 2026 12:08:07 GMT+0000 (Coordinated Universal Time),50,#à¸à¹à¸­à¸¡à¸à¸¥à¸¸à¹à¸à¸£à¸±à¸Series,à¸à¹à¸­à¸¡à¸à¸¥à¸¸à¹à¸à¸£à¸±à¸series,,,,,,
2026-08-09T05:11:00.429635+00:00,20260809-051100,https://trends24.in/indonesia/,Sat Aug 08 2026 11:16:00 GMT+0000 (Coordinated Universal Time),1,#GMMTVFanfestInMacau2026,gmmtvfanfestinmacau2026,,,,,,
2026-08-09T05:11:00.429635+00:00,20260809-051100,https://trends24.in/indonesia/,Sat Aug 08 2026 11:16:00 GMT+0000 (Coordinated Universal Time),2,PERTHSANTA STARLIT JOURNEY,perthsanta starlit journey,,,,,,
2026-08-09T05:11:00.429635+00:00,20260809-051100,https://trends24.in/indonesia/,Sat Aug 08 2026 11:16:00 GMT+0000 (Coordinated Universal Time),3,#LOUIS_AllICanSayIs,louis_allicansayis,,,,,,
2026-08-09T05:11:00.429635+00:00,20260809-051100,https://trends24.in/indonesia/,Sat Aug 08 2026 11:16:00 GMT+0000 (Coordinated Universal Time),4,#ë£¨ì´ì_AllICanSayIs_ì¤ì¹íì°ì OST,ë£¨ì´ì_allicansayis_ì¤ì¹íì°ì ost,,,,,,
2026-08-09T05:11:00.429635+00:00,20260809-051100,https://trends24.in/indonesia/,Sat Aug 08 2026 11:16:00 GMT+0000 (Coordinated Universal Time),5,Weibo Gala,weibo gala,,,,,,
2026-08-09T05:11:00.429635+00:00,20260809-051100,https://trends24.in/indonesia/,Sat Aug 08 2026 11:16:00 GMT+0000 (Coordinated Universal Time),6,LOUIS SPOOKY IN LOVE OST,louis spooky in love ost,,,,,,
2026-08-09T05:11:00.429635+00:00,20260809-051100,https://trends24.in/indonesia/,Sat Aug 08 2026 11:16:00 GMT+0000 (Coordinated Universal Time),7,#KAIxWATERBOMB,kaixwaterbomb,,,,,,
2026-08-09T05:11:00.429635+00:00,20260809-051100,https://trends24.in/indonesia/,Sat Aug 08 2026 11:16:00 GMT+0000 (Coordinated Universal Time),8,#KAI_WATERBOMB_BUSAN,kai_waterbomb_busan,,,,,,
2026-08-09T05:11:00.429635+00:00,20260809-051100,https://trends24.in/indonesia/,Sat Aug 08 2026 11:16:00 GMT+0000 (Coordinated Universal Time),9,KNOCK KNOCK ROOM NO. FREEN,knock knock room no. freen,,,,,,
2026-08-09T05:11:00.429635+00:00,20260809-051100,https://trends24.in/indonesia/,Sat Aug 08 2026 11:16:00 GMT+0000 (Coordinated Universal Time),10,Galaxy Z Fold8,galaxy z fold8,,,,,,
2026-08-09T05:11:00.429635+00:00,20260809-051100,https://trends24.in/indonesia/,Sat Aug 08 2026 11:16:00 GMT+0000 (Coordinated Universal Time),11,JUNIORMARK ALONG SUNNYMOON,juniormark along sunnymoon,,,,,,
2026-08-09T05:11:00.429635+00:00,20260809-051100,https://trends24.in/indonesia/,Sat Aug 08 2026 11:16:00 GMT+0000 (Coordinated Universal Time),12,GoPay,gopay,,,,,,
2026-08-09T05:11:00.429635+00:00,20260809-051100,https://trends24.in/indonesia/,Sat Aug 08 2026 11:16:00 GMT+0000 (Coordinated Universal Time),13,MELA A COZY DAY WITH JJ,mela a cozy day with jj,,,,,,
2026-08-09T05:11:00.429635+00:00,20260809-051100,https://trends24.in/indonesia/,Sat Aug 08 2026 11:16:00 GMT+0000 (Coordinated Universal Time),14,SKY X MAYBELLINE MATTE MAX,sky x maybelline matte max,,,,,,
2026-08-09T05:11:00.429635+00:00,20260809-051100,https://trends24.in/indonesia/,Sat Aug 08 2026 11:16:00 GMT+0000 (Coordinated Universal Time),15,International Cat Day,international cat day,,,,,,
2026-08-09T05:11:00.429635+00:00,20260809-051100,https://trends24.in/indonesia/,Sat Aug 08 2026 11:16:00 GMT+0000 (Coordinated Universal Time),16,Bloody Paradise,bloody paradise,,,,,,
2026-08-09T05:11:00.429635+00:00,20260809-051100,https://trends24.in/indonesia/,Sat Aug 08 2026 11:16:00 GMT+0000 (Coordinated Universal Time),17,Jisoo,jisoo,,,,,,
2026-08-09T05:11:00.429635+00:00,20260809-051100,https://trends24.in/indonesia/,Sat Aug 08 2026 11:16:00 GMT+0000 (Coordinated Universal Time),18,Chapter 22,chapter 22,,,,,,
2026-08-09T05:11:00.429635+00:00,20260809-051100,https://trends24.in/indonesia/,Sat Aug 08 2026 11:16:00 GMT+0000 (Coordinated Universal Time),19,Home of Taesan's Dreams,home of taesan's dreams,,,,,,
2026-08-09T05:11:00.429635+00:00,20260809-051100,https://trends24.in/indonesia/,Sat Aug 08 2026 11:16:00 GMT+0000 (Coordinated Universal Time),20,Araujo,araujo,,,,,,
2026-08-09T05:11:00.429635+00:00,20260809-051100,https://trends24.in/indonesia/,Sat Aug 08 2026 11:16:00 GMT+0000 (Coordinated Universal Time),21,Elon,elon,,,,,,
2026-08-09T05:11:00.429635+00:00,20260809-051100,https://trends24.in/indonesia/,Sat Aug 08 2026 11:16:00 GMT+0000 (Coordinated Universal Time),22,PSSI,pssi,,,,,,
2026-08-09T05:11:00.429635+00:00,20260809-051100,https://trends24.in/indonesia/,Sat Aug 08 2026 11:16:00 GMT+0000 (Coordinated Universal Time),23,Rp 8.100,rp 8.100,,,,,,
2026-08-09T05:11:00.429635+00:00,20260809-051100,https://trends24.in/indonesia/,Sat Aug 08 2026 11:16:00 GMT+0000 (Coordinated Universal Time),24,Paket Data,paket data,,,,,,
2026-08-09T05:11:00.429635+00:00,20260809-051100,https://trends24.in/indonesia/,Sat Aug 08 2026 11:16:00 GMT+0000 (Coordinated Universal Time),25,Diri,diri,,,,,,
2026-08-09T05:11:00.429635+00:00,20260809-051100,https://trends24.in/indonesia/,Sat Aug 08 2026 11:16:00 GMT+0000 (Coordinated Universal Time),26,Saling,saling,,,,,,
2026-08-09T05:11:00.429635+00:00,20260809-051100,https://trends24.in/indonesia/,Sat Aug 08 2026 11:16:00 GMT+0000 (Coordinated Universal Time),27,jeno,jeno,,,,,,
2026-08-09T05:11:00.429635+00:00,20260809-051100,https://trends24.in/indonesia/,Sat Aug 08 2026 11:16:00 GMT+0000 (Coordinated Universal Time),28,Happy 10th,happy 10th,,,,,,
2026-08-09T05:11:00.429635+00:00,20260809-051100,https://trends24.in/indonesia/,Sat Aug 08 2026 11:16:00 GMT+0000 (Coordinated Universal Time),29,Jbjb,jbjb,,,,,,
2026-08-09T05:11:00.429635+00:00,20260809-051100,https://trends24.in/indonesia/,Sat Aug 08 2026 11:16:00 GMT+0000 (Coordinated Universal Time),30,AC Milan,ac milan,,,,,,
2026-08-09T05:11:00.429635+00:00,20260809-051100,https://trends24.in/indonesia/,Sat Aug 08 2026 11:16:00 GMT+0000 (Coordinated Universal Time),31,Lisa,lisa,,,,,,
2026-08-09T05:11:00.429635+00:00,20260809-051100,https://trends24.in/indonesia/,Sat Aug 08 2026 11:16:00 GMT+0000 (Coordinated Universal Time),32,Bahlil,bahlil,,,,,,
2026-08-09T05:11:00.429635+00:00,20260809-051100,https://trends24.in/indonesia/,Sat Aug 08 2026 11:16:00 GMT+0000 (Coordinated Universal Time),33,SPBU,spbu,,,,,,
2026-08-09T05:11:00.429635+00:00,20260809-051100,https://trends24.in/indonesia/,Sat Aug 08 2026 11:16:00 GMT+0000 (Coordinated Universal Time),34,Rujak,rujak,,,,,,
2026-08-09T05:11:00.429635+00:00,20260809-051100,https://trends24.in/indonesia/,Sat Aug 08 2026 11:16:00 GMT+0000 (Coordinated Universal Time),35,#à¸à¸¸à¸à¸´à¸§à¸à¸µà¹à¹à¸§à¸¢à¸à¹à¸­à¸à¸²à¸¥à¹à¸²2026,à¸à¸¸à¸à¸´à¸§à¸à¸µà¹à¹à¸§à¸¢à¸à¹à¸­à¸à¸²à¸¥à¹à¸²2026,,,,,,
2026-08-09T05:11:00.429635+00:00,20260809-051100,https://trends24.in/indonesia/,Sat Aug 08 2026 11:16:00 GMT+0000 (Coordinated Universal Time),36,#KUOTASERBA8RIBU,kuotaserba8ribu,,,,,,
2026-08-09T05:11:00.429635+00:00,20260809-051100,https://trends24.in/indonesia/,Sat Aug 08 2026 11:16:00 GMT+0000 (Coordinated Universal Time),37,#GalaxyExperienceGI,galaxyexperiencegi,,,,,,
2026-08-09T05:11:00.429635+00:00,20260809-051100,https://trends24.in/indonesia/,Sat Aug 08 2026 11:16:00 GMT+0000 (Coordinated Universal Time),38,#BLOODSAGA_IN_BUSAN,bloodsaga_in_busan,,,,,,
2026-08-09T05:11:00.429635+00:00,20260809-051100,https://trends24.in/indonesia/,Sat Aug 08 2026 11:16:00 GMT+0000 (Coordinated Universal Time),39,#JuniorMarkConcertD2,juniormarkconcertd2,,,,,,
2026-08-09T05:11:00.429635+00:00,20260809-051100,https://trends24.in/indonesia/,Sat Aug 08 2026 11:16:00 GMT+0000 (Coordinated Universal Time),40,#RoomNumberFreen,roomnumberfreen,,,,,,
2026-08-09T05:11:00.429635+00:00,20260809-051100,https://trends24.in/indonesia/,Sat Aug 08 2026 11:16:00 GMT+0000 (Coordinated Universal Time),41,#GalaxyStudio,galaxystudio,,,,,,
2026-08-09T05:11:00.429635+00:00,20260809-051100,https://trends24.in/indonesia/,Sat Aug 08 2026 11:16:00 GMT+0000 (Coordinated Universal Time),42,#TewoTsunaginagaraJKT48,tewotsunaginagarajkt48,,,,,,
2026-08-09T05:11:00.429635+00:00,20260809-051100,https://trends24.in/indonesia/,Sat Aug 08 2026 11:16:00 GMT+0000 (Coordinated Universal Time),43,#GalaxyMyFanCamMoment,galaxymyfancammoment,,,,,,
2026-08-09T05:11:00.429635+00:00,20260809-051100,https://trends24.in/indonesia/,Sat Aug 08 2026 11:16:00 GMT+0000 (Coordinated Universal Time),44,#à¸­à¸­à¸¡à¸à¸£à¸à¹à¸à¸ à¸±à¸ª,à¸­à¸­à¸¡à¸à¸£à¸à¹à¸à¸ à¸±à¸ª,,,,,,
2026-08-09T05:11:00.429635+00:00,20260809-051100,https://trends24.in/indonesia/,Sat Aug 08 2026 11:16:00 GMT+0000 (Coordinated Universal Time),45,#MELAxJJ,melaxjj,,,,,,
2026-08-09T05:11:00.429635+00:00,20260809-051100,https://trends24.in/indonesia/,Sat Aug 08 2026 11:16:00 GMT+0000 (Coordinated Universal Time),46,#OrmKornnaphat,ormkornnaphat,,,,,,
2026-08-09T05:11:00.429635+00:00,20260809-051100,https://trends24.in/indonesia/,Sat Aug 08 2026 11:16:00 GMT+0000 (Coordinated Universal Time),47,#ZamanAI,zamanai,,,,,,
2026-08-09T05:11:00.429635+00:00,20260809-051100,https://trends24.in/indonesia/,Sat Aug 08 2026 11:16:00 GMT+0000 (Coordinated Universal Time),48,#MagicLoverSeries,magicloverseries,,,,,,
2026-08-09T05:11:00.429635+00:00,20260809-051100,https://trends24.in/indonesia/,Sat Aug 08 2026 11:16:00 GMT+0000 (Coordinated Universal Time),49,#VaselineGlycoxomexDMD,vaselineglycoxomexdmd,,,,,,
2026-08-09T05:11:00.429635+00:00,20260809-051100,https://trends24.in/indonesia/,Sat Aug 08 2026 11:16:00 GMT+0000 (Coordinated Universal Time),50,#à¸à¹à¸­à¸¡à¸à¸¥à¸¸à¹à¸à¸£à¸±à¸Series,à¸à¹à¸­à¸¡à¸à¸¥à¸¸à¹à¸à¸£à¸±à¸series,,,,,,
2026-08-09T05:11:00.429635+00:00,20260809-051100,https://trends24.in/indonesia/,Sat Aug 08 2026 10:24:21 GMT+0000 (Coordinated Universal Time),1,#GMMTVFanfestInMacau2026,gmmtvfanfestinmacau2026,,,,,,
2026-08-09T05:11:00.429635+00:00,20260809-051100,https://trends24.in/indonesia/,Sat Aug 08 2026 10:24:21 GMT+0000 (Coordinated Universal Time),2,#KUOTASERBA8RIBU,kuotaserba8ribu,,,,,,
2026-08-09T05:11:00.429635+00:00,20260809-051100,https://trends24.in/indonesia/,Sat Aug 08 2026 10:24:21 GMT+0000 (Coordinated Universal Time),3,PERTHSANTA STARLIT JOURNEY,perthsanta starlit journey,,,,,,
2026-08-09T05:11:00.429635+00:00,20260809-051100,https://trends24.in/indonesia/,Sat Aug 08 2026 10:24:21 GMT+0000 (Coordinated Universal Time),4,#LOUIS_AllICanSayIs,louis_allicansayis,,,,,,
2026-08-09T05:11:00.429635+00:00,20260809-051100,https://trends24.in/indonesia/,Sat Aug 08 2026 10:24:21 GMT+0000 (Coordinated Universal Time),5,#ë£¨ì´ì_AllICanSayIs_ì¤ì¹íì°ì OST,ë£¨ì´ì_allicansayis_ì¤ì¹íì°ì ost,,,,,,
2026-08-09T05:11:00.429635+00:00,20260809-051100,https://trends24.in/indonesia/,Sat Aug 08 2026 10:24:21 GMT+0000 (Coordinated Universal Time),6,#AylioXWeibogala,aylioxweibogala,,,,,,
2026-08-09T05:11:00.429635+00:00,20260809-051100,https://trends24.in/indonesia/,Sat Aug 08 2026 10:24:21 GMT+0000 (Coordinated Universal Time),7,LOUIS SPOOKY IN LOVE OST,louis spooky in love ost,,,,,,
2026-08-09T05:11:00.429635+00:00,20260809-051100,https://trends24.in/indonesia/,Sat Aug 08 2026 10:24:21 GMT+0000 (Coordinated Universal Time),8,GoPay,gopay,,,,,,
2026-08-09T05:11:00.429635+00:00,20260809-051100,https://trends24.in/indonesia/,Sat Aug 08 2026 10:24:21 GMT+0000 (Coordinated Universal Time),9,KNOCK KNOCK ROOM NO. FREEN,knock knock room no. freen,,,,,,
2026-08-09T05:11:00.429635+00:00,20260809-051100,https://trends24.in/indonesia/,Sat Aug 08 2026 10:24:21 GMT+0000 (Coordinated Universal Time),10,Galaxy Z Fold8,galaxy z fold8,,,,,,
2026-08-09T05:11:00.429635+00:00,20260809-051100,https://trends24.in/indonesia/,Sat Aug 08 2026 10:24:21 GMT+0000 (Coordinated Universal Time),11,SKY X MAYBELLINE MATTE MAX,sky x maybelline matte max,,,,,,
2026-08-09T05:11:00.429635+00:00,20260809-051100,https://trends24.in/indonesia/,Sat Aug 08 2026 10:24:21 GMT+0000 (Coordinated Universal Time),12,MELA A COZY DAY WITH JJ,mela a cozy day with jj,,,,,,
2026-08-09T05:11:00.429635+00:00,20260809-051100,https://trends24.in/indonesia/,Sat Aug 08 2026 10:24:21 GMT+0000 (Coordinated Universal Time),13,JUNIORMARK ALONG SUNNYMOON,juniormark along sunnymoon,,,,,,
2026-08-09T05:11:00.429635+00:00,20260809-051100,https://trends24.in/indonesia/,Sat Aug 08 2026 10:24:21 GMT+0000 (Coordinated Universal Time),14,Jisoo,jisoo,,,,,,
2026-08-09T05:11:00.429635+00:00,20260809-051100,https://trends24.in/indonesia/,Sat Aug 08 2026 10:24:21 GMT+0000 (Coordinated Universal Time),15,International Cat Day,international cat day,,,,,,
2026-08-09T05:11:00.429635+00:00,20260809-051100,https://trends24.in/indonesia/,Sat Aug 08 2026 10:24:21 GMT+0000 (Coordinated Universal Time),16,Chapter 22,chapter 22,,,,,,
2026-08-09T05:11:00.429635+00:00,20260809-051100,https://trends24.in/indonesia/,Sat Aug 08 2026 10:24:21 GMT+0000 (Coordinated Universal Time),17,Home of Taesan's Dreams,home of taesan's dreams,,,,,,
2026-08-09T05:11:00.429635+00:00,20260809-051100,https://trends24.in/indonesia/,Sat Aug 08 2026 10:24:21 GMT+0000 (Coordinated Universal Time),18,Araujo,araujo,,,,,,
2026-08-09T05:11:00.429635+00:00,20260809-051100,https://trends24.in/indonesia/,Sat Aug 08 2026 10:24:21 GMT+0000 (Coordinated Universal Time),19,Blush,blush,,,,,,
2026-08-09T05:11:00.429635+00:00,20260809-051100,https://trends24.in/indonesia/,Sat Aug 08 2026 10:24:21 GMT+0000 (Coordinated Universal Time),20,Fortune,fortune,,,,,,
2026-08-09T05:11:00.429635+00:00,20260809-051100,https://trends24.in/indonesia/,Sat Aug 08 2026 10:24:21 GMT+0000 (Coordinated Universal Time),21,Elon,elon,,,,,,
2026-08-09T05:11:00.429635+00:00,20260809-051100,https://trends24.in/indonesia/,Sat Aug 08 2026 10:24:21 GMT+0000 (Coordinated Universal Time),22,Rp 8.100,rp 8.100,,,,,,
2026-08-09T05:11:00.429635+00:00,20260809-051100,https://trends24.in/indonesia/,Sat Aug 08 2026 10:24:21 GMT+0000 (Coordinated Universal Time),23,Paket Data,paket data,,,,,,
2026-08-09T05:11:00.429635+00:00,20260809-051100,https://trends24.in/indonesia/,Sat Aug 08 2026 10:24:21 GMT+0000 (Coordinated Universal Time),24,PSSI,pssi,,,,,,
2026-08-09T05:11:00.429635+00:00,20260809-051100,https://trends24.in/indonesia/,Sat Aug 08 2026 10:24:21 GMT+0000 (Coordinated Universal Time),25,Diri,diri,,,,,,
2026-08-09T05:11:00.429635+00:00,20260809-051100,https://trends24.in/indonesia/,Sat Aug 08 2026 10:24:21 GMT+0000 (Coordinated Universal Time),26,Saling,saling,,,,,,
2026-08-09T05:11:00.429635+00:00,20260809-051100,https://trends24.in/indonesia/,Sat Aug 08 2026 10:24:21 GMT+0000 (Coordinated Universal Time),27,BLACKPINK,blackpink,,,,,,
2026-08-09T05:11:00.429635+00:00,20260809-051100,https://trends24.in/indonesia/,Sat Aug 08 2026 10:24:21 GMT+0000 (Coordinated Universal Time),28,Baekhyun,baekhyun,,,,,,
2026-08-09T05:11:00.429635+00:00,20260809-051100,https://trends24.in/indonesia/,Sat Aug 08 2026 10:24:21 GMT+0000 (Coordinated Universal Time),29,Dikit,dikit,,,,,,
2026-08-09T05:11:00.429635+00:00,20260809-051100,https://trends24.in/indonesia/,Sat Aug 08 2026 10:24:21 GMT+0000 (Coordinated Universal Time),30,Liverpool,liverpool,,,,,,
2026-08-09T05:11:00.429635+00:00,20260809-051100,https://trends24.in/indonesia/,Sat Aug 08 2026 10:24:21 GMT+0000 (Coordinated Universal Time),31,Daihatsu Rocky Hybrid,daihatsu rocky hybrid,,,,,,
2026-08-09T05:11:00.429635+00:00,20260809-051100,https://trends24.in/indonesia/,Sat Aug 08 2026 10:24:21 GMT+0000 (Coordinated Universal Time),32,Happy 10th,happy 10th,,,,,,
2026-08-09T05:11:00.429635+00:00,20260809-051100,https://trends24.in/indonesia/,Sat Aug 08 2026 10:24:21 GMT+0000 (Coordinated Universal Time),33,Lanjut,lanjut,,,,,,
2026-08-09T05:11:00.429635+00:00,20260809-051100,https://trends24.in/indonesia/,Sat Aug 08 2026 10:24:21 GMT+0000 (Coordinated Universal Time),34,Lisa,lisa,,,,,,
2026-08-09T05:11:00.429635+00:00,20260809-051100,https://trends24.in/indonesia/,Sat Aug 08 2026 10:24:21 GMT+0000 (Coordinated Universal Time),35,Jbjb,jbjb,,,,,,
2026-08-09T05:11:00.429635+00:00,20260809-051100,https://trends24.in/indonesia/,Sat Aug 08 2026 10:24:21 GMT+0000 (Coordinated Universal Time),36,Bahlil,bahlil,,,,,,
2026-08-09T05:11:00.429635+00:00,20260809-051100,https://trends24.in/indonesia/,Sat Aug 08 2026 10:24:21 GMT+0000 (Coordinated Universal Time),37,SPBU,spbu,,,,,,
2026-08-09T05:11:00.429635+00:00,20260809-051100,https://trends24.in/indonesia/,Sat Aug 08 2026 10:24:21 GMT+0000 (Coordinated Universal Time),38,Rujak,rujak,,,,,,
2026-08-09T05:11:00.429635+00:00,20260809-051100,https://trends24.in/indonesia/,Sat Aug 08 2026 10:24:21 GMT+0000 (Coordinated Universal Time),39,Nikita,nikita,,,,,,
2026-08-09T05:11:00.429635+00:00,20260809-051100,https://trends24.in/indonesia/,Sat Aug 08 2026 10:24:21 GMT+0000 (Coordinated Universal Time),40,#ZamanAI,zamanai,,,,,,
2026-08-09T05:11:00.429635+00:00,20260809-051100,https://trends24.in/indonesia/,Sat Aug 08 2026 10:24:21 GMT+0000 (Coordinated Universal Time),41,#GalaxyExperienceZone,galaxyexperiencezone,,,,,,
2026-08-09T05:11:00.429635+00:00,20260809-051100,https://trends24.in/indonesia/,Sat Aug 08 2026 10:24:21 GMT+0000 (Coordinated Universal Time),42,#TewoTsunaginagaraJKT48,tewotsunaginagarajkt48,,,,,,
2026-08-09T05:11:00.429635+00:00,20260809-051100,https://trends24.in/indonesia/,Sat Aug 08 2026 10:24:21 GMT+0000 (Coordinated Universal Time),43,#GalaxyMyFanCamMoment,galaxymyfancammoment,,,,,,
2026-08-09T05:11:00.429635+00:00,20260809-051100,https://trends24.in/indonesia/,Sat Aug 08 2026 10:24:21 GMT+0000 (Coordinated Universal Time),44,#MagicLoverSeries,magicloverseries,,,,,,
2026-08-09T05:11:00.429635+00:00,20260809-051100,https://trends24.in/indonesia/,Sat Aug 08 2026 10:24:21 GMT+0000 (Coordinated Universal Time),45,#MELAxJJ,melaxjj,,,,,,
2026-08-09T05:11:00.429635+00:00,20260809-051100,https://trends24.in/indonesia/,Sat Aug 08 2026 10:24:21 GMT+0000 (Coordinated Universal Time),46,#MaybellineMYwithSky,maybellinemywithsky,,,,,,
2026-08-09T05:11:00.429635+00:00,20260809-051100,https://trends24.in/indonesia/,Sat Aug 08 2026 10:24:21 GMT+0000 (Coordinated Universal Time),47,#à¸à¹à¸­à¸¡à¸à¸¥à¸¸à¹à¸à¸£à¸±à¸Series,à¸à¹à¸­à¸¡à¸à¸¥à¸¸à¹à¸à¸£à¸±à¸series,,,,,,
2026-08-09T05:11:00.429635+00:00,20260809-051100,https://trends24.in/indonesia/,Sat Aug 08 2026 10:24:21 GMT+0000 (Coordinated Universal Time),48,#RoomNumberFreen,roomnumberfreen,,,,,,
2026-08-09T05:11:00.429635+00:00,20260809-051100,https://trends24.in/indonesia/,Sat Aug 08 2026 10:24:21 GMT+0000 (Coordinated Universal Time),49,#GalaxyStudio,galaxystudio,,,,,,
2026-08-09T05:11:00.429635+00:00,20260809-051100,https://trends24.in/indonesia/,Sat Aug 08 2026 10:24:21 GMT+0000 (Coordinated Universal Time),50,#JuniorMarkConcertD2,juniormarkconcertd2,,,,,,
2026-08-09T05:11:00.429635+00:00,20260809-051100,https://trends24.in/indonesia/,Sat Aug 08 2026 10:24:14 GMT+0000 (Coordinated Universal Time),1,#GMMTVFanfestInMacau2026,gmmtvfanfestinmacau2026,,,,,,
2026-08-09T05:11:00.429635+00:00,20260809-051100,https://trends24.in/indonesia/,Sat Aug 08 2026 10:24:14 GMT+0000 (Coordinated Universal Time),2,#KUOTASERBA8RIBU,kuotaserba8ribu,,,,,,
2026-08-09T05:11:00.429635+00:00,20260809-051100,https://trends24.in/indonesia/,Sat Aug 08 2026 10:24:14 GMT+0000 (Coordinated Universal Time),3,PERTHSANTA STARLIT JOURNEY,perthsanta starlit journey,,,,,,
2026-08-09T05:11:00.429635+00:00,20260809-051100,https://trends24.in/indonesia/,Sat Aug 08 2026 10:24:14 GMT+0000 (Coordinated Universal Time),4,#LOUIS_AllICanSayIs,louis_allicansayis,,,,,,
2026-08-09T05:11:00.429635+00:00,20260809-051100,https://trends24.in/indonesia/,Sat Aug 08 2026 10:24:14 GMT+0000 (Coordinated Universal Time),5,#ë£¨ì´ì_AllICanSayIs_ì¤ì¹íì°ì OST,ë£¨ì´ì_allicansayis_ì¤ì¹íì°ì ost,,,,,,
2026-08-09T05:11:00.429635+00:00,20260809-051100,https://trends24.in/indonesia/,Sat Aug 08 2026 10:24:14 GMT+0000 (Coordinated Universal Time),6,#AylioXWeibogala,aylioxweibogala,,,,,,
2026-08-09T05:11:00.429635+00:00,20260809-051100,https://trends24.in/indonesia/,Sat Aug 08 2026 10:24:14 GMT+0000 (Coordinated Universal Time),7,LOUIS SPOOKY IN LOVE OST,louis spooky in love ost,,,,,,
2026-08-09T05:11:00.429635+00:00,20260809-051100,https://trends24.in/indonesia/,Sat Aug 08 2026 10:24:14 GMT+0000 (Coordinated Universal Time),8,GoPay,gopay,,,,,,
2026-08-09T05:11:00.429635+00:00,20260809-051100,https://trends24.in/indonesia/,Sat Aug 08 2026 10:24:14 GMT+0000 (Coordinated Universal Time),9,KNOCK KNOCK ROOM NO. FREEN,knock knock room no. freen,,,,,,
2026-08-09T05:11:00.429635+00:00,20260809-051100,https://trends24.in/indonesia/,Sat Aug 08 2026 10:24:14 GMT+0000 (Coordinated Universal Time),10,Galaxy Z Fold8,galaxy z fold8,,,,,,
2026-08-09T05:11:00.429635+00:00,20260809-051100,https://trends24.in/indonesia/,Sat Aug 08 2026 10:24:14 GMT+0000 (Coordinated Universal Time),11,SKY X MAYBELLINE MATTE MAX,sky x maybelline matte max,,,,,,
2026-08-09T05:11:00.429635+00:00,20260809-051100,https://trends24.in/indonesia/,Sat Aug 08 2026 10:24:14 GMT+0000 (Coordinated Universal Time),12,MELA A COZY DAY WITH JJ,mela a cozy day with jj,,,,,,
2026-08-09T05:11:00.429635+00:00,20260809-051100,https://trends24.in/indonesia/,Sat Aug 08 2026 10:24:14 GMT+0000 (Coordinated Universal Time),13,JUNIORMARK ALONG SUNNYMOON,juniormark along sunnymoon,,,,,,
2026-08-09T05:11:00.429635+00:00,20260809-051100,https://trends24.in/indonesia/,Sat Aug 08 2026 10:24:14 GMT+0000 (Coordinated Universal Time),14,Jisoo,jisoo,,,,,,
2026-08-09T05:11:00.429635+00:00,20260809-051100,https://trends24.in/indonesia/,Sat Aug 08 2026 10:24:14 GMT+0000 (Coordinated Universal Time),15,International Cat Day,international cat day,,,,,,
2026-08-09T05:11:00.429635+00:00,20260809-051100,https://trends24.in/indonesia/,Sat Aug 08 2026 10:24:14 GMT+0000 (Coordinated Universal Time),16,Chapter 22,chapter 22,,,,,,
2026-08-09T05:11:00.429635+00:00,20260809-051100,https://trends24.in/indonesia/,Sat Aug 08 2026 10:24:14 GMT+0000 (Coordinated Universal Time),17,Home of Taesan's Dreams,home of taesan's dreams,,,,,,
2026-08-09T05:11:00.429635+00:00,20260809-051100,https://trends24.in/indonesia/,Sat Aug 08 2026 10:24:14 GMT+0000 (Coordinated Universal Time),18,Araujo,araujo,,,,,,
2026-08-09T05:11:00.429635+00:00,20260809-051100,https://trends24.in/indonesia/,Sat Aug 08 2026 10:24:14 GMT+0000 (Coordinated Universal Time),19,Blush,blush,,,,,,
2026-08-09T05:11:00.429635+00:00,20260809-051100,https://trends24.in/indonesia/,Sat Aug 08 2026 10:24:14 GMT+0000 (Coordinated Universal Time),20,Fortune,fortune,,,,,,
2026-08-09T05:11:00.429635+00:00,20260809-051100,https://trends24.in/indonesia/,Sat Aug 08 2026 10:24:14 GMT+0000 (Coordinated Universal Time),21,Elon,elon,,,,,,
2026-08-09T05:11:00.429635+00:00,20260809-051100,https://trends24.in/indonesia/,Sat Aug 08 2026 10:24:14 GMT+0000 (Coordinated Universal Time),22,Rp 8.100,rp 8.100,,,,,,
2026-08-09T05:11:00.429635+00:00,20260809-051100,https://trends24.in/indonesia/,Sat Aug 08 2026 10:24:14 GMT+0000 (Coordinated Universal Time),23,Paket Data,paket data,,,,,,
2026-08-09T05:11:00.429635+00:00,20260809-051100,https://trends24.in/indonesia/,Sat Aug 08 2026 10:24:14 GMT+0000 (Coordinated Universal Time),24,PSSI,pssi,,,,,,
2026-08-09T05:11:00.429635+00:00,20260809-051100,https://trends24.in/indonesia/,Sat Aug 08 2026 10:24:14 GMT+0000 (Coordinated Universal Time),25,Diri,diri,,,,,,
2026-08-09T05:11:00.429635+00:00,20260809-051100,https://trends24.in/indonesia/,Sat Aug 08 2026 10:24:14 GMT+0000 (Coordinated Universal Time),26,Saling,saling,,,,,,
2026-08-09T05:11:00.429635+00:00,20260809-051100,https://trends24.in/indonesia/,Sat Aug 08 2026 10:24:14 GMT+0000 (Coordinated Universal Time),27,BLACKPINK,blackpink,,,,,,
2026-08-09T05:11:00.429635+00:00,20260809-051100,https://trends24.in/indonesia/,Sat Aug 08 2026 10:24:14 GMT+0000 (Coordinated Universal Time),28,Happy 10th,happy 10th,,,,,,
2026-08-09T05:11:00.429635+00:00,20260809-051100,https://trends24.in/indonesia/,Sat Aug 08 2026 10:24:14 GMT+0000 (Coordinated Universal Time),29,Baekhyun,baekhyun,,,,,,
2026-08-09T05:11:00.429635+00:00,20260809-051100,https://trends24.in/indonesia/,Sat Aug 08 2026 10:24:14 GMT+0000 (Coordinated Universal Time),30,Dikit,dikit,,,,,,
2026-08-09T05:11:00.429635+00:00,20260809-051100,https://trends24.in/indonesia/,Sat Aug 08 2026 10:24:14 GMT+0000 (Coordinated Universal Time),31,Liverpool,liverpool,,,,,,
2026-08-09T05:11:00.429635+00:00,20260809-051100,https://trends24.in/indonesia/,Sat Aug 08 2026 10:24:14 GMT+0000 (Coordinated Universal Time),32,Daihatsu Rocky Hybrid,daihatsu rocky hybrid,,,,,,
2026-08-09T05:11:00.429635+00:00,20260809-051100,https://trends24.in/indonesia/,Sat Aug 08 2026 10:24:14 GMT+0000 (Coordinated Universal Time),33,Lanjut,lanjut,,,,,,
2026-08-09T05:11:00.429635+00:00,20260809-051100,https://trends24.in/indonesia/,Sat Aug 08 2026 10:24:14 GMT+0000 (Coordinated Universal Time),34,Lisa,lisa,,,,,,
2026-08-09T05:11:00.429635+00:00,20260809-051100,https://trends24.in/indonesia/,Sat Aug 08 2026 10:24:14 GMT+0000 (Coordinated Universal Time),35,Jbjb,jbjb,,,,,,
2026-08-09T05:11:00.429635+00:00,20260809-051100,https://trends24.in/indonesia/,Sat Aug 08 2026 10:24:14 GMT+0000 (Coordinated Universal Time),36,Bahlil,bahlil,,,,,,
2026-08-09T05:11:00.429635+00:00,20260809-051100,https://trends24.in/indonesia/,Sat Aug 08 2026 10:24:14 GMT+0000 (Coordinated Universal Time),37,SPBU,spbu,,,,,,
2026-08-09T05:11:00.429635+00:00,20260809-051100,https://trends24.in/indonesia/,Sat Aug 08 2026 10:24:14 GMT+0000 (Coordinated Universal Time),38,Rujak,rujak,,,,,,
2026-08-09T05:11:00.429635+00:00,20260809-051100,https://trends24.in/indonesia/,Sat Aug 08 2026 10:24:14 GMT+0000 (Coordinated Universal Time),39,Nikita,nikita,,,,,,
2026-08-09T05:11:00.429635+00:00,20260809-051100,https://trends24.in/indonesia/,Sat Aug 08 2026 10:24:14 GMT+0000 (Coordinated Universal Time),40,#ZamanAI,zamanai,,,,,,
2026-08-09T05:11:00.429635+00:00,20260809-051100,https://trends24.in/indonesia/,Sat Aug 08 2026 10:24:14 GMT+0000 (Coordinated Universal Time),41,#GalaxyExperienceZone,galaxyexperiencezone,,,,,,
2026-08-09T05:11:00.429635+00:00,20260809-051100,https://trends24.in/indonesia/,Sat Aug 08 2026 10:24:14 GMT+0000 (Coordinated Universal Time),42,#TewoTsunaginagaraJKT48,tewotsunaginagarajkt48,,,,,,
2026-08-09T05:11:00.429635+00:00,20260809-051100,https://trends24.in/indonesia/,Sat Aug 08 2026 10:24:14 GMT+0000 (Coordinated Universal Time),43,#GalaxyMyFanCamMoment,galaxymyfancammoment,,,,,,
2026-08-09T05:11:00.429635+00:00,20260809-051100,https://trends24.in/indonesia/,Sat Aug 08 2026 10:24:14 GMT+0000 (Coordinated Universal Time),44,#MagicLoverSeries,magicloverseries,,,,,,
2026-08-09T05:11:00.429635+00:00,20260809-051100,https://trends24.in/indonesia/,Sat Aug 08 2026 10:24:14 GMT+0000 (Coordinated Universal Time),45,#MELAxJJ,melaxjj,,,,,,
2026-08-09T05:11:00.429635+00:00,20260809-051100,https://trends24.in/indonesia/,Sat Aug 08 2026 10:24:14 GMT+0000 (Coordinated Universal Time),46,#MaybellineMYwithSky,maybellinemywithsky,,,,,,
2026-08-09T05:11:00.429635+00:00,20260809-051100,https://trends24.in/indonesia/,Sat Aug 08 2026 10:24:14 GMT+0000 (Coordinated Universal Time),47,#RoomNumberFreen,roomnumberfreen,,,,,,
2026-08-09T05:11:00.429635+00:00,20260809-051100,https://trends24.in/indonesia/,Sat Aug 08 2026 10:24:14 GMT+0000 (Coordinated Universal Time),48,#à¸à¹à¸­à¸¡à¸à¸¥à¸¸à¹à¸à¸£à¸±à¸Series,à¸à¹à¸­à¸¡à¸à¸¥à¸¸à¹à¸à¸£à¸±à¸series,,,,,,
2026-08-09T05:11:00.429635+00:00,20260809-051100,https://trends24.in/indonesia/,Sat Aug 08 2026 10:24:14 GMT+0000 (Coordinated Universal Time),49,#GalaxyStudio,galaxystudio,,,,,,
2026-08-09T05:11:00.429635+00:00,20260809-051100,https://trends24.in/indonesia/,Sat Aug 08 2026 10:24:14 GMT+0000 (Coordinated Universal Time),50,#JuniorMarkConcertD2,juniormarkconcertd2,,,,,,
