captured_at_utc,run_id,source_url,hour_label,rank,name,name_norm,tweet_count_raw,tweet_count,best_position,total_tweets,trending_for_raw,trending_for_hours
2026-08-15T09:08:34.827262+00:00,20260815-090834,https://trends24.in/indonesia/,Sat Aug 15 2026 08:12:37 GMT+0000 (Coordinated Universal Time),1,#GOPAYTOKENPLN81RIBU,gopaytokenpln81ribu,,,,,,
2026-08-15T09:08:34.827262+00:00,20260815-090834,https://trends24.in/indonesia/,Sat Aug 15 2026 08:12:37 GMT+0000 (Coordinated Universal Time),2,#CharacterFestThailand2xGMMTV,characterfestthailand2xgmmtv,,,,,,
2026-08-15T09:08:34.827262+00:00,20260815-090834,https://trends24.in/indonesia/,Sat Aug 15 2026 08:12:37 GMT+0000 (Coordinated Universal Time),3,#RayakanBebasBoncos,rayakanbebasboncos,,,,,,
2026-08-15T09:08:34.827262+00:00,20260815-090834,https://trends24.in/indonesia/,Sat Aug 15 2026 08:12:37 GMT+0000 (Coordinated Universal Time),4,Cobain Naavagreen,cobain naavagreen,,,,,,
2026-08-15T09:08:34.827262+00:00,20260815-090834,https://trends24.in/indonesia/,Sat Aug 15 2026 08:12:37 GMT+0000 (Coordinated Universal Time),5,#PersiapkanGenerasiEmas,persiapkangenerasiemas,,,,,,
2026-08-15T09:08:34.827262+00:00,20260815-090834,https://trends24.in/indonesia/,Sat Aug 15 2026 08:12:37 GMT+0000 (Coordinated Universal Time),6,Wujudkan SDM Terbaik,wujudkan sdm terbaik,,,,,,
2026-08-15T09:08:34.827262+00:00,20260815-090834,https://trends24.in/indonesia/,Sat Aug 15 2026 08:12:37 GMT+0000 (Coordinated Universal Time),7,Pray for NTT,pray for ntt,,,,,,
2026-08-15T09:08:34.827262+00:00,20260815-090834,https://trends24.in/indonesia/,Sat Aug 15 2026 08:12:37 GMT+0000 (Coordinated Universal Time),8,Nusa Tenggara Timur,nusa tenggara timur,,,,,,
2026-08-15T09:08:34.827262+00:00,20260815-090834,https://trends24.in/indonesia/,Sat Aug 15 2026 08:12:37 GMT+0000 (Coordinated Universal Time),9,LITTLE GUINZLY CFT2 PARTY,little guinzly cft2 party,,,,,,
2026-08-15T09:08:34.827262+00:00,20260815-090834,https://trends24.in/indonesia/,Sat Aug 15 2026 08:12:37 GMT+0000 (Coordinated Universal Time),10,PLN 100rb,pln 100rb,,,,,,
2026-08-15T09:08:34.827262+00:00,20260815-090834,https://trends24.in/indonesia/,Sat Aug 15 2026 08:12:37 GMT+0000 (Coordinated Universal Time),11,#JAIDEE,jaidee,,,,,,
2026-08-15T09:08:34.827262+00:00,20260815-090834,https://trends24.in/indonesia/,Sat Aug 15 2026 08:12:37 GMT+0000 (Coordinated Universal Time),12,WESLEY JOINS AT CFT2,wesley joins at cft2,,,,,,
2026-08-15T09:08:34.827262+00:00,20260815-090834,https://trends24.in/indonesia/,Sat Aug 15 2026 08:12:37 GMT+0000 (Coordinated Universal Time),13,NEONA SASSY POP STAR,neona sassy pop star,,,,,,
2026-08-15T09:08:34.827262+00:00,20260815-090834,https://trends24.in/indonesia/,Sat Aug 15 2026 08:12:37 GMT+0000 (Coordinated Universal Time),14,SDA Milik Rakyat,sda milik rakyat,,,,,,
2026-08-15T09:08:34.827262+00:00,20260815-090834,https://trends24.in/indonesia/,Sat Aug 15 2026 08:12:37 GMT+0000 (Coordinated Universal Time),15,Flores,flores,,,,,,
2026-08-15T09:08:34.827262+00:00,20260815-090834,https://trends24.in/indonesia/,Sat Aug 15 2026 08:12:37 GMT+0000 (Coordinated Universal Time),16,POND WITH WTFEELING,pond with wtfeeling,,,,,,
2026-08-15T09:08:34.827262+00:00,20260815-090834,https://trends24.in/indonesia/,Sat Aug 15 2026 08:12:37 GMT+0000 (Coordinated Universal Time),17,haechan,haechan,,,,,,
2026-08-15T09:08:34.827262+00:00,20260815-090834,https://trends24.in/indonesia/,Sat Aug 15 2026 08:12:37 GMT+0000 (Coordinated Universal Time),18,Wanna One,wanna one,,,,,,
2026-08-15T09:08:34.827262+00:00,20260815-090834,https://trends24.in/indonesia/,Sat Aug 15 2026 08:12:37 GMT+0000 (Coordinated Universal Time),19,PERMPOON TURNS THREE,permpoon turns three,,,,,,
2026-08-15T09:08:34.827262+00:00,20260815-090834,https://trends24.in/indonesia/,Sat Aug 15 2026 08:12:37 GMT+0000 (Coordinated Universal Time),20,Summer 127,summer 127,,,,,,
2026-08-15T09:08:34.827262+00:00,20260815-090834,https://trends24.in/indonesia/,Sat Aug 15 2026 08:12:37 GMT+0000 (Coordinated Universal Time),21,KCON,kcon,,,,,,
2026-08-15T09:08:34.827262+00:00,20260815-090834,https://trends24.in/indonesia/,Sat Aug 15 2026 08:12:37 GMT+0000 (Coordinated Universal Time),22,Doom,doom,,,,,,
2026-08-15T09:08:34.827262+00:00,20260815-090834,https://trends24.in/indonesia/,Sat Aug 15 2026 08:12:37 GMT+0000 (Coordinated Universal Time),23,Rogue,rogue,,,,,,
2026-08-15T09:08:34.827262+00:00,20260815-090834,https://trends24.in/indonesia/,Sat Aug 15 2026 08:12:37 GMT+0000 (Coordinated Universal Time),24,X-Men,x-men,,,,,,
2026-08-15T09:08:34.827262+00:00,20260815-090834,https://trends24.in/indonesia/,Sat Aug 15 2026 08:12:37 GMT+0000 (Coordinated Universal Time),25,NetJJ,netjj,,,,,,
2026-08-15T09:08:34.827262+00:00,20260815-090834,https://trends24.in/indonesia/,Sat Aug 15 2026 08:12:37 GMT+0000 (Coordinated Universal Time),26,Avengers,avengers,,,,,,
2026-08-15T09:08:34.827262+00:00,20260815-090834,https://trends24.in/indonesia/,Sat Aug 15 2026 08:12:37 GMT+0000 (Coordinated Universal Time),27,Nagekeo,nagekeo,,,,,,
2026-08-15T09:08:34.827262+00:00,20260815-090834,https://trends24.in/indonesia/,Sat Aug 15 2026 08:12:37 GMT+0000 (Coordinated Universal Time),28,taeyong,taeyong,,,,,,
2026-08-15T09:08:34.827262+00:00,20260815-090834,https://trends24.in/indonesia/,Sat Aug 15 2026 08:12:37 GMT+0000 (Coordinated Universal Time),29,Ngupas,ngupas,,,,,,
2026-08-15T09:08:34.827262+00:00,20260815-090834,https://trends24.in/indonesia/,Sat Aug 15 2026 08:12:37 GMT+0000 (Coordinated Universal Time),30,04.58 WIB,04.58 wib,,,,,,
2026-08-15T09:08:34.827262+00:00,20260815-090834,https://trends24.in/indonesia/,Sat Aug 15 2026 08:12:37 GMT+0000 (Coordinated Universal Time),31,BMKG,bmkg,,,,,,
2026-08-15T09:08:34.827262+00:00,20260815-090834,https://trends24.in/indonesia/,Sat Aug 15 2026 08:12:37 GMT+0000 (Coordinated Universal Time),32,7.7 SR,7.7 sr,,,,,,
2026-08-15T09:08:34.827262+00:00,20260815-090834,https://trends24.in/indonesia/,Sat Aug 15 2026 08:12:37 GMT+0000 (Coordinated Universal Time),33,Presiden,presiden,,,,,,
2026-08-15T09:08:34.827262+00:00,20260815-090834,https://trends24.in/indonesia/,Sat Aug 15 2026 08:12:37 GMT+0000 (Coordinated Universal Time),34,Mbay,mbay,,,,,,
2026-08-15T09:08:34.827262+00:00,20260815-090834,https://trends24.in/indonesia/,Sat Aug 15 2026 08:12:37 GMT+0000 (Coordinated Universal Time),35,Labuan Bajo,labuan bajo,,,,,,
2026-08-15T09:08:34.827262+00:00,20260815-090834,https://trends24.in/indonesia/,Sat Aug 15 2026 08:12:37 GMT+0000 (Coordinated Universal Time),36,Disney,disney,,,,,,
2026-08-15T09:08:34.827262+00:00,20260815-090834,https://trends24.in/indonesia/,Sat Aug 15 2026 08:12:37 GMT+0000 (Coordinated Universal Time),37,Bawang,bawang,,,,,,
2026-08-15T09:08:34.827262+00:00,20260815-090834,https://trends24.in/indonesia/,Sat Aug 15 2026 08:12:37 GMT+0000 (Coordinated Universal Time),38,Bangladesh,bangladesh,,,,,,
2026-08-15T09:08:34.827262+00:00,20260815-090834,https://trends24.in/indonesia/,Sat Aug 15 2026 08:12:37 GMT+0000 (Coordinated Universal Time),39,Tsunami,tsunami,,,,,,
2026-08-15T09:08:34.827262+00:00,20260815-090834,https://trends24.in/indonesia/,Sat Aug 15 2026 08:12:37 GMT+0000 (Coordinated Universal Time),40,jihoon,jihoon,,,,,,
2026-08-15T09:08:34.827262+00:00,20260815-090834,https://trends24.in/indonesia/,Sat Aug 15 2026 08:12:37 GMT+0000 (Coordinated Universal Time),41,#FLAREY,flarey,,,,,,
2026-08-15T09:08:34.827262+00:00,20260815-090834,https://trends24.in/indonesia/,Sat Aug 15 2026 08:12:37 GMT+0000 (Coordinated Universal Time),42,#GirlRulesFMinTaipei,girlrulesfmintaipei,,,,,,
2026-08-15T09:08:34.827262+00:00,20260815-090834,https://trends24.in/indonesia/,Sat Aug 15 2026 08:12:37 GMT+0000 (Coordinated Universal Time),43,#WTFeelingxppnaravit,wtfeelingxppnaravit,,,,,,
2026-08-15T09:08:34.827262+00:00,20260815-090834,https://trends24.in/indonesia/,Sat Aug 15 2026 08:12:37 GMT+0000 (Coordinated Universal Time),44,#GempaNTT,gempantt,,,,,,
2026-08-15T09:08:34.827262+00:00,20260815-090834,https://trends24.in/indonesia/,Sat Aug 15 2026 08:12:37 GMT+0000 (Coordinated Universal Time),45,#DuangConcertDay1,duangconcertday1,,,,,,
2026-08-15T09:08:34.827262+00:00,20260815-090834,https://trends24.in/indonesia/,Sat Aug 15 2026 08:12:37 GMT+0000 (Coordinated Universal Time),46,#DuangGoRoundConcert,duanggoroundconcert,,,,,,
2026-08-15T09:08:34.827262+00:00,20260815-090834,https://trends24.in/indonesia/,Sat Aug 15 2026 08:12:37 GMT+0000 (Coordinated Universal Time),47,#à¸à¹à¸²à¸§à¹à¸à¸´à¹à¸¡à¸à¸¹à¸à¸ªà¸²à¸¡à¸à¸§à¸à¹à¸¢à¹à¸§à¸à¹à¸²à¸,à¸à¹à¸²à¸§à¹à¸à¸´à¹à¸¡à¸à¸¹à¸à¸ªà¸²à¸¡à¸à¸§à¸à¹à¸¢à¹à¸§à¸à¹à¸²à¸,,,,,,
2026-08-15T09:08:34.827262+00:00,20260815-090834,https://trends24.in/indonesia/,Sat Aug 15 2026 08:12:37 GMT+0000 (Coordinated Universal Time),48,#1milyarkebaikan,1milyarkebaikan,,,,,,
2026-08-15T09:08:34.827262+00:00,20260815-090834,https://trends24.in/indonesia/,Sat Aug 15 2026 08:12:37 GMT+0000 (Coordinated Universal Time),49,#InilahComPeduli,inilahcompeduli,,,,,,
2026-08-15T09:08:34.827262+00:00,20260815-090834,https://trends24.in/indonesia/,Sat Aug 15 2026 08:12:37 GMT+0000 (Coordinated Universal Time),50,#SWEEP,sweep,,,,,,
2026-08-15T09:08:34.827262+00:00,20260815-090834,https://trends24.in/indonesia/,Sat Aug 15 2026 08:12:25 GMT+0000 (Coordinated Universal Time),1,#GOPAYTOKENPLN81RIBU,gopaytokenpln81ribu,,,,,,
2026-08-15T09:08:34.827262+00:00,20260815-090834,https://trends24.in/indonesia/,Sat Aug 15 2026 08:12:25 GMT+0000 (Coordinated Universal Time),2,#CharacterFestThailand2xGMMTV,characterfestthailand2xgmmtv,,,,,,
2026-08-15T09:08:34.827262+00:00,20260815-090834,https://trends24.in/indonesia/,Sat Aug 15 2026 08:12:25 GMT+0000 (Coordinated Universal Time),3,#RayakanBebasBoncos,rayakanbebasboncos,,,,,,
2026-08-15T09:08:34.827262+00:00,20260815-090834,https://trends24.in/indonesia/,Sat Aug 15 2026 08:12:25 GMT+0000 (Coordinated Universal Time),4,Cobain Naavagreen,cobain naavagreen,,,,,,
2026-08-15T09:08:34.827262+00:00,20260815-090834,https://trends24.in/indonesia/,Sat Aug 15 2026 08:12:25 GMT+0000 (Coordinated Universal Time),5,#PersiapkanGenerasiEmas,persiapkangenerasiemas,,,,,,
2026-08-15T09:08:34.827262+00:00,20260815-090834,https://trends24.in/indonesia/,Sat Aug 15 2026 08:12:25 GMT+0000 (Coordinated Universal Time),6,Pray for NTT,pray for ntt,,,,,,
2026-08-15T09:08:34.827262+00:00,20260815-090834,https://trends24.in/indonesia/,Sat Aug 15 2026 08:12:25 GMT+0000 (Coordinated Universal Time),7,Wujudkan SDM Terbaik,wujudkan sdm terbaik,,,,,,
2026-08-15T09:08:34.827262+00:00,20260815-090834,https://trends24.in/indonesia/,Sat Aug 15 2026 08:12:25 GMT+0000 (Coordinated Universal Time),8,Nusa Tenggara Timur,nusa tenggara timur,,,,,,
2026-08-15T09:08:34.827262+00:00,20260815-090834,https://trends24.in/indonesia/,Sat Aug 15 2026 08:12:25 GMT+0000 (Coordinated Universal Time),9,LITTLE GUINZLY CFT2 PARTY,little guinzly cft2 party,,,,,,
2026-08-15T09:08:34.827262+00:00,20260815-090834,https://trends24.in/indonesia/,Sat Aug 15 2026 08:12:25 GMT+0000 (Coordinated Universal Time),10,PLN 100rb,pln 100rb,,,,,,
2026-08-15T09:08:34.827262+00:00,20260815-090834,https://trends24.in/indonesia/,Sat Aug 15 2026 08:12:25 GMT+0000 (Coordinated Universal Time),11,#JAIDEE,jaidee,,,,,,
2026-08-15T09:08:34.827262+00:00,20260815-090834,https://trends24.in/indonesia/,Sat Aug 15 2026 08:12:25 GMT+0000 (Coordinated Universal Time),12,WESLEY JOINS AT CFT2,wesley joins at cft2,,,,,,
2026-08-15T09:08:34.827262+00:00,20260815-090834,https://trends24.in/indonesia/,Sat Aug 15 2026 08:12:25 GMT+0000 (Coordinated Universal Time),13,NEONA SASSY POP STAR,neona sassy pop star,,,,,,
2026-08-15T09:08:34.827262+00:00,20260815-090834,https://trends24.in/indonesia/,Sat Aug 15 2026 08:12:25 GMT+0000 (Coordinated Universal Time),14,SDA Milik Rakyat,sda milik rakyat,,,,,,
2026-08-15T09:08:34.827262+00:00,20260815-090834,https://trends24.in/indonesia/,Sat Aug 15 2026 08:12:25 GMT+0000 (Coordinated Universal Time),15,Flores,flores,,,,,,
2026-08-15T09:08:34.827262+00:00,20260815-090834,https://trends24.in/indonesia/,Sat Aug 15 2026 08:12:25 GMT+0000 (Coordinated Universal Time),16,POND WITH WTFEELING,pond with wtfeeling,,,,,,
2026-08-15T09:08:34.827262+00:00,20260815-090834,https://trends24.in/indonesia/,Sat Aug 15 2026 08:12:25 GMT+0000 (Coordinated Universal Time),17,haechan,haechan,,,,,,
2026-08-15T09:08:34.827262+00:00,20260815-090834,https://trends24.in/indonesia/,Sat Aug 15 2026 08:12:25 GMT+0000 (Coordinated Universal Time),18,Wanna One,wanna one,,,,,,
2026-08-15T09:08:34.827262+00:00,20260815-090834,https://trends24.in/indonesia/,Sat Aug 15 2026 08:12:25 GMT+0000 (Coordinated Universal Time),19,PERMPOON TURNS THREE,permpoon turns three,,,,,,
2026-08-15T09:08:34.827262+00:00,20260815-090834,https://trends24.in/indonesia/,Sat Aug 15 2026 08:12:25 GMT+0000 (Coordinated Universal Time),20,Summer 127,summer 127,,,,,,
2026-08-15T09:08:34.827262+00:00,20260815-090834,https://trends24.in/indonesia/,Sat Aug 15 2026 08:12:25 GMT+0000 (Coordinated Universal Time),21,KCON,kcon,,,,,,
2026-08-15T09:08:34.827262+00:00,20260815-090834,https://trends24.in/indonesia/,Sat Aug 15 2026 08:12:25 GMT+0000 (Coordinated Universal Time),22,Doom,doom,,,,,,
2026-08-15T09:08:34.827262+00:00,20260815-090834,https://trends24.in/indonesia/,Sat Aug 15 2026 08:12:25 GMT+0000 (Coordinated Universal Time),23,Rogue,rogue,,,,,,
2026-08-15T09:08:34.827262+00:00,20260815-090834,https://trends24.in/indonesia/,Sat Aug 15 2026 08:12:25 GMT+0000 (Coordinated Universal Time),24,X-Men,x-men,,,,,,
2026-08-15T09:08:34.827262+00:00,20260815-090834,https://trends24.in/indonesia/,Sat Aug 15 2026 08:12:25 GMT+0000 (Coordinated Universal Time),25,NetJJ,netjj,,,,,,
2026-08-15T09:08:34.827262+00:00,20260815-090834,https://trends24.in/indonesia/,Sat Aug 15 2026 08:12:25 GMT+0000 (Coordinated Universal Time),26,Avengers,avengers,,,,,,
2026-08-15T09:08:34.827262+00:00,20260815-090834,https://trends24.in/indonesia/,Sat Aug 15 2026 08:12:25 GMT+0000 (Coordinated Universal Time),27,Nagekeo,nagekeo,,,,,,
2026-08-15T09:08:34.827262+00:00,20260815-090834,https://trends24.in/indonesia/,Sat Aug 15 2026 08:12:25 GMT+0000 (Coordinated Universal Time),28,taeyong,taeyong,,,,,,
2026-08-15T09:08:34.827262+00:00,20260815-090834,https://trends24.in/indonesia/,Sat Aug 15 2026 08:12:25 GMT+0000 (Coordinated Universal Time),29,Ngupas,ngupas,,,,,,
2026-08-15T09:08:34.827262+00:00,20260815-090834,https://trends24.in/indonesia/,Sat Aug 15 2026 08:12:25 GMT+0000 (Coordinated Universal Time),30,04.58 WIB,04.58 wib,,,,,,
2026-08-15T09:08:34.827262+00:00,20260815-090834,https://trends24.in/indonesia/,Sat Aug 15 2026 08:12:25 GMT+0000 (Coordinated Universal Time),31,BMKG,bmkg,,,,,,
2026-08-15T09:08:34.827262+00:00,20260815-090834,https://trends24.in/indonesia/,Sat Aug 15 2026 08:12:25 GMT+0000 (Coordinated Universal Time),32,7.7 SR,7.7 sr,,,,,,
2026-08-15T09:08:34.827262+00:00,20260815-090834,https://trends24.in/indonesia/,Sat Aug 15 2026 08:12:25 GMT+0000 (Coordinated Universal Time),33,Presiden,presiden,,,,,,
2026-08-15T09:08:34.827262+00:00,20260815-090834,https://trends24.in/indonesia/,Sat Aug 15 2026 08:12:25 GMT+0000 (Coordinated Universal Time),34,Mbay,mbay,,,,,,
2026-08-15T09:08:34.827262+00:00,20260815-090834,https://trends24.in/indonesia/,Sat Aug 15 2026 08:12:25 GMT+0000 (Coordinated Universal Time),35,Labuan Bajo,labuan bajo,,,,,,
2026-08-15T09:08:34.827262+00:00,20260815-090834,https://trends24.in/indonesia/,Sat Aug 15 2026 08:12:25 GMT+0000 (Coordinated Universal Time),36,Disney,disney,,,,,,
2026-08-15T09:08:34.827262+00:00,20260815-090834,https://trends24.in/indonesia/,Sat Aug 15 2026 08:12:25 GMT+0000 (Coordinated Universal Time),37,Bawang,bawang,,,,,,
2026-08-15T09:08:34.827262+00:00,20260815-090834,https://trends24.in/indonesia/,Sat Aug 15 2026 08:12:25 GMT+0000 (Coordinated Universal Time),38,Bangladesh,bangladesh,,,,,,
2026-08-15T09:08:34.827262+00:00,20260815-090834,https://trends24.in/indonesia/,Sat Aug 15 2026 08:12:25 GMT+0000 (Coordinated Universal Time),39,Tsunami,tsunami,,,,,,
2026-08-15T09:08:34.827262+00:00,20260815-090834,https://trends24.in/indonesia/,Sat Aug 15 2026 08:12:25 GMT+0000 (Coordinated Universal Time),40,jihoon,jihoon,,,,,,
2026-08-15T09:08:34.827262+00:00,20260815-090834,https://trends24.in/indonesia/,Sat Aug 15 2026 08:12:25 GMT+0000 (Coordinated Universal Time),41,#FLAREY,flarey,,,,,,
2026-08-15T09:08:34.827262+00:00,20260815-090834,https://trends24.in/indonesia/,Sat Aug 15 2026 08:12:25 GMT+0000 (Coordinated Universal Time),42,#GirlRulesFMinTaipei,girlrulesfmintaipei,,,,,,
2026-08-15T09:08:34.827262+00:00,20260815-090834,https://trends24.in/indonesia/,Sat Aug 15 2026 08:12:25 GMT+0000 (Coordinated Universal Time),43,#WTFeelingxppnaravit,wtfeelingxppnaravit,,,,,,
2026-08-15T09:08:34.827262+00:00,20260815-090834,https://trends24.in/indonesia/,Sat Aug 15 2026 08:12:25 GMT+0000 (Coordinated Universal Time),44,#GempaNTT,gempantt,,,,,,
2026-08-15T09:08:34.827262+00:00,20260815-090834,https://trends24.in/indonesia/,Sat Aug 15 2026 08:12:25 GMT+0000 (Coordinated Universal Time),45,#DuangConcertDay1,duangconcertday1,,,,,,
2026-08-15T09:08:34.827262+00:00,20260815-090834,https://trends24.in/indonesia/,Sat Aug 15 2026 08:12:25 GMT+0000 (Coordinated Universal Time),46,#DuangGoRoundConcert,duanggoroundconcert,,,,,,
2026-08-15T09:08:34.827262+00:00,20260815-090834,https://trends24.in/indonesia/,Sat Aug 15 2026 08:12:25 GMT+0000 (Coordinated Universal Time),47,#à¸à¹à¸²à¸§à¹à¸à¸´à¹à¸¡à¸à¸¹à¸à¸ªà¸²à¸¡à¸à¸§à¸à¹à¸¢à¹à¸§à¸à¹à¸²à¸,à¸à¹à¸²à¸§à¹à¸à¸´à¹à¸¡à¸à¸¹à¸à¸ªà¸²à¸¡à¸à¸§à¸à¹à¸¢à¹à¸§à¸à¹à¸²à¸,,,,,,
2026-08-15T09:08:34.827262+00:00,20260815-090834,https://trends24.in/indonesia/,Sat Aug 15 2026 08:12:25 GMT+0000 (Coordinated Universal Time),48,#1milyarkebaikan,1milyarkebaikan,,,,,,
2026-08-15T09:08:34.827262+00:00,20260815-090834,https://trends24.in/indonesia/,Sat Aug 15 2026 08:12:25 GMT+0000 (Coordinated Universal Time),49,#InilahComPeduli,inilahcompeduli,,,,,,
2026-08-15T09:08:34.827262+00:00,20260815-090834,https://trends24.in/indonesia/,Sat Aug 15 2026 08:12:25 GMT+0000 (Coordinated Universal Time),50,#SWEEP,sweep,,,,,,
2026-08-15T09:08:34.827262+00:00,20260815-090834,https://trends24.in/indonesia/,Sat Aug 15 2026 07:20:23 GMT+0000 (Coordinated Universal Time),1,#GOPAYTOKENPLN81RIBU,gopaytokenpln81ribu,,,,,,
2026-08-15T09:08:34.827262+00:00,20260815-090834,https://trends24.in/indonesia/,Sat Aug 15 2026 07:20:23 GMT+0000 (Coordinated Universal Time),2,#RayakanBebasBoncos,rayakanbebasboncos,,,,,,
2026-08-15T09:08:34.827262+00:00,20260815-090834,https://trends24.in/indonesia/,Sat Aug 15 2026 07:20:23 GMT+0000 (Coordinated Universal Time),3,Cobain Naavagreen,cobain naavagreen,,,,,,
2026-08-15T09:08:34.827262+00:00,20260815-090834,https://trends24.in/indonesia/,Sat Aug 15 2026 07:20:23 GMT+0000 (Coordinated Universal Time),4,Wujudkan SDM Terbaik,wujudkan sdm terbaik,,,,,,
2026-08-15T09:08:34.827262+00:00,20260815-090834,https://trends24.in/indonesia/,Sat Aug 15 2026 07:20:23 GMT+0000 (Coordinated Universal Time),5,#PersiapkanGenerasiEmas,persiapkangenerasiemas,,,,,,
2026-08-15T09:08:34.827262+00:00,20260815-090834,https://trends24.in/indonesia/,Sat Aug 15 2026 07:20:23 GMT+0000 (Coordinated Universal Time),6,Pray for NTT,pray for ntt,,,,,,
2026-08-15T09:08:34.827262+00:00,20260815-090834,https://trends24.in/indonesia/,Sat Aug 15 2026 07:20:23 GMT+0000 (Coordinated Universal Time),7,PLN 100rb,pln 100rb,,,,,,
2026-08-15T09:08:34.827262+00:00,20260815-090834,https://trends24.in/indonesia/,Sat Aug 15 2026 07:20:23 GMT+0000 (Coordinated Universal Time),8,SDA Milik Rakyat,sda milik rakyat,,,,,,
2026-08-15T09:08:34.827262+00:00,20260815-090834,https://trends24.in/indonesia/,Sat Aug 15 2026 07:20:23 GMT+0000 (Coordinated Universal Time),9,Nusa Tenggara Timur,nusa tenggara timur,,,,,,
2026-08-15T09:08:34.827262+00:00,20260815-090834,https://trends24.in/indonesia/,Sat Aug 15 2026 07:20:23 GMT+0000 (Coordinated Universal Time),10,#CharacterFestThailand2xGMMTV,characterfestthailand2xgmmtv,,,,,,
2026-08-15T09:08:34.827262+00:00,20260815-090834,https://trends24.in/indonesia/,Sat Aug 15 2026 07:20:23 GMT+0000 (Coordinated Universal Time),11,Flores,flores,,,,,,
2026-08-15T09:08:34.827262+00:00,20260815-090834,https://trends24.in/indonesia/,Sat Aug 15 2026 07:20:23 GMT+0000 (Coordinated Universal Time),12,haechan,haechan,,,,,,
2026-08-15T09:08:34.827262+00:00,20260815-090834,https://trends24.in/indonesia/,Sat Aug 15 2026 07:20:23 GMT+0000 (Coordinated Universal Time),13,#WannaOne,wannaone,,,,,,
2026-08-15T09:08:34.827262+00:00,20260815-090834,https://trends24.in/indonesia/,Sat Aug 15 2026 07:20:23 GMT+0000 (Coordinated Universal Time),14,PERMPOON TURNS THREE,permpoon turns three,,,,,,
2026-08-15T09:08:34.827262+00:00,20260815-090834,https://trends24.in/indonesia/,Sat Aug 15 2026 07:20:23 GMT+0000 (Coordinated Universal Time),15,SUMMER 127,summer 127,,,,,,
2026-08-15T09:08:34.827262+00:00,20260815-090834,https://trends24.in/indonesia/,Sat Aug 15 2026 07:20:23 GMT+0000 (Coordinated Universal Time),16,Doom,doom,,,,,,
2026-08-15T09:08:34.827262+00:00,20260815-090834,https://trends24.in/indonesia/,Sat Aug 15 2026 07:20:23 GMT+0000 (Coordinated Universal Time),17,Rogue,rogue,,,,,,
2026-08-15T09:08:34.827262+00:00,20260815-090834,https://trends24.in/indonesia/,Sat Aug 15 2026 07:20:23 GMT+0000 (Coordinated Universal Time),18,X-Men,x-men,,,,,,
2026-08-15T09:08:34.827262+00:00,20260815-090834,https://trends24.in/indonesia/,Sat Aug 15 2026 07:20:23 GMT+0000 (Coordinated Universal Time),19,BMKG,bmkg,,,,,,
2026-08-15T09:08:34.827262+00:00,20260815-090834,https://trends24.in/indonesia/,Sat Aug 15 2026 07:20:23 GMT+0000 (Coordinated Universal Time),20,Nagekeo,nagekeo,,,,,,
2026-08-15T09:08:34.827262+00:00,20260815-090834,https://trends24.in/indonesia/,Sat Aug 15 2026 07:20:23 GMT+0000 (Coordinated Universal Time),21,taeyong,taeyong,,,,,,
2026-08-15T09:08:34.827262+00:00,20260815-090834,https://trends24.in/indonesia/,Sat Aug 15 2026 07:20:23 GMT+0000 (Coordinated Universal Time),22,04.58 WIB,04.58 wib,,,,,,
2026-08-15T09:08:34.827262+00:00,20260815-090834,https://trends24.in/indonesia/,Sat Aug 15 2026 07:20:23 GMT+0000 (Coordinated Universal Time),23,7.7 SR,7.7 sr,,,,,,
2026-08-15T09:08:34.827262+00:00,20260815-090834,https://trends24.in/indonesia/,Sat Aug 15 2026 07:20:23 GMT+0000 (Coordinated Universal Time),24,Presiden,presiden,,,,,,
2026-08-15T09:08:34.827262+00:00,20260815-090834,https://trends24.in/indonesia/,Sat Aug 15 2026 07:20:23 GMT+0000 (Coordinated Universal Time),25,Ngupas,ngupas,,,,,,
2026-08-15T09:08:34.827262+00:00,20260815-090834,https://trends24.in/indonesia/,Sat Aug 15 2026 07:20:23 GMT+0000 (Coordinated Universal Time),26,Labuan Bajo,labuan bajo,,,,,,
2026-08-15T09:08:34.827262+00:00,20260815-090834,https://trends24.in/indonesia/,Sat Aug 15 2026 07:20:23 GMT+0000 (Coordinated Universal Time),27,jihoon,jihoon,,,,,,
2026-08-15T09:08:34.827262+00:00,20260815-090834,https://trends24.in/indonesia/,Sat Aug 15 2026 07:20:23 GMT+0000 (Coordinated Universal Time),28,Bawang,bawang,,,,,,
2026-08-15T09:08:34.827262+00:00,20260815-090834,https://trends24.in/indonesia/,Sat Aug 15 2026 07:20:23 GMT+0000 (Coordinated Universal Time),29,Mbay,mbay,,,,,,
2026-08-15T09:08:34.827262+00:00,20260815-090834,https://trends24.in/indonesia/,Sat Aug 15 2026 07:20:23 GMT+0000 (Coordinated Universal Time),30,Bangladesh,bangladesh,,,,,,
2026-08-15T09:08:34.827262+00:00,20260815-090834,https://trends24.in/indonesia/,Sat Aug 15 2026 07:20:23 GMT+0000 (Coordinated Universal Time),31,Tsunami,tsunami,,,,,,
2026-08-15T09:08:34.827262+00:00,20260815-090834,https://trends24.in/indonesia/,Sat Aug 15 2026 07:20:23 GMT+0000 (Coordinated Universal Time),32,Disney,disney,,,,,,
2026-08-15T09:08:34.827262+00:00,20260815-090834,https://trends24.in/indonesia/,Sat Aug 15 2026 07:20:23 GMT+0000 (Coordinated Universal Time),33,LINGORM ILF EP9,lingorm ilf ep9,,,,,,
2026-08-15T09:08:34.827262+00:00,20260815-090834,https://trends24.in/indonesia/,Sat Aug 15 2026 07:20:23 GMT+0000 (Coordinated Universal Time),34,#WTFeelingxppnaravit,wtfeelingxppnaravit,,,,,,
2026-08-15T09:08:34.827262+00:00,20260815-090834,https://trends24.in/indonesia/,Sat Aug 15 2026 07:20:23 GMT+0000 (Coordinated Universal Time),35,#Gempa,gempa,,,,,,
2026-08-15T09:08:34.827262+00:00,20260815-090834,https://trends24.in/indonesia/,Sat Aug 15 2026 07:20:23 GMT+0000 (Coordinated Universal Time),36,#à¸à¹à¸²à¸§à¹à¸à¸´à¹à¸¡à¸à¸¹à¸à¸ªà¸²à¸¡à¸à¸§à¸à¹à¸¢à¹à¸§à¸à¹à¸²à¸,à¸à¹à¸²à¸§à¹à¸à¸´à¹à¸¡à¸à¸¹à¸à¸ªà¸²à¸¡à¸à¸§à¸à¹à¸¢à¹à¸§à¸à¹à¸²à¸,,,,,,
2026-08-15T09:08:34.827262+00:00,20260815-090834,https://trends24.in/indonesia/,Sat Aug 15 2026 07:20:23 GMT+0000 (Coordinated Universal Time),37,#WESLEY,wesley,,,,,,
2026-08-15T09:08:34.827262+00:00,20260815-090834,https://trends24.in/indonesia/,Sat Aug 15 2026 07:20:23 GMT+0000 (Coordinated Universal Time),38,#81indonesiaberbagi,81indonesiaberbagi,,,,,,
2026-08-15T09:08:34.827262+00:00,20260815-090834,https://trends24.in/indonesia/,Sat Aug 15 2026 07:20:23 GMT+0000 (Coordinated Universal Time),39,#1milyarkebaikan,1milyarkebaikan,,,,,,
2026-08-15T09:08:34.827262+00:00,20260815-090834,https://trends24.in/indonesia/,Sat Aug 15 2026 07:20:23 GMT+0000 (Coordinated Universal Time),40,#InilahComPeduli,inilahcompeduli,,,,,,
2026-08-15T09:08:34.827262+00:00,20260815-090834,https://trends24.in/indonesia/,Sat Aug 15 2026 07:20:23 GMT+0000 (Coordinated Universal Time),41,#DuangGoRoundConcert,duanggoroundconcert,,,,,,
2026-08-15T09:08:34.827262+00:00,20260815-090834,https://trends24.in/indonesia/,Sat Aug 15 2026 07:20:23 GMT+0000 (Coordinated Universal Time),42,#KCONLA2026,kconla2026,,,,,,
2026-08-15T09:08:34.827262+00:00,20260815-090834,https://trends24.in/indonesia/,Sat Aug 15 2026 07:20:23 GMT+0000 (Coordinated Universal Time),43,#JAIDEE,jaidee,,,,,,
2026-08-15T09:08:34.827262+00:00,20260815-090834,https://trends24.in/indonesia/,Sat Aug 15 2026 07:20:23 GMT+0000 (Coordinated Universal Time),44,#EVANGrammyMuseumSpotlight,evangrammymuseumspotlight,,,,,,
2026-08-15T09:08:34.827262+00:00,20260815-090834,https://trends24.in/indonesia/,Sat Aug 15 2026 07:20:23 GMT+0000 (Coordinated Universal Time),45,#à¸§à¸²à¸à¸à¸±à¸à¸§à¸±à¸à¸§à¸´à¸§à¸²à¸«à¹EP9,à¸§à¸²à¸à¸à¸±à¸à¸§à¸±à¸à¸§à¸´à¸§à¸²à¸«à¹ep9,,,,,,
2026-08-15T09:08:34.827262+00:00,20260815-090834,https://trends24.in/indonesia/,Sat Aug 15 2026 06:28:13 GMT+0000 (Coordinated Universal Time),1,#GOPAYTOKENPLN81RIBU,gopaytokenpln81ribu,,,,,,
2026-08-15T09:08:34.827262+00:00,20260815-090834,https://trends24.in/indonesia/,Sat Aug 15 2026 06:28:13 GMT+0000 (Coordinated Universal Time),2,#RayakanBebasBoncos,rayakanbebasboncos,,,,,,
2026-08-15T09:08:34.827262+00:00,20260815-090834,https://trends24.in/indonesia/,Sat Aug 15 2026 06:28:13 GMT+0000 (Coordinated Universal Time),3,Cobain Naavagreen,cobain naavagreen,,,,,,
2026-08-15T09:08:34.827262+00:00,20260815-090834,https://trends24.in/indonesia/,Sat Aug 15 2026 06:28:13 GMT+0000 (Coordinated Universal Time),4,#PersiapkanGenerasiEmas,persiapkangenerasiemas,,,,,,
2026-08-15T09:08:34.827262+00:00,20260815-090834,https://trends24.in/indonesia/,Sat Aug 15 2026 06:28:13 GMT+0000 (Coordinated Universal Time),5,Wujudkan SDM Terbaik,wujudkan sdm terbaik,,,,,,
2026-08-15T09:08:34.827262+00:00,20260815-090834,https://trends24.in/indonesia/,Sat Aug 15 2026 06:28:13 GMT+0000 (Coordinated Universal Time),6,Pray for NTT,pray for ntt,,,,,,
2026-08-15T09:08:34.827262+00:00,20260815-090834,https://trends24.in/indonesia/,Sat Aug 15 2026 06:28:13 GMT+0000 (Coordinated Universal Time),7,SDA Milik Rakyat,sda milik rakyat,,,,,,
2026-08-15T09:08:34.827262+00:00,20260815-090834,https://trends24.in/indonesia/,Sat Aug 15 2026 06:28:13 GMT+0000 (Coordinated Universal Time),8,PLN 100rb,pln 100rb,,,,,,
2026-08-15T09:08:34.827262+00:00,20260815-090834,https://trends24.in/indonesia/,Sat Aug 15 2026 06:28:13 GMT+0000 (Coordinated Universal Time),9,Flores,flores,,,,,,
2026-08-15T09:08:34.827262+00:00,20260815-090834,https://trends24.in/indonesia/,Sat Aug 15 2026 06:28:13 GMT+0000 (Coordinated Universal Time),10,Nusa Tenggara Timur,nusa tenggara timur,,,,,,
2026-08-15T09:08:34.827262+00:00,20260815-090834,https://trends24.in/indonesia/,Sat Aug 15 2026 06:28:13 GMT+0000 (Coordinated Universal Time),11,PERMPOON TURNS THREE,permpoon turns three,,,,,,
2026-08-15T09:08:34.827262+00:00,20260815-090834,https://trends24.in/indonesia/,Sat Aug 15 2026 06:28:13 GMT+0000 (Coordinated Universal Time),12,#à¸à¹à¸²à¸§à¹à¸à¸´à¹à¸¡à¸à¸¹à¸à¸ªà¸²à¸¡à¸à¸§à¸à¹à¸¢à¹à¸§à¸à¹à¸²à¸,à¸à¹à¸²à¸§à¹à¸à¸´à¹à¸¡à¸à¸¹à¸à¸ªà¸²à¸¡à¸à¸§à¸à¹à¸¢à¹à¸§à¸à¹à¸²à¸,,,,,,
2026-08-15T09:08:34.827262+00:00,20260815-090834,https://trends24.in/indonesia/,Sat Aug 15 2026 06:28:13 GMT+0000 (Coordinated Universal Time),13,Token PLN Harga Promo,token pln harga promo,,,,,,
2026-08-15T09:08:34.827262+00:00,20260815-090834,https://trends24.in/indonesia/,Sat Aug 15 2026 06:28:13 GMT+0000 (Coordinated Universal Time),14,Isi Token 100rb CUMA,isi token 100rb cuma,,,,,,
2026-08-15T09:08:34.827262+00:00,20260815-090834,https://trends24.in/indonesia/,Sat Aug 15 2026 06:28:13 GMT+0000 (Coordinated Universal Time),15,#Gempa,gempa,,,,,,
2026-08-15T09:08:34.827262+00:00,20260815-090834,https://trends24.in/indonesia/,Sat Aug 15 2026 06:28:13 GMT+0000 (Coordinated Universal Time),16,SUMMER 127,summer 127,,,,,,
2026-08-15T09:08:34.827262+00:00,20260815-090834,https://trends24.in/indonesia/,Sat Aug 15 2026 06:28:13 GMT+0000 (Coordinated Universal Time),17,Doom,doom,,,,,,
2026-08-15T09:08:34.827262+00:00,20260815-090834,https://trends24.in/indonesia/,Sat Aug 15 2026 06:28:13 GMT+0000 (Coordinated Universal Time),18,PLN Rp100,pln rp100,,,,,,
2026-08-15T09:08:34.827262+00:00,20260815-090834,https://trends24.in/indonesia/,Sat Aug 15 2026 06:28:13 GMT+0000 (Coordinated Universal Time),19,Rogue,rogue,,,,,,
2026-08-15T09:08:34.827262+00:00,20260815-090834,https://trends24.in/indonesia/,Sat Aug 15 2026 06:28:13 GMT+0000 (Coordinated Universal Time),20,X-Men,x-men,,,,,,
2026-08-15T09:08:34.827262+00:00,20260815-090834,https://trends24.in/indonesia/,Sat Aug 15 2026 06:28:13 GMT+0000 (Coordinated Universal Time),21,04.58 WIB,04.58 wib,,,,,,
2026-08-15T09:08:34.827262+00:00,20260815-090834,https://trends24.in/indonesia/,Sat Aug 15 2026 06:28:13 GMT+0000 (Coordinated Universal Time),22,7.7 SR,7.7 sr,,,,,,
2026-08-15T09:08:34.827262+00:00,20260815-090834,https://trends24.in/indonesia/,Sat Aug 15 2026 06:28:13 GMT+0000 (Coordinated Universal Time),23,BMKG,bmkg,,,,,,
2026-08-15T09:08:34.827262+00:00,20260815-090834,https://trends24.in/indonesia/,Sat Aug 15 2026 06:28:13 GMT+0000 (Coordinated Universal Time),24,taeyong,taeyong,,,,,,
2026-08-15T09:08:34.827262+00:00,20260815-090834,https://trends24.in/indonesia/,Sat Aug 15 2026 06:28:13 GMT+0000 (Coordinated Universal Time),25,Ngupas,ngupas,,,,,,
2026-08-15T09:08:34.827262+00:00,20260815-090834,https://trends24.in/indonesia/,Sat Aug 15 2026 06:28:13 GMT+0000 (Coordinated Universal Time),26,Nagekeo,nagekeo,,,,,,
2026-08-15T09:08:34.827262+00:00,20260815-090834,https://trends24.in/indonesia/,Sat Aug 15 2026 06:28:13 GMT+0000 (Coordinated Universal Time),27,Presiden,presiden,,,,,,
2026-08-15T09:08:34.827262+00:00,20260815-090834,https://trends24.in/indonesia/,Sat Aug 15 2026 06:28:13 GMT+0000 (Coordinated Universal Time),28,Maumere,maumere,,,,,,
2026-08-15T09:08:34.827262+00:00,20260815-090834,https://trends24.in/indonesia/,Sat Aug 15 2026 06:28:13 GMT+0000 (Coordinated Universal Time),29,Tsunami,tsunami,,,,,,
2026-08-15T09:08:34.827262+00:00,20260815-090834,https://trends24.in/indonesia/,Sat Aug 15 2026 06:28:13 GMT+0000 (Coordinated Universal Time),30,Bangladesh,bangladesh,,,,,,
2026-08-15T09:08:34.827262+00:00,20260815-090834,https://trends24.in/indonesia/,Sat Aug 15 2026 06:28:13 GMT+0000 (Coordinated Universal Time),31,Mbay,mbay,,,,,,
2026-08-15T09:08:34.827262+00:00,20260815-090834,https://trends24.in/indonesia/,Sat Aug 15 2026 06:28:13 GMT+0000 (Coordinated Universal Time),32,jihoon,jihoon,,,,,,
2026-08-15T09:08:34.827262+00:00,20260815-090834,https://trends24.in/indonesia/,Sat Aug 15 2026 06:28:13 GMT+0000 (Coordinated Universal Time),33,Labuan Bajo,labuan bajo,,,,,,
2026-08-15T09:08:34.827262+00:00,20260815-090834,https://trends24.in/indonesia/,Sat Aug 15 2026 06:28:13 GMT+0000 (Coordinated Universal Time),34,Disney,disney,,,,,,
2026-08-15T09:08:34.827262+00:00,20260815-090834,https://trends24.in/indonesia/,Sat Aug 15 2026 06:28:13 GMT+0000 (Coordinated Universal Time),35,Bawang,bawang,,,,,,
2026-08-15T09:08:34.827262+00:00,20260815-090834,https://trends24.in/indonesia/,Sat Aug 15 2026 06:28:13 GMT+0000 (Coordinated Universal Time),36,LINGORM ILF EP9,lingorm ilf ep9,,,,,,
2026-08-15T09:08:34.827262+00:00,20260815-090834,https://trends24.in/indonesia/,Sat Aug 15 2026 06:28:13 GMT+0000 (Coordinated Universal Time),37,#WannaOne,wannaone,,,,,,
2026-08-15T09:08:34.827262+00:00,20260815-090834,https://trends24.in/indonesia/,Sat Aug 15 2026 06:28:13 GMT+0000 (Coordinated Universal Time),38,#81indonesiaberbagi,81indonesiaberbagi,,,,,,
2026-08-15T09:08:34.827262+00:00,20260815-090834,https://trends24.in/indonesia/,Sat Aug 15 2026 06:28:13 GMT+0000 (Coordinated Universal Time),39,#InilahComPeduli,inilahcompeduli,,,,,,
2026-08-15T09:08:34.827262+00:00,20260815-090834,https://trends24.in/indonesia/,Sat Aug 15 2026 06:28:13 GMT+0000 (Coordinated Universal Time),40,#1milyarkebaikan,1milyarkebaikan,,,,,,
2026-08-15T09:08:34.827262+00:00,20260815-090834,https://trends24.in/indonesia/,Sat Aug 15 2026 06:28:13 GMT+0000 (Coordinated Universal Time),41,#KCONLA2026,kconla2026,,,,,,
2026-08-15T09:08:34.827262+00:00,20260815-090834,https://trends24.in/indonesia/,Sat Aug 15 2026 06:28:13 GMT+0000 (Coordinated Universal Time),42,#DuangGoRoundConcert,duanggoroundconcert,,,,,,
2026-08-15T09:08:34.827262+00:00,20260815-090834,https://trends24.in/indonesia/,Sat Aug 15 2026 06:28:13 GMT+0000 (Coordinated Universal Time),43,#EVANGrammyMuseumSpotlight,evangrammymuseumspotlight,,,,,,
2026-08-15T09:08:34.827262+00:00,20260815-090834,https://trends24.in/indonesia/,Sat Aug 15 2026 06:28:13 GMT+0000 (Coordinated Universal Time),44,#à¸§à¸²à¸à¸à¸±à¸à¸§à¸±à¸à¸§à¸´à¸§à¸²à¸«à¹EP9,à¸§à¸²à¸à¸à¸±à¸à¸§à¸±à¸à¸§à¸´à¸§à¸²à¸«à¹ep9,,,,,,
2026-08-15T09:08:34.827262+00:00,20260815-090834,https://trends24.in/indonesia/,Sat Aug 15 2026 05:36:24 GMT+0000 (Coordinated Universal Time),1,#GOPAYTOKENPLN81RIBU,gopaytokenpln81ribu,,,,,,
2026-08-15T09:08:34.827262+00:00,20260815-090834,https://trends24.in/indonesia/,Sat Aug 15 2026 05:36:24 GMT+0000 (Coordinated Universal Time),2,#RayakanBebasBoncos,rayakanbebasboncos,,,,,,
2026-08-15T09:08:34.827262+00:00,20260815-090834,https://trends24.in/indonesia/,Sat Aug 15 2026 05:36:24 GMT+0000 (Coordinated Universal Time),3,Cobain Naavagreen,cobain naavagreen,,,,,,
2026-08-15T09:08:34.827262+00:00,20260815-090834,https://trends24.in/indonesia/,Sat Aug 15 2026 05:36:24 GMT+0000 (Coordinated Universal Time),4,Wujudkan SDM Terbaik,wujudkan sdm terbaik,,,,,,
2026-08-15T09:08:34.827262+00:00,20260815-090834,https://trends24.in/indonesia/,Sat Aug 15 2026 05:36:24 GMT+0000 (Coordinated Universal Time),5,#PersiapkanGenerasiEmas,persiapkangenerasiemas,,,,,,
2026-08-15T09:08:34.827262+00:00,20260815-090834,https://trends24.in/indonesia/,Sat Aug 15 2026 05:36:24 GMT+0000 (Coordinated Universal Time),6,Pray for NTT,pray for ntt,,,,,,
2026-08-15T09:08:34.827262+00:00,20260815-090834,https://trends24.in/indonesia/,Sat Aug 15 2026 05:36:24 GMT+0000 (Coordinated Universal Time),7,PLN 100rb,pln 100rb,,,,,,
2026-08-15T09:08:34.827262+00:00,20260815-090834,https://trends24.in/indonesia/,Sat Aug 15 2026 05:36:24 GMT+0000 (Coordinated Universal Time),8,SDA Milik Rakyat,sda milik rakyat,,,,,,
2026-08-15T09:08:34.827262+00:00,20260815-090834,https://trends24.in/indonesia/,Sat Aug 15 2026 05:36:24 GMT+0000 (Coordinated Universal Time),9,Flores,flores,,,,,,
2026-08-15T09:08:34.827262+00:00,20260815-090834,https://trends24.in/indonesia/,Sat Aug 15 2026 05:36:24 GMT+0000 (Coordinated Universal Time),10,PERMPOON TURNS THREE,permpoon turns three,,,,,,
2026-08-15T09:08:34.827262+00:00,20260815-090834,https://trends24.in/indonesia/,Sat Aug 15 2026 05:36:24 GMT+0000 (Coordinated Universal Time),11,#à¸à¹à¸²à¸§à¹à¸à¸´à¹à¸¡à¸à¸¹à¸à¸ªà¸²à¸¡à¸à¸§à¸à¹à¸¢à¹à¸§à¸à¹à¸²à¸,à¸à¹à¸²à¸§à¹à¸à¸´à¹à¸¡à¸à¸¹à¸à¸ªà¸²à¸¡à¸à¸§à¸à¹à¸¢à¹à¸§à¸à¹à¸²à¸,,,,,,
2026-08-15T09:08:34.827262+00:00,20260815-090834,https://trends24.in/indonesia/,Sat Aug 15 2026 05:36:24 GMT+0000 (Coordinated Universal Time),12,Nusa Tenggara Timur,nusa tenggara timur,,,,,,
2026-08-15T09:08:34.827262+00:00,20260815-090834,https://trends24.in/indonesia/,Sat Aug 15 2026 05:36:24 GMT+0000 (Coordinated Universal Time),13,Token PLN Harga Promo,token pln harga promo,,,,,,
2026-08-15T09:08:34.827262+00:00,20260815-090834,https://trends24.in/indonesia/,Sat Aug 15 2026 05:36:24 GMT+0000 (Coordinated Universal Time),14,#InilahComPeduli,inilahcompeduli,,,,,,
2026-08-15T09:08:34.827262+00:00,20260815-090834,https://trends24.in/indonesia/,Sat Aug 15 2026 05:36:24 GMT+0000 (Coordinated Universal Time),15,Isi Token 100rb CUMA,isi token 100rb cuma,,,,,,
2026-08-15T09:08:34.827262+00:00,20260815-090834,https://trends24.in/indonesia/,Sat Aug 15 2026 05:36:24 GMT+0000 (Coordinated Universal Time),16,SUMMER 127,summer 127,,,,,,
2026-08-15T09:08:34.827262+00:00,20260815-090834,https://trends24.in/indonesia/,Sat Aug 15 2026 05:36:24 GMT+0000 (Coordinated Universal Time),17,PLN Rp100,pln rp100,,,,,,
2026-08-15T09:08:34.827262+00:00,20260815-090834,https://trends24.in/indonesia/,Sat Aug 15 2026 05:36:24 GMT+0000 (Coordinated Universal Time),18,Rogue,rogue,,,,,,
2026-08-15T09:08:34.827262+00:00,20260815-090834,https://trends24.in/indonesia/,Sat Aug 15 2026 05:36:24 GMT+0000 (Coordinated Universal Time),19,Doom,doom,,,,,,
2026-08-15T09:08:34.827262+00:00,20260815-090834,https://trends24.in/indonesia/,Sat Aug 15 2026 05:36:24 GMT+0000 (Coordinated Universal Time),20,BMKG,bmkg,,,,,,
2026-08-15T09:08:34.827262+00:00,20260815-090834,https://trends24.in/indonesia/,Sat Aug 15 2026 05:36:24 GMT+0000 (Coordinated Universal Time),21,04.58 WIB,04.58 wib,,,,,,
2026-08-15T09:08:34.827262+00:00,20260815-090834,https://trends24.in/indonesia/,Sat Aug 15 2026 05:36:24 GMT+0000 (Coordinated Universal Time),22,7.7 SR,7.7 sr,,,,,,
2026-08-15T09:08:34.827262+00:00,20260815-090834,https://trends24.in/indonesia/,Sat Aug 15 2026 05:36:24 GMT+0000 (Coordinated Universal Time),23,Presiden,presiden,,,,,,
2026-08-15T09:08:34.827262+00:00,20260815-090834,https://trends24.in/indonesia/,Sat Aug 15 2026 05:36:24 GMT+0000 (Coordinated Universal Time),24,Maumere,maumere,,,,,,
2026-08-15T09:08:34.827262+00:00,20260815-090834,https://trends24.in/indonesia/,Sat Aug 15 2026 05:36:24 GMT+0000 (Coordinated Universal Time),25,Tsunami,tsunami,,,,,,
2026-08-15T09:08:34.827262+00:00,20260815-090834,https://trends24.in/indonesia/,Sat Aug 15 2026 05:36:24 GMT+0000 (Coordinated Universal Time),26,Labuan Bajo,labuan bajo,,,,,,
2026-08-15T09:08:34.827262+00:00,20260815-090834,https://trends24.in/indonesia/,Sat Aug 15 2026 05:36:24 GMT+0000 (Coordinated Universal Time),27,Ngupas,ngupas,,,,,,
2026-08-15T09:08:34.827262+00:00,20260815-090834,https://trends24.in/indonesia/,Sat Aug 15 2026 05:36:24 GMT+0000 (Coordinated Universal Time),28,Nagekeo,nagekeo,,,,,,
2026-08-15T09:08:34.827262+00:00,20260815-090834,https://trends24.in/indonesia/,Sat Aug 15 2026 05:36:24 GMT+0000 (Coordinated Universal Time),29,Mbay,mbay,,,,,,
2026-08-15T09:08:34.827262+00:00,20260815-090834,https://trends24.in/indonesia/,Sat Aug 15 2026 05:36:24 GMT+0000 (Coordinated Universal Time),30,Bangladesh,bangladesh,,,,,,
2026-08-15T09:08:34.827262+00:00,20260815-090834,https://trends24.in/indonesia/,Sat Aug 15 2026 05:36:24 GMT+0000 (Coordinated Universal Time),31,taeyong,taeyong,,,,,,
2026-08-15T09:08:34.827262+00:00,20260815-090834,https://trends24.in/indonesia/,Sat Aug 15 2026 05:36:24 GMT+0000 (Coordinated Universal Time),32,LINGORM ILF EP9,lingorm ilf ep9,,,,,,
2026-08-15T09:08:34.827262+00:00,20260815-090834,https://trends24.in/indonesia/,Sat Aug 15 2026 05:36:24 GMT+0000 (Coordinated Universal Time),33,Bawang,bawang,,,,,,
2026-08-15T09:08:34.827262+00:00,20260815-090834,https://trends24.in/indonesia/,Sat Aug 15 2026 05:36:24 GMT+0000 (Coordinated Universal Time),34,Makassar,makassar,,,,,,
2026-08-15T09:08:34.827262+00:00,20260815-090834,https://trends24.in/indonesia/,Sat Aug 15 2026 05:36:24 GMT+0000 (Coordinated Universal Time),35,#1milyarkebaikan,1milyarkebaikan,,,,,,
2026-08-15T09:08:34.827262+00:00,20260815-090834,https://trends24.in/indonesia/,Sat Aug 15 2026 05:36:24 GMT+0000 (Coordinated Universal Time),36,#Gempa,gempa,,,,,,
2026-08-15T09:08:34.827262+00:00,20260815-090834,https://trends24.in/indonesia/,Sat Aug 15 2026 05:36:24 GMT+0000 (Coordinated Universal Time),37,#WannaOne,wannaone,,,,,,
2026-08-15T09:08:34.827262+00:00,20260815-090834,https://trends24.in/indonesia/,Sat Aug 15 2026 05:36:24 GMT+0000 (Coordinated Universal Time),38,#81indonesiaberbagi,81indonesiaberbagi,,,,,,
2026-08-15T09:08:34.827262+00:00,20260815-090834,https://trends24.in/indonesia/,Sat Aug 15 2026 05:36:24 GMT+0000 (Coordinated Universal Time),39,#DuangGoRoundConcert,duanggoroundconcert,,,,,,
2026-08-15T09:08:34.827262+00:00,20260815-090834,https://trends24.in/indonesia/,Sat Aug 15 2026 05:36:24 GMT+0000 (Coordinated Universal Time),40,#EVANGrammyMuseumSpotlight,evangrammymuseumspotlight,,,,,,
2026-08-15T09:08:34.827262+00:00,20260815-090834,https://trends24.in/indonesia/,Sat Aug 15 2026 05:36:24 GMT+0000 (Coordinated Universal Time),41,#KCONLA2026,kconla2026,,,,,,
2026-08-15T09:08:34.827262+00:00,20260815-090834,https://trends24.in/indonesia/,Sat Aug 15 2026 05:36:24 GMT+0000 (Coordinated Universal Time),42,#WEIRDO101SeriesEP1,weirdo101seriesep1,,,,,,
2026-08-15T09:08:34.827262+00:00,20260815-090834,https://trends24.in/indonesia/,Sat Aug 15 2026 05:36:24 GMT+0000 (Coordinated Universal Time),43,#à¸§à¸²à¸à¸à¸±à¸à¸§à¸±à¸à¸§à¸´à¸§à¸²à¸«à¹EP9,à¸§à¸²à¸à¸à¸±à¸à¸§à¸±à¸à¸§à¸´à¸§à¸²à¸«à¹ep9,,,,,,
2026-08-15T09:08:34.827262+00:00,20260815-090834,https://trends24.in/indonesia/,Sat Aug 15 2026 05:36:17 GMT+0000 (Coordinated Universal Time),1,#GOPAYTOKENPLN81RIBU,gopaytokenpln81ribu,,,,,,
2026-08-15T09:08:34.827262+00:00,20260815-090834,https://trends24.in/indonesia/,Sat Aug 15 2026 05:36:17 GMT+0000 (Coordinated Universal Time),2,#RayakanBebasBoncos,rayakanbebasboncos,,,,,,
2026-08-15T09:08:34.827262+00:00,20260815-090834,https://trends24.in/indonesia/,Sat Aug 15 2026 05:36:17 GMT+0000 (Coordinated Universal Time),3,Cobain Naavagreen,cobain naavagreen,,,,,,
2026-08-15T09:08:34.827262+00:00,20260815-090834,https://trends24.in/indonesia/,Sat Aug 15 2026 05:36:17 GMT+0000 (Coordinated Universal Time),4,Wujudkan SDM Terbaik,wujudkan sdm terbaik,,,,,,
2026-08-15T09:08:34.827262+00:00,20260815-090834,https://trends24.in/indonesia/,Sat Aug 15 2026 05:36:17 GMT+0000 (Coordinated Universal Time),5,#PersiapkanGenerasiEmas,persiapkangenerasiemas,,,,,,
2026-08-15T09:08:34.827262+00:00,20260815-090834,https://trends24.in/indonesia/,Sat Aug 15 2026 05:36:17 GMT+0000 (Coordinated Universal Time),6,Pray for NTT,pray for ntt,,,,,,
2026-08-15T09:08:34.827262+00:00,20260815-090834,https://trends24.in/indonesia/,Sat Aug 15 2026 05:36:17 GMT+0000 (Coordinated Universal Time),7,PLN 100rb,pln 100rb,,,,,,
2026-08-15T09:08:34.827262+00:00,20260815-090834,https://trends24.in/indonesia/,Sat Aug 15 2026 05:36:17 GMT+0000 (Coordinated Universal Time),8,SDA Milik Rakyat,sda milik rakyat,,,,,,
2026-08-15T09:08:34.827262+00:00,20260815-090834,https://trends24.in/indonesia/,Sat Aug 15 2026 05:36:17 GMT+0000 (Coordinated Universal Time),9,Flores,flores,,,,,,
2026-08-15T09:08:34.827262+00:00,20260815-090834,https://trends24.in/indonesia/,Sat Aug 15 2026 05:36:17 GMT+0000 (Coordinated Universal Time),10,PERMPOON TURNS THREE,permpoon turns three,,,,,,
2026-08-15T09:08:34.827262+00:00,20260815-090834,https://trends24.in/indonesia/,Sat Aug 15 2026 05:36:17 GMT+0000 (Coordinated Universal Time),11,#à¸à¹à¸²à¸§à¹à¸à¸´à¹à¸¡à¸à¸¹à¸à¸ªà¸²à¸¡à¸à¸§à¸à¹à¸¢à¹à¸§à¸à¹à¸²à¸,à¸à¹à¸²à¸§à¹à¸à¸´à¹à¸¡à¸à¸¹à¸à¸ªà¸²à¸¡à¸à¸§à¸à¹à¸¢à¹à¸§à¸à¹à¸²à¸,,,,,,
2026-08-15T09:08:34.827262+00:00,20260815-090834,https://trends24.in/indonesia/,Sat Aug 15 2026 05:36:17 GMT+0000 (Coordinated Universal Time),12,Nusa Tenggara Timur,nusa tenggara timur,,,,,,
2026-08-15T09:08:34.827262+00:00,20260815-090834,https://trends24.in/indonesia/,Sat Aug 15 2026 05:36:17 GMT+0000 (Coordinated Universal Time),13,Token PLN Harga Promo,token pln harga promo,,,,,,
2026-08-15T09:08:34.827262+00:00,20260815-090834,https://trends24.in/indonesia/,Sat Aug 15 2026 05:36:17 GMT+0000 (Coordinated Universal Time),14,#InilahComPeduli,inilahcompeduli,,,,,,
2026-08-15T09:08:34.827262+00:00,20260815-090834,https://trends24.in/indonesia/,Sat Aug 15 2026 05:36:17 GMT+0000 (Coordinated Universal Time),15,Isi Token 100rb CUMA,isi token 100rb cuma,,,,,,
2026-08-15T09:08:34.827262+00:00,20260815-090834,https://trends24.in/indonesia/,Sat Aug 15 2026 05:36:17 GMT+0000 (Coordinated Universal Time),16,SUMMER 127,summer 127,,,,,,
2026-08-15T09:08:34.827262+00:00,20260815-090834,https://trends24.in/indonesia/,Sat Aug 15 2026 05:36:17 GMT+0000 (Coordinated Universal Time),17,PLN Rp100,pln rp100,,,,,,
2026-08-15T09:08:34.827262+00:00,20260815-090834,https://trends24.in/indonesia/,Sat Aug 15 2026 05:36:17 GMT+0000 (Coordinated Universal Time),18,Rogue,rogue,,,,,,
2026-08-15T09:08:34.827262+00:00,20260815-090834,https://trends24.in/indonesia/,Sat Aug 15 2026 05:36:17 GMT+0000 (Coordinated Universal Time),19,Doom,doom,,,,,,
2026-08-15T09:08:34.827262+00:00,20260815-090834,https://trends24.in/indonesia/,Sat Aug 15 2026 05:36:17 GMT+0000 (Coordinated Universal Time),20,BMKG,bmkg,,,,,,
2026-08-15T09:08:34.827262+00:00,20260815-090834,https://trends24.in/indonesia/,Sat Aug 15 2026 05:36:17 GMT+0000 (Coordinated Universal Time),21,04.58 WIB,04.58 wib,,,,,,
2026-08-15T09:08:34.827262+00:00,20260815-090834,https://trends24.in/indonesia/,Sat Aug 15 2026 05:36:17 GMT+0000 (Coordinated Universal Time),22,7.7 SR,7.7 sr,,,,,,
2026-08-15T09:08:34.827262+00:00,20260815-090834,https://trends24.in/indonesia/,Sat Aug 15 2026 05:36:17 GMT+0000 (Coordinated Universal Time),23,Presiden,presiden,,,,,,
2026-08-15T09:08:34.827262+00:00,20260815-090834,https://trends24.in/indonesia/,Sat Aug 15 2026 05:36:17 GMT+0000 (Coordinated Universal Time),24,Maumere,maumere,,,,,,
2026-08-15T09:08:34.827262+00:00,20260815-090834,https://trends24.in/indonesia/,Sat Aug 15 2026 05:36:17 GMT+0000 (Coordinated Universal Time),25,Tsunami,tsunami,,,,,,
2026-08-15T09:08:34.827262+00:00,20260815-090834,https://trends24.in/indonesia/,Sat Aug 15 2026 05:36:17 GMT+0000 (Coordinated Universal Time),26,Labuan Bajo,labuan bajo,,,,,,
2026-08-15T09:08:34.827262+00:00,20260815-090834,https://trends24.in/indonesia/,Sat Aug 15 2026 05:36:17 GMT+0000 (Coordinated Universal Time),27,Ngupas,ngupas,,,,,,
2026-08-15T09:08:34.827262+00:00,20260815-090834,https://trends24.in/indonesia/,Sat Aug 15 2026 05:36:17 GMT+0000 (Coordinated Universal Time),28,Nagekeo,nagekeo,,,,,,
2026-08-15T09:08:34.827262+00:00,20260815-090834,https://trends24.in/indonesia/,Sat Aug 15 2026 05:36:17 GMT+0000 (Coordinated Universal Time),29,Mbay,mbay,,,,,,
2026-08-15T09:08:34.827262+00:00,20260815-090834,https://trends24.in/indonesia/,Sat Aug 15 2026 05:36:17 GMT+0000 (Coordinated Universal Time),30,Bangladesh,bangladesh,,,,,,
2026-08-15T09:08:34.827262+00:00,20260815-090834,https://trends24.in/indonesia/,Sat Aug 15 2026 05:36:17 GMT+0000 (Coordinated Universal Time),31,taeyong,taeyong,,,,,,
2026-08-15T09:08:34.827262+00:00,20260815-090834,https://trends24.in/indonesia/,Sat Aug 15 2026 05:36:17 GMT+0000 (Coordinated Universal Time),32,LINGORM ILF EP9,lingorm ilf ep9,,,,,,
2026-08-15T09:08:34.827262+00:00,20260815-090834,https://trends24.in/indonesia/,Sat Aug 15 2026 05:36:17 GMT+0000 (Coordinated Universal Time),33,Bawang,bawang,,,,,,
2026-08-15T09:08:34.827262+00:00,20260815-090834,https://trends24.in/indonesia/,Sat Aug 15 2026 05:36:17 GMT+0000 (Coordinated Universal Time),34,Makassar,makassar,,,,,,
2026-08-15T09:08:34.827262+00:00,20260815-090834,https://trends24.in/indonesia/,Sat Aug 15 2026 05:36:17 GMT+0000 (Coordinated Universal Time),35,#1milyarkebaikan,1milyarkebaikan,,,,,,
2026-08-15T09:08:34.827262+00:00,20260815-090834,https://trends24.in/indonesia/,Sat Aug 15 2026 05:36:17 GMT+0000 (Coordinated Universal Time),36,#Gempa,gempa,,,,,,
2026-08-15T09:08:34.827262+00:00,20260815-090834,https://trends24.in/indonesia/,Sat Aug 15 2026 05:36:17 GMT+0000 (Coordinated Universal Time),37,#WannaOne,wannaone,,,,,,
2026-08-15T09:08:34.827262+00:00,20260815-090834,https://trends24.in/indonesia/,Sat Aug 15 2026 05:36:17 GMT+0000 (Coordinated Universal Time),38,#81indonesiaberbagi,81indonesiaberbagi,,,,,,
2026-08-15T09:08:34.827262+00:00,20260815-090834,https://trends24.in/indonesia/,Sat Aug 15 2026 05:36:17 GMT+0000 (Coordinated Universal Time),39,#DuangGoRoundConcert,duanggoroundconcert,,,,,,
2026-08-15T09:08:34.827262+00:00,20260815-090834,https://trends24.in/indonesia/,Sat Aug 15 2026 05:36:17 GMT+0000 (Coordinated Universal Time),40,#EVANGrammyMuseumSpotlight,evangrammymuseumspotlight,,,,,,
2026-08-15T09:08:34.827262+00:00,20260815-090834,https://trends24.in/indonesia/,Sat Aug 15 2026 05:36:17 GMT+0000 (Coordinated Universal Time),41,#KCONLA2026,kconla2026,,,,,,
2026-08-15T09:08:34.827262+00:00,20260815-090834,https://trends24.in/indonesia/,Sat Aug 15 2026 05:36:17 GMT+0000 (Coordinated Universal Time),42,#WEIRDO101SeriesEP1,weirdo101seriesep1,,,,,,
2026-08-15T09:08:34.827262+00:00,20260815-090834,https://trends24.in/indonesia/,Sat Aug 15 2026 05:36:17 GMT+0000 (Coordinated Universal Time),43,#à¸§à¸²à¸à¸à¸±à¸à¸§à¸±à¸à¸§à¸´à¸§à¸²à¸«à¹EP9,à¸§à¸²à¸à¸à¸±à¸à¸§à¸±à¸à¸§à¸´à¸§à¸²à¸«à¹ep9,,,,,,
2026-08-15T09:08:34.827262+00:00,20260815-090834,https://trends24.in/indonesia/,Sat Aug 15 2026 04:44:18 GMT+0000 (Coordinated Universal Time),1,#GOPAYTOKENPLN81RIBU,gopaytokenpln81ribu,,,,,,
2026-08-15T09:08:34.827262+00:00,20260815-090834,https://trends24.in/indonesia/,Sat Aug 15 2026 04:44:18 GMT+0000 (Coordinated Universal Time),2,#RayakanBebasBoncos,rayakanbebasboncos,,,,,,
2026-08-15T09:08:34.827262+00:00,20260815-090834,https://trends24.in/indonesia/,Sat Aug 15 2026 04:44:18 GMT+0000 (Coordinated Universal Time),3,Cobain Naavagreen,cobain naavagreen,,,,,,
2026-08-15T09:08:34.827262+00:00,20260815-090834,https://trends24.in/indonesia/,Sat Aug 15 2026 04:44:18 GMT+0000 (Coordinated Universal Time),4,Pray for NTT,pray for ntt,,,,,,
2026-08-15T09:08:34.827262+00:00,20260815-090834,https://trends24.in/indonesia/,Sat Aug 15 2026 04:44:18 GMT+0000 (Coordinated Universal Time),5,SDA Milik Rakyat,sda milik rakyat,,,,,,
2026-08-15T09:08:34.827262+00:00,20260815-090834,https://trends24.in/indonesia/,Sat Aug 15 2026 04:44:18 GMT+0000 (Coordinated Universal Time),6,PLN 100rb,pln 100rb,,,,,,
2026-08-15T09:08:34.827262+00:00,20260815-090834,https://trends24.in/indonesia/,Sat Aug 15 2026 04:44:18 GMT+0000 (Coordinated Universal Time),7,Flores,flores,,,,,,
2026-08-15T09:08:34.827262+00:00,20260815-090834,https://trends24.in/indonesia/,Sat Aug 15 2026 04:44:18 GMT+0000 (Coordinated Universal Time),8,Nusa Tenggara Timur,nusa tenggara timur,,,,,,
2026-08-15T09:08:34.827262+00:00,20260815-090834,https://trends24.in/indonesia/,Sat Aug 15 2026 04:44:18 GMT+0000 (Coordinated Universal Time),9,Token PLN Harga Promo,token pln harga promo,,,,,,
2026-08-15T09:08:34.827262+00:00,20260815-090834,https://trends24.in/indonesia/,Sat Aug 15 2026 04:44:18 GMT+0000 (Coordinated Universal Time),10,PERMPOON TURNS THREE,permpoon turns three,,,,,,
2026-08-15T09:08:34.827262+00:00,20260815-090834,https://trends24.in/indonesia/,Sat Aug 15 2026 04:44:18 GMT+0000 (Coordinated Universal Time),11,#à¸à¹à¸²à¸§à¹à¸à¸´à¹à¸¡à¸à¸¹à¸à¸ªà¸²à¸¡à¸à¸§à¸à¹à¸¢à¹à¸§à¸à¹à¸²à¸,à¸à¹à¸²à¸§à¹à¸à¸´à¹à¸¡à¸à¸¹à¸à¸ªà¸²à¸¡à¸à¸§à¸à¹à¸¢à¹à¸§à¸à¹à¸²à¸,,,,,,
2026-08-15T09:08:34.827262+00:00,20260815-090834,https://trends24.in/indonesia/,Sat Aug 15 2026 04:44:18 GMT+0000 (Coordinated Universal Time),12,#81indonesiaberbagi,81indonesiaberbagi,,,,,,
2026-08-15T09:08:34.827262+00:00,20260815-090834,https://trends24.in/indonesia/,Sat Aug 15 2026 04:44:18 GMT+0000 (Coordinated Universal Time),13,#InilahComPeduli,inilahcompeduli,,,,,,
2026-08-15T09:08:34.827262+00:00,20260815-090834,https://trends24.in/indonesia/,Sat Aug 15 2026 04:44:18 GMT+0000 (Coordinated Universal Time),14,Isi Token 100rb CUMA,isi token 100rb cuma,,,,,,
2026-08-15T09:08:34.827262+00:00,20260815-090834,https://trends24.in/indonesia/,Sat Aug 15 2026 04:44:18 GMT+0000 (Coordinated Universal Time),15,SUMMER 127,summer 127,,,,,,
2026-08-15T09:08:34.827262+00:00,20260815-090834,https://trends24.in/indonesia/,Sat Aug 15 2026 04:44:18 GMT+0000 (Coordinated Universal Time),16,04.58 WIB,04.58 wib,,,,,,
2026-08-15T09:08:34.827262+00:00,20260815-090834,https://trends24.in/indonesia/,Sat Aug 15 2026 04:44:18 GMT+0000 (Coordinated Universal Time),17,7.7 SR,7.7 sr,,,,,,
2026-08-15T09:08:34.827262+00:00,20260815-090834,https://trends24.in/indonesia/,Sat Aug 15 2026 04:44:18 GMT+0000 (Coordinated Universal Time),18,PLN Rp100,pln rp100,,,,,,
2026-08-15T09:08:34.827262+00:00,20260815-090834,https://trends24.in/indonesia/,Sat Aug 15 2026 04:44:18 GMT+0000 (Coordinated Universal Time),19,BMKG,bmkg,,,,,,
2026-08-15T09:08:34.827262+00:00,20260815-090834,https://trends24.in/indonesia/,Sat Aug 15 2026 04:44:18 GMT+0000 (Coordinated Universal Time),20,Maumere,maumere,,,,,,
2026-08-15T09:08:34.827262+00:00,20260815-090834,https://trends24.in/indonesia/,Sat Aug 15 2026 04:44:18 GMT+0000 (Coordinated Universal Time),21,Nagekeo,nagekeo,,,,,,
2026-08-15T09:08:34.827262+00:00,20260815-090834,https://trends24.in/indonesia/,Sat Aug 15 2026 04:44:18 GMT+0000 (Coordinated Universal Time),22,Mbay,mbay,,,,,,
2026-08-15T09:08:34.827262+00:00,20260815-090834,https://trends24.in/indonesia/,Sat Aug 15 2026 04:44:18 GMT+0000 (Coordinated Universal Time),23,Tsunami,tsunami,,,,,,
2026-08-15T09:08:34.827262+00:00,20260815-090834,https://trends24.in/indonesia/,Sat Aug 15 2026 04:44:18 GMT+0000 (Coordinated Universal Time),24,Labuan Bajo,labuan bajo,,,,,,
2026-08-15T09:08:34.827262+00:00,20260815-090834,https://trends24.in/indonesia/,Sat Aug 15 2026 04:44:18 GMT+0000 (Coordinated Universal Time),25,Presiden,presiden,,,,,,
2026-08-15T09:08:34.827262+00:00,20260815-090834,https://trends24.in/indonesia/,Sat Aug 15 2026 04:44:18 GMT+0000 (Coordinated Universal Time),26,taeyong,taeyong,,,,,,
2026-08-15T09:08:34.827262+00:00,20260815-090834,https://trends24.in/indonesia/,Sat Aug 15 2026 04:44:18 GMT+0000 (Coordinated Universal Time),27,Ngupas,ngupas,,,,,,
2026-08-15T09:08:34.827262+00:00,20260815-090834,https://trends24.in/indonesia/,Sat Aug 15 2026 04:44:18 GMT+0000 (Coordinated Universal Time),28,LINGORM ILF EP9,lingorm ilf ep9,,,,,,
2026-08-15T09:08:34.827262+00:00,20260815-090834,https://trends24.in/indonesia/,Sat Aug 15 2026 04:44:18 GMT+0000 (Coordinated Universal Time),29,Bawang,bawang,,,,,,
2026-08-15T09:08:34.827262+00:00,20260815-090834,https://trends24.in/indonesia/,Sat Aug 15 2026 04:44:18 GMT+0000 (Coordinated Universal Time),30,Makassar,makassar,,,,,,
2026-08-15T09:08:34.827262+00:00,20260815-090834,https://trends24.in/indonesia/,Sat Aug 15 2026 04:44:18 GMT+0000 (Coordinated Universal Time),31,Irene,irene,,,,,,
2026-08-15T09:08:34.827262+00:00,20260815-090834,https://trends24.in/indonesia/,Sat Aug 15 2026 04:44:18 GMT+0000 (Coordinated Universal Time),32,#1milyarkebaikan,1milyarkebaikan,,,,,,
2026-08-15T09:08:34.827262+00:00,20260815-090834,https://trends24.in/indonesia/,Sat Aug 15 2026 04:44:18 GMT+0000 (Coordinated Universal Time),33,#Gempa,gempa,,,,,,
2026-08-15T09:08:34.827262+00:00,20260815-090834,https://trends24.in/indonesia/,Sat Aug 15 2026 04:44:18 GMT+0000 (Coordinated Universal Time),34,#EVANGrammyMuseumSpotlight,evangrammymuseumspotlight,,,,,,
2026-08-15T09:08:34.827262+00:00,20260815-090834,https://trends24.in/indonesia/,Sat Aug 15 2026 04:44:18 GMT+0000 (Coordinated Universal Time),35,#DuangGoRoundConcert,duanggoroundconcert,,,,,,
2026-08-15T09:08:34.827262+00:00,20260815-090834,https://trends24.in/indonesia/,Sat Aug 15 2026 04:44:18 GMT+0000 (Coordinated Universal Time),36,#megalive99,megalive99,,,,,,
2026-08-15T09:08:34.827262+00:00,20260815-090834,https://trends24.in/indonesia/,Sat Aug 15 2026 04:44:18 GMT+0000 (Coordinated Universal Time),37,#KCONLA2026,kconla2026,,,,,,
2026-08-15T09:08:34.827262+00:00,20260815-090834,https://trends24.in/indonesia/,Sat Aug 15 2026 04:44:18 GMT+0000 (Coordinated Universal Time),38,#WANNAONE,wannaone,,,,,,
2026-08-15T09:08:34.827262+00:00,20260815-090834,https://trends24.in/indonesia/,Sat Aug 15 2026 04:44:18 GMT+0000 (Coordinated Universal Time),39,#WEIRDO101SeriesEP1,weirdo101seriesep1,,,,,,
2026-08-15T09:08:34.827262+00:00,20260815-090834,https://trends24.in/indonesia/,Sat Aug 15 2026 04:44:18 GMT+0000 (Coordinated Universal Time),40,#à¸§à¸²à¸à¸à¸±à¸à¸§à¸±à¸à¸§à¸´à¸§à¸²à¸«à¹EP9,à¸§à¸²à¸à¸à¸±à¸à¸§à¸±à¸à¸§à¸´à¸§à¸²à¸«à¹ep9,,,,,,
2026-08-15T09:08:34.827262+00:00,20260815-090834,https://trends24.in/indonesia/,Sat Aug 15 2026 03:52:20 GMT+0000 (Coordinated Universal Time),1,#GOPAYTOKENPLN81RIBU,gopaytokenpln81ribu,,,,,,
2026-08-15T09:08:34.827262+00:00,20260815-090834,https://trends24.in/indonesia/,Sat Aug 15 2026 03:52:20 GMT+0000 (Coordinated Universal Time),2,#RayakanBebasBoncos,rayakanbebasboncos,,,,,,
2026-08-15T09:08:34.827262+00:00,20260815-090834,https://trends24.in/indonesia/,Sat Aug 15 2026 03:52:20 GMT+0000 (Coordinated Universal Time),3,Cobain Naavagreen,cobain naavagreen,,,,,,
2026-08-15T09:08:34.827262+00:00,20260815-090834,https://trends24.in/indonesia/,Sat Aug 15 2026 03:52:20 GMT+0000 (Coordinated Universal Time),4,Pray for NTT,pray for ntt,,,,,,
2026-08-15T09:08:34.827262+00:00,20260815-090834,https://trends24.in/indonesia/,Sat Aug 15 2026 03:52:20 GMT+0000 (Coordinated Universal Time),5,PLN 100rb,pln 100rb,,,,,,
2026-08-15T09:08:34.827262+00:00,20260815-090834,https://trends24.in/indonesia/,Sat Aug 15 2026 03:52:20 GMT+0000 (Coordinated Universal Time),6,Flores,flores,,,,,,
2026-08-15T09:08:34.827262+00:00,20260815-090834,https://trends24.in/indonesia/,Sat Aug 15 2026 03:52:20 GMT+0000 (Coordinated Universal Time),7,#81indonesiaberbagi,81indonesiaberbagi,,,,,,
2026-08-15T09:08:34.827262+00:00,20260815-090834,https://trends24.in/indonesia/,Sat Aug 15 2026 03:52:20 GMT+0000 (Coordinated Universal Time),8,#InilahComPeduli,inilahcompeduli,,,,,,
2026-08-15T09:08:34.827262+00:00,20260815-090834,https://trends24.in/indonesia/,Sat Aug 15 2026 03:52:20 GMT+0000 (Coordinated Universal Time),9,#1milyarkebaikan,1milyarkebaikan,,,,,,
2026-08-15T09:08:34.827262+00:00,20260815-090834,https://trends24.in/indonesia/,Sat Aug 15 2026 03:52:20 GMT+0000 (Coordinated Universal Time),10,Nusa Tenggara Timur,nusa tenggara timur,,,,,,
2026-08-15T09:08:34.827262+00:00,20260815-090834,https://trends24.in/indonesia/,Sat Aug 15 2026 03:52:20 GMT+0000 (Coordinated Universal Time),11,PERMPOON TURNS THREE,permpoon turns three,,,,,,
2026-08-15T09:08:34.827262+00:00,20260815-090834,https://trends24.in/indonesia/,Sat Aug 15 2026 03:52:20 GMT+0000 (Coordinated Universal Time),12,Token PLN Harga Promo,token pln harga promo,,,,,,
2026-08-15T09:08:34.827262+00:00,20260815-090834,https://trends24.in/indonesia/,Sat Aug 15 2026 03:52:20 GMT+0000 (Coordinated Universal Time),13,SUMMER 127,summer 127,,,,,,
2026-08-15T09:08:34.827262+00:00,20260815-090834,https://trends24.in/indonesia/,Sat Aug 15 2026 03:52:20 GMT+0000 (Coordinated Universal Time),14,7.7 SR,7.7 sr,,,,,,
2026-08-15T09:08:34.827262+00:00,20260815-090834,https://trends24.in/indonesia/,Sat Aug 15 2026 03:52:20 GMT+0000 (Coordinated Universal Time),15,Isi Token 100rb CUMA,isi token 100rb cuma,,,,,,
2026-08-15T09:08:34.827262+00:00,20260815-090834,https://trends24.in/indonesia/,Sat Aug 15 2026 03:52:20 GMT+0000 (Coordinated Universal Time),16,BMKG,bmkg,,,,,,
2026-08-15T09:08:34.827262+00:00,20260815-090834,https://trends24.in/indonesia/,Sat Aug 15 2026 03:52:20 GMT+0000 (Coordinated Universal Time),17,04.58 WIB,04.58 wib,,,,,,
2026-08-15T09:08:34.827262+00:00,20260815-090834,https://trends24.in/indonesia/,Sat Aug 15 2026 03:52:20 GMT+0000 (Coordinated Universal Time),18,Nagekeo,nagekeo,,,,,,
2026-08-15T09:08:34.827262+00:00,20260815-090834,https://trends24.in/indonesia/,Sat Aug 15 2026 03:52:20 GMT+0000 (Coordinated Universal Time),19,Tsunami,tsunami,,,,,,
2026-08-15T09:08:34.827262+00:00,20260815-090834,https://trends24.in/indonesia/,Sat Aug 15 2026 03:52:20 GMT+0000 (Coordinated Universal Time),20,Mbay,mbay,,,,,,
2026-08-15T09:08:34.827262+00:00,20260815-090834,https://trends24.in/indonesia/,Sat Aug 15 2026 03:52:20 GMT+0000 (Coordinated Universal Time),21,Maumere,maumere,,,,,,
2026-08-15T09:08:34.827262+00:00,20260815-090834,https://trends24.in/indonesia/,Sat Aug 15 2026 03:52:20 GMT+0000 (Coordinated Universal Time),22,Labuan Bajo,labuan bajo,,,,,,
2026-08-15T09:08:34.827262+00:00,20260815-090834,https://trends24.in/indonesia/,Sat Aug 15 2026 03:52:20 GMT+0000 (Coordinated Universal Time),23,Ngupas,ngupas,,,,,,
2026-08-15T09:08:34.827262+00:00,20260815-090834,https://trends24.in/indonesia/,Sat Aug 15 2026 03:52:20 GMT+0000 (Coordinated Universal Time),24,LINGORM ILF EP9,lingorm ilf ep9,,,,,,
2026-08-15T09:08:34.827262+00:00,20260815-090834,https://trends24.in/indonesia/,Sat Aug 15 2026 03:52:20 GMT+0000 (Coordinated Universal Time),25,Lombok,lombok,,,,,,
2026-08-15T09:08:34.827262+00:00,20260815-090834,https://trends24.in/indonesia/,Sat Aug 15 2026 03:52:20 GMT+0000 (Coordinated Universal Time),26,Makassar,makassar,,,,,,
2026-08-15T09:08:34.827262+00:00,20260815-090834,https://trends24.in/indonesia/,Sat Aug 15 2026 03:52:20 GMT+0000 (Coordinated Universal Time),27,Irene,irene,,,,,,
2026-08-15T09:08:34.827262+00:00,20260815-090834,https://trends24.in/indonesia/,Sat Aug 15 2026 03:52:20 GMT+0000 (Coordinated Universal Time),28,Bawang,bawang,,,,,,
2026-08-15T09:08:34.827262+00:00,20260815-090834,https://trends24.in/indonesia/,Sat Aug 15 2026 03:52:20 GMT+0000 (Coordinated Universal Time),29,#à¸à¹à¸²à¸§à¹à¸à¸´à¹à¸¡à¸à¸¹à¸à¸ªà¸²à¸¡à¸à¸§à¸à¹à¸¢à¹à¸§à¸à¹à¸²à¸,à¸à¹à¸²à¸§à¹à¸à¸´à¹à¸¡à¸à¸¹à¸à¸ªà¸²à¸¡à¸à¸§à¸à¹à¸¢à¹à¸§à¸à¹à¸²à¸,,,,,,
2026-08-15T09:08:34.827262+00:00,20260815-090834,https://trends24.in/indonesia/,Sat Aug 15 2026 03:52:20 GMT+0000 (Coordinated Universal Time),30,#Gempa,gempa,,,,,,
2026-08-15T09:08:34.827262+00:00,20260815-090834,https://trends24.in/indonesia/,Sat Aug 15 2026 03:52:20 GMT+0000 (Coordinated Universal Time),31,#EVANGrammyMuseumSpotlight,evangrammymuseumspotlight,,,,,,
2026-08-15T09:08:34.827262+00:00,20260815-090834,https://trends24.in/indonesia/,Sat Aug 15 2026 03:52:20 GMT+0000 (Coordinated Universal Time),32,#megalive99,megalive99,,,,,,
2026-08-15T09:08:34.827262+00:00,20260815-090834,https://trends24.in/indonesia/,Sat Aug 15 2026 03:52:20 GMT+0000 (Coordinated Universal Time),33,#DuangGoRoundConcert,duanggoroundconcert,,,,,,
2026-08-15T09:08:34.827262+00:00,20260815-090834,https://trends24.in/indonesia/,Sat Aug 15 2026 03:52:20 GMT+0000 (Coordinated Universal Time),34,#KCONLA2026,kconla2026,,,,,,
2026-08-15T09:08:34.827262+00:00,20260815-090834,https://trends24.in/indonesia/,Sat Aug 15 2026 03:52:20 GMT+0000 (Coordinated Universal Time),35,#WEIRDO101SeriesEP1,weirdo101seriesep1,,,,,,
2026-08-15T09:08:34.827262+00:00,20260815-090834,https://trends24.in/indonesia/,Sat Aug 15 2026 03:52:20 GMT+0000 (Coordinated Universal Time),36,#à¸§à¸²à¸à¸à¸±à¸à¸§à¸±à¸à¸§à¸´à¸§à¸²à¸«à¹EP9,à¸§à¸²à¸à¸à¸±à¸à¸§à¸±à¸à¸§à¸´à¸§à¸²à¸«à¹ep9,,,,,,
2026-08-15T09:08:34.827262+00:00,20260815-090834,https://trends24.in/indonesia/,Sat Aug 15 2026 03:52:20 GMT+0000 (Coordinated Universal Time),37,#NotaKeuangan2027,notakeuangan2027,,,,,,
2026-08-15T09:08:34.827262+00:00,20260815-090834,https://trends24.in/indonesia/,Sat Aug 15 2026 03:52:20 GMT+0000 (Coordinated Universal Time),38,#kemendespdt,kemendespdt,,,,,,
2026-08-15T09:08:34.827262+00:00,20260815-090834,https://trends24.in/indonesia/,Sat Aug 15 2026 03:00:48 GMT+0000 (Coordinated Universal Time),1,#GOPAYTOKENPLN81RIBU,gopaytokenpln81ribu,,,,,,
2026-08-15T09:08:34.827262+00:00,20260815-090834,https://trends24.in/indonesia/,Sat Aug 15 2026 03:00:48 GMT+0000 (Coordinated Universal Time),2,#RayakanBebasBoncos,rayakanbebasboncos,,,,,,
2026-08-15T09:08:34.827262+00:00,20260815-090834,https://trends24.in/indonesia/,Sat Aug 15 2026 03:00:48 GMT+0000 (Coordinated Universal Time),3,Cobain Naavagreen,cobain naavagreen,,,,,,
2026-08-15T09:08:34.827262+00:00,20260815-090834,https://trends24.in/indonesia/,Sat Aug 15 2026 03:00:48 GMT+0000 (Coordinated Universal Time),4,Pray for NTT,pray for ntt,,,,,,
2026-08-15T09:08:34.827262+00:00,20260815-090834,https://trends24.in/indonesia/,Sat Aug 15 2026 03:00:48 GMT+0000 (Coordinated Universal Time),5,#AADCShortFilm,aadcshortfilm,,,,,,
2026-08-15T09:08:34.827262+00:00,20260815-090834,https://trends24.in/indonesia/,Sat Aug 15 2026 03:00:48 GMT+0000 (Coordinated Universal Time),6,royco cinta dian,royco cinta dian,,,,,,
2026-08-15T09:08:34.827262+00:00,20260815-090834,https://trends24.in/indonesia/,Sat Aug 15 2026 03:00:48 GMT+0000 (Coordinated Universal Time),7,#81indonesiaberbagi,81indonesiaberbagi,,,,,,
2026-08-15T09:08:34.827262+00:00,20260815-090834,https://trends24.in/indonesia/,Sat Aug 15 2026 03:00:48 GMT+0000 (Coordinated Universal Time),8,PLN 100rb,pln 100rb,,,,,,
2026-08-15T09:08:34.827262+00:00,20260815-090834,https://trends24.in/indonesia/,Sat Aug 15 2026 03:00:48 GMT+0000 (Coordinated Universal Time),9,#InilahComPeduli,inilahcompeduli,,,,,,
2026-08-15T09:08:34.827262+00:00,20260815-090834,https://trends24.in/indonesia/,Sat Aug 15 2026 03:00:48 GMT+0000 (Coordinated Universal Time),10,Flores,flores,,,,,,
2026-08-15T09:08:34.827262+00:00,20260815-090834,https://trends24.in/indonesia/,Sat Aug 15 2026 03:00:48 GMT+0000 (Coordinated Universal Time),11,PERMPOON TURNS THREE,permpoon turns three,,,,,,
2026-08-15T09:08:34.827262+00:00,20260815-090834,https://trends24.in/indonesia/,Sat Aug 15 2026 03:00:48 GMT+0000 (Coordinated Universal Time),12,Token PLN Harga Promo,token pln harga promo,,,,,,
2026-08-15T09:08:34.827262+00:00,20260815-090834,https://trends24.in/indonesia/,Sat Aug 15 2026 03:00:48 GMT+0000 (Coordinated Universal Time),13,YOU MANIAC TRAILER,you maniac trailer,,,,,,
2026-08-15T09:08:34.827262+00:00,20260815-090834,https://trends24.in/indonesia/,Sat Aug 15 2026 03:00:48 GMT+0000 (Coordinated Universal Time),14,Nusa Tenggara Timur,nusa tenggara timur,,,,,,
2026-08-15T09:08:34.827262+00:00,20260815-090834,https://trends24.in/indonesia/,Sat Aug 15 2026 03:00:48 GMT+0000 (Coordinated Universal Time),15,salurkan hingga pelosok,salurkan hingga pelosok,,,,,,
2026-08-15T09:08:34.827262+00:00,20260815-090834,https://trends24.in/indonesia/,Sat Aug 15 2026 03:00:48 GMT+0000 (Coordinated Universal Time),16,7.7 SR,7.7 sr,,,,,,
2026-08-15T09:08:34.827262+00:00,20260815-090834,https://trends24.in/indonesia/,Sat Aug 15 2026 03:00:48 GMT+0000 (Coordinated Universal Time),17,Selamat Hari Pramuka,selamat hari pramuka,,,,,,
2026-08-15T09:08:34.827262+00:00,20260815-090834,https://trends24.in/indonesia/,Sat Aug 15 2026 03:00:48 GMT+0000 (Coordinated Universal Time),18,Isi Token 100rb CUMA,isi token 100rb cuma,,,,,,
2026-08-15T09:08:34.827262+00:00,20260815-090834,https://trends24.in/indonesia/,Sat Aug 15 2026 03:00:48 GMT+0000 (Coordinated Universal Time),19,BMKG,bmkg,,,,,,
2026-08-15T09:08:34.827262+00:00,20260815-090834,https://trends24.in/indonesia/,Sat Aug 15 2026 03:00:48 GMT+0000 (Coordinated Universal Time),20,SUMMER 127,summer 127,,,,,,
2026-08-15T09:08:34.827262+00:00,20260815-090834,https://trends24.in/indonesia/,Sat Aug 15 2026 03:00:48 GMT+0000 (Coordinated Universal Time),21,SANTA LIP NUDE LIVE,santa lip nude live,,,,,,
2026-08-15T09:08:34.827262+00:00,20260815-090834,https://trends24.in/indonesia/,Sat Aug 15 2026 03:00:48 GMT+0000 (Coordinated Universal Time),22,Mbay,mbay,,,,,,
2026-08-15T09:08:34.827262+00:00,20260815-090834,https://trends24.in/indonesia/,Sat Aug 15 2026 03:00:48 GMT+0000 (Coordinated Universal Time),23,maksimal melayani negeri,maksimal melayani negeri,,,,,,
2026-08-15T09:08:34.827262+00:00,20260815-090834,https://trends24.in/indonesia/,Sat Aug 15 2026 03:00:48 GMT+0000 (Coordinated Universal Time),24,PONDPHUWIN COKE ZERO,pondphuwin coke zero,,,,,,
2026-08-15T09:08:34.827262+00:00,20260815-090834,https://trends24.in/indonesia/,Sat Aug 15 2026 03:00:48 GMT+0000 (Coordinated Universal Time),25,$MOTION,$motion,,,,,,
2026-08-15T09:08:34.827262+00:00,20260815-090834,https://trends24.in/indonesia/,Sat Aug 15 2026 03:00:48 GMT+0000 (Coordinated Universal Time),26,Tsunami,tsunami,,,,,,
2026-08-15T09:08:34.827262+00:00,20260815-090834,https://trends24.in/indonesia/,Sat Aug 15 2026 03:00:48 GMT+0000 (Coordinated Universal Time),27,Alhamdulillah,alhamdulillah,,,,,,
2026-08-15T09:08:34.827262+00:00,20260815-090834,https://trends24.in/indonesia/,Sat Aug 15 2026 03:00:48 GMT+0000 (Coordinated Universal Time),28,LINGORM ILF EP9,lingorm ilf ep9,,,,,,
2026-08-15T09:08:34.827262+00:00,20260815-090834,https://trends24.in/indonesia/,Sat Aug 15 2026 03:00:48 GMT+0000 (Coordinated Universal Time),29,jangan rayakan duka,jangan rayakan duka,,,,,,
2026-08-15T09:08:34.827262+00:00,20260815-090834,https://trends24.in/indonesia/,Sat Aug 15 2026 03:00:48 GMT+0000 (Coordinated Universal Time),30,bumdes,bumdes,,,,,,
2026-08-15T09:08:34.827262+00:00,20260815-090834,https://trends24.in/indonesia/,Sat Aug 15 2026 03:00:48 GMT+0000 (Coordinated Universal Time),31,04.58 WIB,04.58 wib,,,,,,
2026-08-15T09:08:34.827262+00:00,20260815-090834,https://trends24.in/indonesia/,Sat Aug 15 2026 03:00:48 GMT+0000 (Coordinated Universal Time),32,AOUBOOM 2ND DESTINY,aouboom 2nd destiny,,,,,,
2026-08-15T09:08:34.827262+00:00,20260815-090834,https://trends24.in/indonesia/,Sat Aug 15 2026 03:00:48 GMT+0000 (Coordinated Universal Time),33,Maumere,maumere,,,,,,
2026-08-15T09:08:34.827262+00:00,20260815-090834,https://trends24.in/indonesia/,Sat Aug 15 2026 03:00:48 GMT+0000 (Coordinated Universal Time),34,dewtee live house,dewtee live house,,,,,,
2026-08-15T09:08:34.827262+00:00,20260815-090834,https://trends24.in/indonesia/,Sat Aug 15 2026 03:00:48 GMT+0000 (Coordinated Universal Time),35,MR. KILL SERIES PRESS TOUR,mr. kill series press tour,,,,,,
2026-08-15T09:08:34.827262+00:00,20260815-090834,https://trends24.in/indonesia/,Sat Aug 15 2026 03:00:48 GMT+0000 (Coordinated Universal Time),36,Nagekeo,nagekeo,,,,,,
2026-08-15T09:08:34.827262+00:00,20260815-090834,https://trends24.in/indonesia/,Sat Aug 15 2026 03:00:48 GMT+0000 (Coordinated Universal Time),37,Trade $ANTFUN,trade $antfun,,,,,,
2026-08-15T09:08:34.827262+00:00,20260815-090834,https://trends24.in/indonesia/,Sat Aug 15 2026 03:00:48 GMT+0000 (Coordinated Universal Time),38,Ruteng,ruteng,,,,,,
2026-08-15T09:08:34.827262+00:00,20260815-090834,https://trends24.in/indonesia/,Sat Aug 15 2026 03:00:48 GMT+0000 (Coordinated Universal Time),39,Ibnu Riza,ibnu riza,,,,,,
2026-08-15T09:08:34.827262+00:00,20260815-090834,https://trends24.in/indonesia/,Sat Aug 15 2026 03:00:48 GMT+0000 (Coordinated Universal Time),40,harqeel date encore,harqeel date encore,,,,,,
2026-08-15T09:08:34.827262+00:00,20260815-090834,https://trends24.in/indonesia/,Sat Aug 15 2026 03:00:48 GMT+0000 (Coordinated Universal Time),41,Gunil,gunil,,,,,,
2026-08-15T09:08:34.827262+00:00,20260815-090834,https://trends24.in/indonesia/,Sat Aug 15 2026 03:00:48 GMT+0000 (Coordinated Universal Time),42,Cinta Rangga,cinta rangga,,,,,,
2026-08-15T09:08:34.827262+00:00,20260815-090834,https://trends24.in/indonesia/,Sat Aug 15 2026 03:00:48 GMT+0000 (Coordinated Universal Time),43,Labuan Bajo,labuan bajo,,,,,,
2026-08-15T09:08:34.827262+00:00,20260815-090834,https://trends24.in/indonesia/,Sat Aug 15 2026 03:00:48 GMT+0000 (Coordinated Universal Time),44,budiman sudjatmiko,budiman sudjatmiko,,,,,,
2026-08-15T09:08:34.827262+00:00,20260815-090834,https://trends24.in/indonesia/,Sat Aug 15 2026 03:00:48 GMT+0000 (Coordinated Universal Time),45,stop cropping james out,stop cropping james out,,,,,,
2026-08-15T09:08:34.827262+00:00,20260815-090834,https://trends24.in/indonesia/,Sat Aug 15 2026 03:00:48 GMT+0000 (Coordinated Universal Time),46,Sidang Tahunan MPR RI,sidang tahunan mpr ri,,,,,,
2026-08-15T09:08:34.827262+00:00,20260815-090834,https://trends24.in/indonesia/,Sat Aug 15 2026 03:00:48 GMT+0000 (Coordinated Universal Time),47,Innalillahi,innalillahi,,,,,,
2026-08-15T09:08:34.827262+00:00,20260815-090834,https://trends24.in/indonesia/,Sat Aug 15 2026 03:00:48 GMT+0000 (Coordinated Universal Time),48,Merapi,merapi,,,,,,
2026-08-15T09:08:34.827262+00:00,20260815-090834,https://trends24.in/indonesia/,Sat Aug 15 2026 03:00:48 GMT+0000 (Coordinated Universal Time),49,Sidang Bersama DPR RI,sidang bersama dpr ri,,,,,,
2026-08-15T09:08:34.827262+00:00,20260815-090834,https://trends24.in/indonesia/,Sat Aug 15 2026 03:00:48 GMT+0000 (Coordinated Universal Time),50,Jumat,jumat,,,,,,
2026-08-15T09:08:34.827262+00:00,20260815-090834,https://trends24.in/indonesia/,Sat Aug 15 2026 02:09:33 GMT+0000 (Coordinated Universal Time),1,#GOPAYTOKENPLN81RIBU,gopaytokenpln81ribu,,,,,,
2026-08-15T09:08:34.827262+00:00,20260815-090834,https://trends24.in/indonesia/,Sat Aug 15 2026 02:09:33 GMT+0000 (Coordinated Universal Time),2,#81indonesiaberbagi,81indonesiaberbagi,,,,,,
2026-08-15T09:08:34.827262+00:00,20260815-090834,https://trends24.in/indonesia/,Sat Aug 15 2026 02:09:33 GMT+0000 (Coordinated Universal Time),3,#InilahComPeduli,inilahcompeduli,,,,,,
2026-08-15T09:08:34.827262+00:00,20260815-090834,https://trends24.in/indonesia/,Sat Aug 15 2026 02:09:33 GMT+0000 (Coordinated Universal Time),4,#1milyarkebaikan,1milyarkebaikan,,,,,,
2026-08-15T09:08:34.827262+00:00,20260815-090834,https://trends24.in/indonesia/,Sat Aug 15 2026 02:09:33 GMT+0000 (Coordinated Universal Time),5,Pray for NTT,pray for ntt,,,,,,
2026-08-15T09:08:34.827262+00:00,20260815-090834,https://trends24.in/indonesia/,Sat Aug 15 2026 02:09:33 GMT+0000 (Coordinated Universal Time),6,PLN 100rb,pln 100rb,,,,,,
2026-08-15T09:08:34.827262+00:00,20260815-090834,https://trends24.in/indonesia/,Sat Aug 15 2026 02:09:33 GMT+0000 (Coordinated Universal Time),7,#AADCShortFilm,aadcshortfilm,,,,,,
2026-08-15T09:08:34.827262+00:00,20260815-090834,https://trends24.in/indonesia/,Sat Aug 15 2026 02:09:33 GMT+0000 (Coordinated Universal Time),8,royco cinta dian,royco cinta dian,,,,,,
2026-08-15T09:08:34.827262+00:00,20260815-090834,https://trends24.in/indonesia/,Sat Aug 15 2026 02:09:33 GMT+0000 (Coordinated Universal Time),9,Flores,flores,,,,,,
2026-08-15T09:08:34.827262+00:00,20260815-090834,https://trends24.in/indonesia/,Sat Aug 15 2026 02:09:33 GMT+0000 (Coordinated Universal Time),10,Token PLN Harga Promo,token pln harga promo,,,,,,
2026-08-15T09:08:34.827262+00:00,20260815-090834,https://trends24.in/indonesia/,Sat Aug 15 2026 02:09:33 GMT+0000 (Coordinated Universal Time),11,Nusa Tenggara Timur,nusa tenggara timur,,,,,,
2026-08-15T09:08:34.827262+00:00,20260815-090834,https://trends24.in/indonesia/,Sat Aug 15 2026 02:09:33 GMT+0000 (Coordinated Universal Time),12,YOU MANIAC TRAILER,you maniac trailer,,,,,,
2026-08-15T09:08:34.827262+00:00,20260815-090834,https://trends24.in/indonesia/,Sat Aug 15 2026 02:09:33 GMT+0000 (Coordinated Universal Time),13,salurkan hingga pelosok,salurkan hingga pelosok,,,,,,
2026-08-15T09:08:34.827262+00:00,20260815-090834,https://trends24.in/indonesia/,Sat Aug 15 2026 02:09:33 GMT+0000 (Coordinated Universal Time),14,Isi Token 100rb CUMA,isi token 100rb cuma,,,,,,
2026-08-15T09:08:34.827262+00:00,20260815-090834,https://trends24.in/indonesia/,Sat Aug 15 2026 02:09:33 GMT+0000 (Coordinated Universal Time),15,BMKG,bmkg,,,,,,
2026-08-15T09:08:34.827262+00:00,20260815-090834,https://trends24.in/indonesia/,Sat Aug 15 2026 02:09:33 GMT+0000 (Coordinated Universal Time),16,Mbay,mbay,,,,,,
2026-08-15T09:08:34.827262+00:00,20260815-090834,https://trends24.in/indonesia/,Sat Aug 15 2026 02:09:33 GMT+0000 (Coordinated Universal Time),17,Selamat Hari Pramuka,selamat hari pramuka,,,,,,
2026-08-15T09:08:34.827262+00:00,20260815-090834,https://trends24.in/indonesia/,Sat Aug 15 2026 02:09:33 GMT+0000 (Coordinated Universal Time),18,7.7 SR,7.7 sr,,,,,,
2026-08-15T09:08:34.827262+00:00,20260815-090834,https://trends24.in/indonesia/,Sat Aug 15 2026 02:09:33 GMT+0000 (Coordinated Universal Time),19,Alhamdulillah,alhamdulillah,,,,,,
2026-08-15T09:08:34.827262+00:00,20260815-090834,https://trends24.in/indonesia/,Sat Aug 15 2026 02:09:33 GMT+0000 (Coordinated Universal Time),20,Tsunami,tsunami,,,,,,
2026-08-15T09:08:34.827262+00:00,20260815-090834,https://trends24.in/indonesia/,Sat Aug 15 2026 02:09:33 GMT+0000 (Coordinated Universal Time),21,SANTA LIP NUDE LIVE,santa lip nude live,,,,,,
2026-08-15T09:08:34.827262+00:00,20260815-090834,https://trends24.in/indonesia/,Sat Aug 15 2026 02:09:33 GMT+0000 (Coordinated Universal Time),22,04.58 WIB,04.58 wib,,,,,,
2026-08-15T09:08:34.827262+00:00,20260815-090834,https://trends24.in/indonesia/,Sat Aug 15 2026 02:09:33 GMT+0000 (Coordinated Universal Time),23,maksimal melayani negeri,maksimal melayani negeri,,,,,,
2026-08-15T09:08:34.827262+00:00,20260815-090834,https://trends24.in/indonesia/,Sat Aug 15 2026 02:09:33 GMT+0000 (Coordinated Universal Time),24,Ibnu Riza,ibnu riza,,,,,,
2026-08-15T09:08:34.827262+00:00,20260815-090834,https://trends24.in/indonesia/,Sat Aug 15 2026 02:09:33 GMT+0000 (Coordinated Universal Time),25,PONDPHUWIN COKE ZERO,pondphuwin coke zero,,,,,,
2026-08-15T09:08:34.827262+00:00,20260815-090834,https://trends24.in/indonesia/,Sat Aug 15 2026 02:09:33 GMT+0000 (Coordinated Universal Time),26,$MOTION,$motion,,,,,,
2026-08-15T09:08:34.827262+00:00,20260815-090834,https://trends24.in/indonesia/,Sat Aug 15 2026 02:09:33 GMT+0000 (Coordinated Universal Time),27,Nagekeo,nagekeo,,,,,,
2026-08-15T09:08:34.827262+00:00,20260815-090834,https://trends24.in/indonesia/,Sat Aug 15 2026 02:09:33 GMT+0000 (Coordinated Universal Time),28,Labuan Bajo,labuan bajo,,,,,,
2026-08-15T09:08:34.827262+00:00,20260815-090834,https://trends24.in/indonesia/,Sat Aug 15 2026 02:09:33 GMT+0000 (Coordinated Universal Time),29,LINGORM ILF EP9,lingorm ilf ep9,,,,,,
2026-08-15T09:08:34.827262+00:00,20260815-090834,https://trends24.in/indonesia/,Sat Aug 15 2026 02:09:33 GMT+0000 (Coordinated Universal Time),30,jangan rayakan duka,jangan rayakan duka,,,,,,
2026-08-15T09:08:34.827262+00:00,20260815-090834,https://trends24.in/indonesia/,Sat Aug 15 2026 02:09:33 GMT+0000 (Coordinated Universal Time),31,bumdes,bumdes,,,,,,
2026-08-15T09:08:34.827262+00:00,20260815-090834,https://trends24.in/indonesia/,Sat Aug 15 2026 02:09:33 GMT+0000 (Coordinated Universal Time),32,Maumere,maumere,,,,,,
2026-08-15T09:08:34.827262+00:00,20260815-090834,https://trends24.in/indonesia/,Sat Aug 15 2026 02:09:33 GMT+0000 (Coordinated Universal Time),33,AOUBOOM 2ND DESTINY,aouboom 2nd destiny,,,,,,
2026-08-15T09:08:34.827262+00:00,20260815-090834,https://trends24.in/indonesia/,Sat Aug 15 2026 02:09:33 GMT+0000 (Coordinated Universal Time),34,dewtee live house,dewtee live house,,,,,,
2026-08-15T09:08:34.827262+00:00,20260815-090834,https://trends24.in/indonesia/,Sat Aug 15 2026 02:09:33 GMT+0000 (Coordinated Universal Time),35,Trade $ANTFUN,trade $antfun,,,,,,
2026-08-15T09:08:34.827262+00:00,20260815-090834,https://trends24.in/indonesia/,Sat Aug 15 2026 02:09:33 GMT+0000 (Coordinated Universal Time),36,MR. KILL SERIES PRESS TOUR,mr. kill series press tour,,,,,,
2026-08-15T09:08:34.827262+00:00,20260815-090834,https://trends24.in/indonesia/,Sat Aug 15 2026 02:09:33 GMT+0000 (Coordinated Universal Time),37,Gunil,gunil,,,,,,
2026-08-15T09:08:34.827262+00:00,20260815-090834,https://trends24.in/indonesia/,Sat Aug 15 2026 02:09:33 GMT+0000 (Coordinated Universal Time),38,teman2 di NTT,teman2 di ntt,,,,,,
2026-08-15T09:08:34.827262+00:00,20260815-090834,https://trends24.in/indonesia/,Sat Aug 15 2026 02:09:33 GMT+0000 (Coordinated Universal Time),39,Ruteng,ruteng,,,,,,
2026-08-15T09:08:34.827262+00:00,20260815-090834,https://trends24.in/indonesia/,Sat Aug 15 2026 02:09:33 GMT+0000 (Coordinated Universal Time),40,harqeel date encore,harqeel date encore,,,,,,
2026-08-15T09:08:34.827262+00:00,20260815-090834,https://trends24.in/indonesia/,Sat Aug 15 2026 02:09:33 GMT+0000 (Coordinated Universal Time),41,Cinta Rangga,cinta rangga,,,,,,
2026-08-15T09:08:34.827262+00:00,20260815-090834,https://trends24.in/indonesia/,Sat Aug 15 2026 02:09:33 GMT+0000 (Coordinated Universal Time),42,pengabdian pada negeri,pengabdian pada negeri,,,,,,
2026-08-15T09:08:34.827262+00:00,20260815-090834,https://trends24.in/indonesia/,Sat Aug 15 2026 02:09:33 GMT+0000 (Coordinated Universal Time),43,budiman sudjatmiko,budiman sudjatmiko,,,,,,
2026-08-15T09:08:34.827262+00:00,20260815-090834,https://trends24.in/indonesia/,Sat Aug 15 2026 02:09:33 GMT+0000 (Coordinated Universal Time),44,stop cropping james out,stop cropping james out,,,,,,
2026-08-15T09:08:34.827262+00:00,20260815-090834,https://trends24.in/indonesia/,Sat Aug 15 2026 02:09:33 GMT+0000 (Coordinated Universal Time),45,Sidang Tahunan MPR RI,sidang tahunan mpr ri,,,,,,
2026-08-15T09:08:34.827262+00:00,20260815-090834,https://trends24.in/indonesia/,Sat Aug 15 2026 02:09:33 GMT+0000 (Coordinated Universal Time),46,Merapi,merapi,,,,,,
2026-08-15T09:08:34.827262+00:00,20260815-090834,https://trends24.in/indonesia/,Sat Aug 15 2026 02:09:33 GMT+0000 (Coordinated Universal Time),47,NUDE WITH JIMMYSEA,nude with jimmysea,,,,,,
2026-08-15T09:08:34.827262+00:00,20260815-090834,https://trends24.in/indonesia/,Sat Aug 15 2026 02:09:33 GMT+0000 (Coordinated Universal Time),48,Jumat,jumat,,,,,,
2026-08-15T09:08:34.827262+00:00,20260815-090834,https://trends24.in/indonesia/,Sat Aug 15 2026 02:09:33 GMT+0000 (Coordinated Universal Time),49,Sidang Bersama DPR RI,sidang bersama dpr ri,,,,,,
2026-08-15T09:08:34.827262+00:00,20260815-090834,https://trends24.in/indonesia/,Sat Aug 15 2026 02:09:33 GMT+0000 (Coordinated Universal Time),50,OH MY FOURTH PRESS TOUR,oh my fourth press tour,,,,,,
2026-08-15T09:08:34.827262+00:00,20260815-090834,https://trends24.in/indonesia/,Sat Aug 15 2026 01:18:30 GMT+0000 (Coordinated Universal Time),1,#AADCShortFilm,aadcshortfilm,,,,,,
2026-08-15T09:08:34.827262+00:00,20260815-090834,https://trends24.in/indonesia/,Sat Aug 15 2026 01:18:30 GMT+0000 (Coordinated Universal Time),2,royco cinta dian,royco cinta dian,,,,,,
2026-08-15T09:08:34.827262+00:00,20260815-090834,https://trends24.in/indonesia/,Sat Aug 15 2026 01:18:30 GMT+0000 (Coordinated Universal Time),3,Flores,flores,,,,,,
2026-08-15T09:08:34.827262+00:00,20260815-090834,https://trends24.in/indonesia/,Sat Aug 15 2026 01:18:30 GMT+0000 (Coordinated Universal Time),4,Pray for NTT,pray for ntt,,,,,,
2026-08-15T09:08:34.827262+00:00,20260815-090834,https://trends24.in/indonesia/,Sat Aug 15 2026 01:18:30 GMT+0000 (Coordinated Universal Time),5,#YouManiacSeries,youmaniacseries,,,,,,
2026-08-15T09:08:34.827262+00:00,20260815-090834,https://trends24.in/indonesia/,Sat Aug 15 2026 01:18:30 GMT+0000 (Coordinated Universal Time),6,#ARKANA3D,arkana3d,,,,,,
2026-08-15T09:08:34.827262+00:00,20260815-090834,https://trends24.in/indonesia/,Sat Aug 15 2026 01:18:30 GMT+0000 (Coordinated Universal Time),7,Nusa Tenggara Timur,nusa tenggara timur,,,,,,
2026-08-15T09:08:34.827262+00:00,20260815-090834,https://trends24.in/indonesia/,Sat Aug 15 2026 01:18:30 GMT+0000 (Coordinated Universal Time),8,#WEIRDO101SeriesEP1,weirdo101seriesep1,,,,,,
2026-08-15T09:08:34.827262+00:00,20260815-090834,https://trends24.in/indonesia/,Sat Aug 15 2026 01:18:30 GMT+0000 (Coordinated Universal Time),9,#Gempa,gempa,,,,,,
2026-08-15T09:08:34.827262+00:00,20260815-090834,https://trends24.in/indonesia/,Sat Aug 15 2026 01:18:30 GMT+0000 (Coordinated Universal Time),10,YOU MANIAC TRAILER,you maniac trailer,,,,,,
2026-08-15T09:08:34.827262+00:00,20260815-090834,https://trends24.in/indonesia/,Sat Aug 15 2026 01:18:30 GMT+0000 (Coordinated Universal Time),11,salurkan hingga pelosok,salurkan hingga pelosok,,,,,,
2026-08-15T09:08:34.827262+00:00,20260815-090834,https://trends24.in/indonesia/,Sat Aug 15 2026 01:18:30 GMT+0000 (Coordinated Universal Time),12,BMKG,bmkg,,,,,,
2026-08-15T09:08:34.827262+00:00,20260815-090834,https://trends24.in/indonesia/,Sat Aug 15 2026 01:18:30 GMT+0000 (Coordinated Universal Time),13,Alhamdulillah,alhamdulillah,,,,,,
2026-08-15T09:08:34.827262+00:00,20260815-090834,https://trends24.in/indonesia/,Sat Aug 15 2026 01:18:30 GMT+0000 (Coordinated Universal Time),14,Selamat Hari Pramuka,selamat hari pramuka,,,,,,
2026-08-15T09:08:34.827262+00:00,20260815-090834,https://trends24.in/indonesia/,Sat Aug 15 2026 01:18:30 GMT+0000 (Coordinated Universal Time),15,Mbay,mbay,,,,,,
2026-08-15T09:08:34.827262+00:00,20260815-090834,https://trends24.in/indonesia/,Sat Aug 15 2026 01:18:30 GMT+0000 (Coordinated Universal Time),16,SANTA LIP NUDE LIVE,santa lip nude live,,,,,,
2026-08-15T09:08:34.827262+00:00,20260815-090834,https://trends24.in/indonesia/,Sat Aug 15 2026 01:18:30 GMT+0000 (Coordinated Universal Time),17,7.7 SR,7.7 sr,,,,,,
2026-08-15T09:08:34.827262+00:00,20260815-090834,https://trends24.in/indonesia/,Sat Aug 15 2026 01:18:30 GMT+0000 (Coordinated Universal Time),18,04.58 WIB,04.58 wib,,,,,,
2026-08-15T09:08:34.827262+00:00,20260815-090834,https://trends24.in/indonesia/,Sat Aug 15 2026 01:18:30 GMT+0000 (Coordinated Universal Time),19,maksimal melayani negeri,maksimal melayani negeri,,,,,,
2026-08-15T09:08:34.827262+00:00,20260815-090834,https://trends24.in/indonesia/,Sat Aug 15 2026 01:18:30 GMT+0000 (Coordinated Universal Time),20,PONDPHUWIN COKE ZERO,pondphuwin coke zero,,,,,,
2026-08-15T09:08:34.827262+00:00,20260815-090834,https://trends24.in/indonesia/,Sat Aug 15 2026 01:18:30 GMT+0000 (Coordinated Universal Time),21,Tsunami,tsunami,,,,,,
2026-08-15T09:08:34.827262+00:00,20260815-090834,https://trends24.in/indonesia/,Sat Aug 15 2026 01:18:30 GMT+0000 (Coordinated Universal Time),22,$MOTION,$motion,,,,,,
2026-08-15T09:08:34.827262+00:00,20260815-090834,https://trends24.in/indonesia/,Sat Aug 15 2026 01:18:30 GMT+0000 (Coordinated Universal Time),23,Nagekeo,nagekeo,,,,,,
2026-08-15T09:08:34.827262+00:00,20260815-090834,https://trends24.in/indonesia/,Sat Aug 15 2026 01:18:30 GMT+0000 (Coordinated Universal Time),24,GoPay Investasi Emas,gopay investasi emas,,,,,,
2026-08-15T09:08:34.827262+00:00,20260815-090834,https://trends24.in/indonesia/,Sat Aug 15 2026 01:18:30 GMT+0000 (Coordinated Universal Time),25,Labuan Bajo,labuan bajo,,,,,,
2026-08-15T09:08:34.827262+00:00,20260815-090834,https://trends24.in/indonesia/,Sat Aug 15 2026 01:18:30 GMT+0000 (Coordinated Universal Time),26,jangan rayakan duka,jangan rayakan duka,,,,,,
2026-08-15T09:08:34.827262+00:00,20260815-090834,https://trends24.in/indonesia/,Sat Aug 15 2026 01:18:30 GMT+0000 (Coordinated Universal Time),27,bumdes,bumdes,,,,,,
2026-08-15T09:08:34.827262+00:00,20260815-090834,https://trends24.in/indonesia/,Sat Aug 15 2026 01:18:30 GMT+0000 (Coordinated Universal Time),28,teman2 di NTT,teman2 di ntt,,,,,,
2026-08-15T09:08:34.827262+00:00,20260815-090834,https://trends24.in/indonesia/,Sat Aug 15 2026 01:18:30 GMT+0000 (Coordinated Universal Time),29,Maumere,maumere,,,,,,
2026-08-15T09:08:34.827262+00:00,20260815-090834,https://trends24.in/indonesia/,Sat Aug 15 2026 01:18:30 GMT+0000 (Coordinated Universal Time),30,LINGORM ILF EP9,lingorm ilf ep9,,,,,,
2026-08-15T09:08:34.827262+00:00,20260815-090834,https://trends24.in/indonesia/,Sat Aug 15 2026 01:18:30 GMT+0000 (Coordinated Universal Time),31,AOUBOOM 2ND DESTINY,aouboom 2nd destiny,,,,,,
2026-08-15T09:08:34.827262+00:00,20260815-090834,https://trends24.in/indonesia/,Sat Aug 15 2026 01:18:30 GMT+0000 (Coordinated Universal Time),32,Trade $ANTFUN,trade $antfun,,,,,,
2026-08-15T09:08:34.827262+00:00,20260815-090834,https://trends24.in/indonesia/,Sat Aug 15 2026 01:18:30 GMT+0000 (Coordinated Universal Time),33,dewtee live house,dewtee live house,,,,,,
2026-08-15T09:08:34.827262+00:00,20260815-090834,https://trends24.in/indonesia/,Sat Aug 15 2026 01:18:30 GMT+0000 (Coordinated Universal Time),34,MR. KILL SERIES PRESS TOUR,mr. kill series press tour,,,,,,
2026-08-15T09:08:34.827262+00:00,20260815-090834,https://trends24.in/indonesia/,Sat Aug 15 2026 01:18:30 GMT+0000 (Coordinated Universal Time),35,Gunil,gunil,,,,,,
2026-08-15T09:08:34.827262+00:00,20260815-090834,https://trends24.in/indonesia/,Sat Aug 15 2026 01:18:30 GMT+0000 (Coordinated Universal Time),36,Cinta Rangga,cinta rangga,,,,,,
2026-08-15T09:08:34.827262+00:00,20260815-090834,https://trends24.in/indonesia/,Sat Aug 15 2026 01:18:30 GMT+0000 (Coordinated Universal Time),37,Ruteng,ruteng,,,,,,
2026-08-15T09:08:34.827262+00:00,20260815-090834,https://trends24.in/indonesia/,Sat Aug 15 2026 01:18:30 GMT+0000 (Coordinated Universal Time),38,harqeel date encore,harqeel date encore,,,,,,
2026-08-15T09:08:34.827262+00:00,20260815-090834,https://trends24.in/indonesia/,Sat Aug 15 2026 01:18:30 GMT+0000 (Coordinated Universal Time),39,Ya Allah,ya allah,,,,,,
2026-08-15T09:08:34.827262+00:00,20260815-090834,https://trends24.in/indonesia/,Sat Aug 15 2026 01:18:30 GMT+0000 (Coordinated Universal Time),40,Wanna One,wanna one,,,,,,
2026-08-15T09:08:34.827262+00:00,20260815-090834,https://trends24.in/indonesia/,Sat Aug 15 2026 01:18:30 GMT+0000 (Coordinated Universal Time),41,pengabdian pada negeri,pengabdian pada negeri,,,,,,
2026-08-15T09:08:34.827262+00:00,20260815-090834,https://trends24.in/indonesia/,Sat Aug 15 2026 01:18:30 GMT+0000 (Coordinated Universal Time),42,Jumat,jumat,,,,,,
2026-08-15T09:08:34.827262+00:00,20260815-090834,https://trends24.in/indonesia/,Sat Aug 15 2026 01:18:30 GMT+0000 (Coordinated Universal Time),43,Sidang Tahunan MPR RI,sidang tahunan mpr ri,,,,,,
2026-08-15T09:08:34.827262+00:00,20260815-090834,https://trends24.in/indonesia/,Sat Aug 15 2026 01:18:30 GMT+0000 (Coordinated Universal Time),44,budiman sudjatmiko,budiman sudjatmiko,,,,,,
2026-08-15T09:08:34.827262+00:00,20260815-090834,https://trends24.in/indonesia/,Sat Aug 15 2026 01:18:30 GMT+0000 (Coordinated Universal Time),45,stop cropping james out,stop cropping james out,,,,,,
2026-08-15T09:08:34.827262+00:00,20260815-090834,https://trends24.in/indonesia/,Sat Aug 15 2026 01:18:30 GMT+0000 (Coordinated Universal Time),46,NUDE WITH JIMMYSEA,nude with jimmysea,,,,,,
2026-08-15T09:08:34.827262+00:00,20260815-090834,https://trends24.in/indonesia/,Sat Aug 15 2026 01:18:30 GMT+0000 (Coordinated Universal Time),47,Sidang Bersama DPR RI,sidang bersama dpr ri,,,,,,
2026-08-15T09:08:34.827262+00:00,20260815-090834,https://trends24.in/indonesia/,Sat Aug 15 2026 01:18:30 GMT+0000 (Coordinated Universal Time),48,OH MY FOURTH PRESS TOUR,oh my fourth press tour,,,,,,
2026-08-15T09:08:34.827262+00:00,20260815-090834,https://trends24.in/indonesia/,Sat Aug 15 2026 01:18:30 GMT+0000 (Coordinated Universal Time),49,DPD RI,dpd ri,,,,,,
2026-08-15T09:08:34.827262+00:00,20260815-090834,https://trends24.in/indonesia/,Sat Aug 15 2026 01:18:30 GMT+0000 (Coordinated Universal Time),50,Makassar,makassar,,,,,,
2026-08-15T09:08:34.827262+00:00,20260815-090834,https://trends24.in/indonesia/,Sat Aug 15 2026 00:27:13 GMT+0000 (Coordinated Universal Time),1,#AADCShortFilm,aadcshortfilm,,,,,,
2026-08-15T09:08:34.827262+00:00,20260815-090834,https://trends24.in/indonesia/,Sat Aug 15 2026 00:27:13 GMT+0000 (Coordinated Universal Time),2,Royco Cinta Dian,royco cinta dian,,,,,,
2026-08-15T09:08:34.827262+00:00,20260815-090834,https://trends24.in/indonesia/,Sat Aug 15 2026 00:27:13 GMT+0000 (Coordinated Universal Time),3,Flores,flores,,,,,,
2026-08-15T09:08:34.827262+00:00,20260815-090834,https://trends24.in/indonesia/,Sat Aug 15 2026 00:27:13 GMT+0000 (Coordinated Universal Time),4,#YouManiacSeries,youmaniacseries,,,,,,
2026-08-15T09:08:34.827262+00:00,20260815-090834,https://trends24.in/indonesia/,Sat Aug 15 2026 00:27:13 GMT+0000 (Coordinated Universal Time),5,#ARKANA3D,arkana3d,,,,,,
2026-08-15T09:08:34.827262+00:00,20260815-090834,https://trends24.in/indonesia/,Sat Aug 15 2026 00:27:13 GMT+0000 (Coordinated Universal Time),6,Pray for NTT,pray for ntt,,,,,,
2026-08-15T09:08:34.827262+00:00,20260815-090834,https://trends24.in/indonesia/,Sat Aug 15 2026 00:27:13 GMT+0000 (Coordinated Universal Time),7,#WEIRDO101SeriesEP1,weirdo101seriesep1,,,,,,
2026-08-15T09:08:34.827262+00:00,20260815-090834,https://trends24.in/indonesia/,Sat Aug 15 2026 00:27:13 GMT+0000 (Coordinated Universal Time),8,YOU MANIAC TRAILER,you maniac trailer,,,,,,
2026-08-15T09:08:34.827262+00:00,20260815-090834,https://trends24.in/indonesia/,Sat Aug 15 2026 00:27:13 GMT+0000 (Coordinated Universal Time),9,#budimandidesa,budimandidesa,,,,,,
2026-08-15T09:08:34.827262+00:00,20260815-090834,https://trends24.in/indonesia/,Sat Aug 15 2026 00:27:13 GMT+0000 (Coordinated Universal Time),10,Nusa Tenggara Timur,nusa tenggara timur,,,,,,
2026-08-15T09:08:34.827262+00:00,20260815-090834,https://trends24.in/indonesia/,Sat Aug 15 2026 00:27:13 GMT+0000 (Coordinated Universal Time),11,salurkan hingga pelosok,salurkan hingga pelosok,,,,,,
2026-08-15T09:08:34.827262+00:00,20260815-090834,https://trends24.in/indonesia/,Sat Aug 15 2026 00:27:13 GMT+0000 (Coordinated Universal Time),12,Selamat Hari Pramuka,selamat hari pramuka,,,,,,
2026-08-15T09:08:34.827262+00:00,20260815-090834,https://trends24.in/indonesia/,Sat Aug 15 2026 00:27:13 GMT+0000 (Coordinated Universal Time),13,SANTA LIP NUDE LIVE,santa lip nude live,,,,,,
2026-08-15T09:08:34.827262+00:00,20260815-090834,https://trends24.in/indonesia/,Sat Aug 15 2026 00:27:13 GMT+0000 (Coordinated Universal Time),14,BMKG,bmkg,,,,,,
2026-08-15T09:08:34.827262+00:00,20260815-090834,https://trends24.in/indonesia/,Sat Aug 15 2026 00:27:13 GMT+0000 (Coordinated Universal Time),15,Alhamdulillah,alhamdulillah,,,,,,
2026-08-15T09:08:34.827262+00:00,20260815-090834,https://trends24.in/indonesia/,Sat Aug 15 2026 00:27:13 GMT+0000 (Coordinated Universal Time),16,Maksimal Melayani Negeri,maksimal melayani negeri,,,,,,
2026-08-15T09:08:34.827262+00:00,20260815-090834,https://trends24.in/indonesia/,Sat Aug 15 2026 00:27:13 GMT+0000 (Coordinated Universal Time),17,PONDPHUWIN COKE ZERO,pondphuwin coke zero,,,,,,
2026-08-15T09:08:34.827262+00:00,20260815-090834,https://trends24.in/indonesia/,Sat Aug 15 2026 00:27:13 GMT+0000 (Coordinated Universal Time),18,Mbay,mbay,,,,,,
2026-08-15T09:08:34.827262+00:00,20260815-090834,https://trends24.in/indonesia/,Sat Aug 15 2026 00:27:13 GMT+0000 (Coordinated Universal Time),19,$MOTION,$motion,,,,,,
2026-08-15T09:08:34.827262+00:00,20260815-090834,https://trends24.in/indonesia/,Sat Aug 15 2026 00:27:13 GMT+0000 (Coordinated Universal Time),20,Labuan Bajo,labuan bajo,,,,,,
2026-08-15T09:08:34.827262+00:00,20260815-090834,https://trends24.in/indonesia/,Sat Aug 15 2026 00:27:13 GMT+0000 (Coordinated Universal Time),21,7.7 SR,7.7 sr,,,,,,
2026-08-15T09:08:34.827262+00:00,20260815-090834,https://trends24.in/indonesia/,Sat Aug 15 2026 00:27:13 GMT+0000 (Coordinated Universal Time),22,GoPay Investasi Emas,gopay investasi emas,,,,,,
2026-08-15T09:08:34.827262+00:00,20260815-090834,https://trends24.in/indonesia/,Sat Aug 15 2026 00:27:13 GMT+0000 (Coordinated Universal Time),23,jangan rayakan duka,jangan rayakan duka,,,,,,
2026-08-15T09:08:34.827262+00:00,20260815-090834,https://trends24.in/indonesia/,Sat Aug 15 2026 00:27:13 GMT+0000 (Coordinated Universal Time),24,bumdes,bumdes,,,,,,
2026-08-15T09:08:34.827262+00:00,20260815-090834,https://trends24.in/indonesia/,Sat Aug 15 2026 00:27:13 GMT+0000 (Coordinated Universal Time),25,AOUBOOM 2ND DESTINY,aouboom 2nd destiny,,,,,,
2026-08-15T09:08:34.827262+00:00,20260815-090834,https://trends24.in/indonesia/,Sat Aug 15 2026 00:27:13 GMT+0000 (Coordinated Universal Time),26,Nagekeo,nagekeo,,,,,,
2026-08-15T09:08:34.827262+00:00,20260815-090834,https://trends24.in/indonesia/,Sat Aug 15 2026 00:27:13 GMT+0000 (Coordinated Universal Time),27,Tsunami,tsunami,,,,,,
2026-08-15T09:08:34.827262+00:00,20260815-090834,https://trends24.in/indonesia/,Sat Aug 15 2026 00:27:13 GMT+0000 (Coordinated Universal Time),28,LINGORM ILF EP9,lingorm ilf ep9,,,,,,
2026-08-15T09:08:34.827262+00:00,20260815-090834,https://trends24.in/indonesia/,Sat Aug 15 2026 00:27:13 GMT+0000 (Coordinated Universal Time),29,Trade $ANTFUN,trade $antfun,,,,,,
2026-08-15T09:08:34.827262+00:00,20260815-090834,https://trends24.in/indonesia/,Sat Aug 15 2026 00:27:13 GMT+0000 (Coordinated Universal Time),30,dewtee live house,dewtee live house,,,,,,
2026-08-15T09:08:34.827262+00:00,20260815-090834,https://trends24.in/indonesia/,Sat Aug 15 2026 00:27:13 GMT+0000 (Coordinated Universal Time),31,MR. KILL SERIES PRESS TOUR,mr. kill series press tour,,,,,,
2026-08-15T09:08:34.827262+00:00,20260815-090834,https://trends24.in/indonesia/,Sat Aug 15 2026 00:27:13 GMT+0000 (Coordinated Universal Time),32,Gunil,gunil,,,,,,
2026-08-15T09:08:34.827262+00:00,20260815-090834,https://trends24.in/indonesia/,Sat Aug 15 2026 00:27:13 GMT+0000 (Coordinated Universal Time),33,Cinta Rangga,cinta rangga,,,,,,
2026-08-15T09:08:34.827262+00:00,20260815-090834,https://trends24.in/indonesia/,Sat Aug 15 2026 00:27:13 GMT+0000 (Coordinated Universal Time),34,harqeel date encore,harqeel date encore,,,,,,
2026-08-15T09:08:34.827262+00:00,20260815-090834,https://trends24.in/indonesia/,Sat Aug 15 2026 00:27:13 GMT+0000 (Coordinated Universal Time),35,Wanna One,wanna one,,,,,,
2026-08-15T09:08:34.827262+00:00,20260815-090834,https://trends24.in/indonesia/,Sat Aug 15 2026 00:27:13 GMT+0000 (Coordinated Universal Time),36,pengabdian pada negeri,pengabdian pada negeri,,,,,,
2026-08-15T09:08:34.827262+00:00,20260815-090834,https://trends24.in/indonesia/,Sat Aug 15 2026 00:27:13 GMT+0000 (Coordinated Universal Time),37,Jumat,jumat,,,,,,
2026-08-15T09:08:34.827262+00:00,20260815-090834,https://trends24.in/indonesia/,Sat Aug 15 2026 00:27:13 GMT+0000 (Coordinated Universal Time),38,Sumbawa,sumbawa,,,,,,
2026-08-15T09:08:34.827262+00:00,20260815-090834,https://trends24.in/indonesia/,Sat Aug 15 2026 00:27:13 GMT+0000 (Coordinated Universal Time),39,Sidang Tahunan MPR RI,sidang tahunan mpr ri,,,,,,
2026-08-15T09:08:34.827262+00:00,20260815-090834,https://trends24.in/indonesia/,Sat Aug 15 2026 00:27:13 GMT+0000 (Coordinated Universal Time),40,budiman sudjatmiko,budiman sudjatmiko,,,,,,
2026-08-15T09:08:34.827262+00:00,20260815-090834,https://trends24.in/indonesia/,Sat Aug 15 2026 00:27:13 GMT+0000 (Coordinated Universal Time),41,NUDE WITH JIMMYSEA,nude with jimmysea,,,,,,
2026-08-15T09:08:34.827262+00:00,20260815-090834,https://trends24.in/indonesia/,Sat Aug 15 2026 00:27:13 GMT+0000 (Coordinated Universal Time),42,stop cropping james out,stop cropping james out,,,,,,
2026-08-15T09:08:34.827262+00:00,20260815-090834,https://trends24.in/indonesia/,Sat Aug 15 2026 00:27:13 GMT+0000 (Coordinated Universal Time),43,Sidang Bersama DPR RI,sidang bersama dpr ri,,,,,,
2026-08-15T09:08:34.827262+00:00,20260815-090834,https://trends24.in/indonesia/,Sat Aug 15 2026 00:27:13 GMT+0000 (Coordinated Universal Time),44,LET'S FLIP IT With KickFlip,let's flip it with kickflip,,,,,,
2026-08-15T09:08:34.827262+00:00,20260815-090834,https://trends24.in/indonesia/,Sat Aug 15 2026 00:27:13 GMT+0000 (Coordinated Universal Time),45,COUNTLESS LOVE WITH HUENINGKAI,countless love with hueningkai,,,,,,
2026-08-15T09:08:34.827262+00:00,20260815-090834,https://trends24.in/indonesia/,Sat Aug 15 2026 00:27:13 GMT+0000 (Coordinated Universal Time),46,DPD RI,dpd ri,,,,,,
2026-08-15T09:08:34.827262+00:00,20260815-090834,https://trends24.in/indonesia/,Sat Aug 15 2026 00:27:13 GMT+0000 (Coordinated Universal Time),47,OH MY FOURTH PRESS TOUR,oh my fourth press tour,,,,,,
2026-08-15T09:08:34.827262+00:00,20260815-090834,https://trends24.in/indonesia/,Sat Aug 15 2026 00:27:13 GMT+0000 (Coordinated Universal Time),48,PHUWIN BLACK CARD MV,phuwin black card mv,,,,,,
2026-08-15T09:08:34.827262+00:00,20260815-090834,https://trends24.in/indonesia/,Sat Aug 15 2026 00:27:13 GMT+0000 (Coordinated Universal Time),49,Regal Vignette,regal vignette,,,,,,
2026-08-15T09:08:34.827262+00:00,20260815-090834,https://trends24.in/indonesia/,Sat Aug 15 2026 00:27:13 GMT+0000 (Coordinated Universal Time),50,18 YEARS OF RORANDERFUL,18 years of roranderful,,,,,,
2026-08-15T09:08:34.827262+00:00,20260815-090834,https://trends24.in/indonesia/,Fri Aug 14 2026 23:33:27 GMT+0000 (Coordinated Universal Time),1,#AADCShortFilm,aadcshortfilm,,,,,,
2026-08-15T09:08:34.827262+00:00,20260815-090834,https://trends24.in/indonesia/,Fri Aug 14 2026 23:33:27 GMT+0000 (Coordinated Universal Time),2,Royco Cinta Dian,royco cinta dian,,,,,,
2026-08-15T09:08:34.827262+00:00,20260815-090834,https://trends24.in/indonesia/,Fri Aug 14 2026 23:33:27 GMT+0000 (Coordinated Universal Time),3,#YouManiacSeries,youmaniacseries,,,,,,
2026-08-15T09:08:34.827262+00:00,20260815-090834,https://trends24.in/indonesia/,Fri Aug 14 2026 23:33:27 GMT+0000 (Coordinated Universal Time),4,#ARKANA3D,arkana3d,,,,,,
2026-08-15T09:08:34.827262+00:00,20260815-090834,https://trends24.in/indonesia/,Fri Aug 14 2026 23:33:27 GMT+0000 (Coordinated Universal Time),5,YOU MANIAC TRAILER,you maniac trailer,,,,,,
2026-08-15T09:08:34.827262+00:00,20260815-090834,https://trends24.in/indonesia/,Fri Aug 14 2026 23:33:27 GMT+0000 (Coordinated Universal Time),6,#WEIRDO101SeriesEP1,weirdo101seriesep1,,,,,,
2026-08-15T09:08:34.827262+00:00,20260815-090834,https://trends24.in/indonesia/,Fri Aug 14 2026 23:33:27 GMT+0000 (Coordinated Universal Time),7,#MingyuinJKTforDIOR,mingyuinjktfordior,,,,,,
2026-08-15T09:08:34.827262+00:00,20260815-090834,https://trends24.in/indonesia/,Fri Aug 14 2026 23:33:27 GMT+0000 (Coordinated Universal Time),8,salurkan hingga pelosok,salurkan hingga pelosok,,,,,,
2026-08-15T09:08:34.827262+00:00,20260815-090834,https://trends24.in/indonesia/,Fri Aug 14 2026 23:33:27 GMT+0000 (Coordinated Universal Time),9,Selamat Hari Pramuka,selamat hari pramuka,,,,,,
2026-08-15T09:08:34.827262+00:00,20260815-090834,https://trends24.in/indonesia/,Fri Aug 14 2026 23:33:27 GMT+0000 (Coordinated Universal Time),10,SANTA LIP NUDE LIVE,santa lip nude live,,,,,,
2026-08-15T09:08:34.827262+00:00,20260815-090834,https://trends24.in/indonesia/,Fri Aug 14 2026 23:33:27 GMT+0000 (Coordinated Universal Time),11,Flores,flores,,,,,,
2026-08-15T09:08:34.827262+00:00,20260815-090834,https://trends24.in/indonesia/,Fri Aug 14 2026 23:33:27 GMT+0000 (Coordinated Universal Time),12,Maksimal Melayani Negeri,maksimal melayani negeri,,,,,,
2026-08-15T09:08:34.827262+00:00,20260815-090834,https://trends24.in/indonesia/,Fri Aug 14 2026 23:33:27 GMT+0000 (Coordinated Universal Time),13,PONDPHUWIN COKE ZERO,pondphuwin coke zero,,,,,,
2026-08-15T09:08:34.827262+00:00,20260815-090834,https://trends24.in/indonesia/,Fri Aug 14 2026 23:33:27 GMT+0000 (Coordinated Universal Time),14,$MOTION,$motion,,,,,,
2026-08-15T09:08:34.827262+00:00,20260815-090834,https://trends24.in/indonesia/,Fri Aug 14 2026 23:33:27 GMT+0000 (Coordinated Universal Time),15,Cinta Rangga,cinta rangga,,,,,,
2026-08-15T09:08:34.827262+00:00,20260815-090834,https://trends24.in/indonesia/,Fri Aug 14 2026 23:33:27 GMT+0000 (Coordinated Universal Time),16,GoPay Investasi Emas,gopay investasi emas,,,,,,
2026-08-15T09:08:34.827262+00:00,20260815-090834,https://trends24.in/indonesia/,Fri Aug 14 2026 23:33:27 GMT+0000 (Coordinated Universal Time),17,jangan rayakan duka,jangan rayakan duka,,,,,,
2026-08-15T09:08:34.827262+00:00,20260815-090834,https://trends24.in/indonesia/,Fri Aug 14 2026 23:33:27 GMT+0000 (Coordinated Universal Time),18,bumdes,bumdes,,,,,,
2026-08-15T09:08:34.827262+00:00,20260815-090834,https://trends24.in/indonesia/,Fri Aug 14 2026 23:33:27 GMT+0000 (Coordinated Universal Time),19,BMKG,bmkg,,,,,,
2026-08-15T09:08:34.827262+00:00,20260815-090834,https://trends24.in/indonesia/,Fri Aug 14 2026 23:33:27 GMT+0000 (Coordinated Universal Time),20,LINGORM ILF EP9,lingorm ilf ep9,,,,,,
2026-08-15T09:08:34.827262+00:00,20260815-090834,https://trends24.in/indonesia/,Fri Aug 14 2026 23:33:27 GMT+0000 (Coordinated Universal Time),21,Trade $ANTFUN,trade $antfun,,,,,,
2026-08-15T09:08:34.827262+00:00,20260815-090834,https://trends24.in/indonesia/,Fri Aug 14 2026 23:33:27 GMT+0000 (Coordinated Universal Time),22,dewtee live house,dewtee live house,,,,,,
2026-08-15T09:08:34.827262+00:00,20260815-090834,https://trends24.in/indonesia/,Fri Aug 14 2026 23:33:27 GMT+0000 (Coordinated Universal Time),23,MR. KILL SERIES PRESS TOUR,mr. kill series press tour,,,,,,
2026-08-15T09:08:34.827262+00:00,20260815-090834,https://trends24.in/indonesia/,Fri Aug 14 2026 23:33:27 GMT+0000 (Coordinated Universal Time),24,Gunil,gunil,,,,,,
2026-08-15T09:08:34.827262+00:00,20260815-090834,https://trends24.in/indonesia/,Fri Aug 14 2026 23:33:27 GMT+0000 (Coordinated Universal Time),25,harqeel date encore,harqeel date encore,,,,,,
2026-08-15T09:08:34.827262+00:00,20260815-090834,https://trends24.in/indonesia/,Fri Aug 14 2026 23:33:27 GMT+0000 (Coordinated Universal Time),26,Makassar,makassar,,,,,,
2026-08-15T09:08:34.827262+00:00,20260815-090834,https://trends24.in/indonesia/,Fri Aug 14 2026 23:33:27 GMT+0000 (Coordinated Universal Time),27,Jumat,jumat,,,,,,
2026-08-15T09:08:34.827262+00:00,20260815-090834,https://trends24.in/indonesia/,Fri Aug 14 2026 23:33:27 GMT+0000 (Coordinated Universal Time),28,pengabdian pada negeri,pengabdian pada negeri,,,,,,
2026-08-15T09:08:34.827262+00:00,20260815-090834,https://trends24.in/indonesia/,Fri Aug 14 2026 23:33:27 GMT+0000 (Coordinated Universal Time),29,Sidang Tahunan MPR RI,sidang tahunan mpr ri,,,,,,
2026-08-15T09:08:34.827262+00:00,20260815-090834,https://trends24.in/indonesia/,Fri Aug 14 2026 23:33:27 GMT+0000 (Coordinated Universal Time),30,Sumbawa,sumbawa,,,,,,
2026-08-15T09:08:34.827262+00:00,20260815-090834,https://trends24.in/indonesia/,Fri Aug 14 2026 23:33:27 GMT+0000 (Coordinated Universal Time),31,budiman sudjatmiko,budiman sudjatmiko,,,,,,
2026-08-15T09:08:34.827262+00:00,20260815-090834,https://trends24.in/indonesia/,Fri Aug 14 2026 23:33:27 GMT+0000 (Coordinated Universal Time),32,NUDE WITH JIMMYSEA,nude with jimmysea,,,,,,
2026-08-15T09:08:34.827262+00:00,20260815-090834,https://trends24.in/indonesia/,Fri Aug 14 2026 23:33:27 GMT+0000 (Coordinated Universal Time),33,stop cropping james out,stop cropping james out,,,,,,
2026-08-15T09:08:34.827262+00:00,20260815-090834,https://trends24.in/indonesia/,Fri Aug 14 2026 23:33:27 GMT+0000 (Coordinated Universal Time),34,Alhamdulillah,alhamdulillah,,,,,,
2026-08-15T09:08:34.827262+00:00,20260815-090834,https://trends24.in/indonesia/,Fri Aug 14 2026 23:33:27 GMT+0000 (Coordinated Universal Time),35,Sidang Bersama DPR RI,sidang bersama dpr ri,,,,,,
2026-08-15T09:08:34.827262+00:00,20260815-090834,https://trends24.in/indonesia/,Fri Aug 14 2026 23:33:27 GMT+0000 (Coordinated Universal Time),36,DPD RI,dpd ri,,,,,,
2026-08-15T09:08:34.827262+00:00,20260815-090834,https://trends24.in/indonesia/,Fri Aug 14 2026 23:33:27 GMT+0000 (Coordinated Universal Time),37,COUNTLESS LOVE WITH HUENINGKAI,countless love with hueningkai,,,,,,
2026-08-15T09:08:34.827262+00:00,20260815-090834,https://trends24.in/indonesia/,Fri Aug 14 2026 23:33:27 GMT+0000 (Coordinated Universal Time),38,OH MY FOURTH PRESS TOUR,oh my fourth press tour,,,,,,
2026-08-15T09:08:34.827262+00:00,20260815-090834,https://trends24.in/indonesia/,Fri Aug 14 2026 23:33:27 GMT+0000 (Coordinated Universal Time),39,Labuan Bajo,labuan bajo,,,,,,
2026-08-15T09:08:34.827262+00:00,20260815-090834,https://trends24.in/indonesia/,Fri Aug 14 2026 23:33:27 GMT+0000 (Coordinated Universal Time),40,PHUWIN BLACK CARD MV,phuwin black card mv,,,,,,
2026-08-15T09:08:34.827262+00:00,20260815-090834,https://trends24.in/indonesia/,Fri Aug 14 2026 23:33:27 GMT+0000 (Coordinated Universal Time),41,18 YEARS OF RORANDERFUL,18 years of roranderful,,,,,,
2026-08-15T09:08:34.827262+00:00,20260815-090834,https://trends24.in/indonesia/,Fri Aug 14 2026 23:33:27 GMT+0000 (Coordinated Universal Time),42,Stay Safe,stay safe,,,,,,
2026-08-15T09:08:34.827262+00:00,20260815-090834,https://trends24.in/indonesia/,Fri Aug 14 2026 23:33:27 GMT+0000 (Coordinated Universal Time),43,tentara nasional indonesia,tentara nasional indonesia,,,,,,
2026-08-15T09:08:34.827262+00:00,20260815-090834,https://trends24.in/indonesia/,Fri Aug 14 2026 23:33:27 GMT+0000 (Coordinated Universal Time),44,Klaim Voucher 100%,klaim voucher 100%,,,,,,
2026-08-15T09:08:34.827262+00:00,20260815-090834,https://trends24.in/indonesia/,Fri Aug 14 2026 23:33:27 GMT+0000 (Coordinated Universal Time),45,RUU HAM,ruu ham,,,,,,
2026-08-15T09:08:34.827262+00:00,20260815-090834,https://trends24.in/indonesia/,Fri Aug 14 2026 23:33:27 GMT+0000 (Coordinated Universal Time),46,Primogems,primogems,,,,,,
2026-08-15T09:08:34.827262+00:00,20260815-090834,https://trends24.in/indonesia/,Fri Aug 14 2026 23:33:27 GMT+0000 (Coordinated Universal Time),47,LUNAR OUR LITTLE POP STAR,lunar our little pop star,,,,,,
2026-08-15T09:08:34.827262+00:00,20260815-090834,https://trends24.in/indonesia/,Fri Aug 14 2026 23:33:27 GMT+0000 (Coordinated Universal Time),48,PIL PRESS AND PRAY,pil press and pray,,,,,,
2026-08-15T09:08:34.827262+00:00,20260815-090834,https://trends24.in/indonesia/,Fri Aug 14 2026 23:33:27 GMT+0000 (Coordinated Universal Time),49,Jembatan Merah Putih Presisi,jembatan merah putih presisi,,,,,,
2026-08-15T09:08:34.827262+00:00,20260815-090834,https://trends24.in/indonesia/,Fri Aug 14 2026 23:33:27 GMT+0000 (Coordinated Universal Time),50,kelurahan merah putih,kelurahan merah putih,,,,,,
2026-08-15T09:08:34.827262+00:00,20260815-090834,https://trends24.in/indonesia/,Fri Aug 14 2026 22:42:24 GMT+0000 (Coordinated Universal Time),1,#AADCShortFilm,aadcshortfilm,,,,,,
2026-08-15T09:08:34.827262+00:00,20260815-090834,https://trends24.in/indonesia/,Fri Aug 14 2026 22:42:24 GMT+0000 (Coordinated Universal Time),2,Royco Cinta Dian,royco cinta dian,,,,,,
2026-08-15T09:08:34.827262+00:00,20260815-090834,https://trends24.in/indonesia/,Fri Aug 14 2026 22:42:24 GMT+0000 (Coordinated Universal Time),3,#YouManiacSeries,youmaniacseries,,,,,,
2026-08-15T09:08:34.827262+00:00,20260815-090834,https://trends24.in/indonesia/,Fri Aug 14 2026 22:42:24 GMT+0000 (Coordinated Universal Time),4,#ARKANA3D,arkana3d,,,,,,
2026-08-15T09:08:34.827262+00:00,20260815-090834,https://trends24.in/indonesia/,Fri Aug 14 2026 22:42:24 GMT+0000 (Coordinated Universal Time),5,YOU MANIAC TRAILER,you maniac trailer,,,,,,
2026-08-15T09:08:34.827262+00:00,20260815-090834,https://trends24.in/indonesia/,Fri Aug 14 2026 22:42:24 GMT+0000 (Coordinated Universal Time),6,#WEIRDO101SeriesEP1,weirdo101seriesep1,,,,,,
2026-08-15T09:08:34.827262+00:00,20260815-090834,https://trends24.in/indonesia/,Fri Aug 14 2026 22:42:24 GMT+0000 (Coordinated Universal Time),7,#WelcomeToJKT_MINGYU,welcometojkt_mingyu,,,,,,
2026-08-15T09:08:34.827262+00:00,20260815-090834,https://trends24.in/indonesia/,Fri Aug 14 2026 22:42:24 GMT+0000 (Coordinated Universal Time),8,salurkan hingga pelosok,salurkan hingga pelosok,,,,,,
2026-08-15T09:08:34.827262+00:00,20260815-090834,https://trends24.in/indonesia/,Fri Aug 14 2026 22:42:24 GMT+0000 (Coordinated Universal Time),9,Selamat Hari Pramuka,selamat hari pramuka,,,,,,
2026-08-15T09:08:34.827262+00:00,20260815-090834,https://trends24.in/indonesia/,Fri Aug 14 2026 22:42:24 GMT+0000 (Coordinated Universal Time),10,SANTA LIP NUDE LIVE,santa lip nude live,,,,,,
2026-08-15T09:08:34.827262+00:00,20260815-090834,https://trends24.in/indonesia/,Fri Aug 14 2026 22:42:24 GMT+0000 (Coordinated Universal Time),11,PONDPHUWIN COKE ZERO,pondphuwin coke zero,,,,,,
2026-08-15T09:08:34.827262+00:00,20260815-090834,https://trends24.in/indonesia/,Fri Aug 14 2026 22:42:24 GMT+0000 (Coordinated Universal Time),12,Maksimal Melayani Negeri,maksimal melayani negeri,,,,,,
2026-08-15T09:08:34.827262+00:00,20260815-090834,https://trends24.in/indonesia/,Fri Aug 14 2026 22:42:24 GMT+0000 (Coordinated Universal Time),13,$MOTION,$motion,,,,,,
2026-08-15T09:08:34.827262+00:00,20260815-090834,https://trends24.in/indonesia/,Fri Aug 14 2026 22:42:24 GMT+0000 (Coordinated Universal Time),14,cinta rangga,cinta rangga,,,,,,
2026-08-15T09:08:34.827262+00:00,20260815-090834,https://trends24.in/indonesia/,Fri Aug 14 2026 22:42:24 GMT+0000 (Coordinated Universal Time),15,GoPay Investasi Emas,gopay investasi emas,,,,,,
2026-08-15T09:08:34.827262+00:00,20260815-090834,https://trends24.in/indonesia/,Fri Aug 14 2026 22:42:24 GMT+0000 (Coordinated Universal Time),16,jangan rayakan duka,jangan rayakan duka,,,,,,
2026-08-15T09:08:34.827262+00:00,20260815-090834,https://trends24.in/indonesia/,Fri Aug 14 2026 22:42:24 GMT+0000 (Coordinated Universal Time),17,MR. KILL SERIES PRESS TOUR,mr. kill series press tour,,,,,,
2026-08-15T09:08:34.827262+00:00,20260815-090834,https://trends24.in/indonesia/,Fri Aug 14 2026 22:42:24 GMT+0000 (Coordinated Universal Time),18,bumdes,bumdes,,,,,,
2026-08-15T09:08:34.827262+00:00,20260815-090834,https://trends24.in/indonesia/,Fri Aug 14 2026 22:42:24 GMT+0000 (Coordinated Universal Time),19,LINGORM ILF EP9,lingorm ilf ep9,,,,,,
2026-08-15T09:08:34.827262+00:00,20260815-090834,https://trends24.in/indonesia/,Fri Aug 14 2026 22:42:24 GMT+0000 (Coordinated Universal Time),20,Trade $ANTFUN,trade $antfun,,,,,,
2026-08-15T09:08:34.827262+00:00,20260815-090834,https://trends24.in/indonesia/,Fri Aug 14 2026 22:42:24 GMT+0000 (Coordinated Universal Time),21,Gunil,gunil,,,,,,
2026-08-15T09:08:34.827262+00:00,20260815-090834,https://trends24.in/indonesia/,Fri Aug 14 2026 22:42:24 GMT+0000 (Coordinated Universal Time),22,dewtee live house,dewtee live house,,,,,,
2026-08-15T09:08:34.827262+00:00,20260815-090834,https://trends24.in/indonesia/,Fri Aug 14 2026 22:42:24 GMT+0000 (Coordinated Universal Time),23,NUDE WITH JIMMYSEA,nude with jimmysea,,,,,,
2026-08-15T09:08:34.827262+00:00,20260815-090834,https://trends24.in/indonesia/,Fri Aug 14 2026 22:42:24 GMT+0000 (Coordinated Universal Time),24,Sidang Tahunan MPR RI,sidang tahunan mpr ri,,,,,,
2026-08-15T09:08:34.827262+00:00,20260815-090834,https://trends24.in/indonesia/,Fri Aug 14 2026 22:42:24 GMT+0000 (Coordinated Universal Time),25,harqeel date encore,harqeel date encore,,,,,,
2026-08-15T09:08:34.827262+00:00,20260815-090834,https://trends24.in/indonesia/,Fri Aug 14 2026 22:42:24 GMT+0000 (Coordinated Universal Time),26,Jumat,jumat,,,,,,
2026-08-15T09:08:34.827262+00:00,20260815-090834,https://trends24.in/indonesia/,Fri Aug 14 2026 22:42:24 GMT+0000 (Coordinated Universal Time),27,Sidang Bersama DPR RI,sidang bersama dpr ri,,,,,,
2026-08-15T09:08:34.827262+00:00,20260815-090834,https://trends24.in/indonesia/,Fri Aug 14 2026 22:42:24 GMT+0000 (Coordinated Universal Time),28,pengabdian pada negeri,pengabdian pada negeri,,,,,,
2026-08-15T09:08:34.827262+00:00,20260815-090834,https://trends24.in/indonesia/,Fri Aug 14 2026 22:42:24 GMT+0000 (Coordinated Universal Time),29,Sumbawa,sumbawa,,,,,,
2026-08-15T09:08:34.827262+00:00,20260815-090834,https://trends24.in/indonesia/,Fri Aug 14 2026 22:42:24 GMT+0000 (Coordinated Universal Time),30,DPD RI,dpd ri,,,,,,
2026-08-15T09:08:34.827262+00:00,20260815-090834,https://trends24.in/indonesia/,Fri Aug 14 2026 22:42:24 GMT+0000 (Coordinated Universal Time),31,budiman sudjatmiko,budiman sudjatmiko,,,,,,
2026-08-15T09:08:34.827262+00:00,20260815-090834,https://trends24.in/indonesia/,Fri Aug 14 2026 22:42:24 GMT+0000 (Coordinated Universal Time),32,Makassar,makassar,,,,,,
2026-08-15T09:08:34.827262+00:00,20260815-090834,https://trends24.in/indonesia/,Fri Aug 14 2026 22:42:24 GMT+0000 (Coordinated Universal Time),33,stop cropping james out,stop cropping james out,,,,,,
2026-08-15T09:08:34.827262+00:00,20260815-090834,https://trends24.in/indonesia/,Fri Aug 14 2026 22:42:24 GMT+0000 (Coordinated Universal Time),34,COUNTLESS LOVE WITH HUENINGKAI,countless love with hueningkai,,,,,,
2026-08-15T09:08:34.827262+00:00,20260815-090834,https://trends24.in/indonesia/,Fri Aug 14 2026 22:42:24 GMT+0000 (Coordinated Universal Time),35,OH MY FOURTH PRESS TOUR,oh my fourth press tour,,,,,,
2026-08-15T09:08:34.827262+00:00,20260815-090834,https://trends24.in/indonesia/,Fri Aug 14 2026 22:42:24 GMT+0000 (Coordinated Universal Time),36,18 YEARS OF RORANDERFUL,18 years of roranderful,,,,,,
2026-08-15T09:08:34.827262+00:00,20260815-090834,https://trends24.in/indonesia/,Fri Aug 14 2026 22:42:24 GMT+0000 (Coordinated Universal Time),37,PHUWIN BLACK CARD MV,phuwin black card mv,,,,,,
2026-08-15T09:08:34.827262+00:00,20260815-090834,https://trends24.in/indonesia/,Fri Aug 14 2026 22:42:24 GMT+0000 (Coordinated Universal Time),38,RUU HAM,ruu ham,,,,,,
2026-08-15T09:08:34.827262+00:00,20260815-090834,https://trends24.in/indonesia/,Fri Aug 14 2026 22:42:24 GMT+0000 (Coordinated Universal Time),39,Regal Vignette,regal vignette,,,,,,
2026-08-15T09:08:34.827262+00:00,20260815-090834,https://trends24.in/indonesia/,Fri Aug 14 2026 22:42:24 GMT+0000 (Coordinated Universal Time),40,tentara nasional indonesia,tentara nasional indonesia,,,,,,
2026-08-15T09:08:34.827262+00:00,20260815-090834,https://trends24.in/indonesia/,Fri Aug 14 2026 22:42:24 GMT+0000 (Coordinated Universal Time),41,Klaim Voucher 100%,klaim voucher 100%,,,,,,
2026-08-15T09:08:34.827262+00:00,20260815-090834,https://trends24.in/indonesia/,Fri Aug 14 2026 22:42:24 GMT+0000 (Coordinated Universal Time),42,LUNAR OUR LITTLE POP STAR,lunar our little pop star,,,,,,
2026-08-15T09:08:34.827262+00:00,20260815-090834,https://trends24.in/indonesia/,Fri Aug 14 2026 22:42:24 GMT+0000 (Coordinated Universal Time),43,PIL PRESS AND PRAY,pil press and pray,,,,,,
2026-08-15T09:08:34.827262+00:00,20260815-090834,https://trends24.in/indonesia/,Fri Aug 14 2026 22:42:24 GMT+0000 (Coordinated Universal Time),44,Primogems,primogems,,,,,,
2026-08-15T09:08:34.827262+00:00,20260815-090834,https://trends24.in/indonesia/,Fri Aug 14 2026 22:42:24 GMT+0000 (Coordinated Universal Time),45,Jembatan Merah Putih Presisi,jembatan merah putih presisi,,,,,,
2026-08-15T09:08:34.827262+00:00,20260815-090834,https://trends24.in/indonesia/,Fri Aug 14 2026 22:42:24 GMT+0000 (Coordinated Universal Time),46,kelurahan merah putih,kelurahan merah putih,,,,,,
2026-08-15T09:08:34.827262+00:00,20260815-090834,https://trends24.in/indonesia/,Fri Aug 14 2026 22:42:24 GMT+0000 (Coordinated Universal Time),47,EMIBONNIE RED KISS PRESS TOUR,emibonnie red kiss press tour,,,,,,
2026-08-15T09:08:34.827262+00:00,20260815-090834,https://trends24.in/indonesia/,Fri Aug 14 2026 22:42:24 GMT+0000 (Coordinated Universal Time),48,JJJFAM X CharacterFestTH,jjjfam x characterfestth,,,,,,
2026-08-15T09:08:34.827262+00:00,20260815-090834,https://trends24.in/indonesia/,Fri Aug 14 2026 22:42:24 GMT+0000 (Coordinated Universal Time),49,PARK JIHOON,park jihoon,,,,,,
2026-08-15T09:08:34.827262+00:00,20260815-090834,https://trends24.in/indonesia/,Fri Aug 14 2026 22:42:24 GMT+0000 (Coordinated Universal Time),50,satyaku kudarmakan,satyaku kudarmakan,,,,,,
2026-08-15T09:08:34.827262+00:00,20260815-090834,https://trends24.in/indonesia/,Fri Aug 14 2026 21:51:22 GMT+0000 (Coordinated Universal Time),1,#AADCShortFilm,aadcshortfilm,,,,,,
2026-08-15T09:08:34.827262+00:00,20260815-090834,https://trends24.in/indonesia/,Fri Aug 14 2026 21:51:22 GMT+0000 (Coordinated Universal Time),2,Royco Cinta Dian,royco cinta dian,,,,,,
2026-08-15T09:08:34.827262+00:00,20260815-090834,https://trends24.in/indonesia/,Fri Aug 14 2026 21:51:22 GMT+0000 (Coordinated Universal Time),3,#YouManiacSeries,youmaniacseries,,,,,,
2026-08-15T09:08:34.827262+00:00,20260815-090834,https://trends24.in/indonesia/,Fri Aug 14 2026 21:51:22 GMT+0000 (Coordinated Universal Time),4,#ARKANA3D,arkana3d,,,,,,
2026-08-15T09:08:34.827262+00:00,20260815-090834,https://trends24.in/indonesia/,Fri Aug 14 2026 21:51:22 GMT+0000 (Coordinated Universal Time),5,YOU MANIAC TRAILER,you maniac trailer,,,,,,
2026-08-15T09:08:34.827262+00:00,20260815-090834,https://trends24.in/indonesia/,Fri Aug 14 2026 21:51:22 GMT+0000 (Coordinated Universal Time),6,#WEIRDO101SeriesEP1,weirdo101seriesep1,,,,,,
2026-08-15T09:08:34.827262+00:00,20260815-090834,https://trends24.in/indonesia/,Fri Aug 14 2026 21:51:22 GMT+0000 (Coordinated Universal Time),7,#WelcomeToJKT_MINGYU,welcometojkt_mingyu,,,,,,
2026-08-15T09:08:34.827262+00:00,20260815-090834,https://trends24.in/indonesia/,Fri Aug 14 2026 21:51:22 GMT+0000 (Coordinated Universal Time),8,salurkan hingga pelosok,salurkan hingga pelosok,,,,,,
2026-08-15T09:08:34.827262+00:00,20260815-090834,https://trends24.in/indonesia/,Fri Aug 14 2026 21:51:22 GMT+0000 (Coordinated Universal Time),9,Selamat Hari Pramuka,selamat hari pramuka,,,,,,
2026-08-15T09:08:34.827262+00:00,20260815-090834,https://trends24.in/indonesia/,Fri Aug 14 2026 21:51:22 GMT+0000 (Coordinated Universal Time),10,SANTA LIP NUDE LIVE,santa lip nude live,,,,,,
2026-08-15T09:08:34.827262+00:00,20260815-090834,https://trends24.in/indonesia/,Fri Aug 14 2026 21:51:22 GMT+0000 (Coordinated Universal Time),11,PONDPHUWIN COKE ZERO,pondphuwin coke zero,,,,,,
2026-08-15T09:08:34.827262+00:00,20260815-090834,https://trends24.in/indonesia/,Fri Aug 14 2026 21:51:22 GMT+0000 (Coordinated Universal Time),12,Maksimal Melayani Negeri,maksimal melayani negeri,,,,,,
2026-08-15T09:08:34.827262+00:00,20260815-090834,https://trends24.in/indonesia/,Fri Aug 14 2026 21:51:22 GMT+0000 (Coordinated Universal Time),13,$MOTION,$motion,,,,,,
2026-08-15T09:08:34.827262+00:00,20260815-090834,https://trends24.in/indonesia/,Fri Aug 14 2026 21:51:22 GMT+0000 (Coordinated Universal Time),14,cinta rangga,cinta rangga,,,,,,
2026-08-15T09:08:34.827262+00:00,20260815-090834,https://trends24.in/indonesia/,Fri Aug 14 2026 21:51:22 GMT+0000 (Coordinated Universal Time),15,GoPay Investasi Emas,gopay investasi emas,,,,,,
2026-08-15T09:08:34.827262+00:00,20260815-090834,https://trends24.in/indonesia/,Fri Aug 14 2026 21:51:22 GMT+0000 (Coordinated Universal Time),16,jangan rayakan duka,jangan rayakan duka,,,,,,
2026-08-15T09:08:34.827262+00:00,20260815-090834,https://trends24.in/indonesia/,Fri Aug 14 2026 21:51:22 GMT+0000 (Coordinated Universal Time),17,MR. KILL SERIES PRESS TOUR,mr. kill series press tour,,,,,,
2026-08-15T09:08:34.827262+00:00,20260815-090834,https://trends24.in/indonesia/,Fri Aug 14 2026 21:51:22 GMT+0000 (Coordinated Universal Time),18,bumdes,bumdes,,,,,,
2026-08-15T09:08:34.827262+00:00,20260815-090834,https://trends24.in/indonesia/,Fri Aug 14 2026 21:51:22 GMT+0000 (Coordinated Universal Time),19,AOUBOOM 2ND DESTINY,aouboom 2nd destiny,,,,,,
2026-08-15T09:08:34.827262+00:00,20260815-090834,https://trends24.in/indonesia/,Fri Aug 14 2026 21:51:22 GMT+0000 (Coordinated Universal Time),20,LINGORM ILF EP9,lingorm ilf ep9,,,,,,
2026-08-15T09:08:34.827262+00:00,20260815-090834,https://trends24.in/indonesia/,Fri Aug 14 2026 21:51:22 GMT+0000 (Coordinated Universal Time),21,Trade $ANTFUN,trade $antfun,,,,,,
2026-08-15T09:08:34.827262+00:00,20260815-090834,https://trends24.in/indonesia/,Fri Aug 14 2026 21:51:22 GMT+0000 (Coordinated Universal Time),22,Gunil,gunil,,,,,,
2026-08-15T09:08:34.827262+00:00,20260815-090834,https://trends24.in/indonesia/,Fri Aug 14 2026 21:51:22 GMT+0000 (Coordinated Universal Time),23,dewtee live house,dewtee live house,,,,,,
2026-08-15T09:08:34.827262+00:00,20260815-090834,https://trends24.in/indonesia/,Fri Aug 14 2026 21:51:22 GMT+0000 (Coordinated Universal Time),24,Jumat,jumat,,,,,,
2026-08-15T09:08:34.827262+00:00,20260815-090834,https://trends24.in/indonesia/,Fri Aug 14 2026 21:51:22 GMT+0000 (Coordinated Universal Time),25,NUDE WITH JIMMYSEA,nude with jimmysea,,,,,,
2026-08-15T09:08:34.827262+00:00,20260815-090834,https://trends24.in/indonesia/,Fri Aug 14 2026 21:51:22 GMT+0000 (Coordinated Universal Time),26,Sidang Tahunan MPR RI,sidang tahunan mpr ri,,,,,,
2026-08-15T09:08:34.827262+00:00,20260815-090834,https://trends24.in/indonesia/,Fri Aug 14 2026 21:51:22 GMT+0000 (Coordinated Universal Time),27,harqeel date encore,harqeel date encore,,,,,,
2026-08-15T09:08:34.827262+00:00,20260815-090834,https://trends24.in/indonesia/,Fri Aug 14 2026 21:51:22 GMT+0000 (Coordinated Universal Time),28,Sidang Bersama DPR RI,sidang bersama dpr ri,,,,,,
2026-08-15T09:08:34.827262+00:00,20260815-090834,https://trends24.in/indonesia/,Fri Aug 14 2026 21:51:22 GMT+0000 (Coordinated Universal Time),29,pengabdian pada negeri,pengabdian pada negeri,,,,,,
2026-08-15T09:08:34.827262+00:00,20260815-090834,https://trends24.in/indonesia/,Fri Aug 14 2026 21:51:22 GMT+0000 (Coordinated Universal Time),30,DPD RI,dpd ri,,,,,,
2026-08-15T09:08:34.827262+00:00,20260815-090834,https://trends24.in/indonesia/,Fri Aug 14 2026 21:51:22 GMT+0000 (Coordinated Universal Time),31,budiman sudjatmiko,budiman sudjatmiko,,,,,,
2026-08-15T09:08:34.827262+00:00,20260815-090834,https://trends24.in/indonesia/,Fri Aug 14 2026 21:51:22 GMT+0000 (Coordinated Universal Time),32,COUNTLESS LOVE WITH HUENINGKAI,countless love with hueningkai,,,,,,
2026-08-15T09:08:34.827262+00:00,20260815-090834,https://trends24.in/indonesia/,Fri Aug 14 2026 21:51:22 GMT+0000 (Coordinated Universal Time),33,Presiden Prabowo Subianto,presiden prabowo subianto,,,,,,
2026-08-15T09:08:34.827262+00:00,20260815-090834,https://trends24.in/indonesia/,Fri Aug 14 2026 21:51:22 GMT+0000 (Coordinated Universal Time),34,stop cropping james out,stop cropping james out,,,,,,
2026-08-15T09:08:34.827262+00:00,20260815-090834,https://trends24.in/indonesia/,Fri Aug 14 2026 21:51:22 GMT+0000 (Coordinated Universal Time),35,OH MY FOURTH PRESS TOUR,oh my fourth press tour,,,,,,
2026-08-15T09:08:34.827262+00:00,20260815-090834,https://trends24.in/indonesia/,Fri Aug 14 2026 21:51:22 GMT+0000 (Coordinated Universal Time),36,18 YEARS OF RORANDERFUL,18 years of roranderful,,,,,,
2026-08-15T09:08:34.827262+00:00,20260815-090834,https://trends24.in/indonesia/,Fri Aug 14 2026 21:51:22 GMT+0000 (Coordinated Universal Time),37,phuwin black card mv,phuwin black card mv,,,,,,
2026-08-15T09:08:34.827262+00:00,20260815-090834,https://trends24.in/indonesia/,Fri Aug 14 2026 21:51:22 GMT+0000 (Coordinated Universal Time),38,jembatan merah putih presisi,jembatan merah putih presisi,,,,,,
2026-08-15T09:08:34.827262+00:00,20260815-090834,https://trends24.in/indonesia/,Fri Aug 14 2026 21:51:22 GMT+0000 (Coordinated Universal Time),39,RUU HAM,ruu ham,,,,,,
2026-08-15T09:08:34.827262+00:00,20260815-090834,https://trends24.in/indonesia/,Fri Aug 14 2026 21:51:22 GMT+0000 (Coordinated Universal Time),40,Klaim Voucher 100%,klaim voucher 100%,,,,,,
2026-08-15T09:08:34.827262+00:00,20260815-090834,https://trends24.in/indonesia/,Fri Aug 14 2026 21:51:22 GMT+0000 (Coordinated Universal Time),41,tentara nasional indonesia,tentara nasional indonesia,,,,,,
2026-08-15T09:08:34.827262+00:00,20260815-090834,https://trends24.in/indonesia/,Fri Aug 14 2026 21:51:22 GMT+0000 (Coordinated Universal Time),42,ORM SWU LEGACY FASHION,orm swu legacy fashion,,,,,,
2026-08-15T09:08:34.827262+00:00,20260815-090834,https://trends24.in/indonesia/,Fri Aug 14 2026 21:51:22 GMT+0000 (Coordinated Universal Time),43,Pidato Kenegaraan Presiden RI,pidato kenegaraan presiden ri,,,,,,
2026-08-15T09:08:34.827262+00:00,20260815-090834,https://trends24.in/indonesia/,Fri Aug 14 2026 21:51:22 GMT+0000 (Coordinated Universal Time),44,Pidato Presiden RI,pidato presiden ri,,,,,,
2026-08-15T09:08:34.827262+00:00,20260815-090834,https://trends24.in/indonesia/,Fri Aug 14 2026 21:51:22 GMT+0000 (Coordinated Universal Time),45,LUNAR OUR LITTLE POP STAR,lunar our little pop star,,,,,,
2026-08-15T09:08:34.827262+00:00,20260815-090834,https://trends24.in/indonesia/,Fri Aug 14 2026 21:51:22 GMT+0000 (Coordinated Universal Time),46,PIL PRESS AND PRAY,pil press and pray,,,,,,
2026-08-15T09:08:34.827262+00:00,20260815-090834,https://trends24.in/indonesia/,Fri Aug 14 2026 21:51:22 GMT+0000 (Coordinated Universal Time),47,kelurahan merah putih,kelurahan merah putih,,,,,,
2026-08-15T09:08:34.827262+00:00,20260815-090834,https://trends24.in/indonesia/,Fri Aug 14 2026 21:51:22 GMT+0000 (Coordinated Universal Time),48,Primogems,primogems,,,,,,
2026-08-15T09:08:34.827262+00:00,20260815-090834,https://trends24.in/indonesia/,Fri Aug 14 2026 21:51:22 GMT+0000 (Coordinated Universal Time),49,DBTE RULES EP8,dbte rules ep8,,,,,,
2026-08-15T09:08:34.827262+00:00,20260815-090834,https://trends24.in/indonesia/,Fri Aug 14 2026 21:51:22 GMT+0000 (Coordinated Universal Time),50,EMIBONNIE RED KISS PRESS TOUR,emibonnie red kiss press tour,,,,,,
2026-08-15T09:08:34.827262+00:00,20260815-090834,https://trends24.in/indonesia/,Fri Aug 14 2026 21:00:10 GMT+0000 (Coordinated Universal Time),1,#AADCShortFilm,aadcshortfilm,,,,,,
2026-08-15T09:08:34.827262+00:00,20260815-090834,https://trends24.in/indonesia/,Fri Aug 14 2026 21:00:10 GMT+0000 (Coordinated Universal Time),2,#YouManiacSeries,youmaniacseries,,,,,,
2026-08-15T09:08:34.827262+00:00,20260815-090834,https://trends24.in/indonesia/,Fri Aug 14 2026 21:00:10 GMT+0000 (Coordinated Universal Time),3,#ARKANA3D,arkana3d,,,,,,
2026-08-15T09:08:34.827262+00:00,20260815-090834,https://trends24.in/indonesia/,Fri Aug 14 2026 21:00:10 GMT+0000 (Coordinated Universal Time),4,YOU MANIAC TRAILER,you maniac trailer,,,,,,
2026-08-15T09:08:34.827262+00:00,20260815-090834,https://trends24.in/indonesia/,Fri Aug 14 2026 21:00:10 GMT+0000 (Coordinated Universal Time),5,#WEIRDO101SeriesEP1,weirdo101seriesep1,,,,,,
2026-08-15T09:08:34.827262+00:00,20260815-090834,https://trends24.in/indonesia/,Fri Aug 14 2026 21:00:10 GMT+0000 (Coordinated Universal Time),6,#WelcomeToJKT_MINGYU,welcometojkt_mingyu,,,,,,
2026-08-15T09:08:34.827262+00:00,20260815-090834,https://trends24.in/indonesia/,Fri Aug 14 2026 21:00:10 GMT+0000 (Coordinated Universal Time),7,Selamat Hari Pramuka,selamat hari pramuka,,,,,,
2026-08-15T09:08:34.827262+00:00,20260815-090834,https://trends24.in/indonesia/,Fri Aug 14 2026 21:00:10 GMT+0000 (Coordinated Universal Time),8,salurkan hingga pelosok,salurkan hingga pelosok,,,,,,
2026-08-15T09:08:34.827262+00:00,20260815-090834,https://trends24.in/indonesia/,Fri Aug 14 2026 21:00:10 GMT+0000 (Coordinated Universal Time),9,SANTA LIP NUDE LIVE,santa lip nude live,,,,,,
2026-08-15T09:08:34.827262+00:00,20260815-090834,https://trends24.in/indonesia/,Fri Aug 14 2026 21:00:10 GMT+0000 (Coordinated Universal Time),10,Maksimal Melayani Negeri,maksimal melayani negeri,,,,,,
2026-08-15T09:08:34.827262+00:00,20260815-090834,https://trends24.in/indonesia/,Fri Aug 14 2026 21:00:10 GMT+0000 (Coordinated Universal Time),11,PONDPHUWIN COKE ZERO,pondphuwin coke zero,,,,,,
2026-08-15T09:08:34.827262+00:00,20260815-090834,https://trends24.in/indonesia/,Fri Aug 14 2026 21:00:10 GMT+0000 (Coordinated Universal Time),12,GoPay Investasi Emas,gopay investasi emas,,,,,,
2026-08-15T09:08:34.827262+00:00,20260815-090834,https://trends24.in/indonesia/,Fri Aug 14 2026 21:00:10 GMT+0000 (Coordinated Universal Time),13,$MOTION,$motion,,,,,,
2026-08-15T09:08:34.827262+00:00,20260815-090834,https://trends24.in/indonesia/,Fri Aug 14 2026 21:00:10 GMT+0000 (Coordinated Universal Time),14,cinta rangga,cinta rangga,,,,,,
2026-08-15T09:08:34.827262+00:00,20260815-090834,https://trends24.in/indonesia/,Fri Aug 14 2026 21:00:10 GMT+0000 (Coordinated Universal Time),15,AOUBOOM 2ND DESTINY,aouboom 2nd destiny,,,,,,
2026-08-15T09:08:34.827262+00:00,20260815-090834,https://trends24.in/indonesia/,Fri Aug 14 2026 21:00:10 GMT+0000 (Coordinated Universal Time),16,jangan rayakan duka,jangan rayakan duka,,,,,,
2026-08-15T09:08:34.827262+00:00,20260815-090834,https://trends24.in/indonesia/,Fri Aug 14 2026 21:00:10 GMT+0000 (Coordinated Universal Time),17,MR. KILL SERIES PRESS TOUR,mr. kill series press tour,,,,,,
2026-08-15T09:08:34.827262+00:00,20260815-090834,https://trends24.in/indonesia/,Fri Aug 14 2026 21:00:10 GMT+0000 (Coordinated Universal Time),18,bumdes,bumdes,,,,,,
2026-08-15T09:08:34.827262+00:00,20260815-090834,https://trends24.in/indonesia/,Fri Aug 14 2026 21:00:10 GMT+0000 (Coordinated Universal Time),19,Gunil,gunil,,,,,,
2026-08-15T09:08:34.827262+00:00,20260815-090834,https://trends24.in/indonesia/,Fri Aug 14 2026 21:00:10 GMT+0000 (Coordinated Universal Time),20,Trade $ANTFUN,trade $antfun,,,,,,
2026-08-15T09:08:34.827262+00:00,20260815-090834,https://trends24.in/indonesia/,Fri Aug 14 2026 21:00:10 GMT+0000 (Coordinated Universal Time),21,LINGORM ILF EP9,lingorm ilf ep9,,,,,,
2026-08-15T09:08:34.827262+00:00,20260815-090834,https://trends24.in/indonesia/,Fri Aug 14 2026 21:00:10 GMT+0000 (Coordinated Universal Time),22,dewtee live house,dewtee live house,,,,,,
2026-08-15T09:08:34.827262+00:00,20260815-090834,https://trends24.in/indonesia/,Fri Aug 14 2026 21:00:10 GMT+0000 (Coordinated Universal Time),23,Jumat,jumat,,,,,,
2026-08-15T09:08:34.827262+00:00,20260815-090834,https://trends24.in/indonesia/,Fri Aug 14 2026 21:00:10 GMT+0000 (Coordinated Universal Time),24,NUDE WITH JIMMYSEA,nude with jimmysea,,,,,,
2026-08-15T09:08:34.827262+00:00,20260815-090834,https://trends24.in/indonesia/,Fri Aug 14 2026 21:00:10 GMT+0000 (Coordinated Universal Time),25,Sidang Tahunan MPR RI,sidang tahunan mpr ri,,,,,,
2026-08-15T09:08:34.827262+00:00,20260815-090834,https://trends24.in/indonesia/,Fri Aug 14 2026 21:00:10 GMT+0000 (Coordinated Universal Time),26,harqeel date encore,harqeel date encore,,,,,,
2026-08-15T09:08:34.827262+00:00,20260815-090834,https://trends24.in/indonesia/,Fri Aug 14 2026 21:00:10 GMT+0000 (Coordinated Universal Time),27,Sidang Bersama DPR RI,sidang bersama dpr ri,,,,,,
2026-08-15T09:08:34.827262+00:00,20260815-090834,https://trends24.in/indonesia/,Fri Aug 14 2026 21:00:10 GMT+0000 (Coordinated Universal Time),28,pengabdian pada negeri,pengabdian pada negeri,,,,,,
2026-08-15T09:08:34.827262+00:00,20260815-090834,https://trends24.in/indonesia/,Fri Aug 14 2026 21:00:10 GMT+0000 (Coordinated Universal Time),29,DPD RI,dpd ri,,,,,,
2026-08-15T09:08:34.827262+00:00,20260815-090834,https://trends24.in/indonesia/,Fri Aug 14 2026 21:00:10 GMT+0000 (Coordinated Universal Time),30,budiman sudjatmiko,budiman sudjatmiko,,,,,,
2026-08-15T09:08:34.827262+00:00,20260815-090834,https://trends24.in/indonesia/,Fri Aug 14 2026 21:00:10 GMT+0000 (Coordinated Universal Time),31,COUNTLESS LOVE WITH HUENINGKAI,countless love with hueningkai,,,,,,
2026-08-15T09:08:34.827262+00:00,20260815-090834,https://trends24.in/indonesia/,Fri Aug 14 2026 21:00:10 GMT+0000 (Coordinated Universal Time),32,Presiden Prabowo Subianto,presiden prabowo subianto,,,,,,
2026-08-15T09:08:34.827262+00:00,20260815-090834,https://trends24.in/indonesia/,Fri Aug 14 2026 21:00:10 GMT+0000 (Coordinated Universal Time),33,STOP CROPPING JAMES OUT,stop cropping james out,,,,,,
2026-08-15T09:08:34.827262+00:00,20260815-090834,https://trends24.in/indonesia/,Fri Aug 14 2026 21:00:10 GMT+0000 (Coordinated Universal Time),34,OH MY FOURTH PRESS TOUR,oh my fourth press tour,,,,,,
2026-08-15T09:08:34.827262+00:00,20260815-090834,https://trends24.in/indonesia/,Fri Aug 14 2026 21:00:10 GMT+0000 (Coordinated Universal Time),35,18 YEARS OF RORANDERFUL,18 years of roranderful,,,,,,
2026-08-15T09:08:34.827262+00:00,20260815-090834,https://trends24.in/indonesia/,Fri Aug 14 2026 21:00:10 GMT+0000 (Coordinated Universal Time),36,PHUWIN BLACK CARD MV,phuwin black card mv,,,,,,
2026-08-15T09:08:34.827262+00:00,20260815-090834,https://trends24.in/indonesia/,Fri Aug 14 2026 21:00:10 GMT+0000 (Coordinated Universal Time),37,jembatan merah putih presisi,jembatan merah putih presisi,,,,,,
2026-08-15T09:08:34.827262+00:00,20260815-090834,https://trends24.in/indonesia/,Fri Aug 14 2026 21:00:10 GMT+0000 (Coordinated Universal Time),38,RUU HAM,ruu ham,,,,,,
2026-08-15T09:08:34.827262+00:00,20260815-090834,https://trends24.in/indonesia/,Fri Aug 14 2026 21:00:10 GMT+0000 (Coordinated Universal Time),39,Klaim Voucher 100%,klaim voucher 100%,,,,,,
2026-08-15T09:08:34.827262+00:00,20260815-090834,https://trends24.in/indonesia/,Fri Aug 14 2026 21:00:10 GMT+0000 (Coordinated Universal Time),40,tentara nasional indonesia,tentara nasional indonesia,,,,,,
2026-08-15T09:08:34.827262+00:00,20260815-090834,https://trends24.in/indonesia/,Fri Aug 14 2026 21:00:10 GMT+0000 (Coordinated Universal Time),41,Pidato Presiden RI,pidato presiden ri,,,,,,
2026-08-15T09:08:34.827262+00:00,20260815-090834,https://trends24.in/indonesia/,Fri Aug 14 2026 21:00:10 GMT+0000 (Coordinated Universal Time),42,ORM SWU LEGACY FASHION,orm swu legacy fashion,,,,,,
2026-08-15T09:08:34.827262+00:00,20260815-090834,https://trends24.in/indonesia/,Fri Aug 14 2026 21:00:10 GMT+0000 (Coordinated Universal Time),43,Pidato Kenegaraan Presiden RI,pidato kenegaraan presiden ri,,,,,,
2026-08-15T09:08:34.827262+00:00,20260815-090834,https://trends24.in/indonesia/,Fri Aug 14 2026 21:00:10 GMT+0000 (Coordinated Universal Time),44,EMIBONNIE RED KISS PRESS TOUR,emibonnie red kiss press tour,,,,,,
2026-08-15T09:08:34.827262+00:00,20260815-090834,https://trends24.in/indonesia/,Fri Aug 14 2026 21:00:10 GMT+0000 (Coordinated Universal Time),45,LUNAR OUR LITTLE POP STAR,lunar our little pop star,,,,,,
2026-08-15T09:08:34.827262+00:00,20260815-090834,https://trends24.in/indonesia/,Fri Aug 14 2026 21:00:10 GMT+0000 (Coordinated Universal Time),46,PIL PRESS AND PRAY,pil press and pray,,,,,,
2026-08-15T09:08:34.827262+00:00,20260815-090834,https://trends24.in/indonesia/,Fri Aug 14 2026 21:00:10 GMT+0000 (Coordinated Universal Time),47,kelurahan merah putih,kelurahan merah putih,,,,,,
2026-08-15T09:08:34.827262+00:00,20260815-090834,https://trends24.in/indonesia/,Fri Aug 14 2026 21:00:10 GMT+0000 (Coordinated Universal Time),48,Primogems,primogems,,,,,,
2026-08-15T09:08:34.827262+00:00,20260815-090834,https://trends24.in/indonesia/,Fri Aug 14 2026 21:00:10 GMT+0000 (Coordinated Universal Time),49,DBTE RULES EP8,dbte rules ep8,,,,,,
2026-08-15T09:08:34.827262+00:00,20260815-090834,https://trends24.in/indonesia/,Fri Aug 14 2026 21:00:10 GMT+0000 (Coordinated Universal Time),50,$BLINK,$blink,,,,,,
2026-08-15T09:08:34.827262+00:00,20260815-090834,https://trends24.in/indonesia/,Fri Aug 14 2026 20:08:10 GMT+0000 (Coordinated Universal Time),1,#AADCShortFilm,aadcshortfilm,,,,,,
2026-08-15T09:08:34.827262+00:00,20260815-090834,https://trends24.in/indonesia/,Fri Aug 14 2026 20:08:10 GMT+0000 (Coordinated Universal Time),2,#YouManiacSeries,youmaniacseries,,,,,,
2026-08-15T09:08:34.827262+00:00,20260815-090834,https://trends24.in/indonesia/,Fri Aug 14 2026 20:08:10 GMT+0000 (Coordinated Universal Time),3,#ARKANA3D,arkana3d,,,,,,
2026-08-15T09:08:34.827262+00:00,20260815-090834,https://trends24.in/indonesia/,Fri Aug 14 2026 20:08:10 GMT+0000 (Coordinated Universal Time),4,YOU MANIAC TRAILER,you maniac trailer,,,,,,
2026-08-15T09:08:34.827262+00:00,20260815-090834,https://trends24.in/indonesia/,Fri Aug 14 2026 20:08:10 GMT+0000 (Coordinated Universal Time),5,#WEIRDO101SeriesEP1,weirdo101seriesep1,,,,,,
2026-08-15T09:08:34.827262+00:00,20260815-090834,https://trends24.in/indonesia/,Fri Aug 14 2026 20:08:10 GMT+0000 (Coordinated Universal Time),6,#MingyuinJKTforDIOR,mingyuinjktfordior,,,,,,
2026-08-15T09:08:34.827262+00:00,20260815-090834,https://trends24.in/indonesia/,Fri Aug 14 2026 20:08:10 GMT+0000 (Coordinated Universal Time),7,Selamat Hari Pramuka,selamat hari pramuka,,,,,,
2026-08-15T09:08:34.827262+00:00,20260815-090834,https://trends24.in/indonesia/,Fri Aug 14 2026 20:08:10 GMT+0000 (Coordinated Universal Time),8,salurkan hingga pelosok,salurkan hingga pelosok,,,,,,
2026-08-15T09:08:34.827262+00:00,20260815-090834,https://trends24.in/indonesia/,Fri Aug 14 2026 20:08:10 GMT+0000 (Coordinated Universal Time),9,SANTA LIP NUDE LIVE,santa lip nude live,,,,,,
2026-08-15T09:08:34.827262+00:00,20260815-090834,https://trends24.in/indonesia/,Fri Aug 14 2026 20:08:10 GMT+0000 (Coordinated Universal Time),10,Maksimal Melayani Negeri,maksimal melayani negeri,,,,,,
2026-08-15T09:08:34.827262+00:00,20260815-090834,https://trends24.in/indonesia/,Fri Aug 14 2026 20:08:10 GMT+0000 (Coordinated Universal Time),11,GoPay Investasi Emas,gopay investasi emas,,,,,,
2026-08-15T09:08:34.827262+00:00,20260815-090834,https://trends24.in/indonesia/,Fri Aug 14 2026 20:08:10 GMT+0000 (Coordinated Universal Time),12,$MOTION,$motion,,,,,,
2026-08-15T09:08:34.827262+00:00,20260815-090834,https://trends24.in/indonesia/,Fri Aug 14 2026 20:08:10 GMT+0000 (Coordinated Universal Time),13,cinta rangga,cinta rangga,,,,,,
2026-08-15T09:08:34.827262+00:00,20260815-090834,https://trends24.in/indonesia/,Fri Aug 14 2026 20:08:10 GMT+0000 (Coordinated Universal Time),14,LINGORM ILF EP9,lingorm ilf ep9,,,,,,
2026-08-15T09:08:34.827262+00:00,20260815-090834,https://trends24.in/indonesia/,Fri Aug 14 2026 20:08:10 GMT+0000 (Coordinated Universal Time),15,AOUBOOM 2ND DESTINY,aouboom 2nd destiny,,,,,,
2026-08-15T09:08:34.827262+00:00,20260815-090834,https://trends24.in/indonesia/,Fri Aug 14 2026 20:08:10 GMT+0000 (Coordinated Universal Time),16,jangan rayakan duka,jangan rayakan duka,,,,,,
2026-08-15T09:08:34.827262+00:00,20260815-090834,https://trends24.in/indonesia/,Fri Aug 14 2026 20:08:10 GMT+0000 (Coordinated Universal Time),17,MR. KILL SERIES PRESS TOUR,mr. kill series press tour,,,,,,
2026-08-15T09:08:34.827262+00:00,20260815-090834,https://trends24.in/indonesia/,Fri Aug 14 2026 20:08:10 GMT+0000 (Coordinated Universal Time),18,bumdes,bumdes,,,,,,
2026-08-15T09:08:34.827262+00:00,20260815-090834,https://trends24.in/indonesia/,Fri Aug 14 2026 20:08:10 GMT+0000 (Coordinated Universal Time),19,Gunil,gunil,,,,,,
2026-08-15T09:08:34.827262+00:00,20260815-090834,https://trends24.in/indonesia/,Fri Aug 14 2026 20:08:10 GMT+0000 (Coordinated Universal Time),20,Trade $ANTFUN,trade $antfun,,,,,,
2026-08-15T09:08:34.827262+00:00,20260815-090834,https://trends24.in/indonesia/,Fri Aug 14 2026 20:08:10 GMT+0000 (Coordinated Universal Time),21,dewtee live house,dewtee live house,,,,,,
2026-08-15T09:08:34.827262+00:00,20260815-090834,https://trends24.in/indonesia/,Fri Aug 14 2026 20:08:10 GMT+0000 (Coordinated Universal Time),22,Jumat,jumat,,,,,,
2026-08-15T09:08:34.827262+00:00,20260815-090834,https://trends24.in/indonesia/,Fri Aug 14 2026 20:08:10 GMT+0000 (Coordinated Universal Time),23,NUDE WITH JIMMYSEA,nude with jimmysea,,,,,,
2026-08-15T09:08:34.827262+00:00,20260815-090834,https://trends24.in/indonesia/,Fri Aug 14 2026 20:08:10 GMT+0000 (Coordinated Universal Time),24,Sidang Tahunan MPR RI,sidang tahunan mpr ri,,,,,,
2026-08-15T09:08:34.827262+00:00,20260815-090834,https://trends24.in/indonesia/,Fri Aug 14 2026 20:08:10 GMT+0000 (Coordinated Universal Time),25,harqeel date encore,harqeel date encore,,,,,,
2026-08-15T09:08:34.827262+00:00,20260815-090834,https://trends24.in/indonesia/,Fri Aug 14 2026 20:08:10 GMT+0000 (Coordinated Universal Time),26,Sidang Bersama DPR RI,sidang bersama dpr ri,,,,,,
2026-08-15T09:08:34.827262+00:00,20260815-090834,https://trends24.in/indonesia/,Fri Aug 14 2026 20:08:10 GMT+0000 (Coordinated Universal Time),27,pengabdian pada negeri,pengabdian pada negeri,,,,,,
2026-08-15T09:08:34.827262+00:00,20260815-090834,https://trends24.in/indonesia/,Fri Aug 14 2026 20:08:10 GMT+0000 (Coordinated Universal Time),28,DPD RI,dpd ri,,,,,,
2026-08-15T09:08:34.827262+00:00,20260815-090834,https://trends24.in/indonesia/,Fri Aug 14 2026 20:08:10 GMT+0000 (Coordinated Universal Time),29,budiman sudjatmiko,budiman sudjatmiko,,,,,,
2026-08-15T09:08:34.827262+00:00,20260815-090834,https://trends24.in/indonesia/,Fri Aug 14 2026 20:08:10 GMT+0000 (Coordinated Universal Time),30,COUNTLESS LOVE WITH HUENINGKAI,countless love with hueningkai,,,,,,
2026-08-15T09:08:34.827262+00:00,20260815-090834,https://trends24.in/indonesia/,Fri Aug 14 2026 20:08:10 GMT+0000 (Coordinated Universal Time),31,Presiden Prabowo Subianto,presiden prabowo subianto,,,,,,
2026-08-15T09:08:34.827262+00:00,20260815-090834,https://trends24.in/indonesia/,Fri Aug 14 2026 20:08:10 GMT+0000 (Coordinated Universal Time),32,STOP CROPPING JAMES OUT,stop cropping james out,,,,,,
2026-08-15T09:08:34.827262+00:00,20260815-090834,https://trends24.in/indonesia/,Fri Aug 14 2026 20:08:10 GMT+0000 (Coordinated Universal Time),33,18 YEARS OF RORANDERFUL,18 years of roranderful,,,,,,
2026-08-15T09:08:34.827262+00:00,20260815-090834,https://trends24.in/indonesia/,Fri Aug 14 2026 20:08:10 GMT+0000 (Coordinated Universal Time),34,OH MY FOURTH PRESS TOUR,oh my fourth press tour,,,,,,
2026-08-15T09:08:34.827262+00:00,20260815-090834,https://trends24.in/indonesia/,Fri Aug 14 2026 20:08:10 GMT+0000 (Coordinated Universal Time),35,PHUWIN BLACK CARD MV,phuwin black card mv,,,,,,
2026-08-15T09:08:34.827262+00:00,20260815-090834,https://trends24.in/indonesia/,Fri Aug 14 2026 20:08:10 GMT+0000 (Coordinated Universal Time),36,Jembatan Merah Putih Presisi,jembatan merah putih presisi,,,,,,
2026-08-15T09:08:34.827262+00:00,20260815-090834,https://trends24.in/indonesia/,Fri Aug 14 2026 20:08:10 GMT+0000 (Coordinated Universal Time),37,RUU HAM,ruu ham,,,,,,
2026-08-15T09:08:34.827262+00:00,20260815-090834,https://trends24.in/indonesia/,Fri Aug 14 2026 20:08:10 GMT+0000 (Coordinated Universal Time),38,Klaim Voucher 100%,klaim voucher 100%,,,,,,
2026-08-15T09:08:34.827262+00:00,20260815-090834,https://trends24.in/indonesia/,Fri Aug 14 2026 20:08:10 GMT+0000 (Coordinated Universal Time),39,tentara nasional indonesia,tentara nasional indonesia,,,,,,
2026-08-15T09:08:34.827262+00:00,20260815-090834,https://trends24.in/indonesia/,Fri Aug 14 2026 20:08:10 GMT+0000 (Coordinated Universal Time),40,Pidato Presiden RI,pidato presiden ri,,,,,,
2026-08-15T09:08:34.827262+00:00,20260815-090834,https://trends24.in/indonesia/,Fri Aug 14 2026 20:08:10 GMT+0000 (Coordinated Universal Time),41,ORM SWU LEGACY FASHION,orm swu legacy fashion,,,,,,
2026-08-15T09:08:34.827262+00:00,20260815-090834,https://trends24.in/indonesia/,Fri Aug 14 2026 20:08:10 GMT+0000 (Coordinated Universal Time),42,Pidato Kenegaraan Presiden RI,pidato kenegaraan presiden ri,,,,,,
2026-08-15T09:08:34.827262+00:00,20260815-090834,https://trends24.in/indonesia/,Fri Aug 14 2026 20:08:10 GMT+0000 (Coordinated Universal Time),43,EMIBONNIE RED KISS PRESS TOUR,emibonnie red kiss press tour,,,,,,
2026-08-15T09:08:34.827262+00:00,20260815-090834,https://trends24.in/indonesia/,Fri Aug 14 2026 20:08:10 GMT+0000 (Coordinated Universal Time),44,LUNAR OUR LITTLE POP STAR,lunar our little pop star,,,,,,
2026-08-15T09:08:34.827262+00:00,20260815-090834,https://trends24.in/indonesia/,Fri Aug 14 2026 20:08:10 GMT+0000 (Coordinated Universal Time),45,PIL PRESS AND PRAY,pil press and pray,,,,,,
2026-08-15T09:08:34.827262+00:00,20260815-090834,https://trends24.in/indonesia/,Fri Aug 14 2026 20:08:10 GMT+0000 (Coordinated Universal Time),46,kelurahan merah putih,kelurahan merah putih,,,,,,
2026-08-15T09:08:34.827262+00:00,20260815-090834,https://trends24.in/indonesia/,Fri Aug 14 2026 20:08:10 GMT+0000 (Coordinated Universal Time),47,Primogems,primogems,,,,,,
2026-08-15T09:08:34.827262+00:00,20260815-090834,https://trends24.in/indonesia/,Fri Aug 14 2026 20:08:10 GMT+0000 (Coordinated Universal Time),48,DBTE RULES EP8,dbte rules ep8,,,,,,
2026-08-15T09:08:34.827262+00:00,20260815-090834,https://trends24.in/indonesia/,Fri Aug 14 2026 20:08:10 GMT+0000 (Coordinated Universal Time),49,Enzo,enzo,,,,,,
2026-08-15T09:08:34.827262+00:00,20260815-090834,https://trends24.in/indonesia/,Fri Aug 14 2026 20:08:10 GMT+0000 (Coordinated Universal Time),50,Regal Vignette,regal vignette,,,,,,
2026-08-15T09:08:34.827262+00:00,20260815-090834,https://trends24.in/indonesia/,Fri Aug 14 2026 19:16:19 GMT+0000 (Coordinated Universal Time),1,#AADCShortFilm,aadcshortfilm,,,,,,
2026-08-15T09:08:34.827262+00:00,20260815-090834,https://trends24.in/indonesia/,Fri Aug 14 2026 19:16:19 GMT+0000 (Coordinated Universal Time),2,#YouManiacSeries,youmaniacseries,,,,,,
2026-08-15T09:08:34.827262+00:00,20260815-090834,https://trends24.in/indonesia/,Fri Aug 14 2026 19:16:19 GMT+0000 (Coordinated Universal Time),3,#ARKANA3D,arkana3d,,,,,,
2026-08-15T09:08:34.827262+00:00,20260815-090834,https://trends24.in/indonesia/,Fri Aug 14 2026 19:16:19 GMT+0000 (Coordinated Universal Time),4,YOU MANIAC TRAILER,you maniac trailer,,,,,,
2026-08-15T09:08:34.827262+00:00,20260815-090834,https://trends24.in/indonesia/,Fri Aug 14 2026 19:16:19 GMT+0000 (Coordinated Universal Time),5,#WEIRDO101SeriesEP1,weirdo101seriesep1,,,,,,
2026-08-15T09:08:34.827262+00:00,20260815-090834,https://trends24.in/indonesia/,Fri Aug 14 2026 19:16:19 GMT+0000 (Coordinated Universal Time),6,#MingyuinJKTforDIOR,mingyuinjktfordior,,,,,,
2026-08-15T09:08:34.827262+00:00,20260815-090834,https://trends24.in/indonesia/,Fri Aug 14 2026 19:16:19 GMT+0000 (Coordinated Universal Time),7,Selamat Hari Pramuka,selamat hari pramuka,,,,,,
2026-08-15T09:08:34.827262+00:00,20260815-090834,https://trends24.in/indonesia/,Fri Aug 14 2026 19:16:19 GMT+0000 (Coordinated Universal Time),8,salurkan hingga pelosok,salurkan hingga pelosok,,,,,,
2026-08-15T09:08:34.827262+00:00,20260815-090834,https://trends24.in/indonesia/,Fri Aug 14 2026 19:16:19 GMT+0000 (Coordinated Universal Time),9,SANTA LIP NUDE LIVE,santa lip nude live,,,,,,
2026-08-15T09:08:34.827262+00:00,20260815-090834,https://trends24.in/indonesia/,Fri Aug 14 2026 19:16:19 GMT+0000 (Coordinated Universal Time),10,Maksimal Melayani Negeri,maksimal melayani negeri,,,,,,
2026-08-15T09:08:34.827262+00:00,20260815-090834,https://trends24.in/indonesia/,Fri Aug 14 2026 19:16:19 GMT+0000 (Coordinated Universal Time),11,GoPay Investasi Emas,gopay investasi emas,,,,,,
2026-08-15T09:08:34.827262+00:00,20260815-090834,https://trends24.in/indonesia/,Fri Aug 14 2026 19:16:19 GMT+0000 (Coordinated Universal Time),12,$MOTION,$motion,,,,,,
2026-08-15T09:08:34.827262+00:00,20260815-090834,https://trends24.in/indonesia/,Fri Aug 14 2026 19:16:19 GMT+0000 (Coordinated Universal Time),13,cinta rangga,cinta rangga,,,,,,
2026-08-15T09:08:34.827262+00:00,20260815-090834,https://trends24.in/indonesia/,Fri Aug 14 2026 19:16:19 GMT+0000 (Coordinated Universal Time),14,LINGORM ILF EP9,lingorm ilf ep9,,,,,,
2026-08-15T09:08:34.827262+00:00,20260815-090834,https://trends24.in/indonesia/,Fri Aug 14 2026 19:16:19 GMT+0000 (Coordinated Universal Time),15,AOUBOOM 2ND DESTINY,aouboom 2nd destiny,,,,,,
2026-08-15T09:08:34.827262+00:00,20260815-090834,https://trends24.in/indonesia/,Fri Aug 14 2026 19:16:19 GMT+0000 (Coordinated Universal Time),16,jangan rayakan duka,jangan rayakan duka,,,,,,
2026-08-15T09:08:34.827262+00:00,20260815-090834,https://trends24.in/indonesia/,Fri Aug 14 2026 19:16:19 GMT+0000 (Coordinated Universal Time),17,MR. KILL SERIES PRESS TOUR,mr. kill series press tour,,,,,,
2026-08-15T09:08:34.827262+00:00,20260815-090834,https://trends24.in/indonesia/,Fri Aug 14 2026 19:16:19 GMT+0000 (Coordinated Universal Time),18,bumdes,bumdes,,,,,,
2026-08-15T09:08:34.827262+00:00,20260815-090834,https://trends24.in/indonesia/,Fri Aug 14 2026 19:16:19 GMT+0000 (Coordinated Universal Time),19,Trade $ANTFUN,trade $antfun,,,,,,
2026-08-15T09:08:34.827262+00:00,20260815-090834,https://trends24.in/indonesia/,Fri Aug 14 2026 19:16:19 GMT+0000 (Coordinated Universal Time),20,Gunil,gunil,,,,,,
2026-08-15T09:08:34.827262+00:00,20260815-090834,https://trends24.in/indonesia/,Fri Aug 14 2026 19:16:19 GMT+0000 (Coordinated Universal Time),21,dewtee live house,dewtee live house,,,,,,
2026-08-15T09:08:34.827262+00:00,20260815-090834,https://trends24.in/indonesia/,Fri Aug 14 2026 19:16:19 GMT+0000 (Coordinated Universal Time),22,Jumat,jumat,,,,,,
2026-08-15T09:08:34.827262+00:00,20260815-090834,https://trends24.in/indonesia/,Fri Aug 14 2026 19:16:19 GMT+0000 (Coordinated Universal Time),23,Sidang Tahunan MPR RI,sidang tahunan mpr ri,,,,,,
2026-08-15T09:08:34.827262+00:00,20260815-090834,https://trends24.in/indonesia/,Fri Aug 14 2026 19:16:19 GMT+0000 (Coordinated Universal Time),24,NUDE WITH JIMMYSEA,nude with jimmysea,,,,,,
2026-08-15T09:08:34.827262+00:00,20260815-090834,https://trends24.in/indonesia/,Fri Aug 14 2026 19:16:19 GMT+0000 (Coordinated Universal Time),25,harqeel date encore,harqeel date encore,,,,,,
2026-08-15T09:08:34.827262+00:00,20260815-090834,https://trends24.in/indonesia/,Fri Aug 14 2026 19:16:19 GMT+0000 (Coordinated Universal Time),26,Sidang Bersama DPR RI,sidang bersama dpr ri,,,,,,
2026-08-15T09:08:34.827262+00:00,20260815-090834,https://trends24.in/indonesia/,Fri Aug 14 2026 19:16:19 GMT+0000 (Coordinated Universal Time),27,DPD RI,dpd ri,,,,,,
2026-08-15T09:08:34.827262+00:00,20260815-090834,https://trends24.in/indonesia/,Fri Aug 14 2026 19:16:19 GMT+0000 (Coordinated Universal Time),28,pengabdian pada negeri,pengabdian pada negeri,,,,,,
2026-08-15T09:08:34.827262+00:00,20260815-090834,https://trends24.in/indonesia/,Fri Aug 14 2026 19:16:19 GMT+0000 (Coordinated Universal Time),29,budiman sudjatmiko,budiman sudjatmiko,,,,,,
2026-08-15T09:08:34.827262+00:00,20260815-090834,https://trends24.in/indonesia/,Fri Aug 14 2026 19:16:19 GMT+0000 (Coordinated Universal Time),30,COUNTLESS LOVE WITH HUENINGKAI,countless love with hueningkai,,,,,,
2026-08-15T09:08:34.827262+00:00,20260815-090834,https://trends24.in/indonesia/,Fri Aug 14 2026 19:16:19 GMT+0000 (Coordinated Universal Time),31,Presiden Prabowo Subianto,presiden prabowo subianto,,,,,,
2026-08-15T09:08:34.827262+00:00,20260815-090834,https://trends24.in/indonesia/,Fri Aug 14 2026 19:16:19 GMT+0000 (Coordinated Universal Time),32,STOP CROPPING JAMES OUT,stop cropping james out,,,,,,
2026-08-15T09:08:34.827262+00:00,20260815-090834,https://trends24.in/indonesia/,Fri Aug 14 2026 19:16:19 GMT+0000 (Coordinated Universal Time),33,18 YEARS OF RORANDERFUL,18 years of roranderful,,,,,,
2026-08-15T09:08:34.827262+00:00,20260815-090834,https://trends24.in/indonesia/,Fri Aug 14 2026 19:16:19 GMT+0000 (Coordinated Universal Time),34,OH MY FOURTH PRESS TOUR,oh my fourth press tour,,,,,,
2026-08-15T09:08:34.827262+00:00,20260815-090834,https://trends24.in/indonesia/,Fri Aug 14 2026 19:16:19 GMT+0000 (Coordinated Universal Time),35,RUU HAM,ruu ham,,,,,,
2026-08-15T09:08:34.827262+00:00,20260815-090834,https://trends24.in/indonesia/,Fri Aug 14 2026 19:16:19 GMT+0000 (Coordinated Universal Time),36,PHUWIN BLACK CARD MV,phuwin black card mv,,,,,,
2026-08-15T09:08:34.827262+00:00,20260815-090834,https://trends24.in/indonesia/,Fri Aug 14 2026 19:16:19 GMT+0000 (Coordinated Universal Time),37,Jembatan Merah Putih Presisi,jembatan merah putih presisi,,,,,,
2026-08-15T09:08:34.827262+00:00,20260815-090834,https://trends24.in/indonesia/,Fri Aug 14 2026 19:16:19 GMT+0000 (Coordinated Universal Time),38,$BLINK,$blink,,,,,,
2026-08-15T09:08:34.827262+00:00,20260815-090834,https://trends24.in/indonesia/,Fri Aug 14 2026 19:16:19 GMT+0000 (Coordinated Universal Time),39,Pidato Kenegaraan Presiden RI,pidato kenegaraan presiden ri,,,,,,
2026-08-15T09:08:34.827262+00:00,20260815-090834,https://trends24.in/indonesia/,Fri Aug 14 2026 19:16:19 GMT+0000 (Coordinated Universal Time),40,Pidato Presiden RI,pidato presiden ri,,,,,,
2026-08-15T09:08:34.827262+00:00,20260815-090834,https://trends24.in/indonesia/,Fri Aug 14 2026 19:16:19 GMT+0000 (Coordinated Universal Time),41,Klaim Voucher 100%,klaim voucher 100%,,,,,,
2026-08-15T09:08:34.827262+00:00,20260815-090834,https://trends24.in/indonesia/,Fri Aug 14 2026 19:16:19 GMT+0000 (Coordinated Universal Time),42,tentara nasional indonesia,tentara nasional indonesia,,,,,,
2026-08-15T09:08:34.827262+00:00,20260815-090834,https://trends24.in/indonesia/,Fri Aug 14 2026 19:16:19 GMT+0000 (Coordinated Universal Time),43,ORM SWU LEGACY FASHION,orm swu legacy fashion,,,,,,
2026-08-15T09:08:34.827262+00:00,20260815-090834,https://trends24.in/indonesia/,Fri Aug 14 2026 19:16:19 GMT+0000 (Coordinated Universal Time),44,EMIBONNIE RED KISS PRESS TOUR,emibonnie red kiss press tour,,,,,,
2026-08-15T09:08:34.827262+00:00,20260815-090834,https://trends24.in/indonesia/,Fri Aug 14 2026 19:16:19 GMT+0000 (Coordinated Universal Time),45,LUNAR OUR LITTLE POP STAR,lunar our little pop star,,,,,,
2026-08-15T09:08:34.827262+00:00,20260815-090834,https://trends24.in/indonesia/,Fri Aug 14 2026 19:16:19 GMT+0000 (Coordinated Universal Time),46,PIL PRESS AND PRAY,pil press and pray,,,,,,
2026-08-15T09:08:34.827262+00:00,20260815-090834,https://trends24.in/indonesia/,Fri Aug 14 2026 19:16:19 GMT+0000 (Coordinated Universal Time),47,DBTE RULES EP8,dbte rules ep8,,,,,,
2026-08-15T09:08:34.827262+00:00,20260815-090834,https://trends24.in/indonesia/,Fri Aug 14 2026 19:16:19 GMT+0000 (Coordinated Universal Time),48,SENADA MODE LDR,senada mode ldr,,,,,,
2026-08-15T09:08:34.827262+00:00,20260815-090834,https://trends24.in/indonesia/,Fri Aug 14 2026 19:16:19 GMT+0000 (Coordinated Universal Time),49,Primogems,primogems,,,,,,
2026-08-15T09:08:34.827262+00:00,20260815-090834,https://trends24.in/indonesia/,Fri Aug 14 2026 19:16:19 GMT+0000 (Coordinated Universal Time),50,GEMINI LOREAL LAQUE NUDE CAFE,gemini loreal laque nude cafe,,,,,,
2026-08-15T09:08:34.827262+00:00,20260815-090834,https://trends24.in/indonesia/,Fri Aug 14 2026 18:24:52 GMT+0000 (Coordinated Universal Time),1,#AADCShortFilm,aadcshortfilm,,,,,,
2026-08-15T09:08:34.827262+00:00,20260815-090834,https://trends24.in/indonesia/,Fri Aug 14 2026 18:24:52 GMT+0000 (Coordinated Universal Time),2,#WEIRDO101SeriesEP1,weirdo101seriesep1,,,,,,
2026-08-15T09:08:34.827262+00:00,20260815-090834,https://trends24.in/indonesia/,Fri Aug 14 2026 18:24:52 GMT+0000 (Coordinated Universal Time),3,#ARKANA3D,arkana3d,,,,,,
2026-08-15T09:08:34.827262+00:00,20260815-090834,https://trends24.in/indonesia/,Fri Aug 14 2026 18:24:52 GMT+0000 (Coordinated Universal Time),4,LINGORM ILF EP9,lingorm ilf ep9,,,,,,
2026-08-15T09:08:34.827262+00:00,20260815-090834,https://trends24.in/indonesia/,Fri Aug 14 2026 18:24:52 GMT+0000 (Coordinated Universal Time),5,#à¸§à¸²à¸à¸à¸±à¸à¸§à¸±à¸à¸§à¸´à¸§à¸²à¸«à¹EP9,à¸§à¸²à¸à¸à¸±à¸à¸§à¸±à¸à¸§à¸´à¸§à¸²à¸«à¹ep9,,,,,,
2026-08-15T09:08:34.827262+00:00,20260815-090834,https://trends24.in/indonesia/,Fri Aug 14 2026 18:24:52 GMT+0000 (Coordinated Universal Time),6,#PONDPHUWINXCokeZeroZero,pondphuwinxcokezerozero,,,,,,
2026-08-15T09:08:34.827262+00:00,20260815-090834,https://trends24.in/indonesia/,Fri Aug 14 2026 18:24:52 GMT+0000 (Coordinated Universal Time),7,PONDPHUWIN COKE ZERO,pondphuwin coke zero,,,,,,
2026-08-15T09:08:34.827262+00:00,20260815-090834,https://trends24.in/indonesia/,Fri Aug 14 2026 18:24:52 GMT+0000 (Coordinated Universal Time),8,DBTE RULES EP8,dbte rules ep8,,,,,,
2026-08-15T09:08:34.827262+00:00,20260815-090834,https://trends24.in/indonesia/,Fri Aug 14 2026 18:24:52 GMT+0000 (Coordinated Universal Time),9,Irene,irene,,,,,,
2026-08-15T09:08:34.827262+00:00,20260815-090834,https://trends24.in/indonesia/,Fri Aug 14 2026 18:24:52 GMT+0000 (Coordinated Universal Time),10,MARKJRTN X DOWNY TOPS,markjrtn x downy tops,,,,,,
2026-08-15T09:08:34.827262+00:00,20260815-090834,https://trends24.in/indonesia/,Fri Aug 14 2026 18:24:52 GMT+0000 (Coordinated Universal Time),11,AOUBOOM 2ND DESTINY,aouboom 2nd destiny,,,,,,
2026-08-15T09:08:34.827262+00:00,20260815-090834,https://trends24.in/indonesia/,Fri Aug 14 2026 18:24:52 GMT+0000 (Coordinated Universal Time),12,Dian,dian,,,,,,
2026-08-15T09:08:34.827262+00:00,20260815-090834,https://trends24.in/indonesia/,Fri Aug 14 2026 18:24:52 GMT+0000 (Coordinated Universal Time),13,Bawang,bawang,,,,,,
2026-08-15T09:08:34.827262+00:00,20260815-090834,https://trends24.in/indonesia/,Fri Aug 14 2026 18:24:52 GMT+0000 (Coordinated Universal Time),14,Klaim Voucher 100%,klaim voucher 100%,,,,,,
2026-08-15T09:08:34.827262+00:00,20260815-090834,https://trends24.in/indonesia/,Fri Aug 14 2026 18:24:52 GMT+0000 (Coordinated Universal Time),15,RUU HAM,ruu ham,,,,,,
2026-08-15T09:08:34.827262+00:00,20260815-090834,https://trends24.in/indonesia/,Fri Aug 14 2026 18:24:52 GMT+0000 (Coordinated Universal Time),16,NUDE WITH JIMMYSEA,nude with jimmysea,,,,,,
2026-08-15T09:08:34.827262+00:00,20260815-090834,https://trends24.in/indonesia/,Fri Aug 14 2026 18:24:52 GMT+0000 (Coordinated Universal Time),17,MR. KILL SERIES PRESS TOUR,mr. kill series press tour,,,,,,
2026-08-15T09:08:34.827262+00:00,20260815-090834,https://trends24.in/indonesia/,Fri Aug 14 2026 18:24:52 GMT+0000 (Coordinated Universal Time),18,Robin,robin,,,,,,
2026-08-15T09:08:34.827262+00:00,20260815-090834,https://trends24.in/indonesia/,Fri Aug 14 2026 18:24:52 GMT+0000 (Coordinated Universal Time),19,OH MY FOURTH PRESS TOUR,oh my fourth press tour,,,,,,
2026-08-15T09:08:34.827262+00:00,20260815-090834,https://trends24.in/indonesia/,Fri Aug 14 2026 18:24:52 GMT+0000 (Coordinated Universal Time),20,#MingyuinJKTforDIOR,mingyuinjktfordior,,,,,,
2026-08-15T09:08:34.827262+00:00,20260815-090834,https://trends24.in/indonesia/,Fri Aug 14 2026 18:24:52 GMT+0000 (Coordinated Universal Time),21,#ArjunaClip,arjunaclip,,,,,,
2026-08-15T09:08:34.827262+00:00,20260815-090834,https://trends24.in/indonesia/,Fri Aug 14 2026 18:24:52 GMT+0000 (Coordinated Universal Time),22,#à¸­à¸¢à¹à¸²à¸à¸­à¸à¸µà¹à¹à¸à¸EP8,à¸­à¸¢à¹à¸²à¸à¸­à¸à¸µà¹à¹à¸à¸ep8,,,,,,
2026-08-15T09:08:34.827262+00:00,20260815-090834,https://trends24.in/indonesia/,Fri Aug 14 2026 18:24:52 GMT+0000 (Coordinated Universal Time),23,#ArjunaMemes,arjunamemes,,,,,,
2026-08-15T09:08:34.827262+00:00,20260815-090834,https://trends24.in/indonesia/,Fri Aug 14 2026 18:24:52 GMT+0000 (Coordinated Universal Time),24,#ëê°ì§ë§_ëë¦°ìì¼ì´ëê¹,ëê°ì§ë§_ëë¦°ìì¼ì´ëê¹,,,,,,
2026-08-15T09:08:34.827262+00:00,20260815-090834,https://trends24.in/indonesia/,Fri Aug 14 2026 18:24:52 GMT+0000 (Coordinated Universal Time),25,#QueenNarinsDay,queennarinsday,,,,,,
2026-08-15T09:08:34.827262+00:00,20260815-090834,https://trends24.in/indonesia/,Fri Aug 14 2026 18:24:52 GMT+0000 (Coordinated Universal Time),26,#AplikasiAjaib,aplikasiajaib,,,,,,
2026-08-15T09:08:34.827262+00:00,20260815-090834,https://trends24.in/indonesia/,Fri Aug 14 2026 18:24:52 GMT+0000 (Coordinated Universal Time),27,#à¸à¸±à¸¡à¹à¸à¹à¸«à¹à¸à¸µà¹à¸à¸µà¹à¸à¹à¸­à¸à¹à¸­à¸à¹à¸à¸£à¸²à¸§à¸à¹,à¸à¸±à¸¡à¹à¸à¹à¸«à¹à¸à¸µà¹à¸à¸µà¹à¸à¹à¸­à¸à¹à¸­à¸à¹à¸à¸£à¸²à¸§à¸à¹,,,,,,
2026-08-15T09:08:34.827262+00:00,20260815-090834,https://trends24.in/indonesia/,Fri Aug 14 2026 18:24:52 GMT+0000 (Coordinated Universal Time),28,#DownyTopsxMarkji,downytopsxmarkji,,,,,,
2026-08-15T09:08:34.827262+00:00,20260815-090834,https://trends24.in/indonesia/,Fri Aug 14 2026 18:24:52 GMT+0000 (Coordinated Universal Time),29,#DestinyClinicxAouBoom,destinyclinicxaouboom,,,,,,
2026-08-15T09:08:34.827262+00:00,20260815-090834,https://trends24.in/indonesia/,Fri Aug 14 2026 18:24:52 GMT+0000 (Coordinated Universal Time),30,#TerikatJanjiEp131,terikatjanjiep131,,,,,,
2026-08-15T09:08:34.827262+00:00,20260815-090834,https://trends24.in/indonesia/,Fri Aug 14 2026 18:24:52 GMT+0000 (Coordinated Universal Time),31,#BUSTRIP_SingaporeEP1,bustrip_singaporeep1,,,,,,
2026-08-15T09:08:34.827262+00:00,20260815-090834,https://trends24.in/indonesia/,Fri Aug 14 2026 18:24:52 GMT+0000 (Coordinated Universal Time),32,#Arc20TheUnveiledSanctuary,arc20theunveiledsanctuary,,,,,,
2026-08-15T09:08:34.827262+00:00,20260815-090834,https://trends24.in/indonesia/,Fri Aug 14 2026 18:24:52 GMT+0000 (Coordinated Universal Time),33,#PidatoPresiden2026,pidatopresiden2026,,,,,,
2026-08-15T09:08:34.827262+00:00,20260815-090834,https://trends24.in/indonesia/,Fri Aug 14 2026 18:24:52 GMT+0000 (Coordinated Universal Time),34,#gengliga,gengliga,,,,,,
2026-08-15T09:08:34.827262+00:00,20260815-090834,https://trends24.in/indonesia/,Fri Aug 14 2026 18:24:52 GMT+0000 (Coordinated Universal Time),35,#JENNIESummerSonic,jenniesummersonic,,,,,,
2026-08-15T09:08:34.827262+00:00,20260815-090834,https://trends24.in/indonesia/,Fri Aug 14 2026 18:24:52 GMT+0000 (Coordinated Universal Time),36,#RAPBN2027,rapbn2027,,,,,,
2026-08-15T09:08:34.827262+00:00,20260815-090834,https://trends24.in/indonesia/,Fri Aug 14 2026 18:24:52 GMT+0000 (Coordinated Universal Time),37,#KitaIndonesia,kitaindonesia,,,,,,
2026-08-15T09:08:34.827262+00:00,20260815-090834,https://trends24.in/indonesia/,Fri Aug 14 2026 18:24:52 GMT+0000 (Coordinated Universal Time),38,#HUT81RI,hut81ri,,,,,,
2026-08-15T09:08:34.827262+00:00,20260815-090834,https://trends24.in/indonesia/,Fri Aug 14 2026 18:24:52 GMT+0000 (Coordinated Universal Time),39,#LOrealLaqueNudexJimmySea,loreallaquenudexjimmysea,,,,,,
2026-08-15T09:08:34.827262+00:00,20260815-090834,https://trends24.in/indonesia/,Fri Aug 14 2026 18:24:52 GMT+0000 (Coordinated Universal Time),40,#kemendespdt,kemendespdt,,,,,,
2026-08-15T09:08:34.827262+00:00,20260815-090834,https://trends24.in/indonesia/,Fri Aug 14 2026 18:24:52 GMT+0000 (Coordinated Universal Time),41,#ãµãã½ã,ãµãã½ã,,,,,,
2026-08-15T09:08:34.827262+00:00,20260815-090834,https://trends24.in/indonesia/,Fri Aug 14 2026 18:24:52 GMT+0000 (Coordinated Universal Time),42,#JTOhm,jtohm,,,,,,
2026-08-15T09:08:34.827262+00:00,20260815-090834,https://trends24.in/indonesia/,Fri Aug 14 2026 18:24:52 GMT+0000 (Coordinated Universal Time),43,#NotaKeuangan2027,notakeuangan2027,,,,,,
2026-08-15T09:08:34.827262+00:00,20260815-090834,https://trends24.in/indonesia/,Fri Aug 14 2026 18:24:52 GMT+0000 (Coordinated Universal Time),44,#PraewLiveXMrKillSeries,praewlivexmrkillseries,,,,,,
2026-08-15T09:08:34.827262+00:00,20260815-090834,https://trends24.in/indonesia/,Fri Aug 14 2026 17:33:19 GMT+0000 (Coordinated Universal Time),1,Royco Cinta Dian,royco cinta dian,,,,,,
2026-08-15T09:08:34.827262+00:00,20260815-090834,https://trends24.in/indonesia/,Fri Aug 14 2026 17:33:19 GMT+0000 (Coordinated Universal Time),2,#AADCShortFilm,aadcshortfilm,,,,,,
2026-08-15T09:08:34.827262+00:00,20260815-090834,https://trends24.in/indonesia/,Fri Aug 14 2026 17:33:19 GMT+0000 (Coordinated Universal Time),3,#WEIRDO101SeriesEP1,weirdo101seriesep1,,,,,,
2026-08-15T09:08:34.827262+00:00,20260815-090834,https://trends24.in/indonesia/,Fri Aug 14 2026 17:33:19 GMT+0000 (Coordinated Universal Time),4,#ARKANA3D,arkana3d,,,,,,
2026-08-15T09:08:34.827262+00:00,20260815-090834,https://trends24.in/indonesia/,Fri Aug 14 2026 17:33:19 GMT+0000 (Coordinated Universal Time),5,#PONDPHUWINXCokeZeroZero,pondphuwinxcokezerozero,,,,,,
2026-08-15T09:08:34.827262+00:00,20260815-090834,https://trends24.in/indonesia/,Fri Aug 14 2026 17:33:19 GMT+0000 (Coordinated Universal Time),6,PONDPHUWIN COKE ZERO,pondphuwin coke zero,,,,,,
2026-08-15T09:08:34.827262+00:00,20260815-090834,https://trends24.in/indonesia/,Fri Aug 14 2026 17:33:19 GMT+0000 (Coordinated Universal Time),7,#à¸§à¸²à¸à¸à¸±à¸à¸§à¸±à¸à¸§à¸´à¸§à¸²à¸«à¹EP9,à¸§à¸²à¸à¸à¸±à¸à¸§à¸±à¸à¸§à¸´à¸§à¸²à¸«à¹ep9,,,,,,
2026-08-15T09:08:34.827262+00:00,20260815-090834,https://trends24.in/indonesia/,Fri Aug 14 2026 17:33:19 GMT+0000 (Coordinated Universal Time),8,LINGORM ILF EP9,lingorm ilf ep9,,,,,,
2026-08-15T09:08:34.827262+00:00,20260815-090834,https://trends24.in/indonesia/,Fri Aug 14 2026 17:33:19 GMT+0000 (Coordinated Universal Time),9,DBTE RULES EP8,dbte rules ep8,,,,,,
2026-08-15T09:08:34.827262+00:00,20260815-090834,https://trends24.in/indonesia/,Fri Aug 14 2026 17:33:19 GMT+0000 (Coordinated Universal Time),10,Irene,irene,,,,,,
2026-08-15T09:08:34.827262+00:00,20260815-090834,https://trends24.in/indonesia/,Fri Aug 14 2026 17:33:19 GMT+0000 (Coordinated Universal Time),11,MARKJRTN X DOWNY TOPS,markjrtn x downy tops,,,,,,
2026-08-15T09:08:34.827262+00:00,20260815-090834,https://trends24.in/indonesia/,Fri Aug 14 2026 17:33:19 GMT+0000 (Coordinated Universal Time),12,Rangga,rangga,,,,,,
2026-08-15T09:08:34.827262+00:00,20260815-090834,https://trends24.in/indonesia/,Fri Aug 14 2026 17:33:19 GMT+0000 (Coordinated Universal Time),13,Otsuu,otsuu,,,,,,
2026-08-15T09:08:34.827262+00:00,20260815-090834,https://trends24.in/indonesia/,Fri Aug 14 2026 17:33:19 GMT+0000 (Coordinated Universal Time),14,NUDE WITH JIMMYSEA,nude with jimmysea,,,,,,
2026-08-15T09:08:34.827262+00:00,20260815-090834,https://trends24.in/indonesia/,Fri Aug 14 2026 17:33:19 GMT+0000 (Coordinated Universal Time),15,SENADA MODE LDR,senada mode ldr,,,,,,
2026-08-15T09:08:34.827262+00:00,20260815-090834,https://trends24.in/indonesia/,Fri Aug 14 2026 17:33:19 GMT+0000 (Coordinated Universal Time),16,Bawang,bawang,,,,,,
2026-08-15T09:08:34.827262+00:00,20260815-090834,https://trends24.in/indonesia/,Fri Aug 14 2026 17:33:19 GMT+0000 (Coordinated Universal Time),17,Klaim Voucher 100%,klaim voucher 100%,,,,,,
2026-08-15T09:08:34.827262+00:00,20260815-090834,https://trends24.in/indonesia/,Fri Aug 14 2026 17:33:19 GMT+0000 (Coordinated Universal Time),18,GEMINI LOREAL LAQUE NUDE CAFE,gemini loreal laque nude cafe,,,,,,
2026-08-15T09:08:34.827262+00:00,20260815-090834,https://trends24.in/indonesia/,Fri Aug 14 2026 17:33:19 GMT+0000 (Coordinated Universal Time),19,LOREAL NUDE WITH PRIM,loreal nude with prim,,,,,,
2026-08-15T09:08:34.827262+00:00,20260815-090834,https://trends24.in/indonesia/,Fri Aug 14 2026 17:33:19 GMT+0000 (Coordinated Universal Time),20,RUU HAM,ruu ham,,,,,,
2026-08-15T09:08:34.827262+00:00,20260815-090834,https://trends24.in/indonesia/,Fri Aug 14 2026 17:33:19 GMT+0000 (Coordinated Universal Time),21,JENNIE HEADLINES SUMMERSONIC,jennie headlines summersonic,,,,,,
2026-08-15T09:08:34.827262+00:00,20260815-090834,https://trends24.in/indonesia/,Fri Aug 14 2026 17:33:19 GMT+0000 (Coordinated Universal Time),22,MR. KILL SERIES PRESS TOUR,mr. kill series press tour,,,,,,
2026-08-15T09:08:34.827262+00:00,20260815-090834,https://trends24.in/indonesia/,Fri Aug 14 2026 17:33:19 GMT+0000 (Coordinated Universal Time),23,Robin,robin,,,,,,
2026-08-15T09:08:34.827262+00:00,20260815-090834,https://trends24.in/indonesia/,Fri Aug 14 2026 17:33:19 GMT+0000 (Coordinated Universal Time),24,Primogem,primogem,,,,,,
2026-08-15T09:08:34.827262+00:00,20260815-090834,https://trends24.in/indonesia/,Fri Aug 14 2026 17:33:19 GMT+0000 (Coordinated Universal Time),25,OH MY FOURTH PRESS TOUR,oh my fourth press tour,,,,,,
2026-08-15T09:08:34.827262+00:00,20260815-090834,https://trends24.in/indonesia/,Fri Aug 14 2026 17:33:19 GMT+0000 (Coordinated Universal Time),26,Pidato Presiden RI,pidato presiden ri,,,,,,
2026-08-15T09:08:34.827262+00:00,20260815-090834,https://trends24.in/indonesia/,Fri Aug 14 2026 17:33:19 GMT+0000 (Coordinated Universal Time),27,#MingyuinJKTforDIOR,mingyuinjktfordior,,,,,,
2026-08-15T09:08:34.827262+00:00,20260815-090834,https://trends24.in/indonesia/,Fri Aug 14 2026 17:33:19 GMT+0000 (Coordinated Universal Time),28,#ArjunaClip,arjunaclip,,,,,,
2026-08-15T09:08:34.827262+00:00,20260815-090834,https://trends24.in/indonesia/,Fri Aug 14 2026 17:33:19 GMT+0000 (Coordinated Universal Time),29,#à¸­à¸¢à¹à¸²à¸à¸­à¸à¸µà¹à¹à¸à¸EP8,à¸­à¸¢à¹à¸²à¸à¸­à¸à¸µà¹à¹à¸à¸ep8,,,,,,
2026-08-15T09:08:34.827262+00:00,20260815-090834,https://trends24.in/indonesia/,Fri Aug 14 2026 17:33:19 GMT+0000 (Coordinated Universal Time),30,#ëê°ì§ë§_ëë¦°ìì¼ì´ëê¹,ëê°ì§ë§_ëë¦°ìì¼ì´ëê¹,,,,,,
2026-08-15T09:08:34.827262+00:00,20260815-090834,https://trends24.in/indonesia/,Fri Aug 14 2026 17:33:19 GMT+0000 (Coordinated Universal Time),31,#QueenNarinsDay,queennarinsday,,,,,,
2026-08-15T09:08:34.827262+00:00,20260815-090834,https://trends24.in/indonesia/,Fri Aug 14 2026 17:33:19 GMT+0000 (Coordinated Universal Time),32,#DestinyClinicxAouBoom,destinyclinicxaouboom,,,,,,
2026-08-15T09:08:34.827262+00:00,20260815-090834,https://trends24.in/indonesia/,Fri Aug 14 2026 17:33:19 GMT+0000 (Coordinated Universal Time),33,#à¸à¸±à¸¡à¹à¸à¹à¸«à¹à¸à¸µà¹à¸à¸µà¹à¸à¹à¸­à¸à¹à¸­à¸à¹à¸à¸£à¸²à¸§à¸à¹,à¸à¸±à¸¡à¹à¸à¹à¸«à¹à¸à¸µà¹à¸à¸µà¹à¸à¹à¸­à¸à¹à¸­à¸à¹à¸à¸£à¸²à¸§à¸à¹,,,,,,
2026-08-15T09:08:34.827262+00:00,20260815-090834,https://trends24.in/indonesia/,Fri Aug 14 2026 17:33:19 GMT+0000 (Coordinated Universal Time),34,#DownyTopsxMarkji,downytopsxmarkji,,,,,,
2026-08-15T09:08:34.827262+00:00,20260815-090834,https://trends24.in/indonesia/,Fri Aug 14 2026 17:33:19 GMT+0000 (Coordinated Universal Time),35,#TerikatJanjiEp131,terikatjanjiep131,,,,,,
2026-08-15T09:08:34.827262+00:00,20260815-090834,https://trends24.in/indonesia/,Fri Aug 14 2026 17:33:19 GMT+0000 (Coordinated Universal Time),36,#BUSTRIP_SingaporeEP1,bustrip_singaporeep1,,,,,,
2026-08-15T09:08:34.827262+00:00,20260815-090834,https://trends24.in/indonesia/,Fri Aug 14 2026 17:33:19 GMT+0000 (Coordinated Universal Time),37,#DreamBakudanJKT48,dreambakudanjkt48,,,,,,
2026-08-15T09:08:34.827262+00:00,20260815-090834,https://trends24.in/indonesia/,Fri Aug 14 2026 17:33:19 GMT+0000 (Coordinated Universal Time),38,#JTOhm,jtohm,,,,,,
2026-08-15T09:08:34.827262+00:00,20260815-090834,https://trends24.in/indonesia/,Fri Aug 14 2026 17:33:19 GMT+0000 (Coordinated Universal Time),39,#LOrealLaqueNudexJimmySea,loreallaquenudexjimmysea,,,,,,
2026-08-15T09:08:34.827262+00:00,20260815-090834,https://trends24.in/indonesia/,Fri Aug 14 2026 17:33:19 GMT+0000 (Coordinated Universal Time),40,#PidatoPresiden2026,pidatopresiden2026,,,,,,
2026-08-15T09:08:34.827262+00:00,20260815-090834,https://trends24.in/indonesia/,Fri Aug 14 2026 17:33:19 GMT+0000 (Coordinated Universal Time),41,#gengliga,gengliga,,,,,,
2026-08-15T09:08:34.827262+00:00,20260815-090834,https://trends24.in/indonesia/,Fri Aug 14 2026 17:33:19 GMT+0000 (Coordinated Universal Time),42,#JENNIESummerSonic,jenniesummersonic,,,,,,
2026-08-15T09:08:34.827262+00:00,20260815-090834,https://trends24.in/indonesia/,Fri Aug 14 2026 17:33:19 GMT+0000 (Coordinated Universal Time),43,#RAPBN2027,rapbn2027,,,,,,
2026-08-15T09:08:34.827262+00:00,20260815-090834,https://trends24.in/indonesia/,Fri Aug 14 2026 17:33:19 GMT+0000 (Coordinated Universal Time),44,#LOrealLaqueNudexPrim,loreallaquenudexprim,,,,,,
2026-08-15T09:08:34.827262+00:00,20260815-090834,https://trends24.in/indonesia/,Fri Aug 14 2026 17:33:19 GMT+0000 (Coordinated Universal Time),45,#LOrealLaqueNudexGemini,loreallaquenudexgemini,,,,,,
2026-08-15T09:08:34.827262+00:00,20260815-090834,https://trends24.in/indonesia/,Fri Aug 14 2026 17:33:19 GMT+0000 (Coordinated Universal Time),46,#KitaIndonesia,kitaindonesia,,,,,,
2026-08-15T09:08:34.827262+00:00,20260815-090834,https://trends24.in/indonesia/,Fri Aug 14 2026 17:33:19 GMT+0000 (Coordinated Universal Time),47,#HUT81RI,hut81ri,,,,,,
2026-08-15T09:08:34.827262+00:00,20260815-090834,https://trends24.in/indonesia/,Fri Aug 14 2026 17:33:19 GMT+0000 (Coordinated Universal Time),48,#Arc20TheUnveiledSanctuary,arc20theunveiledsanctuary,,,,,,
2026-08-15T09:08:34.827262+00:00,20260815-090834,https://trends24.in/indonesia/,Fri Aug 14 2026 17:33:19 GMT+0000 (Coordinated Universal Time),49,#kemendespdt,kemendespdt,,,,,,
2026-08-15T09:08:34.827262+00:00,20260815-090834,https://trends24.in/indonesia/,Fri Aug 14 2026 17:33:19 GMT+0000 (Coordinated Universal Time),50,#ãµãã½ã,ãµãã½ã,,,,,,
2026-08-15T09:08:34.827262+00:00,20260815-090834,https://trends24.in/indonesia/,Fri Aug 14 2026 16:42:10 GMT+0000 (Coordinated Universal Time),1,#AADCShortFilm,aadcshortfilm,,,,,,
2026-08-15T09:08:34.827262+00:00,20260815-090834,https://trends24.in/indonesia/,Fri Aug 14 2026 16:42:10 GMT+0000 (Coordinated Universal Time),2,Royco Cinta Dian,royco cinta dian,,,,,,
2026-08-15T09:08:34.827262+00:00,20260815-090834,https://trends24.in/indonesia/,Fri Aug 14 2026 16:42:10 GMT+0000 (Coordinated Universal Time),3,#ARKANA3D,arkana3d,,,,,,
2026-08-15T09:08:34.827262+00:00,20260815-090834,https://trends24.in/indonesia/,Fri Aug 14 2026 16:42:10 GMT+0000 (Coordinated Universal Time),4,#WEIRDO101SeriesEP1,weirdo101seriesep1,,,,,,
2026-08-15T09:08:34.827262+00:00,20260815-090834,https://trends24.in/indonesia/,Fri Aug 14 2026 16:42:10 GMT+0000 (Coordinated Universal Time),5,Cinta Rangga,cinta rangga,,,,,,
2026-08-15T09:08:34.827262+00:00,20260815-090834,https://trends24.in/indonesia/,Fri Aug 14 2026 16:42:10 GMT+0000 (Coordinated Universal Time),6,#PONDPHUWINXCokeZeroZero,pondphuwinxcokezerozero,,,,,,
2026-08-15T09:08:34.827262+00:00,20260815-090834,https://trends24.in/indonesia/,Fri Aug 14 2026 16:42:10 GMT+0000 (Coordinated Universal Time),7,PONDPHUWIN COKE ZERO,pondphuwin coke zero,,,,,,
2026-08-15T09:08:34.827262+00:00,20260815-090834,https://trends24.in/indonesia/,Fri Aug 14 2026 16:42:10 GMT+0000 (Coordinated Universal Time),8,#MingyuinJKTforDIOR,mingyuinjktfordior,,,,,,
2026-08-15T09:08:34.827262+00:00,20260815-090834,https://trends24.in/indonesia/,Fri Aug 14 2026 16:42:10 GMT+0000 (Coordinated Universal Time),9,LINGORM ILF EP9,lingorm ilf ep9,,,,,,
2026-08-15T09:08:34.827262+00:00,20260815-090834,https://trends24.in/indonesia/,Fri Aug 14 2026 16:42:10 GMT+0000 (Coordinated Universal Time),10,Otsuion,otsuion,,,,,,
2026-08-15T09:08:34.827262+00:00,20260815-090834,https://trends24.in/indonesia/,Fri Aug 14 2026 16:42:10 GMT+0000 (Coordinated Universal Time),11,DBTE RULES EP8,dbte rules ep8,,,,,,
2026-08-15T09:08:34.827262+00:00,20260815-090834,https://trends24.in/indonesia/,Fri Aug 14 2026 16:42:10 GMT+0000 (Coordinated Universal Time),12,MARKJRTN X DOWNY TOPS,markjrtn x downy tops,,,,,,
2026-08-15T09:08:34.827262+00:00,20260815-090834,https://trends24.in/indonesia/,Fri Aug 14 2026 16:42:10 GMT+0000 (Coordinated Universal Time),13,Irene,irene,,,,,,
2026-08-15T09:08:34.827262+00:00,20260815-090834,https://trends24.in/indonesia/,Fri Aug 14 2026 16:42:10 GMT+0000 (Coordinated Universal Time),14,Otsuu,otsuu,,,,,,
2026-08-15T09:08:34.827262+00:00,20260815-090834,https://trends24.in/indonesia/,Fri Aug 14 2026 16:42:10 GMT+0000 (Coordinated Universal Time),15,NUDE WITH JIMMYSEA,nude with jimmysea,,,,,,
2026-08-15T09:08:34.827262+00:00,20260815-090834,https://trends24.in/indonesia/,Fri Aug 14 2026 16:42:10 GMT+0000 (Coordinated Universal Time),16,SENADA MODE LDR,senada mode ldr,,,,,,
2026-08-15T09:08:34.827262+00:00,20260815-090834,https://trends24.in/indonesia/,Fri Aug 14 2026 16:42:10 GMT+0000 (Coordinated Universal Time),17,Bawang,bawang,,,,,,
2026-08-15T09:08:34.827262+00:00,20260815-090834,https://trends24.in/indonesia/,Fri Aug 14 2026 16:42:10 GMT+0000 (Coordinated Universal Time),18,GEMINI LOREAL LAQUE NUDE CAFE,gemini loreal laque nude cafe,,,,,,
2026-08-15T09:08:34.827262+00:00,20260815-090834,https://trends24.in/indonesia/,Fri Aug 14 2026 16:42:10 GMT+0000 (Coordinated Universal Time),19,LOREAL NUDE WITH PRIM,loreal nude with prim,,,,,,
2026-08-15T09:08:34.827262+00:00,20260815-090834,https://trends24.in/indonesia/,Fri Aug 14 2026 16:42:10 GMT+0000 (Coordinated Universal Time),20,RUU HAM,ruu ham,,,,,,
2026-08-15T09:08:34.827262+00:00,20260815-090834,https://trends24.in/indonesia/,Fri Aug 14 2026 16:42:10 GMT+0000 (Coordinated Universal Time),21,MR. KILL SERIES PRESS TOUR,mr. kill series press tour,,,,,,
2026-08-15T09:08:34.827262+00:00,20260815-090834,https://trends24.in/indonesia/,Fri Aug 14 2026 16:42:10 GMT+0000 (Coordinated Universal Time),22,Robin,robin,,,,,,
2026-08-15T09:08:34.827262+00:00,20260815-090834,https://trends24.in/indonesia/,Fri Aug 14 2026 16:42:10 GMT+0000 (Coordinated Universal Time),23,Primogem,primogem,,,,,,
2026-08-15T09:08:34.827262+00:00,20260815-090834,https://trends24.in/indonesia/,Fri Aug 14 2026 16:42:10 GMT+0000 (Coordinated Universal Time),24,Pidato Kenegaraan Presiden RI,pidato kenegaraan presiden ri,,,,,,
2026-08-15T09:08:34.827262+00:00,20260815-090834,https://trends24.in/indonesia/,Fri Aug 14 2026 16:42:10 GMT+0000 (Coordinated Universal Time),25,OH MY FOURTH PRESS TOUR,oh my fourth press tour,,,,,,
2026-08-15T09:08:34.827262+00:00,20260815-090834,https://trends24.in/indonesia/,Fri Aug 14 2026 16:42:10 GMT+0000 (Coordinated Universal Time),26,Sidang Bersama DPR RI,sidang bersama dpr ri,,,,,,
2026-08-15T09:08:34.827262+00:00,20260815-090834,https://trends24.in/indonesia/,Fri Aug 14 2026 16:42:10 GMT+0000 (Coordinated Universal Time),27,Pidato Presiden RI,pidato presiden ri,,,,,,
2026-08-15T09:08:34.827262+00:00,20260815-090834,https://trends24.in/indonesia/,Fri Aug 14 2026 16:42:10 GMT+0000 (Coordinated Universal Time),28,Kampung Bahari,kampung bahari,,,,,,
2026-08-15T09:08:34.827262+00:00,20260815-090834,https://trends24.in/indonesia/,Fri Aug 14 2026 16:42:10 GMT+0000 (Coordinated Universal Time),29,#à¸§à¸²à¸à¸à¸±à¸à¸§à¸±à¸à¸§à¸´à¸§à¸²à¸«à¹EP9,à¸§à¸²à¸à¸à¸±à¸à¸§à¸±à¸à¸§à¸´à¸§à¸²à¸«à¹ep9,,,,,,
2026-08-15T09:08:34.827262+00:00,20260815-090834,https://trends24.in/indonesia/,Fri Aug 14 2026 16:42:10 GMT+0000 (Coordinated Universal Time),30,#ArjunaClip,arjunaclip,,,,,,
2026-08-15T09:08:34.827262+00:00,20260815-090834,https://trends24.in/indonesia/,Fri Aug 14 2026 16:42:10 GMT+0000 (Coordinated Universal Time),31,#ëê°ì§ë§_ëë¦°ìì¼ì´ëê¹,ëê°ì§ë§_ëë¦°ìì¼ì´ëê¹,,,,,,
2026-08-15T09:08:34.827262+00:00,20260815-090834,https://trends24.in/indonesia/,Fri Aug 14 2026 16:42:10 GMT+0000 (Coordinated Universal Time),32,#QueenNarinsDay,queennarinsday,,,,,,
2026-08-15T09:08:34.827262+00:00,20260815-090834,https://trends24.in/indonesia/,Fri Aug 14 2026 16:42:10 GMT+0000 (Coordinated Universal Time),33,#à¸­à¸¢à¹à¸²à¸à¸­à¸à¸µà¹à¹à¸à¸EP8,à¸­à¸¢à¹à¸²à¸à¸­à¸à¸µà¹à¹à¸à¸ep8,,,,,,
2026-08-15T09:08:34.827262+00:00,20260815-090834,https://trends24.in/indonesia/,Fri Aug 14 2026 16:42:10 GMT+0000 (Coordinated Universal Time),34,#DestinyClinicxAouBoom,destinyclinicxaouboom,,,,,,
2026-08-15T09:08:34.827262+00:00,20260815-090834,https://trends24.in/indonesia/,Fri Aug 14 2026 16:42:10 GMT+0000 (Coordinated Universal Time),35,#à¸à¸±à¸¡à¹à¸à¹à¸«à¹à¸à¸µà¹à¸à¸µà¹à¸à¹à¸­à¸à¹à¸­à¸à¹à¸à¸£à¸²à¸§à¸à¹,à¸à¸±à¸¡à¹à¸à¹à¸«à¹à¸à¸µà¹à¸à¸µà¹à¸à¹à¸­à¸à¹à¸­à¸à¹à¸à¸£à¸²à¸§à¸à¹,,,,,,
2026-08-15T09:08:34.827262+00:00,20260815-090834,https://trends24.in/indonesia/,Fri Aug 14 2026 16:42:10 GMT+0000 (Coordinated Universal Time),36,#DownyTopsxMarkji,downytopsxmarkji,,,,,,
2026-08-15T09:08:34.827262+00:00,20260815-090834,https://trends24.in/indonesia/,Fri Aug 14 2026 16:42:10 GMT+0000 (Coordinated Universal Time),37,#TerikatJanjiEp131,terikatjanjiep131,,,,,,
2026-08-15T09:08:34.827262+00:00,20260815-090834,https://trends24.in/indonesia/,Fri Aug 14 2026 16:42:10 GMT+0000 (Coordinated Universal Time),38,#BUSTRIP_SingaporeEP1,bustrip_singaporeep1,,,,,,
2026-08-15T09:08:34.827262+00:00,20260815-090834,https://trends24.in/indonesia/,Fri Aug 14 2026 16:42:10 GMT+0000 (Coordinated Universal Time),39,#gengliga,gengliga,,,,,,
2026-08-15T09:08:34.827262+00:00,20260815-090834,https://trends24.in/indonesia/,Fri Aug 14 2026 16:42:10 GMT+0000 (Coordinated Universal Time),40,#PidatoPresiden2026,pidatopresiden2026,,,,,,
2026-08-15T09:08:34.827262+00:00,20260815-090834,https://trends24.in/indonesia/,Fri Aug 14 2026 16:42:10 GMT+0000 (Coordinated Universal Time),41,#DreamBakudanJKT48,dreambakudanjkt48,,,,,,
2026-08-15T09:08:34.827262+00:00,20260815-090834,https://trends24.in/indonesia/,Fri Aug 14 2026 16:42:10 GMT+0000 (Coordinated Universal Time),42,#JTOhm,jtohm,,,,,,
2026-08-15T09:08:34.827262+00:00,20260815-090834,https://trends24.in/indonesia/,Fri Aug 14 2026 16:42:10 GMT+0000 (Coordinated Universal Time),43,#LOrealLaqueNudexJimmySea,loreallaquenudexjimmysea,,,,,,
2026-08-15T09:08:34.827262+00:00,20260815-090834,https://trends24.in/indonesia/,Fri Aug 14 2026 16:42:10 GMT+0000 (Coordinated Universal Time),44,#JENNIESummerSonic,jenniesummersonic,,,,,,
2026-08-15T09:08:34.827262+00:00,20260815-090834,https://trends24.in/indonesia/,Fri Aug 14 2026 16:42:10 GMT+0000 (Coordinated Universal Time),45,#RAPBN2027,rapbn2027,,,,,,
2026-08-15T09:08:34.827262+00:00,20260815-090834,https://trends24.in/indonesia/,Fri Aug 14 2026 16:42:10 GMT+0000 (Coordinated Universal Time),46,#LOrealLaqueNudexPrim,loreallaquenudexprim,,,,,,
2026-08-15T09:08:34.827262+00:00,20260815-090834,https://trends24.in/indonesia/,Fri Aug 14 2026 16:42:10 GMT+0000 (Coordinated Universal Time),47,#kemendespdt,kemendespdt,,,,,,
2026-08-15T09:08:34.827262+00:00,20260815-090834,https://trends24.in/indonesia/,Fri Aug 14 2026 16:42:10 GMT+0000 (Coordinated Universal Time),48,#LOrealLaqueNudexGemini,loreallaquenudexgemini,,,,,,
2026-08-15T09:08:34.827262+00:00,20260815-090834,https://trends24.in/indonesia/,Fri Aug 14 2026 16:42:10 GMT+0000 (Coordinated Universal Time),49,#KitaIndonesia,kitaindonesia,,,,,,
2026-08-15T09:08:34.827262+00:00,20260815-090834,https://trends24.in/indonesia/,Fri Aug 14 2026 16:42:10 GMT+0000 (Coordinated Universal Time),50,#HUT81RI,hut81ri,,,,,,
2026-08-15T09:08:34.827262+00:00,20260815-090834,https://trends24.in/indonesia/,Fri Aug 14 2026 15:51:08 GMT+0000 (Coordinated Universal Time),1,#AADCShortFilm,aadcshortfilm,,,,,,
2026-08-15T09:08:34.827262+00:00,20260815-090834,https://trends24.in/indonesia/,Fri Aug 14 2026 15:51:08 GMT+0000 (Coordinated Universal Time),2,Royco Cinta Dian,royco cinta dian,,,,,,
2026-08-15T09:08:34.827262+00:00,20260815-090834,https://trends24.in/indonesia/,Fri Aug 14 2026 15:51:08 GMT+0000 (Coordinated Universal Time),3,#ARKANA3D,arkana3d,,,,,,
2026-08-15T09:08:34.827262+00:00,20260815-090834,https://trends24.in/indonesia/,Fri Aug 14 2026 15:51:08 GMT+0000 (Coordinated Universal Time),4,#WEIRDO101SeriesEP1,weirdo101seriesep1,,,,,,
2026-08-15T09:08:34.827262+00:00,20260815-090834,https://trends24.in/indonesia/,Fri Aug 14 2026 15:51:08 GMT+0000 (Coordinated Universal Time),5,#PONDPHUWINXCokeZeroZero,pondphuwinxcokezerozero,,,,,,
2026-08-15T09:08:34.827262+00:00,20260815-090834,https://trends24.in/indonesia/,Fri Aug 14 2026 15:51:08 GMT+0000 (Coordinated Universal Time),6,PONDPHUWIN COKE ZERO,pondphuwin coke zero,,,,,,
2026-08-15T09:08:34.827262+00:00,20260815-090834,https://trends24.in/indonesia/,Fri Aug 14 2026 15:51:08 GMT+0000 (Coordinated Universal Time),7,Cinta Rangga,cinta rangga,,,,,,
2026-08-15T09:08:34.827262+00:00,20260815-090834,https://trends24.in/indonesia/,Fri Aug 14 2026 15:51:08 GMT+0000 (Coordinated Universal Time),8,#MingyuinJKTforDIOR,mingyuinjktfordior,,,,,,
2026-08-15T09:08:34.827262+00:00,20260815-090834,https://trends24.in/indonesia/,Fri Aug 14 2026 15:51:08 GMT+0000 (Coordinated Universal Time),9,LINGORM ILF EP9,lingorm ilf ep9,,,,,,
2026-08-15T09:08:34.827262+00:00,20260815-090834,https://trends24.in/indonesia/,Fri Aug 14 2026 15:51:08 GMT+0000 (Coordinated Universal Time),10,Otsuion,otsuion,,,,,,
2026-08-15T09:08:34.827262+00:00,20260815-090834,https://trends24.in/indonesia/,Fri Aug 14 2026 15:51:08 GMT+0000 (Coordinated Universal Time),11,MARKJRTN X DOWNY TOPS,markjrtn x downy tops,,,,,,
2026-08-15T09:08:34.827262+00:00,20260815-090834,https://trends24.in/indonesia/,Fri Aug 14 2026 15:51:08 GMT+0000 (Coordinated Universal Time),12,DBTE RULES EP8,dbte rules ep8,,,,,,
2026-08-15T09:08:34.827262+00:00,20260815-090834,https://trends24.in/indonesia/,Fri Aug 14 2026 15:51:08 GMT+0000 (Coordinated Universal Time),13,NUDE WITH JIMMYSEA,nude with jimmysea,,,,,,
2026-08-15T09:08:34.827262+00:00,20260815-090834,https://trends24.in/indonesia/,Fri Aug 14 2026 15:51:08 GMT+0000 (Coordinated Universal Time),14,Otsuu,otsuu,,,,,,
2026-08-15T09:08:34.827262+00:00,20260815-090834,https://trends24.in/indonesia/,Fri Aug 14 2026 15:51:08 GMT+0000 (Coordinated Universal Time),15,Irene,irene,,,,,,
2026-08-15T09:08:34.827262+00:00,20260815-090834,https://trends24.in/indonesia/,Fri Aug 14 2026 15:51:08 GMT+0000 (Coordinated Universal Time),16,GEMINI LOREAL LAQUE NUDE CAFE,gemini loreal laque nude cafe,,,,,,
2026-08-15T09:08:34.827262+00:00,20260815-090834,https://trends24.in/indonesia/,Fri Aug 14 2026 15:51:08 GMT+0000 (Coordinated Universal Time),17,RUU HAM,ruu ham,,,,,,
2026-08-15T09:08:34.827262+00:00,20260815-090834,https://trends24.in/indonesia/,Fri Aug 14 2026 15:51:08 GMT+0000 (Coordinated Universal Time),18,SENADA MODE LDR,senada mode ldr,,,,,,
2026-08-15T09:08:34.827262+00:00,20260815-090834,https://trends24.in/indonesia/,Fri Aug 14 2026 15:51:08 GMT+0000 (Coordinated Universal Time),19,LOREAL NUDE WITH PRIM,loreal nude with prim,,,,,,
2026-08-15T09:08:34.827262+00:00,20260815-090834,https://trends24.in/indonesia/,Fri Aug 14 2026 15:51:08 GMT+0000 (Coordinated Universal Time),20,DR.SKINNE EXCLUSIVE TMK,dr.skinne exclusive tmk,,,,,,
2026-08-15T09:08:34.827262+00:00,20260815-090834,https://trends24.in/indonesia/,Fri Aug 14 2026 15:51:08 GMT+0000 (Coordinated Universal Time),21,Bawang,bawang,,,,,,
2026-08-15T09:08:34.827262+00:00,20260815-090834,https://trends24.in/indonesia/,Fri Aug 14 2026 15:51:08 GMT+0000 (Coordinated Universal Time),22,TFO X NO ONE ELSE,tfo x no one else,,,,,,
2026-08-15T09:08:34.827262+00:00,20260815-090834,https://trends24.in/indonesia/,Fri Aug 14 2026 15:51:08 GMT+0000 (Coordinated Universal Time),23,MR. KILL SERIES PRESS TOUR,mr. kill series press tour,,,,,,
2026-08-15T09:08:34.827262+00:00,20260815-090834,https://trends24.in/indonesia/,Fri Aug 14 2026 15:51:08 GMT+0000 (Coordinated Universal Time),24,Robin,robin,,,,,,
2026-08-15T09:08:34.827262+00:00,20260815-090834,https://trends24.in/indonesia/,Fri Aug 14 2026 15:51:08 GMT+0000 (Coordinated Universal Time),25,Primogem,primogem,,,,,,
2026-08-15T09:08:34.827262+00:00,20260815-090834,https://trends24.in/indonesia/,Fri Aug 14 2026 15:51:08 GMT+0000 (Coordinated Universal Time),26,HarQeel Date Encore,harqeel date encore,,,,,,
2026-08-15T09:08:34.827262+00:00,20260815-090834,https://trends24.in/indonesia/,Fri Aug 14 2026 15:51:08 GMT+0000 (Coordinated Universal Time),27,Presiden Prabowo Subianto,presiden prabowo subianto,,,,,,
2026-08-15T09:08:34.827262+00:00,20260815-090834,https://trends24.in/indonesia/,Fri Aug 14 2026 15:51:08 GMT+0000 (Coordinated Universal Time),28,OH MY FOURTH PRESS TOUR,oh my fourth press tour,,,,,,
2026-08-15T09:08:34.827262+00:00,20260815-090834,https://trends24.in/indonesia/,Fri Aug 14 2026 15:51:08 GMT+0000 (Coordinated Universal Time),29,Pidato Kenegaraan Presiden RI,pidato kenegaraan presiden ri,,,,,,
2026-08-15T09:08:34.827262+00:00,20260815-090834,https://trends24.in/indonesia/,Fri Aug 14 2026 15:51:08 GMT+0000 (Coordinated Universal Time),30,Pidato Presiden RI,pidato presiden ri,,,,,,
2026-08-15T09:08:34.827262+00:00,20260815-090834,https://trends24.in/indonesia/,Fri Aug 14 2026 15:51:08 GMT+0000 (Coordinated Universal Time),31,Sidang Bersama DPR RI,sidang bersama dpr ri,,,,,,
2026-08-15T09:08:34.827262+00:00,20260815-090834,https://trends24.in/indonesia/,Fri Aug 14 2026 15:51:08 GMT+0000 (Coordinated Universal Time),32,EMIBONNIE RED KISS PRESS TOUR,emibonnie red kiss press tour,,,,,,
2026-08-15T09:08:34.827262+00:00,20260815-090834,https://trends24.in/indonesia/,Fri Aug 14 2026 15:51:08 GMT+0000 (Coordinated Universal Time),33,Kampung Bahari,kampung bahari,,,,,,
2026-08-15T09:08:34.827262+00:00,20260815-090834,https://trends24.in/indonesia/,Fri Aug 14 2026 15:51:08 GMT+0000 (Coordinated Universal Time),34,DPD RI,dpd ri,,,,,,
2026-08-15T09:08:34.827262+00:00,20260815-090834,https://trends24.in/indonesia/,Fri Aug 14 2026 15:51:08 GMT+0000 (Coordinated Universal Time),35,Halu,halu,,,,,,
2026-08-15T09:08:34.827262+00:00,20260815-090834,https://trends24.in/indonesia/,Fri Aug 14 2026 15:51:08 GMT+0000 (Coordinated Universal Time),36,Sekolah Rakyat,sekolah rakyat,,,,,,
2026-08-15T09:08:34.827262+00:00,20260815-090834,https://trends24.in/indonesia/,Fri Aug 14 2026 15:51:08 GMT+0000 (Coordinated Universal Time),37,#à¸§à¸²à¸à¸à¸±à¸à¸§à¸±à¸à¸§à¸´à¸§à¸²à¸«à¹EP9,à¸§à¸²à¸à¸à¸±à¸à¸§à¸±à¸à¸§à¸´à¸§à¸²à¸«à¹ep9,,,,,,
2026-08-15T09:08:34.827262+00:00,20260815-090834,https://trends24.in/indonesia/,Fri Aug 14 2026 15:51:08 GMT+0000 (Coordinated Universal Time),38,#ArjunaClip,arjunaclip,,,,,,
2026-08-15T09:08:34.827262+00:00,20260815-090834,https://trends24.in/indonesia/,Fri Aug 14 2026 15:51:08 GMT+0000 (Coordinated Universal Time),39,#DestinyClinicxAouBoom,destinyclinicxaouboom,,,,,,
2026-08-15T09:08:34.827262+00:00,20260815-090834,https://trends24.in/indonesia/,Fri Aug 14 2026 15:51:08 GMT+0000 (Coordinated Universal Time),40,#TerikatJanjiEp131,terikatjanjiep131,,,,,,
2026-08-15T09:08:34.827262+00:00,20260815-090834,https://trends24.in/indonesia/,Fri Aug 14 2026 15:51:08 GMT+0000 (Coordinated Universal Time),41,#DownyTopsxMarkji,downytopsxmarkji,,,,,,
2026-08-15T09:08:34.827262+00:00,20260815-090834,https://trends24.in/indonesia/,Fri Aug 14 2026 15:51:08 GMT+0000 (Coordinated Universal Time),42,#à¸­à¸¢à¹à¸²à¸à¸­à¸à¸µà¹à¹à¸à¸EP8,à¸­à¸¢à¹à¸²à¸à¸­à¸à¸µà¹à¹à¸à¸ep8,,,,,,
2026-08-15T09:08:34.827262+00:00,20260815-090834,https://trends24.in/indonesia/,Fri Aug 14 2026 15:51:08 GMT+0000 (Coordinated Universal Time),43,#LOrealLaqueNudexJimmySea,loreallaquenudexjimmysea,,,,,,
2026-08-15T09:08:34.827262+00:00,20260815-090834,https://trends24.in/indonesia/,Fri Aug 14 2026 15:51:08 GMT+0000 (Coordinated Universal Time),44,#à¸à¸±à¸¡à¹à¸à¹à¸«à¹à¸à¸µà¹à¸à¸µà¹à¸à¹à¸­à¸à¹à¸­à¸à¹à¸à¸£à¸²à¸§à¸à¹,à¸à¸±à¸¡à¹à¸à¹à¸«à¹à¸à¸µà¹à¸à¸µà¹à¸à¹à¸­à¸à¹à¸­à¸à¹à¸à¸£à¸²à¸§à¸à¹,,,,,,
2026-08-15T09:08:34.827262+00:00,20260815-090834,https://trends24.in/indonesia/,Fri Aug 14 2026 15:51:08 GMT+0000 (Coordinated Universal Time),45,#gengliga,gengliga,,,,,,
2026-08-15T09:08:34.827262+00:00,20260815-090834,https://trends24.in/indonesia/,Fri Aug 14 2026 15:51:08 GMT+0000 (Coordinated Universal Time),46,#BUSTRIP_SingaporeEP1,bustrip_singaporeep1,,,,,,
2026-08-15T09:08:34.827262+00:00,20260815-090834,https://trends24.in/indonesia/,Fri Aug 14 2026 15:51:08 GMT+0000 (Coordinated Universal Time),47,#JTOhm,jtohm,,,,,,
2026-08-15T09:08:34.827262+00:00,20260815-090834,https://trends24.in/indonesia/,Fri Aug 14 2026 15:51:08 GMT+0000 (Coordinated Universal Time),48,#JENNIESummerSonic,jenniesummersonic,,,,,,
2026-08-15T09:08:34.827262+00:00,20260815-090834,https://trends24.in/indonesia/,Fri Aug 14 2026 15:51:08 GMT+0000 (Coordinated Universal Time),49,#PidatoPresiden2026,pidatopresiden2026,,,,,,
2026-08-15T09:08:34.827262+00:00,20260815-090834,https://trends24.in/indonesia/,Fri Aug 14 2026 15:51:08 GMT+0000 (Coordinated Universal Time),50,#LOrealLaqueNudexGemini,loreallaquenudexgemini,,,,,,
2026-08-15T09:08:34.827262+00:00,20260815-090834,https://trends24.in/indonesia/,Fri Aug 14 2026 15:00:03 GMT+0000 (Coordinated Universal Time),1,#AADCShortFilm,aadcshortfilm,,,,,,
2026-08-15T09:08:34.827262+00:00,20260815-090834,https://trends24.in/indonesia/,Fri Aug 14 2026 15:00:03 GMT+0000 (Coordinated Universal Time),2,Royco Cinta Dian,royco cinta dian,,,,,,
2026-08-15T09:08:34.827262+00:00,20260815-090834,https://trends24.in/indonesia/,Fri Aug 14 2026 15:00:03 GMT+0000 (Coordinated Universal Time),3,#ARKANA3D,arkana3d,,,,,,
2026-08-15T09:08:34.827262+00:00,20260815-090834,https://trends24.in/indonesia/,Fri Aug 14 2026 15:00:03 GMT+0000 (Coordinated Universal Time),4,#WEIRDO101SeriesEP1,weirdo101seriesep1,,,,,,
2026-08-15T09:08:34.827262+00:00,20260815-090834,https://trends24.in/indonesia/,Fri Aug 14 2026 15:00:03 GMT+0000 (Coordinated Universal Time),5,#PONDPHUWINXCokeZeroZero,pondphuwinxcokezerozero,,,,,,
2026-08-15T09:08:34.827262+00:00,20260815-090834,https://trends24.in/indonesia/,Fri Aug 14 2026 15:00:03 GMT+0000 (Coordinated Universal Time),6,PONDPHUWIN COKE ZERO,pondphuwin coke zero,,,,,,
2026-08-15T09:08:34.827262+00:00,20260815-090834,https://trends24.in/indonesia/,Fri Aug 14 2026 15:00:03 GMT+0000 (Coordinated Universal Time),7,Cinta Rangga,cinta rangga,,,,,,
2026-08-15T09:08:34.827262+00:00,20260815-090834,https://trends24.in/indonesia/,Fri Aug 14 2026 15:00:03 GMT+0000 (Coordinated Universal Time),8,#MingyuinJKTforDIOR,mingyuinjktfordior,,,,,,
2026-08-15T09:08:34.827262+00:00,20260815-090834,https://trends24.in/indonesia/,Fri Aug 14 2026 15:00:03 GMT+0000 (Coordinated Universal Time),9,LINGORM ILF EP9,lingorm ilf ep9,,,,,,
2026-08-15T09:08:34.827262+00:00,20260815-090834,https://trends24.in/indonesia/,Fri Aug 14 2026 15:00:03 GMT+0000 (Coordinated Universal Time),10,Otsuion,otsuion,,,,,,
2026-08-15T09:08:34.827262+00:00,20260815-090834,https://trends24.in/indonesia/,Fri Aug 14 2026 15:00:03 GMT+0000 (Coordinated Universal Time),11,NUDE WITH JIMMYSEA,nude with jimmysea,,,,,,
2026-08-15T09:08:34.827262+00:00,20260815-090834,https://trends24.in/indonesia/,Fri Aug 14 2026 15:00:03 GMT+0000 (Coordinated Universal Time),12,MARKJRTN X DOWNY TOPS,markjrtn x downy tops,,,,,,
2026-08-15T09:08:34.827262+00:00,20260815-090834,https://trends24.in/indonesia/,Fri Aug 14 2026 15:00:03 GMT+0000 (Coordinated Universal Time),13,SENADA MODE LDR,senada mode ldr,,,,,,
2026-08-15T09:08:34.827262+00:00,20260815-090834,https://trends24.in/indonesia/,Fri Aug 14 2026 15:00:03 GMT+0000 (Coordinated Universal Time),14,GEMINI LOREAL LAQUE NUDE CAFE,gemini loreal laque nude cafe,,,,,,
2026-08-15T09:08:34.827262+00:00,20260815-090834,https://trends24.in/indonesia/,Fri Aug 14 2026 15:00:03 GMT+0000 (Coordinated Universal Time),15,Irene,irene,,,,,,
2026-08-15T09:08:34.827262+00:00,20260815-090834,https://trends24.in/indonesia/,Fri Aug 14 2026 15:00:03 GMT+0000 (Coordinated Universal Time),16,LOREAL NUDE WITH PRIM,loreal nude with prim,,,,,,
2026-08-15T09:08:34.827262+00:00,20260815-090834,https://trends24.in/indonesia/,Fri Aug 14 2026 15:00:03 GMT+0000 (Coordinated Universal Time),17,RUU HAM,ruu ham,,,,,,
2026-08-15T09:08:34.827262+00:00,20260815-090834,https://trends24.in/indonesia/,Fri Aug 14 2026 15:00:03 GMT+0000 (Coordinated Universal Time),18,DR.SKINNE EXCLUSIVE TMK,dr.skinne exclusive tmk,,,,,,
2026-08-15T09:08:34.827262+00:00,20260815-090834,https://trends24.in/indonesia/,Fri Aug 14 2026 15:00:03 GMT+0000 (Coordinated Universal Time),19,MR. KILL SERIES PRESS TOUR,mr. kill series press tour,,,,,,
2026-08-15T09:08:34.827262+00:00,20260815-090834,https://trends24.in/indonesia/,Fri Aug 14 2026 15:00:03 GMT+0000 (Coordinated Universal Time),20,TFO X NO ONE ELSE,tfo x no one else,,,,,,
2026-08-15T09:08:34.827262+00:00,20260815-090834,https://trends24.in/indonesia/,Fri Aug 14 2026 15:00:03 GMT+0000 (Coordinated Universal Time),21,Thrill,thrill,,,,,,
2026-08-15T09:08:34.827262+00:00,20260815-090834,https://trends24.in/indonesia/,Fri Aug 14 2026 15:00:03 GMT+0000 (Coordinated Universal Time),22,Robin,robin,,,,,,
2026-08-15T09:08:34.827262+00:00,20260815-090834,https://trends24.in/indonesia/,Fri Aug 14 2026 15:00:03 GMT+0000 (Coordinated Universal Time),23,Bawang,bawang,,,,,,
2026-08-15T09:08:34.827262+00:00,20260815-090834,https://trends24.in/indonesia/,Fri Aug 14 2026 15:00:03 GMT+0000 (Coordinated Universal Time),24,HarQeel Date Encore,harqeel date encore,,,,,,
2026-08-15T09:08:34.827262+00:00,20260815-090834,https://trends24.in/indonesia/,Fri Aug 14 2026 15:00:03 GMT+0000 (Coordinated Universal Time),25,SANTA LIP NUDE LIVE,santa lip nude live,,,,,,
2026-08-15T09:08:34.827262+00:00,20260815-090834,https://trends24.in/indonesia/,Fri Aug 14 2026 15:00:03 GMT+0000 (Coordinated Universal Time),26,Presiden Prabowo Subianto,presiden prabowo subianto,,,,,,
2026-08-15T09:08:34.827262+00:00,20260815-090834,https://trends24.in/indonesia/,Fri Aug 14 2026 15:00:03 GMT+0000 (Coordinated Universal Time),27,Pidato Presiden RI,pidato presiden ri,,,,,,
2026-08-15T09:08:34.827262+00:00,20260815-090834,https://trends24.in/indonesia/,Fri Aug 14 2026 15:00:03 GMT+0000 (Coordinated Universal Time),28,Pidato Kenegaraan Presiden RI,pidato kenegaraan presiden ri,,,,,,
2026-08-15T09:08:34.827262+00:00,20260815-090834,https://trends24.in/indonesia/,Fri Aug 14 2026 15:00:03 GMT+0000 (Coordinated Universal Time),29,OH MY FOURTH PRESS TOUR,oh my fourth press tour,,,,,,
2026-08-15T09:08:34.827262+00:00,20260815-090834,https://trends24.in/indonesia/,Fri Aug 14 2026 15:00:03 GMT+0000 (Coordinated Universal Time),30,Sidang Bersama DPR RI,sidang bersama dpr ri,,,,,,
2026-08-15T09:08:34.827262+00:00,20260815-090834,https://trends24.in/indonesia/,Fri Aug 14 2026 15:00:03 GMT+0000 (Coordinated Universal Time),31,EMIBONNIE RED KISS PRESS TOUR,emibonnie red kiss press tour,,,,,,
2026-08-15T09:08:34.827262+00:00,20260815-090834,https://trends24.in/indonesia/,Fri Aug 14 2026 15:00:03 GMT+0000 (Coordinated Universal Time),32,Primogems,primogems,,,,,,
2026-08-15T09:08:34.827262+00:00,20260815-090834,https://trends24.in/indonesia/,Fri Aug 14 2026 15:00:03 GMT+0000 (Coordinated Universal Time),33,DPD RI,dpd ri,,,,,,
2026-08-15T09:08:34.827262+00:00,20260815-090834,https://trends24.in/indonesia/,Fri Aug 14 2026 15:00:03 GMT+0000 (Coordinated Universal Time),34,Halu,halu,,,,,,
2026-08-15T09:08:34.827262+00:00,20260815-090834,https://trends24.in/indonesia/,Fri Aug 14 2026 15:00:03 GMT+0000 (Coordinated Universal Time),35,Kampung Bahari,kampung bahari,,,,,,
2026-08-15T09:08:34.827262+00:00,20260815-090834,https://trends24.in/indonesia/,Fri Aug 14 2026 15:00:03 GMT+0000 (Coordinated Universal Time),36,Sekolah Rakyat,sekolah rakyat,,,,,,
2026-08-15T09:08:34.827262+00:00,20260815-090834,https://trends24.in/indonesia/,Fri Aug 14 2026 15:00:03 GMT+0000 (Coordinated Universal Time),37,#à¸§à¸²à¸à¸à¸±à¸à¸§à¸±à¸à¸§à¸´à¸§à¸²à¸«à¹EP9,à¸§à¸²à¸à¸à¸±à¸à¸§à¸±à¸à¸§à¸´à¸§à¸²à¸«à¹ep9,,,,,,
2026-08-15T09:08:34.827262+00:00,20260815-090834,https://trends24.in/indonesia/,Fri Aug 14 2026 15:00:03 GMT+0000 (Coordinated Universal Time),38,#DestinyClinicxAouBoom,destinyclinicxaouboom,,,,,,
2026-08-15T09:08:34.827262+00:00,20260815-090834,https://trends24.in/indonesia/,Fri Aug 14 2026 15:00:03 GMT+0000 (Coordinated Universal Time),39,#TerikatJanjiEp131,terikatjanjiep131,,,,,,
2026-08-15T09:08:34.827262+00:00,20260815-090834,https://trends24.in/indonesia/,Fri Aug 14 2026 15:00:03 GMT+0000 (Coordinated Universal Time),40,#ArjunaClip,arjunaclip,,,,,,
2026-08-15T09:08:34.827262+00:00,20260815-090834,https://trends24.in/indonesia/,Fri Aug 14 2026 15:00:03 GMT+0000 (Coordinated Universal Time),41,#LOrealLaqueNudexJimmySea,loreallaquenudexjimmysea,,,,,,
2026-08-15T09:08:34.827262+00:00,20260815-090834,https://trends24.in/indonesia/,Fri Aug 14 2026 15:00:03 GMT+0000 (Coordinated Universal Time),42,#DownyTopsxMarkji,downytopsxmarkji,,,,,,
2026-08-15T09:08:34.827262+00:00,20260815-090834,https://trends24.in/indonesia/,Fri Aug 14 2026 15:00:03 GMT+0000 (Coordinated Universal Time),43,#gengliga,gengliga,,,,,,
2026-08-15T09:08:34.827262+00:00,20260815-090834,https://trends24.in/indonesia/,Fri Aug 14 2026 15:00:03 GMT+0000 (Coordinated Universal Time),44,#PidatoPresiden2026,pidatopresiden2026,,,,,,
2026-08-15T09:08:34.827262+00:00,20260815-090834,https://trends24.in/indonesia/,Fri Aug 14 2026 15:00:03 GMT+0000 (Coordinated Universal Time),45,#à¸­à¸¢à¹à¸²à¸à¸­à¸à¸µà¹à¹à¸à¸EP8,à¸­à¸¢à¹à¸²à¸à¸­à¸à¸µà¹à¹à¸à¸ep8,,,,,,
2026-08-15T09:08:34.827262+00:00,20260815-090834,https://trends24.in/indonesia/,Fri Aug 14 2026 15:00:03 GMT+0000 (Coordinated Universal Time),46,#JTOhm,jtohm,,,,,,
2026-08-15T09:08:34.827262+00:00,20260815-090834,https://trends24.in/indonesia/,Fri Aug 14 2026 15:00:03 GMT+0000 (Coordinated Universal Time),47,#HUT81RI,hut81ri,,,,,,
2026-08-15T09:08:34.827262+00:00,20260815-090834,https://trends24.in/indonesia/,Fri Aug 14 2026 15:00:03 GMT+0000 (Coordinated Universal Time),48,#DreamBakudanJKT48,dreambakudanjkt48,,,,,,
2026-08-15T09:08:34.827262+00:00,20260815-090834,https://trends24.in/indonesia/,Fri Aug 14 2026 15:00:03 GMT+0000 (Coordinated Universal Time),49,#RAPBN2027,rapbn2027,,,,,,
2026-08-15T09:08:34.827262+00:00,20260815-090834,https://trends24.in/indonesia/,Fri Aug 14 2026 15:00:03 GMT+0000 (Coordinated Universal Time),50,#JENNIESummerSonic,jenniesummersonic,,,,,,
2026-08-15T09:08:34.827262+00:00,20260815-090834,https://trends24.in/indonesia/,Fri Aug 14 2026 14:07:07 GMT+0000 (Coordinated Universal Time),1,#AADCShortFilm,aadcshortfilm,,,,,,
2026-08-15T09:08:34.827262+00:00,20260815-090834,https://trends24.in/indonesia/,Fri Aug 14 2026 14:07:07 GMT+0000 (Coordinated Universal Time),2,Royco Cinta Dian,royco cinta dian,,,,,,
2026-08-15T09:08:34.827262+00:00,20260815-090834,https://trends24.in/indonesia/,Fri Aug 14 2026 14:07:07 GMT+0000 (Coordinated Universal Time),3,#ARKANA3D,arkana3d,,,,,,
2026-08-15T09:08:34.827262+00:00,20260815-090834,https://trends24.in/indonesia/,Fri Aug 14 2026 14:07:07 GMT+0000 (Coordinated Universal Time),4,#MingyuinJKTforDIOR,mingyuinjktfordior,,,,,,
2026-08-15T09:08:34.827262+00:00,20260815-090834,https://trends24.in/indonesia/,Fri Aug 14 2026 14:07:07 GMT+0000 (Coordinated Universal Time),5,#PONDPHUWINXCokeZeroZero,pondphuwinxcokezerozero,,,,,,
2026-08-15T09:08:34.827262+00:00,20260815-090834,https://trends24.in/indonesia/,Fri Aug 14 2026 14:07:07 GMT+0000 (Coordinated Universal Time),6,#WEIRDO101SeriesEP1,weirdo101seriesep1,,,,,,
2026-08-15T09:08:34.827262+00:00,20260815-090834,https://trends24.in/indonesia/,Fri Aug 14 2026 14:07:07 GMT+0000 (Coordinated Universal Time),7,PONDPHUWIN COKE ZERO,pondphuwin coke zero,,,,,,
2026-08-15T09:08:34.827262+00:00,20260815-090834,https://trends24.in/indonesia/,Fri Aug 14 2026 14:07:07 GMT+0000 (Coordinated Universal Time),8,AOUBOOM 2ND DESTINY,aouboom 2nd destiny,,,,,,
2026-08-15T09:08:34.827262+00:00,20260815-090834,https://trends24.in/indonesia/,Fri Aug 14 2026 14:07:07 GMT+0000 (Coordinated Universal Time),9,Cinta Rangga,cinta rangga,,,,,,
2026-08-15T09:08:34.827262+00:00,20260815-090834,https://trends24.in/indonesia/,Fri Aug 14 2026 14:07:07 GMT+0000 (Coordinated Universal Time),10,NUDE WITH JIMMYSEA,nude with jimmysea,,,,,,
2026-08-15T09:08:34.827262+00:00,20260815-090834,https://trends24.in/indonesia/,Fri Aug 14 2026 14:07:07 GMT+0000 (Coordinated Universal Time),11,LINGORM ILF EP9,lingorm ilf ep9,,,,,,
2026-08-15T09:08:34.827262+00:00,20260815-090834,https://trends24.in/indonesia/,Fri Aug 14 2026 14:07:07 GMT+0000 (Coordinated Universal Time),12,SENADA MODE LDR,senada mode ldr,,,,,,
2026-08-15T09:08:34.827262+00:00,20260815-090834,https://trends24.in/indonesia/,Fri Aug 14 2026 14:07:07 GMT+0000 (Coordinated Universal Time),13,GEMINI LOREAL LAQUE NUDE CAFE,gemini loreal laque nude cafe,,,,,,
2026-08-15T09:08:34.827262+00:00,20260815-090834,https://trends24.in/indonesia/,Fri Aug 14 2026 14:07:07 GMT+0000 (Coordinated Universal Time),14,LOREAL NUDE WITH PRIM,loreal nude with prim,,,,,,
2026-08-15T09:08:34.827262+00:00,20260815-090834,https://trends24.in/indonesia/,Fri Aug 14 2026 14:07:07 GMT+0000 (Coordinated Universal Time),15,HarQeel Date Encore,harqeel date encore,,,,,,
2026-08-15T09:08:34.827262+00:00,20260815-090834,https://trends24.in/indonesia/,Fri Aug 14 2026 14:07:07 GMT+0000 (Coordinated Universal Time),16,RUU HAM,ruu ham,,,,,,
2026-08-15T09:08:34.827262+00:00,20260815-090834,https://trends24.in/indonesia/,Fri Aug 14 2026 14:07:07 GMT+0000 (Coordinated Universal Time),17,MR. KILL SERIES PRESS TOUR,mr. kill series press tour,,,,,,
2026-08-15T09:08:34.827262+00:00,20260815-090834,https://trends24.in/indonesia/,Fri Aug 14 2026 14:07:07 GMT+0000 (Coordinated Universal Time),18,DR.SKINNE EXCLUSIVE TMK,dr.skinne exclusive tmk,,,,,,
2026-08-15T09:08:34.827262+00:00,20260815-090834,https://trends24.in/indonesia/,Fri Aug 14 2026 14:07:07 GMT+0000 (Coordinated Universal Time),19,TFO X NO ONE ELSE,tfo x no one else,,,,,,
2026-08-15T09:08:34.827262+00:00,20260815-090834,https://trends24.in/indonesia/,Fri Aug 14 2026 14:07:07 GMT+0000 (Coordinated Universal Time),20,Irene,irene,,,,,,
2026-08-15T09:08:34.827262+00:00,20260815-090834,https://trends24.in/indonesia/,Fri Aug 14 2026 14:07:07 GMT+0000 (Coordinated Universal Time),21,OH MY FOURTH PRESS TOUR,oh my fourth press tour,,,,,,
2026-08-15T09:08:34.827262+00:00,20260815-090834,https://trends24.in/indonesia/,Fri Aug 14 2026 14:07:07 GMT+0000 (Coordinated Universal Time),22,Thrill,thrill,,,,,,
2026-08-15T09:08:34.827262+00:00,20260815-090834,https://trends24.in/indonesia/,Fri Aug 14 2026 14:07:07 GMT+0000 (Coordinated Universal Time),23,Robin,robin,,,,,,
2026-08-15T09:08:34.827262+00:00,20260815-090834,https://trends24.in/indonesia/,Fri Aug 14 2026 14:07:07 GMT+0000 (Coordinated Universal Time),24,Presiden Prabowo Subianto,presiden prabowo subianto,,,,,,
2026-08-15T09:08:34.827262+00:00,20260815-090834,https://trends24.in/indonesia/,Fri Aug 14 2026 14:07:07 GMT+0000 (Coordinated Universal Time),25,SANTA LIP NUDE LIVE,santa lip nude live,,,,,,
2026-08-15T09:08:34.827262+00:00,20260815-090834,https://trends24.in/indonesia/,Fri Aug 14 2026 14:07:07 GMT+0000 (Coordinated Universal Time),26,Pidato Kenegaraan Presiden RI,pidato kenegaraan presiden ri,,,,,,
2026-08-15T09:08:34.827262+00:00,20260815-090834,https://trends24.in/indonesia/,Fri Aug 14 2026 14:07:07 GMT+0000 (Coordinated Universal Time),27,Pidato Presiden RI,pidato presiden ri,,,,,,
2026-08-15T09:08:34.827262+00:00,20260815-090834,https://trends24.in/indonesia/,Fri Aug 14 2026 14:07:07 GMT+0000 (Coordinated Universal Time),28,Selamat Hari Pramuka,selamat hari pramuka,,,,,,
2026-08-15T09:08:34.827262+00:00,20260815-090834,https://trends24.in/indonesia/,Fri Aug 14 2026 14:07:07 GMT+0000 (Coordinated Universal Time),29,Maksimal Melayani Negeri,maksimal melayani negeri,,,,,,
2026-08-15T09:08:34.827262+00:00,20260815-090834,https://trends24.in/indonesia/,Fri Aug 14 2026 14:07:07 GMT+0000 (Coordinated Universal Time),30,EMIBONNIE RED KISS PRESS TOUR,emibonnie red kiss press tour,,,,,,
2026-08-15T09:08:34.827262+00:00,20260815-090834,https://trends24.in/indonesia/,Fri Aug 14 2026 14:07:07 GMT+0000 (Coordinated Universal Time),31,DPD RI,dpd ri,,,,,,
2026-08-15T09:08:34.827262+00:00,20260815-090834,https://trends24.in/indonesia/,Fri Aug 14 2026 14:07:07 GMT+0000 (Coordinated Universal Time),32,Sidang Bersama DPR RI,sidang bersama dpr ri,,,,,,
2026-08-15T09:08:34.827262+00:00,20260815-090834,https://trends24.in/indonesia/,Fri Aug 14 2026 14:07:07 GMT+0000 (Coordinated Universal Time),33,Halu,halu,,,,,,
2026-08-15T09:08:34.827262+00:00,20260815-090834,https://trends24.in/indonesia/,Fri Aug 14 2026 14:07:07 GMT+0000 (Coordinated Universal Time),34,Budiman Sudjatmiko,budiman sudjatmiko,,,,,,
2026-08-15T09:08:34.827262+00:00,20260815-090834,https://trends24.in/indonesia/,Fri Aug 14 2026 14:07:07 GMT+0000 (Coordinated Universal Time),35,Kampung Bahari,kampung bahari,,,,,,
2026-08-15T09:08:34.827262+00:00,20260815-090834,https://trends24.in/indonesia/,Fri Aug 14 2026 14:07:07 GMT+0000 (Coordinated Universal Time),36,Salam Pramuka,salam pramuka,,,,,,
2026-08-15T09:08:34.827262+00:00,20260815-090834,https://trends24.in/indonesia/,Fri Aug 14 2026 14:07:07 GMT+0000 (Coordinated Universal Time),37,Sidang Tahunan MPR RI,sidang tahunan mpr ri,,,,,,
2026-08-15T09:08:34.827262+00:00,20260815-090834,https://trends24.in/indonesia/,Fri Aug 14 2026 14:07:07 GMT+0000 (Coordinated Universal Time),38,Koperasi Desa,koperasi desa,,,,,,
2026-08-15T09:08:34.827262+00:00,20260815-090834,https://trends24.in/indonesia/,Fri Aug 14 2026 14:07:07 GMT+0000 (Coordinated Universal Time),39,Primogems,primogems,,,,,,
2026-08-15T09:08:34.827262+00:00,20260815-090834,https://trends24.in/indonesia/,Fri Aug 14 2026 14:07:07 GMT+0000 (Coordinated Universal Time),40,Sekolah Rakyat,sekolah rakyat,,,,,,
2026-08-15T09:08:34.827262+00:00,20260815-090834,https://trends24.in/indonesia/,Fri Aug 14 2026 14:07:07 GMT+0000 (Coordinated Universal Time),41,Makan Bergizi Gratis,makan bergizi gratis,,,,,,
2026-08-15T09:08:34.827262+00:00,20260815-090834,https://trends24.in/indonesia/,Fri Aug 14 2026 14:07:07 GMT+0000 (Coordinated Universal Time),42,Jumatan,jumatan,,,,,,
2026-08-15T09:08:34.827262+00:00,20260815-090834,https://trends24.in/indonesia/,Fri Aug 14 2026 14:07:07 GMT+0000 (Coordinated Universal Time),43,#TerikatJanjiEp131,terikatjanjiep131,,,,,,
2026-08-15T09:08:34.827262+00:00,20260815-090834,https://trends24.in/indonesia/,Fri Aug 14 2026 14:07:07 GMT+0000 (Coordinated Universal Time),44,#LOrealLaqueNudexJimmySea,loreallaquenudexjimmysea,,,,,,
2026-08-15T09:08:34.827262+00:00,20260815-090834,https://trends24.in/indonesia/,Fri Aug 14 2026 14:07:07 GMT+0000 (Coordinated Universal Time),45,#à¸§à¸²à¸à¸à¸±à¸à¸§à¸±à¸à¸§à¸´à¸§à¸²à¸«à¹EP9,à¸§à¸²à¸à¸à¸±à¸à¸§à¸±à¸à¸§à¸´à¸§à¸²à¸«à¹ep9,,,,,,
2026-08-15T09:08:34.827262+00:00,20260815-090834,https://trends24.in/indonesia/,Fri Aug 14 2026 14:07:07 GMT+0000 (Coordinated Universal Time),46,#gengliga,gengliga,,,,,,
2026-08-15T09:08:34.827262+00:00,20260815-090834,https://trends24.in/indonesia/,Fri Aug 14 2026 14:07:07 GMT+0000 (Coordinated Universal Time),47,#DreamBakudanJKT48,dreambakudanjkt48,,,,,,
2026-08-15T09:08:34.827262+00:00,20260815-090834,https://trends24.in/indonesia/,Fri Aug 14 2026 14:07:07 GMT+0000 (Coordinated Universal Time),48,#JTOhm,jtohm,,,,,,
2026-08-15T09:08:34.827262+00:00,20260815-090834,https://trends24.in/indonesia/,Fri Aug 14 2026 14:07:07 GMT+0000 (Coordinated Universal Time),49,#PidatoPresiden2026,pidatopresiden2026,,,,,,
2026-08-15T09:08:34.827262+00:00,20260815-090834,https://trends24.in/indonesia/,Fri Aug 14 2026 14:07:07 GMT+0000 (Coordinated Universal Time),50,#HUT81RI,hut81ri,,,,,,
