captured_at_utc,run_id,source_url,hour_label,rank,name,name_norm,tweet_count_raw,tweet_count,best_position,total_tweets,trending_for_raw,trending_for_hours
2026-08-03T12:28:10.637633+00:00,20260803-122810,https://trends24.in/indonesia/,Mon Aug 03 2026 11:51:54 GMT+0000 (Coordinated Universal Time),1,#HappyFamilyMV,happyfamilymv,,,,,,
2026-08-03T12:28:10.637633+00:00,20260803-122810,https://trends24.in/indonesia/,Mon Aug 03 2026 11:51:54 GMT+0000 (Coordinated Universal Time),2,#PromoAwesomeA27,promoawesomea27,,,,,,
2026-08-03T12:28:10.637633+00:00,20260803-122810,https://trends24.in/indonesia/,Mon Aug 03 2026 11:51:54 GMT+0000 (Coordinated Universal Time),3,#PLNUIKDwipantara,plnuikdwipantara,,,,,,
2026-08-03T12:28:10.637633+00:00,20260803-122810,https://trends24.in/indonesia/,Mon Aug 03 2026 11:51:54 GMT+0000 (Coordinated Universal Time),4,galaxy a27 5g,galaxy a27 5g,,,,,,
2026-08-03T12:28:10.637633+00:00,20260803-122810,https://trends24.in/indonesia/,Mon Aug 03 2026 11:51:54 GMT+0000 (Coordinated Universal Time),5,#HUT81RI,hut81ri,,,,,,
2026-08-03T12:28:10.637633+00:00,20260803-122810,https://trends24.in/indonesia/,Mon Aug 03 2026 11:51:54 GMT+0000 (Coordinated Universal Time),6,PHOTOMATICS,photomatics,,,,,,
2026-08-03T12:28:10.637633+00:00,20260803-122810,https://trends24.in/indonesia/,Mon Aug 03 2026 11:51:54 GMT+0000 (Coordinated Universal Time),7,PLTD Merawang,pltd merawang,,,,,,
2026-08-03T12:28:10.637633+00:00,20260803-122810,https://trends24.in/indonesia/,Mon Aug 03 2026 11:51:54 GMT+0000 (Coordinated Universal Time),8,mengabdi hingga pelosok,mengabdi hingga pelosok,,,,,,
2026-08-03T12:28:10.637633+00:00,20260803-122810,https://trends24.in/indonesia/,Mon Aug 03 2026 11:51:54 GMT+0000 (Coordinated Universal Time),9,#JadiAwesome,jadiawesome,,,,,,
2026-08-03T12:28:10.637633+00:00,20260803-122810,https://trends24.in/indonesia/,Mon Aug 03 2026 11:51:54 GMT+0000 (Coordinated Universal Time),10,PLN UPK Bangka Belitung,pln upk bangka belitung,,,,,,
2026-08-03T12:28:10.637633+00:00,20260803-122810,https://trends24.in/indonesia/,Mon Aug 03 2026 11:51:54 GMT+0000 (Coordinated Universal Time),11,LINGORM PRESENTER SMOOTHE,lingorm presenter smoothe,,,,,,
2026-08-03T12:28:10.637633+00:00,20260803-122810,https://trends24.in/indonesia/,Mon Aug 03 2026 11:51:54 GMT+0000 (Coordinated Universal Time),12,DINO X PICHEOLIN DEBUT DAY,dino x picheolin debut day,,,,,,
2026-08-03T12:28:10.637633+00:00,20260803-122810,https://trends24.in/indonesia/,Mon Aug 03 2026 11:51:54 GMT+0000 (Coordinated Universal Time),13,Velvet Summer Out Now,velvet summer out now,,,,,,
2026-08-03T12:28:10.637633+00:00,20260803-122810,https://trends24.in/indonesia/,Mon Aug 03 2026 11:51:54 GMT+0000 (Coordinated Universal Time),14,Indonesia 1-0 Vietnam,indonesia 1-0 vietnam,,,,,,
2026-08-03T12:28:10.637633+00:00,20260803-122810,https://trends24.in/indonesia/,Mon Aug 03 2026 11:51:54 GMT+0000 (Coordinated Universal Time),15,yeri,yeri,,,,,,
2026-08-03T12:28:10.637633+00:00,20260803-122810,https://trends24.in/indonesia/,Mon Aug 03 2026 11:51:54 GMT+0000 (Coordinated Universal Time),16,Diding Boneng,diding boneng,,,,,,
2026-08-03T12:28:10.637633+00:00,20260803-122810,https://trends24.in/indonesia/,Mon Aug 03 2026 11:51:54 GMT+0000 (Coordinated Universal Time),17,Apel Pagi,apel pagi,,,,,,
2026-08-03T12:28:10.637633+00:00,20260803-122810,https://trends24.in/indonesia/,Mon Aug 03 2026 11:51:54 GMT+0000 (Coordinated Universal Time),18,SODA SODA,soda soda,,,,,,
2026-08-03T12:28:10.637633+00:00,20260803-122810,https://trends24.in/indonesia/,Mon Aug 03 2026 11:51:54 GMT+0000 (Coordinated Universal Time),19,KDKMP,kdkmp,,,,,,
2026-08-03T12:28:10.637633+00:00,20260803-122810,https://trends24.in/indonesia/,Mon Aug 03 2026 11:51:54 GMT+0000 (Coordinated Universal Time),20,Mudryk,mudryk,,,,,,
2026-08-03T12:28:10.637633+00:00,20260803-122810,https://trends24.in/indonesia/,Mon Aug 03 2026 11:51:54 GMT+0000 (Coordinated Universal Time),21,Caleb,caleb,,,,,,
2026-08-03T12:28:10.637633+00:00,20260803-122810,https://trends24.in/indonesia/,Mon Aug 03 2026 11:51:54 GMT+0000 (Coordinated Universal Time),22,Autumn Leaves,autumn leaves,,,,,,
2026-08-03T12:28:10.637633+00:00,20260803-122810,https://trends24.in/indonesia/,Mon Aug 03 2026 11:51:54 GMT+0000 (Coordinated Universal Time),23,#SurfingThruTheVelvetSummer,surfingthruthevelvetsummer,,,,,,
2026-08-03T12:28:10.637633+00:00,20260803-122810,https://trends24.in/indonesia/,Mon Aug 03 2026 11:51:54 GMT+0000 (Coordinated Universal Time),24,#sldgtklkuis,sldgtklkuis,,,,,,
2026-08-03T12:28:10.637633+00:00,20260803-122810,https://trends24.in/indonesia/,Mon Aug 03 2026 11:51:54 GMT+0000 (Coordinated Universal Time),25,#TimnasDay,timnasday,,,,,,
2026-08-03T12:28:10.637633+00:00,20260803-122810,https://trends24.in/indonesia/,Mon Aug 03 2026 11:51:54 GMT+0000 (Coordinated Universal Time),26,#TaklukkanUTBK,taklukkanutbk,,,,,,
2026-08-03T12:28:10.637633+00:00,20260803-122810,https://trends24.in/indonesia/,Mon Aug 03 2026 11:51:54 GMT+0000 (Coordinated Universal Time),27,#DINO_åBOARD_OutNow,dino_åboard_outnow,,,,,,
2026-08-03T12:28:10.637633+00:00,20260803-122810,https://trends24.in/indonesia/,Mon Aug 03 2026 11:51:54 GMT+0000 (Coordinated Universal Time),28,#ëë¸Xí¼ì² ì¸_ììëë¤,ëë ¸xí¼ì² ì¸_ììëë¤,,,,,,
2026-08-03T12:28:10.637633+00:00,20260803-122810,https://trends24.in/indonesia/,Mon Aug 03 2026 11:51:54 GMT+0000 (Coordinated Universal Time),29,#TebakSkorMW,tebakskormw,,,,,,
2026-08-03T12:28:10.637633+00:00,20260803-122810,https://trends24.in/indonesia/,Mon Aug 03 2026 11:51:54 GMT+0000 (Coordinated Universal Time),30,#DittipidNarkoba,dittipidnarkoba,,,,,,
2026-08-03T12:28:10.637633+00:00,20260803-122810,https://trends24.in/indonesia/,Mon Aug 03 2026 11:51:54 GMT+0000 (Coordinated Universal Time),31,#bareskrimpolri,bareskrimpolri,,,,,,
2026-08-03T12:28:10.637633+00:00,20260803-122810,https://trends24.in/indonesia/,Mon Aug 03 2026 11:51:54 GMT+0000 (Coordinated Universal Time),32,#JISUNGxDIORBeauty,jisungxdiorbeauty,,,,,,
2026-08-03T12:28:10.637633+00:00,20260803-122810,https://trends24.in/indonesia/,Mon Aug 03 2026 11:51:54 GMT+0000 (Coordinated Universal Time),33,#LawanNarkoba,lawannarkoba,,,,,,
2026-08-03T12:28:10.637633+00:00,20260803-122810,https://trends24.in/indonesia/,Mon Aug 03 2026 11:51:54 GMT+0000 (Coordinated Universal Time),34,#PindahKeAI,pindahkeai,,,,,,
2026-08-03T12:28:10.637633+00:00,20260803-122810,https://trends24.in/indonesia/,Mon Aug 03 2026 11:51:54 GMT+0000 (Coordinated Universal Time),35,#RedVelvet_VelvetSummer,redvelvet_velvetsummer,,,,,,
2026-08-03T12:28:10.637633+00:00,20260803-122810,https://trends24.in/indonesia/,Mon Aug 03 2026 11:51:54 GMT+0000 (Coordinated Universal Time),36,#JuniorMarkConcert,juniormarkconcert,,,,,,
2026-08-03T12:28:10.637633+00:00,20260803-122810,https://trends24.in/indonesia/,Mon Aug 03 2026 11:51:54 GMT+0000 (Coordinated Universal Time),37,#ë ëë²¨ë²³,ë ëë²¨ë²³,,,,,,
2026-08-03T12:28:10.637633+00:00,20260803-122810,https://trends24.in/indonesia/,Mon Aug 03 2026 11:51:54 GMT+0000 (Coordinated Universal Time),38,#PERMPOON,permpoon,,,,,,
2026-08-03T12:28:10.637633+00:00,20260803-122810,https://trends24.in/indonesia/,Mon Aug 03 2026 11:51:54 GMT+0000 (Coordinated Universal Time),39,#DesaTangguhIndonesiaTumbuh,desatangguhindonesiatumbuh,,,,,,
2026-08-03T12:28:10.637633+00:00,20260803-122810,https://trends24.in/indonesia/,Mon Aug 03 2026 11:51:54 GMT+0000 (Coordinated Universal Time),40,#MengabdiMelayaniNegeri,mengabdimelayaninegeri,,,,,,
2026-08-03T12:28:10.637633+00:00,20260803-122810,https://trends24.in/indonesia/,Mon Aug 03 2026 11:51:54 GMT+0000 (Coordinated Universal Time),41,#LOOKKHUNNOO,lookkhunnoo,,,,,,
2026-08-03T12:28:10.637633+00:00,20260803-122810,https://trends24.in/indonesia/,Mon Aug 03 2026 11:51:54 GMT+0000 (Coordinated Universal Time),42,#SabithaoFISHally22,sabithaofishally22,,,,,,
2026-08-03T12:28:10.637633+00:00,20260803-122810,https://trends24.in/indonesia/,Mon Aug 03 2026 11:00:13 GMT+0000 (Coordinated Universal Time),1,#PromoAwesomeA27,promoawesomea27,,,,,,
2026-08-03T12:28:10.637633+00:00,20260803-122810,https://trends24.in/indonesia/,Mon Aug 03 2026 11:00:13 GMT+0000 (Coordinated Universal Time),2,galaxy a27 5g,galaxy a27 5g,,,,,,
2026-08-03T12:28:10.637633+00:00,20260803-122810,https://trends24.in/indonesia/,Mon Aug 03 2026 11:00:13 GMT+0000 (Coordinated Universal Time),3,PSD MOGULARRIVAL FS26,psd mogularrival fs26,,,,,,
2026-08-03T12:28:10.637633+00:00,20260803-122810,https://trends24.in/indonesia/,Mon Aug 03 2026 11:00:13 GMT+0000 (Coordinated Universal Time),4,Senin,senin,,,,,,
2026-08-03T12:28:10.637633+00:00,20260803-122810,https://trends24.in/indonesia/,Mon Aug 03 2026 11:00:13 GMT+0000 (Coordinated Universal Time),5,#PindahKeAI,pindahkeai,,,,,,
2026-08-03T12:28:10.637633+00:00,20260803-122810,https://trends24.in/indonesia/,Mon Aug 03 2026 11:00:13 GMT+0000 (Coordinated Universal Time),6,terdepan laksanakan pengabdian,terdepan laksanakan pengabdian,,,,,,
2026-08-03T12:28:10.637633+00:00,20260803-122810,https://trends24.in/indonesia/,Mon Aug 03 2026 11:00:13 GMT+0000 (Coordinated Universal Time),7,#MengabdiMelayaniNegeri,mengabdimelayaninegeri,,,,,,
2026-08-03T12:28:10.637633+00:00,20260803-122810,https://trends24.in/indonesia/,Mon Aug 03 2026 11:00:13 GMT+0000 (Coordinated Universal Time),8,Mengabdi Hingga Pelosok,mengabdi hingga pelosok,,,,,,
2026-08-03T12:28:10.637633+00:00,20260803-122810,https://trends24.in/indonesia/,Mon Aug 03 2026 11:00:13 GMT+0000 (Coordinated Universal Time),9,#IndonesiaPadaJalurTepat,indonesiapadajalurtepat,,,,,,
2026-08-03T12:28:10.637633+00:00,20260803-122810,https://trends24.in/indonesia/,Mon Aug 03 2026 11:00:13 GMT+0000 (Coordinated Universal Time),10,#JadiAwesome,jadiawesome,,,,,,
2026-08-03T12:28:10.637633+00:00,20260803-122810,https://trends24.in/indonesia/,Mon Aug 03 2026 11:00:13 GMT+0000 (Coordinated Universal Time),11,Kimpul,kimpul,,,,,,
2026-08-03T12:28:10.637633+00:00,20260803-122810,https://trends24.in/indonesia/,Mon Aug 03 2026 11:00:13 GMT+0000 (Coordinated Universal Time),12,Pesan Menag,pesan menag,,,,,,
2026-08-03T12:28:10.637633+00:00,20260803-122810,https://trends24.in/indonesia/,Mon Aug 03 2026 11:00:13 GMT+0000 (Coordinated Universal Time),13,PHOTOMATICS,photomatics,,,,,,
2026-08-03T12:28:10.637633+00:00,20260803-122810,https://trends24.in/indonesia/,Mon Aug 03 2026 11:00:13 GMT+0000 (Coordinated Universal Time),14,Solusi Rumah Rakyat Terjangkau,solusi rumah rakyat terjangkau,,,,,,
2026-08-03T12:28:10.637633+00:00,20260803-122810,https://trends24.in/indonesia/,Mon Aug 03 2026 11:00:13 GMT+0000 (Coordinated Universal Time),15,RESPECT JUHOON'S RIGHTS,respect juhoon's rights,,,,,,
2026-08-03T12:28:10.637633+00:00,20260803-122810,https://trends24.in/indonesia/,Mon Aug 03 2026 11:00:13 GMT+0000 (Coordinated Universal Time),16,LOVE TO SERVE 2ND EP,love to serve 2nd ep,,,,,,
2026-08-03T12:28:10.637633+00:00,20260803-122810,https://trends24.in/indonesia/,Mon Aug 03 2026 11:00:13 GMT+0000 (Coordinated Universal Time),17,AUTUMN LEAVES,autumn leaves,,,,,,
2026-08-03T12:28:10.637633+00:00,20260803-122810,https://trends24.in/indonesia/,Mon Aug 03 2026 11:00:13 GMT+0000 (Coordinated Universal Time),18,Snapdragon 6 Gen 3,snapdragon 6 gen 3,,,,,,
2026-08-03T12:28:10.637633+00:00,20260803-122810,https://trends24.in/indonesia/,Mon Aug 03 2026 11:00:13 GMT+0000 (Coordinated Universal Time),19,Diding Boneng,diding boneng,,,,,,
2026-08-03T12:28:10.637633+00:00,20260803-122810,https://trends24.in/indonesia/,Mon Aug 03 2026 11:00:13 GMT+0000 (Coordinated Universal Time),20,Blingy Action Plan D1,blingy action plan d1,,,,,,
2026-08-03T12:28:10.637633+00:00,20260803-122810,https://trends24.in/indonesia/,Mon Aug 03 2026 11:00:13 GMT+0000 (Coordinated Universal Time),21,Apel Pagi,apel pagi,,,,,,
2026-08-03T12:28:10.637633+00:00,20260803-122810,https://trends24.in/indonesia/,Mon Aug 03 2026 11:00:13 GMT+0000 (Coordinated Universal Time),22,Menteri Desa PDT,menteri desa pdt,,,,,,
2026-08-03T12:28:10.637633+00:00,20260803-122810,https://trends24.in/indonesia/,Mon Aug 03 2026 11:00:13 GMT+0000 (Coordinated Universal Time),23,Yandri Susanto,yandri susanto,,,,,,
2026-08-03T12:28:10.637633+00:00,20260803-122810,https://trends24.in/indonesia/,Mon Aug 03 2026 11:00:13 GMT+0000 (Coordinated Universal Time),24,Raja,raja,,,,,,
2026-08-03T12:28:10.637633+00:00,20260803-122810,https://trends24.in/indonesia/,Mon Aug 03 2026 11:00:13 GMT+0000 (Coordinated Universal Time),25,Sangat Menyesatkan,sangat menyesatkan,,,,,,
2026-08-03T12:28:10.637633+00:00,20260803-122810,https://trends24.in/indonesia/,Mon Aug 03 2026 11:00:13 GMT+0000 (Coordinated Universal Time),26,FESTIVAL TEMAN TULUS,festival teman tulus,,,,,,
2026-08-03T12:28:10.637633+00:00,20260803-122810,https://trends24.in/indonesia/,Mon Aug 03 2026 11:00:13 GMT+0000 (Coordinated Universal Time),27,Caleb,caleb,,,,,,
2026-08-03T12:28:10.637633+00:00,20260803-122810,https://trends24.in/indonesia/,Mon Aug 03 2026 11:00:13 GMT+0000 (Coordinated Universal Time),28,hapsun,hapsun,,,,,,
2026-08-03T12:28:10.637633+00:00,20260803-122810,https://trends24.in/indonesia/,Mon Aug 03 2026 11:00:13 GMT+0000 (Coordinated Universal Time),29,$USON,$uson,,,,,,
2026-08-03T12:28:10.637633+00:00,20260803-122810,https://trends24.in/indonesia/,Mon Aug 03 2026 11:00:13 GMT+0000 (Coordinated Universal Time),30,FIRSTONE TURNED 26,firstone turned 26,,,,,,
2026-08-03T12:28:10.637633+00:00,20260803-122810,https://trends24.in/indonesia/,Mon Aug 03 2026 11:00:13 GMT+0000 (Coordinated Universal Time),31,KDKMP,kdkmp,,,,,,
2026-08-03T12:28:10.637633+00:00,20260803-122810,https://trends24.in/indonesia/,Mon Aug 03 2026 11:00:13 GMT+0000 (Coordinated Universal Time),32,Reverse Auction,reverse auction,,,,,,
2026-08-03T12:28:10.637633+00:00,20260803-122810,https://trends24.in/indonesia/,Mon Aug 03 2026 11:00:13 GMT+0000 (Coordinated Universal Time),33,yeri,yeri,,,,,,
2026-08-03T12:28:10.637633+00:00,20260803-122810,https://trends24.in/indonesia/,Mon Aug 03 2026 11:00:13 GMT+0000 (Coordinated Universal Time),34,Innalillahi,innalillahi,,,,,,
2026-08-03T12:28:10.637633+00:00,20260803-122810,https://trends24.in/indonesia/,Mon Aug 03 2026 11:00:13 GMT+0000 (Coordinated Universal Time),35,Krayan,krayan,,,,,,
2026-08-03T12:28:10.637633+00:00,20260803-122810,https://trends24.in/indonesia/,Mon Aug 03 2026 11:00:13 GMT+0000 (Coordinated Universal Time),36,Kapolres,kapolres,,,,,,
2026-08-03T12:28:10.637633+00:00,20260803-122810,https://trends24.in/indonesia/,Mon Aug 03 2026 11:00:13 GMT+0000 (Coordinated Universal Time),37,JIANGLI RADIANT FASHION ERA,jiangli radiant fashion era,,,,,,
2026-08-03T12:28:10.637633+00:00,20260803-122810,https://trends24.in/indonesia/,Mon Aug 03 2026 11:00:13 GMT+0000 (Coordinated Universal Time),38,The Grim Lover Q18,the grim lover q18,,,,,,
2026-08-03T12:28:10.637633+00:00,20260803-122810,https://trends24.in/indonesia/,Mon Aug 03 2026 11:00:13 GMT+0000 (Coordinated Universal Time),39,stabilitas nasional,stabilitas nasional,,,,,,
2026-08-03T12:28:10.637633+00:00,20260803-122810,https://trends24.in/indonesia/,Mon Aug 03 2026 11:00:13 GMT+0000 (Coordinated Universal Time),40,Sumenep,sumenep,,,,,,
2026-08-03T12:28:10.637633+00:00,20260803-122810,https://trends24.in/indonesia/,Mon Aug 03 2026 11:00:13 GMT+0000 (Coordinated Universal Time),41,Ruben,ruben,,,,,,
2026-08-03T12:28:10.637633+00:00,20260803-122810,https://trends24.in/indonesia/,Mon Aug 03 2026 11:00:13 GMT+0000 (Coordinated Universal Time),42,TNI AU,tni au,,,,,,
2026-08-03T12:28:10.637633+00:00,20260803-122810,https://trends24.in/indonesia/,Mon Aug 03 2026 11:00:13 GMT+0000 (Coordinated Universal Time),43,Beyond the 12th Wave,beyond the 12th wave,,,,,,
2026-08-03T12:28:10.637633+00:00,20260803-122810,https://trends24.in/indonesia/,Mon Aug 03 2026 11:00:13 GMT+0000 (Coordinated Universal Time),44,Minggu,minggu,,,,,,
2026-08-03T12:28:10.637633+00:00,20260803-122810,https://trends24.in/indonesia/,Mon Aug 03 2026 11:00:13 GMT+0000 (Coordinated Universal Time),45,EAST RUTHERFORD,east rutherford,,,,,,
2026-08-03T12:28:10.637633+00:00,20260803-122810,https://trends24.in/indonesia/,Mon Aug 03 2026 11:00:13 GMT+0000 (Coordinated Universal Time),46,NCT JNJM,nct jnjm,,,,,,
2026-08-03T12:28:10.637633+00:00,20260803-122810,https://trends24.in/indonesia/,Mon Aug 03 2026 11:00:13 GMT+0000 (Coordinated Universal Time),47,Iran,iran,,,,,,
2026-08-03T12:28:10.637633+00:00,20260803-122810,https://trends24.in/indonesia/,Mon Aug 03 2026 11:00:13 GMT+0000 (Coordinated Universal Time),48,BERKIBARLAH BENDERAKU,berkibarlah benderaku,,,,,,
2026-08-03T12:28:10.637633+00:00,20260803-122810,https://trends24.in/indonesia/,Mon Aug 03 2026 11:00:13 GMT+0000 (Coordinated Universal Time),49,Van Gaal,van gaal,,,,,,
2026-08-03T12:28:10.637633+00:00,20260803-122810,https://trends24.in/indonesia/,Mon Aug 03 2026 11:00:13 GMT+0000 (Coordinated Universal Time),50,Sarwendah,sarwendah,,,,,,
2026-08-03T12:28:10.637633+00:00,20260803-122810,https://trends24.in/indonesia/,Mon Aug 03 2026 10:08:12 GMT+0000 (Coordinated Universal Time),1,#PromoAwesomeA27,promoawesomea27,,,,,,
2026-08-03T12:28:10.637633+00:00,20260803-122810,https://trends24.in/indonesia/,Mon Aug 03 2026 10:08:12 GMT+0000 (Coordinated Universal Time),2,Galaxy A27 5G,galaxy a27 5g,,,,,,
2026-08-03T12:28:10.637633+00:00,20260803-122810,https://trends24.in/indonesia/,Mon Aug 03 2026 10:08:12 GMT+0000 (Coordinated Universal Time),3,PSD MOGULARRIVAL FS26,psd mogularrival fs26,,,,,,
2026-08-03T12:28:10.637633+00:00,20260803-122810,https://trends24.in/indonesia/,Mon Aug 03 2026 10:08:12 GMT+0000 (Coordinated Universal Time),4,#PindahKeAI,pindahkeai,,,,,,
2026-08-03T12:28:10.637633+00:00,20260803-122810,https://trends24.in/indonesia/,Mon Aug 03 2026 10:08:12 GMT+0000 (Coordinated Universal Time),5,#JadiAwesome,jadiawesome,,,,,,
2026-08-03T12:28:10.637633+00:00,20260803-122810,https://trends24.in/indonesia/,Mon Aug 03 2026 10:08:12 GMT+0000 (Coordinated Universal Time),6,Senin,senin,,,,,,
2026-08-03T12:28:10.637633+00:00,20260803-122810,https://trends24.in/indonesia/,Mon Aug 03 2026 10:08:12 GMT+0000 (Coordinated Universal Time),7,#MengabdiMelayaniNegeri,mengabdimelayaninegeri,,,,,,
2026-08-03T12:28:10.637633+00:00,20260803-122810,https://trends24.in/indonesia/,Mon Aug 03 2026 10:08:12 GMT+0000 (Coordinated Universal Time),8,Terdepan Laksanakan Pengabdian,terdepan laksanakan pengabdian,,,,,,
2026-08-03T12:28:10.637633+00:00,20260803-122810,https://trends24.in/indonesia/,Mon Aug 03 2026 10:08:12 GMT+0000 (Coordinated Universal Time),9,Mengabdi Hingga Pelosok,mengabdi hingga pelosok,,,,,,
2026-08-03T12:28:10.637633+00:00,20260803-122810,https://trends24.in/indonesia/,Mon Aug 03 2026 10:08:12 GMT+0000 (Coordinated Universal Time),10,#IndonesiaPadaJalurTepat,indonesiapadajalurtepat,,,,,,
2026-08-03T12:28:10.637633+00:00,20260803-122810,https://trends24.in/indonesia/,Mon Aug 03 2026 10:08:12 GMT+0000 (Coordinated Universal Time),11,Kimpul,kimpul,,,,,,
2026-08-03T12:28:10.637633+00:00,20260803-122810,https://trends24.in/indonesia/,Mon Aug 03 2026 10:08:12 GMT+0000 (Coordinated Universal Time),12,Pesan Menag,pesan menag,,,,,,
2026-08-03T12:28:10.637633+00:00,20260803-122810,https://trends24.in/indonesia/,Mon Aug 03 2026 10:08:12 GMT+0000 (Coordinated Universal Time),13,Solusi Rumah Rakyat Terjangkau,solusi rumah rakyat terjangkau,,,,,,
2026-08-03T12:28:10.637633+00:00,20260803-122810,https://trends24.in/indonesia/,Mon Aug 03 2026 10:08:12 GMT+0000 (Coordinated Universal Time),14,RESPECT JUHOON'S RIGHTS,respect juhoon's rights,,,,,,
2026-08-03T12:28:10.637633+00:00,20260803-122810,https://trends24.in/indonesia/,Mon Aug 03 2026 10:08:12 GMT+0000 (Coordinated Universal Time),15,LOVE TO SERVE 2ND EP,love to serve 2nd ep,,,,,,
2026-08-03T12:28:10.637633+00:00,20260803-122810,https://trends24.in/indonesia/,Mon Aug 03 2026 10:08:12 GMT+0000 (Coordinated Universal Time),16,PHOTOMATICS,photomatics,,,,,,
2026-08-03T12:28:10.637633+00:00,20260803-122810,https://trends24.in/indonesia/,Mon Aug 03 2026 10:08:12 GMT+0000 (Coordinated Universal Time),17,AUTUMN LEAVES,autumn leaves,,,,,,
2026-08-03T12:28:10.637633+00:00,20260803-122810,https://trends24.in/indonesia/,Mon Aug 03 2026 10:08:12 GMT+0000 (Coordinated Universal Time),18,Snapdragon 6 Gen 3,snapdragon 6 gen 3,,,,,,
2026-08-03T12:28:10.637633+00:00,20260803-122810,https://trends24.in/indonesia/,Mon Aug 03 2026 10:08:12 GMT+0000 (Coordinated Universal Time),19,ING AT BURIRAM,ing at buriram,,,,,,
2026-08-03T12:28:10.637633+00:00,20260803-122810,https://trends24.in/indonesia/,Mon Aug 03 2026 10:08:12 GMT+0000 (Coordinated Universal Time),20,Blingy Action Plan D1,blingy action plan d1,,,,,,
2026-08-03T12:28:10.637633+00:00,20260803-122810,https://trends24.in/indonesia/,Mon Aug 03 2026 10:08:12 GMT+0000 (Coordinated Universal Time),21,Diding Boneng,diding boneng,,,,,,
2026-08-03T12:28:10.637633+00:00,20260803-122810,https://trends24.in/indonesia/,Mon Aug 03 2026 10:08:12 GMT+0000 (Coordinated Universal Time),22,Sangat Menyesatkan,sangat menyesatkan,,,,,,
2026-08-03T12:28:10.637633+00:00,20260803-122810,https://trends24.in/indonesia/,Mon Aug 03 2026 10:08:12 GMT+0000 (Coordinated Universal Time),23,Yandri Susanto,yandri susanto,,,,,,
2026-08-03T12:28:10.637633+00:00,20260803-122810,https://trends24.in/indonesia/,Mon Aug 03 2026 10:08:12 GMT+0000 (Coordinated Universal Time),24,Menteri Desa PDT,menteri desa pdt,,,,,,
2026-08-03T12:28:10.637633+00:00,20260803-122810,https://trends24.in/indonesia/,Mon Aug 03 2026 10:08:12 GMT+0000 (Coordinated Universal Time),25,yeri,yeri,,,,,,
2026-08-03T12:28:10.637633+00:00,20260803-122810,https://trends24.in/indonesia/,Mon Aug 03 2026 10:08:12 GMT+0000 (Coordinated Universal Time),26,Apel Pagi,apel pagi,,,,,,
2026-08-03T12:28:10.637633+00:00,20260803-122810,https://trends24.in/indonesia/,Mon Aug 03 2026 10:08:12 GMT+0000 (Coordinated Universal Time),27,Krayan,krayan,,,,,,
2026-08-03T12:28:10.637633+00:00,20260803-122810,https://trends24.in/indonesia/,Mon Aug 03 2026 10:08:12 GMT+0000 (Coordinated Universal Time),28,FESTIVAL TEMAN TULUS,festival teman tulus,,,,,,
2026-08-03T12:28:10.637633+00:00,20260803-122810,https://trends24.in/indonesia/,Mon Aug 03 2026 10:08:12 GMT+0000 (Coordinated Universal Time),29,Raja,raja,,,,,,
2026-08-03T12:28:10.637633+00:00,20260803-122810,https://trends24.in/indonesia/,Mon Aug 03 2026 10:08:12 GMT+0000 (Coordinated Universal Time),30,Caleb,caleb,,,,,,
2026-08-03T12:28:10.637633+00:00,20260803-122810,https://trends24.in/indonesia/,Mon Aug 03 2026 10:08:12 GMT+0000 (Coordinated Universal Time),31,hapsun,hapsun,,,,,,
2026-08-03T12:28:10.637633+00:00,20260803-122810,https://trends24.in/indonesia/,Mon Aug 03 2026 10:08:12 GMT+0000 (Coordinated Universal Time),32,FIRSTONE TURNED 26,firstone turned 26,,,,,,
2026-08-03T12:28:10.637633+00:00,20260803-122810,https://trends24.in/indonesia/,Mon Aug 03 2026 10:08:12 GMT+0000 (Coordinated Universal Time),33,$USON,$uson,,,,,,
2026-08-03T12:28:10.637633+00:00,20260803-122810,https://trends24.in/indonesia/,Mon Aug 03 2026 10:08:12 GMT+0000 (Coordinated Universal Time),34,KDKMP,kdkmp,,,,,,
2026-08-03T12:28:10.637633+00:00,20260803-122810,https://trends24.in/indonesia/,Mon Aug 03 2026 10:08:12 GMT+0000 (Coordinated Universal Time),35,Sumenep,sumenep,,,,,,
2026-08-03T12:28:10.637633+00:00,20260803-122810,https://trends24.in/indonesia/,Mon Aug 03 2026 10:08:12 GMT+0000 (Coordinated Universal Time),36,Kalimantan Utara,kalimantan utara,,,,,,
2026-08-03T12:28:10.637633+00:00,20260803-122810,https://trends24.in/indonesia/,Mon Aug 03 2026 10:08:12 GMT+0000 (Coordinated Universal Time),37,Reverse Auction,reverse auction,,,,,,
2026-08-03T12:28:10.637633+00:00,20260803-122810,https://trends24.in/indonesia/,Mon Aug 03 2026 10:08:12 GMT+0000 (Coordinated Universal Time),38,Ruben,ruben,,,,,,
2026-08-03T12:28:10.637633+00:00,20260803-122810,https://trends24.in/indonesia/,Mon Aug 03 2026 10:08:12 GMT+0000 (Coordinated Universal Time),39,Innalillahi,innalillahi,,,,,,
2026-08-03T12:28:10.637633+00:00,20260803-122810,https://trends24.in/indonesia/,Mon Aug 03 2026 10:08:12 GMT+0000 (Coordinated Universal Time),40,stabilitas nasional,stabilitas nasional,,,,,,
2026-08-03T12:28:10.637633+00:00,20260803-122810,https://trends24.in/indonesia/,Mon Aug 03 2026 10:08:12 GMT+0000 (Coordinated Universal Time),41,Minggu,minggu,,,,,,
2026-08-03T12:28:10.637633+00:00,20260803-122810,https://trends24.in/indonesia/,Mon Aug 03 2026 10:08:12 GMT+0000 (Coordinated Universal Time),42,NCT JNJM,nct jnjm,,,,,,
2026-08-03T12:28:10.637633+00:00,20260803-122810,https://trends24.in/indonesia/,Mon Aug 03 2026 10:08:12 GMT+0000 (Coordinated Universal Time),43,TNI AU,tni au,,,,,,
2026-08-03T12:28:10.637633+00:00,20260803-122810,https://trends24.in/indonesia/,Mon Aug 03 2026 10:08:12 GMT+0000 (Coordinated Universal Time),44,Beyond the 12th Wave,beyond the 12th wave,,,,,,
2026-08-03T12:28:10.637633+00:00,20260803-122810,https://trends24.in/indonesia/,Mon Aug 03 2026 10:08:12 GMT+0000 (Coordinated Universal Time),45,The Grim Lover Q18,the grim lover q18,,,,,,
2026-08-03T12:28:10.637633+00:00,20260803-122810,https://trends24.in/indonesia/,Mon Aug 03 2026 10:08:12 GMT+0000 (Coordinated Universal Time),46,Versi,versi,,,,,,
2026-08-03T12:28:10.637633+00:00,20260803-122810,https://trends24.in/indonesia/,Mon Aug 03 2026 10:08:12 GMT+0000 (Coordinated Universal Time),47,EAST RUTHERFORD,east rutherford,,,,,,
2026-08-03T12:28:10.637633+00:00,20260803-122810,https://trends24.in/indonesia/,Mon Aug 03 2026 10:08:12 GMT+0000 (Coordinated Universal Time),48,Iran,iran,,,,,,
2026-08-03T12:28:10.637633+00:00,20260803-122810,https://trends24.in/indonesia/,Mon Aug 03 2026 10:08:12 GMT+0000 (Coordinated Universal Time),49,Sarwendah,sarwendah,,,,,,
2026-08-03T12:28:10.637633+00:00,20260803-122810,https://trends24.in/indonesia/,Mon Aug 03 2026 10:08:12 GMT+0000 (Coordinated Universal Time),50,Alhamdulillah,alhamdulillah,,,,,,
2026-08-03T12:28:10.637633+00:00,20260803-122810,https://trends24.in/indonesia/,Mon Aug 03 2026 09:16:14 GMT+0000 (Coordinated Universal Time),1,PSD MOGULARRIVAL FS26,psd mogularrival fs26,,,,,,
2026-08-03T12:28:10.637633+00:00,20260803-122810,https://trends24.in/indonesia/,Mon Aug 03 2026 09:16:14 GMT+0000 (Coordinated Universal Time),2,#PindahKeAI,pindahkeai,,,,,,
2026-08-03T12:28:10.637633+00:00,20260803-122810,https://trends24.in/indonesia/,Mon Aug 03 2026 09:16:14 GMT+0000 (Coordinated Universal Time),3,Mengabdi Hingga Pelosok,mengabdi hingga pelosok,,,,,,
2026-08-03T12:28:10.637633+00:00,20260803-122810,https://trends24.in/indonesia/,Mon Aug 03 2026 09:16:14 GMT+0000 (Coordinated Universal Time),4,Senin,senin,,,,,,
2026-08-03T12:28:10.637633+00:00,20260803-122810,https://trends24.in/indonesia/,Mon Aug 03 2026 09:16:14 GMT+0000 (Coordinated Universal Time),5,#MengabdiMelayaniNegeri,mengabdimelayaninegeri,,,,,,
2026-08-03T12:28:10.637633+00:00,20260803-122810,https://trends24.in/indonesia/,Mon Aug 03 2026 09:16:14 GMT+0000 (Coordinated Universal Time),6,Terdepan Laksanakan Pengabdian,terdepan laksanakan pengabdian,,,,,,
2026-08-03T12:28:10.637633+00:00,20260803-122810,https://trends24.in/indonesia/,Mon Aug 03 2026 09:16:14 GMT+0000 (Coordinated Universal Time),7,#IndonesiaPadaJalurTepat,indonesiapadajalurtepat,,,,,,
2026-08-03T12:28:10.637633+00:00,20260803-122810,https://trends24.in/indonesia/,Mon Aug 03 2026 09:16:14 GMT+0000 (Coordinated Universal Time),8,#BangkitDalamHarapan,bangkitdalamharapan,,,,,,
2026-08-03T12:28:10.637633+00:00,20260803-122810,https://trends24.in/indonesia/,Mon Aug 03 2026 09:16:14 GMT+0000 (Coordinated Universal Time),9,#JISUNGxDIORBeauty,jisungxdiorbeauty,,,,,,
2026-08-03T12:28:10.637633+00:00,20260803-122810,https://trends24.in/indonesia/,Mon Aug 03 2026 09:16:14 GMT+0000 (Coordinated Universal Time),10,Pesan Menag,pesan menag,,,,,,
2026-08-03T12:28:10.637633+00:00,20260803-122810,https://trends24.in/indonesia/,Mon Aug 03 2026 09:16:14 GMT+0000 (Coordinated Universal Time),11,Kimpul,kimpul,,,,,,
2026-08-03T12:28:10.637633+00:00,20260803-122810,https://trends24.in/indonesia/,Mon Aug 03 2026 09:16:14 GMT+0000 (Coordinated Universal Time),12,Velvet Summer Out Now,velvet summer out now,,,,,,
2026-08-03T12:28:10.637633+00:00,20260803-122810,https://trends24.in/indonesia/,Mon Aug 03 2026 09:16:14 GMT+0000 (Coordinated Universal Time),13,Solusi Rumah Rakyat Terjangkau,solusi rumah rakyat terjangkau,,,,,,
2026-08-03T12:28:10.637633+00:00,20260803-122810,https://trends24.in/indonesia/,Mon Aug 03 2026 09:16:14 GMT+0000 (Coordinated Universal Time),14,RESPECT JUHOON'S RIGHTS,respect juhoon's rights,,,,,,
2026-08-03T12:28:10.637633+00:00,20260803-122810,https://trends24.in/indonesia/,Mon Aug 03 2026 09:16:14 GMT+0000 (Coordinated Universal Time),15,Krayan,krayan,,,,,,
2026-08-03T12:28:10.637633+00:00,20260803-122810,https://trends24.in/indonesia/,Mon Aug 03 2026 09:16:14 GMT+0000 (Coordinated Universal Time),16,Galaxy A27 5G,galaxy a27 5g,,,,,,
2026-08-03T12:28:10.637633+00:00,20260803-122810,https://trends24.in/indonesia/,Mon Aug 03 2026 09:16:14 GMT+0000 (Coordinated Universal Time),17,LOVE TO SERVE 2ND EP,love to serve 2nd ep,,,,,,
2026-08-03T12:28:10.637633+00:00,20260803-122810,https://trends24.in/indonesia/,Mon Aug 03 2026 09:16:14 GMT+0000 (Coordinated Universal Time),18,AUTUMN LEAVES,autumn leaves,,,,,,
2026-08-03T12:28:10.637633+00:00,20260803-122810,https://trends24.in/indonesia/,Mon Aug 03 2026 09:16:14 GMT+0000 (Coordinated Universal Time),19,Kalimantan Utara,kalimantan utara,,,,,,
2026-08-03T12:28:10.637633+00:00,20260803-122810,https://trends24.in/indonesia/,Mon Aug 03 2026 09:16:14 GMT+0000 (Coordinated Universal Time),20,ING AT BURIRAM,ing at buriram,,,,,,
2026-08-03T12:28:10.637633+00:00,20260803-122810,https://trends24.in/indonesia/,Mon Aug 03 2026 09:16:14 GMT+0000 (Coordinated Universal Time),21,TNI AU,tni au,,,,,,
2026-08-03T12:28:10.637633+00:00,20260803-122810,https://trends24.in/indonesia/,Mon Aug 03 2026 09:16:14 GMT+0000 (Coordinated Universal Time),22,Blingy Action Plan D1,blingy action plan d1,,,,,,
2026-08-03T12:28:10.637633+00:00,20260803-122810,https://trends24.in/indonesia/,Mon Aug 03 2026 09:16:14 GMT+0000 (Coordinated Universal Time),23,Diding Boneng,diding boneng,,,,,,
2026-08-03T12:28:10.637633+00:00,20260803-122810,https://trends24.in/indonesia/,Mon Aug 03 2026 09:16:14 GMT+0000 (Coordinated Universal Time),24,JIANGLI RADIANT FASHION ERA,jiangli radiant fashion era,,,,,,
2026-08-03T12:28:10.637633+00:00,20260803-122810,https://trends24.in/indonesia/,Mon Aug 03 2026 09:16:14 GMT+0000 (Coordinated Universal Time),25,Yandri Susanto,yandri susanto,,,,,,
2026-08-03T12:28:10.637633+00:00,20260803-122810,https://trends24.in/indonesia/,Mon Aug 03 2026 09:16:14 GMT+0000 (Coordinated Universal Time),26,Sangat Menyesatkan,sangat menyesatkan,,,,,,
2026-08-03T12:28:10.637633+00:00,20260803-122810,https://trends24.in/indonesia/,Mon Aug 03 2026 09:16:14 GMT+0000 (Coordinated Universal Time),27,Apel Pagi,apel pagi,,,,,,
2026-08-03T12:28:10.637633+00:00,20260803-122810,https://trends24.in/indonesia/,Mon Aug 03 2026 09:16:14 GMT+0000 (Coordinated Universal Time),28,Menteri Desa PDT,menteri desa pdt,,,,,,
2026-08-03T12:28:10.637633+00:00,20260803-122810,https://trends24.in/indonesia/,Mon Aug 03 2026 09:16:14 GMT+0000 (Coordinated Universal Time),29,cortispalooza begins now,cortispalooza begins now,,,,,,
2026-08-03T12:28:10.637633+00:00,20260803-122810,https://trends24.in/indonesia/,Mon Aug 03 2026 09:16:14 GMT+0000 (Coordinated Universal Time),30,FESTIVAL TEMAN TULUS,festival teman tulus,,,,,,
2026-08-03T12:28:10.637633+00:00,20260803-122810,https://trends24.in/indonesia/,Mon Aug 03 2026 09:16:14 GMT+0000 (Coordinated Universal Time),31,Raja,raja,,,,,,
2026-08-03T12:28:10.637633+00:00,20260803-122810,https://trends24.in/indonesia/,Mon Aug 03 2026 09:16:14 GMT+0000 (Coordinated Universal Time),32,Caleb,caleb,,,,,,
2026-08-03T12:28:10.637633+00:00,20260803-122810,https://trends24.in/indonesia/,Mon Aug 03 2026 09:16:14 GMT+0000 (Coordinated Universal Time),33,KDKMP,kdkmp,,,,,,
2026-08-03T12:28:10.637633+00:00,20260803-122810,https://trends24.in/indonesia/,Mon Aug 03 2026 09:16:14 GMT+0000 (Coordinated Universal Time),34,$USON,$uson,,,,,,
2026-08-03T12:28:10.637633+00:00,20260803-122810,https://trends24.in/indonesia/,Mon Aug 03 2026 09:16:14 GMT+0000 (Coordinated Universal Time),35,FIRSTONE TURNED 26,firstone turned 26,,,,,,
2026-08-03T12:28:10.637633+00:00,20260803-122810,https://trends24.in/indonesia/,Mon Aug 03 2026 09:16:14 GMT+0000 (Coordinated Universal Time),36,hapsun,hapsun,,,,,,
2026-08-03T12:28:10.637633+00:00,20260803-122810,https://trends24.in/indonesia/,Mon Aug 03 2026 09:16:14 GMT+0000 (Coordinated Universal Time),37,Sumenep,sumenep,,,,,,
2026-08-03T12:28:10.637633+00:00,20260803-122810,https://trends24.in/indonesia/,Mon Aug 03 2026 09:16:14 GMT+0000 (Coordinated Universal Time),38,Reverse Auction,reverse auction,,,,,,
2026-08-03T12:28:10.637633+00:00,20260803-122810,https://trends24.in/indonesia/,Mon Aug 03 2026 09:16:14 GMT+0000 (Coordinated Universal Time),39,Minggu,minggu,,,,,,
2026-08-03T12:28:10.637633+00:00,20260803-122810,https://trends24.in/indonesia/,Mon Aug 03 2026 09:16:14 GMT+0000 (Coordinated Universal Time),40,Ruben,ruben,,,,,,
2026-08-03T12:28:10.637633+00:00,20260803-122810,https://trends24.in/indonesia/,Mon Aug 03 2026 09:16:14 GMT+0000 (Coordinated Universal Time),41,EAST RUTHERFORD,east rutherford,,,,,,
2026-08-03T12:28:10.637633+00:00,20260803-122810,https://trends24.in/indonesia/,Mon Aug 03 2026 09:16:14 GMT+0000 (Coordinated Universal Time),42,Stabilitas Nasional,stabilitas nasional,,,,,,
2026-08-03T12:28:10.637633+00:00,20260803-122810,https://trends24.in/indonesia/,Mon Aug 03 2026 09:16:14 GMT+0000 (Coordinated Universal Time),43,Innalillahi,innalillahi,,,,,,
2026-08-03T12:28:10.637633+00:00,20260803-122810,https://trends24.in/indonesia/,Mon Aug 03 2026 09:16:14 GMT+0000 (Coordinated Universal Time),44,Beyond the 12th Wave,beyond the 12th wave,,,,,,
2026-08-03T12:28:10.637633+00:00,20260803-122810,https://trends24.in/indonesia/,Mon Aug 03 2026 09:16:14 GMT+0000 (Coordinated Universal Time),45,Ride Through the Velvet Summer,ride through the velvet summer,,,,,,
2026-08-03T12:28:10.637633+00:00,20260803-122810,https://trends24.in/indonesia/,Mon Aug 03 2026 09:16:14 GMT+0000 (Coordinated Universal Time),46,The Grim Lover Q18,the grim lover q18,,,,,,
2026-08-03T12:28:10.637633+00:00,20260803-122810,https://trends24.in/indonesia/,Mon Aug 03 2026 09:16:14 GMT+0000 (Coordinated Universal Time),47,Pergeseran,pergeseran,,,,,,
2026-08-03T12:28:10.637633+00:00,20260803-122810,https://trends24.in/indonesia/,Mon Aug 03 2026 09:16:14 GMT+0000 (Coordinated Universal Time),48,Sarwendah,sarwendah,,,,,,
2026-08-03T12:28:10.637633+00:00,20260803-122810,https://trends24.in/indonesia/,Mon Aug 03 2026 09:16:14 GMT+0000 (Coordinated Universal Time),49,$TGGW,$tggw,,,,,,
2026-08-03T12:28:10.637633+00:00,20260803-122810,https://trends24.in/indonesia/,Mon Aug 03 2026 09:16:14 GMT+0000 (Coordinated Universal Time),50,Versi,versi,,,,,,
2026-08-03T12:28:10.637633+00:00,20260803-122810,https://trends24.in/indonesia/,Mon Aug 03 2026 08:24:45 GMT+0000 (Coordinated Universal Time),1,Mengabdi Hingga Pelosok,mengabdi hingga pelosok,,,,,,
2026-08-03T12:28:10.637633+00:00,20260803-122810,https://trends24.in/indonesia/,Mon Aug 03 2026 08:24:45 GMT+0000 (Coordinated Universal Time),2,#PindahKeAI,pindahkeai,,,,,,
2026-08-03T12:28:10.637633+00:00,20260803-122810,https://trends24.in/indonesia/,Mon Aug 03 2026 08:24:45 GMT+0000 (Coordinated Universal Time),3,PSD MOGULARRIVAL FS26,psd mogularrival fs26,,,,,,
2026-08-03T12:28:10.637633+00:00,20260803-122810,https://trends24.in/indonesia/,Mon Aug 03 2026 08:24:45 GMT+0000 (Coordinated Universal Time),4,Terdepan Laksanakan Pengabdian,terdepan laksanakan pengabdian,,,,,,
2026-08-03T12:28:10.637633+00:00,20260803-122810,https://trends24.in/indonesia/,Mon Aug 03 2026 08:24:45 GMT+0000 (Coordinated Universal Time),5,Senin,senin,,,,,,
2026-08-03T12:28:10.637633+00:00,20260803-122810,https://trends24.in/indonesia/,Mon Aug 03 2026 08:24:45 GMT+0000 (Coordinated Universal Time),6,#MengabdiMelayaniNegeri,mengabdimelayaninegeri,,,,,,
2026-08-03T12:28:10.637633+00:00,20260803-122810,https://trends24.in/indonesia/,Mon Aug 03 2026 08:24:45 GMT+0000 (Coordinated Universal Time),7,#DoaZikirMonas,doazikirmonas,,,,,,
2026-08-03T12:28:10.637633+00:00,20260803-122810,https://trends24.in/indonesia/,Mon Aug 03 2026 08:24:45 GMT+0000 (Coordinated Universal Time),8,#IndonesiaPadaJalurTepat,indonesiapadajalurtepat,,,,,,
2026-08-03T12:28:10.637633+00:00,20260803-122810,https://trends24.in/indonesia/,Mon Aug 03 2026 08:24:45 GMT+0000 (Coordinated Universal Time),9,#BangkitDalamHarapan,bangkitdalamharapan,,,,,,
2026-08-03T12:28:10.637633+00:00,20260803-122810,https://trends24.in/indonesia/,Mon Aug 03 2026 08:24:45 GMT+0000 (Coordinated Universal Time),10,Pesan Menag,pesan menag,,,,,,
2026-08-03T12:28:10.637633+00:00,20260803-122810,https://trends24.in/indonesia/,Mon Aug 03 2026 08:24:45 GMT+0000 (Coordinated Universal Time),11,Kimpul,kimpul,,,,,,
2026-08-03T12:28:10.637633+00:00,20260803-122810,https://trends24.in/indonesia/,Mon Aug 03 2026 08:24:45 GMT+0000 (Coordinated Universal Time),12,RESPECT JUHOON'S RIGHTS,respect juhoon's rights,,,,,,
2026-08-03T12:28:10.637633+00:00,20260803-122810,https://trends24.in/indonesia/,Mon Aug 03 2026 08:24:45 GMT+0000 (Coordinated Universal Time),13,Solusi Rumah Rakyat Terjangkau,solusi rumah rakyat terjangkau,,,,,,
2026-08-03T12:28:10.637633+00:00,20260803-122810,https://trends24.in/indonesia/,Mon Aug 03 2026 08:24:45 GMT+0000 (Coordinated Universal Time),14,Krayan,krayan,,,,,,
2026-08-03T12:28:10.637633+00:00,20260803-122810,https://trends24.in/indonesia/,Mon Aug 03 2026 08:24:45 GMT+0000 (Coordinated Universal Time),15,LOVE TO SERVE 2ND EP,love to serve 2nd ep,,,,,,
2026-08-03T12:28:10.637633+00:00,20260803-122810,https://trends24.in/indonesia/,Mon Aug 03 2026 08:24:45 GMT+0000 (Coordinated Universal Time),16,AUTUMN LEAVES,autumn leaves,,,,,,
2026-08-03T12:28:10.637633+00:00,20260803-122810,https://trends24.in/indonesia/,Mon Aug 03 2026 08:24:45 GMT+0000 (Coordinated Universal Time),17,Kalimantan Utara,kalimantan utara,,,,,,
2026-08-03T12:28:10.637633+00:00,20260803-122810,https://trends24.in/indonesia/,Mon Aug 03 2026 08:24:45 GMT+0000 (Coordinated Universal Time),18,ING AT BURIRAM,ing at buriram,,,,,,
2026-08-03T12:28:10.637633+00:00,20260803-122810,https://trends24.in/indonesia/,Mon Aug 03 2026 08:24:45 GMT+0000 (Coordinated Universal Time),19,Blingy Action Plan D1,blingy action plan d1,,,,,,
2026-08-03T12:28:10.637633+00:00,20260803-122810,https://trends24.in/indonesia/,Mon Aug 03 2026 08:24:45 GMT+0000 (Coordinated Universal Time),20,Diding Boneng,diding boneng,,,,,,
2026-08-03T12:28:10.637633+00:00,20260803-122810,https://trends24.in/indonesia/,Mon Aug 03 2026 08:24:45 GMT+0000 (Coordinated Universal Time),21,TNI AU,tni au,,,,,,
2026-08-03T12:28:10.637633+00:00,20260803-122810,https://trends24.in/indonesia/,Mon Aug 03 2026 08:24:45 GMT+0000 (Coordinated Universal Time),22,Yandri Susanto,yandri susanto,,,,,,
2026-08-03T12:28:10.637633+00:00,20260803-122810,https://trends24.in/indonesia/,Mon Aug 03 2026 08:24:45 GMT+0000 (Coordinated Universal Time),23,Menteri Desa PDT,menteri desa pdt,,,,,,
2026-08-03T12:28:10.637633+00:00,20260803-122810,https://trends24.in/indonesia/,Mon Aug 03 2026 08:24:45 GMT+0000 (Coordinated Universal Time),24,Sangat Menyesatkan,sangat menyesatkan,,,,,,
2026-08-03T12:28:10.637633+00:00,20260803-122810,https://trends24.in/indonesia/,Mon Aug 03 2026 08:24:45 GMT+0000 (Coordinated Universal Time),25,JIANGLI RADIANT FASHION ERA,jiangli radiant fashion era,,,,,,
2026-08-03T12:28:10.637633+00:00,20260803-122810,https://trends24.in/indonesia/,Mon Aug 03 2026 08:24:45 GMT+0000 (Coordinated Universal Time),26,KDKMP,kdkmp,,,,,,
2026-08-03T12:28:10.637633+00:00,20260803-122810,https://trends24.in/indonesia/,Mon Aug 03 2026 08:24:45 GMT+0000 (Coordinated Universal Time),27,Apel Pagi,apel pagi,,,,,,
2026-08-03T12:28:10.637633+00:00,20260803-122810,https://trends24.in/indonesia/,Mon Aug 03 2026 08:24:45 GMT+0000 (Coordinated Universal Time),28,FIRSTONE TURNED 26,firstone turned 26,,,,,,
2026-08-03T12:28:10.637633+00:00,20260803-122810,https://trends24.in/indonesia/,Mon Aug 03 2026 08:24:45 GMT+0000 (Coordinated Universal Time),29,cortispalooza begins now,cortispalooza begins now,,,,,,
2026-08-03T12:28:10.637633+00:00,20260803-122810,https://trends24.in/indonesia/,Mon Aug 03 2026 08:24:45 GMT+0000 (Coordinated Universal Time),30,Raja,raja,,,,,,
2026-08-03T12:28:10.637633+00:00,20260803-122810,https://trends24.in/indonesia/,Mon Aug 03 2026 08:24:45 GMT+0000 (Coordinated Universal Time),31,$USON,$uson,,,,,,
2026-08-03T12:28:10.637633+00:00,20260803-122810,https://trends24.in/indonesia/,Mon Aug 03 2026 08:24:45 GMT+0000 (Coordinated Universal Time),32,Caleb,caleb,,,,,,
2026-08-03T12:28:10.637633+00:00,20260803-122810,https://trends24.in/indonesia/,Mon Aug 03 2026 08:24:45 GMT+0000 (Coordinated Universal Time),33,Festival Teman Tulus,festival teman tulus,,,,,,
2026-08-03T12:28:10.637633+00:00,20260803-122810,https://trends24.in/indonesia/,Mon Aug 03 2026 08:24:45 GMT+0000 (Coordinated Universal Time),34,Minggu,minggu,,,,,,
2026-08-03T12:28:10.637633+00:00,20260803-122810,https://trends24.in/indonesia/,Mon Aug 03 2026 08:24:45 GMT+0000 (Coordinated Universal Time),35,hapsun,hapsun,,,,,,
2026-08-03T12:28:10.637633+00:00,20260803-122810,https://trends24.in/indonesia/,Mon Aug 03 2026 08:24:45 GMT+0000 (Coordinated Universal Time),36,Sulawesi Barat,sulawesi barat,,,,,,
2026-08-03T12:28:10.637633+00:00,20260803-122810,https://trends24.in/indonesia/,Mon Aug 03 2026 08:24:45 GMT+0000 (Coordinated Universal Time),37,Sumenep,sumenep,,,,,,
2026-08-03T12:28:10.637633+00:00,20260803-122810,https://trends24.in/indonesia/,Mon Aug 03 2026 08:24:45 GMT+0000 (Coordinated Universal Time),38,Ruben,ruben,,,,,,
2026-08-03T12:28:10.637633+00:00,20260803-122810,https://trends24.in/indonesia/,Mon Aug 03 2026 08:24:45 GMT+0000 (Coordinated Universal Time),39,The Grim Lover Q18,the grim lover q18,,,,,,
2026-08-03T12:28:10.637633+00:00,20260803-122810,https://trends24.in/indonesia/,Mon Aug 03 2026 08:24:45 GMT+0000 (Coordinated Universal Time),40,RACER OHM PAWAT D2,racer ohm pawat d2,,,,,,
2026-08-03T12:28:10.637633+00:00,20260803-122810,https://trends24.in/indonesia/,Mon Aug 03 2026 08:24:45 GMT+0000 (Coordinated Universal Time),41,Reverse Auction,reverse auction,,,,,,
2026-08-03T12:28:10.637633+00:00,20260803-122810,https://trends24.in/indonesia/,Mon Aug 03 2026 08:24:45 GMT+0000 (Coordinated Universal Time),42,EAST RUTHERFORD,east rutherford,,,,,,
2026-08-03T12:28:10.637633+00:00,20260803-122810,https://trends24.in/indonesia/,Mon Aug 03 2026 08:24:45 GMT+0000 (Coordinated Universal Time),43,Stabilitas Nasional,stabilitas nasional,,,,,,
2026-08-03T12:28:10.637633+00:00,20260803-122810,https://trends24.in/indonesia/,Mon Aug 03 2026 08:24:45 GMT+0000 (Coordinated Universal Time),44,dew renji the first stage,dew renji the first stage,,,,,,
2026-08-03T12:28:10.637633+00:00,20260803-122810,https://trends24.in/indonesia/,Mon Aug 03 2026 08:24:45 GMT+0000 (Coordinated Universal Time),45,BERKIBARLAH BENDERAKU,berkibarlah benderaku,,,,,,
2026-08-03T12:28:10.637633+00:00,20260803-122810,https://trends24.in/indonesia/,Mon Aug 03 2026 08:24:45 GMT+0000 (Coordinated Universal Time),46,Innalillahi,innalillahi,,,,,,
2026-08-03T12:28:10.637633+00:00,20260803-122810,https://trends24.in/indonesia/,Mon Aug 03 2026 08:24:45 GMT+0000 (Coordinated Universal Time),47,Jembatan Merah Putih Presisi,jembatan merah putih presisi,,,,,,
2026-08-03T12:28:10.637633+00:00,20260803-122810,https://trends24.in/indonesia/,Mon Aug 03 2026 08:24:45 GMT+0000 (Coordinated Universal Time),48,$TGGW,$tggw,,,,,,
2026-08-03T12:28:10.637633+00:00,20260803-122810,https://trends24.in/indonesia/,Mon Aug 03 2026 08:24:45 GMT+0000 (Coordinated Universal Time),49,Beyond the 12th Wave,beyond the 12th wave,,,,,,
2026-08-03T12:28:10.637633+00:00,20260803-122810,https://trends24.in/indonesia/,Mon Aug 03 2026 08:24:45 GMT+0000 (Coordinated Universal Time),50,Ride Through the Velvet Summer,ride through the velvet summer,,,,,,
2026-08-03T12:28:10.637633+00:00,20260803-122810,https://trends24.in/indonesia/,Mon Aug 03 2026 08:24:28 GMT+0000 (Coordinated Universal Time),1,Mengabdi Hingga Pelosok,mengabdi hingga pelosok,,,,,,
2026-08-03T12:28:10.637633+00:00,20260803-122810,https://trends24.in/indonesia/,Mon Aug 03 2026 08:24:28 GMT+0000 (Coordinated Universal Time),2,#PindahKeAI,pindahkeai,,,,,,
2026-08-03T12:28:10.637633+00:00,20260803-122810,https://trends24.in/indonesia/,Mon Aug 03 2026 08:24:28 GMT+0000 (Coordinated Universal Time),3,PSD MOGULARRIVAL FS26,psd mogularrival fs26,,,,,,
2026-08-03T12:28:10.637633+00:00,20260803-122810,https://trends24.in/indonesia/,Mon Aug 03 2026 08:24:28 GMT+0000 (Coordinated Universal Time),4,Terdepan Laksanakan Pengabdian,terdepan laksanakan pengabdian,,,,,,
2026-08-03T12:28:10.637633+00:00,20260803-122810,https://trends24.in/indonesia/,Mon Aug 03 2026 08:24:28 GMT+0000 (Coordinated Universal Time),5,Senin,senin,,,,,,
2026-08-03T12:28:10.637633+00:00,20260803-122810,https://trends24.in/indonesia/,Mon Aug 03 2026 08:24:28 GMT+0000 (Coordinated Universal Time),6,#MengabdiMelayaniNegeri,mengabdimelayaninegeri,,,,,,
2026-08-03T12:28:10.637633+00:00,20260803-122810,https://trends24.in/indonesia/,Mon Aug 03 2026 08:24:28 GMT+0000 (Coordinated Universal Time),7,#DoaZikirMonas,doazikirmonas,,,,,,
2026-08-03T12:28:10.637633+00:00,20260803-122810,https://trends24.in/indonesia/,Mon Aug 03 2026 08:24:28 GMT+0000 (Coordinated Universal Time),8,#IndonesiaPadaJalurTepat,indonesiapadajalurtepat,,,,,,
2026-08-03T12:28:10.637633+00:00,20260803-122810,https://trends24.in/indonesia/,Mon Aug 03 2026 08:24:28 GMT+0000 (Coordinated Universal Time),9,#BangkitDalamHarapan,bangkitdalamharapan,,,,,,
2026-08-03T12:28:10.637633+00:00,20260803-122810,https://trends24.in/indonesia/,Mon Aug 03 2026 08:24:28 GMT+0000 (Coordinated Universal Time),10,Pesan Menag,pesan menag,,,,,,
2026-08-03T12:28:10.637633+00:00,20260803-122810,https://trends24.in/indonesia/,Mon Aug 03 2026 08:24:28 GMT+0000 (Coordinated Universal Time),11,Kimpul,kimpul,,,,,,
2026-08-03T12:28:10.637633+00:00,20260803-122810,https://trends24.in/indonesia/,Mon Aug 03 2026 08:24:28 GMT+0000 (Coordinated Universal Time),12,RESPECT JUHOON'S RIGHTS,respect juhoon's rights,,,,,,
2026-08-03T12:28:10.637633+00:00,20260803-122810,https://trends24.in/indonesia/,Mon Aug 03 2026 08:24:28 GMT+0000 (Coordinated Universal Time),13,Solusi Rumah Rakyat Terjangkau,solusi rumah rakyat terjangkau,,,,,,
2026-08-03T12:28:10.637633+00:00,20260803-122810,https://trends24.in/indonesia/,Mon Aug 03 2026 08:24:28 GMT+0000 (Coordinated Universal Time),14,LOVE TO SERVE 2ND EP,love to serve 2nd ep,,,,,,
2026-08-03T12:28:10.637633+00:00,20260803-122810,https://trends24.in/indonesia/,Mon Aug 03 2026 08:24:28 GMT+0000 (Coordinated Universal Time),15,Krayan,krayan,,,,,,
2026-08-03T12:28:10.637633+00:00,20260803-122810,https://trends24.in/indonesia/,Mon Aug 03 2026 08:24:28 GMT+0000 (Coordinated Universal Time),16,AUTUMN LEAVES,autumn leaves,,,,,,
2026-08-03T12:28:10.637633+00:00,20260803-122810,https://trends24.in/indonesia/,Mon Aug 03 2026 08:24:28 GMT+0000 (Coordinated Universal Time),17,Kalimantan Utara,kalimantan utara,,,,,,
2026-08-03T12:28:10.637633+00:00,20260803-122810,https://trends24.in/indonesia/,Mon Aug 03 2026 08:24:28 GMT+0000 (Coordinated Universal Time),18,ING AT BURIRAM,ing at buriram,,,,,,
2026-08-03T12:28:10.637633+00:00,20260803-122810,https://trends24.in/indonesia/,Mon Aug 03 2026 08:24:28 GMT+0000 (Coordinated Universal Time),19,Blingy Action Plan D1,blingy action plan d1,,,,,,
2026-08-03T12:28:10.637633+00:00,20260803-122810,https://trends24.in/indonesia/,Mon Aug 03 2026 08:24:28 GMT+0000 (Coordinated Universal Time),20,Diding Boneng,diding boneng,,,,,,
2026-08-03T12:28:10.637633+00:00,20260803-122810,https://trends24.in/indonesia/,Mon Aug 03 2026 08:24:28 GMT+0000 (Coordinated Universal Time),21,TNI AU,tni au,,,,,,
2026-08-03T12:28:10.637633+00:00,20260803-122810,https://trends24.in/indonesia/,Mon Aug 03 2026 08:24:28 GMT+0000 (Coordinated Universal Time),22,Yandri Susanto,yandri susanto,,,,,,
2026-08-03T12:28:10.637633+00:00,20260803-122810,https://trends24.in/indonesia/,Mon Aug 03 2026 08:24:28 GMT+0000 (Coordinated Universal Time),23,Menteri Desa PDT,menteri desa pdt,,,,,,
2026-08-03T12:28:10.637633+00:00,20260803-122810,https://trends24.in/indonesia/,Mon Aug 03 2026 08:24:28 GMT+0000 (Coordinated Universal Time),24,Sangat Menyesatkan,sangat menyesatkan,,,,,,
2026-08-03T12:28:10.637633+00:00,20260803-122810,https://trends24.in/indonesia/,Mon Aug 03 2026 08:24:28 GMT+0000 (Coordinated Universal Time),25,JIANGLI RADIANT FASHION ERA,jiangli radiant fashion era,,,,,,
2026-08-03T12:28:10.637633+00:00,20260803-122810,https://trends24.in/indonesia/,Mon Aug 03 2026 08:24:28 GMT+0000 (Coordinated Universal Time),26,KDKMP,kdkmp,,,,,,
2026-08-03T12:28:10.637633+00:00,20260803-122810,https://trends24.in/indonesia/,Mon Aug 03 2026 08:24:28 GMT+0000 (Coordinated Universal Time),27,Apel Pagi,apel pagi,,,,,,
2026-08-03T12:28:10.637633+00:00,20260803-122810,https://trends24.in/indonesia/,Mon Aug 03 2026 08:24:28 GMT+0000 (Coordinated Universal Time),28,FIRSTONE TURNED 26,firstone turned 26,,,,,,
2026-08-03T12:28:10.637633+00:00,20260803-122810,https://trends24.in/indonesia/,Mon Aug 03 2026 08:24:28 GMT+0000 (Coordinated Universal Time),29,cortispalooza begins now,cortispalooza begins now,,,,,,
2026-08-03T12:28:10.637633+00:00,20260803-122810,https://trends24.in/indonesia/,Mon Aug 03 2026 08:24:28 GMT+0000 (Coordinated Universal Time),30,Raja,raja,,,,,,
2026-08-03T12:28:10.637633+00:00,20260803-122810,https://trends24.in/indonesia/,Mon Aug 03 2026 08:24:28 GMT+0000 (Coordinated Universal Time),31,$USON,$uson,,,,,,
2026-08-03T12:28:10.637633+00:00,20260803-122810,https://trends24.in/indonesia/,Mon Aug 03 2026 08:24:28 GMT+0000 (Coordinated Universal Time),32,Caleb,caleb,,,,,,
2026-08-03T12:28:10.637633+00:00,20260803-122810,https://trends24.in/indonesia/,Mon Aug 03 2026 08:24:28 GMT+0000 (Coordinated Universal Time),33,Minggu,minggu,,,,,,
2026-08-03T12:28:10.637633+00:00,20260803-122810,https://trends24.in/indonesia/,Mon Aug 03 2026 08:24:28 GMT+0000 (Coordinated Universal Time),34,Festival Teman Tulus,festival teman tulus,,,,,,
2026-08-03T12:28:10.637633+00:00,20260803-122810,https://trends24.in/indonesia/,Mon Aug 03 2026 08:24:28 GMT+0000 (Coordinated Universal Time),35,hapsun,hapsun,,,,,,
2026-08-03T12:28:10.637633+00:00,20260803-122810,https://trends24.in/indonesia/,Mon Aug 03 2026 08:24:28 GMT+0000 (Coordinated Universal Time),36,Sulawesi Barat,sulawesi barat,,,,,,
2026-08-03T12:28:10.637633+00:00,20260803-122810,https://trends24.in/indonesia/,Mon Aug 03 2026 08:24:28 GMT+0000 (Coordinated Universal Time),37,Sumenep,sumenep,,,,,,
2026-08-03T12:28:10.637633+00:00,20260803-122810,https://trends24.in/indonesia/,Mon Aug 03 2026 08:24:28 GMT+0000 (Coordinated Universal Time),38,Ruben,ruben,,,,,,
2026-08-03T12:28:10.637633+00:00,20260803-122810,https://trends24.in/indonesia/,Mon Aug 03 2026 08:24:28 GMT+0000 (Coordinated Universal Time),39,The Grim Lover Q18,the grim lover q18,,,,,,
2026-08-03T12:28:10.637633+00:00,20260803-122810,https://trends24.in/indonesia/,Mon Aug 03 2026 08:24:28 GMT+0000 (Coordinated Universal Time),40,RACER OHM PAWAT D2,racer ohm pawat d2,,,,,,
2026-08-03T12:28:10.637633+00:00,20260803-122810,https://trends24.in/indonesia/,Mon Aug 03 2026 08:24:28 GMT+0000 (Coordinated Universal Time),41,Reverse Auction,reverse auction,,,,,,
2026-08-03T12:28:10.637633+00:00,20260803-122810,https://trends24.in/indonesia/,Mon Aug 03 2026 08:24:28 GMT+0000 (Coordinated Universal Time),42,EAST RUTHERFORD,east rutherford,,,,,,
2026-08-03T12:28:10.637633+00:00,20260803-122810,https://trends24.in/indonesia/,Mon Aug 03 2026 08:24:28 GMT+0000 (Coordinated Universal Time),43,Stabilitas Nasional,stabilitas nasional,,,,,,
2026-08-03T12:28:10.637633+00:00,20260803-122810,https://trends24.in/indonesia/,Mon Aug 03 2026 08:24:28 GMT+0000 (Coordinated Universal Time),44,dew renji the first stage,dew renji the first stage,,,,,,
2026-08-03T12:28:10.637633+00:00,20260803-122810,https://trends24.in/indonesia/,Mon Aug 03 2026 08:24:28 GMT+0000 (Coordinated Universal Time),45,BERKIBARLAH BENDERAKU,berkibarlah benderaku,,,,,,
2026-08-03T12:28:10.637633+00:00,20260803-122810,https://trends24.in/indonesia/,Mon Aug 03 2026 08:24:28 GMT+0000 (Coordinated Universal Time),46,Innalillahi,innalillahi,,,,,,
2026-08-03T12:28:10.637633+00:00,20260803-122810,https://trends24.in/indonesia/,Mon Aug 03 2026 08:24:28 GMT+0000 (Coordinated Universal Time),47,Jembatan Merah Putih Presisi,jembatan merah putih presisi,,,,,,
2026-08-03T12:28:10.637633+00:00,20260803-122810,https://trends24.in/indonesia/,Mon Aug 03 2026 08:24:28 GMT+0000 (Coordinated Universal Time),48,$TGGW,$tggw,,,,,,
2026-08-03T12:28:10.637633+00:00,20260803-122810,https://trends24.in/indonesia/,Mon Aug 03 2026 08:24:28 GMT+0000 (Coordinated Universal Time),49,Beyond the 12th Wave,beyond the 12th wave,,,,,,
2026-08-03T12:28:10.637633+00:00,20260803-122810,https://trends24.in/indonesia/,Mon Aug 03 2026 08:24:28 GMT+0000 (Coordinated Universal Time),50,Ride Through the Velvet Summer,ride through the velvet summer,,,,,,
2026-08-03T12:28:10.637633+00:00,20260803-122810,https://trends24.in/indonesia/,Mon Aug 03 2026 07:33:30 GMT+0000 (Coordinated Universal Time),1,#PindahKeAI,pindahkeai,,,,,,
2026-08-03T12:28:10.637633+00:00,20260803-122810,https://trends24.in/indonesia/,Mon Aug 03 2026 07:33:30 GMT+0000 (Coordinated Universal Time),2,Mengabdi Hingga Pelosok,mengabdi hingga pelosok,,,,,,
2026-08-03T12:28:10.637633+00:00,20260803-122810,https://trends24.in/indonesia/,Mon Aug 03 2026 07:33:30 GMT+0000 (Coordinated Universal Time),3,PSD MOGULARRIVAL FS26,psd mogularrival fs26,,,,,,
2026-08-03T12:28:10.637633+00:00,20260803-122810,https://trends24.in/indonesia/,Mon Aug 03 2026 07:33:30 GMT+0000 (Coordinated Universal Time),4,Terdepan Laksanakan Pengabdian,terdepan laksanakan pengabdian,,,,,,
2026-08-03T12:28:10.637633+00:00,20260803-122810,https://trends24.in/indonesia/,Mon Aug 03 2026 07:33:30 GMT+0000 (Coordinated Universal Time),5,#MengabdiMelayaniNegeri,mengabdimelayaninegeri,,,,,,
2026-08-03T12:28:10.637633+00:00,20260803-122810,https://trends24.in/indonesia/,Mon Aug 03 2026 07:33:30 GMT+0000 (Coordinated Universal Time),6,Senin,senin,,,,,,
2026-08-03T12:28:10.637633+00:00,20260803-122810,https://trends24.in/indonesia/,Mon Aug 03 2026 07:33:30 GMT+0000 (Coordinated Universal Time),7,#BangkitDalamHarapan,bangkitdalamharapan,,,,,,
2026-08-03T12:28:10.637633+00:00,20260803-122810,https://trends24.in/indonesia/,Mon Aug 03 2026 07:33:30 GMT+0000 (Coordinated Universal Time),8,#AlwayswithMarkLee,alwayswithmarklee,,,,,,
2026-08-03T12:28:10.637633+00:00,20260803-122810,https://trends24.in/indonesia/,Mon Aug 03 2026 07:33:30 GMT+0000 (Coordinated Universal Time),9,#ì¤ëë´ì¬ë¦ë¯¼íììì¼ì¶íí´,ì¤ëë´ì¬ë¦ë¯¼íììì¼ì¶íí´,,,,,,
2026-08-03T12:28:10.637633+00:00,20260803-122810,https://trends24.in/indonesia/,Mon Aug 03 2026 07:33:30 GMT+0000 (Coordinated Universal Time),10,Pesan Menag,pesan menag,,,,,,
2026-08-03T12:28:10.637633+00:00,20260803-122810,https://trends24.in/indonesia/,Mon Aug 03 2026 07:33:30 GMT+0000 (Coordinated Universal Time),11,Kimpul,kimpul,,,,,,
2026-08-03T12:28:10.637633+00:00,20260803-122810,https://trends24.in/indonesia/,Mon Aug 03 2026 07:33:30 GMT+0000 (Coordinated Universal Time),12,Solusi Rumah Rakyat Terjangkau,solusi rumah rakyat terjangkau,,,,,,
2026-08-03T12:28:10.637633+00:00,20260803-122810,https://trends24.in/indonesia/,Mon Aug 03 2026 07:33:30 GMT+0000 (Coordinated Universal Time),13,RESPECT JUHOON'S RIGHTS,respect juhoon's rights,,,,,,
2026-08-03T12:28:10.637633+00:00,20260803-122810,https://trends24.in/indonesia/,Mon Aug 03 2026 07:33:30 GMT+0000 (Coordinated Universal Time),14,LOVE TO SERVE 2ND EP,love to serve 2nd ep,,,,,,
2026-08-03T12:28:10.637633+00:00,20260803-122810,https://trends24.in/indonesia/,Mon Aug 03 2026 07:33:30 GMT+0000 (Coordinated Universal Time),15,AUTUMN LEAVES,autumn leaves,,,,,,
2026-08-03T12:28:10.637633+00:00,20260803-122810,https://trends24.in/indonesia/,Mon Aug 03 2026 07:33:30 GMT+0000 (Coordinated Universal Time),16,Krayan,krayan,,,,,,
2026-08-03T12:28:10.637633+00:00,20260803-122810,https://trends24.in/indonesia/,Mon Aug 03 2026 07:33:30 GMT+0000 (Coordinated Universal Time),17,Diding Boneng,diding boneng,,,,,,
2026-08-03T12:28:10.637633+00:00,20260803-122810,https://trends24.in/indonesia/,Mon Aug 03 2026 07:33:30 GMT+0000 (Coordinated Universal Time),18,ING AT BURIRAM,ing at buriram,,,,,,
2026-08-03T12:28:10.637633+00:00,20260803-122810,https://trends24.in/indonesia/,Mon Aug 03 2026 07:33:30 GMT+0000 (Coordinated Universal Time),19,Yandri Susanto,yandri susanto,,,,,,
2026-08-03T12:28:10.637633+00:00,20260803-122810,https://trends24.in/indonesia/,Mon Aug 03 2026 07:33:30 GMT+0000 (Coordinated Universal Time),20,Blingy Action Plan D1,blingy action plan d1,,,,,,
2026-08-03T12:28:10.637633+00:00,20260803-122810,https://trends24.in/indonesia/,Mon Aug 03 2026 07:33:30 GMT+0000 (Coordinated Universal Time),21,Menteri Desa PDT,menteri desa pdt,,,,,,
2026-08-03T12:28:10.637633+00:00,20260803-122810,https://trends24.in/indonesia/,Mon Aug 03 2026 07:33:30 GMT+0000 (Coordinated Universal Time),22,Sangat Menyesatkan,sangat menyesatkan,,,,,,
2026-08-03T12:28:10.637633+00:00,20260803-122810,https://trends24.in/indonesia/,Mon Aug 03 2026 07:33:30 GMT+0000 (Coordinated Universal Time),23,KDKMP,kdkmp,,,,,,
2026-08-03T12:28:10.637633+00:00,20260803-122810,https://trends24.in/indonesia/,Mon Aug 03 2026 07:33:30 GMT+0000 (Coordinated Universal Time),24,TNI AU,tni au,,,,,,
2026-08-03T12:28:10.637633+00:00,20260803-122810,https://trends24.in/indonesia/,Mon Aug 03 2026 07:33:30 GMT+0000 (Coordinated Universal Time),25,FIRSTONE TURNED 26,firstone turned 26,,,,,,
2026-08-03T12:28:10.637633+00:00,20260803-122810,https://trends24.in/indonesia/,Mon Aug 03 2026 07:33:30 GMT+0000 (Coordinated Universal Time),26,Minggu,minggu,,,,,,
2026-08-03T12:28:10.637633+00:00,20260803-122810,https://trends24.in/indonesia/,Mon Aug 03 2026 07:33:30 GMT+0000 (Coordinated Universal Time),27,cortispalooza begins now,cortispalooza begins now,,,,,,
2026-08-03T12:28:10.637633+00:00,20260803-122810,https://trends24.in/indonesia/,Mon Aug 03 2026 07:33:30 GMT+0000 (Coordinated Universal Time),28,Caleb,caleb,,,,,,
2026-08-03T12:28:10.637633+00:00,20260803-122810,https://trends24.in/indonesia/,Mon Aug 03 2026 07:33:30 GMT+0000 (Coordinated Universal Time),29,$TGGW,$tggw,,,,,,
2026-08-03T12:28:10.637633+00:00,20260803-122810,https://trends24.in/indonesia/,Mon Aug 03 2026 07:33:30 GMT+0000 (Coordinated Universal Time),30,Apel Pagi,apel pagi,,,,,,
2026-08-03T12:28:10.637633+00:00,20260803-122810,https://trends24.in/indonesia/,Mon Aug 03 2026 07:33:30 GMT+0000 (Coordinated Universal Time),31,$USON,$uson,,,,,,
2026-08-03T12:28:10.637633+00:00,20260803-122810,https://trends24.in/indonesia/,Mon Aug 03 2026 07:33:30 GMT+0000 (Coordinated Universal Time),32,Raja,raja,,,,,,
2026-08-03T12:28:10.637633+00:00,20260803-122810,https://trends24.in/indonesia/,Mon Aug 03 2026 07:33:30 GMT+0000 (Coordinated Universal Time),33,hapsun,hapsun,,,,,,
2026-08-03T12:28:10.637633+00:00,20260803-122810,https://trends24.in/indonesia/,Mon Aug 03 2026 07:33:30 GMT+0000 (Coordinated Universal Time),34,Sulawesi Barat,sulawesi barat,,,,,,
2026-08-03T12:28:10.637633+00:00,20260803-122810,https://trends24.in/indonesia/,Mon Aug 03 2026 07:33:30 GMT+0000 (Coordinated Universal Time),35,THOMASKONG TOKY GAME ON,thomaskong toky game on,,,,,,
2026-08-03T12:28:10.637633+00:00,20260803-122810,https://trends24.in/indonesia/,Mon Aug 03 2026 07:33:30 GMT+0000 (Coordinated Universal Time),36,Polri,polri,,,,,,
2026-08-03T12:28:10.637633+00:00,20260803-122810,https://trends24.in/indonesia/,Mon Aug 03 2026 07:33:30 GMT+0000 (Coordinated Universal Time),37,BERKIBARLAH BENDERAKU,berkibarlah benderaku,,,,,,
2026-08-03T12:28:10.637633+00:00,20260803-122810,https://trends24.in/indonesia/,Mon Aug 03 2026 07:33:30 GMT+0000 (Coordinated Universal Time),38,Sumenep,sumenep,,,,,,
2026-08-03T12:28:10.637633+00:00,20260803-122810,https://trends24.in/indonesia/,Mon Aug 03 2026 07:33:30 GMT+0000 (Coordinated Universal Time),39,FESTIVAL TEMAN TULUS,festival teman tulus,,,,,,
2026-08-03T12:28:10.637633+00:00,20260803-122810,https://trends24.in/indonesia/,Mon Aug 03 2026 07:33:30 GMT+0000 (Coordinated Universal Time),40,Ruben,ruben,,,,,,
2026-08-03T12:28:10.637633+00:00,20260803-122810,https://trends24.in/indonesia/,Mon Aug 03 2026 07:33:30 GMT+0000 (Coordinated Universal Time),41,Reverse Auction,reverse auction,,,,,,
2026-08-03T12:28:10.637633+00:00,20260803-122810,https://trends24.in/indonesia/,Mon Aug 03 2026 07:33:30 GMT+0000 (Coordinated Universal Time),42,The Grim Lover Q18,the grim lover q18,,,,,,
2026-08-03T12:28:10.637633+00:00,20260803-122810,https://trends24.in/indonesia/,Mon Aug 03 2026 07:33:30 GMT+0000 (Coordinated Universal Time),43,RACER OHM PAWAT D2,racer ohm pawat d2,,,,,,
2026-08-03T12:28:10.637633+00:00,20260803-122810,https://trends24.in/indonesia/,Mon Aug 03 2026 07:33:30 GMT+0000 (Coordinated Universal Time),44,EAST RUTHERFORD,east rutherford,,,,,,
2026-08-03T12:28:10.637633+00:00,20260803-122810,https://trends24.in/indonesia/,Mon Aug 03 2026 07:33:30 GMT+0000 (Coordinated Universal Time),45,Stabilitas Nasional,stabilitas nasional,,,,,,
2026-08-03T12:28:10.637633+00:00,20260803-122810,https://trends24.in/indonesia/,Mon Aug 03 2026 07:33:30 GMT+0000 (Coordinated Universal Time),46,dew renji the first stage,dew renji the first stage,,,,,,
2026-08-03T12:28:10.637633+00:00,20260803-122810,https://trends24.in/indonesia/,Mon Aug 03 2026 07:33:30 GMT+0000 (Coordinated Universal Time),47,Jembatan Merah Putih Presisi,jembatan merah putih presisi,,,,,,
2026-08-03T12:28:10.637633+00:00,20260803-122810,https://trends24.in/indonesia/,Mon Aug 03 2026 07:33:30 GMT+0000 (Coordinated Universal Time),48,Sarwendah,sarwendah,,,,,,
2026-08-03T12:28:10.637633+00:00,20260803-122810,https://trends24.in/indonesia/,Mon Aug 03 2026 07:33:30 GMT+0000 (Coordinated Universal Time),49,Zainal Abidin,zainal abidin,,,,,,
2026-08-03T12:28:10.637633+00:00,20260803-122810,https://trends24.in/indonesia/,Mon Aug 03 2026 07:33:30 GMT+0000 (Coordinated Universal Time),50,Innalillahi,innalillahi,,,,,,
2026-08-03T12:28:10.637633+00:00,20260803-122810,https://trends24.in/indonesia/,Mon Aug 03 2026 06:42:23 GMT+0000 (Coordinated Universal Time),1,#PindahKeAI,pindahkeai,,,,,,
2026-08-03T12:28:10.637633+00:00,20260803-122810,https://trends24.in/indonesia/,Mon Aug 03 2026 06:42:23 GMT+0000 (Coordinated Universal Time),2,#MengabdiMelayaniNegeri,mengabdimelayaninegeri,,,,,,
2026-08-03T12:28:10.637633+00:00,20260803-122810,https://trends24.in/indonesia/,Mon Aug 03 2026 06:42:23 GMT+0000 (Coordinated Universal Time),3,Terdepan Laksanakan Pengabdian,terdepan laksanakan pengabdian,,,,,,
2026-08-03T12:28:10.637633+00:00,20260803-122810,https://trends24.in/indonesia/,Mon Aug 03 2026 06:42:23 GMT+0000 (Coordinated Universal Time),4,PSD MOGULARRIVAL FS26,psd mogularrival fs26,,,,,,
2026-08-03T12:28:10.637633+00:00,20260803-122810,https://trends24.in/indonesia/,Mon Aug 03 2026 06:42:23 GMT+0000 (Coordinated Universal Time),5,Mengabdi Hingga Pelosok,mengabdi hingga pelosok,,,,,,
2026-08-03T12:28:10.637633+00:00,20260803-122810,https://trends24.in/indonesia/,Mon Aug 03 2026 06:42:23 GMT+0000 (Coordinated Universal Time),6,Senin,senin,,,,,,
2026-08-03T12:28:10.637633+00:00,20260803-122810,https://trends24.in/indonesia/,Mon Aug 03 2026 06:42:23 GMT+0000 (Coordinated Universal Time),7,#AlwayswithMarkLee,alwayswithmarklee,,,,,,
2026-08-03T12:28:10.637633+00:00,20260803-122810,https://trends24.in/indonesia/,Mon Aug 03 2026 06:42:23 GMT+0000 (Coordinated Universal Time),8,#ì¤ëë´ì¬ë¦ë¯¼íììì¼ì¶íí´,ì¤ëë´ì¬ë¦ë¯¼íììì¼ì¶íí´,,,,,,
2026-08-03T12:28:10.637633+00:00,20260803-122810,https://trends24.in/indonesia/,Mon Aug 03 2026 06:42:23 GMT+0000 (Coordinated Universal Time),9,#BangkitDalamHarapan,bangkitdalamharapan,,,,,,
2026-08-03T12:28:10.637633+00:00,20260803-122810,https://trends24.in/indonesia/,Mon Aug 03 2026 06:42:23 GMT+0000 (Coordinated Universal Time),10,Pesan Menag,pesan menag,,,,,,
2026-08-03T12:28:10.637633+00:00,20260803-122810,https://trends24.in/indonesia/,Mon Aug 03 2026 06:42:23 GMT+0000 (Coordinated Universal Time),11,Kimpul,kimpul,,,,,,
2026-08-03T12:28:10.637633+00:00,20260803-122810,https://trends24.in/indonesia/,Mon Aug 03 2026 06:42:23 GMT+0000 (Coordinated Universal Time),12,Solusi Rumah Rakyat Terjangkau,solusi rumah rakyat terjangkau,,,,,,
2026-08-03T12:28:10.637633+00:00,20260803-122810,https://trends24.in/indonesia/,Mon Aug 03 2026 06:42:23 GMT+0000 (Coordinated Universal Time),13,RESPECT JUHOON'S RIGHTS,respect juhoon's rights,,,,,,
2026-08-03T12:28:10.637633+00:00,20260803-122810,https://trends24.in/indonesia/,Mon Aug 03 2026 06:42:23 GMT+0000 (Coordinated Universal Time),14,LOVE TO SERVE 2ND EP,love to serve 2nd ep,,,,,,
2026-08-03T12:28:10.637633+00:00,20260803-122810,https://trends24.in/indonesia/,Mon Aug 03 2026 06:42:23 GMT+0000 (Coordinated Universal Time),15,AUTUMN LEAVES,autumn leaves,,,,,,
2026-08-03T12:28:10.637633+00:00,20260803-122810,https://trends24.in/indonesia/,Mon Aug 03 2026 06:42:23 GMT+0000 (Coordinated Universal Time),16,Diding Boneng,diding boneng,,,,,,
2026-08-03T12:28:10.637633+00:00,20260803-122810,https://trends24.in/indonesia/,Mon Aug 03 2026 06:42:23 GMT+0000 (Coordinated Universal Time),17,$TGGW,$tggw,,,,,,
2026-08-03T12:28:10.637633+00:00,20260803-122810,https://trends24.in/indonesia/,Mon Aug 03 2026 06:42:23 GMT+0000 (Coordinated Universal Time),18,Caleb,caleb,,,,,,
2026-08-03T12:28:10.637633+00:00,20260803-122810,https://trends24.in/indonesia/,Mon Aug 03 2026 06:42:23 GMT+0000 (Coordinated Universal Time),19,Blingy Action Plan D1,blingy action plan d1,,,,,,
2026-08-03T12:28:10.637633+00:00,20260803-122810,https://trends24.in/indonesia/,Mon Aug 03 2026 06:42:23 GMT+0000 (Coordinated Universal Time),20,KDKMP,kdkmp,,,,,,
2026-08-03T12:28:10.637633+00:00,20260803-122810,https://trends24.in/indonesia/,Mon Aug 03 2026 06:42:23 GMT+0000 (Coordinated Universal Time),21,Yandri Susanto,yandri susanto,,,,,,
2026-08-03T12:28:10.637633+00:00,20260803-122810,https://trends24.in/indonesia/,Mon Aug 03 2026 06:42:23 GMT+0000 (Coordinated Universal Time),22,ing at buriram,ing at buriram,,,,,,
2026-08-03T12:28:10.637633+00:00,20260803-122810,https://trends24.in/indonesia/,Mon Aug 03 2026 06:42:23 GMT+0000 (Coordinated Universal Time),23,Sangat Menyesatkan,sangat menyesatkan,,,,,,
2026-08-03T12:28:10.637633+00:00,20260803-122810,https://trends24.in/indonesia/,Mon Aug 03 2026 06:42:23 GMT+0000 (Coordinated Universal Time),24,BERKIBARLAH BENDERAKU,berkibarlah benderaku,,,,,,
2026-08-03T12:28:10.637633+00:00,20260803-122810,https://trends24.in/indonesia/,Mon Aug 03 2026 06:42:23 GMT+0000 (Coordinated Universal Time),25,Menteri Desa PDT,menteri desa pdt,,,,,,
2026-08-03T12:28:10.637633+00:00,20260803-122810,https://trends24.in/indonesia/,Mon Aug 03 2026 06:42:23 GMT+0000 (Coordinated Universal Time),26,Polri,polri,,,,,,
2026-08-03T12:28:10.637633+00:00,20260803-122810,https://trends24.in/indonesia/,Mon Aug 03 2026 06:42:23 GMT+0000 (Coordinated Universal Time),27,Minggu,minggu,,,,,,
2026-08-03T12:28:10.637633+00:00,20260803-122810,https://trends24.in/indonesia/,Mon Aug 03 2026 06:42:23 GMT+0000 (Coordinated Universal Time),28,FIRSTONE TURNED 26,firstone turned 26,,,,,,
2026-08-03T12:28:10.637633+00:00,20260803-122810,https://trends24.in/indonesia/,Mon Aug 03 2026 06:42:23 GMT+0000 (Coordinated Universal Time),29,Sulawesi Barat,sulawesi barat,,,,,,
2026-08-03T12:28:10.637633+00:00,20260803-122810,https://trends24.in/indonesia/,Mon Aug 03 2026 06:42:23 GMT+0000 (Coordinated Universal Time),30,$USON,$uson,,,,,,
2026-08-03T12:28:10.637633+00:00,20260803-122810,https://trends24.in/indonesia/,Mon Aug 03 2026 06:42:23 GMT+0000 (Coordinated Universal Time),31,cortispalooza begins now,cortispalooza begins now,,,,,,
2026-08-03T12:28:10.637633+00:00,20260803-122810,https://trends24.in/indonesia/,Mon Aug 03 2026 06:42:23 GMT+0000 (Coordinated Universal Time),32,The Grim Lover Q18,the grim lover q18,,,,,,
2026-08-03T12:28:10.637633+00:00,20260803-122810,https://trends24.in/indonesia/,Mon Aug 03 2026 06:42:23 GMT+0000 (Coordinated Universal Time),33,Zainal Abidin,zainal abidin,,,,,,
2026-08-03T12:28:10.637633+00:00,20260803-122810,https://trends24.in/indonesia/,Mon Aug 03 2026 06:42:23 GMT+0000 (Coordinated Universal Time),34,Raja,raja,,,,,,
2026-08-03T12:28:10.637633+00:00,20260803-122810,https://trends24.in/indonesia/,Mon Aug 03 2026 06:42:23 GMT+0000 (Coordinated Universal Time),35,Apel Pagi,apel pagi,,,,,,
2026-08-03T12:28:10.637633+00:00,20260803-122810,https://trends24.in/indonesia/,Mon Aug 03 2026 06:42:23 GMT+0000 (Coordinated Universal Time),36,hapsun,hapsun,,,,,,
2026-08-03T12:28:10.637633+00:00,20260803-122810,https://trends24.in/indonesia/,Mon Aug 03 2026 06:42:23 GMT+0000 (Coordinated Universal Time),37,THOMASKONG TOKY GAME ON,thomaskong toky game on,,,,,,
2026-08-03T12:28:10.637633+00:00,20260803-122810,https://trends24.in/indonesia/,Mon Aug 03 2026 06:42:23 GMT+0000 (Coordinated Universal Time),38,Sumenep,sumenep,,,,,,
2026-08-03T12:28:10.637633+00:00,20260803-122810,https://trends24.in/indonesia/,Mon Aug 03 2026 06:42:23 GMT+0000 (Coordinated Universal Time),39,Ruben,ruben,,,,,,
2026-08-03T12:28:10.637633+00:00,20260803-122810,https://trends24.in/indonesia/,Mon Aug 03 2026 06:42:23 GMT+0000 (Coordinated Universal Time),40,EAST RUTHERFORD,east rutherford,,,,,,
2026-08-03T12:28:10.637633+00:00,20260803-122810,https://trends24.in/indonesia/,Mon Aug 03 2026 06:42:23 GMT+0000 (Coordinated Universal Time),41,RACER OHM PAWAT D2,racer ohm pawat d2,,,,,,
2026-08-03T12:28:10.637633+00:00,20260803-122810,https://trends24.in/indonesia/,Mon Aug 03 2026 06:42:23 GMT+0000 (Coordinated Universal Time),42,Reverse Auction,reverse auction,,,,,,
2026-08-03T12:28:10.637633+00:00,20260803-122810,https://trends24.in/indonesia/,Mon Aug 03 2026 06:42:23 GMT+0000 (Coordinated Universal Time),43,Stabilitas Nasional,stabilitas nasional,,,,,,
2026-08-03T12:28:10.637633+00:00,20260803-122810,https://trends24.in/indonesia/,Mon Aug 03 2026 06:42:23 GMT+0000 (Coordinated Universal Time),44,dew renji the first stage,dew renji the first stage,,,,,,
2026-08-03T12:28:10.637633+00:00,20260803-122810,https://trends24.in/indonesia/,Mon Aug 03 2026 06:42:23 GMT+0000 (Coordinated Universal Time),45,Festival Teman Tulus,festival teman tulus,,,,,,
2026-08-03T12:28:10.637633+00:00,20260803-122810,https://trends24.in/indonesia/,Mon Aug 03 2026 06:42:23 GMT+0000 (Coordinated Universal Time),46,team 2 - teach you a lesson,team 2 - teach you a lesson,,,,,,
2026-08-03T12:28:10.637633+00:00,20260803-122810,https://trends24.in/indonesia/,Mon Aug 03 2026 06:42:23 GMT+0000 (Coordinated Universal Time),47,TNI AU,tni au,,,,,,
2026-08-03T12:28:10.637633+00:00,20260803-122810,https://trends24.in/indonesia/,Mon Aug 03 2026 06:42:23 GMT+0000 (Coordinated Universal Time),48,Sarwendah,sarwendah,,,,,,
2026-08-03T12:28:10.637633+00:00,20260803-122810,https://trends24.in/indonesia/,Mon Aug 03 2026 06:42:23 GMT+0000 (Coordinated Universal Time),49,Beyond the 12th Wave,beyond the 12th wave,,,,,,
2026-08-03T12:28:10.637633+00:00,20260803-122810,https://trends24.in/indonesia/,Mon Aug 03 2026 06:42:23 GMT+0000 (Coordinated Universal Time),50,Ride Through the Velvet Summer,ride through the velvet summer,,,,,,
2026-08-03T12:28:10.637633+00:00,20260803-122810,https://trends24.in/indonesia/,Mon Aug 03 2026 05:51:23 GMT+0000 (Coordinated Universal Time),1,#MengabdiMelayaniNegeri,mengabdimelayaninegeri,,,,,,
2026-08-03T12:28:10.637633+00:00,20260803-122810,https://trends24.in/indonesia/,Mon Aug 03 2026 05:51:23 GMT+0000 (Coordinated Universal Time),2,Terdepan Laksanakan Pengabdian,terdepan laksanakan pengabdian,,,,,,
2026-08-03T12:28:10.637633+00:00,20260803-122810,https://trends24.in/indonesia/,Mon Aug 03 2026 05:51:23 GMT+0000 (Coordinated Universal Time),3,PSD MOGULARRIVAL FS26,psd mogularrival fs26,,,,,,
2026-08-03T12:28:10.637633+00:00,20260803-122810,https://trends24.in/indonesia/,Mon Aug 03 2026 05:51:23 GMT+0000 (Coordinated Universal Time),4,Senin,senin,,,,,,
2026-08-03T12:28:10.637633+00:00,20260803-122810,https://trends24.in/indonesia/,Mon Aug 03 2026 05:51:23 GMT+0000 (Coordinated Universal Time),5,#AlwayswithMarkLee,alwayswithmarklee,,,,,,
2026-08-03T12:28:10.637633+00:00,20260803-122810,https://trends24.in/indonesia/,Mon Aug 03 2026 05:51:23 GMT+0000 (Coordinated Universal Time),6,#ì¤ëë´ì¬ë¦ë¯¼íììì¼ì¶íí´,ì¤ëë´ì¬ë¦ë¯¼íììì¼ì¶íí´,,,,,,
2026-08-03T12:28:10.637633+00:00,20260803-122810,https://trends24.in/indonesia/,Mon Aug 03 2026 05:51:23 GMT+0000 (Coordinated Universal Time),7,#BangkitDalamHarapan,bangkitdalamharapan,,,,,,
2026-08-03T12:28:10.637633+00:00,20260803-122810,https://trends24.in/indonesia/,Mon Aug 03 2026 05:51:23 GMT+0000 (Coordinated Universal Time),8,#DoaZikirMonas,doazikirmonas,,,,,,
2026-08-03T12:28:10.637633+00:00,20260803-122810,https://trends24.in/indonesia/,Mon Aug 03 2026 05:51:23 GMT+0000 (Coordinated Universal Time),9,Pesan Menag,pesan menag,,,,,,
2026-08-03T12:28:10.637633+00:00,20260803-122810,https://trends24.in/indonesia/,Mon Aug 03 2026 05:51:23 GMT+0000 (Coordinated Universal Time),10,Kimpul,kimpul,,,,,,
2026-08-03T12:28:10.637633+00:00,20260803-122810,https://trends24.in/indonesia/,Mon Aug 03 2026 05:51:23 GMT+0000 (Coordinated Universal Time),11,Solusi Rumah Rakyat Terjangkau,solusi rumah rakyat terjangkau,,,,,,
2026-08-03T12:28:10.637633+00:00,20260803-122810,https://trends24.in/indonesia/,Mon Aug 03 2026 05:51:23 GMT+0000 (Coordinated Universal Time),12,RESPECT JUHOON'S RIGHTS,respect juhoon's rights,,,,,,
2026-08-03T12:28:10.637633+00:00,20260803-122810,https://trends24.in/indonesia/,Mon Aug 03 2026 05:51:23 GMT+0000 (Coordinated Universal Time),13,Caleb,caleb,,,,,,
2026-08-03T12:28:10.637633+00:00,20260803-122810,https://trends24.in/indonesia/,Mon Aug 03 2026 05:51:23 GMT+0000 (Coordinated Universal Time),14,Diding Boneng,diding boneng,,,,,,
2026-08-03T12:28:10.637633+00:00,20260803-122810,https://trends24.in/indonesia/,Mon Aug 03 2026 05:51:23 GMT+0000 (Coordinated Universal Time),15,LOVE TO SERVE 2ND EP,love to serve 2nd ep,,,,,,
2026-08-03T12:28:10.637633+00:00,20260803-122810,https://trends24.in/indonesia/,Mon Aug 03 2026 05:51:23 GMT+0000 (Coordinated Universal Time),16,AUTUMN LEAVES,autumn leaves,,,,,,
2026-08-03T12:28:10.637633+00:00,20260803-122810,https://trends24.in/indonesia/,Mon Aug 03 2026 05:51:23 GMT+0000 (Coordinated Universal Time),17,$TGGW,$tggw,,,,,,
2026-08-03T12:28:10.637633+00:00,20260803-122810,https://trends24.in/indonesia/,Mon Aug 03 2026 05:51:23 GMT+0000 (Coordinated Universal Time),18,KDKMP,kdkmp,,,,,,
2026-08-03T12:28:10.637633+00:00,20260803-122810,https://trends24.in/indonesia/,Mon Aug 03 2026 05:51:23 GMT+0000 (Coordinated Universal Time),19,Blingy Action Plan D1,blingy action plan d1,,,,,,
2026-08-03T12:28:10.637633+00:00,20260803-122810,https://trends24.in/indonesia/,Mon Aug 03 2026 05:51:23 GMT+0000 (Coordinated Universal Time),20,The Grim Lover Q18,the grim lover q18,,,,,,
2026-08-03T12:28:10.637633+00:00,20260803-122810,https://trends24.in/indonesia/,Mon Aug 03 2026 05:51:23 GMT+0000 (Coordinated Universal Time),21,Yandri Susanto,yandri susanto,,,,,,
2026-08-03T12:28:10.637633+00:00,20260803-122810,https://trends24.in/indonesia/,Mon Aug 03 2026 05:51:23 GMT+0000 (Coordinated Universal Time),22,ing at buriram,ing at buriram,,,,,,
2026-08-03T12:28:10.637633+00:00,20260803-122810,https://trends24.in/indonesia/,Mon Aug 03 2026 05:51:23 GMT+0000 (Coordinated Universal Time),23,Sangat Menyesatkan,sangat menyesatkan,,,,,,
2026-08-03T12:28:10.637633+00:00,20260803-122810,https://trends24.in/indonesia/,Mon Aug 03 2026 05:51:23 GMT+0000 (Coordinated Universal Time),24,Kehadiran Polri,kehadiran polri,,,,,,
2026-08-03T12:28:10.637633+00:00,20260803-122810,https://trends24.in/indonesia/,Mon Aug 03 2026 05:51:23 GMT+0000 (Coordinated Universal Time),25,Minggu,minggu,,,,,,
2026-08-03T12:28:10.637633+00:00,20260803-122810,https://trends24.in/indonesia/,Mon Aug 03 2026 05:51:23 GMT+0000 (Coordinated Universal Time),26,FIRSTONE TURNED 26,firstone turned 26,,,,,,
2026-08-03T12:28:10.637633+00:00,20260803-122810,https://trends24.in/indonesia/,Mon Aug 03 2026 05:51:23 GMT+0000 (Coordinated Universal Time),27,Menteri Desa PDT,menteri desa pdt,,,,,,
2026-08-03T12:28:10.637633+00:00,20260803-122810,https://trends24.in/indonesia/,Mon Aug 03 2026 05:51:23 GMT+0000 (Coordinated Universal Time),28,BERKIBARLAH BENDERAKU,berkibarlah benderaku,,,,,,
2026-08-03T12:28:10.637633+00:00,20260803-122810,https://trends24.in/indonesia/,Mon Aug 03 2026 05:51:23 GMT+0000 (Coordinated Universal Time),29,$USON,$uson,,,,,,
2026-08-03T12:28:10.637633+00:00,20260803-122810,https://trends24.in/indonesia/,Mon Aug 03 2026 05:51:23 GMT+0000 (Coordinated Universal Time),30,cortispalooza begins now,cortispalooza begins now,,,,,,
2026-08-03T12:28:10.637633+00:00,20260803-122810,https://trends24.in/indonesia/,Mon Aug 03 2026 05:51:23 GMT+0000 (Coordinated Universal Time),31,Raja,raja,,,,,,
2026-08-03T12:28:10.637633+00:00,20260803-122810,https://trends24.in/indonesia/,Mon Aug 03 2026 05:51:23 GMT+0000 (Coordinated Universal Time),32,Apel Pagi,apel pagi,,,,,,
2026-08-03T12:28:10.637633+00:00,20260803-122810,https://trends24.in/indonesia/,Mon Aug 03 2026 05:51:23 GMT+0000 (Coordinated Universal Time),33,hapsun,hapsun,,,,,,
2026-08-03T12:28:10.637633+00:00,20260803-122810,https://trends24.in/indonesia/,Mon Aug 03 2026 05:51:23 GMT+0000 (Coordinated Universal Time),34,THOMASKONG TOKY GAME ON,thomaskong toky game on,,,,,,
2026-08-03T12:28:10.637633+00:00,20260803-122810,https://trends24.in/indonesia/,Mon Aug 03 2026 05:51:23 GMT+0000 (Coordinated Universal Time),35,DOMUNDI SPORTS 2026,domundi sports 2026,,,,,,
2026-08-03T12:28:10.637633+00:00,20260803-122810,https://trends24.in/indonesia/,Mon Aug 03 2026 05:51:23 GMT+0000 (Coordinated Universal Time),36,Sumenep,sumenep,,,,,,
2026-08-03T12:28:10.637633+00:00,20260803-122810,https://trends24.in/indonesia/,Mon Aug 03 2026 05:51:23 GMT+0000 (Coordinated Universal Time),37,GO GO,go go,,,,,,
2026-08-03T12:28:10.637633+00:00,20260803-122810,https://trends24.in/indonesia/,Mon Aug 03 2026 05:51:23 GMT+0000 (Coordinated Universal Time),38,Zainal Abidin,zainal abidin,,,,,,
2026-08-03T12:28:10.637633+00:00,20260803-122810,https://trends24.in/indonesia/,Mon Aug 03 2026 05:51:23 GMT+0000 (Coordinated Universal Time),39,EAST RUTHERFORD,east rutherford,,,,,,
2026-08-03T12:28:10.637633+00:00,20260803-122810,https://trends24.in/indonesia/,Mon Aug 03 2026 05:51:23 GMT+0000 (Coordinated Universal Time),40,TEETEEPOR CHEER UP,teeteepor cheer up,,,,,,
2026-08-03T12:28:10.637633+00:00,20260803-122810,https://trends24.in/indonesia/,Mon Aug 03 2026 05:51:23 GMT+0000 (Coordinated Universal Time),41,RACER OHM PAWAT D2,racer ohm pawat d2,,,,,,
2026-08-03T12:28:10.637633+00:00,20260803-122810,https://trends24.in/indonesia/,Mon Aug 03 2026 05:51:23 GMT+0000 (Coordinated Universal Time),42,Ruben,ruben,,,,,,
2026-08-03T12:28:10.637633+00:00,20260803-122810,https://trends24.in/indonesia/,Mon Aug 03 2026 05:51:23 GMT+0000 (Coordinated Universal Time),43,Stabilitas Nasional,stabilitas nasional,,,,,,
2026-08-03T12:28:10.637633+00:00,20260803-122810,https://trends24.in/indonesia/,Mon Aug 03 2026 05:51:23 GMT+0000 (Coordinated Universal Time),44,dew renji the first stage,dew renji the first stage,,,,,,
2026-08-03T12:28:10.637633+00:00,20260803-122810,https://trends24.in/indonesia/,Mon Aug 03 2026 05:51:23 GMT+0000 (Coordinated Universal Time),45,Reverse Auction,reverse auction,,,,,,
2026-08-03T12:28:10.637633+00:00,20260803-122810,https://trends24.in/indonesia/,Mon Aug 03 2026 05:51:23 GMT+0000 (Coordinated Universal Time),46,THANK YOU BTS,thank you bts,,,,,,
2026-08-03T12:28:10.637633+00:00,20260803-122810,https://trends24.in/indonesia/,Mon Aug 03 2026 05:51:23 GMT+0000 (Coordinated Universal Time),47,team 2 - teach you a lesson,team 2 - teach you a lesson,,,,,,
2026-08-03T12:28:10.637633+00:00,20260803-122810,https://trends24.in/indonesia/,Mon Aug 03 2026 05:51:23 GMT+0000 (Coordinated Universal Time),48,Beyond the 12th Wave,beyond the 12th wave,,,,,,
2026-08-03T12:28:10.637633+00:00,20260803-122810,https://trends24.in/indonesia/,Mon Aug 03 2026 05:51:23 GMT+0000 (Coordinated Universal Time),49,Ride Through the Velvet Summer,ride through the velvet summer,,,,,,
2026-08-03T12:28:10.637633+00:00,20260803-122810,https://trends24.in/indonesia/,Mon Aug 03 2026 05:51:23 GMT+0000 (Coordinated Universal Time),50,Sarapan,sarapan,,,,,,
2026-08-03T12:28:10.637633+00:00,20260803-122810,https://trends24.in/indonesia/,Mon Aug 03 2026 05:00:12 GMT+0000 (Coordinated Universal Time),1,#MengabdiMelayaniNegeri,mengabdimelayaninegeri,,,,,,
2026-08-03T12:28:10.637633+00:00,20260803-122810,https://trends24.in/indonesia/,Mon Aug 03 2026 05:00:12 GMT+0000 (Coordinated Universal Time),2,Terdepan Laksanakan Pengabdian,terdepan laksanakan pengabdian,,,,,,
2026-08-03T12:28:10.637633+00:00,20260803-122810,https://trends24.in/indonesia/,Mon Aug 03 2026 05:00:12 GMT+0000 (Coordinated Universal Time),3,Solusi Rumah Rakyat Terjangkau,solusi rumah rakyat terjangkau,,,,,,
2026-08-03T12:28:10.637633+00:00,20260803-122810,https://trends24.in/indonesia/,Mon Aug 03 2026 05:00:12 GMT+0000 (Coordinated Universal Time),4,PSD MOGULARRIVAL FS26,psd mogularrival fs26,,,,,,
2026-08-03T12:28:10.637633+00:00,20260803-122810,https://trends24.in/indonesia/,Mon Aug 03 2026 05:00:12 GMT+0000 (Coordinated Universal Time),5,#HasilNyataHunianLayak,hasilnyatahunianlayak,,,,,,
2026-08-03T12:28:10.637633+00:00,20260803-122810,https://trends24.in/indonesia/,Mon Aug 03 2026 05:00:12 GMT+0000 (Coordinated Universal Time),6,Pesan Menag,pesan menag,,,,,,
2026-08-03T12:28:10.637633+00:00,20260803-122810,https://trends24.in/indonesia/,Mon Aug 03 2026 05:00:12 GMT+0000 (Coordinated Universal Time),7,Senin,senin,,,,,,
2026-08-03T12:28:10.637633+00:00,20260803-122810,https://trends24.in/indonesia/,Mon Aug 03 2026 05:00:12 GMT+0000 (Coordinated Universal Time),8,#ì¤ëë´ì¬ë¦ë¯¼íììì¼ì¶íí´,ì¤ëë´ì¬ë¦ë¯¼íììì¼ì¶íí´,,,,,,
2026-08-03T12:28:10.637633+00:00,20260803-122810,https://trends24.in/indonesia/,Mon Aug 03 2026 05:00:12 GMT+0000 (Coordinated Universal Time),9,#PeachAndMeSeriesFinalEP,peachandmeseriesfinalep,,,,,,
2026-08-03T12:28:10.637633+00:00,20260803-122810,https://trends24.in/indonesia/,Mon Aug 03 2026 05:00:12 GMT+0000 (Coordinated Universal Time),10,#AlwayswithMarkLee,alwayswithmarklee,,,,,,
2026-08-03T12:28:10.637633+00:00,20260803-122810,https://trends24.in/indonesia/,Mon Aug 03 2026 05:00:12 GMT+0000 (Coordinated Universal Time),11,Kimpul,kimpul,,,,,,
2026-08-03T12:28:10.637633+00:00,20260803-122810,https://trends24.in/indonesia/,Mon Aug 03 2026 05:00:12 GMT+0000 (Coordinated Universal Time),12,Caleb,caleb,,,,,,
2026-08-03T12:28:10.637633+00:00,20260803-122810,https://trends24.in/indonesia/,Mon Aug 03 2026 05:00:12 GMT+0000 (Coordinated Universal Time),13,RESPECT JUHOON'S RIGHTS,respect juhoon's rights,,,,,,
2026-08-03T12:28:10.637633+00:00,20260803-122810,https://trends24.in/indonesia/,Mon Aug 03 2026 05:00:12 GMT+0000 (Coordinated Universal Time),14,AUTUMN LEAVES,autumn leaves,,,,,,
2026-08-03T12:28:10.637633+00:00,20260803-122810,https://trends24.in/indonesia/,Mon Aug 03 2026 05:00:12 GMT+0000 (Coordinated Universal Time),15,Diding Boneng,diding boneng,,,,,,
2026-08-03T12:28:10.637633+00:00,20260803-122810,https://trends24.in/indonesia/,Mon Aug 03 2026 05:00:12 GMT+0000 (Coordinated Universal Time),16,The Grim Lover Q18,the grim lover q18,,,,,,
2026-08-03T12:28:10.637633+00:00,20260803-122810,https://trends24.in/indonesia/,Mon Aug 03 2026 05:00:12 GMT+0000 (Coordinated Universal Time),17,LOVE TO SERVE 2ND EP,love to serve 2nd ep,,,,,,
2026-08-03T12:28:10.637633+00:00,20260803-122810,https://trends24.in/indonesia/,Mon Aug 03 2026 05:00:12 GMT+0000 (Coordinated Universal Time),18,KDKMP,kdkmp,,,,,,
2026-08-03T12:28:10.637633+00:00,20260803-122810,https://trends24.in/indonesia/,Mon Aug 03 2026 05:00:12 GMT+0000 (Coordinated Universal Time),19,Blingy Action Plan D1,blingy action plan d1,,,,,,
2026-08-03T12:28:10.637633+00:00,20260803-122810,https://trends24.in/indonesia/,Mon Aug 03 2026 05:00:12 GMT+0000 (Coordinated Universal Time),20,Yandri Susanto,yandri susanto,,,,,,
2026-08-03T12:28:10.637633+00:00,20260803-122810,https://trends24.in/indonesia/,Mon Aug 03 2026 05:00:12 GMT+0000 (Coordinated Universal Time),21,Apel Pagi,apel pagi,,,,,,
2026-08-03T12:28:10.637633+00:00,20260803-122810,https://trends24.in/indonesia/,Mon Aug 03 2026 05:00:12 GMT+0000 (Coordinated Universal Time),22,GO GO,go go,,,,,,
2026-08-03T12:28:10.637633+00:00,20260803-122810,https://trends24.in/indonesia/,Mon Aug 03 2026 05:00:12 GMT+0000 (Coordinated Universal Time),23,ing at buriram,ing at buriram,,,,,,
2026-08-03T12:28:10.637633+00:00,20260803-122810,https://trends24.in/indonesia/,Mon Aug 03 2026 05:00:12 GMT+0000 (Coordinated Universal Time),24,Minggu,minggu,,,,,,
2026-08-03T12:28:10.637633+00:00,20260803-122810,https://trends24.in/indonesia/,Mon Aug 03 2026 05:00:12 GMT+0000 (Coordinated Universal Time),25,Sangat Menyesatkan,sangat menyesatkan,,,,,,
2026-08-03T12:28:10.637633+00:00,20260803-122810,https://trends24.in/indonesia/,Mon Aug 03 2026 05:00:12 GMT+0000 (Coordinated Universal Time),26,FIRSTONE TURNED 26,firstone turned 26,,,,,,
2026-08-03T12:28:10.637633+00:00,20260803-122810,https://trends24.in/indonesia/,Mon Aug 03 2026 05:00:12 GMT+0000 (Coordinated Universal Time),27,Menteri Desa PDT,menteri desa pdt,,,,,,
2026-08-03T12:28:10.637633+00:00,20260803-122810,https://trends24.in/indonesia/,Mon Aug 03 2026 05:00:12 GMT+0000 (Coordinated Universal Time),28,$TGGW,$tggw,,,,,,
2026-08-03T12:28:10.637633+00:00,20260803-122810,https://trends24.in/indonesia/,Mon Aug 03 2026 05:00:12 GMT+0000 (Coordinated Universal Time),29,$USON,$uson,,,,,,
2026-08-03T12:28:10.637633+00:00,20260803-122810,https://trends24.in/indonesia/,Mon Aug 03 2026 05:00:12 GMT+0000 (Coordinated Universal Time),30,cortispalooza begins now,cortispalooza begins now,,,,,,
2026-08-03T12:28:10.637633+00:00,20260803-122810,https://trends24.in/indonesia/,Mon Aug 03 2026 05:00:12 GMT+0000 (Coordinated Universal Time),31,RACER OHM PAWAT D2,racer ohm pawat d2,,,,,,
2026-08-03T12:28:10.637633+00:00,20260803-122810,https://trends24.in/indonesia/,Mon Aug 03 2026 05:00:12 GMT+0000 (Coordinated Universal Time),32,hapsun,hapsun,,,,,,
2026-08-03T12:28:10.637633+00:00,20260803-122810,https://trends24.in/indonesia/,Mon Aug 03 2026 05:00:12 GMT+0000 (Coordinated Universal Time),33,Raja,raja,,,,,,
2026-08-03T12:28:10.637633+00:00,20260803-122810,https://trends24.in/indonesia/,Mon Aug 03 2026 05:00:12 GMT+0000 (Coordinated Universal Time),34,Sarapan,sarapan,,,,,,
2026-08-03T12:28:10.637633+00:00,20260803-122810,https://trends24.in/indonesia/,Mon Aug 03 2026 05:00:12 GMT+0000 (Coordinated Universal Time),35,senada couple outfit,senada couple outfit,,,,,,
2026-08-03T12:28:10.637633+00:00,20260803-122810,https://trends24.in/indonesia/,Mon Aug 03 2026 05:00:12 GMT+0000 (Coordinated Universal Time),36,THOMASKONG TOKY GAME ON,thomaskong toky game on,,,,,,
2026-08-03T12:28:10.637633+00:00,20260803-122810,https://trends24.in/indonesia/,Mon Aug 03 2026 05:00:12 GMT+0000 (Coordinated Universal Time),37,DOMUNDI SPORTS 2026,domundi sports 2026,,,,,,
2026-08-03T12:28:10.637633+00:00,20260803-122810,https://trends24.in/indonesia/,Mon Aug 03 2026 05:00:12 GMT+0000 (Coordinated Universal Time),38,Sumenep,sumenep,,,,,,
2026-08-03T12:28:10.637633+00:00,20260803-122810,https://trends24.in/indonesia/,Mon Aug 03 2026 05:00:12 GMT+0000 (Coordinated Universal Time),39,Stabilitas Nasional,stabilitas nasional,,,,,,
2026-08-03T12:28:10.637633+00:00,20260803-122810,https://trends24.in/indonesia/,Mon Aug 03 2026 05:00:12 GMT+0000 (Coordinated Universal Time),40,Zainal Abidin,zainal abidin,,,,,,
2026-08-03T12:28:10.637633+00:00,20260803-122810,https://trends24.in/indonesia/,Mon Aug 03 2026 05:00:12 GMT+0000 (Coordinated Universal Time),41,JIN BLOOMS IN EAST RUTHERFORD,jin blooms in east rutherford,,,,,,
2026-08-03T12:28:10.637633+00:00,20260803-122810,https://trends24.in/indonesia/,Mon Aug 03 2026 05:00:12 GMT+0000 (Coordinated Universal Time),42,Polri,polri,,,,,,
2026-08-03T12:28:10.637633+00:00,20260803-122810,https://trends24.in/indonesia/,Mon Aug 03 2026 05:00:12 GMT+0000 (Coordinated Universal Time),43,TEETEEPOR CHEER UP,teeteepor cheer up,,,,,,
2026-08-03T12:28:10.637633+00:00,20260803-122810,https://trends24.in/indonesia/,Mon Aug 03 2026 05:00:12 GMT+0000 (Coordinated Universal Time),44,Ruben,ruben,,,,,,
2026-08-03T12:28:10.637633+00:00,20260803-122810,https://trends24.in/indonesia/,Mon Aug 03 2026 05:00:12 GMT+0000 (Coordinated Universal Time),45,dew renji the first stage,dew renji the first stage,,,,,,
2026-08-03T12:28:10.637633+00:00,20260803-122810,https://trends24.in/indonesia/,Mon Aug 03 2026 05:00:12 GMT+0000 (Coordinated Universal Time),46,Chile,chile,,,,,,
2026-08-03T12:28:10.637633+00:00,20260803-122810,https://trends24.in/indonesia/,Mon Aug 03 2026 05:00:12 GMT+0000 (Coordinated Universal Time),47,80M TRUE LOVE NuNew,80m true love nunew,,,,,,
2026-08-03T12:28:10.637633+00:00,20260803-122810,https://trends24.in/indonesia/,Mon Aug 03 2026 05:00:12 GMT+0000 (Coordinated Universal Time),48,team 2 - teach you a lesson,team 2 - teach you a lesson,,,,,,
2026-08-03T12:28:10.637633+00:00,20260803-122810,https://trends24.in/indonesia/,Mon Aug 03 2026 05:00:12 GMT+0000 (Coordinated Universal Time),49,Beyond the 12th Wave,beyond the 12th wave,,,,,,
2026-08-03T12:28:10.637633+00:00,20260803-122810,https://trends24.in/indonesia/,Mon Aug 03 2026 05:00:12 GMT+0000 (Coordinated Universal Time),50,Ride Through the Velvet Summer,ride through the velvet summer,,,,,,
2026-08-03T12:28:10.637633+00:00,20260803-122810,https://trends24.in/indonesia/,Mon Aug 03 2026 04:08:11 GMT+0000 (Coordinated Universal Time),1,Solusi Rumah Rakyat Terjangkau,solusi rumah rakyat terjangkau,,,,,,
2026-08-03T12:28:10.637633+00:00,20260803-122810,https://trends24.in/indonesia/,Mon Aug 03 2026 04:08:11 GMT+0000 (Coordinated Universal Time),2,#HasilNyataHunianLayak,hasilnyatahunianlayak,,,,,,
2026-08-03T12:28:10.637633+00:00,20260803-122810,https://trends24.in/indonesia/,Mon Aug 03 2026 04:08:11 GMT+0000 (Coordinated Universal Time),3,#DoaZikirMonas,doazikirmonas,,,,,,
2026-08-03T12:28:10.637633+00:00,20260803-122810,https://trends24.in/indonesia/,Mon Aug 03 2026 04:08:11 GMT+0000 (Coordinated Universal Time),4,#IndonesiaPadaJalurTepat,indonesiapadajalurtepat,,,,,,
2026-08-03T12:28:10.637633+00:00,20260803-122810,https://trends24.in/indonesia/,Mon Aug 03 2026 04:08:11 GMT+0000 (Coordinated Universal Time),5,#BangkitDalamHarapan,bangkitdalamharapan,,,,,,
2026-08-03T12:28:10.637633+00:00,20260803-122810,https://trends24.in/indonesia/,Mon Aug 03 2026 04:08:11 GMT+0000 (Coordinated Universal Time),6,Pesan Menag,pesan menag,,,,,,
2026-08-03T12:28:10.637633+00:00,20260803-122810,https://trends24.in/indonesia/,Mon Aug 03 2026 04:08:11 GMT+0000 (Coordinated Universal Time),7,Senin,senin,,,,,,
2026-08-03T12:28:10.637633+00:00,20260803-122810,https://trends24.in/indonesia/,Mon Aug 03 2026 04:08:11 GMT+0000 (Coordinated Universal Time),8,AUTUMN LEAVES,autumn leaves,,,,,,
2026-08-03T12:28:10.637633+00:00,20260803-122810,https://trends24.in/indonesia/,Mon Aug 03 2026 04:08:11 GMT+0000 (Coordinated Universal Time),9,Caleb,caleb,,,,,,
2026-08-03T12:28:10.637633+00:00,20260803-122810,https://trends24.in/indonesia/,Mon Aug 03 2026 04:08:11 GMT+0000 (Coordinated Universal Time),10,#aespaAtLollapalooza,aespaatlollapalooza,,,,,,
2026-08-03T12:28:10.637633+00:00,20260803-122810,https://trends24.in/indonesia/,Mon Aug 03 2026 04:08:11 GMT+0000 (Coordinated Universal Time),11,Diding Boneng,diding boneng,,,,,,
2026-08-03T12:28:10.637633+00:00,20260803-122810,https://trends24.in/indonesia/,Mon Aug 03 2026 04:08:11 GMT+0000 (Coordinated Universal Time),12,Apel Pagi,apel pagi,,,,,,
2026-08-03T12:28:10.637633+00:00,20260803-122810,https://trends24.in/indonesia/,Mon Aug 03 2026 04:08:11 GMT+0000 (Coordinated Universal Time),13,KDKMP,kdkmp,,,,,,
2026-08-03T12:28:10.637633+00:00,20260803-122810,https://trends24.in/indonesia/,Mon Aug 03 2026 04:08:11 GMT+0000 (Coordinated Universal Time),14,GO GO,go go,,,,,,
2026-08-03T12:28:10.637633+00:00,20260803-122810,https://trends24.in/indonesia/,Mon Aug 03 2026 04:08:11 GMT+0000 (Coordinated Universal Time),15,JIN BLOOMS IN EAST RUTHERFORD,jin blooms in east rutherford,,,,,,
2026-08-03T12:28:10.637633+00:00,20260803-122810,https://trends24.in/indonesia/,Mon Aug 03 2026 04:08:11 GMT+0000 (Coordinated Universal Time),16,Valko,valko,,,,,,
2026-08-03T12:28:10.637633+00:00,20260803-122810,https://trends24.in/indonesia/,Mon Aug 03 2026 04:08:11 GMT+0000 (Coordinated Universal Time),17,Indonesia vs Vietnam,indonesia vs vietnam,,,,,,
2026-08-03T12:28:10.637633+00:00,20260803-122810,https://trends24.in/indonesia/,Mon Aug 03 2026 04:08:11 GMT+0000 (Coordinated Universal Time),18,$USON,$uson,,,,,,
2026-08-03T12:28:10.637633+00:00,20260803-122810,https://trends24.in/indonesia/,Mon Aug 03 2026 04:08:11 GMT+0000 (Coordinated Universal Time),19,Bintaro,bintaro,,,,,,
2026-08-03T12:28:10.637633+00:00,20260803-122810,https://trends24.in/indonesia/,Mon Aug 03 2026 04:08:11 GMT+0000 (Coordinated Universal Time),20,LOVE TO SERVE 2ND EP,love to serve 2nd ep,,,,,,
2026-08-03T12:28:10.637633+00:00,20260803-122810,https://trends24.in/indonesia/,Mon Aug 03 2026 04:08:11 GMT+0000 (Coordinated Universal Time),21,ariana,ariana,,,,,,
2026-08-03T12:28:10.637633+00:00,20260803-122810,https://trends24.in/indonesia/,Mon Aug 03 2026 04:08:11 GMT+0000 (Coordinated Universal Time),22,RESPECT JUHOON'S RIGHTS,respect juhoon's rights,,,,,,
2026-08-03T12:28:10.637633+00:00,20260803-122810,https://trends24.in/indonesia/,Mon Aug 03 2026 04:08:11 GMT+0000 (Coordinated Universal Time),23,Menteri Desa PDT,menteri desa pdt,,,,,,
2026-08-03T12:28:10.637633+00:00,20260803-122810,https://trends24.in/indonesia/,Mon Aug 03 2026 04:08:11 GMT+0000 (Coordinated Universal Time),24,Chicago,chicago,,,,,,
2026-08-03T12:28:10.637633+00:00,20260803-122810,https://trends24.in/indonesia/,Mon Aug 03 2026 04:08:11 GMT+0000 (Coordinated Universal Time),25,#DesaTangguhIndonesiaTumbuh,desatangguhindonesiatumbuh,,,,,,
2026-08-03T12:28:10.637633+00:00,20260803-122810,https://trends24.in/indonesia/,Mon Aug 03 2026 04:08:11 GMT+0000 (Coordinated Universal Time),26,#9YearsWithTheRose,9yearswiththerose,,,,,,
2026-08-03T12:28:10.637633+00:00,20260803-122810,https://trends24.in/indonesia/,Mon Aug 03 2026 04:08:11 GMT+0000 (Coordinated Universal Time),27,#JIN_IN_NEW_JERSEY_D2,jin_in_new_jersey_d2,,,,,,
2026-08-03T12:28:10.637633+00:00,20260803-122810,https://trends24.in/indonesia/,Mon Aug 03 2026 04:08:11 GMT+0000 (Coordinated Universal Time),28,#cdn2,cdn2,,,,,,
2026-08-03T12:28:10.637633+00:00,20260803-122810,https://trends24.in/indonesia/,Mon Aug 03 2026 04:08:11 GMT+0000 (Coordinated Universal Time),29,#MatchPointSeriesEP2,matchpointseriesep2,,,,,,
2026-08-03T12:28:10.637633+00:00,20260803-122810,https://trends24.in/indonesia/,Mon Aug 03 2026 04:08:11 GMT+0000 (Coordinated Universal Time),30,#doods,doods,,,,,,
2026-08-03T12:28:10.637633+00:00,20260803-122810,https://trends24.in/indonesia/,Mon Aug 03 2026 04:08:11 GMT+0000 (Coordinated Universal Time),31,#twimg,twimg,,,,,,
2026-08-03T12:28:10.637633+00:00,20260803-122810,https://trends24.in/indonesia/,Mon Aug 03 2026 04:08:11 GMT+0000 (Coordinated Universal Time),32,#BPSDMKementerianDesaPDT,bpsdmkementeriandesapdt,,,,,,
2026-08-03T12:28:10.637633+00:00,20260803-122810,https://trends24.in/indonesia/,Mon Aug 03 2026 04:08:11 GMT+0000 (Coordinated Universal Time),33,#FairTreatmentForJUHOON,fairtreatmentforjuhoon,,,,,,
2026-08-03T12:28:10.637633+00:00,20260803-122810,https://trends24.in/indonesia/,Mon Aug 03 2026 04:08:11 GMT+0000 (Coordinated Universal Time),34,#StopMistreatingJUHOON,stopmistreatingjuhoon,,,,,,
2026-08-03T12:28:10.637633+00:00,20260803-122810,https://trends24.in/indonesia/,Mon Aug 03 2026 03:16:12 GMT+0000 (Coordinated Universal Time),1,#BangkitDalamHarapan,bangkitdalamharapan,,,,,,
2026-08-03T12:28:10.637633+00:00,20260803-122810,https://trends24.in/indonesia/,Mon Aug 03 2026 03:16:12 GMT+0000 (Coordinated Universal Time),2,#IndonesiaPadaJalurTepat,indonesiapadajalurtepat,,,,,,
2026-08-03T12:28:10.637633+00:00,20260803-122810,https://trends24.in/indonesia/,Mon Aug 03 2026 03:16:12 GMT+0000 (Coordinated Universal Time),3,#DoaZikirMonas,doazikirmonas,,,,,,
2026-08-03T12:28:10.637633+00:00,20260803-122810,https://trends24.in/indonesia/,Mon Aug 03 2026 03:16:12 GMT+0000 (Coordinated Universal Time),4,Pesan Menag,pesan menag,,,,,,
2026-08-03T12:28:10.637633+00:00,20260803-122810,https://trends24.in/indonesia/,Mon Aug 03 2026 03:16:12 GMT+0000 (Coordinated Universal Time),5,#HasilNyataHunianLayak,hasilnyatahunianlayak,,,,,,
2026-08-03T12:28:10.637633+00:00,20260803-122810,https://trends24.in/indonesia/,Mon Aug 03 2026 03:16:12 GMT+0000 (Coordinated Universal Time),6,Solusi Rumah Rakyat Terjangkau,solusi rumah rakyat terjangkau,,,,,,
2026-08-03T12:28:10.637633+00:00,20260803-122810,https://trends24.in/indonesia/,Mon Aug 03 2026 03:16:12 GMT+0000 (Coordinated Universal Time),7,PSD MOGULARRIVAL FS26,psd mogularrival fs26,,,,,,
2026-08-03T12:28:10.637633+00:00,20260803-122810,https://trends24.in/indonesia/,Mon Aug 03 2026 03:16:12 GMT+0000 (Coordinated Universal Time),8,Senin,senin,,,,,,
2026-08-03T12:28:10.637633+00:00,20260803-122810,https://trends24.in/indonesia/,Mon Aug 03 2026 03:16:12 GMT+0000 (Coordinated Universal Time),9,#AlwayswithMarkLee,alwayswithmarklee,,,,,,
2026-08-03T12:28:10.637633+00:00,20260803-122810,https://trends24.in/indonesia/,Mon Aug 03 2026 03:16:12 GMT+0000 (Coordinated Universal Time),10,AUTUMN LEAVES,autumn leaves,,,,,,
2026-08-03T12:28:10.637633+00:00,20260803-122810,https://trends24.in/indonesia/,Mon Aug 03 2026 03:16:12 GMT+0000 (Coordinated Universal Time),11,Kimpul,kimpul,,,,,,
2026-08-03T12:28:10.637633+00:00,20260803-122810,https://trends24.in/indonesia/,Mon Aug 03 2026 03:16:12 GMT+0000 (Coordinated Universal Time),12,RESPECT JUHOON'S RIGHTS,respect juhoon's rights,,,,,,
2026-08-03T12:28:10.637633+00:00,20260803-122810,https://trends24.in/indonesia/,Mon Aug 03 2026 03:16:12 GMT+0000 (Coordinated Universal Time),13,Sarapan,sarapan,,,,,,
2026-08-03T12:28:10.637633+00:00,20260803-122810,https://trends24.in/indonesia/,Mon Aug 03 2026 03:16:12 GMT+0000 (Coordinated Universal Time),14,Pagii,pagii,,,,,,
2026-08-03T12:28:10.637633+00:00,20260803-122810,https://trends24.in/indonesia/,Mon Aug 03 2026 03:16:12 GMT+0000 (Coordinated Universal Time),15,LOVE TO SERVE 2ND EP,love to serve 2nd ep,,,,,,
2026-08-03T12:28:10.637633+00:00,20260803-122810,https://trends24.in/indonesia/,Mon Aug 03 2026 03:16:12 GMT+0000 (Coordinated Universal Time),16,Apel Pagi,apel pagi,,,,,,
2026-08-03T12:28:10.637633+00:00,20260803-122810,https://trends24.in/indonesia/,Mon Aug 03 2026 03:16:12 GMT+0000 (Coordinated Universal Time),17,Blingy Action Plan D1,blingy action plan d1,,,,,,
2026-08-03T12:28:10.637633+00:00,20260803-122810,https://trends24.in/indonesia/,Mon Aug 03 2026 03:16:12 GMT+0000 (Coordinated Universal Time),18,GO GO,go go,,,,,,
2026-08-03T12:28:10.637633+00:00,20260803-122810,https://trends24.in/indonesia/,Mon Aug 03 2026 03:16:12 GMT+0000 (Coordinated Universal Time),19,Minggu,minggu,,,,,,
2026-08-03T12:28:10.637633+00:00,20260803-122810,https://trends24.in/indonesia/,Mon Aug 03 2026 03:16:12 GMT+0000 (Coordinated Universal Time),20,Yandri Susanto,yandri susanto,,,,,,
2026-08-03T12:28:10.637633+00:00,20260803-122810,https://trends24.in/indonesia/,Mon Aug 03 2026 03:16:12 GMT+0000 (Coordinated Universal Time),21,ing at buriram,ing at buriram,,,,,,
2026-08-03T12:28:10.637633+00:00,20260803-122810,https://trends24.in/indonesia/,Mon Aug 03 2026 03:16:12 GMT+0000 (Coordinated Universal Time),22,FIRSTONE TURNED 26,firstone turned 26,,,,,,
2026-08-03T12:28:10.637633+00:00,20260803-122810,https://trends24.in/indonesia/,Mon Aug 03 2026 03:16:12 GMT+0000 (Coordinated Universal Time),23,JIN BLOOMS IN EAST RUTHERFORD,jin blooms in east rutherford,,,,,,
2026-08-03T12:28:10.637633+00:00,20260803-122810,https://trends24.in/indonesia/,Mon Aug 03 2026 03:16:12 GMT+0000 (Coordinated Universal Time),24,Sangat Menyesatkan,sangat menyesatkan,,,,,,
2026-08-03T12:28:10.637633+00:00,20260803-122810,https://trends24.in/indonesia/,Mon Aug 03 2026 03:16:12 GMT+0000 (Coordinated Universal Time),25,$USON,$uson,,,,,,
2026-08-03T12:28:10.637633+00:00,20260803-122810,https://trends24.in/indonesia/,Mon Aug 03 2026 03:16:12 GMT+0000 (Coordinated Universal Time),26,CORTISPALOOZA BEGINS NOW,cortispalooza begins now,,,,,,
2026-08-03T12:28:10.637633+00:00,20260803-122810,https://trends24.in/indonesia/,Mon Aug 03 2026 03:16:12 GMT+0000 (Coordinated Universal Time),27,Menteri Desa PDT,menteri desa pdt,,,,,,
2026-08-03T12:28:10.637633+00:00,20260803-122810,https://trends24.in/indonesia/,Mon Aug 03 2026 03:16:12 GMT+0000 (Coordinated Universal Time),28,Leeds,leeds,,,,,,
2026-08-03T12:28:10.637633+00:00,20260803-122810,https://trends24.in/indonesia/,Mon Aug 03 2026 03:16:12 GMT+0000 (Coordinated Universal Time),29,RACER OHM PAWAT D2,racer ohm pawat d2,,,,,,
2026-08-03T12:28:10.637633+00:00,20260803-122810,https://trends24.in/indonesia/,Mon Aug 03 2026 03:16:12 GMT+0000 (Coordinated Universal Time),30,hapsun,hapsun,,,,,,
2026-08-03T12:28:10.637633+00:00,20260803-122810,https://trends24.in/indonesia/,Mon Aug 03 2026 03:16:12 GMT+0000 (Coordinated Universal Time),31,Raja,raja,,,,,,
2026-08-03T12:28:10.637633+00:00,20260803-122810,https://trends24.in/indonesia/,Mon Aug 03 2026 03:16:12 GMT+0000 (Coordinated Universal Time),32,Sumenep,sumenep,,,,,,
2026-08-03T12:28:10.637633+00:00,20260803-122810,https://trends24.in/indonesia/,Mon Aug 03 2026 03:16:12 GMT+0000 (Coordinated Universal Time),33,senada couple outfit,senada couple outfit,,,,,,
2026-08-03T12:28:10.637633+00:00,20260803-122810,https://trends24.in/indonesia/,Mon Aug 03 2026 03:16:12 GMT+0000 (Coordinated Universal Time),34,THOMASKONG TOKY GAME ON,thomaskong toky game on,,,,,,
2026-08-03T12:28:10.637633+00:00,20260803-122810,https://trends24.in/indonesia/,Mon Aug 03 2026 03:16:12 GMT+0000 (Coordinated Universal Time),35,DOMUNDI SPORTS 2026,domundi sports 2026,,,,,,
2026-08-03T12:28:10.637633+00:00,20260803-122810,https://trends24.in/indonesia/,Mon Aug 03 2026 03:16:12 GMT+0000 (Coordinated Universal Time),36,Stabilitas Nasional,stabilitas nasional,,,,,,
2026-08-03T12:28:10.637633+00:00,20260803-122810,https://trends24.in/indonesia/,Mon Aug 03 2026 03:16:12 GMT+0000 (Coordinated Universal Time),37,TIMNAS DAY,timnas day,,,,,,
2026-08-03T12:28:10.637633+00:00,20260803-122810,https://trends24.in/indonesia/,Mon Aug 03 2026 03:16:12 GMT+0000 (Coordinated Universal Time),38,TEETEEPOR CHEER UP,teeteepor cheer up,,,,,,
2026-08-03T12:28:10.637633+00:00,20260803-122810,https://trends24.in/indonesia/,Mon Aug 03 2026 03:16:12 GMT+0000 (Coordinated Universal Time),39,dew renji the first stage,dew renji the first stage,,,,,,
2026-08-03T12:28:10.637633+00:00,20260803-122810,https://trends24.in/indonesia/,Mon Aug 03 2026 03:16:12 GMT+0000 (Coordinated Universal Time),40,Mendes PDT,mendes pdt,,,,,,
2026-08-03T12:28:10.637633+00:00,20260803-122810,https://trends24.in/indonesia/,Mon Aug 03 2026 03:16:12 GMT+0000 (Coordinated Universal Time),41,Ruben,ruben,,,,,,
2026-08-03T12:28:10.637633+00:00,20260803-122810,https://trends24.in/indonesia/,Mon Aug 03 2026 03:16:12 GMT+0000 (Coordinated Universal Time),42,Bintaro,bintaro,,,,,,
2026-08-03T12:28:10.637633+00:00,20260803-122810,https://trends24.in/indonesia/,Mon Aug 03 2026 03:16:12 GMT+0000 (Coordinated Universal Time),43,InterLink Labs,interlink labs,,,,,,
2026-08-03T12:28:10.637633+00:00,20260803-122810,https://trends24.in/indonesia/,Mon Aug 03 2026 03:16:12 GMT+0000 (Coordinated Universal Time),44,team 2 - teach you a lesson,team 2 - teach you a lesson,,,,,,
2026-08-03T12:28:10.637633+00:00,20260803-122810,https://trends24.in/indonesia/,Mon Aug 03 2026 03:16:12 GMT+0000 (Coordinated Universal Time),45,Lukaku,lukaku,,,,,,
2026-08-03T12:28:10.637633+00:00,20260803-122810,https://trends24.in/indonesia/,Mon Aug 03 2026 03:16:12 GMT+0000 (Coordinated Universal Time),46,KDMP,kdmp,,,,,,
2026-08-03T12:28:10.637633+00:00,20260803-122810,https://trends24.in/indonesia/,Mon Aug 03 2026 03:16:12 GMT+0000 (Coordinated Universal Time),47,Beyond the 12th Wave,beyond the 12th wave,,,,,,
2026-08-03T12:28:10.637633+00:00,20260803-122810,https://trends24.in/indonesia/,Mon Aug 03 2026 03:16:12 GMT+0000 (Coordinated Universal Time),48,Ride Through the Velvet Summer,ride through the velvet summer,,,,,,
2026-08-03T12:28:10.637633+00:00,20260803-122810,https://trends24.in/indonesia/,Mon Aug 03 2026 03:16:12 GMT+0000 (Coordinated Universal Time),49,Nusron Wahid,nusron wahid,,,,,,
2026-08-03T12:28:10.637633+00:00,20260803-122810,https://trends24.in/indonesia/,Mon Aug 03 2026 03:16:12 GMT+0000 (Coordinated Universal Time),50,Iran,iran,,,,,,
2026-08-03T12:28:10.637633+00:00,20260803-122810,https://trends24.in/indonesia/,Mon Aug 03 2026 02:24:19 GMT+0000 (Coordinated Universal Time),1,#IndonesiaPadaJalurTepat,indonesiapadajalurtepat,,,,,,
2026-08-03T12:28:10.637633+00:00,20260803-122810,https://trends24.in/indonesia/,Mon Aug 03 2026 02:24:19 GMT+0000 (Coordinated Universal Time),2,#BangkitDalamHarapan,bangkitdalamharapan,,,,,,
2026-08-03T12:28:10.637633+00:00,20260803-122810,https://trends24.in/indonesia/,Mon Aug 03 2026 02:24:19 GMT+0000 (Coordinated Universal Time),3,#DoaZikirMonas,doazikirmonas,,,,,,
2026-08-03T12:28:10.637633+00:00,20260803-122810,https://trends24.in/indonesia/,Mon Aug 03 2026 02:24:19 GMT+0000 (Coordinated Universal Time),4,Pesan Menag,pesan menag,,,,,,
2026-08-03T12:28:10.637633+00:00,20260803-122810,https://trends24.in/indonesia/,Mon Aug 03 2026 02:24:19 GMT+0000 (Coordinated Universal Time),5,Senin,senin,,,,,,
2026-08-03T12:28:10.637633+00:00,20260803-122810,https://trends24.in/indonesia/,Mon Aug 03 2026 02:24:19 GMT+0000 (Coordinated Universal Time),6,#aespaAtLollapalooza,aespaatlollapalooza,,,,,,
2026-08-03T12:28:10.637633+00:00,20260803-122810,https://trends24.in/indonesia/,Mon Aug 03 2026 02:24:19 GMT+0000 (Coordinated Universal Time),7,PSD MOGULARRIVAL FS26,psd mogularrival fs26,,,,,,
2026-08-03T12:28:10.637633+00:00,20260803-122810,https://trends24.in/indonesia/,Mon Aug 03 2026 02:24:19 GMT+0000 (Coordinated Universal Time),8,#PeachAndMeSeriesFinalEP,peachandmeseriesfinalep,,,,,,
2026-08-03T12:28:10.637633+00:00,20260803-122810,https://trends24.in/indonesia/,Mon Aug 03 2026 02:24:19 GMT+0000 (Coordinated Universal Time),9,AUTUMN LEAVES,autumn leaves,,,,,,
2026-08-03T12:28:10.637633+00:00,20260803-122810,https://trends24.in/indonesia/,Mon Aug 03 2026 02:24:19 GMT+0000 (Coordinated Universal Time),10,Kimpul,kimpul,,,,,,
2026-08-03T12:28:10.637633+00:00,20260803-122810,https://trends24.in/indonesia/,Mon Aug 03 2026 02:24:19 GMT+0000 (Coordinated Universal Time),11,Pagii,pagii,,,,,,
2026-08-03T12:28:10.637633+00:00,20260803-122810,https://trends24.in/indonesia/,Mon Aug 03 2026 02:24:19 GMT+0000 (Coordinated Universal Time),12,RESPECT JUHOON'S RIGHTS,respect juhoon's rights,,,,,,
2026-08-03T12:28:10.637633+00:00,20260803-122810,https://trends24.in/indonesia/,Mon Aug 03 2026 02:24:19 GMT+0000 (Coordinated Universal Time),13,Sarapan,sarapan,,,,,,
2026-08-03T12:28:10.637633+00:00,20260803-122810,https://trends24.in/indonesia/,Mon Aug 03 2026 02:24:19 GMT+0000 (Coordinated Universal Time),14,GO GO,go go,,,,,,
2026-08-03T12:28:10.637633+00:00,20260803-122810,https://trends24.in/indonesia/,Mon Aug 03 2026 02:24:19 GMT+0000 (Coordinated Universal Time),15,LOVE TO SERVE 2ND EP,love to serve 2nd ep,,,,,,
2026-08-03T12:28:10.637633+00:00,20260803-122810,https://trends24.in/indonesia/,Mon Aug 03 2026 02:24:19 GMT+0000 (Coordinated Universal Time),16,Blingy Action Plan D1,blingy action plan d1,,,,,,
2026-08-03T12:28:10.637633+00:00,20260803-122810,https://trends24.in/indonesia/,Mon Aug 03 2026 02:24:19 GMT+0000 (Coordinated Universal Time),17,Apel Pagi,apel pagi,,,,,,
2026-08-03T12:28:10.637633+00:00,20260803-122810,https://trends24.in/indonesia/,Mon Aug 03 2026 02:24:19 GMT+0000 (Coordinated Universal Time),18,JIN BLOOMS IN EAST RUTHERFORD,jin blooms in east rutherford,,,,,,
2026-08-03T12:28:10.637633+00:00,20260803-122810,https://trends24.in/indonesia/,Mon Aug 03 2026 02:24:19 GMT+0000 (Coordinated Universal Time),19,Agustus,agustus,,,,,,
2026-08-03T12:28:10.637633+00:00,20260803-122810,https://trends24.in/indonesia/,Mon Aug 03 2026 02:24:19 GMT+0000 (Coordinated Universal Time),20,Yandri Susanto,yandri susanto,,,,,,
2026-08-03T12:28:10.637633+00:00,20260803-122810,https://trends24.in/indonesia/,Mon Aug 03 2026 02:24:19 GMT+0000 (Coordinated Universal Time),21,Minggu,minggu,,,,,,
2026-08-03T12:28:10.637633+00:00,20260803-122810,https://trends24.in/indonesia/,Mon Aug 03 2026 02:24:19 GMT+0000 (Coordinated Universal Time),22,NETJJ IN DOMUNDI SPORTS 2026,netjj in domundi sports 2026,,,,,,
2026-08-03T12:28:10.637633+00:00,20260803-122810,https://trends24.in/indonesia/,Mon Aug 03 2026 02:24:19 GMT+0000 (Coordinated Universal Time),23,ing at buriram,ing at buriram,,,,,,
2026-08-03T12:28:10.637633+00:00,20260803-122810,https://trends24.in/indonesia/,Mon Aug 03 2026 02:24:19 GMT+0000 (Coordinated Universal Time),24,FIRSTONE TURNED 26,firstone turned 26,,,,,,
2026-08-03T12:28:10.637633+00:00,20260803-122810,https://trends24.in/indonesia/,Mon Aug 03 2026 02:24:19 GMT+0000 (Coordinated Universal Time),25,Sangat Menyesatkan,sangat menyesatkan,,,,,,
2026-08-03T12:28:10.637633+00:00,20260803-122810,https://trends24.in/indonesia/,Mon Aug 03 2026 02:24:19 GMT+0000 (Coordinated Universal Time),26,$USON,$uson,,,,,,
2026-08-03T12:28:10.637633+00:00,20260803-122810,https://trends24.in/indonesia/,Mon Aug 03 2026 02:24:19 GMT+0000 (Coordinated Universal Time),27,RACER OHM PAWAT D2,racer ohm pawat d2,,,,,,
2026-08-03T12:28:10.637633+00:00,20260803-122810,https://trends24.in/indonesia/,Mon Aug 03 2026 02:24:19 GMT+0000 (Coordinated Universal Time),28,CORTISPALOOZA BEGINS NOW,cortispalooza begins now,,,,,,
2026-08-03T12:28:10.637633+00:00,20260803-122810,https://trends24.in/indonesia/,Mon Aug 03 2026 02:24:19 GMT+0000 (Coordinated Universal Time),29,Menteri Desa PDT,menteri desa pdt,,,,,,
2026-08-03T12:28:10.637633+00:00,20260803-122810,https://trends24.in/indonesia/,Mon Aug 03 2026 02:24:19 GMT+0000 (Coordinated Universal Time),30,Bintaro,bintaro,,,,,,
2026-08-03T12:28:10.637633+00:00,20260803-122810,https://trends24.in/indonesia/,Mon Aug 03 2026 02:24:19 GMT+0000 (Coordinated Universal Time),31,Stabilitas Nasional,stabilitas nasional,,,,,,
2026-08-03T12:28:10.637633+00:00,20260803-122810,https://trends24.in/indonesia/,Mon Aug 03 2026 02:24:19 GMT+0000 (Coordinated Universal Time),32,InterLink Labs,interlink labs,,,,,,
2026-08-03T12:28:10.637633+00:00,20260803-122810,https://trends24.in/indonesia/,Mon Aug 03 2026 02:24:19 GMT+0000 (Coordinated Universal Time),33,Leeds,leeds,,,,,,
2026-08-03T12:28:10.637633+00:00,20260803-122810,https://trends24.in/indonesia/,Mon Aug 03 2026 02:24:19 GMT+0000 (Coordinated Universal Time),34,hapsun,hapsun,,,,,,
2026-08-03T12:28:10.637633+00:00,20260803-122810,https://trends24.in/indonesia/,Mon Aug 03 2026 02:24:19 GMT+0000 (Coordinated Universal Time),35,Waalaikumsalam,waalaikumsalam,,,,,,
2026-08-03T12:28:10.637633+00:00,20260803-122810,https://trends24.in/indonesia/,Mon Aug 03 2026 02:24:19 GMT+0000 (Coordinated Universal Time),36,senada couple outfit,senada couple outfit,,,,,,
2026-08-03T12:28:10.637633+00:00,20260803-122810,https://trends24.in/indonesia/,Mon Aug 03 2026 02:24:19 GMT+0000 (Coordinated Universal Time),37,Raja,raja,,,,,,
2026-08-03T12:28:10.637633+00:00,20260803-122810,https://trends24.in/indonesia/,Mon Aug 03 2026 02:24:19 GMT+0000 (Coordinated Universal Time),38,THOMASKONG TOKY GAME ON,thomaskong toky game on,,,,,,
2026-08-03T12:28:10.637633+00:00,20260803-122810,https://trends24.in/indonesia/,Mon Aug 03 2026 02:24:19 GMT+0000 (Coordinated Universal Time),39,Sumenep,sumenep,,,,,,
2026-08-03T12:28:10.637633+00:00,20260803-122810,https://trends24.in/indonesia/,Mon Aug 03 2026 02:24:19 GMT+0000 (Coordinated Universal Time),40,MONDPROPON FANSIGN,mondpropon fansign,,,,,,
2026-08-03T12:28:10.637633+00:00,20260803-122810,https://trends24.in/indonesia/,Mon Aug 03 2026 02:24:19 GMT+0000 (Coordinated Universal Time),41,TEETEEPOR CHEER UP,teeteepor cheer up,,,,,,
2026-08-03T12:28:10.637633+00:00,20260803-122810,https://trends24.in/indonesia/,Mon Aug 03 2026 02:24:19 GMT+0000 (Coordinated Universal Time),42,dew renji the first stage,dew renji the first stage,,,,,,
2026-08-03T12:28:10.637633+00:00,20260803-122810,https://trends24.in/indonesia/,Mon Aug 03 2026 02:24:19 GMT+0000 (Coordinated Universal Time),43,le chevalier,le chevalier,,,,,,
2026-08-03T12:28:10.637633+00:00,20260803-122810,https://trends24.in/indonesia/,Mon Aug 03 2026 02:24:19 GMT+0000 (Coordinated Universal Time),44,Mendes PDT,mendes pdt,,,,,,
2026-08-03T12:28:10.637633+00:00,20260803-122810,https://trends24.in/indonesia/,Mon Aug 03 2026 02:24:19 GMT+0000 (Coordinated Universal Time),45,Morningg,morningg,,,,,,
2026-08-03T12:28:10.637633+00:00,20260803-122810,https://trends24.in/indonesia/,Mon Aug 03 2026 02:24:19 GMT+0000 (Coordinated Universal Time),46,KDMP,kdmp,,,,,,
2026-08-03T12:28:10.637633+00:00,20260803-122810,https://trends24.in/indonesia/,Mon Aug 03 2026 02:24:19 GMT+0000 (Coordinated Universal Time),47,team 2 - teach you a lesson,team 2 - teach you a lesson,,,,,,
2026-08-03T12:28:10.637633+00:00,20260803-122810,https://trends24.in/indonesia/,Mon Aug 03 2026 02:24:19 GMT+0000 (Coordinated Universal Time),48,Gambling Lore,gambling lore,,,,,,
2026-08-03T12:28:10.637633+00:00,20260803-122810,https://trends24.in/indonesia/,Mon Aug 03 2026 02:24:19 GMT+0000 (Coordinated Universal Time),49,Ruben,ruben,,,,,,
2026-08-03T12:28:10.637633+00:00,20260803-122810,https://trends24.in/indonesia/,Mon Aug 03 2026 02:24:19 GMT+0000 (Coordinated Universal Time),50,Lukaku,lukaku,,,,,,
2026-08-03T12:28:10.637633+00:00,20260803-122810,https://trends24.in/indonesia/,Mon Aug 03 2026 02:24:16 GMT+0000 (Coordinated Universal Time),1,#IndonesiaPadaJalurTepat,indonesiapadajalurtepat,,,,,,
2026-08-03T12:28:10.637633+00:00,20260803-122810,https://trends24.in/indonesia/,Mon Aug 03 2026 02:24:16 GMT+0000 (Coordinated Universal Time),2,#BangkitDalamHarapan,bangkitdalamharapan,,,,,,
2026-08-03T12:28:10.637633+00:00,20260803-122810,https://trends24.in/indonesia/,Mon Aug 03 2026 02:24:16 GMT+0000 (Coordinated Universal Time),3,#DoaZikirMonas,doazikirmonas,,,,,,
2026-08-03T12:28:10.637633+00:00,20260803-122810,https://trends24.in/indonesia/,Mon Aug 03 2026 02:24:16 GMT+0000 (Coordinated Universal Time),4,Pesan Menag,pesan menag,,,,,,
2026-08-03T12:28:10.637633+00:00,20260803-122810,https://trends24.in/indonesia/,Mon Aug 03 2026 02:24:16 GMT+0000 (Coordinated Universal Time),5,Senin,senin,,,,,,
2026-08-03T12:28:10.637633+00:00,20260803-122810,https://trends24.in/indonesia/,Mon Aug 03 2026 02:24:16 GMT+0000 (Coordinated Universal Time),6,PSD MOGULARRIVAL FS26,psd mogularrival fs26,,,,,,
2026-08-03T12:28:10.637633+00:00,20260803-122810,https://trends24.in/indonesia/,Mon Aug 03 2026 02:24:16 GMT+0000 (Coordinated Universal Time),7,#aespaAtLollapalooza,aespaatlollapalooza,,,,,,
2026-08-03T12:28:10.637633+00:00,20260803-122810,https://trends24.in/indonesia/,Mon Aug 03 2026 02:24:16 GMT+0000 (Coordinated Universal Time),8,#PeachAndMeSeriesFinalEP,peachandmeseriesfinalep,,,,,,
2026-08-03T12:28:10.637633+00:00,20260803-122810,https://trends24.in/indonesia/,Mon Aug 03 2026 02:24:16 GMT+0000 (Coordinated Universal Time),9,AUTUMN LEAVES,autumn leaves,,,,,,
2026-08-03T12:28:10.637633+00:00,20260803-122810,https://trends24.in/indonesia/,Mon Aug 03 2026 02:24:16 GMT+0000 (Coordinated Universal Time),10,Kimpul,kimpul,,,,,,
2026-08-03T12:28:10.637633+00:00,20260803-122810,https://trends24.in/indonesia/,Mon Aug 03 2026 02:24:16 GMT+0000 (Coordinated Universal Time),11,RESPECT JUHOON'S RIGHTS,respect juhoon's rights,,,,,,
2026-08-03T12:28:10.637633+00:00,20260803-122810,https://trends24.in/indonesia/,Mon Aug 03 2026 02:24:16 GMT+0000 (Coordinated Universal Time),12,Pagii,pagii,,,,,,
2026-08-03T12:28:10.637633+00:00,20260803-122810,https://trends24.in/indonesia/,Mon Aug 03 2026 02:24:16 GMT+0000 (Coordinated Universal Time),13,Sarapan,sarapan,,,,,,
2026-08-03T12:28:10.637633+00:00,20260803-122810,https://trends24.in/indonesia/,Mon Aug 03 2026 02:24:16 GMT+0000 (Coordinated Universal Time),14,GO GO,go go,,,,,,
2026-08-03T12:28:10.637633+00:00,20260803-122810,https://trends24.in/indonesia/,Mon Aug 03 2026 02:24:16 GMT+0000 (Coordinated Universal Time),15,LOVE TO SERVE 2ND EP,love to serve 2nd ep,,,,,,
2026-08-03T12:28:10.637633+00:00,20260803-122810,https://trends24.in/indonesia/,Mon Aug 03 2026 02:24:16 GMT+0000 (Coordinated Universal Time),16,Blingy Action Plan D1,blingy action plan d1,,,,,,
2026-08-03T12:28:10.637633+00:00,20260803-122810,https://trends24.in/indonesia/,Mon Aug 03 2026 02:24:16 GMT+0000 (Coordinated Universal Time),17,Apel Pagi,apel pagi,,,,,,
2026-08-03T12:28:10.637633+00:00,20260803-122810,https://trends24.in/indonesia/,Mon Aug 03 2026 02:24:16 GMT+0000 (Coordinated Universal Time),18,JIN BLOOMS IN EAST RUTHERFORD,jin blooms in east rutherford,,,,,,
2026-08-03T12:28:10.637633+00:00,20260803-122810,https://trends24.in/indonesia/,Mon Aug 03 2026 02:24:16 GMT+0000 (Coordinated Universal Time),19,Yandri Susanto,yandri susanto,,,,,,
2026-08-03T12:28:10.637633+00:00,20260803-122810,https://trends24.in/indonesia/,Mon Aug 03 2026 02:24:16 GMT+0000 (Coordinated Universal Time),20,Agustus,agustus,,,,,,
2026-08-03T12:28:10.637633+00:00,20260803-122810,https://trends24.in/indonesia/,Mon Aug 03 2026 02:24:16 GMT+0000 (Coordinated Universal Time),21,Minggu,minggu,,,,,,
2026-08-03T12:28:10.637633+00:00,20260803-122810,https://trends24.in/indonesia/,Mon Aug 03 2026 02:24:16 GMT+0000 (Coordinated Universal Time),22,NETJJ IN DOMUNDI SPORTS 2026,netjj in domundi sports 2026,,,,,,
2026-08-03T12:28:10.637633+00:00,20260803-122810,https://trends24.in/indonesia/,Mon Aug 03 2026 02:24:16 GMT+0000 (Coordinated Universal Time),23,ing at buriram,ing at buriram,,,,,,
2026-08-03T12:28:10.637633+00:00,20260803-122810,https://trends24.in/indonesia/,Mon Aug 03 2026 02:24:16 GMT+0000 (Coordinated Universal Time),24,FIRSTONE TURNED 26,firstone turned 26,,,,,,
2026-08-03T12:28:10.637633+00:00,20260803-122810,https://trends24.in/indonesia/,Mon Aug 03 2026 02:24:16 GMT+0000 (Coordinated Universal Time),25,Sangat Menyesatkan,sangat menyesatkan,,,,,,
2026-08-03T12:28:10.637633+00:00,20260803-122810,https://trends24.in/indonesia/,Mon Aug 03 2026 02:24:16 GMT+0000 (Coordinated Universal Time),26,$USON,$uson,,,,,,
2026-08-03T12:28:10.637633+00:00,20260803-122810,https://trends24.in/indonesia/,Mon Aug 03 2026 02:24:16 GMT+0000 (Coordinated Universal Time),27,RACER OHM PAWAT D2,racer ohm pawat d2,,,,,,
2026-08-03T12:28:10.637633+00:00,20260803-122810,https://trends24.in/indonesia/,Mon Aug 03 2026 02:24:16 GMT+0000 (Coordinated Universal Time),28,CORTISPALOOZA BEGINS NOW,cortispalooza begins now,,,,,,
2026-08-03T12:28:10.637633+00:00,20260803-122810,https://trends24.in/indonesia/,Mon Aug 03 2026 02:24:16 GMT+0000 (Coordinated Universal Time),29,Menteri Desa PDT,menteri desa pdt,,,,,,
2026-08-03T12:28:10.637633+00:00,20260803-122810,https://trends24.in/indonesia/,Mon Aug 03 2026 02:24:16 GMT+0000 (Coordinated Universal Time),30,Bintaro,bintaro,,,,,,
2026-08-03T12:28:10.637633+00:00,20260803-122810,https://trends24.in/indonesia/,Mon Aug 03 2026 02:24:16 GMT+0000 (Coordinated Universal Time),31,Stabilitas Nasional,stabilitas nasional,,,,,,
2026-08-03T12:28:10.637633+00:00,20260803-122810,https://trends24.in/indonesia/,Mon Aug 03 2026 02:24:16 GMT+0000 (Coordinated Universal Time),32,InterLink Labs,interlink labs,,,,,,
2026-08-03T12:28:10.637633+00:00,20260803-122810,https://trends24.in/indonesia/,Mon Aug 03 2026 02:24:16 GMT+0000 (Coordinated Universal Time),33,Leeds,leeds,,,,,,
2026-08-03T12:28:10.637633+00:00,20260803-122810,https://trends24.in/indonesia/,Mon Aug 03 2026 02:24:16 GMT+0000 (Coordinated Universal Time),34,hapsun,hapsun,,,,,,
2026-08-03T12:28:10.637633+00:00,20260803-122810,https://trends24.in/indonesia/,Mon Aug 03 2026 02:24:16 GMT+0000 (Coordinated Universal Time),35,Waalaikumsalam,waalaikumsalam,,,,,,
2026-08-03T12:28:10.637633+00:00,20260803-122810,https://trends24.in/indonesia/,Mon Aug 03 2026 02:24:16 GMT+0000 (Coordinated Universal Time),36,senada couple outfit,senada couple outfit,,,,,,
2026-08-03T12:28:10.637633+00:00,20260803-122810,https://trends24.in/indonesia/,Mon Aug 03 2026 02:24:16 GMT+0000 (Coordinated Universal Time),37,THOMASKONG TOKY GAME ON,thomaskong toky game on,,,,,,
2026-08-03T12:28:10.637633+00:00,20260803-122810,https://trends24.in/indonesia/,Mon Aug 03 2026 02:24:16 GMT+0000 (Coordinated Universal Time),38,Raja,raja,,,,,,
2026-08-03T12:28:10.637633+00:00,20260803-122810,https://trends24.in/indonesia/,Mon Aug 03 2026 02:24:16 GMT+0000 (Coordinated Universal Time),39,MONDPROPON FANSIGN,mondpropon fansign,,,,,,
2026-08-03T12:28:10.637633+00:00,20260803-122810,https://trends24.in/indonesia/,Mon Aug 03 2026 02:24:16 GMT+0000 (Coordinated Universal Time),40,Sumenep,sumenep,,,,,,
2026-08-03T12:28:10.637633+00:00,20260803-122810,https://trends24.in/indonesia/,Mon Aug 03 2026 02:24:16 GMT+0000 (Coordinated Universal Time),41,TEETEEPOR CHEER UP,teeteepor cheer up,,,,,,
2026-08-03T12:28:10.637633+00:00,20260803-122810,https://trends24.in/indonesia/,Mon Aug 03 2026 02:24:16 GMT+0000 (Coordinated Universal Time),42,dew renji the first stage,dew renji the first stage,,,,,,
2026-08-03T12:28:10.637633+00:00,20260803-122810,https://trends24.in/indonesia/,Mon Aug 03 2026 02:24:16 GMT+0000 (Coordinated Universal Time),43,le chevalier,le chevalier,,,,,,
2026-08-03T12:28:10.637633+00:00,20260803-122810,https://trends24.in/indonesia/,Mon Aug 03 2026 02:24:16 GMT+0000 (Coordinated Universal Time),44,Mendes PDT,mendes pdt,,,,,,
2026-08-03T12:28:10.637633+00:00,20260803-122810,https://trends24.in/indonesia/,Mon Aug 03 2026 02:24:16 GMT+0000 (Coordinated Universal Time),45,Morningg,morningg,,,,,,
2026-08-03T12:28:10.637633+00:00,20260803-122810,https://trends24.in/indonesia/,Mon Aug 03 2026 02:24:16 GMT+0000 (Coordinated Universal Time),46,KDMP,kdmp,,,,,,
2026-08-03T12:28:10.637633+00:00,20260803-122810,https://trends24.in/indonesia/,Mon Aug 03 2026 02:24:16 GMT+0000 (Coordinated Universal Time),47,team 2 - teach you a lesson,team 2 - teach you a lesson,,,,,,
2026-08-03T12:28:10.637633+00:00,20260803-122810,https://trends24.in/indonesia/,Mon Aug 03 2026 02:24:16 GMT+0000 (Coordinated Universal Time),48,Gambling Lore,gambling lore,,,,,,
2026-08-03T12:28:10.637633+00:00,20260803-122810,https://trends24.in/indonesia/,Mon Aug 03 2026 02:24:16 GMT+0000 (Coordinated Universal Time),49,Ruben,ruben,,,,,,
2026-08-03T12:28:10.637633+00:00,20260803-122810,https://trends24.in/indonesia/,Mon Aug 03 2026 02:24:16 GMT+0000 (Coordinated Universal Time),50,Lukaku,lukaku,,,,,,
2026-08-03T12:28:10.637633+00:00,20260803-122810,https://trends24.in/indonesia/,Mon Aug 03 2026 01:32:16 GMT+0000 (Coordinated Universal Time),1,#aespaAtLollapalooza,aespaatlollapalooza,,,,,,
2026-08-03T12:28:10.637633+00:00,20260803-122810,https://trends24.in/indonesia/,Mon Aug 03 2026 01:32:16 GMT+0000 (Coordinated Universal Time),2,Senin,senin,,,,,,
2026-08-03T12:28:10.637633+00:00,20260803-122810,https://trends24.in/indonesia/,Mon Aug 03 2026 01:32:16 GMT+0000 (Coordinated Universal Time),3,PSD MOGULARRIVAL FS26,psd mogularrival fs26,,,,,,
2026-08-03T12:28:10.637633+00:00,20260803-122810,https://trends24.in/indonesia/,Mon Aug 03 2026 01:32:16 GMT+0000 (Coordinated Universal Time),4,#AlwayswithMarkLee,alwayswithmarklee,,,,,,
2026-08-03T12:28:10.637633+00:00,20260803-122810,https://trends24.in/indonesia/,Mon Aug 03 2026 01:32:16 GMT+0000 (Coordinated Universal Time),5,#ì¤ëë´ì¬ë¦ë¯¼íììì¼ì¶íí´,ì¤ëë´ì¬ë¦ë¯¼íììì¼ì¶íí´,,,,,,
2026-08-03T12:28:10.637633+00:00,20260803-122810,https://trends24.in/indonesia/,Mon Aug 03 2026 01:32:16 GMT+0000 (Coordinated Universal Time),6,#PeachAndMeSeriesFinalEP,peachandmeseriesfinalep,,,,,,
2026-08-03T12:28:10.637633+00:00,20260803-122810,https://trends24.in/indonesia/,Mon Aug 03 2026 01:32:16 GMT+0000 (Coordinated Universal Time),7,Kimpul,kimpul,,,,,,
2026-08-03T12:28:10.637633+00:00,20260803-122810,https://trends24.in/indonesia/,Mon Aug 03 2026 01:32:16 GMT+0000 (Coordinated Universal Time),8,Pagii,pagii,,,,,,
2026-08-03T12:28:10.637633+00:00,20260803-122810,https://trends24.in/indonesia/,Mon Aug 03 2026 01:32:16 GMT+0000 (Coordinated Universal Time),9,#StopMistreatingJUHOON,stopmistreatingjuhoon,,,,,,
2026-08-03T12:28:10.637633+00:00,20260803-122810,https://trends24.in/indonesia/,Mon Aug 03 2026 01:32:16 GMT+0000 (Coordinated Universal Time),10,RESPECT JUHOON'S RIGHTS,respect juhoon's rights,,,,,,
2026-08-03T12:28:10.637633+00:00,20260803-122810,https://trends24.in/indonesia/,Mon Aug 03 2026 01:32:16 GMT+0000 (Coordinated Universal Time),11,$USON,$uson,,,,,,
2026-08-03T12:28:10.637633+00:00,20260803-122810,https://trends24.in/indonesia/,Mon Aug 03 2026 01:32:16 GMT+0000 (Coordinated Universal Time),12,Blingy Action Plan D1,blingy action plan d1,,,,,,
2026-08-03T12:28:10.637633+00:00,20260803-122810,https://trends24.in/indonesia/,Mon Aug 03 2026 01:32:16 GMT+0000 (Coordinated Universal Time),13,LOVE TO SERVE 2ND EP,love to serve 2nd ep,,,,,,
2026-08-03T12:28:10.637633+00:00,20260803-122810,https://trends24.in/indonesia/,Mon Aug 03 2026 01:32:16 GMT+0000 (Coordinated Universal Time),14,Tangsel,tangsel,,,,,,
2026-08-03T12:28:10.637633+00:00,20260803-122810,https://trends24.in/indonesia/,Mon Aug 03 2026 01:32:16 GMT+0000 (Coordinated Universal Time),15,JIN BLOOMS IN EAST RUTHERFORD,jin blooms in east rutherford,,,,,,
2026-08-03T12:28:10.637633+00:00,20260803-122810,https://trends24.in/indonesia/,Mon Aug 03 2026 01:32:16 GMT+0000 (Coordinated Universal Time),16,Agustus,agustus,,,,,,
2026-08-03T12:28:10.637633+00:00,20260803-122810,https://trends24.in/indonesia/,Mon Aug 03 2026 01:32:16 GMT+0000 (Coordinated Universal Time),17,Bintaro,bintaro,,,,,,
2026-08-03T12:28:10.637633+00:00,20260803-122810,https://trends24.in/indonesia/,Mon Aug 03 2026 01:32:16 GMT+0000 (Coordinated Universal Time),18,Yandri Susanto,yandri susanto,,,,,,
2026-08-03T12:28:10.637633+00:00,20260803-122810,https://trends24.in/indonesia/,Mon Aug 03 2026 01:32:16 GMT+0000 (Coordinated Universal Time),19,Ciledug,ciledug,,,,,,
2026-08-03T12:28:10.637633+00:00,20260803-122810,https://trends24.in/indonesia/,Mon Aug 03 2026 01:32:16 GMT+0000 (Coordinated Universal Time),20,Minggu,minggu,,,,,,
2026-08-03T12:28:10.637633+00:00,20260803-122810,https://trends24.in/indonesia/,Mon Aug 03 2026 01:32:16 GMT+0000 (Coordinated Universal Time),21,NETJJ IN DOMUNDI SPORTS 2026,netjj in domundi sports 2026,,,,,,
2026-08-03T12:28:10.637633+00:00,20260803-122810,https://trends24.in/indonesia/,Mon Aug 03 2026 01:32:16 GMT+0000 (Coordinated Universal Time),22,Sarapan,sarapan,,,,,,
2026-08-03T12:28:10.637633+00:00,20260803-122810,https://trends24.in/indonesia/,Mon Aug 03 2026 01:32:16 GMT+0000 (Coordinated Universal Time),23,TEETEEPOR CHEER UP,teeteepor cheer up,,,,,,
2026-08-03T12:28:10.637633+00:00,20260803-122810,https://trends24.in/indonesia/,Mon Aug 03 2026 01:32:16 GMT+0000 (Coordinated Universal Time),24,Leeds,leeds,,,,,,
2026-08-03T12:28:10.637633+00:00,20260803-122810,https://trends24.in/indonesia/,Mon Aug 03 2026 01:32:16 GMT+0000 (Coordinated Universal Time),25,FIRSTONE TURNED 26,firstone turned 26,,,,,,
2026-08-03T12:28:10.637633+00:00,20260803-122810,https://trends24.in/indonesia/,Mon Aug 03 2026 01:32:16 GMT+0000 (Coordinated Universal Time),26,ing at buriram,ing at buriram,,,,,,
2026-08-03T12:28:10.637633+00:00,20260803-122810,https://trends24.in/indonesia/,Mon Aug 03 2026 01:32:16 GMT+0000 (Coordinated Universal Time),27,Sangat Menyesatkan,sangat menyesatkan,,,,,,
2026-08-03T12:28:10.637633+00:00,20260803-122810,https://trends24.in/indonesia/,Mon Aug 03 2026 01:32:16 GMT+0000 (Coordinated Universal Time),28,RACER OHM PAWAT D2,racer ohm pawat d2,,,,,,
2026-08-03T12:28:10.637633+00:00,20260803-122810,https://trends24.in/indonesia/,Mon Aug 03 2026 01:32:16 GMT+0000 (Coordinated Universal Time),29,CORTISPALOOZA BEGINS NOW,cortispalooza begins now,,,,,,
2026-08-03T12:28:10.637633+00:00,20260803-122810,https://trends24.in/indonesia/,Mon Aug 03 2026 01:32:16 GMT+0000 (Coordinated Universal Time),30,Menteri Desa PDT,menteri desa pdt,,,,,,
2026-08-03T12:28:10.637633+00:00,20260803-122810,https://trends24.in/indonesia/,Mon Aug 03 2026 01:32:16 GMT+0000 (Coordinated Universal Time),31,Stabilitas Nasional,stabilitas nasional,,,,,,
2026-08-03T12:28:10.637633+00:00,20260803-122810,https://trends24.in/indonesia/,Mon Aug 03 2026 01:32:16 GMT+0000 (Coordinated Universal Time),32,Jones,jones,,,,,,
2026-08-03T12:28:10.637633+00:00,20260803-122810,https://trends24.in/indonesia/,Mon Aug 03 2026 01:32:16 GMT+0000 (Coordinated Universal Time),33,InterLink Labs,interlink labs,,,,,,
2026-08-03T12:28:10.637633+00:00,20260803-122810,https://trends24.in/indonesia/,Mon Aug 03 2026 01:32:16 GMT+0000 (Coordinated Universal Time),34,hapsun,hapsun,,,,,,
2026-08-03T12:28:10.637633+00:00,20260803-122810,https://trends24.in/indonesia/,Mon Aug 03 2026 01:32:16 GMT+0000 (Coordinated Universal Time),35,Waalaikumsalam,waalaikumsalam,,,,,,
2026-08-03T12:28:10.637633+00:00,20260803-122810,https://trends24.in/indonesia/,Mon Aug 03 2026 01:32:16 GMT+0000 (Coordinated Universal Time),36,senada couple outfit,senada couple outfit,,,,,,
2026-08-03T12:28:10.637633+00:00,20260803-122810,https://trends24.in/indonesia/,Mon Aug 03 2026 01:32:16 GMT+0000 (Coordinated Universal Time),37,THOMASKONG TOKY GAME ON,thomaskong toky game on,,,,,,
2026-08-03T12:28:10.637633+00:00,20260803-122810,https://trends24.in/indonesia/,Mon Aug 03 2026 01:32:16 GMT+0000 (Coordinated Universal Time),38,Raja,raja,,,,,,
2026-08-03T12:28:10.637633+00:00,20260803-122810,https://trends24.in/indonesia/,Mon Aug 03 2026 01:32:16 GMT+0000 (Coordinated Universal Time),39,MONDPROPON FANSIGN,mondpropon fansign,,,,,,
2026-08-03T12:28:10.637633+00:00,20260803-122810,https://trends24.in/indonesia/,Mon Aug 03 2026 01:32:16 GMT+0000 (Coordinated Universal Time),40,Sumenep,sumenep,,,,,,
2026-08-03T12:28:10.637633+00:00,20260803-122810,https://trends24.in/indonesia/,Mon Aug 03 2026 01:32:16 GMT+0000 (Coordinated Universal Time),41,AQUA Elektronik,aqua elektronik,,,,,,
2026-08-03T12:28:10.637633+00:00,20260803-122810,https://trends24.in/indonesia/,Mon Aug 03 2026 01:32:16 GMT+0000 (Coordinated Universal Time),42,Reverse Auction,reverse auction,,,,,,
2026-08-03T12:28:10.637633+00:00,20260803-122810,https://trends24.in/indonesia/,Mon Aug 03 2026 01:32:16 GMT+0000 (Coordinated Universal Time),43,Morningg,morningg,,,,,,
2026-08-03T12:28:10.637633+00:00,20260803-122810,https://trends24.in/indonesia/,Mon Aug 03 2026 01:32:16 GMT+0000 (Coordinated Universal Time),44,dew renji the first stage,dew renji the first stage,,,,,,
2026-08-03T12:28:10.637633+00:00,20260803-122810,https://trends24.in/indonesia/,Mon Aug 03 2026 01:32:16 GMT+0000 (Coordinated Universal Time),45,le chevalier,le chevalier,,,,,,
2026-08-03T12:28:10.637633+00:00,20260803-122810,https://trends24.in/indonesia/,Mon Aug 03 2026 01:32:16 GMT+0000 (Coordinated Universal Time),46,Mendes PDT,mendes pdt,,,,,,
2026-08-03T12:28:10.637633+00:00,20260803-122810,https://trends24.in/indonesia/,Mon Aug 03 2026 01:32:16 GMT+0000 (Coordinated Universal Time),47,WIN FANMEETING IN JKT,win fanmeeting in jkt,,,,,,
2026-08-03T12:28:10.637633+00:00,20260803-122810,https://trends24.in/indonesia/,Mon Aug 03 2026 01:32:16 GMT+0000 (Coordinated Universal Time),48,KDMP,kdmp,,,,,,
2026-08-03T12:28:10.637633+00:00,20260803-122810,https://trends24.in/indonesia/,Mon Aug 03 2026 01:32:16 GMT+0000 (Coordinated Universal Time),49,team 2 - teach you a lesson,team 2 - teach you a lesson,,,,,,
2026-08-03T12:28:10.637633+00:00,20260803-122810,https://trends24.in/indonesia/,Mon Aug 03 2026 01:32:16 GMT+0000 (Coordinated Universal Time),50,Gambling Lore,gambling lore,,,,,,
2026-08-03T12:28:10.637633+00:00,20260803-122810,https://trends24.in/indonesia/,Mon Aug 03 2026 00:40:05 GMT+0000 (Coordinated Universal Time),1,Senin,senin,,,,,,
2026-08-03T12:28:10.637633+00:00,20260803-122810,https://trends24.in/indonesia/,Mon Aug 03 2026 00:40:05 GMT+0000 (Coordinated Universal Time),2,Senin,senin,,,,,,
2026-08-03T12:28:10.637633+00:00,20260803-122810,https://trends24.in/indonesia/,Mon Aug 03 2026 00:40:05 GMT+0000 (Coordinated Universal Time),3,PSD MOGULARRIVAL FS26,psd mogularrival fs26,,,,,,
2026-08-03T12:28:10.637633+00:00,20260803-122810,https://trends24.in/indonesia/,Mon Aug 03 2026 00:40:05 GMT+0000 (Coordinated Universal Time),4,#AlwayswithMarkLee,alwayswithmarklee,,,,,,
2026-08-03T12:28:10.637633+00:00,20260803-122810,https://trends24.in/indonesia/,Mon Aug 03 2026 00:40:05 GMT+0000 (Coordinated Universal Time),5,#ì¤ëë´ì¬ë¦ë¯¼íììì¼ì¶íí´,ì¤ëë´ì¬ë¦ë¯¼íììì¼ì¶íí´,,,,,,
2026-08-03T12:28:10.637633+00:00,20260803-122810,https://trends24.in/indonesia/,Mon Aug 03 2026 00:40:05 GMT+0000 (Coordinated Universal Time),6,#PeachAndMeSeriesFinalEP,peachandmeseriesfinalep,,,,,,
2026-08-03T12:28:10.637633+00:00,20260803-122810,https://trends24.in/indonesia/,Mon Aug 03 2026 00:40:05 GMT+0000 (Coordinated Universal Time),7,#aespaAtLollapalooza,aespaatlollapalooza,,,,,,
2026-08-03T12:28:10.637633+00:00,20260803-122810,https://trends24.in/indonesia/,Mon Aug 03 2026 00:40:05 GMT+0000 (Coordinated Universal Time),8,Kimpul,kimpul,,,,,,
2026-08-03T12:28:10.637633+00:00,20260803-122810,https://trends24.in/indonesia/,Mon Aug 03 2026 00:40:05 GMT+0000 (Coordinated Universal Time),9,#StopMistreatingJUHOON,stopmistreatingjuhoon,,,,,,
2026-08-03T12:28:10.637633+00:00,20260803-122810,https://trends24.in/indonesia/,Mon Aug 03 2026 00:40:05 GMT+0000 (Coordinated Universal Time),10,Pagii,pagii,,,,,,
2026-08-03T12:28:10.637633+00:00,20260803-122810,https://trends24.in/indonesia/,Mon Aug 03 2026 00:40:05 GMT+0000 (Coordinated Universal Time),11,RESPECT JUHOON'S RIGHTS,respect juhoon's rights,,,,,,
2026-08-03T12:28:10.637633+00:00,20260803-122810,https://trends24.in/indonesia/,Mon Aug 03 2026 00:40:05 GMT+0000 (Coordinated Universal Time),12,Bintaro,bintaro,,,,,,
2026-08-03T12:28:10.637633+00:00,20260803-122810,https://trends24.in/indonesia/,Mon Aug 03 2026 00:40:05 GMT+0000 (Coordinated Universal Time),13,Leeds,leeds,,,,,,
2026-08-03T12:28:10.637633+00:00,20260803-122810,https://trends24.in/indonesia/,Mon Aug 03 2026 00:40:05 GMT+0000 (Coordinated Universal Time),14,Jones,jones,,,,,,
2026-08-03T12:28:10.637633+00:00,20260803-122810,https://trends24.in/indonesia/,Mon Aug 03 2026 00:40:05 GMT+0000 (Coordinated Universal Time),15,JIN BLOOMS IN EAST RUTHERFORD,jin blooms in east rutherford,,,,,,
2026-08-03T12:28:10.637633+00:00,20260803-122810,https://trends24.in/indonesia/,Mon Aug 03 2026 00:40:05 GMT+0000 (Coordinated Universal Time),16,$USON,$uson,,,,,,
2026-08-03T12:28:10.637633+00:00,20260803-122810,https://trends24.in/indonesia/,Mon Aug 03 2026 00:40:05 GMT+0000 (Coordinated Universal Time),17,Blingy Action Plan D1,blingy action plan d1,,,,,,
2026-08-03T12:28:10.637633+00:00,20260803-122810,https://trends24.in/indonesia/,Mon Aug 03 2026 00:40:05 GMT+0000 (Coordinated Universal Time),18,LOVE TO SERVE 2ND EP,love to serve 2nd ep,,,,,,
2026-08-03T12:28:10.637633+00:00,20260803-122810,https://trends24.in/indonesia/,Mon Aug 03 2026 00:40:05 GMT+0000 (Coordinated Universal Time),19,Tangsel,tangsel,,,,,,
2026-08-03T12:28:10.637633+00:00,20260803-122810,https://trends24.in/indonesia/,Mon Aug 03 2026 00:40:05 GMT+0000 (Coordinated Universal Time),20,Agustus,agustus,,,,,,
2026-08-03T12:28:10.637633+00:00,20260803-122810,https://trends24.in/indonesia/,Mon Aug 03 2026 00:40:05 GMT+0000 (Coordinated Universal Time),21,Yandri Susanto,yandri susanto,,,,,,
2026-08-03T12:28:10.637633+00:00,20260803-122810,https://trends24.in/indonesia/,Mon Aug 03 2026 00:40:05 GMT+0000 (Coordinated Universal Time),22,DOMUNDI SPORTS 2026,domundi sports 2026,,,,,,
2026-08-03T12:28:10.637633+00:00,20260803-122810,https://trends24.in/indonesia/,Mon Aug 03 2026 00:40:05 GMT+0000 (Coordinated Universal Time),23,Ciledug,ciledug,,,,,,
2026-08-03T12:28:10.637633+00:00,20260803-122810,https://trends24.in/indonesia/,Mon Aug 03 2026 00:40:05 GMT+0000 (Coordinated Universal Time),24,FIRSTONE TURNED 26,firstone turned 26,,,,,,
2026-08-03T12:28:10.637633+00:00,20260803-122810,https://trends24.in/indonesia/,Mon Aug 03 2026 00:40:05 GMT+0000 (Coordinated Universal Time),25,TEETEEPOR CHEER UP,teeteepor cheer up,,,,,,
2026-08-03T12:28:10.637633+00:00,20260803-122810,https://trends24.in/indonesia/,Mon Aug 03 2026 00:40:05 GMT+0000 (Coordinated Universal Time),26,ing at buriram,ing at buriram,,,,,,
2026-08-03T12:28:10.637633+00:00,20260803-122810,https://trends24.in/indonesia/,Mon Aug 03 2026 00:40:05 GMT+0000 (Coordinated Universal Time),27,Sangat Menyesatkan,sangat menyesatkan,,,,,,
2026-08-03T12:28:10.637633+00:00,20260803-122810,https://trends24.in/indonesia/,Mon Aug 03 2026 00:40:05 GMT+0000 (Coordinated Universal Time),28,RACER OHM PAWAT D2,racer ohm pawat d2,,,,,,
2026-08-03T12:28:10.637633+00:00,20260803-122810,https://trends24.in/indonesia/,Mon Aug 03 2026 00:40:05 GMT+0000 (Coordinated Universal Time),29,AQUA Elektronik,aqua elektronik,,,,,,
2026-08-03T12:28:10.637633+00:00,20260803-122810,https://trends24.in/indonesia/,Mon Aug 03 2026 00:40:05 GMT+0000 (Coordinated Universal Time),30,Menteri Desa PDT,menteri desa pdt,,,,,,
2026-08-03T12:28:10.637633+00:00,20260803-122810,https://trends24.in/indonesia/,Mon Aug 03 2026 00:40:05 GMT+0000 (Coordinated Universal Time),31,CORTISPALOOZA BEGINS NOW,cortispalooza begins now,,,,,,
2026-08-03T12:28:10.637633+00:00,20260803-122810,https://trends24.in/indonesia/,Mon Aug 03 2026 00:40:05 GMT+0000 (Coordinated Universal Time),32,Stabilitas Nasional,stabilitas nasional,,,,,,
2026-08-03T12:28:10.637633+00:00,20260803-122810,https://trends24.in/indonesia/,Mon Aug 03 2026 00:40:05 GMT+0000 (Coordinated Universal Time),33,hapsun,hapsun,,,,,,
2026-08-03T12:28:10.637633+00:00,20260803-122810,https://trends24.in/indonesia/,Mon Aug 03 2026 00:40:05 GMT+0000 (Coordinated Universal Time),34,Mendes PDT,mendes pdt,,,,,,
2026-08-03T12:28:10.637633+00:00,20260803-122810,https://trends24.in/indonesia/,Mon Aug 03 2026 00:40:05 GMT+0000 (Coordinated Universal Time),35,senada couple outfit,senada couple outfit,,,,,,
2026-08-03T12:28:10.637633+00:00,20260803-122810,https://trends24.in/indonesia/,Mon Aug 03 2026 00:40:05 GMT+0000 (Coordinated Universal Time),36,THOMASKONG TOKY GAME ON,thomaskong toky game on,,,,,,
2026-08-03T12:28:10.637633+00:00,20260803-122810,https://trends24.in/indonesia/,Mon Aug 03 2026 00:40:05 GMT+0000 (Coordinated Universal Time),37,Raja,raja,,,,,,
2026-08-03T12:28:10.637633+00:00,20260803-122810,https://trends24.in/indonesia/,Mon Aug 03 2026 00:40:05 GMT+0000 (Coordinated Universal Time),38,Waalaikumsalam,waalaikumsalam,,,,,,
2026-08-03T12:28:10.637633+00:00,20260803-122810,https://trends24.in/indonesia/,Mon Aug 03 2026 00:40:05 GMT+0000 (Coordinated Universal Time),39,Nyoni,nyoni,,,,,,
2026-08-03T12:28:10.637633+00:00,20260803-122810,https://trends24.in/indonesia/,Mon Aug 03 2026 00:40:05 GMT+0000 (Coordinated Universal Time),40,MONDPROPON FANSIGN,mondpropon fansign,,,,,,
2026-08-03T12:28:10.637633+00:00,20260803-122810,https://trends24.in/indonesia/,Mon Aug 03 2026 00:40:05 GMT+0000 (Coordinated Universal Time),41,Strasbourg,strasbourg,,,,,,
2026-08-03T12:28:10.637633+00:00,20260803-122810,https://trends24.in/indonesia/,Mon Aug 03 2026 00:40:05 GMT+0000 (Coordinated Universal Time),42,Reverse Auction,reverse auction,,,,,,
2026-08-03T12:28:10.637633+00:00,20260803-122810,https://trends24.in/indonesia/,Mon Aug 03 2026 00:40:05 GMT+0000 (Coordinated Universal Time),43,Jaksel,jaksel,,,,,,
2026-08-03T12:28:10.637633+00:00,20260803-122810,https://trends24.in/indonesia/,Mon Aug 03 2026 00:40:05 GMT+0000 (Coordinated Universal Time),44,dew renji the first stage,dew renji the first stage,,,,,,
2026-08-03T12:28:10.637633+00:00,20260803-122810,https://trends24.in/indonesia/,Mon Aug 03 2026 00:40:05 GMT+0000 (Coordinated Universal Time),45,KDMP,kdmp,,,,,,
2026-08-03T12:28:10.637633+00:00,20260803-122810,https://trends24.in/indonesia/,Mon Aug 03 2026 00:40:05 GMT+0000 (Coordinated Universal Time),46,Sumenep,sumenep,,,,,,
2026-08-03T12:28:10.637633+00:00,20260803-122810,https://trends24.in/indonesia/,Mon Aug 03 2026 00:40:05 GMT+0000 (Coordinated Universal Time),47,le chevalier,le chevalier,,,,,,
2026-08-03T12:28:10.637633+00:00,20260803-122810,https://trends24.in/indonesia/,Mon Aug 03 2026 00:40:05 GMT+0000 (Coordinated Universal Time),48,WIN FANMEETING IN JKT,win fanmeeting in jkt,,,,,,
2026-08-03T12:28:10.637633+00:00,20260803-122810,https://trends24.in/indonesia/,Mon Aug 03 2026 00:40:05 GMT+0000 (Coordinated Universal Time),49,Liverpool,liverpool,,,,,,
2026-08-03T12:28:10.637633+00:00,20260803-122810,https://trends24.in/indonesia/,Mon Aug 03 2026 00:40:05 GMT+0000 (Coordinated Universal Time),50,team 2 - teach you a lesson,team 2 - teach you a lesson,,,,,,
2026-08-03T12:28:10.637633+00:00,20260803-122810,https://trends24.in/indonesia/,Sun Aug 02 2026 23:48:23 GMT+0000 (Coordinated Universal Time),1,PSD MOGULARRIVAL FS26,psd mogularrival fs26,,,,,,
2026-08-03T12:28:10.637633+00:00,20260803-122810,https://trends24.in/indonesia/,Sun Aug 02 2026 23:48:23 GMT+0000 (Coordinated Universal Time),2,Senin,senin,,,,,,
2026-08-03T12:28:10.637633+00:00,20260803-122810,https://trends24.in/indonesia/,Sun Aug 02 2026 23:48:23 GMT+0000 (Coordinated Universal Time),3,Senin,senin,,,,,,
2026-08-03T12:28:10.637633+00:00,20260803-122810,https://trends24.in/indonesia/,Sun Aug 02 2026 23:48:23 GMT+0000 (Coordinated Universal Time),4,#AlwayswithMarkLee,alwayswithmarklee,,,,,,
2026-08-03T12:28:10.637633+00:00,20260803-122810,https://trends24.in/indonesia/,Sun Aug 02 2026 23:48:23 GMT+0000 (Coordinated Universal Time),5,#PeachAndMeSeriesFinalEP,peachandmeseriesfinalep,,,,,,
2026-08-03T12:28:10.637633+00:00,20260803-122810,https://trends24.in/indonesia/,Sun Aug 02 2026 23:48:23 GMT+0000 (Coordinated Universal Time),6,#ì¤ëë´ì¬ë¦ë¯¼íììì¼ì¶íí´,ì¤ëë´ì¬ë¦ë¯¼íììì¼ì¶íí´,,,,,,
2026-08-03T12:28:10.637633+00:00,20260803-122810,https://trends24.in/indonesia/,Sun Aug 02 2026 23:48:23 GMT+0000 (Coordinated Universal Time),7,Kimpul,kimpul,,,,,,
2026-08-03T12:28:10.637633+00:00,20260803-122810,https://trends24.in/indonesia/,Sun Aug 02 2026 23:48:23 GMT+0000 (Coordinated Universal Time),8,Bintaro,bintaro,,,,,,
2026-08-03T12:28:10.637633+00:00,20260803-122810,https://trends24.in/indonesia/,Sun Aug 02 2026 23:48:23 GMT+0000 (Coordinated Universal Time),9,#DMDSportsDay2026,dmdsportsday2026,,,,,,
2026-08-03T12:28:10.637633+00:00,20260803-122810,https://trends24.in/indonesia/,Sun Aug 02 2026 23:48:23 GMT+0000 (Coordinated Universal Time),10,#StopMistreatingJUHOON,stopmistreatingjuhoon,,,,,,
2026-08-03T12:28:10.637633+00:00,20260803-122810,https://trends24.in/indonesia/,Sun Aug 02 2026 23:48:23 GMT+0000 (Coordinated Universal Time),11,RESPECT JUHOON'S RIGHTS,respect juhoon's rights,,,,,,
2026-08-03T12:28:10.637633+00:00,20260803-122810,https://trends24.in/indonesia/,Sun Aug 02 2026 23:48:23 GMT+0000 (Coordinated Universal Time),12,$USON,$uson,,,,,,
2026-08-03T12:28:10.637633+00:00,20260803-122810,https://trends24.in/indonesia/,Sun Aug 02 2026 23:48:23 GMT+0000 (Coordinated Universal Time),13,Nyoni,nyoni,,,,,,
2026-08-03T12:28:10.637633+00:00,20260803-122810,https://trends24.in/indonesia/,Sun Aug 02 2026 23:48:23 GMT+0000 (Coordinated Universal Time),14,Jones,jones,,,,,,
2026-08-03T12:28:10.637633+00:00,20260803-122810,https://trends24.in/indonesia/,Sun Aug 02 2026 23:48:23 GMT+0000 (Coordinated Universal Time),15,Leeds,leeds,,,,,,
2026-08-03T12:28:10.637633+00:00,20260803-122810,https://trends24.in/indonesia/,Sun Aug 02 2026 23:48:23 GMT+0000 (Coordinated Universal Time),16,Ciledug,ciledug,,,,,,
2026-08-03T12:28:10.637633+00:00,20260803-122810,https://trends24.in/indonesia/,Sun Aug 02 2026 23:48:23 GMT+0000 (Coordinated Universal Time),17,JIN BLOOMS IN EAST RUTHERFORD,jin blooms in east rutherford,,,,,,
2026-08-03T12:28:10.637633+00:00,20260803-122810,https://trends24.in/indonesia/,Sun Aug 02 2026 23:48:23 GMT+0000 (Coordinated Universal Time),18,Blingy Action Plan D1,blingy action plan d1,,,,,,
2026-08-03T12:28:10.637633+00:00,20260803-122810,https://trends24.in/indonesia/,Sun Aug 02 2026 23:48:23 GMT+0000 (Coordinated Universal Time),19,Tangsel,tangsel,,,,,,
2026-08-03T12:28:10.637633+00:00,20260803-122810,https://trends24.in/indonesia/,Sun Aug 02 2026 23:48:23 GMT+0000 (Coordinated Universal Time),20,LOVE TO SERVE 2ND EP,love to serve 2nd ep,,,,,,
2026-08-03T12:28:10.637633+00:00,20260803-122810,https://trends24.in/indonesia/,Sun Aug 02 2026 23:48:23 GMT+0000 (Coordinated Universal Time),21,Yandri Susanto,yandri susanto,,,,,,
2026-08-03T12:28:10.637633+00:00,20260803-122810,https://trends24.in/indonesia/,Sun Aug 02 2026 23:48:23 GMT+0000 (Coordinated Universal Time),22,Agustus,agustus,,,,,,
2026-08-03T12:28:10.637633+00:00,20260803-122810,https://trends24.in/indonesia/,Sun Aug 02 2026 23:48:23 GMT+0000 (Coordinated Universal Time),23,DOMUNDI SPORTS 2026,domundi sports 2026,,,,,,
2026-08-03T12:28:10.637633+00:00,20260803-122810,https://trends24.in/indonesia/,Sun Aug 02 2026 23:48:23 GMT+0000 (Coordinated Universal Time),24,FIRSTONE TURNED 26,firstone turned 26,,,,,,
2026-08-03T12:28:10.637633+00:00,20260803-122810,https://trends24.in/indonesia/,Sun Aug 02 2026 23:48:23 GMT+0000 (Coordinated Universal Time),25,TEETEEPOR CHEER UP,teeteepor cheer up,,,,,,
2026-08-03T12:28:10.637633+00:00,20260803-122810,https://trends24.in/indonesia/,Sun Aug 02 2026 23:48:23 GMT+0000 (Coordinated Universal Time),26,Sangat Menyesatkan,sangat menyesatkan,,,,,,
2026-08-03T12:28:10.637633+00:00,20260803-122810,https://trends24.in/indonesia/,Sun Aug 02 2026 23:48:23 GMT+0000 (Coordinated Universal Time),27,ing at buriram,ing at buriram,,,,,,
2026-08-03T12:28:10.637633+00:00,20260803-122810,https://trends24.in/indonesia/,Sun Aug 02 2026 23:48:23 GMT+0000 (Coordinated Universal Time),28,RACER OHM PAWAT D2,racer ohm pawat d2,,,,,,
2026-08-03T12:28:10.637633+00:00,20260803-122810,https://trends24.in/indonesia/,Sun Aug 02 2026 23:48:23 GMT+0000 (Coordinated Universal Time),29,PONDPHUWIN RENDEZV MANILA,pondphuwin rendezv manila,,,,,,
2026-08-03T12:28:10.637633+00:00,20260803-122810,https://trends24.in/indonesia/,Sun Aug 02 2026 23:48:23 GMT+0000 (Coordinated Universal Time),30,AQUA Elektronik,aqua elektronik,,,,,,
2026-08-03T12:28:10.637633+00:00,20260803-122810,https://trends24.in/indonesia/,Sun Aug 02 2026 23:48:23 GMT+0000 (Coordinated Universal Time),31,Menteri Desa PDT,menteri desa pdt,,,,,,
2026-08-03T12:28:10.637633+00:00,20260803-122810,https://trends24.in/indonesia/,Sun Aug 02 2026 23:48:23 GMT+0000 (Coordinated Universal Time),32,Stabilitas Nasional,stabilitas nasional,,,,,,
2026-08-03T12:28:10.637633+00:00,20260803-122810,https://trends24.in/indonesia/,Sun Aug 02 2026 23:48:23 GMT+0000 (Coordinated Universal Time),33,CORTISPALOOZA BEGINS NOW,cortispalooza begins now,,,,,,
2026-08-03T12:28:10.637633+00:00,20260803-122810,https://trends24.in/indonesia/,Sun Aug 02 2026 23:48:23 GMT+0000 (Coordinated Universal Time),34,Strasbourg,strasbourg,,,,,,
2026-08-03T12:28:10.637633+00:00,20260803-122810,https://trends24.in/indonesia/,Sun Aug 02 2026 23:48:23 GMT+0000 (Coordinated Universal Time),35,hapsun,hapsun,,,,,,
2026-08-03T12:28:10.637633+00:00,20260803-122810,https://trends24.in/indonesia/,Sun Aug 02 2026 23:48:23 GMT+0000 (Coordinated Universal Time),36,WIN FANMEETING IN JKT,win fanmeeting in jkt,,,,,,
2026-08-03T12:28:10.637633+00:00,20260803-122810,https://trends24.in/indonesia/,Sun Aug 02 2026 23:48:23 GMT+0000 (Coordinated Universal Time),37,Raja,raja,,,,,,
2026-08-03T12:28:10.637633+00:00,20260803-122810,https://trends24.in/indonesia/,Sun Aug 02 2026 23:48:23 GMT+0000 (Coordinated Universal Time),38,Mendes PDT,mendes pdt,,,,,,
2026-08-03T12:28:10.637633+00:00,20260803-122810,https://trends24.in/indonesia/,Sun Aug 02 2026 23:48:23 GMT+0000 (Coordinated Universal Time),39,senada couple outfit,senada couple outfit,,,,,,
2026-08-03T12:28:10.637633+00:00,20260803-122810,https://trends24.in/indonesia/,Sun Aug 02 2026 23:48:23 GMT+0000 (Coordinated Universal Time),40,THOMASKONG TOKY GAME ON,thomaskong toky game on,,,,,,
2026-08-03T12:28:10.637633+00:00,20260803-122810,https://trends24.in/indonesia/,Sun Aug 02 2026 23:48:23 GMT+0000 (Coordinated Universal Time),41,Waalaikumsalam,waalaikumsalam,,,,,,
2026-08-03T12:28:10.637633+00:00,20260803-122810,https://trends24.in/indonesia/,Sun Aug 02 2026 23:48:23 GMT+0000 (Coordinated Universal Time),42,MONDPROPON FANSIGN,mondpropon fansign,,,,,,
2026-08-03T12:28:10.637633+00:00,20260803-122810,https://trends24.in/indonesia/,Sun Aug 02 2026 23:48:23 GMT+0000 (Coordinated Universal Time),43,KDMP,kdmp,,,,,,
2026-08-03T12:28:10.637633+00:00,20260803-122810,https://trends24.in/indonesia/,Sun Aug 02 2026 23:48:23 GMT+0000 (Coordinated Universal Time),44,theepeach,theepeach,,,,,,
2026-08-03T12:28:10.637633+00:00,20260803-122810,https://trends24.in/indonesia/,Sun Aug 02 2026 23:48:23 GMT+0000 (Coordinated Universal Time),45,ZEENUNEW x ZON SUSU,zeenunew x zon susu,,,,,,
2026-08-03T12:28:10.637633+00:00,20260803-122810,https://trends24.in/indonesia/,Sun Aug 02 2026 23:48:23 GMT+0000 (Coordinated Universal Time),46,Pagii,pagii,,,,,,
2026-08-03T12:28:10.637633+00:00,20260803-122810,https://trends24.in/indonesia/,Sun Aug 02 2026 23:48:23 GMT+0000 (Coordinated Universal Time),47,dew renji the first stage,dew renji the first stage,,,,,,
2026-08-03T12:28:10.637633+00:00,20260803-122810,https://trends24.in/indonesia/,Sun Aug 02 2026 23:48:23 GMT+0000 (Coordinated Universal Time),48,le chevalier,le chevalier,,,,,,
2026-08-03T12:28:10.637633+00:00,20260803-122810,https://trends24.in/indonesia/,Sun Aug 02 2026 23:48:23 GMT+0000 (Coordinated Universal Time),49,Sumenep,sumenep,,,,,,
2026-08-03T12:28:10.637633+00:00,20260803-122810,https://trends24.in/indonesia/,Sun Aug 02 2026 23:48:23 GMT+0000 (Coordinated Universal Time),50,Liverpool,liverpool,,,,,,
2026-08-03T12:28:10.637633+00:00,20260803-122810,https://trends24.in/indonesia/,Sun Aug 02 2026 23:48:15 GMT+0000 (Coordinated Universal Time),1,PSD MOGULARRIVAL FS26,psd mogularrival fs26,,,,,,
2026-08-03T12:28:10.637633+00:00,20260803-122810,https://trends24.in/indonesia/,Sun Aug 02 2026 23:48:15 GMT+0000 (Coordinated Universal Time),2,Senin,senin,,,,,,
2026-08-03T12:28:10.637633+00:00,20260803-122810,https://trends24.in/indonesia/,Sun Aug 02 2026 23:48:15 GMT+0000 (Coordinated Universal Time),3,Senin,senin,,,,,,
2026-08-03T12:28:10.637633+00:00,20260803-122810,https://trends24.in/indonesia/,Sun Aug 02 2026 23:48:15 GMT+0000 (Coordinated Universal Time),4,#PeachAndMeSeriesFinalEP,peachandmeseriesfinalep,,,,,,
2026-08-03T12:28:10.637633+00:00,20260803-122810,https://trends24.in/indonesia/,Sun Aug 02 2026 23:48:15 GMT+0000 (Coordinated Universal Time),5,#AlwayswithMarkLee,alwayswithmarklee,,,,,,
2026-08-03T12:28:10.637633+00:00,20260803-122810,https://trends24.in/indonesia/,Sun Aug 02 2026 23:48:15 GMT+0000 (Coordinated Universal Time),6,#ì¤ëë´ì¬ë¦ë¯¼íììì¼ì¶íí´,ì¤ëë´ì¬ë¦ë¯¼íììì¼ì¶íí´,,,,,,
2026-08-03T12:28:10.637633+00:00,20260803-122810,https://trends24.in/indonesia/,Sun Aug 02 2026 23:48:15 GMT+0000 (Coordinated Universal Time),7,Kimpul,kimpul,,,,,,
2026-08-03T12:28:10.637633+00:00,20260803-122810,https://trends24.in/indonesia/,Sun Aug 02 2026 23:48:15 GMT+0000 (Coordinated Universal Time),8,Bintaro,bintaro,,,,,,
2026-08-03T12:28:10.637633+00:00,20260803-122810,https://trends24.in/indonesia/,Sun Aug 02 2026 23:48:15 GMT+0000 (Coordinated Universal Time),9,#DMDSportsDay2026,dmdsportsday2026,,,,,,
2026-08-03T12:28:10.637633+00:00,20260803-122810,https://trends24.in/indonesia/,Sun Aug 02 2026 23:48:15 GMT+0000 (Coordinated Universal Time),10,#StopMistreatingJUHOON,stopmistreatingjuhoon,,,,,,
2026-08-03T12:28:10.637633+00:00,20260803-122810,https://trends24.in/indonesia/,Sun Aug 02 2026 23:48:15 GMT+0000 (Coordinated Universal Time),11,RESPECT JUHOON'S RIGHTS,respect juhoon's rights,,,,,,
2026-08-03T12:28:10.637633+00:00,20260803-122810,https://trends24.in/indonesia/,Sun Aug 02 2026 23:48:15 GMT+0000 (Coordinated Universal Time),12,$USON,$uson,,,,,,
2026-08-03T12:28:10.637633+00:00,20260803-122810,https://trends24.in/indonesia/,Sun Aug 02 2026 23:48:15 GMT+0000 (Coordinated Universal Time),13,Nyoni,nyoni,,,,,,
2026-08-03T12:28:10.637633+00:00,20260803-122810,https://trends24.in/indonesia/,Sun Aug 02 2026 23:48:15 GMT+0000 (Coordinated Universal Time),14,Jones,jones,,,,,,
2026-08-03T12:28:10.637633+00:00,20260803-122810,https://trends24.in/indonesia/,Sun Aug 02 2026 23:48:15 GMT+0000 (Coordinated Universal Time),15,Leeds,leeds,,,,,,
2026-08-03T12:28:10.637633+00:00,20260803-122810,https://trends24.in/indonesia/,Sun Aug 02 2026 23:48:15 GMT+0000 (Coordinated Universal Time),16,Ciledug,ciledug,,,,,,
2026-08-03T12:28:10.637633+00:00,20260803-122810,https://trends24.in/indonesia/,Sun Aug 02 2026 23:48:15 GMT+0000 (Coordinated Universal Time),17,JIN BLOOMS IN EAST RUTHERFORD,jin blooms in east rutherford,,,,,,
2026-08-03T12:28:10.637633+00:00,20260803-122810,https://trends24.in/indonesia/,Sun Aug 02 2026 23:48:15 GMT+0000 (Coordinated Universal Time),18,Blingy Action Plan D1,blingy action plan d1,,,,,,
2026-08-03T12:28:10.637633+00:00,20260803-122810,https://trends24.in/indonesia/,Sun Aug 02 2026 23:48:15 GMT+0000 (Coordinated Universal Time),19,Tangsel,tangsel,,,,,,
2026-08-03T12:28:10.637633+00:00,20260803-122810,https://trends24.in/indonesia/,Sun Aug 02 2026 23:48:15 GMT+0000 (Coordinated Universal Time),20,LOVE TO SERVE 2ND EP,love to serve 2nd ep,,,,,,
2026-08-03T12:28:10.637633+00:00,20260803-122810,https://trends24.in/indonesia/,Sun Aug 02 2026 23:48:15 GMT+0000 (Coordinated Universal Time),21,Yandri Susanto,yandri susanto,,,,,,
2026-08-03T12:28:10.637633+00:00,20260803-122810,https://trends24.in/indonesia/,Sun Aug 02 2026 23:48:15 GMT+0000 (Coordinated Universal Time),22,Agustus,agustus,,,,,,
2026-08-03T12:28:10.637633+00:00,20260803-122810,https://trends24.in/indonesia/,Sun Aug 02 2026 23:48:15 GMT+0000 (Coordinated Universal Time),23,DOMUNDI SPORTS 2026,domundi sports 2026,,,,,,
2026-08-03T12:28:10.637633+00:00,20260803-122810,https://trends24.in/indonesia/,Sun Aug 02 2026 23:48:15 GMT+0000 (Coordinated Universal Time),24,FIRSTONE TURNED 26,firstone turned 26,,,,,,
2026-08-03T12:28:10.637633+00:00,20260803-122810,https://trends24.in/indonesia/,Sun Aug 02 2026 23:48:15 GMT+0000 (Coordinated Universal Time),25,TEETEEPOR CHEER UP,teeteepor cheer up,,,,,,
2026-08-03T12:28:10.637633+00:00,20260803-122810,https://trends24.in/indonesia/,Sun Aug 02 2026 23:48:15 GMT+0000 (Coordinated Universal Time),26,Sangat Menyesatkan,sangat menyesatkan,,,,,,
2026-08-03T12:28:10.637633+00:00,20260803-122810,https://trends24.in/indonesia/,Sun Aug 02 2026 23:48:15 GMT+0000 (Coordinated Universal Time),27,ing at buriram,ing at buriram,,,,,,
2026-08-03T12:28:10.637633+00:00,20260803-122810,https://trends24.in/indonesia/,Sun Aug 02 2026 23:48:15 GMT+0000 (Coordinated Universal Time),28,RACER OHM PAWAT D2,racer ohm pawat d2,,,,,,
2026-08-03T12:28:10.637633+00:00,20260803-122810,https://trends24.in/indonesia/,Sun Aug 02 2026 23:48:15 GMT+0000 (Coordinated Universal Time),29,PONDPHUWIN RENDEZV MANILA,pondphuwin rendezv manila,,,,,,
2026-08-03T12:28:10.637633+00:00,20260803-122810,https://trends24.in/indonesia/,Sun Aug 02 2026 23:48:15 GMT+0000 (Coordinated Universal Time),30,AQUA Elektronik,aqua elektronik,,,,,,
2026-08-03T12:28:10.637633+00:00,20260803-122810,https://trends24.in/indonesia/,Sun Aug 02 2026 23:48:15 GMT+0000 (Coordinated Universal Time),31,Menteri Desa PDT,menteri desa pdt,,,,,,
2026-08-03T12:28:10.637633+00:00,20260803-122810,https://trends24.in/indonesia/,Sun Aug 02 2026 23:48:15 GMT+0000 (Coordinated Universal Time),32,Stabilitas Nasional,stabilitas nasional,,,,,,
2026-08-03T12:28:10.637633+00:00,20260803-122810,https://trends24.in/indonesia/,Sun Aug 02 2026 23:48:15 GMT+0000 (Coordinated Universal Time),33,CORTISPALOOZA BEGINS NOW,cortispalooza begins now,,,,,,
2026-08-03T12:28:10.637633+00:00,20260803-122810,https://trends24.in/indonesia/,Sun Aug 02 2026 23:48:15 GMT+0000 (Coordinated Universal Time),34,Strasbourg,strasbourg,,,,,,
2026-08-03T12:28:10.637633+00:00,20260803-122810,https://trends24.in/indonesia/,Sun Aug 02 2026 23:48:15 GMT+0000 (Coordinated Universal Time),35,hapsun,hapsun,,,,,,
2026-08-03T12:28:10.637633+00:00,20260803-122810,https://trends24.in/indonesia/,Sun Aug 02 2026 23:48:15 GMT+0000 (Coordinated Universal Time),36,WIN FANMEETING IN JKT,win fanmeeting in jkt,,,,,,
2026-08-03T12:28:10.637633+00:00,20260803-122810,https://trends24.in/indonesia/,Sun Aug 02 2026 23:48:15 GMT+0000 (Coordinated Universal Time),37,Raja,raja,,,,,,
2026-08-03T12:28:10.637633+00:00,20260803-122810,https://trends24.in/indonesia/,Sun Aug 02 2026 23:48:15 GMT+0000 (Coordinated Universal Time),38,Mendes PDT,mendes pdt,,,,,,
2026-08-03T12:28:10.637633+00:00,20260803-122810,https://trends24.in/indonesia/,Sun Aug 02 2026 23:48:15 GMT+0000 (Coordinated Universal Time),39,senada couple outfit,senada couple outfit,,,,,,
2026-08-03T12:28:10.637633+00:00,20260803-122810,https://trends24.in/indonesia/,Sun Aug 02 2026 23:48:15 GMT+0000 (Coordinated Universal Time),40,THOMASKONG TOKY GAME ON,thomaskong toky game on,,,,,,
2026-08-03T12:28:10.637633+00:00,20260803-122810,https://trends24.in/indonesia/,Sun Aug 02 2026 23:48:15 GMT+0000 (Coordinated Universal Time),41,Waalaikumsalam,waalaikumsalam,,,,,,
2026-08-03T12:28:10.637633+00:00,20260803-122810,https://trends24.in/indonesia/,Sun Aug 02 2026 23:48:15 GMT+0000 (Coordinated Universal Time),42,MONDPROPON FANSIGN,mondpropon fansign,,,,,,
2026-08-03T12:28:10.637633+00:00,20260803-122810,https://trends24.in/indonesia/,Sun Aug 02 2026 23:48:15 GMT+0000 (Coordinated Universal Time),43,KDMP,kdmp,,,,,,
2026-08-03T12:28:10.637633+00:00,20260803-122810,https://trends24.in/indonesia/,Sun Aug 02 2026 23:48:15 GMT+0000 (Coordinated Universal Time),44,theepeach,theepeach,,,,,,
2026-08-03T12:28:10.637633+00:00,20260803-122810,https://trends24.in/indonesia/,Sun Aug 02 2026 23:48:15 GMT+0000 (Coordinated Universal Time),45,ZEENUNEW x ZON SUSU,zeenunew x zon susu,,,,,,
2026-08-03T12:28:10.637633+00:00,20260803-122810,https://trends24.in/indonesia/,Sun Aug 02 2026 23:48:15 GMT+0000 (Coordinated Universal Time),46,dew renji the first stage,dew renji the first stage,,,,,,
2026-08-03T12:28:10.637633+00:00,20260803-122810,https://trends24.in/indonesia/,Sun Aug 02 2026 23:48:15 GMT+0000 (Coordinated Universal Time),47,le chevalier,le chevalier,,,,,,
2026-08-03T12:28:10.637633+00:00,20260803-122810,https://trends24.in/indonesia/,Sun Aug 02 2026 23:48:15 GMT+0000 (Coordinated Universal Time),48,Sumenep,sumenep,,,,,,
2026-08-03T12:28:10.637633+00:00,20260803-122810,https://trends24.in/indonesia/,Sun Aug 02 2026 23:48:15 GMT+0000 (Coordinated Universal Time),49,Pagii,pagii,,,,,,
2026-08-03T12:28:10.637633+00:00,20260803-122810,https://trends24.in/indonesia/,Sun Aug 02 2026 23:48:15 GMT+0000 (Coordinated Universal Time),50,Liverpool,liverpool,,,,,,
2026-08-03T12:28:10.637633+00:00,20260803-122810,https://trends24.in/indonesia/,Sun Aug 02 2026 22:57:21 GMT+0000 (Coordinated Universal Time),1,PSD MOGULARRIVAL FS26,psd mogularrival fs26,,,,,,
2026-08-03T12:28:10.637633+00:00,20260803-122810,https://trends24.in/indonesia/,Sun Aug 02 2026 22:57:21 GMT+0000 (Coordinated Universal Time),2,#AlwayswithMarkLee,alwayswithmarklee,,,,,,
2026-08-03T12:28:10.637633+00:00,20260803-122810,https://trends24.in/indonesia/,Sun Aug 02 2026 22:57:21 GMT+0000 (Coordinated Universal Time),3,#ì¤ëë´ì¬ë¦ë¯¼íììì¼ì¶íí´,ì¤ëë´ì¬ë¦ë¯¼íììì¼ì¶íí´,,,,,,
2026-08-03T12:28:10.637633+00:00,20260803-122810,https://trends24.in/indonesia/,Sun Aug 02 2026 22:57:21 GMT+0000 (Coordinated Universal Time),4,#PeachAndMeSeriesFinalEP,peachandmeseriesfinalep,,,,,,
2026-08-03T12:28:10.637633+00:00,20260803-122810,https://trends24.in/indonesia/,Sun Aug 02 2026 22:57:21 GMT+0000 (Coordinated Universal Time),5,Senin,senin,,,,,,
2026-08-03T12:28:10.637633+00:00,20260803-122810,https://trends24.in/indonesia/,Sun Aug 02 2026 22:57:21 GMT+0000 (Coordinated Universal Time),6,Kimpul,kimpul,,,,,,
2026-08-03T12:28:10.637633+00:00,20260803-122810,https://trends24.in/indonesia/,Sun Aug 02 2026 22:57:21 GMT+0000 (Coordinated Universal Time),7,#DMDSportsDay2026,dmdsportsday2026,,,,,,
2026-08-03T12:28:10.637633+00:00,20260803-122810,https://trends24.in/indonesia/,Sun Aug 02 2026 22:57:21 GMT+0000 (Coordinated Universal Time),8,#StopMistreatingJUHOON,stopmistreatingjuhoon,,,,,,
2026-08-03T12:28:10.637633+00:00,20260803-122810,https://trends24.in/indonesia/,Sun Aug 02 2026 22:57:21 GMT+0000 (Coordinated Universal Time),9,RESPECT JUHOON'S RIGHTS,respect juhoon's rights,,,,,,
2026-08-03T12:28:10.637633+00:00,20260803-122810,https://trends24.in/indonesia/,Sun Aug 02 2026 22:57:21 GMT+0000 (Coordinated Universal Time),10,Bintaro,bintaro,,,,,,
2026-08-03T12:28:10.637633+00:00,20260803-122810,https://trends24.in/indonesia/,Sun Aug 02 2026 22:57:21 GMT+0000 (Coordinated Universal Time),11,Nyoni,nyoni,,,,,,
2026-08-03T12:28:10.637633+00:00,20260803-122810,https://trends24.in/indonesia/,Sun Aug 02 2026 22:57:21 GMT+0000 (Coordinated Universal Time),12,Blingy Action Plan D1,blingy action plan d1,,,,,,
2026-08-03T12:28:10.637633+00:00,20260803-122810,https://trends24.in/indonesia/,Sun Aug 02 2026 22:57:21 GMT+0000 (Coordinated Universal Time),13,Jones,jones,,,,,,
2026-08-03T12:28:10.637633+00:00,20260803-122810,https://trends24.in/indonesia/,Sun Aug 02 2026 22:57:21 GMT+0000 (Coordinated Universal Time),14,Ciledug,ciledug,,,,,,
2026-08-03T12:28:10.637633+00:00,20260803-122810,https://trends24.in/indonesia/,Sun Aug 02 2026 22:57:21 GMT+0000 (Coordinated Universal Time),15,Yandri Susanto,yandri susanto,,,,,,
2026-08-03T12:28:10.637633+00:00,20260803-122810,https://trends24.in/indonesia/,Sun Aug 02 2026 22:57:21 GMT+0000 (Coordinated Universal Time),16,LOVE TO SERVE 2ND EP,love to serve 2nd ep,,,,,,
2026-08-03T12:28:10.637633+00:00,20260803-122810,https://trends24.in/indonesia/,Sun Aug 02 2026 22:57:21 GMT+0000 (Coordinated Universal Time),17,Agustus,agustus,,,,,,
2026-08-03T12:28:10.637633+00:00,20260803-122810,https://trends24.in/indonesia/,Sun Aug 02 2026 22:57:21 GMT+0000 (Coordinated Universal Time),18,DOMUNDI SPORTS 2026,domundi sports 2026,,,,,,
2026-08-03T12:28:10.637633+00:00,20260803-122810,https://trends24.in/indonesia/,Sun Aug 02 2026 22:57:21 GMT+0000 (Coordinated Universal Time),19,$USON,$uson,,,,,,
2026-08-03T12:28:10.637633+00:00,20260803-122810,https://trends24.in/indonesia/,Sun Aug 02 2026 22:57:21 GMT+0000 (Coordinated Universal Time),20,FIRSTONE TURNED 26,firstone turned 26,,,,,,
2026-08-03T12:28:10.637633+00:00,20260803-122810,https://trends24.in/indonesia/,Sun Aug 02 2026 22:57:21 GMT+0000 (Coordinated Universal Time),21,East Rutherford,east rutherford,,,,,,
2026-08-03T12:28:10.637633+00:00,20260803-122810,https://trends24.in/indonesia/,Sun Aug 02 2026 22:57:21 GMT+0000 (Coordinated Universal Time),22,Minggu,minggu,,,,,,
2026-08-03T12:28:10.637633+00:00,20260803-122810,https://trends24.in/indonesia/,Sun Aug 02 2026 22:57:21 GMT+0000 (Coordinated Universal Time),23,Sangat Menyesatkan,sangat menyesatkan,,,,,,
2026-08-03T12:28:10.637633+00:00,20260803-122810,https://trends24.in/indonesia/,Sun Aug 02 2026 22:57:21 GMT+0000 (Coordinated Universal Time),24,TEETEEPOR CHEER UP,teeteepor cheer up,,,,,,
2026-08-03T12:28:10.637633+00:00,20260803-122810,https://trends24.in/indonesia/,Sun Aug 02 2026 22:57:21 GMT+0000 (Coordinated Universal Time),25,ing at buriram,ing at buriram,,,,,,
2026-08-03T12:28:10.637633+00:00,20260803-122810,https://trends24.in/indonesia/,Sun Aug 02 2026 22:57:21 GMT+0000 (Coordinated Universal Time),26,RACER OHM PAWAT D2,racer ohm pawat d2,,,,,,
2026-08-03T12:28:10.637633+00:00,20260803-122810,https://trends24.in/indonesia/,Sun Aug 02 2026 22:57:21 GMT+0000 (Coordinated Universal Time),27,Stabilitas Nasional,stabilitas nasional,,,,,,
2026-08-03T12:28:10.637633+00:00,20260803-122810,https://trends24.in/indonesia/,Sun Aug 02 2026 22:57:21 GMT+0000 (Coordinated Universal Time),28,Menteri Desa PDT,menteri desa pdt,,,,,,
2026-08-03T12:28:10.637633+00:00,20260803-122810,https://trends24.in/indonesia/,Sun Aug 02 2026 22:57:21 GMT+0000 (Coordinated Universal Time),29,CORTISPALOOZA BEGINS NOW,cortispalooza begins now,,,,,,
2026-08-03T12:28:10.637633+00:00,20260803-122810,https://trends24.in/indonesia/,Sun Aug 02 2026 22:57:21 GMT+0000 (Coordinated Universal Time),30,hapsun,hapsun,,,,,,
2026-08-03T12:28:10.637633+00:00,20260803-122810,https://trends24.in/indonesia/,Sun Aug 02 2026 22:57:21 GMT+0000 (Coordinated Universal Time),31,WIN FANMEETING IN JKT,win fanmeeting in jkt,,,,,,
2026-08-03T12:28:10.637633+00:00,20260803-122810,https://trends24.in/indonesia/,Sun Aug 02 2026 22:57:21 GMT+0000 (Coordinated Universal Time),32,Mendes PDT,mendes pdt,,,,,,
2026-08-03T12:28:10.637633+00:00,20260803-122810,https://trends24.in/indonesia/,Sun Aug 02 2026 22:57:21 GMT+0000 (Coordinated Universal Time),33,senada couple outfit,senada couple outfit,,,,,,
2026-08-03T12:28:10.637633+00:00,20260803-122810,https://trends24.in/indonesia/,Sun Aug 02 2026 22:57:21 GMT+0000 (Coordinated Universal Time),34,THOMASKONG TOKY GAME ON,thomaskong toky game on,,,,,,
2026-08-03T12:28:10.637633+00:00,20260803-122810,https://trends24.in/indonesia/,Sun Aug 02 2026 22:57:21 GMT+0000 (Coordinated Universal Time),35,Raja,raja,,,,,,
2026-08-03T12:28:10.637633+00:00,20260803-122810,https://trends24.in/indonesia/,Sun Aug 02 2026 22:57:21 GMT+0000 (Coordinated Universal Time),36,sumenep,sumenep,,,,,,
2026-08-03T12:28:10.637633+00:00,20260803-122810,https://trends24.in/indonesia/,Sun Aug 02 2026 22:57:21 GMT+0000 (Coordinated Universal Time),37,MONDPROPON FANSIGN,mondpropon fansign,,,,,,
2026-08-03T12:28:10.637633+00:00,20260803-122810,https://trends24.in/indonesia/,Sun Aug 02 2026 22:57:21 GMT+0000 (Coordinated Universal Time),38,KDMP,kdmp,,,,,,
2026-08-03T12:28:10.637633+00:00,20260803-122810,https://trends24.in/indonesia/,Sun Aug 02 2026 22:57:21 GMT+0000 (Coordinated Universal Time),39,Leeds,leeds,,,,,,
2026-08-03T12:28:10.637633+00:00,20260803-122810,https://trends24.in/indonesia/,Sun Aug 02 2026 22:57:21 GMT+0000 (Coordinated Universal Time),40,TheePeach,theepeach,,,,,,
2026-08-03T12:28:10.637633+00:00,20260803-122810,https://trends24.in/indonesia/,Sun Aug 02 2026 22:57:21 GMT+0000 (Coordinated Universal Time),41,ZEENUNEW x ZON SUSU,zeenunew x zon susu,,,,,,
2026-08-03T12:28:10.637633+00:00,20260803-122810,https://trends24.in/indonesia/,Sun Aug 02 2026 22:57:21 GMT+0000 (Coordinated Universal Time),42,KNP OHAE FULL POWER,knp ohae full power,,,,,,
2026-08-03T12:28:10.637633+00:00,20260803-122810,https://trends24.in/indonesia/,Sun Aug 02 2026 22:57:21 GMT+0000 (Coordinated Universal Time),43,dew renji the first stage,dew renji the first stage,,,,,,
2026-08-03T12:28:10.637633+00:00,20260803-122810,https://trends24.in/indonesia/,Sun Aug 02 2026 22:57:21 GMT+0000 (Coordinated Universal Time),44,le chevalier,le chevalier,,,,,,
2026-08-03T12:28:10.637633+00:00,20260803-122810,https://trends24.in/indonesia/,Sun Aug 02 2026 22:57:21 GMT+0000 (Coordinated Universal Time),45,team 2 - teach you a lesson,team 2 - teach you a lesson,,,,,,
2026-08-03T12:28:10.637633+00:00,20260803-122810,https://trends24.in/indonesia/,Sun Aug 02 2026 22:57:21 GMT+0000 (Coordinated Universal Time),46,Tangsel,tangsel,,,,,,
2026-08-03T12:28:10.637633+00:00,20260803-122810,https://trends24.in/indonesia/,Sun Aug 02 2026 22:57:21 GMT+0000 (Coordinated Universal Time),47,Liverpool,liverpool,,,,,,
2026-08-03T12:28:10.637633+00:00,20260803-122810,https://trends24.in/indonesia/,Sun Aug 02 2026 22:57:21 GMT+0000 (Coordinated Universal Time),48,malming,malming,,,,,,
2026-08-03T12:28:10.637633+00:00,20260803-122810,https://trends24.in/indonesia/,Sun Aug 02 2026 22:57:21 GMT+0000 (Coordinated Universal Time),49,LENAMIU GIRLS CUP CH3,lenamiu girls cup ch3,,,,,,
2026-08-03T12:28:10.637633+00:00,20260803-122810,https://trends24.in/indonesia/,Sun Aug 02 2026 22:57:21 GMT+0000 (Coordinated Universal Time),50,Peter,peter,,,,,,
2026-08-03T12:28:10.637633+00:00,20260803-122810,https://trends24.in/indonesia/,Sun Aug 02 2026 22:06:21 GMT+0000 (Coordinated Universal Time),1,PSD MOGULARRIVAL FS26,psd mogularrival fs26,,,,,,
2026-08-03T12:28:10.637633+00:00,20260803-122810,https://trends24.in/indonesia/,Sun Aug 02 2026 22:06:21 GMT+0000 (Coordinated Universal Time),2,#AlwayswithMarkLee,alwayswithmarklee,,,,,,
2026-08-03T12:28:10.637633+00:00,20260803-122810,https://trends24.in/indonesia/,Sun Aug 02 2026 22:06:21 GMT+0000 (Coordinated Universal Time),3,#ì¤ëë´ì¬ë¦ë¯¼íììì¼ì¶íí´,ì¤ëë´ì¬ë¦ë¯¼íììì¼ì¶íí´,,,,,,
2026-08-03T12:28:10.637633+00:00,20260803-122810,https://trends24.in/indonesia/,Sun Aug 02 2026 22:06:21 GMT+0000 (Coordinated Universal Time),4,#PeachAndMeSeriesFinalEP,peachandmeseriesfinalep,,,,,,
2026-08-03T12:28:10.637633+00:00,20260803-122810,https://trends24.in/indonesia/,Sun Aug 02 2026 22:06:21 GMT+0000 (Coordinated Universal Time),5,Kimpul,kimpul,,,,,,
2026-08-03T12:28:10.637633+00:00,20260803-122810,https://trends24.in/indonesia/,Sun Aug 02 2026 22:06:21 GMT+0000 (Coordinated Universal Time),6,#StopMistreatingJUHOON,stopmistreatingjuhoon,,,,,,
2026-08-03T12:28:10.637633+00:00,20260803-122810,https://trends24.in/indonesia/,Sun Aug 02 2026 22:06:21 GMT+0000 (Coordinated Universal Time),7,#FairTreatmentForJUHOON,fairtreatmentforjuhoon,,,,,,
2026-08-03T12:28:10.637633+00:00,20260803-122810,https://trends24.in/indonesia/,Sun Aug 02 2026 22:06:21 GMT+0000 (Coordinated Universal Time),8,RESPECT JUHOON'S RIGHTS,respect juhoon's rights,,,,,,
2026-08-03T12:28:10.637633+00:00,20260803-122810,https://trends24.in/indonesia/,Sun Aug 02 2026 22:06:21 GMT+0000 (Coordinated Universal Time),9,Blingy Action Plan D1,blingy action plan d1,,,,,,
2026-08-03T12:28:10.637633+00:00,20260803-122810,https://trends24.in/indonesia/,Sun Aug 02 2026 22:06:21 GMT+0000 (Coordinated Universal Time),10,Besok Senin,besok senin,,,,,,
2026-08-03T12:28:10.637633+00:00,20260803-122810,https://trends24.in/indonesia/,Sun Aug 02 2026 22:06:21 GMT+0000 (Coordinated Universal Time),11,Yandri Susanto,yandri susanto,,,,,,
2026-08-03T12:28:10.637633+00:00,20260803-122810,https://trends24.in/indonesia/,Sun Aug 02 2026 22:06:21 GMT+0000 (Coordinated Universal Time),12,Agustus,agustus,,,,,,
2026-08-03T12:28:10.637633+00:00,20260803-122810,https://trends24.in/indonesia/,Sun Aug 02 2026 22:06:21 GMT+0000 (Coordinated Universal Time),13,LOVE TO SERVE 2ND EP,love to serve 2nd ep,,,,,,
2026-08-03T12:28:10.637633+00:00,20260803-122810,https://trends24.in/indonesia/,Sun Aug 02 2026 22:06:21 GMT+0000 (Coordinated Universal Time),14,RACER OHM PAWAT D2,racer ohm pawat d2,,,,,,
2026-08-03T12:28:10.637633+00:00,20260803-122810,https://trends24.in/indonesia/,Sun Aug 02 2026 22:06:21 GMT+0000 (Coordinated Universal Time),15,DOMUNDI SPORTS 2026,domundi sports 2026,,,,,,
2026-08-03T12:28:10.637633+00:00,20260803-122810,https://trends24.in/indonesia/,Sun Aug 02 2026 22:06:21 GMT+0000 (Coordinated Universal Time),16,Minggu,minggu,,,,,,
2026-08-03T12:28:10.637633+00:00,20260803-122810,https://trends24.in/indonesia/,Sun Aug 02 2026 22:06:21 GMT+0000 (Coordinated Universal Time),17,FIRSTONE TURNED 26,firstone turned 26,,,,,,
2026-08-03T12:28:10.637633+00:00,20260803-122810,https://trends24.in/indonesia/,Sun Aug 02 2026 22:06:21 GMT+0000 (Coordinated Universal Time),18,Sangat Menyesatkan,sangat menyesatkan,,,,,,
2026-08-03T12:28:10.637633+00:00,20260803-122810,https://trends24.in/indonesia/,Sun Aug 02 2026 22:06:21 GMT+0000 (Coordinated Universal Time),19,TEETEEPOR CHEER UP,teeteepor cheer up,,,,,,
2026-08-03T12:28:10.637633+00:00,20260803-122810,https://trends24.in/indonesia/,Sun Aug 02 2026 22:06:21 GMT+0000 (Coordinated Universal Time),20,ing at buriram,ing at buriram,,,,,,
2026-08-03T12:28:10.637633+00:00,20260803-122810,https://trends24.in/indonesia/,Sun Aug 02 2026 22:06:21 GMT+0000 (Coordinated Universal Time),21,Menteri Desa PDT,menteri desa pdt,,,,,,
2026-08-03T12:28:10.637633+00:00,20260803-122810,https://trends24.in/indonesia/,Sun Aug 02 2026 22:06:21 GMT+0000 (Coordinated Universal Time),22,Stabilitas Nasional,stabilitas nasional,,,,,,
2026-08-03T12:28:10.637633+00:00,20260803-122810,https://trends24.in/indonesia/,Sun Aug 02 2026 22:06:21 GMT+0000 (Coordinated Universal Time),23,CORTISPALOOZA BEGINS NOW,cortispalooza begins now,,,,,,
2026-08-03T12:28:10.637633+00:00,20260803-122810,https://trends24.in/indonesia/,Sun Aug 02 2026 22:06:21 GMT+0000 (Coordinated Universal Time),24,hapsun,hapsun,,,,,,
2026-08-03T12:28:10.637633+00:00,20260803-122810,https://trends24.in/indonesia/,Sun Aug 02 2026 22:06:21 GMT+0000 (Coordinated Universal Time),25,WIN FANMEETING IN JKT,win fanmeeting in jkt,,,,,,
2026-08-03T12:28:10.637633+00:00,20260803-122810,https://trends24.in/indonesia/,Sun Aug 02 2026 22:06:21 GMT+0000 (Coordinated Universal Time),26,Mendes PDT,mendes pdt,,,,,,
2026-08-03T12:28:10.637633+00:00,20260803-122810,https://trends24.in/indonesia/,Sun Aug 02 2026 22:06:21 GMT+0000 (Coordinated Universal Time),27,senada couple outfit,senada couple outfit,,,,,,
2026-08-03T12:28:10.637633+00:00,20260803-122810,https://trends24.in/indonesia/,Sun Aug 02 2026 22:06:21 GMT+0000 (Coordinated Universal Time),28,THOMASKONG TOKY GAME ON,thomaskong toky game on,,,,,,
2026-08-03T12:28:10.637633+00:00,20260803-122810,https://trends24.in/indonesia/,Sun Aug 02 2026 22:06:21 GMT+0000 (Coordinated Universal Time),29,$USON,$uson,,,,,,
2026-08-03T12:28:10.637633+00:00,20260803-122810,https://trends24.in/indonesia/,Sun Aug 02 2026 22:06:21 GMT+0000 (Coordinated Universal Time),30,KDMP,kdmp,,,,,,
2026-08-03T12:28:10.637633+00:00,20260803-122810,https://trends24.in/indonesia/,Sun Aug 02 2026 22:06:21 GMT+0000 (Coordinated Universal Time),31,Sumenep,sumenep,,,,,,
2026-08-03T12:28:10.637633+00:00,20260803-122810,https://trends24.in/indonesia/,Sun Aug 02 2026 22:06:21 GMT+0000 (Coordinated Universal Time),32,MONDPROPON FANSIGN,mondpropon fansign,,,,,,
2026-08-03T12:28:10.637633+00:00,20260803-122810,https://trends24.in/indonesia/,Sun Aug 02 2026 22:06:21 GMT+0000 (Coordinated Universal Time),33,Raja,raja,,,,,,
2026-08-03T12:28:10.637633+00:00,20260803-122810,https://trends24.in/indonesia/,Sun Aug 02 2026 22:06:21 GMT+0000 (Coordinated Universal Time),34,TheePeach,theepeach,,,,,,
2026-08-03T12:28:10.637633+00:00,20260803-122810,https://trends24.in/indonesia/,Sun Aug 02 2026 22:06:21 GMT+0000 (Coordinated Universal Time),35,ZEENUNEW x ZON SUSU,zeenunew x zon susu,,,,,,
2026-08-03T12:28:10.637633+00:00,20260803-122810,https://trends24.in/indonesia/,Sun Aug 02 2026 22:06:21 GMT+0000 (Coordinated Universal Time),36,KNP OHAE FULL POWER,knp ohae full power,,,,,,
2026-08-03T12:28:10.637633+00:00,20260803-122810,https://trends24.in/indonesia/,Sun Aug 02 2026 22:06:21 GMT+0000 (Coordinated Universal Time),37,dew renji the first stage,dew renji the first stage,,,,,,
2026-08-03T12:28:10.637633+00:00,20260803-122810,https://trends24.in/indonesia/,Sun Aug 02 2026 22:06:21 GMT+0000 (Coordinated Universal Time),38,le chevalier,le chevalier,,,,,,
2026-08-03T12:28:10.637633+00:00,20260803-122810,https://trends24.in/indonesia/,Sun Aug 02 2026 22:06:21 GMT+0000 (Coordinated Universal Time),39,team 2 - teach you a lesson,team 2 - teach you a lesson,,,,,,
2026-08-03T12:28:10.637633+00:00,20260803-122810,https://trends24.in/indonesia/,Sun Aug 02 2026 22:06:21 GMT+0000 (Coordinated Universal Time),40,malming,malming,,,,,,
2026-08-03T12:28:10.637633+00:00,20260803-122810,https://trends24.in/indonesia/,Sun Aug 02 2026 22:06:21 GMT+0000 (Coordinated Universal Time),41,LENAMIU GIRLS CUP CH3,lenamiu girls cup ch3,,,,,,
2026-08-03T12:28:10.637633+00:00,20260803-122810,https://trends24.in/indonesia/,Sun Aug 02 2026 22:06:21 GMT+0000 (Coordinated Universal Time),42,Peter,peter,,,,,,
2026-08-03T12:28:10.637633+00:00,20260803-122810,https://trends24.in/indonesia/,Sun Aug 02 2026 22:06:21 GMT+0000 (Coordinated Universal Time),43,selamat 100,selamat 100,,,,,,
2026-08-03T12:28:10.637633+00:00,20260803-122810,https://trends24.in/indonesia/,Sun Aug 02 2026 22:06:21 GMT+0000 (Coordinated Universal Time),44,Genius Girlfriend,genius girlfriend,,,,,,
2026-08-03T12:28:10.637633+00:00,20260803-122810,https://trends24.in/indonesia/,Sun Aug 02 2026 22:06:21 GMT+0000 (Coordinated Universal Time),45,FLOWER JIN IN NEW JERSEY,flower jin in new jersey,,,,,,
2026-08-03T12:28:10.637633+00:00,20260803-122810,https://trends24.in/indonesia/,Sun Aug 02 2026 22:06:21 GMT+0000 (Coordinated Universal Time),46,Reverse Auction,reverse auction,,,,,,
2026-08-03T12:28:10.637633+00:00,20260803-122810,https://trends24.in/indonesia/,Sun Aug 02 2026 22:06:21 GMT+0000 (Coordinated Universal Time),47,Khun Thee,khun thee,,,,,,
2026-08-03T12:28:10.637633+00:00,20260803-122810,https://trends24.in/indonesia/,Sun Aug 02 2026 22:06:21 GMT+0000 (Coordinated Universal Time),48,GUMMY YUMMY WITH TTP,gummy yummy with ttp,,,,,,
2026-08-03T12:28:10.637633+00:00,20260803-122810,https://trends24.in/indonesia/,Sun Aug 02 2026 22:06:21 GMT+0000 (Coordinated Universal Time),49,KM Mutiara Sentosa 2,km mutiara sentosa 2,,,,,,
2026-08-03T12:28:10.637633+00:00,20260803-122810,https://trends24.in/indonesia/,Sun Aug 02 2026 22:06:21 GMT+0000 (Coordinated Universal Time),50,Piala Presiden,piala presiden,,,,,,
2026-08-03T12:28:10.637633+00:00,20260803-122810,https://trends24.in/indonesia/,Sun Aug 02 2026 21:15:21 GMT+0000 (Coordinated Universal Time),1,PSD MOGULARRIVAL FS26,psd mogularrival fs26,,,,,,
2026-08-03T12:28:10.637633+00:00,20260803-122810,https://trends24.in/indonesia/,Sun Aug 02 2026 21:15:21 GMT+0000 (Coordinated Universal Time),2,#AlwayswithMarkLee,alwayswithmarklee,,,,,,
2026-08-03T12:28:10.637633+00:00,20260803-122810,https://trends24.in/indonesia/,Sun Aug 02 2026 21:15:21 GMT+0000 (Coordinated Universal Time),3,#ì¤ëë´ì¬ë¦ë¯¼íììì¼ì¶íí´,ì¤ëë´ì¬ë¦ë¯¼íììì¼ì¶íí´,,,,,,
2026-08-03T12:28:10.637633+00:00,20260803-122810,https://trends24.in/indonesia/,Sun Aug 02 2026 21:15:21 GMT+0000 (Coordinated Universal Time),4,#PeachAndMeSeriesFinalEP,peachandmeseriesfinalep,,,,,,
2026-08-03T12:28:10.637633+00:00,20260803-122810,https://trends24.in/indonesia/,Sun Aug 02 2026 21:15:21 GMT+0000 (Coordinated Universal Time),5,Kimpul,kimpul,,,,,,
2026-08-03T12:28:10.637633+00:00,20260803-122810,https://trends24.in/indonesia/,Sun Aug 02 2026 21:15:21 GMT+0000 (Coordinated Universal Time),6,#StopMistreatingJUHOON,stopmistreatingjuhoon,,,,,,
2026-08-03T12:28:10.637633+00:00,20260803-122810,https://trends24.in/indonesia/,Sun Aug 02 2026 21:15:21 GMT+0000 (Coordinated Universal Time),7,#FairTreatmentForJUHOON,fairtreatmentforjuhoon,,,,,,
2026-08-03T12:28:10.637633+00:00,20260803-122810,https://trends24.in/indonesia/,Sun Aug 02 2026 21:15:21 GMT+0000 (Coordinated Universal Time),8,RESPECT JUHOON'S RIGHTS,respect juhoon's rights,,,,,,
2026-08-03T12:28:10.637633+00:00,20260803-122810,https://trends24.in/indonesia/,Sun Aug 02 2026 21:15:21 GMT+0000 (Coordinated Universal Time),9,Blingy Action Plan D1,blingy action plan d1,,,,,,
2026-08-03T12:28:10.637633+00:00,20260803-122810,https://trends24.in/indonesia/,Sun Aug 02 2026 21:15:21 GMT+0000 (Coordinated Universal Time),10,Besok Senin,besok senin,,,,,,
2026-08-03T12:28:10.637633+00:00,20260803-122810,https://trends24.in/indonesia/,Sun Aug 02 2026 21:15:21 GMT+0000 (Coordinated Universal Time),11,LOVE TO SERVE 2ND EP,love to serve 2nd ep,,,,,,
2026-08-03T12:28:10.637633+00:00,20260803-122810,https://trends24.in/indonesia/,Sun Aug 02 2026 21:15:21 GMT+0000 (Coordinated Universal Time),12,Yandri Susanto,yandri susanto,,,,,,
2026-08-03T12:28:10.637633+00:00,20260803-122810,https://trends24.in/indonesia/,Sun Aug 02 2026 21:15:21 GMT+0000 (Coordinated Universal Time),13,Agustus,agustus,,,,,,
2026-08-03T12:28:10.637633+00:00,20260803-122810,https://trends24.in/indonesia/,Sun Aug 02 2026 21:15:21 GMT+0000 (Coordinated Universal Time),14,RACER OHM PAWAT D2,racer ohm pawat d2,,,,,,
2026-08-03T12:28:10.637633+00:00,20260803-122810,https://trends24.in/indonesia/,Sun Aug 02 2026 21:15:21 GMT+0000 (Coordinated Universal Time),15,Minggu,minggu,,,,,,
2026-08-03T12:28:10.637633+00:00,20260803-122810,https://trends24.in/indonesia/,Sun Aug 02 2026 21:15:21 GMT+0000 (Coordinated Universal Time),16,FIRSTONE TURNED 26,firstone turned 26,,,,,,
2026-08-03T12:28:10.637633+00:00,20260803-122810,https://trends24.in/indonesia/,Sun Aug 02 2026 21:15:21 GMT+0000 (Coordinated Universal Time),17,DOMUNDI SPORTS 2026,domundi sports 2026,,,,,,
2026-08-03T12:28:10.637633+00:00,20260803-122810,https://trends24.in/indonesia/,Sun Aug 02 2026 21:15:21 GMT+0000 (Coordinated Universal Time),18,Sangat Menyesatkan,sangat menyesatkan,,,,,,
2026-08-03T12:28:10.637633+00:00,20260803-122810,https://trends24.in/indonesia/,Sun Aug 02 2026 21:15:21 GMT+0000 (Coordinated Universal Time),19,TEETEEPOR CHEER UP,teeteepor cheer up,,,,,,
2026-08-03T12:28:10.637633+00:00,20260803-122810,https://trends24.in/indonesia/,Sun Aug 02 2026 21:15:21 GMT+0000 (Coordinated Universal Time),20,ING AT BURIRAM,ing at buriram,,,,,,
2026-08-03T12:28:10.637633+00:00,20260803-122810,https://trends24.in/indonesia/,Sun Aug 02 2026 21:15:21 GMT+0000 (Coordinated Universal Time),21,mendes pdt,mendes pdt,,,,,,
2026-08-03T12:28:10.637633+00:00,20260803-122810,https://trends24.in/indonesia/,Sun Aug 02 2026 21:15:21 GMT+0000 (Coordinated Universal Time),22,Menteri Desa PDT,menteri desa pdt,,,,,,
2026-08-03T12:28:10.637633+00:00,20260803-122810,https://trends24.in/indonesia/,Sun Aug 02 2026 21:15:21 GMT+0000 (Coordinated Universal Time),23,Stabilitas Nasional,stabilitas nasional,,,,,,
2026-08-03T12:28:10.637633+00:00,20260803-122810,https://trends24.in/indonesia/,Sun Aug 02 2026 21:15:21 GMT+0000 (Coordinated Universal Time),24,CORTISPALOOZA BEGINS NOW,cortispalooza begins now,,,,,,
2026-08-03T12:28:10.637633+00:00,20260803-122810,https://trends24.in/indonesia/,Sun Aug 02 2026 21:15:21 GMT+0000 (Coordinated Universal Time),25,hapsun,hapsun,,,,,,
2026-08-03T12:28:10.637633+00:00,20260803-122810,https://trends24.in/indonesia/,Sun Aug 02 2026 21:15:21 GMT+0000 (Coordinated Universal Time),26,WIN FANMEETING IN JKT,win fanmeeting in jkt,,,,,,
2026-08-03T12:28:10.637633+00:00,20260803-122810,https://trends24.in/indonesia/,Sun Aug 02 2026 21:15:21 GMT+0000 (Coordinated Universal Time),27,SENADA COUPLE OUTFIT,senada couple outfit,,,,,,
2026-08-03T12:28:10.637633+00:00,20260803-122810,https://trends24.in/indonesia/,Sun Aug 02 2026 21:15:21 GMT+0000 (Coordinated Universal Time),28,THOMASKONG TOKY GAME ON,thomaskong toky game on,,,,,,
2026-08-03T12:28:10.637633+00:00,20260803-122810,https://trends24.in/indonesia/,Sun Aug 02 2026 21:15:21 GMT+0000 (Coordinated Universal Time),29,Raja,raja,,,,,,
2026-08-03T12:28:10.637633+00:00,20260803-122810,https://trends24.in/indonesia/,Sun Aug 02 2026 21:15:21 GMT+0000 (Coordinated Universal Time),30,KDMP,kdmp,,,,,,
2026-08-03T12:28:10.637633+00:00,20260803-122810,https://trends24.in/indonesia/,Sun Aug 02 2026 21:15:21 GMT+0000 (Coordinated Universal Time),31,Gamdom,gamdom,,,,,,
2026-08-03T12:28:10.637633+00:00,20260803-122810,https://trends24.in/indonesia/,Sun Aug 02 2026 21:15:21 GMT+0000 (Coordinated Universal Time),32,Sumenep,sumenep,,,,,,
2026-08-03T12:28:10.637633+00:00,20260803-122810,https://trends24.in/indonesia/,Sun Aug 02 2026 21:15:21 GMT+0000 (Coordinated Universal Time),33,MONDPROPON FANSIGN,mondpropon fansign,,,,,,
2026-08-03T12:28:10.637633+00:00,20260803-122810,https://trends24.in/indonesia/,Sun Aug 02 2026 21:15:21 GMT+0000 (Coordinated Universal Time),34,TheePeach,theepeach,,,,,,
2026-08-03T12:28:10.637633+00:00,20260803-122810,https://trends24.in/indonesia/,Sun Aug 02 2026 21:15:21 GMT+0000 (Coordinated Universal Time),35,ZEENUNEW x ZON SUSU,zeenunew x zon susu,,,,,,
2026-08-03T12:28:10.637633+00:00,20260803-122810,https://trends24.in/indonesia/,Sun Aug 02 2026 21:15:21 GMT+0000 (Coordinated Universal Time),36,KNP OHAE FULL POWER,knp ohae full power,,,,,,
2026-08-03T12:28:10.637633+00:00,20260803-122810,https://trends24.in/indonesia/,Sun Aug 02 2026 21:15:21 GMT+0000 (Coordinated Universal Time),37,dew renji the first stage,dew renji the first stage,,,,,,
2026-08-03T12:28:10.637633+00:00,20260803-122810,https://trends24.in/indonesia/,Sun Aug 02 2026 21:15:21 GMT+0000 (Coordinated Universal Time),38,le chevalier,le chevalier,,,,,,
2026-08-03T12:28:10.637633+00:00,20260803-122810,https://trends24.in/indonesia/,Sun Aug 02 2026 21:15:21 GMT+0000 (Coordinated Universal Time),39,$USON,$uson,,,,,,
2026-08-03T12:28:10.637633+00:00,20260803-122810,https://trends24.in/indonesia/,Sun Aug 02 2026 21:15:21 GMT+0000 (Coordinated Universal Time),40,team 2 - teach you a lesson,team 2 - teach you a lesson,,,,,,
2026-08-03T12:28:10.637633+00:00,20260803-122810,https://trends24.in/indonesia/,Sun Aug 02 2026 21:15:21 GMT+0000 (Coordinated Universal Time),41,malming,malming,,,,,,
2026-08-03T12:28:10.637633+00:00,20260803-122810,https://trends24.in/indonesia/,Sun Aug 02 2026 21:15:21 GMT+0000 (Coordinated Universal Time),42,LENAMIU GIRLS CUP CH3,lenamiu girls cup ch3,,,,,,
2026-08-03T12:28:10.637633+00:00,20260803-122810,https://trends24.in/indonesia/,Sun Aug 02 2026 21:15:21 GMT+0000 (Coordinated Universal Time),43,Peter,peter,,,,,,
2026-08-03T12:28:10.637633+00:00,20260803-122810,https://trends24.in/indonesia/,Sun Aug 02 2026 21:15:21 GMT+0000 (Coordinated Universal Time),44,selamat 100,selamat 100,,,,,,
2026-08-03T12:28:10.637633+00:00,20260803-122810,https://trends24.in/indonesia/,Sun Aug 02 2026 21:15:21 GMT+0000 (Coordinated Universal Time),45,Genius Girlfriend,genius girlfriend,,,,,,
2026-08-03T12:28:10.637633+00:00,20260803-122810,https://trends24.in/indonesia/,Sun Aug 02 2026 21:15:21 GMT+0000 (Coordinated Universal Time),46,FLOWER JIN IN NEW JERSEY,flower jin in new jersey,,,,,,
2026-08-03T12:28:10.637633+00:00,20260803-122810,https://trends24.in/indonesia/,Sun Aug 02 2026 21:15:21 GMT+0000 (Coordinated Universal Time),47,Ruben,ruben,,,,,,
2026-08-03T12:28:10.637633+00:00,20260803-122810,https://trends24.in/indonesia/,Sun Aug 02 2026 21:15:21 GMT+0000 (Coordinated Universal Time),48,Reverse Auction,reverse auction,,,,,,
2026-08-03T12:28:10.637633+00:00,20260803-122810,https://trends24.in/indonesia/,Sun Aug 02 2026 21:15:21 GMT+0000 (Coordinated Universal Time),49,Khun Thee,khun thee,,,,,,
2026-08-03T12:28:10.637633+00:00,20260803-122810,https://trends24.in/indonesia/,Sun Aug 02 2026 21:15:21 GMT+0000 (Coordinated Universal Time),50,GUMMY YUMMY WITH TTP,gummy yummy with ttp,,,,,,
2026-08-03T12:28:10.637633+00:00,20260803-122810,https://trends24.in/indonesia/,Sun Aug 02 2026 20:21:28 GMT+0000 (Coordinated Universal Time),1,PSD MOGULARRIVAL FS26,psd mogularrival fs26,,,,,,
2026-08-03T12:28:10.637633+00:00,20260803-122810,https://trends24.in/indonesia/,Sun Aug 02 2026 20:21:28 GMT+0000 (Coordinated Universal Time),2,#AlwayswithMarkLee,alwayswithmarklee,,,,,,
2026-08-03T12:28:10.637633+00:00,20260803-122810,https://trends24.in/indonesia/,Sun Aug 02 2026 20:21:28 GMT+0000 (Coordinated Universal Time),3,#ì¤ëë´ì¬ë¦ë¯¼íììì¼ì¶íí´,ì¤ëë´ì¬ë¦ë¯¼íììì¼ì¶íí´,,,,,,
2026-08-03T12:28:10.637633+00:00,20260803-122810,https://trends24.in/indonesia/,Sun Aug 02 2026 20:21:28 GMT+0000 (Coordinated Universal Time),4,#PeachAndMeSeriesFinalEP,peachandmeseriesfinalep,,,,,,
2026-08-03T12:28:10.637633+00:00,20260803-122810,https://trends24.in/indonesia/,Sun Aug 02 2026 20:21:28 GMT+0000 (Coordinated Universal Time),5,Kimpul,kimpul,,,,,,
2026-08-03T12:28:10.637633+00:00,20260803-122810,https://trends24.in/indonesia/,Sun Aug 02 2026 20:21:28 GMT+0000 (Coordinated Universal Time),6,#StopMistreatingJUHOON,stopmistreatingjuhoon,,,,,,
2026-08-03T12:28:10.637633+00:00,20260803-122810,https://trends24.in/indonesia/,Sun Aug 02 2026 20:21:28 GMT+0000 (Coordinated Universal Time),7,#FairTreatmentForJUHOON,fairtreatmentforjuhoon,,,,,,
2026-08-03T12:28:10.637633+00:00,20260803-122810,https://trends24.in/indonesia/,Sun Aug 02 2026 20:21:28 GMT+0000 (Coordinated Universal Time),8,persebaya vs port fc,persebaya vs port fc,,,,,,
2026-08-03T12:28:10.637633+00:00,20260803-122810,https://trends24.in/indonesia/,Sun Aug 02 2026 20:21:28 GMT+0000 (Coordinated Universal Time),9,RESPECT JUHOON'S RIGHTS,respect juhoon's rights,,,,,,
2026-08-03T12:28:10.637633+00:00,20260803-122810,https://trends24.in/indonesia/,Sun Aug 02 2026 20:21:28 GMT+0000 (Coordinated Universal Time),10,Blingy Action Plan D1,blingy action plan d1,,,,,,
2026-08-03T12:28:10.637633+00:00,20260803-122810,https://trends24.in/indonesia/,Sun Aug 02 2026 20:21:28 GMT+0000 (Coordinated Universal Time),11,Yandri Susanto,yandri susanto,,,,,,
2026-08-03T12:28:10.637633+00:00,20260803-122810,https://trends24.in/indonesia/,Sun Aug 02 2026 20:21:28 GMT+0000 (Coordinated Universal Time),12,Besok Senin,besok senin,,,,,,
2026-08-03T12:28:10.637633+00:00,20260803-122810,https://trends24.in/indonesia/,Sun Aug 02 2026 20:21:28 GMT+0000 (Coordinated Universal Time),13,LOVE TO SERVE 2ND EP,love to serve 2nd ep,,,,,,
2026-08-03T12:28:10.637633+00:00,20260803-122810,https://trends24.in/indonesia/,Sun Aug 02 2026 20:21:28 GMT+0000 (Coordinated Universal Time),14,Agustus,agustus,,,,,,
2026-08-03T12:28:10.637633+00:00,20260803-122810,https://trends24.in/indonesia/,Sun Aug 02 2026 20:21:28 GMT+0000 (Coordinated Universal Time),15,RACER OHM PAWAT D2,racer ohm pawat d2,,,,,,
2026-08-03T12:28:10.637633+00:00,20260803-122810,https://trends24.in/indonesia/,Sun Aug 02 2026 20:21:28 GMT+0000 (Coordinated Universal Time),16,FIRSTONE TURNED 26,firstone turned 26,,,,,,
2026-08-03T12:28:10.637633+00:00,20260803-122810,https://trends24.in/indonesia/,Sun Aug 02 2026 20:21:28 GMT+0000 (Coordinated Universal Time),17,DOMUNDI SPORTS 2026,domundi sports 2026,,,,,,
2026-08-03T12:28:10.637633+00:00,20260803-122810,https://trends24.in/indonesia/,Sun Aug 02 2026 20:21:28 GMT+0000 (Coordinated Universal Time),18,Sangat Menyesatkan,sangat menyesatkan,,,,,,
2026-08-03T12:28:10.637633+00:00,20260803-122810,https://trends24.in/indonesia/,Sun Aug 02 2026 20:21:28 GMT+0000 (Coordinated Universal Time),19,TEETEEPOR CHEER UP,teeteepor cheer up,,,,,,
2026-08-03T12:28:10.637633+00:00,20260803-122810,https://trends24.in/indonesia/,Sun Aug 02 2026 20:21:28 GMT+0000 (Coordinated Universal Time),20,ING AT BURIRAM,ing at buriram,,,,,,
2026-08-03T12:28:10.637633+00:00,20260803-122810,https://trends24.in/indonesia/,Sun Aug 02 2026 20:21:28 GMT+0000 (Coordinated Universal Time),21,Menteri Desa PDT,menteri desa pdt,,,,,,
2026-08-03T12:28:10.637633+00:00,20260803-122810,https://trends24.in/indonesia/,Sun Aug 02 2026 20:21:28 GMT+0000 (Coordinated Universal Time),22,Stabilitas Nasional,stabilitas nasional,,,,,,
2026-08-03T12:28:10.637633+00:00,20260803-122810,https://trends24.in/indonesia/,Sun Aug 02 2026 20:21:28 GMT+0000 (Coordinated Universal Time),23,mendes pdt,mendes pdt,,,,,,
2026-08-03T12:28:10.637633+00:00,20260803-122810,https://trends24.in/indonesia/,Sun Aug 02 2026 20:21:28 GMT+0000 (Coordinated Universal Time),24,CORTISPALOOZA BEGINS NOW,cortispalooza begins now,,,,,,
2026-08-03T12:28:10.637633+00:00,20260803-122810,https://trends24.in/indonesia/,Sun Aug 02 2026 20:21:28 GMT+0000 (Coordinated Universal Time),25,KDMP,kdmp,,,,,,
2026-08-03T12:28:10.637633+00:00,20260803-122810,https://trends24.in/indonesia/,Sun Aug 02 2026 20:21:28 GMT+0000 (Coordinated Universal Time),26,hapsun,hapsun,,,,,,
2026-08-03T12:28:10.637633+00:00,20260803-122810,https://trends24.in/indonesia/,Sun Aug 02 2026 20:21:28 GMT+0000 (Coordinated Universal Time),27,WIN FANMEETING IN JKT,win fanmeeting in jkt,,,,,,
2026-08-03T12:28:10.637633+00:00,20260803-122810,https://trends24.in/indonesia/,Sun Aug 02 2026 20:21:28 GMT+0000 (Coordinated Universal Time),28,SENADA COUPLE OUTFIT,senada couple outfit,,,,,,
2026-08-03T12:28:10.637633+00:00,20260803-122810,https://trends24.in/indonesia/,Sun Aug 02 2026 20:21:28 GMT+0000 (Coordinated Universal Time),29,THOMASKONG TOKY GAME ON,thomaskong toky game on,,,,,,
2026-08-03T12:28:10.637633+00:00,20260803-122810,https://trends24.in/indonesia/,Sun Aug 02 2026 20:21:28 GMT+0000 (Coordinated Universal Time),30,Raja,raja,,,,,,
2026-08-03T12:28:10.637633+00:00,20260803-122810,https://trends24.in/indonesia/,Sun Aug 02 2026 20:21:28 GMT+0000 (Coordinated Universal Time),31,Gamdom,gamdom,,,,,,
2026-08-03T12:28:10.637633+00:00,20260803-122810,https://trends24.in/indonesia/,Sun Aug 02 2026 20:21:28 GMT+0000 (Coordinated Universal Time),32,Sumenep,sumenep,,,,,,
2026-08-03T12:28:10.637633+00:00,20260803-122810,https://trends24.in/indonesia/,Sun Aug 02 2026 20:21:28 GMT+0000 (Coordinated Universal Time),33,MONDPROPON FANSIGN,mondpropon fansign,,,,,,
2026-08-03T12:28:10.637633+00:00,20260803-122810,https://trends24.in/indonesia/,Sun Aug 02 2026 20:21:28 GMT+0000 (Coordinated Universal Time),34,TheePeach,theepeach,,,,,,
2026-08-03T12:28:10.637633+00:00,20260803-122810,https://trends24.in/indonesia/,Sun Aug 02 2026 20:21:28 GMT+0000 (Coordinated Universal Time),35,ZEENUNEW x ZON SUSU,zeenunew x zon susu,,,,,,
2026-08-03T12:28:10.637633+00:00,20260803-122810,https://trends24.in/indonesia/,Sun Aug 02 2026 20:21:28 GMT+0000 (Coordinated Universal Time),36,KNP OHAE FULL POWER,knp ohae full power,,,,,,
2026-08-03T12:28:10.637633+00:00,20260803-122810,https://trends24.in/indonesia/,Sun Aug 02 2026 20:21:28 GMT+0000 (Coordinated Universal Time),37,dew renji the first stage,dew renji the first stage,,,,,,
2026-08-03T12:28:10.637633+00:00,20260803-122810,https://trends24.in/indonesia/,Sun Aug 02 2026 20:21:28 GMT+0000 (Coordinated Universal Time),38,le chevalier,le chevalier,,,,,,
2026-08-03T12:28:10.637633+00:00,20260803-122810,https://trends24.in/indonesia/,Sun Aug 02 2026 20:21:28 GMT+0000 (Coordinated Universal Time),39,Team 2 - Teach You A Lesson,team 2 - teach you a lesson,,,,,,
2026-08-03T12:28:10.637633+00:00,20260803-122810,https://trends24.in/indonesia/,Sun Aug 02 2026 20:21:28 GMT+0000 (Coordinated Universal Time),40,malming,malming,,,,,,
2026-08-03T12:28:10.637633+00:00,20260803-122810,https://trends24.in/indonesia/,Sun Aug 02 2026 20:21:28 GMT+0000 (Coordinated Universal Time),41,LENAMIU GIRLS CUP CH3,lenamiu girls cup ch3,,,,,,
2026-08-03T12:28:10.637633+00:00,20260803-122810,https://trends24.in/indonesia/,Sun Aug 02 2026 20:21:28 GMT+0000 (Coordinated Universal Time),42,Peter,peter,,,,,,
2026-08-03T12:28:10.637633+00:00,20260803-122810,https://trends24.in/indonesia/,Sun Aug 02 2026 20:21:28 GMT+0000 (Coordinated Universal Time),43,selamat 100,selamat 100,,,,,,
2026-08-03T12:28:10.637633+00:00,20260803-122810,https://trends24.in/indonesia/,Sun Aug 02 2026 20:21:28 GMT+0000 (Coordinated Universal Time),44,Genius Girlfriend,genius girlfriend,,,,,,
2026-08-03T12:28:10.637633+00:00,20260803-122810,https://trends24.in/indonesia/,Sun Aug 02 2026 20:21:28 GMT+0000 (Coordinated Universal Time),45,$USON,$uson,,,,,,
2026-08-03T12:28:10.637633+00:00,20260803-122810,https://trends24.in/indonesia/,Sun Aug 02 2026 20:21:28 GMT+0000 (Coordinated Universal Time),46,FLOWER JIN IN NEW JERSEY,flower jin in new jersey,,,,,,
2026-08-03T12:28:10.637633+00:00,20260803-122810,https://trends24.in/indonesia/,Sun Aug 02 2026 20:21:28 GMT+0000 (Coordinated Universal Time),47,Ruben,ruben,,,,,,
2026-08-03T12:28:10.637633+00:00,20260803-122810,https://trends24.in/indonesia/,Sun Aug 02 2026 20:21:28 GMT+0000 (Coordinated Universal Time),48,Reverse Auction,reverse auction,,,,,,
2026-08-03T12:28:10.637633+00:00,20260803-122810,https://trends24.in/indonesia/,Sun Aug 02 2026 20:21:28 GMT+0000 (Coordinated Universal Time),49,Khun Thee,khun thee,,,,,,
2026-08-03T12:28:10.637633+00:00,20260803-122810,https://trends24.in/indonesia/,Sun Aug 02 2026 20:21:28 GMT+0000 (Coordinated Universal Time),50,GUMMY YUMMY WITH TTP,gummy yummy with ttp,,,,,,
2026-08-03T12:28:10.637633+00:00,20260803-122810,https://trends24.in/indonesia/,Sun Aug 02 2026 19:28:20 GMT+0000 (Coordinated Universal Time),1,PSD MOGULARRIVAL FS26,psd mogularrival fs26,,,,,,
2026-08-03T12:28:10.637633+00:00,20260803-122810,https://trends24.in/indonesia/,Sun Aug 02 2026 19:28:20 GMT+0000 (Coordinated Universal Time),2,#AlwayswithMarkLee,alwayswithmarklee,,,,,,
2026-08-03T12:28:10.637633+00:00,20260803-122810,https://trends24.in/indonesia/,Sun Aug 02 2026 19:28:20 GMT+0000 (Coordinated Universal Time),3,#ì¤ëë´ì¬ë¦ë¯¼íììì¼ì¶íí´,ì¤ëë´ì¬ë¦ë¯¼íììì¼ì¶íí´,,,,,,
2026-08-03T12:28:10.637633+00:00,20260803-122810,https://trends24.in/indonesia/,Sun Aug 02 2026 19:28:20 GMT+0000 (Coordinated Universal Time),4,#PeachAndMeSeriesFinalEP,peachandmeseriesfinalep,,,,,,
2026-08-03T12:28:10.637633+00:00,20260803-122810,https://trends24.in/indonesia/,Sun Aug 02 2026 19:28:20 GMT+0000 (Coordinated Universal Time),5,Kimpul,kimpul,,,,,,
2026-08-03T12:28:10.637633+00:00,20260803-122810,https://trends24.in/indonesia/,Sun Aug 02 2026 19:28:20 GMT+0000 (Coordinated Universal Time),6,#StopMistreatingJUHOON,stopmistreatingjuhoon,,,,,,
2026-08-03T12:28:10.637633+00:00,20260803-122810,https://trends24.in/indonesia/,Sun Aug 02 2026 19:28:20 GMT+0000 (Coordinated Universal Time),7,#DMDSportsDay2026,dmdsportsday2026,,,,,,
2026-08-03T12:28:10.637633+00:00,20260803-122810,https://trends24.in/indonesia/,Sun Aug 02 2026 19:28:20 GMT+0000 (Coordinated Universal Time),8,persebaya vs port fc,persebaya vs port fc,,,,,,
2026-08-03T12:28:10.637633+00:00,20260803-122810,https://trends24.in/indonesia/,Sun Aug 02 2026 19:28:20 GMT+0000 (Coordinated Universal Time),9,Blingy Action Plan D1,blingy action plan d1,,,,,,
2026-08-03T12:28:10.637633+00:00,20260803-122810,https://trends24.in/indonesia/,Sun Aug 02 2026 19:28:20 GMT+0000 (Coordinated Universal Time),10,Yandri Susanto,yandri susanto,,,,,,
2026-08-03T12:28:10.637633+00:00,20260803-122810,https://trends24.in/indonesia/,Sun Aug 02 2026 19:28:20 GMT+0000 (Coordinated Universal Time),11,Besok Senin,besok senin,,,,,,
2026-08-03T12:28:10.637633+00:00,20260803-122810,https://trends24.in/indonesia/,Sun Aug 02 2026 19:28:20 GMT+0000 (Coordinated Universal Time),12,Senin,senin,,,,,,
2026-08-03T12:28:10.637633+00:00,20260803-122810,https://trends24.in/indonesia/,Sun Aug 02 2026 19:28:20 GMT+0000 (Coordinated Universal Time),13,LOVE TO SERVE 2ND EP,love to serve 2nd ep,,,,,,
2026-08-03T12:28:10.637633+00:00,20260803-122810,https://trends24.in/indonesia/,Sun Aug 02 2026 19:28:20 GMT+0000 (Coordinated Universal Time),14,Agustus,agustus,,,,,,
2026-08-03T12:28:10.637633+00:00,20260803-122810,https://trends24.in/indonesia/,Sun Aug 02 2026 19:28:20 GMT+0000 (Coordinated Universal Time),15,RACER OHM PAWAT D2,racer ohm pawat d2,,,,,,
2026-08-03T12:28:10.637633+00:00,20260803-122810,https://trends24.in/indonesia/,Sun Aug 02 2026 19:28:20 GMT+0000 (Coordinated Universal Time),16,DOMUNDI SPORTS 2026,domundi sports 2026,,,,,,
2026-08-03T12:28:10.637633+00:00,20260803-122810,https://trends24.in/indonesia/,Sun Aug 02 2026 19:28:20 GMT+0000 (Coordinated Universal Time),17,FIRSTONE TURNED 26,firstone turned 26,,,,,,
2026-08-03T12:28:10.637633+00:00,20260803-122810,https://trends24.in/indonesia/,Sun Aug 02 2026 19:28:20 GMT+0000 (Coordinated Universal Time),18,Sangat Menyesatkan,sangat menyesatkan,,,,,,
2026-08-03T12:28:10.637633+00:00,20260803-122810,https://trends24.in/indonesia/,Sun Aug 02 2026 19:28:20 GMT+0000 (Coordinated Universal Time),19,TEETEEPOR CHEER UP,teeteepor cheer up,,,,,,
2026-08-03T12:28:10.637633+00:00,20260803-122810,https://trends24.in/indonesia/,Sun Aug 02 2026 19:28:20 GMT+0000 (Coordinated Universal Time),20,ING AT BURIRAM,ing at buriram,,,,,,
2026-08-03T12:28:10.637633+00:00,20260803-122810,https://trends24.in/indonesia/,Sun Aug 02 2026 19:28:20 GMT+0000 (Coordinated Universal Time),21,Menteri Desa PDT,menteri desa pdt,,,,,,
2026-08-03T12:28:10.637633+00:00,20260803-122810,https://trends24.in/indonesia/,Sun Aug 02 2026 19:28:20 GMT+0000 (Coordinated Universal Time),22,Stabilitas Nasional,stabilitas nasional,,,,,,
2026-08-03T12:28:10.637633+00:00,20260803-122810,https://trends24.in/indonesia/,Sun Aug 02 2026 19:28:20 GMT+0000 (Coordinated Universal Time),23,mendes pdt,mendes pdt,,,,,,
2026-08-03T12:28:10.637633+00:00,20260803-122810,https://trends24.in/indonesia/,Sun Aug 02 2026 19:28:20 GMT+0000 (Coordinated Universal Time),24,CORTISPALOOZA BEGINS NOW,cortispalooza begins now,,,,,,
2026-08-03T12:28:10.637633+00:00,20260803-122810,https://trends24.in/indonesia/,Sun Aug 02 2026 19:28:20 GMT+0000 (Coordinated Universal Time),25,KDMP,kdmp,,,,,,
2026-08-03T12:28:10.637633+00:00,20260803-122810,https://trends24.in/indonesia/,Sun Aug 02 2026 19:28:20 GMT+0000 (Coordinated Universal Time),26,Hapsun,hapsun,,,,,,
2026-08-03T12:28:10.637633+00:00,20260803-122810,https://trends24.in/indonesia/,Sun Aug 02 2026 19:28:20 GMT+0000 (Coordinated Universal Time),27,WIN FANMEETING IN JKT,win fanmeeting in jkt,,,,,,
2026-08-03T12:28:10.637633+00:00,20260803-122810,https://trends24.in/indonesia/,Sun Aug 02 2026 19:28:20 GMT+0000 (Coordinated Universal Time),28,SENADA COUPLE OUTFIT,senada couple outfit,,,,,,
2026-08-03T12:28:10.637633+00:00,20260803-122810,https://trends24.in/indonesia/,Sun Aug 02 2026 19:28:20 GMT+0000 (Coordinated Universal Time),29,THOMASKONG TOKY GAME ON,thomaskong toky game on,,,,,,
2026-08-03T12:28:10.637633+00:00,20260803-122810,https://trends24.in/indonesia/,Sun Aug 02 2026 19:28:20 GMT+0000 (Coordinated Universal Time),30,Raja,raja,,,,,,
2026-08-03T12:28:10.637633+00:00,20260803-122810,https://trends24.in/indonesia/,Sun Aug 02 2026 19:28:20 GMT+0000 (Coordinated Universal Time),31,Sumenep,sumenep,,,,,,
2026-08-03T12:28:10.637633+00:00,20260803-122810,https://trends24.in/indonesia/,Sun Aug 02 2026 19:28:20 GMT+0000 (Coordinated Universal Time),32,MONDPROPON FANSIGN,mondpropon fansign,,,,,,
2026-08-03T12:28:10.637633+00:00,20260803-122810,https://trends24.in/indonesia/,Sun Aug 02 2026 19:28:20 GMT+0000 (Coordinated Universal Time),33,TheePeach,theepeach,,,,,,
2026-08-03T12:28:10.637633+00:00,20260803-122810,https://trends24.in/indonesia/,Sun Aug 02 2026 19:28:20 GMT+0000 (Coordinated Universal Time),34,ZEENUNEW x ZON SUSU,zeenunew x zon susu,,,,,,
2026-08-03T12:28:10.637633+00:00,20260803-122810,https://trends24.in/indonesia/,Sun Aug 02 2026 19:28:20 GMT+0000 (Coordinated Universal Time),35,KNP OHAE FULL POWER,knp ohae full power,,,,,,
2026-08-03T12:28:10.637633+00:00,20260803-122810,https://trends24.in/indonesia/,Sun Aug 02 2026 19:28:20 GMT+0000 (Coordinated Universal Time),36,DEW RENJI THE FIRST STAGE,dew renji the first stage,,,,,,
2026-08-03T12:28:10.637633+00:00,20260803-122810,https://trends24.in/indonesia/,Sun Aug 02 2026 19:28:20 GMT+0000 (Coordinated Universal Time),37,le chevalier,le chevalier,,,,,,
2026-08-03T12:28:10.637633+00:00,20260803-122810,https://trends24.in/indonesia/,Sun Aug 02 2026 19:28:20 GMT+0000 (Coordinated Universal Time),38,Team 2 - Teach You A Lesson,team 2 - teach you a lesson,,,,,,
2026-08-03T12:28:10.637633+00:00,20260803-122810,https://trends24.in/indonesia/,Sun Aug 02 2026 19:28:20 GMT+0000 (Coordinated Universal Time),39,Peter,peter,,,,,,
2026-08-03T12:28:10.637633+00:00,20260803-122810,https://trends24.in/indonesia/,Sun Aug 02 2026 19:28:20 GMT+0000 (Coordinated Universal Time),40,malming,malming,,,,,,
2026-08-03T12:28:10.637633+00:00,20260803-122810,https://trends24.in/indonesia/,Sun Aug 02 2026 19:28:20 GMT+0000 (Coordinated Universal Time),41,LENAMIU GIRLS CUP CH3,lenamiu girls cup ch3,,,,,,
2026-08-03T12:28:10.637633+00:00,20260803-122810,https://trends24.in/indonesia/,Sun Aug 02 2026 19:28:20 GMT+0000 (Coordinated Universal Time),42,selamat 100,selamat 100,,,,,,
2026-08-03T12:28:10.637633+00:00,20260803-122810,https://trends24.in/indonesia/,Sun Aug 02 2026 19:28:20 GMT+0000 (Coordinated Universal Time),43,Gamdom,gamdom,,,,,,
2026-08-03T12:28:10.637633+00:00,20260803-122810,https://trends24.in/indonesia/,Sun Aug 02 2026 19:28:20 GMT+0000 (Coordinated Universal Time),44,Ruben,ruben,,,,,,
2026-08-03T12:28:10.637633+00:00,20260803-122810,https://trends24.in/indonesia/,Sun Aug 02 2026 19:28:20 GMT+0000 (Coordinated Universal Time),45,Genius Girlfriend,genius girlfriend,,,,,,
2026-08-03T12:28:10.637633+00:00,20260803-122810,https://trends24.in/indonesia/,Sun Aug 02 2026 19:28:20 GMT+0000 (Coordinated Universal Time),46,Reverse Auction,reverse auction,,,,,,
2026-08-03T12:28:10.637633+00:00,20260803-122810,https://trends24.in/indonesia/,Sun Aug 02 2026 19:28:20 GMT+0000 (Coordinated Universal Time),47,FLOWER JIN IN NEW JERSEY,flower jin in new jersey,,,,,,
2026-08-03T12:28:10.637633+00:00,20260803-122810,https://trends24.in/indonesia/,Sun Aug 02 2026 19:28:20 GMT+0000 (Coordinated Universal Time),48,Piala Presiden,piala presiden,,,,,,
2026-08-03T12:28:10.637633+00:00,20260803-122810,https://trends24.in/indonesia/,Sun Aug 02 2026 19:28:20 GMT+0000 (Coordinated Universal Time),49,$USON,$uson,,,,,,
2026-08-03T12:28:10.637633+00:00,20260803-122810,https://trends24.in/indonesia/,Sun Aug 02 2026 19:28:20 GMT+0000 (Coordinated Universal Time),50,Khun Thee,khun thee,,,,,,
2026-08-03T12:28:10.637633+00:00,20260803-122810,https://trends24.in/indonesia/,Sun Aug 02 2026 18:36:39 GMT+0000 (Coordinated Universal Time),1,PSD MOGULARRIVAL FS26,psd mogularrival fs26,,,,,,
2026-08-03T12:28:10.637633+00:00,20260803-122810,https://trends24.in/indonesia/,Sun Aug 02 2026 18:36:39 GMT+0000 (Coordinated Universal Time),2,#AlwayswithMarkLee,alwayswithmarklee,,,,,,
2026-08-03T12:28:10.637633+00:00,20260803-122810,https://trends24.in/indonesia/,Sun Aug 02 2026 18:36:39 GMT+0000 (Coordinated Universal Time),3,#ì¤ëë´ì¬ë¦ë¯¼íììì¼ì¶íí´,ì¤ëë´ì¬ë¦ë¯¼íììì¼ì¶íí´,,,,,,
2026-08-03T12:28:10.637633+00:00,20260803-122810,https://trends24.in/indonesia/,Sun Aug 02 2026 18:36:39 GMT+0000 (Coordinated Universal Time),4,#PeachAndMeSeriesFinalEP,peachandmeseriesfinalep,,,,,,
2026-08-03T12:28:10.637633+00:00,20260803-122810,https://trends24.in/indonesia/,Sun Aug 02 2026 18:36:39 GMT+0000 (Coordinated Universal Time),5,Kimpul,kimpul,,,,,,
2026-08-03T12:28:10.637633+00:00,20260803-122810,https://trends24.in/indonesia/,Sun Aug 02 2026 18:36:39 GMT+0000 (Coordinated Universal Time),6,#StopMistreatingJUHOON,stopmistreatingjuhoon,,,,,,
2026-08-03T12:28:10.637633+00:00,20260803-122810,https://trends24.in/indonesia/,Sun Aug 02 2026 18:36:39 GMT+0000 (Coordinated Universal Time),7,#DMDSportsDay2026,dmdsportsday2026,,,,,,
2026-08-03T12:28:10.637633+00:00,20260803-122810,https://trends24.in/indonesia/,Sun Aug 02 2026 18:36:39 GMT+0000 (Coordinated Universal Time),8,persebaya vs port fc,persebaya vs port fc,,,,,,
2026-08-03T12:28:10.637633+00:00,20260803-122810,https://trends24.in/indonesia/,Sun Aug 02 2026 18:36:39 GMT+0000 (Coordinated Universal Time),9,Senin,senin,,,,,,
2026-08-03T12:28:10.637633+00:00,20260803-122810,https://trends24.in/indonesia/,Sun Aug 02 2026 18:36:39 GMT+0000 (Coordinated Universal Time),10,Blingy Action Plan D1,blingy action plan d1,,,,,,
2026-08-03T12:28:10.637633+00:00,20260803-122810,https://trends24.in/indonesia/,Sun Aug 02 2026 18:36:39 GMT+0000 (Coordinated Universal Time),11,Yandri Susanto,yandri susanto,,,,,,
2026-08-03T12:28:10.637633+00:00,20260803-122810,https://trends24.in/indonesia/,Sun Aug 02 2026 18:36:39 GMT+0000 (Coordinated Universal Time),12,Agustus,agustus,,,,,,
2026-08-03T12:28:10.637633+00:00,20260803-122810,https://trends24.in/indonesia/,Sun Aug 02 2026 18:36:39 GMT+0000 (Coordinated Universal Time),13,LOVE TO SERVE 2ND EP,love to serve 2nd ep,,,,,,
2026-08-03T12:28:10.637633+00:00,20260803-122810,https://trends24.in/indonesia/,Sun Aug 02 2026 18:36:39 GMT+0000 (Coordinated Universal Time),14,Minggu,minggu,,,,,,
2026-08-03T12:28:10.637633+00:00,20260803-122810,https://trends24.in/indonesia/,Sun Aug 02 2026 18:36:39 GMT+0000 (Coordinated Universal Time),15,RACER OHM PAWAT D2,racer ohm pawat d2,,,,,,
2026-08-03T12:28:10.637633+00:00,20260803-122810,https://trends24.in/indonesia/,Sun Aug 02 2026 18:36:39 GMT+0000 (Coordinated Universal Time),16,DOMUNDI SPORTS 2026,domundi sports 2026,,,,,,
2026-08-03T12:28:10.637633+00:00,20260803-122810,https://trends24.in/indonesia/,Sun Aug 02 2026 18:36:39 GMT+0000 (Coordinated Universal Time),17,Sangat Menyesatkan,sangat menyesatkan,,,,,,
2026-08-03T12:28:10.637633+00:00,20260803-122810,https://trends24.in/indonesia/,Sun Aug 02 2026 18:36:39 GMT+0000 (Coordinated Universal Time),18,TEETEEPOR CHEER UP,teeteepor cheer up,,,,,,
2026-08-03T12:28:10.637633+00:00,20260803-122810,https://trends24.in/indonesia/,Sun Aug 02 2026 18:36:39 GMT+0000 (Coordinated Universal Time),19,Stabilitas Nasional,stabilitas nasional,,,,,,
2026-08-03T12:28:10.637633+00:00,20260803-122810,https://trends24.in/indonesia/,Sun Aug 02 2026 18:36:39 GMT+0000 (Coordinated Universal Time),20,FIRSTONE TURNED 26,firstone turned 26,,,,,,
2026-08-03T12:28:10.637633+00:00,20260803-122810,https://trends24.in/indonesia/,Sun Aug 02 2026 18:36:39 GMT+0000 (Coordinated Universal Time),21,ING AT BURIRAM,ing at buriram,,,,,,
2026-08-03T12:28:10.637633+00:00,20260803-122810,https://trends24.in/indonesia/,Sun Aug 02 2026 18:36:39 GMT+0000 (Coordinated Universal Time),22,Menteri Desa PDT,menteri desa pdt,,,,,,
2026-08-03T12:28:10.637633+00:00,20260803-122810,https://trends24.in/indonesia/,Sun Aug 02 2026 18:36:39 GMT+0000 (Coordinated Universal Time),23,Mendes PDT,mendes pdt,,,,,,
2026-08-03T12:28:10.637633+00:00,20260803-122810,https://trends24.in/indonesia/,Sun Aug 02 2026 18:36:39 GMT+0000 (Coordinated Universal Time),24,produk lokal indonesia,produk lokal indonesia,,,,,,
2026-08-03T12:28:10.637633+00:00,20260803-122810,https://trends24.in/indonesia/,Sun Aug 02 2026 18:36:39 GMT+0000 (Coordinated Universal Time),25,CORTISPALOOZA BEGINS NOW,cortispalooza begins now,,,,,,
2026-08-03T12:28:10.637633+00:00,20260803-122810,https://trends24.in/indonesia/,Sun Aug 02 2026 18:36:39 GMT+0000 (Coordinated Universal Time),26,KDMP,kdmp,,,,,,
2026-08-03T12:28:10.637633+00:00,20260803-122810,https://trends24.in/indonesia/,Sun Aug 02 2026 18:36:39 GMT+0000 (Coordinated Universal Time),27,Hapsun,hapsun,,,,,,
2026-08-03T12:28:10.637633+00:00,20260803-122810,https://trends24.in/indonesia/,Sun Aug 02 2026 18:36:39 GMT+0000 (Coordinated Universal Time),28,WIN FANMEETING IN JKT,win fanmeeting in jkt,,,,,,
2026-08-03T12:28:10.637633+00:00,20260803-122810,https://trends24.in/indonesia/,Sun Aug 02 2026 18:36:39 GMT+0000 (Coordinated Universal Time),29,Raja,raja,,,,,,
2026-08-03T12:28:10.637633+00:00,20260803-122810,https://trends24.in/indonesia/,Sun Aug 02 2026 18:36:39 GMT+0000 (Coordinated Universal Time),30,SENADA COUPLE OUTFIT,senada couple outfit,,,,,,
2026-08-03T12:28:10.637633+00:00,20260803-122810,https://trends24.in/indonesia/,Sun Aug 02 2026 18:36:39 GMT+0000 (Coordinated Universal Time),31,THOMASKONG TOKY GAME ON,thomaskong toky game on,,,,,,
2026-08-03T12:28:10.637633+00:00,20260803-122810,https://trends24.in/indonesia/,Sun Aug 02 2026 18:36:39 GMT+0000 (Coordinated Universal Time),32,Sumenep,sumenep,,,,,,
2026-08-03T12:28:10.637633+00:00,20260803-122810,https://trends24.in/indonesia/,Sun Aug 02 2026 18:36:39 GMT+0000 (Coordinated Universal Time),33,Khun Thee,khun thee,,,,,,
2026-08-03T12:28:10.637633+00:00,20260803-122810,https://trends24.in/indonesia/,Sun Aug 02 2026 18:36:39 GMT+0000 (Coordinated Universal Time),34,MONDPROPON FANSIGN,mondpropon fansign,,,,,,
2026-08-03T12:28:10.637633+00:00,20260803-122810,https://trends24.in/indonesia/,Sun Aug 02 2026 18:36:39 GMT+0000 (Coordinated Universal Time),35,TheePeach,theepeach,,,,,,
2026-08-03T12:28:10.637633+00:00,20260803-122810,https://trends24.in/indonesia/,Sun Aug 02 2026 18:36:39 GMT+0000 (Coordinated Universal Time),36,ZEENUNEW x ZON SUSU,zeenunew x zon susu,,,,,,
2026-08-03T12:28:10.637633+00:00,20260803-122810,https://trends24.in/indonesia/,Sun Aug 02 2026 18:36:39 GMT+0000 (Coordinated Universal Time),37,KNP OHAE FULL POWER,knp ohae full power,,,,,,
2026-08-03T12:28:10.637633+00:00,20260803-122810,https://trends24.in/indonesia/,Sun Aug 02 2026 18:36:39 GMT+0000 (Coordinated Universal Time),38,Genius Girlfriend,genius girlfriend,,,,,,
2026-08-03T12:28:10.637633+00:00,20260803-122810,https://trends24.in/indonesia/,Sun Aug 02 2026 18:36:39 GMT+0000 (Coordinated Universal Time),39,DEW RENJI THE FIRST STAGE,dew renji the first stage,,,,,,
2026-08-03T12:28:10.637633+00:00,20260803-122810,https://trends24.in/indonesia/,Sun Aug 02 2026 18:36:39 GMT+0000 (Coordinated Universal Time),40,le chevalier,le chevalier,,,,,,
2026-08-03T12:28:10.637633+00:00,20260803-122810,https://trends24.in/indonesia/,Sun Aug 02 2026 18:36:39 GMT+0000 (Coordinated Universal Time),41,Peter,peter,,,,,,
2026-08-03T12:28:10.637633+00:00,20260803-122810,https://trends24.in/indonesia/,Sun Aug 02 2026 18:36:39 GMT+0000 (Coordinated Universal Time),42,Team 2 - Teach You A Lesson,team 2 - teach you a lesson,,,,,,
2026-08-03T12:28:10.637633+00:00,20260803-122810,https://trends24.in/indonesia/,Sun Aug 02 2026 18:36:39 GMT+0000 (Coordinated Universal Time),43,malming,malming,,,,,,
2026-08-03T12:28:10.637633+00:00,20260803-122810,https://trends24.in/indonesia/,Sun Aug 02 2026 18:36:39 GMT+0000 (Coordinated Universal Time),44,LENAMIU GIRLS CUP CH3,lenamiu girls cup ch3,,,,,,
2026-08-03T12:28:10.637633+00:00,20260803-122810,https://trends24.in/indonesia/,Sun Aug 02 2026 18:36:39 GMT+0000 (Coordinated Universal Time),45,selamat 100,selamat 100,,,,,,
2026-08-03T12:28:10.637633+00:00,20260803-122810,https://trends24.in/indonesia/,Sun Aug 02 2026 18:36:39 GMT+0000 (Coordinated Universal Time),46,Ruben,ruben,,,,,,
2026-08-03T12:28:10.637633+00:00,20260803-122810,https://trends24.in/indonesia/,Sun Aug 02 2026 18:36:39 GMT+0000 (Coordinated Universal Time),47,FLOWER JIN IN NEW JERSEY,flower jin in new jersey,,,,,,
2026-08-03T12:28:10.637633+00:00,20260803-122810,https://trends24.in/indonesia/,Sun Aug 02 2026 18:36:39 GMT+0000 (Coordinated Universal Time),48,Piala Presiden,piala presiden,,,,,,
2026-08-03T12:28:10.637633+00:00,20260803-122810,https://trends24.in/indonesia/,Sun Aug 02 2026 18:36:39 GMT+0000 (Coordinated Universal Time),49,GUMMY YUMMY WITH TTP,gummy yummy with ttp,,,,,,
2026-08-03T12:28:10.637633+00:00,20260803-122810,https://trends24.in/indonesia/,Sun Aug 02 2026 18:36:39 GMT+0000 (Coordinated Universal Time),50,BAEMON SHINES BRIGHT IN GLOOM,baemon shines bright in gloom,,,,,,
