captured_at_utc,run_id,source_url,hour_label,rank,name,name_norm,tweet_count_raw,tweet_count,best_position,total_tweets,trending_for_raw,trending_for_hours
2026-07-29T17:50:08.521011+00:00,20260729-175008,https://trends24.in/indonesia/,Wed Jul 29 2026 16:31:17 GMT+0000 (Coordinated Universal Time),1,#DuelKlasikPialaPresiden,duelklasikpialapresiden,,,,,,
2026-07-29T17:50:08.521011+00:00,20260729-175008,https://trends24.in/indonesia/,Wed Jul 29 2026 16:31:17 GMT+0000 (Coordinated Universal Time),2,SKYNANI SMYLENEONA FANSIGN,skynani smyleneona fansign,,,,,,
2026-07-29T17:50:08.521011+00:00,20260729-175008,https://trends24.in/indonesia/,Wed Jul 29 2026 16:31:17 GMT+0000 (Coordinated Universal Time),3,PSMS vs Persebaya,psms vs persebaya,,,,,,
2026-07-29T17:50:08.521011+00:00,20260729-175008,https://trends24.in/indonesia/,Wed Jul 29 2026 16:31:17 GMT+0000 (Coordinated Universal Time),4,#WhenOrangesFallFinalEP,whenorangesfallfinalep,,,,,,
2026-07-29T17:50:08.521011+00:00,20260729-175008,https://trends24.in/indonesia/,Wed Jul 29 2026 16:31:17 GMT+0000 (Coordinated Universal Time),5,TONSOM FINAL FAN MEETING,tonsom final fan meeting,,,,,,
2026-07-29T17:50:08.521011+00:00,20260729-175008,https://trends24.in/indonesia/,Wed Jul 29 2026 16:31:17 GMT+0000 (Coordinated Universal Time),6,#SpiderManBrandNewDay,spidermanbrandnewday,,,,,,
2026-07-29T17:50:08.521011+00:00,20260729-175008,https://trends24.in/indonesia/,Wed Jul 29 2026 16:31:17 GMT+0000 (Coordinated Universal Time),7,WAYV YIN AND YANG 1,wayv yin and yang 1,,,,,,
2026-07-29T17:50:08.521011+00:00,20260729-175008,https://trends24.in/indonesia/,Wed Jul 29 2026 16:31:17 GMT+0000 (Coordinated Universal Time),8,#TerikatJanjiEp117,terikatjanjiep117,,,,,,
2026-07-29T17:50:08.521011+00:00,20260729-175008,https://trends24.in/indonesia/,Wed Jul 29 2026 16:31:17 GMT+0000 (Coordinated Universal Time),9,#YouManiacSeriesQ27,youmaniacseriesq27,,,,,,
2026-07-29T17:50:08.521011+00:00,20260729-175008,https://trends24.in/indonesia/,Wed Jul 29 2026 16:31:17 GMT+0000 (Coordinated Universal Time),10,Peter Parker,peter parker,,,,,,
2026-07-29T17:50:08.521011+00:00,20260729-175008,https://trends24.in/indonesia/,Wed Jul 29 2026 16:31:17 GMT+0000 (Coordinated Universal Time),11,TAYNEW POLCASAN FAMSIGN,taynew polcasan famsign,,,,,,
2026-07-29T17:50:08.521011+00:00,20260729-175008,https://trends24.in/indonesia/,Wed Jul 29 2026 16:31:17 GMT+0000 (Coordinated Universal Time),12,ORM DRINK YOUR WAY MONTIGO,orm drink your way montigo,,,,,,
2026-07-29T17:50:08.521011+00:00,20260729-175008,https://trends24.in/indonesia/,Wed Jul 29 2026 16:31:17 GMT+0000 (Coordinated Universal Time),13,Sadie,sadie,,,,,,
2026-07-29T17:50:08.521011+00:00,20260729-175008,https://trends24.in/indonesia/,Wed Jul 29 2026 16:31:17 GMT+0000 (Coordinated Universal Time),14,LING PRESENTER DIROVO,ling presenter dirovo,,,,,,
2026-07-29T17:50:08.521011+00:00,20260729-175008,https://trends24.in/indonesia/,Wed Jul 29 2026 16:31:17 GMT+0000 (Coordinated Universal Time),15,WE LOVE YOU SUNGHOON,we love you sunghoon,,,,,,
2026-07-29T17:50:08.521011+00:00,20260729-175008,https://trends24.in/indonesia/,Wed Jul 29 2026 16:31:17 GMT+0000 (Coordinated Universal Time),16,$RAY,$ray,,,,,,
2026-07-29T17:50:08.521011+00:00,20260729-175008,https://trends24.in/indonesia/,Wed Jul 29 2026 16:31:17 GMT+0000 (Coordinated Universal Time),17,Grammy,grammy,,,,,,
2026-07-29T17:50:08.521011+00:00,20260729-175008,https://trends24.in/indonesia/,Wed Jul 29 2026 16:31:17 GMT+0000 (Coordinated Universal Time),18,Kaito,kaito,,,,,,
2026-07-29T17:50:08.521011+00:00,20260729-175008,https://trends24.in/indonesia/,Wed Jul 29 2026 16:31:17 GMT+0000 (Coordinated Universal Time),19,Spidey,spidey,,,,,,
2026-07-29T17:50:08.521011+00:00,20260729-175008,https://trends24.in/indonesia/,Wed Jul 29 2026 16:31:17 GMT+0000 (Coordinated Universal Time),20,Gus Yaqut,gus yaqut,,,,,,
2026-07-29T17:50:08.521011+00:00,20260729-175008,https://trends24.in/indonesia/,Wed Jul 29 2026 16:31:17 GMT+0000 (Coordinated Universal Time),21,Tom Holland,tom holland,,,,,,
2026-07-29T17:50:08.521011+00:00,20260729-175008,https://trends24.in/indonesia/,Wed Jul 29 2026 16:31:17 GMT+0000 (Coordinated Universal Time),22,Jordan Henderson,jordan henderson,,,,,,
2026-07-29T17:50:08.521011+00:00,20260729-175008,https://trends24.in/indonesia/,Wed Jul 29 2026 16:31:17 GMT+0000 (Coordinated Universal Time),23,Gaji,gaji,,,,,,
2026-07-29T17:50:08.521011+00:00,20260729-175008,https://trends24.in/indonesia/,Wed Jul 29 2026 16:31:17 GMT+0000 (Coordinated Universal Time),24,Wendy,wendy,,,,,,
2026-07-29T17:50:08.521011+00:00,20260729-175008,https://trends24.in/indonesia/,Wed Jul 29 2026 16:31:17 GMT+0000 (Coordinated Universal Time),25,Piala Presiden 2026,piala presiden 2026,,,,,,
2026-07-29T17:50:08.521011+00:00,20260729-175008,https://trends24.in/indonesia/,Wed Jul 29 2026 16:31:17 GMT+0000 (Coordinated Universal Time),26,Privacy,privacy,,,,,,
2026-07-29T17:50:08.521011+00:00,20260729-175008,https://trends24.in/indonesia/,Wed Jul 29 2026 16:31:17 GMT+0000 (Coordinated Universal Time),27,Laporan Kehilangan,laporan kehilangan,,,,,,
2026-07-29T17:50:08.521011+00:00,20260729-175008,https://trends24.in/indonesia/,Wed Jul 29 2026 16:31:17 GMT+0000 (Coordinated Universal Time),28,Hendo,hendo,,,,,,
2026-07-29T17:50:08.521011+00:00,20260729-175008,https://trends24.in/indonesia/,Wed Jul 29 2026 16:31:17 GMT+0000 (Coordinated Universal Time),29,SKCK,skck,,,,,,
2026-07-29T17:50:08.521011+00:00,20260729-175008,https://trends24.in/indonesia/,Wed Jul 29 2026 16:31:17 GMT+0000 (Coordinated Universal Time),30,Kualitas HD,kualitas hd,,,,,,
2026-07-29T17:50:08.521011+00:00,20260729-175008,https://trends24.in/indonesia/,Wed Jul 29 2026 16:31:17 GMT+0000 (Coordinated Universal Time),31,Zendaya,zendaya,,,,,,
2026-07-29T17:50:08.521011+00:00,20260729-175008,https://trends24.in/indonesia/,Wed Jul 29 2026 16:31:17 GMT+0000 (Coordinated Universal Time),32,GoPay QRIS Tap,gopay qris tap,,,,,,
2026-07-29T17:50:08.521011+00:00,20260729-175008,https://trends24.in/indonesia/,Wed Jul 29 2026 16:31:17 GMT+0000 (Coordinated Universal Time),33,Arirang,arirang,,,,,,
2026-07-29T17:50:08.521011+00:00,20260729-175008,https://trends24.in/indonesia/,Wed Jul 29 2026 16:31:17 GMT+0000 (Coordinated Universal Time),34,Covid,covid,,,,,,
2026-07-29T17:50:08.521011+00:00,20260729-175008,https://trends24.in/indonesia/,Wed Jul 29 2026 16:31:17 GMT+0000 (Coordinated Universal Time),35,The Grim Lover Q17,the grim lover q17,,,,,,
2026-07-29T17:50:08.521011+00:00,20260729-175008,https://trends24.in/indonesia/,Wed Jul 29 2026 16:31:17 GMT+0000 (Coordinated Universal Time),36,Delap,delap,,,,,,
2026-07-29T17:50:08.521011+00:00,20260729-175008,https://trends24.in/indonesia/,Wed Jul 29 2026 16:31:17 GMT+0000 (Coordinated Universal Time),37,#OrmXMontigoMalaysia,ormxmontigomalaysia,,,,,,
2026-07-29T17:50:08.521011+00:00,20260729-175008,https://trends24.in/indonesia/,Wed Jul 29 2026 16:31:17 GMT+0000 (Coordinated Universal Time),38,#NoonaIsAWomanToMe2,noonaisawomantome2,,,,,,
2026-07-29T17:50:08.521011+00:00,20260729-175008,https://trends24.in/indonesia/,Wed Jul 29 2026 16:31:17 GMT+0000 (Coordinated Universal Time),39,#à¹à¸à¸à¸´à¸§,à¹à¸à¸à¸´à¸§,,,,,,
2026-07-29T17:50:08.521011+00:00,20260729-175008,https://trends24.in/indonesia/,Wed Jul 29 2026 16:31:17 GMT+0000 (Coordinated Universal Time),40,#bokepjapan,bokepjapan,,,,,,
2026-07-29T17:50:08.521011+00:00,20260729-175008,https://trends24.in/indonesia/,Wed Jul 29 2026 16:31:17 GMT+0000 (Coordinated Universal Time),41,#LinglingXDirovoLive,linglingxdirovolive,,,,,,
2026-07-29T17:50:08.521011+00:00,20260729-175008,https://trends24.in/indonesia/,Wed Jul 29 2026 16:31:17 GMT+0000 (Coordinated Universal Time),42,#EndlessLoveForSUNGHOON,endlessloveforsunghoon,,,,,,
2026-07-29T17:50:08.521011+00:00,20260729-175008,https://trends24.in/indonesia/,Wed Jul 29 2026 16:31:17 GMT+0000 (Coordinated Universal Time),43,#AShopForKillers2,ashopforkillers2,,,,,,
2026-07-29T17:50:08.521011+00:00,20260729-175008,https://trends24.in/indonesia/,Wed Jul 29 2026 16:31:17 GMT+0000 (Coordinated Universal Time),44,#GiveawayXLPRIORITAS,giveawayxlprioritas,,,,,,
2026-07-29T17:50:08.521011+00:00,20260729-175008,https://trends24.in/indonesia/,Wed Jul 29 2026 16:31:17 GMT+0000 (Coordinated Universal Time),45,#à¸ªà¸à¸²à¸¢à¸à¸²à¸à¸´,à¸ªà¸à¸²à¸¢à¸à¸²à¸à¸´,,,,,,
2026-07-29T17:50:08.521011+00:00,20260729-175008,https://trends24.in/indonesia/,Wed Jul 29 2026 16:31:17 GMT+0000 (Coordinated Universal Time),46,#WayV_VisionWings,wayv_visionwings,,,,,,
2026-07-29T17:50:08.521011+00:00,20260729-175008,https://trends24.in/indonesia/,Wed Jul 29 2026 16:31:17 GMT+0000 (Coordinated Universal Time),47,#WeStandWithBTS,westandwithbts,,,,,,
2026-07-29T17:50:08.521011+00:00,20260729-175008,https://trends24.in/indonesia/,Wed Jul 29 2026 16:31:17 GMT+0000 (Coordinated Universal Time),48,#KamiracleDay,kamiracleday,,,,,,
2026-07-29T17:50:08.521011+00:00,20260729-175008,https://trends24.in/indonesia/,Wed Jul 29 2026 16:31:17 GMT+0000 (Coordinated Universal Time),49,#MiRolling23,mirolling23,,,,,,
2026-07-29T17:50:08.521011+00:00,20260729-175008,https://trends24.in/indonesia/,Wed Jul 29 2026 16:31:17 GMT+0000 (Coordinated Universal Time),50,#WE_PURPLE_YOU_BTS,we_purple_you_bts,,,,,,
2026-07-29T17:50:08.521011+00:00,20260729-175008,https://trends24.in/indonesia/,Wed Jul 29 2026 14:20:23 GMT+0000 (Coordinated Universal Time),1,PSMS vs Persebaya,psms vs persebaya,,,,,,
2026-07-29T17:50:08.521011+00:00,20260729-175008,https://trends24.in/indonesia/,Wed Jul 29 2026 14:20:23 GMT+0000 (Coordinated Universal Time),2,#DuelKlasikPialaPresiden,duelklasikpialapresiden,,,,,,
2026-07-29T17:50:08.521011+00:00,20260729-175008,https://trends24.in/indonesia/,Wed Jul 29 2026 14:20:23 GMT+0000 (Coordinated Universal Time),3,SKYNANI SMYLENEONA FANSIGN,skynani smyleneona fansign,,,,,,
2026-07-29T17:50:08.521011+00:00,20260729-175008,https://trends24.in/indonesia/,Wed Jul 29 2026 14:20:23 GMT+0000 (Coordinated Universal Time),4,#WhenOrangesFallFinalEP,whenorangesfallfinalep,,,,,,
2026-07-29T17:50:08.521011+00:00,20260729-175008,https://trends24.in/indonesia/,Wed Jul 29 2026 14:20:23 GMT+0000 (Coordinated Universal Time),5,#YouManiacSeriesQ27,youmaniacseriesq27,,,,,,
2026-07-29T17:50:08.521011+00:00,20260729-175008,https://trends24.in/indonesia/,Wed Jul 29 2026 14:20:23 GMT+0000 (Coordinated Universal Time),6,#TerikatJanjiEp117,terikatjanjiep117,,,,,,
2026-07-29T17:50:08.521011+00:00,20260729-175008,https://trends24.in/indonesia/,Wed Jul 29 2026 14:20:23 GMT+0000 (Coordinated Universal Time),7,TONSOM FINAL FAN MEETING,tonsom final fan meeting,,,,,,
2026-07-29T17:50:08.521011+00:00,20260729-175008,https://trends24.in/indonesia/,Wed Jul 29 2026 14:20:23 GMT+0000 (Coordinated Universal Time),8,TAYNEW POLCASAN FAMSIGN,taynew polcasan famsign,,,,,,
2026-07-29T17:50:08.521011+00:00,20260729-175008,https://trends24.in/indonesia/,Wed Jul 29 2026 14:20:23 GMT+0000 (Coordinated Universal Time),9,#OrmXMontigoMalaysia,ormxmontigomalaysia,,,,,,
2026-07-29T17:50:08.521011+00:00,20260729-175008,https://trends24.in/indonesia/,Wed Jul 29 2026 14:20:23 GMT+0000 (Coordinated Universal Time),10,$RAY,$ray,,,,,,
2026-07-29T17:50:08.521011+00:00,20260729-175008,https://trends24.in/indonesia/,Wed Jul 29 2026 14:20:23 GMT+0000 (Coordinated Universal Time),11,ORM DRINK YOUR WAY MONTIGO,orm drink your way montigo,,,,,,
2026-07-29T17:50:08.521011+00:00,20260729-175008,https://trends24.in/indonesia/,Wed Jul 29 2026 14:20:23 GMT+0000 (Coordinated Universal Time),12,WE LOVE YOU SUNGHOON,we love you sunghoon,,,,,,
2026-07-29T17:50:08.521011+00:00,20260729-175008,https://trends24.in/indonesia/,Wed Jul 29 2026 14:20:23 GMT+0000 (Coordinated Universal Time),13,Gus Yaqut,gus yaqut,,,,,,
2026-07-29T17:50:08.521011+00:00,20260729-175008,https://trends24.in/indonesia/,Wed Jul 29 2026 14:20:23 GMT+0000 (Coordinated Universal Time),14,Grammy,grammy,,,,,,
2026-07-29T17:50:08.521011+00:00,20260729-175008,https://trends24.in/indonesia/,Wed Jul 29 2026 14:20:23 GMT+0000 (Coordinated Universal Time),15,NoobX,noobx,,,,,,
2026-07-29T17:50:08.521011+00:00,20260729-175008,https://trends24.in/indonesia/,Wed Jul 29 2026 14:20:23 GMT+0000 (Coordinated Universal Time),16,Derra,derra,,,,,,
2026-07-29T17:50:08.521011+00:00,20260729-175008,https://trends24.in/indonesia/,Wed Jul 29 2026 14:20:23 GMT+0000 (Coordinated Universal Time),17,Spiderman,spiderman,,,,,,
2026-07-29T17:50:08.521011+00:00,20260729-175008,https://trends24.in/indonesia/,Wed Jul 29 2026 14:20:23 GMT+0000 (Coordinated Universal Time),18,Peter,peter,,,,,,
2026-07-29T17:50:08.521011+00:00,20260729-175008,https://trends24.in/indonesia/,Wed Jul 29 2026 14:20:23 GMT+0000 (Coordinated Universal Time),19,GoPay QRIS Tap,gopay qris tap,,,,,,
2026-07-29T17:50:08.521011+00:00,20260729-175008,https://trends24.in/indonesia/,Wed Jul 29 2026 14:20:23 GMT+0000 (Coordinated Universal Time),20,Sadie Sink,sadie sink,,,,,,
2026-07-29T17:50:08.521011+00:00,20260729-175008,https://trends24.in/indonesia/,Wed Jul 29 2026 14:20:23 GMT+0000 (Coordinated Universal Time),21,Jordan Henderson,jordan henderson,,,,,,
2026-07-29T17:50:08.521011+00:00,20260729-175008,https://trends24.in/indonesia/,Wed Jul 29 2026 14:20:23 GMT+0000 (Coordinated Universal Time),22,Yanto,yanto,,,,,,
2026-07-29T17:50:08.521011+00:00,20260729-175008,https://trends24.in/indonesia/,Wed Jul 29 2026 14:20:23 GMT+0000 (Coordinated Universal Time),23,Laporan Kehilangan,laporan kehilangan,,,,,,
2026-07-29T17:50:08.521011+00:00,20260729-175008,https://trends24.in/indonesia/,Wed Jul 29 2026 14:20:23 GMT+0000 (Coordinated Universal Time),24,The Grim Lover Q17,the grim lover q17,,,,,,
2026-07-29T17:50:08.521011+00:00,20260729-175008,https://trends24.in/indonesia/,Wed Jul 29 2026 14:20:23 GMT+0000 (Coordinated Universal Time),25,Tom Holland,tom holland,,,,,,
2026-07-29T17:50:08.521011+00:00,20260729-175008,https://trends24.in/indonesia/,Wed Jul 29 2026 14:20:23 GMT+0000 (Coordinated Universal Time),26,BIGBANG,bigbang,,,,,,
2026-07-29T17:50:08.521011+00:00,20260729-175008,https://trends24.in/indonesia/,Wed Jul 29 2026 14:20:23 GMT+0000 (Coordinated Universal Time),27,BTS PAVED THE WAY,bts paved the way,,,,,,
2026-07-29T17:50:08.521011+00:00,20260729-175008,https://trends24.in/indonesia/,Wed Jul 29 2026 14:20:23 GMT+0000 (Coordinated Universal Time),28,Bangtan,bangtan,,,,,,
2026-07-29T17:50:08.521011+00:00,20260729-175008,https://trends24.in/indonesia/,Wed Jul 29 2026 14:20:23 GMT+0000 (Coordinated Universal Time),29,Dompet,dompet,,,,,,
2026-07-29T17:50:08.521011+00:00,20260729-175008,https://trends24.in/indonesia/,Wed Jul 29 2026 14:20:23 GMT+0000 (Coordinated Universal Time),30,Guru,guru,,,,,,
2026-07-29T17:50:08.521011+00:00,20260729-175008,https://trends24.in/indonesia/,Wed Jul 29 2026 14:20:23 GMT+0000 (Coordinated Universal Time),31,ARMY,army,,,,,,
2026-07-29T17:50:08.521011+00:00,20260729-175008,https://trends24.in/indonesia/,Wed Jul 29 2026 14:20:23 GMT+0000 (Coordinated Universal Time),32,Arirang,arirang,,,,,,
2026-07-29T17:50:08.521011+00:00,20260729-175008,https://trends24.in/indonesia/,Wed Jul 29 2026 14:20:23 GMT+0000 (Coordinated Universal Time),33,Ngamuk,ngamuk,,,,,,
2026-07-29T17:50:08.521011+00:00,20260729-175008,https://trends24.in/indonesia/,Wed Jul 29 2026 14:20:23 GMT+0000 (Coordinated Universal Time),34,Kualitas HD,kualitas hd,,,,,,
2026-07-29T17:50:08.521011+00:00,20260729-175008,https://trends24.in/indonesia/,Wed Jul 29 2026 14:20:23 GMT+0000 (Coordinated Universal Time),35,Spidey,spidey,,,,,,
2026-07-29T17:50:08.521011+00:00,20260729-175008,https://trends24.in/indonesia/,Wed Jul 29 2026 14:20:23 GMT+0000 (Coordinated Universal Time),36,SKCK,skck,,,,,,
2026-07-29T17:50:08.521011+00:00,20260729-175008,https://trends24.in/indonesia/,Wed Jul 29 2026 14:20:23 GMT+0000 (Coordinated Universal Time),37,Privacy,privacy,,,,,,
2026-07-29T17:50:08.521011+00:00,20260729-175008,https://trends24.in/indonesia/,Wed Jul 29 2026 14:20:23 GMT+0000 (Coordinated Universal Time),38,UEFA,uefa,,,,,,
2026-07-29T17:50:08.521011+00:00,20260729-175008,https://trends24.in/indonesia/,Wed Jul 29 2026 14:20:23 GMT+0000 (Coordinated Universal Time),39,#LinglingXDirovoLive,linglingxdirovolive,,,,,,
2026-07-29T17:50:08.521011+00:00,20260729-175008,https://trends24.in/indonesia/,Wed Jul 29 2026 14:20:23 GMT+0000 (Coordinated Universal Time),40,#SeindahMasaRemajaEPS01,seindahmasaremajaeps01,,,,,,
2026-07-29T17:50:08.521011+00:00,20260729-175008,https://trends24.in/indonesia/,Wed Jul 29 2026 14:20:23 GMT+0000 (Coordinated Universal Time),41,#EndlessLoveForSUNGHOON,endlessloveforsunghoon,,,,,,
2026-07-29T17:50:08.521011+00:00,20260729-175008,https://trends24.in/indonesia/,Wed Jul 29 2026 14:20:23 GMT+0000 (Coordinated Universal Time),42,#GiveawayXLPRIORITAS,giveawayxlprioritas,,,,,,
2026-07-29T17:50:08.521011+00:00,20260729-175008,https://trends24.in/indonesia/,Wed Jul 29 2026 14:20:23 GMT+0000 (Coordinated Universal Time),43,#à¹à¸à¸à¸´à¸§,à¹à¸à¸à¸´à¸§,,,,,,
2026-07-29T17:50:08.521011+00:00,20260729-175008,https://trends24.in/indonesia/,Wed Jul 29 2026 14:20:23 GMT+0000 (Coordinated Universal Time),44,#Proud_of_BTS,proud_of_bts,,,,,,
2026-07-29T17:50:08.521011+00:00,20260729-175008,https://trends24.in/indonesia/,Wed Jul 29 2026 14:20:23 GMT+0000 (Coordinated Universal Time),45,#VNL2026,vnl2026,,,,,,
2026-07-29T17:50:08.521011+00:00,20260729-175008,https://trends24.in/indonesia/,Wed Jul 29 2026 14:20:23 GMT+0000 (Coordinated Universal Time),46,#WE_PURPLE_YOU_BTS,we_purple_you_bts,,,,,,
2026-07-29T17:50:08.521011+00:00,20260729-175008,https://trends24.in/indonesia/,Wed Jul 29 2026 14:20:23 GMT+0000 (Coordinated Universal Time),47,#WeStandWithBTS,westandwithbts,,,,,,
2026-07-29T17:50:08.521011+00:00,20260729-175008,https://trends24.in/indonesia/,Wed Jul 29 2026 14:20:23 GMT+0000 (Coordinated Universal Time),48,#BTHalfHalfxThomasKong,bthalfhalfxthomaskong,,,,,,
2026-07-29T17:50:08.521011+00:00,20260729-175008,https://trends24.in/indonesia/,Wed Jul 29 2026 14:20:23 GMT+0000 (Coordinated Universal Time),49,#WE_LOVE_YOU_BTS,we_love_you_bts,,,,,,
2026-07-29T17:50:08.521011+00:00,20260729-175008,https://trends24.in/indonesia/,Wed Jul 29 2026 14:20:23 GMT+0000 (Coordinated Universal Time),50,#AShopForKillers2,ashopforkillers2,,,,,,
2026-07-29T17:50:08.521011+00:00,20260729-175008,https://trends24.in/indonesia/,Wed Jul 29 2026 12:24:09 GMT+0000 (Coordinated Universal Time),1,SKYNANI SMYLENEONA FANSIGN,skynani smyleneona fansign,,,,,,
2026-07-29T17:50:08.521011+00:00,20260729-175008,https://trends24.in/indonesia/,Wed Jul 29 2026 12:24:09 GMT+0000 (Coordinated Universal Time),2,#WhenOrangesFallFinalEP,whenorangesfallfinalep,,,,,,
2026-07-29T17:50:08.521011+00:00,20260729-175008,https://trends24.in/indonesia/,Wed Jul 29 2026 12:24:09 GMT+0000 (Coordinated Universal Time),3,#OrmXMontigoMalaysia,ormxmontigomalaysia,,,,,,
2026-07-29T17:50:08.521011+00:00,20260729-175008,https://trends24.in/indonesia/,Wed Jul 29 2026 12:24:09 GMT+0000 (Coordinated Universal Time),4,ORM DRINK YOUR WAY MONTIGO,orm drink your way montigo,,,,,,
2026-07-29T17:50:08.521011+00:00,20260729-175008,https://trends24.in/indonesia/,Wed Jul 29 2026 12:24:09 GMT+0000 (Coordinated Universal Time),5,$RAY,$ray,,,,,,
2026-07-29T17:50:08.521011+00:00,20260729-175008,https://trends24.in/indonesia/,Wed Jul 29 2026 12:24:09 GMT+0000 (Coordinated Universal Time),6,TAYNEW POLCASAN FAMSIGN,taynew polcasan famsign,,,,,,
2026-07-29T17:50:08.521011+00:00,20260729-175008,https://trends24.in/indonesia/,Wed Jul 29 2026 12:24:09 GMT+0000 (Coordinated Universal Time),7,#Proud_of_BTS,proud_of_bts,,,,,,
2026-07-29T17:50:08.521011+00:00,20260729-175008,https://trends24.in/indonesia/,Wed Jul 29 2026 12:24:09 GMT+0000 (Coordinated Universal Time),8,#WE_PURPLE_YOU_BTS,we_purple_you_bts,,,,,,
2026-07-29T17:50:08.521011+00:00,20260729-175008,https://trends24.in/indonesia/,Wed Jul 29 2026 12:24:09 GMT+0000 (Coordinated Universal Time),9,#WE_LOVE_YOU_BTS,we_love_you_bts,,,,,,
2026-07-29T17:50:08.521011+00:00,20260729-175008,https://trends24.in/indonesia/,Wed Jul 29 2026 12:24:09 GMT+0000 (Coordinated Universal Time),10,TONSOM FINAL FAN MEETING,tonsom final fan meeting,,,,,,
2026-07-29T17:50:08.521011+00:00,20260729-175008,https://trends24.in/indonesia/,Wed Jul 29 2026 12:24:09 GMT+0000 (Coordinated Universal Time),11,GoPay QRIS Tap,gopay qris tap,,,,,,
2026-07-29T17:50:08.521011+00:00,20260729-175008,https://trends24.in/indonesia/,Wed Jul 29 2026 12:24:09 GMT+0000 (Coordinated Universal Time),12,Derra,derra,,,,,,
2026-07-29T17:50:08.521011+00:00,20260729-175008,https://trends24.in/indonesia/,Wed Jul 29 2026 12:24:09 GMT+0000 (Coordinated Universal Time),13,Grammy,grammy,,,,,,
2026-07-29T17:50:08.521011+00:00,20260729-175008,https://trends24.in/indonesia/,Wed Jul 29 2026 12:24:09 GMT+0000 (Coordinated Universal Time),14,Peter,peter,,,,,,
2026-07-29T17:50:08.521011+00:00,20260729-175008,https://trends24.in/indonesia/,Wed Jul 29 2026 12:24:09 GMT+0000 (Coordinated Universal Time),15,Bangtan,bangtan,,,,,,
2026-07-29T17:50:08.521011+00:00,20260729-175008,https://trends24.in/indonesia/,Wed Jul 29 2026 12:24:09 GMT+0000 (Coordinated Universal Time),16,Profesional Dalam Pengabdian,profesional dalam pengabdian,,,,,,
2026-07-29T17:50:08.521011+00:00,20260729-175008,https://trends24.in/indonesia/,Wed Jul 29 2026 12:24:09 GMT+0000 (Coordinated Universal Time),17,Gus Yaqut,gus yaqut,,,,,,
2026-07-29T17:50:08.521011+00:00,20260729-175008,https://trends24.in/indonesia/,Wed Jul 29 2026 12:24:09 GMT+0000 (Coordinated Universal Time),18,The Grim Lover Q17,the grim lover q17,,,,,,
2026-07-29T17:50:08.521011+00:00,20260729-175008,https://trends24.in/indonesia/,Wed Jul 29 2026 12:24:09 GMT+0000 (Coordinated Universal Time),19,BTS PAVED THE WAY,bts paved the way,,,,,,
2026-07-29T17:50:08.521011+00:00,20260729-175008,https://trends24.in/indonesia/,Wed Jul 29 2026 12:24:09 GMT+0000 (Coordinated Universal Time),20,Arirang,arirang,,,,,,
2026-07-29T17:50:08.521011+00:00,20260729-175008,https://trends24.in/indonesia/,Wed Jul 29 2026 12:24:09 GMT+0000 (Coordinated Universal Time),21,Sadie,sadie,,,,,,
2026-07-29T17:50:08.521011+00:00,20260729-175008,https://trends24.in/indonesia/,Wed Jul 29 2026 12:24:09 GMT+0000 (Coordinated Universal Time),22,Port FC,port fc,,,,,,
2026-07-29T17:50:08.521011+00:00,20260729-175008,https://trends24.in/indonesia/,Wed Jul 29 2026 12:24:09 GMT+0000 (Coordinated Universal Time),23,Opini Wajar Tanpa Pengecualian,opini wajar tanpa pengecualian,,,,,,
2026-07-29T17:50:08.521011+00:00,20260729-175008,https://trends24.in/indonesia/,Wed Jul 29 2026 12:24:09 GMT+0000 (Coordinated Universal Time),24,Aliens,aliens,,,,,,
2026-07-29T17:50:08.521011+00:00,20260729-175008,https://trends24.in/indonesia/,Wed Jul 29 2026 12:24:09 GMT+0000 (Coordinated Universal Time),25,Guru,guru,,,,,,
2026-07-29T17:50:08.521011+00:00,20260729-175008,https://trends24.in/indonesia/,Wed Jul 29 2026 12:24:09 GMT+0000 (Coordinated Universal Time),26,Rabu,rabu,,,,,,
2026-07-29T17:50:08.521011+00:00,20260729-175008,https://trends24.in/indonesia/,Wed Jul 29 2026 12:24:09 GMT+0000 (Coordinated Universal Time),27,BIGBANG,bigbang,,,,,,
2026-07-29T17:50:08.521011+00:00,20260729-175008,https://trends24.in/indonesia/,Wed Jul 29 2026 12:24:09 GMT+0000 (Coordinated Universal Time),28,FIFA ASEAN Cup 2026,fifa asean cup 2026,,,,,,
2026-07-29T17:50:08.521011+00:00,20260729-175008,https://trends24.in/indonesia/,Wed Jul 29 2026 12:24:09 GMT+0000 (Coordinated Universal Time),29,ARMY,army,,,,,,
2026-07-29T17:50:08.521011+00:00,20260729-175008,https://trends24.in/indonesia/,Wed Jul 29 2026 12:24:09 GMT+0000 (Coordinated Universal Time),30,SO PROUD OF BTS,so proud of bts,,,,,,
2026-07-29T17:50:08.521011+00:00,20260729-175008,https://trends24.in/indonesia/,Wed Jul 29 2026 12:24:09 GMT+0000 (Coordinated Universal Time),31,WELCOME TO THE FADE ERA,welcome to the fade era,,,,,,
2026-07-29T17:50:08.521011+00:00,20260729-175008,https://trends24.in/indonesia/,Wed Jul 29 2026 12:24:09 GMT+0000 (Coordinated Universal Time),32,Spidey,spidey,,,,,,
2026-07-29T17:50:08.521011+00:00,20260729-175008,https://trends24.in/indonesia/,Wed Jul 29 2026 12:24:09 GMT+0000 (Coordinated Universal Time),33,Privacy,privacy,,,,,,
2026-07-29T17:50:08.521011+00:00,20260729-175008,https://trends24.in/indonesia/,Wed Jul 29 2026 12:24:09 GMT+0000 (Coordinated Universal Time),34,UEFA,uefa,,,,,,
2026-07-29T17:50:08.521011+00:00,20260729-175008,https://trends24.in/indonesia/,Wed Jul 29 2026 12:24:09 GMT+0000 (Coordinated Universal Time),35,chenle,chenle,,,,,,
2026-07-29T17:50:08.521011+00:00,20260729-175008,https://trends24.in/indonesia/,Wed Jul 29 2026 12:24:09 GMT+0000 (Coordinated Universal Time),36,SKCK,skck,,,,,,
2026-07-29T17:50:08.521011+00:00,20260729-175008,https://trends24.in/indonesia/,Wed Jul 29 2026 12:24:09 GMT+0000 (Coordinated Universal Time),37,Tom Holland,tom holland,,,,,,
2026-07-29T17:50:08.521011+00:00,20260729-175008,https://trends24.in/indonesia/,Wed Jul 29 2026 12:24:09 GMT+0000 (Coordinated Universal Time),38,Kualitas HD,kualitas hd,,,,,,
2026-07-29T17:50:08.521011+00:00,20260729-175008,https://trends24.in/indonesia/,Wed Jul 29 2026 12:24:09 GMT+0000 (Coordinated Universal Time),39,Indonesia Maju,indonesia maju,,,,,,
2026-07-29T17:50:08.521011+00:00,20260729-175008,https://trends24.in/indonesia/,Wed Jul 29 2026 12:24:09 GMT+0000 (Coordinated Universal Time),40,#IStandWithBTS,istandwithbts,,,,,,
2026-07-29T17:50:08.521011+00:00,20260729-175008,https://trends24.in/indonesia/,Wed Jul 29 2026 12:24:09 GMT+0000 (Coordinated Universal Time),41,#GiveawayXLPRIORITAS,giveawayxlprioritas,,,,,,
2026-07-29T17:50:08.521011+00:00,20260729-175008,https://trends24.in/indonesia/,Wed Jul 29 2026 12:24:09 GMT+0000 (Coordinated Universal Time),42,#SpiderManBrandNewDay,spidermanbrandnewday,,,,,,
2026-07-29T17:50:08.521011+00:00,20260729-175008,https://trends24.in/indonesia/,Wed Jul 29 2026 12:24:09 GMT+0000 (Coordinated Universal Time),43,#TerikatJanjiEp117,terikatjanjiep117,,,,,,
2026-07-29T17:50:08.521011+00:00,20260729-175008,https://trends24.in/indonesia/,Wed Jul 29 2026 12:24:09 GMT+0000 (Coordinated Universal Time),44,#BTHalfHalfxThomasKong,bthalfhalfxthomaskong,,,,,,
2026-07-29T17:50:08.521011+00:00,20260729-175008,https://trends24.in/indonesia/,Wed Jul 29 2026 12:24:09 GMT+0000 (Coordinated Universal Time),45,#JetZXHearts2Hearts,jetzxhearts2hearts,,,,,,
2026-07-29T17:50:08.521011+00:00,20260729-175008,https://trends24.in/indonesia/,Wed Jul 29 2026 12:24:09 GMT+0000 (Coordinated Universal Time),46,#MempermudahPelayananPublik,mempermudahpelayananpublik,,,,,,
2026-07-29T17:50:08.521011+00:00,20260729-175008,https://trends24.in/indonesia/,Wed Jul 29 2026 12:24:09 GMT+0000 (Coordinated Universal Time),47,#à¸£à¸±à¸à¸¥à¸·à¸¡à¸à¸²à¸¢Q17,à¸£à¸±à¸à¸¥à¸·à¸¡à¸à¸²à¸¢q17,,,,,,
2026-07-29T17:50:08.521011+00:00,20260729-175008,https://trends24.in/indonesia/,Wed Jul 29 2026 12:24:09 GMT+0000 (Coordinated Universal Time),48,#seindahmasaremaja,seindahmasaremaja,,,,,,
2026-07-29T17:50:08.521011+00:00,20260729-175008,https://trends24.in/indonesia/,Wed Jul 29 2026 12:24:09 GMT+0000 (Coordinated Universal Time),49,#KamiracleDay,kamiracleday,,,,,,
2026-07-29T17:50:08.521011+00:00,20260729-175008,https://trends24.in/indonesia/,Wed Jul 29 2026 12:24:09 GMT+0000 (Coordinated Universal Time),50,#MiRolling23,mirolling23,,,,,,
2026-07-29T17:50:08.521011+00:00,20260729-175008,https://trends24.in/indonesia/,Wed Jul 29 2026 10:32:25 GMT+0000 (Coordinated Universal Time),1,#JetZXHearts2Hearts,jetzxhearts2hearts,,,,,,
2026-07-29T17:50:08.521011+00:00,20260729-175008,https://trends24.in/indonesia/,Wed Jul 29 2026 10:32:25 GMT+0000 (Coordinated Universal Time),2,Bukti Kerja Nyata,bukti kerja nyata,,,,,,
2026-07-29T17:50:08.521011+00:00,20260729-175008,https://trends24.in/indonesia/,Wed Jul 29 2026 10:32:25 GMT+0000 (Coordinated Universal Time),3,Grammy,grammy,,,,,,
2026-07-29T17:50:08.521011+00:00,20260729-175008,https://trends24.in/indonesia/,Wed Jul 29 2026 10:32:25 GMT+0000 (Coordinated Universal Time),4,#Proud_of_BTS,proud_of_bts,,,,,,
2026-07-29T17:50:08.521011+00:00,20260729-175008,https://trends24.in/indonesia/,Wed Jul 29 2026 10:32:25 GMT+0000 (Coordinated Universal Time),5,#WeStandWithBTS,westandwithbts,,,,,,
2026-07-29T17:50:08.521011+00:00,20260729-175008,https://trends24.in/indonesia/,Wed Jul 29 2026 10:32:25 GMT+0000 (Coordinated Universal Time),6,#WE_PURPLE_YOU_BTS,we_purple_you_bts,,,,,,
2026-07-29T17:50:08.521011+00:00,20260729-175008,https://trends24.in/indonesia/,Wed Jul 29 2026 10:32:25 GMT+0000 (Coordinated Universal Time),7,#WE_LOVE_YOU_BTS,we_love_you_bts,,,,,,
2026-07-29T17:50:08.521011+00:00,20260729-175008,https://trends24.in/indonesia/,Wed Jul 29 2026 10:32:25 GMT+0000 (Coordinated Universal Time),8,Bangtan,bangtan,,,,,,
2026-07-29T17:50:08.521011+00:00,20260729-175008,https://trends24.in/indonesia/,Wed Jul 29 2026 10:32:25 GMT+0000 (Coordinated Universal Time),9,Profesional Dalam Pengabdian,profesional dalam pengabdian,,,,,,
2026-07-29T17:50:08.521011+00:00,20260729-175008,https://trends24.in/indonesia/,Wed Jul 29 2026 10:32:25 GMT+0000 (Coordinated Universal Time),10,BTS PAVED THE WAY,bts paved the way,,,,,,
2026-07-29T17:50:08.521011+00:00,20260729-175008,https://trends24.in/indonesia/,Wed Jul 29 2026 10:32:25 GMT+0000 (Coordinated Universal Time),11,The Grim Lover Q17,the grim lover q17,,,,,,
2026-07-29T17:50:08.521011+00:00,20260729-175008,https://trends24.in/indonesia/,Wed Jul 29 2026 10:32:25 GMT+0000 (Coordinated Universal Time),12,Guru,guru,,,,,,
2026-07-29T17:50:08.521011+00:00,20260729-175008,https://trends24.in/indonesia/,Wed Jul 29 2026 10:32:25 GMT+0000 (Coordinated Universal Time),13,ARMY,army,,,,,,
2026-07-29T17:50:08.521011+00:00,20260729-175008,https://trends24.in/indonesia/,Wed Jul 29 2026 10:32:25 GMT+0000 (Coordinated Universal Time),14,GoPay QRIS Tap,gopay qris tap,,,,,,
2026-07-29T17:50:08.521011+00:00,20260729-175008,https://trends24.in/indonesia/,Wed Jul 29 2026 10:32:25 GMT+0000 (Coordinated Universal Time),15,Arirang,arirang,,,,,,
2026-07-29T17:50:08.521011+00:00,20260729-175008,https://trends24.in/indonesia/,Wed Jul 29 2026 10:32:25 GMT+0000 (Coordinated Universal Time),16,Aliens,aliens,,,,,,
2026-07-29T17:50:08.521011+00:00,20260729-175008,https://trends24.in/indonesia/,Wed Jul 29 2026 10:32:25 GMT+0000 (Coordinated Universal Time),17,Opini Wajar Tanpa Pengecualian,opini wajar tanpa pengecualian,,,,,,
2026-07-29T17:50:08.521011+00:00,20260729-175008,https://trends24.in/indonesia/,Wed Jul 29 2026 10:32:25 GMT+0000 (Coordinated Universal Time),18,Peter,peter,,,,,,
2026-07-29T17:50:08.521011+00:00,20260729-175008,https://trends24.in/indonesia/,Wed Jul 29 2026 10:32:25 GMT+0000 (Coordinated Universal Time),19,Rabu,rabu,,,,,,
2026-07-29T17:50:08.521011+00:00,20260729-175008,https://trends24.in/indonesia/,Wed Jul 29 2026 10:32:25 GMT+0000 (Coordinated Universal Time),20,WELCOME TO THE FADE ERA,welcome to the fade era,,,,,,
2026-07-29T17:50:08.521011+00:00,20260729-175008,https://trends24.in/indonesia/,Wed Jul 29 2026 10:32:25 GMT+0000 (Coordinated Universal Time),21,SO PROUD OF BTS,so proud of bts,,,,,,
2026-07-29T17:50:08.521011+00:00,20260729-175008,https://trends24.in/indonesia/,Wed Jul 29 2026 10:32:25 GMT+0000 (Coordinated Universal Time),22,FIFA ASEAN Cup 2026,fifa asean cup 2026,,,,,,
2026-07-29T17:50:08.521011+00:00,20260729-175008,https://trends24.in/indonesia/,Wed Jul 29 2026 10:32:25 GMT+0000 (Coordinated Universal Time),23,SKCK,skck,,,,,,
2026-07-29T17:50:08.521011+00:00,20260729-175008,https://trends24.in/indonesia/,Wed Jul 29 2026 10:32:25 GMT+0000 (Coordinated Universal Time),24,Call Center Polri 110,call center polri 110,,,,,,
2026-07-29T17:50:08.521011+00:00,20260729-175008,https://trends24.in/indonesia/,Wed Jul 29 2026 10:32:25 GMT+0000 (Coordinated Universal Time),25,Dragon Tower,dragon tower,,,,,,
2026-07-29T17:50:08.521011+00:00,20260729-175008,https://trends24.in/indonesia/,Wed Jul 29 2026 10:32:25 GMT+0000 (Coordinated Universal Time),26,chenle,chenle,,,,,,
2026-07-29T17:50:08.521011+00:00,20260729-175008,https://trends24.in/indonesia/,Wed Jul 29 2026 10:32:25 GMT+0000 (Coordinated Universal Time),27,UEFA,uefa,,,,,,
2026-07-29T17:50:08.521011+00:00,20260729-175008,https://trends24.in/indonesia/,Wed Jul 29 2026 10:32:25 GMT+0000 (Coordinated Universal Time),28,MINT X FOURTH BOUCHERON,mint x fourth boucheron,,,,,,
2026-07-29T17:50:08.521011+00:00,20260729-175008,https://trends24.in/indonesia/,Wed Jul 29 2026 10:32:25 GMT+0000 (Coordinated Universal Time),29,Muhammadiyah,muhammadiyah,,,,,,
2026-07-29T17:50:08.521011+00:00,20260729-175008,https://trends24.in/indonesia/,Wed Jul 29 2026 10:32:25 GMT+0000 (Coordinated Universal Time),30,Indonesia Maju,indonesia maju,,,,,,
2026-07-29T17:50:08.521011+00:00,20260729-175008,https://trends24.in/indonesia/,Wed Jul 29 2026 10:32:25 GMT+0000 (Coordinated Universal Time),31,Kualitas HD,kualitas hd,,,,,,
2026-07-29T17:50:08.521011+00:00,20260729-175008,https://trends24.in/indonesia/,Wed Jul 29 2026 10:32:25 GMT+0000 (Coordinated Universal Time),32,Privacy,privacy,,,,,,
2026-07-29T17:50:08.521011+00:00,20260729-175008,https://trends24.in/indonesia/,Wed Jul 29 2026 10:32:25 GMT+0000 (Coordinated Universal Time),33,#SpiderManBrandNewDay,spidermanbrandnewday,,,,,,
2026-07-29T17:50:08.521011+00:00,20260729-175008,https://trends24.in/indonesia/,Wed Jul 29 2026 10:32:25 GMT+0000 (Coordinated Universal Time),34,#WhenOrangesFallFinalEP,whenorangesfallfinalep,,,,,,
2026-07-29T17:50:08.521011+00:00,20260729-175008,https://trends24.in/indonesia/,Wed Jul 29 2026 10:32:25 GMT+0000 (Coordinated Universal Time),35,#MempermudahPelayananPublik,mempermudahpelayananpublik,,,,,,
2026-07-29T17:50:08.521011+00:00,20260729-175008,https://trends24.in/indonesia/,Wed Jul 29 2026 10:32:25 GMT+0000 (Coordinated Universal Time),36,#à¸£à¸±à¸à¸¥à¸·à¸¡à¸à¸²à¸¢Q17,à¸£à¸±à¸à¸¥à¸·à¸¡à¸à¸²à¸¢q17,,,,,,
2026-07-29T17:50:08.521011+00:00,20260729-175008,https://trends24.in/indonesia/,Wed Jul 29 2026 10:32:25 GMT+0000 (Coordinated Universal Time),37,#à¹à¸à¸¡à¸à¸´à¸£à¸²à¸à¸­à¸à¸à¸´à¹à¸¨à¸©à¸à¹à¸²à¸¢à¸¥à¸°à¹à¸à¹à¸­,à¹à¸à¸¡à¸à¸´à¸£à¸²à¸à¸­à¸à¸à¸´à¹à¸¨à¸©à¸à¹à¸²à¸¢à¸¥à¸°à¹à¸à¹à¸­,,,,,,
2026-07-29T17:50:08.521011+00:00,20260729-175008,https://trends24.in/indonesia/,Wed Jul 29 2026 10:32:25 GMT+0000 (Coordinated Universal Time),38,#ProgramMBG,programmbg,,,,,,
2026-07-29T17:50:08.521011+00:00,20260729-175008,https://trends24.in/indonesia/,Wed Jul 29 2026 10:32:25 GMT+0000 (Coordinated Universal Time),39,#SEHUN_FADE,sehun_fade,,,,,,
2026-07-29T17:50:08.521011+00:00,20260729-175008,https://trends24.in/indonesia/,Wed Jul 29 2026 10:32:25 GMT+0000 (Coordinated Universal Time),40,#MiRolling23,mirolling23,,,,,,
2026-07-29T17:50:08.521011+00:00,20260729-175008,https://trends24.in/indonesia/,Wed Jul 29 2026 10:32:25 GMT+0000 (Coordinated Universal Time),41,#KamiracleDay,kamiracleday,,,,,,
2026-07-29T17:50:08.521011+00:00,20260729-175008,https://trends24.in/indonesia/,Wed Jul 29 2026 10:32:25 GMT+0000 (Coordinated Universal Time),42,#BankIndonesia,bankindonesia,,,,,,
2026-07-29T17:50:08.521011+00:00,20260729-175008,https://trends24.in/indonesia/,Wed Jul 29 2026 10:32:25 GMT+0000 (Coordinated Universal Time),43,#londoireng,londoireng,,,,,,
2026-07-29T17:50:08.521011+00:00,20260729-175008,https://trends24.in/indonesia/,Wed Jul 29 2026 10:32:25 GMT+0000 (Coordinated Universal Time),44,#FOURTHxMintMagTH,fourthxmintmagth,,,,,,
2026-07-29T17:50:08.521011+00:00,20260729-175008,https://trends24.in/indonesia/,Wed Jul 29 2026 10:32:25 GMT+0000 (Coordinated Universal Time),45,#bokepjapan,bokepjapan,,,,,,
2026-07-29T17:50:08.521011+00:00,20260729-175008,https://trends24.in/indonesia/,Wed Jul 29 2026 09:08:18 GMT+0000 (Coordinated Universal Time),1,#JetZXHearts2Hearts,jetzxhearts2hearts,,,,,,
2026-07-29T17:50:08.521011+00:00,20260729-175008,https://trends24.in/indonesia/,Wed Jul 29 2026 09:08:18 GMT+0000 (Coordinated Universal Time),2,Bukti Kerja Nyata,bukti kerja nyata,,,,,,
2026-07-29T17:50:08.521011+00:00,20260729-175008,https://trends24.in/indonesia/,Wed Jul 29 2026 09:08:18 GMT+0000 (Coordinated Universal Time),3,Grammy,grammy,,,,,,
2026-07-29T17:50:08.521011+00:00,20260729-175008,https://trends24.in/indonesia/,Wed Jul 29 2026 09:08:18 GMT+0000 (Coordinated Universal Time),4,Profesional Dalam Pengabdian,profesional dalam pengabdian,,,,,,
2026-07-29T17:50:08.521011+00:00,20260729-175008,https://trends24.in/indonesia/,Wed Jul 29 2026 09:08:18 GMT+0000 (Coordinated Universal Time),5,#MempermudahPelayananPublik,mempermudahpelayananpublik,,,,,,
2026-07-29T17:50:08.521011+00:00,20260729-175008,https://trends24.in/indonesia/,Wed Jul 29 2026 09:08:18 GMT+0000 (Coordinated Universal Time),6,#WeStandWithBTS,westandwithbts,,,,,,
2026-07-29T17:50:08.521011+00:00,20260729-175008,https://trends24.in/indonesia/,Wed Jul 29 2026 09:08:18 GMT+0000 (Coordinated Universal Time),7,Bangtan,bangtan,,,,,,
2026-07-29T17:50:08.521011+00:00,20260729-175008,https://trends24.in/indonesia/,Wed Jul 29 2026 09:08:18 GMT+0000 (Coordinated Universal Time),8,#SEHUN_FADE,sehun_fade,,,,,,
2026-07-29T17:50:08.521011+00:00,20260729-175008,https://trends24.in/indonesia/,Wed Jul 29 2026 09:08:18 GMT+0000 (Coordinated Universal Time),9,WELCOME TO THE FADE ERA,welcome to the fade era,,,,,,
2026-07-29T17:50:08.521011+00:00,20260729-175008,https://trends24.in/indonesia/,Wed Jul 29 2026 09:08:18 GMT+0000 (Coordinated Universal Time),10,#SpiderManBrandNewDay,spidermanbrandnewday,,,,,,
2026-07-29T17:50:08.521011+00:00,20260729-175008,https://trends24.in/indonesia/,Wed Jul 29 2026 09:08:18 GMT+0000 (Coordinated Universal Time),11,Green Policing,green policing,,,,,,
2026-07-29T17:50:08.521011+00:00,20260729-175008,https://trends24.in/indonesia/,Wed Jul 29 2026 09:08:18 GMT+0000 (Coordinated Universal Time),12,Tentara Nasional Indonesia,tentara nasional indonesia,,,,,,
2026-07-29T17:50:08.521011+00:00,20260729-175008,https://trends24.in/indonesia/,Wed Jul 29 2026 09:08:18 GMT+0000 (Coordinated Universal Time),13,Guru,guru,,,,,,
2026-07-29T17:50:08.521011+00:00,20260729-175008,https://trends24.in/indonesia/,Wed Jul 29 2026 09:08:18 GMT+0000 (Coordinated Universal Time),14,WE LOVE YOU BTS,we love you bts,,,,,,
2026-07-29T17:50:08.521011+00:00,20260729-175008,https://trends24.in/indonesia/,Wed Jul 29 2026 09:08:18 GMT+0000 (Coordinated Universal Time),15,SO PROUD OF BTS,so proud of bts,,,,,,
2026-07-29T17:50:08.521011+00:00,20260729-175008,https://trends24.in/indonesia/,Wed Jul 29 2026 09:08:18 GMT+0000 (Coordinated Universal Time),16,The Grim Lover Q17,the grim lover q17,,,,,,
2026-07-29T17:50:08.521011+00:00,20260729-175008,https://trends24.in/indonesia/,Wed Jul 29 2026 09:08:18 GMT+0000 (Coordinated Universal Time),17,ARMY,army,,,,,,
2026-07-29T17:50:08.521011+00:00,20260729-175008,https://trends24.in/indonesia/,Wed Jul 29 2026 09:08:18 GMT+0000 (Coordinated Universal Time),18,Rabu,rabu,,,,,,
2026-07-29T17:50:08.521011+00:00,20260729-175008,https://trends24.in/indonesia/,Wed Jul 29 2026 09:08:18 GMT+0000 (Coordinated Universal Time),19,TMMD,tmmd,,,,,,
2026-07-29T17:50:08.521011+00:00,20260729-175008,https://trends24.in/indonesia/,Wed Jul 29 2026 09:08:18 GMT+0000 (Coordinated Universal Time),20,Polda Riau,polda riau,,,,,,
2026-07-29T17:50:08.521011+00:00,20260729-175008,https://trends24.in/indonesia/,Wed Jul 29 2026 09:08:18 GMT+0000 (Coordinated Universal Time),21,Arirang,arirang,,,,,,
2026-07-29T17:50:08.521011+00:00,20260729-175008,https://trends24.in/indonesia/,Wed Jul 29 2026 09:08:18 GMT+0000 (Coordinated Universal Time),22,Aliens,aliens,,,,,,
2026-07-29T17:50:08.521011+00:00,20260729-175008,https://trends24.in/indonesia/,Wed Jul 29 2026 09:08:18 GMT+0000 (Coordinated Universal Time),23,chenle,chenle,,,,,,
2026-07-29T17:50:08.521011+00:00,20260729-175008,https://trends24.in/indonesia/,Wed Jul 29 2026 09:08:18 GMT+0000 (Coordinated Universal Time),24,GoPay QRIS Tap,gopay qris tap,,,,,,
2026-07-29T17:50:08.521011+00:00,20260729-175008,https://trends24.in/indonesia/,Wed Jul 29 2026 09:08:18 GMT+0000 (Coordinated Universal Time),25,SKCK,skck,,,,,,
2026-07-29T17:50:08.521011+00:00,20260729-175008,https://trends24.in/indonesia/,Wed Jul 29 2026 09:08:18 GMT+0000 (Coordinated Universal Time),26,Asupan VIP Cuma 50k,asupan vip cuma 50k,,,,,,
2026-07-29T17:50:08.521011+00:00,20260729-175008,https://trends24.in/indonesia/,Wed Jul 29 2026 09:08:18 GMT+0000 (Coordinated Universal Time),27,Call Center Polri 110,call center polri 110,,,,,,
2026-07-29T17:50:08.521011+00:00,20260729-175008,https://trends24.in/indonesia/,Wed Jul 29 2026 09:08:18 GMT+0000 (Coordinated Universal Time),28,FIFA ASEAN Cup 2026,fifa asean cup 2026,,,,,,
2026-07-29T17:50:08.521011+00:00,20260729-175008,https://trends24.in/indonesia/,Wed Jul 29 2026 09:08:18 GMT+0000 (Coordinated Universal Time),29,Dragon Tower,dragon tower,,,,,,
2026-07-29T17:50:08.521011+00:00,20260729-175008,https://trends24.in/indonesia/,Wed Jul 29 2026 09:08:18 GMT+0000 (Coordinated Universal Time),30,MINT X FOURTH BOUCHERON,mint x fourth boucheron,,,,,,
2026-07-29T17:50:08.521011+00:00,20260729-175008,https://trends24.in/indonesia/,Wed Jul 29 2026 09:08:18 GMT+0000 (Coordinated Universal Time),31,APBN,apbn,,,,,,
2026-07-29T17:50:08.521011+00:00,20260729-175008,https://trends24.in/indonesia/,Wed Jul 29 2026 09:08:18 GMT+0000 (Coordinated Universal Time),32,Muhammadiyah,muhammadiyah,,,,,,
2026-07-29T17:50:08.521011+00:00,20260729-175008,https://trends24.in/indonesia/,Wed Jul 29 2026 09:08:18 GMT+0000 (Coordinated Universal Time),33,Peter Parker,peter parker,,,,,,
2026-07-29T17:50:08.521011+00:00,20260729-175008,https://trends24.in/indonesia/,Wed Jul 29 2026 09:08:18 GMT+0000 (Coordinated Universal Time),34,Gus Yaqut,gus yaqut,,,,,,
2026-07-29T17:50:08.521011+00:00,20260729-175008,https://trends24.in/indonesia/,Wed Jul 29 2026 09:08:18 GMT+0000 (Coordinated Universal Time),35,Indonesia Maju,indonesia maju,,,,,,
2026-07-29T17:50:08.521011+00:00,20260729-175008,https://trends24.in/indonesia/,Wed Jul 29 2026 09:08:18 GMT+0000 (Coordinated Universal Time),36,UEFA,uefa,,,,,,
2026-07-29T17:50:08.521011+00:00,20260729-175008,https://trends24.in/indonesia/,Wed Jul 29 2026 09:08:18 GMT+0000 (Coordinated Universal Time),37,Danny Welbeck,danny welbeck,,,,,,
2026-07-29T17:50:08.521011+00:00,20260729-175008,https://trends24.in/indonesia/,Wed Jul 29 2026 09:08:18 GMT+0000 (Coordinated Universal Time),38,Kualitas HD,kualitas hd,,,,,,
2026-07-29T17:50:08.521011+00:00,20260729-175008,https://trends24.in/indonesia/,Wed Jul 29 2026 09:08:18 GMT+0000 (Coordinated Universal Time),39,Love Destiny EP3,love destiny ep3,,,,,,
2026-07-29T17:50:08.521011+00:00,20260729-175008,https://trends24.in/indonesia/,Wed Jul 29 2026 09:08:18 GMT+0000 (Coordinated Universal Time),40,#à¸£à¸±à¸à¸¥à¸·à¸¡à¸à¸²à¸¢Q17,à¸£à¸±à¸à¸¥à¸·à¸¡à¸à¸²à¸¢q17,,,,,,
2026-07-29T17:50:08.521011+00:00,20260729-175008,https://trends24.in/indonesia/,Wed Jul 29 2026 09:08:18 GMT+0000 (Coordinated Universal Time),41,#à¹à¸à¸¡à¸à¸´à¸£à¸²à¸à¸­à¸à¸à¸´à¹à¸¨à¸©à¸à¹à¸²à¸¢à¸¥à¸°à¹à¸à¹à¸­,à¹à¸à¸¡à¸à¸´à¸£à¸²à¸à¸­à¸à¸à¸´à¹à¸¨à¸©à¸à¹à¸²à¸¢à¸¥à¸°à¹à¸à¹à¸­,,,,,,
2026-07-29T17:50:08.521011+00:00,20260729-175008,https://trends24.in/indonesia/,Wed Jul 29 2026 09:08:18 GMT+0000 (Coordinated Universal Time),42,#BankIndonesia,bankindonesia,,,,,,
2026-07-29T17:50:08.521011+00:00,20260729-175008,https://trends24.in/indonesia/,Wed Jul 29 2026 09:08:18 GMT+0000 (Coordinated Universal Time),43,#MiRolling23,mirolling23,,,,,,
2026-07-29T17:50:08.521011+00:00,20260729-175008,https://trends24.in/indonesia/,Wed Jul 29 2026 09:08:18 GMT+0000 (Coordinated Universal Time),44,#KamiracleDay,kamiracleday,,,,,,
2026-07-29T17:50:08.521011+00:00,20260729-175008,https://trends24.in/indonesia/,Wed Jul 29 2026 09:08:18 GMT+0000 (Coordinated Universal Time),45,#ProgramMBG,programmbg,,,,,,
2026-07-29T17:50:08.521011+00:00,20260729-175008,https://trends24.in/indonesia/,Wed Jul 29 2026 09:08:18 GMT+0000 (Coordinated Universal Time),46,#londoireng,londoireng,,,,,,
2026-07-29T17:50:08.521011+00:00,20260729-175008,https://trends24.in/indonesia/,Wed Jul 29 2026 09:08:18 GMT+0000 (Coordinated Universal Time),47,#FOURTHxMintMagTH,fourthxmintmagth,,,,,,
2026-07-29T17:50:08.521011+00:00,20260729-175008,https://trends24.in/indonesia/,Wed Jul 29 2026 09:08:18 GMT+0000 (Coordinated Universal Time),48,#bokepjapan,bokepjapan,,,,,,
2026-07-29T17:50:08.521011+00:00,20260729-175008,https://trends24.in/indonesia/,Wed Jul 29 2026 09:08:18 GMT+0000 (Coordinated Universal Time),49,#à¸à¸¸à¸à¹à¸à¸ªà¸±à¸à¸à¸´à¸§à¸²à¸ªEP3,à¸à¸¸à¸à¹à¸à¸ªà¸±à¸à¸à¸´à¸§à¸²à¸ªep3,,,,,,
2026-07-29T17:50:08.521011+00:00,20260729-175008,https://trends24.in/indonesia/,Wed Jul 29 2026 07:09:49 GMT+0000 (Coordinated Universal Time),1,#JetZXHearts2Hearts,jetzxhearts2hearts,,,,,,
2026-07-29T17:50:08.521011+00:00,20260729-175008,https://trends24.in/indonesia/,Wed Jul 29 2026 07:09:49 GMT+0000 (Coordinated Universal Time),2,#MempermudahPelayananPublik,mempermudahpelayananpublik,,,,,,
2026-07-29T17:50:08.521011+00:00,20260729-175008,https://trends24.in/indonesia/,Wed Jul 29 2026 07:09:49 GMT+0000 (Coordinated Universal Time),3,Profesional Dalam Pengabdian,profesional dalam pengabdian,,,,,,
2026-07-29T17:50:08.521011+00:00,20260729-175008,https://trends24.in/indonesia/,Wed Jul 29 2026 07:09:49 GMT+0000 (Coordinated Universal Time),4,Bukti Kerja Nyata,bukti kerja nyata,,,,,,
2026-07-29T17:50:08.521011+00:00,20260729-175008,https://trends24.in/indonesia/,Wed Jul 29 2026 07:09:49 GMT+0000 (Coordinated Universal Time),5,Grammy,grammy,,,,,,
2026-07-29T17:50:08.521011+00:00,20260729-175008,https://trends24.in/indonesia/,Wed Jul 29 2026 07:09:49 GMT+0000 (Coordinated Universal Time),6,#SEHUN_FADE,sehun_fade,,,,,,
2026-07-29T17:50:08.521011+00:00,20260729-175008,https://trends24.in/indonesia/,Wed Jul 29 2026 07:09:49 GMT+0000 (Coordinated Universal Time),7,WELCOME TO THE FADE ERA,welcome to the fade era,,,,,,
2026-07-29T17:50:08.521011+00:00,20260729-175008,https://trends24.in/indonesia/,Wed Jul 29 2026 07:09:49 GMT+0000 (Coordinated Universal Time),8,Super App Polri,super app polri,,,,,,
2026-07-29T17:50:08.521011+00:00,20260729-175008,https://trends24.in/indonesia/,Wed Jul 29 2026 07:09:49 GMT+0000 (Coordinated Universal Time),9,Bangtan,bangtan,,,,,,
2026-07-29T17:50:08.521011+00:00,20260729-175008,https://trends24.in/indonesia/,Wed Jul 29 2026 07:09:49 GMT+0000 (Coordinated Universal Time),10,Laporan Kehilangan,laporan kehilangan,,,,,,
2026-07-29T17:50:08.521011+00:00,20260729-175008,https://trends24.in/indonesia/,Wed Jul 29 2026 07:09:49 GMT+0000 (Coordinated Universal Time),11,I STAND WITH BTS,i stand with bts,,,,,,
2026-07-29T17:50:08.521011+00:00,20260729-175008,https://trends24.in/indonesia/,Wed Jul 29 2026 07:09:49 GMT+0000 (Coordinated Universal Time),12,SO PROUD OF BTS,so proud of bts,,,,,,
2026-07-29T17:50:08.521011+00:00,20260729-175008,https://trends24.in/indonesia/,Wed Jul 29 2026 07:09:49 GMT+0000 (Coordinated Universal Time),13,Laporan Polisi,laporan polisi,,,,,,
2026-07-29T17:50:08.521011+00:00,20260729-175008,https://trends24.in/indonesia/,Wed Jul 29 2026 07:09:49 GMT+0000 (Coordinated Universal Time),14,ARMY,army,,,,,,
2026-07-29T17:50:08.521011+00:00,20260729-175008,https://trends24.in/indonesia/,Wed Jul 29 2026 07:09:49 GMT+0000 (Coordinated Universal Time),15,#FOURTHxMintMagTH,fourthxmintmagth,,,,,,
2026-07-29T17:50:08.521011+00:00,20260729-175008,https://trends24.in/indonesia/,Wed Jul 29 2026 07:09:49 GMT+0000 (Coordinated Universal Time),16,MINT X FOURTH BOUCHERON,mint x fourth boucheron,,,,,,
2026-07-29T17:50:08.521011+00:00,20260729-175008,https://trends24.in/indonesia/,Wed Jul 29 2026 07:09:49 GMT+0000 (Coordinated Universal Time),17,chenle,chenle,,,,,,
2026-07-29T17:50:08.521011+00:00,20260729-175008,https://trends24.in/indonesia/,Wed Jul 29 2026 07:09:49 GMT+0000 (Coordinated Universal Time),18,Call Center Polri 110,call center polri 110,,,,,,
2026-07-29T17:50:08.521011+00:00,20260729-175008,https://trends24.in/indonesia/,Wed Jul 29 2026 07:09:49 GMT+0000 (Coordinated Universal Time),19,SKCK,skck,,,,,,
2026-07-29T17:50:08.521011+00:00,20260729-175008,https://trends24.in/indonesia/,Wed Jul 29 2026 07:09:49 GMT+0000 (Coordinated Universal Time),20,Polda Riau,polda riau,,,,,,
2026-07-29T17:50:08.521011+00:00,20260729-175008,https://trends24.in/indonesia/,Wed Jul 29 2026 07:09:49 GMT+0000 (Coordinated Universal Time),21,#à¸£à¸±à¸à¸¥à¸·à¸¡à¸à¸²à¸¢Q17,à¸£à¸±à¸à¸¥à¸·à¸¡à¸à¸²à¸¢q17,,,,,,
2026-07-29T17:50:08.521011+00:00,20260729-175008,https://trends24.in/indonesia/,Wed Jul 29 2026 07:09:49 GMT+0000 (Coordinated Universal Time),22,The Grim Lover Q17,the grim lover q17,,,,,,
2026-07-29T17:50:08.521011+00:00,20260729-175008,https://trends24.in/indonesia/,Wed Jul 29 2026 07:09:49 GMT+0000 (Coordinated Universal Time),23,Rabu,rabu,,,,,,
2026-07-29T17:50:08.521011+00:00,20260729-175008,https://trends24.in/indonesia/,Wed Jul 29 2026 07:09:49 GMT+0000 (Coordinated Universal Time),24,GoPay QRIS Tap,gopay qris tap,,,,,,
2026-07-29T17:50:08.521011+00:00,20260729-175008,https://trends24.in/indonesia/,Wed Jul 29 2026 07:09:49 GMT+0000 (Coordinated Universal Time),25,Arirang,arirang,,,,,,
2026-07-29T17:50:08.521011+00:00,20260729-175008,https://trends24.in/indonesia/,Wed Jul 29 2026 07:09:49 GMT+0000 (Coordinated Universal Time),26,Gus Yaqut,gus yaqut,,,,,,
2026-07-29T17:50:08.521011+00:00,20260729-175008,https://trends24.in/indonesia/,Wed Jul 29 2026 07:09:49 GMT+0000 (Coordinated Universal Time),27,Indonesia Maju,indonesia maju,,,,,,
2026-07-29T17:50:08.521011+00:00,20260729-175008,https://trends24.in/indonesia/,Wed Jul 29 2026 07:09:49 GMT+0000 (Coordinated Universal Time),28,APBN,apbn,,,,,,
2026-07-29T17:50:08.521011+00:00,20260729-175008,https://trends24.in/indonesia/,Wed Jul 29 2026 07:09:49 GMT+0000 (Coordinated Universal Time),29,UEFA,uefa,,,,,,
2026-07-29T17:50:08.521011+00:00,20260729-175008,https://trends24.in/indonesia/,Wed Jul 29 2026 07:09:49 GMT+0000 (Coordinated Universal Time),30,Danny Welbeck,danny welbeck,,,,,,
2026-07-29T17:50:08.521011+00:00,20260729-175008,https://trends24.in/indonesia/,Wed Jul 29 2026 07:09:49 GMT+0000 (Coordinated Universal Time),31,Kualitas HD,kualitas hd,,,,,,
2026-07-29T17:50:08.521011+00:00,20260729-175008,https://trends24.in/indonesia/,Wed Jul 29 2026 07:09:49 GMT+0000 (Coordinated Universal Time),32,Love Destiny EP3,love destiny ep3,,,,,,
2026-07-29T17:50:08.521011+00:00,20260729-175008,https://trends24.in/indonesia/,Wed Jul 29 2026 07:09:49 GMT+0000 (Coordinated Universal Time),33,Peter Parker,peter parker,,,,,,
2026-07-29T17:50:08.521011+00:00,20260729-175008,https://trends24.in/indonesia/,Wed Jul 29 2026 07:09:49 GMT+0000 (Coordinated Universal Time),34,Lego,lego,,,,,,
2026-07-29T17:50:08.521011+00:00,20260729-175008,https://trends24.in/indonesia/,Wed Jul 29 2026 07:09:49 GMT+0000 (Coordinated Universal Time),35,#hajiisam,hajiisam,,,,,,
2026-07-29T17:50:08.521011+00:00,20260729-175008,https://trends24.in/indonesia/,Wed Jul 29 2026 07:09:49 GMT+0000 (Coordinated Universal Time),36,#jhonlingroup,jhonlingroup,,,,,,
2026-07-29T17:50:08.521011+00:00,20260729-175008,https://trends24.in/indonesia/,Wed Jul 29 2026 07:09:49 GMT+0000 (Coordinated Universal Time),37,#gd_psn,gd_psn,,,,,,
2026-07-29T17:50:08.521011+00:00,20260729-175008,https://trends24.in/indonesia/,Wed Jul 29 2026 07:09:49 GMT+0000 (Coordinated Universal Time),38,#KamiracleDay,kamiracleday,,,,,,
2026-07-29T17:50:08.521011+00:00,20260729-175008,https://trends24.in/indonesia/,Wed Jul 29 2026 07:09:49 GMT+0000 (Coordinated Universal Time),39,#jhopexColgate,jhopexcolgate,,,,,,
2026-07-29T17:50:08.521011+00:00,20260729-175008,https://trends24.in/indonesia/,Wed Jul 29 2026 07:09:49 GMT+0000 (Coordinated Universal Time),40,#MiRolling23,mirolling23,,,,,,
2026-07-29T17:50:08.521011+00:00,20260729-175008,https://trends24.in/indonesia/,Wed Jul 29 2026 07:09:49 GMT+0000 (Coordinated Universal Time),41,#GalxeID,galxeid,,,,,,
2026-07-29T17:50:08.521011+00:00,20260729-175008,https://trends24.in/indonesia/,Wed Jul 29 2026 07:09:49 GMT+0000 (Coordinated Universal Time),42,#spiderman,spiderman,,,,,,
2026-07-29T17:50:08.521011+00:00,20260729-175008,https://trends24.in/indonesia/,Wed Jul 29 2026 07:09:49 GMT+0000 (Coordinated Universal Time),43,#bokepjapan,bokepjapan,,,,,,
2026-07-29T17:50:08.521011+00:00,20260729-175008,https://trends24.in/indonesia/,Wed Jul 29 2026 07:09:49 GMT+0000 (Coordinated Universal Time),44,#à¸à¸¸à¸à¹à¸à¸ªà¸±à¸à¸à¸´à¸§à¸²à¸ªEP3,à¸à¸¸à¸à¹à¸à¸ªà¸±à¸à¸à¸´à¸§à¸²à¸ªep3,,,,,,
2026-07-29T17:50:08.521011+00:00,20260729-175008,https://trends24.in/indonesia/,Wed Jul 29 2026 07:09:49 GMT+0000 (Coordinated Universal Time),45,#DiveIntoRyou,diveintoryou,,,,,,
2026-07-29T17:50:08.521011+00:00,20260729-175008,https://trends24.in/indonesia/,Wed Jul 29 2026 05:44:31 GMT+0000 (Coordinated Universal Time),1,#MempermudahPelayananPublik,mempermudahpelayananpublik,,,,,,
2026-07-29T17:50:08.521011+00:00,20260729-175008,https://trends24.in/indonesia/,Wed Jul 29 2026 05:44:31 GMT+0000 (Coordinated Universal Time),2,Profesional Dalam Pengabdian,profesional dalam pengabdian,,,,,,
2026-07-29T17:50:08.521011+00:00,20260729-175008,https://trends24.in/indonesia/,Wed Jul 29 2026 05:44:31 GMT+0000 (Coordinated Universal Time),3,#JossGawinConcert,jossgawinconcert,,,,,,
2026-07-29T17:50:08.521011+00:00,20260729-175008,https://trends24.in/indonesia/,Wed Jul 29 2026 05:44:31 GMT+0000 (Coordinated Universal Time),4,#MrKillSeriesEP4,mrkillseriesep4,,,,,,
2026-07-29T17:50:08.521011+00:00,20260729-175008,https://trends24.in/indonesia/,Wed Jul 29 2026 05:44:31 GMT+0000 (Coordinated Universal Time),5,#SEHUN_FADE,sehun_fade,,,,,,
2026-07-29T17:50:08.521011+00:00,20260729-175008,https://trends24.in/indonesia/,Wed Jul 29 2026 05:44:31 GMT+0000 (Coordinated Universal Time),6,Super App Polri,super app polri,,,,,,
2026-07-29T17:50:08.521011+00:00,20260729-175008,https://trends24.in/indonesia/,Wed Jul 29 2026 05:44:31 GMT+0000 (Coordinated Universal Time),7,Grammy,grammy,,,,,,
2026-07-29T17:50:08.521011+00:00,20260729-175008,https://trends24.in/indonesia/,Wed Jul 29 2026 05:44:31 GMT+0000 (Coordinated Universal Time),8,DEWTEE FANSIGN 2026,dewtee fansign 2026,,,,,,
2026-07-29T17:50:08.521011+00:00,20260729-175008,https://trends24.in/indonesia/,Wed Jul 29 2026 05:44:31 GMT+0000 (Coordinated Universal Time),9,Laporan Kehilangan,laporan kehilangan,,,,,,
2026-07-29T17:50:08.521011+00:00,20260729-175008,https://trends24.in/indonesia/,Wed Jul 29 2026 05:44:31 GMT+0000 (Coordinated Universal Time),10,#KlinikAntiDrama,klinikantidrama,,,,,,
2026-07-29T17:50:08.521011+00:00,20260729-175008,https://trends24.in/indonesia/,Wed Jul 29 2026 05:44:31 GMT+0000 (Coordinated Universal Time),11,Pilih Naavagreen,pilih naavagreen,,,,,,
2026-07-29T17:50:08.521011+00:00,20260729-175008,https://trends24.in/indonesia/,Wed Jul 29 2026 05:44:31 GMT+0000 (Coordinated Universal Time),12,Laporan Polisi,laporan polisi,,,,,,
2026-07-29T17:50:08.521011+00:00,20260729-175008,https://trends24.in/indonesia/,Wed Jul 29 2026 05:44:31 GMT+0000 (Coordinated Universal Time),13,Bangtan,bangtan,,,,,,
2026-07-29T17:50:08.521011+00:00,20260729-175008,https://trends24.in/indonesia/,Wed Jul 29 2026 05:44:31 GMT+0000 (Coordinated Universal Time),14,MINT X FOURTH BOUCHERON,mint x fourth boucheron,,,,,,
2026-07-29T17:50:08.521011+00:00,20260729-175008,https://trends24.in/indonesia/,Wed Jul 29 2026 05:44:31 GMT+0000 (Coordinated Universal Time),15,SKCK,skck,,,,,,
2026-07-29T17:50:08.521011+00:00,20260729-175008,https://trends24.in/indonesia/,Wed Jul 29 2026 05:44:31 GMT+0000 (Coordinated Universal Time),16,jg ready for concert,jg ready for concert,,,,,,
2026-07-29T17:50:08.521011+00:00,20260729-175008,https://trends24.in/indonesia/,Wed Jul 29 2026 05:44:31 GMT+0000 (Coordinated Universal Time),17,Mancini,mancini,,,,,,
2026-07-29T17:50:08.521011+00:00,20260729-175008,https://trends24.in/indonesia/,Wed Jul 29 2026 05:44:31 GMT+0000 (Coordinated Universal Time),18,GoPay QRIS Tap,gopay qris tap,,,,,,
2026-07-29T17:50:08.521011+00:00,20260729-175008,https://trends24.in/indonesia/,Wed Jul 29 2026 05:44:31 GMT+0000 (Coordinated Universal Time),19,Kawal Pembangunan Negeri,kawal pembangunan negeri,,,,,,
2026-07-29T17:50:08.521011+00:00,20260729-175008,https://trends24.in/indonesia/,Wed Jul 29 2026 05:44:31 GMT+0000 (Coordinated Universal Time),20,Rabu,rabu,,,,,,
2026-07-29T17:50:08.521011+00:00,20260729-175008,https://trends24.in/indonesia/,Wed Jul 29 2026 05:44:31 GMT+0000 (Coordinated Universal Time),21,LOVE DESTINY EP3,love destiny ep3,,,,,,
2026-07-29T17:50:08.521011+00:00,20260729-175008,https://trends24.in/indonesia/,Wed Jul 29 2026 05:44:31 GMT+0000 (Coordinated Universal Time),22,HUG E LHEE Q1,hug e lhee q1,,,,,,
2026-07-29T17:50:08.521011+00:00,20260729-175008,https://trends24.in/indonesia/,Wed Jul 29 2026 05:44:31 GMT+0000 (Coordinated Universal Time),23,taksekadar jaga wilayah,taksekadar jaga wilayah,,,,,,
2026-07-29T17:50:08.521011+00:00,20260729-175008,https://trends24.in/indonesia/,Wed Jul 29 2026 05:44:31 GMT+0000 (Coordinated Universal Time),24,The Grim Lover Q17,the grim lover q17,,,,,,
2026-07-29T17:50:08.521011+00:00,20260729-175008,https://trends24.in/indonesia/,Wed Jul 29 2026 05:44:31 GMT+0000 (Coordinated Universal Time),25,chenle,chenle,,,,,,
2026-07-29T17:50:08.521011+00:00,20260729-175008,https://trends24.in/indonesia/,Wed Jul 29 2026 05:44:31 GMT+0000 (Coordinated Universal Time),26,J-HOPE X COLGATE IS COMING,j-hope x colgate is coming,,,,,,
2026-07-29T17:50:08.521011+00:00,20260729-175008,https://trends24.in/indonesia/,Wed Jul 29 2026 05:44:31 GMT+0000 (Coordinated Universal Time),27,Gus Yaqut,gus yaqut,,,,,,
2026-07-29T17:50:08.521011+00:00,20260729-175008,https://trends24.in/indonesia/,Wed Jul 29 2026 05:44:31 GMT+0000 (Coordinated Universal Time),28,APBN,apbn,,,,,,
2026-07-29T17:50:08.521011+00:00,20260729-175008,https://trends24.in/indonesia/,Wed Jul 29 2026 05:44:31 GMT+0000 (Coordinated Universal Time),29,Gubernur BI,gubernur bi,,,,,,
2026-07-29T17:50:08.521011+00:00,20260729-175008,https://trends24.in/indonesia/,Wed Jul 29 2026 05:44:31 GMT+0000 (Coordinated Universal Time),30,Kumamoto,kumamoto,,,,,,
2026-07-29T17:50:08.521011+00:00,20260729-175008,https://trends24.in/indonesia/,Wed Jul 29 2026 05:44:31 GMT+0000 (Coordinated Universal Time),31,Mitchell Baker,mitchell baker,,,,,,
2026-07-29T17:50:08.521011+00:00,20260729-175008,https://trends24.in/indonesia/,Wed Jul 29 2026 05:44:31 GMT+0000 (Coordinated Universal Time),32,Gwanhee,gwanhee,,,,,,
2026-07-29T17:50:08.521011+00:00,20260729-175008,https://trends24.in/indonesia/,Wed Jul 29 2026 05:44:31 GMT+0000 (Coordinated Universal Time),33,Selasa,selasa,,,,,,
2026-07-29T17:50:08.521011+00:00,20260729-175008,https://trends24.in/indonesia/,Wed Jul 29 2026 05:44:31 GMT+0000 (Coordinated Universal Time),34,XL SATU KASIH LEBIH,xl satu kasih lebih,,,,,,
2026-07-29T17:50:08.521011+00:00,20260729-175008,https://trends24.in/indonesia/,Wed Jul 29 2026 05:44:31 GMT+0000 (Coordinated Universal Time),35,Everwinter Without Mercy,everwinter without mercy,,,,,,
2026-07-29T17:50:08.521011+00:00,20260729-175008,https://trends24.in/indonesia/,Wed Jul 29 2026 05:44:31 GMT+0000 (Coordinated Universal Time),36,EMIBONNIE MOONSHADOW TRAILER,emibonnie moonshadow trailer,,,,,,
2026-07-29T17:50:08.521011+00:00,20260729-175008,https://trends24.in/indonesia/,Wed Jul 29 2026 05:44:31 GMT+0000 (Coordinated Universal Time),37,Ramon,ramon,,,,,,
2026-07-29T17:50:08.521011+00:00,20260729-175008,https://trends24.in/indonesia/,Wed Jul 29 2026 05:44:31 GMT+0000 (Coordinated Universal Time),38,Kamboja,kamboja,,,,,,
2026-07-29T17:50:08.521011+00:00,20260729-175008,https://trends24.in/indonesia/,Wed Jul 29 2026 05:44:31 GMT+0000 (Coordinated Universal Time),39,Budaya,budaya,,,,,,
2026-07-29T17:50:08.521011+00:00,20260729-175008,https://trends24.in/indonesia/,Wed Jul 29 2026 05:44:31 GMT+0000 (Coordinated Universal Time),40,Perry Warjiyo,perry warjiyo,,,,,,
2026-07-29T17:50:08.521011+00:00,20260729-175008,https://trends24.in/indonesia/,Wed Jul 29 2026 05:44:31 GMT+0000 (Coordinated Universal Time),41,Welbeck,welbeck,,,,,,
2026-07-29T17:50:08.521011+00:00,20260729-175008,https://trends24.in/indonesia/,Wed Jul 29 2026 05:44:31 GMT+0000 (Coordinated Universal Time),42,Sieun,sieun,,,,,,
2026-07-29T17:50:08.521011+00:00,20260729-175008,https://trends24.in/indonesia/,Wed Jul 29 2026 05:44:31 GMT+0000 (Coordinated Universal Time),43,Kualitas HD,kualitas hd,,,,,,
2026-07-29T17:50:08.521011+00:00,20260729-175008,https://trends24.in/indonesia/,Wed Jul 29 2026 05:44:31 GMT+0000 (Coordinated Universal Time),44,Palermo,palermo,,,,,,
2026-07-29T17:50:08.521011+00:00,20260729-175008,https://trends24.in/indonesia/,Wed Jul 29 2026 05:44:31 GMT+0000 (Coordinated Universal Time),45,King Indo,king indo,,,,,,
2026-07-29T17:50:08.521011+00:00,20260729-175008,https://trends24.in/indonesia/,Wed Jul 29 2026 05:44:31 GMT+0000 (Coordinated Universal Time),46,Indonesia Maju,indonesia maju,,,,,,
2026-07-29T17:50:08.521011+00:00,20260729-175008,https://trends24.in/indonesia/,Wed Jul 29 2026 05:44:31 GMT+0000 (Coordinated Universal Time),47,Banten,banten,,,,,,
2026-07-29T17:50:08.521011+00:00,20260729-175008,https://trends24.in/indonesia/,Wed Jul 29 2026 05:44:31 GMT+0000 (Coordinated Universal Time),48,Puzzle B,puzzle b,,,,,,
2026-07-29T17:50:08.521011+00:00,20260729-175008,https://trends24.in/indonesia/,Wed Jul 29 2026 05:44:31 GMT+0000 (Coordinated Universal Time),49,BIGBANG 2026-2027 WORLD TOUR,bigbang 2026-2027 world tour,,,,,,
2026-07-29T17:50:08.521011+00:00,20260729-175008,https://trends24.in/indonesia/,Wed Jul 29 2026 05:44:31 GMT+0000 (Coordinated Universal Time),50,Ford,ford,,,,,,
2026-07-29T17:50:08.521011+00:00,20260729-175008,https://trends24.in/indonesia/,Wed Jul 29 2026 04:21:10 GMT+0000 (Coordinated Universal Time),1,#JossGawinConcert,jossgawinconcert,,,,,,
2026-07-29T17:50:08.521011+00:00,20260729-175008,https://trends24.in/indonesia/,Wed Jul 29 2026 04:21:10 GMT+0000 (Coordinated Universal Time),2,#MrKillSeriesEP4,mrkillseriesep4,,,,,,
2026-07-29T17:50:08.521011+00:00,20260729-175008,https://trends24.in/indonesia/,Wed Jul 29 2026 04:21:10 GMT+0000 (Coordinated Universal Time),3,#SEHUN_FADE,sehun_fade,,,,,,
2026-07-29T17:50:08.521011+00:00,20260729-175008,https://trends24.in/indonesia/,Wed Jul 29 2026 04:21:10 GMT+0000 (Coordinated Universal Time),4,DEWTEE FANSIGN 2026,dewtee fansign 2026,,,,,,
2026-07-29T17:50:08.521011+00:00,20260729-175008,https://trends24.in/indonesia/,Wed Jul 29 2026 04:21:10 GMT+0000 (Coordinated Universal Time),5,#KlinikAntiDrama,klinikantidrama,,,,,,
2026-07-29T17:50:08.521011+00:00,20260729-175008,https://trends24.in/indonesia/,Wed Jul 29 2026 04:21:10 GMT+0000 (Coordinated Universal Time),6,Pilih Naavagreen,pilih naavagreen,,,,,,
2026-07-29T17:50:08.521011+00:00,20260729-175008,https://trends24.in/indonesia/,Wed Jul 29 2026 04:21:10 GMT+0000 (Coordinated Universal Time),7,MINT X FOURTH BOUCHERON,mint x fourth boucheron,,,,,,
2026-07-29T17:50:08.521011+00:00,20260729-175008,https://trends24.in/indonesia/,Wed Jul 29 2026 04:21:10 GMT+0000 (Coordinated Universal Time),8,#FOURTHxMintMagTH,fourthxmintmagth,,,,,,
2026-07-29T17:50:08.521011+00:00,20260729-175008,https://trends24.in/indonesia/,Wed Jul 29 2026 04:21:10 GMT+0000 (Coordinated Universal Time),9,Rabu,rabu,,,,,,
2026-07-29T17:50:08.521011+00:00,20260729-175008,https://trends24.in/indonesia/,Wed Jul 29 2026 04:21:10 GMT+0000 (Coordinated Universal Time),10,jg ready for concert,jg ready for concert,,,,,,
2026-07-29T17:50:08.521011+00:00,20260729-175008,https://trends24.in/indonesia/,Wed Jul 29 2026 04:21:10 GMT+0000 (Coordinated Universal Time),11,Mancini,mancini,,,,,,
2026-07-29T17:50:08.521011+00:00,20260729-175008,https://trends24.in/indonesia/,Wed Jul 29 2026 04:21:10 GMT+0000 (Coordinated Universal Time),12,Gus Yaqut,gus yaqut,,,,,,
2026-07-29T17:50:08.521011+00:00,20260729-175008,https://trends24.in/indonesia/,Wed Jul 29 2026 04:21:10 GMT+0000 (Coordinated Universal Time),13,J-HOPE X COLGATE IS COMING,j-hope x colgate is coming,,,,,,
2026-07-29T17:50:08.521011+00:00,20260729-175008,https://trends24.in/indonesia/,Wed Jul 29 2026 04:21:10 GMT+0000 (Coordinated Universal Time),14,Kawal Pembangunan Negeri,kawal pembangunan negeri,,,,,,
2026-07-29T17:50:08.521011+00:00,20260729-175008,https://trends24.in/indonesia/,Wed Jul 29 2026 04:21:10 GMT+0000 (Coordinated Universal Time),15,HUG E LHEE Q1,hug e lhee q1,,,,,,
2026-07-29T17:50:08.521011+00:00,20260729-175008,https://trends24.in/indonesia/,Wed Jul 29 2026 04:21:10 GMT+0000 (Coordinated Universal Time),16,taksekadar jaga wilayah,taksekadar jaga wilayah,,,,,,
2026-07-29T17:50:08.521011+00:00,20260729-175008,https://trends24.in/indonesia/,Wed Jul 29 2026 04:21:10 GMT+0000 (Coordinated Universal Time),17,Love Destiny EP3,love destiny ep3,,,,,,
2026-07-29T17:50:08.521011+00:00,20260729-175008,https://trends24.in/indonesia/,Wed Jul 29 2026 04:21:10 GMT+0000 (Coordinated Universal Time),18,Sarapan,sarapan,,,,,,
2026-07-29T17:50:08.521011+00:00,20260729-175008,https://trends24.in/indonesia/,Wed Jul 29 2026 04:21:10 GMT+0000 (Coordinated Universal Time),19,GoPay QRIS Tap,gopay qris tap,,,,,,
2026-07-29T17:50:08.521011+00:00,20260729-175008,https://trends24.in/indonesia/,Wed Jul 29 2026 04:21:10 GMT+0000 (Coordinated Universal Time),20,Gubernur BI,gubernur bi,,,,,,
2026-07-29T17:50:08.521011+00:00,20260729-175008,https://trends24.in/indonesia/,Wed Jul 29 2026 04:21:10 GMT+0000 (Coordinated Universal Time),21,Sieun,sieun,,,,,,
2026-07-29T17:50:08.521011+00:00,20260729-175008,https://trends24.in/indonesia/,Wed Jul 29 2026 04:21:10 GMT+0000 (Coordinated Universal Time),22,BIGBANG 2026-2027 WORLD TOUR,bigbang 2026-2027 world tour,,,,,,
2026-07-29T17:50:08.521011+00:00,20260729-175008,https://trends24.in/indonesia/,Wed Jul 29 2026 04:21:10 GMT+0000 (Coordinated Universal Time),23,XL SATU KASIH LEBIH,xl satu kasih lebih,,,,,,
2026-07-29T17:50:08.521011+00:00,20260729-175008,https://trends24.in/indonesia/,Wed Jul 29 2026 04:21:10 GMT+0000 (Coordinated Universal Time),24,APBN,apbn,,,,,,
2026-07-29T17:50:08.521011+00:00,20260729-175008,https://trends24.in/indonesia/,Wed Jul 29 2026 04:21:10 GMT+0000 (Coordinated Universal Time),25,Selasa,selasa,,,,,,
2026-07-29T17:50:08.521011+00:00,20260729-175008,https://trends24.in/indonesia/,Wed Jul 29 2026 04:21:10 GMT+0000 (Coordinated Universal Time),26,Mitchell Baker,mitchell baker,,,,,,
2026-07-29T17:50:08.521011+00:00,20260729-175008,https://trends24.in/indonesia/,Wed Jul 29 2026 04:21:10 GMT+0000 (Coordinated Universal Time),27,Kumamoto,kumamoto,,,,,,
2026-07-29T17:50:08.521011+00:00,20260729-175008,https://trends24.in/indonesia/,Wed Jul 29 2026 04:21:10 GMT+0000 (Coordinated Universal Time),28,Bupati Pemalang,bupati pemalang,,,,,,
2026-07-29T17:50:08.521011+00:00,20260729-175008,https://trends24.in/indonesia/,Wed Jul 29 2026 04:21:10 GMT+0000 (Coordinated Universal Time),29,Ramon,ramon,,,,,,
2026-07-29T17:50:08.521011+00:00,20260729-175008,https://trends24.in/indonesia/,Wed Jul 29 2026 04:21:10 GMT+0000 (Coordinated Universal Time),30,EMIBONNIE MOONSHADOW TRAILER,emibonnie moonshadow trailer,,,,,,
2026-07-29T17:50:08.521011+00:00,20260729-175008,https://trends24.in/indonesia/,Wed Jul 29 2026 04:21:10 GMT+0000 (Coordinated Universal Time),31,Kamboja,kamboja,,,,,,
2026-07-29T17:50:08.521011+00:00,20260729-175008,https://trends24.in/indonesia/,Wed Jul 29 2026 04:21:10 GMT+0000 (Coordinated Universal Time),32,The Grim Lover Q17,the grim lover q17,,,,,,
2026-07-29T17:50:08.521011+00:00,20260729-175008,https://trends24.in/indonesia/,Wed Jul 29 2026 04:21:10 GMT+0000 (Coordinated Universal Time),33,Perry Warjiyo,perry warjiyo,,,,,,
2026-07-29T17:50:08.521011+00:00,20260729-175008,https://trends24.in/indonesia/,Wed Jul 29 2026 04:21:10 GMT+0000 (Coordinated Universal Time),34,Budaya,budaya,,,,,,
2026-07-29T17:50:08.521011+00:00,20260729-175008,https://trends24.in/indonesia/,Wed Jul 29 2026 04:21:10 GMT+0000 (Coordinated Universal Time),35,Anom Widiyantoro,anom widiyantoro,,,,,,
2026-07-29T17:50:08.521011+00:00,20260729-175008,https://trends24.in/indonesia/,Wed Jul 29 2026 04:21:10 GMT+0000 (Coordinated Universal Time),36,Welbeck,welbeck,,,,,,
2026-07-29T17:50:08.521011+00:00,20260729-175008,https://trends24.in/indonesia/,Wed Jul 29 2026 04:21:10 GMT+0000 (Coordinated Universal Time),37,Indonesia Maju,indonesia maju,,,,,,
2026-07-29T17:50:08.521011+00:00,20260729-175008,https://trends24.in/indonesia/,Wed Jul 29 2026 04:21:10 GMT+0000 (Coordinated Universal Time),38,Palermo,palermo,,,,,,
2026-07-29T17:50:08.521011+00:00,20260729-175008,https://trends24.in/indonesia/,Wed Jul 29 2026 04:21:10 GMT+0000 (Coordinated Universal Time),39,SKCK,skck,,,,,,
2026-07-29T17:50:08.521011+00:00,20260729-175008,https://trends24.in/indonesia/,Wed Jul 29 2026 04:21:10 GMT+0000 (Coordinated Universal Time),40,King Indo,king indo,,,,,,
2026-07-29T17:50:08.521011+00:00,20260729-175008,https://trends24.in/indonesia/,Wed Jul 29 2026 04:21:10 GMT+0000 (Coordinated Universal Time),41,Ye Live in Jakarta,ye live in jakarta,,,,,,
2026-07-29T17:50:08.521011+00:00,20260729-175008,https://trends24.in/indonesia/,Wed Jul 29 2026 04:21:10 GMT+0000 (Coordinated Universal Time),42,Kualitas HD,kualitas hd,,,,,,
2026-07-29T17:50:08.521011+00:00,20260729-175008,https://trends24.in/indonesia/,Wed Jul 29 2026 04:21:10 GMT+0000 (Coordinated Universal Time),43,Pagii,pagii,,,,,,
2026-07-29T17:50:08.521011+00:00,20260729-175008,https://trends24.in/indonesia/,Wed Jul 29 2026 04:21:10 GMT+0000 (Coordinated Universal Time),44,FIGC,figc,,,,,,
2026-07-29T17:50:08.521011+00:00,20260729-175008,https://trends24.in/indonesia/,Wed Jul 29 2026 04:21:10 GMT+0000 (Coordinated Universal Time),45,Banten,banten,,,,,,
2026-07-29T17:50:08.521011+00:00,20260729-175008,https://trends24.in/indonesia/,Wed Jul 29 2026 04:21:10 GMT+0000 (Coordinated Universal Time),46,Thom Haye,thom haye,,,,,,
2026-07-29T17:50:08.521011+00:00,20260729-175008,https://trends24.in/indonesia/,Wed Jul 29 2026 04:21:10 GMT+0000 (Coordinated Universal Time),47,Puzzle B,puzzle b,,,,,,
2026-07-29T17:50:08.521011+00:00,20260729-175008,https://trends24.in/indonesia/,Wed Jul 29 2026 04:21:10 GMT+0000 (Coordinated Universal Time),48,Maldini,maldini,,,,,,
2026-07-29T17:50:08.521011+00:00,20260729-175008,https://trends24.in/indonesia/,Wed Jul 29 2026 04:21:10 GMT+0000 (Coordinated Universal Time),49,whip pink,whip pink,,,,,,
2026-07-29T17:50:08.521011+00:00,20260729-175008,https://trends24.in/indonesia/,Wed Jul 29 2026 04:21:10 GMT+0000 (Coordinated Universal Time),50,Ford Allan,ford allan,,,,,,
2026-07-29T17:50:08.521011+00:00,20260729-175008,https://trends24.in/indonesia/,Wed Jul 29 2026 03:21:26 GMT+0000 (Coordinated Universal Time),1,#JossGawinConcert,jossgawinconcert,,,,,,
2026-07-29T17:50:08.521011+00:00,20260729-175008,https://trends24.in/indonesia/,Wed Jul 29 2026 03:21:26 GMT+0000 (Coordinated Universal Time),2,#MrKillSeriesEP4,mrkillseriesep4,,,,,,
2026-07-29T17:50:08.521011+00:00,20260729-175008,https://trends24.in/indonesia/,Wed Jul 29 2026 03:21:26 GMT+0000 (Coordinated Universal Time),3,#SEHUN_FADE,sehun_fade,,,,,,
2026-07-29T17:50:08.521011+00:00,20260729-175008,https://trends24.in/indonesia/,Wed Jul 29 2026 03:21:26 GMT+0000 (Coordinated Universal Time),4,DEWTEE FANSIGN 2026,dewtee fansign 2026,,,,,,
2026-07-29T17:50:08.521011+00:00,20260729-175008,https://trends24.in/indonesia/,Wed Jul 29 2026 03:21:26 GMT+0000 (Coordinated Universal Time),5,#KlinikAntiDrama,klinikantidrama,,,,,,
2026-07-29T17:50:08.521011+00:00,20260729-175008,https://trends24.in/indonesia/,Wed Jul 29 2026 03:21:26 GMT+0000 (Coordinated Universal Time),6,Pilih Naavagreen,pilih naavagreen,,,,,,
2026-07-29T17:50:08.521011+00:00,20260729-175008,https://trends24.in/indonesia/,Wed Jul 29 2026 03:21:26 GMT+0000 (Coordinated Universal Time),7,Rabu,rabu,,,,,,
2026-07-29T17:50:08.521011+00:00,20260729-175008,https://trends24.in/indonesia/,Wed Jul 29 2026 03:21:26 GMT+0000 (Coordinated Universal Time),8,MINT X FOURTH BOUCHERON,mint x fourth boucheron,,,,,,
2026-07-29T17:50:08.521011+00:00,20260729-175008,https://trends24.in/indonesia/,Wed Jul 29 2026 03:21:26 GMT+0000 (Coordinated Universal Time),9,#FOURTHxMintMagTH,fourthxmintmagth,,,,,,
2026-07-29T17:50:08.521011+00:00,20260729-175008,https://trends24.in/indonesia/,Wed Jul 29 2026 03:21:26 GMT+0000 (Coordinated Universal Time),10,Kawal Pembangunan Negeri,kawal pembangunan negeri,,,,,,
2026-07-29T17:50:08.521011+00:00,20260729-175008,https://trends24.in/indonesia/,Wed Jul 29 2026 03:21:26 GMT+0000 (Coordinated Universal Time),11,jg ready for concert,jg ready for concert,,,,,,
2026-07-29T17:50:08.521011+00:00,20260729-175008,https://trends24.in/indonesia/,Wed Jul 29 2026 03:21:26 GMT+0000 (Coordinated Universal Time),12,Mancini,mancini,,,,,,
2026-07-29T17:50:08.521011+00:00,20260729-175008,https://trends24.in/indonesia/,Wed Jul 29 2026 03:21:26 GMT+0000 (Coordinated Universal Time),13,Sarapan,sarapan,,,,,,
2026-07-29T17:50:08.521011+00:00,20260729-175008,https://trends24.in/indonesia/,Wed Jul 29 2026 03:21:26 GMT+0000 (Coordinated Universal Time),14,Pagii,pagii,,,,,,
2026-07-29T17:50:08.521011+00:00,20260729-175008,https://trends24.in/indonesia/,Wed Jul 29 2026 03:21:26 GMT+0000 (Coordinated Universal Time),15,BIGBANG 2026-2027 WORLD TOUR,bigbang 2026-2027 world tour,,,,,,
2026-07-29T17:50:08.521011+00:00,20260729-175008,https://trends24.in/indonesia/,Wed Jul 29 2026 03:21:26 GMT+0000 (Coordinated Universal Time),16,Gus Yaqut,gus yaqut,,,,,,
2026-07-29T17:50:08.521011+00:00,20260729-175008,https://trends24.in/indonesia/,Wed Jul 29 2026 03:21:26 GMT+0000 (Coordinated Universal Time),17,HUG E LHEE Q1,hug e lhee q1,,,,,,
2026-07-29T17:50:08.521011+00:00,20260729-175008,https://trends24.in/indonesia/,Wed Jul 29 2026 03:21:26 GMT+0000 (Coordinated Universal Time),18,taksekadar jaga wilayah,taksekadar jaga wilayah,,,,,,
2026-07-29T17:50:08.521011+00:00,20260729-175008,https://trends24.in/indonesia/,Wed Jul 29 2026 03:21:26 GMT+0000 (Coordinated Universal Time),19,Love Destiny EP3,love destiny ep3,,,,,,
2026-07-29T17:50:08.521011+00:00,20260729-175008,https://trends24.in/indonesia/,Wed Jul 29 2026 03:21:26 GMT+0000 (Coordinated Universal Time),20,Gubernur BI,gubernur bi,,,,,,
2026-07-29T17:50:08.521011+00:00,20260729-175008,https://trends24.in/indonesia/,Wed Jul 29 2026 03:21:26 GMT+0000 (Coordinated Universal Time),21,Mitchell Baker,mitchell baker,,,,,,
2026-07-29T17:50:08.521011+00:00,20260729-175008,https://trends24.in/indonesia/,Wed Jul 29 2026 03:21:26 GMT+0000 (Coordinated Universal Time),22,XL SATU KASIH LEBIH,xl satu kasih lebih,,,,,,
2026-07-29T17:50:08.521011+00:00,20260729-175008,https://trends24.in/indonesia/,Wed Jul 29 2026 03:21:26 GMT+0000 (Coordinated Universal Time),23,Ye Live in Jakarta,ye live in jakarta,,,,,,
2026-07-29T17:50:08.521011+00:00,20260729-175008,https://trends24.in/indonesia/,Wed Jul 29 2026 03:21:26 GMT+0000 (Coordinated Universal Time),24,Kumamoto,kumamoto,,,,,,
2026-07-29T17:50:08.521011+00:00,20260729-175008,https://trends24.in/indonesia/,Wed Jul 29 2026 03:21:26 GMT+0000 (Coordinated Universal Time),25,Palermo,palermo,,,,,,
2026-07-29T17:50:08.521011+00:00,20260729-175008,https://trends24.in/indonesia/,Wed Jul 29 2026 03:21:26 GMT+0000 (Coordinated Universal Time),26,Kamboja,kamboja,,,,,,
2026-07-29T17:50:08.521011+00:00,20260729-175008,https://trends24.in/indonesia/,Wed Jul 29 2026 03:21:26 GMT+0000 (Coordinated Universal Time),27,Ramon,ramon,,,,,,
2026-07-29T17:50:08.521011+00:00,20260729-175008,https://trends24.in/indonesia/,Wed Jul 29 2026 03:21:26 GMT+0000 (Coordinated Universal Time),28,Selasa,selasa,,,,,,
2026-07-29T17:50:08.521011+00:00,20260729-175008,https://trends24.in/indonesia/,Wed Jul 29 2026 03:21:26 GMT+0000 (Coordinated Universal Time),29,Perry Warjiyo,perry warjiyo,,,,,,
2026-07-29T17:50:08.521011+00:00,20260729-175008,https://trends24.in/indonesia/,Wed Jul 29 2026 03:21:26 GMT+0000 (Coordinated Universal Time),30,APBN,apbn,,,,,,
2026-07-29T17:50:08.521011+00:00,20260729-175008,https://trends24.in/indonesia/,Wed Jul 29 2026 03:21:26 GMT+0000 (Coordinated Universal Time),31,EMIBONNIE MOONSHADOW TRAILER,emibonnie moonshadow trailer,,,,,,
2026-07-29T17:50:08.521011+00:00,20260729-175008,https://trends24.in/indonesia/,Wed Jul 29 2026 03:21:26 GMT+0000 (Coordinated Universal Time),32,Jumanji,jumanji,,,,,,
2026-07-29T17:50:08.521011+00:00,20260729-175008,https://trends24.in/indonesia/,Wed Jul 29 2026 03:21:26 GMT+0000 (Coordinated Universal Time),33,Thom Haye,thom haye,,,,,,
2026-07-29T17:50:08.521011+00:00,20260729-175008,https://trends24.in/indonesia/,Wed Jul 29 2026 03:21:26 GMT+0000 (Coordinated Universal Time),34,Welbeck,welbeck,,,,,,
2026-07-29T17:50:08.521011+00:00,20260729-175008,https://trends24.in/indonesia/,Wed Jul 29 2026 03:21:26 GMT+0000 (Coordinated Universal Time),35,Budaya,budaya,,,,,,
2026-07-29T17:50:08.521011+00:00,20260729-175008,https://trends24.in/indonesia/,Wed Jul 29 2026 03:21:26 GMT+0000 (Coordinated Universal Time),36,FIGC,figc,,,,,,
2026-07-29T17:50:08.521011+00:00,20260729-175008,https://trends24.in/indonesia/,Wed Jul 29 2026 03:21:26 GMT+0000 (Coordinated Universal Time),37,King Indo,king indo,,,,,,
2026-07-29T17:50:08.521011+00:00,20260729-175008,https://trends24.in/indonesia/,Wed Jul 29 2026 03:21:26 GMT+0000 (Coordinated Universal Time),38,Bupati Pemalang,bupati pemalang,,,,,,
2026-07-29T17:50:08.521011+00:00,20260729-175008,https://trends24.in/indonesia/,Wed Jul 29 2026 03:21:26 GMT+0000 (Coordinated Universal Time),39,Ford,ford,,,,,,
2026-07-29T17:50:08.521011+00:00,20260729-175008,https://trends24.in/indonesia/,Wed Jul 29 2026 03:21:26 GMT+0000 (Coordinated Universal Time),40,Banten,banten,,,,,,
2026-07-29T17:50:08.521011+00:00,20260729-175008,https://trends24.in/indonesia/,Wed Jul 29 2026 03:21:26 GMT+0000 (Coordinated Universal Time),41,Kualitas HD,kualitas hd,,,,,,
2026-07-29T17:50:08.521011+00:00,20260729-175008,https://trends24.in/indonesia/,Wed Jul 29 2026 03:21:26 GMT+0000 (Coordinated Universal Time),42,Puzzle B,puzzle b,,,,,,
2026-07-29T17:50:08.521011+00:00,20260729-175008,https://trends24.in/indonesia/,Wed Jul 29 2026 03:21:26 GMT+0000 (Coordinated Universal Time),43,Maldini,maldini,,,,,,
2026-07-29T17:50:08.521011+00:00,20260729-175008,https://trends24.in/indonesia/,Wed Jul 29 2026 03:21:26 GMT+0000 (Coordinated Universal Time),44,Dow Protocol,dow protocol,,,,,,
2026-07-29T17:50:08.521011+00:00,20260729-175008,https://trends24.in/indonesia/,Wed Jul 29 2026 03:21:26 GMT+0000 (Coordinated Universal Time),45,whip pink,whip pink,,,,,,
2026-07-29T17:50:08.521011+00:00,20260729-175008,https://trends24.in/indonesia/,Wed Jul 29 2026 03:21:26 GMT+0000 (Coordinated Universal Time),46,m. dev,m. dev,,,,,,
2026-07-29T17:50:08.521011+00:00,20260729-175008,https://trends24.in/indonesia/,Wed Jul 29 2026 03:21:26 GMT+0000 (Coordinated Universal Time),47,Semangat,semangat,,,,,,
2026-07-29T17:50:08.521011+00:00,20260729-175008,https://trends24.in/indonesia/,Wed Jul 29 2026 03:21:26 GMT+0000 (Coordinated Universal Time),48,WAYV VISION WINGS SAMPLER,wayv vision wings sampler,,,,,,
2026-07-29T17:50:08.521011+00:00,20260729-175008,https://trends24.in/indonesia/,Wed Jul 29 2026 03:21:26 GMT+0000 (Coordinated Universal Time),49,Senin,senin,,,,,,
2026-07-29T17:50:08.521011+00:00,20260729-175008,https://trends24.in/indonesia/,Wed Jul 29 2026 03:21:26 GMT+0000 (Coordinated Universal Time),50,TNI Angkatan Udara,tni angkatan udara,,,,,,
2026-07-29T17:50:08.521011+00:00,20260729-175008,https://trends24.in/indonesia/,Wed Jul 29 2026 02:16:09 GMT+0000 (Coordinated Universal Time),1,#JossGawinConcert,jossgawinconcert,,,,,,
2026-07-29T17:50:08.521011+00:00,20260729-175008,https://trends24.in/indonesia/,Wed Jul 29 2026 02:16:09 GMT+0000 (Coordinated Universal Time),2,#MrKillSeriesEP4,mrkillseriesep4,,,,,,
2026-07-29T17:50:08.521011+00:00,20260729-175008,https://trends24.in/indonesia/,Wed Jul 29 2026 02:16:09 GMT+0000 (Coordinated Universal Time),3,DEWTEE FANSIGN 2026,dewtee fansign 2026,,,,,,
2026-07-29T17:50:08.521011+00:00,20260729-175008,https://trends24.in/indonesia/,Wed Jul 29 2026 02:16:09 GMT+0000 (Coordinated Universal Time),4,#KlinikAntiDrama,klinikantidrama,,,,,,
2026-07-29T17:50:08.521011+00:00,20260729-175008,https://trends24.in/indonesia/,Wed Jul 29 2026 02:16:09 GMT+0000 (Coordinated Universal Time),5,Pilih Naavagreen,pilih naavagreen,,,,,,
2026-07-29T17:50:08.521011+00:00,20260729-175008,https://trends24.in/indonesia/,Wed Jul 29 2026 02:16:09 GMT+0000 (Coordinated Universal Time),6,Rabu,rabu,,,,,,
2026-07-29T17:50:08.521011+00:00,20260729-175008,https://trends24.in/indonesia/,Wed Jul 29 2026 02:16:09 GMT+0000 (Coordinated Universal Time),7,Sarapan,sarapan,,,,,,
2026-07-29T17:50:08.521011+00:00,20260729-175008,https://trends24.in/indonesia/,Wed Jul 29 2026 02:16:09 GMT+0000 (Coordinated Universal Time),8,Pagiii,pagiii,,,,,,
2026-07-29T17:50:08.521011+00:00,20260729-175008,https://trends24.in/indonesia/,Wed Jul 29 2026 02:16:09 GMT+0000 (Coordinated Universal Time),9,#CTMwithPhuwin,ctmwithphuwin,,,,,,
2026-07-29T17:50:08.521011+00:00,20260729-175008,https://trends24.in/indonesia/,Wed Jul 29 2026 02:16:09 GMT+0000 (Coordinated Universal Time),10,#GUINZLY,guinzly,,,,,,
2026-07-29T17:50:08.521011+00:00,20260729-175008,https://trends24.in/indonesia/,Wed Jul 29 2026 02:16:09 GMT+0000 (Coordinated Universal Time),11,Kawal Pembangunan Negeri,kawal pembangunan negeri,,,,,,
2026-07-29T17:50:08.521011+00:00,20260729-175008,https://trends24.in/indonesia/,Wed Jul 29 2026 02:16:09 GMT+0000 (Coordinated Universal Time),12,Mancini,mancini,,,,,,
2026-07-29T17:50:08.521011+00:00,20260729-175008,https://trends24.in/indonesia/,Wed Jul 29 2026 02:16:09 GMT+0000 (Coordinated Universal Time),13,jg ready for concert,jg ready for concert,,,,,,
2026-07-29T17:50:08.521011+00:00,20260729-175008,https://trends24.in/indonesia/,Wed Jul 29 2026 02:16:09 GMT+0000 (Coordinated Universal Time),14,Palermo,palermo,,,,,,
2026-07-29T17:50:08.521011+00:00,20260729-175008,https://trends24.in/indonesia/,Wed Jul 29 2026 02:16:09 GMT+0000 (Coordinated Universal Time),15,HUG E LHEE Q1,hug e lhee q1,,,,,,
2026-07-29T17:50:08.521011+00:00,20260729-175008,https://trends24.in/indonesia/,Wed Jul 29 2026 02:16:09 GMT+0000 (Coordinated Universal Time),16,taksekadar jaga wilayah,taksekadar jaga wilayah,,,,,,
2026-07-29T17:50:08.521011+00:00,20260729-175008,https://trends24.in/indonesia/,Wed Jul 29 2026 02:16:09 GMT+0000 (Coordinated Universal Time),17,Mitchell Baker,mitchell baker,,,,,,
2026-07-29T17:50:08.521011+00:00,20260729-175008,https://trends24.in/indonesia/,Wed Jul 29 2026 02:16:09 GMT+0000 (Coordinated Universal Time),18,Love Destiny EP3,love destiny ep3,,,,,,
2026-07-29T17:50:08.521011+00:00,20260729-175008,https://trends24.in/indonesia/,Wed Jul 29 2026 02:16:09 GMT+0000 (Coordinated Universal Time),19,Gubernur BI,gubernur bi,,,,,,
2026-07-29T17:50:08.521011+00:00,20260729-175008,https://trends24.in/indonesia/,Wed Jul 29 2026 02:16:09 GMT+0000 (Coordinated Universal Time),20,Kamboja,kamboja,,,,,,
2026-07-29T17:50:08.521011+00:00,20260729-175008,https://trends24.in/indonesia/,Wed Jul 29 2026 02:16:09 GMT+0000 (Coordinated Universal Time),21,Kumamoto,kumamoto,,,,,,
2026-07-29T17:50:08.521011+00:00,20260729-175008,https://trends24.in/indonesia/,Wed Jul 29 2026 02:16:09 GMT+0000 (Coordinated Universal Time),22,XL SATU KASIH LEBIH,xl satu kasih lebih,,,,,,
2026-07-29T17:50:08.521011+00:00,20260729-175008,https://trends24.in/indonesia/,Wed Jul 29 2026 02:16:09 GMT+0000 (Coordinated Universal Time),23,Ramon,ramon,,,,,,
2026-07-29T17:50:08.521011+00:00,20260729-175008,https://trends24.in/indonesia/,Wed Jul 29 2026 02:16:09 GMT+0000 (Coordinated Universal Time),24,Ford,ford,,,,,,
2026-07-29T17:50:08.521011+00:00,20260729-175008,https://trends24.in/indonesia/,Wed Jul 29 2026 02:16:09 GMT+0000 (Coordinated Universal Time),25,Selasa,selasa,,,,,,
2026-07-29T17:50:08.521011+00:00,20260729-175008,https://trends24.in/indonesia/,Wed Jul 29 2026 02:16:09 GMT+0000 (Coordinated Universal Time),26,Perry Warjiyo,perry warjiyo,,,,,,
2026-07-29T17:50:08.521011+00:00,20260729-175008,https://trends24.in/indonesia/,Wed Jul 29 2026 02:16:09 GMT+0000 (Coordinated Universal Time),27,King Indo,king indo,,,,,,
2026-07-29T17:50:08.521011+00:00,20260729-175008,https://trends24.in/indonesia/,Wed Jul 29 2026 02:16:09 GMT+0000 (Coordinated Universal Time),28,Welbeck,welbeck,,,,,,
2026-07-29T17:50:08.521011+00:00,20260729-175008,https://trends24.in/indonesia/,Wed Jul 29 2026 02:16:09 GMT+0000 (Coordinated Universal Time),29,EMIBONNIE MOONSHADOW TRAILER,emibonnie moonshadow trailer,,,,,,
2026-07-29T17:50:08.521011+00:00,20260729-175008,https://trends24.in/indonesia/,Wed Jul 29 2026 02:16:09 GMT+0000 (Coordinated Universal Time),30,Semangat,semangat,,,,,,
2026-07-29T17:50:08.521011+00:00,20260729-175008,https://trends24.in/indonesia/,Wed Jul 29 2026 02:16:09 GMT+0000 (Coordinated Universal Time),31,Thom Haye,thom haye,,,,,,
2026-07-29T17:50:08.521011+00:00,20260729-175008,https://trends24.in/indonesia/,Wed Jul 29 2026 02:16:09 GMT+0000 (Coordinated Universal Time),32,FIGC,figc,,,,,,
2026-07-29T17:50:08.521011+00:00,20260729-175008,https://trends24.in/indonesia/,Wed Jul 29 2026 02:16:09 GMT+0000 (Coordinated Universal Time),33,Bakti TNI AU,bakti tni au,,,,,,
2026-07-29T17:50:08.521011+00:00,20260729-175008,https://trends24.in/indonesia/,Wed Jul 29 2026 02:16:09 GMT+0000 (Coordinated Universal Time),34,APBN,apbn,,,,,,
2026-07-29T17:50:08.521011+00:00,20260729-175008,https://trends24.in/indonesia/,Wed Jul 29 2026 02:16:09 GMT+0000 (Coordinated Universal Time),35,Jagung,jagung,,,,,,
2026-07-29T17:50:08.521011+00:00,20260729-175008,https://trends24.in/indonesia/,Wed Jul 29 2026 02:16:09 GMT+0000 (Coordinated Universal Time),36,Banten,banten,,,,,,
2026-07-29T17:50:08.521011+00:00,20260729-175008,https://trends24.in/indonesia/,Wed Jul 29 2026 02:16:09 GMT+0000 (Coordinated Universal Time),37,Indonesia Maju,indonesia maju,,,,,,
2026-07-29T17:50:08.521011+00:00,20260729-175008,https://trends24.in/indonesia/,Wed Jul 29 2026 02:16:09 GMT+0000 (Coordinated Universal Time),38,Maldini,maldini,,,,,,
2026-07-29T17:50:08.521011+00:00,20260729-175008,https://trends24.in/indonesia/,Wed Jul 29 2026 02:16:09 GMT+0000 (Coordinated Universal Time),39,Budaya,budaya,,,,,,
2026-07-29T17:50:08.521011+00:00,20260729-175008,https://trends24.in/indonesia/,Wed Jul 29 2026 02:16:09 GMT+0000 (Coordinated Universal Time),40,TALAY GOONG FAMILY FS,talay goong family fs,,,,,,
2026-07-29T17:50:08.521011+00:00,20260729-175008,https://trends24.in/indonesia/,Wed Jul 29 2026 02:16:09 GMT+0000 (Coordinated Universal Time),41,WAYV VISION WINGS SAMPLER,wayv vision wings sampler,,,,,,
2026-07-29T17:50:08.521011+00:00,20260729-175008,https://trends24.in/indonesia/,Wed Jul 29 2026 02:16:09 GMT+0000 (Coordinated Universal Time),42,whip pink,whip pink,,,,,,
2026-07-29T17:50:08.521011+00:00,20260729-175008,https://trends24.in/indonesia/,Wed Jul 29 2026 02:16:09 GMT+0000 (Coordinated Universal Time),43,Kualitas HD,kualitas hd,,,,,,
2026-07-29T17:50:08.521011+00:00,20260729-175008,https://trends24.in/indonesia/,Wed Jul 29 2026 02:16:09 GMT+0000 (Coordinated Universal Time),44,Brand New Day,brand new day,,,,,,
2026-07-29T17:50:08.521011+00:00,20260729-175008,https://trends24.in/indonesia/,Wed Jul 29 2026 02:16:09 GMT+0000 (Coordinated Universal Time),45,m. dev,m. dev,,,,,,
2026-07-29T17:50:08.521011+00:00,20260729-175008,https://trends24.in/indonesia/,Wed Jul 29 2026 02:16:09 GMT+0000 (Coordinated Universal Time),46,Puzzle B,puzzle b,,,,,,
2026-07-29T17:50:08.521011+00:00,20260729-175008,https://trends24.in/indonesia/,Wed Jul 29 2026 02:16:09 GMT+0000 (Coordinated Universal Time),47,Senin,senin,,,,,,
2026-07-29T17:50:08.521011+00:00,20260729-175008,https://trends24.in/indonesia/,Wed Jul 29 2026 02:16:09 GMT+0000 (Coordinated Universal Time),48,YourTuber Worship,yourtuber worship,,,,,,
2026-07-29T17:50:08.521011+00:00,20260729-175008,https://trends24.in/indonesia/,Wed Jul 29 2026 02:16:09 GMT+0000 (Coordinated Universal Time),49,Joao Pedro,joao pedro,,,,,,
2026-07-29T17:50:08.521011+00:00,20260729-175008,https://trends24.in/indonesia/,Wed Jul 29 2026 02:16:09 GMT+0000 (Coordinated Universal Time),50,gopay qris tap,gopay qris tap,,,,,,
2026-07-29T17:50:08.521011+00:00,20260729-175008,https://trends24.in/indonesia/,Wed Jul 29 2026 00:28:25 GMT+0000 (Coordinated Universal Time),1,#JossGawinConcert,jossgawinconcert,,,,,,
2026-07-29T17:50:08.521011+00:00,20260729-175008,https://trends24.in/indonesia/,Wed Jul 29 2026 00:28:25 GMT+0000 (Coordinated Universal Time),2,#MrKillSeriesEP4,mrkillseriesep4,,,,,,
2026-07-29T17:50:08.521011+00:00,20260729-175008,https://trends24.in/indonesia/,Wed Jul 29 2026 00:28:25 GMT+0000 (Coordinated Universal Time),3,DEWTEE FANSIGN 2026,dewtee fansign 2026,,,,,,
2026-07-29T17:50:08.521011+00:00,20260729-175008,https://trends24.in/indonesia/,Wed Jul 29 2026 00:28:25 GMT+0000 (Coordinated Universal Time),4,#klinikAntiDrama,klinikantidrama,,,,,,
2026-07-29T17:50:08.521011+00:00,20260729-175008,https://trends24.in/indonesia/,Wed Jul 29 2026 00:28:25 GMT+0000 (Coordinated Universal Time),5,Pilih Naavagreen,pilih naavagreen,,,,,,
2026-07-29T17:50:08.521011+00:00,20260729-175008,https://trends24.in/indonesia/,Wed Jul 29 2026 00:28:25 GMT+0000 (Coordinated Universal Time),6,kawal pembangunan negeri,kawal pembangunan negeri,,,,,,
2026-07-29T17:50:08.521011+00:00,20260729-175008,https://trends24.in/indonesia/,Wed Jul 29 2026 00:28:25 GMT+0000 (Coordinated Universal Time),7,Rabu,rabu,,,,,,
2026-07-29T17:50:08.521011+00:00,20260729-175008,https://trends24.in/indonesia/,Wed Jul 29 2026 00:28:25 GMT+0000 (Coordinated Universal Time),8,#GUINZLY,guinzly,,,,,,
2026-07-29T17:50:08.521011+00:00,20260729-175008,https://trends24.in/indonesia/,Wed Jul 29 2026 00:28:25 GMT+0000 (Coordinated Universal Time),9,Pagii,pagii,,,,,,
2026-07-29T17:50:08.521011+00:00,20260729-175008,https://trends24.in/indonesia/,Wed Jul 29 2026 00:28:25 GMT+0000 (Coordinated Universal Time),10,#CTMwithPhuwin,ctmwithphuwin,,,,,,
2026-07-29T17:50:08.521011+00:00,20260729-175008,https://trends24.in/indonesia/,Wed Jul 29 2026 00:28:25 GMT+0000 (Coordinated Universal Time),11,Mancini,mancini,,,,,,
2026-07-29T17:50:08.521011+00:00,20260729-175008,https://trends24.in/indonesia/,Wed Jul 29 2026 00:28:25 GMT+0000 (Coordinated Universal Time),12,jg ready for concert,jg ready for concert,,,,,,
2026-07-29T17:50:08.521011+00:00,20260729-175008,https://trends24.in/indonesia/,Wed Jul 29 2026 00:28:25 GMT+0000 (Coordinated Universal Time),13,IFAB,ifab,,,,,,
2026-07-29T17:50:08.521011+00:00,20260729-175008,https://trends24.in/indonesia/,Wed Jul 29 2026 00:28:25 GMT+0000 (Coordinated Universal Time),14,Mitchell Baker,mitchell baker,,,,,,
2026-07-29T17:50:08.521011+00:00,20260729-175008,https://trends24.in/indonesia/,Wed Jul 29 2026 00:28:25 GMT+0000 (Coordinated Universal Time),15,HUG E LHEE Q1,hug e lhee q1,,,,,,
2026-07-29T17:50:08.521011+00:00,20260729-175008,https://trends24.in/indonesia/,Wed Jul 29 2026 00:28:25 GMT+0000 (Coordinated Universal Time),16,taksekadar jaga wilayah,taksekadar jaga wilayah,,,,,,
2026-07-29T17:50:08.521011+00:00,20260729-175008,https://trends24.in/indonesia/,Wed Jul 29 2026 00:28:25 GMT+0000 (Coordinated Universal Time),17,Kamboja,kamboja,,,,,,
2026-07-29T17:50:08.521011+00:00,20260729-175008,https://trends24.in/indonesia/,Wed Jul 29 2026 00:28:25 GMT+0000 (Coordinated Universal Time),18,Gubernur BI,gubernur bi,,,,,,
2026-07-29T17:50:08.521011+00:00,20260729-175008,https://trends24.in/indonesia/,Wed Jul 29 2026 00:28:25 GMT+0000 (Coordinated Universal Time),19,Love Destiny EP3,love destiny ep3,,,,,,
2026-07-29T17:50:08.521011+00:00,20260729-175008,https://trends24.in/indonesia/,Wed Jul 29 2026 00:28:25 GMT+0000 (Coordinated Universal Time),20,Ramon,ramon,,,,,,
2026-07-29T17:50:08.521011+00:00,20260729-175008,https://trends24.in/indonesia/,Wed Jul 29 2026 00:28:25 GMT+0000 (Coordinated Universal Time),21,Thom Haye,thom haye,,,,,,
2026-07-29T17:50:08.521011+00:00,20260729-175008,https://trends24.in/indonesia/,Wed Jul 29 2026 00:28:25 GMT+0000 (Coordinated Universal Time),22,Sarapan,sarapan,,,,,,
2026-07-29T17:50:08.521011+00:00,20260729-175008,https://trends24.in/indonesia/,Wed Jul 29 2026 00:28:25 GMT+0000 (Coordinated Universal Time),23,Kumamoto,kumamoto,,,,,,
2026-07-29T17:50:08.521011+00:00,20260729-175008,https://trends24.in/indonesia/,Wed Jul 29 2026 00:28:25 GMT+0000 (Coordinated Universal Time),24,Ford Allan,ford allan,,,,,,
2026-07-29T17:50:08.521011+00:00,20260729-175008,https://trends24.in/indonesia/,Wed Jul 29 2026 00:28:25 GMT+0000 (Coordinated Universal Time),25,Perry Warjiyo,perry warjiyo,,,,,,
2026-07-29T17:50:08.521011+00:00,20260729-175008,https://trends24.in/indonesia/,Wed Jul 29 2026 00:28:25 GMT+0000 (Coordinated Universal Time),26,XL SATU KASIH LEBIH,xl satu kasih lebih,,,,,,
2026-07-29T17:50:08.521011+00:00,20260729-175008,https://trends24.in/indonesia/,Wed Jul 29 2026 00:28:25 GMT+0000 (Coordinated Universal Time),27,FIGC,figc,,,,,,
2026-07-29T17:50:08.521011+00:00,20260729-175008,https://trends24.in/indonesia/,Wed Jul 29 2026 00:28:25 GMT+0000 (Coordinated Universal Time),28,EMIBONNIE MOONSHADOW TRAILER,emibonnie moonshadow trailer,,,,,,
2026-07-29T17:50:08.521011+00:00,20260729-175008,https://trends24.in/indonesia/,Wed Jul 29 2026 00:28:25 GMT+0000 (Coordinated Universal Time),29,Selasa,selasa,,,,,,
2026-07-29T17:50:08.521011+00:00,20260729-175008,https://trends24.in/indonesia/,Wed Jul 29 2026 00:28:25 GMT+0000 (Coordinated Universal Time),30,King Indo,king indo,,,,,,
2026-07-29T17:50:08.521011+00:00,20260729-175008,https://trends24.in/indonesia/,Wed Jul 29 2026 00:28:25 GMT+0000 (Coordinated Universal Time),31,Maldini,maldini,,,,,,
2026-07-29T17:50:08.521011+00:00,20260729-175008,https://trends24.in/indonesia/,Wed Jul 29 2026 00:28:25 GMT+0000 (Coordinated Universal Time),32,Welbeck,welbeck,,,,,,
2026-07-29T17:50:08.521011+00:00,20260729-175008,https://trends24.in/indonesia/,Wed Jul 29 2026 00:28:25 GMT+0000 (Coordinated Universal Time),33,Banten,banten,,,,,,
2026-07-29T17:50:08.521011+00:00,20260729-175008,https://trends24.in/indonesia/,Wed Jul 29 2026 00:28:25 GMT+0000 (Coordinated Universal Time),34,APBN,apbn,,,,,,
2026-07-29T17:50:08.521011+00:00,20260729-175008,https://trends24.in/indonesia/,Wed Jul 29 2026 00:28:25 GMT+0000 (Coordinated Universal Time),35,TALAY GOONG FAMILY FS,talay goong family fs,,,,,,
2026-07-29T17:50:08.521011+00:00,20260729-175008,https://trends24.in/indonesia/,Wed Jul 29 2026 00:28:25 GMT+0000 (Coordinated Universal Time),36,Zizou,zizou,,,,,,
2026-07-29T17:50:08.521011+00:00,20260729-175008,https://trends24.in/indonesia/,Wed Jul 29 2026 00:28:25 GMT+0000 (Coordinated Universal Time),37,Puzzle B,puzzle b,,,,,,
2026-07-29T17:50:08.521011+00:00,20260729-175008,https://trends24.in/indonesia/,Wed Jul 29 2026 00:28:25 GMT+0000 (Coordinated Universal Time),38,WAYV VISION WINGS SAMPLER,wayv vision wings sampler,,,,,,
2026-07-29T17:50:08.521011+00:00,20260729-175008,https://trends24.in/indonesia/,Wed Jul 29 2026 00:28:25 GMT+0000 (Coordinated Universal Time),39,tanamal,tanamal,,,,,,
2026-07-29T17:50:08.521011+00:00,20260729-175008,https://trends24.in/indonesia/,Wed Jul 29 2026 00:28:25 GMT+0000 (Coordinated Universal Time),40,whip pink,whip pink,,,,,,
2026-07-29T17:50:08.521011+00:00,20260729-175008,https://trends24.in/indonesia/,Wed Jul 29 2026 00:28:25 GMT+0000 (Coordinated Universal Time),41,Embolo,embolo,,,,,,
2026-07-29T17:50:08.521011+00:00,20260729-175008,https://trends24.in/indonesia/,Wed Jul 29 2026 00:28:25 GMT+0000 (Coordinated Universal Time),42,Kualitas HD,kualitas hd,,,,,,
2026-07-29T17:50:08.521011+00:00,20260729-175008,https://trends24.in/indonesia/,Wed Jul 29 2026 00:28:25 GMT+0000 (Coordinated Universal Time),43,m. dev,m. dev,,,,,,
2026-07-29T17:50:08.521011+00:00,20260729-175008,https://trends24.in/indonesia/,Wed Jul 29 2026 00:28:25 GMT+0000 (Coordinated Universal Time),44,Budaya,budaya,,,,,,
2026-07-29T17:50:08.521011+00:00,20260729-175008,https://trends24.in/indonesia/,Wed Jul 29 2026 00:28:25 GMT+0000 (Coordinated Universal Time),45,Senin,senin,,,,,,
2026-07-29T17:50:08.521011+00:00,20260729-175008,https://trends24.in/indonesia/,Wed Jul 29 2026 00:28:25 GMT+0000 (Coordinated Universal Time),46,Joao Pedro,joao pedro,,,,,,
2026-07-29T17:50:08.521011+00:00,20260729-175008,https://trends24.in/indonesia/,Wed Jul 29 2026 00:28:25 GMT+0000 (Coordinated Universal Time),47,YourTuber Worship,yourtuber worship,,,,,,
2026-07-29T17:50:08.521011+00:00,20260729-175008,https://trends24.in/indonesia/,Wed Jul 29 2026 00:28:25 GMT+0000 (Coordinated Universal Time),48,Zinedine Zidane,zinedine zidane,,,,,,
2026-07-29T17:50:08.521011+00:00,20260729-175008,https://trends24.in/indonesia/,Wed Jul 29 2026 00:28:25 GMT+0000 (Coordinated Universal Time),49,XAUT,xaut,,,,,,
2026-07-29T17:50:08.521011+00:00,20260729-175008,https://trends24.in/indonesia/,Wed Jul 29 2026 00:28:25 GMT+0000 (Coordinated Universal Time),50,Aera,aera,,,,,,
2026-07-29T17:50:08.521011+00:00,20260729-175008,https://trends24.in/indonesia/,Tue Jul 28 2026 23:32:26 GMT+0000 (Coordinated Universal Time),1,#JossGawinConcert,jossgawinconcert,,,,,,
2026-07-29T17:50:08.521011+00:00,20260729-175008,https://trends24.in/indonesia/,Tue Jul 28 2026 23:32:26 GMT+0000 (Coordinated Universal Time),2,#MrKillSeriesEP4,mrkillseriesep4,,,,,,
2026-07-29T17:50:08.521011+00:00,20260729-175008,https://trends24.in/indonesia/,Tue Jul 28 2026 23:32:26 GMT+0000 (Coordinated Universal Time),3,DEWTEE FANSIGN 2026,dewtee fansign 2026,,,,,,
2026-07-29T17:50:08.521011+00:00,20260729-175008,https://trends24.in/indonesia/,Tue Jul 28 2026 23:32:26 GMT+0000 (Coordinated Universal Time),4,#KlinikAntiDrama,klinikantidrama,,,,,,
2026-07-29T17:50:08.521011+00:00,20260729-175008,https://trends24.in/indonesia/,Tue Jul 28 2026 23:32:26 GMT+0000 (Coordinated Universal Time),5,Pilih Naavagreen,pilih naavagreen,,,,,,
2026-07-29T17:50:08.521011+00:00,20260729-175008,https://trends24.in/indonesia/,Tue Jul 28 2026 23:32:26 GMT+0000 (Coordinated Universal Time),6,kawal pembangunan negeri,kawal pembangunan negeri,,,,,,
2026-07-29T17:50:08.521011+00:00,20260729-175008,https://trends24.in/indonesia/,Tue Jul 28 2026 23:32:26 GMT+0000 (Coordinated Universal Time),7,#GUINZLY,guinzly,,,,,,
2026-07-29T17:50:08.521011+00:00,20260729-175008,https://trends24.in/indonesia/,Tue Jul 28 2026 23:32:26 GMT+0000 (Coordinated Universal Time),8,#CTMwithPhuwin,ctmwithphuwin,,,,,,
2026-07-29T17:50:08.521011+00:00,20260729-175008,https://trends24.in/indonesia/,Tue Jul 28 2026 23:32:26 GMT+0000 (Coordinated Universal Time),9,jg ready for concert,jg ready for concert,,,,,,
2026-07-29T17:50:08.521011+00:00,20260729-175008,https://trends24.in/indonesia/,Tue Jul 28 2026 23:32:26 GMT+0000 (Coordinated Universal Time),10,Mancini,mancini,,,,,,
2026-07-29T17:50:08.521011+00:00,20260729-175008,https://trends24.in/indonesia/,Tue Jul 28 2026 23:32:26 GMT+0000 (Coordinated Universal Time),11,Mitchell Baker,mitchell baker,,,,,,
2026-07-29T17:50:08.521011+00:00,20260729-175008,https://trends24.in/indonesia/,Tue Jul 28 2026 23:32:26 GMT+0000 (Coordinated Universal Time),12,HUG E LHEE Q1,hug e lhee q1,,,,,,
2026-07-29T17:50:08.521011+00:00,20260729-175008,https://trends24.in/indonesia/,Tue Jul 28 2026 23:32:26 GMT+0000 (Coordinated Universal Time),13,Rabu,rabu,,,,,,
2026-07-29T17:50:08.521011+00:00,20260729-175008,https://trends24.in/indonesia/,Tue Jul 28 2026 23:32:26 GMT+0000 (Coordinated Universal Time),14,taksekadar jaga wilayah,taksekadar jaga wilayah,,,,,,
2026-07-29T17:50:08.521011+00:00,20260729-175008,https://trends24.in/indonesia/,Tue Jul 28 2026 23:32:26 GMT+0000 (Coordinated Universal Time),15,Kamboja,kamboja,,,,,,
2026-07-29T17:50:08.521011+00:00,20260729-175008,https://trends24.in/indonesia/,Tue Jul 28 2026 23:32:26 GMT+0000 (Coordinated Universal Time),16,Gubernur BI,gubernur bi,,,,,,
2026-07-29T17:50:08.521011+00:00,20260729-175008,https://trends24.in/indonesia/,Tue Jul 28 2026 23:32:26 GMT+0000 (Coordinated Universal Time),17,Perry Warjiyo,perry warjiyo,,,,,,
2026-07-29T17:50:08.521011+00:00,20260729-175008,https://trends24.in/indonesia/,Tue Jul 28 2026 23:32:26 GMT+0000 (Coordinated Universal Time),18,Love Destiny EP3,love destiny ep3,,,,,,
2026-07-29T17:50:08.521011+00:00,20260729-175008,https://trends24.in/indonesia/,Tue Jul 28 2026 23:32:26 GMT+0000 (Coordinated Universal Time),19,Thom Haye,thom haye,,,,,,
2026-07-29T17:50:08.521011+00:00,20260729-175008,https://trends24.in/indonesia/,Tue Jul 28 2026 23:32:26 GMT+0000 (Coordinated Universal Time),20,Kumamoto,kumamoto,,,,,,
2026-07-29T17:50:08.521011+00:00,20260729-175008,https://trends24.in/indonesia/,Tue Jul 28 2026 23:32:26 GMT+0000 (Coordinated Universal Time),21,Ramon,ramon,,,,,,
2026-07-29T17:50:08.521011+00:00,20260729-175008,https://trends24.in/indonesia/,Tue Jul 28 2026 23:32:26 GMT+0000 (Coordinated Universal Time),22,Kualitas HD,kualitas hd,,,,,,
2026-07-29T17:50:08.521011+00:00,20260729-175008,https://trends24.in/indonesia/,Tue Jul 28 2026 23:32:26 GMT+0000 (Coordinated Universal Time),23,King Indo,king indo,,,,,,
2026-07-29T17:50:08.521011+00:00,20260729-175008,https://trends24.in/indonesia/,Tue Jul 28 2026 23:32:26 GMT+0000 (Coordinated Universal Time),24,IFAB,ifab,,,,,,
2026-07-29T17:50:08.521011+00:00,20260729-175008,https://trends24.in/indonesia/,Tue Jul 28 2026 23:32:26 GMT+0000 (Coordinated Universal Time),25,Selasa,selasa,,,,,,
2026-07-29T17:50:08.521011+00:00,20260729-175008,https://trends24.in/indonesia/,Tue Jul 28 2026 23:32:26 GMT+0000 (Coordinated Universal Time),26,FIGC,figc,,,,,,
2026-07-29T17:50:08.521011+00:00,20260729-175008,https://trends24.in/indonesia/,Tue Jul 28 2026 23:32:26 GMT+0000 (Coordinated Universal Time),27,Maldini,maldini,,,,,,
2026-07-29T17:50:08.521011+00:00,20260729-175008,https://trends24.in/indonesia/,Tue Jul 28 2026 23:32:26 GMT+0000 (Coordinated Universal Time),28,EMIBONNIE MOONSHADOW TRAILER,emibonnie moonshadow trailer,,,,,,
2026-07-29T17:50:08.521011+00:00,20260729-175008,https://trends24.in/indonesia/,Tue Jul 28 2026 23:32:26 GMT+0000 (Coordinated Universal Time),29,XL SATU KASIH LEBIH,xl satu kasih lebih,,,,,,
2026-07-29T17:50:08.521011+00:00,20260729-175008,https://trends24.in/indonesia/,Tue Jul 28 2026 23:32:26 GMT+0000 (Coordinated Universal Time),30,Ford Allan,ford allan,,,,,,
2026-07-29T17:50:08.521011+00:00,20260729-175008,https://trends24.in/indonesia/,Tue Jul 28 2026 23:32:26 GMT+0000 (Coordinated Universal Time),31,Welbeck,welbeck,,,,,,
2026-07-29T17:50:08.521011+00:00,20260729-175008,https://trends24.in/indonesia/,Tue Jul 28 2026 23:32:26 GMT+0000 (Coordinated Universal Time),32,Banten,banten,,,,,,
2026-07-29T17:50:08.521011+00:00,20260729-175008,https://trends24.in/indonesia/,Tue Jul 28 2026 23:32:26 GMT+0000 (Coordinated Universal Time),33,Puzzle B,puzzle b,,,,,,
2026-07-29T17:50:08.521011+00:00,20260729-175008,https://trends24.in/indonesia/,Tue Jul 28 2026 23:32:26 GMT+0000 (Coordinated Universal Time),34,TALAY GOONG FAMILY FS,talay goong family fs,,,,,,
2026-07-29T17:50:08.521011+00:00,20260729-175008,https://trends24.in/indonesia/,Tue Jul 28 2026 23:32:26 GMT+0000 (Coordinated Universal Time),35,Zizou,zizou,,,,,,
2026-07-29T17:50:08.521011+00:00,20260729-175008,https://trends24.in/indonesia/,Tue Jul 28 2026 23:32:26 GMT+0000 (Coordinated Universal Time),36,XAUT,xaut,,,,,,
2026-07-29T17:50:08.521011+00:00,20260729-175008,https://trends24.in/indonesia/,Tue Jul 28 2026 23:32:26 GMT+0000 (Coordinated Universal Time),37,Budaya,budaya,,,,,,
2026-07-29T17:50:08.521011+00:00,20260729-175008,https://trends24.in/indonesia/,Tue Jul 28 2026 23:32:26 GMT+0000 (Coordinated Universal Time),38,tanamal,tanamal,,,,,,
2026-07-29T17:50:08.521011+00:00,20260729-175008,https://trends24.in/indonesia/,Tue Jul 28 2026 23:32:26 GMT+0000 (Coordinated Universal Time),39,whip pink,whip pink,,,,,,
2026-07-29T17:50:08.521011+00:00,20260729-175008,https://trends24.in/indonesia/,Tue Jul 28 2026 23:32:26 GMT+0000 (Coordinated Universal Time),40,matraman,matraman,,,,,,
2026-07-29T17:50:08.521011+00:00,20260729-175008,https://trends24.in/indonesia/,Tue Jul 28 2026 23:32:26 GMT+0000 (Coordinated Universal Time),41,WAYV VISION WINGS SAMPLER,wayv vision wings sampler,,,,,,
2026-07-29T17:50:08.521011+00:00,20260729-175008,https://trends24.in/indonesia/,Tue Jul 28 2026 23:32:26 GMT+0000 (Coordinated Universal Time),42,m. dev,m. dev,,,,,,
2026-07-29T17:50:08.521011+00:00,20260729-175008,https://trends24.in/indonesia/,Tue Jul 28 2026 23:32:26 GMT+0000 (Coordinated Universal Time),43,Senin,senin,,,,,,
2026-07-29T17:50:08.521011+00:00,20260729-175008,https://trends24.in/indonesia/,Tue Jul 28 2026 23:32:26 GMT+0000 (Coordinated Universal Time),44,YourTuber Worship,yourtuber worship,,,,,,
2026-07-29T17:50:08.521011+00:00,20260729-175008,https://trends24.in/indonesia/,Tue Jul 28 2026 23:32:26 GMT+0000 (Coordinated Universal Time),45,APBN,apbn,,,,,,
2026-07-29T17:50:08.521011+00:00,20260729-175008,https://trends24.in/indonesia/,Tue Jul 28 2026 23:32:26 GMT+0000 (Coordinated Universal Time),46,Zinedine Zidane,zinedine zidane,,,,,,
2026-07-29T17:50:08.521011+00:00,20260729-175008,https://trends24.in/indonesia/,Tue Jul 28 2026 23:32:26 GMT+0000 (Coordinated Universal Time),47,Joao Pedro,joao pedro,,,,,,
2026-07-29T17:50:08.521011+00:00,20260729-175008,https://trends24.in/indonesia/,Tue Jul 28 2026 23:32:26 GMT+0000 (Coordinated Universal Time),48,Pirlo,pirlo,,,,,,
2026-07-29T17:50:08.521011+00:00,20260729-175008,https://trends24.in/indonesia/,Tue Jul 28 2026 23:32:26 GMT+0000 (Coordinated Universal Time),49,Aera,aera,,,,,,
2026-07-29T17:50:08.521011+00:00,20260729-175008,https://trends24.in/indonesia/,Tue Jul 28 2026 23:32:26 GMT+0000 (Coordinated Universal Time),50,Gubernur Bank Indonesia,gubernur bank indonesia,,,,,,
2026-07-29T17:50:08.521011+00:00,20260729-175008,https://trends24.in/indonesia/,Tue Jul 28 2026 22:36:39 GMT+0000 (Coordinated Universal Time),1,#JossGawinConcert,jossgawinconcert,,,,,,
2026-07-29T17:50:08.521011+00:00,20260729-175008,https://trends24.in/indonesia/,Tue Jul 28 2026 22:36:39 GMT+0000 (Coordinated Universal Time),2,#MrKillSeriesEP4,mrkillseriesep4,,,,,,
2026-07-29T17:50:08.521011+00:00,20260729-175008,https://trends24.in/indonesia/,Tue Jul 28 2026 22:36:39 GMT+0000 (Coordinated Universal Time),3,pilih naavagreen,pilih naavagreen,,,,,,
2026-07-29T17:50:08.521011+00:00,20260729-175008,https://trends24.in/indonesia/,Tue Jul 28 2026 22:36:39 GMT+0000 (Coordinated Universal Time),4,DEWTEE FANSIGN 2026,dewtee fansign 2026,,,,,,
2026-07-29T17:50:08.521011+00:00,20260729-175008,https://trends24.in/indonesia/,Tue Jul 28 2026 22:36:39 GMT+0000 (Coordinated Universal Time),5,#KlinikAntiDrama,klinikantidrama,,,,,,
2026-07-29T17:50:08.521011+00:00,20260729-175008,https://trends24.in/indonesia/,Tue Jul 28 2026 22:36:39 GMT+0000 (Coordinated Universal Time),6,kawal pembangunan negeri,kawal pembangunan negeri,,,,,,
2026-07-29T17:50:08.521011+00:00,20260729-175008,https://trends24.in/indonesia/,Tue Jul 28 2026 22:36:39 GMT+0000 (Coordinated Universal Time),7,#CTMwithPhuwin,ctmwithphuwin,,,,,,
2026-07-29T17:50:08.521011+00:00,20260729-175008,https://trends24.in/indonesia/,Tue Jul 28 2026 22:36:39 GMT+0000 (Coordinated Universal Time),8,#GUINZLY,guinzly,,,,,,
2026-07-29T17:50:08.521011+00:00,20260729-175008,https://trends24.in/indonesia/,Tue Jul 28 2026 22:36:39 GMT+0000 (Coordinated Universal Time),9,jg ready for concert,jg ready for concert,,,,,,
2026-07-29T17:50:08.521011+00:00,20260729-175008,https://trends24.in/indonesia/,Tue Jul 28 2026 22:36:39 GMT+0000 (Coordinated Universal Time),10,thom haye,thom haye,,,,,,
2026-07-29T17:50:08.521011+00:00,20260729-175008,https://trends24.in/indonesia/,Tue Jul 28 2026 22:36:39 GMT+0000 (Coordinated Universal Time),11,Mancini,mancini,,,,,,
2026-07-29T17:50:08.521011+00:00,20260729-175008,https://trends24.in/indonesia/,Tue Jul 28 2026 22:36:39 GMT+0000 (Coordinated Universal Time),12,Mitchell Baker,mitchell baker,,,,,,
2026-07-29T17:50:08.521011+00:00,20260729-175008,https://trends24.in/indonesia/,Tue Jul 28 2026 22:36:39 GMT+0000 (Coordinated Universal Time),13,HUG E LHEE Q1,hug e lhee q1,,,,,,
2026-07-29T17:50:08.521011+00:00,20260729-175008,https://trends24.in/indonesia/,Tue Jul 28 2026 22:36:39 GMT+0000 (Coordinated Universal Time),14,Kamboja,kamboja,,,,,,
2026-07-29T17:50:08.521011+00:00,20260729-175008,https://trends24.in/indonesia/,Tue Jul 28 2026 22:36:39 GMT+0000 (Coordinated Universal Time),15,taksekadar jaga wilayah,taksekadar jaga wilayah,,,,,,
2026-07-29T17:50:08.521011+00:00,20260729-175008,https://trends24.in/indonesia/,Tue Jul 28 2026 22:36:39 GMT+0000 (Coordinated Universal Time),16,Gubernur BI,gubernur bi,,,,,,
2026-07-29T17:50:08.521011+00:00,20260729-175008,https://trends24.in/indonesia/,Tue Jul 28 2026 22:36:39 GMT+0000 (Coordinated Universal Time),17,Perry Warjiyo,perry warjiyo,,,,,,
2026-07-29T17:50:08.521011+00:00,20260729-175008,https://trends24.in/indonesia/,Tue Jul 28 2026 22:36:39 GMT+0000 (Coordinated Universal Time),18,Kumamoto,kumamoto,,,,,,
2026-07-29T17:50:08.521011+00:00,20260729-175008,https://trends24.in/indonesia/,Tue Jul 28 2026 22:36:39 GMT+0000 (Coordinated Universal Time),19,Ramon,ramon,,,,,,
2026-07-29T17:50:08.521011+00:00,20260729-175008,https://trends24.in/indonesia/,Tue Jul 28 2026 22:36:39 GMT+0000 (Coordinated Universal Time),20,Love Destiny EP3,love destiny ep3,,,,,,
2026-07-29T17:50:08.521011+00:00,20260729-175008,https://trends24.in/indonesia/,Tue Jul 28 2026 22:36:39 GMT+0000 (Coordinated Universal Time),21,King Indo,king indo,,,,,,
2026-07-29T17:50:08.521011+00:00,20260729-175008,https://trends24.in/indonesia/,Tue Jul 28 2026 22:36:39 GMT+0000 (Coordinated Universal Time),22,Selasa,selasa,,,,,,
2026-07-29T17:50:08.521011+00:00,20260729-175008,https://trends24.in/indonesia/,Tue Jul 28 2026 22:36:39 GMT+0000 (Coordinated Universal Time),23,FIGC,figc,,,,,,
2026-07-29T17:50:08.521011+00:00,20260729-175008,https://trends24.in/indonesia/,Tue Jul 28 2026 22:36:39 GMT+0000 (Coordinated Universal Time),24,Maldini,maldini,,,,,,
2026-07-29T17:50:08.521011+00:00,20260729-175008,https://trends24.in/indonesia/,Tue Jul 28 2026 22:36:39 GMT+0000 (Coordinated Universal Time),25,TALAY GOONG FAMILY FS,talay goong family fs,,,,,,
2026-07-29T17:50:08.521011+00:00,20260729-175008,https://trends24.in/indonesia/,Tue Jul 28 2026 22:36:39 GMT+0000 (Coordinated Universal Time),26,EMIBONNIE MOONSHADOW TRAILER,emibonnie moonshadow trailer,,,,,,
2026-07-29T17:50:08.521011+00:00,20260729-175008,https://trends24.in/indonesia/,Tue Jul 28 2026 22:36:39 GMT+0000 (Coordinated Universal Time),27,XL SATU KASIH LEBIH,xl satu kasih lebih,,,,,,
2026-07-29T17:50:08.521011+00:00,20260729-175008,https://trends24.in/indonesia/,Tue Jul 28 2026 22:36:39 GMT+0000 (Coordinated Universal Time),28,Welbeck,welbeck,,,,,,
2026-07-29T17:50:08.521011+00:00,20260729-175008,https://trends24.in/indonesia/,Tue Jul 28 2026 22:36:39 GMT+0000 (Coordinated Universal Time),29,Keigo Higashino,keigo higashino,,,,,,
2026-07-29T17:50:08.521011+00:00,20260729-175008,https://trends24.in/indonesia/,Tue Jul 28 2026 22:36:39 GMT+0000 (Coordinated Universal Time),30,Joao Pedro,joao pedro,,,,,,
2026-07-29T17:50:08.521011+00:00,20260729-175008,https://trends24.in/indonesia/,Tue Jul 28 2026 22:36:39 GMT+0000 (Coordinated Universal Time),31,Puzzle B,puzzle b,,,,,,
2026-07-29T17:50:08.521011+00:00,20260729-175008,https://trends24.in/indonesia/,Tue Jul 28 2026 22:36:39 GMT+0000 (Coordinated Universal Time),32,Banten,banten,,,,,,
2026-07-29T17:50:08.521011+00:00,20260729-175008,https://trends24.in/indonesia/,Tue Jul 28 2026 22:36:39 GMT+0000 (Coordinated Universal Time),33,Zizou,zizou,,,,,,
2026-07-29T17:50:08.521011+00:00,20260729-175008,https://trends24.in/indonesia/,Tue Jul 28 2026 22:36:39 GMT+0000 (Coordinated Universal Time),34,THEE WAVE FAN CONNECT,thee wave fan connect,,,,,,
2026-07-29T17:50:08.521011+00:00,20260729-175008,https://trends24.in/indonesia/,Tue Jul 28 2026 22:36:39 GMT+0000 (Coordinated Universal Time),35,Kualitas HD,kualitas hd,,,,,,
2026-07-29T17:50:08.521011+00:00,20260729-175008,https://trends24.in/indonesia/,Tue Jul 28 2026 22:36:39 GMT+0000 (Coordinated Universal Time),36,Budaya,budaya,,,,,,
2026-07-29T17:50:08.521011+00:00,20260729-175008,https://trends24.in/indonesia/,Tue Jul 28 2026 22:36:39 GMT+0000 (Coordinated Universal Time),37,XAUT,xaut,,,,,,
2026-07-29T17:50:08.521011+00:00,20260729-175008,https://trends24.in/indonesia/,Tue Jul 28 2026 22:36:39 GMT+0000 (Coordinated Universal Time),38,tanamal,tanamal,,,,,,
2026-07-29T17:50:08.521011+00:00,20260729-175008,https://trends24.in/indonesia/,Tue Jul 28 2026 22:36:39 GMT+0000 (Coordinated Universal Time),39,whip pink,whip pink,,,,,,
2026-07-29T17:50:08.521011+00:00,20260729-175008,https://trends24.in/indonesia/,Tue Jul 28 2026 22:36:39 GMT+0000 (Coordinated Universal Time),40,matraman,matraman,,,,,,
2026-07-29T17:50:08.521011+00:00,20260729-175008,https://trends24.in/indonesia/,Tue Jul 28 2026 22:36:39 GMT+0000 (Coordinated Universal Time),41,WAYV VISION WINGS SAMPLER,wayv vision wings sampler,,,,,,
2026-07-29T17:50:08.521011+00:00,20260729-175008,https://trends24.in/indonesia/,Tue Jul 28 2026 22:36:39 GMT+0000 (Coordinated Universal Time),42,m. dev,m. dev,,,,,,
2026-07-29T17:50:08.521011+00:00,20260729-175008,https://trends24.in/indonesia/,Tue Jul 28 2026 22:36:39 GMT+0000 (Coordinated Universal Time),43,Senin,senin,,,,,,
2026-07-29T17:50:08.521011+00:00,20260729-175008,https://trends24.in/indonesia/,Tue Jul 28 2026 22:36:39 GMT+0000 (Coordinated Universal Time),44,YourTuber Worship,yourtuber worship,,,,,,
2026-07-29T17:50:08.521011+00:00,20260729-175008,https://trends24.in/indonesia/,Tue Jul 28 2026 22:36:39 GMT+0000 (Coordinated Universal Time),45,APBN,apbn,,,,,,
2026-07-29T17:50:08.521011+00:00,20260729-175008,https://trends24.in/indonesia/,Tue Jul 28 2026 22:36:39 GMT+0000 (Coordinated Universal Time),46,Zinedine Zidane,zinedine zidane,,,,,,
2026-07-29T17:50:08.521011+00:00,20260729-175008,https://trends24.in/indonesia/,Tue Jul 28 2026 22:36:39 GMT+0000 (Coordinated Universal Time),47,Gubernur Bank Indonesia,gubernur bank indonesia,,,,,,
2026-07-29T17:50:08.521011+00:00,20260729-175008,https://trends24.in/indonesia/,Tue Jul 28 2026 22:36:39 GMT+0000 (Coordinated Universal Time),48,Pirlo,pirlo,,,,,,
2026-07-29T17:50:08.521011+00:00,20260729-175008,https://trends24.in/indonesia/,Tue Jul 28 2026 22:36:39 GMT+0000 (Coordinated Universal Time),49,Delap,delap,,,,,,
2026-07-29T17:50:08.521011+00:00,20260729-175008,https://trends24.in/indonesia/,Tue Jul 28 2026 22:36:39 GMT+0000 (Coordinated Universal Time),50,gopay qris tap,gopay qris tap,,,,,,
2026-07-29T17:50:08.521011+00:00,20260729-175008,https://trends24.in/indonesia/,Tue Jul 28 2026 22:36:26 GMT+0000 (Coordinated Universal Time),1,#JossGawinConcert,jossgawinconcert,,,,,,
2026-07-29T17:50:08.521011+00:00,20260729-175008,https://trends24.in/indonesia/,Tue Jul 28 2026 22:36:26 GMT+0000 (Coordinated Universal Time),2,#MrKillSeriesEP4,mrkillseriesep4,,,,,,
2026-07-29T17:50:08.521011+00:00,20260729-175008,https://trends24.in/indonesia/,Tue Jul 28 2026 22:36:26 GMT+0000 (Coordinated Universal Time),3,pilih naavagreen,pilih naavagreen,,,,,,
2026-07-29T17:50:08.521011+00:00,20260729-175008,https://trends24.in/indonesia/,Tue Jul 28 2026 22:36:26 GMT+0000 (Coordinated Universal Time),4,DEWTEE FANSIGN 2026,dewtee fansign 2026,,,,,,
2026-07-29T17:50:08.521011+00:00,20260729-175008,https://trends24.in/indonesia/,Tue Jul 28 2026 22:36:26 GMT+0000 (Coordinated Universal Time),5,#KlinikAntiDrama,klinikantidrama,,,,,,
2026-07-29T17:50:08.521011+00:00,20260729-175008,https://trends24.in/indonesia/,Tue Jul 28 2026 22:36:26 GMT+0000 (Coordinated Universal Time),6,kawal pembangunan negeri,kawal pembangunan negeri,,,,,,
2026-07-29T17:50:08.521011+00:00,20260729-175008,https://trends24.in/indonesia/,Tue Jul 28 2026 22:36:26 GMT+0000 (Coordinated Universal Time),7,#CTMwithPhuwin,ctmwithphuwin,,,,,,
2026-07-29T17:50:08.521011+00:00,20260729-175008,https://trends24.in/indonesia/,Tue Jul 28 2026 22:36:26 GMT+0000 (Coordinated Universal Time),8,#GUINZLY,guinzly,,,,,,
2026-07-29T17:50:08.521011+00:00,20260729-175008,https://trends24.in/indonesia/,Tue Jul 28 2026 22:36:26 GMT+0000 (Coordinated Universal Time),9,jg ready for concert,jg ready for concert,,,,,,
2026-07-29T17:50:08.521011+00:00,20260729-175008,https://trends24.in/indonesia/,Tue Jul 28 2026 22:36:26 GMT+0000 (Coordinated Universal Time),10,thom haye,thom haye,,,,,,
2026-07-29T17:50:08.521011+00:00,20260729-175008,https://trends24.in/indonesia/,Tue Jul 28 2026 22:36:26 GMT+0000 (Coordinated Universal Time),11,Mancini,mancini,,,,,,
2026-07-29T17:50:08.521011+00:00,20260729-175008,https://trends24.in/indonesia/,Tue Jul 28 2026 22:36:26 GMT+0000 (Coordinated Universal Time),12,Mitchell Baker,mitchell baker,,,,,,
2026-07-29T17:50:08.521011+00:00,20260729-175008,https://trends24.in/indonesia/,Tue Jul 28 2026 22:36:26 GMT+0000 (Coordinated Universal Time),13,HUG E LHEE Q1,hug e lhee q1,,,,,,
2026-07-29T17:50:08.521011+00:00,20260729-175008,https://trends24.in/indonesia/,Tue Jul 28 2026 22:36:26 GMT+0000 (Coordinated Universal Time),14,Kamboja,kamboja,,,,,,
2026-07-29T17:50:08.521011+00:00,20260729-175008,https://trends24.in/indonesia/,Tue Jul 28 2026 22:36:26 GMT+0000 (Coordinated Universal Time),15,taksekadar jaga wilayah,taksekadar jaga wilayah,,,,,,
2026-07-29T17:50:08.521011+00:00,20260729-175008,https://trends24.in/indonesia/,Tue Jul 28 2026 22:36:26 GMT+0000 (Coordinated Universal Time),16,Gubernur BI,gubernur bi,,,,,,
2026-07-29T17:50:08.521011+00:00,20260729-175008,https://trends24.in/indonesia/,Tue Jul 28 2026 22:36:26 GMT+0000 (Coordinated Universal Time),17,Perry Warjiyo,perry warjiyo,,,,,,
2026-07-29T17:50:08.521011+00:00,20260729-175008,https://trends24.in/indonesia/,Tue Jul 28 2026 22:36:26 GMT+0000 (Coordinated Universal Time),18,Kumamoto,kumamoto,,,,,,
2026-07-29T17:50:08.521011+00:00,20260729-175008,https://trends24.in/indonesia/,Tue Jul 28 2026 22:36:26 GMT+0000 (Coordinated Universal Time),19,Ramon,ramon,,,,,,
2026-07-29T17:50:08.521011+00:00,20260729-175008,https://trends24.in/indonesia/,Tue Jul 28 2026 22:36:26 GMT+0000 (Coordinated Universal Time),20,Love Destiny EP3,love destiny ep3,,,,,,
2026-07-29T17:50:08.521011+00:00,20260729-175008,https://trends24.in/indonesia/,Tue Jul 28 2026 22:36:26 GMT+0000 (Coordinated Universal Time),21,King Indo,king indo,,,,,,
2026-07-29T17:50:08.521011+00:00,20260729-175008,https://trends24.in/indonesia/,Tue Jul 28 2026 22:36:26 GMT+0000 (Coordinated Universal Time),22,Selasa,selasa,,,,,,
2026-07-29T17:50:08.521011+00:00,20260729-175008,https://trends24.in/indonesia/,Tue Jul 28 2026 22:36:26 GMT+0000 (Coordinated Universal Time),23,FIGC,figc,,,,,,
2026-07-29T17:50:08.521011+00:00,20260729-175008,https://trends24.in/indonesia/,Tue Jul 28 2026 22:36:26 GMT+0000 (Coordinated Universal Time),24,Maldini,maldini,,,,,,
2026-07-29T17:50:08.521011+00:00,20260729-175008,https://trends24.in/indonesia/,Tue Jul 28 2026 22:36:26 GMT+0000 (Coordinated Universal Time),25,TALAY GOONG FAMILY FS,talay goong family fs,,,,,,
2026-07-29T17:50:08.521011+00:00,20260729-175008,https://trends24.in/indonesia/,Tue Jul 28 2026 22:36:26 GMT+0000 (Coordinated Universal Time),26,EMIBONNIE MOONSHADOW TRAILER,emibonnie moonshadow trailer,,,,,,
2026-07-29T17:50:08.521011+00:00,20260729-175008,https://trends24.in/indonesia/,Tue Jul 28 2026 22:36:26 GMT+0000 (Coordinated Universal Time),27,XL SATU KASIH LEBIH,xl satu kasih lebih,,,,,,
2026-07-29T17:50:08.521011+00:00,20260729-175008,https://trends24.in/indonesia/,Tue Jul 28 2026 22:36:26 GMT+0000 (Coordinated Universal Time),28,Welbeck,welbeck,,,,,,
2026-07-29T17:50:08.521011+00:00,20260729-175008,https://trends24.in/indonesia/,Tue Jul 28 2026 22:36:26 GMT+0000 (Coordinated Universal Time),29,Keigo Higashino,keigo higashino,,,,,,
2026-07-29T17:50:08.521011+00:00,20260729-175008,https://trends24.in/indonesia/,Tue Jul 28 2026 22:36:26 GMT+0000 (Coordinated Universal Time),30,Joao Pedro,joao pedro,,,,,,
2026-07-29T17:50:08.521011+00:00,20260729-175008,https://trends24.in/indonesia/,Tue Jul 28 2026 22:36:26 GMT+0000 (Coordinated Universal Time),31,Puzzle B,puzzle b,,,,,,
2026-07-29T17:50:08.521011+00:00,20260729-175008,https://trends24.in/indonesia/,Tue Jul 28 2026 22:36:26 GMT+0000 (Coordinated Universal Time),32,Banten,banten,,,,,,
2026-07-29T17:50:08.521011+00:00,20260729-175008,https://trends24.in/indonesia/,Tue Jul 28 2026 22:36:26 GMT+0000 (Coordinated Universal Time),33,Zizou,zizou,,,,,,
2026-07-29T17:50:08.521011+00:00,20260729-175008,https://trends24.in/indonesia/,Tue Jul 28 2026 22:36:26 GMT+0000 (Coordinated Universal Time),34,THEE WAVE FAN CONNECT,thee wave fan connect,,,,,,
2026-07-29T17:50:08.521011+00:00,20260729-175008,https://trends24.in/indonesia/,Tue Jul 28 2026 22:36:26 GMT+0000 (Coordinated Universal Time),35,Kualitas HD,kualitas hd,,,,,,
2026-07-29T17:50:08.521011+00:00,20260729-175008,https://trends24.in/indonesia/,Tue Jul 28 2026 22:36:26 GMT+0000 (Coordinated Universal Time),36,Budaya,budaya,,,,,,
2026-07-29T17:50:08.521011+00:00,20260729-175008,https://trends24.in/indonesia/,Tue Jul 28 2026 22:36:26 GMT+0000 (Coordinated Universal Time),37,XAUT,xaut,,,,,,
2026-07-29T17:50:08.521011+00:00,20260729-175008,https://trends24.in/indonesia/,Tue Jul 28 2026 22:36:26 GMT+0000 (Coordinated Universal Time),38,tanamal,tanamal,,,,,,
2026-07-29T17:50:08.521011+00:00,20260729-175008,https://trends24.in/indonesia/,Tue Jul 28 2026 22:36:26 GMT+0000 (Coordinated Universal Time),39,whip pink,whip pink,,,,,,
2026-07-29T17:50:08.521011+00:00,20260729-175008,https://trends24.in/indonesia/,Tue Jul 28 2026 22:36:26 GMT+0000 (Coordinated Universal Time),40,matraman,matraman,,,,,,
2026-07-29T17:50:08.521011+00:00,20260729-175008,https://trends24.in/indonesia/,Tue Jul 28 2026 22:36:26 GMT+0000 (Coordinated Universal Time),41,WAYV VISION WINGS SAMPLER,wayv vision wings sampler,,,,,,
2026-07-29T17:50:08.521011+00:00,20260729-175008,https://trends24.in/indonesia/,Tue Jul 28 2026 22:36:26 GMT+0000 (Coordinated Universal Time),42,m. dev,m. dev,,,,,,
2026-07-29T17:50:08.521011+00:00,20260729-175008,https://trends24.in/indonesia/,Tue Jul 28 2026 22:36:26 GMT+0000 (Coordinated Universal Time),43,Senin,senin,,,,,,
2026-07-29T17:50:08.521011+00:00,20260729-175008,https://trends24.in/indonesia/,Tue Jul 28 2026 22:36:26 GMT+0000 (Coordinated Universal Time),44,YourTuber Worship,yourtuber worship,,,,,,
2026-07-29T17:50:08.521011+00:00,20260729-175008,https://trends24.in/indonesia/,Tue Jul 28 2026 22:36:26 GMT+0000 (Coordinated Universal Time),45,APBN,apbn,,,,,,
2026-07-29T17:50:08.521011+00:00,20260729-175008,https://trends24.in/indonesia/,Tue Jul 28 2026 22:36:26 GMT+0000 (Coordinated Universal Time),46,Zinedine Zidane,zinedine zidane,,,,,,
2026-07-29T17:50:08.521011+00:00,20260729-175008,https://trends24.in/indonesia/,Tue Jul 28 2026 22:36:26 GMT+0000 (Coordinated Universal Time),47,Gubernur Bank Indonesia,gubernur bank indonesia,,,,,,
2026-07-29T17:50:08.521011+00:00,20260729-175008,https://trends24.in/indonesia/,Tue Jul 28 2026 22:36:26 GMT+0000 (Coordinated Universal Time),48,Pirlo,pirlo,,,,,,
2026-07-29T17:50:08.521011+00:00,20260729-175008,https://trends24.in/indonesia/,Tue Jul 28 2026 22:36:26 GMT+0000 (Coordinated Universal Time),49,Delap,delap,,,,,,
2026-07-29T17:50:08.521011+00:00,20260729-175008,https://trends24.in/indonesia/,Tue Jul 28 2026 22:36:26 GMT+0000 (Coordinated Universal Time),50,gopay qris tap,gopay qris tap,,,,,,
2026-07-29T17:50:08.521011+00:00,20260729-175008,https://trends24.in/indonesia/,Tue Jul 28 2026 21:45:23 GMT+0000 (Coordinated Universal Time),1,#JossGawinConcert,jossgawinconcert,,,,,,
2026-07-29T17:50:08.521011+00:00,20260729-175008,https://trends24.in/indonesia/,Tue Jul 28 2026 21:45:23 GMT+0000 (Coordinated Universal Time),2,#MrKillSeriesEP4,mrkillseriesep4,,,,,,
2026-07-29T17:50:08.521011+00:00,20260729-175008,https://trends24.in/indonesia/,Tue Jul 28 2026 21:45:23 GMT+0000 (Coordinated Universal Time),3,pilih naavagreen,pilih naavagreen,,,,,,
2026-07-29T17:50:08.521011+00:00,20260729-175008,https://trends24.in/indonesia/,Tue Jul 28 2026 21:45:23 GMT+0000 (Coordinated Universal Time),4,DEWTEE FANSIGN 2026,dewtee fansign 2026,,,,,,
2026-07-29T17:50:08.521011+00:00,20260729-175008,https://trends24.in/indonesia/,Tue Jul 28 2026 21:45:23 GMT+0000 (Coordinated Universal Time),5,#KlinikAntiDrama,klinikantidrama,,,,,,
2026-07-29T17:50:08.521011+00:00,20260729-175008,https://trends24.in/indonesia/,Tue Jul 28 2026 21:45:23 GMT+0000 (Coordinated Universal Time),6,kawal pembangunan negeri,kawal pembangunan negeri,,,,,,
2026-07-29T17:50:08.521011+00:00,20260729-175008,https://trends24.in/indonesia/,Tue Jul 28 2026 21:45:23 GMT+0000 (Coordinated Universal Time),7,#CTMwithPhuwin,ctmwithphuwin,,,,,,
2026-07-29T17:50:08.521011+00:00,20260729-175008,https://trends24.in/indonesia/,Tue Jul 28 2026 21:45:23 GMT+0000 (Coordinated Universal Time),8,#GUINZLY,guinzly,,,,,,
2026-07-29T17:50:08.521011+00:00,20260729-175008,https://trends24.in/indonesia/,Tue Jul 28 2026 21:45:23 GMT+0000 (Coordinated Universal Time),9,Mitchell Baker,mitchell baker,,,,,,
2026-07-29T17:50:08.521011+00:00,20260729-175008,https://trends24.in/indonesia/,Tue Jul 28 2026 21:45:23 GMT+0000 (Coordinated Universal Time),10,jg ready for concert,jg ready for concert,,,,,,
2026-07-29T17:50:08.521011+00:00,20260729-175008,https://trends24.in/indonesia/,Tue Jul 28 2026 21:45:23 GMT+0000 (Coordinated Universal Time),11,thom haye,thom haye,,,,,,
2026-07-29T17:50:08.521011+00:00,20260729-175008,https://trends24.in/indonesia/,Tue Jul 28 2026 21:45:23 GMT+0000 (Coordinated Universal Time),12,Mancini,mancini,,,,,,
2026-07-29T17:50:08.521011+00:00,20260729-175008,https://trends24.in/indonesia/,Tue Jul 28 2026 21:45:23 GMT+0000 (Coordinated Universal Time),13,HUG E LHEE Q1,hug e lhee q1,,,,,,
2026-07-29T17:50:08.521011+00:00,20260729-175008,https://trends24.in/indonesia/,Tue Jul 28 2026 21:45:23 GMT+0000 (Coordinated Universal Time),14,Kamboja,kamboja,,,,,,
2026-07-29T17:50:08.521011+00:00,20260729-175008,https://trends24.in/indonesia/,Tue Jul 28 2026 21:45:23 GMT+0000 (Coordinated Universal Time),15,taksekadar jaga wilayah,taksekadar jaga wilayah,,,,,,
2026-07-29T17:50:08.521011+00:00,20260729-175008,https://trends24.in/indonesia/,Tue Jul 28 2026 21:45:23 GMT+0000 (Coordinated Universal Time),16,Gubernur BI,gubernur bi,,,,,,
2026-07-29T17:50:08.521011+00:00,20260729-175008,https://trends24.in/indonesia/,Tue Jul 28 2026 21:45:23 GMT+0000 (Coordinated Universal Time),17,Perry Warjiyo,perry warjiyo,,,,,,
2026-07-29T17:50:08.521011+00:00,20260729-175008,https://trends24.in/indonesia/,Tue Jul 28 2026 21:45:23 GMT+0000 (Coordinated Universal Time),18,Kumamoto,kumamoto,,,,,,
2026-07-29T17:50:08.521011+00:00,20260729-175008,https://trends24.in/indonesia/,Tue Jul 28 2026 21:45:23 GMT+0000 (Coordinated Universal Time),19,Ramon,ramon,,,,,,
2026-07-29T17:50:08.521011+00:00,20260729-175008,https://trends24.in/indonesia/,Tue Jul 28 2026 21:45:23 GMT+0000 (Coordinated Universal Time),20,Love Destiny EP3,love destiny ep3,,,,,,
2026-07-29T17:50:08.521011+00:00,20260729-175008,https://trends24.in/indonesia/,Tue Jul 28 2026 21:45:23 GMT+0000 (Coordinated Universal Time),21,King Indo,king indo,,,,,,
2026-07-29T17:50:08.521011+00:00,20260729-175008,https://trends24.in/indonesia/,Tue Jul 28 2026 21:45:23 GMT+0000 (Coordinated Universal Time),22,Selasa,selasa,,,,,,
2026-07-29T17:50:08.521011+00:00,20260729-175008,https://trends24.in/indonesia/,Tue Jul 28 2026 21:45:23 GMT+0000 (Coordinated Universal Time),23,Maldini,maldini,,,,,,
2026-07-29T17:50:08.521011+00:00,20260729-175008,https://trends24.in/indonesia/,Tue Jul 28 2026 21:45:23 GMT+0000 (Coordinated Universal Time),24,FIGC,figc,,,,,,
2026-07-29T17:50:08.521011+00:00,20260729-175008,https://trends24.in/indonesia/,Tue Jul 28 2026 21:45:23 GMT+0000 (Coordinated Universal Time),25,TALAY GOONG FAMILY FS,talay goong family fs,,,,,,
2026-07-29T17:50:08.521011+00:00,20260729-175008,https://trends24.in/indonesia/,Tue Jul 28 2026 21:45:23 GMT+0000 (Coordinated Universal Time),26,EMIBONNIE MOONSHADOW TRAILER,emibonnie moonshadow trailer,,,,,,
2026-07-29T17:50:08.521011+00:00,20260729-175008,https://trends24.in/indonesia/,Tue Jul 28 2026 21:45:23 GMT+0000 (Coordinated Universal Time),27,XL SATU Kasih Lebih,xl satu kasih lebih,,,,,,
2026-07-29T17:50:08.521011+00:00,20260729-175008,https://trends24.in/indonesia/,Tue Jul 28 2026 21:45:23 GMT+0000 (Coordinated Universal Time),28,Welbeck,welbeck,,,,,,
2026-07-29T17:50:08.521011+00:00,20260729-175008,https://trends24.in/indonesia/,Tue Jul 28 2026 21:45:23 GMT+0000 (Coordinated Universal Time),29,Puzzle B,puzzle b,,,,,,
2026-07-29T17:50:08.521011+00:00,20260729-175008,https://trends24.in/indonesia/,Tue Jul 28 2026 21:45:23 GMT+0000 (Coordinated Universal Time),30,Keigo Higashino,keigo higashino,,,,,,
2026-07-29T17:50:08.521011+00:00,20260729-175008,https://trends24.in/indonesia/,Tue Jul 28 2026 21:45:23 GMT+0000 (Coordinated Universal Time),31,WAYV VISION WINGS SAMPLER,wayv vision wings sampler,,,,,,
2026-07-29T17:50:08.521011+00:00,20260729-175008,https://trends24.in/indonesia/,Tue Jul 28 2026 21:45:23 GMT+0000 (Coordinated Universal Time),32,Zinedine Zidane,zinedine zidane,,,,,,
2026-07-29T17:50:08.521011+00:00,20260729-175008,https://trends24.in/indonesia/,Tue Jul 28 2026 21:45:23 GMT+0000 (Coordinated Universal Time),33,Joao Pedro,joao pedro,,,,,,
2026-07-29T17:50:08.521011+00:00,20260729-175008,https://trends24.in/indonesia/,Tue Jul 28 2026 21:45:23 GMT+0000 (Coordinated Universal Time),34,Banten,banten,,,,,,
2026-07-29T17:50:08.521011+00:00,20260729-175008,https://trends24.in/indonesia/,Tue Jul 28 2026 21:45:23 GMT+0000 (Coordinated Universal Time),35,Zizou,zizou,,,,,,
2026-07-29T17:50:08.521011+00:00,20260729-175008,https://trends24.in/indonesia/,Tue Jul 28 2026 21:45:23 GMT+0000 (Coordinated Universal Time),36,THEE WAVE FAN CONNECT,thee wave fan connect,,,,,,
2026-07-29T17:50:08.521011+00:00,20260729-175008,https://trends24.in/indonesia/,Tue Jul 28 2026 21:45:23 GMT+0000 (Coordinated Universal Time),37,XAUT,xaut,,,,,,
2026-07-29T17:50:08.521011+00:00,20260729-175008,https://trends24.in/indonesia/,Tue Jul 28 2026 21:45:23 GMT+0000 (Coordinated Universal Time),38,tanamal,tanamal,,,,,,
2026-07-29T17:50:08.521011+00:00,20260729-175008,https://trends24.in/indonesia/,Tue Jul 28 2026 21:45:23 GMT+0000 (Coordinated Universal Time),39,Budaya,budaya,,,,,,
2026-07-29T17:50:08.521011+00:00,20260729-175008,https://trends24.in/indonesia/,Tue Jul 28 2026 21:45:23 GMT+0000 (Coordinated Universal Time),40,whip pink,whip pink,,,,,,
2026-07-29T17:50:08.521011+00:00,20260729-175008,https://trends24.in/indonesia/,Tue Jul 28 2026 21:45:23 GMT+0000 (Coordinated Universal Time),41,Matraman,matraman,,,,,,
2026-07-29T17:50:08.521011+00:00,20260729-175008,https://trends24.in/indonesia/,Tue Jul 28 2026 21:45:23 GMT+0000 (Coordinated Universal Time),42,m. dev,m. dev,,,,,,
2026-07-29T17:50:08.521011+00:00,20260729-175008,https://trends24.in/indonesia/,Tue Jul 28 2026 21:45:23 GMT+0000 (Coordinated Universal Time),43,Senin,senin,,,,,,
2026-07-29T17:50:08.521011+00:00,20260729-175008,https://trends24.in/indonesia/,Tue Jul 28 2026 21:45:23 GMT+0000 (Coordinated Universal Time),44,Noah,noah,,,,,,
2026-07-29T17:50:08.521011+00:00,20260729-175008,https://trends24.in/indonesia/,Tue Jul 28 2026 21:45:23 GMT+0000 (Coordinated Universal Time),45,YourTuber Worship,yourtuber worship,,,,,,
2026-07-29T17:50:08.521011+00:00,20260729-175008,https://trends24.in/indonesia/,Tue Jul 28 2026 21:45:23 GMT+0000 (Coordinated Universal Time),46,APBN,apbn,,,,,,
2026-07-29T17:50:08.521011+00:00,20260729-175008,https://trends24.in/indonesia/,Tue Jul 28 2026 21:45:23 GMT+0000 (Coordinated Universal Time),47,Gubernur Bank Indonesia,gubernur bank indonesia,,,,,,
2026-07-29T17:50:08.521011+00:00,20260729-175008,https://trends24.in/indonesia/,Tue Jul 28 2026 21:45:23 GMT+0000 (Coordinated Universal Time),48,Pirlo,pirlo,,,,,,
2026-07-29T17:50:08.521011+00:00,20260729-175008,https://trends24.in/indonesia/,Tue Jul 28 2026 21:45:23 GMT+0000 (Coordinated Universal Time),49,Delap,delap,,,,,,
2026-07-29T17:50:08.521011+00:00,20260729-175008,https://trends24.in/indonesia/,Tue Jul 28 2026 21:45:23 GMT+0000 (Coordinated Universal Time),50,gopay qris tap,gopay qris tap,,,,,,
2026-07-29T17:50:08.521011+00:00,20260729-175008,https://trends24.in/indonesia/,Tue Jul 28 2026 20:54:23 GMT+0000 (Coordinated Universal Time),1,#JossGawinConcert,jossgawinconcert,,,,,,
2026-07-29T17:50:08.521011+00:00,20260729-175008,https://trends24.in/indonesia/,Tue Jul 28 2026 20:54:23 GMT+0000 (Coordinated Universal Time),2,#MrKillSeriesEP4,mrkillseriesep4,,,,,,
2026-07-29T17:50:08.521011+00:00,20260729-175008,https://trends24.in/indonesia/,Tue Jul 28 2026 20:54:23 GMT+0000 (Coordinated Universal Time),3,pilih naavagreen,pilih naavagreen,,,,,,
2026-07-29T17:50:08.521011+00:00,20260729-175008,https://trends24.in/indonesia/,Tue Jul 28 2026 20:54:23 GMT+0000 (Coordinated Universal Time),4,DEWTEE FANSIGN 2026,dewtee fansign 2026,,,,,,
2026-07-29T17:50:08.521011+00:00,20260729-175008,https://trends24.in/indonesia/,Tue Jul 28 2026 20:54:23 GMT+0000 (Coordinated Universal Time),5,#KlinikAntiDrama,klinikantidrama,,,,,,
2026-07-29T17:50:08.521011+00:00,20260729-175008,https://trends24.in/indonesia/,Tue Jul 28 2026 20:54:23 GMT+0000 (Coordinated Universal Time),6,kawal pembangunan negeri,kawal pembangunan negeri,,,,,,
2026-07-29T17:50:08.521011+00:00,20260729-175008,https://trends24.in/indonesia/,Tue Jul 28 2026 20:54:23 GMT+0000 (Coordinated Universal Time),7,#GUINZLY,guinzly,,,,,,
2026-07-29T17:50:08.521011+00:00,20260729-175008,https://trends24.in/indonesia/,Tue Jul 28 2026 20:54:23 GMT+0000 (Coordinated Universal Time),8,#CTMwithPhuwin,ctmwithphuwin,,,,,,
2026-07-29T17:50:08.521011+00:00,20260729-175008,https://trends24.in/indonesia/,Tue Jul 28 2026 20:54:23 GMT+0000 (Coordinated Universal Time),9,Love Destiny EP3,love destiny ep3,,,,,,
2026-07-29T17:50:08.521011+00:00,20260729-175008,https://trends24.in/indonesia/,Tue Jul 28 2026 20:54:23 GMT+0000 (Coordinated Universal Time),10,Mitchell Baker,mitchell baker,,,,,,
2026-07-29T17:50:08.521011+00:00,20260729-175008,https://trends24.in/indonesia/,Tue Jul 28 2026 20:54:23 GMT+0000 (Coordinated Universal Time),11,jg ready for concert,jg ready for concert,,,,,,
2026-07-29T17:50:08.521011+00:00,20260729-175008,https://trends24.in/indonesia/,Tue Jul 28 2026 20:54:23 GMT+0000 (Coordinated Universal Time),12,Mancini,mancini,,,,,,
2026-07-29T17:50:08.521011+00:00,20260729-175008,https://trends24.in/indonesia/,Tue Jul 28 2026 20:54:23 GMT+0000 (Coordinated Universal Time),13,thom haye,thom haye,,,,,,
2026-07-29T17:50:08.521011+00:00,20260729-175008,https://trends24.in/indonesia/,Tue Jul 28 2026 20:54:23 GMT+0000 (Coordinated Universal Time),14,HUG E LHEE Q1,hug e lhee q1,,,,,,
2026-07-29T17:50:08.521011+00:00,20260729-175008,https://trends24.in/indonesia/,Tue Jul 28 2026 20:54:23 GMT+0000 (Coordinated Universal Time),15,Kamboja,kamboja,,,,,,
2026-07-29T17:50:08.521011+00:00,20260729-175008,https://trends24.in/indonesia/,Tue Jul 28 2026 20:54:23 GMT+0000 (Coordinated Universal Time),16,taksekadar jaga wilayah,taksekadar jaga wilayah,,,,,,
2026-07-29T17:50:08.521011+00:00,20260729-175008,https://trends24.in/indonesia/,Tue Jul 28 2026 20:54:23 GMT+0000 (Coordinated Universal Time),17,Gubernur BI,gubernur bi,,,,,,
2026-07-29T17:50:08.521011+00:00,20260729-175008,https://trends24.in/indonesia/,Tue Jul 28 2026 20:54:23 GMT+0000 (Coordinated Universal Time),18,Kumamoto,kumamoto,,,,,,
2026-07-29T17:50:08.521011+00:00,20260729-175008,https://trends24.in/indonesia/,Tue Jul 28 2026 20:54:23 GMT+0000 (Coordinated Universal Time),19,Ramon,ramon,,,,,,
2026-07-29T17:50:08.521011+00:00,20260729-175008,https://trends24.in/indonesia/,Tue Jul 28 2026 20:54:23 GMT+0000 (Coordinated Universal Time),20,Perry Warjiyo,perry warjiyo,,,,,,
2026-07-29T17:50:08.521011+00:00,20260729-175008,https://trends24.in/indonesia/,Tue Jul 28 2026 20:54:23 GMT+0000 (Coordinated Universal Time),21,King Indo,king indo,,,,,,
2026-07-29T17:50:08.521011+00:00,20260729-175008,https://trends24.in/indonesia/,Tue Jul 28 2026 20:54:23 GMT+0000 (Coordinated Universal Time),22,Selasa,selasa,,,,,,
2026-07-29T17:50:08.521011+00:00,20260729-175008,https://trends24.in/indonesia/,Tue Jul 28 2026 20:54:23 GMT+0000 (Coordinated Universal Time),23,Maldini,maldini,,,,,,
2026-07-29T17:50:08.521011+00:00,20260729-175008,https://trends24.in/indonesia/,Tue Jul 28 2026 20:54:23 GMT+0000 (Coordinated Universal Time),24,FIGC,figc,,,,,,
2026-07-29T17:50:08.521011+00:00,20260729-175008,https://trends24.in/indonesia/,Tue Jul 28 2026 20:54:23 GMT+0000 (Coordinated Universal Time),25,Nabire,nabire,,,,,,
2026-07-29T17:50:08.521011+00:00,20260729-175008,https://trends24.in/indonesia/,Tue Jul 28 2026 20:54:23 GMT+0000 (Coordinated Universal Time),26,TALAY GOONG FAMILY FS,talay goong family fs,,,,,,
2026-07-29T17:50:08.521011+00:00,20260729-175008,https://trends24.in/indonesia/,Tue Jul 28 2026 20:54:23 GMT+0000 (Coordinated Universal Time),27,Cut Salwa,cut salwa,,,,,,
2026-07-29T17:50:08.521011+00:00,20260729-175008,https://trends24.in/indonesia/,Tue Jul 28 2026 20:54:23 GMT+0000 (Coordinated Universal Time),28,EMIBONNIE MOONSHADOW TRAILER,emibonnie moonshadow trailer,,,,,,
2026-07-29T17:50:08.521011+00:00,20260729-175008,https://trends24.in/indonesia/,Tue Jul 28 2026 20:54:23 GMT+0000 (Coordinated Universal Time),29,XL SATU Kasih Lebih,xl satu kasih lebih,,,,,,
2026-07-29T17:50:08.521011+00:00,20260729-175008,https://trends24.in/indonesia/,Tue Jul 28 2026 20:54:23 GMT+0000 (Coordinated Universal Time),30,Banten,banten,,,,,,
2026-07-29T17:50:08.521011+00:00,20260729-175008,https://trends24.in/indonesia/,Tue Jul 28 2026 20:54:23 GMT+0000 (Coordinated Universal Time),31,Welbeck,welbeck,,,,,,
2026-07-29T17:50:08.521011+00:00,20260729-175008,https://trends24.in/indonesia/,Tue Jul 28 2026 20:54:23 GMT+0000 (Coordinated Universal Time),32,Puzzle B,puzzle b,,,,,,
2026-07-29T17:50:08.521011+00:00,20260729-175008,https://trends24.in/indonesia/,Tue Jul 28 2026 20:54:23 GMT+0000 (Coordinated Universal Time),33,Keigo Higashino,keigo higashino,,,,,,
2026-07-29T17:50:08.521011+00:00,20260729-175008,https://trends24.in/indonesia/,Tue Jul 28 2026 20:54:23 GMT+0000 (Coordinated Universal Time),34,WAYV VISION WINGS SAMPLER,wayv vision wings sampler,,,,,,
2026-07-29T17:50:08.521011+00:00,20260729-175008,https://trends24.in/indonesia/,Tue Jul 28 2026 20:54:23 GMT+0000 (Coordinated Universal Time),35,Zinedine Zidane,zinedine zidane,,,,,,
2026-07-29T17:50:08.521011+00:00,20260729-175008,https://trends24.in/indonesia/,Tue Jul 28 2026 20:54:23 GMT+0000 (Coordinated Universal Time),36,Joao Pedro,joao pedro,,,,,,
2026-07-29T17:50:08.521011+00:00,20260729-175008,https://trends24.in/indonesia/,Tue Jul 28 2026 20:54:23 GMT+0000 (Coordinated Universal Time),37,Budaya,budaya,,,,,,
2026-07-29T17:50:08.521011+00:00,20260729-175008,https://trends24.in/indonesia/,Tue Jul 28 2026 20:54:23 GMT+0000 (Coordinated Universal Time),38,Zizou,zizou,,,,,,
2026-07-29T17:50:08.521011+00:00,20260729-175008,https://trends24.in/indonesia/,Tue Jul 28 2026 20:54:23 GMT+0000 (Coordinated Universal Time),39,THEE WAVE FAN CONNECT,thee wave fan connect,,,,,,
2026-07-29T17:50:08.521011+00:00,20260729-175008,https://trends24.in/indonesia/,Tue Jul 28 2026 20:54:23 GMT+0000 (Coordinated Universal Time),40,XAUT,xaut,,,,,,
2026-07-29T17:50:08.521011+00:00,20260729-175008,https://trends24.in/indonesia/,Tue Jul 28 2026 20:54:23 GMT+0000 (Coordinated Universal Time),41,tanamal,tanamal,,,,,,
2026-07-29T17:50:08.521011+00:00,20260729-175008,https://trends24.in/indonesia/,Tue Jul 28 2026 20:54:23 GMT+0000 (Coordinated Universal Time),42,Umay Tiktok,umay tiktok,,,,,,
2026-07-29T17:50:08.521011+00:00,20260729-175008,https://trends24.in/indonesia/,Tue Jul 28 2026 20:54:23 GMT+0000 (Coordinated Universal Time),43,Whip Pink,whip pink,,,,,,
2026-07-29T17:50:08.521011+00:00,20260729-175008,https://trends24.in/indonesia/,Tue Jul 28 2026 20:54:23 GMT+0000 (Coordinated Universal Time),44,Matraman,matraman,,,,,,
2026-07-29T17:50:08.521011+00:00,20260729-175008,https://trends24.in/indonesia/,Tue Jul 28 2026 20:54:23 GMT+0000 (Coordinated Universal Time),45,APBN,apbn,,,,,,
2026-07-29T17:50:08.521011+00:00,20260729-175008,https://trends24.in/indonesia/,Tue Jul 28 2026 20:54:23 GMT+0000 (Coordinated Universal Time),46,m. dev,m. dev,,,,,,
2026-07-29T17:50:08.521011+00:00,20260729-175008,https://trends24.in/indonesia/,Tue Jul 28 2026 20:54:23 GMT+0000 (Coordinated Universal Time),47,Senin,senin,,,,,,
2026-07-29T17:50:08.521011+00:00,20260729-175008,https://trends24.in/indonesia/,Tue Jul 28 2026 20:54:23 GMT+0000 (Coordinated Universal Time),48,Noah,noah,,,,,,
2026-07-29T17:50:08.521011+00:00,20260729-175008,https://trends24.in/indonesia/,Tue Jul 28 2026 20:54:23 GMT+0000 (Coordinated Universal Time),49,YourTuber Worship,yourtuber worship,,,,,,
2026-07-29T17:50:08.521011+00:00,20260729-175008,https://trends24.in/indonesia/,Tue Jul 28 2026 20:54:23 GMT+0000 (Coordinated Universal Time),50,Madison,madison,,,,,,
2026-07-29T17:50:08.521011+00:00,20260729-175008,https://trends24.in/indonesia/,Tue Jul 28 2026 20:03:24 GMT+0000 (Coordinated Universal Time),1,#JossGawinConcert,jossgawinconcert,,,,,,
2026-07-29T17:50:08.521011+00:00,20260729-175008,https://trends24.in/indonesia/,Tue Jul 28 2026 20:03:24 GMT+0000 (Coordinated Universal Time),2,#MrKillSeriesEP4,mrkillseriesep4,,,,,,
2026-07-29T17:50:08.521011+00:00,20260729-175008,https://trends24.in/indonesia/,Tue Jul 28 2026 20:03:24 GMT+0000 (Coordinated Universal Time),3,pilih naavagreen,pilih naavagreen,,,,,,
2026-07-29T17:50:08.521011+00:00,20260729-175008,https://trends24.in/indonesia/,Tue Jul 28 2026 20:03:24 GMT+0000 (Coordinated Universal Time),4,DEWTEE FANSIGN 2026,dewtee fansign 2026,,,,,,
2026-07-29T17:50:08.521011+00:00,20260729-175008,https://trends24.in/indonesia/,Tue Jul 28 2026 20:03:24 GMT+0000 (Coordinated Universal Time),5,#KlinikAntiDrama,klinikantidrama,,,,,,
2026-07-29T17:50:08.521011+00:00,20260729-175008,https://trends24.in/indonesia/,Tue Jul 28 2026 20:03:24 GMT+0000 (Coordinated Universal Time),6,kawal pembangunan negeri,kawal pembangunan negeri,,,,,,
2026-07-29T17:50:08.521011+00:00,20260729-175008,https://trends24.in/indonesia/,Tue Jul 28 2026 20:03:24 GMT+0000 (Coordinated Universal Time),7,#GUINZLY,guinzly,,,,,,
2026-07-29T17:50:08.521011+00:00,20260729-175008,https://trends24.in/indonesia/,Tue Jul 28 2026 20:03:24 GMT+0000 (Coordinated Universal Time),8,#CTMwithPhuwin,ctmwithphuwin,,,,,,
2026-07-29T17:50:08.521011+00:00,20260729-175008,https://trends24.in/indonesia/,Tue Jul 28 2026 20:03:24 GMT+0000 (Coordinated Universal Time),9,Love Destiny EP3,love destiny ep3,,,,,,
2026-07-29T17:50:08.521011+00:00,20260729-175008,https://trends24.in/indonesia/,Tue Jul 28 2026 20:03:24 GMT+0000 (Coordinated Universal Time),10,Mitchell Baker,mitchell baker,,,,,,
2026-07-29T17:50:08.521011+00:00,20260729-175008,https://trends24.in/indonesia/,Tue Jul 28 2026 20:03:24 GMT+0000 (Coordinated Universal Time),11,jg ready for concert,jg ready for concert,,,,,,
2026-07-29T17:50:08.521011+00:00,20260729-175008,https://trends24.in/indonesia/,Tue Jul 28 2026 20:03:24 GMT+0000 (Coordinated Universal Time),12,Mancini,mancini,,,,,,
2026-07-29T17:50:08.521011+00:00,20260729-175008,https://trends24.in/indonesia/,Tue Jul 28 2026 20:03:24 GMT+0000 (Coordinated Universal Time),13,HUG E LHEE Q1,hug e lhee q1,,,,,,
2026-07-29T17:50:08.521011+00:00,20260729-175008,https://trends24.in/indonesia/,Tue Jul 28 2026 20:03:24 GMT+0000 (Coordinated Universal Time),14,Kamboja,kamboja,,,,,,
2026-07-29T17:50:08.521011+00:00,20260729-175008,https://trends24.in/indonesia/,Tue Jul 28 2026 20:03:24 GMT+0000 (Coordinated Universal Time),15,thom haye,thom haye,,,,,,
2026-07-29T17:50:08.521011+00:00,20260729-175008,https://trends24.in/indonesia/,Tue Jul 28 2026 20:03:24 GMT+0000 (Coordinated Universal Time),16,Gubernur BI,gubernur bi,,,,,,
2026-07-29T17:50:08.521011+00:00,20260729-175008,https://trends24.in/indonesia/,Tue Jul 28 2026 20:03:24 GMT+0000 (Coordinated Universal Time),17,taksekadar jaga wilayah,taksekadar jaga wilayah,,,,,,
2026-07-29T17:50:08.521011+00:00,20260729-175008,https://trends24.in/indonesia/,Tue Jul 28 2026 20:03:24 GMT+0000 (Coordinated Universal Time),18,Kumamoto,kumamoto,,,,,,
2026-07-29T17:50:08.521011+00:00,20260729-175008,https://trends24.in/indonesia/,Tue Jul 28 2026 20:03:24 GMT+0000 (Coordinated Universal Time),19,Perry Warjiyo,perry warjiyo,,,,,,
2026-07-29T17:50:08.521011+00:00,20260729-175008,https://trends24.in/indonesia/,Tue Jul 28 2026 20:03:24 GMT+0000 (Coordinated Universal Time),20,Ramon,ramon,,,,,,
2026-07-29T17:50:08.521011+00:00,20260729-175008,https://trends24.in/indonesia/,Tue Jul 28 2026 20:03:24 GMT+0000 (Coordinated Universal Time),21,Dragon Tower,dragon tower,,,,,,
2026-07-29T17:50:08.521011+00:00,20260729-175008,https://trends24.in/indonesia/,Tue Jul 28 2026 20:03:24 GMT+0000 (Coordinated Universal Time),22,King Indo,king indo,,,,,,
2026-07-29T17:50:08.521011+00:00,20260729-175008,https://trends24.in/indonesia/,Tue Jul 28 2026 20:03:24 GMT+0000 (Coordinated Universal Time),23,Selasa,selasa,,,,,,
2026-07-29T17:50:08.521011+00:00,20260729-175008,https://trends24.in/indonesia/,Tue Jul 28 2026 20:03:24 GMT+0000 (Coordinated Universal Time),24,Maldini,maldini,,,,,,
2026-07-29T17:50:08.521011+00:00,20260729-175008,https://trends24.in/indonesia/,Tue Jul 28 2026 20:03:24 GMT+0000 (Coordinated Universal Time),25,FIGC,figc,,,,,,
2026-07-29T17:50:08.521011+00:00,20260729-175008,https://trends24.in/indonesia/,Tue Jul 28 2026 20:03:24 GMT+0000 (Coordinated Universal Time),26,Noah,noah,,,,,,
2026-07-29T17:50:08.521011+00:00,20260729-175008,https://trends24.in/indonesia/,Tue Jul 28 2026 20:03:24 GMT+0000 (Coordinated Universal Time),27,Nabire,nabire,,,,,,
2026-07-29T17:50:08.521011+00:00,20260729-175008,https://trends24.in/indonesia/,Tue Jul 28 2026 20:03:24 GMT+0000 (Coordinated Universal Time),28,TALAY GOONG FAMILY FS,talay goong family fs,,,,,,
2026-07-29T17:50:08.521011+00:00,20260729-175008,https://trends24.in/indonesia/,Tue Jul 28 2026 20:03:24 GMT+0000 (Coordinated Universal Time),29,Cut Salwa,cut salwa,,,,,,
2026-07-29T17:50:08.521011+00:00,20260729-175008,https://trends24.in/indonesia/,Tue Jul 28 2026 20:03:24 GMT+0000 (Coordinated Universal Time),30,EMIBONNIE MOONSHADOW TRAILER,emibonnie moonshadow trailer,,,,,,
2026-07-29T17:50:08.521011+00:00,20260729-175008,https://trends24.in/indonesia/,Tue Jul 28 2026 20:03:24 GMT+0000 (Coordinated Universal Time),31,XL SATU Kasih Lebih,xl satu kasih lebih,,,,,,
2026-07-29T17:50:08.521011+00:00,20260729-175008,https://trends24.in/indonesia/,Tue Jul 28 2026 20:03:24 GMT+0000 (Coordinated Universal Time),32,Puzzle B,puzzle b,,,,,,
2026-07-29T17:50:08.521011+00:00,20260729-175008,https://trends24.in/indonesia/,Tue Jul 28 2026 20:03:24 GMT+0000 (Coordinated Universal Time),33,Banten,banten,,,,,,
2026-07-29T17:50:08.521011+00:00,20260729-175008,https://trends24.in/indonesia/,Tue Jul 28 2026 20:03:24 GMT+0000 (Coordinated Universal Time),34,Welbeck,welbeck,,,,,,
2026-07-29T17:50:08.521011+00:00,20260729-175008,https://trends24.in/indonesia/,Tue Jul 28 2026 20:03:24 GMT+0000 (Coordinated Universal Time),35,Keigo Higashino,keigo higashino,,,,,,
2026-07-29T17:50:08.521011+00:00,20260729-175008,https://trends24.in/indonesia/,Tue Jul 28 2026 20:03:24 GMT+0000 (Coordinated Universal Time),36,WAYV VISION WINGS SAMPLER,wayv vision wings sampler,,,,,,
2026-07-29T17:50:08.521011+00:00,20260729-175008,https://trends24.in/indonesia/,Tue Jul 28 2026 20:03:24 GMT+0000 (Coordinated Universal Time),37,Zinedine Zidane,zinedine zidane,,,,,,
2026-07-29T17:50:08.521011+00:00,20260729-175008,https://trends24.in/indonesia/,Tue Jul 28 2026 20:03:24 GMT+0000 (Coordinated Universal Time),38,Joao Pedro,joao pedro,,,,,,
2026-07-29T17:50:08.521011+00:00,20260729-175008,https://trends24.in/indonesia/,Tue Jul 28 2026 20:03:24 GMT+0000 (Coordinated Universal Time),39,Budaya,budaya,,,,,,
2026-07-29T17:50:08.521011+00:00,20260729-175008,https://trends24.in/indonesia/,Tue Jul 28 2026 20:03:24 GMT+0000 (Coordinated Universal Time),40,Zizou,zizou,,,,,,
2026-07-29T17:50:08.521011+00:00,20260729-175008,https://trends24.in/indonesia/,Tue Jul 28 2026 20:03:24 GMT+0000 (Coordinated Universal Time),41,THEE WAVE FAN CONNECT,thee wave fan connect,,,,,,
2026-07-29T17:50:08.521011+00:00,20260729-175008,https://trends24.in/indonesia/,Tue Jul 28 2026 20:03:24 GMT+0000 (Coordinated Universal Time),42,XAUT,xaut,,,,,,
2026-07-29T17:50:08.521011+00:00,20260729-175008,https://trends24.in/indonesia/,Tue Jul 28 2026 20:03:24 GMT+0000 (Coordinated Universal Time),43,tanamal,tanamal,,,,,,
2026-07-29T17:50:08.521011+00:00,20260729-175008,https://trends24.in/indonesia/,Tue Jul 28 2026 20:03:24 GMT+0000 (Coordinated Universal Time),44,Umay Tiktok,umay tiktok,,,,,,
2026-07-29T17:50:08.521011+00:00,20260729-175008,https://trends24.in/indonesia/,Tue Jul 28 2026 20:03:24 GMT+0000 (Coordinated Universal Time),45,Whip Pink,whip pink,,,,,,
2026-07-29T17:50:08.521011+00:00,20260729-175008,https://trends24.in/indonesia/,Tue Jul 28 2026 20:03:24 GMT+0000 (Coordinated Universal Time),46,Matraman,matraman,,,,,,
2026-07-29T17:50:08.521011+00:00,20260729-175008,https://trends24.in/indonesia/,Tue Jul 28 2026 20:03:24 GMT+0000 (Coordinated Universal Time),47,APBN,apbn,,,,,,
2026-07-29T17:50:08.521011+00:00,20260729-175008,https://trends24.in/indonesia/,Tue Jul 28 2026 20:03:24 GMT+0000 (Coordinated Universal Time),48,m. dev,m. dev,,,,,,
2026-07-29T17:50:08.521011+00:00,20260729-175008,https://trends24.in/indonesia/,Tue Jul 28 2026 20:03:24 GMT+0000 (Coordinated Universal Time),49,Senin,senin,,,,,,
2026-07-29T17:50:08.521011+00:00,20260729-175008,https://trends24.in/indonesia/,Tue Jul 28 2026 20:03:24 GMT+0000 (Coordinated Universal Time),50,YourTuber Worship,yourtuber worship,,,,,,
2026-07-29T17:50:08.521011+00:00,20260729-175008,https://trends24.in/indonesia/,Tue Jul 28 2026 19:09:50 GMT+0000 (Coordinated Universal Time),1,#JossGawinConcert,jossgawinconcert,,,,,,
2026-07-29T17:50:08.521011+00:00,20260729-175008,https://trends24.in/indonesia/,Tue Jul 28 2026 19:09:50 GMT+0000 (Coordinated Universal Time),2,#MrKillSeriesEP4,mrkillseriesep4,,,,,,
2026-07-29T17:50:08.521011+00:00,20260729-175008,https://trends24.in/indonesia/,Tue Jul 28 2026 19:09:50 GMT+0000 (Coordinated Universal Time),3,pilih naavagreen,pilih naavagreen,,,,,,
2026-07-29T17:50:08.521011+00:00,20260729-175008,https://trends24.in/indonesia/,Tue Jul 28 2026 19:09:50 GMT+0000 (Coordinated Universal Time),4,DEWTEE FANSIGN 2026,dewtee fansign 2026,,,,,,
2026-07-29T17:50:08.521011+00:00,20260729-175008,https://trends24.in/indonesia/,Tue Jul 28 2026 19:09:50 GMT+0000 (Coordinated Universal Time),5,#KlinikAntiDrama,klinikantidrama,,,,,,
2026-07-29T17:50:08.521011+00:00,20260729-175008,https://trends24.in/indonesia/,Tue Jul 28 2026 19:09:50 GMT+0000 (Coordinated Universal Time),6,kawal pembangunan negeri,kawal pembangunan negeri,,,,,,
2026-07-29T17:50:08.521011+00:00,20260729-175008,https://trends24.in/indonesia/,Tue Jul 28 2026 19:09:50 GMT+0000 (Coordinated Universal Time),7,#YouManiacSeriesQ26,youmaniacseriesq26,,,,,,
2026-07-29T17:50:08.521011+00:00,20260729-175008,https://trends24.in/indonesia/,Tue Jul 28 2026 19:09:50 GMT+0000 (Coordinated Universal Time),8,#GUINZLY,guinzly,,,,,,
2026-07-29T17:50:08.521011+00:00,20260729-175008,https://trends24.in/indonesia/,Tue Jul 28 2026 19:09:50 GMT+0000 (Coordinated Universal Time),9,Love Destiny EP3,love destiny ep3,,,,,,
2026-07-29T17:50:08.521011+00:00,20260729-175008,https://trends24.in/indonesia/,Tue Jul 28 2026 19:09:50 GMT+0000 (Coordinated Universal Time),10,Mitchell Baker,mitchell baker,,,,,,
2026-07-29T17:50:08.521011+00:00,20260729-175008,https://trends24.in/indonesia/,Tue Jul 28 2026 19:09:50 GMT+0000 (Coordinated Universal Time),11,jg ready for concert,jg ready for concert,,,,,,
2026-07-29T17:50:08.521011+00:00,20260729-175008,https://trends24.in/indonesia/,Tue Jul 28 2026 19:09:50 GMT+0000 (Coordinated Universal Time),12,WAYV VISION WINGS SAMPLER,wayv vision wings sampler,,,,,,
2026-07-29T17:50:08.521011+00:00,20260729-175008,https://trends24.in/indonesia/,Tue Jul 28 2026 19:09:50 GMT+0000 (Coordinated Universal Time),13,Mancini,mancini,,,,,,
2026-07-29T17:50:08.521011+00:00,20260729-175008,https://trends24.in/indonesia/,Tue Jul 28 2026 19:09:50 GMT+0000 (Coordinated Universal Time),14,HUG E LHEE Q1,hug e lhee q1,,,,,,
2026-07-29T17:50:08.521011+00:00,20260729-175008,https://trends24.in/indonesia/,Tue Jul 28 2026 19:09:50 GMT+0000 (Coordinated Universal Time),15,Kamboja,kamboja,,,,,,
2026-07-29T17:50:08.521011+00:00,20260729-175008,https://trends24.in/indonesia/,Tue Jul 28 2026 19:09:50 GMT+0000 (Coordinated Universal Time),16,THOM HAYE,thom haye,,,,,,
2026-07-29T17:50:08.521011+00:00,20260729-175008,https://trends24.in/indonesia/,Tue Jul 28 2026 19:09:50 GMT+0000 (Coordinated Universal Time),17,Gubernur BI,gubernur bi,,,,,,
2026-07-29T17:50:08.521011+00:00,20260729-175008,https://trends24.in/indonesia/,Tue Jul 28 2026 19:09:50 GMT+0000 (Coordinated Universal Time),18,taksekadar jaga wilayah,taksekadar jaga wilayah,,,,,,
2026-07-29T17:50:08.521011+00:00,20260729-175008,https://trends24.in/indonesia/,Tue Jul 28 2026 19:09:50 GMT+0000 (Coordinated Universal Time),19,Perry Warjiyo,perry warjiyo,,,,,,
2026-07-29T17:50:08.521011+00:00,20260729-175008,https://trends24.in/indonesia/,Tue Jul 28 2026 19:09:50 GMT+0000 (Coordinated Universal Time),20,Kumamoto,kumamoto,,,,,,
2026-07-29T17:50:08.521011+00:00,20260729-175008,https://trends24.in/indonesia/,Tue Jul 28 2026 19:09:50 GMT+0000 (Coordinated Universal Time),21,Ramon,ramon,,,,,,
2026-07-29T17:50:08.521011+00:00,20260729-175008,https://trends24.in/indonesia/,Tue Jul 28 2026 19:09:50 GMT+0000 (Coordinated Universal Time),22,Dragon Tower,dragon tower,,,,,,
2026-07-29T17:50:08.521011+00:00,20260729-175008,https://trends24.in/indonesia/,Tue Jul 28 2026 19:09:50 GMT+0000 (Coordinated Universal Time),23,King Indo,king indo,,,,,,
2026-07-29T17:50:08.521011+00:00,20260729-175008,https://trends24.in/indonesia/,Tue Jul 28 2026 19:09:50 GMT+0000 (Coordinated Universal Time),24,Selasa,selasa,,,,,,
2026-07-29T17:50:08.521011+00:00,20260729-175008,https://trends24.in/indonesia/,Tue Jul 28 2026 19:09:50 GMT+0000 (Coordinated Universal Time),25,FIGC,figc,,,,,,
2026-07-29T17:50:08.521011+00:00,20260729-175008,https://trends24.in/indonesia/,Tue Jul 28 2026 19:09:50 GMT+0000 (Coordinated Universal Time),26,Maldini,maldini,,,,,,
2026-07-29T17:50:08.521011+00:00,20260729-175008,https://trends24.in/indonesia/,Tue Jul 28 2026 19:09:50 GMT+0000 (Coordinated Universal Time),27,Noah,noah,,,,,,
2026-07-29T17:50:08.521011+00:00,20260729-175008,https://trends24.in/indonesia/,Tue Jul 28 2026 19:09:50 GMT+0000 (Coordinated Universal Time),28,Nabire,nabire,,,,,,
2026-07-29T17:50:08.521011+00:00,20260729-175008,https://trends24.in/indonesia/,Tue Jul 28 2026 19:09:50 GMT+0000 (Coordinated Universal Time),29,TALAY GOONG FAMILY FS,talay goong family fs,,,,,,
2026-07-29T17:50:08.521011+00:00,20260729-175008,https://trends24.in/indonesia/,Tue Jul 28 2026 19:09:50 GMT+0000 (Coordinated Universal Time),30,EMIBONNIE MOONSHADOW TRAILER,emibonnie moonshadow trailer,,,,,,
2026-07-29T17:50:08.521011+00:00,20260729-175008,https://trends24.in/indonesia/,Tue Jul 28 2026 19:09:50 GMT+0000 (Coordinated Universal Time),31,Welbeck,welbeck,,,,,,
2026-07-29T17:50:08.521011+00:00,20260729-175008,https://trends24.in/indonesia/,Tue Jul 28 2026 19:09:50 GMT+0000 (Coordinated Universal Time),32,Cut Salwa,cut salwa,,,,,,
2026-07-29T17:50:08.521011+00:00,20260729-175008,https://trends24.in/indonesia/,Tue Jul 28 2026 19:09:50 GMT+0000 (Coordinated Universal Time),33,XL SATU Kasih Lebih,xl satu kasih lebih,,,,,,
2026-07-29T17:50:08.521011+00:00,20260729-175008,https://trends24.in/indonesia/,Tue Jul 28 2026 19:09:50 GMT+0000 (Coordinated Universal Time),34,Puzzle B,puzzle b,,,,,,
2026-07-29T17:50:08.521011+00:00,20260729-175008,https://trends24.in/indonesia/,Tue Jul 28 2026 19:09:50 GMT+0000 (Coordinated Universal Time),35,Banten,banten,,,,,,
2026-07-29T17:50:08.521011+00:00,20260729-175008,https://trends24.in/indonesia/,Tue Jul 28 2026 19:09:50 GMT+0000 (Coordinated Universal Time),36,Keigo Higashino,keigo higashino,,,,,,
2026-07-29T17:50:08.521011+00:00,20260729-175008,https://trends24.in/indonesia/,Tue Jul 28 2026 19:09:50 GMT+0000 (Coordinated Universal Time),37,Zinedine Zidane,zinedine zidane,,,,,,
2026-07-29T17:50:08.521011+00:00,20260729-175008,https://trends24.in/indonesia/,Tue Jul 28 2026 19:09:50 GMT+0000 (Coordinated Universal Time),38,Joao Pedro,joao pedro,,,,,,
2026-07-29T17:50:08.521011+00:00,20260729-175008,https://trends24.in/indonesia/,Tue Jul 28 2026 19:09:50 GMT+0000 (Coordinated Universal Time),39,Budaya,budaya,,,,,,
2026-07-29T17:50:08.521011+00:00,20260729-175008,https://trends24.in/indonesia/,Tue Jul 28 2026 19:09:50 GMT+0000 (Coordinated Universal Time),40,NOOBX $25000 GIVEAWAY,noobx $25000 giveaway,,,,,,
2026-07-29T17:50:08.521011+00:00,20260729-175008,https://trends24.in/indonesia/,Tue Jul 28 2026 19:09:50 GMT+0000 (Coordinated Universal Time),41,Zizou,zizou,,,,,,
2026-07-29T17:50:08.521011+00:00,20260729-175008,https://trends24.in/indonesia/,Tue Jul 28 2026 19:09:50 GMT+0000 (Coordinated Universal Time),42,THEE WAVE FAN CONNECT,thee wave fan connect,,,,,,
2026-07-29T17:50:08.521011+00:00,20260729-175008,https://trends24.in/indonesia/,Tue Jul 28 2026 19:09:50 GMT+0000 (Coordinated Universal Time),43,XAUT,xaut,,,,,,
2026-07-29T17:50:08.521011+00:00,20260729-175008,https://trends24.in/indonesia/,Tue Jul 28 2026 19:09:50 GMT+0000 (Coordinated Universal Time),44,Tanamal,tanamal,,,,,,
2026-07-29T17:50:08.521011+00:00,20260729-175008,https://trends24.in/indonesia/,Tue Jul 28 2026 19:09:50 GMT+0000 (Coordinated Universal Time),45,Whip Pink,whip pink,,,,,,
2026-07-29T17:50:08.521011+00:00,20260729-175008,https://trends24.in/indonesia/,Tue Jul 28 2026 19:09:50 GMT+0000 (Coordinated Universal Time),46,Matraman,matraman,,,,,,
2026-07-29T17:50:08.521011+00:00,20260729-175008,https://trends24.in/indonesia/,Tue Jul 28 2026 19:09:50 GMT+0000 (Coordinated Universal Time),47,APBN,apbn,,,,,,
2026-07-29T17:50:08.521011+00:00,20260729-175008,https://trends24.in/indonesia/,Tue Jul 28 2026 19:09:50 GMT+0000 (Coordinated Universal Time),48,m. dev,m. dev,,,,,,
2026-07-29T17:50:08.521011+00:00,20260729-175008,https://trends24.in/indonesia/,Tue Jul 28 2026 19:09:50 GMT+0000 (Coordinated Universal Time),49,Senin,senin,,,,,,
2026-07-29T17:50:08.521011+00:00,20260729-175008,https://trends24.in/indonesia/,Tue Jul 28 2026 19:09:50 GMT+0000 (Coordinated Universal Time),50,YourTuber Worship,yourtuber worship,,,,,,
2026-07-29T17:50:08.521011+00:00,20260729-175008,https://trends24.in/indonesia/,Tue Jul 28 2026 18:19:04 GMT+0000 (Coordinated Universal Time),1,#JossGawinConcert,jossgawinconcert,,,,,,
2026-07-29T17:50:08.521011+00:00,20260729-175008,https://trends24.in/indonesia/,Tue Jul 28 2026 18:19:04 GMT+0000 (Coordinated Universal Time),2,#MrKillSeriesEP4,mrkillseriesep4,,,,,,
2026-07-29T17:50:08.521011+00:00,20260729-175008,https://trends24.in/indonesia/,Tue Jul 28 2026 18:19:04 GMT+0000 (Coordinated Universal Time),3,DEWTEE FANSIGN 2026,dewtee fansign 2026,,,,,,
2026-07-29T17:50:08.521011+00:00,20260729-175008,https://trends24.in/indonesia/,Tue Jul 28 2026 18:19:04 GMT+0000 (Coordinated Universal Time),4,pilih naavagreen,pilih naavagreen,,,,,,
2026-07-29T17:50:08.521011+00:00,20260729-175008,https://trends24.in/indonesia/,Tue Jul 28 2026 18:19:04 GMT+0000 (Coordinated Universal Time),5,#KlinikAntiDrama,klinikantidrama,,,,,,
2026-07-29T17:50:08.521011+00:00,20260729-175008,https://trends24.in/indonesia/,Tue Jul 28 2026 18:19:04 GMT+0000 (Coordinated Universal Time),6,kawal pembangunan negeri,kawal pembangunan negeri,,,,,,
2026-07-29T17:50:08.521011+00:00,20260729-175008,https://trends24.in/indonesia/,Tue Jul 28 2026 18:19:04 GMT+0000 (Coordinated Universal Time),7,#YouManiacSeriesQ26,youmaniacseriesq26,,,,,,
2026-07-29T17:50:08.521011+00:00,20260729-175008,https://trends24.in/indonesia/,Tue Jul 28 2026 18:19:04 GMT+0000 (Coordinated Universal Time),8,#GUINZLY,guinzly,,,,,,
2026-07-29T17:50:08.521011+00:00,20260729-175008,https://trends24.in/indonesia/,Tue Jul 28 2026 18:19:04 GMT+0000 (Coordinated Universal Time),9,Love Destiny EP3,love destiny ep3,,,,,,
2026-07-29T17:50:08.521011+00:00,20260729-175008,https://trends24.in/indonesia/,Tue Jul 28 2026 18:19:04 GMT+0000 (Coordinated Universal Time),10,Mitchell Baker,mitchell baker,,,,,,
2026-07-29T17:50:08.521011+00:00,20260729-175008,https://trends24.in/indonesia/,Tue Jul 28 2026 18:19:04 GMT+0000 (Coordinated Universal Time),11,JG READY FOR CONCERT,jg ready for concert,,,,,,
2026-07-29T17:50:08.521011+00:00,20260729-175008,https://trends24.in/indonesia/,Tue Jul 28 2026 18:19:04 GMT+0000 (Coordinated Universal Time),12,Mancini,mancini,,,,,,
2026-07-29T17:50:08.521011+00:00,20260729-175008,https://trends24.in/indonesia/,Tue Jul 28 2026 18:19:04 GMT+0000 (Coordinated Universal Time),13,Kamboja,kamboja,,,,,,
2026-07-29T17:50:08.521011+00:00,20260729-175008,https://trends24.in/indonesia/,Tue Jul 28 2026 18:19:04 GMT+0000 (Coordinated Universal Time),14,WAYV VISION WINGS SAMPLER,wayv vision wings sampler,,,,,,
2026-07-29T17:50:08.521011+00:00,20260729-175008,https://trends24.in/indonesia/,Tue Jul 28 2026 18:19:04 GMT+0000 (Coordinated Universal Time),15,HUG E LHEE Q1,hug e lhee q1,,,,,,
2026-07-29T17:50:08.521011+00:00,20260729-175008,https://trends24.in/indonesia/,Tue Jul 28 2026 18:19:04 GMT+0000 (Coordinated Universal Time),16,THOM HAYE,thom haye,,,,,,
2026-07-29T17:50:08.521011+00:00,20260729-175008,https://trends24.in/indonesia/,Tue Jul 28 2026 18:19:04 GMT+0000 (Coordinated Universal Time),17,Gubernur BI,gubernur bi,,,,,,
2026-07-29T17:50:08.521011+00:00,20260729-175008,https://trends24.in/indonesia/,Tue Jul 28 2026 18:19:04 GMT+0000 (Coordinated Universal Time),18,taksekadar jaga wilayah,taksekadar jaga wilayah,,,,,,
2026-07-29T17:50:08.521011+00:00,20260729-175008,https://trends24.in/indonesia/,Tue Jul 28 2026 18:19:04 GMT+0000 (Coordinated Universal Time),19,Perry Warjiyo,perry warjiyo,,,,,,
2026-07-29T17:50:08.521011+00:00,20260729-175008,https://trends24.in/indonesia/,Tue Jul 28 2026 18:19:04 GMT+0000 (Coordinated Universal Time),20,Nabire,nabire,,,,,,
2026-07-29T17:50:08.521011+00:00,20260729-175008,https://trends24.in/indonesia/,Tue Jul 28 2026 18:19:04 GMT+0000 (Coordinated Universal Time),21,Kumamoto,kumamoto,,,,,,
2026-07-29T17:50:08.521011+00:00,20260729-175008,https://trends24.in/indonesia/,Tue Jul 28 2026 18:19:04 GMT+0000 (Coordinated Universal Time),22,Ramon,ramon,,,,,,
2026-07-29T17:50:08.521011+00:00,20260729-175008,https://trends24.in/indonesia/,Tue Jul 28 2026 18:19:04 GMT+0000 (Coordinated Universal Time),23,King Indo,king indo,,,,,,
2026-07-29T17:50:08.521011+00:00,20260729-175008,https://trends24.in/indonesia/,Tue Jul 28 2026 18:19:04 GMT+0000 (Coordinated Universal Time),24,Selasa,selasa,,,,,,
2026-07-29T17:50:08.521011+00:00,20260729-175008,https://trends24.in/indonesia/,Tue Jul 28 2026 18:19:04 GMT+0000 (Coordinated Universal Time),25,FIGC,figc,,,,,,
2026-07-29T17:50:08.521011+00:00,20260729-175008,https://trends24.in/indonesia/,Tue Jul 28 2026 18:19:04 GMT+0000 (Coordinated Universal Time),26,Maldini,maldini,,,,,,
2026-07-29T17:50:08.521011+00:00,20260729-175008,https://trends24.in/indonesia/,Tue Jul 28 2026 18:19:04 GMT+0000 (Coordinated Universal Time),27,Noah,noah,,,,,,
2026-07-29T17:50:08.521011+00:00,20260729-175008,https://trends24.in/indonesia/,Tue Jul 28 2026 18:19:04 GMT+0000 (Coordinated Universal Time),28,TALAY GOONG FAMILY FS,talay goong family fs,,,,,,
2026-07-29T17:50:08.521011+00:00,20260729-175008,https://trends24.in/indonesia/,Tue Jul 28 2026 18:19:04 GMT+0000 (Coordinated Universal Time),29,Dragon Tower,dragon tower,,,,,,
2026-07-29T17:50:08.521011+00:00,20260729-175008,https://trends24.in/indonesia/,Tue Jul 28 2026 18:19:04 GMT+0000 (Coordinated Universal Time),30,EMIBONNIE MOONSHADOW TRAILER,emibonnie moonshadow trailer,,,,,,
2026-07-29T17:50:08.521011+00:00,20260729-175008,https://trends24.in/indonesia/,Tue Jul 28 2026 18:19:04 GMT+0000 (Coordinated Universal Time),31,XL SATU KASIH LEBIH,xl satu kasih lebih,,,,,,
2026-07-29T17:50:08.521011+00:00,20260729-175008,https://trends24.in/indonesia/,Tue Jul 28 2026 18:19:04 GMT+0000 (Coordinated Universal Time),32,Welbeck,welbeck,,,,,,
2026-07-29T17:50:08.521011+00:00,20260729-175008,https://trends24.in/indonesia/,Tue Jul 28 2026 18:19:04 GMT+0000 (Coordinated Universal Time),33,Puzzle B,puzzle b,,,,,,
2026-07-29T17:50:08.521011+00:00,20260729-175008,https://trends24.in/indonesia/,Tue Jul 28 2026 18:19:04 GMT+0000 (Coordinated Universal Time),34,Banten,banten,,,,,,
2026-07-29T17:50:08.521011+00:00,20260729-175008,https://trends24.in/indonesia/,Tue Jul 28 2026 18:19:04 GMT+0000 (Coordinated Universal Time),35,XAUT,xaut,,,,,,
2026-07-29T17:50:08.521011+00:00,20260729-175008,https://trends24.in/indonesia/,Tue Jul 28 2026 18:19:04 GMT+0000 (Coordinated Universal Time),36,Keigo Higashino,keigo higashino,,,,,,
2026-07-29T17:50:08.521011+00:00,20260729-175008,https://trends24.in/indonesia/,Tue Jul 28 2026 18:19:04 GMT+0000 (Coordinated Universal Time),37,Budaya,budaya,,,,,,
2026-07-29T17:50:08.521011+00:00,20260729-175008,https://trends24.in/indonesia/,Tue Jul 28 2026 18:19:04 GMT+0000 (Coordinated Universal Time),38,Zinedine Zidane,zinedine zidane,,,,,,
2026-07-29T17:50:08.521011+00:00,20260729-175008,https://trends24.in/indonesia/,Tue Jul 28 2026 18:19:04 GMT+0000 (Coordinated Universal Time),39,Joao Pedro,joao pedro,,,,,,
2026-07-29T17:50:08.521011+00:00,20260729-175008,https://trends24.in/indonesia/,Tue Jul 28 2026 18:19:04 GMT+0000 (Coordinated Universal Time),40,NOOBX $25000 GIVEAWAY,noobx $25000 giveaway,,,,,,
2026-07-29T17:50:08.521011+00:00,20260729-175008,https://trends24.in/indonesia/,Tue Jul 28 2026 18:19:04 GMT+0000 (Coordinated Universal Time),41,Zizou,zizou,,,,,,
2026-07-29T17:50:08.521011+00:00,20260729-175008,https://trends24.in/indonesia/,Tue Jul 28 2026 18:19:04 GMT+0000 (Coordinated Universal Time),42,THEE WAVE FAN CONNECT,thee wave fan connect,,,,,,
2026-07-29T17:50:08.521011+00:00,20260729-175008,https://trends24.in/indonesia/,Tue Jul 28 2026 18:19:04 GMT+0000 (Coordinated Universal Time),43,Gubernur Bank Indonesia,gubernur bank indonesia,,,,,,
2026-07-29T17:50:08.521011+00:00,20260729-175008,https://trends24.in/indonesia/,Tue Jul 28 2026 18:19:04 GMT+0000 (Coordinated Universal Time),44,Tanamal,tanamal,,,,,,
2026-07-29T17:50:08.521011+00:00,20260729-175008,https://trends24.in/indonesia/,Tue Jul 28 2026 18:19:04 GMT+0000 (Coordinated Universal Time),45,Whip Pink,whip pink,,,,,,
2026-07-29T17:50:08.521011+00:00,20260729-175008,https://trends24.in/indonesia/,Tue Jul 28 2026 18:19:04 GMT+0000 (Coordinated Universal Time),46,Matraman,matraman,,,,,,
2026-07-29T17:50:08.521011+00:00,20260729-175008,https://trends24.in/indonesia/,Tue Jul 28 2026 18:19:04 GMT+0000 (Coordinated Universal Time),47,APBN,apbn,,,,,,
2026-07-29T17:50:08.521011+00:00,20260729-175008,https://trends24.in/indonesia/,Tue Jul 28 2026 18:19:04 GMT+0000 (Coordinated Universal Time),48,m. dev,m. dev,,,,,,
2026-07-29T17:50:08.521011+00:00,20260729-175008,https://trends24.in/indonesia/,Tue Jul 28 2026 18:19:04 GMT+0000 (Coordinated Universal Time),49,Senin,senin,,,,,,
2026-07-29T17:50:08.521011+00:00,20260729-175008,https://trends24.in/indonesia/,Tue Jul 28 2026 18:19:04 GMT+0000 (Coordinated Universal Time),50,Pirlo,pirlo,,,,,,
2026-07-29T17:50:08.521011+00:00,20260729-175008,https://trends24.in/indonesia/,Tue Jul 28 2026 17:27:49 GMT+0000 (Coordinated Universal Time),1,#MrKillSeriesEP4,mrkillseriesep4,,,,,,
2026-07-29T17:50:08.521011+00:00,20260729-175008,https://trends24.in/indonesia/,Tue Jul 28 2026 17:27:49 GMT+0000 (Coordinated Universal Time),2,#JossGawinConcert,jossgawinconcert,,,,,,
2026-07-29T17:50:08.521011+00:00,20260729-175008,https://trends24.in/indonesia/,Tue Jul 28 2026 17:27:49 GMT+0000 (Coordinated Universal Time),3,#YouManiacSeriesQ26,youmaniacseriesq26,,,,,,
2026-07-29T17:50:08.521011+00:00,20260729-175008,https://trends24.in/indonesia/,Tue Jul 28 2026 17:27:49 GMT+0000 (Coordinated Universal Time),4,DEWTEE FANSIGN 2026,dewtee fansign 2026,,,,,,
2026-07-29T17:50:08.521011+00:00,20260729-175008,https://trends24.in/indonesia/,Tue Jul 28 2026 17:27:49 GMT+0000 (Coordinated Universal Time),5,#à¸à¸¸à¸à¹à¸à¸ªà¸±à¸à¸à¸´à¸§à¸²à¸ªEP3,à¸à¸¸à¸à¹à¸à¸ªà¸±à¸à¸à¸´à¸§à¸²à¸ªep3,,,,,,
2026-07-29T17:50:08.521011+00:00,20260729-175008,https://trends24.in/indonesia/,Tue Jul 28 2026 17:27:49 GMT+0000 (Coordinated Universal Time),6,Love Destiny EP3,love destiny ep3,,,,,,
2026-07-29T17:50:08.521011+00:00,20260729-175008,https://trends24.in/indonesia/,Tue Jul 28 2026 17:27:49 GMT+0000 (Coordinated Universal Time),7,WAYV VISION WINGS SAMPLER,wayv vision wings sampler,,,,,,
2026-07-29T17:50:08.521011+00:00,20260729-175008,https://trends24.in/indonesia/,Tue Jul 28 2026 17:27:49 GMT+0000 (Coordinated Universal Time),8,Nabire,nabire,,,,,,
2026-07-29T17:50:08.521011+00:00,20260729-175008,https://trends24.in/indonesia/,Tue Jul 28 2026 17:27:49 GMT+0000 (Coordinated Universal Time),9,Noah,noah,,,,,,
2026-07-29T17:50:08.521011+00:00,20260729-175008,https://trends24.in/indonesia/,Tue Jul 28 2026 17:27:49 GMT+0000 (Coordinated Universal Time),10,Lego,lego,,,,,,
2026-07-29T17:50:08.521011+00:00,20260729-175008,https://trends24.in/indonesia/,Tue Jul 28 2026 17:27:49 GMT+0000 (Coordinated Universal Time),11,Ramon,ramon,,,,,,
2026-07-29T17:50:08.521011+00:00,20260729-175008,https://trends24.in/indonesia/,Tue Jul 28 2026 17:27:49 GMT+0000 (Coordinated Universal Time),12,#à¸à¸´à¸§à¸à¸µ,à¸à¸´à¸§à¸à¸µ,,,,,,
2026-07-29T17:50:08.521011+00:00,20260729-175008,https://trends24.in/indonesia/,Tue Jul 28 2026 17:27:49 GMT+0000 (Coordinated Universal Time),13,Mancini,mancini,,,,,,
2026-07-29T17:50:08.521011+00:00,20260729-175008,https://trends24.in/indonesia/,Tue Jul 28 2026 17:27:49 GMT+0000 (Coordinated Universal Time),14,Whip Pink,whip pink,,,,,,
2026-07-29T17:50:08.521011+00:00,20260729-175008,https://trends24.in/indonesia/,Tue Jul 28 2026 17:27:49 GMT+0000 (Coordinated Universal Time),15,Tanamal,tanamal,,,,,,
2026-07-29T17:50:08.521011+00:00,20260729-175008,https://trends24.in/indonesia/,Tue Jul 28 2026 17:27:49 GMT+0000 (Coordinated Universal Time),16,Kumamoto,kumamoto,,,,,,
2026-07-29T17:50:08.521011+00:00,20260729-175008,https://trends24.in/indonesia/,Tue Jul 28 2026 17:27:49 GMT+0000 (Coordinated Universal Time),17,APBN,apbn,,,,,,
2026-07-29T17:50:08.521011+00:00,20260729-175008,https://trends24.in/indonesia/,Tue Jul 28 2026 17:27:49 GMT+0000 (Coordinated Universal Time),18,XL SATU KASIH LEBIH,xl satu kasih lebih,,,,,,
2026-07-29T17:50:08.521011+00:00,20260729-175008,https://trends24.in/indonesia/,Tue Jul 28 2026 17:27:49 GMT+0000 (Coordinated Universal Time),19,Joao Pedro,joao pedro,,,,,,
2026-07-29T17:50:08.521011+00:00,20260729-175008,https://trends24.in/indonesia/,Tue Jul 28 2026 17:27:49 GMT+0000 (Coordinated Universal Time),20,Zidane,zidane,,,,,,
2026-07-29T17:50:08.521011+00:00,20260729-175008,https://trends24.in/indonesia/,Tue Jul 28 2026 17:27:49 GMT+0000 (Coordinated Universal Time),21,HUG E LHEE Q1,hug e lhee q1,,,,,,
2026-07-29T17:50:08.521011+00:00,20260729-175008,https://trends24.in/indonesia/,Tue Jul 28 2026 17:27:49 GMT+0000 (Coordinated Universal Time),22,Spider-Man,spider-man,,,,,,
2026-07-29T17:50:08.521011+00:00,20260729-175008,https://trends24.in/indonesia/,Tue Jul 28 2026 17:27:49 GMT+0000 (Coordinated Universal Time),23,Myanmar,myanmar,,,,,,
2026-07-29T17:50:08.521011+00:00,20260729-175008,https://trends24.in/indonesia/,Tue Jul 28 2026 17:27:49 GMT+0000 (Coordinated Universal Time),24,Bareng,bareng,,,,,,
2026-07-29T17:50:08.521011+00:00,20260729-175008,https://trends24.in/indonesia/,Tue Jul 28 2026 17:27:49 GMT+0000 (Coordinated Universal Time),25,Banten,banten,,,,,,
2026-07-29T17:50:08.521011+00:00,20260729-175008,https://trends24.in/indonesia/,Tue Jul 28 2026 17:27:49 GMT+0000 (Coordinated Universal Time),26,King Indo,king indo,,,,,,
2026-07-29T17:50:08.521011+00:00,20260729-175008,https://trends24.in/indonesia/,Tue Jul 28 2026 17:27:49 GMT+0000 (Coordinated Universal Time),27,Filipina,filipina,,,,,,
2026-07-29T17:50:08.521011+00:00,20260729-175008,https://trends24.in/indonesia/,Tue Jul 28 2026 17:27:49 GMT+0000 (Coordinated Universal Time),28,iPad,ipad,,,,,,
2026-07-29T17:50:08.521011+00:00,20260729-175008,https://trends24.in/indonesia/,Tue Jul 28 2026 17:27:49 GMT+0000 (Coordinated Universal Time),29,#CTMwithPhuwin,ctmwithphuwin,,,,,,
2026-07-29T17:50:08.521011+00:00,20260729-175008,https://trends24.in/indonesia/,Tue Jul 28 2026 17:27:49 GMT+0000 (Coordinated Universal Time),30,#WayV_VisionWings,wayv_visionwings,,,,,,
2026-07-29T17:50:08.521011+00:00,20260729-175008,https://trends24.in/indonesia/,Tue Jul 28 2026 17:27:49 GMT+0000 (Coordinated Universal Time),31,#tee_vtp,tee_vtp,,,,,,
2026-07-29T17:50:08.521011+00:00,20260729-175008,https://trends24.in/indonesia/,Tue Jul 28 2026 17:27:49 GMT+0000 (Coordinated Universal Time),32,#TerikatJanjiEp116,terikatjanjiep116,,,,,,
2026-07-29T17:50:08.521011+00:00,20260729-175008,https://trends24.in/indonesia/,Tue Jul 28 2026 17:27:49 GMT+0000 (Coordinated Universal Time),33,#dew_jsu,dew_jsu,,,,,,
2026-07-29T17:50:08.521011+00:00,20260729-175008,https://trends24.in/indonesia/,Tue Jul 28 2026 17:27:49 GMT+0000 (Coordinated Universal Time),34,#PersibDay,persibday,,,,,,
2026-07-29T17:50:08.521011+00:00,20260729-175008,https://trends24.in/indonesia/,Tue Jul 28 2026 17:27:49 GMT+0000 (Coordinated Universal Time),35,#GUINZLY,guinzly,,,,,,
2026-07-29T17:50:08.521011+00:00,20260729-175008,https://trends24.in/indonesia/,Tue Jul 28 2026 17:27:49 GMT+0000 (Coordinated Universal Time),36,#AplikasiPintu,aplikasipintu,,,,,,
2026-07-29T17:50:08.521011+00:00,20260729-175008,https://trends24.in/indonesia/,Tue Jul 28 2026 17:27:49 GMT+0000 (Coordinated Universal Time),37,#bokepjapan,bokepjapan,,,,,,
2026-07-29T17:50:08.521011+00:00,20260729-175008,https://trends24.in/indonesia/,Tue Jul 28 2026 17:27:49 GMT+0000 (Coordinated Universal Time),38,#à¹à¸à¹à¸à¹à¸à¹à¸à¸¡à¸µà¸à¸µà¸£à¹à¹à¸§à¸,à¹à¸à¹à¸à¹à¸à¹à¸à¸¡à¸µà¸à¸µà¸£à¹à¹à¸§à¸,,,,,,
2026-07-29T17:50:08.521011+00:00,20260729-175008,https://trends24.in/indonesia/,Tue Jul 28 2026 17:27:49 GMT+0000 (Coordinated Universal Time),39,#BetterLateThanSingle2,betterlatethansingle2,,,,,,
2026-07-29T17:50:08.521011+00:00,20260729-175008,https://trends24.in/indonesia/,Tue Jul 28 2026 17:27:49 GMT+0000 (Coordinated Universal Time),40,#FritzyTale18,fritzytale18,,,,,,
2026-07-29T17:50:08.521011+00:00,20260729-175008,https://trends24.in/indonesia/,Tue Jul 28 2026 17:27:49 GMT+0000 (Coordinated Universal Time),41,#à¸à¸­à¸ªà¸à¸§à¸´à¸,à¸à¸­à¸ªà¸à¸§à¸´à¸,,,,,,
2026-07-29T17:50:08.521011+00:00,20260729-175008,https://trends24.in/indonesia/,Tue Jul 28 2026 16:36:14 GMT+0000 (Coordinated Universal Time),1,#MrKillSeriesEP4,mrkillseriesep4,,,,,,
2026-07-29T17:50:08.521011+00:00,20260729-175008,https://trends24.in/indonesia/,Tue Jul 28 2026 16:36:14 GMT+0000 (Coordinated Universal Time),2,#JossGawinConcert,jossgawinconcert,,,,,,
2026-07-29T17:50:08.521011+00:00,20260729-175008,https://trends24.in/indonesia/,Tue Jul 28 2026 16:36:14 GMT+0000 (Coordinated Universal Time),3,DEWTEE FANSIGN 2026,dewtee fansign 2026,,,,,,
2026-07-29T17:50:08.521011+00:00,20260729-175008,https://trends24.in/indonesia/,Tue Jul 28 2026 16:36:14 GMT+0000 (Coordinated Universal Time),4,WAYV VISION WINGS SAMPLER,wayv vision wings sampler,,,,,,
2026-07-29T17:50:08.521011+00:00,20260729-175008,https://trends24.in/indonesia/,Tue Jul 28 2026 16:36:14 GMT+0000 (Coordinated Universal Time),5,#à¸à¸¸à¸à¹à¸à¸ªà¸±à¸à¸à¸´à¸§à¸²à¸ªEP3,à¸à¸¸à¸à¹à¸à¸ªà¸±à¸à¸à¸´à¸§à¸²à¸ªep3,,,,,,
2026-07-29T17:50:08.521011+00:00,20260729-175008,https://trends24.in/indonesia/,Tue Jul 28 2026 16:36:14 GMT+0000 (Coordinated Universal Time),6,LOVE DESTINY EP3,love destiny ep3,,,,,,
2026-07-29T17:50:08.521011+00:00,20260729-175008,https://trends24.in/indonesia/,Tue Jul 28 2026 16:36:14 GMT+0000 (Coordinated Universal Time),7,Ramon,ramon,,,,,,
2026-07-29T17:50:08.521011+00:00,20260729-175008,https://trends24.in/indonesia/,Tue Jul 28 2026 16:36:14 GMT+0000 (Coordinated Universal Time),8,#CTMwithPhuwin,ctmwithphuwin,,,,,,
2026-07-29T17:50:08.521011+00:00,20260729-175008,https://trends24.in/indonesia/,Tue Jul 28 2026 16:36:14 GMT+0000 (Coordinated Universal Time),9,Lego,lego,,,,,,
2026-07-29T17:50:08.521011+00:00,20260729-175008,https://trends24.in/indonesia/,Tue Jul 28 2026 16:36:14 GMT+0000 (Coordinated Universal Time),10,#WayV_VisionWings,wayv_visionwings,,,,,,
2026-07-29T17:50:08.521011+00:00,20260729-175008,https://trends24.in/indonesia/,Tue Jul 28 2026 16:36:14 GMT+0000 (Coordinated Universal Time),11,Whip Pink,whip pink,,,,,,
2026-07-29T17:50:08.521011+00:00,20260729-175008,https://trends24.in/indonesia/,Tue Jul 28 2026 16:36:14 GMT+0000 (Coordinated Universal Time),12,APBN,apbn,,,,,,
2026-07-29T17:50:08.521011+00:00,20260729-175008,https://trends24.in/indonesia/,Tue Jul 28 2026 16:36:14 GMT+0000 (Coordinated Universal Time),13,Mancini,mancini,,,,,,
2026-07-29T17:50:08.521011+00:00,20260729-175008,https://trends24.in/indonesia/,Tue Jul 28 2026 16:36:14 GMT+0000 (Coordinated Universal Time),14,Tanamal,tanamal,,,,,,
2026-07-29T17:50:08.521011+00:00,20260729-175008,https://trends24.in/indonesia/,Tue Jul 28 2026 16:36:14 GMT+0000 (Coordinated Universal Time),15,Kumamoto,kumamoto,,,,,,
2026-07-29T17:50:08.521011+00:00,20260729-175008,https://trends24.in/indonesia/,Tue Jul 28 2026 16:36:14 GMT+0000 (Coordinated Universal Time),16,TALAY GOONG FAMILY FS,talay goong family fs,,,,,,
2026-07-29T17:50:08.521011+00:00,20260729-175008,https://trends24.in/indonesia/,Tue Jul 28 2026 16:36:14 GMT+0000 (Coordinated Universal Time),17,Noah,noah,,,,,,
2026-07-29T17:50:08.521011+00:00,20260729-175008,https://trends24.in/indonesia/,Tue Jul 28 2026 16:36:14 GMT+0000 (Coordinated Universal Time),18,XL SATU KASIH LEBIH,xl satu kasih lebih,,,,,,
2026-07-29T17:50:08.521011+00:00,20260729-175008,https://trends24.in/indonesia/,Tue Jul 28 2026 16:36:14 GMT+0000 (Coordinated Universal Time),19,Joao Pedro,joao pedro,,,,,,
2026-07-29T17:50:08.521011+00:00,20260729-175008,https://trends24.in/indonesia/,Tue Jul 28 2026 16:36:14 GMT+0000 (Coordinated Universal Time),20,Zidane,zidane,,,,,,
2026-07-29T17:50:08.521011+00:00,20260729-175008,https://trends24.in/indonesia/,Tue Jul 28 2026 16:36:14 GMT+0000 (Coordinated Universal Time),21,Myanmar,myanmar,,,,,,
2026-07-29T17:50:08.521011+00:00,20260729-175008,https://trends24.in/indonesia/,Tue Jul 28 2026 16:36:14 GMT+0000 (Coordinated Universal Time),22,THEE WAVE FAN CONNECT,thee wave fan connect,,,,,,
2026-07-29T17:50:08.521011+00:00,20260729-175008,https://trends24.in/indonesia/,Tue Jul 28 2026 16:36:14 GMT+0000 (Coordinated Universal Time),23,Delap,delap,,,,,,
2026-07-29T17:50:08.521011+00:00,20260729-175008,https://trends24.in/indonesia/,Tue Jul 28 2026 16:36:14 GMT+0000 (Coordinated Universal Time),24,Banten,banten,,,,,,
2026-07-29T17:50:08.521011+00:00,20260729-175008,https://trends24.in/indonesia/,Tue Jul 28 2026 16:36:14 GMT+0000 (Coordinated Universal Time),25,Zizou,zizou,,,,,,
2026-07-29T17:50:08.521011+00:00,20260729-175008,https://trends24.in/indonesia/,Tue Jul 28 2026 16:36:14 GMT+0000 (Coordinated Universal Time),26,XAUT,xaut,,,,,,
2026-07-29T17:50:08.521011+00:00,20260729-175008,https://trends24.in/indonesia/,Tue Jul 28 2026 16:36:14 GMT+0000 (Coordinated Universal Time),27,HUG E LHEE Q1,hug e lhee q1,,,,,,
2026-07-29T17:50:08.521011+00:00,20260729-175008,https://trends24.in/indonesia/,Tue Jul 28 2026 16:36:14 GMT+0000 (Coordinated Universal Time),28,King Indo,king indo,,,,,,
2026-07-29T17:50:08.521011+00:00,20260729-175008,https://trends24.in/indonesia/,Tue Jul 28 2026 16:36:14 GMT+0000 (Coordinated Universal Time),29,Filipina,filipina,,,,,,
2026-07-29T17:50:08.521011+00:00,20260729-175008,https://trends24.in/indonesia/,Tue Jul 28 2026 16:36:14 GMT+0000 (Coordinated Universal Time),30,Bareng,bareng,,,,,,
2026-07-29T17:50:08.521011+00:00,20260729-175008,https://trends24.in/indonesia/,Tue Jul 28 2026 16:36:14 GMT+0000 (Coordinated Universal Time),31,Kakang,kakang,,,,,,
2026-07-29T17:50:08.521011+00:00,20260729-175008,https://trends24.in/indonesia/,Tue Jul 28 2026 16:36:14 GMT+0000 (Coordinated Universal Time),32,iPad,ipad,,,,,,
2026-07-29T17:50:08.521011+00:00,20260729-175008,https://trends24.in/indonesia/,Tue Jul 28 2026 16:36:14 GMT+0000 (Coordinated Universal Time),33,#TerikatJanjiEp116,terikatjanjiep116,,,,,,
2026-07-29T17:50:08.521011+00:00,20260729-175008,https://trends24.in/indonesia/,Tue Jul 28 2026 16:36:14 GMT+0000 (Coordinated Universal Time),34,#à¸à¸´à¸§à¸à¸µ,à¸à¸´à¸§à¸à¸µ,,,,,,
2026-07-29T17:50:08.521011+00:00,20260729-175008,https://trends24.in/indonesia/,Tue Jul 28 2026 16:36:14 GMT+0000 (Coordinated Universal Time),35,#tee_vtp,tee_vtp,,,,,,
2026-07-29T17:50:08.521011+00:00,20260729-175008,https://trends24.in/indonesia/,Tue Jul 28 2026 16:36:14 GMT+0000 (Coordinated Universal Time),36,#PersibDay,persibday,,,,,,
2026-07-29T17:50:08.521011+00:00,20260729-175008,https://trends24.in/indonesia/,Tue Jul 28 2026 16:36:14 GMT+0000 (Coordinated Universal Time),37,#dew_jsu,dew_jsu,,,,,,
2026-07-29T17:50:08.521011+00:00,20260729-175008,https://trends24.in/indonesia/,Tue Jul 28 2026 16:36:14 GMT+0000 (Coordinated Universal Time),38,#AplikasiPintu,aplikasipintu,,,,,,
2026-07-29T17:50:08.521011+00:00,20260729-175008,https://trends24.in/indonesia/,Tue Jul 28 2026 16:36:14 GMT+0000 (Coordinated Universal Time),39,#RhytmReturns,rhytmreturns,,,,,,
2026-07-29T17:50:08.521011+00:00,20260729-175008,https://trends24.in/indonesia/,Tue Jul 28 2026 16:36:14 GMT+0000 (Coordinated Universal Time),40,#GUINZLY,guinzly,,,,,,
2026-07-29T17:50:08.521011+00:00,20260729-175008,https://trends24.in/indonesia/,Tue Jul 28 2026 16:36:14 GMT+0000 (Coordinated Universal Time),41,#à¸à¸´à¸à¸à¸±à¸à¸à¸±à¸à¹à¸à¸à¸´à¸§Special,à¸à¸´à¸à¸à¸±à¸à¸à¸±à¸à¹à¸à¸à¸´à¸§special,,,,,,
2026-07-29T17:50:08.521011+00:00,20260729-175008,https://trends24.in/indonesia/,Tue Jul 28 2026 16:36:14 GMT+0000 (Coordinated Universal Time),42,#à¹à¸à¹à¸à¹à¸à¹à¸à¸¡à¸µà¸à¸µà¸£à¹à¹à¸§à¸,à¹à¸à¹à¸à¹à¸à¹à¸à¸¡à¸µà¸à¸µà¸£à¹à¹à¸§à¸,,,,,,
2026-07-29T17:50:08.521011+00:00,20260729-175008,https://trends24.in/indonesia/,Tue Jul 28 2026 16:36:14 GMT+0000 (Coordinated Universal Time),43,#bokepjapan,bokepjapan,,,,,,
2026-07-29T17:50:08.521011+00:00,20260729-175008,https://trends24.in/indonesia/,Tue Jul 28 2026 16:36:14 GMT+0000 (Coordinated Universal Time),44,#BetterLateThanSingle2,betterlatethansingle2,,,,,,
2026-07-29T17:50:08.521011+00:00,20260729-175008,https://trends24.in/indonesia/,Tue Jul 28 2026 16:36:14 GMT+0000 (Coordinated Universal Time),45,#SpiderManBrandNewDay,spidermanbrandnewday,,,,,,
2026-07-29T17:50:08.521011+00:00,20260729-175008,https://trends24.in/indonesia/,Tue Jul 28 2026 16:36:14 GMT+0000 (Coordinated Universal Time),46,#FritzyTale18,fritzytale18,,,,,,
2026-07-29T17:50:08.521011+00:00,20260729-175008,https://trends24.in/indonesia/,Tue Jul 28 2026 16:36:14 GMT+0000 (Coordinated Universal Time),47,#à¸à¸­à¸ªà¸à¸§à¸´à¸,à¸à¸­à¸ªà¸à¸§à¸´à¸,,,,,,
2026-07-29T17:50:08.521011+00:00,20260729-175008,https://trends24.in/indonesia/,Tue Jul 28 2026 16:36:14 GMT+0000 (Coordinated Universal Time),48,#LoveActuallyS5,loveactuallys5,,,,,,
2026-07-29T17:50:08.521011+00:00,20260729-175008,https://trends24.in/indonesia/,Tue Jul 28 2026 16:36:12 GMT+0000 (Coordinated Universal Time),1,#MrKillSeriesEP4,mrkillseriesep4,,,,,,
2026-07-29T17:50:08.521011+00:00,20260729-175008,https://trends24.in/indonesia/,Tue Jul 28 2026 16:36:12 GMT+0000 (Coordinated Universal Time),2,#JossGawinConcert,jossgawinconcert,,,,,,
2026-07-29T17:50:08.521011+00:00,20260729-175008,https://trends24.in/indonesia/,Tue Jul 28 2026 16:36:12 GMT+0000 (Coordinated Universal Time),3,DEWTEE FANSIGN 2026,dewtee fansign 2026,,,,,,
2026-07-29T17:50:08.521011+00:00,20260729-175008,https://trends24.in/indonesia/,Tue Jul 28 2026 16:36:12 GMT+0000 (Coordinated Universal Time),4,WAYV VISION WINGS SAMPLER,wayv vision wings sampler,,,,,,
2026-07-29T17:50:08.521011+00:00,20260729-175008,https://trends24.in/indonesia/,Tue Jul 28 2026 16:36:12 GMT+0000 (Coordinated Universal Time),5,#à¸à¸¸à¸à¹à¸à¸ªà¸±à¸à¸à¸´à¸§à¸²à¸ªEP3,à¸à¸¸à¸à¹à¸à¸ªà¸±à¸à¸à¸´à¸§à¸²à¸ªep3,,,,,,
2026-07-29T17:50:08.521011+00:00,20260729-175008,https://trends24.in/indonesia/,Tue Jul 28 2026 16:36:12 GMT+0000 (Coordinated Universal Time),6,LOVE DESTINY EP3,love destiny ep3,,,,,,
2026-07-29T17:50:08.521011+00:00,20260729-175008,https://trends24.in/indonesia/,Tue Jul 28 2026 16:36:12 GMT+0000 (Coordinated Universal Time),7,Ramon,ramon,,,,,,
2026-07-29T17:50:08.521011+00:00,20260729-175008,https://trends24.in/indonesia/,Tue Jul 28 2026 16:36:12 GMT+0000 (Coordinated Universal Time),8,#CTMwithPhuwin,ctmwithphuwin,,,,,,
2026-07-29T17:50:08.521011+00:00,20260729-175008,https://trends24.in/indonesia/,Tue Jul 28 2026 16:36:12 GMT+0000 (Coordinated Universal Time),9,Lego,lego,,,,,,
2026-07-29T17:50:08.521011+00:00,20260729-175008,https://trends24.in/indonesia/,Tue Jul 28 2026 16:36:12 GMT+0000 (Coordinated Universal Time),10,#WayV_VisionWings,wayv_visionwings,,,,,,
2026-07-29T17:50:08.521011+00:00,20260729-175008,https://trends24.in/indonesia/,Tue Jul 28 2026 16:36:12 GMT+0000 (Coordinated Universal Time),11,Whip Pink,whip pink,,,,,,
2026-07-29T17:50:08.521011+00:00,20260729-175008,https://trends24.in/indonesia/,Tue Jul 28 2026 16:36:12 GMT+0000 (Coordinated Universal Time),12,APBN,apbn,,,,,,
2026-07-29T17:50:08.521011+00:00,20260729-175008,https://trends24.in/indonesia/,Tue Jul 28 2026 16:36:12 GMT+0000 (Coordinated Universal Time),13,Mancini,mancini,,,,,,
2026-07-29T17:50:08.521011+00:00,20260729-175008,https://trends24.in/indonesia/,Tue Jul 28 2026 16:36:12 GMT+0000 (Coordinated Universal Time),14,Tanamal,tanamal,,,,,,
2026-07-29T17:50:08.521011+00:00,20260729-175008,https://trends24.in/indonesia/,Tue Jul 28 2026 16:36:12 GMT+0000 (Coordinated Universal Time),15,Kumamoto,kumamoto,,,,,,
2026-07-29T17:50:08.521011+00:00,20260729-175008,https://trends24.in/indonesia/,Tue Jul 28 2026 16:36:12 GMT+0000 (Coordinated Universal Time),16,Noah,noah,,,,,,
2026-07-29T17:50:08.521011+00:00,20260729-175008,https://trends24.in/indonesia/,Tue Jul 28 2026 16:36:12 GMT+0000 (Coordinated Universal Time),17,TALAY GOONG FAMILY FS,talay goong family fs,,,,,,
2026-07-29T17:50:08.521011+00:00,20260729-175008,https://trends24.in/indonesia/,Tue Jul 28 2026 16:36:12 GMT+0000 (Coordinated Universal Time),18,XL SATU KASIH LEBIH,xl satu kasih lebih,,,,,,
2026-07-29T17:50:08.521011+00:00,20260729-175008,https://trends24.in/indonesia/,Tue Jul 28 2026 16:36:12 GMT+0000 (Coordinated Universal Time),19,Joao Pedro,joao pedro,,,,,,
2026-07-29T17:50:08.521011+00:00,20260729-175008,https://trends24.in/indonesia/,Tue Jul 28 2026 16:36:12 GMT+0000 (Coordinated Universal Time),20,Zidane,zidane,,,,,,
2026-07-29T17:50:08.521011+00:00,20260729-175008,https://trends24.in/indonesia/,Tue Jul 28 2026 16:36:12 GMT+0000 (Coordinated Universal Time),21,Myanmar,myanmar,,,,,,
2026-07-29T17:50:08.521011+00:00,20260729-175008,https://trends24.in/indonesia/,Tue Jul 28 2026 16:36:12 GMT+0000 (Coordinated Universal Time),22,THEE WAVE FAN CONNECT,thee wave fan connect,,,,,,
2026-07-29T17:50:08.521011+00:00,20260729-175008,https://trends24.in/indonesia/,Tue Jul 28 2026 16:36:12 GMT+0000 (Coordinated Universal Time),23,Delap,delap,,,,,,
2026-07-29T17:50:08.521011+00:00,20260729-175008,https://trends24.in/indonesia/,Tue Jul 28 2026 16:36:12 GMT+0000 (Coordinated Universal Time),24,Banten,banten,,,,,,
2026-07-29T17:50:08.521011+00:00,20260729-175008,https://trends24.in/indonesia/,Tue Jul 28 2026 16:36:12 GMT+0000 (Coordinated Universal Time),25,Zizou,zizou,,,,,,
2026-07-29T17:50:08.521011+00:00,20260729-175008,https://trends24.in/indonesia/,Tue Jul 28 2026 16:36:12 GMT+0000 (Coordinated Universal Time),26,XAUT,xaut,,,,,,
2026-07-29T17:50:08.521011+00:00,20260729-175008,https://trends24.in/indonesia/,Tue Jul 28 2026 16:36:12 GMT+0000 (Coordinated Universal Time),27,HUG E LHEE Q1,hug e lhee q1,,,,,,
2026-07-29T17:50:08.521011+00:00,20260729-175008,https://trends24.in/indonesia/,Tue Jul 28 2026 16:36:12 GMT+0000 (Coordinated Universal Time),28,King Indo,king indo,,,,,,
2026-07-29T17:50:08.521011+00:00,20260729-175008,https://trends24.in/indonesia/,Tue Jul 28 2026 16:36:12 GMT+0000 (Coordinated Universal Time),29,Filipina,filipina,,,,,,
2026-07-29T17:50:08.521011+00:00,20260729-175008,https://trends24.in/indonesia/,Tue Jul 28 2026 16:36:12 GMT+0000 (Coordinated Universal Time),30,Bareng,bareng,,,,,,
2026-07-29T17:50:08.521011+00:00,20260729-175008,https://trends24.in/indonesia/,Tue Jul 28 2026 16:36:12 GMT+0000 (Coordinated Universal Time),31,Kakang,kakang,,,,,,
2026-07-29T17:50:08.521011+00:00,20260729-175008,https://trends24.in/indonesia/,Tue Jul 28 2026 16:36:12 GMT+0000 (Coordinated Universal Time),32,iPad,ipad,,,,,,
2026-07-29T17:50:08.521011+00:00,20260729-175008,https://trends24.in/indonesia/,Tue Jul 28 2026 16:36:12 GMT+0000 (Coordinated Universal Time),33,#à¸à¸´à¸§à¸à¸µ,à¸à¸´à¸§à¸à¸µ,,,,,,
2026-07-29T17:50:08.521011+00:00,20260729-175008,https://trends24.in/indonesia/,Tue Jul 28 2026 16:36:12 GMT+0000 (Coordinated Universal Time),34,#TerikatJanjiEp116,terikatjanjiep116,,,,,,
2026-07-29T17:50:08.521011+00:00,20260729-175008,https://trends24.in/indonesia/,Tue Jul 28 2026 16:36:12 GMT+0000 (Coordinated Universal Time),35,#tee_vtp,tee_vtp,,,,,,
2026-07-29T17:50:08.521011+00:00,20260729-175008,https://trends24.in/indonesia/,Tue Jul 28 2026 16:36:12 GMT+0000 (Coordinated Universal Time),36,#PersibDay,persibday,,,,,,
2026-07-29T17:50:08.521011+00:00,20260729-175008,https://trends24.in/indonesia/,Tue Jul 28 2026 16:36:12 GMT+0000 (Coordinated Universal Time),37,#dew_jsu,dew_jsu,,,,,,
2026-07-29T17:50:08.521011+00:00,20260729-175008,https://trends24.in/indonesia/,Tue Jul 28 2026 16:36:12 GMT+0000 (Coordinated Universal Time),38,#AplikasiPintu,aplikasipintu,,,,,,
2026-07-29T17:50:08.521011+00:00,20260729-175008,https://trends24.in/indonesia/,Tue Jul 28 2026 16:36:12 GMT+0000 (Coordinated Universal Time),39,#RhytmReturns,rhytmreturns,,,,,,
2026-07-29T17:50:08.521011+00:00,20260729-175008,https://trends24.in/indonesia/,Tue Jul 28 2026 16:36:12 GMT+0000 (Coordinated Universal Time),40,#GUINZLY,guinzly,,,,,,
2026-07-29T17:50:08.521011+00:00,20260729-175008,https://trends24.in/indonesia/,Tue Jul 28 2026 16:36:12 GMT+0000 (Coordinated Universal Time),41,#à¸à¸´à¸à¸à¸±à¸à¸à¸±à¸à¹à¸à¸à¸´à¸§Special,à¸à¸´à¸à¸à¸±à¸à¸à¸±à¸à¹à¸à¸à¸´à¸§special,,,,,,
2026-07-29T17:50:08.521011+00:00,20260729-175008,https://trends24.in/indonesia/,Tue Jul 28 2026 16:36:12 GMT+0000 (Coordinated Universal Time),42,#à¹à¸à¹à¸à¹à¸à¹à¸à¸¡à¸µà¸à¸µà¸£à¹à¹à¸§à¸,à¹à¸à¹à¸à¹à¸à¹à¸à¸¡à¸µà¸à¸µà¸£à¹à¹à¸§à¸,,,,,,
2026-07-29T17:50:08.521011+00:00,20260729-175008,https://trends24.in/indonesia/,Tue Jul 28 2026 16:36:12 GMT+0000 (Coordinated Universal Time),43,#bokepjapan,bokepjapan,,,,,,
2026-07-29T17:50:08.521011+00:00,20260729-175008,https://trends24.in/indonesia/,Tue Jul 28 2026 16:36:12 GMT+0000 (Coordinated Universal Time),44,#BetterLateThanSingle2,betterlatethansingle2,,,,,,
2026-07-29T17:50:08.521011+00:00,20260729-175008,https://trends24.in/indonesia/,Tue Jul 28 2026 16:36:12 GMT+0000 (Coordinated Universal Time),45,#SpiderManBrandNewDay,spidermanbrandnewday,,,,,,
2026-07-29T17:50:08.521011+00:00,20260729-175008,https://trends24.in/indonesia/,Tue Jul 28 2026 16:36:12 GMT+0000 (Coordinated Universal Time),46,#FritzyTale18,fritzytale18,,,,,,
2026-07-29T17:50:08.521011+00:00,20260729-175008,https://trends24.in/indonesia/,Tue Jul 28 2026 16:36:12 GMT+0000 (Coordinated Universal Time),47,#à¸à¸­à¸ªà¸à¸§à¸´à¸,à¸à¸­à¸ªà¸à¸§à¸´à¸,,,,,,
2026-07-29T17:50:08.521011+00:00,20260729-175008,https://trends24.in/indonesia/,Tue Jul 28 2026 16:36:12 GMT+0000 (Coordinated Universal Time),48,#LoveActuallyS5,loveactuallys5,,,,,,
2026-07-29T17:50:08.521011+00:00,20260729-175008,https://trends24.in/indonesia/,Tue Jul 28 2026 15:44:12 GMT+0000 (Coordinated Universal Time),1,#MrKillSeriesEP4,mrkillseriesep4,,,,,,
2026-07-29T17:50:08.521011+00:00,20260729-175008,https://trends24.in/indonesia/,Tue Jul 28 2026 15:44:12 GMT+0000 (Coordinated Universal Time),2,#JossGawinConcert,jossgawinconcert,,,,,,
2026-07-29T17:50:08.521011+00:00,20260729-175008,https://trends24.in/indonesia/,Tue Jul 28 2026 15:44:12 GMT+0000 (Coordinated Universal Time),3,DEWTEE FANSIGN 2026,dewtee fansign 2026,,,,,,
2026-07-29T17:50:08.521011+00:00,20260729-175008,https://trends24.in/indonesia/,Tue Jul 28 2026 15:44:12 GMT+0000 (Coordinated Universal Time),4,Ramon,ramon,,,,,,
2026-07-29T17:50:08.521011+00:00,20260729-175008,https://trends24.in/indonesia/,Tue Jul 28 2026 15:44:12 GMT+0000 (Coordinated Universal Time),5,#CTMwithPhuwin,ctmwithphuwin,,,,,,
2026-07-29T17:50:08.521011+00:00,20260729-175008,https://trends24.in/indonesia/,Tue Jul 28 2026 15:44:12 GMT+0000 (Coordinated Universal Time),6,Whip Pink,whip pink,,,,,,
2026-07-29T17:50:08.521011+00:00,20260729-175008,https://trends24.in/indonesia/,Tue Jul 28 2026 15:44:12 GMT+0000 (Coordinated Universal Time),7,#TerikatJanjiEp116,terikatjanjiep116,,,,,,
2026-07-29T17:50:08.521011+00:00,20260729-175008,https://trends24.in/indonesia/,Tue Jul 28 2026 15:44:12 GMT+0000 (Coordinated Universal Time),8,Lego,lego,,,,,,
2026-07-29T17:50:08.521011+00:00,20260729-175008,https://trends24.in/indonesia/,Tue Jul 28 2026 15:44:12 GMT+0000 (Coordinated Universal Time),9,Mancini,mancini,,,,,,
2026-07-29T17:50:08.521011+00:00,20260729-175008,https://trends24.in/indonesia/,Tue Jul 28 2026 15:44:12 GMT+0000 (Coordinated Universal Time),10,#tee_vtp,tee_vtp,,,,,,
2026-07-29T17:50:08.521011+00:00,20260729-175008,https://trends24.in/indonesia/,Tue Jul 28 2026 15:44:12 GMT+0000 (Coordinated Universal Time),11,XL SATU KASIH LEBIH,xl satu kasih lebih,,,,,,
2026-07-29T17:50:08.521011+00:00,20260729-175008,https://trends24.in/indonesia/,Tue Jul 28 2026 15:44:12 GMT+0000 (Coordinated Universal Time),12,Tanamal,tanamal,,,,,,
2026-07-29T17:50:08.521011+00:00,20260729-175008,https://trends24.in/indonesia/,Tue Jul 28 2026 15:44:12 GMT+0000 (Coordinated Universal Time),13,Kumamoto,kumamoto,,,,,,
2026-07-29T17:50:08.521011+00:00,20260729-175008,https://trends24.in/indonesia/,Tue Jul 28 2026 15:44:12 GMT+0000 (Coordinated Universal Time),14,APBN,apbn,,,,,,
2026-07-29T17:50:08.521011+00:00,20260729-175008,https://trends24.in/indonesia/,Tue Jul 28 2026 15:44:12 GMT+0000 (Coordinated Universal Time),15,TALAY GOONG FAMILY FS,talay goong family fs,,,,,,
2026-07-29T17:50:08.521011+00:00,20260729-175008,https://trends24.in/indonesia/,Tue Jul 28 2026 15:44:12 GMT+0000 (Coordinated Universal Time),16,Joao Pedro,joao pedro,,,,,,
2026-07-29T17:50:08.521011+00:00,20260729-175008,https://trends24.in/indonesia/,Tue Jul 28 2026 15:44:12 GMT+0000 (Coordinated Universal Time),17,Zidane,zidane,,,,,,
2026-07-29T17:50:08.521011+00:00,20260729-175008,https://trends24.in/indonesia/,Tue Jul 28 2026 15:44:12 GMT+0000 (Coordinated Universal Time),18,GoPay QRIS Tap,gopay qris tap,,,,,,
2026-07-29T17:50:08.521011+00:00,20260729-175008,https://trends24.in/indonesia/,Tue Jul 28 2026 15:44:12 GMT+0000 (Coordinated Universal Time),19,Myanmar,myanmar,,,,,,
2026-07-29T17:50:08.521011+00:00,20260729-175008,https://trends24.in/indonesia/,Tue Jul 28 2026 15:44:12 GMT+0000 (Coordinated Universal Time),20,THEE WAVE FAN CONNECT,thee wave fan connect,,,,,,
2026-07-29T17:50:08.521011+00:00,20260729-175008,https://trends24.in/indonesia/,Tue Jul 28 2026 15:44:12 GMT+0000 (Coordinated Universal Time),21,Delap,delap,,,,,,
2026-07-29T17:50:08.521011+00:00,20260729-175008,https://trends24.in/indonesia/,Tue Jul 28 2026 15:44:12 GMT+0000 (Coordinated Universal Time),22,Tosin,tosin,,,,,,
2026-07-29T17:50:08.521011+00:00,20260729-175008,https://trends24.in/indonesia/,Tue Jul 28 2026 15:44:12 GMT+0000 (Coordinated Universal Time),23,Zizou,zizou,,,,,,
2026-07-29T17:50:08.521011+00:00,20260729-175008,https://trends24.in/indonesia/,Tue Jul 28 2026 15:44:12 GMT+0000 (Coordinated Universal Time),24,XAUT,xaut,,,,,,
2026-07-29T17:50:08.521011+00:00,20260729-175008,https://trends24.in/indonesia/,Tue Jul 28 2026 15:44:12 GMT+0000 (Coordinated Universal Time),25,HUG E LHEE Q1,hug e lhee q1,,,,,,
2026-07-29T17:50:08.521011+00:00,20260729-175008,https://trends24.in/indonesia/,Tue Jul 28 2026 15:44:12 GMT+0000 (Coordinated Universal Time),26,King Indo,king indo,,,,,,
2026-07-29T17:50:08.521011+00:00,20260729-175008,https://trends24.in/indonesia/,Tue Jul 28 2026 15:44:12 GMT+0000 (Coordinated Universal Time),27,Filipina,filipina,,,,,,
2026-07-29T17:50:08.521011+00:00,20260729-175008,https://trends24.in/indonesia/,Tue Jul 28 2026 15:44:12 GMT+0000 (Coordinated Universal Time),28,Banten,banten,,,,,,
2026-07-29T17:50:08.521011+00:00,20260729-175008,https://trends24.in/indonesia/,Tue Jul 28 2026 15:44:12 GMT+0000 (Coordinated Universal Time),29,Kakang,kakang,,,,,,
2026-07-29T17:50:08.521011+00:00,20260729-175008,https://trends24.in/indonesia/,Tue Jul 28 2026 15:44:12 GMT+0000 (Coordinated Universal Time),30,Bareng,bareng,,,,,,
2026-07-29T17:50:08.521011+00:00,20260729-175008,https://trends24.in/indonesia/,Tue Jul 28 2026 15:44:12 GMT+0000 (Coordinated Universal Time),31,iPad,ipad,,,,,,
2026-07-29T17:50:08.521011+00:00,20260729-175008,https://trends24.in/indonesia/,Tue Jul 28 2026 15:44:12 GMT+0000 (Coordinated Universal Time),32,#PersibDay,persibday,,,,,,
2026-07-29T17:50:08.521011+00:00,20260729-175008,https://trends24.in/indonesia/,Tue Jul 28 2026 15:44:12 GMT+0000 (Coordinated Universal Time),33,#dew_jsu,dew_jsu,,,,,,
2026-07-29T17:50:08.521011+00:00,20260729-175008,https://trends24.in/indonesia/,Tue Jul 28 2026 15:44:12 GMT+0000 (Coordinated Universal Time),34,#RhytmReturns,rhytmreturns,,,,,,
2026-07-29T17:50:08.521011+00:00,20260729-175008,https://trends24.in/indonesia/,Tue Jul 28 2026 15:44:12 GMT+0000 (Coordinated Universal Time),35,#GUINZLY,guinzly,,,,,,
2026-07-29T17:50:08.521011+00:00,20260729-175008,https://trends24.in/indonesia/,Tue Jul 28 2026 15:44:12 GMT+0000 (Coordinated Universal Time),36,#à¹à¸à¹à¸à¹à¸à¹à¸à¸¡à¸µà¸à¸µà¸£à¹à¹à¸§à¸,à¹à¸à¹à¸à¹à¸à¹à¸à¸¡à¸µà¸à¸µà¸£à¹à¹à¸§à¸,,,,,,
2026-07-29T17:50:08.521011+00:00,20260729-175008,https://trends24.in/indonesia/,Tue Jul 28 2026 15:44:12 GMT+0000 (Coordinated Universal Time),37,#bokepjapan,bokepjapan,,,,,,
2026-07-29T17:50:08.521011+00:00,20260729-175008,https://trends24.in/indonesia/,Tue Jul 28 2026 15:44:12 GMT+0000 (Coordinated Universal Time),38,#à¸à¸´à¸à¸à¸±à¸à¸à¸±à¸à¹à¸à¸à¸´à¸§Special,à¸à¸´à¸à¸à¸±à¸à¸à¸±à¸à¹à¸à¸à¸´à¸§special,,,,,,
2026-07-29T17:50:08.521011+00:00,20260729-175008,https://trends24.in/indonesia/,Tue Jul 28 2026 15:44:12 GMT+0000 (Coordinated Universal Time),39,#AplikasiPintu,aplikasipintu,,,,,,
2026-07-29T17:50:08.521011+00:00,20260729-175008,https://trends24.in/indonesia/,Tue Jul 28 2026 15:44:12 GMT+0000 (Coordinated Universal Time),40,#BetterLateThanSingle2,betterlatethansingle2,,,,,,
2026-07-29T17:50:08.521011+00:00,20260729-175008,https://trends24.in/indonesia/,Tue Jul 28 2026 15:44:12 GMT+0000 (Coordinated Universal Time),41,#sea_ta_lay,sea_ta_lay,,,,,,
2026-07-29T17:50:08.521011+00:00,20260729-175008,https://trends24.in/indonesia/,Tue Jul 28 2026 15:44:12 GMT+0000 (Coordinated Universal Time),42,#keenkeno,keenkeno,,,,,,
2026-07-29T17:50:08.521011+00:00,20260729-175008,https://trends24.in/indonesia/,Tue Jul 28 2026 15:44:12 GMT+0000 (Coordinated Universal Time),43,#seakeen,seakeen,,,,,,
2026-07-29T17:50:08.521011+00:00,20260729-175008,https://trends24.in/indonesia/,Tue Jul 28 2026 15:44:12 GMT+0000 (Coordinated Universal Time),44,#FritzyTale18,fritzytale18,,,,,,
2026-07-29T17:50:08.521011+00:00,20260729-175008,https://trends24.in/indonesia/,Tue Jul 28 2026 15:44:12 GMT+0000 (Coordinated Universal Time),45,#SpiderMan,spiderman,,,,,,
2026-07-29T17:50:08.521011+00:00,20260729-175008,https://trends24.in/indonesia/,Tue Jul 28 2026 15:44:12 GMT+0000 (Coordinated Universal Time),46,#à¸à¸­à¸ªà¸à¸§à¸´à¸,à¸à¸­à¸ªà¸à¸§à¸´à¸,,,,,,
2026-07-29T17:50:08.521011+00:00,20260729-175008,https://trends24.in/indonesia/,Tue Jul 28 2026 15:44:12 GMT+0000 (Coordinated Universal Time),47,#LoveActuallyS5,loveactuallys5,,,,,,
2026-07-29T17:50:08.521011+00:00,20260729-175008,https://trends24.in/indonesia/,Tue Jul 28 2026 14:52:13 GMT+0000 (Coordinated Universal Time),1,#MrKillSeriesEP4,mrkillseriesep4,,,,,,
2026-07-29T17:50:08.521011+00:00,20260729-175008,https://trends24.in/indonesia/,Tue Jul 28 2026 14:52:13 GMT+0000 (Coordinated Universal Time),2,#JossGawinConcert,jossgawinconcert,,,,,,
2026-07-29T17:50:08.521011+00:00,20260729-175008,https://trends24.in/indonesia/,Tue Jul 28 2026 14:52:13 GMT+0000 (Coordinated Universal Time),3,DEWTEE FANSIGN 2026,dewtee fansign 2026,,,,,,
2026-07-29T17:50:08.521011+00:00,20260729-175008,https://trends24.in/indonesia/,Tue Jul 28 2026 14:52:13 GMT+0000 (Coordinated Universal Time),4,#CTMwithPhuwin,ctmwithphuwin,,,,,,
2026-07-29T17:50:08.521011+00:00,20260729-175008,https://trends24.in/indonesia/,Tue Jul 28 2026 14:52:13 GMT+0000 (Coordinated Universal Time),5,#TerikatJanjiEp116,terikatjanjiep116,,,,,,
2026-07-29T17:50:08.521011+00:00,20260729-175008,https://trends24.in/indonesia/,Tue Jul 28 2026 14:52:13 GMT+0000 (Coordinated Universal Time),6,Whip Pink,whip pink,,,,,,
2026-07-29T17:50:08.521011+00:00,20260729-175008,https://trends24.in/indonesia/,Tue Jul 28 2026 14:52:13 GMT+0000 (Coordinated Universal Time),7,Ramon,ramon,,,,,,
2026-07-29T17:50:08.521011+00:00,20260729-175008,https://trends24.in/indonesia/,Tue Jul 28 2026 14:52:13 GMT+0000 (Coordinated Universal Time),8,Tanamal,tanamal,,,,,,
2026-07-29T17:50:08.521011+00:00,20260729-175008,https://trends24.in/indonesia/,Tue Jul 28 2026 14:52:13 GMT+0000 (Coordinated Universal Time),9,XL SATU KASIH LEBIH,xl satu kasih lebih,,,,,,
2026-07-29T17:50:08.521011+00:00,20260729-175008,https://trends24.in/indonesia/,Tue Jul 28 2026 14:52:13 GMT+0000 (Coordinated Universal Time),10,#PersibDay,persibday,,,,,,
2026-07-29T17:50:08.521011+00:00,20260729-175008,https://trends24.in/indonesia/,Tue Jul 28 2026 14:52:13 GMT+0000 (Coordinated Universal Time),11,Lego,lego,,,,,,
2026-07-29T17:50:08.521011+00:00,20260729-175008,https://trends24.in/indonesia/,Tue Jul 28 2026 14:52:13 GMT+0000 (Coordinated Universal Time),12,Mancini,mancini,,,,,,
2026-07-29T17:50:08.521011+00:00,20260729-175008,https://trends24.in/indonesia/,Tue Jul 28 2026 14:52:13 GMT+0000 (Coordinated Universal Time),13,Zidane,zidane,,,,,,
2026-07-29T17:50:08.521011+00:00,20260729-175008,https://trends24.in/indonesia/,Tue Jul 28 2026 14:52:13 GMT+0000 (Coordinated Universal Time),14,Joao Pedro,joao pedro,,,,,,
2026-07-29T17:50:08.521011+00:00,20260729-175008,https://trends24.in/indonesia/,Tue Jul 28 2026 14:52:13 GMT+0000 (Coordinated Universal Time),15,Kumamoto,kumamoto,,,,,,
2026-07-29T17:50:08.521011+00:00,20260729-175008,https://trends24.in/indonesia/,Tue Jul 28 2026 14:52:13 GMT+0000 (Coordinated Universal Time),16,TALAY GOONG FAMILY FS,talay goong family fs,,,,,,
2026-07-29T17:50:08.521011+00:00,20260729-175008,https://trends24.in/indonesia/,Tue Jul 28 2026 14:52:13 GMT+0000 (Coordinated Universal Time),17,THEE WAVE FAN CONNECT,thee wave fan connect,,,,,,
2026-07-29T17:50:08.521011+00:00,20260729-175008,https://trends24.in/indonesia/,Tue Jul 28 2026 14:52:13 GMT+0000 (Coordinated Universal Time),18,APBN,apbn,,,,,,
2026-07-29T17:50:08.521011+00:00,20260729-175008,https://trends24.in/indonesia/,Tue Jul 28 2026 14:52:13 GMT+0000 (Coordinated Universal Time),19,GoPay QRIS Tap,gopay qris tap,,,,,,
2026-07-29T17:50:08.521011+00:00,20260729-175008,https://trends24.in/indonesia/,Tue Jul 28 2026 14:52:13 GMT+0000 (Coordinated Universal Time),20,Myanmar,myanmar,,,,,,
2026-07-29T17:50:08.521011+00:00,20260729-175008,https://trends24.in/indonesia/,Tue Jul 28 2026 14:52:13 GMT+0000 (Coordinated Universal Time),21,Tosin,tosin,,,,,,
2026-07-29T17:50:08.521011+00:00,20260729-175008,https://trends24.in/indonesia/,Tue Jul 28 2026 14:52:13 GMT+0000 (Coordinated Universal Time),22,XAUT,xaut,,,,,,
2026-07-29T17:50:08.521011+00:00,20260729-175008,https://trends24.in/indonesia/,Tue Jul 28 2026 14:52:13 GMT+0000 (Coordinated Universal Time),23,Delap,delap,,,,,,
2026-07-29T17:50:08.521011+00:00,20260729-175008,https://trends24.in/indonesia/,Tue Jul 28 2026 14:52:13 GMT+0000 (Coordinated Universal Time),24,Zizou,zizou,,,,,,
2026-07-29T17:50:08.521011+00:00,20260729-175008,https://trends24.in/indonesia/,Tue Jul 28 2026 14:52:13 GMT+0000 (Coordinated Universal Time),25,Banten,banten,,,,,,
2026-07-29T17:50:08.521011+00:00,20260729-175008,https://trends24.in/indonesia/,Tue Jul 28 2026 14:52:13 GMT+0000 (Coordinated Universal Time),26,Filipina,filipina,,,,,,
2026-07-29T17:50:08.521011+00:00,20260729-175008,https://trends24.in/indonesia/,Tue Jul 28 2026 14:52:13 GMT+0000 (Coordinated Universal Time),27,Kakang,kakang,,,,,,
2026-07-29T17:50:08.521011+00:00,20260729-175008,https://trends24.in/indonesia/,Tue Jul 28 2026 14:52:13 GMT+0000 (Coordinated Universal Time),28,HUG E LHEE Q1,hug e lhee q1,,,,,,
2026-07-29T17:50:08.521011+00:00,20260729-175008,https://trends24.in/indonesia/,Tue Jul 28 2026 14:52:13 GMT+0000 (Coordinated Universal Time),29,Bareng,bareng,,,,,,
2026-07-29T17:50:08.521011+00:00,20260729-175008,https://trends24.in/indonesia/,Tue Jul 28 2026 14:52:13 GMT+0000 (Coordinated Universal Time),30,iPad,ipad,,,,,,
2026-07-29T17:50:08.521011+00:00,20260729-175008,https://trends24.in/indonesia/,Tue Jul 28 2026 14:52:13 GMT+0000 (Coordinated Universal Time),31,King Indo,king indo,,,,,,
2026-07-29T17:50:08.521011+00:00,20260729-175008,https://trends24.in/indonesia/,Tue Jul 28 2026 14:52:13 GMT+0000 (Coordinated Universal Time),32,Xabi,xabi,,,,,,
2026-07-29T17:50:08.521011+00:00,20260729-175008,https://trends24.in/indonesia/,Tue Jul 28 2026 14:52:13 GMT+0000 (Coordinated Universal Time),33,Budaya,budaya,,,,,,
2026-07-29T17:50:08.521011+00:00,20260729-175008,https://trends24.in/indonesia/,Tue Jul 28 2026 14:52:13 GMT+0000 (Coordinated Universal Time),34,CCTV,cctv,,,,,,
2026-07-29T17:50:08.521011+00:00,20260729-175008,https://trends24.in/indonesia/,Tue Jul 28 2026 14:52:13 GMT+0000 (Coordinated Universal Time),35,#RhytmReturns,rhytmreturns,,,,,,
2026-07-29T17:50:08.521011+00:00,20260729-175008,https://trends24.in/indonesia/,Tue Jul 28 2026 14:52:13 GMT+0000 (Coordinated Universal Time),36,#tee_vtp,tee_vtp,,,,,,
2026-07-29T17:50:08.521011+00:00,20260729-175008,https://trends24.in/indonesia/,Tue Jul 28 2026 14:52:13 GMT+0000 (Coordinated Universal Time),37,#AplikasiPintu,aplikasipintu,,,,,,
2026-07-29T17:50:08.521011+00:00,20260729-175008,https://trends24.in/indonesia/,Tue Jul 28 2026 14:52:13 GMT+0000 (Coordinated Universal Time),38,#à¹à¸à¹à¸à¹à¸à¹à¸à¸¡à¸µà¸à¸µà¸£à¹à¹à¸§à¸,à¹à¸à¹à¸à¹à¸à¹à¸à¸¡à¸µà¸à¸µà¸£à¹à¹à¸§à¸,,,,,,
2026-07-29T17:50:08.521011+00:00,20260729-175008,https://trends24.in/indonesia/,Tue Jul 28 2026 14:52:13 GMT+0000 (Coordinated Universal Time),39,#Pelindo,pelindo,,,,,,
2026-07-29T17:50:08.521011+00:00,20260729-175008,https://trends24.in/indonesia/,Tue Jul 28 2026 14:52:13 GMT+0000 (Coordinated Universal Time),40,#à¸à¸´à¸à¸à¸±à¸à¸à¸±à¸à¹à¸à¸à¸´à¸§Special,à¸à¸´à¸à¸à¸±à¸à¸à¸±à¸à¹à¸à¸à¸´à¸§special,,,,,,
2026-07-29T17:50:08.521011+00:00,20260729-175008,https://trends24.in/indonesia/,Tue Jul 28 2026 14:52:13 GMT+0000 (Coordinated Universal Time),41,#THEEWAVExCentralChaengwattana,theewavexcentralchaengwattana,,,,,,
2026-07-29T17:50:08.521011+00:00,20260729-175008,https://trends24.in/indonesia/,Tue Jul 28 2026 14:52:13 GMT+0000 (Coordinated Universal Time),42,#sea_ta_lay,sea_ta_lay,,,,,,
2026-07-29T17:50:08.521011+00:00,20260729-175008,https://trends24.in/indonesia/,Tue Jul 28 2026 14:52:13 GMT+0000 (Coordinated Universal Time),43,#WIN20RB,win20rb,,,,,,
2026-07-29T17:50:08.521011+00:00,20260729-175008,https://trends24.in/indonesia/,Tue Jul 28 2026 14:52:13 GMT+0000 (Coordinated Universal Time),44,#BetterLateThanSingle2,betterlatethansingle2,,,,,,
2026-07-29T17:50:08.521011+00:00,20260729-175008,https://trends24.in/indonesia/,Tue Jul 28 2026 14:52:13 GMT+0000 (Coordinated Universal Time),45,#keenkeno,keenkeno,,,,,,
2026-07-29T17:50:08.521011+00:00,20260729-175008,https://trends24.in/indonesia/,Tue Jul 28 2026 14:52:13 GMT+0000 (Coordinated Universal Time),46,#JagoanSinyalSeIndonesia,jagoansinyalseindonesia,,,,,,
2026-07-29T17:50:08.521011+00:00,20260729-175008,https://trends24.in/indonesia/,Tue Jul 28 2026 14:52:13 GMT+0000 (Coordinated Universal Time),47,#seakeen,seakeen,,,,,,
2026-07-29T17:50:08.521011+00:00,20260729-175008,https://trends24.in/indonesia/,Tue Jul 28 2026 14:52:13 GMT+0000 (Coordinated Universal Time),48,#bokepjapan,bokepjapan,,,,,,
2026-07-29T17:50:08.521011+00:00,20260729-175008,https://trends24.in/indonesia/,Tue Jul 28 2026 14:52:13 GMT+0000 (Coordinated Universal Time),49,#FritzyTale18,fritzytale18,,,,,,
2026-07-29T17:50:08.521011+00:00,20260729-175008,https://trends24.in/indonesia/,Tue Jul 28 2026 14:52:13 GMT+0000 (Coordinated Universal Time),50,#à¸à¸­à¸ªà¸à¸§à¸´à¸,à¸à¸­à¸ªà¸à¸§à¸´à¸,,,,,,
