captured_at_utc,run_id,source_url,hour_label,rank,name,name_norm,tweet_count_raw,tweet_count,best_position,total_tweets,trending_for_raw,trending_for_hours
2026-08-03T01:09:22.173658+00:00,20260803-010922,https://trends24.in/indonesia/,Mon Aug 03 2026 00:40:05 GMT+0000 (Coordinated Universal Time),1,Senin,senin,,,,,,
2026-08-03T01:09:22.173658+00:00,20260803-010922,https://trends24.in/indonesia/,Mon Aug 03 2026 00:40:05 GMT+0000 (Coordinated Universal Time),2,Senin,senin,,,,,,
2026-08-03T01:09:22.173658+00:00,20260803-010922,https://trends24.in/indonesia/,Mon Aug 03 2026 00:40:05 GMT+0000 (Coordinated Universal Time),3,PSD MOGULARRIVAL FS26,psd mogularrival fs26,,,,,,
2026-08-03T01:09:22.173658+00:00,20260803-010922,https://trends24.in/indonesia/,Mon Aug 03 2026 00:40:05 GMT+0000 (Coordinated Universal Time),4,#AlwayswithMarkLee,alwayswithmarklee,,,,,,
2026-08-03T01:09:22.173658+00:00,20260803-010922,https://trends24.in/indonesia/,Mon Aug 03 2026 00:40:05 GMT+0000 (Coordinated Universal Time),5,#ì¤ëë´ì¬ë¦ë¯¼íììì¼ì¶íí´,ì¤ëë´ì¬ë¦ë¯¼íììì¼ì¶íí´,,,,,,
2026-08-03T01:09:22.173658+00:00,20260803-010922,https://trends24.in/indonesia/,Mon Aug 03 2026 00:40:05 GMT+0000 (Coordinated Universal Time),6,#PeachAndMeSeriesFinalEP,peachandmeseriesfinalep,,,,,,
2026-08-03T01:09:22.173658+00:00,20260803-010922,https://trends24.in/indonesia/,Mon Aug 03 2026 00:40:05 GMT+0000 (Coordinated Universal Time),7,#aespaAtLollapalooza,aespaatlollapalooza,,,,,,
2026-08-03T01:09:22.173658+00:00,20260803-010922,https://trends24.in/indonesia/,Mon Aug 03 2026 00:40:05 GMT+0000 (Coordinated Universal Time),8,Kimpul,kimpul,,,,,,
2026-08-03T01:09:22.173658+00:00,20260803-010922,https://trends24.in/indonesia/,Mon Aug 03 2026 00:40:05 GMT+0000 (Coordinated Universal Time),9,#StopMistreatingJUHOON,stopmistreatingjuhoon,,,,,,
2026-08-03T01:09:22.173658+00:00,20260803-010922,https://trends24.in/indonesia/,Mon Aug 03 2026 00:40:05 GMT+0000 (Coordinated Universal Time),10,Pagii,pagii,,,,,,
2026-08-03T01:09:22.173658+00:00,20260803-010922,https://trends24.in/indonesia/,Mon Aug 03 2026 00:40:05 GMT+0000 (Coordinated Universal Time),11,RESPECT JUHOON'S RIGHTS,respect juhoon's rights,,,,,,
2026-08-03T01:09:22.173658+00:00,20260803-010922,https://trends24.in/indonesia/,Mon Aug 03 2026 00:40:05 GMT+0000 (Coordinated Universal Time),12,Bintaro,bintaro,,,,,,
2026-08-03T01:09:22.173658+00:00,20260803-010922,https://trends24.in/indonesia/,Mon Aug 03 2026 00:40:05 GMT+0000 (Coordinated Universal Time),13,Leeds,leeds,,,,,,
2026-08-03T01:09:22.173658+00:00,20260803-010922,https://trends24.in/indonesia/,Mon Aug 03 2026 00:40:05 GMT+0000 (Coordinated Universal Time),14,Jones,jones,,,,,,
2026-08-03T01:09:22.173658+00:00,20260803-010922,https://trends24.in/indonesia/,Mon Aug 03 2026 00:40:05 GMT+0000 (Coordinated Universal Time),15,JIN BLOOMS IN EAST RUTHERFORD,jin blooms in east rutherford,,,,,,
2026-08-03T01:09:22.173658+00:00,20260803-010922,https://trends24.in/indonesia/,Mon Aug 03 2026 00:40:05 GMT+0000 (Coordinated Universal Time),16,$USON,$uson,,,,,,
2026-08-03T01:09:22.173658+00:00,20260803-010922,https://trends24.in/indonesia/,Mon Aug 03 2026 00:40:05 GMT+0000 (Coordinated Universal Time),17,Blingy Action Plan D1,blingy action plan d1,,,,,,
2026-08-03T01:09:22.173658+00:00,20260803-010922,https://trends24.in/indonesia/,Mon Aug 03 2026 00:40:05 GMT+0000 (Coordinated Universal Time),18,LOVE TO SERVE 2ND EP,love to serve 2nd ep,,,,,,
2026-08-03T01:09:22.173658+00:00,20260803-010922,https://trends24.in/indonesia/,Mon Aug 03 2026 00:40:05 GMT+0000 (Coordinated Universal Time),19,Tangsel,tangsel,,,,,,
2026-08-03T01:09:22.173658+00:00,20260803-010922,https://trends24.in/indonesia/,Mon Aug 03 2026 00:40:05 GMT+0000 (Coordinated Universal Time),20,Agustus,agustus,,,,,,
2026-08-03T01:09:22.173658+00:00,20260803-010922,https://trends24.in/indonesia/,Mon Aug 03 2026 00:40:05 GMT+0000 (Coordinated Universal Time),21,Yandri Susanto,yandri susanto,,,,,,
2026-08-03T01:09:22.173658+00:00,20260803-010922,https://trends24.in/indonesia/,Mon Aug 03 2026 00:40:05 GMT+0000 (Coordinated Universal Time),22,DOMUNDI SPORTS 2026,domundi sports 2026,,,,,,
2026-08-03T01:09:22.173658+00:00,20260803-010922,https://trends24.in/indonesia/,Mon Aug 03 2026 00:40:05 GMT+0000 (Coordinated Universal Time),23,Ciledug,ciledug,,,,,,
2026-08-03T01:09:22.173658+00:00,20260803-010922,https://trends24.in/indonesia/,Mon Aug 03 2026 00:40:05 GMT+0000 (Coordinated Universal Time),24,FIRSTONE TURNED 26,firstone turned 26,,,,,,
2026-08-03T01:09:22.173658+00:00,20260803-010922,https://trends24.in/indonesia/,Mon Aug 03 2026 00:40:05 GMT+0000 (Coordinated Universal Time),25,TEETEEPOR CHEER UP,teeteepor cheer up,,,,,,
2026-08-03T01:09:22.173658+00:00,20260803-010922,https://trends24.in/indonesia/,Mon Aug 03 2026 00:40:05 GMT+0000 (Coordinated Universal Time),26,ing at buriram,ing at buriram,,,,,,
2026-08-03T01:09:22.173658+00:00,20260803-010922,https://trends24.in/indonesia/,Mon Aug 03 2026 00:40:05 GMT+0000 (Coordinated Universal Time),27,Sangat Menyesatkan,sangat menyesatkan,,,,,,
2026-08-03T01:09:22.173658+00:00,20260803-010922,https://trends24.in/indonesia/,Mon Aug 03 2026 00:40:05 GMT+0000 (Coordinated Universal Time),28,RACER OHM PAWAT D2,racer ohm pawat d2,,,,,,
2026-08-03T01:09:22.173658+00:00,20260803-010922,https://trends24.in/indonesia/,Mon Aug 03 2026 00:40:05 GMT+0000 (Coordinated Universal Time),29,AQUA Elektronik,aqua elektronik,,,,,,
2026-08-03T01:09:22.173658+00:00,20260803-010922,https://trends24.in/indonesia/,Mon Aug 03 2026 00:40:05 GMT+0000 (Coordinated Universal Time),30,Menteri Desa PDT,menteri desa pdt,,,,,,
2026-08-03T01:09:22.173658+00:00,20260803-010922,https://trends24.in/indonesia/,Mon Aug 03 2026 00:40:05 GMT+0000 (Coordinated Universal Time),31,CORTISPALOOZA BEGINS NOW,cortispalooza begins now,,,,,,
2026-08-03T01:09:22.173658+00:00,20260803-010922,https://trends24.in/indonesia/,Mon Aug 03 2026 00:40:05 GMT+0000 (Coordinated Universal Time),32,Stabilitas Nasional,stabilitas nasional,,,,,,
2026-08-03T01:09:22.173658+00:00,20260803-010922,https://trends24.in/indonesia/,Mon Aug 03 2026 00:40:05 GMT+0000 (Coordinated Universal Time),33,hapsun,hapsun,,,,,,
2026-08-03T01:09:22.173658+00:00,20260803-010922,https://trends24.in/indonesia/,Mon Aug 03 2026 00:40:05 GMT+0000 (Coordinated Universal Time),34,Mendes PDT,mendes pdt,,,,,,
2026-08-03T01:09:22.173658+00:00,20260803-010922,https://trends24.in/indonesia/,Mon Aug 03 2026 00:40:05 GMT+0000 (Coordinated Universal Time),35,senada couple outfit,senada couple outfit,,,,,,
2026-08-03T01:09:22.173658+00:00,20260803-010922,https://trends24.in/indonesia/,Mon Aug 03 2026 00:40:05 GMT+0000 (Coordinated Universal Time),36,THOMASKONG TOKY GAME ON,thomaskong toky game on,,,,,,
2026-08-03T01:09:22.173658+00:00,20260803-010922,https://trends24.in/indonesia/,Mon Aug 03 2026 00:40:05 GMT+0000 (Coordinated Universal Time),37,Raja,raja,,,,,,
2026-08-03T01:09:22.173658+00:00,20260803-010922,https://trends24.in/indonesia/,Mon Aug 03 2026 00:40:05 GMT+0000 (Coordinated Universal Time),38,Waalaikumsalam,waalaikumsalam,,,,,,
2026-08-03T01:09:22.173658+00:00,20260803-010922,https://trends24.in/indonesia/,Mon Aug 03 2026 00:40:05 GMT+0000 (Coordinated Universal Time),39,Nyoni,nyoni,,,,,,
2026-08-03T01:09:22.173658+00:00,20260803-010922,https://trends24.in/indonesia/,Mon Aug 03 2026 00:40:05 GMT+0000 (Coordinated Universal Time),40,MONDPROPON FANSIGN,mondpropon fansign,,,,,,
2026-08-03T01:09:22.173658+00:00,20260803-010922,https://trends24.in/indonesia/,Mon Aug 03 2026 00:40:05 GMT+0000 (Coordinated Universal Time),41,Strasbourg,strasbourg,,,,,,
2026-08-03T01:09:22.173658+00:00,20260803-010922,https://trends24.in/indonesia/,Mon Aug 03 2026 00:40:05 GMT+0000 (Coordinated Universal Time),42,Reverse Auction,reverse auction,,,,,,
2026-08-03T01:09:22.173658+00:00,20260803-010922,https://trends24.in/indonesia/,Mon Aug 03 2026 00:40:05 GMT+0000 (Coordinated Universal Time),43,Jaksel,jaksel,,,,,,
2026-08-03T01:09:22.173658+00:00,20260803-010922,https://trends24.in/indonesia/,Mon Aug 03 2026 00:40:05 GMT+0000 (Coordinated Universal Time),44,dew renji the first stage,dew renji the first stage,,,,,,
2026-08-03T01:09:22.173658+00:00,20260803-010922,https://trends24.in/indonesia/,Mon Aug 03 2026 00:40:05 GMT+0000 (Coordinated Universal Time),45,KDMP,kdmp,,,,,,
2026-08-03T01:09:22.173658+00:00,20260803-010922,https://trends24.in/indonesia/,Mon Aug 03 2026 00:40:05 GMT+0000 (Coordinated Universal Time),46,Sumenep,sumenep,,,,,,
2026-08-03T01:09:22.173658+00:00,20260803-010922,https://trends24.in/indonesia/,Mon Aug 03 2026 00:40:05 GMT+0000 (Coordinated Universal Time),47,le chevalier,le chevalier,,,,,,
2026-08-03T01:09:22.173658+00:00,20260803-010922,https://trends24.in/indonesia/,Mon Aug 03 2026 00:40:05 GMT+0000 (Coordinated Universal Time),48,WIN FANMEETING IN JKT,win fanmeeting in jkt,,,,,,
2026-08-03T01:09:22.173658+00:00,20260803-010922,https://trends24.in/indonesia/,Mon Aug 03 2026 00:40:05 GMT+0000 (Coordinated Universal Time),49,Liverpool,liverpool,,,,,,
2026-08-03T01:09:22.173658+00:00,20260803-010922,https://trends24.in/indonesia/,Mon Aug 03 2026 00:40:05 GMT+0000 (Coordinated Universal Time),50,team 2 - teach you a lesson,team 2 - teach you a lesson,,,,,,
2026-08-03T01:09:22.173658+00:00,20260803-010922,https://trends24.in/indonesia/,Sun Aug 02 2026 23:48:23 GMT+0000 (Coordinated Universal Time),1,PSD MOGULARRIVAL FS26,psd mogularrival fs26,,,,,,
2026-08-03T01:09:22.173658+00:00,20260803-010922,https://trends24.in/indonesia/,Sun Aug 02 2026 23:48:23 GMT+0000 (Coordinated Universal Time),2,Senin,senin,,,,,,
2026-08-03T01:09:22.173658+00:00,20260803-010922,https://trends24.in/indonesia/,Sun Aug 02 2026 23:48:23 GMT+0000 (Coordinated Universal Time),3,Senin,senin,,,,,,
2026-08-03T01:09:22.173658+00:00,20260803-010922,https://trends24.in/indonesia/,Sun Aug 02 2026 23:48:23 GMT+0000 (Coordinated Universal Time),4,#AlwayswithMarkLee,alwayswithmarklee,,,,,,
2026-08-03T01:09:22.173658+00:00,20260803-010922,https://trends24.in/indonesia/,Sun Aug 02 2026 23:48:23 GMT+0000 (Coordinated Universal Time),5,#PeachAndMeSeriesFinalEP,peachandmeseriesfinalep,,,,,,
2026-08-03T01:09:22.173658+00:00,20260803-010922,https://trends24.in/indonesia/,Sun Aug 02 2026 23:48:23 GMT+0000 (Coordinated Universal Time),6,#ì¤ëë´ì¬ë¦ë¯¼íììì¼ì¶íí´,ì¤ëë´ì¬ë¦ë¯¼íììì¼ì¶íí´,,,,,,
2026-08-03T01:09:22.173658+00:00,20260803-010922,https://trends24.in/indonesia/,Sun Aug 02 2026 23:48:23 GMT+0000 (Coordinated Universal Time),7,Kimpul,kimpul,,,,,,
2026-08-03T01:09:22.173658+00:00,20260803-010922,https://trends24.in/indonesia/,Sun Aug 02 2026 23:48:23 GMT+0000 (Coordinated Universal Time),8,Bintaro,bintaro,,,,,,
2026-08-03T01:09:22.173658+00:00,20260803-010922,https://trends24.in/indonesia/,Sun Aug 02 2026 23:48:23 GMT+0000 (Coordinated Universal Time),9,#DMDSportsDay2026,dmdsportsday2026,,,,,,
2026-08-03T01:09:22.173658+00:00,20260803-010922,https://trends24.in/indonesia/,Sun Aug 02 2026 23:48:23 GMT+0000 (Coordinated Universal Time),10,#StopMistreatingJUHOON,stopmistreatingjuhoon,,,,,,
2026-08-03T01:09:22.173658+00:00,20260803-010922,https://trends24.in/indonesia/,Sun Aug 02 2026 23:48:23 GMT+0000 (Coordinated Universal Time),11,RESPECT JUHOON'S RIGHTS,respect juhoon's rights,,,,,,
2026-08-03T01:09:22.173658+00:00,20260803-010922,https://trends24.in/indonesia/,Sun Aug 02 2026 23:48:23 GMT+0000 (Coordinated Universal Time),12,$USON,$uson,,,,,,
2026-08-03T01:09:22.173658+00:00,20260803-010922,https://trends24.in/indonesia/,Sun Aug 02 2026 23:48:23 GMT+0000 (Coordinated Universal Time),13,Nyoni,nyoni,,,,,,
2026-08-03T01:09:22.173658+00:00,20260803-010922,https://trends24.in/indonesia/,Sun Aug 02 2026 23:48:23 GMT+0000 (Coordinated Universal Time),14,Jones,jones,,,,,,
2026-08-03T01:09:22.173658+00:00,20260803-010922,https://trends24.in/indonesia/,Sun Aug 02 2026 23:48:23 GMT+0000 (Coordinated Universal Time),15,Leeds,leeds,,,,,,
2026-08-03T01:09:22.173658+00:00,20260803-010922,https://trends24.in/indonesia/,Sun Aug 02 2026 23:48:23 GMT+0000 (Coordinated Universal Time),16,Ciledug,ciledug,,,,,,
2026-08-03T01:09:22.173658+00:00,20260803-010922,https://trends24.in/indonesia/,Sun Aug 02 2026 23:48:23 GMT+0000 (Coordinated Universal Time),17,JIN BLOOMS IN EAST RUTHERFORD,jin blooms in east rutherford,,,,,,
2026-08-03T01:09:22.173658+00:00,20260803-010922,https://trends24.in/indonesia/,Sun Aug 02 2026 23:48:23 GMT+0000 (Coordinated Universal Time),18,Blingy Action Plan D1,blingy action plan d1,,,,,,
2026-08-03T01:09:22.173658+00:00,20260803-010922,https://trends24.in/indonesia/,Sun Aug 02 2026 23:48:23 GMT+0000 (Coordinated Universal Time),19,Tangsel,tangsel,,,,,,
2026-08-03T01:09:22.173658+00:00,20260803-010922,https://trends24.in/indonesia/,Sun Aug 02 2026 23:48:23 GMT+0000 (Coordinated Universal Time),20,LOVE TO SERVE 2ND EP,love to serve 2nd ep,,,,,,
2026-08-03T01:09:22.173658+00:00,20260803-010922,https://trends24.in/indonesia/,Sun Aug 02 2026 23:48:23 GMT+0000 (Coordinated Universal Time),21,Yandri Susanto,yandri susanto,,,,,,
2026-08-03T01:09:22.173658+00:00,20260803-010922,https://trends24.in/indonesia/,Sun Aug 02 2026 23:48:23 GMT+0000 (Coordinated Universal Time),22,Agustus,agustus,,,,,,
2026-08-03T01:09:22.173658+00:00,20260803-010922,https://trends24.in/indonesia/,Sun Aug 02 2026 23:48:23 GMT+0000 (Coordinated Universal Time),23,DOMUNDI SPORTS 2026,domundi sports 2026,,,,,,
2026-08-03T01:09:22.173658+00:00,20260803-010922,https://trends24.in/indonesia/,Sun Aug 02 2026 23:48:23 GMT+0000 (Coordinated Universal Time),24,FIRSTONE TURNED 26,firstone turned 26,,,,,,
2026-08-03T01:09:22.173658+00:00,20260803-010922,https://trends24.in/indonesia/,Sun Aug 02 2026 23:48:23 GMT+0000 (Coordinated Universal Time),25,TEETEEPOR CHEER UP,teeteepor cheer up,,,,,,
2026-08-03T01:09:22.173658+00:00,20260803-010922,https://trends24.in/indonesia/,Sun Aug 02 2026 23:48:23 GMT+0000 (Coordinated Universal Time),26,Sangat Menyesatkan,sangat menyesatkan,,,,,,
2026-08-03T01:09:22.173658+00:00,20260803-010922,https://trends24.in/indonesia/,Sun Aug 02 2026 23:48:23 GMT+0000 (Coordinated Universal Time),27,ing at buriram,ing at buriram,,,,,,
2026-08-03T01:09:22.173658+00:00,20260803-010922,https://trends24.in/indonesia/,Sun Aug 02 2026 23:48:23 GMT+0000 (Coordinated Universal Time),28,RACER OHM PAWAT D2,racer ohm pawat d2,,,,,,
2026-08-03T01:09:22.173658+00:00,20260803-010922,https://trends24.in/indonesia/,Sun Aug 02 2026 23:48:23 GMT+0000 (Coordinated Universal Time),29,PONDPHUWIN RENDEZV MANILA,pondphuwin rendezv manila,,,,,,
2026-08-03T01:09:22.173658+00:00,20260803-010922,https://trends24.in/indonesia/,Sun Aug 02 2026 23:48:23 GMT+0000 (Coordinated Universal Time),30,AQUA Elektronik,aqua elektronik,,,,,,
2026-08-03T01:09:22.173658+00:00,20260803-010922,https://trends24.in/indonesia/,Sun Aug 02 2026 23:48:23 GMT+0000 (Coordinated Universal Time),31,Menteri Desa PDT,menteri desa pdt,,,,,,
2026-08-03T01:09:22.173658+00:00,20260803-010922,https://trends24.in/indonesia/,Sun Aug 02 2026 23:48:23 GMT+0000 (Coordinated Universal Time),32,Stabilitas Nasional,stabilitas nasional,,,,,,
2026-08-03T01:09:22.173658+00:00,20260803-010922,https://trends24.in/indonesia/,Sun Aug 02 2026 23:48:23 GMT+0000 (Coordinated Universal Time),33,CORTISPALOOZA BEGINS NOW,cortispalooza begins now,,,,,,
2026-08-03T01:09:22.173658+00:00,20260803-010922,https://trends24.in/indonesia/,Sun Aug 02 2026 23:48:23 GMT+0000 (Coordinated Universal Time),34,Strasbourg,strasbourg,,,,,,
2026-08-03T01:09:22.173658+00:00,20260803-010922,https://trends24.in/indonesia/,Sun Aug 02 2026 23:48:23 GMT+0000 (Coordinated Universal Time),35,hapsun,hapsun,,,,,,
2026-08-03T01:09:22.173658+00:00,20260803-010922,https://trends24.in/indonesia/,Sun Aug 02 2026 23:48:23 GMT+0000 (Coordinated Universal Time),36,WIN FANMEETING IN JKT,win fanmeeting in jkt,,,,,,
2026-08-03T01:09:22.173658+00:00,20260803-010922,https://trends24.in/indonesia/,Sun Aug 02 2026 23:48:23 GMT+0000 (Coordinated Universal Time),37,Raja,raja,,,,,,
2026-08-03T01:09:22.173658+00:00,20260803-010922,https://trends24.in/indonesia/,Sun Aug 02 2026 23:48:23 GMT+0000 (Coordinated Universal Time),38,Mendes PDT,mendes pdt,,,,,,
2026-08-03T01:09:22.173658+00:00,20260803-010922,https://trends24.in/indonesia/,Sun Aug 02 2026 23:48:23 GMT+0000 (Coordinated Universal Time),39,senada couple outfit,senada couple outfit,,,,,,
2026-08-03T01:09:22.173658+00:00,20260803-010922,https://trends24.in/indonesia/,Sun Aug 02 2026 23:48:23 GMT+0000 (Coordinated Universal Time),40,THOMASKONG TOKY GAME ON,thomaskong toky game on,,,,,,
2026-08-03T01:09:22.173658+00:00,20260803-010922,https://trends24.in/indonesia/,Sun Aug 02 2026 23:48:23 GMT+0000 (Coordinated Universal Time),41,Waalaikumsalam,waalaikumsalam,,,,,,
2026-08-03T01:09:22.173658+00:00,20260803-010922,https://trends24.in/indonesia/,Sun Aug 02 2026 23:48:23 GMT+0000 (Coordinated Universal Time),42,MONDPROPON FANSIGN,mondpropon fansign,,,,,,
2026-08-03T01:09:22.173658+00:00,20260803-010922,https://trends24.in/indonesia/,Sun Aug 02 2026 23:48:23 GMT+0000 (Coordinated Universal Time),43,KDMP,kdmp,,,,,,
2026-08-03T01:09:22.173658+00:00,20260803-010922,https://trends24.in/indonesia/,Sun Aug 02 2026 23:48:23 GMT+0000 (Coordinated Universal Time),44,theepeach,theepeach,,,,,,
2026-08-03T01:09:22.173658+00:00,20260803-010922,https://trends24.in/indonesia/,Sun Aug 02 2026 23:48:23 GMT+0000 (Coordinated Universal Time),45,ZEENUNEW x ZON SUSU,zeenunew x zon susu,,,,,,
2026-08-03T01:09:22.173658+00:00,20260803-010922,https://trends24.in/indonesia/,Sun Aug 02 2026 23:48:23 GMT+0000 (Coordinated Universal Time),46,Pagii,pagii,,,,,,
2026-08-03T01:09:22.173658+00:00,20260803-010922,https://trends24.in/indonesia/,Sun Aug 02 2026 23:48:23 GMT+0000 (Coordinated Universal Time),47,dew renji the first stage,dew renji the first stage,,,,,,
2026-08-03T01:09:22.173658+00:00,20260803-010922,https://trends24.in/indonesia/,Sun Aug 02 2026 23:48:23 GMT+0000 (Coordinated Universal Time),48,le chevalier,le chevalier,,,,,,
2026-08-03T01:09:22.173658+00:00,20260803-010922,https://trends24.in/indonesia/,Sun Aug 02 2026 23:48:23 GMT+0000 (Coordinated Universal Time),49,Sumenep,sumenep,,,,,,
2026-08-03T01:09:22.173658+00:00,20260803-010922,https://trends24.in/indonesia/,Sun Aug 02 2026 23:48:23 GMT+0000 (Coordinated Universal Time),50,Liverpool,liverpool,,,,,,
2026-08-03T01:09:22.173658+00:00,20260803-010922,https://trends24.in/indonesia/,Sun Aug 02 2026 23:48:15 GMT+0000 (Coordinated Universal Time),1,PSD MOGULARRIVAL FS26,psd mogularrival fs26,,,,,,
2026-08-03T01:09:22.173658+00:00,20260803-010922,https://trends24.in/indonesia/,Sun Aug 02 2026 23:48:15 GMT+0000 (Coordinated Universal Time),2,Senin,senin,,,,,,
2026-08-03T01:09:22.173658+00:00,20260803-010922,https://trends24.in/indonesia/,Sun Aug 02 2026 23:48:15 GMT+0000 (Coordinated Universal Time),3,Senin,senin,,,,,,
2026-08-03T01:09:22.173658+00:00,20260803-010922,https://trends24.in/indonesia/,Sun Aug 02 2026 23:48:15 GMT+0000 (Coordinated Universal Time),4,#PeachAndMeSeriesFinalEP,peachandmeseriesfinalep,,,,,,
2026-08-03T01:09:22.173658+00:00,20260803-010922,https://trends24.in/indonesia/,Sun Aug 02 2026 23:48:15 GMT+0000 (Coordinated Universal Time),5,#AlwayswithMarkLee,alwayswithmarklee,,,,,,
2026-08-03T01:09:22.173658+00:00,20260803-010922,https://trends24.in/indonesia/,Sun Aug 02 2026 23:48:15 GMT+0000 (Coordinated Universal Time),6,#ì¤ëë´ì¬ë¦ë¯¼íììì¼ì¶íí´,ì¤ëë´ì¬ë¦ë¯¼íììì¼ì¶íí´,,,,,,
2026-08-03T01:09:22.173658+00:00,20260803-010922,https://trends24.in/indonesia/,Sun Aug 02 2026 23:48:15 GMT+0000 (Coordinated Universal Time),7,Kimpul,kimpul,,,,,,
2026-08-03T01:09:22.173658+00:00,20260803-010922,https://trends24.in/indonesia/,Sun Aug 02 2026 23:48:15 GMT+0000 (Coordinated Universal Time),8,Bintaro,bintaro,,,,,,
2026-08-03T01:09:22.173658+00:00,20260803-010922,https://trends24.in/indonesia/,Sun Aug 02 2026 23:48:15 GMT+0000 (Coordinated Universal Time),9,#DMDSportsDay2026,dmdsportsday2026,,,,,,
2026-08-03T01:09:22.173658+00:00,20260803-010922,https://trends24.in/indonesia/,Sun Aug 02 2026 23:48:15 GMT+0000 (Coordinated Universal Time),10,#StopMistreatingJUHOON,stopmistreatingjuhoon,,,,,,
2026-08-03T01:09:22.173658+00:00,20260803-010922,https://trends24.in/indonesia/,Sun Aug 02 2026 23:48:15 GMT+0000 (Coordinated Universal Time),11,RESPECT JUHOON'S RIGHTS,respect juhoon's rights,,,,,,
2026-08-03T01:09:22.173658+00:00,20260803-010922,https://trends24.in/indonesia/,Sun Aug 02 2026 23:48:15 GMT+0000 (Coordinated Universal Time),12,$USON,$uson,,,,,,
2026-08-03T01:09:22.173658+00:00,20260803-010922,https://trends24.in/indonesia/,Sun Aug 02 2026 23:48:15 GMT+0000 (Coordinated Universal Time),13,Nyoni,nyoni,,,,,,
2026-08-03T01:09:22.173658+00:00,20260803-010922,https://trends24.in/indonesia/,Sun Aug 02 2026 23:48:15 GMT+0000 (Coordinated Universal Time),14,Jones,jones,,,,,,
2026-08-03T01:09:22.173658+00:00,20260803-010922,https://trends24.in/indonesia/,Sun Aug 02 2026 23:48:15 GMT+0000 (Coordinated Universal Time),15,Leeds,leeds,,,,,,
2026-08-03T01:09:22.173658+00:00,20260803-010922,https://trends24.in/indonesia/,Sun Aug 02 2026 23:48:15 GMT+0000 (Coordinated Universal Time),16,Ciledug,ciledug,,,,,,
2026-08-03T01:09:22.173658+00:00,20260803-010922,https://trends24.in/indonesia/,Sun Aug 02 2026 23:48:15 GMT+0000 (Coordinated Universal Time),17,JIN BLOOMS IN EAST RUTHERFORD,jin blooms in east rutherford,,,,,,
2026-08-03T01:09:22.173658+00:00,20260803-010922,https://trends24.in/indonesia/,Sun Aug 02 2026 23:48:15 GMT+0000 (Coordinated Universal Time),18,Blingy Action Plan D1,blingy action plan d1,,,,,,
2026-08-03T01:09:22.173658+00:00,20260803-010922,https://trends24.in/indonesia/,Sun Aug 02 2026 23:48:15 GMT+0000 (Coordinated Universal Time),19,Tangsel,tangsel,,,,,,
2026-08-03T01:09:22.173658+00:00,20260803-010922,https://trends24.in/indonesia/,Sun Aug 02 2026 23:48:15 GMT+0000 (Coordinated Universal Time),20,LOVE TO SERVE 2ND EP,love to serve 2nd ep,,,,,,
2026-08-03T01:09:22.173658+00:00,20260803-010922,https://trends24.in/indonesia/,Sun Aug 02 2026 23:48:15 GMT+0000 (Coordinated Universal Time),21,Yandri Susanto,yandri susanto,,,,,,
2026-08-03T01:09:22.173658+00:00,20260803-010922,https://trends24.in/indonesia/,Sun Aug 02 2026 23:48:15 GMT+0000 (Coordinated Universal Time),22,Agustus,agustus,,,,,,
2026-08-03T01:09:22.173658+00:00,20260803-010922,https://trends24.in/indonesia/,Sun Aug 02 2026 23:48:15 GMT+0000 (Coordinated Universal Time),23,DOMUNDI SPORTS 2026,domundi sports 2026,,,,,,
2026-08-03T01:09:22.173658+00:00,20260803-010922,https://trends24.in/indonesia/,Sun Aug 02 2026 23:48:15 GMT+0000 (Coordinated Universal Time),24,FIRSTONE TURNED 26,firstone turned 26,,,,,,
2026-08-03T01:09:22.173658+00:00,20260803-010922,https://trends24.in/indonesia/,Sun Aug 02 2026 23:48:15 GMT+0000 (Coordinated Universal Time),25,TEETEEPOR CHEER UP,teeteepor cheer up,,,,,,
2026-08-03T01:09:22.173658+00:00,20260803-010922,https://trends24.in/indonesia/,Sun Aug 02 2026 23:48:15 GMT+0000 (Coordinated Universal Time),26,Sangat Menyesatkan,sangat menyesatkan,,,,,,
2026-08-03T01:09:22.173658+00:00,20260803-010922,https://trends24.in/indonesia/,Sun Aug 02 2026 23:48:15 GMT+0000 (Coordinated Universal Time),27,ing at buriram,ing at buriram,,,,,,
2026-08-03T01:09:22.173658+00:00,20260803-010922,https://trends24.in/indonesia/,Sun Aug 02 2026 23:48:15 GMT+0000 (Coordinated Universal Time),28,RACER OHM PAWAT D2,racer ohm pawat d2,,,,,,
2026-08-03T01:09:22.173658+00:00,20260803-010922,https://trends24.in/indonesia/,Sun Aug 02 2026 23:48:15 GMT+0000 (Coordinated Universal Time),29,PONDPHUWIN RENDEZV MANILA,pondphuwin rendezv manila,,,,,,
2026-08-03T01:09:22.173658+00:00,20260803-010922,https://trends24.in/indonesia/,Sun Aug 02 2026 23:48:15 GMT+0000 (Coordinated Universal Time),30,AQUA Elektronik,aqua elektronik,,,,,,
2026-08-03T01:09:22.173658+00:00,20260803-010922,https://trends24.in/indonesia/,Sun Aug 02 2026 23:48:15 GMT+0000 (Coordinated Universal Time),31,Menteri Desa PDT,menteri desa pdt,,,,,,
2026-08-03T01:09:22.173658+00:00,20260803-010922,https://trends24.in/indonesia/,Sun Aug 02 2026 23:48:15 GMT+0000 (Coordinated Universal Time),32,Stabilitas Nasional,stabilitas nasional,,,,,,
2026-08-03T01:09:22.173658+00:00,20260803-010922,https://trends24.in/indonesia/,Sun Aug 02 2026 23:48:15 GMT+0000 (Coordinated Universal Time),33,CORTISPALOOZA BEGINS NOW,cortispalooza begins now,,,,,,
2026-08-03T01:09:22.173658+00:00,20260803-010922,https://trends24.in/indonesia/,Sun Aug 02 2026 23:48:15 GMT+0000 (Coordinated Universal Time),34,Strasbourg,strasbourg,,,,,,
2026-08-03T01:09:22.173658+00:00,20260803-010922,https://trends24.in/indonesia/,Sun Aug 02 2026 23:48:15 GMT+0000 (Coordinated Universal Time),35,hapsun,hapsun,,,,,,
2026-08-03T01:09:22.173658+00:00,20260803-010922,https://trends24.in/indonesia/,Sun Aug 02 2026 23:48:15 GMT+0000 (Coordinated Universal Time),36,WIN FANMEETING IN JKT,win fanmeeting in jkt,,,,,,
2026-08-03T01:09:22.173658+00:00,20260803-010922,https://trends24.in/indonesia/,Sun Aug 02 2026 23:48:15 GMT+0000 (Coordinated Universal Time),37,Raja,raja,,,,,,
2026-08-03T01:09:22.173658+00:00,20260803-010922,https://trends24.in/indonesia/,Sun Aug 02 2026 23:48:15 GMT+0000 (Coordinated Universal Time),38,Mendes PDT,mendes pdt,,,,,,
2026-08-03T01:09:22.173658+00:00,20260803-010922,https://trends24.in/indonesia/,Sun Aug 02 2026 23:48:15 GMT+0000 (Coordinated Universal Time),39,senada couple outfit,senada couple outfit,,,,,,
2026-08-03T01:09:22.173658+00:00,20260803-010922,https://trends24.in/indonesia/,Sun Aug 02 2026 23:48:15 GMT+0000 (Coordinated Universal Time),40,THOMASKONG TOKY GAME ON,thomaskong toky game on,,,,,,
2026-08-03T01:09:22.173658+00:00,20260803-010922,https://trends24.in/indonesia/,Sun Aug 02 2026 23:48:15 GMT+0000 (Coordinated Universal Time),41,Waalaikumsalam,waalaikumsalam,,,,,,
2026-08-03T01:09:22.173658+00:00,20260803-010922,https://trends24.in/indonesia/,Sun Aug 02 2026 23:48:15 GMT+0000 (Coordinated Universal Time),42,MONDPROPON FANSIGN,mondpropon fansign,,,,,,
2026-08-03T01:09:22.173658+00:00,20260803-010922,https://trends24.in/indonesia/,Sun Aug 02 2026 23:48:15 GMT+0000 (Coordinated Universal Time),43,KDMP,kdmp,,,,,,
2026-08-03T01:09:22.173658+00:00,20260803-010922,https://trends24.in/indonesia/,Sun Aug 02 2026 23:48:15 GMT+0000 (Coordinated Universal Time),44,theepeach,theepeach,,,,,,
2026-08-03T01:09:22.173658+00:00,20260803-010922,https://trends24.in/indonesia/,Sun Aug 02 2026 23:48:15 GMT+0000 (Coordinated Universal Time),45,ZEENUNEW x ZON SUSU,zeenunew x zon susu,,,,,,
2026-08-03T01:09:22.173658+00:00,20260803-010922,https://trends24.in/indonesia/,Sun Aug 02 2026 23:48:15 GMT+0000 (Coordinated Universal Time),46,dew renji the first stage,dew renji the first stage,,,,,,
2026-08-03T01:09:22.173658+00:00,20260803-010922,https://trends24.in/indonesia/,Sun Aug 02 2026 23:48:15 GMT+0000 (Coordinated Universal Time),47,le chevalier,le chevalier,,,,,,
2026-08-03T01:09:22.173658+00:00,20260803-010922,https://trends24.in/indonesia/,Sun Aug 02 2026 23:48:15 GMT+0000 (Coordinated Universal Time),48,Sumenep,sumenep,,,,,,
2026-08-03T01:09:22.173658+00:00,20260803-010922,https://trends24.in/indonesia/,Sun Aug 02 2026 23:48:15 GMT+0000 (Coordinated Universal Time),49,Pagii,pagii,,,,,,
2026-08-03T01:09:22.173658+00:00,20260803-010922,https://trends24.in/indonesia/,Sun Aug 02 2026 23:48:15 GMT+0000 (Coordinated Universal Time),50,Liverpool,liverpool,,,,,,
2026-08-03T01:09:22.173658+00:00,20260803-010922,https://trends24.in/indonesia/,Sun Aug 02 2026 22:57:21 GMT+0000 (Coordinated Universal Time),1,PSD MOGULARRIVAL FS26,psd mogularrival fs26,,,,,,
2026-08-03T01:09:22.173658+00:00,20260803-010922,https://trends24.in/indonesia/,Sun Aug 02 2026 22:57:21 GMT+0000 (Coordinated Universal Time),2,#AlwayswithMarkLee,alwayswithmarklee,,,,,,
2026-08-03T01:09:22.173658+00:00,20260803-010922,https://trends24.in/indonesia/,Sun Aug 02 2026 22:57:21 GMT+0000 (Coordinated Universal Time),3,#ì¤ëë´ì¬ë¦ë¯¼íììì¼ì¶íí´,ì¤ëë´ì¬ë¦ë¯¼íììì¼ì¶íí´,,,,,,
2026-08-03T01:09:22.173658+00:00,20260803-010922,https://trends24.in/indonesia/,Sun Aug 02 2026 22:57:21 GMT+0000 (Coordinated Universal Time),4,#PeachAndMeSeriesFinalEP,peachandmeseriesfinalep,,,,,,
2026-08-03T01:09:22.173658+00:00,20260803-010922,https://trends24.in/indonesia/,Sun Aug 02 2026 22:57:21 GMT+0000 (Coordinated Universal Time),5,Senin,senin,,,,,,
2026-08-03T01:09:22.173658+00:00,20260803-010922,https://trends24.in/indonesia/,Sun Aug 02 2026 22:57:21 GMT+0000 (Coordinated Universal Time),6,Kimpul,kimpul,,,,,,
2026-08-03T01:09:22.173658+00:00,20260803-010922,https://trends24.in/indonesia/,Sun Aug 02 2026 22:57:21 GMT+0000 (Coordinated Universal Time),7,#DMDSportsDay2026,dmdsportsday2026,,,,,,
2026-08-03T01:09:22.173658+00:00,20260803-010922,https://trends24.in/indonesia/,Sun Aug 02 2026 22:57:21 GMT+0000 (Coordinated Universal Time),8,#StopMistreatingJUHOON,stopmistreatingjuhoon,,,,,,
2026-08-03T01:09:22.173658+00:00,20260803-010922,https://trends24.in/indonesia/,Sun Aug 02 2026 22:57:21 GMT+0000 (Coordinated Universal Time),9,RESPECT JUHOON'S RIGHTS,respect juhoon's rights,,,,,,
2026-08-03T01:09:22.173658+00:00,20260803-010922,https://trends24.in/indonesia/,Sun Aug 02 2026 22:57:21 GMT+0000 (Coordinated Universal Time),10,Bintaro,bintaro,,,,,,
2026-08-03T01:09:22.173658+00:00,20260803-010922,https://trends24.in/indonesia/,Sun Aug 02 2026 22:57:21 GMT+0000 (Coordinated Universal Time),11,Nyoni,nyoni,,,,,,
2026-08-03T01:09:22.173658+00:00,20260803-010922,https://trends24.in/indonesia/,Sun Aug 02 2026 22:57:21 GMT+0000 (Coordinated Universal Time),12,Blingy Action Plan D1,blingy action plan d1,,,,,,
2026-08-03T01:09:22.173658+00:00,20260803-010922,https://trends24.in/indonesia/,Sun Aug 02 2026 22:57:21 GMT+0000 (Coordinated Universal Time),13,Jones,jones,,,,,,
2026-08-03T01:09:22.173658+00:00,20260803-010922,https://trends24.in/indonesia/,Sun Aug 02 2026 22:57:21 GMT+0000 (Coordinated Universal Time),14,Ciledug,ciledug,,,,,,
2026-08-03T01:09:22.173658+00:00,20260803-010922,https://trends24.in/indonesia/,Sun Aug 02 2026 22:57:21 GMT+0000 (Coordinated Universal Time),15,Yandri Susanto,yandri susanto,,,,,,
2026-08-03T01:09:22.173658+00:00,20260803-010922,https://trends24.in/indonesia/,Sun Aug 02 2026 22:57:21 GMT+0000 (Coordinated Universal Time),16,LOVE TO SERVE 2ND EP,love to serve 2nd ep,,,,,,
2026-08-03T01:09:22.173658+00:00,20260803-010922,https://trends24.in/indonesia/,Sun Aug 02 2026 22:57:21 GMT+0000 (Coordinated Universal Time),17,Agustus,agustus,,,,,,
2026-08-03T01:09:22.173658+00:00,20260803-010922,https://trends24.in/indonesia/,Sun Aug 02 2026 22:57:21 GMT+0000 (Coordinated Universal Time),18,DOMUNDI SPORTS 2026,domundi sports 2026,,,,,,
2026-08-03T01:09:22.173658+00:00,20260803-010922,https://trends24.in/indonesia/,Sun Aug 02 2026 22:57:21 GMT+0000 (Coordinated Universal Time),19,$USON,$uson,,,,,,
2026-08-03T01:09:22.173658+00:00,20260803-010922,https://trends24.in/indonesia/,Sun Aug 02 2026 22:57:21 GMT+0000 (Coordinated Universal Time),20,FIRSTONE TURNED 26,firstone turned 26,,,,,,
2026-08-03T01:09:22.173658+00:00,20260803-010922,https://trends24.in/indonesia/,Sun Aug 02 2026 22:57:21 GMT+0000 (Coordinated Universal Time),21,East Rutherford,east rutherford,,,,,,
2026-08-03T01:09:22.173658+00:00,20260803-010922,https://trends24.in/indonesia/,Sun Aug 02 2026 22:57:21 GMT+0000 (Coordinated Universal Time),22,Minggu,minggu,,,,,,
2026-08-03T01:09:22.173658+00:00,20260803-010922,https://trends24.in/indonesia/,Sun Aug 02 2026 22:57:21 GMT+0000 (Coordinated Universal Time),23,Sangat Menyesatkan,sangat menyesatkan,,,,,,
2026-08-03T01:09:22.173658+00:00,20260803-010922,https://trends24.in/indonesia/,Sun Aug 02 2026 22:57:21 GMT+0000 (Coordinated Universal Time),24,TEETEEPOR CHEER UP,teeteepor cheer up,,,,,,
2026-08-03T01:09:22.173658+00:00,20260803-010922,https://trends24.in/indonesia/,Sun Aug 02 2026 22:57:21 GMT+0000 (Coordinated Universal Time),25,ing at buriram,ing at buriram,,,,,,
2026-08-03T01:09:22.173658+00:00,20260803-010922,https://trends24.in/indonesia/,Sun Aug 02 2026 22:57:21 GMT+0000 (Coordinated Universal Time),26,RACER OHM PAWAT D2,racer ohm pawat d2,,,,,,
2026-08-03T01:09:22.173658+00:00,20260803-010922,https://trends24.in/indonesia/,Sun Aug 02 2026 22:57:21 GMT+0000 (Coordinated Universal Time),27,Stabilitas Nasional,stabilitas nasional,,,,,,
2026-08-03T01:09:22.173658+00:00,20260803-010922,https://trends24.in/indonesia/,Sun Aug 02 2026 22:57:21 GMT+0000 (Coordinated Universal Time),28,Menteri Desa PDT,menteri desa pdt,,,,,,
2026-08-03T01:09:22.173658+00:00,20260803-010922,https://trends24.in/indonesia/,Sun Aug 02 2026 22:57:21 GMT+0000 (Coordinated Universal Time),29,CORTISPALOOZA BEGINS NOW,cortispalooza begins now,,,,,,
2026-08-03T01:09:22.173658+00:00,20260803-010922,https://trends24.in/indonesia/,Sun Aug 02 2026 22:57:21 GMT+0000 (Coordinated Universal Time),30,hapsun,hapsun,,,,,,
2026-08-03T01:09:22.173658+00:00,20260803-010922,https://trends24.in/indonesia/,Sun Aug 02 2026 22:57:21 GMT+0000 (Coordinated Universal Time),31,WIN FANMEETING IN JKT,win fanmeeting in jkt,,,,,,
2026-08-03T01:09:22.173658+00:00,20260803-010922,https://trends24.in/indonesia/,Sun Aug 02 2026 22:57:21 GMT+0000 (Coordinated Universal Time),32,Mendes PDT,mendes pdt,,,,,,
2026-08-03T01:09:22.173658+00:00,20260803-010922,https://trends24.in/indonesia/,Sun Aug 02 2026 22:57:21 GMT+0000 (Coordinated Universal Time),33,senada couple outfit,senada couple outfit,,,,,,
2026-08-03T01:09:22.173658+00:00,20260803-010922,https://trends24.in/indonesia/,Sun Aug 02 2026 22:57:21 GMT+0000 (Coordinated Universal Time),34,THOMASKONG TOKY GAME ON,thomaskong toky game on,,,,,,
2026-08-03T01:09:22.173658+00:00,20260803-010922,https://trends24.in/indonesia/,Sun Aug 02 2026 22:57:21 GMT+0000 (Coordinated Universal Time),35,Raja,raja,,,,,,
2026-08-03T01:09:22.173658+00:00,20260803-010922,https://trends24.in/indonesia/,Sun Aug 02 2026 22:57:21 GMT+0000 (Coordinated Universal Time),36,sumenep,sumenep,,,,,,
2026-08-03T01:09:22.173658+00:00,20260803-010922,https://trends24.in/indonesia/,Sun Aug 02 2026 22:57:21 GMT+0000 (Coordinated Universal Time),37,MONDPROPON FANSIGN,mondpropon fansign,,,,,,
2026-08-03T01:09:22.173658+00:00,20260803-010922,https://trends24.in/indonesia/,Sun Aug 02 2026 22:57:21 GMT+0000 (Coordinated Universal Time),38,KDMP,kdmp,,,,,,
2026-08-03T01:09:22.173658+00:00,20260803-010922,https://trends24.in/indonesia/,Sun Aug 02 2026 22:57:21 GMT+0000 (Coordinated Universal Time),39,Leeds,leeds,,,,,,
2026-08-03T01:09:22.173658+00:00,20260803-010922,https://trends24.in/indonesia/,Sun Aug 02 2026 22:57:21 GMT+0000 (Coordinated Universal Time),40,TheePeach,theepeach,,,,,,
2026-08-03T01:09:22.173658+00:00,20260803-010922,https://trends24.in/indonesia/,Sun Aug 02 2026 22:57:21 GMT+0000 (Coordinated Universal Time),41,ZEENUNEW x ZON SUSU,zeenunew x zon susu,,,,,,
2026-08-03T01:09:22.173658+00:00,20260803-010922,https://trends24.in/indonesia/,Sun Aug 02 2026 22:57:21 GMT+0000 (Coordinated Universal Time),42,KNP OHAE FULL POWER,knp ohae full power,,,,,,
2026-08-03T01:09:22.173658+00:00,20260803-010922,https://trends24.in/indonesia/,Sun Aug 02 2026 22:57:21 GMT+0000 (Coordinated Universal Time),43,dew renji the first stage,dew renji the first stage,,,,,,
2026-08-03T01:09:22.173658+00:00,20260803-010922,https://trends24.in/indonesia/,Sun Aug 02 2026 22:57:21 GMT+0000 (Coordinated Universal Time),44,le chevalier,le chevalier,,,,,,
2026-08-03T01:09:22.173658+00:00,20260803-010922,https://trends24.in/indonesia/,Sun Aug 02 2026 22:57:21 GMT+0000 (Coordinated Universal Time),45,team 2 - teach you a lesson,team 2 - teach you a lesson,,,,,,
2026-08-03T01:09:22.173658+00:00,20260803-010922,https://trends24.in/indonesia/,Sun Aug 02 2026 22:57:21 GMT+0000 (Coordinated Universal Time),46,Tangsel,tangsel,,,,,,
2026-08-03T01:09:22.173658+00:00,20260803-010922,https://trends24.in/indonesia/,Sun Aug 02 2026 22:57:21 GMT+0000 (Coordinated Universal Time),47,Liverpool,liverpool,,,,,,
2026-08-03T01:09:22.173658+00:00,20260803-010922,https://trends24.in/indonesia/,Sun Aug 02 2026 22:57:21 GMT+0000 (Coordinated Universal Time),48,malming,malming,,,,,,
2026-08-03T01:09:22.173658+00:00,20260803-010922,https://trends24.in/indonesia/,Sun Aug 02 2026 22:57:21 GMT+0000 (Coordinated Universal Time),49,LENAMIU GIRLS CUP CH3,lenamiu girls cup ch3,,,,,,
2026-08-03T01:09:22.173658+00:00,20260803-010922,https://trends24.in/indonesia/,Sun Aug 02 2026 22:57:21 GMT+0000 (Coordinated Universal Time),50,Peter,peter,,,,,,
2026-08-03T01:09:22.173658+00:00,20260803-010922,https://trends24.in/indonesia/,Sun Aug 02 2026 22:06:21 GMT+0000 (Coordinated Universal Time),1,PSD MOGULARRIVAL FS26,psd mogularrival fs26,,,,,,
2026-08-03T01:09:22.173658+00:00,20260803-010922,https://trends24.in/indonesia/,Sun Aug 02 2026 22:06:21 GMT+0000 (Coordinated Universal Time),2,#AlwayswithMarkLee,alwayswithmarklee,,,,,,
2026-08-03T01:09:22.173658+00:00,20260803-010922,https://trends24.in/indonesia/,Sun Aug 02 2026 22:06:21 GMT+0000 (Coordinated Universal Time),3,#ì¤ëë´ì¬ë¦ë¯¼íììì¼ì¶íí´,ì¤ëë´ì¬ë¦ë¯¼íììì¼ì¶íí´,,,,,,
2026-08-03T01:09:22.173658+00:00,20260803-010922,https://trends24.in/indonesia/,Sun Aug 02 2026 22:06:21 GMT+0000 (Coordinated Universal Time),4,#PeachAndMeSeriesFinalEP,peachandmeseriesfinalep,,,,,,
2026-08-03T01:09:22.173658+00:00,20260803-010922,https://trends24.in/indonesia/,Sun Aug 02 2026 22:06:21 GMT+0000 (Coordinated Universal Time),5,Kimpul,kimpul,,,,,,
2026-08-03T01:09:22.173658+00:00,20260803-010922,https://trends24.in/indonesia/,Sun Aug 02 2026 22:06:21 GMT+0000 (Coordinated Universal Time),6,#StopMistreatingJUHOON,stopmistreatingjuhoon,,,,,,
2026-08-03T01:09:22.173658+00:00,20260803-010922,https://trends24.in/indonesia/,Sun Aug 02 2026 22:06:21 GMT+0000 (Coordinated Universal Time),7,#FairTreatmentForJUHOON,fairtreatmentforjuhoon,,,,,,
2026-08-03T01:09:22.173658+00:00,20260803-010922,https://trends24.in/indonesia/,Sun Aug 02 2026 22:06:21 GMT+0000 (Coordinated Universal Time),8,RESPECT JUHOON'S RIGHTS,respect juhoon's rights,,,,,,
2026-08-03T01:09:22.173658+00:00,20260803-010922,https://trends24.in/indonesia/,Sun Aug 02 2026 22:06:21 GMT+0000 (Coordinated Universal Time),9,Blingy Action Plan D1,blingy action plan d1,,,,,,
2026-08-03T01:09:22.173658+00:00,20260803-010922,https://trends24.in/indonesia/,Sun Aug 02 2026 22:06:21 GMT+0000 (Coordinated Universal Time),10,Besok Senin,besok senin,,,,,,
2026-08-03T01:09:22.173658+00:00,20260803-010922,https://trends24.in/indonesia/,Sun Aug 02 2026 22:06:21 GMT+0000 (Coordinated Universal Time),11,Yandri Susanto,yandri susanto,,,,,,
2026-08-03T01:09:22.173658+00:00,20260803-010922,https://trends24.in/indonesia/,Sun Aug 02 2026 22:06:21 GMT+0000 (Coordinated Universal Time),12,Agustus,agustus,,,,,,
2026-08-03T01:09:22.173658+00:00,20260803-010922,https://trends24.in/indonesia/,Sun Aug 02 2026 22:06:21 GMT+0000 (Coordinated Universal Time),13,LOVE TO SERVE 2ND EP,love to serve 2nd ep,,,,,,
2026-08-03T01:09:22.173658+00:00,20260803-010922,https://trends24.in/indonesia/,Sun Aug 02 2026 22:06:21 GMT+0000 (Coordinated Universal Time),14,RACER OHM PAWAT D2,racer ohm pawat d2,,,,,,
2026-08-03T01:09:22.173658+00:00,20260803-010922,https://trends24.in/indonesia/,Sun Aug 02 2026 22:06:21 GMT+0000 (Coordinated Universal Time),15,DOMUNDI SPORTS 2026,domundi sports 2026,,,,,,
2026-08-03T01:09:22.173658+00:00,20260803-010922,https://trends24.in/indonesia/,Sun Aug 02 2026 22:06:21 GMT+0000 (Coordinated Universal Time),16,Minggu,minggu,,,,,,
2026-08-03T01:09:22.173658+00:00,20260803-010922,https://trends24.in/indonesia/,Sun Aug 02 2026 22:06:21 GMT+0000 (Coordinated Universal Time),17,FIRSTONE TURNED 26,firstone turned 26,,,,,,
2026-08-03T01:09:22.173658+00:00,20260803-010922,https://trends24.in/indonesia/,Sun Aug 02 2026 22:06:21 GMT+0000 (Coordinated Universal Time),18,Sangat Menyesatkan,sangat menyesatkan,,,,,,
2026-08-03T01:09:22.173658+00:00,20260803-010922,https://trends24.in/indonesia/,Sun Aug 02 2026 22:06:21 GMT+0000 (Coordinated Universal Time),19,TEETEEPOR CHEER UP,teeteepor cheer up,,,,,,
2026-08-03T01:09:22.173658+00:00,20260803-010922,https://trends24.in/indonesia/,Sun Aug 02 2026 22:06:21 GMT+0000 (Coordinated Universal Time),20,ing at buriram,ing at buriram,,,,,,
2026-08-03T01:09:22.173658+00:00,20260803-010922,https://trends24.in/indonesia/,Sun Aug 02 2026 22:06:21 GMT+0000 (Coordinated Universal Time),21,Menteri Desa PDT,menteri desa pdt,,,,,,
2026-08-03T01:09:22.173658+00:00,20260803-010922,https://trends24.in/indonesia/,Sun Aug 02 2026 22:06:21 GMT+0000 (Coordinated Universal Time),22,Stabilitas Nasional,stabilitas nasional,,,,,,
2026-08-03T01:09:22.173658+00:00,20260803-010922,https://trends24.in/indonesia/,Sun Aug 02 2026 22:06:21 GMT+0000 (Coordinated Universal Time),23,CORTISPALOOZA BEGINS NOW,cortispalooza begins now,,,,,,
2026-08-03T01:09:22.173658+00:00,20260803-010922,https://trends24.in/indonesia/,Sun Aug 02 2026 22:06:21 GMT+0000 (Coordinated Universal Time),24,hapsun,hapsun,,,,,,
2026-08-03T01:09:22.173658+00:00,20260803-010922,https://trends24.in/indonesia/,Sun Aug 02 2026 22:06:21 GMT+0000 (Coordinated Universal Time),25,WIN FANMEETING IN JKT,win fanmeeting in jkt,,,,,,
2026-08-03T01:09:22.173658+00:00,20260803-010922,https://trends24.in/indonesia/,Sun Aug 02 2026 22:06:21 GMT+0000 (Coordinated Universal Time),26,Mendes PDT,mendes pdt,,,,,,
2026-08-03T01:09:22.173658+00:00,20260803-010922,https://trends24.in/indonesia/,Sun Aug 02 2026 22:06:21 GMT+0000 (Coordinated Universal Time),27,senada couple outfit,senada couple outfit,,,,,,
2026-08-03T01:09:22.173658+00:00,20260803-010922,https://trends24.in/indonesia/,Sun Aug 02 2026 22:06:21 GMT+0000 (Coordinated Universal Time),28,THOMASKONG TOKY GAME ON,thomaskong toky game on,,,,,,
2026-08-03T01:09:22.173658+00:00,20260803-010922,https://trends24.in/indonesia/,Sun Aug 02 2026 22:06:21 GMT+0000 (Coordinated Universal Time),29,$USON,$uson,,,,,,
2026-08-03T01:09:22.173658+00:00,20260803-010922,https://trends24.in/indonesia/,Sun Aug 02 2026 22:06:21 GMT+0000 (Coordinated Universal Time),30,KDMP,kdmp,,,,,,
2026-08-03T01:09:22.173658+00:00,20260803-010922,https://trends24.in/indonesia/,Sun Aug 02 2026 22:06:21 GMT+0000 (Coordinated Universal Time),31,Sumenep,sumenep,,,,,,
2026-08-03T01:09:22.173658+00:00,20260803-010922,https://trends24.in/indonesia/,Sun Aug 02 2026 22:06:21 GMT+0000 (Coordinated Universal Time),32,MONDPROPON FANSIGN,mondpropon fansign,,,,,,
2026-08-03T01:09:22.173658+00:00,20260803-010922,https://trends24.in/indonesia/,Sun Aug 02 2026 22:06:21 GMT+0000 (Coordinated Universal Time),33,Raja,raja,,,,,,
2026-08-03T01:09:22.173658+00:00,20260803-010922,https://trends24.in/indonesia/,Sun Aug 02 2026 22:06:21 GMT+0000 (Coordinated Universal Time),34,TheePeach,theepeach,,,,,,
2026-08-03T01:09:22.173658+00:00,20260803-010922,https://trends24.in/indonesia/,Sun Aug 02 2026 22:06:21 GMT+0000 (Coordinated Universal Time),35,ZEENUNEW x ZON SUSU,zeenunew x zon susu,,,,,,
2026-08-03T01:09:22.173658+00:00,20260803-010922,https://trends24.in/indonesia/,Sun Aug 02 2026 22:06:21 GMT+0000 (Coordinated Universal Time),36,KNP OHAE FULL POWER,knp ohae full power,,,,,,
2026-08-03T01:09:22.173658+00:00,20260803-010922,https://trends24.in/indonesia/,Sun Aug 02 2026 22:06:21 GMT+0000 (Coordinated Universal Time),37,dew renji the first stage,dew renji the first stage,,,,,,
2026-08-03T01:09:22.173658+00:00,20260803-010922,https://trends24.in/indonesia/,Sun Aug 02 2026 22:06:21 GMT+0000 (Coordinated Universal Time),38,le chevalier,le chevalier,,,,,,
2026-08-03T01:09:22.173658+00:00,20260803-010922,https://trends24.in/indonesia/,Sun Aug 02 2026 22:06:21 GMT+0000 (Coordinated Universal Time),39,team 2 - teach you a lesson,team 2 - teach you a lesson,,,,,,
2026-08-03T01:09:22.173658+00:00,20260803-010922,https://trends24.in/indonesia/,Sun Aug 02 2026 22:06:21 GMT+0000 (Coordinated Universal Time),40,malming,malming,,,,,,
2026-08-03T01:09:22.173658+00:00,20260803-010922,https://trends24.in/indonesia/,Sun Aug 02 2026 22:06:21 GMT+0000 (Coordinated Universal Time),41,LENAMIU GIRLS CUP CH3,lenamiu girls cup ch3,,,,,,
2026-08-03T01:09:22.173658+00:00,20260803-010922,https://trends24.in/indonesia/,Sun Aug 02 2026 22:06:21 GMT+0000 (Coordinated Universal Time),42,Peter,peter,,,,,,
2026-08-03T01:09:22.173658+00:00,20260803-010922,https://trends24.in/indonesia/,Sun Aug 02 2026 22:06:21 GMT+0000 (Coordinated Universal Time),43,selamat 100,selamat 100,,,,,,
2026-08-03T01:09:22.173658+00:00,20260803-010922,https://trends24.in/indonesia/,Sun Aug 02 2026 22:06:21 GMT+0000 (Coordinated Universal Time),44,Genius Girlfriend,genius girlfriend,,,,,,
2026-08-03T01:09:22.173658+00:00,20260803-010922,https://trends24.in/indonesia/,Sun Aug 02 2026 22:06:21 GMT+0000 (Coordinated Universal Time),45,FLOWER JIN IN NEW JERSEY,flower jin in new jersey,,,,,,
2026-08-03T01:09:22.173658+00:00,20260803-010922,https://trends24.in/indonesia/,Sun Aug 02 2026 22:06:21 GMT+0000 (Coordinated Universal Time),46,Reverse Auction,reverse auction,,,,,,
2026-08-03T01:09:22.173658+00:00,20260803-010922,https://trends24.in/indonesia/,Sun Aug 02 2026 22:06:21 GMT+0000 (Coordinated Universal Time),47,Khun Thee,khun thee,,,,,,
2026-08-03T01:09:22.173658+00:00,20260803-010922,https://trends24.in/indonesia/,Sun Aug 02 2026 22:06:21 GMT+0000 (Coordinated Universal Time),48,GUMMY YUMMY WITH TTP,gummy yummy with ttp,,,,,,
2026-08-03T01:09:22.173658+00:00,20260803-010922,https://trends24.in/indonesia/,Sun Aug 02 2026 22:06:21 GMT+0000 (Coordinated Universal Time),49,KM Mutiara Sentosa 2,km mutiara sentosa 2,,,,,,
2026-08-03T01:09:22.173658+00:00,20260803-010922,https://trends24.in/indonesia/,Sun Aug 02 2026 22:06:21 GMT+0000 (Coordinated Universal Time),50,Piala Presiden,piala presiden,,,,,,
2026-08-03T01:09:22.173658+00:00,20260803-010922,https://trends24.in/indonesia/,Sun Aug 02 2026 21:15:21 GMT+0000 (Coordinated Universal Time),1,PSD MOGULARRIVAL FS26,psd mogularrival fs26,,,,,,
2026-08-03T01:09:22.173658+00:00,20260803-010922,https://trends24.in/indonesia/,Sun Aug 02 2026 21:15:21 GMT+0000 (Coordinated Universal Time),2,#AlwayswithMarkLee,alwayswithmarklee,,,,,,
2026-08-03T01:09:22.173658+00:00,20260803-010922,https://trends24.in/indonesia/,Sun Aug 02 2026 21:15:21 GMT+0000 (Coordinated Universal Time),3,#ì¤ëë´ì¬ë¦ë¯¼íììì¼ì¶íí´,ì¤ëë´ì¬ë¦ë¯¼íììì¼ì¶íí´,,,,,,
2026-08-03T01:09:22.173658+00:00,20260803-010922,https://trends24.in/indonesia/,Sun Aug 02 2026 21:15:21 GMT+0000 (Coordinated Universal Time),4,#PeachAndMeSeriesFinalEP,peachandmeseriesfinalep,,,,,,
2026-08-03T01:09:22.173658+00:00,20260803-010922,https://trends24.in/indonesia/,Sun Aug 02 2026 21:15:21 GMT+0000 (Coordinated Universal Time),5,Kimpul,kimpul,,,,,,
2026-08-03T01:09:22.173658+00:00,20260803-010922,https://trends24.in/indonesia/,Sun Aug 02 2026 21:15:21 GMT+0000 (Coordinated Universal Time),6,#StopMistreatingJUHOON,stopmistreatingjuhoon,,,,,,
2026-08-03T01:09:22.173658+00:00,20260803-010922,https://trends24.in/indonesia/,Sun Aug 02 2026 21:15:21 GMT+0000 (Coordinated Universal Time),7,#FairTreatmentForJUHOON,fairtreatmentforjuhoon,,,,,,
2026-08-03T01:09:22.173658+00:00,20260803-010922,https://trends24.in/indonesia/,Sun Aug 02 2026 21:15:21 GMT+0000 (Coordinated Universal Time),8,RESPECT JUHOON'S RIGHTS,respect juhoon's rights,,,,,,
2026-08-03T01:09:22.173658+00:00,20260803-010922,https://trends24.in/indonesia/,Sun Aug 02 2026 21:15:21 GMT+0000 (Coordinated Universal Time),9,Blingy Action Plan D1,blingy action plan d1,,,,,,
2026-08-03T01:09:22.173658+00:00,20260803-010922,https://trends24.in/indonesia/,Sun Aug 02 2026 21:15:21 GMT+0000 (Coordinated Universal Time),10,Besok Senin,besok senin,,,,,,
2026-08-03T01:09:22.173658+00:00,20260803-010922,https://trends24.in/indonesia/,Sun Aug 02 2026 21:15:21 GMT+0000 (Coordinated Universal Time),11,LOVE TO SERVE 2ND EP,love to serve 2nd ep,,,,,,
2026-08-03T01:09:22.173658+00:00,20260803-010922,https://trends24.in/indonesia/,Sun Aug 02 2026 21:15:21 GMT+0000 (Coordinated Universal Time),12,Yandri Susanto,yandri susanto,,,,,,
2026-08-03T01:09:22.173658+00:00,20260803-010922,https://trends24.in/indonesia/,Sun Aug 02 2026 21:15:21 GMT+0000 (Coordinated Universal Time),13,Agustus,agustus,,,,,,
2026-08-03T01:09:22.173658+00:00,20260803-010922,https://trends24.in/indonesia/,Sun Aug 02 2026 21:15:21 GMT+0000 (Coordinated Universal Time),14,RACER OHM PAWAT D2,racer ohm pawat d2,,,,,,
2026-08-03T01:09:22.173658+00:00,20260803-010922,https://trends24.in/indonesia/,Sun Aug 02 2026 21:15:21 GMT+0000 (Coordinated Universal Time),15,Minggu,minggu,,,,,,
2026-08-03T01:09:22.173658+00:00,20260803-010922,https://trends24.in/indonesia/,Sun Aug 02 2026 21:15:21 GMT+0000 (Coordinated Universal Time),16,FIRSTONE TURNED 26,firstone turned 26,,,,,,
2026-08-03T01:09:22.173658+00:00,20260803-010922,https://trends24.in/indonesia/,Sun Aug 02 2026 21:15:21 GMT+0000 (Coordinated Universal Time),17,DOMUNDI SPORTS 2026,domundi sports 2026,,,,,,
2026-08-03T01:09:22.173658+00:00,20260803-010922,https://trends24.in/indonesia/,Sun Aug 02 2026 21:15:21 GMT+0000 (Coordinated Universal Time),18,Sangat Menyesatkan,sangat menyesatkan,,,,,,
2026-08-03T01:09:22.173658+00:00,20260803-010922,https://trends24.in/indonesia/,Sun Aug 02 2026 21:15:21 GMT+0000 (Coordinated Universal Time),19,TEETEEPOR CHEER UP,teeteepor cheer up,,,,,,
2026-08-03T01:09:22.173658+00:00,20260803-010922,https://trends24.in/indonesia/,Sun Aug 02 2026 21:15:21 GMT+0000 (Coordinated Universal Time),20,ING AT BURIRAM,ing at buriram,,,,,,
2026-08-03T01:09:22.173658+00:00,20260803-010922,https://trends24.in/indonesia/,Sun Aug 02 2026 21:15:21 GMT+0000 (Coordinated Universal Time),21,mendes pdt,mendes pdt,,,,,,
2026-08-03T01:09:22.173658+00:00,20260803-010922,https://trends24.in/indonesia/,Sun Aug 02 2026 21:15:21 GMT+0000 (Coordinated Universal Time),22,Menteri Desa PDT,menteri desa pdt,,,,,,
2026-08-03T01:09:22.173658+00:00,20260803-010922,https://trends24.in/indonesia/,Sun Aug 02 2026 21:15:21 GMT+0000 (Coordinated Universal Time),23,Stabilitas Nasional,stabilitas nasional,,,,,,
2026-08-03T01:09:22.173658+00:00,20260803-010922,https://trends24.in/indonesia/,Sun Aug 02 2026 21:15:21 GMT+0000 (Coordinated Universal Time),24,CORTISPALOOZA BEGINS NOW,cortispalooza begins now,,,,,,
2026-08-03T01:09:22.173658+00:00,20260803-010922,https://trends24.in/indonesia/,Sun Aug 02 2026 21:15:21 GMT+0000 (Coordinated Universal Time),25,hapsun,hapsun,,,,,,
2026-08-03T01:09:22.173658+00:00,20260803-010922,https://trends24.in/indonesia/,Sun Aug 02 2026 21:15:21 GMT+0000 (Coordinated Universal Time),26,WIN FANMEETING IN JKT,win fanmeeting in jkt,,,,,,
2026-08-03T01:09:22.173658+00:00,20260803-010922,https://trends24.in/indonesia/,Sun Aug 02 2026 21:15:21 GMT+0000 (Coordinated Universal Time),27,SENADA COUPLE OUTFIT,senada couple outfit,,,,,,
2026-08-03T01:09:22.173658+00:00,20260803-010922,https://trends24.in/indonesia/,Sun Aug 02 2026 21:15:21 GMT+0000 (Coordinated Universal Time),28,THOMASKONG TOKY GAME ON,thomaskong toky game on,,,,,,
2026-08-03T01:09:22.173658+00:00,20260803-010922,https://trends24.in/indonesia/,Sun Aug 02 2026 21:15:21 GMT+0000 (Coordinated Universal Time),29,Raja,raja,,,,,,
2026-08-03T01:09:22.173658+00:00,20260803-010922,https://trends24.in/indonesia/,Sun Aug 02 2026 21:15:21 GMT+0000 (Coordinated Universal Time),30,KDMP,kdmp,,,,,,
2026-08-03T01:09:22.173658+00:00,20260803-010922,https://trends24.in/indonesia/,Sun Aug 02 2026 21:15:21 GMT+0000 (Coordinated Universal Time),31,Gamdom,gamdom,,,,,,
2026-08-03T01:09:22.173658+00:00,20260803-010922,https://trends24.in/indonesia/,Sun Aug 02 2026 21:15:21 GMT+0000 (Coordinated Universal Time),32,Sumenep,sumenep,,,,,,
2026-08-03T01:09:22.173658+00:00,20260803-010922,https://trends24.in/indonesia/,Sun Aug 02 2026 21:15:21 GMT+0000 (Coordinated Universal Time),33,MONDPROPON FANSIGN,mondpropon fansign,,,,,,
2026-08-03T01:09:22.173658+00:00,20260803-010922,https://trends24.in/indonesia/,Sun Aug 02 2026 21:15:21 GMT+0000 (Coordinated Universal Time),34,TheePeach,theepeach,,,,,,
2026-08-03T01:09:22.173658+00:00,20260803-010922,https://trends24.in/indonesia/,Sun Aug 02 2026 21:15:21 GMT+0000 (Coordinated Universal Time),35,ZEENUNEW x ZON SUSU,zeenunew x zon susu,,,,,,
2026-08-03T01:09:22.173658+00:00,20260803-010922,https://trends24.in/indonesia/,Sun Aug 02 2026 21:15:21 GMT+0000 (Coordinated Universal Time),36,KNP OHAE FULL POWER,knp ohae full power,,,,,,
2026-08-03T01:09:22.173658+00:00,20260803-010922,https://trends24.in/indonesia/,Sun Aug 02 2026 21:15:21 GMT+0000 (Coordinated Universal Time),37,dew renji the first stage,dew renji the first stage,,,,,,
2026-08-03T01:09:22.173658+00:00,20260803-010922,https://trends24.in/indonesia/,Sun Aug 02 2026 21:15:21 GMT+0000 (Coordinated Universal Time),38,le chevalier,le chevalier,,,,,,
2026-08-03T01:09:22.173658+00:00,20260803-010922,https://trends24.in/indonesia/,Sun Aug 02 2026 21:15:21 GMT+0000 (Coordinated Universal Time),39,$USON,$uson,,,,,,
2026-08-03T01:09:22.173658+00:00,20260803-010922,https://trends24.in/indonesia/,Sun Aug 02 2026 21:15:21 GMT+0000 (Coordinated Universal Time),40,team 2 - teach you a lesson,team 2 - teach you a lesson,,,,,,
2026-08-03T01:09:22.173658+00:00,20260803-010922,https://trends24.in/indonesia/,Sun Aug 02 2026 21:15:21 GMT+0000 (Coordinated Universal Time),41,malming,malming,,,,,,
2026-08-03T01:09:22.173658+00:00,20260803-010922,https://trends24.in/indonesia/,Sun Aug 02 2026 21:15:21 GMT+0000 (Coordinated Universal Time),42,LENAMIU GIRLS CUP CH3,lenamiu girls cup ch3,,,,,,
2026-08-03T01:09:22.173658+00:00,20260803-010922,https://trends24.in/indonesia/,Sun Aug 02 2026 21:15:21 GMT+0000 (Coordinated Universal Time),43,Peter,peter,,,,,,
2026-08-03T01:09:22.173658+00:00,20260803-010922,https://trends24.in/indonesia/,Sun Aug 02 2026 21:15:21 GMT+0000 (Coordinated Universal Time),44,selamat 100,selamat 100,,,,,,
2026-08-03T01:09:22.173658+00:00,20260803-010922,https://trends24.in/indonesia/,Sun Aug 02 2026 21:15:21 GMT+0000 (Coordinated Universal Time),45,Genius Girlfriend,genius girlfriend,,,,,,
2026-08-03T01:09:22.173658+00:00,20260803-010922,https://trends24.in/indonesia/,Sun Aug 02 2026 21:15:21 GMT+0000 (Coordinated Universal Time),46,FLOWER JIN IN NEW JERSEY,flower jin in new jersey,,,,,,
2026-08-03T01:09:22.173658+00:00,20260803-010922,https://trends24.in/indonesia/,Sun Aug 02 2026 21:15:21 GMT+0000 (Coordinated Universal Time),47,Ruben,ruben,,,,,,
2026-08-03T01:09:22.173658+00:00,20260803-010922,https://trends24.in/indonesia/,Sun Aug 02 2026 21:15:21 GMT+0000 (Coordinated Universal Time),48,Reverse Auction,reverse auction,,,,,,
2026-08-03T01:09:22.173658+00:00,20260803-010922,https://trends24.in/indonesia/,Sun Aug 02 2026 21:15:21 GMT+0000 (Coordinated Universal Time),49,Khun Thee,khun thee,,,,,,
2026-08-03T01:09:22.173658+00:00,20260803-010922,https://trends24.in/indonesia/,Sun Aug 02 2026 21:15:21 GMT+0000 (Coordinated Universal Time),50,GUMMY YUMMY WITH TTP,gummy yummy with ttp,,,,,,
2026-08-03T01:09:22.173658+00:00,20260803-010922,https://trends24.in/indonesia/,Sun Aug 02 2026 20:21:28 GMT+0000 (Coordinated Universal Time),1,PSD MOGULARRIVAL FS26,psd mogularrival fs26,,,,,,
2026-08-03T01:09:22.173658+00:00,20260803-010922,https://trends24.in/indonesia/,Sun Aug 02 2026 20:21:28 GMT+0000 (Coordinated Universal Time),2,#AlwayswithMarkLee,alwayswithmarklee,,,,,,
2026-08-03T01:09:22.173658+00:00,20260803-010922,https://trends24.in/indonesia/,Sun Aug 02 2026 20:21:28 GMT+0000 (Coordinated Universal Time),3,#ì¤ëë´ì¬ë¦ë¯¼íììì¼ì¶íí´,ì¤ëë´ì¬ë¦ë¯¼íììì¼ì¶íí´,,,,,,
2026-08-03T01:09:22.173658+00:00,20260803-010922,https://trends24.in/indonesia/,Sun Aug 02 2026 20:21:28 GMT+0000 (Coordinated Universal Time),4,#PeachAndMeSeriesFinalEP,peachandmeseriesfinalep,,,,,,
2026-08-03T01:09:22.173658+00:00,20260803-010922,https://trends24.in/indonesia/,Sun Aug 02 2026 20:21:28 GMT+0000 (Coordinated Universal Time),5,Kimpul,kimpul,,,,,,
2026-08-03T01:09:22.173658+00:00,20260803-010922,https://trends24.in/indonesia/,Sun Aug 02 2026 20:21:28 GMT+0000 (Coordinated Universal Time),6,#StopMistreatingJUHOON,stopmistreatingjuhoon,,,,,,
2026-08-03T01:09:22.173658+00:00,20260803-010922,https://trends24.in/indonesia/,Sun Aug 02 2026 20:21:28 GMT+0000 (Coordinated Universal Time),7,#FairTreatmentForJUHOON,fairtreatmentforjuhoon,,,,,,
2026-08-03T01:09:22.173658+00:00,20260803-010922,https://trends24.in/indonesia/,Sun Aug 02 2026 20:21:28 GMT+0000 (Coordinated Universal Time),8,persebaya vs port fc,persebaya vs port fc,,,,,,
2026-08-03T01:09:22.173658+00:00,20260803-010922,https://trends24.in/indonesia/,Sun Aug 02 2026 20:21:28 GMT+0000 (Coordinated Universal Time),9,RESPECT JUHOON'S RIGHTS,respect juhoon's rights,,,,,,
2026-08-03T01:09:22.173658+00:00,20260803-010922,https://trends24.in/indonesia/,Sun Aug 02 2026 20:21:28 GMT+0000 (Coordinated Universal Time),10,Blingy Action Plan D1,blingy action plan d1,,,,,,
2026-08-03T01:09:22.173658+00:00,20260803-010922,https://trends24.in/indonesia/,Sun Aug 02 2026 20:21:28 GMT+0000 (Coordinated Universal Time),11,Yandri Susanto,yandri susanto,,,,,,
2026-08-03T01:09:22.173658+00:00,20260803-010922,https://trends24.in/indonesia/,Sun Aug 02 2026 20:21:28 GMT+0000 (Coordinated Universal Time),12,Besok Senin,besok senin,,,,,,
2026-08-03T01:09:22.173658+00:00,20260803-010922,https://trends24.in/indonesia/,Sun Aug 02 2026 20:21:28 GMT+0000 (Coordinated Universal Time),13,LOVE TO SERVE 2ND EP,love to serve 2nd ep,,,,,,
2026-08-03T01:09:22.173658+00:00,20260803-010922,https://trends24.in/indonesia/,Sun Aug 02 2026 20:21:28 GMT+0000 (Coordinated Universal Time),14,Agustus,agustus,,,,,,
2026-08-03T01:09:22.173658+00:00,20260803-010922,https://trends24.in/indonesia/,Sun Aug 02 2026 20:21:28 GMT+0000 (Coordinated Universal Time),15,RACER OHM PAWAT D2,racer ohm pawat d2,,,,,,
2026-08-03T01:09:22.173658+00:00,20260803-010922,https://trends24.in/indonesia/,Sun Aug 02 2026 20:21:28 GMT+0000 (Coordinated Universal Time),16,FIRSTONE TURNED 26,firstone turned 26,,,,,,
2026-08-03T01:09:22.173658+00:00,20260803-010922,https://trends24.in/indonesia/,Sun Aug 02 2026 20:21:28 GMT+0000 (Coordinated Universal Time),17,DOMUNDI SPORTS 2026,domundi sports 2026,,,,,,
2026-08-03T01:09:22.173658+00:00,20260803-010922,https://trends24.in/indonesia/,Sun Aug 02 2026 20:21:28 GMT+0000 (Coordinated Universal Time),18,Sangat Menyesatkan,sangat menyesatkan,,,,,,
2026-08-03T01:09:22.173658+00:00,20260803-010922,https://trends24.in/indonesia/,Sun Aug 02 2026 20:21:28 GMT+0000 (Coordinated Universal Time),19,TEETEEPOR CHEER UP,teeteepor cheer up,,,,,,
2026-08-03T01:09:22.173658+00:00,20260803-010922,https://trends24.in/indonesia/,Sun Aug 02 2026 20:21:28 GMT+0000 (Coordinated Universal Time),20,ING AT BURIRAM,ing at buriram,,,,,,
2026-08-03T01:09:22.173658+00:00,20260803-010922,https://trends24.in/indonesia/,Sun Aug 02 2026 20:21:28 GMT+0000 (Coordinated Universal Time),21,Menteri Desa PDT,menteri desa pdt,,,,,,
2026-08-03T01:09:22.173658+00:00,20260803-010922,https://trends24.in/indonesia/,Sun Aug 02 2026 20:21:28 GMT+0000 (Coordinated Universal Time),22,Stabilitas Nasional,stabilitas nasional,,,,,,
2026-08-03T01:09:22.173658+00:00,20260803-010922,https://trends24.in/indonesia/,Sun Aug 02 2026 20:21:28 GMT+0000 (Coordinated Universal Time),23,mendes pdt,mendes pdt,,,,,,
2026-08-03T01:09:22.173658+00:00,20260803-010922,https://trends24.in/indonesia/,Sun Aug 02 2026 20:21:28 GMT+0000 (Coordinated Universal Time),24,CORTISPALOOZA BEGINS NOW,cortispalooza begins now,,,,,,
2026-08-03T01:09:22.173658+00:00,20260803-010922,https://trends24.in/indonesia/,Sun Aug 02 2026 20:21:28 GMT+0000 (Coordinated Universal Time),25,KDMP,kdmp,,,,,,
2026-08-03T01:09:22.173658+00:00,20260803-010922,https://trends24.in/indonesia/,Sun Aug 02 2026 20:21:28 GMT+0000 (Coordinated Universal Time),26,hapsun,hapsun,,,,,,
2026-08-03T01:09:22.173658+00:00,20260803-010922,https://trends24.in/indonesia/,Sun Aug 02 2026 20:21:28 GMT+0000 (Coordinated Universal Time),27,WIN FANMEETING IN JKT,win fanmeeting in jkt,,,,,,
2026-08-03T01:09:22.173658+00:00,20260803-010922,https://trends24.in/indonesia/,Sun Aug 02 2026 20:21:28 GMT+0000 (Coordinated Universal Time),28,SENADA COUPLE OUTFIT,senada couple outfit,,,,,,
2026-08-03T01:09:22.173658+00:00,20260803-010922,https://trends24.in/indonesia/,Sun Aug 02 2026 20:21:28 GMT+0000 (Coordinated Universal Time),29,THOMASKONG TOKY GAME ON,thomaskong toky game on,,,,,,
2026-08-03T01:09:22.173658+00:00,20260803-010922,https://trends24.in/indonesia/,Sun Aug 02 2026 20:21:28 GMT+0000 (Coordinated Universal Time),30,Raja,raja,,,,,,
2026-08-03T01:09:22.173658+00:00,20260803-010922,https://trends24.in/indonesia/,Sun Aug 02 2026 20:21:28 GMT+0000 (Coordinated Universal Time),31,Gamdom,gamdom,,,,,,
2026-08-03T01:09:22.173658+00:00,20260803-010922,https://trends24.in/indonesia/,Sun Aug 02 2026 20:21:28 GMT+0000 (Coordinated Universal Time),32,Sumenep,sumenep,,,,,,
2026-08-03T01:09:22.173658+00:00,20260803-010922,https://trends24.in/indonesia/,Sun Aug 02 2026 20:21:28 GMT+0000 (Coordinated Universal Time),33,MONDPROPON FANSIGN,mondpropon fansign,,,,,,
2026-08-03T01:09:22.173658+00:00,20260803-010922,https://trends24.in/indonesia/,Sun Aug 02 2026 20:21:28 GMT+0000 (Coordinated Universal Time),34,TheePeach,theepeach,,,,,,
2026-08-03T01:09:22.173658+00:00,20260803-010922,https://trends24.in/indonesia/,Sun Aug 02 2026 20:21:28 GMT+0000 (Coordinated Universal Time),35,ZEENUNEW x ZON SUSU,zeenunew x zon susu,,,,,,
2026-08-03T01:09:22.173658+00:00,20260803-010922,https://trends24.in/indonesia/,Sun Aug 02 2026 20:21:28 GMT+0000 (Coordinated Universal Time),36,KNP OHAE FULL POWER,knp ohae full power,,,,,,
2026-08-03T01:09:22.173658+00:00,20260803-010922,https://trends24.in/indonesia/,Sun Aug 02 2026 20:21:28 GMT+0000 (Coordinated Universal Time),37,dew renji the first stage,dew renji the first stage,,,,,,
2026-08-03T01:09:22.173658+00:00,20260803-010922,https://trends24.in/indonesia/,Sun Aug 02 2026 20:21:28 GMT+0000 (Coordinated Universal Time),38,le chevalier,le chevalier,,,,,,
2026-08-03T01:09:22.173658+00:00,20260803-010922,https://trends24.in/indonesia/,Sun Aug 02 2026 20:21:28 GMT+0000 (Coordinated Universal Time),39,Team 2 - Teach You A Lesson,team 2 - teach you a lesson,,,,,,
2026-08-03T01:09:22.173658+00:00,20260803-010922,https://trends24.in/indonesia/,Sun Aug 02 2026 20:21:28 GMT+0000 (Coordinated Universal Time),40,malming,malming,,,,,,
2026-08-03T01:09:22.173658+00:00,20260803-010922,https://trends24.in/indonesia/,Sun Aug 02 2026 20:21:28 GMT+0000 (Coordinated Universal Time),41,LENAMIU GIRLS CUP CH3,lenamiu girls cup ch3,,,,,,
2026-08-03T01:09:22.173658+00:00,20260803-010922,https://trends24.in/indonesia/,Sun Aug 02 2026 20:21:28 GMT+0000 (Coordinated Universal Time),42,Peter,peter,,,,,,
2026-08-03T01:09:22.173658+00:00,20260803-010922,https://trends24.in/indonesia/,Sun Aug 02 2026 20:21:28 GMT+0000 (Coordinated Universal Time),43,selamat 100,selamat 100,,,,,,
2026-08-03T01:09:22.173658+00:00,20260803-010922,https://trends24.in/indonesia/,Sun Aug 02 2026 20:21:28 GMT+0000 (Coordinated Universal Time),44,Genius Girlfriend,genius girlfriend,,,,,,
2026-08-03T01:09:22.173658+00:00,20260803-010922,https://trends24.in/indonesia/,Sun Aug 02 2026 20:21:28 GMT+0000 (Coordinated Universal Time),45,$USON,$uson,,,,,,
2026-08-03T01:09:22.173658+00:00,20260803-010922,https://trends24.in/indonesia/,Sun Aug 02 2026 20:21:28 GMT+0000 (Coordinated Universal Time),46,FLOWER JIN IN NEW JERSEY,flower jin in new jersey,,,,,,
2026-08-03T01:09:22.173658+00:00,20260803-010922,https://trends24.in/indonesia/,Sun Aug 02 2026 20:21:28 GMT+0000 (Coordinated Universal Time),47,Ruben,ruben,,,,,,
2026-08-03T01:09:22.173658+00:00,20260803-010922,https://trends24.in/indonesia/,Sun Aug 02 2026 20:21:28 GMT+0000 (Coordinated Universal Time),48,Reverse Auction,reverse auction,,,,,,
2026-08-03T01:09:22.173658+00:00,20260803-010922,https://trends24.in/indonesia/,Sun Aug 02 2026 20:21:28 GMT+0000 (Coordinated Universal Time),49,Khun Thee,khun thee,,,,,,
2026-08-03T01:09:22.173658+00:00,20260803-010922,https://trends24.in/indonesia/,Sun Aug 02 2026 20:21:28 GMT+0000 (Coordinated Universal Time),50,GUMMY YUMMY WITH TTP,gummy yummy with ttp,,,,,,
2026-08-03T01:09:22.173658+00:00,20260803-010922,https://trends24.in/indonesia/,Sun Aug 02 2026 19:28:20 GMT+0000 (Coordinated Universal Time),1,PSD MOGULARRIVAL FS26,psd mogularrival fs26,,,,,,
2026-08-03T01:09:22.173658+00:00,20260803-010922,https://trends24.in/indonesia/,Sun Aug 02 2026 19:28:20 GMT+0000 (Coordinated Universal Time),2,#AlwayswithMarkLee,alwayswithmarklee,,,,,,
2026-08-03T01:09:22.173658+00:00,20260803-010922,https://trends24.in/indonesia/,Sun Aug 02 2026 19:28:20 GMT+0000 (Coordinated Universal Time),3,#ì¤ëë´ì¬ë¦ë¯¼íììì¼ì¶íí´,ì¤ëë´ì¬ë¦ë¯¼íììì¼ì¶íí´,,,,,,
2026-08-03T01:09:22.173658+00:00,20260803-010922,https://trends24.in/indonesia/,Sun Aug 02 2026 19:28:20 GMT+0000 (Coordinated Universal Time),4,#PeachAndMeSeriesFinalEP,peachandmeseriesfinalep,,,,,,
2026-08-03T01:09:22.173658+00:00,20260803-010922,https://trends24.in/indonesia/,Sun Aug 02 2026 19:28:20 GMT+0000 (Coordinated Universal Time),5,Kimpul,kimpul,,,,,,
2026-08-03T01:09:22.173658+00:00,20260803-010922,https://trends24.in/indonesia/,Sun Aug 02 2026 19:28:20 GMT+0000 (Coordinated Universal Time),6,#StopMistreatingJUHOON,stopmistreatingjuhoon,,,,,,
2026-08-03T01:09:22.173658+00:00,20260803-010922,https://trends24.in/indonesia/,Sun Aug 02 2026 19:28:20 GMT+0000 (Coordinated Universal Time),7,#DMDSportsDay2026,dmdsportsday2026,,,,,,
2026-08-03T01:09:22.173658+00:00,20260803-010922,https://trends24.in/indonesia/,Sun Aug 02 2026 19:28:20 GMT+0000 (Coordinated Universal Time),8,persebaya vs port fc,persebaya vs port fc,,,,,,
2026-08-03T01:09:22.173658+00:00,20260803-010922,https://trends24.in/indonesia/,Sun Aug 02 2026 19:28:20 GMT+0000 (Coordinated Universal Time),9,Blingy Action Plan D1,blingy action plan d1,,,,,,
2026-08-03T01:09:22.173658+00:00,20260803-010922,https://trends24.in/indonesia/,Sun Aug 02 2026 19:28:20 GMT+0000 (Coordinated Universal Time),10,Yandri Susanto,yandri susanto,,,,,,
2026-08-03T01:09:22.173658+00:00,20260803-010922,https://trends24.in/indonesia/,Sun Aug 02 2026 19:28:20 GMT+0000 (Coordinated Universal Time),11,Besok Senin,besok senin,,,,,,
2026-08-03T01:09:22.173658+00:00,20260803-010922,https://trends24.in/indonesia/,Sun Aug 02 2026 19:28:20 GMT+0000 (Coordinated Universal Time),12,Senin,senin,,,,,,
2026-08-03T01:09:22.173658+00:00,20260803-010922,https://trends24.in/indonesia/,Sun Aug 02 2026 19:28:20 GMT+0000 (Coordinated Universal Time),13,LOVE TO SERVE 2ND EP,love to serve 2nd ep,,,,,,
2026-08-03T01:09:22.173658+00:00,20260803-010922,https://trends24.in/indonesia/,Sun Aug 02 2026 19:28:20 GMT+0000 (Coordinated Universal Time),14,Agustus,agustus,,,,,,
2026-08-03T01:09:22.173658+00:00,20260803-010922,https://trends24.in/indonesia/,Sun Aug 02 2026 19:28:20 GMT+0000 (Coordinated Universal Time),15,RACER OHM PAWAT D2,racer ohm pawat d2,,,,,,
2026-08-03T01:09:22.173658+00:00,20260803-010922,https://trends24.in/indonesia/,Sun Aug 02 2026 19:28:20 GMT+0000 (Coordinated Universal Time),16,DOMUNDI SPORTS 2026,domundi sports 2026,,,,,,
2026-08-03T01:09:22.173658+00:00,20260803-010922,https://trends24.in/indonesia/,Sun Aug 02 2026 19:28:20 GMT+0000 (Coordinated Universal Time),17,FIRSTONE TURNED 26,firstone turned 26,,,,,,
2026-08-03T01:09:22.173658+00:00,20260803-010922,https://trends24.in/indonesia/,Sun Aug 02 2026 19:28:20 GMT+0000 (Coordinated Universal Time),18,Sangat Menyesatkan,sangat menyesatkan,,,,,,
2026-08-03T01:09:22.173658+00:00,20260803-010922,https://trends24.in/indonesia/,Sun Aug 02 2026 19:28:20 GMT+0000 (Coordinated Universal Time),19,TEETEEPOR CHEER UP,teeteepor cheer up,,,,,,
2026-08-03T01:09:22.173658+00:00,20260803-010922,https://trends24.in/indonesia/,Sun Aug 02 2026 19:28:20 GMT+0000 (Coordinated Universal Time),20,ING AT BURIRAM,ing at buriram,,,,,,
2026-08-03T01:09:22.173658+00:00,20260803-010922,https://trends24.in/indonesia/,Sun Aug 02 2026 19:28:20 GMT+0000 (Coordinated Universal Time),21,Menteri Desa PDT,menteri desa pdt,,,,,,
2026-08-03T01:09:22.173658+00:00,20260803-010922,https://trends24.in/indonesia/,Sun Aug 02 2026 19:28:20 GMT+0000 (Coordinated Universal Time),22,Stabilitas Nasional,stabilitas nasional,,,,,,
2026-08-03T01:09:22.173658+00:00,20260803-010922,https://trends24.in/indonesia/,Sun Aug 02 2026 19:28:20 GMT+0000 (Coordinated Universal Time),23,mendes pdt,mendes pdt,,,,,,
2026-08-03T01:09:22.173658+00:00,20260803-010922,https://trends24.in/indonesia/,Sun Aug 02 2026 19:28:20 GMT+0000 (Coordinated Universal Time),24,CORTISPALOOZA BEGINS NOW,cortispalooza begins now,,,,,,
2026-08-03T01:09:22.173658+00:00,20260803-010922,https://trends24.in/indonesia/,Sun Aug 02 2026 19:28:20 GMT+0000 (Coordinated Universal Time),25,KDMP,kdmp,,,,,,
2026-08-03T01:09:22.173658+00:00,20260803-010922,https://trends24.in/indonesia/,Sun Aug 02 2026 19:28:20 GMT+0000 (Coordinated Universal Time),26,Hapsun,hapsun,,,,,,
2026-08-03T01:09:22.173658+00:00,20260803-010922,https://trends24.in/indonesia/,Sun Aug 02 2026 19:28:20 GMT+0000 (Coordinated Universal Time),27,WIN FANMEETING IN JKT,win fanmeeting in jkt,,,,,,
2026-08-03T01:09:22.173658+00:00,20260803-010922,https://trends24.in/indonesia/,Sun Aug 02 2026 19:28:20 GMT+0000 (Coordinated Universal Time),28,SENADA COUPLE OUTFIT,senada couple outfit,,,,,,
2026-08-03T01:09:22.173658+00:00,20260803-010922,https://trends24.in/indonesia/,Sun Aug 02 2026 19:28:20 GMT+0000 (Coordinated Universal Time),29,THOMASKONG TOKY GAME ON,thomaskong toky game on,,,,,,
2026-08-03T01:09:22.173658+00:00,20260803-010922,https://trends24.in/indonesia/,Sun Aug 02 2026 19:28:20 GMT+0000 (Coordinated Universal Time),30,Raja,raja,,,,,,
2026-08-03T01:09:22.173658+00:00,20260803-010922,https://trends24.in/indonesia/,Sun Aug 02 2026 19:28:20 GMT+0000 (Coordinated Universal Time),31,Sumenep,sumenep,,,,,,
2026-08-03T01:09:22.173658+00:00,20260803-010922,https://trends24.in/indonesia/,Sun Aug 02 2026 19:28:20 GMT+0000 (Coordinated Universal Time),32,MONDPROPON FANSIGN,mondpropon fansign,,,,,,
2026-08-03T01:09:22.173658+00:00,20260803-010922,https://trends24.in/indonesia/,Sun Aug 02 2026 19:28:20 GMT+0000 (Coordinated Universal Time),33,TheePeach,theepeach,,,,,,
2026-08-03T01:09:22.173658+00:00,20260803-010922,https://trends24.in/indonesia/,Sun Aug 02 2026 19:28:20 GMT+0000 (Coordinated Universal Time),34,ZEENUNEW x ZON SUSU,zeenunew x zon susu,,,,,,
2026-08-03T01:09:22.173658+00:00,20260803-010922,https://trends24.in/indonesia/,Sun Aug 02 2026 19:28:20 GMT+0000 (Coordinated Universal Time),35,KNP OHAE FULL POWER,knp ohae full power,,,,,,
2026-08-03T01:09:22.173658+00:00,20260803-010922,https://trends24.in/indonesia/,Sun Aug 02 2026 19:28:20 GMT+0000 (Coordinated Universal Time),36,DEW RENJI THE FIRST STAGE,dew renji the first stage,,,,,,
2026-08-03T01:09:22.173658+00:00,20260803-010922,https://trends24.in/indonesia/,Sun Aug 02 2026 19:28:20 GMT+0000 (Coordinated Universal Time),37,le chevalier,le chevalier,,,,,,
2026-08-03T01:09:22.173658+00:00,20260803-010922,https://trends24.in/indonesia/,Sun Aug 02 2026 19:28:20 GMT+0000 (Coordinated Universal Time),38,Team 2 - Teach You A Lesson,team 2 - teach you a lesson,,,,,,
2026-08-03T01:09:22.173658+00:00,20260803-010922,https://trends24.in/indonesia/,Sun Aug 02 2026 19:28:20 GMT+0000 (Coordinated Universal Time),39,Peter,peter,,,,,,
2026-08-03T01:09:22.173658+00:00,20260803-010922,https://trends24.in/indonesia/,Sun Aug 02 2026 19:28:20 GMT+0000 (Coordinated Universal Time),40,malming,malming,,,,,,
2026-08-03T01:09:22.173658+00:00,20260803-010922,https://trends24.in/indonesia/,Sun Aug 02 2026 19:28:20 GMT+0000 (Coordinated Universal Time),41,LENAMIU GIRLS CUP CH3,lenamiu girls cup ch3,,,,,,
2026-08-03T01:09:22.173658+00:00,20260803-010922,https://trends24.in/indonesia/,Sun Aug 02 2026 19:28:20 GMT+0000 (Coordinated Universal Time),42,selamat 100,selamat 100,,,,,,
2026-08-03T01:09:22.173658+00:00,20260803-010922,https://trends24.in/indonesia/,Sun Aug 02 2026 19:28:20 GMT+0000 (Coordinated Universal Time),43,Gamdom,gamdom,,,,,,
2026-08-03T01:09:22.173658+00:00,20260803-010922,https://trends24.in/indonesia/,Sun Aug 02 2026 19:28:20 GMT+0000 (Coordinated Universal Time),44,Ruben,ruben,,,,,,
2026-08-03T01:09:22.173658+00:00,20260803-010922,https://trends24.in/indonesia/,Sun Aug 02 2026 19:28:20 GMT+0000 (Coordinated Universal Time),45,Genius Girlfriend,genius girlfriend,,,,,,
2026-08-03T01:09:22.173658+00:00,20260803-010922,https://trends24.in/indonesia/,Sun Aug 02 2026 19:28:20 GMT+0000 (Coordinated Universal Time),46,Reverse Auction,reverse auction,,,,,,
2026-08-03T01:09:22.173658+00:00,20260803-010922,https://trends24.in/indonesia/,Sun Aug 02 2026 19:28:20 GMT+0000 (Coordinated Universal Time),47,FLOWER JIN IN NEW JERSEY,flower jin in new jersey,,,,,,
2026-08-03T01:09:22.173658+00:00,20260803-010922,https://trends24.in/indonesia/,Sun Aug 02 2026 19:28:20 GMT+0000 (Coordinated Universal Time),48,Piala Presiden,piala presiden,,,,,,
2026-08-03T01:09:22.173658+00:00,20260803-010922,https://trends24.in/indonesia/,Sun Aug 02 2026 19:28:20 GMT+0000 (Coordinated Universal Time),49,$USON,$uson,,,,,,
2026-08-03T01:09:22.173658+00:00,20260803-010922,https://trends24.in/indonesia/,Sun Aug 02 2026 19:28:20 GMT+0000 (Coordinated Universal Time),50,Khun Thee,khun thee,,,,,,
2026-08-03T01:09:22.173658+00:00,20260803-010922,https://trends24.in/indonesia/,Sun Aug 02 2026 18:36:39 GMT+0000 (Coordinated Universal Time),1,PSD MOGULARRIVAL FS26,psd mogularrival fs26,,,,,,
2026-08-03T01:09:22.173658+00:00,20260803-010922,https://trends24.in/indonesia/,Sun Aug 02 2026 18:36:39 GMT+0000 (Coordinated Universal Time),2,#AlwayswithMarkLee,alwayswithmarklee,,,,,,
2026-08-03T01:09:22.173658+00:00,20260803-010922,https://trends24.in/indonesia/,Sun Aug 02 2026 18:36:39 GMT+0000 (Coordinated Universal Time),3,#ì¤ëë´ì¬ë¦ë¯¼íììì¼ì¶íí´,ì¤ëë´ì¬ë¦ë¯¼íììì¼ì¶íí´,,,,,,
2026-08-03T01:09:22.173658+00:00,20260803-010922,https://trends24.in/indonesia/,Sun Aug 02 2026 18:36:39 GMT+0000 (Coordinated Universal Time),4,#PeachAndMeSeriesFinalEP,peachandmeseriesfinalep,,,,,,
2026-08-03T01:09:22.173658+00:00,20260803-010922,https://trends24.in/indonesia/,Sun Aug 02 2026 18:36:39 GMT+0000 (Coordinated Universal Time),5,Kimpul,kimpul,,,,,,
2026-08-03T01:09:22.173658+00:00,20260803-010922,https://trends24.in/indonesia/,Sun Aug 02 2026 18:36:39 GMT+0000 (Coordinated Universal Time),6,#StopMistreatingJUHOON,stopmistreatingjuhoon,,,,,,
2026-08-03T01:09:22.173658+00:00,20260803-010922,https://trends24.in/indonesia/,Sun Aug 02 2026 18:36:39 GMT+0000 (Coordinated Universal Time),7,#DMDSportsDay2026,dmdsportsday2026,,,,,,
2026-08-03T01:09:22.173658+00:00,20260803-010922,https://trends24.in/indonesia/,Sun Aug 02 2026 18:36:39 GMT+0000 (Coordinated Universal Time),8,persebaya vs port fc,persebaya vs port fc,,,,,,
2026-08-03T01:09:22.173658+00:00,20260803-010922,https://trends24.in/indonesia/,Sun Aug 02 2026 18:36:39 GMT+0000 (Coordinated Universal Time),9,Senin,senin,,,,,,
2026-08-03T01:09:22.173658+00:00,20260803-010922,https://trends24.in/indonesia/,Sun Aug 02 2026 18:36:39 GMT+0000 (Coordinated Universal Time),10,Blingy Action Plan D1,blingy action plan d1,,,,,,
2026-08-03T01:09:22.173658+00:00,20260803-010922,https://trends24.in/indonesia/,Sun Aug 02 2026 18:36:39 GMT+0000 (Coordinated Universal Time),11,Yandri Susanto,yandri susanto,,,,,,
2026-08-03T01:09:22.173658+00:00,20260803-010922,https://trends24.in/indonesia/,Sun Aug 02 2026 18:36:39 GMT+0000 (Coordinated Universal Time),12,Agustus,agustus,,,,,,
2026-08-03T01:09:22.173658+00:00,20260803-010922,https://trends24.in/indonesia/,Sun Aug 02 2026 18:36:39 GMT+0000 (Coordinated Universal Time),13,LOVE TO SERVE 2ND EP,love to serve 2nd ep,,,,,,
2026-08-03T01:09:22.173658+00:00,20260803-010922,https://trends24.in/indonesia/,Sun Aug 02 2026 18:36:39 GMT+0000 (Coordinated Universal Time),14,Minggu,minggu,,,,,,
2026-08-03T01:09:22.173658+00:00,20260803-010922,https://trends24.in/indonesia/,Sun Aug 02 2026 18:36:39 GMT+0000 (Coordinated Universal Time),15,RACER OHM PAWAT D2,racer ohm pawat d2,,,,,,
2026-08-03T01:09:22.173658+00:00,20260803-010922,https://trends24.in/indonesia/,Sun Aug 02 2026 18:36:39 GMT+0000 (Coordinated Universal Time),16,DOMUNDI SPORTS 2026,domundi sports 2026,,,,,,
2026-08-03T01:09:22.173658+00:00,20260803-010922,https://trends24.in/indonesia/,Sun Aug 02 2026 18:36:39 GMT+0000 (Coordinated Universal Time),17,Sangat Menyesatkan,sangat menyesatkan,,,,,,
2026-08-03T01:09:22.173658+00:00,20260803-010922,https://trends24.in/indonesia/,Sun Aug 02 2026 18:36:39 GMT+0000 (Coordinated Universal Time),18,TEETEEPOR CHEER UP,teeteepor cheer up,,,,,,
2026-08-03T01:09:22.173658+00:00,20260803-010922,https://trends24.in/indonesia/,Sun Aug 02 2026 18:36:39 GMT+0000 (Coordinated Universal Time),19,Stabilitas Nasional,stabilitas nasional,,,,,,
2026-08-03T01:09:22.173658+00:00,20260803-010922,https://trends24.in/indonesia/,Sun Aug 02 2026 18:36:39 GMT+0000 (Coordinated Universal Time),20,FIRSTONE TURNED 26,firstone turned 26,,,,,,
2026-08-03T01:09:22.173658+00:00,20260803-010922,https://trends24.in/indonesia/,Sun Aug 02 2026 18:36:39 GMT+0000 (Coordinated Universal Time),21,ING AT BURIRAM,ing at buriram,,,,,,
2026-08-03T01:09:22.173658+00:00,20260803-010922,https://trends24.in/indonesia/,Sun Aug 02 2026 18:36:39 GMT+0000 (Coordinated Universal Time),22,Menteri Desa PDT,menteri desa pdt,,,,,,
2026-08-03T01:09:22.173658+00:00,20260803-010922,https://trends24.in/indonesia/,Sun Aug 02 2026 18:36:39 GMT+0000 (Coordinated Universal Time),23,Mendes PDT,mendes pdt,,,,,,
2026-08-03T01:09:22.173658+00:00,20260803-010922,https://trends24.in/indonesia/,Sun Aug 02 2026 18:36:39 GMT+0000 (Coordinated Universal Time),24,produk lokal indonesia,produk lokal indonesia,,,,,,
2026-08-03T01:09:22.173658+00:00,20260803-010922,https://trends24.in/indonesia/,Sun Aug 02 2026 18:36:39 GMT+0000 (Coordinated Universal Time),25,CORTISPALOOZA BEGINS NOW,cortispalooza begins now,,,,,,
2026-08-03T01:09:22.173658+00:00,20260803-010922,https://trends24.in/indonesia/,Sun Aug 02 2026 18:36:39 GMT+0000 (Coordinated Universal Time),26,KDMP,kdmp,,,,,,
2026-08-03T01:09:22.173658+00:00,20260803-010922,https://trends24.in/indonesia/,Sun Aug 02 2026 18:36:39 GMT+0000 (Coordinated Universal Time),27,Hapsun,hapsun,,,,,,
2026-08-03T01:09:22.173658+00:00,20260803-010922,https://trends24.in/indonesia/,Sun Aug 02 2026 18:36:39 GMT+0000 (Coordinated Universal Time),28,WIN FANMEETING IN JKT,win fanmeeting in jkt,,,,,,
2026-08-03T01:09:22.173658+00:00,20260803-010922,https://trends24.in/indonesia/,Sun Aug 02 2026 18:36:39 GMT+0000 (Coordinated Universal Time),29,Raja,raja,,,,,,
2026-08-03T01:09:22.173658+00:00,20260803-010922,https://trends24.in/indonesia/,Sun Aug 02 2026 18:36:39 GMT+0000 (Coordinated Universal Time),30,SENADA COUPLE OUTFIT,senada couple outfit,,,,,,
2026-08-03T01:09:22.173658+00:00,20260803-010922,https://trends24.in/indonesia/,Sun Aug 02 2026 18:36:39 GMT+0000 (Coordinated Universal Time),31,THOMASKONG TOKY GAME ON,thomaskong toky game on,,,,,,
2026-08-03T01:09:22.173658+00:00,20260803-010922,https://trends24.in/indonesia/,Sun Aug 02 2026 18:36:39 GMT+0000 (Coordinated Universal Time),32,Sumenep,sumenep,,,,,,
2026-08-03T01:09:22.173658+00:00,20260803-010922,https://trends24.in/indonesia/,Sun Aug 02 2026 18:36:39 GMT+0000 (Coordinated Universal Time),33,Khun Thee,khun thee,,,,,,
2026-08-03T01:09:22.173658+00:00,20260803-010922,https://trends24.in/indonesia/,Sun Aug 02 2026 18:36:39 GMT+0000 (Coordinated Universal Time),34,MONDPROPON FANSIGN,mondpropon fansign,,,,,,
2026-08-03T01:09:22.173658+00:00,20260803-010922,https://trends24.in/indonesia/,Sun Aug 02 2026 18:36:39 GMT+0000 (Coordinated Universal Time),35,TheePeach,theepeach,,,,,,
2026-08-03T01:09:22.173658+00:00,20260803-010922,https://trends24.in/indonesia/,Sun Aug 02 2026 18:36:39 GMT+0000 (Coordinated Universal Time),36,ZEENUNEW x ZON SUSU,zeenunew x zon susu,,,,,,
2026-08-03T01:09:22.173658+00:00,20260803-010922,https://trends24.in/indonesia/,Sun Aug 02 2026 18:36:39 GMT+0000 (Coordinated Universal Time),37,KNP OHAE FULL POWER,knp ohae full power,,,,,,
2026-08-03T01:09:22.173658+00:00,20260803-010922,https://trends24.in/indonesia/,Sun Aug 02 2026 18:36:39 GMT+0000 (Coordinated Universal Time),38,Genius Girlfriend,genius girlfriend,,,,,,
2026-08-03T01:09:22.173658+00:00,20260803-010922,https://trends24.in/indonesia/,Sun Aug 02 2026 18:36:39 GMT+0000 (Coordinated Universal Time),39,DEW RENJI THE FIRST STAGE,dew renji the first stage,,,,,,
2026-08-03T01:09:22.173658+00:00,20260803-010922,https://trends24.in/indonesia/,Sun Aug 02 2026 18:36:39 GMT+0000 (Coordinated Universal Time),40,le chevalier,le chevalier,,,,,,
2026-08-03T01:09:22.173658+00:00,20260803-010922,https://trends24.in/indonesia/,Sun Aug 02 2026 18:36:39 GMT+0000 (Coordinated Universal Time),41,Peter,peter,,,,,,
2026-08-03T01:09:22.173658+00:00,20260803-010922,https://trends24.in/indonesia/,Sun Aug 02 2026 18:36:39 GMT+0000 (Coordinated Universal Time),42,Team 2 - Teach You A Lesson,team 2 - teach you a lesson,,,,,,
2026-08-03T01:09:22.173658+00:00,20260803-010922,https://trends24.in/indonesia/,Sun Aug 02 2026 18:36:39 GMT+0000 (Coordinated Universal Time),43,malming,malming,,,,,,
2026-08-03T01:09:22.173658+00:00,20260803-010922,https://trends24.in/indonesia/,Sun Aug 02 2026 18:36:39 GMT+0000 (Coordinated Universal Time),44,LENAMIU GIRLS CUP CH3,lenamiu girls cup ch3,,,,,,
2026-08-03T01:09:22.173658+00:00,20260803-010922,https://trends24.in/indonesia/,Sun Aug 02 2026 18:36:39 GMT+0000 (Coordinated Universal Time),45,selamat 100,selamat 100,,,,,,
2026-08-03T01:09:22.173658+00:00,20260803-010922,https://trends24.in/indonesia/,Sun Aug 02 2026 18:36:39 GMT+0000 (Coordinated Universal Time),46,Ruben,ruben,,,,,,
2026-08-03T01:09:22.173658+00:00,20260803-010922,https://trends24.in/indonesia/,Sun Aug 02 2026 18:36:39 GMT+0000 (Coordinated Universal Time),47,FLOWER JIN IN NEW JERSEY,flower jin in new jersey,,,,,,
2026-08-03T01:09:22.173658+00:00,20260803-010922,https://trends24.in/indonesia/,Sun Aug 02 2026 18:36:39 GMT+0000 (Coordinated Universal Time),48,Piala Presiden,piala presiden,,,,,,
2026-08-03T01:09:22.173658+00:00,20260803-010922,https://trends24.in/indonesia/,Sun Aug 02 2026 18:36:39 GMT+0000 (Coordinated Universal Time),49,GUMMY YUMMY WITH TTP,gummy yummy with ttp,,,,,,
2026-08-03T01:09:22.173658+00:00,20260803-010922,https://trends24.in/indonesia/,Sun Aug 02 2026 18:36:39 GMT+0000 (Coordinated Universal Time),50,BAEMON SHINES BRIGHT IN GLOOM,baemon shines bright in gloom,,,,,,
2026-08-03T01:09:22.173658+00:00,20260803-010922,https://trends24.in/indonesia/,Sun Aug 02 2026 18:36:24 GMT+0000 (Coordinated Universal Time),1,PSD MOGULARRIVAL FS26,psd mogularrival fs26,,,,,,
2026-08-03T01:09:22.173658+00:00,20260803-010922,https://trends24.in/indonesia/,Sun Aug 02 2026 18:36:24 GMT+0000 (Coordinated Universal Time),2,#AlwayswithMarkLee,alwayswithmarklee,,,,,,
2026-08-03T01:09:22.173658+00:00,20260803-010922,https://trends24.in/indonesia/,Sun Aug 02 2026 18:36:24 GMT+0000 (Coordinated Universal Time),3,#ì¤ëë´ì¬ë¦ë¯¼íììì¼ì¶íí´,ì¤ëë´ì¬ë¦ë¯¼íììì¼ì¶íí´,,,,,,
2026-08-03T01:09:22.173658+00:00,20260803-010922,https://trends24.in/indonesia/,Sun Aug 02 2026 18:36:24 GMT+0000 (Coordinated Universal Time),4,#PeachAndMeSeriesFinalEP,peachandmeseriesfinalep,,,,,,
2026-08-03T01:09:22.173658+00:00,20260803-010922,https://trends24.in/indonesia/,Sun Aug 02 2026 18:36:24 GMT+0000 (Coordinated Universal Time),5,Kimpul,kimpul,,,,,,
2026-08-03T01:09:22.173658+00:00,20260803-010922,https://trends24.in/indonesia/,Sun Aug 02 2026 18:36:24 GMT+0000 (Coordinated Universal Time),6,#StopMistreatingJUHOON,stopmistreatingjuhoon,,,,,,
2026-08-03T01:09:22.173658+00:00,20260803-010922,https://trends24.in/indonesia/,Sun Aug 02 2026 18:36:24 GMT+0000 (Coordinated Universal Time),7,#DMDSportsDay2026,dmdsportsday2026,,,,,,
2026-08-03T01:09:22.173658+00:00,20260803-010922,https://trends24.in/indonesia/,Sun Aug 02 2026 18:36:24 GMT+0000 (Coordinated Universal Time),8,persebaya vs port fc,persebaya vs port fc,,,,,,
2026-08-03T01:09:22.173658+00:00,20260803-010922,https://trends24.in/indonesia/,Sun Aug 02 2026 18:36:24 GMT+0000 (Coordinated Universal Time),9,Senin,senin,,,,,,
2026-08-03T01:09:22.173658+00:00,20260803-010922,https://trends24.in/indonesia/,Sun Aug 02 2026 18:36:24 GMT+0000 (Coordinated Universal Time),10,Blingy Action Plan D1,blingy action plan d1,,,,,,
2026-08-03T01:09:22.173658+00:00,20260803-010922,https://trends24.in/indonesia/,Sun Aug 02 2026 18:36:24 GMT+0000 (Coordinated Universal Time),11,Yandri Susanto,yandri susanto,,,,,,
2026-08-03T01:09:22.173658+00:00,20260803-010922,https://trends24.in/indonesia/,Sun Aug 02 2026 18:36:24 GMT+0000 (Coordinated Universal Time),12,Agustus,agustus,,,,,,
2026-08-03T01:09:22.173658+00:00,20260803-010922,https://trends24.in/indonesia/,Sun Aug 02 2026 18:36:24 GMT+0000 (Coordinated Universal Time),13,LOVE TO SERVE 2ND EP,love to serve 2nd ep,,,,,,
2026-08-03T01:09:22.173658+00:00,20260803-010922,https://trends24.in/indonesia/,Sun Aug 02 2026 18:36:24 GMT+0000 (Coordinated Universal Time),14,Minggu,minggu,,,,,,
2026-08-03T01:09:22.173658+00:00,20260803-010922,https://trends24.in/indonesia/,Sun Aug 02 2026 18:36:24 GMT+0000 (Coordinated Universal Time),15,RACER OHM PAWAT D2,racer ohm pawat d2,,,,,,
2026-08-03T01:09:22.173658+00:00,20260803-010922,https://trends24.in/indonesia/,Sun Aug 02 2026 18:36:24 GMT+0000 (Coordinated Universal Time),16,DOMUNDI SPORTS 2026,domundi sports 2026,,,,,,
2026-08-03T01:09:22.173658+00:00,20260803-010922,https://trends24.in/indonesia/,Sun Aug 02 2026 18:36:24 GMT+0000 (Coordinated Universal Time),17,Sangat Menyesatkan,sangat menyesatkan,,,,,,
2026-08-03T01:09:22.173658+00:00,20260803-010922,https://trends24.in/indonesia/,Sun Aug 02 2026 18:36:24 GMT+0000 (Coordinated Universal Time),18,TEETEEPOR CHEER UP,teeteepor cheer up,,,,,,
2026-08-03T01:09:22.173658+00:00,20260803-010922,https://trends24.in/indonesia/,Sun Aug 02 2026 18:36:24 GMT+0000 (Coordinated Universal Time),19,Stabilitas Nasional,stabilitas nasional,,,,,,
2026-08-03T01:09:22.173658+00:00,20260803-010922,https://trends24.in/indonesia/,Sun Aug 02 2026 18:36:24 GMT+0000 (Coordinated Universal Time),20,FIRSTONE TURNED 26,firstone turned 26,,,,,,
2026-08-03T01:09:22.173658+00:00,20260803-010922,https://trends24.in/indonesia/,Sun Aug 02 2026 18:36:24 GMT+0000 (Coordinated Universal Time),21,ING AT BURIRAM,ing at buriram,,,,,,
2026-08-03T01:09:22.173658+00:00,20260803-010922,https://trends24.in/indonesia/,Sun Aug 02 2026 18:36:24 GMT+0000 (Coordinated Universal Time),22,Menteri Desa PDT,menteri desa pdt,,,,,,
2026-08-03T01:09:22.173658+00:00,20260803-010922,https://trends24.in/indonesia/,Sun Aug 02 2026 18:36:24 GMT+0000 (Coordinated Universal Time),23,Mendes PDT,mendes pdt,,,,,,
2026-08-03T01:09:22.173658+00:00,20260803-010922,https://trends24.in/indonesia/,Sun Aug 02 2026 18:36:24 GMT+0000 (Coordinated Universal Time),24,produk lokal indonesia,produk lokal indonesia,,,,,,
2026-08-03T01:09:22.173658+00:00,20260803-010922,https://trends24.in/indonesia/,Sun Aug 02 2026 18:36:24 GMT+0000 (Coordinated Universal Time),25,CORTISPALOOZA BEGINS NOW,cortispalooza begins now,,,,,,
2026-08-03T01:09:22.173658+00:00,20260803-010922,https://trends24.in/indonesia/,Sun Aug 02 2026 18:36:24 GMT+0000 (Coordinated Universal Time),26,KDMP,kdmp,,,,,,
2026-08-03T01:09:22.173658+00:00,20260803-010922,https://trends24.in/indonesia/,Sun Aug 02 2026 18:36:24 GMT+0000 (Coordinated Universal Time),27,Hapsun,hapsun,,,,,,
2026-08-03T01:09:22.173658+00:00,20260803-010922,https://trends24.in/indonesia/,Sun Aug 02 2026 18:36:24 GMT+0000 (Coordinated Universal Time),28,WIN FANMEETING IN JKT,win fanmeeting in jkt,,,,,,
2026-08-03T01:09:22.173658+00:00,20260803-010922,https://trends24.in/indonesia/,Sun Aug 02 2026 18:36:24 GMT+0000 (Coordinated Universal Time),29,Raja,raja,,,,,,
2026-08-03T01:09:22.173658+00:00,20260803-010922,https://trends24.in/indonesia/,Sun Aug 02 2026 18:36:24 GMT+0000 (Coordinated Universal Time),30,SENADA COUPLE OUTFIT,senada couple outfit,,,,,,
2026-08-03T01:09:22.173658+00:00,20260803-010922,https://trends24.in/indonesia/,Sun Aug 02 2026 18:36:24 GMT+0000 (Coordinated Universal Time),31,THOMASKONG TOKY GAME ON,thomaskong toky game on,,,,,,
2026-08-03T01:09:22.173658+00:00,20260803-010922,https://trends24.in/indonesia/,Sun Aug 02 2026 18:36:24 GMT+0000 (Coordinated Universal Time),32,Sumenep,sumenep,,,,,,
2026-08-03T01:09:22.173658+00:00,20260803-010922,https://trends24.in/indonesia/,Sun Aug 02 2026 18:36:24 GMT+0000 (Coordinated Universal Time),33,Khun Thee,khun thee,,,,,,
2026-08-03T01:09:22.173658+00:00,20260803-010922,https://trends24.in/indonesia/,Sun Aug 02 2026 18:36:24 GMT+0000 (Coordinated Universal Time),34,MONDPROPON FANSIGN,mondpropon fansign,,,,,,
2026-08-03T01:09:22.173658+00:00,20260803-010922,https://trends24.in/indonesia/,Sun Aug 02 2026 18:36:24 GMT+0000 (Coordinated Universal Time),35,TheePeach,theepeach,,,,,,
2026-08-03T01:09:22.173658+00:00,20260803-010922,https://trends24.in/indonesia/,Sun Aug 02 2026 18:36:24 GMT+0000 (Coordinated Universal Time),36,ZEENUNEW x ZON SUSU,zeenunew x zon susu,,,,,,
2026-08-03T01:09:22.173658+00:00,20260803-010922,https://trends24.in/indonesia/,Sun Aug 02 2026 18:36:24 GMT+0000 (Coordinated Universal Time),37,KNP OHAE FULL POWER,knp ohae full power,,,,,,
2026-08-03T01:09:22.173658+00:00,20260803-010922,https://trends24.in/indonesia/,Sun Aug 02 2026 18:36:24 GMT+0000 (Coordinated Universal Time),38,Genius Girlfriend,genius girlfriend,,,,,,
2026-08-03T01:09:22.173658+00:00,20260803-010922,https://trends24.in/indonesia/,Sun Aug 02 2026 18:36:24 GMT+0000 (Coordinated Universal Time),39,DEW RENJI THE FIRST STAGE,dew renji the first stage,,,,,,
2026-08-03T01:09:22.173658+00:00,20260803-010922,https://trends24.in/indonesia/,Sun Aug 02 2026 18:36:24 GMT+0000 (Coordinated Universal Time),40,le chevalier,le chevalier,,,,,,
2026-08-03T01:09:22.173658+00:00,20260803-010922,https://trends24.in/indonesia/,Sun Aug 02 2026 18:36:24 GMT+0000 (Coordinated Universal Time),41,Peter,peter,,,,,,
2026-08-03T01:09:22.173658+00:00,20260803-010922,https://trends24.in/indonesia/,Sun Aug 02 2026 18:36:24 GMT+0000 (Coordinated Universal Time),42,Team 2 - Teach You A Lesson,team 2 - teach you a lesson,,,,,,
2026-08-03T01:09:22.173658+00:00,20260803-010922,https://trends24.in/indonesia/,Sun Aug 02 2026 18:36:24 GMT+0000 (Coordinated Universal Time),43,malming,malming,,,,,,
2026-08-03T01:09:22.173658+00:00,20260803-010922,https://trends24.in/indonesia/,Sun Aug 02 2026 18:36:24 GMT+0000 (Coordinated Universal Time),44,LENAMIU GIRLS CUP CH3,lenamiu girls cup ch3,,,,,,
2026-08-03T01:09:22.173658+00:00,20260803-010922,https://trends24.in/indonesia/,Sun Aug 02 2026 18:36:24 GMT+0000 (Coordinated Universal Time),45,selamat 100,selamat 100,,,,,,
2026-08-03T01:09:22.173658+00:00,20260803-010922,https://trends24.in/indonesia/,Sun Aug 02 2026 18:36:24 GMT+0000 (Coordinated Universal Time),46,Ruben,ruben,,,,,,
2026-08-03T01:09:22.173658+00:00,20260803-010922,https://trends24.in/indonesia/,Sun Aug 02 2026 18:36:24 GMT+0000 (Coordinated Universal Time),47,FLOWER JIN IN NEW JERSEY,flower jin in new jersey,,,,,,
2026-08-03T01:09:22.173658+00:00,20260803-010922,https://trends24.in/indonesia/,Sun Aug 02 2026 18:36:24 GMT+0000 (Coordinated Universal Time),48,Piala Presiden,piala presiden,,,,,,
2026-08-03T01:09:22.173658+00:00,20260803-010922,https://trends24.in/indonesia/,Sun Aug 02 2026 18:36:24 GMT+0000 (Coordinated Universal Time),49,GUMMY YUMMY WITH TTP,gummy yummy with ttp,,,,,,
2026-08-03T01:09:22.173658+00:00,20260803-010922,https://trends24.in/indonesia/,Sun Aug 02 2026 18:36:24 GMT+0000 (Coordinated Universal Time),50,BAEMON SHINES BRIGHT IN GLOOM,baemon shines bright in gloom,,,,,,
2026-08-03T01:09:22.173658+00:00,20260803-010922,https://trends24.in/indonesia/,Sun Aug 02 2026 17:45:23 GMT+0000 (Coordinated Universal Time),1,PSD MOGULARRIVAL FS26,psd mogularrival fs26,,,,,,
2026-08-03T01:09:22.173658+00:00,20260803-010922,https://trends24.in/indonesia/,Sun Aug 02 2026 17:45:23 GMT+0000 (Coordinated Universal Time),2,#AlwayswithMarkLee,alwayswithmarklee,,,,,,
2026-08-03T01:09:22.173658+00:00,20260803-010922,https://trends24.in/indonesia/,Sun Aug 02 2026 17:45:23 GMT+0000 (Coordinated Universal Time),3,#ì¤ëë´ì¬ë¦ë¯¼íììì¼ì¶íí´,ì¤ëë´ì¬ë¦ë¯¼íììì¼ì¶íí´,,,,,,
2026-08-03T01:09:22.173658+00:00,20260803-010922,https://trends24.in/indonesia/,Sun Aug 02 2026 17:45:23 GMT+0000 (Coordinated Universal Time),4,#PeachAndMeSeriesFinalEP,peachandmeseriesfinalep,,,,,,
2026-08-03T01:09:22.173658+00:00,20260803-010922,https://trends24.in/indonesia/,Sun Aug 02 2026 17:45:23 GMT+0000 (Coordinated Universal Time),5,Kimpul,kimpul,,,,,,
2026-08-03T01:09:22.173658+00:00,20260803-010922,https://trends24.in/indonesia/,Sun Aug 02 2026 17:45:23 GMT+0000 (Coordinated Universal Time),6,#FairTreatmentForJUHOON,fairtreatmentforjuhoon,,,,,,
2026-08-03T01:09:22.173658+00:00,20260803-010922,https://trends24.in/indonesia/,Sun Aug 02 2026 17:45:23 GMT+0000 (Coordinated Universal Time),7,#DMDSportsDay2026,dmdsportsday2026,,,,,,
2026-08-03T01:09:22.173658+00:00,20260803-010922,https://trends24.in/indonesia/,Sun Aug 02 2026 17:45:23 GMT+0000 (Coordinated Universal Time),8,persebaya vs port fc,persebaya vs port fc,,,,,,
2026-08-03T01:09:22.173658+00:00,20260803-010922,https://trends24.in/indonesia/,Sun Aug 02 2026 17:45:23 GMT+0000 (Coordinated Universal Time),9,Blingy Action Plan D1,blingy action plan d1,,,,,,
2026-08-03T01:09:22.173658+00:00,20260803-010922,https://trends24.in/indonesia/,Sun Aug 02 2026 17:45:23 GMT+0000 (Coordinated Universal Time),10,Senin,senin,,,,,,
2026-08-03T01:09:22.173658+00:00,20260803-010922,https://trends24.in/indonesia/,Sun Aug 02 2026 17:45:23 GMT+0000 (Coordinated Universal Time),11,LOVE TO SERVE 2ND EP,love to serve 2nd ep,,,,,,
2026-08-03T01:09:22.173658+00:00,20260803-010922,https://trends24.in/indonesia/,Sun Aug 02 2026 17:45:23 GMT+0000 (Coordinated Universal Time),12,Yandri Susanto,yandri susanto,,,,,,
2026-08-03T01:09:22.173658+00:00,20260803-010922,https://trends24.in/indonesia/,Sun Aug 02 2026 17:45:23 GMT+0000 (Coordinated Universal Time),13,Agustus,agustus,,,,,,
2026-08-03T01:09:22.173658+00:00,20260803-010922,https://trends24.in/indonesia/,Sun Aug 02 2026 17:45:23 GMT+0000 (Coordinated Universal Time),14,Minggu,minggu,,,,,,
2026-08-03T01:09:22.173658+00:00,20260803-010922,https://trends24.in/indonesia/,Sun Aug 02 2026 17:45:23 GMT+0000 (Coordinated Universal Time),15,RACER OHM PAWAT D2,racer ohm pawat d2,,,,,,
2026-08-03T01:09:22.173658+00:00,20260803-010922,https://trends24.in/indonesia/,Sun Aug 02 2026 17:45:23 GMT+0000 (Coordinated Universal Time),16,DOMUNDI SPORTS 2026,domundi sports 2026,,,,,,
2026-08-03T01:09:22.173658+00:00,20260803-010922,https://trends24.in/indonesia/,Sun Aug 02 2026 17:45:23 GMT+0000 (Coordinated Universal Time),17,Sangat Menyesatkan,sangat menyesatkan,,,,,,
2026-08-03T01:09:22.173658+00:00,20260803-010922,https://trends24.in/indonesia/,Sun Aug 02 2026 17:45:23 GMT+0000 (Coordinated Universal Time),18,100 Theepeach,100 theepeach,,,,,,
2026-08-03T01:09:22.173658+00:00,20260803-010922,https://trends24.in/indonesia/,Sun Aug 02 2026 17:45:23 GMT+0000 (Coordinated Universal Time),19,TEETEEPOR CHEER UP,teeteepor cheer up,,,,,,
2026-08-03T01:09:22.173658+00:00,20260803-010922,https://trends24.in/indonesia/,Sun Aug 02 2026 17:45:23 GMT+0000 (Coordinated Universal Time),20,Stabilitas Nasional,stabilitas nasional,,,,,,
2026-08-03T01:09:22.173658+00:00,20260803-010922,https://trends24.in/indonesia/,Sun Aug 02 2026 17:45:23 GMT+0000 (Coordinated Universal Time),21,ING AT BURIRAM,ing at buriram,,,,,,
2026-08-03T01:09:22.173658+00:00,20260803-010922,https://trends24.in/indonesia/,Sun Aug 02 2026 17:45:23 GMT+0000 (Coordinated Universal Time),22,FIRSTONE TURNED 26,firstone turned 26,,,,,,
2026-08-03T01:09:22.173658+00:00,20260803-010922,https://trends24.in/indonesia/,Sun Aug 02 2026 17:45:23 GMT+0000 (Coordinated Universal Time),23,Menteri Desa PDT,menteri desa pdt,,,,,,
2026-08-03T01:09:22.173658+00:00,20260803-010922,https://trends24.in/indonesia/,Sun Aug 02 2026 17:45:23 GMT+0000 (Coordinated Universal Time),24,Mendes PDT,mendes pdt,,,,,,
2026-08-03T01:09:22.173658+00:00,20260803-010922,https://trends24.in/indonesia/,Sun Aug 02 2026 17:45:23 GMT+0000 (Coordinated Universal Time),25,produk lokal indonesia,produk lokal indonesia,,,,,,
2026-08-03T01:09:22.173658+00:00,20260803-010922,https://trends24.in/indonesia/,Sun Aug 02 2026 17:45:23 GMT+0000 (Coordinated Universal Time),26,KDMP,kdmp,,,,,,
2026-08-03T01:09:22.173658+00:00,20260803-010922,https://trends24.in/indonesia/,Sun Aug 02 2026 17:45:23 GMT+0000 (Coordinated Universal Time),27,CORTISPALOOZA BEGINS NOW,cortispalooza begins now,,,,,,
2026-08-03T01:09:22.173658+00:00,20260803-010922,https://trends24.in/indonesia/,Sun Aug 02 2026 17:45:23 GMT+0000 (Coordinated Universal Time),28,WIN FANMEETING IN JKT,win fanmeeting in jkt,,,,,,
2026-08-03T01:09:22.173658+00:00,20260803-010922,https://trends24.in/indonesia/,Sun Aug 02 2026 17:45:23 GMT+0000 (Coordinated Universal Time),29,Hapsun,hapsun,,,,,,
2026-08-03T01:09:22.173658+00:00,20260803-010922,https://trends24.in/indonesia/,Sun Aug 02 2026 17:45:23 GMT+0000 (Coordinated Universal Time),30,Raja,raja,,,,,,
2026-08-03T01:09:22.173658+00:00,20260803-010922,https://trends24.in/indonesia/,Sun Aug 02 2026 17:45:23 GMT+0000 (Coordinated Universal Time),31,SENADA COUPLE OUTFIT,senada couple outfit,,,,,,
2026-08-03T01:09:22.173658+00:00,20260803-010922,https://trends24.in/indonesia/,Sun Aug 02 2026 17:45:23 GMT+0000 (Coordinated Universal Time),32,THOMASKONG TOKY GAME ON,thomaskong toky game on,,,,,,
2026-08-03T01:09:22.173658+00:00,20260803-010922,https://trends24.in/indonesia/,Sun Aug 02 2026 17:45:23 GMT+0000 (Coordinated Universal Time),33,Sumenep,sumenep,,,,,,
2026-08-03T01:09:22.173658+00:00,20260803-010922,https://trends24.in/indonesia/,Sun Aug 02 2026 17:45:23 GMT+0000 (Coordinated Universal Time),34,Khun Thee,khun thee,,,,,,
2026-08-03T01:09:22.173658+00:00,20260803-010922,https://trends24.in/indonesia/,Sun Aug 02 2026 17:45:23 GMT+0000 (Coordinated Universal Time),35,MONDPROPON FANSIGN,mondpropon fansign,,,,,,
2026-08-03T01:09:22.173658+00:00,20260803-010922,https://trends24.in/indonesia/,Sun Aug 02 2026 17:45:23 GMT+0000 (Coordinated Universal Time),36,ZEENUNEW x ZON SUSU,zeenunew x zon susu,,,,,,
2026-08-03T01:09:22.173658+00:00,20260803-010922,https://trends24.in/indonesia/,Sun Aug 02 2026 17:45:23 GMT+0000 (Coordinated Universal Time),37,$USON,$uson,,,,,,
2026-08-03T01:09:22.173658+00:00,20260803-010922,https://trends24.in/indonesia/,Sun Aug 02 2026 17:45:23 GMT+0000 (Coordinated Universal Time),38,persib vs persija,persib vs persija,,,,,,
2026-08-03T01:09:22.173658+00:00,20260803-010922,https://trends24.in/indonesia/,Sun Aug 02 2026 17:45:23 GMT+0000 (Coordinated Universal Time),39,KNP OHAE FULL POWER,knp ohae full power,,,,,,
2026-08-03T01:09:22.173658+00:00,20260803-010922,https://trends24.in/indonesia/,Sun Aug 02 2026 17:45:23 GMT+0000 (Coordinated Universal Time),40,Genius Girlfriend,genius girlfriend,,,,,,
2026-08-03T01:09:22.173658+00:00,20260803-010922,https://trends24.in/indonesia/,Sun Aug 02 2026 17:45:23 GMT+0000 (Coordinated Universal Time),41,SEVENTEEN,seventeen,,,,,,
2026-08-03T01:09:22.173658+00:00,20260803-010922,https://trends24.in/indonesia/,Sun Aug 02 2026 17:45:23 GMT+0000 (Coordinated Universal Time),42,DEW RENJI THE FIRST STAGE,dew renji the first stage,,,,,,
2026-08-03T01:09:22.173658+00:00,20260803-010922,https://trends24.in/indonesia/,Sun Aug 02 2026 17:45:23 GMT+0000 (Coordinated Universal Time),43,le chevalier,le chevalier,,,,,,
2026-08-03T01:09:22.173658+00:00,20260803-010922,https://trends24.in/indonesia/,Sun Aug 02 2026 17:45:23 GMT+0000 (Coordinated Universal Time),44,Peter,peter,,,,,,
2026-08-03T01:09:22.173658+00:00,20260803-010922,https://trends24.in/indonesia/,Sun Aug 02 2026 17:45:23 GMT+0000 (Coordinated Universal Time),45,Team 2 - Teach You A Lesson,team 2 - teach you a lesson,,,,,,
2026-08-03T01:09:22.173658+00:00,20260803-010922,https://trends24.in/indonesia/,Sun Aug 02 2026 17:45:23 GMT+0000 (Coordinated Universal Time),46,Ruben,ruben,,,,,,
2026-08-03T01:09:22.173658+00:00,20260803-010922,https://trends24.in/indonesia/,Sun Aug 02 2026 17:45:23 GMT+0000 (Coordinated Universal Time),47,malming,malming,,,,,,
2026-08-03T01:09:22.173658+00:00,20260803-010922,https://trends24.in/indonesia/,Sun Aug 02 2026 17:45:23 GMT+0000 (Coordinated Universal Time),48,LENAMIU GIRLS CUP CH3,lenamiu girls cup ch3,,,,,,
2026-08-03T01:09:22.173658+00:00,20260803-010922,https://trends24.in/indonesia/,Sun Aug 02 2026 17:45:23 GMT+0000 (Coordinated Universal Time),49,selamat 100,selamat 100,,,,,,
2026-08-03T01:09:22.173658+00:00,20260803-010922,https://trends24.in/indonesia/,Sun Aug 02 2026 17:45:23 GMT+0000 (Coordinated Universal Time),50,jaehyun,jaehyun,,,,,,
2026-08-03T01:09:22.173658+00:00,20260803-010922,https://trends24.in/indonesia/,Sun Aug 02 2026 16:54:24 GMT+0000 (Coordinated Universal Time),1,PSD MOGULARRIVAL FS26,psd mogularrival fs26,,,,,,
2026-08-03T01:09:22.173658+00:00,20260803-010922,https://trends24.in/indonesia/,Sun Aug 02 2026 16:54:24 GMT+0000 (Coordinated Universal Time),2,#AlwayswithMarkLee,alwayswithmarklee,,,,,,
2026-08-03T01:09:22.173658+00:00,20260803-010922,https://trends24.in/indonesia/,Sun Aug 02 2026 16:54:24 GMT+0000 (Coordinated Universal Time),3,#ì¤ëë´ì¬ë¦ë¯¼íììì¼ì¶íí´,ì¤ëë´ì¬ë¦ë¯¼íììì¼ì¶íí´,,,,,,
2026-08-03T01:09:22.173658+00:00,20260803-010922,https://trends24.in/indonesia/,Sun Aug 02 2026 16:54:24 GMT+0000 (Coordinated Universal Time),4,#PeachAndMeSeriesFinalEP,peachandmeseriesfinalep,,,,,,
2026-08-03T01:09:22.173658+00:00,20260803-010922,https://trends24.in/indonesia/,Sun Aug 02 2026 16:54:24 GMT+0000 (Coordinated Universal Time),5,Kimpul,kimpul,,,,,,
2026-08-03T01:09:22.173658+00:00,20260803-010922,https://trends24.in/indonesia/,Sun Aug 02 2026 16:54:24 GMT+0000 (Coordinated Universal Time),6,#FairTreatmentForJUHOON,fairtreatmentforjuhoon,,,,,,
2026-08-03T01:09:22.173658+00:00,20260803-010922,https://trends24.in/indonesia/,Sun Aug 02 2026 16:54:24 GMT+0000 (Coordinated Universal Time),7,#NCT127_Call127,nct127_call127,,,,,,
2026-08-03T01:09:22.173658+00:00,20260803-010922,https://trends24.in/indonesia/,Sun Aug 02 2026 16:54:24 GMT+0000 (Coordinated Universal Time),8,Blingy Action Plan D1,blingy action plan d1,,,,,,
2026-08-03T01:09:22.173658+00:00,20260803-010922,https://trends24.in/indonesia/,Sun Aug 02 2026 16:54:24 GMT+0000 (Coordinated Universal Time),9,persebaya vs port fc,persebaya vs port fc,,,,,,
2026-08-03T01:09:22.173658+00:00,20260803-010922,https://trends24.in/indonesia/,Sun Aug 02 2026 16:54:24 GMT+0000 (Coordinated Universal Time),10,Senin,senin,,,,,,
2026-08-03T01:09:22.173658+00:00,20260803-010922,https://trends24.in/indonesia/,Sun Aug 02 2026 16:54:24 GMT+0000 (Coordinated Universal Time),11,LOVE TO SERVE 2ND EP,love to serve 2nd ep,,,,,,
2026-08-03T01:09:22.173658+00:00,20260803-010922,https://trends24.in/indonesia/,Sun Aug 02 2026 16:54:24 GMT+0000 (Coordinated Universal Time),12,Yandri Susanto,yandri susanto,,,,,,
2026-08-03T01:09:22.173658+00:00,20260803-010922,https://trends24.in/indonesia/,Sun Aug 02 2026 16:54:24 GMT+0000 (Coordinated Universal Time),13,Agustus,agustus,,,,,,
2026-08-03T01:09:22.173658+00:00,20260803-010922,https://trends24.in/indonesia/,Sun Aug 02 2026 16:54:24 GMT+0000 (Coordinated Universal Time),14,Minggu,minggu,,,,,,
2026-08-03T01:09:22.173658+00:00,20260803-010922,https://trends24.in/indonesia/,Sun Aug 02 2026 16:54:24 GMT+0000 (Coordinated Universal Time),15,Sangat Menyesatkan,sangat menyesatkan,,,,,,
2026-08-03T01:09:22.173658+00:00,20260803-010922,https://trends24.in/indonesia/,Sun Aug 02 2026 16:54:24 GMT+0000 (Coordinated Universal Time),16,RACER OHM PAWAT D2,racer ohm pawat d2,,,,,,
2026-08-03T01:09:22.173658+00:00,20260803-010922,https://trends24.in/indonesia/,Sun Aug 02 2026 16:54:24 GMT+0000 (Coordinated Universal Time),17,DOMUNDI SPORTS 2026,domundi sports 2026,,,,,,
2026-08-03T01:09:22.173658+00:00,20260803-010922,https://trends24.in/indonesia/,Sun Aug 02 2026 16:54:24 GMT+0000 (Coordinated Universal Time),18,100 Theepeach,100 theepeach,,,,,,
2026-08-03T01:09:22.173658+00:00,20260803-010922,https://trends24.in/indonesia/,Sun Aug 02 2026 16:54:24 GMT+0000 (Coordinated Universal Time),19,TEETEEPOR CHEER UP,teeteepor cheer up,,,,,,
2026-08-03T01:09:22.173658+00:00,20260803-010922,https://trends24.in/indonesia/,Sun Aug 02 2026 16:54:24 GMT+0000 (Coordinated Universal Time),20,Stabilitas Nasional,stabilitas nasional,,,,,,
2026-08-03T01:09:22.173658+00:00,20260803-010922,https://trends24.in/indonesia/,Sun Aug 02 2026 16:54:24 GMT+0000 (Coordinated Universal Time),21,kasep,kasep,,,,,,
2026-08-03T01:09:22.173658+00:00,20260803-010922,https://trends24.in/indonesia/,Sun Aug 02 2026 16:54:24 GMT+0000 (Coordinated Universal Time),22,Menteri Desa PDT,menteri desa pdt,,,,,,
2026-08-03T01:09:22.173658+00:00,20260803-010922,https://trends24.in/indonesia/,Sun Aug 02 2026 16:54:24 GMT+0000 (Coordinated Universal Time),23,ING AT BURIRAM,ing at buriram,,,,,,
2026-08-03T01:09:22.173658+00:00,20260803-010922,https://trends24.in/indonesia/,Sun Aug 02 2026 16:54:24 GMT+0000 (Coordinated Universal Time),24,FIRSTONE TURNED 26,firstone turned 26,,,,,,
2026-08-03T01:09:22.173658+00:00,20260803-010922,https://trends24.in/indonesia/,Sun Aug 02 2026 16:54:24 GMT+0000 (Coordinated Universal Time),25,Mendes PDT,mendes pdt,,,,,,
2026-08-03T01:09:22.173658+00:00,20260803-010922,https://trends24.in/indonesia/,Sun Aug 02 2026 16:54:24 GMT+0000 (Coordinated Universal Time),26,produk lokal indonesia,produk lokal indonesia,,,,,,
2026-08-03T01:09:22.173658+00:00,20260803-010922,https://trends24.in/indonesia/,Sun Aug 02 2026 16:54:24 GMT+0000 (Coordinated Universal Time),27,KDMP,kdmp,,,,,,
2026-08-03T01:09:22.173658+00:00,20260803-010922,https://trends24.in/indonesia/,Sun Aug 02 2026 16:54:24 GMT+0000 (Coordinated Universal Time),28,CORTISPALOOZA BEGINS NOW,cortispalooza begins now,,,,,,
2026-08-03T01:09:22.173658+00:00,20260803-010922,https://trends24.in/indonesia/,Sun Aug 02 2026 16:54:24 GMT+0000 (Coordinated Universal Time),29,SEVENTEEN,seventeen,,,,,,
2026-08-03T01:09:22.173658+00:00,20260803-010922,https://trends24.in/indonesia/,Sun Aug 02 2026 16:54:24 GMT+0000 (Coordinated Universal Time),30,WIN FANMEETING IN JKT,win fanmeeting in jkt,,,,,,
2026-08-03T01:09:22.173658+00:00,20260803-010922,https://trends24.in/indonesia/,Sun Aug 02 2026 16:54:24 GMT+0000 (Coordinated Universal Time),31,SENADA COUPLE OUTFIT,senada couple outfit,,,,,,
2026-08-03T01:09:22.173658+00:00,20260803-010922,https://trends24.in/indonesia/,Sun Aug 02 2026 16:54:24 GMT+0000 (Coordinated Universal Time),32,Hapsun,hapsun,,,,,,
2026-08-03T01:09:22.173658+00:00,20260803-010922,https://trends24.in/indonesia/,Sun Aug 02 2026 16:54:24 GMT+0000 (Coordinated Universal Time),33,Raja,raja,,,,,,
2026-08-03T01:09:22.173658+00:00,20260803-010922,https://trends24.in/indonesia/,Sun Aug 02 2026 16:54:24 GMT+0000 (Coordinated Universal Time),34,THOMASKONG TOKY GAME ON,thomaskong toky game on,,,,,,
2026-08-03T01:09:22.173658+00:00,20260803-010922,https://trends24.in/indonesia/,Sun Aug 02 2026 16:54:24 GMT+0000 (Coordinated Universal Time),35,Sumenep,sumenep,,,,,,
2026-08-03T01:09:22.173658+00:00,20260803-010922,https://trends24.in/indonesia/,Sun Aug 02 2026 16:54:24 GMT+0000 (Coordinated Universal Time),36,ZEENUNEW x ZON SUSU,zeenunew x zon susu,,,,,,
2026-08-03T01:09:22.173658+00:00,20260803-010922,https://trends24.in/indonesia/,Sun Aug 02 2026 16:54:24 GMT+0000 (Coordinated Universal Time),37,Khun Thee,khun thee,,,,,,
2026-08-03T01:09:22.173658+00:00,20260803-010922,https://trends24.in/indonesia/,Sun Aug 02 2026 16:54:24 GMT+0000 (Coordinated Universal Time),38,MONDPROPON FANSIGN,mondpropon fansign,,,,,,
2026-08-03T01:09:22.173658+00:00,20260803-010922,https://trends24.in/indonesia/,Sun Aug 02 2026 16:54:24 GMT+0000 (Coordinated Universal Time),39,persib vs persija,persib vs persija,,,,,,
2026-08-03T01:09:22.173658+00:00,20260803-010922,https://trends24.in/indonesia/,Sun Aug 02 2026 16:54:24 GMT+0000 (Coordinated Universal Time),40,KNP OHAE FULL POWER,knp ohae full power,,,,,,
2026-08-03T01:09:22.173658+00:00,20260803-010922,https://trends24.in/indonesia/,Sun Aug 02 2026 16:54:24 GMT+0000 (Coordinated Universal Time),41,Genius Girlfriend,genius girlfriend,,,,,,
2026-08-03T01:09:22.173658+00:00,20260803-010922,https://trends24.in/indonesia/,Sun Aug 02 2026 16:54:24 GMT+0000 (Coordinated Universal Time),42,Ride Through the Velvet Summer,ride through the velvet summer,,,,,,
2026-08-03T01:09:22.173658+00:00,20260803-010922,https://trends24.in/indonesia/,Sun Aug 02 2026 16:54:24 GMT+0000 (Coordinated Universal Time),43,DEW RENJI THE FIRST STAGE,dew renji the first stage,,,,,,
2026-08-03T01:09:22.173658+00:00,20260803-010922,https://trends24.in/indonesia/,Sun Aug 02 2026 16:54:24 GMT+0000 (Coordinated Universal Time),44,le chevalier,le chevalier,,,,,,
2026-08-03T01:09:22.173658+00:00,20260803-010922,https://trends24.in/indonesia/,Sun Aug 02 2026 16:54:24 GMT+0000 (Coordinated Universal Time),45,Beyond the 12th Wave,beyond the 12th wave,,,,,,
2026-08-03T01:09:22.173658+00:00,20260803-010922,https://trends24.in/indonesia/,Sun Aug 02 2026 16:54:24 GMT+0000 (Coordinated Universal Time),46,haechan,haechan,,,,,,
2026-08-03T01:09:22.173658+00:00,20260803-010922,https://trends24.in/indonesia/,Sun Aug 02 2026 16:54:24 GMT+0000 (Coordinated Universal Time),47,Ruben,ruben,,,,,,
2026-08-03T01:09:22.173658+00:00,20260803-010922,https://trends24.in/indonesia/,Sun Aug 02 2026 16:54:24 GMT+0000 (Coordinated Universal Time),48,Peter,peter,,,,,,
2026-08-03T01:09:22.173658+00:00,20260803-010922,https://trends24.in/indonesia/,Sun Aug 02 2026 16:54:24 GMT+0000 (Coordinated Universal Time),49,Team 2 - Teach You A Lesson,team 2 - teach you a lesson,,,,,,
2026-08-03T01:09:22.173658+00:00,20260803-010922,https://trends24.in/indonesia/,Sun Aug 02 2026 16:54:24 GMT+0000 (Coordinated Universal Time),50,malming,malming,,,,,,
2026-08-03T01:09:22.173658+00:00,20260803-010922,https://trends24.in/indonesia/,Sun Aug 02 2026 16:03:26 GMT+0000 (Coordinated Universal Time),1,PSD MOGULARRIVAL FS26,psd mogularrival fs26,,,,,,
2026-08-03T01:09:22.173658+00:00,20260803-010922,https://trends24.in/indonesia/,Sun Aug 02 2026 16:03:26 GMT+0000 (Coordinated Universal Time),2,#AlwayswithMarkLee,alwayswithmarklee,,,,,,
2026-08-03T01:09:22.173658+00:00,20260803-010922,https://trends24.in/indonesia/,Sun Aug 02 2026 16:03:26 GMT+0000 (Coordinated Universal Time),3,#PeachAndMeSeriesFinalEP,peachandmeseriesfinalep,,,,,,
2026-08-03T01:09:22.173658+00:00,20260803-010922,https://trends24.in/indonesia/,Sun Aug 02 2026 16:03:26 GMT+0000 (Coordinated Universal Time),4,#ì¤ëë´ì¬ë¦ë¯¼íììì¼ì¶íí´,ì¤ëë´ì¬ë¦ë¯¼íììì¼ì¶íí´,,,,,,
2026-08-03T01:09:22.173658+00:00,20260803-010922,https://trends24.in/indonesia/,Sun Aug 02 2026 16:03:26 GMT+0000 (Coordinated Universal Time),5,#NCT127_Call127,nct127_call127,,,,,,
2026-08-03T01:09:22.173658+00:00,20260803-010922,https://trends24.in/indonesia/,Sun Aug 02 2026 16:03:26 GMT+0000 (Coordinated Universal Time),6,Blingy Action Plan D1,blingy action plan d1,,,,,,
2026-08-03T01:09:22.173658+00:00,20260803-010922,https://trends24.in/indonesia/,Sun Aug 02 2026 16:03:26 GMT+0000 (Coordinated Universal Time),7,#StopMistreatingJUHOON,stopmistreatingjuhoon,,,,,,
2026-08-03T01:09:22.173658+00:00,20260803-010922,https://trends24.in/indonesia/,Sun Aug 02 2026 16:03:26 GMT+0000 (Coordinated Universal Time),8,Kimpul,kimpul,,,,,,
2026-08-03T01:09:22.173658+00:00,20260803-010922,https://trends24.in/indonesia/,Sun Aug 02 2026 16:03:26 GMT+0000 (Coordinated Universal Time),9,persebaya vs port fc,persebaya vs port fc,,,,,,
2026-08-03T01:09:22.173658+00:00,20260803-010922,https://trends24.in/indonesia/,Sun Aug 02 2026 16:03:26 GMT+0000 (Coordinated Universal Time),10,LOVE TO SERVE 2ND EP,love to serve 2nd ep,,,,,,
2026-08-03T01:09:22.173658+00:00,20260803-010922,https://trends24.in/indonesia/,Sun Aug 02 2026 16:03:26 GMT+0000 (Coordinated Universal Time),11,Senin,senin,,,,,,
2026-08-03T01:09:22.173658+00:00,20260803-010922,https://trends24.in/indonesia/,Sun Aug 02 2026 16:03:26 GMT+0000 (Coordinated Universal Time),12,Yandri Susanto,yandri susanto,,,,,,
2026-08-03T01:09:22.173658+00:00,20260803-010922,https://trends24.in/indonesia/,Sun Aug 02 2026 16:03:26 GMT+0000 (Coordinated Universal Time),13,Agustus,agustus,,,,,,
2026-08-03T01:09:22.173658+00:00,20260803-010922,https://trends24.in/indonesia/,Sun Aug 02 2026 16:03:26 GMT+0000 (Coordinated Universal Time),14,Minggu,minggu,,,,,,
2026-08-03T01:09:22.173658+00:00,20260803-010922,https://trends24.in/indonesia/,Sun Aug 02 2026 16:03:26 GMT+0000 (Coordinated Universal Time),15,Sangat Menyesatkan,sangat menyesatkan,,,,,,
2026-08-03T01:09:22.173658+00:00,20260803-010922,https://trends24.in/indonesia/,Sun Aug 02 2026 16:03:26 GMT+0000 (Coordinated Universal Time),16,RACER OHM PAWAT D2,racer ohm pawat d2,,,,,,
2026-08-03T01:09:22.173658+00:00,20260803-010922,https://trends24.in/indonesia/,Sun Aug 02 2026 16:03:26 GMT+0000 (Coordinated Universal Time),17,DOMUNDI SPORTS 2026,domundi sports 2026,,,,,,
2026-08-03T01:09:22.173658+00:00,20260803-010922,https://trends24.in/indonesia/,Sun Aug 02 2026 16:03:26 GMT+0000 (Coordinated Universal Time),18,TEETEEPOR CHEER UP,teeteepor cheer up,,,,,,
2026-08-03T01:09:22.173658+00:00,20260803-010922,https://trends24.in/indonesia/,Sun Aug 02 2026 16:03:26 GMT+0000 (Coordinated Universal Time),19,Stabilitas Nasional,stabilitas nasional,,,,,,
2026-08-03T01:09:22.173658+00:00,20260803-010922,https://trends24.in/indonesia/,Sun Aug 02 2026 16:03:26 GMT+0000 (Coordinated Universal Time),20,kasep,kasep,,,,,,
2026-08-03T01:09:22.173658+00:00,20260803-010922,https://trends24.in/indonesia/,Sun Aug 02 2026 16:03:26 GMT+0000 (Coordinated Universal Time),21,Menteri Desa PDT,menteri desa pdt,,,,,,
2026-08-03T01:09:22.173658+00:00,20260803-010922,https://trends24.in/indonesia/,Sun Aug 02 2026 16:03:26 GMT+0000 (Coordinated Universal Time),22,ING AT BURIRAM,ing at buriram,,,,,,
2026-08-03T01:09:22.173658+00:00,20260803-010922,https://trends24.in/indonesia/,Sun Aug 02 2026 16:03:26 GMT+0000 (Coordinated Universal Time),23,SEVENTEEN,seventeen,,,,,,
2026-08-03T01:09:22.173658+00:00,20260803-010922,https://trends24.in/indonesia/,Sun Aug 02 2026 16:03:26 GMT+0000 (Coordinated Universal Time),24,FIRSTONE TURNED 26,firstone turned 26,,,,,,
2026-08-03T01:09:22.173658+00:00,20260803-010922,https://trends24.in/indonesia/,Sun Aug 02 2026 16:03:26 GMT+0000 (Coordinated Universal Time),25,Mendes PDT,mendes pdt,,,,,,
2026-08-03T01:09:22.173658+00:00,20260803-010922,https://trends24.in/indonesia/,Sun Aug 02 2026 16:03:26 GMT+0000 (Coordinated Universal Time),26,produk lokal indonesia,produk lokal indonesia,,,,,,
2026-08-03T01:09:22.173658+00:00,20260803-010922,https://trends24.in/indonesia/,Sun Aug 02 2026 16:03:26 GMT+0000 (Coordinated Universal Time),27,KDMP,kdmp,,,,,,
2026-08-03T01:09:22.173658+00:00,20260803-010922,https://trends24.in/indonesia/,Sun Aug 02 2026 16:03:26 GMT+0000 (Coordinated Universal Time),28,CORTISPALOOZA BEGINS NOW,cortispalooza begins now,,,,,,
2026-08-03T01:09:22.173658+00:00,20260803-010922,https://trends24.in/indonesia/,Sun Aug 02 2026 16:03:26 GMT+0000 (Coordinated Universal Time),29,team 2 - teach you a lesson,team 2 - teach you a lesson,,,,,,
2026-08-03T01:09:22.173658+00:00,20260803-010922,https://trends24.in/indonesia/,Sun Aug 02 2026 16:03:26 GMT+0000 (Coordinated Universal Time),30,MONDPROPON FANSIGN,mondpropon fansign,,,,,,
2026-08-03T01:09:22.173658+00:00,20260803-010922,https://trends24.in/indonesia/,Sun Aug 02 2026 16:03:26 GMT+0000 (Coordinated Universal Time),31,WIN FANMEETING IN JKT,win fanmeeting in jkt,,,,,,
2026-08-03T01:09:22.173658+00:00,20260803-010922,https://trends24.in/indonesia/,Sun Aug 02 2026 16:03:26 GMT+0000 (Coordinated Universal Time),32,SENADA COUPLE OUTFIT,senada couple outfit,,,,,,
2026-08-03T01:09:22.173658+00:00,20260803-010922,https://trends24.in/indonesia/,Sun Aug 02 2026 16:03:26 GMT+0000 (Coordinated Universal Time),33,Sumenep,sumenep,,,,,,
2026-08-03T01:09:22.173658+00:00,20260803-010922,https://trends24.in/indonesia/,Sun Aug 02 2026 16:03:26 GMT+0000 (Coordinated Universal Time),34,KNP OHAE FULL POWER,knp ohae full power,,,,,,
2026-08-03T01:09:22.173658+00:00,20260803-010922,https://trends24.in/indonesia/,Sun Aug 02 2026 16:03:26 GMT+0000 (Coordinated Universal Time),35,haechan,haechan,,,,,,
2026-08-03T01:09:22.173658+00:00,20260803-010922,https://trends24.in/indonesia/,Sun Aug 02 2026 16:03:26 GMT+0000 (Coordinated Universal Time),36,Hapsun,hapsun,,,,,,
2026-08-03T01:09:22.173658+00:00,20260803-010922,https://trends24.in/indonesia/,Sun Aug 02 2026 16:03:26 GMT+0000 (Coordinated Universal Time),37,Raja,raja,,,,,,
2026-08-03T01:09:22.173658+00:00,20260803-010922,https://trends24.in/indonesia/,Sun Aug 02 2026 16:03:26 GMT+0000 (Coordinated Universal Time),38,You're My Wonderwall,you're my wonderwall,,,,,,
2026-08-03T01:09:22.173658+00:00,20260803-010922,https://trends24.in/indonesia/,Sun Aug 02 2026 16:03:26 GMT+0000 (Coordinated Universal Time),39,THOMASKONG TOKY GAME ON,thomaskong toky game on,,,,,,
2026-08-03T01:09:22.173658+00:00,20260803-010922,https://trends24.in/indonesia/,Sun Aug 02 2026 16:03:26 GMT+0000 (Coordinated Universal Time),40,ZEENUNEW x ZON SUSU,zeenunew x zon susu,,,,,,
2026-08-03T01:09:22.173658+00:00,20260803-010922,https://trends24.in/indonesia/,Sun Aug 02 2026 16:03:26 GMT+0000 (Coordinated Universal Time),41,Khun Thee,khun thee,,,,,,
2026-08-03T01:09:22.173658+00:00,20260803-010922,https://trends24.in/indonesia/,Sun Aug 02 2026 16:03:26 GMT+0000 (Coordinated Universal Time),42,jaehyun,jaehyun,,,,,,
2026-08-03T01:09:22.173658+00:00,20260803-010922,https://trends24.in/indonesia/,Sun Aug 02 2026 16:03:26 GMT+0000 (Coordinated Universal Time),43,TheePeach,theepeach,,,,,,
2026-08-03T01:09:22.173658+00:00,20260803-010922,https://trends24.in/indonesia/,Sun Aug 02 2026 16:03:26 GMT+0000 (Coordinated Universal Time),44,persib vs persija,persib vs persija,,,,,,
2026-08-03T01:09:22.173658+00:00,20260803-010922,https://trends24.in/indonesia/,Sun Aug 02 2026 16:03:26 GMT+0000 (Coordinated Universal Time),45,Genius Girlfriend,genius girlfriend,,,,,,
2026-08-03T01:09:22.173658+00:00,20260803-010922,https://trends24.in/indonesia/,Sun Aug 02 2026 16:03:26 GMT+0000 (Coordinated Universal Time),46,Ride Through the Velvet Summer,ride through the velvet summer,,,,,,
2026-08-03T01:09:22.173658+00:00,20260803-010922,https://trends24.in/indonesia/,Sun Aug 02 2026 16:03:26 GMT+0000 (Coordinated Universal Time),47,DEW RENJI THE FIRST STAGE,dew renji the first stage,,,,,,
2026-08-03T01:09:22.173658+00:00,20260803-010922,https://trends24.in/indonesia/,Sun Aug 02 2026 16:03:26 GMT+0000 (Coordinated Universal Time),48,le chevalier,le chevalier,,,,,,
2026-08-03T01:09:22.173658+00:00,20260803-010922,https://trends24.in/indonesia/,Sun Aug 02 2026 16:03:26 GMT+0000 (Coordinated Universal Time),49,Beyond the 12th Wave,beyond the 12th wave,,,,,,
2026-08-03T01:09:22.173658+00:00,20260803-010922,https://trends24.in/indonesia/,Sun Aug 02 2026 16:03:26 GMT+0000 (Coordinated Universal Time),50,Ruben,ruben,,,,,,
2026-08-03T01:09:22.173658+00:00,20260803-010922,https://trends24.in/indonesia/,Sun Aug 02 2026 15:12:16 GMT+0000 (Coordinated Universal Time),1,PSD MOGULARRIVAL FS26,psd mogularrival fs26,,,,,,
2026-08-03T01:09:22.173658+00:00,20260803-010922,https://trends24.in/indonesia/,Sun Aug 02 2026 15:12:16 GMT+0000 (Coordinated Universal Time),2,#NCT127_Call127,nct127_call127,,,,,,
2026-08-03T01:09:22.173658+00:00,20260803-010922,https://trends24.in/indonesia/,Sun Aug 02 2026 15:12:16 GMT+0000 (Coordinated Universal Time),3,Blingy Action Plan D1,blingy action plan d1,,,,,,
2026-08-03T01:09:22.173658+00:00,20260803-010922,https://trends24.in/indonesia/,Sun Aug 02 2026 15:12:16 GMT+0000 (Coordinated Universal Time),4,#FairTreatmentForJUHOON,fairtreatmentforjuhoon,,,,,,
2026-08-03T01:09:22.173658+00:00,20260803-010922,https://trends24.in/indonesia/,Sun Aug 02 2026 15:12:16 GMT+0000 (Coordinated Universal Time),5,#MatchPointSeriesEP2,matchpointseriesep2,,,,,,
2026-08-03T01:09:22.173658+00:00,20260803-010922,https://trends24.in/indonesia/,Sun Aug 02 2026 15:12:16 GMT+0000 (Coordinated Universal Time),6,LOVE TO SERVE 2ND EP,love to serve 2nd ep,,,,,,
2026-08-03T01:09:22.173658+00:00,20260803-010922,https://trends24.in/indonesia/,Sun Aug 02 2026 15:12:16 GMT+0000 (Coordinated Universal Time),7,#TerikatJanjiEp121,terikatjanjiep121,,,,,,
2026-08-03T01:09:22.173658+00:00,20260803-010922,https://trends24.in/indonesia/,Sun Aug 02 2026 15:12:16 GMT+0000 (Coordinated Universal Time),8,#SODASODA,sodasoda,,,,,,
2026-08-03T01:09:22.173658+00:00,20260803-010922,https://trends24.in/indonesia/,Sun Aug 02 2026 15:12:16 GMT+0000 (Coordinated Universal Time),9,Besok Senin,besok senin,,,,,,
2026-08-03T01:09:22.173658+00:00,20260803-010922,https://trends24.in/indonesia/,Sun Aug 02 2026 15:12:16 GMT+0000 (Coordinated Universal Time),10,kasep,kasep,,,,,,
2026-08-03T01:09:22.173658+00:00,20260803-010922,https://trends24.in/indonesia/,Sun Aug 02 2026 15:12:16 GMT+0000 (Coordinated Universal Time),11,SENADA COUPLE OUTFIT,senada couple outfit,,,,,,
2026-08-03T01:09:22.173658+00:00,20260803-010922,https://trends24.in/indonesia/,Sun Aug 02 2026 15:12:16 GMT+0000 (Coordinated Universal Time),12,Poland,poland,,,,,,
2026-08-03T01:09:22.173658+00:00,20260803-010922,https://trends24.in/indonesia/,Sun Aug 02 2026 15:12:16 GMT+0000 (Coordinated Universal Time),13,SEVENTEEN,seventeen,,,,,,
2026-08-03T01:09:22.173658+00:00,20260803-010922,https://trends24.in/indonesia/,Sun Aug 02 2026 15:12:16 GMT+0000 (Coordinated Universal Time),14,You're My Wonderwall,you're my wonderwall,,,,,,
2026-08-03T01:09:22.173658+00:00,20260803-010922,https://trends24.in/indonesia/,Sun Aug 02 2026 15:12:16 GMT+0000 (Coordinated Universal Time),15,MONDPROPON FANSIGN,mondpropon fansign,,,,,,
2026-08-03T01:09:22.173658+00:00,20260803-010922,https://trends24.in/indonesia/,Sun Aug 02 2026 15:12:16 GMT+0000 (Coordinated Universal Time),16,FIRSTONE TURNED 26,firstone turned 26,,,,,,
2026-08-03T01:09:22.173658+00:00,20260803-010922,https://trends24.in/indonesia/,Sun Aug 02 2026 15:12:16 GMT+0000 (Coordinated Universal Time),17,Kimpul,kimpul,,,,,,
2026-08-03T01:09:22.173658+00:00,20260803-010922,https://trends24.in/indonesia/,Sun Aug 02 2026 15:12:16 GMT+0000 (Coordinated Universal Time),18,Nuha,nuha,,,,,,
2026-08-03T01:09:22.173658+00:00,20260803-010922,https://trends24.in/indonesia/,Sun Aug 02 2026 15:12:16 GMT+0000 (Coordinated Universal Time),19,Sumenep,sumenep,,,,,,
2026-08-03T01:09:22.173658+00:00,20260803-010922,https://trends24.in/indonesia/,Sun Aug 02 2026 15:12:16 GMT+0000 (Coordinated Universal Time),20,Perth,perth,,,,,,
2026-08-03T01:09:22.173658+00:00,20260803-010922,https://trends24.in/indonesia/,Sun Aug 02 2026 15:12:16 GMT+0000 (Coordinated Universal Time),21,PONDPHUWIN RENDEZV MANILA,pondphuwin rendezv manila,,,,,,
2026-08-03T01:09:22.173658+00:00,20260803-010922,https://trends24.in/indonesia/,Sun Aug 02 2026 15:12:16 GMT+0000 (Coordinated Universal Time),22,Risol,risol,,,,,,
2026-08-03T01:09:22.173658+00:00,20260803-010922,https://trends24.in/indonesia/,Sun Aug 02 2026 15:12:16 GMT+0000 (Coordinated Universal Time),23,Yandri Susanto,yandri susanto,,,,,,
2026-08-03T01:09:22.173658+00:00,20260803-010922,https://trends24.in/indonesia/,Sun Aug 02 2026 15:12:16 GMT+0000 (Coordinated Universal Time),24,Raja,raja,,,,,,
2026-08-03T01:09:22.173658+00:00,20260803-010922,https://trends24.in/indonesia/,Sun Aug 02 2026 15:12:16 GMT+0000 (Coordinated Universal Time),25,Innalilahi,innalilahi,,,,,,
2026-08-03T01:09:22.173658+00:00,20260803-010922,https://trends24.in/indonesia/,Sun Aug 02 2026 15:12:16 GMT+0000 (Coordinated Universal Time),26,ING AT BURIRAM,ing at buriram,,,,,,
2026-08-03T01:09:22.173658+00:00,20260803-010922,https://trends24.in/indonesia/,Sun Aug 02 2026 15:12:16 GMT+0000 (Coordinated Universal Time),27,menteri desa pdt,menteri desa pdt,,,,,,
2026-08-03T01:09:22.173658+00:00,20260803-010922,https://trends24.in/indonesia/,Sun Aug 02 2026 15:12:16 GMT+0000 (Coordinated Universal Time),28,#TWSã¨å¼¾ããå¤,twsã¨å¼¾ããå¤,,,,,,
2026-08-03T01:09:22.173658+00:00,20260803-010922,https://trends24.in/indonesia/,Sun Aug 02 2026 15:12:16 GMT+0000 (Coordinated Universal Time),29,#SpookyInLoveEp6,spookyinloveep6,,,,,,
2026-08-03T01:09:22.173658+00:00,20260803-010922,https://trends24.in/indonesia/,Sun Aug 02 2026 15:12:16 GMT+0000 (Coordinated Universal Time),30,#CaraMeminumRamuneJKT48,carameminumramunejkt48,,,,,,
2026-08-03T01:09:22.173658+00:00,20260803-010922,https://trends24.in/indonesia/,Sun Aug 02 2026 15:12:16 GMT+0000 (Coordinated Universal Time),31,#NCT127_BLINGY,nct127_blingy,,,,,,
2026-08-03T01:09:22.173658+00:00,20260803-010922,https://trends24.in/indonesia/,Sun Aug 02 2026 15:12:16 GMT+0000 (Coordinated Universal Time),32,#sloth,sloth,,,,,,
2026-08-03T01:09:22.173658+00:00,20260803-010922,https://trends24.in/indonesia/,Sun Aug 02 2026 15:12:16 GMT+0000 (Coordinated Universal Time),33,#SuaminyaGracie,suaminyagracie,,,,,,
2026-08-03T01:09:22.173658+00:00,20260803-010922,https://trends24.in/indonesia/,Sun Aug 02 2026 15:12:16 GMT+0000 (Coordinated Universal Time),34,#FritzyTale18,fritzytale18,,,,,,
2026-08-03T01:09:22.173658+00:00,20260803-010922,https://trends24.in/indonesia/,Sun Aug 02 2026 15:12:16 GMT+0000 (Coordinated Universal Time),35,#DOMIIA,domiia,,,,,,
2026-08-03T01:09:22.173658+00:00,20260803-010922,https://trends24.in/indonesia/,Sun Aug 02 2026 15:12:16 GMT+0000 (Coordinated Universal Time),36,#26thHBDFIRSTONE,26thhbdfirstone,,,,,,
2026-08-03T01:09:22.173658+00:00,20260803-010922,https://trends24.in/indonesia/,Sun Aug 02 2026 15:12:16 GMT+0000 (Coordinated Universal Time),37,#VNL2026,vnl2026,,,,,,
2026-08-03T01:09:22.173658+00:00,20260803-010922,https://trends24.in/indonesia/,Sun Aug 02 2026 15:12:16 GMT+0000 (Coordinated Universal Time),38,#ARL100,arl100,,,,,,
2026-08-03T01:09:22.173658+00:00,20260803-010922,https://trends24.in/indonesia/,Sun Aug 02 2026 15:12:16 GMT+0000 (Coordinated Universal Time),39,#BloomingAralie,bloomingaralie,,,,,,
2026-08-03T01:09:22.173658+00:00,20260803-010922,https://trends24.in/indonesia/,Sun Aug 02 2026 15:12:16 GMT+0000 (Coordinated Universal Time),40,#HAMIN,hamin,,,,,,
2026-08-03T01:09:22.173658+00:00,20260803-010922,https://trends24.in/indonesia/,Sun Aug 02 2026 15:12:16 GMT+0000 (Coordinated Universal Time),41,#GarnierKGlowxFourth1DayTrip,garnierkglowxfourth1daytrip,,,,,,
2026-08-03T01:09:22.173658+00:00,20260803-010922,https://trends24.in/indonesia/,Sun Aug 02 2026 15:12:16 GMT+0000 (Coordinated Universal Time),42,#Fourthnattawat,fourthnattawat,,,,,,
2026-08-03T01:09:22.173658+00:00,20260803-010922,https://trends24.in/indonesia/,Sun Aug 02 2026 15:12:16 GMT+0000 (Coordinated Universal Time),43,#GeniusGirlfriend,geniusgirlfriend,,,,,,
2026-08-03T01:09:22.173658+00:00,20260803-010922,https://trends24.in/indonesia/,Sun Aug 02 2026 15:12:16 GMT+0000 (Coordinated Universal Time),44,#à¹à¸à¸£à¹à¸à¸à¸±à¸à¸§à¸£à¸£à¸à¸à¹,à¹à¸à¸£à¹à¸à¸à¸±à¸à¸§à¸£à¸£à¸à¸à¹,,,,,,
2026-08-03T01:09:22.173658+00:00,20260803-010922,https://trends24.in/indonesia/,Sun Aug 02 2026 15:12:16 GMT+0000 (Coordinated Universal Time),45,#MarkLee,marklee,,,,,,
2026-08-03T01:09:22.173658+00:00,20260803-010922,https://trends24.in/indonesia/,Sun Aug 02 2026 15:12:11 GMT+0000 (Coordinated Universal Time),1,PSD MOGULARRIVAL FS26,psd mogularrival fs26,,,,,,
2026-08-03T01:09:22.173658+00:00,20260803-010922,https://trends24.in/indonesia/,Sun Aug 02 2026 15:12:11 GMT+0000 (Coordinated Universal Time),2,#PeachAndMeSeriesFinalEP,peachandmeseriesfinalep,,,,,,
2026-08-03T01:09:22.173658+00:00,20260803-010922,https://trends24.in/indonesia/,Sun Aug 02 2026 15:12:11 GMT+0000 (Coordinated Universal Time),3,#AlwayswithMarkLee,alwayswithmarklee,,,,,,
2026-08-03T01:09:22.173658+00:00,20260803-010922,https://trends24.in/indonesia/,Sun Aug 02 2026 15:12:11 GMT+0000 (Coordinated Universal Time),4,#ì¤ëë´ì¬ë¦ë¯¼íììì¼ì¶íí´,ì¤ëë´ì¬ë¦ë¯¼íììì¼ì¶íí´,,,,,,
2026-08-03T01:09:22.173658+00:00,20260803-010922,https://trends24.in/indonesia/,Sun Aug 02 2026 15:12:11 GMT+0000 (Coordinated Universal Time),5,#NCT127_Call127,nct127_call127,,,,,,
2026-08-03T01:09:22.173658+00:00,20260803-010922,https://trends24.in/indonesia/,Sun Aug 02 2026 15:12:11 GMT+0000 (Coordinated Universal Time),6,#FairTreatmentForJUHOON,fairtreatmentforjuhoon,,,,,,
2026-08-03T01:09:22.173658+00:00,20260803-010922,https://trends24.in/indonesia/,Sun Aug 02 2026 15:12:11 GMT+0000 (Coordinated Universal Time),7,Blingy Action Plan D1,blingy action plan d1,,,,,,
2026-08-03T01:09:22.173658+00:00,20260803-010922,https://trends24.in/indonesia/,Sun Aug 02 2026 15:12:11 GMT+0000 (Coordinated Universal Time),8,Kimpul,kimpul,,,,,,
2026-08-03T01:09:22.173658+00:00,20260803-010922,https://trends24.in/indonesia/,Sun Aug 02 2026 15:12:11 GMT+0000 (Coordinated Universal Time),9,persebaya vs port fc,persebaya vs port fc,,,,,,
2026-08-03T01:09:22.173658+00:00,20260803-010922,https://trends24.in/indonesia/,Sun Aug 02 2026 15:12:11 GMT+0000 (Coordinated Universal Time),10,LOVE TO SERVE 2ND EP,love to serve 2nd ep,,,,,,
2026-08-03T01:09:22.173658+00:00,20260803-010922,https://trends24.in/indonesia/,Sun Aug 02 2026 15:12:11 GMT+0000 (Coordinated Universal Time),11,Senin,senin,,,,,,
2026-08-03T01:09:22.173658+00:00,20260803-010922,https://trends24.in/indonesia/,Sun Aug 02 2026 15:12:11 GMT+0000 (Coordinated Universal Time),12,Agustus,agustus,,,,,,
2026-08-03T01:09:22.173658+00:00,20260803-010922,https://trends24.in/indonesia/,Sun Aug 02 2026 15:12:11 GMT+0000 (Coordinated Universal Time),13,Yandri Susanto,yandri susanto,,,,,,
2026-08-03T01:09:22.173658+00:00,20260803-010922,https://trends24.in/indonesia/,Sun Aug 02 2026 15:12:11 GMT+0000 (Coordinated Universal Time),14,Minggu,minggu,,,,,,
2026-08-03T01:09:22.173658+00:00,20260803-010922,https://trends24.in/indonesia/,Sun Aug 02 2026 15:12:11 GMT+0000 (Coordinated Universal Time),15,pln 100,pln 100,,,,,,
2026-08-03T01:09:22.173658+00:00,20260803-010922,https://trends24.in/indonesia/,Sun Aug 02 2026 15:12:11 GMT+0000 (Coordinated Universal Time),16,TEETEEPOR CHEER UP,teeteepor cheer up,,,,,,
2026-08-03T01:09:22.173658+00:00,20260803-010922,https://trends24.in/indonesia/,Sun Aug 02 2026 15:12:11 GMT+0000 (Coordinated Universal Time),17,RACER OHM PAWAT D2,racer ohm pawat d2,,,,,,
2026-08-03T01:09:22.173658+00:00,20260803-010922,https://trends24.in/indonesia/,Sun Aug 02 2026 15:12:11 GMT+0000 (Coordinated Universal Time),18,DOMUNDI SPORTS 2026,domundi sports 2026,,,,,,
2026-08-03T01:09:22.173658+00:00,20260803-010922,https://trends24.in/indonesia/,Sun Aug 02 2026 15:12:11 GMT+0000 (Coordinated Universal Time),19,Sangat Menyesatkan,sangat menyesatkan,,,,,,
2026-08-03T01:09:22.173658+00:00,20260803-010922,https://trends24.in/indonesia/,Sun Aug 02 2026 15:12:11 GMT+0000 (Coordinated Universal Time),20,DEW RENJI THE FIRST STAGE,dew renji the first stage,,,,,,
2026-08-03T01:09:22.173658+00:00,20260803-010922,https://trends24.in/indonesia/,Sun Aug 02 2026 15:12:11 GMT+0000 (Coordinated Universal Time),21,CORTISPALOOZA BEGINS NOW,cortispalooza begins now,,,,,,
2026-08-03T01:09:22.173658+00:00,20260803-010922,https://trends24.in/indonesia/,Sun Aug 02 2026 15:12:11 GMT+0000 (Coordinated Universal Time),22,Kasep,kasep,,,,,,
2026-08-03T01:09:22.173658+00:00,20260803-010922,https://trends24.in/indonesia/,Sun Aug 02 2026 15:12:11 GMT+0000 (Coordinated Universal Time),23,Stabilitas Nasional,stabilitas nasional,,,,,,
2026-08-03T01:09:22.173658+00:00,20260803-010922,https://trends24.in/indonesia/,Sun Aug 02 2026 15:12:11 GMT+0000 (Coordinated Universal Time),24,menteri desa pdt,menteri desa pdt,,,,,,
2026-08-03T01:09:22.173658+00:00,20260803-010922,https://trends24.in/indonesia/,Sun Aug 02 2026 15:12:11 GMT+0000 (Coordinated Universal Time),25,kehormatan menjaga kepercayaan,kehormatan menjaga kepercayaan,,,,,,
2026-08-03T01:09:22.173658+00:00,20260803-010922,https://trends24.in/indonesia/,Sun Aug 02 2026 15:12:11 GMT+0000 (Coordinated Universal Time),26,ING AT BURIRAM,ing at buriram,,,,,,
2026-08-03T01:09:22.173658+00:00,20260803-010922,https://trends24.in/indonesia/,Sun Aug 02 2026 15:12:11 GMT+0000 (Coordinated Universal Time),27,SENADA COUPLE OUTFIT,senada couple outfit,,,,,,
2026-08-03T01:09:22.173658+00:00,20260803-010922,https://trends24.in/indonesia/,Sun Aug 02 2026 15:12:11 GMT+0000 (Coordinated Universal Time),28,Mendes PDT,mendes pdt,,,,,,
2026-08-03T01:09:22.173658+00:00,20260803-010922,https://trends24.in/indonesia/,Sun Aug 02 2026 15:12:11 GMT+0000 (Coordinated Universal Time),29,KDMP,kdmp,,,,,,
2026-08-03T01:09:22.173658+00:00,20260803-010922,https://trends24.in/indonesia/,Sun Aug 02 2026 15:12:11 GMT+0000 (Coordinated Universal Time),30,produk lokal indonesia,produk lokal indonesia,,,,,,
2026-08-03T01:09:22.173658+00:00,20260803-010922,https://trends24.in/indonesia/,Sun Aug 02 2026 15:12:11 GMT+0000 (Coordinated Universal Time),31,Hapsun,hapsun,,,,,,
2026-08-03T01:09:22.173658+00:00,20260803-010922,https://trends24.in/indonesia/,Sun Aug 02 2026 15:12:11 GMT+0000 (Coordinated Universal Time),32,Poland,poland,,,,,,
2026-08-03T01:09:22.173658+00:00,20260803-010922,https://trends24.in/indonesia/,Sun Aug 02 2026 15:12:11 GMT+0000 (Coordinated Universal Time),33,ZEENUNEW x ZON SUSU,zeenunew x zon susu,,,,,,
2026-08-03T01:09:22.173658+00:00,20260803-010922,https://trends24.in/indonesia/,Sun Aug 02 2026 15:12:11 GMT+0000 (Coordinated Universal Time),34,team 2 - teach you a lesson,team 2 - teach you a lesson,,,,,,
2026-08-03T01:09:22.173658+00:00,20260803-010922,https://trends24.in/indonesia/,Sun Aug 02 2026 15:12:11 GMT+0000 (Coordinated Universal Time),35,MONDPROPON FANSIGN,mondpropon fansign,,,,,,
2026-08-03T01:09:22.173658+00:00,20260803-010922,https://trends24.in/indonesia/,Sun Aug 02 2026 15:12:11 GMT+0000 (Coordinated Universal Time),36,WIN FANMEETING IN JKT,win fanmeeting in jkt,,,,,,
2026-08-03T01:09:22.173658+00:00,20260803-010922,https://trends24.in/indonesia/,Sun Aug 02 2026 15:12:11 GMT+0000 (Coordinated Universal Time),37,LENAMIU GIRLS CUP CH3,lenamiu girls cup ch3,,,,,,
2026-08-03T01:09:22.173658+00:00,20260803-010922,https://trends24.in/indonesia/,Sun Aug 02 2026 15:12:11 GMT+0000 (Coordinated Universal Time),38,Sumenep,sumenep,,,,,,
2026-08-03T01:09:22.173658+00:00,20260803-010922,https://trends24.in/indonesia/,Sun Aug 02 2026 15:12:11 GMT+0000 (Coordinated Universal Time),39,KNP OHAE FULL POWER,knp ohae full power,,,,,,
2026-08-03T01:09:22.173658+00:00,20260803-010922,https://trends24.in/indonesia/,Sun Aug 02 2026 15:12:11 GMT+0000 (Coordinated Universal Time),40,You're My Wonderwall,you're my wonderwall,,,,,,
2026-08-03T01:09:22.173658+00:00,20260803-010922,https://trends24.in/indonesia/,Sun Aug 02 2026 15:12:11 GMT+0000 (Coordinated Universal Time),41,SEVENTEEN,seventeen,,,,,,
2026-08-03T01:09:22.173658+00:00,20260803-010922,https://trends24.in/indonesia/,Sun Aug 02 2026 15:12:11 GMT+0000 (Coordinated Universal Time),42,THOMASKONG TOKY GAME ON,thomaskong toky game on,,,,,,
2026-08-03T01:09:22.173658+00:00,20260803-010922,https://trends24.in/indonesia/,Sun Aug 02 2026 15:12:11 GMT+0000 (Coordinated Universal Time),43,Raja,raja,,,,,,
2026-08-03T01:09:22.173658+00:00,20260803-010922,https://trends24.in/indonesia/,Sun Aug 02 2026 15:12:11 GMT+0000 (Coordinated Universal Time),44,Khun Thee,khun thee,,,,,,
2026-08-03T01:09:22.173658+00:00,20260803-010922,https://trends24.in/indonesia/,Sun Aug 02 2026 15:12:11 GMT+0000 (Coordinated Universal Time),45,TheePeach,theepeach,,,,,,
2026-08-03T01:09:22.173658+00:00,20260803-010922,https://trends24.in/indonesia/,Sun Aug 02 2026 15:12:11 GMT+0000 (Coordinated Universal Time),46,jeno,jeno,,,,,,
2026-08-03T01:09:22.173658+00:00,20260803-010922,https://trends24.in/indonesia/,Sun Aug 02 2026 15:12:11 GMT+0000 (Coordinated Universal Time),47,OUROAD HUNGRY IN NANNING,ouroad hungry in nanning,,,,,,
2026-08-03T01:09:22.173658+00:00,20260803-010922,https://trends24.in/indonesia/,Sun Aug 02 2026 15:12:11 GMT+0000 (Coordinated Universal Time),48,Genius Girlfriend,genius girlfriend,,,,,,
2026-08-03T01:09:22.173658+00:00,20260803-010922,https://trends24.in/indonesia/,Sun Aug 02 2026 15:12:11 GMT+0000 (Coordinated Universal Time),49,persib vs persija,persib vs persija,,,,,,
2026-08-03T01:09:22.173658+00:00,20260803-010922,https://trends24.in/indonesia/,Sun Aug 02 2026 15:12:11 GMT+0000 (Coordinated Universal Time),50,The Dark Knight,the dark knight,,,,,,
2026-08-03T01:09:22.173658+00:00,20260803-010922,https://trends24.in/indonesia/,Sun Aug 02 2026 14:20:12 GMT+0000 (Coordinated Universal Time),1,PSD MOGULARRIVAL FS26,psd mogularrival fs26,,,,,,
2026-08-03T01:09:22.173658+00:00,20260803-010922,https://trends24.in/indonesia/,Sun Aug 02 2026 14:20:12 GMT+0000 (Coordinated Universal Time),2,#FairTreatmentForJUHOON,fairtreatmentforjuhoon,,,,,,
2026-08-03T01:09:22.173658+00:00,20260803-010922,https://trends24.in/indonesia/,Sun Aug 02 2026 14:20:12 GMT+0000 (Coordinated Universal Time),3,#TerikatJanjiEp121,terikatjanjiep121,,,,,,
2026-08-03T01:09:22.173658+00:00,20260803-010922,https://trends24.in/indonesia/,Sun Aug 02 2026 14:20:12 GMT+0000 (Coordinated Universal Time),4,#MatchPointSeriesEP2,matchpointseriesep2,,,,,,
2026-08-03T01:09:22.173658+00:00,20260803-010922,https://trends24.in/indonesia/,Sun Aug 02 2026 14:20:12 GMT+0000 (Coordinated Universal Time),5,LOVE TO SERVE 2ND EP,love to serve 2nd ep,,,,,,
2026-08-03T01:09:22.173658+00:00,20260803-010922,https://trends24.in/indonesia/,Sun Aug 02 2026 14:20:12 GMT+0000 (Coordinated Universal Time),6,#CaraMeminumRamuneJKT48,carameminumramunejkt48,,,,,,
2026-08-03T01:09:22.173658+00:00,20260803-010922,https://trends24.in/indonesia/,Sun Aug 02 2026 14:20:12 GMT+0000 (Coordinated Universal Time),7,SENADA COUPLE OUTFIT,senada couple outfit,,,,,,
2026-08-03T01:09:22.173658+00:00,20260803-010922,https://trends24.in/indonesia/,Sun Aug 02 2026 14:20:12 GMT+0000 (Coordinated Universal Time),8,Poland,poland,,,,,,
2026-08-03T01:09:22.173658+00:00,20260803-010922,https://trends24.in/indonesia/,Sun Aug 02 2026 14:20:12 GMT+0000 (Coordinated Universal Time),9,#SpookyInLoveEp6,spookyinloveep6,,,,,,
2026-08-03T01:09:22.173658+00:00,20260803-010922,https://trends24.in/indonesia/,Sun Aug 02 2026 14:20:12 GMT+0000 (Coordinated Universal Time),10,Besok Senin,besok senin,,,,,,
2026-08-03T01:09:22.173658+00:00,20260803-010922,https://trends24.in/indonesia/,Sun Aug 02 2026 14:20:12 GMT+0000 (Coordinated Universal Time),11,MONDPROPON FANSIGN,mondpropon fansign,,,,,,
2026-08-03T01:09:22.173658+00:00,20260803-010922,https://trends24.in/indonesia/,Sun Aug 02 2026 14:20:12 GMT+0000 (Coordinated Universal Time),12,FIRSTONE TURNED 26,firstone turned 26,,,,,,
2026-08-03T01:09:22.173658+00:00,20260803-010922,https://trends24.in/indonesia/,Sun Aug 02 2026 14:20:12 GMT+0000 (Coordinated Universal Time),13,Kimpul,kimpul,,,,,,
2026-08-03T01:09:22.173658+00:00,20260803-010922,https://trends24.in/indonesia/,Sun Aug 02 2026 14:20:12 GMT+0000 (Coordinated Universal Time),14,Selamat 100,selamat 100,,,,,,
2026-08-03T01:09:22.173658+00:00,20260803-010922,https://trends24.in/indonesia/,Sun Aug 02 2026 14:20:12 GMT+0000 (Coordinated Universal Time),15,Nuha,nuha,,,,,,
2026-08-03T01:09:22.173658+00:00,20260803-010922,https://trends24.in/indonesia/,Sun Aug 02 2026 14:20:12 GMT+0000 (Coordinated Universal Time),16,Sumenep,sumenep,,,,,,
2026-08-03T01:09:22.173658+00:00,20260803-010922,https://trends24.in/indonesia/,Sun Aug 02 2026 14:20:12 GMT+0000 (Coordinated Universal Time),17,Genius Girlfriend,genius girlfriend,,,,,,
2026-08-03T01:09:22.173658+00:00,20260803-010922,https://trends24.in/indonesia/,Sun Aug 02 2026 14:20:12 GMT+0000 (Coordinated Universal Time),18,PONDPHUWIN RENDEZV MANILA,pondphuwin rendezv manila,,,,,,
2026-08-03T01:09:22.173658+00:00,20260803-010922,https://trends24.in/indonesia/,Sun Aug 02 2026 14:20:12 GMT+0000 (Coordinated Universal Time),19,Sangat Menyesatkan,sangat menyesatkan,,,,,,
2026-08-03T01:09:22.173658+00:00,20260803-010922,https://trends24.in/indonesia/,Sun Aug 02 2026 14:20:12 GMT+0000 (Coordinated Universal Time),20,Yandri Susanto,yandri susanto,,,,,,
2026-08-03T01:09:22.173658+00:00,20260803-010922,https://trends24.in/indonesia/,Sun Aug 02 2026 14:20:12 GMT+0000 (Coordinated Universal Time),21,Raja,raja,,,,,,
2026-08-03T01:09:22.173658+00:00,20260803-010922,https://trends24.in/indonesia/,Sun Aug 02 2026 14:20:12 GMT+0000 (Coordinated Universal Time),22,Innalilahi,innalilahi,,,,,,
2026-08-03T01:09:22.173658+00:00,20260803-010922,https://trends24.in/indonesia/,Sun Aug 02 2026 14:20:12 GMT+0000 (Coordinated Universal Time),23,ING AT BURIRAM,ing at buriram,,,,,,
2026-08-03T01:09:22.173658+00:00,20260803-010922,https://trends24.in/indonesia/,Sun Aug 02 2026 14:20:12 GMT+0000 (Coordinated Universal Time),24,Piala Presiden,piala presiden,,,,,,
2026-08-03T01:09:22.173658+00:00,20260803-010922,https://trends24.in/indonesia/,Sun Aug 02 2026 14:20:12 GMT+0000 (Coordinated Universal Time),25,Menteri Desa PDT,menteri desa pdt,,,,,,
2026-08-03T01:09:22.173658+00:00,20260803-010922,https://trends24.in/indonesia/,Sun Aug 02 2026 14:20:12 GMT+0000 (Coordinated Universal Time),26,Ruben,ruben,,,,,,
2026-08-03T01:09:22.173658+00:00,20260803-010922,https://trends24.in/indonesia/,Sun Aug 02 2026 14:20:12 GMT+0000 (Coordinated Universal Time),27,Stabilitas Nasional,stabilitas nasional,,,,,,
2026-08-03T01:09:22.173658+00:00,20260803-010922,https://trends24.in/indonesia/,Sun Aug 02 2026 14:20:12 GMT+0000 (Coordinated Universal Time),28,#sloth,sloth,,,,,,
2026-08-03T01:09:22.173658+00:00,20260803-010922,https://trends24.in/indonesia/,Sun Aug 02 2026 14:20:12 GMT+0000 (Coordinated Universal Time),29,#26thHBDFIRSTONE,26thhbdfirstone,,,,,,
2026-08-03T01:09:22.173658+00:00,20260803-010922,https://trends24.in/indonesia/,Sun Aug 02 2026 14:20:12 GMT+0000 (Coordinated Universal Time),30,#SuaminyaGracie,suaminyagracie,,,,,,
2026-08-03T01:09:22.173658+00:00,20260803-010922,https://trends24.in/indonesia/,Sun Aug 02 2026 14:20:12 GMT+0000 (Coordinated Universal Time),31,#FritzyTale18,fritzytale18,,,,,,
2026-08-03T01:09:22.173658+00:00,20260803-010922,https://trends24.in/indonesia/,Sun Aug 02 2026 14:20:12 GMT+0000 (Coordinated Universal Time),32,#VNL2026,vnl2026,,,,,,
2026-08-03T01:09:22.173658+00:00,20260803-010922,https://trends24.in/indonesia/,Sun Aug 02 2026 14:20:12 GMT+0000 (Coordinated Universal Time),33,#FromCellToShinexSeaKeen,fromcelltoshinexseakeen,,,,,,
2026-08-03T01:09:22.173658+00:00,20260803-010922,https://trends24.in/indonesia/,Sun Aug 02 2026 14:20:12 GMT+0000 (Coordinated Universal Time),34,#ARL100,arl100,,,,,,
2026-08-03T01:09:22.173658+00:00,20260803-010922,https://trends24.in/indonesia/,Sun Aug 02 2026 14:20:12 GMT+0000 (Coordinated Universal Time),35,#FriendsofAminoBeau,friendsofaminobeau,,,,,,
2026-08-03T01:09:22.173658+00:00,20260803-010922,https://trends24.in/indonesia/,Sun Aug 02 2026 14:20:12 GMT+0000 (Coordinated Universal Time),36,#DOMIIA,domiia,,,,,,
2026-08-03T01:09:22.173658+00:00,20260803-010922,https://trends24.in/indonesia/,Sun Aug 02 2026 14:20:12 GMT+0000 (Coordinated Universal Time),37,#BloomingAralie,bloomingaralie,,,,,,
2026-08-03T01:09:22.173658+00:00,20260803-010922,https://trends24.in/indonesia/,Sun Aug 02 2026 14:20:12 GMT+0000 (Coordinated Universal Time),38,#GarnierKGlowxFourth1DayTrip,garnierkglowxfourth1daytrip,,,,,,
2026-08-03T01:09:22.173658+00:00,20260803-010922,https://trends24.in/indonesia/,Sun Aug 02 2026 14:20:12 GMT+0000 (Coordinated Universal Time),39,#BPSDMKementerianDesaPDT,bpsdmkementeriandesapdt,,,,,,
2026-08-03T01:09:22.173658+00:00,20260803-010922,https://trends24.in/indonesia/,Sun Aug 02 2026 14:20:12 GMT+0000 (Coordinated Universal Time),40,#ohming,ohming,,,,,,
2026-08-03T01:09:22.173658+00:00,20260803-010922,https://trends24.in/indonesia/,Sun Aug 02 2026 14:20:12 GMT+0000 (Coordinated Universal Time),41,#ingasavanund,ingasavanund,,,,,,
2026-08-03T01:09:22.173658+00:00,20260803-010922,https://trends24.in/indonesia/,Sun Aug 02 2026 14:20:12 GMT+0000 (Coordinated Universal Time),42,#BangunDesaBangunIndonesia,bangundesabangunindonesia,,,,,,
2026-08-03T01:09:22.173658+00:00,20260803-010922,https://trends24.in/indonesia/,Sun Aug 02 2026 14:20:12 GMT+0000 (Coordinated Universal Time),43,#Fourthnattawat,fourthnattawat,,,,,,
2026-08-03T01:09:22.173658+00:00,20260803-010922,https://trends24.in/indonesia/,Sun Aug 02 2026 14:20:12 GMT+0000 (Coordinated Universal Time),44,#à¹à¸à¸£à¹à¸à¸à¸±à¸à¸§à¸£à¸£à¸à¸à¹,à¹à¸à¸£à¹à¸à¸à¸±à¸à¸§à¸£à¸£à¸à¸à¹,,,,,,
2026-08-03T01:09:22.173658+00:00,20260803-010922,https://trends24.in/indonesia/,Sun Aug 02 2026 14:20:12 GMT+0000 (Coordinated Universal Time),45,#MARKLEE,marklee,,,,,,
2026-08-03T01:09:22.173658+00:00,20260803-010922,https://trends24.in/indonesia/,Sun Aug 02 2026 14:20:12 GMT+0000 (Coordinated Universal Time),46,#HappyFamily,happyfamily,,,,,,
2026-08-03T01:09:22.173658+00:00,20260803-010922,https://trends24.in/indonesia/,Sun Aug 02 2026 13:28:13 GMT+0000 (Coordinated Universal Time),1,PSD MOGULARRIVAL FS26,psd mogularrival fs26,,,,,,
2026-08-03T01:09:22.173658+00:00,20260803-010922,https://trends24.in/indonesia/,Sun Aug 02 2026 13:28:13 GMT+0000 (Coordinated Universal Time),2,#TerikatJanjiEp121,terikatjanjiep121,,,,,,
2026-08-03T01:09:22.173658+00:00,20260803-010922,https://trends24.in/indonesia/,Sun Aug 02 2026 13:28:13 GMT+0000 (Coordinated Universal Time),3,#StopMistreatingJUHOON,stopmistreatingjuhoon,,,,,,
2026-08-03T01:09:22.173658+00:00,20260803-010922,https://trends24.in/indonesia/,Sun Aug 02 2026 13:28:13 GMT+0000 (Coordinated Universal Time),4,#CaraMeminumRamuneJKT48,carameminumramunejkt48,,,,,,
2026-08-03T01:09:22.173658+00:00,20260803-010922,https://trends24.in/indonesia/,Sun Aug 02 2026 13:28:13 GMT+0000 (Coordinated Universal Time),5,SENADA COUPLE OUTFIT,senada couple outfit,,,,,,
2026-08-03T01:09:22.173658+00:00,20260803-010922,https://trends24.in/indonesia/,Sun Aug 02 2026 13:28:13 GMT+0000 (Coordinated Universal Time),6,#SuaminyaGracie,suaminyagracie,,,,,,
2026-08-03T01:09:22.173658+00:00,20260803-010922,https://trends24.in/indonesia/,Sun Aug 02 2026 13:28:13 GMT+0000 (Coordinated Universal Time),7,#sloth,sloth,,,,,,
2026-08-03T01:09:22.173658+00:00,20260803-010922,https://trends24.in/indonesia/,Sun Aug 02 2026 13:28:13 GMT+0000 (Coordinated Universal Time),8,MONDPROPON FANSIGN,mondpropon fansign,,,,,,
2026-08-03T01:09:22.173658+00:00,20260803-010922,https://trends24.in/indonesia/,Sun Aug 02 2026 13:28:13 GMT+0000 (Coordinated Universal Time),9,Besok Senin,besok senin,,,,,,
2026-08-03T01:09:22.173658+00:00,20260803-010922,https://trends24.in/indonesia/,Sun Aug 02 2026 13:28:13 GMT+0000 (Coordinated Universal Time),10,FIRSTONE TURNED 26,firstone turned 26,,,,,,
2026-08-03T01:09:22.173658+00:00,20260803-010922,https://trends24.in/indonesia/,Sun Aug 02 2026 13:28:13 GMT+0000 (Coordinated Universal Time),11,Selamat 100,selamat 100,,,,,,
2026-08-03T01:09:22.173658+00:00,20260803-010922,https://trends24.in/indonesia/,Sun Aug 02 2026 13:28:13 GMT+0000 (Coordinated Universal Time),12,Sumenep,sumenep,,,,,,
2026-08-03T01:09:22.173658+00:00,20260803-010922,https://trends24.in/indonesia/,Sun Aug 02 2026 13:28:13 GMT+0000 (Coordinated Universal Time),13,Genius Girlfriend,genius girlfriend,,,,,,
2026-08-03T01:09:22.173658+00:00,20260803-010922,https://trends24.in/indonesia/,Sun Aug 02 2026 13:28:13 GMT+0000 (Coordinated Universal Time),14,PONDPHUWIN RENDEZV MANILA,pondphuwin rendezv manila,,,,,,
2026-08-03T01:09:22.173658+00:00,20260803-010922,https://trends24.in/indonesia/,Sun Aug 02 2026 13:28:13 GMT+0000 (Coordinated Universal Time),15,Sangat Menyesatkan,sangat menyesatkan,,,,,,
2026-08-03T01:09:22.173658+00:00,20260803-010922,https://trends24.in/indonesia/,Sun Aug 02 2026 13:28:13 GMT+0000 (Coordinated Universal Time),16,Turnamen,turnamen,,,,,,
2026-08-03T01:09:22.173658+00:00,20260803-010922,https://trends24.in/indonesia/,Sun Aug 02 2026 13:28:13 GMT+0000 (Coordinated Universal Time),17,Yandri Susanto,yandri susanto,,,,,,
2026-08-03T01:09:22.173658+00:00,20260803-010922,https://trends24.in/indonesia/,Sun Aug 02 2026 13:28:13 GMT+0000 (Coordinated Universal Time),18,Raja,raja,,,,,,
2026-08-03T01:09:22.173658+00:00,20260803-010922,https://trends24.in/indonesia/,Sun Aug 02 2026 13:28:13 GMT+0000 (Coordinated Universal Time),19,Menteri Desa PDT,menteri desa pdt,,,,,,
2026-08-03T01:09:22.173658+00:00,20260803-010922,https://trends24.in/indonesia/,Sun Aug 02 2026 13:28:13 GMT+0000 (Coordinated Universal Time),20,Piala Presiden,piala presiden,,,,,,
2026-08-03T01:09:22.173658+00:00,20260803-010922,https://trends24.in/indonesia/,Sun Aug 02 2026 13:28:13 GMT+0000 (Coordinated Universal Time),21,Ruben,ruben,,,,,,
2026-08-03T01:09:22.173658+00:00,20260803-010922,https://trends24.in/indonesia/,Sun Aug 02 2026 13:28:13 GMT+0000 (Coordinated Universal Time),22,Stabilitas Nasional,stabilitas nasional,,,,,,
2026-08-03T01:09:22.173658+00:00,20260803-010922,https://trends24.in/indonesia/,Sun Aug 02 2026 13:28:13 GMT+0000 (Coordinated Universal Time),23,Sarwendah,sarwendah,,,,,,
2026-08-03T01:09:22.173658+00:00,20260803-010922,https://trends24.in/indonesia/,Sun Aug 02 2026 13:28:13 GMT+0000 (Coordinated Universal Time),24,ING AT BURIRAM,ing at buriram,,,,,,
2026-08-03T01:09:22.173658+00:00,20260803-010922,https://trends24.in/indonesia/,Sun Aug 02 2026 13:28:13 GMT+0000 (Coordinated Universal Time),25,Mendes PDT,mendes pdt,,,,,,
2026-08-03T01:09:22.173658+00:00,20260803-010922,https://trends24.in/indonesia/,Sun Aug 02 2026 13:28:13 GMT+0000 (Coordinated Universal Time),26,#SpookyInLoveEp6,spookyinloveep6,,,,,,
2026-08-03T01:09:22.173658+00:00,20260803-010922,https://trends24.in/indonesia/,Sun Aug 02 2026 13:28:13 GMT+0000 (Coordinated Universal Time),27,#26thHBDFIRSTONE,26thhbdfirstone,,,,,,
2026-08-03T01:09:22.173658+00:00,20260803-010922,https://trends24.in/indonesia/,Sun Aug 02 2026 13:28:13 GMT+0000 (Coordinated Universal Time),28,#ARL100,arl100,,,,,,
2026-08-03T01:09:22.173658+00:00,20260803-010922,https://trends24.in/indonesia/,Sun Aug 02 2026 13:28:13 GMT+0000 (Coordinated Universal Time),29,#FritzyTale18,fritzytale18,,,,,,
2026-08-03T01:09:22.173658+00:00,20260803-010922,https://trends24.in/indonesia/,Sun Aug 02 2026 13:28:13 GMT+0000 (Coordinated Universal Time),30,#DOMIIA,domiia,,,,,,
2026-08-03T01:09:22.173658+00:00,20260803-010922,https://trends24.in/indonesia/,Sun Aug 02 2026 13:28:13 GMT+0000 (Coordinated Universal Time),31,#BloomingAralie,bloomingaralie,,,,,,
2026-08-03T01:09:22.173658+00:00,20260803-010922,https://trends24.in/indonesia/,Sun Aug 02 2026 13:28:13 GMT+0000 (Coordinated Universal Time),32,#FromCellToShinexSeaKeen,fromcelltoshinexseakeen,,,,,,
2026-08-03T01:09:22.173658+00:00,20260803-010922,https://trends24.in/indonesia/,Sun Aug 02 2026 13:28:13 GMT+0000 (Coordinated Universal Time),33,#FriendsofAminoBeau,friendsofaminobeau,,,,,,
2026-08-03T01:09:22.173658+00:00,20260803-010922,https://trends24.in/indonesia/,Sun Aug 02 2026 13:28:13 GMT+0000 (Coordinated Universal Time),34,#GarnierKGlowxFourth1DayTrip,garnierkglowxfourth1daytrip,,,,,,
2026-08-03T01:09:22.173658+00:00,20260803-010922,https://trends24.in/indonesia/,Sun Aug 02 2026 13:28:13 GMT+0000 (Coordinated Universal Time),35,#BRICSBK2026Round2xOhmD2,bricsbk2026round2xohmd2,,,,,,
2026-08-03T01:09:22.173658+00:00,20260803-010922,https://trends24.in/indonesia/,Sun Aug 02 2026 13:28:13 GMT+0000 (Coordinated Universal Time),36,#Fourthnattawat,fourthnattawat,,,,,,
2026-08-03T01:09:22.173658+00:00,20260803-010922,https://trends24.in/indonesia/,Sun Aug 02 2026 13:28:13 GMT+0000 (Coordinated Universal Time),37,#ohmpawat,ohmpawat,,,,,,
2026-08-03T01:09:22.173658+00:00,20260803-010922,https://trends24.in/indonesia/,Sun Aug 02 2026 13:28:13 GMT+0000 (Coordinated Universal Time),38,#BPSDMKementerianDesaPDT,bpsdmkementeriandesapdt,,,,,,
2026-08-03T01:09:22.173658+00:00,20260803-010922,https://trends24.in/indonesia/,Sun Aug 02 2026 13:28:13 GMT+0000 (Coordinated Universal Time),39,#ohming,ohming,,,,,,
2026-08-03T01:09:22.173658+00:00,20260803-010922,https://trends24.in/indonesia/,Sun Aug 02 2026 13:28:13 GMT+0000 (Coordinated Universal Time),40,#ingasavanund,ingasavanund,,,,,,
2026-08-03T01:09:22.173658+00:00,20260803-010922,https://trends24.in/indonesia/,Sun Aug 02 2026 13:28:13 GMT+0000 (Coordinated Universal Time),41,#ingxbricround2,ingxbricround2,,,,,,
2026-08-03T01:09:22.173658+00:00,20260803-010922,https://trends24.in/indonesia/,Sun Aug 02 2026 13:28:13 GMT+0000 (Coordinated Universal Time),42,#BangunDesaBangunIndonesia,bangundesabangunindonesia,,,,,,
2026-08-03T01:09:22.173658+00:00,20260803-010922,https://trends24.in/indonesia/,Sun Aug 02 2026 13:28:13 GMT+0000 (Coordinated Universal Time),43,#à¹à¸à¸£à¹à¸à¸à¸±à¸à¸§à¸£à¸£à¸à¸à¹,à¹à¸à¸£à¹à¸à¸à¸±à¸à¸§à¸£à¸£à¸à¸à¹,,,,,,
2026-08-03T01:09:22.173658+00:00,20260803-010922,https://trends24.in/indonesia/,Sun Aug 02 2026 13:28:13 GMT+0000 (Coordinated Universal Time),44,#MARKLEE,marklee,,,,,,
2026-08-03T01:09:22.173658+00:00,20260803-010922,https://trends24.in/indonesia/,Sun Aug 02 2026 13:28:13 GMT+0000 (Coordinated Universal Time),45,#HappyFamily,happyfamily,,,,,,
2026-08-03T01:09:22.173658+00:00,20260803-010922,https://trends24.in/indonesia/,Sun Aug 02 2026 12:36:09 GMT+0000 (Coordinated Universal Time),1,PSD MOGULARRIVAL FS26,psd mogularrival fs26,,,,,,
2026-08-03T01:09:22.173658+00:00,20260803-010922,https://trends24.in/indonesia/,Sun Aug 02 2026 12:36:09 GMT+0000 (Coordinated Universal Time),2,#FairTreatmentForJUHOON,fairtreatmentforjuhoon,,,,,,
2026-08-03T01:09:22.173658+00:00,20260803-010922,https://trends24.in/indonesia/,Sun Aug 02 2026 12:36:09 GMT+0000 (Coordinated Universal Time),3,#StopMistreatingJUHOON,stopmistreatingjuhoon,,,,,,
2026-08-03T01:09:22.173658+00:00,20260803-010922,https://trends24.in/indonesia/,Sun Aug 02 2026 12:36:09 GMT+0000 (Coordinated Universal Time),4,RESPECT JUHOON'S RIGHTS,respect juhoon's rights,,,,,,
2026-08-03T01:09:22.173658+00:00,20260803-010922,https://trends24.in/indonesia/,Sun Aug 02 2026 12:36:09 GMT+0000 (Coordinated Universal Time),5,#TerikatJanjiEp121,terikatjanjiep121,,,,,,
2026-08-03T01:09:22.173658+00:00,20260803-010922,https://trends24.in/indonesia/,Sun Aug 02 2026 12:36:09 GMT+0000 (Coordinated Universal Time),6,#sloth,sloth,,,,,,
2026-08-03T01:09:22.173658+00:00,20260803-010922,https://trends24.in/indonesia/,Sun Aug 02 2026 12:36:09 GMT+0000 (Coordinated Universal Time),7,#SuaminyaGracie,suaminyagracie,,,,,,
2026-08-03T01:09:22.173658+00:00,20260803-010922,https://trends24.in/indonesia/,Sun Aug 02 2026 12:36:09 GMT+0000 (Coordinated Universal Time),8,MONDPROPON FANSIGN,mondpropon fansign,,,,,,
2026-08-03T01:09:22.173658+00:00,20260803-010922,https://trends24.in/indonesia/,Sun Aug 02 2026 12:36:09 GMT+0000 (Coordinated Universal Time),9,FIRSTONE TURNED 26,firstone turned 26,,,,,,
2026-08-03T01:09:22.173658+00:00,20260803-010922,https://trends24.in/indonesia/,Sun Aug 02 2026 12:36:09 GMT+0000 (Coordinated Universal Time),10,Team 2 - Teach You A Lesson,team 2 - teach you a lesson,,,,,,
2026-08-03T01:09:22.173658+00:00,20260803-010922,https://trends24.in/indonesia/,Sun Aug 02 2026 12:36:09 GMT+0000 (Coordinated Universal Time),11,Besok Senin,besok senin,,,,,,
2026-08-03T01:09:22.173658+00:00,20260803-010922,https://trends24.in/indonesia/,Sun Aug 02 2026 12:36:09 GMT+0000 (Coordinated Universal Time),12,Team 3 - Twilight,team 3 - twilight,,,,,,
2026-08-03T01:09:22.173658+00:00,20260803-010922,https://trends24.in/indonesia/,Sun Aug 02 2026 12:36:09 GMT+0000 (Coordinated Universal Time),13,team 1 - brooklyn nine-nine,team 1 - brooklyn nine-nine,,,,,,
2026-08-03T01:09:22.173658+00:00,20260803-010922,https://trends24.in/indonesia/,Sun Aug 02 2026 12:36:09 GMT+0000 (Coordinated Universal Time),14,Selamat 100,selamat 100,,,,,,
2026-08-03T01:09:22.173658+00:00,20260803-010922,https://trends24.in/indonesia/,Sun Aug 02 2026 12:36:09 GMT+0000 (Coordinated Universal Time),15,Sumenep,sumenep,,,,,,
2026-08-03T01:09:22.173658+00:00,20260803-010922,https://trends24.in/indonesia/,Sun Aug 02 2026 12:36:09 GMT+0000 (Coordinated Universal Time),16,BLACK HAIR,black hair,,,,,,
2026-08-03T01:09:22.173658+00:00,20260803-010922,https://trends24.in/indonesia/,Sun Aug 02 2026 12:36:09 GMT+0000 (Coordinated Universal Time),17,Slovenia,slovenia,,,,,,
2026-08-03T01:09:22.173658+00:00,20260803-010922,https://trends24.in/indonesia/,Sun Aug 02 2026 12:36:09 GMT+0000 (Coordinated Universal Time),18,Akun X,akun x,,,,,,
2026-08-03T01:09:22.173658+00:00,20260803-010922,https://trends24.in/indonesia/,Sun Aug 02 2026 12:36:09 GMT+0000 (Coordinated Universal Time),19,Sangat Menyesatkan,sangat menyesatkan,,,,,,
2026-08-03T01:09:22.173658+00:00,20260803-010922,https://trends24.in/indonesia/,Sun Aug 02 2026 12:36:09 GMT+0000 (Coordinated Universal Time),20,Turnamen,turnamen,,,,,,
2026-08-03T01:09:22.173658+00:00,20260803-010922,https://trends24.in/indonesia/,Sun Aug 02 2026 12:36:09 GMT+0000 (Coordinated Universal Time),21,KDMP,kdmp,,,,,,
2026-08-03T01:09:22.173658+00:00,20260803-010922,https://trends24.in/indonesia/,Sun Aug 02 2026 12:36:09 GMT+0000 (Coordinated Universal Time),22,ING AT BURIRAM,ing at buriram,,,,,,
2026-08-03T01:09:22.173658+00:00,20260803-010922,https://trends24.in/indonesia/,Sun Aug 02 2026 12:36:09 GMT+0000 (Coordinated Universal Time),23,Raja,raja,,,,,,
2026-08-03T01:09:22.173658+00:00,20260803-010922,https://trends24.in/indonesia/,Sun Aug 02 2026 12:36:09 GMT+0000 (Coordinated Universal Time),24,Yandri Susanto,yandri susanto,,,,,,
2026-08-03T01:09:22.173658+00:00,20260803-010922,https://trends24.in/indonesia/,Sun Aug 02 2026 12:36:09 GMT+0000 (Coordinated Universal Time),25,Ruben,ruben,,,,,,
2026-08-03T01:09:22.173658+00:00,20260803-010922,https://trends24.in/indonesia/,Sun Aug 02 2026 12:36:09 GMT+0000 (Coordinated Universal Time),26,Menteri Desa PDT,menteri desa pdt,,,,,,
2026-08-03T01:09:22.173658+00:00,20260803-010922,https://trends24.in/indonesia/,Sun Aug 02 2026 12:36:09 GMT+0000 (Coordinated Universal Time),27,Piala Presiden,piala presiden,,,,,,
2026-08-03T01:09:22.173658+00:00,20260803-010922,https://trends24.in/indonesia/,Sun Aug 02 2026 12:36:09 GMT+0000 (Coordinated Universal Time),28,Sarwendah,sarwendah,,,,,,
2026-08-03T01:09:22.173658+00:00,20260803-010922,https://trends24.in/indonesia/,Sun Aug 02 2026 12:36:09 GMT+0000 (Coordinated Universal Time),29,Stabilitas Nasional,stabilitas nasional,,,,,,
2026-08-03T01:09:22.173658+00:00,20260803-010922,https://trends24.in/indonesia/,Sun Aug 02 2026 12:36:09 GMT+0000 (Coordinated Universal Time),30,Mendes PDT,mendes pdt,,,,,,
2026-08-03T01:09:22.173658+00:00,20260803-010922,https://trends24.in/indonesia/,Sun Aug 02 2026 12:36:09 GMT+0000 (Coordinated Universal Time),31,#26thHBDFIRSTONE,26thhbdfirstone,,,,,,
2026-08-03T01:09:22.173658+00:00,20260803-010922,https://trends24.in/indonesia/,Sun Aug 02 2026 12:36:09 GMT+0000 (Coordinated Universal Time),32,#ARL100,arl100,,,,,,
2026-08-03T01:09:22.173658+00:00,20260803-010922,https://trends24.in/indonesia/,Sun Aug 02 2026 12:36:09 GMT+0000 (Coordinated Universal Time),33,#BloomingAralie,bloomingaralie,,,,,,
2026-08-03T01:09:22.173658+00:00,20260803-010922,https://trends24.in/indonesia/,Sun Aug 02 2026 12:36:09 GMT+0000 (Coordinated Universal Time),34,#DOMIIA,domiia,,,,,,
2026-08-03T01:09:22.173658+00:00,20260803-010922,https://trends24.in/indonesia/,Sun Aug 02 2026 12:36:09 GMT+0000 (Coordinated Universal Time),35,#FromCellToShinexSeaKeen,fromcelltoshinexseakeen,,,,,,
2026-08-03T01:09:22.173658+00:00,20260803-010922,https://trends24.in/indonesia/,Sun Aug 02 2026 12:36:09 GMT+0000 (Coordinated Universal Time),36,#FriendsofAminoBeau,friendsofaminobeau,,,,,,
2026-08-03T01:09:22.173658+00:00,20260803-010922,https://trends24.in/indonesia/,Sun Aug 02 2026 12:36:09 GMT+0000 (Coordinated Universal Time),37,#PidatoPresiden,pidatopresiden,,,,,,
2026-08-03T01:09:22.173658+00:00,20260803-010922,https://trends24.in/indonesia/,Sun Aug 02 2026 12:36:09 GMT+0000 (Coordinated Universal Time),38,#GarnierKGlowxFourth1DayTrip,garnierkglowxfourth1daytrip,,,,,,
2026-08-03T01:09:22.173658+00:00,20260803-010922,https://trends24.in/indonesia/,Sun Aug 02 2026 12:36:09 GMT+0000 (Coordinated Universal Time),39,#BGNbersihbersih,bgnbersihbersih,,,,,,
2026-08-03T01:09:22.173658+00:00,20260803-010922,https://trends24.in/indonesia/,Sun Aug 02 2026 12:36:09 GMT+0000 (Coordinated Universal Time),40,#PondPhuwinRendezvousInManila,pondphuwinrendezvousinmanila,,,,,,
2026-08-03T01:09:22.173658+00:00,20260803-010922,https://trends24.in/indonesia/,Sun Aug 02 2026 12:36:09 GMT+0000 (Coordinated Universal Time),41,#FritzyTale18,fritzytale18,,,,,,
2026-08-03T01:09:22.173658+00:00,20260803-010922,https://trends24.in/indonesia/,Sun Aug 02 2026 12:36:09 GMT+0000 (Coordinated Universal Time),42,#Passion200PercentJKT48,passion200percentjkt48,,,,,,
2026-08-03T01:09:22.173658+00:00,20260803-010922,https://trends24.in/indonesia/,Sun Aug 02 2026 12:36:09 GMT+0000 (Coordinated Universal Time),43,#BRICSBK2026Round2xOhmD2,bricsbk2026round2xohmd2,,,,,,
2026-08-03T01:09:22.173658+00:00,20260803-010922,https://trends24.in/indonesia/,Sun Aug 02 2026 12:36:09 GMT+0000 (Coordinated Universal Time),44,#ohming,ohming,,,,,,
2026-08-03T01:09:22.173658+00:00,20260803-010922,https://trends24.in/indonesia/,Sun Aug 02 2026 12:36:09 GMT+0000 (Coordinated Universal Time),45,#Fourthnattawat,fourthnattawat,,,,,,
2026-08-03T01:09:22.173658+00:00,20260803-010922,https://trends24.in/indonesia/,Sun Aug 02 2026 12:36:09 GMT+0000 (Coordinated Universal Time),46,#ohmpawat,ohmpawat,,,,,,
2026-08-03T01:09:22.173658+00:00,20260803-010922,https://trends24.in/indonesia/,Sun Aug 02 2026 12:36:09 GMT+0000 (Coordinated Universal Time),47,#ingasavanund,ingasavanund,,,,,,
2026-08-03T01:09:22.173658+00:00,20260803-010922,https://trends24.in/indonesia/,Sun Aug 02 2026 12:36:09 GMT+0000 (Coordinated Universal Time),48,#BPSDMKementerianDesaPDT,bpsdmkementeriandesapdt,,,,,,
2026-08-03T01:09:22.173658+00:00,20260803-010922,https://trends24.in/indonesia/,Sun Aug 02 2026 12:36:09 GMT+0000 (Coordinated Universal Time),49,#IngxBRICRound2,ingxbricround2,,,,,,
2026-08-03T01:09:22.173658+00:00,20260803-010922,https://trends24.in/indonesia/,Sun Aug 02 2026 12:36:09 GMT+0000 (Coordinated Universal Time),50,#BangunDesaBangunIndonesia,bangundesabangunindonesia,,,,,,
2026-08-03T01:09:22.173658+00:00,20260803-010922,https://trends24.in/indonesia/,Sun Aug 02 2026 12:36:08 GMT+0000 (Coordinated Universal Time),1,PSD MOGULARRIVAL FS26,psd mogularrival fs26,,,,,,
2026-08-03T01:09:22.173658+00:00,20260803-010922,https://trends24.in/indonesia/,Sun Aug 02 2026 12:36:08 GMT+0000 (Coordinated Universal Time),2,#FairTreatmentForJUHOON,fairtreatmentforjuhoon,,,,,,
2026-08-03T01:09:22.173658+00:00,20260803-010922,https://trends24.in/indonesia/,Sun Aug 02 2026 12:36:08 GMT+0000 (Coordinated Universal Time),3,#StopMistreatingJUHOON,stopmistreatingjuhoon,,,,,,
2026-08-03T01:09:22.173658+00:00,20260803-010922,https://trends24.in/indonesia/,Sun Aug 02 2026 12:36:08 GMT+0000 (Coordinated Universal Time),4,#TerikatJanjiEp121,terikatjanjiep121,,,,,,
2026-08-03T01:09:22.173658+00:00,20260803-010922,https://trends24.in/indonesia/,Sun Aug 02 2026 12:36:08 GMT+0000 (Coordinated Universal Time),5,#sloth,sloth,,,,,,
2026-08-03T01:09:22.173658+00:00,20260803-010922,https://trends24.in/indonesia/,Sun Aug 02 2026 12:36:08 GMT+0000 (Coordinated Universal Time),6,#SuaminyaGracie,suaminyagracie,,,,,,
2026-08-03T01:09:22.173658+00:00,20260803-010922,https://trends24.in/indonesia/,Sun Aug 02 2026 12:36:08 GMT+0000 (Coordinated Universal Time),7,MONDPROPON FANSIGN,mondpropon fansign,,,,,,
2026-08-03T01:09:22.173658+00:00,20260803-010922,https://trends24.in/indonesia/,Sun Aug 02 2026 12:36:08 GMT+0000 (Coordinated Universal Time),8,FIRSTONE TURNED 26,firstone turned 26,,,,,,
2026-08-03T01:09:22.173658+00:00,20260803-010922,https://trends24.in/indonesia/,Sun Aug 02 2026 12:36:08 GMT+0000 (Coordinated Universal Time),9,Team 2 - Teach You A Lesson,team 2 - teach you a lesson,,,,,,
2026-08-03T01:09:22.173658+00:00,20260803-010922,https://trends24.in/indonesia/,Sun Aug 02 2026 12:36:08 GMT+0000 (Coordinated Universal Time),10,Besok Senin,besok senin,,,,,,
2026-08-03T01:09:22.173658+00:00,20260803-010922,https://trends24.in/indonesia/,Sun Aug 02 2026 12:36:08 GMT+0000 (Coordinated Universal Time),11,Team 3 - Twilight,team 3 - twilight,,,,,,
2026-08-03T01:09:22.173658+00:00,20260803-010922,https://trends24.in/indonesia/,Sun Aug 02 2026 12:36:08 GMT+0000 (Coordinated Universal Time),12,team 1 - brooklyn nine-nine,team 1 - brooklyn nine-nine,,,,,,
2026-08-03T01:09:22.173658+00:00,20260803-010922,https://trends24.in/indonesia/,Sun Aug 02 2026 12:36:08 GMT+0000 (Coordinated Universal Time),13,Selamat 100,selamat 100,,,,,,
2026-08-03T01:09:22.173658+00:00,20260803-010922,https://trends24.in/indonesia/,Sun Aug 02 2026 12:36:08 GMT+0000 (Coordinated Universal Time),14,Sumenep,sumenep,,,,,,
2026-08-03T01:09:22.173658+00:00,20260803-010922,https://trends24.in/indonesia/,Sun Aug 02 2026 12:36:08 GMT+0000 (Coordinated Universal Time),15,BLACK HAIR,black hair,,,,,,
2026-08-03T01:09:22.173658+00:00,20260803-010922,https://trends24.in/indonesia/,Sun Aug 02 2026 12:36:08 GMT+0000 (Coordinated Universal Time),16,Slovenia,slovenia,,,,,,
2026-08-03T01:09:22.173658+00:00,20260803-010922,https://trends24.in/indonesia/,Sun Aug 02 2026 12:36:08 GMT+0000 (Coordinated Universal Time),17,Akun X,akun x,,,,,,
2026-08-03T01:09:22.173658+00:00,20260803-010922,https://trends24.in/indonesia/,Sun Aug 02 2026 12:36:08 GMT+0000 (Coordinated Universal Time),18,Sangat Menyesatkan,sangat menyesatkan,,,,,,
2026-08-03T01:09:22.173658+00:00,20260803-010922,https://trends24.in/indonesia/,Sun Aug 02 2026 12:36:08 GMT+0000 (Coordinated Universal Time),19,Turnamen,turnamen,,,,,,
2026-08-03T01:09:22.173658+00:00,20260803-010922,https://trends24.in/indonesia/,Sun Aug 02 2026 12:36:08 GMT+0000 (Coordinated Universal Time),20,KDMP,kdmp,,,,,,
2026-08-03T01:09:22.173658+00:00,20260803-010922,https://trends24.in/indonesia/,Sun Aug 02 2026 12:36:08 GMT+0000 (Coordinated Universal Time),21,ING AT BURIRAM,ing at buriram,,,,,,
2026-08-03T01:09:22.173658+00:00,20260803-010922,https://trends24.in/indonesia/,Sun Aug 02 2026 12:36:08 GMT+0000 (Coordinated Universal Time),22,Raja,raja,,,,,,
2026-08-03T01:09:22.173658+00:00,20260803-010922,https://trends24.in/indonesia/,Sun Aug 02 2026 12:36:08 GMT+0000 (Coordinated Universal Time),23,yandri susanto,yandri susanto,,,,,,
2026-08-03T01:09:22.173658+00:00,20260803-010922,https://trends24.in/indonesia/,Sun Aug 02 2026 12:36:08 GMT+0000 (Coordinated Universal Time),24,Ruben,ruben,,,,,,
2026-08-03T01:09:22.173658+00:00,20260803-010922,https://trends24.in/indonesia/,Sun Aug 02 2026 12:36:08 GMT+0000 (Coordinated Universal Time),25,Piala Presiden,piala presiden,,,,,,
2026-08-03T01:09:22.173658+00:00,20260803-010922,https://trends24.in/indonesia/,Sun Aug 02 2026 12:36:08 GMT+0000 (Coordinated Universal Time),26,Sarwendah,sarwendah,,,,,,
2026-08-03T01:09:22.173658+00:00,20260803-010922,https://trends24.in/indonesia/,Sun Aug 02 2026 12:36:08 GMT+0000 (Coordinated Universal Time),27,Menteri Desa PDT,menteri desa pdt,,,,,,
2026-08-03T01:09:22.173658+00:00,20260803-010922,https://trends24.in/indonesia/,Sun Aug 02 2026 12:36:08 GMT+0000 (Coordinated Universal Time),28,Stabilitas Nasional,stabilitas nasional,,,,,,
2026-08-03T01:09:22.173658+00:00,20260803-010922,https://trends24.in/indonesia/,Sun Aug 02 2026 12:36:08 GMT+0000 (Coordinated Universal Time),29,Mendes PDT,mendes pdt,,,,,,
2026-08-03T01:09:22.173658+00:00,20260803-010922,https://trends24.in/indonesia/,Sun Aug 02 2026 12:36:08 GMT+0000 (Coordinated Universal Time),30,#26thHBDFIRSTONE,26thhbdfirstone,,,,,,
2026-08-03T01:09:22.173658+00:00,20260803-010922,https://trends24.in/indonesia/,Sun Aug 02 2026 12:36:08 GMT+0000 (Coordinated Universal Time),31,#ARL100,arl100,,,,,,
2026-08-03T01:09:22.173658+00:00,20260803-010922,https://trends24.in/indonesia/,Sun Aug 02 2026 12:36:08 GMT+0000 (Coordinated Universal Time),32,#BloomingAralie,bloomingaralie,,,,,,
2026-08-03T01:09:22.173658+00:00,20260803-010922,https://trends24.in/indonesia/,Sun Aug 02 2026 12:36:08 GMT+0000 (Coordinated Universal Time),33,#DOMIIA,domiia,,,,,,
2026-08-03T01:09:22.173658+00:00,20260803-010922,https://trends24.in/indonesia/,Sun Aug 02 2026 12:36:08 GMT+0000 (Coordinated Universal Time),34,#FromCellToShinexSeaKeen,fromcelltoshinexseakeen,,,,,,
2026-08-03T01:09:22.173658+00:00,20260803-010922,https://trends24.in/indonesia/,Sun Aug 02 2026 12:36:08 GMT+0000 (Coordinated Universal Time),35,#FriendsofAminoBeau,friendsofaminobeau,,,,,,
2026-08-03T01:09:22.173658+00:00,20260803-010922,https://trends24.in/indonesia/,Sun Aug 02 2026 12:36:08 GMT+0000 (Coordinated Universal Time),36,#PidatoPresiden,pidatopresiden,,,,,,
2026-08-03T01:09:22.173658+00:00,20260803-010922,https://trends24.in/indonesia/,Sun Aug 02 2026 12:36:08 GMT+0000 (Coordinated Universal Time),37,#GarnierKGlowxFourth1DayTrip,garnierkglowxfourth1daytrip,,,,,,
2026-08-03T01:09:22.173658+00:00,20260803-010922,https://trends24.in/indonesia/,Sun Aug 02 2026 12:36:08 GMT+0000 (Coordinated Universal Time),38,#BGNbersihbersih,bgnbersihbersih,,,,,,
2026-08-03T01:09:22.173658+00:00,20260803-010922,https://trends24.in/indonesia/,Sun Aug 02 2026 12:36:08 GMT+0000 (Coordinated Universal Time),39,#PondPhuwinRendezvousInManila,pondphuwinrendezvousinmanila,,,,,,
2026-08-03T01:09:22.173658+00:00,20260803-010922,https://trends24.in/indonesia/,Sun Aug 02 2026 12:36:08 GMT+0000 (Coordinated Universal Time),40,#FritzyTale18,fritzytale18,,,,,,
2026-08-03T01:09:22.173658+00:00,20260803-010922,https://trends24.in/indonesia/,Sun Aug 02 2026 12:36:08 GMT+0000 (Coordinated Universal Time),41,#Passion200PercentJKT48,passion200percentjkt48,,,,,,
2026-08-03T01:09:22.173658+00:00,20260803-010922,https://trends24.in/indonesia/,Sun Aug 02 2026 12:36:08 GMT+0000 (Coordinated Universal Time),42,#BRICSBK2026Round2xOhmD2,bricsbk2026round2xohmd2,,,,,,
2026-08-03T01:09:22.173658+00:00,20260803-010922,https://trends24.in/indonesia/,Sun Aug 02 2026 12:36:08 GMT+0000 (Coordinated Universal Time),43,#ohming,ohming,,,,,,
2026-08-03T01:09:22.173658+00:00,20260803-010922,https://trends24.in/indonesia/,Sun Aug 02 2026 12:36:08 GMT+0000 (Coordinated Universal Time),44,#Fourthnattawat,fourthnattawat,,,,,,
2026-08-03T01:09:22.173658+00:00,20260803-010922,https://trends24.in/indonesia/,Sun Aug 02 2026 12:36:08 GMT+0000 (Coordinated Universal Time),45,#ohmpawat,ohmpawat,,,,,,
2026-08-03T01:09:22.173658+00:00,20260803-010922,https://trends24.in/indonesia/,Sun Aug 02 2026 12:36:08 GMT+0000 (Coordinated Universal Time),46,#ingasavanund,ingasavanund,,,,,,
2026-08-03T01:09:22.173658+00:00,20260803-010922,https://trends24.in/indonesia/,Sun Aug 02 2026 12:36:08 GMT+0000 (Coordinated Universal Time),47,#IngxBRICRound2,ingxbricround2,,,,,,
2026-08-03T01:09:22.173658+00:00,20260803-010922,https://trends24.in/indonesia/,Sun Aug 02 2026 12:36:08 GMT+0000 (Coordinated Universal Time),48,#BPSDMKementerianDesaPDT,bpsdmkementeriandesapdt,,,,,,
2026-08-03T01:09:22.173658+00:00,20260803-010922,https://trends24.in/indonesia/,Sun Aug 02 2026 12:36:08 GMT+0000 (Coordinated Universal Time),49,#BangunDesaBangunIndonesia,bangundesabangunindonesia,,,,,,
2026-08-03T01:09:22.173658+00:00,20260803-010922,https://trends24.in/indonesia/,Sun Aug 02 2026 12:36:08 GMT+0000 (Coordinated Universal Time),50,#à¹à¸à¸£à¹à¸à¸à¸±à¸à¸§à¸£à¸£à¸à¸à¹,à¹à¸à¸£à¹à¸à¸à¸±à¸à¸§à¸£à¸£à¸à¸à¹,,,,,,
2026-08-03T01:09:22.173658+00:00,20260803-010922,https://trends24.in/indonesia/,Sun Aug 02 2026 11:44:08 GMT+0000 (Coordinated Universal Time),1,PSD MOGULARRIVAL FS26,psd mogularrival fs26,,,,,,
2026-08-03T01:09:22.173658+00:00,20260803-010922,https://trends24.in/indonesia/,Sun Aug 02 2026 11:44:08 GMT+0000 (Coordinated Universal Time),2,#SuaminyaGracie,suaminyagracie,,,,,,
2026-08-03T01:09:22.173658+00:00,20260803-010922,https://trends24.in/indonesia/,Sun Aug 02 2026 11:44:08 GMT+0000 (Coordinated Universal Time),3,#26thHBDFIRSTONE,26thhbdfirstone,,,,,,
2026-08-03T01:09:22.173658+00:00,20260803-010922,https://trends24.in/indonesia/,Sun Aug 02 2026 11:44:08 GMT+0000 (Coordinated Universal Time),4,FIRSTONE TURNED 26,firstone turned 26,,,,,,
2026-08-03T01:09:22.173658+00:00,20260803-010922,https://trends24.in/indonesia/,Sun Aug 02 2026 11:44:08 GMT+0000 (Coordinated Universal Time),5,Team 2 - Teach You A Lesson,team 2 - teach you a lesson,,,,,,
2026-08-03T01:09:22.173658+00:00,20260803-010922,https://trends24.in/indonesia/,Sun Aug 02 2026 11:44:08 GMT+0000 (Coordinated Universal Time),6,#ARL100,arl100,,,,,,
2026-08-03T01:09:22.173658+00:00,20260803-010922,https://trends24.in/indonesia/,Sun Aug 02 2026 11:44:08 GMT+0000 (Coordinated Universal Time),7,Team 3 - Twilight,team 3 - twilight,,,,,,
2026-08-03T01:09:22.173658+00:00,20260803-010922,https://trends24.in/indonesia/,Sun Aug 02 2026 11:44:08 GMT+0000 (Coordinated Universal Time),8,Slovenia,slovenia,,,,,,
2026-08-03T01:09:22.173658+00:00,20260803-010922,https://trends24.in/indonesia/,Sun Aug 02 2026 11:44:08 GMT+0000 (Coordinated Universal Time),9,#FromCellToShinexSeaKeen,fromcelltoshinexseakeen,,,,,,
2026-08-03T01:09:22.173658+00:00,20260803-010922,https://trends24.in/indonesia/,Sun Aug 02 2026 11:44:08 GMT+0000 (Coordinated Universal Time),10,#PondPhuwinRendezvousInManila,pondphuwinrendezvousinmanila,,,,,,
2026-08-03T01:09:22.173658+00:00,20260803-010922,https://trends24.in/indonesia/,Sun Aug 02 2026 11:44:08 GMT+0000 (Coordinated Universal Time),11,Team 1 - Brooklyn Nine-Nine,team 1 - brooklyn nine-nine,,,,,,
2026-08-03T01:09:22.173658+00:00,20260803-010922,https://trends24.in/indonesia/,Sun Aug 02 2026 11:44:08 GMT+0000 (Coordinated Universal Time),12,Selamat 100,selamat 100,,,,,,
2026-08-03T01:09:22.173658+00:00,20260803-010922,https://trends24.in/indonesia/,Sun Aug 02 2026 11:44:08 GMT+0000 (Coordinated Universal Time),13,BESOK SENIN,besok senin,,,,,,
2026-08-03T01:09:22.173658+00:00,20260803-010922,https://trends24.in/indonesia/,Sun Aug 02 2026 11:44:08 GMT+0000 (Coordinated Universal Time),14,sumenep,sumenep,,,,,,
2026-08-03T01:09:22.173658+00:00,20260803-010922,https://trends24.in/indonesia/,Sun Aug 02 2026 11:44:08 GMT+0000 (Coordinated Universal Time),15,Nama Rider,nama rider,,,,,,
2026-08-03T01:09:22.173658+00:00,20260803-010922,https://trends24.in/indonesia/,Sun Aug 02 2026 11:44:08 GMT+0000 (Coordinated Universal Time),16,Nomor Motor,nomor motor,,,,,,
2026-08-03T01:09:22.173658+00:00,20260803-010922,https://trends24.in/indonesia/,Sun Aug 02 2026 11:44:08 GMT+0000 (Coordinated Universal Time),17,BLACK HAIR,black hair,,,,,,
2026-08-03T01:09:22.173658+00:00,20260803-010922,https://trends24.in/indonesia/,Sun Aug 02 2026 11:44:08 GMT+0000 (Coordinated Universal Time),18,RACER OHM PAWAT D2,racer ohm pawat d2,,,,,,
2026-08-03T01:09:22.173658+00:00,20260803-010922,https://trends24.in/indonesia/,Sun Aug 02 2026 11:44:08 GMT+0000 (Coordinated Universal Time),19,Akun X,akun x,,,,,,
2026-08-03T01:09:22.173658+00:00,20260803-010922,https://trends24.in/indonesia/,Sun Aug 02 2026 11:44:08 GMT+0000 (Coordinated Universal Time),20,Sangat Menyesatkan,sangat menyesatkan,,,,,,
2026-08-03T01:09:22.173658+00:00,20260803-010922,https://trends24.in/indonesia/,Sun Aug 02 2026 11:44:08 GMT+0000 (Coordinated Universal Time),21,Turnamen,turnamen,,,,,,
2026-08-03T01:09:22.173658+00:00,20260803-010922,https://trends24.in/indonesia/,Sun Aug 02 2026 11:44:08 GMT+0000 (Coordinated Universal Time),22,ING AT BURIRAM,ing at buriram,,,,,,
2026-08-03T01:09:22.173658+00:00,20260803-010922,https://trends24.in/indonesia/,Sun Aug 02 2026 11:44:08 GMT+0000 (Coordinated Universal Time),23,KDMP,kdmp,,,,,,
2026-08-03T01:09:22.173658+00:00,20260803-010922,https://trends24.in/indonesia/,Sun Aug 02 2026 11:44:08 GMT+0000 (Coordinated Universal Time),24,yandri susanto,yandri susanto,,,,,,
2026-08-03T01:09:22.173658+00:00,20260803-010922,https://trends24.in/indonesia/,Sun Aug 02 2026 11:44:08 GMT+0000 (Coordinated Universal Time),25,Menteri Desa PDT,menteri desa pdt,,,,,,
2026-08-03T01:09:22.173658+00:00,20260803-010922,https://trends24.in/indonesia/,Sun Aug 02 2026 11:44:08 GMT+0000 (Coordinated Universal Time),26,Raja,raja,,,,,,
2026-08-03T01:09:22.173658+00:00,20260803-010922,https://trends24.in/indonesia/,Sun Aug 02 2026 11:44:08 GMT+0000 (Coordinated Universal Time),27,Ruben,ruben,,,,,,
2026-08-03T01:09:22.173658+00:00,20260803-010922,https://trends24.in/indonesia/,Sun Aug 02 2026 11:44:08 GMT+0000 (Coordinated Universal Time),28,Piala Presiden,piala presiden,,,,,,
2026-08-03T01:09:22.173658+00:00,20260803-010922,https://trends24.in/indonesia/,Sun Aug 02 2026 11:44:08 GMT+0000 (Coordinated Universal Time),29,Stabilitas Nasional,stabilitas nasional,,,,,,
2026-08-03T01:09:22.173658+00:00,20260803-010922,https://trends24.in/indonesia/,Sun Aug 02 2026 11:44:08 GMT+0000 (Coordinated Universal Time),30,Mendes PDT,mendes pdt,,,,,,
2026-08-03T01:09:22.173658+00:00,20260803-010922,https://trends24.in/indonesia/,Sun Aug 02 2026 11:44:08 GMT+0000 (Coordinated Universal Time),31,Sarwendah,sarwendah,,,,,,
2026-08-03T01:09:22.173658+00:00,20260803-010922,https://trends24.in/indonesia/,Sun Aug 02 2026 11:44:08 GMT+0000 (Coordinated Universal Time),32,#FriendsofAminoBeau,friendsofaminobeau,,,,,,
2026-08-03T01:09:22.173658+00:00,20260803-010922,https://trends24.in/indonesia/,Sun Aug 02 2026 11:44:08 GMT+0000 (Coordinated Universal Time),33,#PidatoPresiden,pidatopresiden,,,,,,
2026-08-03T01:09:22.173658+00:00,20260803-010922,https://trends24.in/indonesia/,Sun Aug 02 2026 11:44:08 GMT+0000 (Coordinated Universal Time),34,#BGNbersihbersih,bgnbersihbersih,,,,,,
2026-08-03T01:09:22.173658+00:00,20260803-010922,https://trends24.in/indonesia/,Sun Aug 02 2026 11:44:08 GMT+0000 (Coordinated Universal Time),35,#BloomingAralie,bloomingaralie,,,,,,
2026-08-03T01:09:22.173658+00:00,20260803-010922,https://trends24.in/indonesia/,Sun Aug 02 2026 11:44:08 GMT+0000 (Coordinated Universal Time),36,#ohming,ohming,,,,,,
2026-08-03T01:09:22.173658+00:00,20260803-010922,https://trends24.in/indonesia/,Sun Aug 02 2026 11:44:08 GMT+0000 (Coordinated Universal Time),37,#BRICSBK2026Round2xOhmD2,bricsbk2026round2xohmd2,,,,,,
2026-08-03T01:09:22.173658+00:00,20260803-010922,https://trends24.in/indonesia/,Sun Aug 02 2026 11:44:08 GMT+0000 (Coordinated Universal Time),38,#GarnierKGlowxFourth1DayTrip,garnierkglowxfourth1daytrip,,,,,,
2026-08-03T01:09:22.173658+00:00,20260803-010922,https://trends24.in/indonesia/,Sun Aug 02 2026 11:44:08 GMT+0000 (Coordinated Universal Time),39,#ingasavanund,ingasavanund,,,,,,
2026-08-03T01:09:22.173658+00:00,20260803-010922,https://trends24.in/indonesia/,Sun Aug 02 2026 11:44:08 GMT+0000 (Coordinated Universal Time),40,#KementerianDesaPDT,kementeriandesapdt,,,,,,
2026-08-03T01:09:22.173658+00:00,20260803-010922,https://trends24.in/indonesia/,Sun Aug 02 2026 11:44:08 GMT+0000 (Coordinated Universal Time),41,#Passion200PercentJKT48,passion200percentjkt48,,,,,,
2026-08-03T01:09:22.173658+00:00,20260803-010922,https://trends24.in/indonesia/,Sun Aug 02 2026 11:44:08 GMT+0000 (Coordinated Universal Time),42,#BangunDesaBangunIndonesia,bangundesabangunindonesia,,,,,,
2026-08-03T01:09:22.173658+00:00,20260803-010922,https://trends24.in/indonesia/,Sun Aug 02 2026 11:44:08 GMT+0000 (Coordinated Universal Time),43,#IngxBRICRound2,ingxbricround2,,,,,,
2026-08-03T01:09:22.173658+00:00,20260803-010922,https://trends24.in/indonesia/,Sun Aug 02 2026 11:44:08 GMT+0000 (Coordinated Universal Time),44,#Fourthnattawat,fourthnattawat,,,,,,
2026-08-03T01:09:22.173658+00:00,20260803-010922,https://trends24.in/indonesia/,Sun Aug 02 2026 11:44:08 GMT+0000 (Coordinated Universal Time),45,#à¹à¸à¸£à¹à¸à¸à¸±à¸à¸§à¸£à¸£à¸à¸à¹,à¹à¸à¸£à¹à¸à¸à¸±à¸à¸§à¸£à¸£à¸à¸à¹,,,,,,
2026-08-03T01:09:22.173658+00:00,20260803-010922,https://trends24.in/indonesia/,Sun Aug 02 2026 11:44:08 GMT+0000 (Coordinated Universal Time),46,#HappyFamily,happyfamily,,,,,,
2026-08-03T01:09:22.173658+00:00,20260803-010922,https://trends24.in/indonesia/,Sun Aug 02 2026 10:52:06 GMT+0000 (Coordinated Universal Time),1,#PeachAndMeSeriesFinalEP,peachandmeseriesfinalep,,,,,,
2026-08-03T01:09:22.173658+00:00,20260803-010922,https://trends24.in/indonesia/,Sun Aug 02 2026 10:52:06 GMT+0000 (Coordinated Universal Time),2,#AlwayswithMarkLee,alwayswithmarklee,,,,,,
2026-08-03T01:09:22.173658+00:00,20260803-010922,https://trends24.in/indonesia/,Sun Aug 02 2026 10:52:06 GMT+0000 (Coordinated Universal Time),3,#ì¤ëë´ì¬ë¦ë¯¼íììì¼ì¶íí´,ì¤ëë´ì¬ë¦ë¯¼íììì¼ì¶íí´,,,,,,
2026-08-03T01:09:22.173658+00:00,20260803-010922,https://trends24.in/indonesia/,Sun Aug 02 2026 10:52:06 GMT+0000 (Coordinated Universal Time),4,#DMDSportsDay2026,dmdsportsday2026,,,,,,
2026-08-03T01:09:22.173658+00:00,20260803-010922,https://trends24.in/indonesia/,Sun Aug 02 2026 10:52:06 GMT+0000 (Coordinated Universal Time),5,#CORTIS_Lollapalooza,cortis_lollapalooza,,,,,,
2026-08-03T01:09:22.173658+00:00,20260803-010922,https://trends24.in/indonesia/,Sun Aug 02 2026 10:52:06 GMT+0000 (Coordinated Universal Time),6,Kimpul,kimpul,,,,,,
2026-08-03T01:09:22.173658+00:00,20260803-010922,https://trends24.in/indonesia/,Sun Aug 02 2026 10:52:06 GMT+0000 (Coordinated Universal Time),7,persebaya vs port fc,persebaya vs port fc,,,,,,
2026-08-03T01:09:22.173658+00:00,20260803-010922,https://trends24.in/indonesia/,Sun Aug 02 2026 10:52:06 GMT+0000 (Coordinated Universal Time),8,Agustus,agustus,,,,,,
2026-08-03T01:09:22.173658+00:00,20260803-010922,https://trends24.in/indonesia/,Sun Aug 02 2026 10:52:06 GMT+0000 (Coordinated Universal Time),9,DOMUNDI SPORTS 2026,domundi sports 2026,,,,,,
2026-08-03T01:09:22.173658+00:00,20260803-010922,https://trends24.in/indonesia/,Sun Aug 02 2026 10:52:06 GMT+0000 (Coordinated Universal Time),10,TEETEEPOR CHEER UP,teeteepor cheer up,,,,,,
2026-08-03T01:09:22.173658+00:00,20260803-010922,https://trends24.in/indonesia/,Sun Aug 02 2026 10:52:06 GMT+0000 (Coordinated Universal Time),11,Yandri Susanto,yandri susanto,,,,,,
2026-08-03T01:09:22.173658+00:00,20260803-010922,https://trends24.in/indonesia/,Sun Aug 02 2026 10:52:06 GMT+0000 (Coordinated Universal Time),12,Team 2 - Teach You A Lesson,team 2 - teach you a lesson,,,,,,
2026-08-03T01:09:22.173658+00:00,20260803-010922,https://trends24.in/indonesia/,Sun Aug 02 2026 10:52:06 GMT+0000 (Coordinated Universal Time),13,Slovenia,slovenia,,,,,,
2026-08-03T01:09:22.173658+00:00,20260803-010922,https://trends24.in/indonesia/,Sun Aug 02 2026 10:52:06 GMT+0000 (Coordinated Universal Time),14,RACER OHM PAWAT D2,racer ohm pawat d2,,,,,,
2026-08-03T01:09:22.173658+00:00,20260803-010922,https://trends24.in/indonesia/,Sun Aug 02 2026 10:52:06 GMT+0000 (Coordinated Universal Time),15,Minggu,minggu,,,,,,
2026-08-03T01:09:22.173658+00:00,20260803-010922,https://trends24.in/indonesia/,Sun Aug 02 2026 10:52:06 GMT+0000 (Coordinated Universal Time),16,pln 100,pln 100,,,,,,
2026-08-03T01:09:22.173658+00:00,20260803-010922,https://trends24.in/indonesia/,Sun Aug 02 2026 10:52:06 GMT+0000 (Coordinated Universal Time),17,Team 3 - Twilight,team 3 - twilight,,,,,,
2026-08-03T01:09:22.173658+00:00,20260803-010922,https://trends24.in/indonesia/,Sun Aug 02 2026 10:52:06 GMT+0000 (Coordinated Universal Time),18,Sangat Menyesatkan,sangat menyesatkan,,,,,,
2026-08-03T01:09:22.173658+00:00,20260803-010922,https://trends24.in/indonesia/,Sun Aug 02 2026 10:52:06 GMT+0000 (Coordinated Universal Time),19,Stabilitas Nasional,stabilitas nasional,,,,,,
2026-08-03T01:09:22.173658+00:00,20260803-010922,https://trends24.in/indonesia/,Sun Aug 02 2026 10:52:06 GMT+0000 (Coordinated Universal Time),20,Rejeki Di Akhir Weekend,rejeki di akhir weekend,,,,,,
2026-08-03T01:09:22.173658+00:00,20260803-010922,https://trends24.in/indonesia/,Sun Aug 02 2026 10:52:06 GMT+0000 (Coordinated Universal Time),21,DEW RENJI THE FIRST STAGE,dew renji the first stage,,,,,,
2026-08-03T01:09:22.173658+00:00,20260803-010922,https://trends24.in/indonesia/,Sun Aug 02 2026 10:52:06 GMT+0000 (Coordinated Universal Time),22,ING AT BURIRAM,ing at buriram,,,,,,
2026-08-03T01:09:22.173658+00:00,20260803-010922,https://trends24.in/indonesia/,Sun Aug 02 2026 10:52:06 GMT+0000 (Coordinated Universal Time),23,lingorm ilf ep7,lingorm ilf ep7,,,,,,
2026-08-03T01:09:22.173658+00:00,20260803-010922,https://trends24.in/indonesia/,Sun Aug 02 2026 10:52:06 GMT+0000 (Coordinated Universal Time),24,Menteri Desa PDT,menteri desa pdt,,,,,,
2026-08-03T01:09:22.173658+00:00,20260803-010922,https://trends24.in/indonesia/,Sun Aug 02 2026 10:52:06 GMT+0000 (Coordinated Universal Time),25,King Indo Juara AFF,king indo juara aff,,,,,,
2026-08-03T01:09:22.173658+00:00,20260803-010922,https://trends24.in/indonesia/,Sun Aug 02 2026 10:52:06 GMT+0000 (Coordinated Universal Time),26,KNP OHAE FULL POWER,knp ohae full power,,,,,,
2026-08-03T01:09:22.173658+00:00,20260803-010922,https://trends24.in/indonesia/,Sun Aug 02 2026 10:52:06 GMT+0000 (Coordinated Universal Time),27,Mendes PDT,mendes pdt,,,,,,
2026-08-03T01:09:22.173658+00:00,20260803-010922,https://trends24.in/indonesia/,Sun Aug 02 2026 10:52:06 GMT+0000 (Coordinated Universal Time),28,kehormatan menjaga kepercayaan,kehormatan menjaga kepercayaan,,,,,,
2026-08-03T01:09:22.173658+00:00,20260803-010922,https://trends24.in/indonesia/,Sun Aug 02 2026 10:52:06 GMT+0000 (Coordinated Universal Time),29,WIN FANMEETING IN JKT,win fanmeeting in jkt,,,,,,
2026-08-03T01:09:22.173658+00:00,20260803-010922,https://trends24.in/indonesia/,Sun Aug 02 2026 10:52:06 GMT+0000 (Coordinated Universal Time),30,ZEENUNEW x ZON SUSU,zeenunew x zon susu,,,,,,
2026-08-03T01:09:22.173658+00:00,20260803-010922,https://trends24.in/indonesia/,Sun Aug 02 2026 10:52:06 GMT+0000 (Coordinated Universal Time),31,KDMP,kdmp,,,,,,
2026-08-03T01:09:22.173658+00:00,20260803-010922,https://trends24.in/indonesia/,Sun Aug 02 2026 10:52:06 GMT+0000 (Coordinated Universal Time),32,Team 1 - Brooklyn Nine-Nine,team 1 - brooklyn nine-nine,,,,,,
2026-08-03T01:09:22.173658+00:00,20260803-010922,https://trends24.in/indonesia/,Sun Aug 02 2026 10:52:06 GMT+0000 (Coordinated Universal Time),33,Nama Rider,nama rider,,,,,,
2026-08-03T01:09:22.173658+00:00,20260803-010922,https://trends24.in/indonesia/,Sun Aug 02 2026 10:52:06 GMT+0000 (Coordinated Universal Time),34,Hapsun,hapsun,,,,,,
2026-08-03T01:09:22.173658+00:00,20260803-010922,https://trends24.in/indonesia/,Sun Aug 02 2026 10:52:06 GMT+0000 (Coordinated Universal Time),35,Nomor Motor,nomor motor,,,,,,
2026-08-03T01:09:22.173658+00:00,20260803-010922,https://trends24.in/indonesia/,Sun Aug 02 2026 10:52:06 GMT+0000 (Coordinated Universal Time),36,LENAMIU GIRLS CUP CH3,lenamiu girls cup ch3,,,,,,
2026-08-03T01:09:22.173658+00:00,20260803-010922,https://trends24.in/indonesia/,Sun Aug 02 2026 10:52:06 GMT+0000 (Coordinated Universal Time),37,THOMASKONG TOKY GAME ON,thomaskong toky game on,,,,,,
2026-08-03T01:09:22.173658+00:00,20260803-010922,https://trends24.in/indonesia/,Sun Aug 02 2026 10:52:06 GMT+0000 (Coordinated Universal Time),38,Gopay,gopay,,,,,,
2026-08-03T01:09:22.173658+00:00,20260803-010922,https://trends24.in/indonesia/,Sun Aug 02 2026 10:52:06 GMT+0000 (Coordinated Universal Time),39,produk lokal indonesia,produk lokal indonesia,,,,,,
2026-08-03T01:09:22.173658+00:00,20260803-010922,https://trends24.in/indonesia/,Sun Aug 02 2026 10:52:06 GMT+0000 (Coordinated Universal Time),40,Akun X,akun x,,,,,,
2026-08-03T01:09:22.173658+00:00,20260803-010922,https://trends24.in/indonesia/,Sun Aug 02 2026 10:52:06 GMT+0000 (Coordinated Universal Time),41,OUR SECOND STORY WITH KPKT,our second story with kpkt,,,,,,
2026-08-03T01:09:22.173658+00:00,20260803-010922,https://trends24.in/indonesia/,Sun Aug 02 2026 10:52:06 GMT+0000 (Coordinated Universal Time),42,Khun Thee,khun thee,,,,,,
2026-08-03T01:09:22.173658+00:00,20260803-010922,https://trends24.in/indonesia/,Sun Aug 02 2026 10:52:06 GMT+0000 (Coordinated Universal Time),43,PAYBACK THE SERIES FINAL EP,payback the series final ep,,,,,,
2026-08-03T01:09:22.173658+00:00,20260803-010922,https://trends24.in/indonesia/,Sun Aug 02 2026 10:52:06 GMT+0000 (Coordinated Universal Time),44,GUMMY YUMMY WITH TTP,gummy yummy with ttp,,,,,,
2026-08-03T01:09:22.173658+00:00,20260803-010922,https://trends24.in/indonesia/,Sun Aug 02 2026 10:52:06 GMT+0000 (Coordinated Universal Time),45,FLOWER JIN IN NEW JERSEY,flower jin in new jersey,,,,,,
2026-08-03T01:09:22.173658+00:00,20260803-010922,https://trends24.in/indonesia/,Sun Aug 02 2026 10:52:06 GMT+0000 (Coordinated Universal Time),46,BLACK HAIR,black hair,,,,,,
2026-08-03T01:09:22.173658+00:00,20260803-010922,https://trends24.in/indonesia/,Sun Aug 02 2026 10:52:06 GMT+0000 (Coordinated Universal Time),47,Quidditch,quidditch,,,,,,
2026-08-03T01:09:22.173658+00:00,20260803-010922,https://trends24.in/indonesia/,Sun Aug 02 2026 10:52:06 GMT+0000 (Coordinated Universal Time),48,Lawan 10,lawan 10,,,,,,
2026-08-03T01:09:22.173658+00:00,20260803-010922,https://trends24.in/indonesia/,Sun Aug 02 2026 10:52:06 GMT+0000 (Coordinated Universal Time),49,Malming,malming,,,,,,
2026-08-03T01:09:22.173658+00:00,20260803-010922,https://trends24.in/indonesia/,Sun Aug 02 2026 10:52:06 GMT+0000 (Coordinated Universal Time),50,Persib vs Persija,persib vs persija,,,,,,
2026-08-03T01:09:22.173658+00:00,20260803-010922,https://trends24.in/indonesia/,Sun Aug 02 2026 10:00:13 GMT+0000 (Coordinated Universal Time),1,#PeachAndMeSeriesFinalEP,peachandmeseriesfinalep,,,,,,
2026-08-03T01:09:22.173658+00:00,20260803-010922,https://trends24.in/indonesia/,Sun Aug 02 2026 10:00:13 GMT+0000 (Coordinated Universal Time),2,#AlwayswithMarkLee,alwayswithmarklee,,,,,,
2026-08-03T01:09:22.173658+00:00,20260803-010922,https://trends24.in/indonesia/,Sun Aug 02 2026 10:00:13 GMT+0000 (Coordinated Universal Time),3,#ì¤ëë´ì¬ë¦ë¯¼íììì¼ì¶íí´,ì¤ëë´ì¬ë¦ë¯¼íììì¼ì¶íí´,,,,,,
2026-08-03T01:09:22.173658+00:00,20260803-010922,https://trends24.in/indonesia/,Sun Aug 02 2026 10:00:13 GMT+0000 (Coordinated Universal Time),4,#DMDSportsDay2026,dmdsportsday2026,,,,,,
2026-08-03T01:09:22.173658+00:00,20260803-010922,https://trends24.in/indonesia/,Sun Aug 02 2026 10:00:13 GMT+0000 (Coordinated Universal Time),5,#CORTIS_Lollapalooza,cortis_lollapalooza,,,,,,
2026-08-03T01:09:22.173658+00:00,20260803-010922,https://trends24.in/indonesia/,Sun Aug 02 2026 10:00:13 GMT+0000 (Coordinated Universal Time),6,Kimpul,kimpul,,,,,,
2026-08-03T01:09:22.173658+00:00,20260803-010922,https://trends24.in/indonesia/,Sun Aug 02 2026 10:00:13 GMT+0000 (Coordinated Universal Time),7,Agustus,agustus,,,,,,
2026-08-03T01:09:22.173658+00:00,20260803-010922,https://trends24.in/indonesia/,Sun Aug 02 2026 10:00:13 GMT+0000 (Coordinated Universal Time),8,persebaya vs port fc,persebaya vs port fc,,,,,,
2026-08-03T01:09:22.173658+00:00,20260803-010922,https://trends24.in/indonesia/,Sun Aug 02 2026 10:00:13 GMT+0000 (Coordinated Universal Time),9,DOMUNDI SPORTS 2026,domundi sports 2026,,,,,,
2026-08-03T01:09:22.173658+00:00,20260803-010922,https://trends24.in/indonesia/,Sun Aug 02 2026 10:00:13 GMT+0000 (Coordinated Universal Time),10,PPP FAMILY SPIDER MAN,ppp family spider man,,,,,,
2026-08-03T01:09:22.173658+00:00,20260803-010922,https://trends24.in/indonesia/,Sun Aug 02 2026 10:00:13 GMT+0000 (Coordinated Universal Time),11,TEETEEPOR CHEER UP,teeteepor cheer up,,,,,,
2026-08-03T01:09:22.173658+00:00,20260803-010922,https://trends24.in/indonesia/,Sun Aug 02 2026 10:00:13 GMT+0000 (Coordinated Universal Time),12,Team 2 - Teach You A Lesson,team 2 - teach you a lesson,,,,,,
2026-08-03T01:09:22.173658+00:00,20260803-010922,https://trends24.in/indonesia/,Sun Aug 02 2026 10:00:13 GMT+0000 (Coordinated Universal Time),13,Yandri Susanto,yandri susanto,,,,,,
2026-08-03T01:09:22.173658+00:00,20260803-010922,https://trends24.in/indonesia/,Sun Aug 02 2026 10:00:13 GMT+0000 (Coordinated Universal Time),14,RACER OHM PAWAT D2,racer ohm pawat d2,,,,,,
2026-08-03T01:09:22.173658+00:00,20260803-010922,https://trends24.in/indonesia/,Sun Aug 02 2026 10:00:13 GMT+0000 (Coordinated Universal Time),15,Slovenia,slovenia,,,,,,
2026-08-03T01:09:22.173658+00:00,20260803-010922,https://trends24.in/indonesia/,Sun Aug 02 2026 10:00:13 GMT+0000 (Coordinated Universal Time),16,Minggu,minggu,,,,,,
2026-08-03T01:09:22.173658+00:00,20260803-010922,https://trends24.in/indonesia/,Sun Aug 02 2026 10:00:13 GMT+0000 (Coordinated Universal Time),17,pln 100,pln 100,,,,,,
2026-08-03T01:09:22.173658+00:00,20260803-010922,https://trends24.in/indonesia/,Sun Aug 02 2026 10:00:13 GMT+0000 (Coordinated Universal Time),18,Sangat Menyesatkan,sangat menyesatkan,,,,,,
2026-08-03T01:09:22.173658+00:00,20260803-010922,https://trends24.in/indonesia/,Sun Aug 02 2026 10:00:13 GMT+0000 (Coordinated Universal Time),19,Stabilitas Nasional,stabilitas nasional,,,,,,
2026-08-03T01:09:22.173658+00:00,20260803-010922,https://trends24.in/indonesia/,Sun Aug 02 2026 10:00:13 GMT+0000 (Coordinated Universal Time),20,Rejeki Di Akhir Weekend,rejeki di akhir weekend,,,,,,
2026-08-03T01:09:22.173658+00:00,20260803-010922,https://trends24.in/indonesia/,Sun Aug 02 2026 10:00:13 GMT+0000 (Coordinated Universal Time),21,KNP OHAE FULL POWER,knp ohae full power,,,,,,
2026-08-03T01:09:22.173658+00:00,20260803-010922,https://trends24.in/indonesia/,Sun Aug 02 2026 10:00:13 GMT+0000 (Coordinated Universal Time),22,DEW RENJI THE FIRST STAGE,dew renji the first stage,,,,,,
2026-08-03T01:09:22.173658+00:00,20260803-010922,https://trends24.in/indonesia/,Sun Aug 02 2026 10:00:13 GMT+0000 (Coordinated Universal Time),23,ING AT BURIRAM,ing at buriram,,,,,,
2026-08-03T01:09:22.173658+00:00,20260803-010922,https://trends24.in/indonesia/,Sun Aug 02 2026 10:00:13 GMT+0000 (Coordinated Universal Time),24,ZEENUNEW x ZON SUSU,zeenunew x zon susu,,,,,,
2026-08-03T01:09:22.173658+00:00,20260803-010922,https://trends24.in/indonesia/,Sun Aug 02 2026 10:00:13 GMT+0000 (Coordinated Universal Time),25,lingorm ilf ep7,lingorm ilf ep7,,,,,,
2026-08-03T01:09:22.173658+00:00,20260803-010922,https://trends24.in/indonesia/,Sun Aug 02 2026 10:00:13 GMT+0000 (Coordinated Universal Time),26,WIN FANMEETING IN JKT,win fanmeeting in jkt,,,,,,
2026-08-03T01:09:22.173658+00:00,20260803-010922,https://trends24.in/indonesia/,Sun Aug 02 2026 10:00:13 GMT+0000 (Coordinated Universal Time),27,Menteri Desa PDT,menteri desa pdt,,,,,,
2026-08-03T01:09:22.173658+00:00,20260803-010922,https://trends24.in/indonesia/,Sun Aug 02 2026 10:00:13 GMT+0000 (Coordinated Universal Time),28,King Indo Juara AFF,king indo juara aff,,,,,,
2026-08-03T01:09:22.173658+00:00,20260803-010922,https://trends24.in/indonesia/,Sun Aug 02 2026 10:00:13 GMT+0000 (Coordinated Universal Time),29,Mendes PDT,mendes pdt,,,,,,
2026-08-03T01:09:22.173658+00:00,20260803-010922,https://trends24.in/indonesia/,Sun Aug 02 2026 10:00:13 GMT+0000 (Coordinated Universal Time),30,BLACK HAIR,black hair,,,,,,
2026-08-03T01:09:22.173658+00:00,20260803-010922,https://trends24.in/indonesia/,Sun Aug 02 2026 10:00:13 GMT+0000 (Coordinated Universal Time),31,kehormatan menjaga kepercayaan,kehormatan menjaga kepercayaan,,,,,,
2026-08-03T01:09:22.173658+00:00,20260803-010922,https://trends24.in/indonesia/,Sun Aug 02 2026 10:00:13 GMT+0000 (Coordinated Universal Time),32,KDMP,kdmp,,,,,,
2026-08-03T01:09:22.173658+00:00,20260803-010922,https://trends24.in/indonesia/,Sun Aug 02 2026 10:00:13 GMT+0000 (Coordinated Universal Time),33,Nama Rider,nama rider,,,,,,
2026-08-03T01:09:22.173658+00:00,20260803-010922,https://trends24.in/indonesia/,Sun Aug 02 2026 10:00:13 GMT+0000 (Coordinated Universal Time),34,Hapsun,hapsun,,,,,,
2026-08-03T01:09:22.173658+00:00,20260803-010922,https://trends24.in/indonesia/,Sun Aug 02 2026 10:00:13 GMT+0000 (Coordinated Universal Time),35,Nomor Motor,nomor motor,,,,,,
2026-08-03T01:09:22.173658+00:00,20260803-010922,https://trends24.in/indonesia/,Sun Aug 02 2026 10:00:13 GMT+0000 (Coordinated Universal Time),36,Team 3 - Twilight,team 3 - twilight,,,,,,
2026-08-03T01:09:22.173658+00:00,20260803-010922,https://trends24.in/indonesia/,Sun Aug 02 2026 10:00:13 GMT+0000 (Coordinated Universal Time),37,LENAMIU GIRLS CUP CH3,lenamiu girls cup ch3,,,,,,
2026-08-03T01:09:22.173658+00:00,20260803-010922,https://trends24.in/indonesia/,Sun Aug 02 2026 10:00:13 GMT+0000 (Coordinated Universal Time),38,Team 1 - Brooklyn Nine-Nine,team 1 - brooklyn nine-nine,,,,,,
2026-08-03T01:09:22.173658+00:00,20260803-010922,https://trends24.in/indonesia/,Sun Aug 02 2026 10:00:13 GMT+0000 (Coordinated Universal Time),39,FIRSTONE TURNED 26,firstone turned 26,,,,,,
2026-08-03T01:09:22.173658+00:00,20260803-010922,https://trends24.in/indonesia/,Sun Aug 02 2026 10:00:13 GMT+0000 (Coordinated Universal Time),40,THOMASKONG TOKY GAME ON,thomaskong toky game on,,,,,,
2026-08-03T01:09:22.173658+00:00,20260803-010922,https://trends24.in/indonesia/,Sun Aug 02 2026 10:00:13 GMT+0000 (Coordinated Universal Time),41,Gopay,gopay,,,,,,
2026-08-03T01:09:22.173658+00:00,20260803-010922,https://trends24.in/indonesia/,Sun Aug 02 2026 10:00:13 GMT+0000 (Coordinated Universal Time),42,Akun X,akun x,,,,,,
2026-08-03T01:09:22.173658+00:00,20260803-010922,https://trends24.in/indonesia/,Sun Aug 02 2026 10:00:13 GMT+0000 (Coordinated Universal Time),43,produk lokal indonesia,produk lokal indonesia,,,,,,
2026-08-03T01:09:22.173658+00:00,20260803-010922,https://trends24.in/indonesia/,Sun Aug 02 2026 10:00:13 GMT+0000 (Coordinated Universal Time),44,Khun Thee,khun thee,,,,,,
2026-08-03T01:09:22.173658+00:00,20260803-010922,https://trends24.in/indonesia/,Sun Aug 02 2026 10:00:13 GMT+0000 (Coordinated Universal Time),45,PAYBACK THE SERIES FINAL EP,payback the series final ep,,,,,,
2026-08-03T01:09:22.173658+00:00,20260803-010922,https://trends24.in/indonesia/,Sun Aug 02 2026 10:00:13 GMT+0000 (Coordinated Universal Time),46,FLOWER JIN IN NEW JERSEY,flower jin in new jersey,,,,,,
2026-08-03T01:09:22.173658+00:00,20260803-010922,https://trends24.in/indonesia/,Sun Aug 02 2026 10:00:13 GMT+0000 (Coordinated Universal Time),47,Malming,malming,,,,,,
2026-08-03T01:09:22.173658+00:00,20260803-010922,https://trends24.in/indonesia/,Sun Aug 02 2026 10:00:13 GMT+0000 (Coordinated Universal Time),48,Quidditch,quidditch,,,,,,
2026-08-03T01:09:22.173658+00:00,20260803-010922,https://trends24.in/indonesia/,Sun Aug 02 2026 10:00:13 GMT+0000 (Coordinated Universal Time),49,Lawan 10,lawan 10,,,,,,
2026-08-03T01:09:22.173658+00:00,20260803-010922,https://trends24.in/indonesia/,Sun Aug 02 2026 10:00:13 GMT+0000 (Coordinated Universal Time),50,Persib vs Persija,persib vs persija,,,,,,
2026-08-03T01:09:22.173658+00:00,20260803-010922,https://trends24.in/indonesia/,Sun Aug 02 2026 09:06:18 GMT+0000 (Coordinated Universal Time),1,#PeachAndMeSeriesFinalEP,peachandmeseriesfinalep,,,,,,
2026-08-03T01:09:22.173658+00:00,20260803-010922,https://trends24.in/indonesia/,Sun Aug 02 2026 09:06:18 GMT+0000 (Coordinated Universal Time),2,#AlwayswithMarkLee,alwayswithmarklee,,,,,,
2026-08-03T01:09:22.173658+00:00,20260803-010922,https://trends24.in/indonesia/,Sun Aug 02 2026 09:06:18 GMT+0000 (Coordinated Universal Time),3,#ì¤ëë´ì¬ë¦ë¯¼íììì¼ì¶íí´,ì¤ëë´ì¬ë¦ë¯¼íììì¼ì¶íí´,,,,,,
2026-08-03T01:09:22.173658+00:00,20260803-010922,https://trends24.in/indonesia/,Sun Aug 02 2026 09:06:18 GMT+0000 (Coordinated Universal Time),4,#DMDSportsDay2026,dmdsportsday2026,,,,,,
2026-08-03T01:09:22.173658+00:00,20260803-010922,https://trends24.in/indonesia/,Sun Aug 02 2026 09:06:18 GMT+0000 (Coordinated Universal Time),5,#tokenpln81ribu,tokenpln81ribu,,,,,,
2026-08-03T01:09:22.173658+00:00,20260803-010922,https://trends24.in/indonesia/,Sun Aug 02 2026 09:06:18 GMT+0000 (Coordinated Universal Time),6,Kimpul,kimpul,,,,,,
2026-08-03T01:09:22.173658+00:00,20260803-010922,https://trends24.in/indonesia/,Sun Aug 02 2026 09:06:18 GMT+0000 (Coordinated Universal Time),7,Agustus,agustus,,,,,,
2026-08-03T01:09:22.173658+00:00,20260803-010922,https://trends24.in/indonesia/,Sun Aug 02 2026 09:06:18 GMT+0000 (Coordinated Universal Time),8,persebaya vs port fc,persebaya vs port fc,,,,,,
2026-08-03T01:09:22.173658+00:00,20260803-010922,https://trends24.in/indonesia/,Sun Aug 02 2026 09:06:18 GMT+0000 (Coordinated Universal Time),9,DOMUNDI SPORTS 2026,domundi sports 2026,,,,,,
2026-08-03T01:09:22.173658+00:00,20260803-010922,https://trends24.in/indonesia/,Sun Aug 02 2026 09:06:18 GMT+0000 (Coordinated Universal Time),10,PPP FAMILY SPIDER MAN,ppp family spider man,,,,,,
2026-08-03T01:09:22.173658+00:00,20260803-010922,https://trends24.in/indonesia/,Sun Aug 02 2026 09:06:18 GMT+0000 (Coordinated Universal Time),11,TEETEEPOR CHEER UP,teeteepor cheer up,,,,,,
2026-08-03T01:09:22.173658+00:00,20260803-010922,https://trends24.in/indonesia/,Sun Aug 02 2026 09:06:18 GMT+0000 (Coordinated Universal Time),12,Yandri Susanto,yandri susanto,,,,,,
2026-08-03T01:09:22.173658+00:00,20260803-010922,https://trends24.in/indonesia/,Sun Aug 02 2026 09:06:18 GMT+0000 (Coordinated Universal Time),13,ADAAP HAPPY LANDING,adaap happy landing,,,,,,
2026-08-03T01:09:22.173658+00:00,20260803-010922,https://trends24.in/indonesia/,Sun Aug 02 2026 09:06:18 GMT+0000 (Coordinated Universal Time),14,RACER OHM PAWAT D2,racer ohm pawat d2,,,,,,
2026-08-03T01:09:22.173658+00:00,20260803-010922,https://trends24.in/indonesia/,Sun Aug 02 2026 09:06:18 GMT+0000 (Coordinated Universal Time),15,Minggu,minggu,,,,,,
2026-08-03T01:09:22.173658+00:00,20260803-010922,https://trends24.in/indonesia/,Sun Aug 02 2026 09:06:18 GMT+0000 (Coordinated Universal Time),16,ZEENUNEW x ZON SUSU,zeenunew x zon susu,,,,,,
2026-08-03T01:09:22.173658+00:00,20260803-010922,https://trends24.in/indonesia/,Sun Aug 02 2026 09:06:18 GMT+0000 (Coordinated Universal Time),17,BLACK HAIR,black hair,,,,,,
2026-08-03T01:09:22.173658+00:00,20260803-010922,https://trends24.in/indonesia/,Sun Aug 02 2026 09:06:18 GMT+0000 (Coordinated Universal Time),18,pln 100,pln 100,,,,,,
2026-08-03T01:09:22.173658+00:00,20260803-010922,https://trends24.in/indonesia/,Sun Aug 02 2026 09:06:18 GMT+0000 (Coordinated Universal Time),19,Sangat Menyesatkan,sangat menyesatkan,,,,,,
2026-08-03T01:09:22.173658+00:00,20260803-010922,https://trends24.in/indonesia/,Sun Aug 02 2026 09:06:18 GMT+0000 (Coordinated Universal Time),20,Nama Rider,nama rider,,,,,,
2026-08-03T01:09:22.173658+00:00,20260803-010922,https://trends24.in/indonesia/,Sun Aug 02 2026 09:06:18 GMT+0000 (Coordinated Universal Time),21,Stabilitas Nasional,stabilitas nasional,,,,,,
2026-08-03T01:09:22.173658+00:00,20260803-010922,https://trends24.in/indonesia/,Sun Aug 02 2026 09:06:18 GMT+0000 (Coordinated Universal Time),22,Nomor Motor,nomor motor,,,,,,
2026-08-03T01:09:22.173658+00:00,20260803-010922,https://trends24.in/indonesia/,Sun Aug 02 2026 09:06:18 GMT+0000 (Coordinated Universal Time),23,KNP OHAE FULL POWER,knp ohae full power,,,,,,
2026-08-03T01:09:22.173658+00:00,20260803-010922,https://trends24.in/indonesia/,Sun Aug 02 2026 09:06:18 GMT+0000 (Coordinated Universal Time),24,Rejeki Di Akhir Weekend,rejeki di akhir weekend,,,,,,
2026-08-03T01:09:22.173658+00:00,20260803-010922,https://trends24.in/indonesia/,Sun Aug 02 2026 09:06:18 GMT+0000 (Coordinated Universal Time),25,Team 2 - Teach You A Lesson,team 2 - teach you a lesson,,,,,,
2026-08-03T01:09:22.173658+00:00,20260803-010922,https://trends24.in/indonesia/,Sun Aug 02 2026 09:06:18 GMT+0000 (Coordinated Universal Time),26,DEW RENJI THE FIRST STAGE,dew renji the first stage,,,,,,
2026-08-03T01:09:22.173658+00:00,20260803-010922,https://trends24.in/indonesia/,Sun Aug 02 2026 09:06:18 GMT+0000 (Coordinated Universal Time),27,Menteri Desa PDT,menteri desa pdt,,,,,,
2026-08-03T01:09:22.173658+00:00,20260803-010922,https://trends24.in/indonesia/,Sun Aug 02 2026 09:06:18 GMT+0000 (Coordinated Universal Time),28,LINGORM ILF EP7,lingorm ilf ep7,,,,,,
2026-08-03T01:09:22.173658+00:00,20260803-010922,https://trends24.in/indonesia/,Sun Aug 02 2026 09:06:18 GMT+0000 (Coordinated Universal Time),29,WIN FANMEETING IN JKT,win fanmeeting in jkt,,,,,,
2026-08-03T01:09:22.173658+00:00,20260803-010922,https://trends24.in/indonesia/,Sun Aug 02 2026 09:06:18 GMT+0000 (Coordinated Universal Time),30,Mendes PDT,mendes pdt,,,,,,
2026-08-03T01:09:22.173658+00:00,20260803-010922,https://trends24.in/indonesia/,Sun Aug 02 2026 09:06:18 GMT+0000 (Coordinated Universal Time),31,LENAMIU GIRLS CUP CH3,lenamiu girls cup ch3,,,,,,
2026-08-03T01:09:22.173658+00:00,20260803-010922,https://trends24.in/indonesia/,Sun Aug 02 2026 09:06:18 GMT+0000 (Coordinated Universal Time),32,kehormatan menjaga kepercayaan,kehormatan menjaga kepercayaan,,,,,,
2026-08-03T01:09:22.173658+00:00,20260803-010922,https://trends24.in/indonesia/,Sun Aug 02 2026 09:06:18 GMT+0000 (Coordinated Universal Time),33,Gopay,gopay,,,,,,
2026-08-03T01:09:22.173658+00:00,20260803-010922,https://trends24.in/indonesia/,Sun Aug 02 2026 09:06:18 GMT+0000 (Coordinated Universal Time),34,KDMP,kdmp,,,,,,
2026-08-03T01:09:22.173658+00:00,20260803-010922,https://trends24.in/indonesia/,Sun Aug 02 2026 09:06:18 GMT+0000 (Coordinated Universal Time),35,Hapsun,hapsun,,,,,,
2026-08-03T01:09:22.173658+00:00,20260803-010922,https://trends24.in/indonesia/,Sun Aug 02 2026 09:06:18 GMT+0000 (Coordinated Universal Time),36,King Indo Juara AFF,king indo juara aff,,,,,,
2026-08-03T01:09:22.173658+00:00,20260803-010922,https://trends24.in/indonesia/,Sun Aug 02 2026 09:06:18 GMT+0000 (Coordinated Universal Time),37,ING AT BURIRAM,ing at buriram,,,,,,
2026-08-03T01:09:22.173658+00:00,20260803-010922,https://trends24.in/indonesia/,Sun Aug 02 2026 09:06:18 GMT+0000 (Coordinated Universal Time),38,FORCEBOOK WITH SKINSISTA,forcebook with skinsista,,,,,,
2026-08-03T01:09:22.173658+00:00,20260803-010922,https://trends24.in/indonesia/,Sun Aug 02 2026 09:06:18 GMT+0000 (Coordinated Universal Time),39,Akun X,akun x,,,,,,
2026-08-03T01:09:22.173658+00:00,20260803-010922,https://trends24.in/indonesia/,Sun Aug 02 2026 09:06:18 GMT+0000 (Coordinated Universal Time),40,EVAN BLACK,evan black,,,,,,
2026-08-03T01:09:22.173658+00:00,20260803-010922,https://trends24.in/indonesia/,Sun Aug 02 2026 09:06:18 GMT+0000 (Coordinated Universal Time),41,THOMASKONG TOKY GAME ON,thomaskong toky game on,,,,,,
2026-08-03T01:09:22.173658+00:00,20260803-010922,https://trends24.in/indonesia/,Sun Aug 02 2026 09:06:18 GMT+0000 (Coordinated Universal Time),42,produk lokal indonesia,produk lokal indonesia,,,,,,
2026-08-03T01:09:22.173658+00:00,20260803-010922,https://trends24.in/indonesia/,Sun Aug 02 2026 09:06:18 GMT+0000 (Coordinated Universal Time),43,Khun Thee,khun thee,,,,,,
2026-08-03T01:09:22.173658+00:00,20260803-010922,https://trends24.in/indonesia/,Sun Aug 02 2026 09:06:18 GMT+0000 (Coordinated Universal Time),44,PAYBACK THE SERIES FINAL EP,payback the series final ep,,,,,,
2026-08-03T01:09:22.173658+00:00,20260803-010922,https://trends24.in/indonesia/,Sun Aug 02 2026 09:06:18 GMT+0000 (Coordinated Universal Time),45,FLOWER JIN IN NEW JERSEY,flower jin in new jersey,,,,,,
2026-08-03T01:09:22.173658+00:00,20260803-010922,https://trends24.in/indonesia/,Sun Aug 02 2026 09:06:18 GMT+0000 (Coordinated Universal Time),46,Malming,malming,,,,,,
2026-08-03T01:09:22.173658+00:00,20260803-010922,https://trends24.in/indonesia/,Sun Aug 02 2026 09:06:18 GMT+0000 (Coordinated Universal Time),47,NAMTANFILM GR SINGAPORE,namtanfilm gr singapore,,,,,,
2026-08-03T01:09:22.173658+00:00,20260803-010922,https://trends24.in/indonesia/,Sun Aug 02 2026 09:06:18 GMT+0000 (Coordinated Universal Time),48,Quidditch,quidditch,,,,,,
2026-08-03T01:09:22.173658+00:00,20260803-010922,https://trends24.in/indonesia/,Sun Aug 02 2026 09:06:18 GMT+0000 (Coordinated Universal Time),49,Persib vs Persija,persib vs persija,,,,,,
2026-08-03T01:09:22.173658+00:00,20260803-010922,https://trends24.in/indonesia/,Sun Aug 02 2026 09:06:18 GMT+0000 (Coordinated Universal Time),50,Lawan 10,lawan 10,,,,,,
2026-08-03T01:09:22.173658+00:00,20260803-010922,https://trends24.in/indonesia/,Sun Aug 02 2026 08:15:10 GMT+0000 (Coordinated Universal Time),1,#PeachAndMeSeriesFinalEP,peachandmeseriesfinalep,,,,,,
2026-08-03T01:09:22.173658+00:00,20260803-010922,https://trends24.in/indonesia/,Sun Aug 02 2026 08:15:10 GMT+0000 (Coordinated Universal Time),2,#AlwayswithMarkLee,alwayswithmarklee,,,,,,
2026-08-03T01:09:22.173658+00:00,20260803-010922,https://trends24.in/indonesia/,Sun Aug 02 2026 08:15:10 GMT+0000 (Coordinated Universal Time),3,#ì¤ëë´ì¬ë¦ë¯¼íììì¼ì¶íí´,ì¤ëë´ì¬ë¦ë¯¼íììì¼ì¶íí´,,,,,,
2026-08-03T01:09:22.173658+00:00,20260803-010922,https://trends24.in/indonesia/,Sun Aug 02 2026 08:15:10 GMT+0000 (Coordinated Universal Time),4,#DMDSportsDay2026,dmdsportsday2026,,,,,,
2026-08-03T01:09:22.173658+00:00,20260803-010922,https://trends24.in/indonesia/,Sun Aug 02 2026 08:15:10 GMT+0000 (Coordinated Universal Time),5,#CORTIS_Lollapalooza,cortis_lollapalooza,,,,,,
2026-08-03T01:09:22.173658+00:00,20260803-010922,https://trends24.in/indonesia/,Sun Aug 02 2026 08:15:10 GMT+0000 (Coordinated Universal Time),6,Kimpul,kimpul,,,,,,
2026-08-03T01:09:22.173658+00:00,20260803-010922,https://trends24.in/indonesia/,Sun Aug 02 2026 08:15:10 GMT+0000 (Coordinated Universal Time),7,Agustus,agustus,,,,,,
2026-08-03T01:09:22.173658+00:00,20260803-010922,https://trends24.in/indonesia/,Sun Aug 02 2026 08:15:10 GMT+0000 (Coordinated Universal Time),8,persebaya vs port fc,persebaya vs port fc,,,,,,
2026-08-03T01:09:22.173658+00:00,20260803-010922,https://trends24.in/indonesia/,Sun Aug 02 2026 08:15:10 GMT+0000 (Coordinated Universal Time),9,DOMUNDI SPORTS 2026,domundi sports 2026,,,,,,
2026-08-03T01:09:22.173658+00:00,20260803-010922,https://trends24.in/indonesia/,Sun Aug 02 2026 08:15:10 GMT+0000 (Coordinated Universal Time),10,PPP FAMILY SPIDER MAN,ppp family spider man,,,,,,
2026-08-03T01:09:22.173658+00:00,20260803-010922,https://trends24.in/indonesia/,Sun Aug 02 2026 08:15:10 GMT+0000 (Coordinated Universal Time),11,TEETEEPOR CHEER UP,teeteepor cheer up,,,,,,
2026-08-03T01:09:22.173658+00:00,20260803-010922,https://trends24.in/indonesia/,Sun Aug 02 2026 08:15:10 GMT+0000 (Coordinated Universal Time),12,RACER OHM PAWAT D2,racer ohm pawat d2,,,,,,
2026-08-03T01:09:22.173658+00:00,20260803-010922,https://trends24.in/indonesia/,Sun Aug 02 2026 08:15:10 GMT+0000 (Coordinated Universal Time),13,ADAAP HAPPY LANDING,adaap happy landing,,,,,,
2026-08-03T01:09:22.173658+00:00,20260803-010922,https://trends24.in/indonesia/,Sun Aug 02 2026 08:15:10 GMT+0000 (Coordinated Universal Time),14,Yandri Susanto,yandri susanto,,,,,,
2026-08-03T01:09:22.173658+00:00,20260803-010922,https://trends24.in/indonesia/,Sun Aug 02 2026 08:15:10 GMT+0000 (Coordinated Universal Time),15,KNP OHAE FULL POWER,knp ohae full power,,,,,,
2026-08-03T01:09:22.173658+00:00,20260803-010922,https://trends24.in/indonesia/,Sun Aug 02 2026 08:15:10 GMT+0000 (Coordinated Universal Time),16,ZEENUNEW x ZON SUSU,zeenunew x zon susu,,,,,,
2026-08-03T01:09:22.173658+00:00,20260803-010922,https://trends24.in/indonesia/,Sun Aug 02 2026 08:15:10 GMT+0000 (Coordinated Universal Time),17,Minggu,minggu,,,,,,
2026-08-03T01:09:22.173658+00:00,20260803-010922,https://trends24.in/indonesia/,Sun Aug 02 2026 08:15:10 GMT+0000 (Coordinated Universal Time),18,pln 100,pln 100,,,,,,
2026-08-03T01:09:22.173658+00:00,20260803-010922,https://trends24.in/indonesia/,Sun Aug 02 2026 08:15:10 GMT+0000 (Coordinated Universal Time),19,Sangat Menyesatkan,sangat menyesatkan,,,,,,
2026-08-03T01:09:22.173658+00:00,20260803-010922,https://trends24.in/indonesia/,Sun Aug 02 2026 08:15:10 GMT+0000 (Coordinated Universal Time),20,Nama Rider,nama rider,,,,,,
2026-08-03T01:09:22.173658+00:00,20260803-010922,https://trends24.in/indonesia/,Sun Aug 02 2026 08:15:10 GMT+0000 (Coordinated Universal Time),21,Stabilitas Nasional,stabilitas nasional,,,,,,
2026-08-03T01:09:22.173658+00:00,20260803-010922,https://trends24.in/indonesia/,Sun Aug 02 2026 08:15:10 GMT+0000 (Coordinated Universal Time),22,DEW RENJI THE FIRST STAGE,dew renji the first stage,,,,,,
2026-08-03T01:09:22.173658+00:00,20260803-010922,https://trends24.in/indonesia/,Sun Aug 02 2026 08:15:10 GMT+0000 (Coordinated Universal Time),23,WIN FANMEETING IN JKT,win fanmeeting in jkt,,,,,,
2026-08-03T01:09:22.173658+00:00,20260803-010922,https://trends24.in/indonesia/,Sun Aug 02 2026 08:15:10 GMT+0000 (Coordinated Universal Time),24,Nomor Motor,nomor motor,,,,,,
2026-08-03T01:09:22.173658+00:00,20260803-010922,https://trends24.in/indonesia/,Sun Aug 02 2026 08:15:10 GMT+0000 (Coordinated Universal Time),25,LINGORM ILF EP7,lingorm ilf ep7,,,,,,
2026-08-03T01:09:22.173658+00:00,20260803-010922,https://trends24.in/indonesia/,Sun Aug 02 2026 08:15:10 GMT+0000 (Coordinated Universal Time),26,Menteri Desa PDT,menteri desa pdt,,,,,,
2026-08-03T01:09:22.173658+00:00,20260803-010922,https://trends24.in/indonesia/,Sun Aug 02 2026 08:15:10 GMT+0000 (Coordinated Universal Time),27,KDMP,kdmp,,,,,,
2026-08-03T01:09:22.173658+00:00,20260803-010922,https://trends24.in/indonesia/,Sun Aug 02 2026 08:15:10 GMT+0000 (Coordinated Universal Time),28,LENAMIU GIRLS CUP CH3,lenamiu girls cup ch3,,,,,,
2026-08-03T01:09:22.173658+00:00,20260803-010922,https://trends24.in/indonesia/,Sun Aug 02 2026 08:15:10 GMT+0000 (Coordinated Universal Time),29,Mendes PDT,mendes pdt,,,,,,
2026-08-03T01:09:22.173658+00:00,20260803-010922,https://trends24.in/indonesia/,Sun Aug 02 2026 08:15:10 GMT+0000 (Coordinated Universal Time),30,kehormatan menjaga kepercayaan,kehormatan menjaga kepercayaan,,,,,,
2026-08-03T01:09:22.173658+00:00,20260803-010922,https://trends24.in/indonesia/,Sun Aug 02 2026 08:15:10 GMT+0000 (Coordinated Universal Time),31,Gopay,gopay,,,,,,
2026-08-03T01:09:22.173658+00:00,20260803-010922,https://trends24.in/indonesia/,Sun Aug 02 2026 08:15:10 GMT+0000 (Coordinated Universal Time),32,Hapsun,hapsun,,,,,,
2026-08-03T01:09:22.173658+00:00,20260803-010922,https://trends24.in/indonesia/,Sun Aug 02 2026 08:15:10 GMT+0000 (Coordinated Universal Time),33,THOMASKONG TOKY GAME ON,thomaskong toky game on,,,,,,
2026-08-03T01:09:22.173658+00:00,20260803-010922,https://trends24.in/indonesia/,Sun Aug 02 2026 08:15:10 GMT+0000 (Coordinated Universal Time),34,FLOWER JIN IN NEW JERSEY,flower jin in new jersey,,,,,,
2026-08-03T01:09:22.173658+00:00,20260803-010922,https://trends24.in/indonesia/,Sun Aug 02 2026 08:15:10 GMT+0000 (Coordinated Universal Time),35,senada new era,senada new era,,,,,,
2026-08-03T01:09:22.173658+00:00,20260803-010922,https://trends24.in/indonesia/,Sun Aug 02 2026 08:15:10 GMT+0000 (Coordinated Universal Time),36,Khun Thee,khun thee,,,,,,
2026-08-03T01:09:22.173658+00:00,20260803-010922,https://trends24.in/indonesia/,Sun Aug 02 2026 08:15:10 GMT+0000 (Coordinated Universal Time),37,Sumenep,sumenep,,,,,,
2026-08-03T01:09:22.173658+00:00,20260803-010922,https://trends24.in/indonesia/,Sun Aug 02 2026 08:15:10 GMT+0000 (Coordinated Universal Time),38,produk lokal indonesia,produk lokal indonesia,,,,,,
2026-08-03T01:09:22.173658+00:00,20260803-010922,https://trends24.in/indonesia/,Sun Aug 02 2026 08:15:10 GMT+0000 (Coordinated Universal Time),39,ING AT BURIRAM,ing at buriram,,,,,,
2026-08-03T01:09:22.173658+00:00,20260803-010922,https://trends24.in/indonesia/,Sun Aug 02 2026 08:15:10 GMT+0000 (Coordinated Universal Time),40,PAYBACK THE SERIES FINAL EP,payback the series final ep,,,,,,
2026-08-03T01:09:22.173658+00:00,20260803-010922,https://trends24.in/indonesia/,Sun Aug 02 2026 08:15:10 GMT+0000 (Coordinated Universal Time),41,Le Chevalier,le chevalier,,,,,,
2026-08-03T01:09:22.173658+00:00,20260803-010922,https://trends24.in/indonesia/,Sun Aug 02 2026 08:15:10 GMT+0000 (Coordinated Universal Time),42,Malming,malming,,,,,,
2026-08-03T01:09:22.173658+00:00,20260803-010922,https://trends24.in/indonesia/,Sun Aug 02 2026 08:15:10 GMT+0000 (Coordinated Universal Time),43,Akun X,akun x,,,,,,
2026-08-03T01:09:22.173658+00:00,20260803-010922,https://trends24.in/indonesia/,Sun Aug 02 2026 08:15:10 GMT+0000 (Coordinated Universal Time),44,Siang,siang,,,,,,
2026-08-03T01:09:22.173658+00:00,20260803-010922,https://trends24.in/indonesia/,Sun Aug 02 2026 08:15:10 GMT+0000 (Coordinated Universal Time),45,NAMTANFILM GR SINGAPORE,namtanfilm gr singapore,,,,,,
2026-08-03T01:09:22.173658+00:00,20260803-010922,https://trends24.in/indonesia/,Sun Aug 02 2026 08:15:10 GMT+0000 (Coordinated Universal Time),46,KNPB,knpb,,,,,,
2026-08-03T01:09:22.173658+00:00,20260803-010922,https://trends24.in/indonesia/,Sun Aug 02 2026 08:15:10 GMT+0000 (Coordinated Universal Time),47,Persib vs Persija,persib vs persija,,,,,,
2026-08-03T01:09:22.173658+00:00,20260803-010922,https://trends24.in/indonesia/,Sun Aug 02 2026 08:15:10 GMT+0000 (Coordinated Universal Time),48,Lawan 10,lawan 10,,,,,,
2026-08-03T01:09:22.173658+00:00,20260803-010922,https://trends24.in/indonesia/,Sun Aug 02 2026 08:15:10 GMT+0000 (Coordinated Universal Time),49,THE EDGE OF HORIZON EP7,the edge of horizon ep7,,,,,,
2026-08-03T01:09:22.173658+00:00,20260803-010922,https://trends24.in/indonesia/,Sun Aug 02 2026 08:15:10 GMT+0000 (Coordinated Universal Time),50,KM Mutiara Sentosa 2,km mutiara sentosa 2,,,,,,
