captured_at_utc,run_id,source_url,hour_label,rank,name,name_norm,tweet_count_raw,tweet_count,best_position,total_tweets,trending_for_raw,trending_for_hours
2026-08-14T11:53:32.852379+00:00,20260814-115332,https://trends24.in/indonesia/,Fri Aug 14 2026 11:32:19 GMT+0000 (Coordinated Universal Time),1,#WelcomeToJKT_MINGYU,welcometojkt_mingyu,,,,,,
2026-08-14T11:53:32.852379+00:00,20260814-115332,https://trends24.in/indonesia/,Fri Aug 14 2026 11:32:19 GMT+0000 (Coordinated Universal Time),2,#MingyuinJKTforDIOR,mingyuinjktfordior,,,,,,
2026-08-14T11:53:32.852379+00:00,20260814-115332,https://trends24.in/indonesia/,Fri Aug 14 2026 11:32:19 GMT+0000 (Coordinated Universal Time),3,#BudimanDiDesa,budimandidesa,,,,,,
2026-08-14T11:53:32.852379+00:00,20260814-115332,https://trends24.in/indonesia/,Fri Aug 14 2026 11:32:19 GMT+0000 (Coordinated Universal Time),4,#SingingWithHQ,singingwithhq,,,,,,
2026-08-14T11:53:32.852379+00:00,20260814-115332,https://trends24.in/indonesia/,Fri Aug 14 2026 11:32:19 GMT+0000 (Coordinated Universal Time),5,#NotesBetweenUs,notesbetweenus,,,,,,
2026-08-14T11:53:32.852379+00:00,20260814-115332,https://trends24.in/indonesia/,Fri Aug 14 2026 11:32:19 GMT+0000 (Coordinated Universal Time),6,HarQeel Date Encore,harqeel date encore,,,,,,
2026-08-14T11:53:32.852379+00:00,20260814-115332,https://trends24.in/indonesia/,Fri Aug 14 2026 11:32:19 GMT+0000 (Coordinated Universal Time),7,AOUBOOM 2ND DESTINY,aouboom 2nd destiny,,,,,,
2026-08-14T11:53:32.852379+00:00,20260814-115332,https://trends24.in/indonesia/,Fri Aug 14 2026 11:32:19 GMT+0000 (Coordinated Universal Time),8,MR. KILL SERIES PRESS TOUR,mr. kill series press tour,,,,,,
2026-08-14T11:53:32.852379+00:00,20260814-115332,https://trends24.in/indonesia/,Fri Aug 14 2026 11:32:19 GMT+0000 (Coordinated Universal Time),9,Salurkan Hingga Pelosok,salurkan hingga pelosok,,,,,,
2026-08-14T11:53:32.852379+00:00,20260814-115332,https://trends24.in/indonesia/,Fri Aug 14 2026 11:32:19 GMT+0000 (Coordinated Universal Time),10,SANTA LIP NUDE LIVE,santa lip nude live,,,,,,
2026-08-14T11:53:32.852379+00:00,20260814-115332,https://trends24.in/indonesia/,Fri Aug 14 2026 11:32:19 GMT+0000 (Coordinated Universal Time),11,Maksimal Melayani Negeri,maksimal melayani negeri,,,,,,
2026-08-14T11:53:32.852379+00:00,20260814-115332,https://trends24.in/indonesia/,Fri Aug 14 2026 11:32:19 GMT+0000 (Coordinated Universal Time),12,BUMDes,bumdes,,,,,,
2026-08-14T11:53:32.852379+00:00,20260814-115332,https://trends24.in/indonesia/,Fri Aug 14 2026 11:32:19 GMT+0000 (Coordinated Universal Time),13,Budiman Sudjatmiko,budiman sudjatmiko,,,,,,
2026-08-14T11:53:32.852379+00:00,20260814-115332,https://trends24.in/indonesia/,Fri Aug 14 2026 11:32:19 GMT+0000 (Coordinated Universal Time),14,RUU HAM,ruu ham,,,,,,
2026-08-14T11:53:32.852379+00:00,20260814-115332,https://trends24.in/indonesia/,Fri Aug 14 2026 11:32:19 GMT+0000 (Coordinated Universal Time),15,OH MY FOURTH PRESS TOUR,oh my fourth press tour,,,,,,
2026-08-14T11:53:32.852379+00:00,20260814-115332,https://trends24.in/indonesia/,Fri Aug 14 2026 11:32:19 GMT+0000 (Coordinated Universal Time),16,EMIBONNIE RED KISS PRESS TOUR,emibonnie red kiss press tour,,,,,,
2026-08-14T11:53:32.852379+00:00,20260814-115332,https://trends24.in/indonesia/,Fri Aug 14 2026 11:32:19 GMT+0000 (Coordinated Universal Time),17,Irene,irene,,,,,,
2026-08-14T11:53:32.852379+00:00,20260814-115332,https://trends24.in/indonesia/,Fri Aug 14 2026 11:32:19 GMT+0000 (Coordinated Universal Time),18,Sidang Bersama DPR RI,sidang bersama dpr ri,,,,,,
2026-08-14T11:53:32.852379+00:00,20260814-115332,https://trends24.in/indonesia/,Fri Aug 14 2026 11:32:19 GMT+0000 (Coordinated Universal Time),19,Presiden Prabowo Subianto,presiden prabowo subianto,,,,,,
2026-08-14T11:53:32.852379+00:00,20260814-115332,https://trends24.in/indonesia/,Fri Aug 14 2026 11:32:19 GMT+0000 (Coordinated Universal Time),20,Koperasi Desa,koperasi desa,,,,,,
2026-08-14T11:53:32.852379+00:00,20260814-115332,https://trends24.in/indonesia/,Fri Aug 14 2026 11:32:19 GMT+0000 (Coordinated Universal Time),21,Selamat Hari Pramuka,selamat hari pramuka,,,,,,
2026-08-14T11:53:32.852379+00:00,20260814-115332,https://trends24.in/indonesia/,Fri Aug 14 2026 11:32:19 GMT+0000 (Coordinated Universal Time),22,YOU MANIAC TRAILER,you maniac trailer,,,,,,
2026-08-14T11:53:32.852379+00:00,20260814-115332,https://trends24.in/indonesia/,Fri Aug 14 2026 11:32:19 GMT+0000 (Coordinated Universal Time),23,Kelurahan Merah Putih,kelurahan merah putih,,,,,,
2026-08-14T11:53:32.852379+00:00,20260814-115332,https://trends24.in/indonesia/,Fri Aug 14 2026 11:32:19 GMT+0000 (Coordinated Universal Time),24,KDKMP,kdkmp,,,,,,
2026-08-14T11:53:32.852379+00:00,20260814-115332,https://trends24.in/indonesia/,Fri Aug 14 2026 11:32:19 GMT+0000 (Coordinated Universal Time),25,Jembatan Merah Putih Presisi,jembatan merah putih presisi,,,,,,
2026-08-14T11:53:32.852379+00:00,20260814-115332,https://trends24.in/indonesia/,Fri Aug 14 2026 11:32:19 GMT+0000 (Coordinated Universal Time),26,Tentara Nasional Indonesia,tentara nasional indonesia,,,,,,
2026-08-14T11:53:32.852379+00:00,20260814-115332,https://trends24.in/indonesia/,Fri Aug 14 2026 11:32:19 GMT+0000 (Coordinated Universal Time),27,Jumat,jumat,,,,,,
2026-08-14T11:53:32.852379+00:00,20260814-115332,https://trends24.in/indonesia/,Fri Aug 14 2026 11:32:19 GMT+0000 (Coordinated Universal Time),28,Sidang Tahunan MPR RI,sidang tahunan mpr ri,,,,,,
2026-08-14T11:53:32.852379+00:00,20260814-115332,https://trends24.in/indonesia/,Fri Aug 14 2026 11:32:19 GMT+0000 (Coordinated Universal Time),29,Polda Riau,polda riau,,,,,,
2026-08-14T11:53:32.852379+00:00,20260814-115332,https://trends24.in/indonesia/,Fri Aug 14 2026 11:32:19 GMT+0000 (Coordinated Universal Time),30,Polri,polri,,,,,,
2026-08-14T11:53:32.852379+00:00,20260814-115332,https://trends24.in/indonesia/,Fri Aug 14 2026 11:32:19 GMT+0000 (Coordinated Universal Time),31,SPPG,sppg,,,,,,
2026-08-14T11:53:32.852379+00:00,20260814-115332,https://trends24.in/indonesia/,Fri Aug 14 2026 11:32:19 GMT+0000 (Coordinated Universal Time),32,Makan Bergizi Gratis,makan bergizi gratis,,,,,,
2026-08-14T11:53:32.852379+00:00,20260814-115332,https://trends24.in/indonesia/,Fri Aug 14 2026 11:32:19 GMT+0000 (Coordinated Universal Time),33,PIL PRESS AND PRAY,pil press and pray,,,,,,
2026-08-14T11:53:32.852379+00:00,20260814-115332,https://trends24.in/indonesia/,Fri Aug 14 2026 11:32:19 GMT+0000 (Coordinated Universal Time),34,Trade $ANTFUN,trade $antfun,,,,,,
2026-08-14T11:53:32.852379+00:00,20260814-115332,https://trends24.in/indonesia/,Fri Aug 14 2026 11:32:19 GMT+0000 (Coordinated Universal Time),35,IHSG,ihsg,,,,,,
2026-08-14T11:53:32.852379+00:00,20260814-115332,https://trends24.in/indonesia/,Fri Aug 14 2026 11:32:19 GMT+0000 (Coordinated Universal Time),36,Indonesia Emas 2045,indonesia emas 2045,,,,,,
2026-08-14T11:53:32.852379+00:00,20260814-115332,https://trends24.in/indonesia/,Fri Aug 14 2026 11:32:19 GMT+0000 (Coordinated Universal Time),37,Rafayel,rafayel,,,,,,
2026-08-14T11:53:32.852379+00:00,20260814-115332,https://trends24.in/indonesia/,Fri Aug 14 2026 11:32:19 GMT+0000 (Coordinated Universal Time),38,Lily,lily,,,,,,
2026-08-14T11:53:32.852379+00:00,20260814-115332,https://trends24.in/indonesia/,Fri Aug 14 2026 11:32:19 GMT+0000 (Coordinated Universal Time),39,14 Agustus,14 agustus,,,,,,
2026-08-14T11:53:32.852379+00:00,20260814-115332,https://trends24.in/indonesia/,Fri Aug 14 2026 11:32:19 GMT+0000 (Coordinated Universal Time),40,#JTOhm,jtohm,,,,,,
2026-08-14T11:53:32.852379+00:00,20260814-115332,https://trends24.in/indonesia/,Fri Aug 14 2026 11:32:19 GMT+0000 (Coordinated Universal Time),41,#MicandMemories,micandmemories,,,,,,
2026-08-14T11:53:32.852379+00:00,20260814-115332,https://trends24.in/indonesia/,Fri Aug 14 2026 11:32:19 GMT+0000 (Coordinated Universal Time),42,#PraewLiveXMrKillSeries,praewlivexmrkillseries,,,,,,
2026-08-14T11:53:32.852379+00:00,20260814-115332,https://trends24.in/indonesia/,Fri Aug 14 2026 11:32:19 GMT+0000 (Coordinated Universal Time),43,#WEIRDO101SeriesEP1,weirdo101seriesep1,,,,,,
2026-08-14T11:53:32.852379+00:00,20260814-115332,https://trends24.in/indonesia/,Fri Aug 14 2026 11:32:19 GMT+0000 (Coordinated Universal Time),44,#DestinyClinicxAouBoom,destinyclinicxaouboom,,,,,,
2026-08-14T11:53:32.852379+00:00,20260814-115332,https://trends24.in/indonesia/,Fri Aug 14 2026 11:32:19 GMT+0000 (Coordinated Universal Time),45,#PidatoPresiden2026,pidatopresiden2026,,,,,,
2026-08-14T11:53:32.852379+00:00,20260814-115332,https://trends24.in/indonesia/,Fri Aug 14 2026 11:32:19 GMT+0000 (Coordinated Universal Time),46,#HUT81RI,hut81ri,,,,,,
2026-08-14T11:53:32.852379+00:00,20260814-115332,https://trends24.in/indonesia/,Fri Aug 14 2026 11:32:19 GMT+0000 (Coordinated Universal Time),47,#KitaIndonesia,kitaindonesia,,,,,,
2026-08-14T11:53:32.852379+00:00,20260814-115332,https://trends24.in/indonesia/,Fri Aug 14 2026 11:32:19 GMT+0000 (Coordinated Universal Time),48,#LOrealLaqueNudexSanta,loreallaquenudexsanta,,,,,,
2026-08-14T11:53:32.852379+00:00,20260814-115332,https://trends24.in/indonesia/,Fri Aug 14 2026 11:32:19 GMT+0000 (Coordinated Universal Time),49,#kemendespdt,kemendespdt,,,,,,
2026-08-14T11:53:32.852379+00:00,20260814-115332,https://trends24.in/indonesia/,Fri Aug 14 2026 11:32:19 GMT+0000 (Coordinated Universal Time),50,#RAPBN2027,rapbn2027,,,,,,
2026-08-14T11:53:32.852379+00:00,20260814-115332,https://trends24.in/indonesia/,Fri Aug 14 2026 10:39:40 GMT+0000 (Coordinated Universal Time),1,#BudimanDiDesa,budimandidesa,,,,,,
2026-08-14T11:53:32.852379+00:00,20260814-115332,https://trends24.in/indonesia/,Fri Aug 14 2026 10:39:40 GMT+0000 (Coordinated Universal Time),2,#SingingWithHQ,singingwithhq,,,,,,
2026-08-14T11:53:32.852379+00:00,20260814-115332,https://trends24.in/indonesia/,Fri Aug 14 2026 10:39:40 GMT+0000 (Coordinated Universal Time),3,#MicandMemories,micandmemories,,,,,,
2026-08-14T11:53:32.852379+00:00,20260814-115332,https://trends24.in/indonesia/,Fri Aug 14 2026 10:39:40 GMT+0000 (Coordinated Universal Time),4,#NotesBetweenUs,notesbetweenus,,,,,,
2026-08-14T11:53:32.852379+00:00,20260814-115332,https://trends24.in/indonesia/,Fri Aug 14 2026 10:39:40 GMT+0000 (Coordinated Universal Time),5,HarQeel Date Encore,harqeel date encore,,,,,,
2026-08-14T11:53:32.852379+00:00,20260814-115332,https://trends24.in/indonesia/,Fri Aug 14 2026 10:39:40 GMT+0000 (Coordinated Universal Time),6,#JTOhm,jtohm,,,,,,
2026-08-14T11:53:32.852379+00:00,20260814-115332,https://trends24.in/indonesia/,Fri Aug 14 2026 10:39:40 GMT+0000 (Coordinated Universal Time),7,MR. KILL SERIES PRESS TOUR,mr. kill series press tour,,,,,,
2026-08-14T11:53:32.852379+00:00,20260814-115332,https://trends24.in/indonesia/,Fri Aug 14 2026 10:39:40 GMT+0000 (Coordinated Universal Time),8,BUMDes,bumdes,,,,,,
2026-08-14T11:53:32.852379+00:00,20260814-115332,https://trends24.in/indonesia/,Fri Aug 14 2026 10:39:40 GMT+0000 (Coordinated Universal Time),9,Salurkan Hingga Pelosok,salurkan hingga pelosok,,,,,,
2026-08-14T11:53:32.852379+00:00,20260814-115332,https://trends24.in/indonesia/,Fri Aug 14 2026 10:39:40 GMT+0000 (Coordinated Universal Time),10,SANTA LIP NUDE LIVE,santa lip nude live,,,,,,
2026-08-14T11:53:32.852379+00:00,20260814-115332,https://trends24.in/indonesia/,Fri Aug 14 2026 10:39:40 GMT+0000 (Coordinated Universal Time),11,Maksimal Melayani Negeri,maksimal melayani negeri,,,,,,
2026-08-14T11:53:32.852379+00:00,20260814-115332,https://trends24.in/indonesia/,Fri Aug 14 2026 10:39:40 GMT+0000 (Coordinated Universal Time),12,Budiman Sudjatmiko,budiman sudjatmiko,,,,,,
2026-08-14T11:53:32.852379+00:00,20260814-115332,https://trends24.in/indonesia/,Fri Aug 14 2026 10:39:40 GMT+0000 (Coordinated Universal Time),13,Koperasi Desa,koperasi desa,,,,,,
2026-08-14T11:53:32.852379+00:00,20260814-115332,https://trends24.in/indonesia/,Fri Aug 14 2026 10:39:40 GMT+0000 (Coordinated Universal Time),14,Kelurahan Merah Putih,kelurahan merah putih,,,,,,
2026-08-14T11:53:32.852379+00:00,20260814-115332,https://trends24.in/indonesia/,Fri Aug 14 2026 10:39:40 GMT+0000 (Coordinated Universal Time),15,papdesi,papdesi,,,,,,
2026-08-14T11:53:32.852379+00:00,20260814-115332,https://trends24.in/indonesia/,Fri Aug 14 2026 10:39:40 GMT+0000 (Coordinated Universal Time),16,Presiden Prabowo Subianto,presiden prabowo subianto,,,,,,
2026-08-14T11:53:32.852379+00:00,20260814-115332,https://trends24.in/indonesia/,Fri Aug 14 2026 10:39:40 GMT+0000 (Coordinated Universal Time),17,Selamat Hari Pramuka,selamat hari pramuka,,,,,,
2026-08-14T11:53:32.852379+00:00,20260814-115332,https://trends24.in/indonesia/,Fri Aug 14 2026 10:39:40 GMT+0000 (Coordinated Universal Time),18,Sidang Bersama DPR RI,sidang bersama dpr ri,,,,,,
2026-08-14T11:53:32.852379+00:00,20260814-115332,https://trends24.in/indonesia/,Fri Aug 14 2026 10:39:40 GMT+0000 (Coordinated Universal Time),19,YOU MANIAC TRAILER,you maniac trailer,,,,,,
2026-08-14T11:53:32.852379+00:00,20260814-115332,https://trends24.in/indonesia/,Fri Aug 14 2026 10:39:40 GMT+0000 (Coordinated Universal Time),20,KDKMP,kdkmp,,,,,,
2026-08-14T11:53:32.852379+00:00,20260814-115332,https://trends24.in/indonesia/,Fri Aug 14 2026 10:39:40 GMT+0000 (Coordinated Universal Time),21,Jembatan Merah Putih Presisi,jembatan merah putih presisi,,,,,,
2026-08-14T11:53:32.852379+00:00,20260814-115332,https://trends24.in/indonesia/,Fri Aug 14 2026 10:39:40 GMT+0000 (Coordinated Universal Time),22,Tentara Nasional Indonesia,tentara nasional indonesia,,,,,,
2026-08-14T11:53:32.852379+00:00,20260814-115332,https://trends24.in/indonesia/,Fri Aug 14 2026 10:39:40 GMT+0000 (Coordinated Universal Time),23,Sidang Tahunan MPR RI,sidang tahunan mpr ri,,,,,,
2026-08-14T11:53:32.852379+00:00,20260814-115332,https://trends24.in/indonesia/,Fri Aug 14 2026 10:39:40 GMT+0000 (Coordinated Universal Time),24,EMIBONNIE RED KISS PRESS TOUR,emibonnie red kiss press tour,,,,,,
2026-08-14T11:53:32.852379+00:00,20260814-115332,https://trends24.in/indonesia/,Fri Aug 14 2026 10:39:40 GMT+0000 (Coordinated Universal Time),25,OH MY FOURTH PRESS TOUR,oh my fourth press tour,,,,,,
2026-08-14T11:53:32.852379+00:00,20260814-115332,https://trends24.in/indonesia/,Fri Aug 14 2026 10:39:40 GMT+0000 (Coordinated Universal Time),26,Jumat,jumat,,,,,,
2026-08-14T11:53:32.852379+00:00,20260814-115332,https://trends24.in/indonesia/,Fri Aug 14 2026 10:39:40 GMT+0000 (Coordinated Universal Time),27,Polri,polri,,,,,,
2026-08-14T11:53:32.852379+00:00,20260814-115332,https://trends24.in/indonesia/,Fri Aug 14 2026 10:39:40 GMT+0000 (Coordinated Universal Time),28,Makan Bergizi Gratis,makan bergizi gratis,,,,,,
2026-08-14T11:53:32.852379+00:00,20260814-115332,https://trends24.in/indonesia/,Fri Aug 14 2026 10:39:40 GMT+0000 (Coordinated Universal Time),29,Polda Riau,polda riau,,,,,,
2026-08-14T11:53:32.852379+00:00,20260814-115332,https://trends24.in/indonesia/,Fri Aug 14 2026 10:39:40 GMT+0000 (Coordinated Universal Time),30,Program MBG,program mbg,,,,,,
2026-08-14T11:53:32.852379+00:00,20260814-115332,https://trends24.in/indonesia/,Fri Aug 14 2026 10:39:40 GMT+0000 (Coordinated Universal Time),31,SPPG,sppg,,,,,,
2026-08-14T11:53:32.852379+00:00,20260814-115332,https://trends24.in/indonesia/,Fri Aug 14 2026 10:39:40 GMT+0000 (Coordinated Universal Time),32,PIL PRESS AND PRAY,pil press and pray,,,,,,
2026-08-14T11:53:32.852379+00:00,20260814-115332,https://trends24.in/indonesia/,Fri Aug 14 2026 10:39:40 GMT+0000 (Coordinated Universal Time),33,Trade $ANTFUN,trade $antfun,,,,,,
2026-08-14T11:53:32.852379+00:00,20260814-115332,https://trends24.in/indonesia/,Fri Aug 14 2026 10:39:40 GMT+0000 (Coordinated Universal Time),34,IHSG,ihsg,,,,,,
2026-08-14T11:53:32.852379+00:00,20260814-115332,https://trends24.in/indonesia/,Fri Aug 14 2026 10:39:40 GMT+0000 (Coordinated Universal Time),35,Indonesia Emas 2045,indonesia emas 2045,,,,,,
2026-08-14T11:53:32.852379+00:00,20260814-115332,https://trends24.in/indonesia/,Fri Aug 14 2026 10:39:40 GMT+0000 (Coordinated Universal Time),36,Rafayel,rafayel,,,,,,
2026-08-14T11:53:32.852379+00:00,20260814-115332,https://trends24.in/indonesia/,Fri Aug 14 2026 10:39:40 GMT+0000 (Coordinated Universal Time),37,Gmotion,gmotion,,,,,,
2026-08-14T11:53:32.852379+00:00,20260814-115332,https://trends24.in/indonesia/,Fri Aug 14 2026 10:39:40 GMT+0000 (Coordinated Universal Time),38,Lily,lily,,,,,,
2026-08-14T11:53:32.852379+00:00,20260814-115332,https://trends24.in/indonesia/,Fri Aug 14 2026 10:39:40 GMT+0000 (Coordinated Universal Time),39,14 Agustus,14 agustus,,,,,,
2026-08-14T11:53:32.852379+00:00,20260814-115332,https://trends24.in/indonesia/,Fri Aug 14 2026 10:39:40 GMT+0000 (Coordinated Universal Time),40,#PraewLiveXMrKillSeries,praewlivexmrkillseries,,,,,,
2026-08-14T11:53:32.852379+00:00,20260814-115332,https://trends24.in/indonesia/,Fri Aug 14 2026 10:39:40 GMT+0000 (Coordinated Universal Time),41,#BaktiPadaIndonesia,baktipadaindonesia,,,,,,
2026-08-14T11:53:32.852379+00:00,20260814-115332,https://trends24.in/indonesia/,Fri Aug 14 2026 10:39:40 GMT+0000 (Coordinated Universal Time),42,#PidatoPresiden2026,pidatopresiden2026,,,,,,
2026-08-14T11:53:32.852379+00:00,20260814-115332,https://trends24.in/indonesia/,Fri Aug 14 2026 10:39:40 GMT+0000 (Coordinated Universal Time),43,#LOrealLaqueNudexSanta,loreallaquenudexsanta,,,,,,
2026-08-14T11:53:32.852379+00:00,20260814-115332,https://trends24.in/indonesia/,Fri Aug 14 2026 10:39:40 GMT+0000 (Coordinated Universal Time),44,#HUT81RI,hut81ri,,,,,,
2026-08-14T11:53:32.852379+00:00,20260814-115332,https://trends24.in/indonesia/,Fri Aug 14 2026 10:39:40 GMT+0000 (Coordinated Universal Time),45,#KitaIndonesia,kitaindonesia,,,,,,
2026-08-14T11:53:32.852379+00:00,20260814-115332,https://trends24.in/indonesia/,Fri Aug 14 2026 10:39:40 GMT+0000 (Coordinated Universal Time),46,#kemendespdt,kemendespdt,,,,,,
2026-08-14T11:53:32.852379+00:00,20260814-115332,https://trends24.in/indonesia/,Fri Aug 14 2026 10:39:40 GMT+0000 (Coordinated Universal Time),47,#RAPBN2027,rapbn2027,,,,,,
2026-08-14T11:53:32.852379+00:00,20260814-115332,https://trends24.in/indonesia/,Fri Aug 14 2026 10:39:40 GMT+0000 (Coordinated Universal Time),48,#NotaKeuangan2027,notakeuangan2027,,,,,,
2026-08-14T11:53:32.852379+00:00,20260814-115332,https://trends24.in/indonesia/,Fri Aug 14 2026 10:39:40 GMT+0000 (Coordinated Universal Time),49,#CharacterFestThailand2xGMMTV,characterfestthailand2xgmmtv,,,,,,
2026-08-14T11:53:32.852379+00:00,20260814-115332,https://trends24.in/indonesia/,Fri Aug 14 2026 10:39:40 GMT+0000 (Coordinated Universal Time),50,#bangundesabangunindonesia,bangundesabangunindonesia,,,,,,
2026-08-14T11:53:32.852379+00:00,20260814-115332,https://trends24.in/indonesia/,Fri Aug 14 2026 09:48:05 GMT+0000 (Coordinated Universal Time),1,#BudimanDiDesa,budimandidesa,,,,,,
2026-08-14T11:53:32.852379+00:00,20260814-115332,https://trends24.in/indonesia/,Fri Aug 14 2026 09:48:05 GMT+0000 (Coordinated Universal Time),2,Maksimal Melayani Negeri,maksimal melayani negeri,,,,,,
2026-08-14T11:53:32.852379+00:00,20260814-115332,https://trends24.in/indonesia/,Fri Aug 14 2026 09:48:05 GMT+0000 (Coordinated Universal Time),3,#BaktiPadaIndonesia,baktipadaindonesia,,,,,,
2026-08-14T11:53:32.852379+00:00,20260814-115332,https://trends24.in/indonesia/,Fri Aug 14 2026 09:48:05 GMT+0000 (Coordinated Universal Time),4,#PraewLiveXMrKillSeries,praewlivexmrkillseries,,,,,,
2026-08-14T11:53:32.852379+00:00,20260814-115332,https://trends24.in/indonesia/,Fri Aug 14 2026 09:48:05 GMT+0000 (Coordinated Universal Time),5,BUMDes,bumdes,,,,,,
2026-08-14T11:53:32.852379+00:00,20260814-115332,https://trends24.in/indonesia/,Fri Aug 14 2026 09:48:05 GMT+0000 (Coordinated Universal Time),6,SANTA LIP NUDE LIVE,santa lip nude live,,,,,,
2026-08-14T11:53:32.852379+00:00,20260814-115332,https://trends24.in/indonesia/,Fri Aug 14 2026 09:48:05 GMT+0000 (Coordinated Universal Time),7,#LOrealLaqueNudexSanta,loreallaquenudexsanta,,,,,,
2026-08-14T11:53:32.852379+00:00,20260814-115332,https://trends24.in/indonesia/,Fri Aug 14 2026 09:48:05 GMT+0000 (Coordinated Universal Time),8,MR. KILL SERIES PRESS TOUR,mr. kill series press tour,,,,,,
2026-08-14T11:53:32.852379+00:00,20260814-115332,https://trends24.in/indonesia/,Fri Aug 14 2026 09:48:05 GMT+0000 (Coordinated Universal Time),9,Salurkan Hingga Pelosok,salurkan hingga pelosok,,,,,,
2026-08-14T11:53:32.852379+00:00,20260814-115332,https://trends24.in/indonesia/,Fri Aug 14 2026 09:48:05 GMT+0000 (Coordinated Universal Time),10,#HUT81RI,hut81ri,,,,,,
2026-08-14T11:53:32.852379+00:00,20260814-115332,https://trends24.in/indonesia/,Fri Aug 14 2026 09:48:05 GMT+0000 (Coordinated Universal Time),11,Budiman Sudjatmiko,budiman sudjatmiko,,,,,,
2026-08-14T11:53:32.852379+00:00,20260814-115332,https://trends24.in/indonesia/,Fri Aug 14 2026 09:48:05 GMT+0000 (Coordinated Universal Time),12,Koperasi Desa,koperasi desa,,,,,,
2026-08-14T11:53:32.852379+00:00,20260814-115332,https://trends24.in/indonesia/,Fri Aug 14 2026 09:48:05 GMT+0000 (Coordinated Universal Time),13,Selamat Hari Pramuka,selamat hari pramuka,,,,,,
2026-08-14T11:53:32.852379+00:00,20260814-115332,https://trends24.in/indonesia/,Fri Aug 14 2026 09:48:05 GMT+0000 (Coordinated Universal Time),14,Kelurahan Merah Putih,kelurahan merah putih,,,,,,
2026-08-14T11:53:32.852379+00:00,20260814-115332,https://trends24.in/indonesia/,Fri Aug 14 2026 09:48:05 GMT+0000 (Coordinated Universal Time),15,PAPDESI,papdesi,,,,,,
2026-08-14T11:53:32.852379+00:00,20260814-115332,https://trends24.in/indonesia/,Fri Aug 14 2026 09:48:05 GMT+0000 (Coordinated Universal Time),16,YOU MANIAC TRAILER,you maniac trailer,,,,,,
2026-08-14T11:53:32.852379+00:00,20260814-115332,https://trends24.in/indonesia/,Fri Aug 14 2026 09:48:05 GMT+0000 (Coordinated Universal Time),17,Presiden Prabowo Subianto,presiden prabowo subianto,,,,,,
2026-08-14T11:53:32.852379+00:00,20260814-115332,https://trends24.in/indonesia/,Fri Aug 14 2026 09:48:05 GMT+0000 (Coordinated Universal Time),18,Sidang Bersama DPR RI,sidang bersama dpr ri,,,,,,
2026-08-14T11:53:32.852379+00:00,20260814-115332,https://trends24.in/indonesia/,Fri Aug 14 2026 09:48:05 GMT+0000 (Coordinated Universal Time),19,Polda Riau,polda riau,,,,,,
2026-08-14T11:53:32.852379+00:00,20260814-115332,https://trends24.in/indonesia/,Fri Aug 14 2026 09:48:05 GMT+0000 (Coordinated Universal Time),20,OH MY FOURTH PRESS TOUR,oh my fourth press tour,,,,,,
2026-08-14T11:53:32.852379+00:00,20260814-115332,https://trends24.in/indonesia/,Fri Aug 14 2026 09:48:05 GMT+0000 (Coordinated Universal Time),21,KDKMP,kdkmp,,,,,,
2026-08-14T11:53:32.852379+00:00,20260814-115332,https://trends24.in/indonesia/,Fri Aug 14 2026 09:48:05 GMT+0000 (Coordinated Universal Time),22,DPD RI,dpd ri,,,,,,
2026-08-14T11:53:32.852379+00:00,20260814-115332,https://trends24.in/indonesia/,Fri Aug 14 2026 09:48:05 GMT+0000 (Coordinated Universal Time),23,Pidato Presiden RI,pidato presiden ri,,,,,,
2026-08-14T11:53:32.852379+00:00,20260814-115332,https://trends24.in/indonesia/,Fri Aug 14 2026 09:48:05 GMT+0000 (Coordinated Universal Time),24,Jembatan Merah Putih Presisi,jembatan merah putih presisi,,,,,,
2026-08-14T11:53:32.852379+00:00,20260814-115332,https://trends24.in/indonesia/,Fri Aug 14 2026 09:48:05 GMT+0000 (Coordinated Universal Time),25,Tentara Nasional Indonesia,tentara nasional indonesia,,,,,,
2026-08-14T11:53:32.852379+00:00,20260814-115332,https://trends24.in/indonesia/,Fri Aug 14 2026 09:48:05 GMT+0000 (Coordinated Universal Time),26,Makan Bergizi Gratis,makan bergizi gratis,,,,,,
2026-08-14T11:53:32.852379+00:00,20260814-115332,https://trends24.in/indonesia/,Fri Aug 14 2026 09:48:05 GMT+0000 (Coordinated Universal Time),27,BP Taskin,bp taskin,,,,,,
2026-08-14T11:53:32.852379+00:00,20260814-115332,https://trends24.in/indonesia/,Fri Aug 14 2026 09:48:05 GMT+0000 (Coordinated Universal Time),28,Pidato Kenegaraan Presiden RI,pidato kenegaraan presiden ri,,,,,,
2026-08-14T11:53:32.852379+00:00,20260814-115332,https://trends24.in/indonesia/,Fri Aug 14 2026 09:48:05 GMT+0000 (Coordinated Universal Time),29,Sidang Tahunan MPR RI,sidang tahunan mpr ri,,,,,,
2026-08-14T11:53:32.852379+00:00,20260814-115332,https://trends24.in/indonesia/,Fri Aug 14 2026 09:48:05 GMT+0000 (Coordinated Universal Time),30,Jumat,jumat,,,,,,
2026-08-14T11:53:32.852379+00:00,20260814-115332,https://trends24.in/indonesia/,Fri Aug 14 2026 09:48:05 GMT+0000 (Coordinated Universal Time),31,PERMPOON POP STAR D1,permpoon pop star d1,,,,,,
2026-08-14T11:53:32.852379+00:00,20260814-115332,https://trends24.in/indonesia/,Fri Aug 14 2026 09:48:05 GMT+0000 (Coordinated Universal Time),32,SPPG,sppg,,,,,,
2026-08-14T11:53:32.852379+00:00,20260814-115332,https://trends24.in/indonesia/,Fri Aug 14 2026 09:48:05 GMT+0000 (Coordinated Universal Time),33,Program MBG,program mbg,,,,,,
2026-08-14T11:53:32.852379+00:00,20260814-115332,https://trends24.in/indonesia/,Fri Aug 14 2026 09:48:05 GMT+0000 (Coordinated Universal Time),34,Polri,polri,,,,,,
2026-08-14T11:53:32.852379+00:00,20260814-115332,https://trends24.in/indonesia/,Fri Aug 14 2026 09:48:05 GMT+0000 (Coordinated Universal Time),35,Cream,cream,,,,,,
2026-08-14T11:53:32.852379+00:00,20260814-115332,https://trends24.in/indonesia/,Fri Aug 14 2026 09:48:05 GMT+0000 (Coordinated Universal Time),36,JJJFAM X CharacterFestTH,jjjfam x characterfestth,,,,,,
2026-08-14T11:53:32.852379+00:00,20260814-115332,https://trends24.in/indonesia/,Fri Aug 14 2026 09:48:05 GMT+0000 (Coordinated Universal Time),37,Choco,choco,,,,,,
2026-08-14T11:53:32.852379+00:00,20260814-115332,https://trends24.in/indonesia/,Fri Aug 14 2026 09:48:05 GMT+0000 (Coordinated Universal Time),38,Trade $ANTFUN,trade $antfun,,,,,,
2026-08-14T11:53:32.852379+00:00,20260814-115332,https://trends24.in/indonesia/,Fri Aug 14 2026 09:48:05 GMT+0000 (Coordinated Universal Time),39,Satyaku Kudarmakan,satyaku kudarmakan,,,,,,
2026-08-14T11:53:32.852379+00:00,20260814-115332,https://trends24.in/indonesia/,Fri Aug 14 2026 09:48:05 GMT+0000 (Coordinated Universal Time),40,Darmaku Kubaktikan,darmaku kubaktikan,,,,,,
2026-08-14T11:53:32.852379+00:00,20260814-115332,https://trends24.in/indonesia/,Fri Aug 14 2026 09:48:05 GMT+0000 (Coordinated Universal Time),41,PIL PRESS AND PRAY,pil press and pray,,,,,,
2026-08-14T11:53:32.852379+00:00,20260814-115332,https://trends24.in/indonesia/,Fri Aug 14 2026 09:48:05 GMT+0000 (Coordinated Universal Time),42,Rafayel,rafayel,,,,,,
2026-08-14T11:53:32.852379+00:00,20260814-115332,https://trends24.in/indonesia/,Fri Aug 14 2026 09:48:05 GMT+0000 (Coordinated Universal Time),43,Indonesia Emas 2045,indonesia emas 2045,,,,,,
2026-08-14T11:53:32.852379+00:00,20260814-115332,https://trends24.in/indonesia/,Fri Aug 14 2026 09:48:05 GMT+0000 (Coordinated Universal Time),44,Mingyu,mingyu,,,,,,
2026-08-14T11:53:32.852379+00:00,20260814-115332,https://trends24.in/indonesia/,Fri Aug 14 2026 09:48:05 GMT+0000 (Coordinated Universal Time),45,Gmotion,gmotion,,,,,,
2026-08-14T11:53:32.852379+00:00,20260814-115332,https://trends24.in/indonesia/,Fri Aug 14 2026 09:48:05 GMT+0000 (Coordinated Universal Time),46,Lily,lily,,,,,,
2026-08-14T11:53:32.852379+00:00,20260814-115332,https://trends24.in/indonesia/,Fri Aug 14 2026 09:48:05 GMT+0000 (Coordinated Universal Time),47,IHSG,ihsg,,,,,,
2026-08-14T11:53:32.852379+00:00,20260814-115332,https://trends24.in/indonesia/,Fri Aug 14 2026 09:48:05 GMT+0000 (Coordinated Universal Time),48,14 Agustus,14 agustus,,,,,,
2026-08-14T11:53:32.852379+00:00,20260814-115332,https://trends24.in/indonesia/,Fri Aug 14 2026 09:48:05 GMT+0000 (Coordinated Universal Time),49,#PidatoPresiden2026,pidatopresiden2026,,,,,,
2026-08-14T11:53:32.852379+00:00,20260814-115332,https://trends24.in/indonesia/,Fri Aug 14 2026 09:48:05 GMT+0000 (Coordinated Universal Time),50,#KitaIndonesia,kitaindonesia,,,,,,
2026-08-14T11:53:32.852379+00:00,20260814-115332,https://trends24.in/indonesia/,Fri Aug 14 2026 08:56:06 GMT+0000 (Coordinated Universal Time),1,#BudimanDiDesa,budimandidesa,,,,,,
2026-08-14T11:53:32.852379+00:00,20260814-115332,https://trends24.in/indonesia/,Fri Aug 14 2026 08:56:06 GMT+0000 (Coordinated Universal Time),2,#BaktiPadaIndonesia,baktipadaindonesia,,,,,,
2026-08-14T11:53:32.852379+00:00,20260814-115332,https://trends24.in/indonesia/,Fri Aug 14 2026 08:56:06 GMT+0000 (Coordinated Universal Time),3,Maksimal Melayani Negeri,maksimal melayani negeri,,,,,,
2026-08-14T11:53:32.852379+00:00,20260814-115332,https://trends24.in/indonesia/,Fri Aug 14 2026 08:56:06 GMT+0000 (Coordinated Universal Time),4,BUMDes,bumdes,,,,,,
2026-08-14T11:53:32.852379+00:00,20260814-115332,https://trends24.in/indonesia/,Fri Aug 14 2026 08:56:06 GMT+0000 (Coordinated Universal Time),5,Salurkan Hingga Pelosok,salurkan hingga pelosok,,,,,,
2026-08-14T11:53:32.852379+00:00,20260814-115332,https://trends24.in/indonesia/,Fri Aug 14 2026 08:56:06 GMT+0000 (Coordinated Universal Time),6,SANTA LIP NUDE LIVE,santa lip nude live,,,,,,
2026-08-14T11:53:32.852379+00:00,20260814-115332,https://trends24.in/indonesia/,Fri Aug 14 2026 08:56:06 GMT+0000 (Coordinated Universal Time),7,#LOrealLaqueNudexSanta,loreallaquenudexsanta,,,,,,
2026-08-14T11:53:32.852379+00:00,20260814-115332,https://trends24.in/indonesia/,Fri Aug 14 2026 08:56:06 GMT+0000 (Coordinated Universal Time),8,#PraewLiveXMrKillSeries,praewlivexmrkillseries,,,,,,
2026-08-14T11:53:32.852379+00:00,20260814-115332,https://trends24.in/indonesia/,Fri Aug 14 2026 08:56:06 GMT+0000 (Coordinated Universal Time),9,Budiman Sudjatmiko,budiman sudjatmiko,,,,,,
2026-08-14T11:53:32.852379+00:00,20260814-115332,https://trends24.in/indonesia/,Fri Aug 14 2026 08:56:06 GMT+0000 (Coordinated Universal Time),10,MR. KILL SERIES PRESS TOUR,mr. kill series press tour,,,,,,
2026-08-14T11:53:32.852379+00:00,20260814-115332,https://trends24.in/indonesia/,Fri Aug 14 2026 08:56:06 GMT+0000 (Coordinated Universal Time),11,Koperasi Desa,koperasi desa,,,,,,
2026-08-14T11:53:32.852379+00:00,20260814-115332,https://trends24.in/indonesia/,Fri Aug 14 2026 08:56:06 GMT+0000 (Coordinated Universal Time),12,#CharacterFestThailand2xGMMTV,characterfestthailand2xgmmtv,,,,,,
2026-08-14T11:53:32.852379+00:00,20260814-115332,https://trends24.in/indonesia/,Fri Aug 14 2026 08:56:06 GMT+0000 (Coordinated Universal Time),13,Kelurahan Merah Putih,kelurahan merah putih,,,,,,
2026-08-14T11:53:32.852379+00:00,20260814-115332,https://trends24.in/indonesia/,Fri Aug 14 2026 08:56:06 GMT+0000 (Coordinated Universal Time),14,PAPDESI,papdesi,,,,,,
2026-08-14T11:53:32.852379+00:00,20260814-115332,https://trends24.in/indonesia/,Fri Aug 14 2026 08:56:06 GMT+0000 (Coordinated Universal Time),15,Selamat Hari Pramuka,selamat hari pramuka,,,,,,
2026-08-14T11:53:32.852379+00:00,20260814-115332,https://trends24.in/indonesia/,Fri Aug 14 2026 08:56:06 GMT+0000 (Coordinated Universal Time),16,Polda Riau,polda riau,,,,,,
2026-08-14T11:53:32.852379+00:00,20260814-115332,https://trends24.in/indonesia/,Fri Aug 14 2026 08:56:06 GMT+0000 (Coordinated Universal Time),17,Tentara Nasional Indonesia,tentara nasional indonesia,,,,,,
2026-08-14T11:53:32.852379+00:00,20260814-115332,https://trends24.in/indonesia/,Fri Aug 14 2026 08:56:06 GMT+0000 (Coordinated Universal Time),18,OH MY FOURTH PRESS TOUR,oh my fourth press tour,,,,,,
2026-08-14T11:53:32.852379+00:00,20260814-115332,https://trends24.in/indonesia/,Fri Aug 14 2026 08:56:06 GMT+0000 (Coordinated Universal Time),19,Makan Bergizi Gratis,makan bergizi gratis,,,,,,
2026-08-14T11:53:32.852379+00:00,20260814-115332,https://trends24.in/indonesia/,Fri Aug 14 2026 08:56:06 GMT+0000 (Coordinated Universal Time),20,Presiden Prabowo Subianto,presiden prabowo subianto,,,,,,
2026-08-14T11:53:32.852379+00:00,20260814-115332,https://trends24.in/indonesia/,Fri Aug 14 2026 08:56:06 GMT+0000 (Coordinated Universal Time),21,Jembatan Merah Putih Presisi,jembatan merah putih presisi,,,,,,
2026-08-14T11:53:32.852379+00:00,20260814-115332,https://trends24.in/indonesia/,Fri Aug 14 2026 08:56:06 GMT+0000 (Coordinated Universal Time),22,KDKMP,kdkmp,,,,,,
2026-08-14T11:53:32.852379+00:00,20260814-115332,https://trends24.in/indonesia/,Fri Aug 14 2026 08:56:06 GMT+0000 (Coordinated Universal Time),23,Sidang Bersama DPR RI,sidang bersama dpr ri,,,,,,
2026-08-14T11:53:32.852379+00:00,20260814-115332,https://trends24.in/indonesia/,Fri Aug 14 2026 08:56:06 GMT+0000 (Coordinated Universal Time),24,BP Taskin,bp taskin,,,,,,
2026-08-14T11:53:32.852379+00:00,20260814-115332,https://trends24.in/indonesia/,Fri Aug 14 2026 08:56:06 GMT+0000 (Coordinated Universal Time),25,SPPG,sppg,,,,,,
2026-08-14T11:53:32.852379+00:00,20260814-115332,https://trends24.in/indonesia/,Fri Aug 14 2026 08:56:06 GMT+0000 (Coordinated Universal Time),26,Jumat,jumat,,,,,,
2026-08-14T11:53:32.852379+00:00,20260814-115332,https://trends24.in/indonesia/,Fri Aug 14 2026 08:56:06 GMT+0000 (Coordinated Universal Time),27,Sidang Tahunan MPR RI,sidang tahunan mpr ri,,,,,,
2026-08-14T11:53:32.852379+00:00,20260814-115332,https://trends24.in/indonesia/,Fri Aug 14 2026 08:56:06 GMT+0000 (Coordinated Universal Time),28,YOU MANIAC TRAILER,you maniac trailer,,,,,,
2026-08-14T11:53:32.852379+00:00,20260814-115332,https://trends24.in/indonesia/,Fri Aug 14 2026 08:56:06 GMT+0000 (Coordinated Universal Time),29,DPD RI,dpd ri,,,,,,
2026-08-14T11:53:32.852379+00:00,20260814-115332,https://trends24.in/indonesia/,Fri Aug 14 2026 08:56:06 GMT+0000 (Coordinated Universal Time),30,Program MBG,program mbg,,,,,,
2026-08-14T11:53:32.852379+00:00,20260814-115332,https://trends24.in/indonesia/,Fri Aug 14 2026 08:56:06 GMT+0000 (Coordinated Universal Time),31,LUNAR OUR LITTLE POP STAR,lunar our little pop star,,,,,,
2026-08-14T11:53:32.852379+00:00,20260814-115332,https://trends24.in/indonesia/,Fri Aug 14 2026 08:56:06 GMT+0000 (Coordinated Universal Time),32,PIL PRESS AND PRAY,pil press and pray,,,,,,
2026-08-14T11:53:32.852379+00:00,20260814-115332,https://trends24.in/indonesia/,Fri Aug 14 2026 08:56:06 GMT+0000 (Coordinated Universal Time),33,Cream,cream,,,,,,
2026-08-14T11:53:32.852379+00:00,20260814-115332,https://trends24.in/indonesia/,Fri Aug 14 2026 08:56:06 GMT+0000 (Coordinated Universal Time),34,Polri,polri,,,,,,
2026-08-14T11:53:32.852379+00:00,20260814-115332,https://trends24.in/indonesia/,Fri Aug 14 2026 08:56:06 GMT+0000 (Coordinated Universal Time),35,JJJFAM X CharacterFestTH,jjjfam x characterfestth,,,,,,
2026-08-14T11:53:32.852379+00:00,20260814-115332,https://trends24.in/indonesia/,Fri Aug 14 2026 08:56:06 GMT+0000 (Coordinated Universal Time),36,Choco,choco,,,,,,
2026-08-14T11:53:32.852379+00:00,20260814-115332,https://trends24.in/indonesia/,Fri Aug 14 2026 08:56:06 GMT+0000 (Coordinated Universal Time),37,Satyaku Kudarmakan,satyaku kudarmakan,,,,,,
2026-08-14T11:53:32.852379+00:00,20260814-115332,https://trends24.in/indonesia/,Fri Aug 14 2026 08:56:06 GMT+0000 (Coordinated Universal Time),38,Trade $ANTFUN,trade $antfun,,,,,,
2026-08-14T11:53:32.852379+00:00,20260814-115332,https://trends24.in/indonesia/,Fri Aug 14 2026 08:56:06 GMT+0000 (Coordinated Universal Time),39,Darmaku Kubaktikan,darmaku kubaktikan,,,,,,
2026-08-14T11:53:32.852379+00:00,20260814-115332,https://trends24.in/indonesia/,Fri Aug 14 2026 08:56:06 GMT+0000 (Coordinated Universal Time),40,Pidato Kenegaraan,pidato kenegaraan,,,,,,
2026-08-14T11:53:32.852379+00:00,20260814-115332,https://trends24.in/indonesia/,Fri Aug 14 2026 08:56:06 GMT+0000 (Coordinated Universal Time),41,Rafayel,rafayel,,,,,,
2026-08-14T11:53:32.852379+00:00,20260814-115332,https://trends24.in/indonesia/,Fri Aug 14 2026 08:56:06 GMT+0000 (Coordinated Universal Time),42,AMY Presiden PKS,amy presiden pks,,,,,,
2026-08-14T11:53:32.852379+00:00,20260814-115332,https://trends24.in/indonesia/,Fri Aug 14 2026 08:56:06 GMT+0000 (Coordinated Universal Time),43,Mingyu,mingyu,,,,,,
2026-08-14T11:53:32.852379+00:00,20260814-115332,https://trends24.in/indonesia/,Fri Aug 14 2026 08:56:06 GMT+0000 (Coordinated Universal Time),44,Indonesia Emas 2045,indonesia emas 2045,,,,,,
2026-08-14T11:53:32.852379+00:00,20260814-115332,https://trends24.in/indonesia/,Fri Aug 14 2026 08:56:06 GMT+0000 (Coordinated Universal Time),45,Gmotion,gmotion,,,,,,
2026-08-14T11:53:32.852379+00:00,20260814-115332,https://trends24.in/indonesia/,Fri Aug 14 2026 08:56:06 GMT+0000 (Coordinated Universal Time),46,Lily,lily,,,,,,
2026-08-14T11:53:32.852379+00:00,20260814-115332,https://trends24.in/indonesia/,Fri Aug 14 2026 08:56:06 GMT+0000 (Coordinated Universal Time),47,BRING GUNIL BACK,bring gunil back,,,,,,
2026-08-14T11:53:32.852379+00:00,20260814-115332,https://trends24.in/indonesia/,Fri Aug 14 2026 08:56:06 GMT+0000 (Coordinated Universal Time),48,Affan Kurniawan,affan kurniawan,,,,,,
2026-08-14T11:53:32.852379+00:00,20260814-115332,https://trends24.in/indonesia/,Fri Aug 14 2026 08:56:06 GMT+0000 (Coordinated Universal Time),49,14 Agustus,14 agustus,,,,,,
2026-08-14T11:53:32.852379+00:00,20260814-115332,https://trends24.in/indonesia/,Fri Aug 14 2026 08:56:06 GMT+0000 (Coordinated Universal Time),50,#HUT81RI,hut81ri,,,,,,
2026-08-14T11:53:32.852379+00:00,20260814-115332,https://trends24.in/indonesia/,Fri Aug 14 2026 08:03:20 GMT+0000 (Coordinated Universal Time),1,#BaktiPadaIndonesia,baktipadaindonesia,,,,,,
2026-08-14T11:53:32.852379+00:00,20260814-115332,https://trends24.in/indonesia/,Fri Aug 14 2026 08:03:20 GMT+0000 (Coordinated Universal Time),2,Maksimal Melayani Negeri,maksimal melayani negeri,,,,,,
2026-08-14T11:53:32.852379+00:00,20260814-115332,https://trends24.in/indonesia/,Fri Aug 14 2026 08:03:20 GMT+0000 (Coordinated Universal Time),3,Salurkan Hingga Pelosok,salurkan hingga pelosok,,,,,,
2026-08-14T11:53:32.852379+00:00,20260814-115332,https://trends24.in/indonesia/,Fri Aug 14 2026 08:03:20 GMT+0000 (Coordinated Universal Time),4,#LOrealLaqueNudexSanta,loreallaquenudexsanta,,,,,,
2026-08-14T11:53:32.852379+00:00,20260814-115332,https://trends24.in/indonesia/,Fri Aug 14 2026 08:03:20 GMT+0000 (Coordinated Universal Time),5,SANTA LIP NUDE LIVE,santa lip nude live,,,,,,
2026-08-14T11:53:32.852379+00:00,20260814-115332,https://trends24.in/indonesia/,Fri Aug 14 2026 08:03:20 GMT+0000 (Coordinated Universal Time),6,#BudimanDiDesa,budimandidesa,,,,,,
2026-08-14T11:53:32.852379+00:00,20260814-115332,https://trends24.in/indonesia/,Fri Aug 14 2026 08:03:20 GMT+0000 (Coordinated Universal Time),7,#CharacterFestThailand2xGMMTV,characterfestthailand2xgmmtv,,,,,,
2026-08-14T11:53:32.852379+00:00,20260814-115332,https://trends24.in/indonesia/,Fri Aug 14 2026 08:03:20 GMT+0000 (Coordinated Universal Time),8,Selamat Hari Pramuka,selamat hari pramuka,,,,,,
2026-08-14T11:53:32.852379+00:00,20260814-115332,https://trends24.in/indonesia/,Fri Aug 14 2026 08:03:20 GMT+0000 (Coordinated Universal Time),9,#PKS81TahunRI,pks81tahunri,,,,,,
2026-08-14T11:53:32.852379+00:00,20260814-115332,https://trends24.in/indonesia/,Fri Aug 14 2026 08:03:20 GMT+0000 (Coordinated Universal Time),10,BUMDes,bumdes,,,,,,
2026-08-14T11:53:32.852379+00:00,20260814-115332,https://trends24.in/indonesia/,Fri Aug 14 2026 08:03:20 GMT+0000 (Coordinated Universal Time),11,Jembatan Merah Putih Presisi,jembatan merah putih presisi,,,,,,
2026-08-14T11:53:32.852379+00:00,20260814-115332,https://trends24.in/indonesia/,Fri Aug 14 2026 08:03:20 GMT+0000 (Coordinated Universal Time),12,Tentara Nasional Indonesia,tentara nasional indonesia,,,,,,
2026-08-14T11:53:32.852379+00:00,20260814-115332,https://trends24.in/indonesia/,Fri Aug 14 2026 08:03:20 GMT+0000 (Coordinated Universal Time),13,YOU MANIAC TRAILER,you maniac trailer,,,,,,
2026-08-14T11:53:32.852379+00:00,20260814-115332,https://trends24.in/indonesia/,Fri Aug 14 2026 08:03:20 GMT+0000 (Coordinated Universal Time),14,Jumat,jumat,,,,,,
2026-08-14T11:53:32.852379+00:00,20260814-115332,https://trends24.in/indonesia/,Fri Aug 14 2026 08:03:20 GMT+0000 (Coordinated Universal Time),15,PERMPOON POP STAR D1,permpoon pop star d1,,,,,,
2026-08-14T11:53:32.852379+00:00,20260814-115332,https://trends24.in/indonesia/,Fri Aug 14 2026 08:03:20 GMT+0000 (Coordinated Universal Time),16,Presiden Prabowo Subianto,presiden prabowo subianto,,,,,,
2026-08-14T11:53:32.852379+00:00,20260814-115332,https://trends24.in/indonesia/,Fri Aug 14 2026 08:03:20 GMT+0000 (Coordinated Universal Time),17,PIL PRESS AND PRAY,pil press and pray,,,,,,
2026-08-14T11:53:32.852379+00:00,20260814-115332,https://trends24.in/indonesia/,Fri Aug 14 2026 08:03:20 GMT+0000 (Coordinated Universal Time),18,Sidang Tahunan MPR,sidang tahunan mpr,,,,,,
2026-08-14T11:53:32.852379+00:00,20260814-115332,https://trends24.in/indonesia/,Fri Aug 14 2026 08:03:20 GMT+0000 (Coordinated Universal Time),19,Polri,polri,,,,,,
2026-08-14T11:53:32.852379+00:00,20260814-115332,https://trends24.in/indonesia/,Fri Aug 14 2026 08:03:20 GMT+0000 (Coordinated Universal Time),20,Sidang Bersama DPR RI,sidang bersama dpr ri,,,,,,
2026-08-14T11:53:32.852379+00:00,20260814-115332,https://trends24.in/indonesia/,Fri Aug 14 2026 08:03:20 GMT+0000 (Coordinated Universal Time),21,JJJFAM X CharacterFestTH,jjjfam x characterfestth,,,,,,
2026-08-14T11:53:32.852379+00:00,20260814-115332,https://trends24.in/indonesia/,Fri Aug 14 2026 08:03:20 GMT+0000 (Coordinated Universal Time),22,Cream,cream,,,,,,
2026-08-14T11:53:32.852379+00:00,20260814-115332,https://trends24.in/indonesia/,Fri Aug 14 2026 08:03:20 GMT+0000 (Coordinated Universal Time),23,Choco,choco,,,,,,
2026-08-14T11:53:32.852379+00:00,20260814-115332,https://trends24.in/indonesia/,Fri Aug 14 2026 08:03:20 GMT+0000 (Coordinated Universal Time),24,Satyaku Kudarmakan,satyaku kudarmakan,,,,,,
2026-08-14T11:53:32.852379+00:00,20260814-115332,https://trends24.in/indonesia/,Fri Aug 14 2026 08:03:20 GMT+0000 (Coordinated Universal Time),25,Darmaku Kubaktikan,darmaku kubaktikan,,,,,,
2026-08-14T11:53:32.852379+00:00,20260814-115332,https://trends24.in/indonesia/,Fri Aug 14 2026 08:03:20 GMT+0000 (Coordinated Universal Time),26,DPD RI,dpd ri,,,,,,
2026-08-14T11:53:32.852379+00:00,20260814-115332,https://trends24.in/indonesia/,Fri Aug 14 2026 08:03:20 GMT+0000 (Coordinated Universal Time),27,Trade $ANTFUN,trade $antfun,,,,,,
2026-08-14T11:53:32.852379+00:00,20260814-115332,https://trends24.in/indonesia/,Fri Aug 14 2026 08:03:20 GMT+0000 (Coordinated Universal Time),28,Rafayel,rafayel,,,,,,
2026-08-14T11:53:32.852379+00:00,20260814-115332,https://trends24.in/indonesia/,Fri Aug 14 2026 08:03:20 GMT+0000 (Coordinated Universal Time),29,Indonesia Emas 2045,indonesia emas 2045,,,,,,
2026-08-14T11:53:32.852379+00:00,20260814-115332,https://trends24.in/indonesia/,Fri Aug 14 2026 08:03:20 GMT+0000 (Coordinated Universal Time),30,AMY Presiden PKS,amy presiden pks,,,,,,
2026-08-14T11:53:32.852379+00:00,20260814-115332,https://trends24.in/indonesia/,Fri Aug 14 2026 08:03:20 GMT+0000 (Coordinated Universal Time),31,Mingyu,mingyu,,,,,,
2026-08-14T11:53:32.852379+00:00,20260814-115332,https://trends24.in/indonesia/,Fri Aug 14 2026 08:03:20 GMT+0000 (Coordinated Universal Time),32,Makan Bergizi Gratis,makan bergizi gratis,,,,,,
2026-08-14T11:53:32.852379+00:00,20260814-115332,https://trends24.in/indonesia/,Fri Aug 14 2026 08:03:20 GMT+0000 (Coordinated Universal Time),33,Flores Timur,flores timur,,,,,,
2026-08-14T11:53:32.852379+00:00,20260814-115332,https://trends24.in/indonesia/,Fri Aug 14 2026 08:03:20 GMT+0000 (Coordinated Universal Time),34,Lily,lily,,,,,,
2026-08-14T11:53:32.852379+00:00,20260814-115332,https://trends24.in/indonesia/,Fri Aug 14 2026 08:03:20 GMT+0000 (Coordinated Universal Time),35,BRING GUNIL BACK,bring gunil back,,,,,,
2026-08-14T11:53:32.852379+00:00,20260814-115332,https://trends24.in/indonesia/,Fri Aug 14 2026 08:03:20 GMT+0000 (Coordinated Universal Time),36,Gmotion,gmotion,,,,,,
2026-08-14T11:53:32.852379+00:00,20260814-115332,https://trends24.in/indonesia/,Fri Aug 14 2026 08:03:20 GMT+0000 (Coordinated Universal Time),37,Affan Kurniawan,affan kurniawan,,,,,,
2026-08-14T11:53:32.852379+00:00,20260814-115332,https://trends24.in/indonesia/,Fri Aug 14 2026 08:03:20 GMT+0000 (Coordinated Universal Time),38,IHSG,ihsg,,,,,,
2026-08-14T11:53:32.852379+00:00,20260814-115332,https://trends24.in/indonesia/,Fri Aug 14 2026 08:03:20 GMT+0000 (Coordinated Universal Time),39,COUNTLESS LOVE WITH HUENINGKAI,countless love with hueningkai,,,,,,
2026-08-14T11:53:32.852379+00:00,20260814-115332,https://trends24.in/indonesia/,Fri Aug 14 2026 08:03:20 GMT+0000 (Coordinated Universal Time),40,Cilok,cilok,,,,,,
2026-08-14T11:53:32.852379+00:00,20260814-115332,https://trends24.in/indonesia/,Fri Aug 14 2026 08:03:20 GMT+0000 (Coordinated Universal Time),41,14 Agustus,14 agustus,,,,,,
2026-08-14T11:53:32.852379+00:00,20260814-115332,https://trends24.in/indonesia/,Fri Aug 14 2026 08:03:20 GMT+0000 (Coordinated Universal Time),42,#HUT81RI,hut81ri,,,,,,
2026-08-14T11:53:32.852379+00:00,20260814-115332,https://trends24.in/indonesia/,Fri Aug 14 2026 08:03:20 GMT+0000 (Coordinated Universal Time),43,#PidatoPresiden2026,pidatopresiden2026,,,,,,
2026-08-14T11:53:32.852379+00:00,20260814-115332,https://trends24.in/indonesia/,Fri Aug 14 2026 08:03:20 GMT+0000 (Coordinated Universal Time),44,#KitaIndonesia,kitaindonesia,,,,,,
2026-08-14T11:53:32.852379+00:00,20260814-115332,https://trends24.in/indonesia/,Fri Aug 14 2026 08:03:20 GMT+0000 (Coordinated Universal Time),45,#ããã¢ã³ã¨é§ãæãããµãã½ãã®å¤,ããã¢ã³ã¨é§ãæãããµãã½ãã®å¤,,,,,,
2026-08-14T11:53:32.852379+00:00,20260814-115332,https://trends24.in/indonesia/,Fri Aug 14 2026 08:03:20 GMT+0000 (Coordinated Universal Time),46,#MagicLoverSeries,magicloverseries,,,,,,
2026-08-14T11:53:32.852379+00:00,20260814-115332,https://trends24.in/indonesia/,Fri Aug 14 2026 08:03:20 GMT+0000 (Coordinated Universal Time),47,#ARKANA3D,arkana3d,,,,,,
2026-08-14T11:53:32.852379+00:00,20260814-115332,https://trends24.in/indonesia/,Fri Aug 14 2026 08:03:20 GMT+0000 (Coordinated Universal Time),48,#PYPD_IN_LA,pypd_in_la,,,,,,
2026-08-14T11:53:32.852379+00:00,20260814-115332,https://trends24.in/indonesia/,Fri Aug 14 2026 08:03:20 GMT+0000 (Coordinated Universal Time),49,#à¸§à¸±à¸à¸à¸­à¸à¸à¸µà¹à¸£à¸±à¸à¸ªà¸²à¸£à¸§à¸±à¸à¸£à¹à¸à¸µà¸¢à¸£à¹,à¸§à¸±à¸à¸à¸­à¸à¸à¸µà¹à¸£à¸±à¸à¸ªà¸²à¸£à¸§à¸±à¸à¸£à¹à¸à¸µà¸¢à¸£à¹,,,,,,
2026-08-14T11:53:32.852379+00:00,20260814-115332,https://trends24.in/indonesia/,Fri Aug 14 2026 08:03:20 GMT+0000 (Coordinated Universal Time),50,#à¸à¹à¸­à¸¡à¸à¸¥à¸¸à¹à¸à¸£à¸±à¸Series,à¸à¹à¸­à¸¡à¸à¸¥à¸¸à¹à¸à¸£à¸±à¸series,,,,,,
2026-08-14T11:53:32.852379+00:00,20260814-115332,https://trends24.in/indonesia/,Fri Aug 14 2026 07:12:05 GMT+0000 (Coordinated Universal Time),1,#BaktiPadaIndonesia,baktipadaindonesia,,,,,,
2026-08-14T11:53:32.852379+00:00,20260814-115332,https://trends24.in/indonesia/,Fri Aug 14 2026 07:12:05 GMT+0000 (Coordinated Universal Time),2,Maksimal Melayani Negeri,maksimal melayani negeri,,,,,,
2026-08-14T11:53:32.852379+00:00,20260814-115332,https://trends24.in/indonesia/,Fri Aug 14 2026 07:12:05 GMT+0000 (Coordinated Universal Time),3,Salurkan Hingga Pelosok,salurkan hingga pelosok,,,,,,
2026-08-14T11:53:32.852379+00:00,20260814-115332,https://trends24.in/indonesia/,Fri Aug 14 2026 07:12:05 GMT+0000 (Coordinated Universal Time),4,SANTA LIP NUDE LIVE,santa lip nude live,,,,,,
2026-08-14T11:53:32.852379+00:00,20260814-115332,https://trends24.in/indonesia/,Fri Aug 14 2026 07:12:05 GMT+0000 (Coordinated Universal Time),5,#LOrealLaqueNudexSanta,loreallaquenudexsanta,,,,,,
2026-08-14T11:53:32.852379+00:00,20260814-115332,https://trends24.in/indonesia/,Fri Aug 14 2026 07:12:05 GMT+0000 (Coordinated Universal Time),6,#CharacterFestThailand2xGMMTV,characterfestthailand2xgmmtv,,,,,,
2026-08-14T11:53:32.852379+00:00,20260814-115332,https://trends24.in/indonesia/,Fri Aug 14 2026 07:12:05 GMT+0000 (Coordinated Universal Time),7,#PKS81TahunRI,pks81tahunri,,,,,,
2026-08-14T11:53:32.852379+00:00,20260814-115332,https://trends24.in/indonesia/,Fri Aug 14 2026 07:12:05 GMT+0000 (Coordinated Universal Time),8,Selamat Hari Pramuka,selamat hari pramuka,,,,,,
2026-08-14T11:53:32.852379+00:00,20260814-115332,https://trends24.in/indonesia/,Fri Aug 14 2026 07:12:05 GMT+0000 (Coordinated Universal Time),9,#PYPD_IN_LA,pypd_in_la,,,,,,
2026-08-14T11:53:32.852379+00:00,20260814-115332,https://trends24.in/indonesia/,Fri Aug 14 2026 07:12:05 GMT+0000 (Coordinated Universal Time),10,Jembatan Merah Putih Presisi,jembatan merah putih presisi,,,,,,
2026-08-14T11:53:32.852379+00:00,20260814-115332,https://trends24.in/indonesia/,Fri Aug 14 2026 07:12:05 GMT+0000 (Coordinated Universal Time),11,YOU MANIAC TRAILER,you maniac trailer,,,,,,
2026-08-14T11:53:32.852379+00:00,20260814-115332,https://trends24.in/indonesia/,Fri Aug 14 2026 07:12:05 GMT+0000 (Coordinated Universal Time),12,Tentara Nasional Indonesia,tentara nasional indonesia,,,,,,
2026-08-14T11:53:32.852379+00:00,20260814-115332,https://trends24.in/indonesia/,Fri Aug 14 2026 07:12:05 GMT+0000 (Coordinated Universal Time),13,PIL PRESS AND PRAY,pil press and pray,,,,,,
2026-08-14T11:53:32.852379+00:00,20260814-115332,https://trends24.in/indonesia/,Fri Aug 14 2026 07:12:05 GMT+0000 (Coordinated Universal Time),14,Jumat,jumat,,,,,,
2026-08-14T11:53:32.852379+00:00,20260814-115332,https://trends24.in/indonesia/,Fri Aug 14 2026 07:12:05 GMT+0000 (Coordinated Universal Time),15,Jangan Rayakan Duka,jangan rayakan duka,,,,,,
2026-08-14T11:53:32.852379+00:00,20260814-115332,https://trends24.in/indonesia/,Fri Aug 14 2026 07:12:05 GMT+0000 (Coordinated Universal Time),16,PERMPOON POP STAR D1,permpoon pop star d1,,,,,,
2026-08-14T11:53:32.852379+00:00,20260814-115332,https://trends24.in/indonesia/,Fri Aug 14 2026 07:12:05 GMT+0000 (Coordinated Universal Time),17,Sidang Tahunan MPR,sidang tahunan mpr,,,,,,
2026-08-14T11:53:32.852379+00:00,20260814-115332,https://trends24.in/indonesia/,Fri Aug 14 2026 07:12:05 GMT+0000 (Coordinated Universal Time),18,Presiden Prabowo Subianto,presiden prabowo subianto,,,,,,
2026-08-14T11:53:32.852379+00:00,20260814-115332,https://trends24.in/indonesia/,Fri Aug 14 2026 07:12:05 GMT+0000 (Coordinated Universal Time),19,Polri,polri,,,,,,
2026-08-14T11:53:32.852379+00:00,20260814-115332,https://trends24.in/indonesia/,Fri Aug 14 2026 07:12:05 GMT+0000 (Coordinated Universal Time),20,JJJFAM X CharacterFestTH,jjjfam x characterfestth,,,,,,
2026-08-14T11:53:32.852379+00:00,20260814-115332,https://trends24.in/indonesia/,Fri Aug 14 2026 07:12:05 GMT+0000 (Coordinated Universal Time),21,LUNAR OUR LITTLE POP STAR,lunar our little pop star,,,,,,
2026-08-14T11:53:32.852379+00:00,20260814-115332,https://trends24.in/indonesia/,Fri Aug 14 2026 07:12:05 GMT+0000 (Coordinated Universal Time),22,Sidang Bersama DPR RI,sidang bersama dpr ri,,,,,,
2026-08-14T11:53:32.852379+00:00,20260814-115332,https://trends24.in/indonesia/,Fri Aug 14 2026 07:12:05 GMT+0000 (Coordinated Universal Time),23,Cream,cream,,,,,,
2026-08-14T11:53:32.852379+00:00,20260814-115332,https://trends24.in/indonesia/,Fri Aug 14 2026 07:12:05 GMT+0000 (Coordinated Universal Time),24,Choco,choco,,,,,,
2026-08-14T11:53:32.852379+00:00,20260814-115332,https://trends24.in/indonesia/,Fri Aug 14 2026 07:12:05 GMT+0000 (Coordinated Universal Time),25,Indonesia Emas 2045,indonesia emas 2045,,,,,,
2026-08-14T11:53:32.852379+00:00,20260814-115332,https://trends24.in/indonesia/,Fri Aug 14 2026 07:12:05 GMT+0000 (Coordinated Universal Time),26,Trade $ANTFUN,trade $antfun,,,,,,
2026-08-14T11:53:32.852379+00:00,20260814-115332,https://trends24.in/indonesia/,Fri Aug 14 2026 07:12:05 GMT+0000 (Coordinated Universal Time),27,BRING BACK GUNIL,bring back gunil,,,,,,
2026-08-14T11:53:32.852379+00:00,20260814-115332,https://trends24.in/indonesia/,Fri Aug 14 2026 07:12:05 GMT+0000 (Coordinated Universal Time),28,Satyaku Kudarmakan,satyaku kudarmakan,,,,,,
2026-08-14T11:53:32.852379+00:00,20260814-115332,https://trends24.in/indonesia/,Fri Aug 14 2026 07:12:05 GMT+0000 (Coordinated Universal Time),29,DPD RI,dpd ri,,,,,,
2026-08-14T11:53:32.852379+00:00,20260814-115332,https://trends24.in/indonesia/,Fri Aug 14 2026 07:12:05 GMT+0000 (Coordinated Universal Time),30,Darmaku Kubaktikan,darmaku kubaktikan,,,,,,
2026-08-14T11:53:32.852379+00:00,20260814-115332,https://trends24.in/indonesia/,Fri Aug 14 2026 07:12:05 GMT+0000 (Coordinated Universal Time),31,AMY Presiden PKS,amy presiden pks,,,,,,
2026-08-14T11:53:32.852379+00:00,20260814-115332,https://trends24.in/indonesia/,Fri Aug 14 2026 07:12:05 GMT+0000 (Coordinated Universal Time),32,Flores Timur,flores timur,,,,,,
2026-08-14T11:53:32.852379+00:00,20260814-115332,https://trends24.in/indonesia/,Fri Aug 14 2026 07:12:05 GMT+0000 (Coordinated Universal Time),33,Mingyu,mingyu,,,,,,
2026-08-14T11:53:32.852379+00:00,20260814-115332,https://trends24.in/indonesia/,Fri Aug 14 2026 07:12:05 GMT+0000 (Coordinated Universal Time),34,Budi,budi,,,,,,
2026-08-14T11:53:32.852379+00:00,20260814-115332,https://trends24.in/indonesia/,Fri Aug 14 2026 07:12:05 GMT+0000 (Coordinated Universal Time),35,Lily,lily,,,,,,
2026-08-14T11:53:32.852379+00:00,20260814-115332,https://trends24.in/indonesia/,Fri Aug 14 2026 07:12:05 GMT+0000 (Coordinated Universal Time),36,BRING GUNIL BACK,bring gunil back,,,,,,
2026-08-14T11:53:32.852379+00:00,20260814-115332,https://trends24.in/indonesia/,Fri Aug 14 2026 07:12:05 GMT+0000 (Coordinated Universal Time),37,Makan Bergizi Gratis,makan bergizi gratis,,,,,,
2026-08-14T11:53:32.852379+00:00,20260814-115332,https://trends24.in/indonesia/,Fri Aug 14 2026 07:12:05 GMT+0000 (Coordinated Universal Time),38,Affan Kurniawan,affan kurniawan,,,,,,
2026-08-14T11:53:32.852379+00:00,20260814-115332,https://trends24.in/indonesia/,Fri Aug 14 2026 07:12:05 GMT+0000 (Coordinated Universal Time),39,Gmotion,gmotion,,,,,,
2026-08-14T11:53:32.852379+00:00,20260814-115332,https://trends24.in/indonesia/,Fri Aug 14 2026 07:12:05 GMT+0000 (Coordinated Universal Time),40,IHSG,ihsg,,,,,,
2026-08-14T11:53:32.852379+00:00,20260814-115332,https://trends24.in/indonesia/,Fri Aug 14 2026 07:12:05 GMT+0000 (Coordinated Universal Time),41,COUNTLESS LOVE WITH HUENINGKAI,countless love with hueningkai,,,,,,
2026-08-14T11:53:32.852379+00:00,20260814-115332,https://trends24.in/indonesia/,Fri Aug 14 2026 07:12:05 GMT+0000 (Coordinated Universal Time),42,Cilok,cilok,,,,,,
2026-08-14T11:53:32.852379+00:00,20260814-115332,https://trends24.in/indonesia/,Fri Aug 14 2026 07:12:05 GMT+0000 (Coordinated Universal Time),43,STOP CROPPING JAMES OUT,stop cropping james out,,,,,,
2026-08-14T11:53:32.852379+00:00,20260814-115332,https://trends24.in/indonesia/,Fri Aug 14 2026 07:12:05 GMT+0000 (Coordinated Universal Time),44,14 Agustus,14 agustus,,,,,,
2026-08-14T11:53:32.852379+00:00,20260814-115332,https://trends24.in/indonesia/,Fri Aug 14 2026 07:12:05 GMT+0000 (Coordinated Universal Time),45,18 YEARS OF RORANDERFUL,18 years of roranderful,,,,,,
2026-08-14T11:53:32.852379+00:00,20260814-115332,https://trends24.in/indonesia/,Fri Aug 14 2026 07:12:05 GMT+0000 (Coordinated Universal Time),46,#MagicLoverSeries,magicloverseries,,,,,,
2026-08-14T11:53:32.852379+00:00,20260814-115332,https://trends24.in/indonesia/,Fri Aug 14 2026 07:12:05 GMT+0000 (Coordinated Universal Time),47,#ARKANA3D,arkana3d,,,,,,
2026-08-14T11:53:32.852379+00:00,20260814-115332,https://trends24.in/indonesia/,Fri Aug 14 2026 07:12:05 GMT+0000 (Coordinated Universal Time),48,#ããã¢ã³ã¨é§ãæãããµãã½ãã®å¤,ããã¢ã³ã¨é§ãæãããµãã½ãã®å¤,,,,,,
2026-08-14T11:53:32.852379+00:00,20260814-115332,https://trends24.in/indonesia/,Fri Aug 14 2026 07:12:05 GMT+0000 (Coordinated Universal Time),49,#à¸§à¸±à¸à¸à¸­à¸à¸à¸µà¹à¸£à¸±à¸à¸ªà¸²à¸£à¸§à¸±à¸à¸£à¹à¸à¸µà¸¢à¸£à¹,à¸§à¸±à¸à¸à¸­à¸à¸à¸µà¹à¸£à¸±à¸à¸ªà¸²à¸£à¸§à¸±à¸à¸£à¹à¸à¸µà¸¢à¸£à¹,,,,,,
2026-08-14T11:53:32.852379+00:00,20260814-115332,https://trends24.in/indonesia/,Fri Aug 14 2026 07:12:05 GMT+0000 (Coordinated Universal Time),50,#HUT81RI,hut81ri,,,,,,
2026-08-14T11:53:32.852379+00:00,20260814-115332,https://trends24.in/indonesia/,Fri Aug 14 2026 06:20:06 GMT+0000 (Coordinated Universal Time),1,SANTA LIP NUDE LIVE,santa lip nude live,,,,,,
2026-08-14T11:53:32.852379+00:00,20260814-115332,https://trends24.in/indonesia/,Fri Aug 14 2026 06:20:06 GMT+0000 (Coordinated Universal Time),2,#LOrealLaqueNudexSanta,loreallaquenudexsanta,,,,,,
2026-08-14T11:53:32.852379+00:00,20260814-115332,https://trends24.in/indonesia/,Fri Aug 14 2026 06:20:06 GMT+0000 (Coordinated Universal Time),3,#CharacterFestThailand2xGMMTV,characterfestthailand2xgmmtv,,,,,,
2026-08-14T11:53:32.852379+00:00,20260814-115332,https://trends24.in/indonesia/,Fri Aug 14 2026 06:20:06 GMT+0000 (Coordinated Universal Time),4,Salurkan Hingga Pelosok,salurkan hingga pelosok,,,,,,
2026-08-14T11:53:32.852379+00:00,20260814-115332,https://trends24.in/indonesia/,Fri Aug 14 2026 06:20:06 GMT+0000 (Coordinated Universal Time),5,Selamat Hari Pramuka,selamat hari pramuka,,,,,,
2026-08-14T11:53:32.852379+00:00,20260814-115332,https://trends24.in/indonesia/,Fri Aug 14 2026 06:20:06 GMT+0000 (Coordinated Universal Time),6,#ARKANA3D,arkana3d,,,,,,
2026-08-14T11:53:32.852379+00:00,20260814-115332,https://trends24.in/indonesia/,Fri Aug 14 2026 06:20:06 GMT+0000 (Coordinated Universal Time),7,#PYPD_IN_LA,pypd_in_la,,,,,,
2026-08-14T11:53:32.852379+00:00,20260814-115332,https://trends24.in/indonesia/,Fri Aug 14 2026 06:20:06 GMT+0000 (Coordinated Universal Time),8,Jumat,jumat,,,,,,
2026-08-14T11:53:32.852379+00:00,20260814-115332,https://trends24.in/indonesia/,Fri Aug 14 2026 06:20:06 GMT+0000 (Coordinated Universal Time),9,#MagicLoverSeries,magicloverseries,,,,,,
2026-08-14T11:53:32.852379+00:00,20260814-115332,https://trends24.in/indonesia/,Fri Aug 14 2026 06:20:06 GMT+0000 (Coordinated Universal Time),10,Jangan Rayakan Duka,jangan rayakan duka,,,,,,
2026-08-14T11:53:32.852379+00:00,20260814-115332,https://trends24.in/indonesia/,Fri Aug 14 2026 06:20:06 GMT+0000 (Coordinated Universal Time),11,YOU MANIAC TRAILER,you maniac trailer,,,,,,
2026-08-14T11:53:32.852379+00:00,20260814-115332,https://trends24.in/indonesia/,Fri Aug 14 2026 06:20:06 GMT+0000 (Coordinated Universal Time),12,PIL PRESS AND PRAY,pil press and pray,,,,,,
2026-08-14T11:53:32.852379+00:00,20260814-115332,https://trends24.in/indonesia/,Fri Aug 14 2026 06:20:06 GMT+0000 (Coordinated Universal Time),13,JJJFAM X CharacterFestTH,jjjfam x characterfestth,,,,,,
2026-08-14T11:53:32.852379+00:00,20260814-115332,https://trends24.in/indonesia/,Fri Aug 14 2026 06:20:06 GMT+0000 (Coordinated Universal Time),14,Sidang Tahunan MPR,sidang tahunan mpr,,,,,,
2026-08-14T11:53:32.852379+00:00,20260814-115332,https://trends24.in/indonesia/,Fri Aug 14 2026 06:20:06 GMT+0000 (Coordinated Universal Time),15,Rafayel,rafayel,,,,,,
2026-08-14T11:53:32.852379+00:00,20260814-115332,https://trends24.in/indonesia/,Fri Aug 14 2026 06:20:06 GMT+0000 (Coordinated Universal Time),16,Trade $ANTFUN,trade $antfun,,,,,,
2026-08-14T11:53:32.852379+00:00,20260814-115332,https://trends24.in/indonesia/,Fri Aug 14 2026 06:20:06 GMT+0000 (Coordinated Universal Time),17,BRING BACK GUNIL,bring back gunil,,,,,,
2026-08-14T11:53:32.852379+00:00,20260814-115332,https://trends24.in/indonesia/,Fri Aug 14 2026 06:20:06 GMT+0000 (Coordinated Universal Time),18,Sidang Bersama DPR RI,sidang bersama dpr ri,,,,,,
2026-08-14T11:53:32.852379+00:00,20260814-115332,https://trends24.in/indonesia/,Fri Aug 14 2026 06:20:06 GMT+0000 (Coordinated Universal Time),19,Presiden Prabowo Subianto,presiden prabowo subianto,,,,,,
2026-08-14T11:53:32.852379+00:00,20260814-115332,https://trends24.in/indonesia/,Fri Aug 14 2026 06:20:06 GMT+0000 (Coordinated Universal Time),20,Indonesia Emas 2045,indonesia emas 2045,,,,,,
2026-08-14T11:53:32.852379+00:00,20260814-115332,https://trends24.in/indonesia/,Fri Aug 14 2026 06:20:06 GMT+0000 (Coordinated Universal Time),21,Satyaku Kudarmakan,satyaku kudarmakan,,,,,,
2026-08-14T11:53:32.852379+00:00,20260814-115332,https://trends24.in/indonesia/,Fri Aug 14 2026 06:20:06 GMT+0000 (Coordinated Universal Time),22,Darmaku Kubaktikan,darmaku kubaktikan,,,,,,
2026-08-14T11:53:32.852379+00:00,20260814-115332,https://trends24.in/indonesia/,Fri Aug 14 2026 06:20:06 GMT+0000 (Coordinated Universal Time),23,Affan Kurniawan,affan kurniawan,,,,,,
2026-08-14T11:53:32.852379+00:00,20260814-115332,https://trends24.in/indonesia/,Fri Aug 14 2026 06:20:06 GMT+0000 (Coordinated Universal Time),24,Lily,lily,,,,,,
2026-08-14T11:53:32.852379+00:00,20260814-115332,https://trends24.in/indonesia/,Fri Aug 14 2026 06:20:06 GMT+0000 (Coordinated Universal Time),25,DPD RI,dpd ri,,,,,,
2026-08-14T11:53:32.852379+00:00,20260814-115332,https://trends24.in/indonesia/,Fri Aug 14 2026 06:20:06 GMT+0000 (Coordinated Universal Time),26,Mingyu,mingyu,,,,,,
2026-08-14T11:53:32.852379+00:00,20260814-115332,https://trends24.in/indonesia/,Fri Aug 14 2026 06:20:06 GMT+0000 (Coordinated Universal Time),27,BRING GUNIL BACK,bring gunil back,,,,,,
2026-08-14T11:53:32.852379+00:00,20260814-115332,https://trends24.in/indonesia/,Fri Aug 14 2026 06:20:06 GMT+0000 (Coordinated Universal Time),28,IHSG,ihsg,,,,,,
2026-08-14T11:53:32.852379+00:00,20260814-115332,https://trends24.in/indonesia/,Fri Aug 14 2026 06:20:06 GMT+0000 (Coordinated Universal Time),29,STOP CROPPING JAMES OUT,stop cropping james out,,,,,,
2026-08-14T11:53:32.852379+00:00,20260814-115332,https://trends24.in/indonesia/,Fri Aug 14 2026 06:20:06 GMT+0000 (Coordinated Universal Time),30,Cilok,cilok,,,,,,
2026-08-14T11:53:32.852379+00:00,20260814-115332,https://trends24.in/indonesia/,Fri Aug 14 2026 06:20:06 GMT+0000 (Coordinated Universal Time),31,Makan Bergizi Gratis,makan bergizi gratis,,,,,,
2026-08-14T11:53:32.852379+00:00,20260814-115332,https://trends24.in/indonesia/,Fri Aug 14 2026 06:20:06 GMT+0000 (Coordinated Universal Time),32,14 Agustus,14 agustus,,,,,,
2026-08-14T11:53:32.852379+00:00,20260814-115332,https://trends24.in/indonesia/,Fri Aug 14 2026 06:20:06 GMT+0000 (Coordinated Universal Time),33,COUNTLESS LOVE WITH HUENINGKAI,countless love with hueningkai,,,,,,
2026-08-14T11:53:32.852379+00:00,20260814-115332,https://trends24.in/indonesia/,Fri Aug 14 2026 06:20:06 GMT+0000 (Coordinated Universal Time),34,18 YEARS OF RORANDERFUL,18 years of roranderful,,,,,,
2026-08-14T11:53:32.852379+00:00,20260814-115332,https://trends24.in/indonesia/,Fri Aug 14 2026 06:20:06 GMT+0000 (Coordinated Universal Time),35,Dior,dior,,,,,,
2026-08-14T11:53:32.852379+00:00,20260814-115332,https://trends24.in/indonesia/,Fri Aug 14 2026 06:20:06 GMT+0000 (Coordinated Universal Time),36,#ããã¢ã³ã¨é§ãæãããµãã½ãã®å¤,ããã¢ã³ã¨é§ãæãããµãã½ãã®å¤,,,,,,
2026-08-14T11:53:32.852379+00:00,20260814-115332,https://trends24.in/indonesia/,Fri Aug 14 2026 06:20:06 GMT+0000 (Coordinated Universal Time),37,#à¸§à¸±à¸à¸à¸­à¸à¸à¸µà¹à¸£à¸±à¸à¸ªà¸²à¸£à¸§à¸±à¸à¸£à¹à¸à¸µà¸¢à¸£à¹,à¸§à¸±à¸à¸à¸­à¸à¸à¸µà¹à¸£à¸±à¸à¸ªà¸²à¸£à¸§à¸±à¸à¸£à¹à¸à¸µà¸¢à¸£à¹,,,,,,
2026-08-14T11:53:32.852379+00:00,20260814-115332,https://trends24.in/indonesia/,Fri Aug 14 2026 06:20:06 GMT+0000 (Coordinated Universal Time),38,#LUNAR,lunar,,,,,,
2026-08-14T11:53:32.852379+00:00,20260814-115332,https://trends24.in/indonesia/,Fri Aug 14 2026 06:20:06 GMT+0000 (Coordinated Universal Time),39,#JEWEL,jewel,,,,,,
2026-08-14T11:53:32.852379+00:00,20260814-115332,https://trends24.in/indonesia/,Fri Aug 14 2026 06:20:06 GMT+0000 (Coordinated Universal Time),40,#LETGUNILSTAY,letgunilstay,,,,,,
2026-08-14T11:53:32.852379+00:00,20260814-115332,https://trends24.in/indonesia/,Fri Aug 14 2026 06:20:06 GMT+0000 (Coordinated Universal Time),41,#XDINARYHEROESIS6,xdinaryheroesis6,,,,,,
2026-08-14T11:53:32.852379+00:00,20260814-115332,https://trends24.in/indonesia/,Fri Aug 14 2026 06:20:06 GMT+0000 (Coordinated Universal Time),42,#PERMPOON,permpoon,,,,,,
2026-08-14T11:53:32.852379+00:00,20260814-115332,https://trends24.in/indonesia/,Fri Aug 14 2026 06:20:06 GMT+0000 (Coordinated Universal Time),43,#JUHOONStageMaestro,juhoonstagemaestro,,,,,,
2026-08-14T11:53:32.852379+00:00,20260814-115332,https://trends24.in/indonesia/,Fri Aug 14 2026 06:20:06 GMT+0000 (Coordinated Universal Time),44,#GUNILSTAYS,gunilstays,,,,,,
2026-08-14T11:53:32.852379+00:00,20260814-115332,https://trends24.in/indonesia/,Fri Aug 14 2026 06:20:06 GMT+0000 (Coordinated Universal Time),45,#TheWarGodAwakens,thewargodawakens,,,,,,
2026-08-14T11:53:32.852379+00:00,20260814-115332,https://trends24.in/indonesia/,Fri Aug 14 2026 06:20:06 GMT+0000 (Coordinated Universal Time),46,#KeonhoFeelsElectric,keonhofeelselectric,,,,,,
2026-08-14T11:53:32.852379+00:00,20260814-115332,https://trends24.in/indonesia/,Fri Aug 14 2026 06:20:06 GMT+0000 (Coordinated Universal Time),47,#KuCoin,kucoin,,,,,,
2026-08-14T11:53:32.852379+00:00,20260814-115332,https://trends24.in/indonesia/,Fri Aug 14 2026 06:20:06 GMT+0000 (Coordinated Universal Time),48,#SEONGHYEONStageRuler,seonghyeonstageruler,,,,,,
2026-08-14T11:53:32.852379+00:00,20260814-115332,https://trends24.in/indonesia/,Fri Aug 14 2026 06:20:06 GMT+0000 (Coordinated Universal Time),49,#HSRSpecialProgram,hsrspecialprogram,,,,,,
2026-08-14T11:53:32.852379+00:00,20260814-115332,https://trends24.in/indonesia/,Fri Aug 14 2026 06:20:06 GMT+0000 (Coordinated Universal Time),50,#PidatoPresiden2026,pidatopresiden2026,,,,,,
2026-08-14T11:53:32.852379+00:00,20260814-115332,https://trends24.in/indonesia/,Fri Aug 14 2026 05:28:06 GMT+0000 (Coordinated Universal Time),1,SANTA LIP NUDE LIVE,santa lip nude live,,,,,,
2026-08-14T11:53:32.852379+00:00,20260814-115332,https://trends24.in/indonesia/,Fri Aug 14 2026 05:28:06 GMT+0000 (Coordinated Universal Time),2,#LOrealLaqueNudexSanta,loreallaquenudexsanta,,,,,,
2026-08-14T11:53:32.852379+00:00,20260814-115332,https://trends24.in/indonesia/,Fri Aug 14 2026 05:28:06 GMT+0000 (Coordinated Universal Time),3,#ARKANA3D,arkana3d,,,,,,
2026-08-14T11:53:32.852379+00:00,20260814-115332,https://trends24.in/indonesia/,Fri Aug 14 2026 05:28:06 GMT+0000 (Coordinated Universal Time),4,#CharacterFestThailand2xGMMTV,characterfestthailand2xgmmtv,,,,,,
2026-08-14T11:53:32.852379+00:00,20260814-115332,https://trends24.in/indonesia/,Fri Aug 14 2026 05:28:06 GMT+0000 (Coordinated Universal Time),5,Selamat Hari Pramuka,selamat hari pramuka,,,,,,
2026-08-14T11:53:32.852379+00:00,20260814-115332,https://trends24.in/indonesia/,Fri Aug 14 2026 05:28:06 GMT+0000 (Coordinated Universal Time),6,#PYPD_IN_LA,pypd_in_la,,,,,,
2026-08-14T11:53:32.852379+00:00,20260814-115332,https://trends24.in/indonesia/,Fri Aug 14 2026 05:28:06 GMT+0000 (Coordinated Universal Time),7,Jumat,jumat,,,,,,
2026-08-14T11:53:32.852379+00:00,20260814-115332,https://trends24.in/indonesia/,Fri Aug 14 2026 05:28:06 GMT+0000 (Coordinated Universal Time),8,Affan,affan,,,,,,
2026-08-14T11:53:32.852379+00:00,20260814-115332,https://trends24.in/indonesia/,Fri Aug 14 2026 05:28:06 GMT+0000 (Coordinated Universal Time),9,#LETGUNILSTAY,letgunilstay,,,,,,
2026-08-14T11:53:32.852379+00:00,20260814-115332,https://trends24.in/indonesia/,Fri Aug 14 2026 05:28:06 GMT+0000 (Coordinated Universal Time),10,PIL PRESS AND PRAY,pil press and pray,,,,,,
2026-08-14T11:53:32.852379+00:00,20260814-115332,https://trends24.in/indonesia/,Fri Aug 14 2026 05:28:06 GMT+0000 (Coordinated Universal Time),11,BRING BACK GUNIL,bring back gunil,,,,,,
2026-08-14T11:53:32.852379+00:00,20260814-115332,https://trends24.in/indonesia/,Fri Aug 14 2026 05:28:06 GMT+0000 (Coordinated Universal Time),12,Indonesia Emas 2045,indonesia emas 2045,,,,,,
2026-08-14T11:53:32.852379+00:00,20260814-115332,https://trends24.in/indonesia/,Fri Aug 14 2026 05:28:06 GMT+0000 (Coordinated Universal Time),13,Sidang Tahunan MPR RI,sidang tahunan mpr ri,,,,,,
2026-08-14T11:53:32.852379+00:00,20260814-115332,https://trends24.in/indonesia/,Fri Aug 14 2026 05:28:06 GMT+0000 (Coordinated Universal Time),14,YOU MANIAC TRAILER,you maniac trailer,,,,,,
2026-08-14T11:53:32.852379+00:00,20260814-115332,https://trends24.in/indonesia/,Fri Aug 14 2026 05:28:06 GMT+0000 (Coordinated Universal Time),15,Trade $ANTFUN,trade $antfun,,,,,,
2026-08-14T11:53:32.852379+00:00,20260814-115332,https://trends24.in/indonesia/,Fri Aug 14 2026 05:28:06 GMT+0000 (Coordinated Universal Time),16,Sidang Bersama DPR RI,sidang bersama dpr ri,,,,,,
2026-08-14T11:53:32.852379+00:00,20260814-115332,https://trends24.in/indonesia/,Fri Aug 14 2026 05:28:06 GMT+0000 (Coordinated Universal Time),17,Hormati,hormati,,,,,,
2026-08-14T11:53:32.852379+00:00,20260814-115332,https://trends24.in/indonesia/,Fri Aug 14 2026 05:28:06 GMT+0000 (Coordinated Universal Time),18,Satyaku Kudarmakan,satyaku kudarmakan,,,,,,
2026-08-14T11:53:32.852379+00:00,20260814-115332,https://trends24.in/indonesia/,Fri Aug 14 2026 05:28:06 GMT+0000 (Coordinated Universal Time),19,Darmaku Kubaktikan,darmaku kubaktikan,,,,,,
2026-08-14T11:53:32.852379+00:00,20260814-115332,https://trends24.in/indonesia/,Fri Aug 14 2026 05:28:06 GMT+0000 (Coordinated Universal Time),20,BRING GUNIL BACK,bring gunil back,,,,,,
2026-08-14T11:53:32.852379+00:00,20260814-115332,https://trends24.in/indonesia/,Fri Aug 14 2026 05:28:06 GMT+0000 (Coordinated Universal Time),21,Presiden Prabowo Subianto,presiden prabowo subianto,,,,,,
2026-08-14T11:53:32.852379+00:00,20260814-115332,https://trends24.in/indonesia/,Fri Aug 14 2026 05:28:06 GMT+0000 (Coordinated Universal Time),22,DPD RI,dpd ri,,,,,,
2026-08-14T11:53:32.852379+00:00,20260814-115332,https://trends24.in/indonesia/,Fri Aug 14 2026 05:28:06 GMT+0000 (Coordinated Universal Time),23,Mingyu,mingyu,,,,,,
2026-08-14T11:53:32.852379+00:00,20260814-115332,https://trends24.in/indonesia/,Fri Aug 14 2026 05:28:06 GMT+0000 (Coordinated Universal Time),24,Cilok,cilok,,,,,,
2026-08-14T11:53:32.852379+00:00,20260814-115332,https://trends24.in/indonesia/,Fri Aug 14 2026 05:28:06 GMT+0000 (Coordinated Universal Time),25,STOP CROPPING JAMES OUT,stop cropping james out,,,,,,
2026-08-14T11:53:32.852379+00:00,20260814-115332,https://trends24.in/indonesia/,Fri Aug 14 2026 05:28:06 GMT+0000 (Coordinated Universal Time),26,COUNTLESS LOVE WITH HUENINGKAI,countless love with hueningkai,,,,,,
2026-08-14T11:53:32.852379+00:00,20260814-115332,https://trends24.in/indonesia/,Fri Aug 14 2026 05:28:06 GMT+0000 (Coordinated Universal Time),27,IHSG,ihsg,,,,,,
2026-08-14T11:53:32.852379+00:00,20260814-115332,https://trends24.in/indonesia/,Fri Aug 14 2026 05:28:06 GMT+0000 (Coordinated Universal Time),28,14 Agustus,14 agustus,,,,,,
2026-08-14T11:53:32.852379+00:00,20260814-115332,https://trends24.in/indonesia/,Fri Aug 14 2026 05:28:06 GMT+0000 (Coordinated Universal Time),29,Makan Bergizi Gratis,makan bergizi gratis,,,,,,
2026-08-14T11:53:32.852379+00:00,20260814-115332,https://trends24.in/indonesia/,Fri Aug 14 2026 05:28:06 GMT+0000 (Coordinated Universal Time),30,18 YEARS OF RORANDERFUL,18 years of roranderful,,,,,,
2026-08-14T11:53:32.852379+00:00,20260814-115332,https://trends24.in/indonesia/,Fri Aug 14 2026 05:28:06 GMT+0000 (Coordinated Universal Time),31,Dior,dior,,,,,,
2026-08-14T11:53:32.852379+00:00,20260814-115332,https://trends24.in/indonesia/,Fri Aug 14 2026 05:28:06 GMT+0000 (Coordinated Universal Time),32,#XDINARYHEROESIS6,xdinaryheroesis6,,,,,,
2026-08-14T11:53:32.852379+00:00,20260814-115332,https://trends24.in/indonesia/,Fri Aug 14 2026 05:28:06 GMT+0000 (Coordinated Universal Time),33,#à¸§à¸±à¸à¸à¸­à¸à¸à¸µà¹à¸£à¸±à¸à¸ªà¸²à¸£à¸§à¸±à¸à¸£à¹à¸à¸µà¸¢à¸£à¹,à¸§à¸±à¸à¸à¸­à¸à¸à¸µà¹à¸£à¸±à¸à¸ªà¸²à¸£à¸§à¸±à¸à¸£à¹à¸à¸µà¸¢à¸£à¹,,,,,,
2026-08-14T11:53:32.852379+00:00,20260814-115332,https://trends24.in/indonesia/,Fri Aug 14 2026 05:28:06 GMT+0000 (Coordinated Universal Time),34,#GUNILSTAYS,gunilstays,,,,,,
2026-08-14T11:53:32.852379+00:00,20260814-115332,https://trends24.in/indonesia/,Fri Aug 14 2026 05:28:06 GMT+0000 (Coordinated Universal Time),35,#TheWarGodAwakens,thewargodawakens,,,,,,
2026-08-14T11:53:32.852379+00:00,20260814-115332,https://trends24.in/indonesia/,Fri Aug 14 2026 05:28:06 GMT+0000 (Coordinated Universal Time),36,#WarGodRafayel,wargodrafayel,,,,,,
2026-08-14T11:53:32.852379+00:00,20260814-115332,https://trends24.in/indonesia/,Fri Aug 14 2026 05:28:06 GMT+0000 (Coordinated Universal Time),37,#SEONGHYEONStageRuler,seonghyeonstageruler,,,,,,
2026-08-14T11:53:32.852379+00:00,20260814-115332,https://trends24.in/indonesia/,Fri Aug 14 2026 05:28:06 GMT+0000 (Coordinated Universal Time),38,#KeonhoFeelsElectric,keonhofeelselectric,,,,,,
2026-08-14T11:53:32.852379+00:00,20260814-115332,https://trends24.in/indonesia/,Fri Aug 14 2026 05:28:06 GMT+0000 (Coordinated Universal Time),39,#JUHOONStageMaestro,juhoonstagemaestro,,,,,,
2026-08-14T11:53:32.852379+00:00,20260814-115332,https://trends24.in/indonesia/,Fri Aug 14 2026 05:28:06 GMT+0000 (Coordinated Universal Time),40,#HSRSpecialProgram,hsrspecialprogram,,,,,,
2026-08-14T11:53:32.852379+00:00,20260814-115332,https://trends24.in/indonesia/,Fri Aug 14 2026 05:28:06 GMT+0000 (Coordinated Universal Time),41,#LUNAR,lunar,,,,,,
2026-08-14T11:53:32.852379+00:00,20260814-115332,https://trends24.in/indonesia/,Fri Aug 14 2026 05:28:06 GMT+0000 (Coordinated Universal Time),42,#KuCoin,kucoin,,,,,,
2026-08-14T11:53:32.852379+00:00,20260814-115332,https://trends24.in/indonesia/,Fri Aug 14 2026 05:28:06 GMT+0000 (Coordinated Universal Time),43,#PERMPOON,permpoon,,,,,,
2026-08-14T11:53:32.852379+00:00,20260814-115332,https://trends24.in/indonesia/,Fri Aug 14 2026 05:28:06 GMT+0000 (Coordinated Universal Time),44,#AplikasiAjaib,aplikasiajaib,,,,,,
2026-08-14T11:53:32.852379+00:00,20260814-115332,https://trends24.in/indonesia/,Fri Aug 14 2026 05:28:06 GMT+0000 (Coordinated Universal Time),45,#HUT81RI,hut81ri,,,,,,
2026-08-14T11:53:32.852379+00:00,20260814-115332,https://trends24.in/indonesia/,Fri Aug 14 2026 05:28:06 GMT+0000 (Coordinated Universal Time),46,#PidatoPresiden2026,pidatopresiden2026,,,,,,
2026-08-14T11:53:32.852379+00:00,20260814-115332,https://trends24.in/indonesia/,Fri Aug 14 2026 05:28:06 GMT+0000 (Coordinated Universal Time),47,#KitaIndonesia,kitaindonesia,,,,,,
2026-08-14T11:53:32.852379+00:00,20260814-115332,https://trends24.in/indonesia/,Fri Aug 14 2026 05:28:06 GMT+0000 (Coordinated Universal Time),48,#williamjkp,williamjkp,,,,,,
2026-08-14T11:53:32.852379+00:00,20260814-115332,https://trends24.in/indonesia/,Fri Aug 14 2026 05:28:06 GMT+0000 (Coordinated Universal Time),49,#íì¬ë¦ìë¤ì íì ë¬¼ì¸ëì¹´ì´,íì¬ë¦ìë¤ì íì ë¬¼ì¸ëì¹´ì´,,,,,,
2026-08-14T11:53:32.852379+00:00,20260814-115332,https://trends24.in/indonesia/,Fri Aug 14 2026 05:28:06 GMT+0000 (Coordinated Universal Time),50,#StickWithHue,stickwithhue,,,,,,
2026-08-14T11:53:32.852379+00:00,20260814-115332,https://trends24.in/indonesia/,Fri Aug 14 2026 04:36:10 GMT+0000 (Coordinated Universal Time),1,#JanganCatutAffan,jangancatutaffan,,,,,,
2026-08-14T11:53:32.852379+00:00,20260814-115332,https://trends24.in/indonesia/,Fri Aug 14 2026 04:36:10 GMT+0000 (Coordinated Universal Time),2,Jangan Rayakan Duka,jangan rayakan duka,,,,,,
2026-08-14T11:53:32.852379+00:00,20260814-115332,https://trends24.in/indonesia/,Fri Aug 14 2026 04:36:10 GMT+0000 (Coordinated Universal Time),3,#ARKANA3D,arkana3d,,,,,,
2026-08-14T11:53:32.852379+00:00,20260814-115332,https://trends24.in/indonesia/,Fri Aug 14 2026 04:36:10 GMT+0000 (Coordinated Universal Time),4,Selamat Hari Pramuka,selamat hari pramuka,,,,,,
2026-08-14T11:53:32.852379+00:00,20260814-115332,https://trends24.in/indonesia/,Fri Aug 14 2026 04:36:10 GMT+0000 (Coordinated Universal Time),5,#PYPD_IN_LA,pypd_in_la,,,,,,
2026-08-14T11:53:32.852379+00:00,20260814-115332,https://trends24.in/indonesia/,Fri Aug 14 2026 04:36:10 GMT+0000 (Coordinated Universal Time),6,Jumat,jumat,,,,,,
2026-08-14T11:53:32.852379+00:00,20260814-115332,https://trends24.in/indonesia/,Fri Aug 14 2026 04:36:10 GMT+0000 (Coordinated Universal Time),7,#CharacterFestThailand2xGMMTV,characterfestthailand2xgmmtv,,,,,,
2026-08-14T11:53:32.852379+00:00,20260814-115332,https://trends24.in/indonesia/,Fri Aug 14 2026 04:36:10 GMT+0000 (Coordinated Universal Time),8,#LETGUNILSTAY,letgunilstay,,,,,,
2026-08-14T11:53:32.852379+00:00,20260814-115332,https://trends24.in/indonesia/,Fri Aug 14 2026 04:36:10 GMT+0000 (Coordinated Universal Time),9,PIL PRESS AND PRAY,pil press and pray,,,,,,
2026-08-14T11:53:32.852379+00:00,20260814-115332,https://trends24.in/indonesia/,Fri Aug 14 2026 04:36:10 GMT+0000 (Coordinated Universal Time),10,BRING BACK GUNIL,bring back gunil,,,,,,
2026-08-14T11:53:32.852379+00:00,20260814-115332,https://trends24.in/indonesia/,Fri Aug 14 2026 04:36:10 GMT+0000 (Coordinated Universal Time),11,Indonesia Emas 2045,indonesia emas 2045,,,,,,
2026-08-14T11:53:32.852379+00:00,20260814-115332,https://trends24.in/indonesia/,Fri Aug 14 2026 04:36:10 GMT+0000 (Coordinated Universal Time),12,SEONGHYEON IGNITES THE COAST,seonghyeon ignites the coast,,,,,,
2026-08-14T11:53:32.852379+00:00,20260814-115332,https://trends24.in/indonesia/,Fri Aug 14 2026 04:36:10 GMT+0000 (Coordinated Universal Time),13,Hormati,hormati,,,,,,
2026-08-14T11:53:32.852379+00:00,20260814-115332,https://trends24.in/indonesia/,Fri Aug 14 2026 04:36:10 GMT+0000 (Coordinated Universal Time),14,Satyaku Kudarmakan,satyaku kudarmakan,,,,,,
2026-08-14T11:53:32.852379+00:00,20260814-115332,https://trends24.in/indonesia/,Fri Aug 14 2026 04:36:10 GMT+0000 (Coordinated Universal Time),15,Darmaku Kubaktikan,darmaku kubaktikan,,,,,,
2026-08-14T11:53:32.852379+00:00,20260814-115332,https://trends24.in/indonesia/,Fri Aug 14 2026 04:36:10 GMT+0000 (Coordinated Universal Time),16,Sidang Tahunan MPR,sidang tahunan mpr,,,,,,
2026-08-14T11:53:32.852379+00:00,20260814-115332,https://trends24.in/indonesia/,Fri Aug 14 2026 04:36:10 GMT+0000 (Coordinated Universal Time),17,Trade $ANTFUN,trade $antfun,,,,,,
2026-08-14T11:53:32.852379+00:00,20260814-115332,https://trends24.in/indonesia/,Fri Aug 14 2026 04:36:10 GMT+0000 (Coordinated Universal Time),18,STOP CROPPING JAMES OUT,stop cropping james out,,,,,,
2026-08-14T11:53:32.852379+00:00,20260814-115332,https://trends24.in/indonesia/,Fri Aug 14 2026 04:36:10 GMT+0000 (Coordinated Universal Time),19,Sidang Bersama DPR RI,sidang bersama dpr ri,,,,,,
2026-08-14T11:53:32.852379+00:00,20260814-115332,https://trends24.in/indonesia/,Fri Aug 14 2026 04:36:10 GMT+0000 (Coordinated Universal Time),20,Mingyu,mingyu,,,,,,
2026-08-14T11:53:32.852379+00:00,20260814-115332,https://trends24.in/indonesia/,Fri Aug 14 2026 04:36:10 GMT+0000 (Coordinated Universal Time),21,BRING GUNIL BACK,bring gunil back,,,,,,
2026-08-14T11:53:32.852379+00:00,20260814-115332,https://trends24.in/indonesia/,Fri Aug 14 2026 04:36:10 GMT+0000 (Coordinated Universal Time),22,Pidato Kenegaraan,pidato kenegaraan,,,,,,
2026-08-14T11:53:32.852379+00:00,20260814-115332,https://trends24.in/indonesia/,Fri Aug 14 2026 04:36:10 GMT+0000 (Coordinated Universal Time),23,Presiden Prabowo Subianto,presiden prabowo subianto,,,,,,
2026-08-14T11:53:32.852379+00:00,20260814-115332,https://trends24.in/indonesia/,Fri Aug 14 2026 04:36:10 GMT+0000 (Coordinated Universal Time),24,YOU MANIAC TRAILER,you maniac trailer,,,,,,
2026-08-14T11:53:32.852379+00:00,20260814-115332,https://trends24.in/indonesia/,Fri Aug 14 2026 04:36:10 GMT+0000 (Coordinated Universal Time),25,DPD RI,dpd ri,,,,,,
2026-08-14T11:53:32.852379+00:00,20260814-115332,https://trends24.in/indonesia/,Fri Aug 14 2026 04:36:10 GMT+0000 (Coordinated Universal Time),26,Cilok,cilok,,,,,,
2026-08-14T11:53:32.852379+00:00,20260814-115332,https://trends24.in/indonesia/,Fri Aug 14 2026 04:36:10 GMT+0000 (Coordinated Universal Time),27,14 Agustus,14 agustus,,,,,,
2026-08-14T11:53:32.852379+00:00,20260814-115332,https://trends24.in/indonesia/,Fri Aug 14 2026 04:36:10 GMT+0000 (Coordinated Universal Time),28,COUNTLESS LOVE WITH HUENINGKAI,countless love with hueningkai,,,,,,
2026-08-14T11:53:32.852379+00:00,20260814-115332,https://trends24.in/indonesia/,Fri Aug 14 2026 04:36:10 GMT+0000 (Coordinated Universal Time),29,Dior,dior,,,,,,
2026-08-14T11:53:32.852379+00:00,20260814-115332,https://trends24.in/indonesia/,Fri Aug 14 2026 04:36:10 GMT+0000 (Coordinated Universal Time),30,18 YEARS OF RORANDERFUL,18 years of roranderful,,,,,,
2026-08-14T11:53:32.852379+00:00,20260814-115332,https://trends24.in/indonesia/,Fri Aug 14 2026 04:36:10 GMT+0000 (Coordinated Universal Time),31,#XDINARYHEROESIS6,xdinaryheroesis6,,,,,,
2026-08-14T11:53:32.852379+00:00,20260814-115332,https://trends24.in/indonesia/,Fri Aug 14 2026 04:36:10 GMT+0000 (Coordinated Universal Time),32,#GUNILSTAYS,gunilstays,,,,,,
2026-08-14T11:53:32.852379+00:00,20260814-115332,https://trends24.in/indonesia/,Fri Aug 14 2026 04:36:10 GMT+0000 (Coordinated Universal Time),33,#SEONGHYEONStageRuler,seonghyeonstageruler,,,,,,
2026-08-14T11:53:32.852379+00:00,20260814-115332,https://trends24.in/indonesia/,Fri Aug 14 2026 04:36:10 GMT+0000 (Coordinated Universal Time),34,#à¸§à¸±à¸à¸à¸­à¸à¸à¸µà¹à¸£à¸±à¸à¸ªà¸²à¸£à¸§à¸±à¸à¸£à¹à¸à¸µà¸¢à¸£à¹,à¸§à¸±à¸à¸à¸­à¸à¸à¸µà¹à¸£à¸±à¸à¸ªà¸²à¸£à¸§à¸±à¸à¸£à¹à¸à¸µà¸¢à¸£à¹,,,,,,
2026-08-14T11:53:32.852379+00:00,20260814-115332,https://trends24.in/indonesia/,Fri Aug 14 2026 04:36:10 GMT+0000 (Coordinated Universal Time),35,#KeonhoFeelsElectric,keonhofeelselectric,,,,,,
2026-08-14T11:53:32.852379+00:00,20260814-115332,https://trends24.in/indonesia/,Fri Aug 14 2026 04:36:10 GMT+0000 (Coordinated Universal Time),36,#WarGodRafayel,wargodrafayel,,,,,,
2026-08-14T11:53:32.852379+00:00,20260814-115332,https://trends24.in/indonesia/,Fri Aug 14 2026 04:36:10 GMT+0000 (Coordinated Universal Time),37,#TheWarGodAwakens,thewargodawakens,,,,,,
2026-08-14T11:53:32.852379+00:00,20260814-115332,https://trends24.in/indonesia/,Fri Aug 14 2026 04:36:10 GMT+0000 (Coordinated Universal Time),38,#HSRSpecialProgram,hsrspecialprogram,,,,,,
2026-08-14T11:53:32.852379+00:00,20260814-115332,https://trends24.in/indonesia/,Fri Aug 14 2026 04:36:10 GMT+0000 (Coordinated Universal Time),39,#AplikasiAjaib,aplikasiajaib,,,,,,
2026-08-14T11:53:32.852379+00:00,20260814-115332,https://trends24.in/indonesia/,Fri Aug 14 2026 04:36:10 GMT+0000 (Coordinated Universal Time),40,#KuCoin,kucoin,,,,,,
2026-08-14T11:53:32.852379+00:00,20260814-115332,https://trends24.in/indonesia/,Fri Aug 14 2026 04:36:10 GMT+0000 (Coordinated Universal Time),41,#DesaTangguhIndonesiaTumbuh,desatangguhindonesiatumbuh,,,,,,
2026-08-14T11:53:32.852379+00:00,20260814-115332,https://trends24.in/indonesia/,Fri Aug 14 2026 04:36:10 GMT+0000 (Coordinated Universal Time),42,#LET_JAMES_BE_SEEN,let_james_be_seen,,,,,,
2026-08-14T11:53:32.852379+00:00,20260814-115332,https://trends24.in/indonesia/,Fri Aug 14 2026 04:36:10 GMT+0000 (Coordinated Universal Time),43,#HUT81RI,hut81ri,,,,,,
2026-08-14T11:53:32.852379+00:00,20260814-115332,https://trends24.in/indonesia/,Fri Aug 14 2026 04:36:10 GMT+0000 (Coordinated Universal Time),44,#DittipidNarkoba,dittipidnarkoba,,,,,,
2026-08-14T11:53:32.852379+00:00,20260814-115332,https://trends24.in/indonesia/,Fri Aug 14 2026 04:36:10 GMT+0000 (Coordinated Universal Time),45,#LawanNarkoba,lawannarkoba,,,,,,
2026-08-14T11:53:32.852379+00:00,20260814-115332,https://trends24.in/indonesia/,Fri Aug 14 2026 04:36:10 GMT+0000 (Coordinated Universal Time),46,#BareskrimPolri,bareskrimpolri,,,,,,
2026-08-14T11:53:32.852379+00:00,20260814-115332,https://trends24.in/indonesia/,Fri Aug 14 2026 04:36:10 GMT+0000 (Coordinated Universal Time),47,#íì¬ë¦ìë¤ì íì ë¬¼ì¸ëì¹´ì´,íì¬ë¦ìë¤ì íì ë¬¼ì¸ëì¹´ì´,,,,,,
2026-08-14T11:53:32.852379+00:00,20260814-115332,https://trends24.in/indonesia/,Fri Aug 14 2026 04:36:10 GMT+0000 (Coordinated Universal Time),48,#BangunDesaBangunIndonesia,bangundesabangunindonesia,,,,,,
2026-08-14T11:53:32.852379+00:00,20260814-115332,https://trends24.in/indonesia/,Fri Aug 14 2026 04:36:10 GMT+0000 (Coordinated Universal Time),49,#StickWithHue,stickwithhue,,,,,,
2026-08-14T11:53:32.852379+00:00,20260814-115332,https://trends24.in/indonesia/,Fri Aug 14 2026 04:36:10 GMT+0000 (Coordinated Universal Time),50,#RORA18EraBegins,rora18erabegins,,,,,,
2026-08-14T11:53:32.852379+00:00,20260814-115332,https://trends24.in/indonesia/,Fri Aug 14 2026 04:36:08 GMT+0000 (Coordinated Universal Time),1,#JanganCatutAffan,jangancatutaffan,,,,,,
2026-08-14T11:53:32.852379+00:00,20260814-115332,https://trends24.in/indonesia/,Fri Aug 14 2026 04:36:08 GMT+0000 (Coordinated Universal Time),2,Jangan Rayakan Duka,jangan rayakan duka,,,,,,
2026-08-14T11:53:32.852379+00:00,20260814-115332,https://trends24.in/indonesia/,Fri Aug 14 2026 04:36:08 GMT+0000 (Coordinated Universal Time),3,#ARKANA3D,arkana3d,,,,,,
2026-08-14T11:53:32.852379+00:00,20260814-115332,https://trends24.in/indonesia/,Fri Aug 14 2026 04:36:08 GMT+0000 (Coordinated Universal Time),4,Selamat Hari Pramuka,selamat hari pramuka,,,,,,
2026-08-14T11:53:32.852379+00:00,20260814-115332,https://trends24.in/indonesia/,Fri Aug 14 2026 04:36:08 GMT+0000 (Coordinated Universal Time),5,#PYPD_IN_LA,pypd_in_la,,,,,,
2026-08-14T11:53:32.852379+00:00,20260814-115332,https://trends24.in/indonesia/,Fri Aug 14 2026 04:36:08 GMT+0000 (Coordinated Universal Time),6,Jumat,jumat,,,,,,
2026-08-14T11:53:32.852379+00:00,20260814-115332,https://trends24.in/indonesia/,Fri Aug 14 2026 04:36:08 GMT+0000 (Coordinated Universal Time),7,#CharacterFestThailand2xGMMTV,characterfestthailand2xgmmtv,,,,,,
2026-08-14T11:53:32.852379+00:00,20260814-115332,https://trends24.in/indonesia/,Fri Aug 14 2026 04:36:08 GMT+0000 (Coordinated Universal Time),8,#LETGUNILSTAY,letgunilstay,,,,,,
2026-08-14T11:53:32.852379+00:00,20260814-115332,https://trends24.in/indonesia/,Fri Aug 14 2026 04:36:08 GMT+0000 (Coordinated Universal Time),9,PIL PRESS AND PRAY,pil press and pray,,,,,,
2026-08-14T11:53:32.852379+00:00,20260814-115332,https://trends24.in/indonesia/,Fri Aug 14 2026 04:36:08 GMT+0000 (Coordinated Universal Time),10,BRING BACK GUNIL,bring back gunil,,,,,,
2026-08-14T11:53:32.852379+00:00,20260814-115332,https://trends24.in/indonesia/,Fri Aug 14 2026 04:36:08 GMT+0000 (Coordinated Universal Time),11,Indonesia Emas 2045,indonesia emas 2045,,,,,,
2026-08-14T11:53:32.852379+00:00,20260814-115332,https://trends24.in/indonesia/,Fri Aug 14 2026 04:36:08 GMT+0000 (Coordinated Universal Time),12,SEONGHYEON IGNITES THE COAST,seonghyeon ignites the coast,,,,,,
2026-08-14T11:53:32.852379+00:00,20260814-115332,https://trends24.in/indonesia/,Fri Aug 14 2026 04:36:08 GMT+0000 (Coordinated Universal Time),13,Hormati,hormati,,,,,,
2026-08-14T11:53:32.852379+00:00,20260814-115332,https://trends24.in/indonesia/,Fri Aug 14 2026 04:36:08 GMT+0000 (Coordinated Universal Time),14,Satyaku Kudarmakan,satyaku kudarmakan,,,,,,
2026-08-14T11:53:32.852379+00:00,20260814-115332,https://trends24.in/indonesia/,Fri Aug 14 2026 04:36:08 GMT+0000 (Coordinated Universal Time),15,Darmaku Kubaktikan,darmaku kubaktikan,,,,,,
2026-08-14T11:53:32.852379+00:00,20260814-115332,https://trends24.in/indonesia/,Fri Aug 14 2026 04:36:08 GMT+0000 (Coordinated Universal Time),16,Sidang Tahunan MPR,sidang tahunan mpr,,,,,,
2026-08-14T11:53:32.852379+00:00,20260814-115332,https://trends24.in/indonesia/,Fri Aug 14 2026 04:36:08 GMT+0000 (Coordinated Universal Time),17,Trade $ANTFUN,trade $antfun,,,,,,
2026-08-14T11:53:32.852379+00:00,20260814-115332,https://trends24.in/indonesia/,Fri Aug 14 2026 04:36:08 GMT+0000 (Coordinated Universal Time),18,STOP CROPPING JAMES OUT,stop cropping james out,,,,,,
2026-08-14T11:53:32.852379+00:00,20260814-115332,https://trends24.in/indonesia/,Fri Aug 14 2026 04:36:08 GMT+0000 (Coordinated Universal Time),19,Sidang Bersama DPR RI,sidang bersama dpr ri,,,,,,
2026-08-14T11:53:32.852379+00:00,20260814-115332,https://trends24.in/indonesia/,Fri Aug 14 2026 04:36:08 GMT+0000 (Coordinated Universal Time),20,Mingyu,mingyu,,,,,,
2026-08-14T11:53:32.852379+00:00,20260814-115332,https://trends24.in/indonesia/,Fri Aug 14 2026 04:36:08 GMT+0000 (Coordinated Universal Time),21,BRING GUNIL BACK,bring gunil back,,,,,,
2026-08-14T11:53:32.852379+00:00,20260814-115332,https://trends24.in/indonesia/,Fri Aug 14 2026 04:36:08 GMT+0000 (Coordinated Universal Time),22,Pidato Kenegaraan,pidato kenegaraan,,,,,,
2026-08-14T11:53:32.852379+00:00,20260814-115332,https://trends24.in/indonesia/,Fri Aug 14 2026 04:36:08 GMT+0000 (Coordinated Universal Time),23,Presiden Prabowo Subianto,presiden prabowo subianto,,,,,,
2026-08-14T11:53:32.852379+00:00,20260814-115332,https://trends24.in/indonesia/,Fri Aug 14 2026 04:36:08 GMT+0000 (Coordinated Universal Time),24,YOU MANIAC TRAILER,you maniac trailer,,,,,,
2026-08-14T11:53:32.852379+00:00,20260814-115332,https://trends24.in/indonesia/,Fri Aug 14 2026 04:36:08 GMT+0000 (Coordinated Universal Time),25,DPD RI,dpd ri,,,,,,
2026-08-14T11:53:32.852379+00:00,20260814-115332,https://trends24.in/indonesia/,Fri Aug 14 2026 04:36:08 GMT+0000 (Coordinated Universal Time),26,Cilok,cilok,,,,,,
2026-08-14T11:53:32.852379+00:00,20260814-115332,https://trends24.in/indonesia/,Fri Aug 14 2026 04:36:08 GMT+0000 (Coordinated Universal Time),27,14 Agustus,14 agustus,,,,,,
2026-08-14T11:53:32.852379+00:00,20260814-115332,https://trends24.in/indonesia/,Fri Aug 14 2026 04:36:08 GMT+0000 (Coordinated Universal Time),28,COUNTLESS LOVE WITH HUENINGKAI,countless love with hueningkai,,,,,,
2026-08-14T11:53:32.852379+00:00,20260814-115332,https://trends24.in/indonesia/,Fri Aug 14 2026 04:36:08 GMT+0000 (Coordinated Universal Time),29,Dior,dior,,,,,,
2026-08-14T11:53:32.852379+00:00,20260814-115332,https://trends24.in/indonesia/,Fri Aug 14 2026 04:36:08 GMT+0000 (Coordinated Universal Time),30,18 YEARS OF RORANDERFUL,18 years of roranderful,,,,,,
2026-08-14T11:53:32.852379+00:00,20260814-115332,https://trends24.in/indonesia/,Fri Aug 14 2026 04:36:08 GMT+0000 (Coordinated Universal Time),31,#XDINARYHEROESIS6,xdinaryheroesis6,,,,,,
2026-08-14T11:53:32.852379+00:00,20260814-115332,https://trends24.in/indonesia/,Fri Aug 14 2026 04:36:08 GMT+0000 (Coordinated Universal Time),32,#GUNILSTAYS,gunilstays,,,,,,
2026-08-14T11:53:32.852379+00:00,20260814-115332,https://trends24.in/indonesia/,Fri Aug 14 2026 04:36:08 GMT+0000 (Coordinated Universal Time),33,#SEONGHYEONStageRuler,seonghyeonstageruler,,,,,,
2026-08-14T11:53:32.852379+00:00,20260814-115332,https://trends24.in/indonesia/,Fri Aug 14 2026 04:36:08 GMT+0000 (Coordinated Universal Time),34,#à¸§à¸±à¸à¸à¸­à¸à¸à¸µà¹à¸£à¸±à¸à¸ªà¸²à¸£à¸§à¸±à¸à¸£à¹à¸à¸µà¸¢à¸£à¹,à¸§à¸±à¸à¸à¸­à¸à¸à¸µà¹à¸£à¸±à¸à¸ªà¸²à¸£à¸§à¸±à¸à¸£à¹à¸à¸µà¸¢à¸£à¹,,,,,,
2026-08-14T11:53:32.852379+00:00,20260814-115332,https://trends24.in/indonesia/,Fri Aug 14 2026 04:36:08 GMT+0000 (Coordinated Universal Time),35,#KeonhoFeelsElectric,keonhofeelselectric,,,,,,
2026-08-14T11:53:32.852379+00:00,20260814-115332,https://trends24.in/indonesia/,Fri Aug 14 2026 04:36:08 GMT+0000 (Coordinated Universal Time),36,#WarGodRafayel,wargodrafayel,,,,,,
2026-08-14T11:53:32.852379+00:00,20260814-115332,https://trends24.in/indonesia/,Fri Aug 14 2026 04:36:08 GMT+0000 (Coordinated Universal Time),37,#TheWarGodAwakens,thewargodawakens,,,,,,
2026-08-14T11:53:32.852379+00:00,20260814-115332,https://trends24.in/indonesia/,Fri Aug 14 2026 04:36:08 GMT+0000 (Coordinated Universal Time),38,#HSRSpecialProgram,hsrspecialprogram,,,,,,
2026-08-14T11:53:32.852379+00:00,20260814-115332,https://trends24.in/indonesia/,Fri Aug 14 2026 04:36:08 GMT+0000 (Coordinated Universal Time),39,#AplikasiAjaib,aplikasiajaib,,,,,,
2026-08-14T11:53:32.852379+00:00,20260814-115332,https://trends24.in/indonesia/,Fri Aug 14 2026 04:36:08 GMT+0000 (Coordinated Universal Time),40,#KuCoin,kucoin,,,,,,
2026-08-14T11:53:32.852379+00:00,20260814-115332,https://trends24.in/indonesia/,Fri Aug 14 2026 04:36:08 GMT+0000 (Coordinated Universal Time),41,#DesaTangguhIndonesiaTumbuh,desatangguhindonesiatumbuh,,,,,,
2026-08-14T11:53:32.852379+00:00,20260814-115332,https://trends24.in/indonesia/,Fri Aug 14 2026 04:36:08 GMT+0000 (Coordinated Universal Time),42,#LET_JAMES_BE_SEEN,let_james_be_seen,,,,,,
2026-08-14T11:53:32.852379+00:00,20260814-115332,https://trends24.in/indonesia/,Fri Aug 14 2026 04:36:08 GMT+0000 (Coordinated Universal Time),43,#HUT81RI,hut81ri,,,,,,
2026-08-14T11:53:32.852379+00:00,20260814-115332,https://trends24.in/indonesia/,Fri Aug 14 2026 04:36:08 GMT+0000 (Coordinated Universal Time),44,#DittipidNarkoba,dittipidnarkoba,,,,,,
2026-08-14T11:53:32.852379+00:00,20260814-115332,https://trends24.in/indonesia/,Fri Aug 14 2026 04:36:08 GMT+0000 (Coordinated Universal Time),45,#LawanNarkoba,lawannarkoba,,,,,,
2026-08-14T11:53:32.852379+00:00,20260814-115332,https://trends24.in/indonesia/,Fri Aug 14 2026 04:36:08 GMT+0000 (Coordinated Universal Time),46,#BareskrimPolri,bareskrimpolri,,,,,,
2026-08-14T11:53:32.852379+00:00,20260814-115332,https://trends24.in/indonesia/,Fri Aug 14 2026 04:36:08 GMT+0000 (Coordinated Universal Time),47,#íì¬ë¦ìë¤ì íì ë¬¼ì¸ëì¹´ì´,íì¬ë¦ìë¤ì íì ë¬¼ì¸ëì¹´ì´,,,,,,
2026-08-14T11:53:32.852379+00:00,20260814-115332,https://trends24.in/indonesia/,Fri Aug 14 2026 04:36:08 GMT+0000 (Coordinated Universal Time),48,#BangunDesaBangunIndonesia,bangundesabangunindonesia,,,,,,
2026-08-14T11:53:32.852379+00:00,20260814-115332,https://trends24.in/indonesia/,Fri Aug 14 2026 04:36:08 GMT+0000 (Coordinated Universal Time),49,#StickWithHue,stickwithhue,,,,,,
2026-08-14T11:53:32.852379+00:00,20260814-115332,https://trends24.in/indonesia/,Fri Aug 14 2026 04:36:08 GMT+0000 (Coordinated Universal Time),50,#RORA18EraBegins,rora18erabegins,,,,,,
2026-08-14T11:53:32.852379+00:00,20260814-115332,https://trends24.in/indonesia/,Fri Aug 14 2026 03:44:08 GMT+0000 (Coordinated Universal Time),1,#JanganCatutAffan,jangancatutaffan,,,,,,
2026-08-14T11:53:32.852379+00:00,20260814-115332,https://trends24.in/indonesia/,Fri Aug 14 2026 03:44:08 GMT+0000 (Coordinated Universal Time),2,Jangan Rayakan Duka,jangan rayakan duka,,,,,,
2026-08-14T11:53:32.852379+00:00,20260814-115332,https://trends24.in/indonesia/,Fri Aug 14 2026 03:44:08 GMT+0000 (Coordinated Universal Time),3,#ARKANA3D,arkana3d,,,,,,
2026-08-14T11:53:32.852379+00:00,20260814-115332,https://trends24.in/indonesia/,Fri Aug 14 2026 03:44:08 GMT+0000 (Coordinated Universal Time),4,Selamat Hari Pramuka,selamat hari pramuka,,,,,,
2026-08-14T11:53:32.852379+00:00,20260814-115332,https://trends24.in/indonesia/,Fri Aug 14 2026 03:44:08 GMT+0000 (Coordinated Universal Time),5,#PYPD_IN_LA,pypd_in_la,,,,,,
2026-08-14T11:53:32.852379+00:00,20260814-115332,https://trends24.in/indonesia/,Fri Aug 14 2026 03:44:08 GMT+0000 (Coordinated Universal Time),6,Jumat,jumat,,,,,,
2026-08-14T11:53:32.852379+00:00,20260814-115332,https://trends24.in/indonesia/,Fri Aug 14 2026 03:44:08 GMT+0000 (Coordinated Universal Time),7,#XDINARYHEROESIS6,xdinaryheroesis6,,,,,,
2026-08-14T11:53:32.852379+00:00,20260814-115332,https://trends24.in/indonesia/,Fri Aug 14 2026 03:44:08 GMT+0000 (Coordinated Universal Time),8,#LETGUNILSTAY,letgunilstay,,,,,,
2026-08-14T11:53:32.852379+00:00,20260814-115332,https://trends24.in/indonesia/,Fri Aug 14 2026 03:44:08 GMT+0000 (Coordinated Universal Time),9,Hormati,hormati,,,,,,
2026-08-14T11:53:32.852379+00:00,20260814-115332,https://trends24.in/indonesia/,Fri Aug 14 2026 03:44:08 GMT+0000 (Coordinated Universal Time),10,PIL PRESS AND PRAY,pil press and pray,,,,,,
2026-08-14T11:53:32.852379+00:00,20260814-115332,https://trends24.in/indonesia/,Fri Aug 14 2026 03:44:08 GMT+0000 (Coordinated Universal Time),11,Indonesia Emas 2045,indonesia emas 2045,,,,,,
2026-08-14T11:53:32.852379+00:00,20260814-115332,https://trends24.in/indonesia/,Fri Aug 14 2026 03:44:08 GMT+0000 (Coordinated Universal Time),12,STOP CROPPING JAMES OUT,stop cropping james out,,,,,,
2026-08-14T11:53:32.852379+00:00,20260814-115332,https://trends24.in/indonesia/,Fri Aug 14 2026 03:44:08 GMT+0000 (Coordinated Universal Time),13,Sidang Tahunan MPR,sidang tahunan mpr,,,,,,
2026-08-14T11:53:32.852379+00:00,20260814-115332,https://trends24.in/indonesia/,Fri Aug 14 2026 03:44:08 GMT+0000 (Coordinated Universal Time),14,Darmaku Kubaktikan,darmaku kubaktikan,,,,,,
2026-08-14T11:53:32.852379+00:00,20260814-115332,https://trends24.in/indonesia/,Fri Aug 14 2026 03:44:08 GMT+0000 (Coordinated Universal Time),15,BRING GUNIL BACK,bring gunil back,,,,,,
2026-08-14T11:53:32.852379+00:00,20260814-115332,https://trends24.in/indonesia/,Fri Aug 14 2026 03:44:08 GMT+0000 (Coordinated Universal Time),16,Trade $ANTFUN,trade $antfun,,,,,,
2026-08-14T11:53:32.852379+00:00,20260814-115332,https://trends24.in/indonesia/,Fri Aug 14 2026 03:44:08 GMT+0000 (Coordinated Universal Time),17,Pidato Kenegaraan,pidato kenegaraan,,,,,,
2026-08-14T11:53:32.852379+00:00,20260814-115332,https://trends24.in/indonesia/,Fri Aug 14 2026 03:44:08 GMT+0000 (Coordinated Universal Time),18,DPD RI,dpd ri,,,,,,
2026-08-14T11:53:32.852379+00:00,20260814-115332,https://trends24.in/indonesia/,Fri Aug 14 2026 03:44:08 GMT+0000 (Coordinated Universal Time),19,Mingyu,mingyu,,,,,,
2026-08-14T11:53:32.852379+00:00,20260814-115332,https://trends24.in/indonesia/,Fri Aug 14 2026 03:44:08 GMT+0000 (Coordinated Universal Time),20,YOU MANIAC TRAILER,you maniac trailer,,,,,,
2026-08-14T11:53:32.852379+00:00,20260814-115332,https://trends24.in/indonesia/,Fri Aug 14 2026 03:44:08 GMT+0000 (Coordinated Universal Time),21,14 Agustus,14 agustus,,,,,,
2026-08-14T11:53:32.852379+00:00,20260814-115332,https://trends24.in/indonesia/,Fri Aug 14 2026 03:44:08 GMT+0000 (Coordinated Universal Time),22,STOP MISTREATING JAMES,stop mistreating james,,,,,,
2026-08-14T11:53:32.852379+00:00,20260814-115332,https://trends24.in/indonesia/,Fri Aug 14 2026 03:44:08 GMT+0000 (Coordinated Universal Time),23,Cilok,cilok,,,,,,
2026-08-14T11:53:32.852379+00:00,20260814-115332,https://trends24.in/indonesia/,Fri Aug 14 2026 03:44:08 GMT+0000 (Coordinated Universal Time),24,18 YEARS OF RORANDERFUL,18 years of roranderful,,,,,,
2026-08-14T11:53:32.852379+00:00,20260814-115332,https://trends24.in/indonesia/,Fri Aug 14 2026 03:44:08 GMT+0000 (Coordinated Universal Time),25,COUNTLESS LOVE WITH HUENINGKAI,countless love with hueningkai,,,,,,
2026-08-14T11:53:32.852379+00:00,20260814-115332,https://trends24.in/indonesia/,Fri Aug 14 2026 03:44:08 GMT+0000 (Coordinated Universal Time),26,Presiden Prabowo Subianto,presiden prabowo subianto,,,,,,
2026-08-14T11:53:32.852379+00:00,20260814-115332,https://trends24.in/indonesia/,Fri Aug 14 2026 03:44:08 GMT+0000 (Coordinated Universal Time),27,Enzo,enzo,,,,,,
2026-08-14T11:53:32.852379+00:00,20260814-115332,https://trends24.in/indonesia/,Fri Aug 14 2026 03:44:08 GMT+0000 (Coordinated Universal Time),28,#GUNILSTAYS,gunilstays,,,,,,
2026-08-14T11:53:32.852379+00:00,20260814-115332,https://trends24.in/indonesia/,Fri Aug 14 2026 03:44:08 GMT+0000 (Coordinated Universal Time),29,#CharacterFestThailand2xGMMTV,characterfestthailand2xgmmtv,,,,,,
2026-08-14T11:53:32.852379+00:00,20260814-115332,https://trends24.in/indonesia/,Fri Aug 14 2026 03:44:08 GMT+0000 (Coordinated Universal Time),30,#à¸§à¸±à¸à¸à¸­à¸à¸à¸µà¹à¸£à¸±à¸à¸ªà¸²à¸£à¸§à¸±à¸à¸£à¹à¸à¸µà¸¢à¸£à¹,à¸§à¸±à¸à¸à¸­à¸à¸à¸µà¹à¸£à¸±à¸à¸ªà¸²à¸£à¸§à¸±à¸à¸£à¹à¸à¸µà¸¢à¸£à¹,,,,,,
2026-08-14T11:53:32.852379+00:00,20260814-115332,https://trends24.in/indonesia/,Fri Aug 14 2026 03:44:08 GMT+0000 (Coordinated Universal Time),31,#MartialGodRafayel,martialgodrafayel,,,,,,
2026-08-14T11:53:32.852379+00:00,20260814-115332,https://trends24.in/indonesia/,Fri Aug 14 2026 03:44:08 GMT+0000 (Coordinated Universal Time),32,#TheWarGodAwakens,thewargodawakens,,,,,,
2026-08-14T11:53:32.852379+00:00,20260814-115332,https://trends24.in/indonesia/,Fri Aug 14 2026 03:44:08 GMT+0000 (Coordinated Universal Time),33,#HSRSpecialProgram,hsrspecialprogram,,,,,,
2026-08-14T11:53:32.852379+00:00,20260814-115332,https://trends24.in/indonesia/,Fri Aug 14 2026 03:44:08 GMT+0000 (Coordinated Universal Time),34,#LET_JAMES_BE_SEEN,let_james_be_seen,,,,,,
2026-08-14T11:53:32.852379+00:00,20260814-115332,https://trends24.in/indonesia/,Fri Aug 14 2026 03:44:08 GMT+0000 (Coordinated Universal Time),35,#AplikasiAjaib,aplikasiajaib,,,,,,
2026-08-14T11:53:32.852379+00:00,20260814-115332,https://trends24.in/indonesia/,Fri Aug 14 2026 03:44:08 GMT+0000 (Coordinated Universal Time),36,#DesaTangguhIndonesiaTumbuh,desatangguhindonesiatumbuh,,,,,,
2026-08-14T11:53:32.852379+00:00,20260814-115332,https://trends24.in/indonesia/,Fri Aug 14 2026 03:44:08 GMT+0000 (Coordinated Universal Time),37,#KuCoin,kucoin,,,,,,
2026-08-14T11:53:32.852379+00:00,20260814-115332,https://trends24.in/indonesia/,Fri Aug 14 2026 03:44:08 GMT+0000 (Coordinated Universal Time),38,#DittipidNarkoba,dittipidnarkoba,,,,,,
2026-08-14T11:53:32.852379+00:00,20260814-115332,https://trends24.in/indonesia/,Fri Aug 14 2026 03:44:08 GMT+0000 (Coordinated Universal Time),39,#LawanNarkoba,lawannarkoba,,,,,,
2026-08-14T11:53:32.852379+00:00,20260814-115332,https://trends24.in/indonesia/,Fri Aug 14 2026 03:44:08 GMT+0000 (Coordinated Universal Time),40,#HUT81RI,hut81ri,,,,,,
2026-08-14T11:53:32.852379+00:00,20260814-115332,https://trends24.in/indonesia/,Fri Aug 14 2026 03:44:08 GMT+0000 (Coordinated Universal Time),41,#BareskrimPolri,bareskrimpolri,,,,,,
2026-08-14T11:53:32.852379+00:00,20260814-115332,https://trends24.in/indonesia/,Fri Aug 14 2026 03:44:08 GMT+0000 (Coordinated Universal Time),42,#íì¬ë¦ìë¤ì íì ë¬¼ì¸ëì¹´ì´,íì¬ë¦ìë¤ì íì ë¬¼ì¸ëì¹´ì´,,,,,,
2026-08-14T11:53:32.852379+00:00,20260814-115332,https://trends24.in/indonesia/,Fri Aug 14 2026 03:44:08 GMT+0000 (Coordinated Universal Time),43,#BangunDesaBangunIndonesia,bangundesabangunindonesia,,,,,,
2026-08-14T11:53:32.852379+00:00,20260814-115332,https://trends24.in/indonesia/,Fri Aug 14 2026 03:44:08 GMT+0000 (Coordinated Universal Time),44,#StickWithHue,stickwithhue,,,,,,
2026-08-14T11:53:32.852379+00:00,20260814-115332,https://trends24.in/indonesia/,Fri Aug 14 2026 03:44:08 GMT+0000 (Coordinated Universal Time),45,#RORA18EraBegins,rora18erabegins,,,,,,
2026-08-14T11:53:32.852379+00:00,20260814-115332,https://trends24.in/indonesia/,Fri Aug 14 2026 03:44:08 GMT+0000 (Coordinated Universal Time),46,#RORAã¨ä¸ç·ã«æé·ãã¦ããæ¥ã,roraã¨ä¸ç·ã«æé·ãã¦ããæ¥ã,,,,,,
2026-08-14T11:53:32.852379+00:00,20260814-115332,https://trends24.in/indonesia/,Fri Aug 14 2026 03:44:08 GMT+0000 (Coordinated Universal Time),47,#ë¡ë¼ì_ëª©ìë¦¬ë¡_ë¬¼ë _ë,ë¡ë¼ì_ëª©ìë¦¬ë¡_ë¬¼ë _ë,,,,,,
2026-08-14T11:53:32.852379+00:00,20260814-115332,https://trends24.in/indonesia/,Fri Aug 14 2026 03:44:08 GMT+0000 (Coordinated Universal Time),48,#æ°¸é ã«è¼ãå¤©ä½¿ãã¥ãã³ã«ã¤,æ°¸é ã«è¼ãå¤©ä½¿ãã¥ãã³ã«ã¤,,,,,,
2026-08-14T11:53:32.852379+00:00,20260814-115332,https://trends24.in/indonesia/,Fri Aug 14 2026 03:44:08 GMT+0000 (Coordinated Universal Time),49,#HUTRI81,hutri81,,,,,,
2026-08-14T11:53:32.852379+00:00,20260814-115332,https://trends24.in/indonesia/,Fri Aug 14 2026 02:52:07 GMT+0000 (Coordinated Universal Time),1,#JanganCatutAffan,jangancatutaffan,,,,,,
2026-08-14T11:53:32.852379+00:00,20260814-115332,https://trends24.in/indonesia/,Fri Aug 14 2026 02:52:07 GMT+0000 (Coordinated Universal Time),2,Jangan Rayakan Duka,jangan rayakan duka,,,,,,
2026-08-14T11:53:32.852379+00:00,20260814-115332,https://trends24.in/indonesia/,Fri Aug 14 2026 02:52:07 GMT+0000 (Coordinated Universal Time),3,$MOTION,$motion,,,,,,
2026-08-14T11:53:32.852379+00:00,20260814-115332,https://trends24.in/indonesia/,Fri Aug 14 2026 02:52:07 GMT+0000 (Coordinated Universal Time),4,#YouManiacSeries,youmaniacseries,,,,,,
2026-08-14T11:53:32.852379+00:00,20260814-115332,https://trends24.in/indonesia/,Fri Aug 14 2026 02:52:07 GMT+0000 (Coordinated Universal Time),5,gopay investasi emas,gopay investasi emas,,,,,,
2026-08-14T11:53:32.852379+00:00,20260814-115332,https://trends24.in/indonesia/,Fri Aug 14 2026 02:52:07 GMT+0000 (Coordinated Universal Time),6,#MakeAWishForJaemin,makeawishforjaemin,,,,,,
2026-08-14T11:53:32.852379+00:00,20260814-115332,https://trends24.in/indonesia/,Fri Aug 14 2026 02:52:07 GMT+0000 (Coordinated Universal Time),7,Selamat Hari Pramuka,selamat hari pramuka,,,,,,
2026-08-14T11:53:32.852379+00:00,20260814-115332,https://trends24.in/indonesia/,Fri Aug 14 2026 02:52:07 GMT+0000 (Coordinated Universal Time),8,Jumat,jumat,,,,,,
2026-08-14T11:53:32.852379+00:00,20260814-115332,https://trends24.in/indonesia/,Fri Aug 14 2026 02:52:07 GMT+0000 (Coordinated Universal Time),9,#ì¬ëì¼ë¡_ê°ëì°¬_ì¬ë¯¼ì´ì_ì¤ë¬¼ì¬ì¯,ì¬ëì¼ë¡_ê°ëì°¬_ì¬ë¯¼ì´ì_ì¤ë¬¼ì¬ì¯,,,,,,
2026-08-14T11:53:32.852379+00:00,20260814-115332,https://trends24.in/indonesia/,Fri Aug 14 2026 02:52:07 GMT+0000 (Coordinated Universal Time),10,pengabdian pada negeri,pengabdian pada negeri,,,,,,
2026-08-14T11:53:32.852379+00:00,20260814-115332,https://trends24.in/indonesia/,Fri Aug 14 2026 02:52:07 GMT+0000 (Coordinated Universal Time),11,Gunil,gunil,,,,,,
2026-08-14T11:53:32.852379+00:00,20260814-115332,https://trends24.in/indonesia/,Fri Aug 14 2026 02:52:07 GMT+0000 (Coordinated Universal Time),12,#PYPD_IN_LA,pypd_in_la,,,,,,
2026-08-14T11:53:32.852379+00:00,20260814-115332,https://trends24.in/indonesia/,Fri Aug 14 2026 02:52:07 GMT+0000 (Coordinated Universal Time),13,DEWTEE LIVE HOUSE,dewtee live house,,,,,,
2026-08-14T11:53:32.852379+00:00,20260814-115332,https://trends24.in/indonesia/,Fri Aug 14 2026 02:52:07 GMT+0000 (Coordinated Universal Time),14,perkuat perkokoh nkri,perkuat perkokoh nkri,,,,,,
2026-08-14T11:53:32.852379+00:00,20260814-115332,https://trends24.in/indonesia/,Fri Aug 14 2026 02:52:07 GMT+0000 (Coordinated Universal Time),15,tolak kerusuhan,tolak kerusuhan,,,,,,
2026-08-14T11:53:32.852379+00:00,20260814-115332,https://trends24.in/indonesia/,Fri Aug 14 2026 02:52:07 GMT+0000 (Coordinated Universal Time),16,STOP CROPPING JAMES OUT,stop cropping james out,,,,,,
2026-08-14T11:53:32.852379+00:00,20260814-115332,https://trends24.in/indonesia/,Fri Aug 14 2026 02:52:07 GMT+0000 (Coordinated Universal Time),17,PHUWIN BLACK CARD MV,phuwin black card mv,,,,,,
2026-08-14T11:53:32.852379+00:00,20260814-115332,https://trends24.in/indonesia/,Fri Aug 14 2026 02:52:07 GMT+0000 (Coordinated Universal Time),18,PIL PRESS AND PRAY,pil press and pray,,,,,,
2026-08-14T11:53:32.852379+00:00,20260814-115332,https://trends24.in/indonesia/,Fri Aug 14 2026 02:52:07 GMT+0000 (Coordinated Universal Time),19,Trade $ANTFUN,trade $antfun,,,,,,
2026-08-14T11:53:32.852379+00:00,20260814-115332,https://trends24.in/indonesia/,Fri Aug 14 2026 02:52:07 GMT+0000 (Coordinated Universal Time),20,COUNTLESS LOVE WITH HUENINGKAI,countless love with hueningkai,,,,,,
2026-08-14T11:53:32.852379+00:00,20260814-115332,https://trends24.in/indonesia/,Fri Aug 14 2026 02:52:07 GMT+0000 (Coordinated Universal Time),21,18 YEARS OF RORANDERFUL,18 years of roranderful,,,,,,
2026-08-14T11:53:32.852379+00:00,20260814-115332,https://trends24.in/indonesia/,Fri Aug 14 2026 02:52:07 GMT+0000 (Coordinated Universal Time),22,EMIBONNIE UNDER THE FIRST MOON,emibonnie under the first moon,,,,,,
2026-08-14T11:53:32.852379+00:00,20260814-115332,https://trends24.in/indonesia/,Fri Aug 14 2026 02:52:07 GMT+0000 (Coordinated Universal Time),23,SEONGHYEON IGNITES THE COAST,seonghyeon ignites the coast,,,,,,
2026-08-14T11:53:32.852379+00:00,20260814-115332,https://trends24.in/indonesia/,Fri Aug 14 2026 02:52:07 GMT+0000 (Coordinated Universal Time),24,Soccer,soccer,,,,,,
2026-08-14T11:53:32.852379+00:00,20260814-115332,https://trends24.in/indonesia/,Fri Aug 14 2026 02:52:07 GMT+0000 (Coordinated Universal Time),25,musical fountain,musical fountain,,,,,,
2026-08-14T11:53:32.852379+00:00,20260814-115332,https://trends24.in/indonesia/,Fri Aug 14 2026 02:52:07 GMT+0000 (Coordinated Universal Time),26,RAI Token,rai token,,,,,,
2026-08-14T11:53:32.852379+00:00,20260814-115332,https://trends24.in/indonesia/,Fri Aug 14 2026 02:52:07 GMT+0000 (Coordinated Universal Time),27,Darmaku Kubaktikan,darmaku kubaktikan,,,,,,
2026-08-14T11:53:32.852379+00:00,20260814-115332,https://trends24.in/indonesia/,Fri Aug 14 2026 02:52:07 GMT+0000 (Coordinated Universal Time),28,Satyaku Kudarmakan,satyaku kudarmakan,,,,,,
2026-08-14T11:53:32.852379+00:00,20260814-115332,https://trends24.in/indonesia/,Fri Aug 14 2026 02:52:07 GMT+0000 (Coordinated Universal Time),29,Mingyu,mingyu,,,,,,
2026-08-14T11:53:32.852379+00:00,20260814-115332,https://trends24.in/indonesia/,Fri Aug 14 2026 02:52:07 GMT+0000 (Coordinated Universal Time),30,Pagiii,pagiii,,,,,,
2026-08-14T11:53:32.852379+00:00,20260814-115332,https://trends24.in/indonesia/,Fri Aug 14 2026 02:52:07 GMT+0000 (Coordinated Universal Time),31,mencetak generasi unggul,mencetak generasi unggul,,,,,,
2026-08-14T11:53:32.852379+00:00,20260814-115332,https://trends24.in/indonesia/,Fri Aug 14 2026 02:52:07 GMT+0000 (Coordinated Universal Time),32,Robinhood Chain,robinhood chain,,,,,,
2026-08-14T11:53:32.852379+00:00,20260814-115332,https://trends24.in/indonesia/,Fri Aug 14 2026 02:52:07 GMT+0000 (Coordinated Universal Time),33,ORM SWU LEGACY FASHION,orm swu legacy fashion,,,,,,
2026-08-14T11:53:32.852379+00:00,20260814-115332,https://trends24.in/indonesia/,Fri Aug 14 2026 02:52:07 GMT+0000 (Coordinated Universal Time),34,127 Million Miles,127 million miles,,,,,,
2026-08-14T11:53:32.852379+00:00,20260814-115332,https://trends24.in/indonesia/,Fri Aug 14 2026 02:52:07 GMT+0000 (Coordinated Universal Time),35,Indonesia Emas 2045,indonesia emas 2045,,,,,,
2026-08-14T11:53:32.852379+00:00,20260814-115332,https://trends24.in/indonesia/,Fri Aug 14 2026 02:52:07 GMT+0000 (Coordinated Universal Time),36,RobiDrop Series 001,robidrop series 001,,,,,,
2026-08-14T11:53:32.852379+00:00,20260814-115332,https://trends24.in/indonesia/,Fri Aug 14 2026 02:52:07 GMT+0000 (Coordinated Universal Time),37,Sidang Tahunan MPR,sidang tahunan mpr,,,,,,
2026-08-14T11:53:32.852379+00:00,20260814-115332,https://trends24.in/indonesia/,Fri Aug 14 2026 02:52:07 GMT+0000 (Coordinated Universal Time),38,Desil 10,desil 10,,,,,,
2026-08-14T11:53:32.852379+00:00,20260814-115332,https://trends24.in/indonesia/,Fri Aug 14 2026 02:52:07 GMT+0000 (Coordinated Universal Time),39,TipFi,tipfi,,,,,,
2026-08-14T11:53:32.852379+00:00,20260814-115332,https://trends24.in/indonesia/,Fri Aug 14 2026 02:52:07 GMT+0000 (Coordinated Universal Time),40,amy presiden pks,amy presiden pks,,,,,,
2026-08-14T11:53:32.852379+00:00,20260814-115332,https://trends24.in/indonesia/,Fri Aug 14 2026 02:52:07 GMT+0000 (Coordinated Universal Time),41,Klaim Voucher 100%,klaim voucher 100%,,,,,,
2026-08-14T11:53:32.852379+00:00,20260814-115332,https://trends24.in/indonesia/,Fri Aug 14 2026 02:52:07 GMT+0000 (Coordinated Universal Time),42,STOP MISTREATING JAMES,stop mistreating james,,,,,,
2026-08-14T11:53:32.852379+00:00,20260814-115332,https://trends24.in/indonesia/,Fri Aug 14 2026 02:52:07 GMT+0000 (Coordinated Universal Time),43,$WISHBONE,$wishbone,,,,,,
2026-08-14T11:53:32.852379+00:00,20260814-115332,https://trends24.in/indonesia/,Fri Aug 14 2026 02:52:07 GMT+0000 (Coordinated Universal Time),44,Al Qadsiah,al qadsiah,,,,,,
2026-08-14T11:53:32.852379+00:00,20260814-115332,https://trends24.in/indonesia/,Fri Aug 14 2026 02:52:07 GMT+0000 (Coordinated Universal Time),45,jype,jype,,,,,,
2026-08-14T11:53:32.852379+00:00,20260814-115332,https://trends24.in/indonesia/,Fri Aug 14 2026 02:52:07 GMT+0000 (Coordinated Universal Time),46,Sarapan,sarapan,,,,,,
2026-08-14T11:53:32.852379+00:00,20260814-115332,https://trends24.in/indonesia/,Fri Aug 14 2026 02:52:07 GMT+0000 (Coordinated Universal Time),47,chris brown,chris brown,,,,,,
2026-08-14T11:53:32.852379+00:00,20260814-115332,https://trends24.in/indonesia/,Fri Aug 14 2026 02:52:07 GMT+0000 (Coordinated Universal Time),48,$STONKBROKER,$stonkbroker,,,,,,
2026-08-14T11:53:32.852379+00:00,20260814-115332,https://trends24.in/indonesia/,Fri Aug 14 2026 02:52:07 GMT+0000 (Coordinated Universal Time),49,Xdiz,xdiz,,,,,,
2026-08-14T11:53:32.852379+00:00,20260814-115332,https://trends24.in/indonesia/,Fri Aug 14 2026 02:52:07 GMT+0000 (Coordinated Universal Time),50,Kompleks Parlemen,kompleks parlemen,,,,,,
2026-08-14T11:53:32.852379+00:00,20260814-115332,https://trends24.in/indonesia/,Fri Aug 14 2026 02:00:42 GMT+0000 (Coordinated Universal Time),1,$MOTION,$motion,,,,,,
2026-08-14T11:53:32.852379+00:00,20260814-115332,https://trends24.in/indonesia/,Fri Aug 14 2026 02:00:42 GMT+0000 (Coordinated Universal Time),2,#YouManiacSeries,youmaniacseries,,,,,,
2026-08-14T11:53:32.852379+00:00,20260814-115332,https://trends24.in/indonesia/,Fri Aug 14 2026 02:00:42 GMT+0000 (Coordinated Universal Time),3,GoPay Investasi Emas,gopay investasi emas,,,,,,
2026-08-14T11:53:32.852379+00:00,20260814-115332,https://trends24.in/indonesia/,Fri Aug 14 2026 02:00:42 GMT+0000 (Coordinated Universal Time),4,#MakeAWishForJaemin,makeawishforjaemin,,,,,,
2026-08-14T11:53:32.852379+00:00,20260814-115332,https://trends24.in/indonesia/,Fri Aug 14 2026 02:00:42 GMT+0000 (Coordinated Universal Time),5,Selamat Hari Pramuka,selamat hari pramuka,,,,,,
2026-08-14T11:53:32.852379+00:00,20260814-115332,https://trends24.in/indonesia/,Fri Aug 14 2026 02:00:42 GMT+0000 (Coordinated Universal Time),6,Jangan Rayakan Duka,jangan rayakan duka,,,,,,
2026-08-14T11:53:32.852379+00:00,20260814-115332,https://trends24.in/indonesia/,Fri Aug 14 2026 02:00:42 GMT+0000 (Coordinated Universal Time),7,#JanganCatutAffan,jangancatutaffan,,,,,,
2026-08-14T11:53:32.852379+00:00,20260814-115332,https://trends24.in/indonesia/,Fri Aug 14 2026 02:00:42 GMT+0000 (Coordinated Universal Time),8,Jumat,jumat,,,,,,
2026-08-14T11:53:32.852379+00:00,20260814-115332,https://trends24.in/indonesia/,Fri Aug 14 2026 02:00:42 GMT+0000 (Coordinated Universal Time),9,#ì¬ëì¼ë¡_ê°ëì°¬_ì¬ë¯¼ì´ì_ì¤ë¬¼ì¬ì¯,ì¬ëì¼ë¡_ê°ëì°¬_ì¬ë¯¼ì´ì_ì¤ë¬¼ì¬ì¯,,,,,,
2026-08-14T11:53:32.852379+00:00,20260814-115332,https://trends24.in/indonesia/,Fri Aug 14 2026 02:00:42 GMT+0000 (Coordinated Universal Time),10,pengabdian pada negeri,pengabdian pada negeri,,,,,,
2026-08-14T11:53:32.852379+00:00,20260814-115332,https://trends24.in/indonesia/,Fri Aug 14 2026 02:00:42 GMT+0000 (Coordinated Universal Time),11,Gunil,gunil,,,,,,
2026-08-14T11:53:32.852379+00:00,20260814-115332,https://trends24.in/indonesia/,Fri Aug 14 2026 02:00:42 GMT+0000 (Coordinated Universal Time),12,#BlackCardPHUWINmv,blackcardphuwinmv,,,,,,
2026-08-14T11:53:32.852379+00:00,20260814-115332,https://trends24.in/indonesia/,Fri Aug 14 2026 02:00:42 GMT+0000 (Coordinated Universal Time),13,DEWTEE LIVE HOUSE,dewtee live house,,,,,,
2026-08-14T11:53:32.852379+00:00,20260814-115332,https://trends24.in/indonesia/,Fri Aug 14 2026 02:00:42 GMT+0000 (Coordinated Universal Time),14,perkuat perkokoh nkri,perkuat perkokoh nkri,,,,,,
2026-08-14T11:53:32.852379+00:00,20260814-115332,https://trends24.in/indonesia/,Fri Aug 14 2026 02:00:42 GMT+0000 (Coordinated Universal Time),15,STOP CROPPING JAMES OUT,stop cropping james out,,,,,,
2026-08-14T11:53:32.852379+00:00,20260814-115332,https://trends24.in/indonesia/,Fri Aug 14 2026 02:00:42 GMT+0000 (Coordinated Universal Time),16,tolak kerusuhan,tolak kerusuhan,,,,,,
2026-08-14T11:53:32.852379+00:00,20260814-115332,https://trends24.in/indonesia/,Fri Aug 14 2026 02:00:42 GMT+0000 (Coordinated Universal Time),17,PHUWIN BLACK CARD MV,phuwin black card mv,,,,,,
2026-08-14T11:53:32.852379+00:00,20260814-115332,https://trends24.in/indonesia/,Fri Aug 14 2026 02:00:42 GMT+0000 (Coordinated Universal Time),18,COUNTLESS LOVE WITH HUENINGKAI,countless love with hueningkai,,,,,,
2026-08-14T11:53:32.852379+00:00,20260814-115332,https://trends24.in/indonesia/,Fri Aug 14 2026 02:00:42 GMT+0000 (Coordinated Universal Time),19,Trade $ANTFUN,trade $antfun,,,,,,
2026-08-14T11:53:32.852379+00:00,20260814-115332,https://trends24.in/indonesia/,Fri Aug 14 2026 02:00:42 GMT+0000 (Coordinated Universal Time),20,18 YEARS OF RORANDERFUL,18 years of roranderful,,,,,,
2026-08-14T11:53:32.852379+00:00,20260814-115332,https://trends24.in/indonesia/,Fri Aug 14 2026 02:00:42 GMT+0000 (Coordinated Universal Time),21,EMIBONNIE UNDER THE FIRST MOON,emibonnie under the first moon,,,,,,
2026-08-14T11:53:32.852379+00:00,20260814-115332,https://trends24.in/indonesia/,Fri Aug 14 2026 02:00:42 GMT+0000 (Coordinated Universal Time),22,Pagii,pagii,,,,,,
2026-08-14T11:53:32.852379+00:00,20260814-115332,https://trends24.in/indonesia/,Fri Aug 14 2026 02:00:42 GMT+0000 (Coordinated Universal Time),23,Soccer,soccer,,,,,,
2026-08-14T11:53:32.852379+00:00,20260814-115332,https://trends24.in/indonesia/,Fri Aug 14 2026 02:00:42 GMT+0000 (Coordinated Universal Time),24,musical fountain,musical fountain,,,,,,
2026-08-14T11:53:32.852379+00:00,20260814-115332,https://trends24.in/indonesia/,Fri Aug 14 2026 02:00:42 GMT+0000 (Coordinated Universal Time),25,Darmaku Kubaktikan,darmaku kubaktikan,,,,,,
2026-08-14T11:53:32.852379+00:00,20260814-115332,https://trends24.in/indonesia/,Fri Aug 14 2026 02:00:42 GMT+0000 (Coordinated Universal Time),26,Robinhood Chain,robinhood chain,,,,,,
2026-08-14T11:53:32.852379+00:00,20260814-115332,https://trends24.in/indonesia/,Fri Aug 14 2026 02:00:42 GMT+0000 (Coordinated Universal Time),27,Satyaku Kudarmakan,satyaku kudarmakan,,,,,,
2026-08-14T11:53:32.852379+00:00,20260814-115332,https://trends24.in/indonesia/,Fri Aug 14 2026 02:00:42 GMT+0000 (Coordinated Universal Time),28,mencetak generasi unggul,mencetak generasi unggul,,,,,,
2026-08-14T11:53:32.852379+00:00,20260814-115332,https://trends24.in/indonesia/,Fri Aug 14 2026 02:00:42 GMT+0000 (Coordinated Universal Time),29,127 Million Miles,127 million miles,,,,,,
2026-08-14T11:53:32.852379+00:00,20260814-115332,https://trends24.in/indonesia/,Fri Aug 14 2026 02:00:42 GMT+0000 (Coordinated Universal Time),30,Mingyu,mingyu,,,,,,
2026-08-14T11:53:32.852379+00:00,20260814-115332,https://trends24.in/indonesia/,Fri Aug 14 2026 02:00:42 GMT+0000 (Coordinated Universal Time),31,ORM SWU LEGACY FASHION,orm swu legacy fashion,,,,,,
2026-08-14T11:53:32.852379+00:00,20260814-115332,https://trends24.in/indonesia/,Fri Aug 14 2026 02:00:42 GMT+0000 (Coordinated Universal Time),32,TipFi,tipfi,,,,,,
2026-08-14T11:53:32.852379+00:00,20260814-115332,https://trends24.in/indonesia/,Fri Aug 14 2026 02:00:42 GMT+0000 (Coordinated Universal Time),33,RobiDrop Series 001,robidrop series 001,,,,,,
2026-08-14T11:53:32.852379+00:00,20260814-115332,https://trends24.in/indonesia/,Fri Aug 14 2026 02:00:42 GMT+0000 (Coordinated Universal Time),34,Join Grup Telegram,join grup telegram,,,,,,
2026-08-14T11:53:32.852379+00:00,20260814-115332,https://trends24.in/indonesia/,Fri Aug 14 2026 02:00:42 GMT+0000 (Coordinated Universal Time),35,amy presiden pks,amy presiden pks,,,,,,
2026-08-14T11:53:32.852379+00:00,20260814-115332,https://trends24.in/indonesia/,Fri Aug 14 2026 02:00:42 GMT+0000 (Coordinated Universal Time),36,Desil 10,desil 10,,,,,,
2026-08-14T11:53:32.852379+00:00,20260814-115332,https://trends24.in/indonesia/,Fri Aug 14 2026 02:00:42 GMT+0000 (Coordinated Universal Time),37,Klaim Voucher 100%,klaim voucher 100%,,,,,,
2026-08-14T11:53:32.852379+00:00,20260814-115332,https://trends24.in/indonesia/,Fri Aug 14 2026 02:00:42 GMT+0000 (Coordinated Universal Time),38,Sarapan,sarapan,,,,,,
2026-08-14T11:53:32.852379+00:00,20260814-115332,https://trends24.in/indonesia/,Fri Aug 14 2026 02:00:42 GMT+0000 (Coordinated Universal Time),39,Al Qadsiah,al qadsiah,,,,,,
2026-08-14T11:53:32.852379+00:00,20260814-115332,https://trends24.in/indonesia/,Fri Aug 14 2026 02:00:42 GMT+0000 (Coordinated Universal Time),40,$WISHBONE,$wishbone,,,,,,
2026-08-14T11:53:32.852379+00:00,20260814-115332,https://trends24.in/indonesia/,Fri Aug 14 2026 02:00:42 GMT+0000 (Coordinated Universal Time),41,STOP MISTREATING JAMES,stop mistreating james,,,,,,
2026-08-14T11:53:32.852379+00:00,20260814-115332,https://trends24.in/indonesia/,Fri Aug 14 2026 02:00:42 GMT+0000 (Coordinated Universal Time),42,jype,jype,,,,,,
2026-08-14T11:53:32.852379+00:00,20260814-115332,https://trends24.in/indonesia/,Fri Aug 14 2026 02:00:42 GMT+0000 (Coordinated Universal Time),43,Sidang Tahunan MPR,sidang tahunan mpr,,,,,,
2026-08-14T11:53:32.852379+00:00,20260814-115332,https://trends24.in/indonesia/,Fri Aug 14 2026 02:00:42 GMT+0000 (Coordinated Universal Time),44,chris brown,chris brown,,,,,,
2026-08-14T11:53:32.852379+00:00,20260814-115332,https://trends24.in/indonesia/,Fri Aug 14 2026 02:00:42 GMT+0000 (Coordinated Universal Time),45,$STONKBROKER,$stonkbroker,,,,,,
2026-08-14T11:53:32.852379+00:00,20260814-115332,https://trends24.in/indonesia/,Fri Aug 14 2026 02:00:42 GMT+0000 (Coordinated Universal Time),46,Morningg,morningg,,,,,,
2026-08-14T11:53:32.852379+00:00,20260814-115332,https://trends24.in/indonesia/,Fri Aug 14 2026 02:00:42 GMT+0000 (Coordinated Universal Time),47,Xdiz,xdiz,,,,,,
2026-08-14T11:53:32.852379+00:00,20260814-115332,https://trends24.in/indonesia/,Fri Aug 14 2026 02:00:42 GMT+0000 (Coordinated Universal Time),48,PERFECT SCENT WITH EST,perfect scent with est,,,,,,
2026-08-14T11:53:32.852379+00:00,20260814-115332,https://trends24.in/indonesia/,Fri Aug 14 2026 02:00:42 GMT+0000 (Coordinated Universal Time),49,Enzo,enzo,,,,,,
2026-08-14T11:53:32.852379+00:00,20260814-115332,https://trends24.in/indonesia/,Fri Aug 14 2026 02:00:42 GMT+0000 (Coordinated Universal Time),50,Plaza Senayan,plaza senayan,,,,,,
2026-08-14T11:53:32.852379+00:00,20260814-115332,https://trends24.in/indonesia/,Fri Aug 14 2026 02:00:32 GMT+0000 (Coordinated Universal Time),1,$MOTION,$motion,,,,,,
2026-08-14T11:53:32.852379+00:00,20260814-115332,https://trends24.in/indonesia/,Fri Aug 14 2026 02:00:32 GMT+0000 (Coordinated Universal Time),2,#YouManiacSeries,youmaniacseries,,,,,,
2026-08-14T11:53:32.852379+00:00,20260814-115332,https://trends24.in/indonesia/,Fri Aug 14 2026 02:00:32 GMT+0000 (Coordinated Universal Time),3,GoPay Investasi Emas,gopay investasi emas,,,,,,
2026-08-14T11:53:32.852379+00:00,20260814-115332,https://trends24.in/indonesia/,Fri Aug 14 2026 02:00:32 GMT+0000 (Coordinated Universal Time),4,#MakeAWishForJaemin,makeawishforjaemin,,,,,,
2026-08-14T11:53:32.852379+00:00,20260814-115332,https://trends24.in/indonesia/,Fri Aug 14 2026 02:00:32 GMT+0000 (Coordinated Universal Time),5,Selamat Hari Pramuka,selamat hari pramuka,,,,,,
2026-08-14T11:53:32.852379+00:00,20260814-115332,https://trends24.in/indonesia/,Fri Aug 14 2026 02:00:32 GMT+0000 (Coordinated Universal Time),6,Jumat,jumat,,,,,,
2026-08-14T11:53:32.852379+00:00,20260814-115332,https://trends24.in/indonesia/,Fri Aug 14 2026 02:00:32 GMT+0000 (Coordinated Universal Time),7,Jangan Rayakan Duka,jangan rayakan duka,,,,,,
2026-08-14T11:53:32.852379+00:00,20260814-115332,https://trends24.in/indonesia/,Fri Aug 14 2026 02:00:32 GMT+0000 (Coordinated Universal Time),8,#JanganCatutAffan,jangancatutaffan,,,,,,
2026-08-14T11:53:32.852379+00:00,20260814-115332,https://trends24.in/indonesia/,Fri Aug 14 2026 02:00:32 GMT+0000 (Coordinated Universal Time),9,#ì¬ëì¼ë¡_ê°ëì°¬_ì¬ë¯¼ì´ì_ì¤ë¬¼ì¬ì¯,ì¬ëì¼ë¡_ê°ëì°¬_ì¬ë¯¼ì´ì_ì¤ë¬¼ì¬ì¯,,,,,,
2026-08-14T11:53:32.852379+00:00,20260814-115332,https://trends24.in/indonesia/,Fri Aug 14 2026 02:00:32 GMT+0000 (Coordinated Universal Time),10,pengabdian pada negeri,pengabdian pada negeri,,,,,,
2026-08-14T11:53:32.852379+00:00,20260814-115332,https://trends24.in/indonesia/,Fri Aug 14 2026 02:00:32 GMT+0000 (Coordinated Universal Time),11,Gunil,gunil,,,,,,
2026-08-14T11:53:32.852379+00:00,20260814-115332,https://trends24.in/indonesia/,Fri Aug 14 2026 02:00:32 GMT+0000 (Coordinated Universal Time),12,#BlackCardPHUWINmv,blackcardphuwinmv,,,,,,
2026-08-14T11:53:32.852379+00:00,20260814-115332,https://trends24.in/indonesia/,Fri Aug 14 2026 02:00:32 GMT+0000 (Coordinated Universal Time),13,DEWTEE LIVE HOUSE,dewtee live house,,,,,,
2026-08-14T11:53:32.852379+00:00,20260814-115332,https://trends24.in/indonesia/,Fri Aug 14 2026 02:00:32 GMT+0000 (Coordinated Universal Time),14,STOP CROPPING JAMES OUT,stop cropping james out,,,,,,
2026-08-14T11:53:32.852379+00:00,20260814-115332,https://trends24.in/indonesia/,Fri Aug 14 2026 02:00:32 GMT+0000 (Coordinated Universal Time),15,perkuat perkokoh nkri,perkuat perkokoh nkri,,,,,,
2026-08-14T11:53:32.852379+00:00,20260814-115332,https://trends24.in/indonesia/,Fri Aug 14 2026 02:00:32 GMT+0000 (Coordinated Universal Time),16,tolak kerusuhan,tolak kerusuhan,,,,,,
2026-08-14T11:53:32.852379+00:00,20260814-115332,https://trends24.in/indonesia/,Fri Aug 14 2026 02:00:32 GMT+0000 (Coordinated Universal Time),17,PHUWIN BLACK CARD MV,phuwin black card mv,,,,,,
2026-08-14T11:53:32.852379+00:00,20260814-115332,https://trends24.in/indonesia/,Fri Aug 14 2026 02:00:32 GMT+0000 (Coordinated Universal Time),18,COUNTLESS LOVE WITH HUENINGKAI,countless love with hueningkai,,,,,,
2026-08-14T11:53:32.852379+00:00,20260814-115332,https://trends24.in/indonesia/,Fri Aug 14 2026 02:00:32 GMT+0000 (Coordinated Universal Time),19,Trade $ANTFUN,trade $antfun,,,,,,
2026-08-14T11:53:32.852379+00:00,20260814-115332,https://trends24.in/indonesia/,Fri Aug 14 2026 02:00:32 GMT+0000 (Coordinated Universal Time),20,EMIBONNIE UNDER THE FIRST MOON,emibonnie under the first moon,,,,,,
2026-08-14T11:53:32.852379+00:00,20260814-115332,https://trends24.in/indonesia/,Fri Aug 14 2026 02:00:32 GMT+0000 (Coordinated Universal Time),21,18 YEARS OF RORANDERFUL,18 years of roranderful,,,,,,
2026-08-14T11:53:32.852379+00:00,20260814-115332,https://trends24.in/indonesia/,Fri Aug 14 2026 02:00:32 GMT+0000 (Coordinated Universal Time),22,Pagii,pagii,,,,,,
2026-08-14T11:53:32.852379+00:00,20260814-115332,https://trends24.in/indonesia/,Fri Aug 14 2026 02:00:32 GMT+0000 (Coordinated Universal Time),23,Soccer,soccer,,,,,,
2026-08-14T11:53:32.852379+00:00,20260814-115332,https://trends24.in/indonesia/,Fri Aug 14 2026 02:00:32 GMT+0000 (Coordinated Universal Time),24,musical fountain,musical fountain,,,,,,
2026-08-14T11:53:32.852379+00:00,20260814-115332,https://trends24.in/indonesia/,Fri Aug 14 2026 02:00:32 GMT+0000 (Coordinated Universal Time),25,Darmaku Kubaktikan,darmaku kubaktikan,,,,,,
2026-08-14T11:53:32.852379+00:00,20260814-115332,https://trends24.in/indonesia/,Fri Aug 14 2026 02:00:32 GMT+0000 (Coordinated Universal Time),26,Satyaku Kudarmakan,satyaku kudarmakan,,,,,,
2026-08-14T11:53:32.852379+00:00,20260814-115332,https://trends24.in/indonesia/,Fri Aug 14 2026 02:00:32 GMT+0000 (Coordinated Universal Time),27,Robinhood Chain,robinhood chain,,,,,,
2026-08-14T11:53:32.852379+00:00,20260814-115332,https://trends24.in/indonesia/,Fri Aug 14 2026 02:00:32 GMT+0000 (Coordinated Universal Time),28,mencetak generasi unggul,mencetak generasi unggul,,,,,,
2026-08-14T11:53:32.852379+00:00,20260814-115332,https://trends24.in/indonesia/,Fri Aug 14 2026 02:00:32 GMT+0000 (Coordinated Universal Time),29,127 Million Miles,127 million miles,,,,,,
2026-08-14T11:53:32.852379+00:00,20260814-115332,https://trends24.in/indonesia/,Fri Aug 14 2026 02:00:32 GMT+0000 (Coordinated Universal Time),30,Mingyu,mingyu,,,,,,
2026-08-14T11:53:32.852379+00:00,20260814-115332,https://trends24.in/indonesia/,Fri Aug 14 2026 02:00:32 GMT+0000 (Coordinated Universal Time),31,ORM SWU LEGACY FASHION,orm swu legacy fashion,,,,,,
2026-08-14T11:53:32.852379+00:00,20260814-115332,https://trends24.in/indonesia/,Fri Aug 14 2026 02:00:32 GMT+0000 (Coordinated Universal Time),32,TipFi,tipfi,,,,,,
2026-08-14T11:53:32.852379+00:00,20260814-115332,https://trends24.in/indonesia/,Fri Aug 14 2026 02:00:32 GMT+0000 (Coordinated Universal Time),33,RobiDrop Series 001,robidrop series 001,,,,,,
2026-08-14T11:53:32.852379+00:00,20260814-115332,https://trends24.in/indonesia/,Fri Aug 14 2026 02:00:32 GMT+0000 (Coordinated Universal Time),34,Join Grup Telegram,join grup telegram,,,,,,
2026-08-14T11:53:32.852379+00:00,20260814-115332,https://trends24.in/indonesia/,Fri Aug 14 2026 02:00:32 GMT+0000 (Coordinated Universal Time),35,amy presiden pks,amy presiden pks,,,,,,
2026-08-14T11:53:32.852379+00:00,20260814-115332,https://trends24.in/indonesia/,Fri Aug 14 2026 02:00:32 GMT+0000 (Coordinated Universal Time),36,Desil 10,desil 10,,,,,,
2026-08-14T11:53:32.852379+00:00,20260814-115332,https://trends24.in/indonesia/,Fri Aug 14 2026 02:00:32 GMT+0000 (Coordinated Universal Time),37,Klaim Voucher 100%,klaim voucher 100%,,,,,,
2026-08-14T11:53:32.852379+00:00,20260814-115332,https://trends24.in/indonesia/,Fri Aug 14 2026 02:00:32 GMT+0000 (Coordinated Universal Time),38,Sarapan,sarapan,,,,,,
2026-08-14T11:53:32.852379+00:00,20260814-115332,https://trends24.in/indonesia/,Fri Aug 14 2026 02:00:32 GMT+0000 (Coordinated Universal Time),39,Al Qadsiah,al qadsiah,,,,,,
2026-08-14T11:53:32.852379+00:00,20260814-115332,https://trends24.in/indonesia/,Fri Aug 14 2026 02:00:32 GMT+0000 (Coordinated Universal Time),40,$WISHBONE,$wishbone,,,,,,
2026-08-14T11:53:32.852379+00:00,20260814-115332,https://trends24.in/indonesia/,Fri Aug 14 2026 02:00:32 GMT+0000 (Coordinated Universal Time),41,STOP MISTREATING JAMES,stop mistreating james,,,,,,
2026-08-14T11:53:32.852379+00:00,20260814-115332,https://trends24.in/indonesia/,Fri Aug 14 2026 02:00:32 GMT+0000 (Coordinated Universal Time),42,Sidang Tahunan MPR,sidang tahunan mpr,,,,,,
2026-08-14T11:53:32.852379+00:00,20260814-115332,https://trends24.in/indonesia/,Fri Aug 14 2026 02:00:32 GMT+0000 (Coordinated Universal Time),43,jype,jype,,,,,,
2026-08-14T11:53:32.852379+00:00,20260814-115332,https://trends24.in/indonesia/,Fri Aug 14 2026 02:00:32 GMT+0000 (Coordinated Universal Time),44,chris brown,chris brown,,,,,,
2026-08-14T11:53:32.852379+00:00,20260814-115332,https://trends24.in/indonesia/,Fri Aug 14 2026 02:00:32 GMT+0000 (Coordinated Universal Time),45,$STONKBROKER,$stonkbroker,,,,,,
2026-08-14T11:53:32.852379+00:00,20260814-115332,https://trends24.in/indonesia/,Fri Aug 14 2026 02:00:32 GMT+0000 (Coordinated Universal Time),46,Morningg,morningg,,,,,,
2026-08-14T11:53:32.852379+00:00,20260814-115332,https://trends24.in/indonesia/,Fri Aug 14 2026 02:00:32 GMT+0000 (Coordinated Universal Time),47,Xdiz,xdiz,,,,,,
2026-08-14T11:53:32.852379+00:00,20260814-115332,https://trends24.in/indonesia/,Fri Aug 14 2026 02:00:32 GMT+0000 (Coordinated Universal Time),48,PERFECT SCENT WITH EST,perfect scent with est,,,,,,
2026-08-14T11:53:32.852379+00:00,20260814-115332,https://trends24.in/indonesia/,Fri Aug 14 2026 02:00:32 GMT+0000 (Coordinated Universal Time),49,Enzo,enzo,,,,,,
2026-08-14T11:53:32.852379+00:00,20260814-115332,https://trends24.in/indonesia/,Fri Aug 14 2026 02:00:32 GMT+0000 (Coordinated Universal Time),50,Plaza Senayan,plaza senayan,,,,,,
2026-08-14T11:53:32.852379+00:00,20260814-115332,https://trends24.in/indonesia/,Fri Aug 14 2026 01:09:47 GMT+0000 (Coordinated Universal Time),1,$MOTION,$motion,,,,,,
2026-08-14T11:53:32.852379+00:00,20260814-115332,https://trends24.in/indonesia/,Fri Aug 14 2026 01:09:47 GMT+0000 (Coordinated Universal Time),2,#YouManiacSeries,youmaniacseries,,,,,,
2026-08-14T11:53:32.852379+00:00,20260814-115332,https://trends24.in/indonesia/,Fri Aug 14 2026 01:09:47 GMT+0000 (Coordinated Universal Time),3,GoPay Investasi Emas,gopay investasi emas,,,,,,
2026-08-14T11:53:32.852379+00:00,20260814-115332,https://trends24.in/indonesia/,Fri Aug 14 2026 01:09:47 GMT+0000 (Coordinated Universal Time),4,#MakeAWishForJaemin,makeawishforjaemin,,,,,,
2026-08-14T11:53:32.852379+00:00,20260814-115332,https://trends24.in/indonesia/,Fri Aug 14 2026 01:09:47 GMT+0000 (Coordinated Universal Time),5,Selamat Hari Pramuka,selamat hari pramuka,,,,,,
2026-08-14T11:53:32.852379+00:00,20260814-115332,https://trends24.in/indonesia/,Fri Aug 14 2026 01:09:47 GMT+0000 (Coordinated Universal Time),6,#ì¬ëì¼ë¡_ê°ëì°¬_ì¬ë¯¼ì´ì_ì¤ë¬¼ì¬ì¯,ì¬ëì¼ë¡_ê°ëì°¬_ì¬ë¯¼ì´ì_ì¤ë¬¼ì¬ì¯,,,,,,
2026-08-14T11:53:32.852379+00:00,20260814-115332,https://trends24.in/indonesia/,Fri Aug 14 2026 01:09:47 GMT+0000 (Coordinated Universal Time),7,Jumat,jumat,,,,,,
2026-08-14T11:53:32.852379+00:00,20260814-115332,https://trends24.in/indonesia/,Fri Aug 14 2026 01:09:47 GMT+0000 (Coordinated Universal Time),8,pengabdian pada negeri,pengabdian pada negeri,,,,,,
2026-08-14T11:53:32.852379+00:00,20260814-115332,https://trends24.in/indonesia/,Fri Aug 14 2026 01:09:47 GMT+0000 (Coordinated Universal Time),9,Gunil,gunil,,,,,,
2026-08-14T11:53:32.852379+00:00,20260814-115332,https://trends24.in/indonesia/,Fri Aug 14 2026 01:09:47 GMT+0000 (Coordinated Universal Time),10,#BlackCardPHUWINmv,blackcardphuwinmv,,,,,,
2026-08-14T11:53:32.852379+00:00,20260814-115332,https://trends24.in/indonesia/,Fri Aug 14 2026 01:09:47 GMT+0000 (Coordinated Universal Time),11,DEWTEE LIVE HOUSE,dewtee live house,,,,,,
2026-08-14T11:53:32.852379+00:00,20260814-115332,https://trends24.in/indonesia/,Fri Aug 14 2026 01:09:47 GMT+0000 (Coordinated Universal Time),12,STOP CROPPING JAMES OUT,stop cropping james out,,,,,,
2026-08-14T11:53:32.852379+00:00,20260814-115332,https://trends24.in/indonesia/,Fri Aug 14 2026 01:09:47 GMT+0000 (Coordinated Universal Time),13,#GMMTVLiveHouse,gmmtvlivehouse,,,,,,
2026-08-14T11:53:32.852379+00:00,20260814-115332,https://trends24.in/indonesia/,Fri Aug 14 2026 01:09:47 GMT+0000 (Coordinated Universal Time),14,perkuat perkokoh nkri,perkuat perkokoh nkri,,,,,,
2026-08-14T11:53:32.852379+00:00,20260814-115332,https://trends24.in/indonesia/,Fri Aug 14 2026 01:09:47 GMT+0000 (Coordinated Universal Time),15,tolak kerusuhan,tolak kerusuhan,,,,,,
2026-08-14T11:53:32.852379+00:00,20260814-115332,https://trends24.in/indonesia/,Fri Aug 14 2026 01:09:47 GMT+0000 (Coordinated Universal Time),16,PHUWIN BLACK CARD MV,phuwin black card mv,,,,,,
2026-08-14T11:53:32.852379+00:00,20260814-115332,https://trends24.in/indonesia/,Fri Aug 14 2026 01:09:47 GMT+0000 (Coordinated Universal Time),17,COUNTLESS LOVE WITH HUENINGKAI,countless love with hueningkai,,,,,,
2026-08-14T11:53:32.852379+00:00,20260814-115332,https://trends24.in/indonesia/,Fri Aug 14 2026 01:09:47 GMT+0000 (Coordinated Universal Time),18,EMIBONNIE UNDER THE FIRST MOON,emibonnie under the first moon,,,,,,
2026-08-14T11:53:32.852379+00:00,20260814-115332,https://trends24.in/indonesia/,Fri Aug 14 2026 01:09:47 GMT+0000 (Coordinated Universal Time),19,Trade $ANTFUN,trade $antfun,,,,,,
2026-08-14T11:53:32.852379+00:00,20260814-115332,https://trends24.in/indonesia/,Fri Aug 14 2026 01:09:47 GMT+0000 (Coordinated Universal Time),20,Soccer,soccer,,,,,,
2026-08-14T11:53:32.852379+00:00,20260814-115332,https://trends24.in/indonesia/,Fri Aug 14 2026 01:09:47 GMT+0000 (Coordinated Universal Time),21,musical fountain,musical fountain,,,,,,
2026-08-14T11:53:32.852379+00:00,20260814-115332,https://trends24.in/indonesia/,Fri Aug 14 2026 01:09:47 GMT+0000 (Coordinated Universal Time),22,Pagii,pagii,,,,,,
2026-08-14T11:53:32.852379+00:00,20260814-115332,https://trends24.in/indonesia/,Fri Aug 14 2026 01:09:47 GMT+0000 (Coordinated Universal Time),23,Robinhood Chain,robinhood chain,,,,,,
2026-08-14T11:53:32.852379+00:00,20260814-115332,https://trends24.in/indonesia/,Fri Aug 14 2026 01:09:47 GMT+0000 (Coordinated Universal Time),24,mencetak generasi unggul,mencetak generasi unggul,,,,,,
2026-08-14T11:53:32.852379+00:00,20260814-115332,https://trends24.in/indonesia/,Fri Aug 14 2026 01:09:47 GMT+0000 (Coordinated Universal Time),25,Join Grup Telegram,join grup telegram,,,,,,
2026-08-14T11:53:32.852379+00:00,20260814-115332,https://trends24.in/indonesia/,Fri Aug 14 2026 01:09:47 GMT+0000 (Coordinated Universal Time),26,ORM SWU LEGACY FASHION,orm swu legacy fashion,,,,,,
2026-08-14T11:53:32.852379+00:00,20260814-115332,https://trends24.in/indonesia/,Fri Aug 14 2026 01:09:47 GMT+0000 (Coordinated Universal Time),27,TipFi,tipfi,,,,,,
2026-08-14T11:53:32.852379+00:00,20260814-115332,https://trends24.in/indonesia/,Fri Aug 14 2026 01:09:47 GMT+0000 (Coordinated Universal Time),28,Mingyu,mingyu,,,,,,
2026-08-14T11:53:32.852379+00:00,20260814-115332,https://trends24.in/indonesia/,Fri Aug 14 2026 01:09:47 GMT+0000 (Coordinated Universal Time),29,STOP MISTREATING JAMES,stop mistreating james,,,,,,
2026-08-14T11:53:32.852379+00:00,20260814-115332,https://trends24.in/indonesia/,Fri Aug 14 2026 01:09:47 GMT+0000 (Coordinated Universal Time),30,Desil 10,desil 10,,,,,,
2026-08-14T11:53:32.852379+00:00,20260814-115332,https://trends24.in/indonesia/,Fri Aug 14 2026 01:09:47 GMT+0000 (Coordinated Universal Time),31,amy presiden pks,amy presiden pks,,,,,,
2026-08-14T11:53:32.852379+00:00,20260814-115332,https://trends24.in/indonesia/,Fri Aug 14 2026 01:09:47 GMT+0000 (Coordinated Universal Time),32,$WISHBONE,$wishbone,,,,,,
2026-08-14T11:53:32.852379+00:00,20260814-115332,https://trends24.in/indonesia/,Fri Aug 14 2026 01:09:47 GMT+0000 (Coordinated Universal Time),33,jype,jype,,,,,,
2026-08-14T11:53:32.852379+00:00,20260814-115332,https://trends24.in/indonesia/,Fri Aug 14 2026 01:09:47 GMT+0000 (Coordinated Universal Time),34,Klaim Voucher 100%,klaim voucher 100%,,,,,,
2026-08-14T11:53:32.852379+00:00,20260814-115332,https://trends24.in/indonesia/,Fri Aug 14 2026 01:09:47 GMT+0000 (Coordinated Universal Time),35,Al Qadsiah,al qadsiah,,,,,,
2026-08-14T11:53:32.852379+00:00,20260814-115332,https://trends24.in/indonesia/,Fri Aug 14 2026 01:09:47 GMT+0000 (Coordinated Universal Time),36,$STONKBROKER,$stonkbroker,,,,,,
2026-08-14T11:53:32.852379+00:00,20260814-115332,https://trends24.in/indonesia/,Fri Aug 14 2026 01:09:47 GMT+0000 (Coordinated Universal Time),37,chris brown,chris brown,,,,,,
2026-08-14T11:53:32.852379+00:00,20260814-115332,https://trends24.in/indonesia/,Fri Aug 14 2026 01:09:47 GMT+0000 (Coordinated Universal Time),38,Morningg,morningg,,,,,,
2026-08-14T11:53:32.852379+00:00,20260814-115332,https://trends24.in/indonesia/,Fri Aug 14 2026 01:09:47 GMT+0000 (Coordinated Universal Time),39,Affan,affan,,,,,,
2026-08-14T11:53:32.852379+00:00,20260814-115332,https://trends24.in/indonesia/,Fri Aug 14 2026 01:09:47 GMT+0000 (Coordinated Universal Time),40,Xdiz,xdiz,,,,,,
2026-08-14T11:53:32.852379+00:00,20260814-115332,https://trends24.in/indonesia/,Fri Aug 14 2026 01:09:47 GMT+0000 (Coordinated Universal Time),41,PERFECT SCENT WITH EST,perfect scent with est,,,,,,
2026-08-14T11:53:32.852379+00:00,20260814-115332,https://trends24.in/indonesia/,Fri Aug 14 2026 01:09:47 GMT+0000 (Coordinated Universal Time),42,Plaza Senayan,plaza senayan,,,,,,
2026-08-14T11:53:32.852379+00:00,20260814-115332,https://trends24.in/indonesia/,Fri Aug 14 2026 01:09:47 GMT+0000 (Coordinated Universal Time),43,Ferran Torres,ferran torres,,,,,,
2026-08-14T11:53:32.852379+00:00,20260814-115332,https://trends24.in/indonesia/,Fri Aug 14 2026 01:09:47 GMT+0000 (Coordinated Universal Time),44,$BRODIE,$brodie,,,,,,
2026-08-14T11:53:32.852379+00:00,20260814-115332,https://trends24.in/indonesia/,Fri Aug 14 2026 01:09:47 GMT+0000 (Coordinated Universal Time),45,keadilan terjaga,keadilan terjaga,,,,,,
2026-08-14T11:53:32.852379+00:00,20260814-115332,https://trends24.in/indonesia/,Fri Aug 14 2026 01:09:47 GMT+0000 (Coordinated Universal Time),46,BE MY PLAYER TWO EP5,be my player two ep5,,,,,,
2026-08-14T11:53:32.852379+00:00,20260814-115332,https://trends24.in/indonesia/,Fri Aug 14 2026 01:09:47 GMT+0000 (Coordinated Universal Time),47,Xavi,xavi,,,,,,
2026-08-14T11:53:32.852379+00:00,20260814-115332,https://trends24.in/indonesia/,Fri Aug 14 2026 01:09:47 GMT+0000 (Coordinated Universal Time),48,Enzo,enzo,,,,,,
2026-08-14T11:53:32.852379+00:00,20260814-115332,https://trends24.in/indonesia/,Fri Aug 14 2026 01:09:47 GMT+0000 (Coordinated Universal Time),49,BUNKER,bunker,,,,,,
2026-08-14T11:53:32.852379+00:00,20260814-115332,https://trends24.in/indonesia/,Fri Aug 14 2026 01:09:47 GMT+0000 (Coordinated Universal Time),50,investasi berdampak,investasi berdampak,,,,,,
2026-08-14T11:53:32.852379+00:00,20260814-115332,https://trends24.in/indonesia/,Fri Aug 14 2026 00:18:47 GMT+0000 (Coordinated Universal Time),1,$MOTION,$motion,,,,,,
2026-08-14T11:53:32.852379+00:00,20260814-115332,https://trends24.in/indonesia/,Fri Aug 14 2026 00:18:47 GMT+0000 (Coordinated Universal Time),2,#YouManiacSeries,youmaniacseries,,,,,,
2026-08-14T11:53:32.852379+00:00,20260814-115332,https://trends24.in/indonesia/,Fri Aug 14 2026 00:18:47 GMT+0000 (Coordinated Universal Time),3,GoPay Investasi Emas,gopay investasi emas,,,,,,
2026-08-14T11:53:32.852379+00:00,20260814-115332,https://trends24.in/indonesia/,Fri Aug 14 2026 00:18:47 GMT+0000 (Coordinated Universal Time),4,#MakeAWishForJaemin,makeawishforjaemin,,,,,,
2026-08-14T11:53:32.852379+00:00,20260814-115332,https://trends24.in/indonesia/,Fri Aug 14 2026 00:18:47 GMT+0000 (Coordinated Universal Time),5,Selamat Hari Pramuka,selamat hari pramuka,,,,,,
2026-08-14T11:53:32.852379+00:00,20260814-115332,https://trends24.in/indonesia/,Fri Aug 14 2026 00:18:47 GMT+0000 (Coordinated Universal Time),6,#ì¬ëì¼ë¡_ê°ëì°¬_ì¬ë¯¼ì´ì_ì¤ë¬¼ì¬ì¯,ì¬ëì¼ë¡_ê°ëì°¬_ì¬ë¯¼ì´ì_ì¤ë¬¼ì¬ì¯,,,,,,
2026-08-14T11:53:32.852379+00:00,20260814-115332,https://trends24.in/indonesia/,Fri Aug 14 2026 00:18:47 GMT+0000 (Coordinated Universal Time),7,pengabdian pada negeri,pengabdian pada negeri,,,,,,
2026-08-14T11:53:32.852379+00:00,20260814-115332,https://trends24.in/indonesia/,Fri Aug 14 2026 00:18:47 GMT+0000 (Coordinated Universal Time),8,STOP CROPPING JAMES OUT,stop cropping james out,,,,,,
2026-08-14T11:53:32.852379+00:00,20260814-115332,https://trends24.in/indonesia/,Fri Aug 14 2026 00:18:47 GMT+0000 (Coordinated Universal Time),9,Jumat,jumat,,,,,,
2026-08-14T11:53:32.852379+00:00,20260814-115332,https://trends24.in/indonesia/,Fri Aug 14 2026 00:18:47 GMT+0000 (Coordinated Universal Time),10,Gunil,gunil,,,,,,
2026-08-14T11:53:32.852379+00:00,20260814-115332,https://trends24.in/indonesia/,Fri Aug 14 2026 00:18:47 GMT+0000 (Coordinated Universal Time),11,#LET_JAMES_BE_SEEN,let_james_be_seen,,,,,,
2026-08-14T11:53:32.852379+00:00,20260814-115332,https://trends24.in/indonesia/,Fri Aug 14 2026 00:18:47 GMT+0000 (Coordinated Universal Time),12,#BlackCardPHUWINmv,blackcardphuwinmv,,,,,,
2026-08-14T11:53:32.852379+00:00,20260814-115332,https://trends24.in/indonesia/,Fri Aug 14 2026 00:18:47 GMT+0000 (Coordinated Universal Time),13,DEWTEE LIVE HOUSE,dewtee live house,,,,,,
2026-08-14T11:53:32.852379+00:00,20260814-115332,https://trends24.in/indonesia/,Fri Aug 14 2026 00:18:47 GMT+0000 (Coordinated Universal Time),14,perkuat perkokoh nkri,perkuat perkokoh nkri,,,,,,
2026-08-14T11:53:32.852379+00:00,20260814-115332,https://trends24.in/indonesia/,Fri Aug 14 2026 00:18:47 GMT+0000 (Coordinated Universal Time),15,tolak kerusuhan,tolak kerusuhan,,,,,,
2026-08-14T11:53:32.852379+00:00,20260814-115332,https://trends24.in/indonesia/,Fri Aug 14 2026 00:18:47 GMT+0000 (Coordinated Universal Time),16,PHUWIN BLACK CARD MV,phuwin black card mv,,,,,,
2026-08-14T11:53:32.852379+00:00,20260814-115332,https://trends24.in/indonesia/,Fri Aug 14 2026 00:18:47 GMT+0000 (Coordinated Universal Time),17,Trade $ANTFUN,trade $antfun,,,,,,
2026-08-14T11:53:32.852379+00:00,20260814-115332,https://trends24.in/indonesia/,Fri Aug 14 2026 00:18:47 GMT+0000 (Coordinated Universal Time),18,COUNTLESS LOVE WITH HUENINGKAI,countless love with hueningkai,,,,,,
2026-08-14T11:53:32.852379+00:00,20260814-115332,https://trends24.in/indonesia/,Fri Aug 14 2026 00:18:47 GMT+0000 (Coordinated Universal Time),19,EMIBONNIE UNDER THE FIRST MOON,emibonnie under the first moon,,,,,,
2026-08-14T11:53:32.852379+00:00,20260814-115332,https://trends24.in/indonesia/,Fri Aug 14 2026 00:18:47 GMT+0000 (Coordinated Universal Time),20,Soccer,soccer,,,,,,
2026-08-14T11:53:32.852379+00:00,20260814-115332,https://trends24.in/indonesia/,Fri Aug 14 2026 00:18:47 GMT+0000 (Coordinated Universal Time),21,musical fountain,musical fountain,,,,,,
2026-08-14T11:53:32.852379+00:00,20260814-115332,https://trends24.in/indonesia/,Fri Aug 14 2026 00:18:47 GMT+0000 (Coordinated Universal Time),22,Robinhood Chain,robinhood chain,,,,,,
2026-08-14T11:53:32.852379+00:00,20260814-115332,https://trends24.in/indonesia/,Fri Aug 14 2026 00:18:47 GMT+0000 (Coordinated Universal Time),23,STOP MISTREATING JAMES,stop mistreating james,,,,,,
2026-08-14T11:53:32.852379+00:00,20260814-115332,https://trends24.in/indonesia/,Fri Aug 14 2026 00:18:47 GMT+0000 (Coordinated Universal Time),24,mencetak generasi unggul,mencetak generasi unggul,,,,,,
2026-08-14T11:53:32.852379+00:00,20260814-115332,https://trends24.in/indonesia/,Fri Aug 14 2026 00:18:47 GMT+0000 (Coordinated Universal Time),25,ORM SWU LEGACY FASHION,orm swu legacy fashion,,,,,,
2026-08-14T11:53:32.852379+00:00,20260814-115332,https://trends24.in/indonesia/,Fri Aug 14 2026 00:18:47 GMT+0000 (Coordinated Universal Time),26,TipFi,tipfi,,,,,,
2026-08-14T11:53:32.852379+00:00,20260814-115332,https://trends24.in/indonesia/,Fri Aug 14 2026 00:18:47 GMT+0000 (Coordinated Universal Time),27,$WISHBONE,$wishbone,,,,,,
2026-08-14T11:53:32.852379+00:00,20260814-115332,https://trends24.in/indonesia/,Fri Aug 14 2026 00:18:47 GMT+0000 (Coordinated Universal Time),28,Pagii,pagii,,,,,,
2026-08-14T11:53:32.852379+00:00,20260814-115332,https://trends24.in/indonesia/,Fri Aug 14 2026 00:18:47 GMT+0000 (Coordinated Universal Time),29,Desil 10,desil 10,,,,,,
2026-08-14T11:53:32.852379+00:00,20260814-115332,https://trends24.in/indonesia/,Fri Aug 14 2026 00:18:47 GMT+0000 (Coordinated Universal Time),30,amy presiden pks,amy presiden pks,,,,,,
2026-08-14T11:53:32.852379+00:00,20260814-115332,https://trends24.in/indonesia/,Fri Aug 14 2026 00:18:47 GMT+0000 (Coordinated Universal Time),31,Ferran Torres,ferran torres,,,,,,
2026-08-14T11:53:32.852379+00:00,20260814-115332,https://trends24.in/indonesia/,Fri Aug 14 2026 00:18:47 GMT+0000 (Coordinated Universal Time),32,$STONKBROKER,$stonkbroker,,,,,,
2026-08-14T11:53:32.852379+00:00,20260814-115332,https://trends24.in/indonesia/,Fri Aug 14 2026 00:18:47 GMT+0000 (Coordinated Universal Time),33,Klaim Voucher 100%,klaim voucher 100%,,,,,,
2026-08-14T11:53:32.852379+00:00,20260814-115332,https://trends24.in/indonesia/,Fri Aug 14 2026 00:18:47 GMT+0000 (Coordinated Universal Time),34,chris brown,chris brown,,,,,,
2026-08-14T11:53:32.852379+00:00,20260814-115332,https://trends24.in/indonesia/,Fri Aug 14 2026 00:18:47 GMT+0000 (Coordinated Universal Time),35,Affan,affan,,,,,,
2026-08-14T11:53:32.852379+00:00,20260814-115332,https://trends24.in/indonesia/,Fri Aug 14 2026 00:18:47 GMT+0000 (Coordinated Universal Time),36,jype,jype,,,,,,
2026-08-14T11:53:32.852379+00:00,20260814-115332,https://trends24.in/indonesia/,Fri Aug 14 2026 00:18:47 GMT+0000 (Coordinated Universal Time),37,mingyu,mingyu,,,,,,
2026-08-14T11:53:32.852379+00:00,20260814-115332,https://trends24.in/indonesia/,Fri Aug 14 2026 00:18:47 GMT+0000 (Coordinated Universal Time),38,assemble teaser d3,assemble teaser d3,,,,,,
2026-08-14T11:53:32.852379+00:00,20260814-115332,https://trends24.in/indonesia/,Fri Aug 14 2026 00:18:47 GMT+0000 (Coordinated Universal Time),39,$BRODIE,$brodie,,,,,,
2026-08-14T11:53:32.852379+00:00,20260814-115332,https://trends24.in/indonesia/,Fri Aug 14 2026 00:18:47 GMT+0000 (Coordinated Universal Time),40,Plaza Senayan,plaza senayan,,,,,,
2026-08-14T11:53:32.852379+00:00,20260814-115332,https://trends24.in/indonesia/,Fri Aug 14 2026 00:18:47 GMT+0000 (Coordinated Universal Time),41,Al Qadsiah,al qadsiah,,,,,,
2026-08-14T11:53:32.852379+00:00,20260814-115332,https://trends24.in/indonesia/,Fri Aug 14 2026 00:18:47 GMT+0000 (Coordinated Universal Time),42,Xdiz,xdiz,,,,,,
2026-08-14T11:53:32.852379+00:00,20260814-115332,https://trends24.in/indonesia/,Fri Aug 14 2026 00:18:47 GMT+0000 (Coordinated Universal Time),43,perfect scent with est,perfect scent with est,,,,,,
2026-08-14T11:53:32.852379+00:00,20260814-115332,https://trends24.in/indonesia/,Fri Aug 14 2026 00:18:47 GMT+0000 (Coordinated Universal Time),44,keadilan terjaga,keadilan terjaga,,,,,,
2026-08-14T11:53:32.852379+00:00,20260814-115332,https://trends24.in/indonesia/,Fri Aug 14 2026 00:18:47 GMT+0000 (Coordinated Universal Time),45,Xavi,xavi,,,,,,
2026-08-14T11:53:32.852379+00:00,20260814-115332,https://trends24.in/indonesia/,Fri Aug 14 2026 00:18:47 GMT+0000 (Coordinated Universal Time),46,BE MY PLAYER TWO EP5,be my player two ep5,,,,,,
2026-08-14T11:53:32.852379+00:00,20260814-115332,https://trends24.in/indonesia/,Fri Aug 14 2026 00:18:47 GMT+0000 (Coordinated Universal Time),47,investasi berdampak,investasi berdampak,,,,,,
2026-08-14T11:53:32.852379+00:00,20260814-115332,https://trends24.in/indonesia/,Fri Aug 14 2026 00:18:47 GMT+0000 (Coordinated Universal Time),48,Enzo,enzo,,,,,,
2026-08-14T11:53:32.852379+00:00,20260814-115332,https://trends24.in/indonesia/,Fri Aug 14 2026 00:18:47 GMT+0000 (Coordinated Universal Time),49,Bunker,bunker,,,,,,
2026-08-14T11:53:32.852379+00:00,20260814-115332,https://trends24.in/indonesia/,Fri Aug 14 2026 00:18:47 GMT+0000 (Coordinated Universal Time),50,NacrÃ© Signature,nacrã© signature,,,,,,
2026-08-14T11:53:32.852379+00:00,20260814-115332,https://trends24.in/indonesia/,Thu Aug 13 2026 23:27:44 GMT+0000 (Coordinated Universal Time),1,$MOTION,$motion,,,,,,
2026-08-14T11:53:32.852379+00:00,20260814-115332,https://trends24.in/indonesia/,Thu Aug 13 2026 23:27:44 GMT+0000 (Coordinated Universal Time),2,#YouManiacSeries,youmaniacseries,,,,,,
2026-08-14T11:53:32.852379+00:00,20260814-115332,https://trends24.in/indonesia/,Thu Aug 13 2026 23:27:44 GMT+0000 (Coordinated Universal Time),3,GoPay Investasi Emas,gopay investasi emas,,,,,,
2026-08-14T11:53:32.852379+00:00,20260814-115332,https://trends24.in/indonesia/,Thu Aug 13 2026 23:27:44 GMT+0000 (Coordinated Universal Time),4,#MakeAWishForJaemin,makeawishforjaemin,,,,,,
2026-08-14T11:53:32.852379+00:00,20260814-115332,https://trends24.in/indonesia/,Thu Aug 13 2026 23:27:44 GMT+0000 (Coordinated Universal Time),5,#ì¬ëì¼ë¡_ê°ëì°¬_ì¬ë¯¼ì´ì_ì¤ë¬¼ì¬ì¯,ì¬ëì¼ë¡_ê°ëì°¬_ì¬ë¯¼ì´ì_ì¤ë¬¼ì¬ì¯,,,,,,
2026-08-14T11:53:32.852379+00:00,20260814-115332,https://trends24.in/indonesia/,Thu Aug 13 2026 23:27:44 GMT+0000 (Coordinated Universal Time),6,pengabdian pada negeri,pengabdian pada negeri,,,,,,
2026-08-14T11:53:32.852379+00:00,20260814-115332,https://trends24.in/indonesia/,Thu Aug 13 2026 23:27:44 GMT+0000 (Coordinated Universal Time),7,STOP CROPPING JAMES OUT,stop cropping james out,,,,,,
2026-08-14T11:53:32.852379+00:00,20260814-115332,https://trends24.in/indonesia/,Thu Aug 13 2026 23:27:44 GMT+0000 (Coordinated Universal Time),8,Gunil,gunil,,,,,,
2026-08-14T11:53:32.852379+00:00,20260814-115332,https://trends24.in/indonesia/,Thu Aug 13 2026 23:27:44 GMT+0000 (Coordinated Universal Time),9,#LET_JAMES_BE_SEEN,let_james_be_seen,,,,,,
2026-08-14T11:53:32.852379+00:00,20260814-115332,https://trends24.in/indonesia/,Thu Aug 13 2026 23:27:44 GMT+0000 (Coordinated Universal Time),10,#bantumelayaniindonesia,bantumelayaniindonesia,,,,,,
2026-08-14T11:53:32.852379+00:00,20260814-115332,https://trends24.in/indonesia/,Thu Aug 13 2026 23:27:44 GMT+0000 (Coordinated Universal Time),11,DEWTEE LIVE HOUSE,dewtee live house,,,,,,
2026-08-14T11:53:32.852379+00:00,20260814-115332,https://trends24.in/indonesia/,Thu Aug 13 2026 23:27:44 GMT+0000 (Coordinated Universal Time),12,Trade $ANTFUN,trade $antfun,,,,,,
2026-08-14T11:53:32.852379+00:00,20260814-115332,https://trends24.in/indonesia/,Thu Aug 13 2026 23:27:44 GMT+0000 (Coordinated Universal Time),13,Selamat Hari Pramuka,selamat hari pramuka,,,,,,
2026-08-14T11:53:32.852379+00:00,20260814-115332,https://trends24.in/indonesia/,Thu Aug 13 2026 23:27:44 GMT+0000 (Coordinated Universal Time),14,perkuat perkokoh nkri,perkuat perkokoh nkri,,,,,,
2026-08-14T11:53:32.852379+00:00,20260814-115332,https://trends24.in/indonesia/,Thu Aug 13 2026 23:27:44 GMT+0000 (Coordinated Universal Time),15,Jumat,jumat,,,,,,
2026-08-14T11:53:32.852379+00:00,20260814-115332,https://trends24.in/indonesia/,Thu Aug 13 2026 23:27:44 GMT+0000 (Coordinated Universal Time),16,tolak kerusuhan,tolak kerusuhan,,,,,,
2026-08-14T11:53:32.852379+00:00,20260814-115332,https://trends24.in/indonesia/,Thu Aug 13 2026 23:27:44 GMT+0000 (Coordinated Universal Time),17,PHUWIN BLACK CARD MV,phuwin black card mv,,,,,,
2026-08-14T11:53:32.852379+00:00,20260814-115332,https://trends24.in/indonesia/,Thu Aug 13 2026 23:27:44 GMT+0000 (Coordinated Universal Time),18,STOP MISTREATING JAMES,stop mistreating james,,,,,,
2026-08-14T11:53:32.852379+00:00,20260814-115332,https://trends24.in/indonesia/,Thu Aug 13 2026 23:27:44 GMT+0000 (Coordinated Universal Time),19,COUNTLESS LOVE WITH HUENINGKAI,countless love with hueningkai,,,,,,
2026-08-14T11:53:32.852379+00:00,20260814-115332,https://trends24.in/indonesia/,Thu Aug 13 2026 23:27:44 GMT+0000 (Coordinated Universal Time),20,EMIBONNIE UNDER THE FIRST MOON,emibonnie under the first moon,,,,,,
2026-08-14T11:53:32.852379+00:00,20260814-115332,https://trends24.in/indonesia/,Thu Aug 13 2026 23:27:44 GMT+0000 (Coordinated Universal Time),21,Soccer,soccer,,,,,,
2026-08-14T11:53:32.852379+00:00,20260814-115332,https://trends24.in/indonesia/,Thu Aug 13 2026 23:27:44 GMT+0000 (Coordinated Universal Time),22,musical fountain,musical fountain,,,,,,
2026-08-14T11:53:32.852379+00:00,20260814-115332,https://trends24.in/indonesia/,Thu Aug 13 2026 23:27:44 GMT+0000 (Coordinated Universal Time),23,Robinhood Chain,robinhood chain,,,,,,
2026-08-14T11:53:32.852379+00:00,20260814-115332,https://trends24.in/indonesia/,Thu Aug 13 2026 23:27:44 GMT+0000 (Coordinated Universal Time),24,mencetak generasi unggul,mencetak generasi unggul,,,,,,
2026-08-14T11:53:32.852379+00:00,20260814-115332,https://trends24.in/indonesia/,Thu Aug 13 2026 23:27:44 GMT+0000 (Coordinated Universal Time),25,TipFi,tipfi,,,,,,
2026-08-14T11:53:32.852379+00:00,20260814-115332,https://trends24.in/indonesia/,Thu Aug 13 2026 23:27:44 GMT+0000 (Coordinated Universal Time),26,ORM SWU LEGACY FASHION,orm swu legacy fashion,,,,,,
2026-08-14T11:53:32.852379+00:00,20260814-115332,https://trends24.in/indonesia/,Thu Aug 13 2026 23:27:44 GMT+0000 (Coordinated Universal Time),27,Desil 10,desil 10,,,,,,
2026-08-14T11:53:32.852379+00:00,20260814-115332,https://trends24.in/indonesia/,Thu Aug 13 2026 23:27:44 GMT+0000 (Coordinated Universal Time),28,papdesi,papdesi,,,,,,
2026-08-14T11:53:32.852379+00:00,20260814-115332,https://trends24.in/indonesia/,Thu Aug 13 2026 23:27:44 GMT+0000 (Coordinated Universal Time),29,$WISHBONE,$wishbone,,,,,,
2026-08-14T11:53:32.852379+00:00,20260814-115332,https://trends24.in/indonesia/,Thu Aug 13 2026 23:27:44 GMT+0000 (Coordinated Universal Time),30,$STONKBROKER,$stonkbroker,,,,,,
2026-08-14T11:53:32.852379+00:00,20260814-115332,https://trends24.in/indonesia/,Thu Aug 13 2026 23:27:44 GMT+0000 (Coordinated Universal Time),31,amy presiden pks,amy presiden pks,,,,,,
2026-08-14T11:53:32.852379+00:00,20260814-115332,https://trends24.in/indonesia/,Thu Aug 13 2026 23:27:44 GMT+0000 (Coordinated Universal Time),32,Klaim Voucher 100%,klaim voucher 100%,,,,,,
2026-08-14T11:53:32.852379+00:00,20260814-115332,https://trends24.in/indonesia/,Thu Aug 13 2026 23:27:44 GMT+0000 (Coordinated Universal Time),33,chris brown,chris brown,,,,,,
2026-08-14T11:53:32.852379+00:00,20260814-115332,https://trends24.in/indonesia/,Thu Aug 13 2026 23:27:44 GMT+0000 (Coordinated Universal Time),34,Affan,affan,,,,,,
2026-08-14T11:53:32.852379+00:00,20260814-115332,https://trends24.in/indonesia/,Thu Aug 13 2026 23:27:44 GMT+0000 (Coordinated Universal Time),35,jype,jype,,,,,,
2026-08-14T11:53:32.852379+00:00,20260814-115332,https://trends24.in/indonesia/,Thu Aug 13 2026 23:27:44 GMT+0000 (Coordinated Universal Time),36,Xavi,xavi,,,,,,
2026-08-14T11:53:32.852379+00:00,20260814-115332,https://trends24.in/indonesia/,Thu Aug 13 2026 23:27:44 GMT+0000 (Coordinated Universal Time),37,Plaza Senayan,plaza senayan,,,,,,
2026-08-14T11:53:32.852379+00:00,20260814-115332,https://trends24.in/indonesia/,Thu Aug 13 2026 23:27:44 GMT+0000 (Coordinated Universal Time),38,assemble teaser d3,assemble teaser d3,,,,,,
2026-08-14T11:53:32.852379+00:00,20260814-115332,https://trends24.in/indonesia/,Thu Aug 13 2026 23:27:44 GMT+0000 (Coordinated Universal Time),39,$BRODIE,$brodie,,,,,,
2026-08-14T11:53:32.852379+00:00,20260814-115332,https://trends24.in/indonesia/,Thu Aug 13 2026 23:27:44 GMT+0000 (Coordinated Universal Time),40,Al Qadsiah,al qadsiah,,,,,,
2026-08-14T11:53:32.852379+00:00,20260814-115332,https://trends24.in/indonesia/,Thu Aug 13 2026 23:27:44 GMT+0000 (Coordinated Universal Time),41,perfect scent with est,perfect scent with est,,,,,,
2026-08-14T11:53:32.852379+00:00,20260814-115332,https://trends24.in/indonesia/,Thu Aug 13 2026 23:27:44 GMT+0000 (Coordinated Universal Time),42,mingyu,mingyu,,,,,,
2026-08-14T11:53:32.852379+00:00,20260814-115332,https://trends24.in/indonesia/,Thu Aug 13 2026 23:27:44 GMT+0000 (Coordinated Universal Time),43,BE MY PLAYER TWO EP5,be my player two ep5,,,,,,
2026-08-14T11:53:32.852379+00:00,20260814-115332,https://trends24.in/indonesia/,Thu Aug 13 2026 23:27:44 GMT+0000 (Coordinated Universal Time),44,BUNKER,bunker,,,,,,
2026-08-14T11:53:32.852379+00:00,20260814-115332,https://trends24.in/indonesia/,Thu Aug 13 2026 23:27:44 GMT+0000 (Coordinated Universal Time),45,keadilan terjaga,keadilan terjaga,,,,,,
2026-08-14T11:53:32.852379+00:00,20260814-115332,https://trends24.in/indonesia/,Thu Aug 13 2026 23:27:44 GMT+0000 (Coordinated Universal Time),46,investasi berdampak,investasi berdampak,,,,,,
2026-08-14T11:53:32.852379+00:00,20260814-115332,https://trends24.in/indonesia/,Thu Aug 13 2026 23:27:44 GMT+0000 (Coordinated Universal Time),47,Enzo,enzo,,,,,,
2026-08-14T11:53:32.852379+00:00,20260814-115332,https://trends24.in/indonesia/,Thu Aug 13 2026 23:27:44 GMT+0000 (Coordinated Universal Time),48,ICONIC HEART,iconic heart,,,,,,
2026-08-14T11:53:32.852379+00:00,20260814-115332,https://trends24.in/indonesia/,Thu Aug 13 2026 23:27:44 GMT+0000 (Coordinated Universal Time),49,Xdiz,xdiz,,,,,,
2026-08-14T11:53:32.852379+00:00,20260814-115332,https://trends24.in/indonesia/,Thu Aug 13 2026 23:27:44 GMT+0000 (Coordinated Universal Time),50,GEMINI CONCERT IN LIVEHOUSE,gemini concert in livehouse,,,,,,
2026-08-14T11:53:32.852379+00:00,20260814-115332,https://trends24.in/indonesia/,Thu Aug 13 2026 22:36:37 GMT+0000 (Coordinated Universal Time),1,$MOTION,$motion,,,,,,
2026-08-14T11:53:32.852379+00:00,20260814-115332,https://trends24.in/indonesia/,Thu Aug 13 2026 22:36:37 GMT+0000 (Coordinated Universal Time),2,#YouManiacSeries,youmaniacseries,,,,,,
2026-08-14T11:53:32.852379+00:00,20260814-115332,https://trends24.in/indonesia/,Thu Aug 13 2026 22:36:37 GMT+0000 (Coordinated Universal Time),3,GoPay Investasi Emas,gopay investasi emas,,,,,,
2026-08-14T11:53:32.852379+00:00,20260814-115332,https://trends24.in/indonesia/,Thu Aug 13 2026 22:36:37 GMT+0000 (Coordinated Universal Time),4,#MakeAWishForJaemin,makeawishforjaemin,,,,,,
2026-08-14T11:53:32.852379+00:00,20260814-115332,https://trends24.in/indonesia/,Thu Aug 13 2026 22:36:37 GMT+0000 (Coordinated Universal Time),5,#ì¬ëì¼ë¡_ê°ëì°¬_ì¬ë¯¼ì´ì_ì¤ë¬¼ì¬ì¯,ì¬ëì¼ë¡_ê°ëì°¬_ì¬ë¯¼ì´ì_ì¤ë¬¼ì¬ì¯,,,,,,
2026-08-14T11:53:32.852379+00:00,20260814-115332,https://trends24.in/indonesia/,Thu Aug 13 2026 22:36:37 GMT+0000 (Coordinated Universal Time),6,pengabdian pada negeri,pengabdian pada negeri,,,,,,
2026-08-14T11:53:32.852379+00:00,20260814-115332,https://trends24.in/indonesia/,Thu Aug 13 2026 22:36:37 GMT+0000 (Coordinated Universal Time),7,#BlackCardPHUWINmv,blackcardphuwinmv,,,,,,
2026-08-14T11:53:32.852379+00:00,20260814-115332,https://trends24.in/indonesia/,Thu Aug 13 2026 22:36:37 GMT+0000 (Coordinated Universal Time),8,Gunil,gunil,,,,,,
2026-08-14T11:53:32.852379+00:00,20260814-115332,https://trends24.in/indonesia/,Thu Aug 13 2026 22:36:37 GMT+0000 (Coordinated Universal Time),9,#bantumelayaniindonesia,bantumelayaniindonesia,,,,,,
2026-08-14T11:53:32.852379+00:00,20260814-115332,https://trends24.in/indonesia/,Thu Aug 13 2026 22:36:37 GMT+0000 (Coordinated Universal Time),10,DEWTEE LIVE HOUSE,dewtee live house,,,,,,
2026-08-14T11:53:32.852379+00:00,20260814-115332,https://trends24.in/indonesia/,Thu Aug 13 2026 22:36:37 GMT+0000 (Coordinated Universal Time),11,Trade $ANTFUN,trade $antfun,,,,,,
2026-08-14T11:53:32.852379+00:00,20260814-115332,https://trends24.in/indonesia/,Thu Aug 13 2026 22:36:37 GMT+0000 (Coordinated Universal Time),12,STOP CROPPING JAMES OUT,stop cropping james out,,,,,,
2026-08-14T11:53:32.852379+00:00,20260814-115332,https://trends24.in/indonesia/,Thu Aug 13 2026 22:36:37 GMT+0000 (Coordinated Universal Time),13,perkuat perkokoh nkri,perkuat perkokoh nkri,,,,,,
2026-08-14T11:53:32.852379+00:00,20260814-115332,https://trends24.in/indonesia/,Thu Aug 13 2026 22:36:37 GMT+0000 (Coordinated Universal Time),14,PHUWIN BLACK CARD MV,phuwin black card mv,,,,,,
2026-08-14T11:53:32.852379+00:00,20260814-115332,https://trends24.in/indonesia/,Thu Aug 13 2026 22:36:37 GMT+0000 (Coordinated Universal Time),15,tolak kerusuhan,tolak kerusuhan,,,,,,
2026-08-14T11:53:32.852379+00:00,20260814-115332,https://trends24.in/indonesia/,Thu Aug 13 2026 22:36:37 GMT+0000 (Coordinated Universal Time),16,EMIBONNIE UNDER THE FIRST MOON,emibonnie under the first moon,,,,,,
2026-08-14T11:53:32.852379+00:00,20260814-115332,https://trends24.in/indonesia/,Thu Aug 13 2026 22:36:37 GMT+0000 (Coordinated Universal Time),17,COUNTLESS LOVE WITH HUENINGKAI,countless love with hueningkai,,,,,,
2026-08-14T11:53:32.852379+00:00,20260814-115332,https://trends24.in/indonesia/,Thu Aug 13 2026 22:36:37 GMT+0000 (Coordinated Universal Time),18,Soccer,soccer,,,,,,
2026-08-14T11:53:32.852379+00:00,20260814-115332,https://trends24.in/indonesia/,Thu Aug 13 2026 22:36:37 GMT+0000 (Coordinated Universal Time),19,musical fountain,musical fountain,,,,,,
2026-08-14T11:53:32.852379+00:00,20260814-115332,https://trends24.in/indonesia/,Thu Aug 13 2026 22:36:37 GMT+0000 (Coordinated Universal Time),20,Robinhood Chain,robinhood chain,,,,,,
2026-08-14T11:53:32.852379+00:00,20260814-115332,https://trends24.in/indonesia/,Thu Aug 13 2026 22:36:37 GMT+0000 (Coordinated Universal Time),21,STOP MISTREATING JAMES,stop mistreating james,,,,,,
2026-08-14T11:53:32.852379+00:00,20260814-115332,https://trends24.in/indonesia/,Thu Aug 13 2026 22:36:37 GMT+0000 (Coordinated Universal Time),22,TipFi,tipfi,,,,,,
2026-08-14T11:53:32.852379+00:00,20260814-115332,https://trends24.in/indonesia/,Thu Aug 13 2026 22:36:37 GMT+0000 (Coordinated Universal Time),23,mencetak generasi unggul,mencetak generasi unggul,,,,,,
2026-08-14T11:53:32.852379+00:00,20260814-115332,https://trends24.in/indonesia/,Thu Aug 13 2026 22:36:37 GMT+0000 (Coordinated Universal Time),24,Malam Jumat,malam jumat,,,,,,
2026-08-14T11:53:32.852379+00:00,20260814-115332,https://trends24.in/indonesia/,Thu Aug 13 2026 22:36:37 GMT+0000 (Coordinated Universal Time),25,ORM SWU LEGACY FASHION,orm swu legacy fashion,,,,,,
2026-08-14T11:53:32.852379+00:00,20260814-115332,https://trends24.in/indonesia/,Thu Aug 13 2026 22:36:37 GMT+0000 (Coordinated Universal Time),26,Desil 10,desil 10,,,,,,
2026-08-14T11:53:32.852379+00:00,20260814-115332,https://trends24.in/indonesia/,Thu Aug 13 2026 22:36:37 GMT+0000 (Coordinated Universal Time),27,BUNKER,bunker,,,,,,
2026-08-14T11:53:32.852379+00:00,20260814-115332,https://trends24.in/indonesia/,Thu Aug 13 2026 22:36:37 GMT+0000 (Coordinated Universal Time),28,$WISHBONE,$wishbone,,,,,,
2026-08-14T11:53:32.852379+00:00,20260814-115332,https://trends24.in/indonesia/,Thu Aug 13 2026 22:36:37 GMT+0000 (Coordinated Universal Time),29,papdesi,papdesi,,,,,,
2026-08-14T11:53:32.852379+00:00,20260814-115332,https://trends24.in/indonesia/,Thu Aug 13 2026 22:36:37 GMT+0000 (Coordinated Universal Time),30,$STONKBROKER,$stonkbroker,,,,,,
2026-08-14T11:53:32.852379+00:00,20260814-115332,https://trends24.in/indonesia/,Thu Aug 13 2026 22:36:37 GMT+0000 (Coordinated Universal Time),31,amy presiden pks,amy presiden pks,,,,,,
2026-08-14T11:53:32.852379+00:00,20260814-115332,https://trends24.in/indonesia/,Thu Aug 13 2026 22:36:37 GMT+0000 (Coordinated Universal Time),32,WL GRANTED,wl granted,,,,,,
2026-08-14T11:53:32.852379+00:00,20260814-115332,https://trends24.in/indonesia/,Thu Aug 13 2026 22:36:37 GMT+0000 (Coordinated Universal Time),33,chris brown,chris brown,,,,,,
2026-08-14T11:53:32.852379+00:00,20260814-115332,https://trends24.in/indonesia/,Thu Aug 13 2026 22:36:37 GMT+0000 (Coordinated Universal Time),34,Klaim Voucher 100%,klaim voucher 100%,,,,,,
2026-08-14T11:53:32.852379+00:00,20260814-115332,https://trends24.in/indonesia/,Thu Aug 13 2026 22:36:37 GMT+0000 (Coordinated Universal Time),35,Affan,affan,,,,,,
2026-08-14T11:53:32.852379+00:00,20260814-115332,https://trends24.in/indonesia/,Thu Aug 13 2026 22:36:37 GMT+0000 (Coordinated Universal Time),36,jype,jype,,,,,,
2026-08-14T11:53:32.852379+00:00,20260814-115332,https://trends24.in/indonesia/,Thu Aug 13 2026 22:36:37 GMT+0000 (Coordinated Universal Time),37,Xavi,xavi,,,,,,
2026-08-14T11:53:32.852379+00:00,20260814-115332,https://trends24.in/indonesia/,Thu Aug 13 2026 22:36:37 GMT+0000 (Coordinated Universal Time),38,Plaza Senayan,plaza senayan,,,,,,
2026-08-14T11:53:32.852379+00:00,20260814-115332,https://trends24.in/indonesia/,Thu Aug 13 2026 22:36:37 GMT+0000 (Coordinated Universal Time),39,assemble teaser d3,assemble teaser d3,,,,,,
2026-08-14T11:53:32.852379+00:00,20260814-115332,https://trends24.in/indonesia/,Thu Aug 13 2026 22:36:37 GMT+0000 (Coordinated Universal Time),40,$BRODIE,$brodie,,,,,,
2026-08-14T11:53:32.852379+00:00,20260814-115332,https://trends24.in/indonesia/,Thu Aug 13 2026 22:36:37 GMT+0000 (Coordinated Universal Time),41,Al Qadsiah,al qadsiah,,,,,,
2026-08-14T11:53:32.852379+00:00,20260814-115332,https://trends24.in/indonesia/,Thu Aug 13 2026 22:36:37 GMT+0000 (Coordinated Universal Time),42,perfect scent with est,perfect scent with est,,,,,,
2026-08-14T11:53:32.852379+00:00,20260814-115332,https://trends24.in/indonesia/,Thu Aug 13 2026 22:36:37 GMT+0000 (Coordinated Universal Time),43,BE MY PLAYER TWO EP5,be my player two ep5,,,,,,
2026-08-14T11:53:32.852379+00:00,20260814-115332,https://trends24.in/indonesia/,Thu Aug 13 2026 22:36:37 GMT+0000 (Coordinated Universal Time),44,LENAMIU X LEGACY,lenamiu x legacy,,,,,,
2026-08-14T11:53:32.852379+00:00,20260814-115332,https://trends24.in/indonesia/,Thu Aug 13 2026 22:36:37 GMT+0000 (Coordinated Universal Time),45,Xdiz,xdiz,,,,,,
2026-08-14T11:53:32.852379+00:00,20260814-115332,https://trends24.in/indonesia/,Thu Aug 13 2026 22:36:37 GMT+0000 (Coordinated Universal Time),46,ICONIC HEART,iconic heart,,,,,,
2026-08-14T11:53:32.852379+00:00,20260814-115332,https://trends24.in/indonesia/,Thu Aug 13 2026 22:36:37 GMT+0000 (Coordinated Universal Time),47,keadilan terjaga,keadilan terjaga,,,,,,
2026-08-14T11:53:32.852379+00:00,20260814-115332,https://trends24.in/indonesia/,Thu Aug 13 2026 22:36:37 GMT+0000 (Coordinated Universal Time),48,Tijjani,tijjani,,,,,,
2026-08-14T11:53:32.852379+00:00,20260814-115332,https://trends24.in/indonesia/,Thu Aug 13 2026 22:36:37 GMT+0000 (Coordinated Universal Time),49,investasi berdampak,investasi berdampak,,,,,,
2026-08-14T11:53:32.852379+00:00,20260814-115332,https://trends24.in/indonesia/,Thu Aug 13 2026 22:36:37 GMT+0000 (Coordinated Universal Time),50,mingyu,mingyu,,,,,,
2026-08-14T11:53:32.852379+00:00,20260814-115332,https://trends24.in/indonesia/,Thu Aug 13 2026 22:36:23 GMT+0000 (Coordinated Universal Time),1,$MOTION,$motion,,,,,,
2026-08-14T11:53:32.852379+00:00,20260814-115332,https://trends24.in/indonesia/,Thu Aug 13 2026 22:36:23 GMT+0000 (Coordinated Universal Time),2,#YouManiacSeries,youmaniacseries,,,,,,
2026-08-14T11:53:32.852379+00:00,20260814-115332,https://trends24.in/indonesia/,Thu Aug 13 2026 22:36:23 GMT+0000 (Coordinated Universal Time),3,GoPay Investasi Emas,gopay investasi emas,,,,,,
2026-08-14T11:53:32.852379+00:00,20260814-115332,https://trends24.in/indonesia/,Thu Aug 13 2026 22:36:23 GMT+0000 (Coordinated Universal Time),4,#MakeAWishForJaemin,makeawishforjaemin,,,,,,
2026-08-14T11:53:32.852379+00:00,20260814-115332,https://trends24.in/indonesia/,Thu Aug 13 2026 22:36:23 GMT+0000 (Coordinated Universal Time),5,#ì¬ëì¼ë¡_ê°ëì°¬_ì¬ë¯¼ì´ì_ì¤ë¬¼ì¬ì¯,ì¬ëì¼ë¡_ê°ëì°¬_ì¬ë¯¼ì´ì_ì¤ë¬¼ì¬ì¯,,,,,,
2026-08-14T11:53:32.852379+00:00,20260814-115332,https://trends24.in/indonesia/,Thu Aug 13 2026 22:36:23 GMT+0000 (Coordinated Universal Time),6,pengabdian pada negeri,pengabdian pada negeri,,,,,,
2026-08-14T11:53:32.852379+00:00,20260814-115332,https://trends24.in/indonesia/,Thu Aug 13 2026 22:36:23 GMT+0000 (Coordinated Universal Time),7,#BlackCardPHUWINmv,blackcardphuwinmv,,,,,,
2026-08-14T11:53:32.852379+00:00,20260814-115332,https://trends24.in/indonesia/,Thu Aug 13 2026 22:36:23 GMT+0000 (Coordinated Universal Time),8,Gunil,gunil,,,,,,
2026-08-14T11:53:32.852379+00:00,20260814-115332,https://trends24.in/indonesia/,Thu Aug 13 2026 22:36:23 GMT+0000 (Coordinated Universal Time),9,#bantumelayaniindonesia,bantumelayaniindonesia,,,,,,
2026-08-14T11:53:32.852379+00:00,20260814-115332,https://trends24.in/indonesia/,Thu Aug 13 2026 22:36:23 GMT+0000 (Coordinated Universal Time),10,DEWTEE LIVE HOUSE,dewtee live house,,,,,,
2026-08-14T11:53:32.852379+00:00,20260814-115332,https://trends24.in/indonesia/,Thu Aug 13 2026 22:36:23 GMT+0000 (Coordinated Universal Time),11,Trade $ANTFUN,trade $antfun,,,,,,
2026-08-14T11:53:32.852379+00:00,20260814-115332,https://trends24.in/indonesia/,Thu Aug 13 2026 22:36:23 GMT+0000 (Coordinated Universal Time),12,STOP CROPPING JAMES OUT,stop cropping james out,,,,,,
2026-08-14T11:53:32.852379+00:00,20260814-115332,https://trends24.in/indonesia/,Thu Aug 13 2026 22:36:23 GMT+0000 (Coordinated Universal Time),13,perkuat perkokoh nkri,perkuat perkokoh nkri,,,,,,
2026-08-14T11:53:32.852379+00:00,20260814-115332,https://trends24.in/indonesia/,Thu Aug 13 2026 22:36:23 GMT+0000 (Coordinated Universal Time),14,PHUWIN BLACK CARD MV,phuwin black card mv,,,,,,
2026-08-14T11:53:32.852379+00:00,20260814-115332,https://trends24.in/indonesia/,Thu Aug 13 2026 22:36:23 GMT+0000 (Coordinated Universal Time),15,tolak kerusuhan,tolak kerusuhan,,,,,,
2026-08-14T11:53:32.852379+00:00,20260814-115332,https://trends24.in/indonesia/,Thu Aug 13 2026 22:36:23 GMT+0000 (Coordinated Universal Time),16,EMIBONNIE UNDER THE FIRST MOON,emibonnie under the first moon,,,,,,
2026-08-14T11:53:32.852379+00:00,20260814-115332,https://trends24.in/indonesia/,Thu Aug 13 2026 22:36:23 GMT+0000 (Coordinated Universal Time),17,COUNTLESS LOVE WITH HUENINGKAI,countless love with hueningkai,,,,,,
2026-08-14T11:53:32.852379+00:00,20260814-115332,https://trends24.in/indonesia/,Thu Aug 13 2026 22:36:23 GMT+0000 (Coordinated Universal Time),18,Soccer,soccer,,,,,,
2026-08-14T11:53:32.852379+00:00,20260814-115332,https://trends24.in/indonesia/,Thu Aug 13 2026 22:36:23 GMT+0000 (Coordinated Universal Time),19,musical fountain,musical fountain,,,,,,
2026-08-14T11:53:32.852379+00:00,20260814-115332,https://trends24.in/indonesia/,Thu Aug 13 2026 22:36:23 GMT+0000 (Coordinated Universal Time),20,Robinhood Chain,robinhood chain,,,,,,
2026-08-14T11:53:32.852379+00:00,20260814-115332,https://trends24.in/indonesia/,Thu Aug 13 2026 22:36:23 GMT+0000 (Coordinated Universal Time),21,STOP MISTREATING JAMES,stop mistreating james,,,,,,
2026-08-14T11:53:32.852379+00:00,20260814-115332,https://trends24.in/indonesia/,Thu Aug 13 2026 22:36:23 GMT+0000 (Coordinated Universal Time),22,TipFi,tipfi,,,,,,
2026-08-14T11:53:32.852379+00:00,20260814-115332,https://trends24.in/indonesia/,Thu Aug 13 2026 22:36:23 GMT+0000 (Coordinated Universal Time),23,mencetak generasi unggul,mencetak generasi unggul,,,,,,
2026-08-14T11:53:32.852379+00:00,20260814-115332,https://trends24.in/indonesia/,Thu Aug 13 2026 22:36:23 GMT+0000 (Coordinated Universal Time),24,Malam Jumat,malam jumat,,,,,,
2026-08-14T11:53:32.852379+00:00,20260814-115332,https://trends24.in/indonesia/,Thu Aug 13 2026 22:36:23 GMT+0000 (Coordinated Universal Time),25,ORM SWU LEGACY FASHION,orm swu legacy fashion,,,,,,
2026-08-14T11:53:32.852379+00:00,20260814-115332,https://trends24.in/indonesia/,Thu Aug 13 2026 22:36:23 GMT+0000 (Coordinated Universal Time),26,Desil 10,desil 10,,,,,,
2026-08-14T11:53:32.852379+00:00,20260814-115332,https://trends24.in/indonesia/,Thu Aug 13 2026 22:36:23 GMT+0000 (Coordinated Universal Time),27,BUNKER,bunker,,,,,,
2026-08-14T11:53:32.852379+00:00,20260814-115332,https://trends24.in/indonesia/,Thu Aug 13 2026 22:36:23 GMT+0000 (Coordinated Universal Time),28,$WISHBONE,$wishbone,,,,,,
2026-08-14T11:53:32.852379+00:00,20260814-115332,https://trends24.in/indonesia/,Thu Aug 13 2026 22:36:23 GMT+0000 (Coordinated Universal Time),29,papdesi,papdesi,,,,,,
2026-08-14T11:53:32.852379+00:00,20260814-115332,https://trends24.in/indonesia/,Thu Aug 13 2026 22:36:23 GMT+0000 (Coordinated Universal Time),30,$STONKBROKER,$stonkbroker,,,,,,
2026-08-14T11:53:32.852379+00:00,20260814-115332,https://trends24.in/indonesia/,Thu Aug 13 2026 22:36:23 GMT+0000 (Coordinated Universal Time),31,amy presiden pks,amy presiden pks,,,,,,
2026-08-14T11:53:32.852379+00:00,20260814-115332,https://trends24.in/indonesia/,Thu Aug 13 2026 22:36:23 GMT+0000 (Coordinated Universal Time),32,WL GRANTED,wl granted,,,,,,
2026-08-14T11:53:32.852379+00:00,20260814-115332,https://trends24.in/indonesia/,Thu Aug 13 2026 22:36:23 GMT+0000 (Coordinated Universal Time),33,chris brown,chris brown,,,,,,
2026-08-14T11:53:32.852379+00:00,20260814-115332,https://trends24.in/indonesia/,Thu Aug 13 2026 22:36:23 GMT+0000 (Coordinated Universal Time),34,Klaim Voucher 100%,klaim voucher 100%,,,,,,
2026-08-14T11:53:32.852379+00:00,20260814-115332,https://trends24.in/indonesia/,Thu Aug 13 2026 22:36:23 GMT+0000 (Coordinated Universal Time),35,Affan,affan,,,,,,
2026-08-14T11:53:32.852379+00:00,20260814-115332,https://trends24.in/indonesia/,Thu Aug 13 2026 22:36:23 GMT+0000 (Coordinated Universal Time),36,jype,jype,,,,,,
2026-08-14T11:53:32.852379+00:00,20260814-115332,https://trends24.in/indonesia/,Thu Aug 13 2026 22:36:23 GMT+0000 (Coordinated Universal Time),37,Xavi,xavi,,,,,,
2026-08-14T11:53:32.852379+00:00,20260814-115332,https://trends24.in/indonesia/,Thu Aug 13 2026 22:36:23 GMT+0000 (Coordinated Universal Time),38,Plaza Senayan,plaza senayan,,,,,,
2026-08-14T11:53:32.852379+00:00,20260814-115332,https://trends24.in/indonesia/,Thu Aug 13 2026 22:36:23 GMT+0000 (Coordinated Universal Time),39,assemble teaser d3,assemble teaser d3,,,,,,
2026-08-14T11:53:32.852379+00:00,20260814-115332,https://trends24.in/indonesia/,Thu Aug 13 2026 22:36:23 GMT+0000 (Coordinated Universal Time),40,$BRODIE,$brodie,,,,,,
2026-08-14T11:53:32.852379+00:00,20260814-115332,https://trends24.in/indonesia/,Thu Aug 13 2026 22:36:23 GMT+0000 (Coordinated Universal Time),41,Al Qadsiah,al qadsiah,,,,,,
2026-08-14T11:53:32.852379+00:00,20260814-115332,https://trends24.in/indonesia/,Thu Aug 13 2026 22:36:23 GMT+0000 (Coordinated Universal Time),42,perfect scent with est,perfect scent with est,,,,,,
2026-08-14T11:53:32.852379+00:00,20260814-115332,https://trends24.in/indonesia/,Thu Aug 13 2026 22:36:23 GMT+0000 (Coordinated Universal Time),43,BE MY PLAYER TWO EP5,be my player two ep5,,,,,,
2026-08-14T11:53:32.852379+00:00,20260814-115332,https://trends24.in/indonesia/,Thu Aug 13 2026 22:36:23 GMT+0000 (Coordinated Universal Time),44,LENAMIU X LEGACY,lenamiu x legacy,,,,,,
2026-08-14T11:53:32.852379+00:00,20260814-115332,https://trends24.in/indonesia/,Thu Aug 13 2026 22:36:23 GMT+0000 (Coordinated Universal Time),45,Xdiz,xdiz,,,,,,
2026-08-14T11:53:32.852379+00:00,20260814-115332,https://trends24.in/indonesia/,Thu Aug 13 2026 22:36:23 GMT+0000 (Coordinated Universal Time),46,ICONIC HEART,iconic heart,,,,,,
2026-08-14T11:53:32.852379+00:00,20260814-115332,https://trends24.in/indonesia/,Thu Aug 13 2026 22:36:23 GMT+0000 (Coordinated Universal Time),47,keadilan terjaga,keadilan terjaga,,,,,,
2026-08-14T11:53:32.852379+00:00,20260814-115332,https://trends24.in/indonesia/,Thu Aug 13 2026 22:36:23 GMT+0000 (Coordinated Universal Time),48,Tijjani,tijjani,,,,,,
2026-08-14T11:53:32.852379+00:00,20260814-115332,https://trends24.in/indonesia/,Thu Aug 13 2026 22:36:23 GMT+0000 (Coordinated Universal Time),49,investasi berdampak,investasi berdampak,,,,,,
2026-08-14T11:53:32.852379+00:00,20260814-115332,https://trends24.in/indonesia/,Thu Aug 13 2026 22:36:23 GMT+0000 (Coordinated Universal Time),50,mingyu,mingyu,,,,,,
2026-08-14T11:53:32.852379+00:00,20260814-115332,https://trends24.in/indonesia/,Thu Aug 13 2026 21:44:22 GMT+0000 (Coordinated Universal Time),1,$MOTION,$motion,,,,,,
2026-08-14T11:53:32.852379+00:00,20260814-115332,https://trends24.in/indonesia/,Thu Aug 13 2026 21:44:22 GMT+0000 (Coordinated Universal Time),2,#YouManiacSeries,youmaniacseries,,,,,,
2026-08-14T11:53:32.852379+00:00,20260814-115332,https://trends24.in/indonesia/,Thu Aug 13 2026 21:44:22 GMT+0000 (Coordinated Universal Time),3,GoPay Investasi Emas,gopay investasi emas,,,,,,
2026-08-14T11:53:32.852379+00:00,20260814-115332,https://trends24.in/indonesia/,Thu Aug 13 2026 21:44:22 GMT+0000 (Coordinated Universal Time),4,#MakeAWishForJaemin,makeawishforjaemin,,,,,,
2026-08-14T11:53:32.852379+00:00,20260814-115332,https://trends24.in/indonesia/,Thu Aug 13 2026 21:44:22 GMT+0000 (Coordinated Universal Time),5,#ì¬ëì¼ë¡_ê°ëì°¬_ì¬ë¯¼ì´ì_ì¤ë¬¼ì¬ì¯,ì¬ëì¼ë¡_ê°ëì°¬_ì¬ë¯¼ì´ì_ì¤ë¬¼ì¬ì¯,,,,,,
2026-08-14T11:53:32.852379+00:00,20260814-115332,https://trends24.in/indonesia/,Thu Aug 13 2026 21:44:22 GMT+0000 (Coordinated Universal Time),6,pengabdian pada negeri,pengabdian pada negeri,,,,,,
2026-08-14T11:53:32.852379+00:00,20260814-115332,https://trends24.in/indonesia/,Thu Aug 13 2026 21:44:22 GMT+0000 (Coordinated Universal Time),7,#BlackCardPHUWINmv,blackcardphuwinmv,,,,,,
2026-08-14T11:53:32.852379+00:00,20260814-115332,https://trends24.in/indonesia/,Thu Aug 13 2026 21:44:22 GMT+0000 (Coordinated Universal Time),8,Gunil,gunil,,,,,,
2026-08-14T11:53:32.852379+00:00,20260814-115332,https://trends24.in/indonesia/,Thu Aug 13 2026 21:44:22 GMT+0000 (Coordinated Universal Time),9,#bantumelayaniindonesia,bantumelayaniindonesia,,,,,,
2026-08-14T11:53:32.852379+00:00,20260814-115332,https://trends24.in/indonesia/,Thu Aug 13 2026 21:44:22 GMT+0000 (Coordinated Universal Time),10,DEWTEE LIVE HOUSE,dewtee live house,,,,,,
2026-08-14T11:53:32.852379+00:00,20260814-115332,https://trends24.in/indonesia/,Thu Aug 13 2026 21:44:22 GMT+0000 (Coordinated Universal Time),11,Trade $ANTFUN,trade $antfun,,,,,,
2026-08-14T11:53:32.852379+00:00,20260814-115332,https://trends24.in/indonesia/,Thu Aug 13 2026 21:44:22 GMT+0000 (Coordinated Universal Time),12,perkuat perkokoh nkri,perkuat perkokoh nkri,,,,,,
2026-08-14T11:53:32.852379+00:00,20260814-115332,https://trends24.in/indonesia/,Thu Aug 13 2026 21:44:22 GMT+0000 (Coordinated Universal Time),13,PHUWIN BLACK CARD MV,phuwin black card mv,,,,,,
2026-08-14T11:53:32.852379+00:00,20260814-115332,https://trends24.in/indonesia/,Thu Aug 13 2026 21:44:22 GMT+0000 (Coordinated Universal Time),14,tolak kerusuhan,tolak kerusuhan,,,,,,
2026-08-14T11:53:32.852379+00:00,20260814-115332,https://trends24.in/indonesia/,Thu Aug 13 2026 21:44:22 GMT+0000 (Coordinated Universal Time),15,STOP CROPPING JAMES OUT,stop cropping james out,,,,,,
2026-08-14T11:53:32.852379+00:00,20260814-115332,https://trends24.in/indonesia/,Thu Aug 13 2026 21:44:22 GMT+0000 (Coordinated Universal Time),16,COUNTLESS LOVE WITH HUENINGKAI,countless love with hueningkai,,,,,,
2026-08-14T11:53:32.852379+00:00,20260814-115332,https://trends24.in/indonesia/,Thu Aug 13 2026 21:44:22 GMT+0000 (Coordinated Universal Time),17,EMIBONNIE UNDER THE FIRST MOON,emibonnie under the first moon,,,,,,
2026-08-14T11:53:32.852379+00:00,20260814-115332,https://trends24.in/indonesia/,Thu Aug 13 2026 21:44:22 GMT+0000 (Coordinated Universal Time),18,Robinhood Chain,robinhood chain,,,,,,
2026-08-14T11:53:32.852379+00:00,20260814-115332,https://trends24.in/indonesia/,Thu Aug 13 2026 21:44:22 GMT+0000 (Coordinated Universal Time),19,Soccer,soccer,,,,,,
2026-08-14T11:53:32.852379+00:00,20260814-115332,https://trends24.in/indonesia/,Thu Aug 13 2026 21:44:22 GMT+0000 (Coordinated Universal Time),20,musical fountain,musical fountain,,,,,,
2026-08-14T11:53:32.852379+00:00,20260814-115332,https://trends24.in/indonesia/,Thu Aug 13 2026 21:44:22 GMT+0000 (Coordinated Universal Time),21,18 YEARS OF RORANDERFUL,18 years of roranderful,,,,,,
2026-08-14T11:53:32.852379+00:00,20260814-115332,https://trends24.in/indonesia/,Thu Aug 13 2026 21:44:22 GMT+0000 (Coordinated Universal Time),22,TipFi,tipfi,,,,,,
2026-08-14T11:53:32.852379+00:00,20260814-115332,https://trends24.in/indonesia/,Thu Aug 13 2026 21:44:22 GMT+0000 (Coordinated Universal Time),23,mencetak generasi unggul,mencetak generasi unggul,,,,,,
2026-08-14T11:53:32.852379+00:00,20260814-115332,https://trends24.in/indonesia/,Thu Aug 13 2026 21:44:22 GMT+0000 (Coordinated Universal Time),24,ORM SWU LEGACY FASHION,orm swu legacy fashion,,,,,,
2026-08-14T11:53:32.852379+00:00,20260814-115332,https://trends24.in/indonesia/,Thu Aug 13 2026 21:44:22 GMT+0000 (Coordinated Universal Time),25,Malam Jumat,malam jumat,,,,,,
2026-08-14T11:53:32.852379+00:00,20260814-115332,https://trends24.in/indonesia/,Thu Aug 13 2026 21:44:22 GMT+0000 (Coordinated Universal Time),26,Desil 10,desil 10,,,,,,
2026-08-14T11:53:32.852379+00:00,20260814-115332,https://trends24.in/indonesia/,Thu Aug 13 2026 21:44:22 GMT+0000 (Coordinated Universal Time),27,$WISHBONE,$wishbone,,,,,,
2026-08-14T11:53:32.852379+00:00,20260814-115332,https://trends24.in/indonesia/,Thu Aug 13 2026 21:44:22 GMT+0000 (Coordinated Universal Time),28,BUNKER,bunker,,,,,,
2026-08-14T11:53:32.852379+00:00,20260814-115332,https://trends24.in/indonesia/,Thu Aug 13 2026 21:44:22 GMT+0000 (Coordinated Universal Time),29,$STONKBROKER,$stonkbroker,,,,,,
2026-08-14T11:53:32.852379+00:00,20260814-115332,https://trends24.in/indonesia/,Thu Aug 13 2026 21:44:22 GMT+0000 (Coordinated Universal Time),30,papdesi,papdesi,,,,,,
2026-08-14T11:53:32.852379+00:00,20260814-115332,https://trends24.in/indonesia/,Thu Aug 13 2026 21:44:22 GMT+0000 (Coordinated Universal Time),31,amy presiden pks,amy presiden pks,,,,,,
2026-08-14T11:53:32.852379+00:00,20260814-115332,https://trends24.in/indonesia/,Thu Aug 13 2026 21:44:22 GMT+0000 (Coordinated Universal Time),32,chris brown,chris brown,,,,,,
2026-08-14T11:53:32.852379+00:00,20260814-115332,https://trends24.in/indonesia/,Thu Aug 13 2026 21:44:22 GMT+0000 (Coordinated Universal Time),33,WL GRANTED,wl granted,,,,,,
2026-08-14T11:53:32.852379+00:00,20260814-115332,https://trends24.in/indonesia/,Thu Aug 13 2026 21:44:22 GMT+0000 (Coordinated Universal Time),34,STOP MISTREATING JAMES,stop mistreating james,,,,,,
2026-08-14T11:53:32.852379+00:00,20260814-115332,https://trends24.in/indonesia/,Thu Aug 13 2026 21:44:22 GMT+0000 (Coordinated Universal Time),35,Affan,affan,,,,,,
2026-08-14T11:53:32.852379+00:00,20260814-115332,https://trends24.in/indonesia/,Thu Aug 13 2026 21:44:22 GMT+0000 (Coordinated Universal Time),36,Plaza Senayan,plaza senayan,,,,,,
2026-08-14T11:53:32.852379+00:00,20260814-115332,https://trends24.in/indonesia/,Thu Aug 13 2026 21:44:22 GMT+0000 (Coordinated Universal Time),37,jype,jype,,,,,,
2026-08-14T11:53:32.852379+00:00,20260814-115332,https://trends24.in/indonesia/,Thu Aug 13 2026 21:44:22 GMT+0000 (Coordinated Universal Time),38,$BRODIE,$brodie,,,,,,
2026-08-14T11:53:32.852379+00:00,20260814-115332,https://trends24.in/indonesia/,Thu Aug 13 2026 21:44:22 GMT+0000 (Coordinated Universal Time),39,Xavi,xavi,,,,,,
2026-08-14T11:53:32.852379+00:00,20260814-115332,https://trends24.in/indonesia/,Thu Aug 13 2026 21:44:22 GMT+0000 (Coordinated Universal Time),40,Klaim Voucher 100%,klaim voucher 100%,,,,,,
2026-08-14T11:53:32.852379+00:00,20260814-115332,https://trends24.in/indonesia/,Thu Aug 13 2026 21:44:22 GMT+0000 (Coordinated Universal Time),41,Assemble Teaser D3,assemble teaser d3,,,,,,
2026-08-14T11:53:32.852379+00:00,20260814-115332,https://trends24.in/indonesia/,Thu Aug 13 2026 21:44:22 GMT+0000 (Coordinated Universal Time),42,PERFECT SCENT WITH EST,perfect scent with est,,,,,,
2026-08-14T11:53:32.852379+00:00,20260814-115332,https://trends24.in/indonesia/,Thu Aug 13 2026 21:44:22 GMT+0000 (Coordinated Universal Time),43,BE MY PLAYER TWO EP5,be my player two ep5,,,,,,
2026-08-14T11:53:32.852379+00:00,20260814-115332,https://trends24.in/indonesia/,Thu Aug 13 2026 21:44:22 GMT+0000 (Coordinated Universal Time),44,LENAMIU X LEGACY,lenamiu x legacy,,,,,,
2026-08-14T11:53:32.852379+00:00,20260814-115332,https://trends24.in/indonesia/,Thu Aug 13 2026 21:44:22 GMT+0000 (Coordinated Universal Time),45,Xdiz,xdiz,,,,,,
2026-08-14T11:53:32.852379+00:00,20260814-115332,https://trends24.in/indonesia/,Thu Aug 13 2026 21:44:22 GMT+0000 (Coordinated Universal Time),46,Keadilan Terjaga,keadilan terjaga,,,,,,
2026-08-14T11:53:32.852379+00:00,20260814-115332,https://trends24.in/indonesia/,Thu Aug 13 2026 21:44:22 GMT+0000 (Coordinated Universal Time),47,ICONIC HEART,iconic heart,,,,,,
2026-08-14T11:53:32.852379+00:00,20260814-115332,https://trends24.in/indonesia/,Thu Aug 13 2026 21:44:22 GMT+0000 (Coordinated Universal Time),48,mingyu,mingyu,,,,,,
2026-08-14T11:53:32.852379+00:00,20260814-115332,https://trends24.in/indonesia/,Thu Aug 13 2026 21:44:22 GMT+0000 (Coordinated Universal Time),49,Al Qadsiah,al qadsiah,,,,,,
2026-08-14T11:53:32.852379+00:00,20260814-115332,https://trends24.in/indonesia/,Thu Aug 13 2026 21:44:22 GMT+0000 (Coordinated Universal Time),50,investasi berdampak,investasi berdampak,,,,,,
2026-08-14T11:53:32.852379+00:00,20260814-115332,https://trends24.in/indonesia/,Thu Aug 13 2026 20:52:22 GMT+0000 (Coordinated Universal Time),1,$MOTION,$motion,,,,,,
2026-08-14T11:53:32.852379+00:00,20260814-115332,https://trends24.in/indonesia/,Thu Aug 13 2026 20:52:22 GMT+0000 (Coordinated Universal Time),2,#YouManiacSeries,youmaniacseries,,,,,,
2026-08-14T11:53:32.852379+00:00,20260814-115332,https://trends24.in/indonesia/,Thu Aug 13 2026 20:52:22 GMT+0000 (Coordinated Universal Time),3,GoPay Investasi Emas,gopay investasi emas,,,,,,
2026-08-14T11:53:32.852379+00:00,20260814-115332,https://trends24.in/indonesia/,Thu Aug 13 2026 20:52:22 GMT+0000 (Coordinated Universal Time),4,#MakeAWishForJaemin,makeawishforjaemin,,,,,,
2026-08-14T11:53:32.852379+00:00,20260814-115332,https://trends24.in/indonesia/,Thu Aug 13 2026 20:52:22 GMT+0000 (Coordinated Universal Time),5,#ì¬ëì¼ë¡_ê°ëì°¬_ì¬ë¯¼ì´ì_ì¤ë¬¼ì¬ì¯,ì¬ëì¼ë¡_ê°ëì°¬_ì¬ë¯¼ì´ì_ì¤ë¬¼ì¬ì¯,,,,,,
2026-08-14T11:53:32.852379+00:00,20260814-115332,https://trends24.in/indonesia/,Thu Aug 13 2026 20:52:22 GMT+0000 (Coordinated Universal Time),6,#BlackCardPHUWINmv,blackcardphuwinmv,,,,,,
2026-08-14T11:53:32.852379+00:00,20260814-115332,https://trends24.in/indonesia/,Thu Aug 13 2026 20:52:22 GMT+0000 (Coordinated Universal Time),7,pengabdian pada negeri,pengabdian pada negeri,,,,,,
2026-08-14T11:53:32.852379+00:00,20260814-115332,https://trends24.in/indonesia/,Thu Aug 13 2026 20:52:22 GMT+0000 (Coordinated Universal Time),8,Gunil,gunil,,,,,,
2026-08-14T11:53:32.852379+00:00,20260814-115332,https://trends24.in/indonesia/,Thu Aug 13 2026 20:52:22 GMT+0000 (Coordinated Universal Time),9,#bantumelayaniindonesia,bantumelayaniindonesia,,,,,,
2026-08-14T11:53:32.852379+00:00,20260814-115332,https://trends24.in/indonesia/,Thu Aug 13 2026 20:52:22 GMT+0000 (Coordinated Universal Time),10,DEWTEE LIVE HOUSE,dewtee live house,,,,,,
2026-08-14T11:53:32.852379+00:00,20260814-115332,https://trends24.in/indonesia/,Thu Aug 13 2026 20:52:22 GMT+0000 (Coordinated Universal Time),11,PHUWIN BLACK CARD MV,phuwin black card mv,,,,,,
2026-08-14T11:53:32.852379+00:00,20260814-115332,https://trends24.in/indonesia/,Thu Aug 13 2026 20:52:22 GMT+0000 (Coordinated Universal Time),12,perkuat perkokoh nkri,perkuat perkokoh nkri,,,,,,
2026-08-14T11:53:32.852379+00:00,20260814-115332,https://trends24.in/indonesia/,Thu Aug 13 2026 20:52:22 GMT+0000 (Coordinated Universal Time),13,Trade $ANTFUN,trade $antfun,,,,,,
2026-08-14T11:53:32.852379+00:00,20260814-115332,https://trends24.in/indonesia/,Thu Aug 13 2026 20:52:22 GMT+0000 (Coordinated Universal Time),14,tolak kerusuhan,tolak kerusuhan,,,,,,
2026-08-14T11:53:32.852379+00:00,20260814-115332,https://trends24.in/indonesia/,Thu Aug 13 2026 20:52:22 GMT+0000 (Coordinated Universal Time),15,STOP CROPPING JAMES OUT,stop cropping james out,,,,,,
2026-08-14T11:53:32.852379+00:00,20260814-115332,https://trends24.in/indonesia/,Thu Aug 13 2026 20:52:22 GMT+0000 (Coordinated Universal Time),16,COUNTLESS LOVE WITH HUENINGKAI,countless love with hueningkai,,,,,,
2026-08-14T11:53:32.852379+00:00,20260814-115332,https://trends24.in/indonesia/,Thu Aug 13 2026 20:52:22 GMT+0000 (Coordinated Universal Time),17,EMIBONNIE UNDER THE FIRST MOON,emibonnie under the first moon,,,,,,
2026-08-14T11:53:32.852379+00:00,20260814-115332,https://trends24.in/indonesia/,Thu Aug 13 2026 20:52:22 GMT+0000 (Coordinated Universal Time),18,Robinhood Chain,robinhood chain,,,,,,
2026-08-14T11:53:32.852379+00:00,20260814-115332,https://trends24.in/indonesia/,Thu Aug 13 2026 20:52:22 GMT+0000 (Coordinated Universal Time),19,Soccer,soccer,,,,,,
2026-08-14T11:53:32.852379+00:00,20260814-115332,https://trends24.in/indonesia/,Thu Aug 13 2026 20:52:22 GMT+0000 (Coordinated Universal Time),20,musical fountain,musical fountain,,,,,,
2026-08-14T11:53:32.852379+00:00,20260814-115332,https://trends24.in/indonesia/,Thu Aug 13 2026 20:52:22 GMT+0000 (Coordinated Universal Time),21,18 YEARS OF RORANDERFUL,18 years of roranderful,,,,,,
2026-08-14T11:53:32.852379+00:00,20260814-115332,https://trends24.in/indonesia/,Thu Aug 13 2026 20:52:22 GMT+0000 (Coordinated Universal Time),22,BUNKER,bunker,,,,,,
2026-08-14T11:53:32.852379+00:00,20260814-115332,https://trends24.in/indonesia/,Thu Aug 13 2026 20:52:22 GMT+0000 (Coordinated Universal Time),23,TipFi,tipfi,,,,,,
2026-08-14T11:53:32.852379+00:00,20260814-115332,https://trends24.in/indonesia/,Thu Aug 13 2026 20:52:22 GMT+0000 (Coordinated Universal Time),24,mencetak generasi unggul,mencetak generasi unggul,,,,,,
2026-08-14T11:53:32.852379+00:00,20260814-115332,https://trends24.in/indonesia/,Thu Aug 13 2026 20:52:22 GMT+0000 (Coordinated Universal Time),25,ORM SWU LEGACY FASHION,orm swu legacy fashion,,,,,,
2026-08-14T11:53:32.852379+00:00,20260814-115332,https://trends24.in/indonesia/,Thu Aug 13 2026 20:52:22 GMT+0000 (Coordinated Universal Time),26,Malam Jumat,malam jumat,,,,,,
2026-08-14T11:53:32.852379+00:00,20260814-115332,https://trends24.in/indonesia/,Thu Aug 13 2026 20:52:22 GMT+0000 (Coordinated Universal Time),27,Desil 10,desil 10,,,,,,
2026-08-14T11:53:32.852379+00:00,20260814-115332,https://trends24.in/indonesia/,Thu Aug 13 2026 20:52:22 GMT+0000 (Coordinated Universal Time),28,$STONKBROKER,$stonkbroker,,,,,,
2026-08-14T11:53:32.852379+00:00,20260814-115332,https://trends24.in/indonesia/,Thu Aug 13 2026 20:52:22 GMT+0000 (Coordinated Universal Time),29,$WISHBONE,$wishbone,,,,,,
2026-08-14T11:53:32.852379+00:00,20260814-115332,https://trends24.in/indonesia/,Thu Aug 13 2026 20:52:22 GMT+0000 (Coordinated Universal Time),30,Affan,affan,,,,,,
2026-08-14T11:53:32.852379+00:00,20260814-115332,https://trends24.in/indonesia/,Thu Aug 13 2026 20:52:22 GMT+0000 (Coordinated Universal Time),31,papdesi,papdesi,,,,,,
2026-08-14T11:53:32.852379+00:00,20260814-115332,https://trends24.in/indonesia/,Thu Aug 13 2026 20:52:22 GMT+0000 (Coordinated Universal Time),32,amy presiden pks,amy presiden pks,,,,,,
2026-08-14T11:53:32.852379+00:00,20260814-115332,https://trends24.in/indonesia/,Thu Aug 13 2026 20:52:22 GMT+0000 (Coordinated Universal Time),33,WL GRANTED,wl granted,,,,,,
2026-08-14T11:53:32.852379+00:00,20260814-115332,https://trends24.in/indonesia/,Thu Aug 13 2026 20:52:22 GMT+0000 (Coordinated Universal Time),34,chris brown,chris brown,,,,,,
2026-08-14T11:53:32.852379+00:00,20260814-115332,https://trends24.in/indonesia/,Thu Aug 13 2026 20:52:22 GMT+0000 (Coordinated Universal Time),35,Plaza Senayan,plaza senayan,,,,,,
2026-08-14T11:53:32.852379+00:00,20260814-115332,https://trends24.in/indonesia/,Thu Aug 13 2026 20:52:22 GMT+0000 (Coordinated Universal Time),36,jype,jype,,,,,,
2026-08-14T11:53:32.852379+00:00,20260814-115332,https://trends24.in/indonesia/,Thu Aug 13 2026 20:52:22 GMT+0000 (Coordinated Universal Time),37,$BRODIE,$brodie,,,,,,
2026-08-14T11:53:32.852379+00:00,20260814-115332,https://trends24.in/indonesia/,Thu Aug 13 2026 20:52:22 GMT+0000 (Coordinated Universal Time),38,Xavi,xavi,,,,,,
2026-08-14T11:53:32.852379+00:00,20260814-115332,https://trends24.in/indonesia/,Thu Aug 13 2026 20:52:22 GMT+0000 (Coordinated Universal Time),39,STOP MISTREATING JAMES,stop mistreating james,,,,,,
2026-08-14T11:53:32.852379+00:00,20260814-115332,https://trends24.in/indonesia/,Thu Aug 13 2026 20:52:22 GMT+0000 (Coordinated Universal Time),40,Klaim Voucher 100%,klaim voucher 100%,,,,,,
2026-08-14T11:53:32.852379+00:00,20260814-115332,https://trends24.in/indonesia/,Thu Aug 13 2026 20:52:22 GMT+0000 (Coordinated Universal Time),41,Assemble Teaser D3,assemble teaser d3,,,,,,
2026-08-14T11:53:32.852379+00:00,20260814-115332,https://trends24.in/indonesia/,Thu Aug 13 2026 20:52:22 GMT+0000 (Coordinated Universal Time),42,PERFECT SCENT WITH EST,perfect scent with est,,,,,,
2026-08-14T11:53:32.852379+00:00,20260814-115332,https://trends24.in/indonesia/,Thu Aug 13 2026 20:52:22 GMT+0000 (Coordinated Universal Time),43,BE MY PLAYER TWO EP5,be my player two ep5,,,,,,
2026-08-14T11:53:32.852379+00:00,20260814-115332,https://trends24.in/indonesia/,Thu Aug 13 2026 20:52:22 GMT+0000 (Coordinated Universal Time),44,ICONIC HEART,iconic heart,,,,,,
2026-08-14T11:53:32.852379+00:00,20260814-115332,https://trends24.in/indonesia/,Thu Aug 13 2026 20:52:22 GMT+0000 (Coordinated Universal Time),45,LENAMIU X LEGACY,lenamiu x legacy,,,,,,
2026-08-14T11:53:32.852379+00:00,20260814-115332,https://trends24.in/indonesia/,Thu Aug 13 2026 20:52:22 GMT+0000 (Coordinated Universal Time),46,Xdiz,xdiz,,,,,,
2026-08-14T11:53:32.852379+00:00,20260814-115332,https://trends24.in/indonesia/,Thu Aug 13 2026 20:52:22 GMT+0000 (Coordinated Universal Time),47,Keadilan Terjaga,keadilan terjaga,,,,,,
2026-08-14T11:53:32.852379+00:00,20260814-115332,https://trends24.in/indonesia/,Thu Aug 13 2026 20:52:22 GMT+0000 (Coordinated Universal Time),48,mingyu,mingyu,,,,,,
2026-08-14T11:53:32.852379+00:00,20260814-115332,https://trends24.in/indonesia/,Thu Aug 13 2026 20:52:22 GMT+0000 (Coordinated Universal Time),49,Al Qadsiah,al qadsiah,,,,,,
2026-08-14T11:53:32.852379+00:00,20260814-115332,https://trends24.in/indonesia/,Thu Aug 13 2026 20:52:22 GMT+0000 (Coordinated Universal Time),50,investasi berdampak,investasi berdampak,,,,,,
2026-08-14T11:53:32.852379+00:00,20260814-115332,https://trends24.in/indonesia/,Thu Aug 13 2026 19:56:21 GMT+0000 (Coordinated Universal Time),1,$MOTION,$motion,,,,,,
2026-08-14T11:53:32.852379+00:00,20260814-115332,https://trends24.in/indonesia/,Thu Aug 13 2026 19:56:21 GMT+0000 (Coordinated Universal Time),2,#YouManiacSeries,youmaniacseries,,,,,,
2026-08-14T11:53:32.852379+00:00,20260814-115332,https://trends24.in/indonesia/,Thu Aug 13 2026 19:56:21 GMT+0000 (Coordinated Universal Time),3,GoPay Investasi Emas,gopay investasi emas,,,,,,
2026-08-14T11:53:32.852379+00:00,20260814-115332,https://trends24.in/indonesia/,Thu Aug 13 2026 19:56:21 GMT+0000 (Coordinated Universal Time),4,#MakeAWishForJaemin,makeawishforjaemin,,,,,,
2026-08-14T11:53:32.852379+00:00,20260814-115332,https://trends24.in/indonesia/,Thu Aug 13 2026 19:56:21 GMT+0000 (Coordinated Universal Time),5,#ì¬ëì¼ë¡_ê°ëì°¬_ì¬ë¯¼ì´ì_ì¤ë¬¼ì¬ì¯,ì¬ëì¼ë¡_ê°ëì°¬_ì¬ë¯¼ì´ì_ì¤ë¬¼ì¬ì¯,,,,,,
2026-08-14T11:53:32.852379+00:00,20260814-115332,https://trends24.in/indonesia/,Thu Aug 13 2026 19:56:21 GMT+0000 (Coordinated Universal Time),6,#BlackCardPHUWINmv,blackcardphuwinmv,,,,,,
2026-08-14T11:53:32.852379+00:00,20260814-115332,https://trends24.in/indonesia/,Thu Aug 13 2026 19:56:21 GMT+0000 (Coordinated Universal Time),7,pengabdian pada negeri,pengabdian pada negeri,,,,,,
2026-08-14T11:53:32.852379+00:00,20260814-115332,https://trends24.in/indonesia/,Thu Aug 13 2026 19:56:21 GMT+0000 (Coordinated Universal Time),8,Gunil,gunil,,,,,,
2026-08-14T11:53:32.852379+00:00,20260814-115332,https://trends24.in/indonesia/,Thu Aug 13 2026 19:56:21 GMT+0000 (Coordinated Universal Time),9,#bantumelayaniindonesia,bantumelayaniindonesia,,,,,,
2026-08-14T11:53:32.852379+00:00,20260814-115332,https://trends24.in/indonesia/,Thu Aug 13 2026 19:56:21 GMT+0000 (Coordinated Universal Time),10,DEWTEE LIVE HOUSE,dewtee live house,,,,,,
2026-08-14T11:53:32.852379+00:00,20260814-115332,https://trends24.in/indonesia/,Thu Aug 13 2026 19:56:21 GMT+0000 (Coordinated Universal Time),11,PHUWIN BLACK CARD MV,phuwin black card mv,,,,,,
2026-08-14T11:53:32.852379+00:00,20260814-115332,https://trends24.in/indonesia/,Thu Aug 13 2026 19:56:21 GMT+0000 (Coordinated Universal Time),12,perkuat perkokoh nkri,perkuat perkokoh nkri,,,,,,
2026-08-14T11:53:32.852379+00:00,20260814-115332,https://trends24.in/indonesia/,Thu Aug 13 2026 19:56:21 GMT+0000 (Coordinated Universal Time),13,tolak kerusuhan,tolak kerusuhan,,,,,,
2026-08-14T11:53:32.852379+00:00,20260814-115332,https://trends24.in/indonesia/,Thu Aug 13 2026 19:56:21 GMT+0000 (Coordinated Universal Time),14,Trade $ANTFUN,trade $antfun,,,,,,
2026-08-14T11:53:32.852379+00:00,20260814-115332,https://trends24.in/indonesia/,Thu Aug 13 2026 19:56:21 GMT+0000 (Coordinated Universal Time),15,STOP CROPPING JAMES OUT,stop cropping james out,,,,,,
2026-08-14T11:53:32.852379+00:00,20260814-115332,https://trends24.in/indonesia/,Thu Aug 13 2026 19:56:21 GMT+0000 (Coordinated Universal Time),16,BUNKER,bunker,,,,,,
2026-08-14T11:53:32.852379+00:00,20260814-115332,https://trends24.in/indonesia/,Thu Aug 13 2026 19:56:21 GMT+0000 (Coordinated Universal Time),17,COUNTLESS LOVE WITH HUENINGKAI,countless love with hueningkai,,,,,,
2026-08-14T11:53:32.852379+00:00,20260814-115332,https://trends24.in/indonesia/,Thu Aug 13 2026 19:56:21 GMT+0000 (Coordinated Universal Time),18,EMIBONNIE UNDER THE FIRST MOON,emibonnie under the first moon,,,,,,
2026-08-14T11:53:32.852379+00:00,20260814-115332,https://trends24.in/indonesia/,Thu Aug 13 2026 19:56:21 GMT+0000 (Coordinated Universal Time),19,Robinhood Chain,robinhood chain,,,,,,
2026-08-14T11:53:32.852379+00:00,20260814-115332,https://trends24.in/indonesia/,Thu Aug 13 2026 19:56:21 GMT+0000 (Coordinated Universal Time),20,Soccer,soccer,,,,,,
2026-08-14T11:53:32.852379+00:00,20260814-115332,https://trends24.in/indonesia/,Thu Aug 13 2026 19:56:21 GMT+0000 (Coordinated Universal Time),21,musical fountain,musical fountain,,,,,,
2026-08-14T11:53:32.852379+00:00,20260814-115332,https://trends24.in/indonesia/,Thu Aug 13 2026 19:56:21 GMT+0000 (Coordinated Universal Time),22,18 YEARS OF RORANDERFUL,18 years of roranderful,,,,,,
2026-08-14T11:53:32.852379+00:00,20260814-115332,https://trends24.in/indonesia/,Thu Aug 13 2026 19:56:21 GMT+0000 (Coordinated Universal Time),23,WL GRANTED,wl granted,,,,,,
2026-08-14T11:53:32.852379+00:00,20260814-115332,https://trends24.in/indonesia/,Thu Aug 13 2026 19:56:21 GMT+0000 (Coordinated Universal Time),24,TipFi,tipfi,,,,,,
2026-08-14T11:53:32.852379+00:00,20260814-115332,https://trends24.in/indonesia/,Thu Aug 13 2026 19:56:21 GMT+0000 (Coordinated Universal Time),25,ORM SWU LEGACY FASHION,orm swu legacy fashion,,,,,,
2026-08-14T11:53:32.852379+00:00,20260814-115332,https://trends24.in/indonesia/,Thu Aug 13 2026 19:56:21 GMT+0000 (Coordinated Universal Time),26,mencetak generasi unggul,mencetak generasi unggul,,,,,,
2026-08-14T11:53:32.852379+00:00,20260814-115332,https://trends24.in/indonesia/,Thu Aug 13 2026 19:56:21 GMT+0000 (Coordinated Universal Time),27,Malam Jumat,malam jumat,,,,,,
2026-08-14T11:53:32.852379+00:00,20260814-115332,https://trends24.in/indonesia/,Thu Aug 13 2026 19:56:21 GMT+0000 (Coordinated Universal Time),28,Desil 10,desil 10,,,,,,
2026-08-14T11:53:32.852379+00:00,20260814-115332,https://trends24.in/indonesia/,Thu Aug 13 2026 19:56:21 GMT+0000 (Coordinated Universal Time),29,$WISHBONE,$wishbone,,,,,,
2026-08-14T11:53:32.852379+00:00,20260814-115332,https://trends24.in/indonesia/,Thu Aug 13 2026 19:56:21 GMT+0000 (Coordinated Universal Time),30,$STONKBROKER,$stonkbroker,,,,,,
2026-08-14T11:53:32.852379+00:00,20260814-115332,https://trends24.in/indonesia/,Thu Aug 13 2026 19:56:21 GMT+0000 (Coordinated Universal Time),31,Affan,affan,,,,,,
2026-08-14T11:53:32.852379+00:00,20260814-115332,https://trends24.in/indonesia/,Thu Aug 13 2026 19:56:21 GMT+0000 (Coordinated Universal Time),32,papdesi,papdesi,,,,,,
2026-08-14T11:53:32.852379+00:00,20260814-115332,https://trends24.in/indonesia/,Thu Aug 13 2026 19:56:21 GMT+0000 (Coordinated Universal Time),33,chris brown,chris brown,,,,,,
2026-08-14T11:53:32.852379+00:00,20260814-115332,https://trends24.in/indonesia/,Thu Aug 13 2026 19:56:21 GMT+0000 (Coordinated Universal Time),34,Plaza Senayan,plaza senayan,,,,,,
2026-08-14T11:53:32.852379+00:00,20260814-115332,https://trends24.in/indonesia/,Thu Aug 13 2026 19:56:21 GMT+0000 (Coordinated Universal Time),35,amy presiden pks,amy presiden pks,,,,,,
2026-08-14T11:53:32.852379+00:00,20260814-115332,https://trends24.in/indonesia/,Thu Aug 13 2026 19:56:21 GMT+0000 (Coordinated Universal Time),36,STOP MISTREATING JAMES,stop mistreating james,,,,,,
2026-08-14T11:53:32.852379+00:00,20260814-115332,https://trends24.in/indonesia/,Thu Aug 13 2026 19:56:21 GMT+0000 (Coordinated Universal Time),37,I LOVE YOU BTS,i love you bts,,,,,,
2026-08-14T11:53:32.852379+00:00,20260814-115332,https://trends24.in/indonesia/,Thu Aug 13 2026 19:56:21 GMT+0000 (Coordinated Universal Time),38,jype,jype,,,,,,
2026-08-14T11:53:32.852379+00:00,20260814-115332,https://trends24.in/indonesia/,Thu Aug 13 2026 19:56:21 GMT+0000 (Coordinated Universal Time),39,Xavi,xavi,,,,,,
2026-08-14T11:53:32.852379+00:00,20260814-115332,https://trends24.in/indonesia/,Thu Aug 13 2026 19:56:21 GMT+0000 (Coordinated Universal Time),40,Klaim Voucher 100%,klaim voucher 100%,,,,,,
2026-08-14T11:53:32.852379+00:00,20260814-115332,https://trends24.in/indonesia/,Thu Aug 13 2026 19:56:21 GMT+0000 (Coordinated Universal Time),41,Assemble Teaser D3,assemble teaser d3,,,,,,
2026-08-14T11:53:32.852379+00:00,20260814-115332,https://trends24.in/indonesia/,Thu Aug 13 2026 19:56:21 GMT+0000 (Coordinated Universal Time),42,$BRODIE,$brodie,,,,,,
2026-08-14T11:53:32.852379+00:00,20260814-115332,https://trends24.in/indonesia/,Thu Aug 13 2026 19:56:21 GMT+0000 (Coordinated Universal Time),43,BE MY PLAYER TWO EP5,be my player two ep5,,,,,,
2026-08-14T11:53:32.852379+00:00,20260814-115332,https://trends24.in/indonesia/,Thu Aug 13 2026 19:56:21 GMT+0000 (Coordinated Universal Time),44,PERFECT SCENT WITH EST,perfect scent with est,,,,,,
2026-08-14T11:53:32.852379+00:00,20260814-115332,https://trends24.in/indonesia/,Thu Aug 13 2026 19:56:21 GMT+0000 (Coordinated Universal Time),45,ICONIC HEART,iconic heart,,,,,,
2026-08-14T11:53:32.852379+00:00,20260814-115332,https://trends24.in/indonesia/,Thu Aug 13 2026 19:56:21 GMT+0000 (Coordinated Universal Time),46,LENAMIU X LEGACY,lenamiu x legacy,,,,,,
2026-08-14T11:53:32.852379+00:00,20260814-115332,https://trends24.in/indonesia/,Thu Aug 13 2026 19:56:21 GMT+0000 (Coordinated Universal Time),47,Xdiz,xdiz,,,,,,
2026-08-14T11:53:32.852379+00:00,20260814-115332,https://trends24.in/indonesia/,Thu Aug 13 2026 19:56:21 GMT+0000 (Coordinated Universal Time),48,Keadilan Terjaga,keadilan terjaga,,,,,,
2026-08-14T11:53:32.852379+00:00,20260814-115332,https://trends24.in/indonesia/,Thu Aug 13 2026 19:56:21 GMT+0000 (Coordinated Universal Time),49,mingyu,mingyu,,,,,,
2026-08-14T11:53:32.852379+00:00,20260814-115332,https://trends24.in/indonesia/,Thu Aug 13 2026 19:56:21 GMT+0000 (Coordinated Universal Time),50,Investasi Berdampak,investasi berdampak,,,,,,
2026-08-14T11:53:32.852379+00:00,20260814-115332,https://trends24.in/indonesia/,Thu Aug 13 2026 19:04:21 GMT+0000 (Coordinated Universal Time),1,DEWTEE LIVE HOUSE,dewtee live house,,,,,,
2026-08-14T11:53:32.852379+00:00,20260814-115332,https://trends24.in/indonesia/,Thu Aug 13 2026 19:04:21 GMT+0000 (Coordinated Universal Time),2,#GMMTVLiveHouse,gmmtvlivehouse,,,,,,
2026-08-14T11:53:32.852379+00:00,20260814-115332,https://trends24.in/indonesia/,Thu Aug 13 2026 19:04:21 GMT+0000 (Coordinated Universal Time),3,#LET_JAMES_BE_SEEN,let_james_be_seen,,,,,,
2026-08-14T11:53:32.852379+00:00,20260814-115332,https://trends24.in/indonesia/,Thu Aug 13 2026 19:04:21 GMT+0000 (Coordinated Universal Time),4,#KuCoin,kucoin,,,,,,
2026-08-14T11:53:32.852379+00:00,20260814-115332,https://trends24.in/indonesia/,Thu Aug 13 2026 19:04:21 GMT+0000 (Coordinated Universal Time),5,STOP CROPPING JAMES OUT,stop cropping james out,,,,,,
2026-08-14T11:53:32.852379+00:00,20260814-115332,https://trends24.in/indonesia/,Thu Aug 13 2026 19:04:21 GMT+0000 (Coordinated Universal Time),6,#íì¬ë¦ìë¤ì íì ë¬¼ì¸ëì¹´ì´,íì¬ë¦ìë¤ì íì ë¬¼ì¸ëì¹´ì´,,,,,,
2026-08-14T11:53:32.852379+00:00,20260814-115332,https://trends24.in/indonesia/,Thu Aug 13 2026 19:04:21 GMT+0000 (Coordinated Universal Time),7,#StickWithHue,stickwithhue,,,,,,
2026-08-14T11:53:32.852379+00:00,20260814-115332,https://trends24.in/indonesia/,Thu Aug 13 2026 19:04:21 GMT+0000 (Coordinated Universal Time),8,Trade $ANTFUN,trade $antfun,,,,,,
2026-08-14T11:53:32.852379+00:00,20260814-115332,https://trends24.in/indonesia/,Thu Aug 13 2026 19:04:21 GMT+0000 (Coordinated Universal Time),9,GoPay Investasi Emas,gopay investasi emas,,,,,,
2026-08-14T11:53:32.852379+00:00,20260814-115332,https://trends24.in/indonesia/,Thu Aug 13 2026 19:04:21 GMT+0000 (Coordinated Universal Time),10,BUNKER,bunker,,,,,,
2026-08-14T11:53:32.852379+00:00,20260814-115332,https://trends24.in/indonesia/,Thu Aug 13 2026 19:04:21 GMT+0000 (Coordinated Universal Time),11,COUNTLESS LOVE WITH HUENINGKAI,countless love with hueningkai,,,,,,
2026-08-14T11:53:32.852379+00:00,20260814-115332,https://trends24.in/indonesia/,Thu Aug 13 2026 19:04:21 GMT+0000 (Coordinated Universal Time),12,Gunil,gunil,,,,,,
2026-08-14T11:53:32.852379+00:00,20260814-115332,https://trends24.in/indonesia/,Thu Aug 13 2026 19:04:21 GMT+0000 (Coordinated Universal Time),13,18 YEARS OF RORANDERFUL,18 years of roranderful,,,,,,
2026-08-14T11:53:32.852379+00:00,20260814-115332,https://trends24.in/indonesia/,Thu Aug 13 2026 19:04:21 GMT+0000 (Coordinated Universal Time),14,YOU MANIAC TRAILER,you maniac trailer,,,,,,
2026-08-14T11:53:32.852379+00:00,20260814-115332,https://trends24.in/indonesia/,Thu Aug 13 2026 19:04:21 GMT+0000 (Coordinated Universal Time),15,Malam Jumat,malam jumat,,,,,,
2026-08-14T11:53:32.852379+00:00,20260814-115332,https://trends24.in/indonesia/,Thu Aug 13 2026 19:04:21 GMT+0000 (Coordinated Universal Time),16,Assemble Teaser D3,assemble teaser d3,,,,,,
2026-08-14T11:53:32.852379+00:00,20260814-115332,https://trends24.in/indonesia/,Thu Aug 13 2026 19:04:21 GMT+0000 (Coordinated Universal Time),17,PHUWIN BLACK CARD MV,phuwin black card mv,,,,,,
2026-08-14T11:53:32.852379+00:00,20260814-115332,https://trends24.in/indonesia/,Thu Aug 13 2026 19:04:21 GMT+0000 (Coordinated Universal Time),18,GEMINI CONCERT IN LIVEHOUSE,gemini concert in livehouse,,,,,,
2026-08-14T11:53:32.852379+00:00,20260814-115332,https://trends24.in/indonesia/,Thu Aug 13 2026 19:04:21 GMT+0000 (Coordinated Universal Time),19,Klaim Voucher 100%,klaim voucher 100%,,,,,,
2026-08-14T11:53:32.852379+00:00,20260814-115332,https://trends24.in/indonesia/,Thu Aug 13 2026 19:04:21 GMT+0000 (Coordinated Universal Time),20,BE MY PLAYER TWO EP5,be my player two ep5,,,,,,
2026-08-14T11:53:32.852379+00:00,20260814-115332,https://trends24.in/indonesia/,Thu Aug 13 2026 19:04:21 GMT+0000 (Coordinated Universal Time),21,Enzo,enzo,,,,,,
2026-08-14T11:53:32.852379+00:00,20260814-115332,https://trends24.in/indonesia/,Thu Aug 13 2026 19:04:21 GMT+0000 (Coordinated Universal Time),22,mingyu,mingyu,,,,,,
2026-08-14T11:53:32.852379+00:00,20260814-115332,https://trends24.in/indonesia/,Thu Aug 13 2026 19:04:21 GMT+0000 (Coordinated Universal Time),23,ORM SWU LEGACY FASHION,orm swu legacy fashion,,,,,,
2026-08-14T11:53:32.852379+00:00,20260814-115332,https://trends24.in/indonesia/,Thu Aug 13 2026 19:04:21 GMT+0000 (Coordinated Universal Time),24,Lego,lego,,,,,,
2026-08-14T11:53:32.852379+00:00,20260814-115332,https://trends24.in/indonesia/,Thu Aug 13 2026 19:04:21 GMT+0000 (Coordinated Universal Time),25,jype,jype,,,,,,
2026-08-14T11:53:32.852379+00:00,20260814-115332,https://trends24.in/indonesia/,Thu Aug 13 2026 19:04:21 GMT+0000 (Coordinated Universal Time),26,Dior,dior,,,,,,
2026-08-14T11:53:32.852379+00:00,20260814-115332,https://trends24.in/indonesia/,Thu Aug 13 2026 19:04:21 GMT+0000 (Coordinated Universal Time),27,Xdiz,xdiz,,,,,,
2026-08-14T11:53:32.852379+00:00,20260814-115332,https://trends24.in/indonesia/,Thu Aug 13 2026 19:04:21 GMT+0000 (Coordinated Universal Time),28,Prank,prank,,,,,,
2026-08-14T11:53:32.852379+00:00,20260814-115332,https://trends24.in/indonesia/,Thu Aug 13 2026 19:04:21 GMT+0000 (Coordinated Universal Time),29,#æ°¸é ã«è¼ãå¤©ä½¿ãã¥ãã³ã«ã¤,æ°¸é ã«è¼ãå¤©ä½¿ãã¥ãã³ã«ã¤,,,,,,
2026-08-14T11:53:32.852379+00:00,20260814-115332,https://trends24.in/indonesia/,Thu Aug 13 2026 19:04:21 GMT+0000 (Coordinated Universal Time),30,#RORA18EraBegins,rora18erabegins,,,,,,
2026-08-14T11:53:32.852379+00:00,20260814-115332,https://trends24.in/indonesia/,Thu Aug 13 2026 19:04:21 GMT+0000 (Coordinated Universal Time),31,#ë¡ë¼ì_ëª©ìë¦¬ë¡_ë¬¼ë _ë,ë¡ë¼ì_ëª©ìë¦¬ë¡_ë¬¼ë _ë,,,,,,
2026-08-14T11:53:32.852379+00:00,20260814-115332,https://trends24.in/indonesia/,Thu Aug 13 2026 19:04:21 GMT+0000 (Coordinated Universal Time),32,#RORAã¨ä¸ç·ã«æé·ãã¦ããæ¥ã,roraã¨ä¸ç·ã«æé·ãã¦ããæ¥ã,,,,,,
2026-08-14T11:53:32.852379+00:00,20260814-115332,https://trends24.in/indonesia/,Thu Aug 13 2026 19:04:21 GMT+0000 (Coordinated Universal Time),33,#YouManiacSeries,youmaniacseries,,,,,,
2026-08-14T11:53:32.852379+00:00,20260814-115332,https://trends24.in/indonesia/,Thu Aug 13 2026 19:04:21 GMT+0000 (Coordinated Universal Time),34,#BlackCardPHUWINmv,blackcardphuwinmv,,,,,,
2026-08-14T11:53:32.852379+00:00,20260814-115332,https://trends24.in/indonesia/,Thu Aug 13 2026 19:04:21 GMT+0000 (Coordinated Universal Time),35,#NCT127_Assemble3,nct127_assemble3,,,,,,
2026-08-14T11:53:32.852379+00:00,20260814-115332,https://trends24.in/indonesia/,Thu Aug 13 2026 19:04:21 GMT+0000 (Coordinated Universal Time),36,#ZeeNuNewVlogInKrabi,zeenunewvloginkrabi,,,,,,
2026-08-14T11:53:32.852379+00:00,20260814-115332,https://trends24.in/indonesia/,Thu Aug 13 2026 19:04:21 GMT+0000 (Coordinated Universal Time),37,#viralá á,viralá á,,,,,,
2026-08-14T11:53:32.852379+00:00,20260814-115332,https://trends24.in/indonesia/,Thu Aug 13 2026 19:04:21 GMT+0000 (Coordinated Universal Time),38,#XDINARYHEROESIS6,xdinaryheroesis6,,,,,,
2026-08-14T11:53:32.852379+00:00,20260814-115332,https://trends24.in/indonesia/,Thu Aug 13 2026 19:04:21 GMT+0000 (Coordinated Universal Time),39,#à¸à¸­à¹à¸à¹à¸¥à¹à¸²à¸¡à¸à¸µà¸£à¹EP5,à¸à¸­à¹à¸à¹à¸¥à¹à¸²à¸¡à¸à¸µà¸£à¹ep5,,,,,,
2026-08-14T11:53:32.852379+00:00,20260814-115332,https://trends24.in/indonesia/,Thu Aug 13 2026 19:04:21 GMT+0000 (Coordinated Universal Time),40,#TerikatJanjiEp130,terikatjanjiep130,,,,,,
2026-08-14T11:53:32.852379+00:00,20260814-115332,https://trends24.in/indonesia/,Thu Aug 13 2026 19:04:21 GMT+0000 (Coordinated Universal Time),41,#OrmXLegacyOfThaiTextiles,ormxlegacyofthaitextiles,,,,,,
2026-08-14T11:53:32.852379+00:00,20260814-115332,https://trends24.in/indonesia/,Thu Aug 13 2026 19:04:21 GMT+0000 (Coordinated Universal Time),42,#STAYAWAKEEP4,stayawakeep4,,,,,,
2026-08-14T11:53:32.852379+00:00,20260814-115332,https://trends24.in/indonesia/,Thu Aug 13 2026 19:04:21 GMT+0000 (Coordinated Universal Time),43,#teammoth,teammoth,,,,,,
2026-08-14T11:53:32.852379+00:00,20260814-115332,https://trends24.in/indonesia/,Thu Aug 13 2026 19:04:21 GMT+0000 (Coordinated Universal Time),44,#ChasingDreamsAt14,chasingdreamsat14,,,,,,
2026-08-14T11:53:32.852379+00:00,20260814-115332,https://trends24.in/indonesia/,Thu Aug 13 2026 19:04:21 GMT+0000 (Coordinated Universal Time),45,#GrowingWithFahira,growingwithfahira,,,,,,
2026-08-14T11:53:32.852379+00:00,20260814-115332,https://trends24.in/indonesia/,Thu Aug 13 2026 19:04:21 GMT+0000 (Coordinated Universal Time),46,#teamdean,teamdean,,,,,,
2026-08-14T11:53:32.852379+00:00,20260814-115332,https://trends24.in/indonesia/,Thu Aug 13 2026 18:12:39 GMT+0000 (Coordinated Universal Time),1,DEWTEE LIVE HOUSE,dewtee live house,,,,,,
2026-08-14T11:53:32.852379+00:00,20260814-115332,https://trends24.in/indonesia/,Thu Aug 13 2026 18:12:39 GMT+0000 (Coordinated Universal Time),2,#GMMTVLiveHouse,gmmtvlivehouse,,,,,,
2026-08-14T11:53:32.852379+00:00,20260814-115332,https://trends24.in/indonesia/,Thu Aug 13 2026 18:12:39 GMT+0000 (Coordinated Universal Time),3,GoPay Investasi Emas,gopay investasi emas,,,,,,
2026-08-14T11:53:32.852379+00:00,20260814-115332,https://trends24.in/indonesia/,Thu Aug 13 2026 18:12:39 GMT+0000 (Coordinated Universal Time),4,#StickWithHue,stickwithhue,,,,,,
2026-08-14T11:53:32.852379+00:00,20260814-115332,https://trends24.in/indonesia/,Thu Aug 13 2026 18:12:39 GMT+0000 (Coordinated Universal Time),5,#íì¬ë¦ìë¤ì íì ë¬¼ì¸ëì¹´ì´,íì¬ë¦ìë¤ì íì ë¬¼ì¸ëì¹´ì´,,,,,,
2026-08-14T11:53:32.852379+00:00,20260814-115332,https://trends24.in/indonesia/,Thu Aug 13 2026 18:12:39 GMT+0000 (Coordinated Universal Time),6,#KuCoin,kucoin,,,,,,
2026-08-14T11:53:32.852379+00:00,20260814-115332,https://trends24.in/indonesia/,Thu Aug 13 2026 18:12:39 GMT+0000 (Coordinated Universal Time),7,Trade $ANTFUN,trade $antfun,,,,,,
2026-08-14T11:53:32.852379+00:00,20260814-115332,https://trends24.in/indonesia/,Thu Aug 13 2026 18:12:39 GMT+0000 (Coordinated Universal Time),8,COUNTLESS LOVE WITH HUENINGKAI,countless love with hueningkai,,,,,,
2026-08-14T11:53:32.852379+00:00,20260814-115332,https://trends24.in/indonesia/,Thu Aug 13 2026 18:12:39 GMT+0000 (Coordinated Universal Time),9,BUNKER,bunker,,,,,,
2026-08-14T11:53:32.852379+00:00,20260814-115332,https://trends24.in/indonesia/,Thu Aug 13 2026 18:12:39 GMT+0000 (Coordinated Universal Time),10,#æ°¸é ã«è¼ãå¤©ä½¿ãã¥ãã³ã«ã¤,æ°¸é ã«è¼ãå¤©ä½¿ãã¥ãã³ã«ã¤,,,,,,
2026-08-14T11:53:32.852379+00:00,20260814-115332,https://trends24.in/indonesia/,Thu Aug 13 2026 18:12:39 GMT+0000 (Coordinated Universal Time),11,Gunil,gunil,,,,,,
2026-08-14T11:53:32.852379+00:00,20260814-115332,https://trends24.in/indonesia/,Thu Aug 13 2026 18:12:39 GMT+0000 (Coordinated Universal Time),12,YOU MANIAC TRAILER,you maniac trailer,,,,,,
2026-08-14T11:53:32.852379+00:00,20260814-115332,https://trends24.in/indonesia/,Thu Aug 13 2026 18:12:39 GMT+0000 (Coordinated Universal Time),13,Malam Jumat,malam jumat,,,,,,
2026-08-14T11:53:32.852379+00:00,20260814-115332,https://trends24.in/indonesia/,Thu Aug 13 2026 18:12:39 GMT+0000 (Coordinated Universal Time),14,PHUWIN BLACK CARD MV,phuwin black card mv,,,,,,
2026-08-14T11:53:32.852379+00:00,20260814-115332,https://trends24.in/indonesia/,Thu Aug 13 2026 18:12:39 GMT+0000 (Coordinated Universal Time),15,Assemble Teaser D3,assemble teaser d3,,,,,,
2026-08-14T11:53:32.852379+00:00,20260814-115332,https://trends24.in/indonesia/,Thu Aug 13 2026 18:12:39 GMT+0000 (Coordinated Universal Time),16,GEMINI CONCERT IN LIVEHOUSE,gemini concert in livehouse,,,,,,
2026-08-14T11:53:32.852379+00:00,20260814-115332,https://trends24.in/indonesia/,Thu Aug 13 2026 18:12:39 GMT+0000 (Coordinated Universal Time),17,Klaim Voucher 100%,klaim voucher 100%,,,,,,
2026-08-14T11:53:32.852379+00:00,20260814-115332,https://trends24.in/indonesia/,Thu Aug 13 2026 18:12:39 GMT+0000 (Coordinated Universal Time),18,BE MY PLAYER TWO EP5,be my player two ep5,,,,,,
2026-08-14T11:53:32.852379+00:00,20260814-115332,https://trends24.in/indonesia/,Thu Aug 13 2026 18:12:39 GMT+0000 (Coordinated Universal Time),19,Enzo,enzo,,,,,,
2026-08-14T11:53:32.852379+00:00,20260814-115332,https://trends24.in/indonesia/,Thu Aug 13 2026 18:12:39 GMT+0000 (Coordinated Universal Time),20,mingyu,mingyu,,,,,,
2026-08-14T11:53:32.852379+00:00,20260814-115332,https://trends24.in/indonesia/,Thu Aug 13 2026 18:12:39 GMT+0000 (Coordinated Universal Time),21,Lego,lego,,,,,,
2026-08-14T11:53:32.852379+00:00,20260814-115332,https://trends24.in/indonesia/,Thu Aug 13 2026 18:12:39 GMT+0000 (Coordinated Universal Time),22,ORM SWU LEGACY FASHION,orm swu legacy fashion,,,,,,
2026-08-14T11:53:32.852379+00:00,20260814-115332,https://trends24.in/indonesia/,Thu Aug 13 2026 18:12:39 GMT+0000 (Coordinated Universal Time),23,jype,jype,,,,,,
2026-08-14T11:53:32.852379+00:00,20260814-115332,https://trends24.in/indonesia/,Thu Aug 13 2026 18:12:39 GMT+0000 (Coordinated Universal Time),24,Dior,dior,,,,,,
2026-08-14T11:53:32.852379+00:00,20260814-115332,https://trends24.in/indonesia/,Thu Aug 13 2026 18:12:39 GMT+0000 (Coordinated Universal Time),25,Xdiz,xdiz,,,,,,
2026-08-14T11:53:32.852379+00:00,20260814-115332,https://trends24.in/indonesia/,Thu Aug 13 2026 18:12:39 GMT+0000 (Coordinated Universal Time),26,Fahira,fahira,,,,,,
2026-08-14T11:53:32.852379+00:00,20260814-115332,https://trends24.in/indonesia/,Thu Aug 13 2026 18:12:39 GMT+0000 (Coordinated Universal Time),27,Prank,prank,,,,,,
2026-08-14T11:53:32.852379+00:00,20260814-115332,https://trends24.in/indonesia/,Thu Aug 13 2026 18:12:39 GMT+0000 (Coordinated Universal Time),28,Affan,affan,,,,,,
2026-08-14T11:53:32.852379+00:00,20260814-115332,https://trends24.in/indonesia/,Thu Aug 13 2026 18:12:39 GMT+0000 (Coordinated Universal Time),29,chris brown,chris brown,,,,,,
2026-08-14T11:53:32.852379+00:00,20260814-115332,https://trends24.in/indonesia/,Thu Aug 13 2026 18:12:39 GMT+0000 (Coordinated Universal Time),30,#RORA18EraBegins,rora18erabegins,,,,,,
2026-08-14T11:53:32.852379+00:00,20260814-115332,https://trends24.in/indonesia/,Thu Aug 13 2026 18:12:39 GMT+0000 (Coordinated Universal Time),31,#ë¡ë¼ì_ëª©ìë¦¬ë¡_ë¬¼ë _ë,ë¡ë¼ì_ëª©ìë¦¬ë¡_ë¬¼ë _ë,,,,,,
2026-08-14T11:53:32.852379+00:00,20260814-115332,https://trends24.in/indonesia/,Thu Aug 13 2026 18:12:39 GMT+0000 (Coordinated Universal Time),32,#BlackCardPHUWINmv,blackcardphuwinmv,,,,,,
2026-08-14T11:53:32.852379+00:00,20260814-115332,https://trends24.in/indonesia/,Thu Aug 13 2026 18:12:39 GMT+0000 (Coordinated Universal Time),33,#YouManiacSeries,youmaniacseries,,,,,,
2026-08-14T11:53:32.852379+00:00,20260814-115332,https://trends24.in/indonesia/,Thu Aug 13 2026 18:12:39 GMT+0000 (Coordinated Universal Time),34,#NCT127_Assemble3,nct127_assemble3,,,,,,
2026-08-14T11:53:32.852379+00:00,20260814-115332,https://trends24.in/indonesia/,Thu Aug 13 2026 18:12:39 GMT+0000 (Coordinated Universal Time),35,#ZeeNuNewVlogInKrabi,zeenunewvloginkrabi,,,,,,
2026-08-14T11:53:32.852379+00:00,20260814-115332,https://trends24.in/indonesia/,Thu Aug 13 2026 18:12:39 GMT+0000 (Coordinated Universal Time),36,#viralá á,viralá á,,,,,,
2026-08-14T11:53:32.852379+00:00,20260814-115332,https://trends24.in/indonesia/,Thu Aug 13 2026 18:12:39 GMT+0000 (Coordinated Universal Time),37,#XDINARYHEROESIS6,xdinaryheroesis6,,,,,,
2026-08-14T11:53:32.852379+00:00,20260814-115332,https://trends24.in/indonesia/,Thu Aug 13 2026 18:12:39 GMT+0000 (Coordinated Universal Time),38,#à¸à¸­à¹à¸à¹à¸¥à¹à¸²à¸¡à¸à¸µà¸£à¹EP5,à¸à¸­à¹à¸à¹à¸¥à¹à¸²à¸¡à¸à¸µà¸£à¹ep5,,,,,,
2026-08-14T11:53:32.852379+00:00,20260814-115332,https://trends24.in/indonesia/,Thu Aug 13 2026 18:12:39 GMT+0000 (Coordinated Universal Time),39,#TerikatJanjiEp130,terikatjanjiep130,,,,,,
2026-08-14T11:53:32.852379+00:00,20260814-115332,https://trends24.in/indonesia/,Thu Aug 13 2026 18:12:39 GMT+0000 (Coordinated Universal Time),40,#STAYAWAKEEP4,stayawakeep4,,,,,,
2026-08-14T11:53:32.852379+00:00,20260814-115332,https://trends24.in/indonesia/,Thu Aug 13 2026 18:12:39 GMT+0000 (Coordinated Universal Time),41,#OrmXLegacyOfThaiTextiles,ormxlegacyofthaitextiles,,,,,,
2026-08-14T11:53:32.852379+00:00,20260814-115332,https://trends24.in/indonesia/,Thu Aug 13 2026 18:12:39 GMT+0000 (Coordinated Universal Time),42,#williamjkp,williamjkp,,,,,,
2026-08-14T11:53:32.852379+00:00,20260814-115332,https://trends24.in/indonesia/,Thu Aug 13 2026 18:12:39 GMT+0000 (Coordinated Universal Time),43,#gehennart,gehennart,,,,,,
2026-08-14T11:53:32.852379+00:00,20260814-115332,https://trends24.in/indonesia/,Thu Aug 13 2026 18:12:39 GMT+0000 (Coordinated Universal Time),44,#WilliamEst,williamest,,,,,,
2026-08-14T11:53:32.852379+00:00,20260814-115332,https://trends24.in/indonesia/,Thu Aug 13 2026 18:12:39 GMT+0000 (Coordinated Universal Time),45,#EmasSeribuanGoPay,emasseribuangopay,,,,,,
2026-08-14T11:53:32.852379+00:00,20260814-115332,https://trends24.in/indonesia/,Thu Aug 13 2026 18:12:39 GMT+0000 (Coordinated Universal Time),46,#teammoth,teammoth,,,,,,
2026-08-14T11:53:32.852379+00:00,20260814-115332,https://trends24.in/indonesia/,Thu Aug 13 2026 18:12:39 GMT+0000 (Coordinated Universal Time),47,#ChasingDreamsAt14,chasingdreamsat14,,,,,,
2026-08-14T11:53:32.852379+00:00,20260814-115332,https://trends24.in/indonesia/,Thu Aug 13 2026 18:12:39 GMT+0000 (Coordinated Universal Time),48,#teamdean,teamdean,,,,,,
