captured_at_utc,run_id,source_url,hour_label,rank,name,name_norm,tweet_count_raw,tweet_count,best_position,total_tweets,trending_for_raw,trending_for_hours
2026-08-04T11:27:41.298589+00:00,20260804-112741,https://trends24.in/indonesia/,Tue Aug 04 2026 11:12:17 GMT+0000 (Coordinated Universal Time),1,#MrKillSeriesEP5,mrkillseriesep5,,,,,,
2026-08-04T11:27:41.298589+00:00,20260804-112741,https://trends24.in/indonesia/,Tue Aug 04 2026 11:12:17 GMT+0000 (Coordinated Universal Time),2,#FourthConcert,fourthconcert,,,,,,
2026-08-04T11:27:41.298589+00:00,20260804-112741,https://trends24.in/indonesia/,Tue Aug 04 2026 11:12:17 GMT+0000 (Coordinated Universal Time),3,FOURTH 1ST SOLO CONCERT,fourth 1st solo concert,,,,,,
2026-08-04T11:27:41.298589+00:00,20260804-112741,https://trends24.in/indonesia/,Tue Aug 04 2026 11:12:17 GMT+0000 (Coordinated Universal Time),4,#JaeheeFirstPitch,jaeheefirstpitch,,,,,,
2026-08-04T11:27:41.298589+00:00,20260804-112741,https://trends24.in/indonesia/,Tue Aug 04 2026 11:12:17 GMT+0000 (Coordinated Universal Time),5,#JaeheeXSamsunglions,jaeheexsamsunglions,,,,,,
2026-08-04T11:27:41.298589+00:00,20260804-112741,https://trends24.in/indonesia/,Tue Aug 04 2026 11:12:17 GMT+0000 (Coordinated Universal Time),6,#ì¬í¬Xì¼ì±ë¼ì´ì¨ì¦,ì¬í¬xì¼ì±ë¼ì´ì¨ì¦,,,,,,
2026-08-04T11:27:41.298589+00:00,20260804-112741,https://trends24.in/indonesia/,Tue Aug 04 2026 11:12:17 GMT+0000 (Coordinated Universal Time),7,Persib,persib,,,,,,
2026-08-04T11:27:41.298589+00:00,20260804-112741,https://trends24.in/indonesia/,Tue Aug 04 2026 11:12:17 GMT+0000 (Coordinated Universal Time),8,FIRST PITCH KIM JAEHEE,first pitch kim jaehee,,,,,,
2026-08-04T11:27:41.298589+00:00,20260804-112741,https://trends24.in/indonesia/,Tue Aug 04 2026 11:12:17 GMT+0000 (Coordinated Universal Time),9,Balsa,balsa,,,,,,
2026-08-04T11:27:41.298589+00:00,20260804-112741,https://trends24.in/indonesia/,Tue Aug 04 2026 11:12:17 GMT+0000 (Coordinated Universal Time),10,Pilar Utama Kawasan,pilar utama kawasan,,,,,,
2026-08-04T11:27:41.298589+00:00,20260804-112741,https://trends24.in/indonesia/,Tue Aug 04 2026 11:12:17 GMT+0000 (Coordinated Universal Time),11,BPJS,bpjs,,,,,,
2026-08-04T11:27:41.298589+00:00,20260804-112741,https://trends24.in/indonesia/,Tue Aug 04 2026 11:12:17 GMT+0000 (Coordinated Universal Time),12,XL SECEPAT ITU,xl secepat itu,,,,,,
2026-08-04T11:27:41.298589+00:00,20260804-112741,https://trends24.in/indonesia/,Tue Aug 04 2026 11:12:17 GMT+0000 (Coordinated Universal Time),13,PERTHDOMIIA RADIANT GLOW,perthdomiia radiant glow,,,,,,
2026-08-04T11:27:41.298589+00:00,20260804-112741,https://trends24.in/indonesia/,Tue Aug 04 2026 11:12:17 GMT+0000 (Coordinated Universal Time),14,Menalo,menalo,,,,,,
2026-08-04T11:27:41.298589+00:00,20260804-112741,https://trends24.in/indonesia/,Tue Aug 04 2026 11:12:17 GMT+0000 (Coordinated Universal Time),15,Barros,barros,,,,,,
2026-08-04T11:27:41.298589+00:00,20260804-112741,https://trends24.in/indonesia/,Tue Aug 04 2026 11:12:17 GMT+0000 (Coordinated Universal Time),16,Piala Presiden 2026,piala presiden 2026,,,,,,
2026-08-04T11:27:41.298589+00:00,20260804-112741,https://trends24.in/indonesia/,Tue Aug 04 2026 11:12:17 GMT+0000 (Coordinated Universal Time),17,Eksel,eksel,,,,,,
2026-08-04T11:27:41.298589+00:00,20260804-112741,https://trends24.in/indonesia/,Tue Aug 04 2026 11:12:17 GMT+0000 (Coordinated Universal Time),18,Nakes,nakes,,,,,,
2026-08-04T11:27:41.298589+00:00,20260804-112741,https://trends24.in/indonesia/,Tue Aug 04 2026 11:12:17 GMT+0000 (Coordinated Universal Time),19,Pasang,pasang,,,,,,
2026-08-04T11:27:41.298589+00:00,20260804-112741,https://trends24.in/indonesia/,Tue Aug 04 2026 11:12:17 GMT+0000 (Coordinated Universal Time),20,Ajax,ajax,,,,,,
2026-08-04T11:27:41.298589+00:00,20260804-112741,https://trends24.in/indonesia/,Tue Aug 04 2026 11:12:17 GMT+0000 (Coordinated Universal Time),21,Robert,robert,,,,,,
2026-08-04T11:27:41.298589+00:00,20260804-112741,https://trends24.in/indonesia/,Tue Aug 04 2026 11:12:17 GMT+0000 (Coordinated Universal Time),22,LPDP,lpdp,,,,,,
2026-08-04T11:27:41.298589+00:00,20260804-112741,https://trends24.in/indonesia/,Tue Aug 04 2026 11:12:17 GMT+0000 (Coordinated Universal Time),23,Luas,luas,,,,,,
2026-08-04T11:27:41.298589+00:00,20260804-112741,https://trends24.in/indonesia/,Tue Aug 04 2026 11:12:17 GMT+0000 (Coordinated Universal Time),24,Selasa,selasa,,,,,,
2026-08-04T11:27:41.298589+00:00,20260804-112741,https://trends24.in/indonesia/,Tue Aug 04 2026 11:12:17 GMT+0000 (Coordinated Universal Time),25,Turut,turut,,,,,,
2026-08-04T11:27:41.298589+00:00,20260804-112741,https://trends24.in/indonesia/,Tue Aug 04 2026 11:12:17 GMT+0000 (Coordinated Universal Time),26,Hujan,hujan,,,,,,
2026-08-04T11:27:41.298589+00:00,20260804-112741,https://trends24.in/indonesia/,Tue Aug 04 2026 11:12:17 GMT+0000 (Coordinated Universal Time),27,Tinggi,tinggi,,,,,,
2026-08-04T11:27:41.298589+00:00,20260804-112741,https://trends24.in/indonesia/,Tue Aug 04 2026 11:12:17 GMT+0000 (Coordinated Universal Time),28,D. AI Direct DriveTM,d. ai direct drivetm,,,,,,
2026-08-04T11:27:41.298589+00:00,20260804-112741,https://trends24.in/indonesia/,Tue Aug 04 2026 11:12:17 GMT+0000 (Coordinated Universal Time),29,Paes,paes,,,,,,
2026-08-04T11:27:41.298589+00:00,20260804-112741,https://trends24.in/indonesia/,Tue Aug 04 2026 11:12:17 GMT+0000 (Coordinated Universal Time),30,MINT X PHUWIN LOEWE,mint x phuwin loewe,,,,,,
2026-08-04T11:27:41.298589+00:00,20260804-112741,https://trends24.in/indonesia/,Tue Aug 04 2026 11:12:17 GMT+0000 (Coordinated Universal Time),31,Onyo,onyo,,,,,,
2026-08-04T11:27:41.298589+00:00,20260804-112741,https://trends24.in/indonesia/,Tue Aug 04 2026 11:12:17 GMT+0000 (Coordinated Universal Time),32,Dokter,dokter,,,,,,
2026-08-04T11:27:41.298589+00:00,20260804-112741,https://trends24.in/indonesia/,Tue Aug 04 2026 11:12:17 GMT+0000 (Coordinated Universal Time),33,GET WELL SOON SANGHYEON,get well soon sanghyeon,,,,,,
2026-08-04T11:27:41.298589+00:00,20260804-112741,https://trends24.in/indonesia/,Tue Aug 04 2026 11:12:17 GMT+0000 (Coordinated Universal Time),34,Threads,threads,,,,,,
2026-08-04T11:27:41.298589+00:00,20260804-112741,https://trends24.in/indonesia/,Tue Aug 04 2026 11:12:17 GMT+0000 (Coordinated Universal Time),35,Ruben,ruben,,,,,,
2026-08-04T11:27:41.298589+00:00,20260804-112741,https://trends24.in/indonesia/,Tue Aug 04 2026 11:12:17 GMT+0000 (Coordinated Universal Time),36,Asia Tenggara,asia tenggara,,,,,,
2026-08-04T11:27:41.298589+00:00,20260804-112741,https://trends24.in/indonesia/,Tue Aug 04 2026 11:12:17 GMT+0000 (Coordinated Universal Time),37,#DittoSeries,dittoseries,,,,,,
2026-08-04T11:27:41.298589+00:00,20260804-112741,https://trends24.in/indonesia/,Tue Aug 04 2026 11:12:17 GMT+0000 (Coordinated Universal Time),38,#à¹à¸à¸¡à¸µà¹à¸à¸à¹,à¹à¸à¸¡à¸µà¹à¸à¸à¹,,,,,,
2026-08-04T11:27:41.298589+00:00,20260804-112741,https://trends24.in/indonesia/,Tue Aug 04 2026 11:12:17 GMT+0000 (Coordinated Universal Time),39,#LGIndonesia,lgindonesia,,,,,,
2026-08-04T11:27:41.298589+00:00,20260804-112741,https://trends24.in/indonesia/,Tue Aug 04 2026 11:12:17 GMT+0000 (Coordinated Universal Time),40,#LGAIDD,lgaidd,,,,,,
2026-08-04T11:27:41.298589+00:00,20260804-112741,https://trends24.in/indonesia/,Tue Aug 04 2026 11:12:17 GMT+0000 (Coordinated Universal Time),41,#BGNbersihbersih,bgnbersihbersih,,,,,,
2026-08-04T11:27:41.298589+00:00,20260804-112741,https://trends24.in/indonesia/,Tue Aug 04 2026 11:12:17 GMT+0000 (Coordinated Universal Time),42,#PHUWINxMintMagTH,phuwinxmintmagth,,,,,,
2026-08-04T11:27:41.298589+00:00,20260804-112741,https://trends24.in/indonesia/,Tue Aug 04 2026 11:12:17 GMT+0000 (Coordinated Universal Time),43,#LifesGood,lifesgood,,,,,,
2026-08-04T11:27:41.298589+00:00,20260804-112741,https://trends24.in/indonesia/,Tue Aug 04 2026 11:12:17 GMT+0000 (Coordinated Universal Time),44,#AlwaysWithSANGHYEON,alwayswithsanghyeon,,,,,,
2026-08-04T11:27:41.298589+00:00,20260804-112741,https://trends24.in/indonesia/,Tue Aug 04 2026 11:12:17 GMT+0000 (Coordinated Universal Time),45,#PapergamesRuinsCNgaming,papergamesruinscngaming,,,,,,
2026-08-04T11:27:41.298589+00:00,20260804-112741,https://trends24.in/indonesia/,Tue Aug 04 2026 11:12:17 GMT+0000 (Coordinated Universal Time),46,#MyBiasMyBoss,mybiasmyboss,,,,,,
2026-08-04T11:27:41.298589+00:00,20260804-112741,https://trends24.in/indonesia/,Tue Aug 04 2026 11:12:17 GMT+0000 (Coordinated Universal Time),47,#UnstoppableJUHOON,unstoppablejuhoon,,,,,,
2026-08-04T11:27:41.298589+00:00,20260804-112741,https://trends24.in/indonesia/,Tue Aug 04 2026 11:12:17 GMT+0000 (Coordinated Universal Time),48,#NoValkoNoMoney,novalkonomoney,,,,,,
2026-08-04T11:27:41.298589+00:00,20260804-112741,https://trends24.in/indonesia/,Tue Aug 04 2026 11:12:17 GMT+0000 (Coordinated Universal Time),49,#zonaduit,zonaduit,,,,,,
2026-08-04T11:27:41.298589+00:00,20260804-112741,https://trends24.in/indonesia/,Tue Aug 04 2026 11:12:12 GMT+0000 (Coordinated Universal Time),1,#MrKillSeriesEP5,mrkillseriesep5,,,,,,
2026-08-04T11:27:41.298589+00:00,20260804-112741,https://trends24.in/indonesia/,Tue Aug 04 2026 11:12:12 GMT+0000 (Coordinated Universal Time),2,#FourthConcert,fourthconcert,,,,,,
2026-08-04T11:27:41.298589+00:00,20260804-112741,https://trends24.in/indonesia/,Tue Aug 04 2026 11:12:12 GMT+0000 (Coordinated Universal Time),3,FOURTH 1ST SOLO CONCERT,fourth 1st solo concert,,,,,,
2026-08-04T11:27:41.298589+00:00,20260804-112741,https://trends24.in/indonesia/,Tue Aug 04 2026 11:12:12 GMT+0000 (Coordinated Universal Time),4,#ì¬í¬Xì¼ì±ë¼ì´ì¨ì¦,ì¬í¬xì¼ì±ë¼ì´ì¨ì¦,,,,,,
2026-08-04T11:27:41.298589+00:00,20260804-112741,https://trends24.in/indonesia/,Tue Aug 04 2026 11:12:12 GMT+0000 (Coordinated Universal Time),5,#JaeheeFirstPitch,jaeheefirstpitch,,,,,,
2026-08-04T11:27:41.298589+00:00,20260804-112741,https://trends24.in/indonesia/,Tue Aug 04 2026 11:12:12 GMT+0000 (Coordinated Universal Time),6,#JaeheeXSamsunglions,jaeheexsamsunglions,,,,,,
2026-08-04T11:27:41.298589+00:00,20260804-112741,https://trends24.in/indonesia/,Tue Aug 04 2026 11:12:12 GMT+0000 (Coordinated Universal Time),7,Persib,persib,,,,,,
2026-08-04T11:27:41.298589+00:00,20260804-112741,https://trends24.in/indonesia/,Tue Aug 04 2026 11:12:12 GMT+0000 (Coordinated Universal Time),8,FIRST PITCH KIM JAEHEE,first pitch kim jaehee,,,,,,
2026-08-04T11:27:41.298589+00:00,20260804-112741,https://trends24.in/indonesia/,Tue Aug 04 2026 11:12:12 GMT+0000 (Coordinated Universal Time),9,Balsa,balsa,,,,,,
2026-08-04T11:27:41.298589+00:00,20260804-112741,https://trends24.in/indonesia/,Tue Aug 04 2026 11:12:12 GMT+0000 (Coordinated Universal Time),10,Pilar Utama Kawasan,pilar utama kawasan,,,,,,
2026-08-04T11:27:41.298589+00:00,20260804-112741,https://trends24.in/indonesia/,Tue Aug 04 2026 11:12:12 GMT+0000 (Coordinated Universal Time),11,BPJS,bpjs,,,,,,
2026-08-04T11:27:41.298589+00:00,20260804-112741,https://trends24.in/indonesia/,Tue Aug 04 2026 11:12:12 GMT+0000 (Coordinated Universal Time),12,XL SECEPAT ITU,xl secepat itu,,,,,,
2026-08-04T11:27:41.298589+00:00,20260804-112741,https://trends24.in/indonesia/,Tue Aug 04 2026 11:12:12 GMT+0000 (Coordinated Universal Time),13,PERTHDOMIIA RADIANT GLOW,perthdomiia radiant glow,,,,,,
2026-08-04T11:27:41.298589+00:00,20260804-112741,https://trends24.in/indonesia/,Tue Aug 04 2026 11:12:12 GMT+0000 (Coordinated Universal Time),14,Menalo,menalo,,,,,,
2026-08-04T11:27:41.298589+00:00,20260804-112741,https://trends24.in/indonesia/,Tue Aug 04 2026 11:12:12 GMT+0000 (Coordinated Universal Time),15,Barros,barros,,,,,,
2026-08-04T11:27:41.298589+00:00,20260804-112741,https://trends24.in/indonesia/,Tue Aug 04 2026 11:12:12 GMT+0000 (Coordinated Universal Time),16,Piala Presiden 2026,piala presiden 2026,,,,,,
2026-08-04T11:27:41.298589+00:00,20260804-112741,https://trends24.in/indonesia/,Tue Aug 04 2026 11:12:12 GMT+0000 (Coordinated Universal Time),17,Eksel,eksel,,,,,,
2026-08-04T11:27:41.298589+00:00,20260804-112741,https://trends24.in/indonesia/,Tue Aug 04 2026 11:12:12 GMT+0000 (Coordinated Universal Time),18,Nakes,nakes,,,,,,
2026-08-04T11:27:41.298589+00:00,20260804-112741,https://trends24.in/indonesia/,Tue Aug 04 2026 11:12:12 GMT+0000 (Coordinated Universal Time),19,Ajax,ajax,,,,,,
2026-08-04T11:27:41.298589+00:00,20260804-112741,https://trends24.in/indonesia/,Tue Aug 04 2026 11:12:12 GMT+0000 (Coordinated Universal Time),20,Pasang,pasang,,,,,,
2026-08-04T11:27:41.298589+00:00,20260804-112741,https://trends24.in/indonesia/,Tue Aug 04 2026 11:12:12 GMT+0000 (Coordinated Universal Time),21,LPDP,lpdp,,,,,,
2026-08-04T11:27:41.298589+00:00,20260804-112741,https://trends24.in/indonesia/,Tue Aug 04 2026 11:12:12 GMT+0000 (Coordinated Universal Time),22,Robert,robert,,,,,,
2026-08-04T11:27:41.298589+00:00,20260804-112741,https://trends24.in/indonesia/,Tue Aug 04 2026 11:12:12 GMT+0000 (Coordinated Universal Time),23,Luas,luas,,,,,,
2026-08-04T11:27:41.298589+00:00,20260804-112741,https://trends24.in/indonesia/,Tue Aug 04 2026 11:12:12 GMT+0000 (Coordinated Universal Time),24,Selasa,selasa,,,,,,
2026-08-04T11:27:41.298589+00:00,20260804-112741,https://trends24.in/indonesia/,Tue Aug 04 2026 11:12:12 GMT+0000 (Coordinated Universal Time),25,Turut,turut,,,,,,
2026-08-04T11:27:41.298589+00:00,20260804-112741,https://trends24.in/indonesia/,Tue Aug 04 2026 11:12:12 GMT+0000 (Coordinated Universal Time),26,Hujan,hujan,,,,,,
2026-08-04T11:27:41.298589+00:00,20260804-112741,https://trends24.in/indonesia/,Tue Aug 04 2026 11:12:12 GMT+0000 (Coordinated Universal Time),27,Tinggi,tinggi,,,,,,
2026-08-04T11:27:41.298589+00:00,20260804-112741,https://trends24.in/indonesia/,Tue Aug 04 2026 11:12:12 GMT+0000 (Coordinated Universal Time),28,D. AI Direct DriveTM,d. ai direct drivetm,,,,,,
2026-08-04T11:27:41.298589+00:00,20260804-112741,https://trends24.in/indonesia/,Tue Aug 04 2026 11:12:12 GMT+0000 (Coordinated Universal Time),29,Paes,paes,,,,,,
2026-08-04T11:27:41.298589+00:00,20260804-112741,https://trends24.in/indonesia/,Tue Aug 04 2026 11:12:12 GMT+0000 (Coordinated Universal Time),30,MINT X PHUWIN LOEWE,mint x phuwin loewe,,,,,,
2026-08-04T11:27:41.298589+00:00,20260804-112741,https://trends24.in/indonesia/,Tue Aug 04 2026 11:12:12 GMT+0000 (Coordinated Universal Time),31,Onyo,onyo,,,,,,
2026-08-04T11:27:41.298589+00:00,20260804-112741,https://trends24.in/indonesia/,Tue Aug 04 2026 11:12:12 GMT+0000 (Coordinated Universal Time),32,Dokter,dokter,,,,,,
2026-08-04T11:27:41.298589+00:00,20260804-112741,https://trends24.in/indonesia/,Tue Aug 04 2026 11:12:12 GMT+0000 (Coordinated Universal Time),33,GET WELL SOON SANGHYEON,get well soon sanghyeon,,,,,,
2026-08-04T11:27:41.298589+00:00,20260804-112741,https://trends24.in/indonesia/,Tue Aug 04 2026 11:12:12 GMT+0000 (Coordinated Universal Time),34,Threads,threads,,,,,,
2026-08-04T11:27:41.298589+00:00,20260804-112741,https://trends24.in/indonesia/,Tue Aug 04 2026 11:12:12 GMT+0000 (Coordinated Universal Time),35,Ruben,ruben,,,,,,
2026-08-04T11:27:41.298589+00:00,20260804-112741,https://trends24.in/indonesia/,Tue Aug 04 2026 11:12:12 GMT+0000 (Coordinated Universal Time),36,Asia Tenggara,asia tenggara,,,,,,
2026-08-04T11:27:41.298589+00:00,20260804-112741,https://trends24.in/indonesia/,Tue Aug 04 2026 11:12:12 GMT+0000 (Coordinated Universal Time),37,#DittoSeries,dittoseries,,,,,,
2026-08-04T11:27:41.298589+00:00,20260804-112741,https://trends24.in/indonesia/,Tue Aug 04 2026 11:12:12 GMT+0000 (Coordinated Universal Time),38,#à¹à¸à¸¡à¸µà¹à¸à¸à¹,à¹à¸à¸¡à¸µà¹à¸à¸à¹,,,,,,
2026-08-04T11:27:41.298589+00:00,20260804-112741,https://trends24.in/indonesia/,Tue Aug 04 2026 11:12:12 GMT+0000 (Coordinated Universal Time),39,#LGIndonesia,lgindonesia,,,,,,
2026-08-04T11:27:41.298589+00:00,20260804-112741,https://trends24.in/indonesia/,Tue Aug 04 2026 11:12:12 GMT+0000 (Coordinated Universal Time),40,#LGAIDD,lgaidd,,,,,,
2026-08-04T11:27:41.298589+00:00,20260804-112741,https://trends24.in/indonesia/,Tue Aug 04 2026 11:12:12 GMT+0000 (Coordinated Universal Time),41,#BGNbersihbersih,bgnbersihbersih,,,,,,
2026-08-04T11:27:41.298589+00:00,20260804-112741,https://trends24.in/indonesia/,Tue Aug 04 2026 11:12:12 GMT+0000 (Coordinated Universal Time),42,#PHUWINxMintMagTH,phuwinxmintmagth,,,,,,
2026-08-04T11:27:41.298589+00:00,20260804-112741,https://trends24.in/indonesia/,Tue Aug 04 2026 11:12:12 GMT+0000 (Coordinated Universal Time),43,#LifesGood,lifesgood,,,,,,
2026-08-04T11:27:41.298589+00:00,20260804-112741,https://trends24.in/indonesia/,Tue Aug 04 2026 11:12:12 GMT+0000 (Coordinated Universal Time),44,#AlwaysWithSANGHYEON,alwayswithsanghyeon,,,,,,
2026-08-04T11:27:41.298589+00:00,20260804-112741,https://trends24.in/indonesia/,Tue Aug 04 2026 11:12:12 GMT+0000 (Coordinated Universal Time),45,#PapergamesRuinsCNgaming,papergamesruinscngaming,,,,,,
2026-08-04T11:27:41.298589+00:00,20260804-112741,https://trends24.in/indonesia/,Tue Aug 04 2026 11:12:12 GMT+0000 (Coordinated Universal Time),46,#MyBiasMyBoss,mybiasmyboss,,,,,,
2026-08-04T11:27:41.298589+00:00,20260804-112741,https://trends24.in/indonesia/,Tue Aug 04 2026 11:12:12 GMT+0000 (Coordinated Universal Time),47,#UnstoppableJUHOON,unstoppablejuhoon,,,,,,
2026-08-04T11:27:41.298589+00:00,20260804-112741,https://trends24.in/indonesia/,Tue Aug 04 2026 11:12:12 GMT+0000 (Coordinated Universal Time),48,#NoValkoNoMoney,novalkonomoney,,,,,,
2026-08-04T11:27:41.298589+00:00,20260804-112741,https://trends24.in/indonesia/,Tue Aug 04 2026 11:12:12 GMT+0000 (Coordinated Universal Time),49,#zonaduit,zonaduit,,,,,,
2026-08-04T11:27:41.298589+00:00,20260804-112741,https://trends24.in/indonesia/,Tue Aug 04 2026 10:20:13 GMT+0000 (Coordinated Universal Time),1,#FourthConcert,fourthconcert,,,,,,
2026-08-04T11:27:41.298589+00:00,20260804-112741,https://trends24.in/indonesia/,Tue Aug 04 2026 10:20:13 GMT+0000 (Coordinated Universal Time),2,#MrKillSeriesEP5,mrkillseriesep5,,,,,,
2026-08-04T11:27:41.298589+00:00,20260804-112741,https://trends24.in/indonesia/,Tue Aug 04 2026 10:20:13 GMT+0000 (Coordinated Universal Time),3,#JaeheeFirstPitch,jaeheefirstpitch,,,,,,
2026-08-04T11:27:41.298589+00:00,20260804-112741,https://trends24.in/indonesia/,Tue Aug 04 2026 10:20:13 GMT+0000 (Coordinated Universal Time),4,#JaeheeXSamsunglions,jaeheexsamsunglions,,,,,,
2026-08-04T11:27:41.298589+00:00,20260804-112741,https://trends24.in/indonesia/,Tue Aug 04 2026 10:20:13 GMT+0000 (Coordinated Universal Time),5,#ì¬í¬Xì¼ì±ë¼ì´ì¨ì¦,ì¬í¬xì¼ì±ë¼ì´ì¨ì¦,,,,,,
2026-08-04T11:27:41.298589+00:00,20260804-112741,https://trends24.in/indonesia/,Tue Aug 04 2026 10:20:13 GMT+0000 (Coordinated Universal Time),6,FOURTH 1ST SOLO CONCERT,fourth 1st solo concert,,,,,,
2026-08-04T11:27:41.298589+00:00,20260804-112741,https://trends24.in/indonesia/,Tue Aug 04 2026 10:20:13 GMT+0000 (Coordinated Universal Time),7,PERTHDOMIIA RADIANT GLOW,perthdomiia radiant glow,,,,,,
2026-08-04T11:27:41.298589+00:00,20260804-112741,https://trends24.in/indonesia/,Tue Aug 04 2026 10:20:13 GMT+0000 (Coordinated Universal Time),8,BPJS,bpjs,,,,,,
2026-08-04T11:27:41.298589+00:00,20260804-112741,https://trends24.in/indonesia/,Tue Aug 04 2026 10:20:13 GMT+0000 (Coordinated Universal Time),9,Balsa,balsa,,,,,,
2026-08-04T11:27:41.298589+00:00,20260804-112741,https://trends24.in/indonesia/,Tue Aug 04 2026 10:20:13 GMT+0000 (Coordinated Universal Time),10,FIRST PITCH KIM JAEHEE,first pitch kim jaehee,,,,,,
2026-08-04T11:27:41.298589+00:00,20260804-112741,https://trends24.in/indonesia/,Tue Aug 04 2026 10:20:13 GMT+0000 (Coordinated Universal Time),11,Pilar Utama Kawasan,pilar utama kawasan,,,,,,
2026-08-04T11:27:41.298589+00:00,20260804-112741,https://trends24.in/indonesia/,Tue Aug 04 2026 10:20:13 GMT+0000 (Coordinated Universal Time),12,XL SECEPAT ITU,xl secepat itu,,,,,,
2026-08-04T11:27:41.298589+00:00,20260804-112741,https://trends24.in/indonesia/,Tue Aug 04 2026 10:20:13 GMT+0000 (Coordinated Universal Time),13,Persib 2-0 Persija,persib 2-0 persija,,,,,,
2026-08-04T11:27:41.298589+00:00,20260804-112741,https://trends24.in/indonesia/,Tue Aug 04 2026 10:20:13 GMT+0000 (Coordinated Universal Time),14,Menalo,menalo,,,,,,
2026-08-04T11:27:41.298589+00:00,20260804-112741,https://trends24.in/indonesia/,Tue Aug 04 2026 10:20:13 GMT+0000 (Coordinated Universal Time),15,Barros,barros,,,,,,
2026-08-04T11:27:41.298589+00:00,20260804-112741,https://trends24.in/indonesia/,Tue Aug 04 2026 10:20:13 GMT+0000 (Coordinated Universal Time),16,Eksel,eksel,,,,,,
2026-08-04T11:27:41.298589+00:00,20260804-112741,https://trends24.in/indonesia/,Tue Aug 04 2026 10:20:13 GMT+0000 (Coordinated Universal Time),17,Ajax,ajax,,,,,,
2026-08-04T11:27:41.298589+00:00,20260804-112741,https://trends24.in/indonesia/,Tue Aug 04 2026 10:20:13 GMT+0000 (Coordinated Universal Time),18,Robert,robert,,,,,,
2026-08-04T11:27:41.298589+00:00,20260804-112741,https://trends24.in/indonesia/,Tue Aug 04 2026 10:20:13 GMT+0000 (Coordinated Universal Time),19,LPDP,lpdp,,,,,,
2026-08-04T11:27:41.298589+00:00,20260804-112741,https://trends24.in/indonesia/,Tue Aug 04 2026 10:20:13 GMT+0000 (Coordinated Universal Time),20,Nakes,nakes,,,,,,
2026-08-04T11:27:41.298589+00:00,20260804-112741,https://trends24.in/indonesia/,Tue Aug 04 2026 10:20:13 GMT+0000 (Coordinated Universal Time),21,Turut,turut,,,,,,
2026-08-04T11:27:41.298589+00:00,20260804-112741,https://trends24.in/indonesia/,Tue Aug 04 2026 10:20:13 GMT+0000 (Coordinated Universal Time),22,Selasa,selasa,,,,,,
2026-08-04T11:27:41.298589+00:00,20260804-112741,https://trends24.in/indonesia/,Tue Aug 04 2026 10:20:13 GMT+0000 (Coordinated Universal Time),23,Pasang,pasang,,,,,,
2026-08-04T11:27:41.298589+00:00,20260804-112741,https://trends24.in/indonesia/,Tue Aug 04 2026 10:20:13 GMT+0000 (Coordinated Universal Time),24,Luas,luas,,,,,,
2026-08-04T11:27:41.298589+00:00,20260804-112741,https://trends24.in/indonesia/,Tue Aug 04 2026 10:20:13 GMT+0000 (Coordinated Universal Time),25,D. AI Direct DriveTM,d. ai direct drivetm,,,,,,
2026-08-04T11:27:41.298589+00:00,20260804-112741,https://trends24.in/indonesia/,Tue Aug 04 2026 10:20:13 GMT+0000 (Coordinated Universal Time),26,Onyo,onyo,,,,,,
2026-08-04T11:27:41.298589+00:00,20260804-112741,https://trends24.in/indonesia/,Tue Aug 04 2026 10:20:13 GMT+0000 (Coordinated Universal Time),27,Paes,paes,,,,,,
2026-08-04T11:27:41.298589+00:00,20260804-112741,https://trends24.in/indonesia/,Tue Aug 04 2026 10:20:13 GMT+0000 (Coordinated Universal Time),28,Tinggi,tinggi,,,,,,
2026-08-04T11:27:41.298589+00:00,20260804-112741,https://trends24.in/indonesia/,Tue Aug 04 2026 10:20:13 GMT+0000 (Coordinated Universal Time),29,MINT X PHUWIN LOEWE,mint x phuwin loewe,,,,,,
2026-08-04T11:27:41.298589+00:00,20260804-112741,https://trends24.in/indonesia/,Tue Aug 04 2026 10:20:13 GMT+0000 (Coordinated Universal Time),30,Dokter,dokter,,,,,,
2026-08-04T11:27:41.298589+00:00,20260804-112741,https://trends24.in/indonesia/,Tue Aug 04 2026 10:20:13 GMT+0000 (Coordinated Universal Time),31,Threads,threads,,,,,,
2026-08-04T11:27:41.298589+00:00,20260804-112741,https://trends24.in/indonesia/,Tue Aug 04 2026 10:20:13 GMT+0000 (Coordinated Universal Time),32,Bu Susi,bu susi,,,,,,
2026-08-04T11:27:41.298589+00:00,20260804-112741,https://trends24.in/indonesia/,Tue Aug 04 2026 10:20:13 GMT+0000 (Coordinated Universal Time),33,GET WELL SOON SANGHYEON,get well soon sanghyeon,,,,,,
2026-08-04T11:27:41.298589+00:00,20260804-112741,https://trends24.in/indonesia/,Tue Aug 04 2026 10:20:13 GMT+0000 (Coordinated Universal Time),34,$TGGW,$tggw,,,,,,
2026-08-04T11:27:41.298589+00:00,20260804-112741,https://trends24.in/indonesia/,Tue Aug 04 2026 10:20:13 GMT+0000 (Coordinated Universal Time),35,Ruben,ruben,,,,,,
2026-08-04T11:27:41.298589+00:00,20260804-112741,https://trends24.in/indonesia/,Tue Aug 04 2026 10:20:13 GMT+0000 (Coordinated Universal Time),36,Inna,inna,,,,,,
2026-08-04T11:27:41.298589+00:00,20260804-112741,https://trends24.in/indonesia/,Tue Aug 04 2026 10:20:13 GMT+0000 (Coordinated Universal Time),37,Asia Tenggara,asia tenggara,,,,,,
2026-08-04T11:27:41.298589+00:00,20260804-112741,https://trends24.in/indonesia/,Tue Aug 04 2026 10:20:13 GMT+0000 (Coordinated Universal Time),38,APBD,apbd,,,,,,
2026-08-04T11:27:41.298589+00:00,20260804-112741,https://trends24.in/indonesia/,Tue Aug 04 2026 10:20:13 GMT+0000 (Coordinated Universal Time),39,#PersibDay,persibday,,,,,,
2026-08-04T11:27:41.298589+00:00,20260804-112741,https://trends24.in/indonesia/,Tue Aug 04 2026 10:20:13 GMT+0000 (Coordinated Universal Time),40,#LGIndonesia,lgindonesia,,,,,,
2026-08-04T11:27:41.298589+00:00,20260804-112741,https://trends24.in/indonesia/,Tue Aug 04 2026 10:20:13 GMT+0000 (Coordinated Universal Time),41,#LGAIDD,lgaidd,,,,,,
2026-08-04T11:27:41.298589+00:00,20260804-112741,https://trends24.in/indonesia/,Tue Aug 04 2026 10:20:13 GMT+0000 (Coordinated Universal Time),42,#LifesGood,lifesgood,,,,,,
2026-08-04T11:27:41.298589+00:00,20260804-112741,https://trends24.in/indonesia/,Tue Aug 04 2026 10:20:13 GMT+0000 (Coordinated Universal Time),43,#TodsxBecky,todsxbecky,,,,,,
2026-08-04T11:27:41.298589+00:00,20260804-112741,https://trends24.in/indonesia/,Tue Aug 04 2026 10:20:13 GMT+0000 (Coordinated Universal Time),44,#BGNbersihbersih,bgnbersihbersih,,,,,,
2026-08-04T11:27:41.298589+00:00,20260804-112741,https://trends24.in/indonesia/,Tue Aug 04 2026 10:20:13 GMT+0000 (Coordinated Universal Time),45,#PHUWINxMintMagTH,phuwinxmintmagth,,,,,,
2026-08-04T11:27:41.298589+00:00,20260804-112741,https://trends24.in/indonesia/,Tue Aug 04 2026 10:20:13 GMT+0000 (Coordinated Universal Time),46,#AlwaysWithSANGHYEON,alwayswithsanghyeon,,,,,,
2026-08-04T11:27:41.298589+00:00,20260804-112741,https://trends24.in/indonesia/,Tue Aug 04 2026 10:20:13 GMT+0000 (Coordinated Universal Time),47,#PapergamesRuinsCNgaming,papergamesruinscngaming,,,,,,
2026-08-04T11:27:41.298589+00:00,20260804-112741,https://trends24.in/indonesia/,Tue Aug 04 2026 10:20:13 GMT+0000 (Coordinated Universal Time),48,#MyBiasMyBoss,mybiasmyboss,,,,,,
2026-08-04T11:27:41.298589+00:00,20260804-112741,https://trends24.in/indonesia/,Tue Aug 04 2026 10:20:13 GMT+0000 (Coordinated Universal Time),49,#UnstoppableJUHOON,unstoppablejuhoon,,,,,,
2026-08-04T11:27:41.298589+00:00,20260804-112741,https://trends24.in/indonesia/,Tue Aug 04 2026 10:20:13 GMT+0000 (Coordinated Universal Time),50,#NoValkoNoMoney,novalkonomoney,,,,,,
2026-08-04T11:27:41.298589+00:00,20260804-112741,https://trends24.in/indonesia/,Tue Aug 04 2026 09:24:56 GMT+0000 (Coordinated Universal Time),1,Vietnam,vietnam,,,,,,
2026-08-04T11:27:41.298589+00:00,20260804-112741,https://trends24.in/indonesia/,Tue Aug 04 2026 09:24:56 GMT+0000 (Coordinated Universal Time),2,PERTHDOMIIA RADIANT GLOW,perthdomiia radiant glow,,,,,,
2026-08-04T11:27:41.298589+00:00,20260804-112741,https://trends24.in/indonesia/,Tue Aug 04 2026 09:24:56 GMT+0000 (Coordinated Universal Time),3,#FourthConcert,fourthconcert,,,,,,
2026-08-04T11:27:41.298589+00:00,20260804-112741,https://trends24.in/indonesia/,Tue Aug 04 2026 09:24:56 GMT+0000 (Coordinated Universal Time),4,#TimnasDay,timnasday,,,,,,
2026-08-04T11:27:41.298589+00:00,20260804-112741,https://trends24.in/indonesia/,Tue Aug 04 2026 09:24:56 GMT+0000 (Coordinated Universal Time),5,terdepan laksanakan pengabdian,terdepan laksanakan pengabdian,,,,,,
2026-08-04T11:27:41.298589+00:00,20260804-112741,https://trends24.in/indonesia/,Tue Aug 04 2026 09:24:56 GMT+0000 (Coordinated Universal Time),6,BPJS,bpjs,,,,,,
2026-08-04T11:27:41.298589+00:00,20260804-112741,https://trends24.in/indonesia/,Tue Aug 04 2026 09:24:56 GMT+0000 (Coordinated Universal Time),7,FOURTH 1ST SOLO CONCERT,fourth 1st solo concert,,,,,,
2026-08-04T11:27:41.298589+00:00,20260804-112741,https://trends24.in/indonesia/,Tue Aug 04 2026 09:24:56 GMT+0000 (Coordinated Universal Time),8,#ã·ãºãã®æãããããªã§ã¦ã¡ãã,ã·ãºãã®æãããããªã§ã¦ã¡ãã,,,,,,
2026-08-04T11:27:41.298589+00:00,20260804-112741,https://trends24.in/indonesia/,Tue Aug 04 2026 09:24:56 GMT+0000 (Coordinated Universal Time),9,Pilar Utama Kawasan,pilar utama kawasan,,,,,,
2026-08-04T11:27:41.298589+00:00,20260804-112741,https://trends24.in/indonesia/,Tue Aug 04 2026 09:24:56 GMT+0000 (Coordinated Universal Time),10,#ì¬ëë¥ì´_ì¹ì¹ì¼_ìì¼ì¶íí´ë£,ì¬ëë¥ì´_ì¹ì¹ì¼_ìì¼ì¶íí´ë£,,,,,,
2026-08-04T11:27:41.298589+00:00,20260804-112741,https://trends24.in/indonesia/,Tue Aug 04 2026 09:24:56 GMT+0000 (Coordinated Universal Time),11,#promoawesomea27,promoawesomea27,,,,,,
2026-08-04T11:27:41.298589+00:00,20260804-112741,https://trends24.in/indonesia/,Tue Aug 04 2026 09:24:56 GMT+0000 (Coordinated Universal Time),12,Nadeo,nadeo,,,,,,
2026-08-04T11:27:41.298589+00:00,20260804-112741,https://trends24.in/indonesia/,Tue Aug 04 2026 09:24:56 GMT+0000 (Coordinated Universal Time),13,PSD MOGULARRIVAL FS26,psd mogularrival fs26,,,,,,
2026-08-04T11:27:41.298589+00:00,20260804-112741,https://trends24.in/indonesia/,Tue Aug 04 2026 09:24:56 GMT+0000 (Coordinated Universal Time),14,Kimpul,kimpul,,,,,,
2026-08-04T11:27:41.298589+00:00,20260804-112741,https://trends24.in/indonesia/,Tue Aug 04 2026 09:24:56 GMT+0000 (Coordinated Universal Time),15,RESPECT JUHOON'S RIGHTS,respect juhoon's rights,,,,,,
2026-08-04T11:27:41.298589+00:00,20260804-112741,https://trends24.in/indonesia/,Tue Aug 04 2026 09:24:56 GMT+0000 (Coordinated Universal Time),16,XL SECEPAT ITU,xl secepat itu,,,,,,
2026-08-04T11:27:41.298589+00:00,20260804-112741,https://trends24.in/indonesia/,Tue Aug 04 2026 09:24:56 GMT+0000 (Coordinated Universal Time),17,Singapura,singapura,,,,,,
2026-08-04T11:27:41.298589+00:00,20260804-112741,https://trends24.in/indonesia/,Tue Aug 04 2026 09:24:56 GMT+0000 (Coordinated Universal Time),18,galaxy a27 5g,galaxy a27 5g,,,,,,
2026-08-04T11:27:41.298589+00:00,20260804-112741,https://trends24.in/indonesia/,Tue Aug 04 2026 09:24:56 GMT+0000 (Coordinated Universal Time),19,Protes Pemadaman Listrik,protes pemadaman listrik,,,,,,
2026-08-04T11:27:41.298589+00:00,20260804-112741,https://trends24.in/indonesia/,Tue Aug 04 2026 09:24:56 GMT+0000 (Coordinated Universal Time),20,Ridho,ridho,,,,,,
2026-08-04T11:27:41.298589+00:00,20260804-112741,https://trends24.in/indonesia/,Tue Aug 04 2026 09:24:56 GMT+0000 (Coordinated Universal Time),21,Nguyen,nguyen,,,,,,
2026-08-04T11:27:41.298589+00:00,20260804-112741,https://trends24.in/indonesia/,Tue Aug 04 2026 09:24:56 GMT+0000 (Coordinated Universal Time),22,Jordi,jordi,,,,,,
2026-08-04T11:27:41.298589+00:00,20260804-112741,https://trends24.in/indonesia/,Tue Aug 04 2026 09:24:56 GMT+0000 (Coordinated Universal Time),23,FIRST PITCH KIM JAEHEE,first pitch kim jaehee,,,,,,
2026-08-04T11:27:41.298589+00:00,20260804-112741,https://trends24.in/indonesia/,Tue Aug 04 2026 09:24:56 GMT+0000 (Coordinated Universal Time),24,Pesan Menag,pesan menag,,,,,,
2026-08-04T11:27:41.298589+00:00,20260804-112741,https://trends24.in/indonesia/,Tue Aug 04 2026 09:24:56 GMT+0000 (Coordinated Universal Time),25,Balsa,balsa,,,,,,
2026-08-04T11:27:41.298589+00:00,20260804-112741,https://trends24.in/indonesia/,Tue Aug 04 2026 09:24:56 GMT+0000 (Coordinated Universal Time),26,Senin,senin,,,,,,
2026-08-04T11:27:41.298589+00:00,20260804-112741,https://trends24.in/indonesia/,Tue Aug 04 2026 09:24:56 GMT+0000 (Coordinated Universal Time),27,D. AI Direct DriveTM,d. ai direct drivetm,,,,,,
2026-08-04T11:27:41.298589+00:00,20260804-112741,https://trends24.in/indonesia/,Tue Aug 04 2026 09:24:56 GMT+0000 (Coordinated Universal Time),28,LOVE TO SERVE 2ND EP,love to serve 2nd ep,,,,,,
2026-08-04T11:27:41.298589+00:00,20260804-112741,https://trends24.in/indonesia/,Tue Aug 04 2026 09:24:56 GMT+0000 (Coordinated Universal Time),29,Robert,robert,,,,,,
2026-08-04T11:27:41.298589+00:00,20260804-112741,https://trends24.in/indonesia/,Tue Aug 04 2026 09:24:56 GMT+0000 (Coordinated Universal Time),30,MINT X PHUWIN LOEWE,mint x phuwin loewe,,,,,,
2026-08-04T11:27:41.298589+00:00,20260804-112741,https://trends24.in/indonesia/,Tue Aug 04 2026 09:24:56 GMT+0000 (Coordinated Universal Time),31,THE REIGN OF GUNAIYARA,the reign of gunaiyara,,,,,,
2026-08-04T11:27:41.298589+00:00,20260804-112741,https://trends24.in/indonesia/,Tue Aug 04 2026 09:24:56 GMT+0000 (Coordinated Universal Time),32,LPDP,lpdp,,,,,,
2026-08-04T11:27:41.298589+00:00,20260804-112741,https://trends24.in/indonesia/,Tue Aug 04 2026 09:24:56 GMT+0000 (Coordinated Universal Time),33,Mengabdi Hingga Pelosok,mengabdi hingga pelosok,,,,,,
2026-08-04T11:27:41.298589+00:00,20260804-112741,https://trends24.in/indonesia/,Tue Aug 04 2026 09:24:56 GMT+0000 (Coordinated Universal Time),34,Turut,turut,,,,,,
2026-08-04T11:27:41.298589+00:00,20260804-112741,https://trends24.in/indonesia/,Tue Aug 04 2026 09:24:56 GMT+0000 (Coordinated Universal Time),35,Lawan Provokasi Buzzer,lawan provokasi buzzer,,,,,,
2026-08-04T11:27:41.298589+00:00,20260804-112741,https://trends24.in/indonesia/,Tue Aug 04 2026 09:24:56 GMT+0000 (Coordinated Universal Time),36,Barros,barros,,,,,,
2026-08-04T11:27:41.298589+00:00,20260804-112741,https://trends24.in/indonesia/,Tue Aug 04 2026 09:24:56 GMT+0000 (Coordinated Universal Time),37,LINGORM PRESENTER SMOOTHE,lingorm presenter smoothe,,,,,,
2026-08-04T11:27:41.298589+00:00,20260804-112741,https://trends24.in/indonesia/,Tue Aug 04 2026 09:24:56 GMT+0000 (Coordinated Universal Time),38,GET WELL SOON SANGHYEON,get well soon sanghyeon,,,,,,
2026-08-04T11:27:41.298589+00:00,20260804-112741,https://trends24.in/indonesia/,Tue Aug 04 2026 09:24:56 GMT+0000 (Coordinated Universal Time),39,sangat menyesatkan,sangat menyesatkan,,,,,,
2026-08-04T11:27:41.298589+00:00,20260804-112741,https://trends24.in/indonesia/,Tue Aug 04 2026 09:24:56 GMT+0000 (Coordinated Universal Time),40,SODA SODA,soda soda,,,,,,
2026-08-04T11:27:41.298589+00:00,20260804-112741,https://trends24.in/indonesia/,Tue Aug 04 2026 09:24:56 GMT+0000 (Coordinated Universal Time),41,blingy action plan d2,blingy action plan d2,,,,,,
2026-08-04T11:27:41.298589+00:00,20260804-112741,https://trends24.in/indonesia/,Tue Aug 04 2026 09:24:56 GMT+0000 (Coordinated Universal Time),42,Klok,klok,,,,,,
2026-08-04T11:27:41.298589+00:00,20260804-112741,https://trends24.in/indonesia/,Tue Aug 04 2026 09:24:56 GMT+0000 (Coordinated Universal Time),43,$TGGW,$tggw,,,,,,
2026-08-04T11:27:41.298589+00:00,20260804-112741,https://trends24.in/indonesia/,Tue Aug 04 2026 09:24:56 GMT+0000 (Coordinated Universal Time),44,Eksel,eksel,,,,,,
2026-08-04T11:27:41.298589+00:00,20260804-112741,https://trends24.in/indonesia/,Tue Aug 04 2026 09:24:56 GMT+0000 (Coordinated Universal Time),45,Innalillahi,innalillahi,,,,,,
2026-08-04T11:27:41.298589+00:00,20260804-112741,https://trends24.in/indonesia/,Tue Aug 04 2026 09:24:56 GMT+0000 (Coordinated Universal Time),46,Herdman,herdman,,,,,,
2026-08-04T11:27:41.298589+00:00,20260804-112741,https://trends24.in/indonesia/,Tue Aug 04 2026 09:24:56 GMT+0000 (Coordinated Universal Time),47,Anda Menang Kami Senang,anda menang kami senang,,,,,,
2026-08-04T11:27:41.298589+00:00,20260804-112741,https://trends24.in/indonesia/,Tue Aug 04 2026 09:24:56 GMT+0000 (Coordinated Universal Time),48,Autumn Leaves,autumn leaves,,,,,,
2026-08-04T11:27:41.298589+00:00,20260804-112741,https://trends24.in/indonesia/,Tue Aug 04 2026 09:24:56 GMT+0000 (Coordinated Universal Time),49,Selasa,selasa,,,,,,
2026-08-04T11:27:41.298589+00:00,20260804-112741,https://trends24.in/indonesia/,Tue Aug 04 2026 09:24:56 GMT+0000 (Coordinated Universal Time),50,Nobel,nobel,,,,,,
2026-08-04T11:27:41.298589+00:00,20260804-112741,https://trends24.in/indonesia/,Tue Aug 04 2026 08:33:40 GMT+0000 (Coordinated Universal Time),1,Vietnam,vietnam,,,,,,
2026-08-04T11:27:41.298589+00:00,20260804-112741,https://trends24.in/indonesia/,Tue Aug 04 2026 08:33:40 GMT+0000 (Coordinated Universal Time),2,PERTHDOMIIA RADIANT GLOW,perthdomiia radiant glow,,,,,,
2026-08-04T11:27:41.298589+00:00,20260804-112741,https://trends24.in/indonesia/,Tue Aug 04 2026 08:33:40 GMT+0000 (Coordinated Universal Time),3,Pilar Utama Kawasan,pilar utama kawasan,,,,,,
2026-08-04T11:27:41.298589+00:00,20260804-112741,https://trends24.in/indonesia/,Tue Aug 04 2026 08:33:40 GMT+0000 (Coordinated Universal Time),4,BPJS,bpjs,,,,,,
2026-08-04T11:27:41.298589+00:00,20260804-112741,https://trends24.in/indonesia/,Tue Aug 04 2026 08:33:40 GMT+0000 (Coordinated Universal Time),5,#TimnasDay,timnasday,,,,,,
2026-08-04T11:27:41.298589+00:00,20260804-112741,https://trends24.in/indonesia/,Tue Aug 04 2026 08:33:40 GMT+0000 (Coordinated Universal Time),6,#ã·ãºãã®æãããããªã§ã¦ã¡ãã,ã·ãºãã®æãããããªã§ã¦ã¡ãã,,,,,,
2026-08-04T11:27:41.298589+00:00,20260804-112741,https://trends24.in/indonesia/,Tue Aug 04 2026 08:33:40 GMT+0000 (Coordinated Universal Time),7,terdepan laksanakan pengabdian,terdepan laksanakan pengabdian,,,,,,
2026-08-04T11:27:41.298589+00:00,20260804-112741,https://trends24.in/indonesia/,Tue Aug 04 2026 08:33:40 GMT+0000 (Coordinated Universal Time),8,#ì¬ëë¥ì´_ì¹ì¹ì¼_ìì¼ì¶íí´ë£,ì¬ëë¥ì´_ì¹ì¹ì¼_ìì¼ì¶íí´ë£,,,,,,
2026-08-04T11:27:41.298589+00:00,20260804-112741,https://trends24.in/indonesia/,Tue Aug 04 2026 08:33:40 GMT+0000 (Coordinated Universal Time),9,#PuppyRyoDay,puppyryoday,,,,,,
2026-08-04T11:27:41.298589+00:00,20260804-112741,https://trends24.in/indonesia/,Tue Aug 04 2026 08:33:40 GMT+0000 (Coordinated Universal Time),10,Nadeo,nadeo,,,,,,
2026-08-04T11:27:41.298589+00:00,20260804-112741,https://trends24.in/indonesia/,Tue Aug 04 2026 08:33:40 GMT+0000 (Coordinated Universal Time),11,#promoawesomea27,promoawesomea27,,,,,,
2026-08-04T11:27:41.298589+00:00,20260804-112741,https://trends24.in/indonesia/,Tue Aug 04 2026 08:33:40 GMT+0000 (Coordinated Universal Time),12,PSD MOGULARRIVAL FS26,psd mogularrival fs26,,,,,,
2026-08-04T11:27:41.298589+00:00,20260804-112741,https://trends24.in/indonesia/,Tue Aug 04 2026 08:33:40 GMT+0000 (Coordinated Universal Time),13,kimpul,kimpul,,,,,,
2026-08-04T11:27:41.298589+00:00,20260804-112741,https://trends24.in/indonesia/,Tue Aug 04 2026 08:33:40 GMT+0000 (Coordinated Universal Time),14,RESPECT JUHOON'S RIGHTS,respect juhoon's rights,,,,,,
2026-08-04T11:27:41.298589+00:00,20260804-112741,https://trends24.in/indonesia/,Tue Aug 04 2026 08:33:40 GMT+0000 (Coordinated Universal Time),15,Singapura,singapura,,,,,,
2026-08-04T11:27:41.298589+00:00,20260804-112741,https://trends24.in/indonesia/,Tue Aug 04 2026 08:33:40 GMT+0000 (Coordinated Universal Time),16,galaxy a27 5g,galaxy a27 5g,,,,,,
2026-08-04T11:27:41.298589+00:00,20260804-112741,https://trends24.in/indonesia/,Tue Aug 04 2026 08:33:40 GMT+0000 (Coordinated Universal Time),17,Protes Pemadaman Listrik,protes pemadaman listrik,,,,,,
2026-08-04T11:27:41.298589+00:00,20260804-112741,https://trends24.in/indonesia/,Tue Aug 04 2026 08:33:40 GMT+0000 (Coordinated Universal Time),18,Ridho,ridho,,,,,,
2026-08-04T11:27:41.298589+00:00,20260804-112741,https://trends24.in/indonesia/,Tue Aug 04 2026 08:33:40 GMT+0000 (Coordinated Universal Time),19,FOURTH 1ST SOLO CONCERT,fourth 1st solo concert,,,,,,
2026-08-04T11:27:41.298589+00:00,20260804-112741,https://trends24.in/indonesia/,Tue Aug 04 2026 08:33:40 GMT+0000 (Coordinated Universal Time),20,Nguyen,nguyen,,,,,,
2026-08-04T11:27:41.298589+00:00,20260804-112741,https://trends24.in/indonesia/,Tue Aug 04 2026 08:33:40 GMT+0000 (Coordinated Universal Time),21,XL SECEPAT ITU,xl secepat itu,,,,,,
2026-08-04T11:27:41.298589+00:00,20260804-112741,https://trends24.in/indonesia/,Tue Aug 04 2026 08:33:40 GMT+0000 (Coordinated Universal Time),22,Jordi,jordi,,,,,,
2026-08-04T11:27:41.298589+00:00,20260804-112741,https://trends24.in/indonesia/,Tue Aug 04 2026 08:33:40 GMT+0000 (Coordinated Universal Time),23,Senin,senin,,,,,,
2026-08-04T11:27:41.298589+00:00,20260804-112741,https://trends24.in/indonesia/,Tue Aug 04 2026 08:33:40 GMT+0000 (Coordinated Universal Time),24,Pesan Menag,pesan menag,,,,,,
2026-08-04T11:27:41.298589+00:00,20260804-112741,https://trends24.in/indonesia/,Tue Aug 04 2026 08:33:40 GMT+0000 (Coordinated Universal Time),25,D. AI Direct DriveTM,d. ai direct drivetm,,,,,,
2026-08-04T11:27:41.298589+00:00,20260804-112741,https://trends24.in/indonesia/,Tue Aug 04 2026 08:33:40 GMT+0000 (Coordinated Universal Time),26,REBECCA TODS AMBASSADOR,rebecca tods ambassador,,,,,,
2026-08-04T11:27:41.298589+00:00,20260804-112741,https://trends24.in/indonesia/,Tue Aug 04 2026 08:33:40 GMT+0000 (Coordinated Universal Time),27,LOVE TO SERVE 2ND EP,love to serve 2nd ep,,,,,,
2026-08-04T11:27:41.298589+00:00,20260804-112741,https://trends24.in/indonesia/,Tue Aug 04 2026 08:33:40 GMT+0000 (Coordinated Universal Time),28,FIRST PITCH KIM JAEHEE,first pitch kim jaehee,,,,,,
2026-08-04T11:27:41.298589+00:00,20260804-112741,https://trends24.in/indonesia/,Tue Aug 04 2026 08:33:40 GMT+0000 (Coordinated Universal Time),29,Robert,robert,,,,,,
2026-08-04T11:27:41.298589+00:00,20260804-112741,https://trends24.in/indonesia/,Tue Aug 04 2026 08:33:40 GMT+0000 (Coordinated Universal Time),30,LPDP,lpdp,,,,,,
2026-08-04T11:27:41.298589+00:00,20260804-112741,https://trends24.in/indonesia/,Tue Aug 04 2026 08:33:40 GMT+0000 (Coordinated Universal Time),31,Turut,turut,,,,,,
2026-08-04T11:27:41.298589+00:00,20260804-112741,https://trends24.in/indonesia/,Tue Aug 04 2026 08:33:40 GMT+0000 (Coordinated Universal Time),32,MINT X PHUWIN LOEWE,mint x phuwin loewe,,,,,,
2026-08-04T11:27:41.298589+00:00,20260804-112741,https://trends24.in/indonesia/,Tue Aug 04 2026 08:33:40 GMT+0000 (Coordinated Universal Time),33,THE REIGN OF GUNAIYARA,the reign of gunaiyara,,,,,,
2026-08-04T11:27:41.298589+00:00,20260804-112741,https://trends24.in/indonesia/,Tue Aug 04 2026 08:33:40 GMT+0000 (Coordinated Universal Time),34,The Grim Lover Q19,the grim lover q19,,,,,,
2026-08-04T11:27:41.298589+00:00,20260804-112741,https://trends24.in/indonesia/,Tue Aug 04 2026 08:33:40 GMT+0000 (Coordinated Universal Time),35,Mengabdi Hingga Pelosok,mengabdi hingga pelosok,,,,,,
2026-08-04T11:27:41.298589+00:00,20260804-112741,https://trends24.in/indonesia/,Tue Aug 04 2026 08:33:40 GMT+0000 (Coordinated Universal Time),36,Lawan Provokasi Buzzer,lawan provokasi buzzer,,,,,,
2026-08-04T11:27:41.298589+00:00,20260804-112741,https://trends24.in/indonesia/,Tue Aug 04 2026 08:33:40 GMT+0000 (Coordinated Universal Time),37,LINGORM PRESENTER SMOOTHE,lingorm presenter smoothe,,,,,,
2026-08-04T11:27:41.298589+00:00,20260804-112741,https://trends24.in/indonesia/,Tue Aug 04 2026 08:33:40 GMT+0000 (Coordinated Universal Time),38,sangat menyesatkan,sangat menyesatkan,,,,,,
2026-08-04T11:27:41.298589+00:00,20260804-112741,https://trends24.in/indonesia/,Tue Aug 04 2026 08:33:40 GMT+0000 (Coordinated Universal Time),39,SODA SODA,soda soda,,,,,,
2026-08-04T11:27:41.298589+00:00,20260804-112741,https://trends24.in/indonesia/,Tue Aug 04 2026 08:33:40 GMT+0000 (Coordinated Universal Time),40,Klok,klok,,,,,,
2026-08-04T11:27:41.298589+00:00,20260804-112741,https://trends24.in/indonesia/,Tue Aug 04 2026 08:33:40 GMT+0000 (Coordinated Universal Time),41,blingy action plan d2,blingy action plan d2,,,,,,
2026-08-04T11:27:41.298589+00:00,20260804-112741,https://trends24.in/indonesia/,Tue Aug 04 2026 08:33:40 GMT+0000 (Coordinated Universal Time),42,$TGGW,$tggw,,,,,,
2026-08-04T11:27:41.298589+00:00,20260804-112741,https://trends24.in/indonesia/,Tue Aug 04 2026 08:33:40 GMT+0000 (Coordinated Universal Time),43,GET WELL SOON SANGHYEON,get well soon sanghyeon,,,,,,
2026-08-04T11:27:41.298589+00:00,20260804-112741,https://trends24.in/indonesia/,Tue Aug 04 2026 08:33:40 GMT+0000 (Coordinated Universal Time),44,Herdman,herdman,,,,,,
2026-08-04T11:27:41.298589+00:00,20260804-112741,https://trends24.in/indonesia/,Tue Aug 04 2026 08:33:40 GMT+0000 (Coordinated Universal Time),45,Innalillahi,innalillahi,,,,,,
2026-08-04T11:27:41.298589+00:00,20260804-112741,https://trends24.in/indonesia/,Tue Aug 04 2026 08:33:40 GMT+0000 (Coordinated Universal Time),46,Autumn Leaves,autumn leaves,,,,,,
2026-08-04T11:27:41.298589+00:00,20260804-112741,https://trends24.in/indonesia/,Tue Aug 04 2026 08:33:40 GMT+0000 (Coordinated Universal Time),47,Haye,haye,,,,,,
2026-08-04T11:27:41.298589+00:00,20260804-112741,https://trends24.in/indonesia/,Tue Aug 04 2026 08:33:40 GMT+0000 (Coordinated Universal Time),48,JISUNG FOR DIOR CAPTURE,jisung for dior capture,,,,,,
2026-08-04T11:27:41.298589+00:00,20260804-112741,https://trends24.in/indonesia/,Tue Aug 04 2026 08:33:40 GMT+0000 (Coordinated Universal Time),49,Selasa,selasa,,,,,,
2026-08-04T11:27:41.298589+00:00,20260804-112741,https://trends24.in/indonesia/,Tue Aug 04 2026 08:33:40 GMT+0000 (Coordinated Universal Time),50,DINO X PICHEOLIN DEBUT DAY,dino x picheolin debut day,,,,,,
2026-08-04T11:27:41.298589+00:00,20260804-112741,https://trends24.in/indonesia/,Tue Aug 04 2026 07:42:34 GMT+0000 (Coordinated Universal Time),1,Pilar Utama Kawasan,pilar utama kawasan,,,,,,
2026-08-04T11:27:41.298589+00:00,20260804-112741,https://trends24.in/indonesia/,Tue Aug 04 2026 07:42:34 GMT+0000 (Coordinated Universal Time),2,Vietnam,vietnam,,,,,,
2026-08-04T11:27:41.298589+00:00,20260804-112741,https://trends24.in/indonesia/,Tue Aug 04 2026 07:42:34 GMT+0000 (Coordinated Universal Time),3,PERTHDOMIIA RADIANT GLOW,perthdomiia radiant glow,,,,,,
2026-08-04T11:27:41.298589+00:00,20260804-112741,https://trends24.in/indonesia/,Tue Aug 04 2026 07:42:34 GMT+0000 (Coordinated Universal Time),4,#FourthConcert,fourthconcert,,,,,,
2026-08-04T11:27:41.298589+00:00,20260804-112741,https://trends24.in/indonesia/,Tue Aug 04 2026 07:42:34 GMT+0000 (Coordinated Universal Time),5,#TimnasDay,timnasday,,,,,,
2026-08-04T11:27:41.298589+00:00,20260804-112741,https://trends24.in/indonesia/,Tue Aug 04 2026 07:42:34 GMT+0000 (Coordinated Universal Time),6,BPJS,bpjs,,,,,,
2026-08-04T11:27:41.298589+00:00,20260804-112741,https://trends24.in/indonesia/,Tue Aug 04 2026 07:42:34 GMT+0000 (Coordinated Universal Time),7,#ã·ãºãã®æãããããªã§ã¦ã¡ãã,ã·ãºãã®æãããããªã§ã¦ã¡ãã,,,,,,
2026-08-04T11:27:41.298589+00:00,20260804-112741,https://trends24.in/indonesia/,Tue Aug 04 2026 07:42:34 GMT+0000 (Coordinated Universal Time),8,#ì¬ëë¥ì´_ì¹ì¹ì¼_ìì¼ì¶íí´ë£,ì¬ëë¥ì´_ì¹ì¹ì¼_ìì¼ì¶íí´ë£,,,,,,
2026-08-04T11:27:41.298589+00:00,20260804-112741,https://trends24.in/indonesia/,Tue Aug 04 2026 07:42:34 GMT+0000 (Coordinated Universal Time),9,#PuppyRyoDay,puppyryoday,,,,,,
2026-08-04T11:27:41.298589+00:00,20260804-112741,https://trends24.in/indonesia/,Tue Aug 04 2026 07:42:34 GMT+0000 (Coordinated Universal Time),10,terdepan laksanakan pengabdian,terdepan laksanakan pengabdian,,,,,,
2026-08-04T11:27:41.298589+00:00,20260804-112741,https://trends24.in/indonesia/,Tue Aug 04 2026 07:42:34 GMT+0000 (Coordinated Universal Time),11,Nadeo,nadeo,,,,,,
2026-08-04T11:27:41.298589+00:00,20260804-112741,https://trends24.in/indonesia/,Tue Aug 04 2026 07:42:34 GMT+0000 (Coordinated Universal Time),12,FOURTH 1ST SOLO CONCERT,fourth 1st solo concert,,,,,,
2026-08-04T11:27:41.298589+00:00,20260804-112741,https://trends24.in/indonesia/,Tue Aug 04 2026 07:42:34 GMT+0000 (Coordinated Universal Time),13,PSD MOGULARRIVAL FS26,psd mogularrival fs26,,,,,,
2026-08-04T11:27:41.298589+00:00,20260804-112741,https://trends24.in/indonesia/,Tue Aug 04 2026 07:42:34 GMT+0000 (Coordinated Universal Time),14,lawan provokasi buzzer,lawan provokasi buzzer,,,,,,
2026-08-04T11:27:41.298589+00:00,20260804-112741,https://trends24.in/indonesia/,Tue Aug 04 2026 07:42:34 GMT+0000 (Coordinated Universal Time),15,Kimpul,kimpul,,,,,,
2026-08-04T11:27:41.298589+00:00,20260804-112741,https://trends24.in/indonesia/,Tue Aug 04 2026 07:42:34 GMT+0000 (Coordinated Universal Time),16,RESPECT JUHOON'S RIGHTS,respect juhoon's rights,,,,,,
2026-08-04T11:27:41.298589+00:00,20260804-112741,https://trends24.in/indonesia/,Tue Aug 04 2026 07:42:34 GMT+0000 (Coordinated Universal Time),17,solusi rumah rakyat terjangkau,solusi rumah rakyat terjangkau,,,,,,
2026-08-04T11:27:41.298589+00:00,20260804-112741,https://trends24.in/indonesia/,Tue Aug 04 2026 07:42:34 GMT+0000 (Coordinated Universal Time),18,Singapura,singapura,,,,,,
2026-08-04T11:27:41.298589+00:00,20260804-112741,https://trends24.in/indonesia/,Tue Aug 04 2026 07:42:34 GMT+0000 (Coordinated Universal Time),19,galaxy a27 5g,galaxy a27 5g,,,,,,
2026-08-04T11:27:41.298589+00:00,20260804-112741,https://trends24.in/indonesia/,Tue Aug 04 2026 07:42:34 GMT+0000 (Coordinated Universal Time),20,Ridho,ridho,,,,,,
2026-08-04T11:27:41.298589+00:00,20260804-112741,https://trends24.in/indonesia/,Tue Aug 04 2026 07:42:34 GMT+0000 (Coordinated Universal Time),21,Protes Pemadaman Listrik,protes pemadaman listrik,,,,,,
2026-08-04T11:27:41.298589+00:00,20260804-112741,https://trends24.in/indonesia/,Tue Aug 04 2026 07:42:34 GMT+0000 (Coordinated Universal Time),22,D. AI Direct DriveTM,d. ai direct drivetm,,,,,,
2026-08-04T11:27:41.298589+00:00,20260804-112741,https://trends24.in/indonesia/,Tue Aug 04 2026 07:42:34 GMT+0000 (Coordinated Universal Time),23,Nguyen,nguyen,,,,,,
2026-08-04T11:27:41.298589+00:00,20260804-112741,https://trends24.in/indonesia/,Tue Aug 04 2026 07:42:34 GMT+0000 (Coordinated Universal Time),24,Jordi,jordi,,,,,,
2026-08-04T11:27:41.298589+00:00,20260804-112741,https://trends24.in/indonesia/,Tue Aug 04 2026 07:42:34 GMT+0000 (Coordinated Universal Time),25,Senin,senin,,,,,,
2026-08-04T11:27:41.298589+00:00,20260804-112741,https://trends24.in/indonesia/,Tue Aug 04 2026 07:42:34 GMT+0000 (Coordinated Universal Time),26,Turut,turut,,,,,,
2026-08-04T11:27:41.298589+00:00,20260804-112741,https://trends24.in/indonesia/,Tue Aug 04 2026 07:42:34 GMT+0000 (Coordinated Universal Time),27,Pesan Menag,pesan menag,,,,,,
2026-08-04T11:27:41.298589+00:00,20260804-112741,https://trends24.in/indonesia/,Tue Aug 04 2026 07:42:34 GMT+0000 (Coordinated Universal Time),28,Robert,robert,,,,,,
2026-08-04T11:27:41.298589+00:00,20260804-112741,https://trends24.in/indonesia/,Tue Aug 04 2026 07:42:34 GMT+0000 (Coordinated Universal Time),29,LPDP,lpdp,,,,,,
2026-08-04T11:27:41.298589+00:00,20260804-112741,https://trends24.in/indonesia/,Tue Aug 04 2026 07:42:34 GMT+0000 (Coordinated Universal Time),30,LOVE TO SERVE 2ND EP,love to serve 2nd ep,,,,,,
2026-08-04T11:27:41.298589+00:00,20260804-112741,https://trends24.in/indonesia/,Tue Aug 04 2026 07:42:34 GMT+0000 (Coordinated Universal Time),31,THE REIGN OF GUNAIYARA,the reign of gunaiyara,,,,,,
2026-08-04T11:27:41.298589+00:00,20260804-112741,https://trends24.in/indonesia/,Tue Aug 04 2026 07:42:34 GMT+0000 (Coordinated Universal Time),32,MINT X PHUWIN LOEWE,mint x phuwin loewe,,,,,,
2026-08-04T11:27:41.298589+00:00,20260804-112741,https://trends24.in/indonesia/,Tue Aug 04 2026 07:42:34 GMT+0000 (Coordinated Universal Time),33,The Grim Lover Q19,the grim lover q19,,,,,,
2026-08-04T11:27:41.298589+00:00,20260804-112741,https://trends24.in/indonesia/,Tue Aug 04 2026 07:42:34 GMT+0000 (Coordinated Universal Time),34,Mengabdi Hingga Pelosok,mengabdi hingga pelosok,,,,,,
2026-08-04T11:27:41.298589+00:00,20260804-112741,https://trends24.in/indonesia/,Tue Aug 04 2026 07:42:34 GMT+0000 (Coordinated Universal Time),35,SODA SODA,soda soda,,,,,,
2026-08-04T11:27:41.298589+00:00,20260804-112741,https://trends24.in/indonesia/,Tue Aug 04 2026 07:42:34 GMT+0000 (Coordinated Universal Time),36,LINGORM PRESENTER SMOOTHE,lingorm presenter smoothe,,,,,,
2026-08-04T11:27:41.298589+00:00,20260804-112741,https://trends24.in/indonesia/,Tue Aug 04 2026 07:42:34 GMT+0000 (Coordinated Universal Time),37,Klok,klok,,,,,,
2026-08-04T11:27:41.298589+00:00,20260804-112741,https://trends24.in/indonesia/,Tue Aug 04 2026 07:42:34 GMT+0000 (Coordinated Universal Time),38,sangat menyesatkan,sangat menyesatkan,,,,,,
2026-08-04T11:27:41.298589+00:00,20260804-112741,https://trends24.in/indonesia/,Tue Aug 04 2026 07:42:34 GMT+0000 (Coordinated Universal Time),39,Untuk Indonesia,untuk indonesia,,,,,,
2026-08-04T11:27:41.298589+00:00,20260804-112741,https://trends24.in/indonesia/,Tue Aug 04 2026 07:42:34 GMT+0000 (Coordinated Universal Time),40,GET WELL SOON SANGHYEON,get well soon sanghyeon,,,,,,
2026-08-04T11:27:41.298589+00:00,20260804-112741,https://trends24.in/indonesia/,Tue Aug 04 2026 07:42:34 GMT+0000 (Coordinated Universal Time),41,Herdman,herdman,,,,,,
2026-08-04T11:27:41.298589+00:00,20260804-112741,https://trends24.in/indonesia/,Tue Aug 04 2026 07:42:34 GMT+0000 (Coordinated Universal Time),42,blingy action plan d2,blingy action plan d2,,,,,,
2026-08-04T11:27:41.298589+00:00,20260804-112741,https://trends24.in/indonesia/,Tue Aug 04 2026 07:42:34 GMT+0000 (Coordinated Universal Time),43,Innalillahi,innalillahi,,,,,,
2026-08-04T11:27:41.298589+00:00,20260804-112741,https://trends24.in/indonesia/,Tue Aug 04 2026 07:42:34 GMT+0000 (Coordinated Universal Time),44,JISUNG FOR DIOR CAPTURE,jisung for dior capture,,,,,,
2026-08-04T11:27:41.298589+00:00,20260804-112741,https://trends24.in/indonesia/,Tue Aug 04 2026 07:42:34 GMT+0000 (Coordinated Universal Time),45,WILLIAM X WOODY,william x woody,,,,,,
2026-08-04T11:27:41.298589+00:00,20260804-112741,https://trends24.in/indonesia/,Tue Aug 04 2026 07:42:34 GMT+0000 (Coordinated Universal Time),46,tablo,tablo,,,,,,
2026-08-04T11:27:41.298589+00:00,20260804-112741,https://trends24.in/indonesia/,Tue Aug 04 2026 07:42:34 GMT+0000 (Coordinated Universal Time),47,Autumn Leaves,autumn leaves,,,,,,
2026-08-04T11:27:41.298589+00:00,20260804-112741,https://trends24.in/indonesia/,Tue Aug 04 2026 07:42:34 GMT+0000 (Coordinated Universal Time),48,Haye,haye,,,,,,
2026-08-04T11:27:41.298589+00:00,20260804-112741,https://trends24.in/indonesia/,Tue Aug 04 2026 07:42:34 GMT+0000 (Coordinated Universal Time),49,Selasa,selasa,,,,,,
2026-08-04T11:27:41.298589+00:00,20260804-112741,https://trends24.in/indonesia/,Tue Aug 04 2026 07:42:34 GMT+0000 (Coordinated Universal Time),50,Raja,raja,,,,,,
2026-08-04T11:27:41.298589+00:00,20260804-112741,https://trends24.in/indonesia/,Tue Aug 04 2026 06:51:34 GMT+0000 (Coordinated Universal Time),1,Pilar Utama Kawasan,pilar utama kawasan,,,,,,
2026-08-04T11:27:41.298589+00:00,20260804-112741,https://trends24.in/indonesia/,Tue Aug 04 2026 06:51:34 GMT+0000 (Coordinated Universal Time),2,PERTHDOMIIA RADIANT GLOW,perthdomiia radiant glow,,,,,,
2026-08-04T11:27:41.298589+00:00,20260804-112741,https://trends24.in/indonesia/,Tue Aug 04 2026 06:51:34 GMT+0000 (Coordinated Universal Time),3,Vietnam,vietnam,,,,,,
2026-08-04T11:27:41.298589+00:00,20260804-112741,https://trends24.in/indonesia/,Tue Aug 04 2026 06:51:34 GMT+0000 (Coordinated Universal Time),4,#FourthConcert,fourthconcert,,,,,,
2026-08-04T11:27:41.298589+00:00,20260804-112741,https://trends24.in/indonesia/,Tue Aug 04 2026 06:51:34 GMT+0000 (Coordinated Universal Time),5,FOURTH 1ST SOLO CONCERT,fourth 1st solo concert,,,,,,
2026-08-04T11:27:41.298589+00:00,20260804-112741,https://trends24.in/indonesia/,Tue Aug 04 2026 06:51:34 GMT+0000 (Coordinated Universal Time),6,mengabdi hingga pelosok,mengabdi hingga pelosok,,,,,,
2026-08-04T11:27:41.298589+00:00,20260804-112741,https://trends24.in/indonesia/,Tue Aug 04 2026 06:51:34 GMT+0000 (Coordinated Universal Time),7,#TimnasDay,timnasday,,,,,,
2026-08-04T11:27:41.298589+00:00,20260804-112741,https://trends24.in/indonesia/,Tue Aug 04 2026 06:51:34 GMT+0000 (Coordinated Universal Time),8,#ã·ãºãã®æãããããªã§ã¦ã¡ãã,ã·ãºãã®æãããããªã§ã¦ã¡ãã,,,,,,
2026-08-04T11:27:41.298589+00:00,20260804-112741,https://trends24.in/indonesia/,Tue Aug 04 2026 06:51:34 GMT+0000 (Coordinated Universal Time),9,BPJS,bpjs,,,,,,
2026-08-04T11:27:41.298589+00:00,20260804-112741,https://trends24.in/indonesia/,Tue Aug 04 2026 06:51:34 GMT+0000 (Coordinated Universal Time),10,#ì¬ëë¥ì´_ì¹ì¹ì¼_ìì¼ì¶íí´ë£,ì¬ëë¥ì´_ì¹ì¹ì¼_ìì¼ì¶íí´ë£,,,,,,
2026-08-04T11:27:41.298589+00:00,20260804-112741,https://trends24.in/indonesia/,Tue Aug 04 2026 06:51:34 GMT+0000 (Coordinated Universal Time),11,#PuppyRyoDay,puppyryoday,,,,,,
2026-08-04T11:27:41.298589+00:00,20260804-112741,https://trends24.in/indonesia/,Tue Aug 04 2026 06:51:34 GMT+0000 (Coordinated Universal Time),12,Nadeo,nadeo,,,,,,
2026-08-04T11:27:41.298589+00:00,20260804-112741,https://trends24.in/indonesia/,Tue Aug 04 2026 06:51:34 GMT+0000 (Coordinated Universal Time),13,terdepan laksanakan pengabdian,terdepan laksanakan pengabdian,,,,,,
2026-08-04T11:27:41.298589+00:00,20260804-112741,https://trends24.in/indonesia/,Tue Aug 04 2026 06:51:34 GMT+0000 (Coordinated Universal Time),14,PSD MOGULARRIVAL FS26,psd mogularrival fs26,,,,,,
2026-08-04T11:27:41.298589+00:00,20260804-112741,https://trends24.in/indonesia/,Tue Aug 04 2026 06:51:34 GMT+0000 (Coordinated Universal Time),15,lawan provokasi buzzer,lawan provokasi buzzer,,,,,,
2026-08-04T11:27:41.298589+00:00,20260804-112741,https://trends24.in/indonesia/,Tue Aug 04 2026 06:51:34 GMT+0000 (Coordinated Universal Time),16,Kimpul,kimpul,,,,,,
2026-08-04T11:27:41.298589+00:00,20260804-112741,https://trends24.in/indonesia/,Tue Aug 04 2026 06:51:34 GMT+0000 (Coordinated Universal Time),17,RESPECT JUHOON'S RIGHTS,respect juhoon's rights,,,,,,
2026-08-04T11:27:41.298589+00:00,20260804-112741,https://trends24.in/indonesia/,Tue Aug 04 2026 06:51:34 GMT+0000 (Coordinated Universal Time),18,Singapura,singapura,,,,,,
2026-08-04T11:27:41.298589+00:00,20260804-112741,https://trends24.in/indonesia/,Tue Aug 04 2026 06:51:34 GMT+0000 (Coordinated Universal Time),19,solusi rumah rakyat terjangkau,solusi rumah rakyat terjangkau,,,,,,
2026-08-04T11:27:41.298589+00:00,20260804-112741,https://trends24.in/indonesia/,Tue Aug 04 2026 06:51:34 GMT+0000 (Coordinated Universal Time),20,Ridho,ridho,,,,,,
2026-08-04T11:27:41.298589+00:00,20260804-112741,https://trends24.in/indonesia/,Tue Aug 04 2026 06:51:34 GMT+0000 (Coordinated Universal Time),21,Protes Pemadaman Listrik,protes pemadaman listrik,,,,,,
2026-08-04T11:27:41.298589+00:00,20260804-112741,https://trends24.in/indonesia/,Tue Aug 04 2026 06:51:34 GMT+0000 (Coordinated Universal Time),22,galaxy a27 5g,galaxy a27 5g,,,,,,
2026-08-04T11:27:41.298589+00:00,20260804-112741,https://trends24.in/indonesia/,Tue Aug 04 2026 06:51:34 GMT+0000 (Coordinated Universal Time),23,Robert,robert,,,,,,
2026-08-04T11:27:41.298589+00:00,20260804-112741,https://trends24.in/indonesia/,Tue Aug 04 2026 06:51:34 GMT+0000 (Coordinated Universal Time),24,Jordi,jordi,,,,,,
2026-08-04T11:27:41.298589+00:00,20260804-112741,https://trends24.in/indonesia/,Tue Aug 04 2026 06:51:34 GMT+0000 (Coordinated Universal Time),25,Nguyen,nguyen,,,,,,
2026-08-04T11:27:41.298589+00:00,20260804-112741,https://trends24.in/indonesia/,Tue Aug 04 2026 06:51:34 GMT+0000 (Coordinated Universal Time),26,Senin,senin,,,,,,
2026-08-04T11:27:41.298589+00:00,20260804-112741,https://trends24.in/indonesia/,Tue Aug 04 2026 06:51:34 GMT+0000 (Coordinated Universal Time),27,Turut,turut,,,,,,
2026-08-04T11:27:41.298589+00:00,20260804-112741,https://trends24.in/indonesia/,Tue Aug 04 2026 06:51:34 GMT+0000 (Coordinated Universal Time),28,SWITCHBLADE MV OUT NOW,switchblade mv out now,,,,,,
2026-08-04T11:27:41.298589+00:00,20260804-112741,https://trends24.in/indonesia/,Tue Aug 04 2026 06:51:34 GMT+0000 (Coordinated Universal Time),29,D. AI Direct DriveTM,d. ai direct drivetm,,,,,,
2026-08-04T11:27:41.298589+00:00,20260804-112741,https://trends24.in/indonesia/,Tue Aug 04 2026 06:51:34 GMT+0000 (Coordinated Universal Time),30,Pesan Menag,pesan menag,,,,,,
2026-08-04T11:27:41.298589+00:00,20260804-112741,https://trends24.in/indonesia/,Tue Aug 04 2026 06:51:34 GMT+0000 (Coordinated Universal Time),31,OH MY FOURTH,oh my fourth,,,,,,
2026-08-04T11:27:41.298589+00:00,20260804-112741,https://trends24.in/indonesia/,Tue Aug 04 2026 06:51:34 GMT+0000 (Coordinated Universal Time),32,MINT X PHUWIN LOEWE,mint x phuwin loewe,,,,,,
2026-08-04T11:27:41.298589+00:00,20260804-112741,https://trends24.in/indonesia/,Tue Aug 04 2026 06:51:34 GMT+0000 (Coordinated Universal Time),33,LPDP,lpdp,,,,,,
2026-08-04T11:27:41.298589+00:00,20260804-112741,https://trends24.in/indonesia/,Tue Aug 04 2026 06:51:34 GMT+0000 (Coordinated Universal Time),34,THE REIGN OF GUNAIYARA,the reign of gunaiyara,,,,,,
2026-08-04T11:27:41.298589+00:00,20260804-112741,https://trends24.in/indonesia/,Tue Aug 04 2026 06:51:34 GMT+0000 (Coordinated Universal Time),35,LOVE TO SERVE 2ND EP,love to serve 2nd ep,,,,,,
2026-08-04T11:27:41.298589+00:00,20260804-112741,https://trends24.in/indonesia/,Tue Aug 04 2026 06:51:34 GMT+0000 (Coordinated Universal Time),36,Selasa,selasa,,,,,,
2026-08-04T11:27:41.298589+00:00,20260804-112741,https://trends24.in/indonesia/,Tue Aug 04 2026 06:51:34 GMT+0000 (Coordinated Universal Time),37,Bu Susi,bu susi,,,,,,
2026-08-04T11:27:41.298589+00:00,20260804-112741,https://trends24.in/indonesia/,Tue Aug 04 2026 06:51:34 GMT+0000 (Coordinated Universal Time),38,GET WELL SOON SANGHYEON,get well soon sanghyeon,,,,,,
2026-08-04T11:27:41.298589+00:00,20260804-112741,https://trends24.in/indonesia/,Tue Aug 04 2026 06:51:34 GMT+0000 (Coordinated Universal Time),39,Anda Menang Kami Senang,anda menang kami senang,,,,,,
2026-08-04T11:27:41.298589+00:00,20260804-112741,https://trends24.in/indonesia/,Tue Aug 04 2026 06:51:34 GMT+0000 (Coordinated Universal Time),40,The Grim Lover Q19,the grim lover q19,,,,,,
2026-08-04T11:27:41.298589+00:00,20260804-112741,https://trends24.in/indonesia/,Tue Aug 04 2026 06:51:34 GMT+0000 (Coordinated Universal Time),41,SODA SODA,soda soda,,,,,,
2026-08-04T11:27:41.298589+00:00,20260804-112741,https://trends24.in/indonesia/,Tue Aug 04 2026 06:51:34 GMT+0000 (Coordinated Universal Time),42,LINGORM PRESENTER SMOOTHE,lingorm presenter smoothe,,,,,,
2026-08-04T11:27:41.298589+00:00,20260804-112741,https://trends24.in/indonesia/,Tue Aug 04 2026 06:51:34 GMT+0000 (Coordinated Universal Time),43,Klok,klok,,,,,,
2026-08-04T11:27:41.298589+00:00,20260804-112741,https://trends24.in/indonesia/,Tue Aug 04 2026 06:51:34 GMT+0000 (Coordinated Universal Time),44,Siang,siang,,,,,,
2026-08-04T11:27:41.298589+00:00,20260804-112741,https://trends24.in/indonesia/,Tue Aug 04 2026 06:51:34 GMT+0000 (Coordinated Universal Time),45,Autumn Leaves,autumn leaves,,,,,,
2026-08-04T11:27:41.298589+00:00,20260804-112741,https://trends24.in/indonesia/,Tue Aug 04 2026 06:51:34 GMT+0000 (Coordinated Universal Time),46,tablo,tablo,,,,,,
2026-08-04T11:27:41.298589+00:00,20260804-112741,https://trends24.in/indonesia/,Tue Aug 04 2026 06:51:34 GMT+0000 (Coordinated Universal Time),47,Untuk Indonesia,untuk indonesia,,,,,,
2026-08-04T11:27:41.298589+00:00,20260804-112741,https://trends24.in/indonesia/,Tue Aug 04 2026 06:51:34 GMT+0000 (Coordinated Universal Time),48,sangat menyesatkan,sangat menyesatkan,,,,,,
2026-08-04T11:27:41.298589+00:00,20260804-112741,https://trends24.in/indonesia/,Tue Aug 04 2026 06:51:34 GMT+0000 (Coordinated Universal Time),49,Herdman,herdman,,,,,,
2026-08-04T11:27:41.298589+00:00,20260804-112741,https://trends24.in/indonesia/,Tue Aug 04 2026 06:51:34 GMT+0000 (Coordinated Universal Time),50,Blingy Action Plan D2,blingy action plan d2,,,,,,
2026-08-04T11:27:41.298589+00:00,20260804-112741,https://trends24.in/indonesia/,Tue Aug 04 2026 05:57:43 GMT+0000 (Coordinated Universal Time),1,PERTHDOMIIA RADIANT GLOW,perthdomiia radiant glow,,,,,,
2026-08-04T11:27:41.298589+00:00,20260804-112741,https://trends24.in/indonesia/,Tue Aug 04 2026 05:57:43 GMT+0000 (Coordinated Universal Time),2,#FourthConcert,fourthconcert,,,,,,
2026-08-04T11:27:41.298589+00:00,20260804-112741,https://trends24.in/indonesia/,Tue Aug 04 2026 05:57:43 GMT+0000 (Coordinated Universal Time),3,Vietnam,vietnam,,,,,,
2026-08-04T11:27:41.298589+00:00,20260804-112741,https://trends24.in/indonesia/,Tue Aug 04 2026 05:57:43 GMT+0000 (Coordinated Universal Time),4,FOURTH 1ST SOLO CONCERT,fourth 1st solo concert,,,,,,
2026-08-04T11:27:41.298589+00:00,20260804-112741,https://trends24.in/indonesia/,Tue Aug 04 2026 05:57:43 GMT+0000 (Coordinated Universal Time),5,#TimnasDay,timnasday,,,,,,
2026-08-04T11:27:41.298589+00:00,20260804-112741,https://trends24.in/indonesia/,Tue Aug 04 2026 05:57:43 GMT+0000 (Coordinated Universal Time),6,mengabdi hingga pelosok,mengabdi hingga pelosok,,,,,,
2026-08-04T11:27:41.298589+00:00,20260804-112741,https://trends24.in/indonesia/,Tue Aug 04 2026 05:57:43 GMT+0000 (Coordinated Universal Time),7,#ã·ãºãã®æãããããªã§ã¦ã¡ãã,ã·ãºãã®æãããããªã§ã¦ã¡ãã,,,,,,
2026-08-04T11:27:41.298589+00:00,20260804-112741,https://trends24.in/indonesia/,Tue Aug 04 2026 05:57:43 GMT+0000 (Coordinated Universal Time),8,#ì¬ëë¥ì´_ì¹ì¹ì¼_ìì¼ì¶íí´ë£,ì¬ëë¥ì´_ì¹ì¹ì¼_ìì¼ì¶íí´ë£,,,,,,
2026-08-04T11:27:41.298589+00:00,20260804-112741,https://trends24.in/indonesia/,Tue Aug 04 2026 05:57:43 GMT+0000 (Coordinated Universal Time),9,#PuppyRyoDay,puppyryoday,,,,,,
2026-08-04T11:27:41.298589+00:00,20260804-112741,https://trends24.in/indonesia/,Tue Aug 04 2026 05:57:43 GMT+0000 (Coordinated Universal Time),10,Nadeo,nadeo,,,,,,
2026-08-04T11:27:41.298589+00:00,20260804-112741,https://trends24.in/indonesia/,Tue Aug 04 2026 05:57:43 GMT+0000 (Coordinated Universal Time),11,terdepan laksanakan pengabdian,terdepan laksanakan pengabdian,,,,,,
2026-08-04T11:27:41.298589+00:00,20260804-112741,https://trends24.in/indonesia/,Tue Aug 04 2026 05:57:43 GMT+0000 (Coordinated Universal Time),12,PSD MOGULARRIVAL FS26,psd mogularrival fs26,,,,,,
2026-08-04T11:27:41.298589+00:00,20260804-112741,https://trends24.in/indonesia/,Tue Aug 04 2026 05:57:43 GMT+0000 (Coordinated Universal Time),13,Kimpul,kimpul,,,,,,
2026-08-04T11:27:41.298589+00:00,20260804-112741,https://trends24.in/indonesia/,Tue Aug 04 2026 05:57:43 GMT+0000 (Coordinated Universal Time),14,lawan provokasi buzzer,lawan provokasi buzzer,,,,,,
2026-08-04T11:27:41.298589+00:00,20260804-112741,https://trends24.in/indonesia/,Tue Aug 04 2026 05:57:43 GMT+0000 (Coordinated Universal Time),15,RESPECT JUHOON'S RIGHTS,respect juhoon's rights,,,,,,
2026-08-04T11:27:41.298589+00:00,20260804-112741,https://trends24.in/indonesia/,Tue Aug 04 2026 05:57:43 GMT+0000 (Coordinated Universal Time),16,Singapura,singapura,,,,,,
2026-08-04T11:27:41.298589+00:00,20260804-112741,https://trends24.in/indonesia/,Tue Aug 04 2026 05:57:43 GMT+0000 (Coordinated Universal Time),17,BPJS,bpjs,,,,,,
2026-08-04T11:27:41.298589+00:00,20260804-112741,https://trends24.in/indonesia/,Tue Aug 04 2026 05:57:43 GMT+0000 (Coordinated Universal Time),18,solusi rumah rakyat terjangkau,solusi rumah rakyat terjangkau,,,,,,
2026-08-04T11:27:41.298589+00:00,20260804-112741,https://trends24.in/indonesia/,Tue Aug 04 2026 05:57:43 GMT+0000 (Coordinated Universal Time),19,MINT X PHUWIN LOEWE,mint x phuwin loewe,,,,,,
2026-08-04T11:27:41.298589+00:00,20260804-112741,https://trends24.in/indonesia/,Tue Aug 04 2026 05:57:43 GMT+0000 (Coordinated Universal Time),20,Ridho,ridho,,,,,,
2026-08-04T11:27:41.298589+00:00,20260804-112741,https://trends24.in/indonesia/,Tue Aug 04 2026 05:57:43 GMT+0000 (Coordinated Universal Time),21,Protes Pemadaman Listrik,protes pemadaman listrik,,,,,,
2026-08-04T11:27:41.298589+00:00,20260804-112741,https://trends24.in/indonesia/,Tue Aug 04 2026 05:57:43 GMT+0000 (Coordinated Universal Time),22,galaxy a27 5g,galaxy a27 5g,,,,,,
2026-08-04T11:27:41.298589+00:00,20260804-112741,https://trends24.in/indonesia/,Tue Aug 04 2026 05:57:43 GMT+0000 (Coordinated Universal Time),23,Senin,senin,,,,,,
2026-08-04T11:27:41.298589+00:00,20260804-112741,https://trends24.in/indonesia/,Tue Aug 04 2026 05:57:43 GMT+0000 (Coordinated Universal Time),24,Jordi,jordi,,,,,,
2026-08-04T11:27:41.298589+00:00,20260804-112741,https://trends24.in/indonesia/,Tue Aug 04 2026 05:57:43 GMT+0000 (Coordinated Universal Time),25,Nguyen,nguyen,,,,,,
2026-08-04T11:27:41.298589+00:00,20260804-112741,https://trends24.in/indonesia/,Tue Aug 04 2026 05:57:43 GMT+0000 (Coordinated Universal Time),26,Robert,robert,,,,,,
2026-08-04T11:27:41.298589+00:00,20260804-112741,https://trends24.in/indonesia/,Tue Aug 04 2026 05:57:43 GMT+0000 (Coordinated Universal Time),27,OH MY FOURTH,oh my fourth,,,,,,
2026-08-04T11:27:41.298589+00:00,20260804-112741,https://trends24.in/indonesia/,Tue Aug 04 2026 05:57:43 GMT+0000 (Coordinated Universal Time),28,Turut,turut,,,,,,
2026-08-04T11:27:41.298589+00:00,20260804-112741,https://trends24.in/indonesia/,Tue Aug 04 2026 05:57:43 GMT+0000 (Coordinated Universal Time),29,SWITCHBLADE MV OUT NOW,switchblade mv out now,,,,,,
2026-08-04T11:27:41.298589+00:00,20260804-112741,https://trends24.in/indonesia/,Tue Aug 04 2026 05:57:43 GMT+0000 (Coordinated Universal Time),30,Pesan Menag,pesan menag,,,,,,
2026-08-04T11:27:41.298589+00:00,20260804-112741,https://trends24.in/indonesia/,Tue Aug 04 2026 05:57:43 GMT+0000 (Coordinated Universal Time),31,GET WELL SOON SANGHYEON,get well soon sanghyeon,,,,,,
2026-08-04T11:27:41.298589+00:00,20260804-112741,https://trends24.in/indonesia/,Tue Aug 04 2026 05:57:43 GMT+0000 (Coordinated Universal Time),32,THE REIGN OF GUNAIYARA,the reign of gunaiyara,,,,,,
2026-08-04T11:27:41.298589+00:00,20260804-112741,https://trends24.in/indonesia/,Tue Aug 04 2026 05:57:43 GMT+0000 (Coordinated Universal Time),33,Bu Susi,bu susi,,,,,,
2026-08-04T11:27:41.298589+00:00,20260804-112741,https://trends24.in/indonesia/,Tue Aug 04 2026 05:57:43 GMT+0000 (Coordinated Universal Time),34,LOVE TO SERVE 2ND EP,love to serve 2nd ep,,,,,,
2026-08-04T11:27:41.298589+00:00,20260804-112741,https://trends24.in/indonesia/,Tue Aug 04 2026 05:57:43 GMT+0000 (Coordinated Universal Time),35,Selasa,selasa,,,,,,
2026-08-04T11:27:41.298589+00:00,20260804-112741,https://trends24.in/indonesia/,Tue Aug 04 2026 05:57:43 GMT+0000 (Coordinated Universal Time),36,tablo,tablo,,,,,,
2026-08-04T11:27:41.298589+00:00,20260804-112741,https://trends24.in/indonesia/,Tue Aug 04 2026 05:57:43 GMT+0000 (Coordinated Universal Time),37,Klok,klok,,,,,,
2026-08-04T11:27:41.298589+00:00,20260804-112741,https://trends24.in/indonesia/,Tue Aug 04 2026 05:57:43 GMT+0000 (Coordinated Universal Time),38,SODA SODA,soda soda,,,,,,
2026-08-04T11:27:41.298589+00:00,20260804-112741,https://trends24.in/indonesia/,Tue Aug 04 2026 05:57:43 GMT+0000 (Coordinated Universal Time),39,Herdman,herdman,,,,,,
2026-08-04T11:27:41.298589+00:00,20260804-112741,https://trends24.in/indonesia/,Tue Aug 04 2026 05:57:43 GMT+0000 (Coordinated Universal Time),40,LPDP,lpdp,,,,,,
2026-08-04T11:27:41.298589+00:00,20260804-112741,https://trends24.in/indonesia/,Tue Aug 04 2026 05:57:43 GMT+0000 (Coordinated Universal Time),41,The Grim Lover Q19,the grim lover q19,,,,,,
2026-08-04T11:27:41.298589+00:00,20260804-112741,https://trends24.in/indonesia/,Tue Aug 04 2026 05:57:43 GMT+0000 (Coordinated Universal Time),42,JISUNG FOR DIOR CAPTURE,jisung for dior capture,,,,,,
2026-08-04T11:27:41.298589+00:00,20260804-112741,https://trends24.in/indonesia/,Tue Aug 04 2026 05:57:43 GMT+0000 (Coordinated Universal Time),43,LINGORM PRESENTER SMOOTHE,lingorm presenter smoothe,,,,,,
2026-08-04T11:27:41.298589+00:00,20260804-112741,https://trends24.in/indonesia/,Tue Aug 04 2026 05:57:43 GMT+0000 (Coordinated Universal Time),44,Autumn Leaves,autumn leaves,,,,,,
2026-08-04T11:27:41.298589+00:00,20260804-112741,https://trends24.in/indonesia/,Tue Aug 04 2026 05:57:43 GMT+0000 (Coordinated Universal Time),45,sangat menyesatkan,sangat menyesatkan,,,,,,
2026-08-04T11:27:41.298589+00:00,20260804-112741,https://trends24.in/indonesia/,Tue Aug 04 2026 05:57:43 GMT+0000 (Coordinated Universal Time),46,D. AI Direct DriveTM,d. ai direct drivetm,,,,,,
2026-08-04T11:27:41.298589+00:00,20260804-112741,https://trends24.in/indonesia/,Tue Aug 04 2026 05:57:43 GMT+0000 (Coordinated Universal Time),47,WILLIAM X WOODY,william x woody,,,,,,
2026-08-04T11:27:41.298589+00:00,20260804-112741,https://trends24.in/indonesia/,Tue Aug 04 2026 05:57:43 GMT+0000 (Coordinated Universal Time),48,Blingy Action Plan D2,blingy action plan d2,,,,,,
2026-08-04T11:27:41.298589+00:00,20260804-112741,https://trends24.in/indonesia/,Tue Aug 04 2026 05:57:43 GMT+0000 (Coordinated Universal Time),49,Haye,haye,,,,,,
2026-08-04T11:27:41.298589+00:00,20260804-112741,https://trends24.in/indonesia/,Tue Aug 04 2026 05:57:43 GMT+0000 (Coordinated Universal Time),50,Kiper,kiper,,,,,,
2026-08-04T11:27:41.298589+00:00,20260804-112741,https://trends24.in/indonesia/,Tue Aug 04 2026 05:06:43 GMT+0000 (Coordinated Universal Time),1,Vietnam,vietnam,,,,,,
2026-08-04T11:27:41.298589+00:00,20260804-112741,https://trends24.in/indonesia/,Tue Aug 04 2026 05:06:43 GMT+0000 (Coordinated Universal Time),2,mengabdi hingga pelosok,mengabdi hingga pelosok,,,,,,
2026-08-04T11:27:41.298589+00:00,20260804-112741,https://trends24.in/indonesia/,Tue Aug 04 2026 05:06:43 GMT+0000 (Coordinated Universal Time),3,PERTHDOMIIA RADIANT GLOW,perthdomiia radiant glow,,,,,,
2026-08-04T11:27:41.298589+00:00,20260804-112741,https://trends24.in/indonesia/,Tue Aug 04 2026 05:06:43 GMT+0000 (Coordinated Universal Time),4,#ã·ãºãã®æãããããªã§ã¦ã¡ãã,ã·ãºãã®æãããããªã§ã¦ã¡ãã,,,,,,
2026-08-04T11:27:41.298589+00:00,20260804-112741,https://trends24.in/indonesia/,Tue Aug 04 2026 05:06:43 GMT+0000 (Coordinated Universal Time),5,#ì¬ëë¥ì´_ì¹ì¹ì¼_ìì¼ì¶íí´ë£,ì¬ëë¥ì´_ì¹ì¹ì¼_ìì¼ì¶íí´ë£,,,,,,
2026-08-04T11:27:41.298589+00:00,20260804-112741,https://trends24.in/indonesia/,Tue Aug 04 2026 05:06:43 GMT+0000 (Coordinated Universal Time),6,#PuppyRyoDay,puppyryoday,,,,,,
2026-08-04T11:27:41.298589+00:00,20260804-112741,https://trends24.in/indonesia/,Tue Aug 04 2026 05:06:43 GMT+0000 (Coordinated Universal Time),7,Nadeo,nadeo,,,,,,
2026-08-04T11:27:41.298589+00:00,20260804-112741,https://trends24.in/indonesia/,Tue Aug 04 2026 05:06:43 GMT+0000 (Coordinated Universal Time),8,terdepan laksanakan pengabdian,terdepan laksanakan pengabdian,,,,,,
2026-08-04T11:27:41.298589+00:00,20260804-112741,https://trends24.in/indonesia/,Tue Aug 04 2026 05:06:43 GMT+0000 (Coordinated Universal Time),9,#PHUWINxMintMagTH,phuwinxmintmagth,,,,,,
2026-08-04T11:27:41.298589+00:00,20260804-112741,https://trends24.in/indonesia/,Tue Aug 04 2026 05:06:43 GMT+0000 (Coordinated Universal Time),10,#promoawesomea27,promoawesomea27,,,,,,
2026-08-04T11:27:41.298589+00:00,20260804-112741,https://trends24.in/indonesia/,Tue Aug 04 2026 05:06:43 GMT+0000 (Coordinated Universal Time),11,MINT X PHUWIN LOEWE,mint x phuwin loewe,,,,,,
2026-08-04T11:27:41.298589+00:00,20260804-112741,https://trends24.in/indonesia/,Tue Aug 04 2026 05:06:43 GMT+0000 (Coordinated Universal Time),12,Kimpul,kimpul,,,,,,
2026-08-04T11:27:41.298589+00:00,20260804-112741,https://trends24.in/indonesia/,Tue Aug 04 2026 05:06:43 GMT+0000 (Coordinated Universal Time),13,PSD MOGULARRIVAL FS26,psd mogularrival fs26,,,,,,
2026-08-04T11:27:41.298589+00:00,20260804-112741,https://trends24.in/indonesia/,Tue Aug 04 2026 05:06:43 GMT+0000 (Coordinated Universal Time),14,lawan provokasi buzzer,lawan provokasi buzzer,,,,,,
2026-08-04T11:27:41.298589+00:00,20260804-112741,https://trends24.in/indonesia/,Tue Aug 04 2026 05:06:43 GMT+0000 (Coordinated Universal Time),15,RESPECT JUHOON'S RIGHTS,respect juhoon's rights,,,,,,
2026-08-04T11:27:41.298589+00:00,20260804-112741,https://trends24.in/indonesia/,Tue Aug 04 2026 05:06:43 GMT+0000 (Coordinated Universal Time),16,SWITCHBLADE MV OUT NOW,switchblade mv out now,,,,,,
2026-08-04T11:27:41.298589+00:00,20260804-112741,https://trends24.in/indonesia/,Tue Aug 04 2026 05:06:43 GMT+0000 (Coordinated Universal Time),17,Singapura,singapura,,,,,,
2026-08-04T11:27:41.298589+00:00,20260804-112741,https://trends24.in/indonesia/,Tue Aug 04 2026 05:06:43 GMT+0000 (Coordinated Universal Time),18,THE REIGN OF GUNAIYARA,the reign of gunaiyara,,,,,,
2026-08-04T11:27:41.298589+00:00,20260804-112741,https://trends24.in/indonesia/,Tue Aug 04 2026 05:06:43 GMT+0000 (Coordinated Universal Time),19,solusi rumah rakyat terjangkau,solusi rumah rakyat terjangkau,,,,,,
2026-08-04T11:27:41.298589+00:00,20260804-112741,https://trends24.in/indonesia/,Tue Aug 04 2026 05:06:43 GMT+0000 (Coordinated Universal Time),20,Senin,senin,,,,,,
2026-08-04T11:27:41.298589+00:00,20260804-112741,https://trends24.in/indonesia/,Tue Aug 04 2026 05:06:43 GMT+0000 (Coordinated Universal Time),21,Ridho,ridho,,,,,,
2026-08-04T11:27:41.298589+00:00,20260804-112741,https://trends24.in/indonesia/,Tue Aug 04 2026 05:06:43 GMT+0000 (Coordinated Universal Time),22,Protes Pemadaman Listrik,protes pemadaman listrik,,,,,,
2026-08-04T11:27:41.298589+00:00,20260804-112741,https://trends24.in/indonesia/,Tue Aug 04 2026 05:06:43 GMT+0000 (Coordinated Universal Time),23,BPJS,bpjs,,,,,,
2026-08-04T11:27:41.298589+00:00,20260804-112741,https://trends24.in/indonesia/,Tue Aug 04 2026 05:06:43 GMT+0000 (Coordinated Universal Time),24,galaxy a27 5g,galaxy a27 5g,,,,,,
2026-08-04T11:27:41.298589+00:00,20260804-112741,https://trends24.in/indonesia/,Tue Aug 04 2026 05:06:43 GMT+0000 (Coordinated Universal Time),25,Jordi,jordi,,,,,,
2026-08-04T11:27:41.298589+00:00,20260804-112741,https://trends24.in/indonesia/,Tue Aug 04 2026 05:06:43 GMT+0000 (Coordinated Universal Time),26,GET WELL SOON SANGHYEON,get well soon sanghyeon,,,,,,
2026-08-04T11:27:41.298589+00:00,20260804-112741,https://trends24.in/indonesia/,Tue Aug 04 2026 05:06:43 GMT+0000 (Coordinated Universal Time),27,Nguyen,nguyen,,,,,,
2026-08-04T11:27:41.298589+00:00,20260804-112741,https://trends24.in/indonesia/,Tue Aug 04 2026 05:06:43 GMT+0000 (Coordinated Universal Time),28,Turut,turut,,,,,,
2026-08-04T11:27:41.298589+00:00,20260804-112741,https://trends24.in/indonesia/,Tue Aug 04 2026 05:06:43 GMT+0000 (Coordinated Universal Time),29,Robert,robert,,,,,,
2026-08-04T11:27:41.298589+00:00,20260804-112741,https://trends24.in/indonesia/,Tue Aug 04 2026 05:06:43 GMT+0000 (Coordinated Universal Time),30,Pesan Menag,pesan menag,,,,,,
2026-08-04T11:27:41.298589+00:00,20260804-112741,https://trends24.in/indonesia/,Tue Aug 04 2026 05:06:43 GMT+0000 (Coordinated Universal Time),31,tablo,tablo,,,,,,
2026-08-04T11:27:41.298589+00:00,20260804-112741,https://trends24.in/indonesia/,Tue Aug 04 2026 05:06:43 GMT+0000 (Coordinated Universal Time),32,Selasa,selasa,,,,,,
2026-08-04T11:27:41.298589+00:00,20260804-112741,https://trends24.in/indonesia/,Tue Aug 04 2026 05:06:43 GMT+0000 (Coordinated Universal Time),33,The Grim Lover Q19,the grim lover q19,,,,,,
2026-08-04T11:27:41.298589+00:00,20260804-112741,https://trends24.in/indonesia/,Tue Aug 04 2026 05:06:43 GMT+0000 (Coordinated Universal Time),34,LOVE TO SERVE 2ND EP,love to serve 2nd ep,,,,,,
2026-08-04T11:27:41.298589+00:00,20260804-112741,https://trends24.in/indonesia/,Tue Aug 04 2026 05:06:43 GMT+0000 (Coordinated Universal Time),35,APBD,apbd,,,,,,
2026-08-04T11:27:41.298589+00:00,20260804-112741,https://trends24.in/indonesia/,Tue Aug 04 2026 05:06:43 GMT+0000 (Coordinated Universal Time),36,AppStore,appstore,,,,,,
2026-08-04T11:27:41.298589+00:00,20260804-112741,https://trends24.in/indonesia/,Tue Aug 04 2026 05:06:43 GMT+0000 (Coordinated Universal Time),37,Klok,klok,,,,,,
2026-08-04T11:27:41.298589+00:00,20260804-112741,https://trends24.in/indonesia/,Tue Aug 04 2026 05:06:43 GMT+0000 (Coordinated Universal Time),38,Telegram,telegram,,,,,,
2026-08-04T11:27:41.298589+00:00,20260804-112741,https://trends24.in/indonesia/,Tue Aug 04 2026 05:06:43 GMT+0000 (Coordinated Universal Time),39,JISUNG FOR DIOR CAPTURE,jisung for dior capture,,,,,,
2026-08-04T11:27:41.298589+00:00,20260804-112741,https://trends24.in/indonesia/,Tue Aug 04 2026 05:06:43 GMT+0000 (Coordinated Universal Time),40,SODA SODA,soda soda,,,,,,
2026-08-04T11:27:41.298589+00:00,20260804-112741,https://trends24.in/indonesia/,Tue Aug 04 2026 05:06:43 GMT+0000 (Coordinated Universal Time),41,Herdman,herdman,,,,,,
2026-08-04T11:27:41.298589+00:00,20260804-112741,https://trends24.in/indonesia/,Tue Aug 04 2026 05:06:43 GMT+0000 (Coordinated Universal Time),42,LINGORM PRESENTER SMOOTHE,lingorm presenter smoothe,,,,,,
2026-08-04T11:27:41.298589+00:00,20260804-112741,https://trends24.in/indonesia/,Tue Aug 04 2026 05:06:43 GMT+0000 (Coordinated Universal Time),43,Autumn Leaves,autumn leaves,,,,,,
2026-08-04T11:27:41.298589+00:00,20260804-112741,https://trends24.in/indonesia/,Tue Aug 04 2026 05:06:43 GMT+0000 (Coordinated Universal Time),44,WILLIAM X WOODY,william x woody,,,,,,
2026-08-04T11:27:41.298589+00:00,20260804-112741,https://trends24.in/indonesia/,Tue Aug 04 2026 05:06:43 GMT+0000 (Coordinated Universal Time),45,sangat menyesatkan,sangat menyesatkan,,,,,,
2026-08-04T11:27:41.298589+00:00,20260804-112741,https://trends24.in/indonesia/,Tue Aug 04 2026 05:06:43 GMT+0000 (Coordinated Universal Time),46,Bu Susi,bu susi,,,,,,
2026-08-04T11:27:41.298589+00:00,20260804-112741,https://trends24.in/indonesia/,Tue Aug 04 2026 05:06:43 GMT+0000 (Coordinated Universal Time),47,Blingy Action Plan D2,blingy action plan d2,,,,,,
2026-08-04T11:27:41.298589+00:00,20260804-112741,https://trends24.in/indonesia/,Tue Aug 04 2026 05:06:43 GMT+0000 (Coordinated Universal Time),48,Haye,haye,,,,,,
2026-08-04T11:27:41.298589+00:00,20260804-112741,https://trends24.in/indonesia/,Tue Aug 04 2026 05:06:43 GMT+0000 (Coordinated Universal Time),49,Red Velvet,red velvet,,,,,,
2026-08-04T11:27:41.298589+00:00,20260804-112741,https://trends24.in/indonesia/,Tue Aug 04 2026 05:06:43 GMT+0000 (Coordinated Universal Time),50,Pagii,pagii,,,,,,
2026-08-04T11:27:41.298589+00:00,20260804-112741,https://trends24.in/indonesia/,Tue Aug 04 2026 04:15:20 GMT+0000 (Coordinated Universal Time),1,Vietnam,vietnam,,,,,,
2026-08-04T11:27:41.298589+00:00,20260804-112741,https://trends24.in/indonesia/,Tue Aug 04 2026 04:15:20 GMT+0000 (Coordinated Universal Time),2,#DemoPeternakAyam,demopeternakayam,,,,,,
2026-08-04T11:27:41.298589+00:00,20260804-112741,https://trends24.in/indonesia/,Tue Aug 04 2026 04:15:20 GMT+0000 (Coordinated Universal Time),3,#KritikTerhadapPLN,kritikterhadappln,,,,,,
2026-08-04T11:27:41.298589+00:00,20260804-112741,https://trends24.in/indonesia/,Tue Aug 04 2026 04:15:20 GMT+0000 (Coordinated Universal Time),4,#DampakPadamListrik,dampakpadamlistrik,,,,,,
2026-08-04T11:27:41.298589+00:00,20260804-112741,https://trends24.in/indonesia/,Tue Aug 04 2026 04:15:20 GMT+0000 (Coordinated Universal Time),5,Protes Pemadaman Listrik,protes pemadaman listrik,,,,,,
2026-08-04T11:27:41.298589+00:00,20260804-112741,https://trends24.in/indonesia/,Tue Aug 04 2026 04:15:20 GMT+0000 (Coordinated Universal Time),6,mengabdi hingga pelosok,mengabdi hingga pelosok,,,,,,
2026-08-04T11:27:41.298589+00:00,20260804-112741,https://trends24.in/indonesia/,Tue Aug 04 2026 04:15:20 GMT+0000 (Coordinated Universal Time),7,THE REIGN OF GUNAIYARA,the reign of gunaiyara,,,,,,
2026-08-04T11:27:41.298589+00:00,20260804-112741,https://trends24.in/indonesia/,Tue Aug 04 2026 04:15:20 GMT+0000 (Coordinated Universal Time),8,#HeartboundSeriesPilot1M,heartboundseriespilot1m,,,,,,
2026-08-04T11:27:41.298589+00:00,20260804-112741,https://trends24.in/indonesia/,Tue Aug 04 2026 04:15:20 GMT+0000 (Coordinated Universal Time),9,#ã·ãºãã®æãããããªã§ã¦ã¡ãã,ã·ãºãã®æãããããªã§ã¦ã¡ãã,,,,,,
2026-08-04T11:27:41.298589+00:00,20260804-112741,https://trends24.in/indonesia/,Tue Aug 04 2026 04:15:20 GMT+0000 (Coordinated Universal Time),10,Nadeo,nadeo,,,,,,
2026-08-04T11:27:41.298589+00:00,20260804-112741,https://trends24.in/indonesia/,Tue Aug 04 2026 04:15:20 GMT+0000 (Coordinated Universal Time),11,terdepan laksanakan pengabdian,terdepan laksanakan pengabdian,,,,,,
2026-08-04T11:27:41.298589+00:00,20260804-112741,https://trends24.in/indonesia/,Tue Aug 04 2026 04:15:20 GMT+0000 (Coordinated Universal Time),12,Kimpul,kimpul,,,,,,
2026-08-04T11:27:41.298589+00:00,20260804-112741,https://trends24.in/indonesia/,Tue Aug 04 2026 04:15:20 GMT+0000 (Coordinated Universal Time),13,PSD MOGULARRIVAL FS26,psd mogularrival fs26,,,,,,
2026-08-04T11:27:41.298589+00:00,20260804-112741,https://trends24.in/indonesia/,Tue Aug 04 2026 04:15:20 GMT+0000 (Coordinated Universal Time),14,lawan provokasi buzzer,lawan provokasi buzzer,,,,,,
2026-08-04T11:27:41.298589+00:00,20260804-112741,https://trends24.in/indonesia/,Tue Aug 04 2026 04:15:20 GMT+0000 (Coordinated Universal Time),15,RESPECT JUHOON'S RIGHTS,respect juhoon's rights,,,,,,
2026-08-04T11:27:41.298589+00:00,20260804-112741,https://trends24.in/indonesia/,Tue Aug 04 2026 04:15:20 GMT+0000 (Coordinated Universal Time),16,Senin,senin,,,,,,
2026-08-04T11:27:41.298589+00:00,20260804-112741,https://trends24.in/indonesia/,Tue Aug 04 2026 04:15:20 GMT+0000 (Coordinated Universal Time),17,Ridho,ridho,,,,,,
2026-08-04T11:27:41.298589+00:00,20260804-112741,https://trends24.in/indonesia/,Tue Aug 04 2026 04:15:20 GMT+0000 (Coordinated Universal Time),18,BPJS,bpjs,,,,,,
2026-08-04T11:27:41.298589+00:00,20260804-112741,https://trends24.in/indonesia/,Tue Aug 04 2026 04:15:20 GMT+0000 (Coordinated Universal Time),19,solusi rumah rakyat terjangkau,solusi rumah rakyat terjangkau,,,,,,
2026-08-04T11:27:41.298589+00:00,20260804-112741,https://trends24.in/indonesia/,Tue Aug 04 2026 04:15:20 GMT+0000 (Coordinated Universal Time),20,Singapura,singapura,,,,,,
2026-08-04T11:27:41.298589+00:00,20260804-112741,https://trends24.in/indonesia/,Tue Aug 04 2026 04:15:20 GMT+0000 (Coordinated Universal Time),21,galaxy a27 5g,galaxy a27 5g,,,,,,
2026-08-04T11:27:41.298589+00:00,20260804-112741,https://trends24.in/indonesia/,Tue Aug 04 2026 04:15:20 GMT+0000 (Coordinated Universal Time),22,MINT X PHUWIN LOEWE,mint x phuwin loewe,,,,,,
2026-08-04T11:27:41.298589+00:00,20260804-112741,https://trends24.in/indonesia/,Tue Aug 04 2026 04:15:20 GMT+0000 (Coordinated Universal Time),23,Nguyen,nguyen,,,,,,
2026-08-04T11:27:41.298589+00:00,20260804-112741,https://trends24.in/indonesia/,Tue Aug 04 2026 04:15:20 GMT+0000 (Coordinated Universal Time),24,Sarapan,sarapan,,,,,,
2026-08-04T11:27:41.298589+00:00,20260804-112741,https://trends24.in/indonesia/,Tue Aug 04 2026 04:15:20 GMT+0000 (Coordinated Universal Time),25,Jordi,jordi,,,,,,
2026-08-04T11:27:41.298589+00:00,20260804-112741,https://trends24.in/indonesia/,Tue Aug 04 2026 04:15:20 GMT+0000 (Coordinated Universal Time),26,GET WELL SOON SANGHYEON,get well soon sanghyeon,,,,,,
2026-08-04T11:27:41.298589+00:00,20260804-112741,https://trends24.in/indonesia/,Tue Aug 04 2026 04:15:20 GMT+0000 (Coordinated Universal Time),27,App Store,app store,,,,,,
2026-08-04T11:27:41.298589+00:00,20260804-112741,https://trends24.in/indonesia/,Tue Aug 04 2026 04:15:20 GMT+0000 (Coordinated Universal Time),28,Pesan Menag,pesan menag,,,,,,
2026-08-04T11:27:41.298589+00:00,20260804-112741,https://trends24.in/indonesia/,Tue Aug 04 2026 04:15:20 GMT+0000 (Coordinated Universal Time),29,Selasa,selasa,,,,,,
2026-08-04T11:27:41.298589+00:00,20260804-112741,https://trends24.in/indonesia/,Tue Aug 04 2026 04:15:20 GMT+0000 (Coordinated Universal Time),30,Pagii,pagii,,,,,,
2026-08-04T11:27:41.298589+00:00,20260804-112741,https://trends24.in/indonesia/,Tue Aug 04 2026 04:15:20 GMT+0000 (Coordinated Universal Time),31,WILLIAM X WOODY,william x woody,,,,,,
2026-08-04T11:27:41.298589+00:00,20260804-112741,https://trends24.in/indonesia/,Tue Aug 04 2026 04:15:20 GMT+0000 (Coordinated Universal Time),32,LOVE TO SERVE 2ND EP,love to serve 2nd ep,,,,,,
2026-08-04T11:27:41.298589+00:00,20260804-112741,https://trends24.in/indonesia/,Tue Aug 04 2026 04:15:20 GMT+0000 (Coordinated Universal Time),33,JISUNG FOR DIOR CAPTURE,jisung for dior capture,,,,,,
2026-08-04T11:27:41.298589+00:00,20260804-112741,https://trends24.in/indonesia/,Tue Aug 04 2026 04:15:20 GMT+0000 (Coordinated Universal Time),34,Telegram,telegram,,,,,,
2026-08-04T11:27:41.298589+00:00,20260804-112741,https://trends24.in/indonesia/,Tue Aug 04 2026 04:15:20 GMT+0000 (Coordinated Universal Time),35,Fulham,fulham,,,,,,
2026-08-04T11:27:41.298589+00:00,20260804-112741,https://trends24.in/indonesia/,Tue Aug 04 2026 04:15:20 GMT+0000 (Coordinated Universal Time),36,aespalooza takes over,aespalooza takes over,,,,,,
2026-08-04T11:27:41.298589+00:00,20260804-112741,https://trends24.in/indonesia/,Tue Aug 04 2026 04:15:20 GMT+0000 (Coordinated Universal Time),37,Klok,klok,,,,,,
2026-08-04T11:27:41.298589+00:00,20260804-112741,https://trends24.in/indonesia/,Tue Aug 04 2026 04:15:20 GMT+0000 (Coordinated Universal Time),38,Herdman,herdman,,,,,,
2026-08-04T11:27:41.298589+00:00,20260804-112741,https://trends24.in/indonesia/,Tue Aug 04 2026 04:15:20 GMT+0000 (Coordinated Universal Time),39,LINGORM PRESENTER SMOOTHE,lingorm presenter smoothe,,,,,,
2026-08-04T11:27:41.298589+00:00,20260804-112741,https://trends24.in/indonesia/,Tue Aug 04 2026 04:15:20 GMT+0000 (Coordinated Universal Time),40,TABLO,tablo,,,,,,
2026-08-04T11:27:41.298589+00:00,20260804-112741,https://trends24.in/indonesia/,Tue Aug 04 2026 04:15:20 GMT+0000 (Coordinated Universal Time),41,SODA SODA,soda soda,,,,,,
2026-08-04T11:27:41.298589+00:00,20260804-112741,https://trends24.in/indonesia/,Tue Aug 04 2026 04:15:20 GMT+0000 (Coordinated Universal Time),42,Haye,haye,,,,,,
2026-08-04T11:27:41.298589+00:00,20260804-112741,https://trends24.in/indonesia/,Tue Aug 04 2026 04:15:20 GMT+0000 (Coordinated Universal Time),43,Autumn Leaves,autumn leaves,,,,,,
2026-08-04T11:27:41.298589+00:00,20260804-112741,https://trends24.in/indonesia/,Tue Aug 04 2026 04:15:20 GMT+0000 (Coordinated Universal Time),44,sangat menyesatkan,sangat menyesatkan,,,,,,
2026-08-04T11:27:41.298589+00:00,20260804-112741,https://trends24.in/indonesia/,Tue Aug 04 2026 04:15:20 GMT+0000 (Coordinated Universal Time),45,Kiper,kiper,,,,,,
2026-08-04T11:27:41.298589+00:00,20260804-112741,https://trends24.in/indonesia/,Tue Aug 04 2026 04:15:20 GMT+0000 (Coordinated Universal Time),46,LOLLAPALOOZA MEETS KARINA,lollapalooza meets karina,,,,,,
2026-08-04T11:27:41.298589+00:00,20260804-112741,https://trends24.in/indonesia/,Tue Aug 04 2026 04:15:20 GMT+0000 (Coordinated Universal Time),47,Blingy Action Plan D2,blingy action plan d2,,,,,,
2026-08-04T11:27:41.298589+00:00,20260804-112741,https://trends24.in/indonesia/,Tue Aug 04 2026 04:15:20 GMT+0000 (Coordinated Universal Time),48,Red Velvet,red velvet,,,,,,
2026-08-04T11:27:41.298589+00:00,20260804-112741,https://trends24.in/indonesia/,Tue Aug 04 2026 04:15:20 GMT+0000 (Coordinated Universal Time),49,Ciwang,ciwang,,,,,,
2026-08-04T11:27:41.298589+00:00,20260804-112741,https://trends24.in/indonesia/,Tue Aug 04 2026 04:15:20 GMT+0000 (Coordinated Universal Time),50,$CATE,$cate,,,,,,
2026-08-04T11:27:41.298589+00:00,20260804-112741,https://trends24.in/indonesia/,Tue Aug 04 2026 03:20:25 GMT+0000 (Coordinated Universal Time),1,Vietnam,vietnam,,,,,,
2026-08-04T11:27:41.298589+00:00,20260804-112741,https://trends24.in/indonesia/,Tue Aug 04 2026 03:20:25 GMT+0000 (Coordinated Universal Time),2,#DemoPeternakAyam,demopeternakayam,,,,,,
2026-08-04T11:27:41.298589+00:00,20260804-112741,https://trends24.in/indonesia/,Tue Aug 04 2026 03:20:25 GMT+0000 (Coordinated Universal Time),3,#KritikTerhadapPLN,kritikterhadappln,,,,,,
2026-08-04T11:27:41.298589+00:00,20260804-112741,https://trends24.in/indonesia/,Tue Aug 04 2026 03:20:25 GMT+0000 (Coordinated Universal Time),4,#DampakPadamListrik,dampakpadamlistrik,,,,,,
2026-08-04T11:27:41.298589+00:00,20260804-112741,https://trends24.in/indonesia/,Tue Aug 04 2026 03:20:25 GMT+0000 (Coordinated Universal Time),5,Protes Pemadaman Listrik,protes pemadaman listrik,,,,,,
2026-08-04T11:27:41.298589+00:00,20260804-112741,https://trends24.in/indonesia/,Tue Aug 04 2026 03:20:25 GMT+0000 (Coordinated Universal Time),6,THE REIGN OF GUNAIYARA,the reign of gunaiyara,,,,,,
2026-08-04T11:27:41.298589+00:00,20260804-112741,https://trends24.in/indonesia/,Tue Aug 04 2026 03:20:25 GMT+0000 (Coordinated Universal Time),7,#HeartboundSeriesPilot1M,heartboundseriespilot1m,,,,,,
2026-08-04T11:27:41.298589+00:00,20260804-112741,https://trends24.in/indonesia/,Tue Aug 04 2026 03:20:25 GMT+0000 (Coordinated Universal Time),8,mengabdi hingga pelosok,mengabdi hingga pelosok,,,,,,
2026-08-04T11:27:41.298589+00:00,20260804-112741,https://trends24.in/indonesia/,Tue Aug 04 2026 03:20:25 GMT+0000 (Coordinated Universal Time),9,#ã·ãºãã®æãããããªã§ã¦ã¡ãã,ã·ãºãã®æãããããªã§ã¦ã¡ãã,,,,,,
2026-08-04T11:27:41.298589+00:00,20260804-112741,https://trends24.in/indonesia/,Tue Aug 04 2026 03:20:25 GMT+0000 (Coordinated Universal Time),10,Nadeo,nadeo,,,,,,
2026-08-04T11:27:41.298589+00:00,20260804-112741,https://trends24.in/indonesia/,Tue Aug 04 2026 03:20:25 GMT+0000 (Coordinated Universal Time),11,terdepan laksanakan pengabdian,terdepan laksanakan pengabdian,,,,,,
2026-08-04T11:27:41.298589+00:00,20260804-112741,https://trends24.in/indonesia/,Tue Aug 04 2026 03:20:25 GMT+0000 (Coordinated Universal Time),12,Kimpul,kimpul,,,,,,
2026-08-04T11:27:41.298589+00:00,20260804-112741,https://trends24.in/indonesia/,Tue Aug 04 2026 03:20:25 GMT+0000 (Coordinated Universal Time),13,PSD MOGULARRIVAL FS26,psd mogularrival fs26,,,,,,
2026-08-04T11:27:41.298589+00:00,20260804-112741,https://trends24.in/indonesia/,Tue Aug 04 2026 03:20:25 GMT+0000 (Coordinated Universal Time),14,lawan provokasi buzzer,lawan provokasi buzzer,,,,,,
2026-08-04T11:27:41.298589+00:00,20260804-112741,https://trends24.in/indonesia/,Tue Aug 04 2026 03:20:25 GMT+0000 (Coordinated Universal Time),15,RESPECT JUHOON'S RIGHTS,respect juhoon's rights,,,,,,
2026-08-04T11:27:41.298589+00:00,20260804-112741,https://trends24.in/indonesia/,Tue Aug 04 2026 03:20:25 GMT+0000 (Coordinated Universal Time),16,Senin,senin,,,,,,
2026-08-04T11:27:41.298589+00:00,20260804-112741,https://trends24.in/indonesia/,Tue Aug 04 2026 03:20:25 GMT+0000 (Coordinated Universal Time),17,Ridho,ridho,,,,,,
2026-08-04T11:27:41.298589+00:00,20260804-112741,https://trends24.in/indonesia/,Tue Aug 04 2026 03:20:25 GMT+0000 (Coordinated Universal Time),18,solusi rumah rakyat terjangkau,solusi rumah rakyat terjangkau,,,,,,
2026-08-04T11:27:41.298589+00:00,20260804-112741,https://trends24.in/indonesia/,Tue Aug 04 2026 03:20:25 GMT+0000 (Coordinated Universal Time),19,Singapura,singapura,,,,,,
2026-08-04T11:27:41.298589+00:00,20260804-112741,https://trends24.in/indonesia/,Tue Aug 04 2026 03:20:25 GMT+0000 (Coordinated Universal Time),20,BPJS,bpjs,,,,,,
2026-08-04T11:27:41.298589+00:00,20260804-112741,https://trends24.in/indonesia/,Tue Aug 04 2026 03:20:25 GMT+0000 (Coordinated Universal Time),21,Sarapan,sarapan,,,,,,
2026-08-04T11:27:41.298589+00:00,20260804-112741,https://trends24.in/indonesia/,Tue Aug 04 2026 03:20:25 GMT+0000 (Coordinated Universal Time),22,galaxy a27 5g,galaxy a27 5g,,,,,,
2026-08-04T11:27:41.298589+00:00,20260804-112741,https://trends24.in/indonesia/,Tue Aug 04 2026 03:20:25 GMT+0000 (Coordinated Universal Time),23,App Store,app store,,,,,,
2026-08-04T11:27:41.298589+00:00,20260804-112741,https://trends24.in/indonesia/,Tue Aug 04 2026 03:20:25 GMT+0000 (Coordinated Universal Time),24,Nguyen,nguyen,,,,,,
2026-08-04T11:27:41.298589+00:00,20260804-112741,https://trends24.in/indonesia/,Tue Aug 04 2026 03:20:25 GMT+0000 (Coordinated Universal Time),25,Jordi,jordi,,,,,,
2026-08-04T11:27:41.298589+00:00,20260804-112741,https://trends24.in/indonesia/,Tue Aug 04 2026 03:20:25 GMT+0000 (Coordinated Universal Time),26,Pagii,pagii,,,,,,
2026-08-04T11:27:41.298589+00:00,20260804-112741,https://trends24.in/indonesia/,Tue Aug 04 2026 03:20:25 GMT+0000 (Coordinated Universal Time),27,Selasa,selasa,,,,,,
2026-08-04T11:27:41.298589+00:00,20260804-112741,https://trends24.in/indonesia/,Tue Aug 04 2026 03:20:25 GMT+0000 (Coordinated Universal Time),28,Pesan Menag,pesan menag,,,,,,
2026-08-04T11:27:41.298589+00:00,20260804-112741,https://trends24.in/indonesia/,Tue Aug 04 2026 03:20:25 GMT+0000 (Coordinated Universal Time),29,GET WELL SOON SANGHYEON,get well soon sanghyeon,,,,,,
2026-08-04T11:27:41.298589+00:00,20260804-112741,https://trends24.in/indonesia/,Tue Aug 04 2026 03:20:25 GMT+0000 (Coordinated Universal Time),30,Fulham,fulham,,,,,,
2026-08-04T11:27:41.298589+00:00,20260804-112741,https://trends24.in/indonesia/,Tue Aug 04 2026 03:20:25 GMT+0000 (Coordinated Universal Time),31,WILLIAM X WOODY,william x woody,,,,,,
2026-08-04T11:27:41.298589+00:00,20260804-112741,https://trends24.in/indonesia/,Tue Aug 04 2026 03:20:25 GMT+0000 (Coordinated Universal Time),32,LOVE TO SERVE 2ND EP,love to serve 2nd ep,,,,,,
2026-08-04T11:27:41.298589+00:00,20260804-112741,https://trends24.in/indonesia/,Tue Aug 04 2026 03:20:25 GMT+0000 (Coordinated Universal Time),33,JISUNG FOR DIOR CAPTURE,jisung for dior capture,,,,,,
2026-08-04T11:27:41.298589+00:00,20260804-112741,https://trends24.in/indonesia/,Tue Aug 04 2026 03:20:25 GMT+0000 (Coordinated Universal Time),34,Telegram,telegram,,,,,,
2026-08-04T11:27:41.298589+00:00,20260804-112741,https://trends24.in/indonesia/,Tue Aug 04 2026 03:20:25 GMT+0000 (Coordinated Universal Time),35,LINGORM PRESENTER SMOOTHE,lingorm presenter smoothe,,,,,,
2026-08-04T11:27:41.298589+00:00,20260804-112741,https://trends24.in/indonesia/,Tue Aug 04 2026 03:20:25 GMT+0000 (Coordinated Universal Time),36,aespalooza takes over,aespalooza takes over,,,,,,
2026-08-04T11:27:41.298589+00:00,20260804-112741,https://trends24.in/indonesia/,Tue Aug 04 2026 03:20:25 GMT+0000 (Coordinated Universal Time),37,Klok,klok,,,,,,
2026-08-04T11:27:41.298589+00:00,20260804-112741,https://trends24.in/indonesia/,Tue Aug 04 2026 03:20:25 GMT+0000 (Coordinated Universal Time),38,Herdman,herdman,,,,,,
2026-08-04T11:27:41.298589+00:00,20260804-112741,https://trends24.in/indonesia/,Tue Aug 04 2026 03:20:25 GMT+0000 (Coordinated Universal Time),39,APBD,apbd,,,,,,
2026-08-04T11:27:41.298589+00:00,20260804-112741,https://trends24.in/indonesia/,Tue Aug 04 2026 03:20:25 GMT+0000 (Coordinated Universal Time),40,SODA SODA,soda soda,,,,,,
2026-08-04T11:27:41.298589+00:00,20260804-112741,https://trends24.in/indonesia/,Tue Aug 04 2026 03:20:25 GMT+0000 (Coordinated Universal Time),41,TABLO,tablo,,,,,,
2026-08-04T11:27:41.298589+00:00,20260804-112741,https://trends24.in/indonesia/,Tue Aug 04 2026 03:20:25 GMT+0000 (Coordinated Universal Time),42,Haye,haye,,,,,,
2026-08-04T11:27:41.298589+00:00,20260804-112741,https://trends24.in/indonesia/,Tue Aug 04 2026 03:20:25 GMT+0000 (Coordinated Universal Time),43,Blingy Action Plan D2,blingy action plan d2,,,,,,
2026-08-04T11:27:41.298589+00:00,20260804-112741,https://trends24.in/indonesia/,Tue Aug 04 2026 03:20:25 GMT+0000 (Coordinated Universal Time),44,Kiper,kiper,,,,,,
2026-08-04T11:27:41.298589+00:00,20260804-112741,https://trends24.in/indonesia/,Tue Aug 04 2026 03:20:25 GMT+0000 (Coordinated Universal Time),45,Autumn Leaves,autumn leaves,,,,,,
2026-08-04T11:27:41.298589+00:00,20260804-112741,https://trends24.in/indonesia/,Tue Aug 04 2026 03:20:25 GMT+0000 (Coordinated Universal Time),46,sangat menyesatkan,sangat menyesatkan,,,,,,
2026-08-04T11:27:41.298589+00:00,20260804-112741,https://trends24.in/indonesia/,Tue Aug 04 2026 03:20:25 GMT+0000 (Coordinated Universal Time),47,Arbeloa,arbeloa,,,,,,
2026-08-04T11:27:41.298589+00:00,20260804-112741,https://trends24.in/indonesia/,Tue Aug 04 2026 03:20:25 GMT+0000 (Coordinated Universal Time),48,LOLLAPALOOZA MEETS KARINA,lollapalooza meets karina,,,,,,
2026-08-04T11:27:41.298589+00:00,20260804-112741,https://trends24.in/indonesia/,Tue Aug 04 2026 03:20:25 GMT+0000 (Coordinated Universal Time),49,$CATE,$cate,,,,,,
2026-08-04T11:27:41.298589+00:00,20260804-112741,https://trends24.in/indonesia/,Tue Aug 04 2026 03:20:25 GMT+0000 (Coordinated Universal Time),50,Red Velvet,red velvet,,,,,,
2026-08-04T11:27:41.298589+00:00,20260804-112741,https://trends24.in/indonesia/,Tue Aug 04 2026 02:28:22 GMT+0000 (Coordinated Universal Time),1,#DemoPeternakAyam,demopeternakayam,,,,,,
2026-08-04T11:27:41.298589+00:00,20260804-112741,https://trends24.in/indonesia/,Tue Aug 04 2026 02:28:22 GMT+0000 (Coordinated Universal Time),2,#KritikTerhadapPLN,kritikterhadappln,,,,,,
2026-08-04T11:27:41.298589+00:00,20260804-112741,https://trends24.in/indonesia/,Tue Aug 04 2026 02:28:22 GMT+0000 (Coordinated Universal Time),3,#DampakPadamListrik,dampakpadamlistrik,,,,,,
2026-08-04T11:27:41.298589+00:00,20260804-112741,https://trends24.in/indonesia/,Tue Aug 04 2026 02:28:22 GMT+0000 (Coordinated Universal Time),4,Protes Pemadaman Listrik,protes pemadaman listrik,,,,,,
2026-08-04T11:27:41.298589+00:00,20260804-112741,https://trends24.in/indonesia/,Tue Aug 04 2026 02:28:22 GMT+0000 (Coordinated Universal Time),5,Vietnam,vietnam,,,,,,
2026-08-04T11:27:41.298589+00:00,20260804-112741,https://trends24.in/indonesia/,Tue Aug 04 2026 02:28:22 GMT+0000 (Coordinated Universal Time),6,#TimnasDay,timnasday,,,,,,
2026-08-04T11:27:41.298589+00:00,20260804-112741,https://trends24.in/indonesia/,Tue Aug 04 2026 02:28:22 GMT+0000 (Coordinated Universal Time),7,mengabdi hingga pelosok,mengabdi hingga pelosok,,,,,,
2026-08-04T11:27:41.298589+00:00,20260804-112741,https://trends24.in/indonesia/,Tue Aug 04 2026 02:28:22 GMT+0000 (Coordinated Universal Time),8,THE REIGN OF GUNAIYARA,the reign of gunaiyara,,,,,,
2026-08-04T11:27:41.298589+00:00,20260804-112741,https://trends24.in/indonesia/,Tue Aug 04 2026 02:28:22 GMT+0000 (Coordinated Universal Time),9,#HeartboundSeriesPilot1M,heartboundseriespilot1m,,,,,,
2026-08-04T11:27:41.298589+00:00,20260804-112741,https://trends24.in/indonesia/,Tue Aug 04 2026 02:28:22 GMT+0000 (Coordinated Universal Time),10,Nadeo,nadeo,,,,,,
2026-08-04T11:27:41.298589+00:00,20260804-112741,https://trends24.in/indonesia/,Tue Aug 04 2026 02:28:22 GMT+0000 (Coordinated Universal Time),11,terdepan laksanakan pengabdian,terdepan laksanakan pengabdian,,,,,,
2026-08-04T11:27:41.298589+00:00,20260804-112741,https://trends24.in/indonesia/,Tue Aug 04 2026 02:28:22 GMT+0000 (Coordinated Universal Time),12,Kimpul,kimpul,,,,,,
2026-08-04T11:27:41.298589+00:00,20260804-112741,https://trends24.in/indonesia/,Tue Aug 04 2026 02:28:22 GMT+0000 (Coordinated Universal Time),13,PSD MOGULARRIVAL FS26,psd mogularrival fs26,,,,,,
2026-08-04T11:27:41.298589+00:00,20260804-112741,https://trends24.in/indonesia/,Tue Aug 04 2026 02:28:22 GMT+0000 (Coordinated Universal Time),14,lawan provokasi buzzer,lawan provokasi buzzer,,,,,,
2026-08-04T11:27:41.298589+00:00,20260804-112741,https://trends24.in/indonesia/,Tue Aug 04 2026 02:28:22 GMT+0000 (Coordinated Universal Time),15,Pagii,pagii,,,,,,
2026-08-04T11:27:41.298589+00:00,20260804-112741,https://trends24.in/indonesia/,Tue Aug 04 2026 02:28:22 GMT+0000 (Coordinated Universal Time),16,Senin,senin,,,,,,
2026-08-04T11:27:41.298589+00:00,20260804-112741,https://trends24.in/indonesia/,Tue Aug 04 2026 02:28:22 GMT+0000 (Coordinated Universal Time),17,RESPECT JUHOON'S RIGHTS,respect juhoon's rights,,,,,,
2026-08-04T11:27:41.298589+00:00,20260804-112741,https://trends24.in/indonesia/,Tue Aug 04 2026 02:28:22 GMT+0000 (Coordinated Universal Time),18,Ridho,ridho,,,,,,
2026-08-04T11:27:41.298589+00:00,20260804-112741,https://trends24.in/indonesia/,Tue Aug 04 2026 02:28:22 GMT+0000 (Coordinated Universal Time),19,solusi rumah rakyat terjangkau,solusi rumah rakyat terjangkau,,,,,,
2026-08-04T11:27:41.298589+00:00,20260804-112741,https://trends24.in/indonesia/,Tue Aug 04 2026 02:28:22 GMT+0000 (Coordinated Universal Time),20,Nguyen,nguyen,,,,,,
2026-08-04T11:27:41.298589+00:00,20260804-112741,https://trends24.in/indonesia/,Tue Aug 04 2026 02:28:22 GMT+0000 (Coordinated Universal Time),21,Singapura,singapura,,,,,,
2026-08-04T11:27:41.298589+00:00,20260804-112741,https://trends24.in/indonesia/,Tue Aug 04 2026 02:28:22 GMT+0000 (Coordinated Universal Time),22,galaxy a27 5g,galaxy a27 5g,,,,,,
2026-08-04T11:27:41.298589+00:00,20260804-112741,https://trends24.in/indonesia/,Tue Aug 04 2026 02:28:22 GMT+0000 (Coordinated Universal Time),23,BPJS,bpjs,,,,,,
2026-08-04T11:27:41.298589+00:00,20260804-112741,https://trends24.in/indonesia/,Tue Aug 04 2026 02:28:22 GMT+0000 (Coordinated Universal Time),24,Jordi,jordi,,,,,,
2026-08-04T11:27:41.298589+00:00,20260804-112741,https://trends24.in/indonesia/,Tue Aug 04 2026 02:28:22 GMT+0000 (Coordinated Universal Time),25,Sarapan,sarapan,,,,,,
2026-08-04T11:27:41.298589+00:00,20260804-112741,https://trends24.in/indonesia/,Tue Aug 04 2026 02:28:22 GMT+0000 (Coordinated Universal Time),26,Selasa,selasa,,,,,,
2026-08-04T11:27:41.298589+00:00,20260804-112741,https://trends24.in/indonesia/,Tue Aug 04 2026 02:28:22 GMT+0000 (Coordinated Universal Time),27,Pesan Menag,pesan menag,,,,,,
2026-08-04T11:27:41.298589+00:00,20260804-112741,https://trends24.in/indonesia/,Tue Aug 04 2026 02:28:22 GMT+0000 (Coordinated Universal Time),28,App Store,app store,,,,,,
2026-08-04T11:27:41.298589+00:00,20260804-112741,https://trends24.in/indonesia/,Tue Aug 04 2026 02:28:22 GMT+0000 (Coordinated Universal Time),29,WILLIAM X WOODY,william x woody,,,,,,
2026-08-04T11:27:41.298589+00:00,20260804-112741,https://trends24.in/indonesia/,Tue Aug 04 2026 02:28:22 GMT+0000 (Coordinated Universal Time),30,LOVE TO SERVE 2ND EP,love to serve 2nd ep,,,,,,
2026-08-04T11:27:41.298589+00:00,20260804-112741,https://trends24.in/indonesia/,Tue Aug 04 2026 02:28:22 GMT+0000 (Coordinated Universal Time),31,JISUNG FOR DIOR CAPTURE,jisung for dior capture,,,,,,
2026-08-04T11:27:41.298589+00:00,20260804-112741,https://trends24.in/indonesia/,Tue Aug 04 2026 02:28:22 GMT+0000 (Coordinated Universal Time),32,LINGORM PRESENTER SMOOTHE,lingorm presenter smoothe,,,,,,
2026-08-04T11:27:41.298589+00:00,20260804-112741,https://trends24.in/indonesia/,Tue Aug 04 2026 02:28:22 GMT+0000 (Coordinated Universal Time),33,aespalooza takes over,aespalooza takes over,,,,,,
2026-08-04T11:27:41.298589+00:00,20260804-112741,https://trends24.in/indonesia/,Tue Aug 04 2026 02:28:22 GMT+0000 (Coordinated Universal Time),34,Klok,klok,,,,,,
2026-08-04T11:27:41.298589+00:00,20260804-112741,https://trends24.in/indonesia/,Tue Aug 04 2026 02:28:22 GMT+0000 (Coordinated Universal Time),35,Kiper,kiper,,,,,,
2026-08-04T11:27:41.298589+00:00,20260804-112741,https://trends24.in/indonesia/,Tue Aug 04 2026 02:28:22 GMT+0000 (Coordinated Universal Time),36,Herdman,herdman,,,,,,
2026-08-04T11:27:41.298589+00:00,20260804-112741,https://trends24.in/indonesia/,Tue Aug 04 2026 02:28:22 GMT+0000 (Coordinated Universal Time),37,SODA SODA,soda soda,,,,,,
2026-08-04T11:27:41.298589+00:00,20260804-112741,https://trends24.in/indonesia/,Tue Aug 04 2026 02:28:22 GMT+0000 (Coordinated Universal Time),38,Autumn Leaves,autumn leaves,,,,,,
2026-08-04T11:27:41.298589+00:00,20260804-112741,https://trends24.in/indonesia/,Tue Aug 04 2026 02:28:22 GMT+0000 (Coordinated Universal Time),39,Blingy Action Plan D2,blingy action plan d2,,,,,,
2026-08-04T11:27:41.298589+00:00,20260804-112741,https://trends24.in/indonesia/,Tue Aug 04 2026 02:28:22 GMT+0000 (Coordinated Universal Time),40,Fulham,fulham,,,,,,
2026-08-04T11:27:41.298589+00:00,20260804-112741,https://trends24.in/indonesia/,Tue Aug 04 2026 02:28:22 GMT+0000 (Coordinated Universal Time),41,Bekatul,bekatul,,,,,,
2026-08-04T11:27:41.298589+00:00,20260804-112741,https://trends24.in/indonesia/,Tue Aug 04 2026 02:28:22 GMT+0000 (Coordinated Universal Time),42,sangat menyesatkan,sangat menyesatkan,,,,,,
2026-08-04T11:27:41.298589+00:00,20260804-112741,https://trends24.in/indonesia/,Tue Aug 04 2026 02:28:22 GMT+0000 (Coordinated Universal Time),43,Haye,haye,,,,,,
2026-08-04T11:27:41.298589+00:00,20260804-112741,https://trends24.in/indonesia/,Tue Aug 04 2026 02:28:22 GMT+0000 (Coordinated Universal Time),44,Morningg,morningg,,,,,,
2026-08-04T11:27:41.298589+00:00,20260804-112741,https://trends24.in/indonesia/,Tue Aug 04 2026 02:28:22 GMT+0000 (Coordinated Universal Time),45,LOLLAPALOOZA MEETS KARINA,lollapalooza meets karina,,,,,,
2026-08-04T11:27:41.298589+00:00,20260804-112741,https://trends24.in/indonesia/,Tue Aug 04 2026 02:28:22 GMT+0000 (Coordinated Universal Time),46,$CATE,$cate,,,,,,
2026-08-04T11:27:41.298589+00:00,20260804-112741,https://trends24.in/indonesia/,Tue Aug 04 2026 02:28:22 GMT+0000 (Coordinated Universal Time),47,Diding Boneng,diding boneng,,,,,,
2026-08-04T11:27:41.298589+00:00,20260804-112741,https://trends24.in/indonesia/,Tue Aug 04 2026 02:28:22 GMT+0000 (Coordinated Universal Time),48,DINO X PICHEOLIN DEBUT DAY,dino x picheolin debut day,,,,,,
2026-08-04T11:27:41.298589+00:00,20260804-112741,https://trends24.in/indonesia/,Tue Aug 04 2026 02:28:22 GMT+0000 (Coordinated Universal Time),49,Red Velvet,red velvet,,,,,,
2026-08-04T11:27:41.298589+00:00,20260804-112741,https://trends24.in/indonesia/,Tue Aug 04 2026 02:28:22 GMT+0000 (Coordinated Universal Time),50,Kelengkeng,kelengkeng,,,,,,
2026-08-04T11:27:41.298589+00:00,20260804-112741,https://trends24.in/indonesia/,Tue Aug 04 2026 01:36:44 GMT+0000 (Coordinated Universal Time),1,Vietnam,vietnam,,,,,,
2026-08-04T11:27:41.298589+00:00,20260804-112741,https://trends24.in/indonesia/,Tue Aug 04 2026 01:36:44 GMT+0000 (Coordinated Universal Time),2,#TimnasDay,timnasday,,,,,,
2026-08-04T11:27:41.298589+00:00,20260804-112741,https://trends24.in/indonesia/,Tue Aug 04 2026 01:36:44 GMT+0000 (Coordinated Universal Time),3,PSD MOGULARRIVAL FS26,psd mogularrival fs26,,,,,,
2026-08-04T11:27:41.298589+00:00,20260804-112741,https://trends24.in/indonesia/,Tue Aug 04 2026 01:36:44 GMT+0000 (Coordinated Universal Time),4,mengabdi hingga pelosok,mengabdi hingga pelosok,,,,,,
2026-08-04T11:27:41.298589+00:00,20260804-112741,https://trends24.in/indonesia/,Tue Aug 04 2026 01:36:44 GMT+0000 (Coordinated Universal Time),5,Nadeo,nadeo,,,,,,
2026-08-04T11:27:41.298589+00:00,20260804-112741,https://trends24.in/indonesia/,Tue Aug 04 2026 01:36:44 GMT+0000 (Coordinated Universal Time),6,#ã·ãºãã®æãããããªã§ã¦ã¡ãã,ã·ãºãã®æãããããªã§ã¦ã¡ãã,,,,,,
2026-08-04T11:27:41.298589+00:00,20260804-112741,https://trends24.in/indonesia/,Tue Aug 04 2026 01:36:44 GMT+0000 (Coordinated Universal Time),7,#ì¬ëë¥ì´_ì¹ì¹ì¼_ìì¼ì¶íí´ë£,ì¬ëë¥ì´_ì¹ì¹ì¼_ìì¼ì¶íí´ë£,,,,,,
2026-08-04T11:27:41.298589+00:00,20260804-112741,https://trends24.in/indonesia/,Tue Aug 04 2026 01:36:44 GMT+0000 (Coordinated Universal Time),8,#PuppyRyoDay,puppyryoday,,,,,,
2026-08-04T11:27:41.298589+00:00,20260804-112741,https://trends24.in/indonesia/,Tue Aug 04 2026 01:36:44 GMT+0000 (Coordinated Universal Time),9,Pagii,pagii,,,,,,
2026-08-04T11:27:41.298589+00:00,20260804-112741,https://trends24.in/indonesia/,Tue Aug 04 2026 01:36:44 GMT+0000 (Coordinated Universal Time),10,terdepan laksanakan pengabdian,terdepan laksanakan pengabdian,,,,,,
2026-08-04T11:27:41.298589+00:00,20260804-112741,https://trends24.in/indonesia/,Tue Aug 04 2026 01:36:44 GMT+0000 (Coordinated Universal Time),11,Kimpul,kimpul,,,,,,
2026-08-04T11:27:41.298589+00:00,20260804-112741,https://trends24.in/indonesia/,Tue Aug 04 2026 01:36:44 GMT+0000 (Coordinated Universal Time),12,#promoawesomea27,promoawesomea27,,,,,,
2026-08-04T11:27:41.298589+00:00,20260804-112741,https://trends24.in/indonesia/,Tue Aug 04 2026 01:36:44 GMT+0000 (Coordinated Universal Time),13,Senin,senin,,,,,,
2026-08-04T11:27:41.298589+00:00,20260804-112741,https://trends24.in/indonesia/,Tue Aug 04 2026 01:36:44 GMT+0000 (Coordinated Universal Time),14,lawan provokasi buzzer,lawan provokasi buzzer,,,,,,
2026-08-04T11:27:41.298589+00:00,20260804-112741,https://trends24.in/indonesia/,Tue Aug 04 2026 01:36:44 GMT+0000 (Coordinated Universal Time),15,Ridho,ridho,,,,,,
2026-08-04T11:27:41.298589+00:00,20260804-112741,https://trends24.in/indonesia/,Tue Aug 04 2026 01:36:44 GMT+0000 (Coordinated Universal Time),16,RESPECT JUHOON'S RIGHTS,respect juhoon's rights,,,,,,
2026-08-04T11:27:41.298589+00:00,20260804-112741,https://trends24.in/indonesia/,Tue Aug 04 2026 01:36:44 GMT+0000 (Coordinated Universal Time),17,solusi rumah rakyat terjangkau,solusi rumah rakyat terjangkau,,,,,,
2026-08-04T11:27:41.298589+00:00,20260804-112741,https://trends24.in/indonesia/,Tue Aug 04 2026 01:36:44 GMT+0000 (Coordinated Universal Time),18,Selasa,selasa,,,,,,
2026-08-04T11:27:41.298589+00:00,20260804-112741,https://trends24.in/indonesia/,Tue Aug 04 2026 01:36:44 GMT+0000 (Coordinated Universal Time),19,Nguyen,nguyen,,,,,,
2026-08-04T11:27:41.298589+00:00,20260804-112741,https://trends24.in/indonesia/,Tue Aug 04 2026 01:36:44 GMT+0000 (Coordinated Universal Time),20,galaxy a27 5g,galaxy a27 5g,,,,,,
2026-08-04T11:27:41.298589+00:00,20260804-112741,https://trends24.in/indonesia/,Tue Aug 04 2026 01:36:44 GMT+0000 (Coordinated Universal Time),21,BPJS,bpjs,,,,,,
2026-08-04T11:27:41.298589+00:00,20260804-112741,https://trends24.in/indonesia/,Tue Aug 04 2026 01:36:44 GMT+0000 (Coordinated Universal Time),22,Jordi,jordi,,,,,,
2026-08-04T11:27:41.298589+00:00,20260804-112741,https://trends24.in/indonesia/,Tue Aug 04 2026 01:36:44 GMT+0000 (Coordinated Universal Time),23,Singapura,singapura,,,,,,
2026-08-04T11:27:41.298589+00:00,20260804-112741,https://trends24.in/indonesia/,Tue Aug 04 2026 01:36:44 GMT+0000 (Coordinated Universal Time),24,Pesan Menag,pesan menag,,,,,,
2026-08-04T11:27:41.298589+00:00,20260804-112741,https://trends24.in/indonesia/,Tue Aug 04 2026 01:36:44 GMT+0000 (Coordinated Universal Time),25,Sarapan,sarapan,,,,,,
2026-08-04T11:27:41.298589+00:00,20260804-112741,https://trends24.in/indonesia/,Tue Aug 04 2026 01:36:44 GMT+0000 (Coordinated Universal Time),26,WILLIAM X WOODY,william x woody,,,,,,
2026-08-04T11:27:41.298589+00:00,20260804-112741,https://trends24.in/indonesia/,Tue Aug 04 2026 01:36:44 GMT+0000 (Coordinated Universal Time),27,LOVE TO SERVE 2ND EP,love to serve 2nd ep,,,,,,
2026-08-04T11:27:41.298589+00:00,20260804-112741,https://trends24.in/indonesia/,Tue Aug 04 2026 01:36:44 GMT+0000 (Coordinated Universal Time),28,JISUNG FOR DIOR CAPTURE,jisung for dior capture,,,,,,
2026-08-04T11:27:41.298589+00:00,20260804-112741,https://trends24.in/indonesia/,Tue Aug 04 2026 01:36:44 GMT+0000 (Coordinated Universal Time),29,LINGORM PRESENTER SMOOTHE,lingorm presenter smoothe,,,,,,
2026-08-04T11:27:41.298589+00:00,20260804-112741,https://trends24.in/indonesia/,Tue Aug 04 2026 01:36:44 GMT+0000 (Coordinated Universal Time),30,aespalooza takes over,aespalooza takes over,,,,,,
2026-08-04T11:27:41.298589+00:00,20260804-112741,https://trends24.in/indonesia/,Tue Aug 04 2026 01:36:44 GMT+0000 (Coordinated Universal Time),31,Kiper,kiper,,,,,,
2026-08-04T11:27:41.298589+00:00,20260804-112741,https://trends24.in/indonesia/,Tue Aug 04 2026 01:36:44 GMT+0000 (Coordinated Universal Time),32,Morningg,morningg,,,,,,
2026-08-04T11:27:41.298589+00:00,20260804-112741,https://trends24.in/indonesia/,Tue Aug 04 2026 01:36:44 GMT+0000 (Coordinated Universal Time),33,Klok,klok,,,,,,
2026-08-04T11:27:41.298589+00:00,20260804-112741,https://trends24.in/indonesia/,Tue Aug 04 2026 01:36:44 GMT+0000 (Coordinated Universal Time),34,Diding Boneng,diding boneng,,,,,,
2026-08-04T11:27:41.298589+00:00,20260804-112741,https://trends24.in/indonesia/,Tue Aug 04 2026 01:36:44 GMT+0000 (Coordinated Universal Time),35,Blingy Action Plan D2,blingy action plan d2,,,,,,
2026-08-04T11:27:41.298589+00:00,20260804-112741,https://trends24.in/indonesia/,Tue Aug 04 2026 01:36:44 GMT+0000 (Coordinated Universal Time),36,SODA SODA,soda soda,,,,,,
2026-08-04T11:27:41.298589+00:00,20260804-112741,https://trends24.in/indonesia/,Tue Aug 04 2026 01:36:44 GMT+0000 (Coordinated Universal Time),37,$CATE,$cate,,,,,,
2026-08-04T11:27:41.298589+00:00,20260804-112741,https://trends24.in/indonesia/,Tue Aug 04 2026 01:36:44 GMT+0000 (Coordinated Universal Time),38,Haye,haye,,,,,,
2026-08-04T11:27:41.298589+00:00,20260804-112741,https://trends24.in/indonesia/,Tue Aug 04 2026 01:36:44 GMT+0000 (Coordinated Universal Time),39,Autumn Leaves,autumn leaves,,,,,,
2026-08-04T11:27:41.298589+00:00,20260804-112741,https://trends24.in/indonesia/,Tue Aug 04 2026 01:36:44 GMT+0000 (Coordinated Universal Time),40,Herdman,herdman,,,,,,
2026-08-04T11:27:41.298589+00:00,20260804-112741,https://trends24.in/indonesia/,Tue Aug 04 2026 01:36:44 GMT+0000 (Coordinated Universal Time),41,sangat menyesatkan,sangat menyesatkan,,,,,,
2026-08-04T11:27:41.298589+00:00,20260804-112741,https://trends24.in/indonesia/,Tue Aug 04 2026 01:36:44 GMT+0000 (Coordinated Universal Time),42,FIRSTONE TURNED 26,firstone turned 26,,,,,,
2026-08-04T11:27:41.298589+00:00,20260804-112741,https://trends24.in/indonesia/,Tue Aug 04 2026 01:36:44 GMT+0000 (Coordinated Universal Time),43,DINO X PICHEOLIN DEBUT DAY,dino x picheolin debut day,,,,,,
2026-08-04T11:27:41.298589+00:00,20260804-112741,https://trends24.in/indonesia/,Tue Aug 04 2026 01:36:44 GMT+0000 (Coordinated Universal Time),44,Red Velvet,red velvet,,,,,,
2026-08-04T11:27:41.298589+00:00,20260804-112741,https://trends24.in/indonesia/,Tue Aug 04 2026 01:36:44 GMT+0000 (Coordinated Universal Time),45,Reverse Auction,reverse auction,,,,,,
2026-08-04T11:27:41.298589+00:00,20260804-112741,https://trends24.in/indonesia/,Tue Aug 04 2026 01:36:44 GMT+0000 (Coordinated Universal Time),46,Fulham,fulham,,,,,,
2026-08-04T11:27:41.298589+00:00,20260804-112741,https://trends24.in/indonesia/,Tue Aug 04 2026 01:36:44 GMT+0000 (Coordinated Universal Time),47,pltd merawang,pltd merawang,,,,,,
2026-08-04T11:27:41.298589+00:00,20260804-112741,https://trends24.in/indonesia/,Tue Aug 04 2026 01:36:44 GMT+0000 (Coordinated Universal Time),48,Kelengkeng,kelengkeng,,,,,,
2026-08-04T11:27:41.298589+00:00,20260804-112741,https://trends24.in/indonesia/,Tue Aug 04 2026 01:36:44 GMT+0000 (Coordinated Universal Time),49,krayan,krayan,,,,,,
2026-08-04T11:27:41.298589+00:00,20260804-112741,https://trends24.in/indonesia/,Tue Aug 04 2026 01:36:44 GMT+0000 (Coordinated Universal Time),50,HAPPY 22ND BDAY BARCODE,happy 22nd bday barcode,,,,,,
2026-08-04T11:27:41.298589+00:00,20260804-112741,https://trends24.in/indonesia/,Tue Aug 04 2026 01:36:29 GMT+0000 (Coordinated Universal Time),1,Vietnam,vietnam,,,,,,
2026-08-04T11:27:41.298589+00:00,20260804-112741,https://trends24.in/indonesia/,Tue Aug 04 2026 01:36:29 GMT+0000 (Coordinated Universal Time),2,#TimnasDay,timnasday,,,,,,
2026-08-04T11:27:41.298589+00:00,20260804-112741,https://trends24.in/indonesia/,Tue Aug 04 2026 01:36:29 GMT+0000 (Coordinated Universal Time),3,PSD MOGULARRIVAL FS26,psd mogularrival fs26,,,,,,
2026-08-04T11:27:41.298589+00:00,20260804-112741,https://trends24.in/indonesia/,Tue Aug 04 2026 01:36:29 GMT+0000 (Coordinated Universal Time),4,mengabdi hingga pelosok,mengabdi hingga pelosok,,,,,,
2026-08-04T11:27:41.298589+00:00,20260804-112741,https://trends24.in/indonesia/,Tue Aug 04 2026 01:36:29 GMT+0000 (Coordinated Universal Time),5,Nadeo,nadeo,,,,,,
2026-08-04T11:27:41.298589+00:00,20260804-112741,https://trends24.in/indonesia/,Tue Aug 04 2026 01:36:29 GMT+0000 (Coordinated Universal Time),6,#ã·ãºãã®æãããããªã§ã¦ã¡ãã,ã·ãºãã®æãããããªã§ã¦ã¡ãã,,,,,,
2026-08-04T11:27:41.298589+00:00,20260804-112741,https://trends24.in/indonesia/,Tue Aug 04 2026 01:36:29 GMT+0000 (Coordinated Universal Time),7,#ì¬ëë¥ì´_ì¹ì¹ì¼_ìì¼ì¶íí´ë£,ì¬ëë¥ì´_ì¹ì¹ì¼_ìì¼ì¶íí´ë£,,,,,,
2026-08-04T11:27:41.298589+00:00,20260804-112741,https://trends24.in/indonesia/,Tue Aug 04 2026 01:36:29 GMT+0000 (Coordinated Universal Time),8,#PuppyRyoDay,puppyryoday,,,,,,
2026-08-04T11:27:41.298589+00:00,20260804-112741,https://trends24.in/indonesia/,Tue Aug 04 2026 01:36:29 GMT+0000 (Coordinated Universal Time),9,Pagii,pagii,,,,,,
2026-08-04T11:27:41.298589+00:00,20260804-112741,https://trends24.in/indonesia/,Tue Aug 04 2026 01:36:29 GMT+0000 (Coordinated Universal Time),10,terdepan laksanakan pengabdian,terdepan laksanakan pengabdian,,,,,,
2026-08-04T11:27:41.298589+00:00,20260804-112741,https://trends24.in/indonesia/,Tue Aug 04 2026 01:36:29 GMT+0000 (Coordinated Universal Time),11,Kimpul,kimpul,,,,,,
2026-08-04T11:27:41.298589+00:00,20260804-112741,https://trends24.in/indonesia/,Tue Aug 04 2026 01:36:29 GMT+0000 (Coordinated Universal Time),12,#promoawesomea27,promoawesomea27,,,,,,
2026-08-04T11:27:41.298589+00:00,20260804-112741,https://trends24.in/indonesia/,Tue Aug 04 2026 01:36:29 GMT+0000 (Coordinated Universal Time),13,Senin,senin,,,,,,
2026-08-04T11:27:41.298589+00:00,20260804-112741,https://trends24.in/indonesia/,Tue Aug 04 2026 01:36:29 GMT+0000 (Coordinated Universal Time),14,lawan provokasi buzzer,lawan provokasi buzzer,,,,,,
2026-08-04T11:27:41.298589+00:00,20260804-112741,https://trends24.in/indonesia/,Tue Aug 04 2026 01:36:29 GMT+0000 (Coordinated Universal Time),15,Ridho,ridho,,,,,,
2026-08-04T11:27:41.298589+00:00,20260804-112741,https://trends24.in/indonesia/,Tue Aug 04 2026 01:36:29 GMT+0000 (Coordinated Universal Time),16,RESPECT JUHOON'S RIGHTS,respect juhoon's rights,,,,,,
2026-08-04T11:27:41.298589+00:00,20260804-112741,https://trends24.in/indonesia/,Tue Aug 04 2026 01:36:29 GMT+0000 (Coordinated Universal Time),17,solusi rumah rakyat terjangkau,solusi rumah rakyat terjangkau,,,,,,
2026-08-04T11:27:41.298589+00:00,20260804-112741,https://trends24.in/indonesia/,Tue Aug 04 2026 01:36:29 GMT+0000 (Coordinated Universal Time),18,Selasa,selasa,,,,,,
2026-08-04T11:27:41.298589+00:00,20260804-112741,https://trends24.in/indonesia/,Tue Aug 04 2026 01:36:29 GMT+0000 (Coordinated Universal Time),19,Nguyen,nguyen,,,,,,
2026-08-04T11:27:41.298589+00:00,20260804-112741,https://trends24.in/indonesia/,Tue Aug 04 2026 01:36:29 GMT+0000 (Coordinated Universal Time),20,galaxy a27 5g,galaxy a27 5g,,,,,,
2026-08-04T11:27:41.298589+00:00,20260804-112741,https://trends24.in/indonesia/,Tue Aug 04 2026 01:36:29 GMT+0000 (Coordinated Universal Time),21,BPJS,bpjs,,,,,,
2026-08-04T11:27:41.298589+00:00,20260804-112741,https://trends24.in/indonesia/,Tue Aug 04 2026 01:36:29 GMT+0000 (Coordinated Universal Time),22,Jordi,jordi,,,,,,
2026-08-04T11:27:41.298589+00:00,20260804-112741,https://trends24.in/indonesia/,Tue Aug 04 2026 01:36:29 GMT+0000 (Coordinated Universal Time),23,Singapura,singapura,,,,,,
2026-08-04T11:27:41.298589+00:00,20260804-112741,https://trends24.in/indonesia/,Tue Aug 04 2026 01:36:29 GMT+0000 (Coordinated Universal Time),24,Pesan Menag,pesan menag,,,,,,
2026-08-04T11:27:41.298589+00:00,20260804-112741,https://trends24.in/indonesia/,Tue Aug 04 2026 01:36:29 GMT+0000 (Coordinated Universal Time),25,Sarapan,sarapan,,,,,,
2026-08-04T11:27:41.298589+00:00,20260804-112741,https://trends24.in/indonesia/,Tue Aug 04 2026 01:36:29 GMT+0000 (Coordinated Universal Time),26,WILLIAM X WOODY,william x woody,,,,,,
2026-08-04T11:27:41.298589+00:00,20260804-112741,https://trends24.in/indonesia/,Tue Aug 04 2026 01:36:29 GMT+0000 (Coordinated Universal Time),27,LOVE TO SERVE 2ND EP,love to serve 2nd ep,,,,,,
2026-08-04T11:27:41.298589+00:00,20260804-112741,https://trends24.in/indonesia/,Tue Aug 04 2026 01:36:29 GMT+0000 (Coordinated Universal Time),28,JISUNG FOR DIOR CAPTURE,jisung for dior capture,,,,,,
2026-08-04T11:27:41.298589+00:00,20260804-112741,https://trends24.in/indonesia/,Tue Aug 04 2026 01:36:29 GMT+0000 (Coordinated Universal Time),29,Morningg,morningg,,,,,,
2026-08-04T11:27:41.298589+00:00,20260804-112741,https://trends24.in/indonesia/,Tue Aug 04 2026 01:36:29 GMT+0000 (Coordinated Universal Time),30,LINGORM PRESENTER SMOOTHE,lingorm presenter smoothe,,,,,,
2026-08-04T11:27:41.298589+00:00,20260804-112741,https://trends24.in/indonesia/,Tue Aug 04 2026 01:36:29 GMT+0000 (Coordinated Universal Time),31,aespalooza takes over,aespalooza takes over,,,,,,
2026-08-04T11:27:41.298589+00:00,20260804-112741,https://trends24.in/indonesia/,Tue Aug 04 2026 01:36:29 GMT+0000 (Coordinated Universal Time),32,Kiper,kiper,,,,,,
2026-08-04T11:27:41.298589+00:00,20260804-112741,https://trends24.in/indonesia/,Tue Aug 04 2026 01:36:29 GMT+0000 (Coordinated Universal Time),33,Klok,klok,,,,,,
2026-08-04T11:27:41.298589+00:00,20260804-112741,https://trends24.in/indonesia/,Tue Aug 04 2026 01:36:29 GMT+0000 (Coordinated Universal Time),34,Diding Boneng,diding boneng,,,,,,
2026-08-04T11:27:41.298589+00:00,20260804-112741,https://trends24.in/indonesia/,Tue Aug 04 2026 01:36:29 GMT+0000 (Coordinated Universal Time),35,Blingy Action Plan D2,blingy action plan d2,,,,,,
2026-08-04T11:27:41.298589+00:00,20260804-112741,https://trends24.in/indonesia/,Tue Aug 04 2026 01:36:29 GMT+0000 (Coordinated Universal Time),36,SODA SODA,soda soda,,,,,,
2026-08-04T11:27:41.298589+00:00,20260804-112741,https://trends24.in/indonesia/,Tue Aug 04 2026 01:36:29 GMT+0000 (Coordinated Universal Time),37,$CATE,$cate,,,,,,
2026-08-04T11:27:41.298589+00:00,20260804-112741,https://trends24.in/indonesia/,Tue Aug 04 2026 01:36:29 GMT+0000 (Coordinated Universal Time),38,Haye,haye,,,,,,
2026-08-04T11:27:41.298589+00:00,20260804-112741,https://trends24.in/indonesia/,Tue Aug 04 2026 01:36:29 GMT+0000 (Coordinated Universal Time),39,Autumn Leaves,autumn leaves,,,,,,
2026-08-04T11:27:41.298589+00:00,20260804-112741,https://trends24.in/indonesia/,Tue Aug 04 2026 01:36:29 GMT+0000 (Coordinated Universal Time),40,Herdman,herdman,,,,,,
2026-08-04T11:27:41.298589+00:00,20260804-112741,https://trends24.in/indonesia/,Tue Aug 04 2026 01:36:29 GMT+0000 (Coordinated Universal Time),41,sangat menyesatkan,sangat menyesatkan,,,,,,
2026-08-04T11:27:41.298589+00:00,20260804-112741,https://trends24.in/indonesia/,Tue Aug 04 2026 01:36:29 GMT+0000 (Coordinated Universal Time),42,FIRSTONE TURNED 26,firstone turned 26,,,,,,
2026-08-04T11:27:41.298589+00:00,20260804-112741,https://trends24.in/indonesia/,Tue Aug 04 2026 01:36:29 GMT+0000 (Coordinated Universal Time),43,DINO X PICHEOLIN DEBUT DAY,dino x picheolin debut day,,,,,,
2026-08-04T11:27:41.298589+00:00,20260804-112741,https://trends24.in/indonesia/,Tue Aug 04 2026 01:36:29 GMT+0000 (Coordinated Universal Time),44,Red Velvet,red velvet,,,,,,
2026-08-04T11:27:41.298589+00:00,20260804-112741,https://trends24.in/indonesia/,Tue Aug 04 2026 01:36:29 GMT+0000 (Coordinated Universal Time),45,Reverse Auction,reverse auction,,,,,,
2026-08-04T11:27:41.298589+00:00,20260804-112741,https://trends24.in/indonesia/,Tue Aug 04 2026 01:36:29 GMT+0000 (Coordinated Universal Time),46,Fulham,fulham,,,,,,
2026-08-04T11:27:41.298589+00:00,20260804-112741,https://trends24.in/indonesia/,Tue Aug 04 2026 01:36:29 GMT+0000 (Coordinated Universal Time),47,pltd merawang,pltd merawang,,,,,,
2026-08-04T11:27:41.298589+00:00,20260804-112741,https://trends24.in/indonesia/,Tue Aug 04 2026 01:36:29 GMT+0000 (Coordinated Universal Time),48,Kelengkeng,kelengkeng,,,,,,
2026-08-04T11:27:41.298589+00:00,20260804-112741,https://trends24.in/indonesia/,Tue Aug 04 2026 01:36:29 GMT+0000 (Coordinated Universal Time),49,krayan,krayan,,,,,,
2026-08-04T11:27:41.298589+00:00,20260804-112741,https://trends24.in/indonesia/,Tue Aug 04 2026 01:36:29 GMT+0000 (Coordinated Universal Time),50,HAPPY 22ND BDAY BARCODE,happy 22nd bday barcode,,,,,,
2026-08-04T11:27:41.298589+00:00,20260804-112741,https://trends24.in/indonesia/,Tue Aug 04 2026 00:44:29 GMT+0000 (Coordinated Universal Time),1,Vietnam,vietnam,,,,,,
2026-08-04T11:27:41.298589+00:00,20260804-112741,https://trends24.in/indonesia/,Tue Aug 04 2026 00:44:29 GMT+0000 (Coordinated Universal Time),2,#TimnasDay,timnasday,,,,,,
2026-08-04T11:27:41.298589+00:00,20260804-112741,https://trends24.in/indonesia/,Tue Aug 04 2026 00:44:29 GMT+0000 (Coordinated Universal Time),3,PSD MOGULARRIVAL FS26,psd mogularrival fs26,,,,,,
2026-08-04T11:27:41.298589+00:00,20260804-112741,https://trends24.in/indonesia/,Tue Aug 04 2026 00:44:29 GMT+0000 (Coordinated Universal Time),4,mengabdi hingga pelosok,mengabdi hingga pelosok,,,,,,
2026-08-04T11:27:41.298589+00:00,20260804-112741,https://trends24.in/indonesia/,Tue Aug 04 2026 00:44:29 GMT+0000 (Coordinated Universal Time),5,Nadeo,nadeo,,,,,,
2026-08-04T11:27:41.298589+00:00,20260804-112741,https://trends24.in/indonesia/,Tue Aug 04 2026 00:44:29 GMT+0000 (Coordinated Universal Time),6,#ã·ãºãã®æãããããªã§ã¦ã¡ãã,ã·ãºãã®æãããããªã§ã¦ã¡ãã,,,,,,
2026-08-04T11:27:41.298589+00:00,20260804-112741,https://trends24.in/indonesia/,Tue Aug 04 2026 00:44:29 GMT+0000 (Coordinated Universal Time),7,#ì¬ëë¥ì´_ì¹ì¹ì¼_ìì¼ì¶íí´ë£,ì¬ëë¥ì´_ì¹ì¹ì¼_ìì¼ì¶íí´ë£,,,,,,
2026-08-04T11:27:41.298589+00:00,20260804-112741,https://trends24.in/indonesia/,Tue Aug 04 2026 00:44:29 GMT+0000 (Coordinated Universal Time),8,#PuppyRyoDay,puppyryoday,,,,,,
2026-08-04T11:27:41.298589+00:00,20260804-112741,https://trends24.in/indonesia/,Tue Aug 04 2026 00:44:29 GMT+0000 (Coordinated Universal Time),9,Pagii,pagii,,,,,,
2026-08-04T11:27:41.298589+00:00,20260804-112741,https://trends24.in/indonesia/,Tue Aug 04 2026 00:44:29 GMT+0000 (Coordinated Universal Time),10,terdepan laksanakan pengabdian,terdepan laksanakan pengabdian,,,,,,
2026-08-04T11:27:41.298589+00:00,20260804-112741,https://trends24.in/indonesia/,Tue Aug 04 2026 00:44:29 GMT+0000 (Coordinated Universal Time),11,Kimpul,kimpul,,,,,,
2026-08-04T11:27:41.298589+00:00,20260804-112741,https://trends24.in/indonesia/,Tue Aug 04 2026 00:44:29 GMT+0000 (Coordinated Universal Time),12,#promoawesomea27,promoawesomea27,,,,,,
2026-08-04T11:27:41.298589+00:00,20260804-112741,https://trends24.in/indonesia/,Tue Aug 04 2026 00:44:29 GMT+0000 (Coordinated Universal Time),13,Senin,senin,,,,,,
2026-08-04T11:27:41.298589+00:00,20260804-112741,https://trends24.in/indonesia/,Tue Aug 04 2026 00:44:29 GMT+0000 (Coordinated Universal Time),14,lawan provokasi buzzer,lawan provokasi buzzer,,,,,,
2026-08-04T11:27:41.298589+00:00,20260804-112741,https://trends24.in/indonesia/,Tue Aug 04 2026 00:44:29 GMT+0000 (Coordinated Universal Time),15,RESPECT JUHOON'S RIGHTS,respect juhoon's rights,,,,,,
2026-08-04T11:27:41.298589+00:00,20260804-112741,https://trends24.in/indonesia/,Tue Aug 04 2026 00:44:29 GMT+0000 (Coordinated Universal Time),16,Ridho,ridho,,,,,,
2026-08-04T11:27:41.298589+00:00,20260804-112741,https://trends24.in/indonesia/,Tue Aug 04 2026 00:44:29 GMT+0000 (Coordinated Universal Time),17,solusi rumah rakyat terjangkau,solusi rumah rakyat terjangkau,,,,,,
2026-08-04T11:27:41.298589+00:00,20260804-112741,https://trends24.in/indonesia/,Tue Aug 04 2026 00:44:29 GMT+0000 (Coordinated Universal Time),18,Selasa,selasa,,,,,,
2026-08-04T11:27:41.298589+00:00,20260804-112741,https://trends24.in/indonesia/,Tue Aug 04 2026 00:44:29 GMT+0000 (Coordinated Universal Time),19,Nguyen,nguyen,,,,,,
2026-08-04T11:27:41.298589+00:00,20260804-112741,https://trends24.in/indonesia/,Tue Aug 04 2026 00:44:29 GMT+0000 (Coordinated Universal Time),20,galaxy a27 5g,galaxy a27 5g,,,,,,
2026-08-04T11:27:41.298589+00:00,20260804-112741,https://trends24.in/indonesia/,Tue Aug 04 2026 00:44:29 GMT+0000 (Coordinated Universal Time),21,Jordi,jordi,,,,,,
2026-08-04T11:27:41.298589+00:00,20260804-112741,https://trends24.in/indonesia/,Tue Aug 04 2026 00:44:29 GMT+0000 (Coordinated Universal Time),22,Pesan Menag,pesan menag,,,,,,
2026-08-04T11:27:41.298589+00:00,20260804-112741,https://trends24.in/indonesia/,Tue Aug 04 2026 00:44:29 GMT+0000 (Coordinated Universal Time),23,Singapura,singapura,,,,,,
2026-08-04T11:27:41.298589+00:00,20260804-112741,https://trends24.in/indonesia/,Tue Aug 04 2026 00:44:29 GMT+0000 (Coordinated Universal Time),24,BPJS,bpjs,,,,,,
2026-08-04T11:27:41.298589+00:00,20260804-112741,https://trends24.in/indonesia/,Tue Aug 04 2026 00:44:29 GMT+0000 (Coordinated Universal Time),25,JISUNG FOR DIOR CAPTURE,jisung for dior capture,,,,,,
2026-08-04T11:27:41.298589+00:00,20260804-112741,https://trends24.in/indonesia/,Tue Aug 04 2026 00:44:29 GMT+0000 (Coordinated Universal Time),26,Fulham,fulham,,,,,,
2026-08-04T11:27:41.298589+00:00,20260804-112741,https://trends24.in/indonesia/,Tue Aug 04 2026 00:44:29 GMT+0000 (Coordinated Universal Time),27,WILLIAM X WOODY,william x woody,,,,,,
2026-08-04T11:27:41.298589+00:00,20260804-112741,https://trends24.in/indonesia/,Tue Aug 04 2026 00:44:29 GMT+0000 (Coordinated Universal Time),28,love to serve 2nd ep,love to serve 2nd ep,,,,,,
2026-08-04T11:27:41.298589+00:00,20260804-112741,https://trends24.in/indonesia/,Tue Aug 04 2026 00:44:29 GMT+0000 (Coordinated Universal Time),29,LINGORM PRESENTER SMOOTHE,lingorm presenter smoothe,,,,,,
2026-08-04T11:27:41.298589+00:00,20260804-112741,https://trends24.in/indonesia/,Tue Aug 04 2026 00:44:29 GMT+0000 (Coordinated Universal Time),30,aespalooza takes over,aespalooza takes over,,,,,,
2026-08-04T11:27:41.298589+00:00,20260804-112741,https://trends24.in/indonesia/,Tue Aug 04 2026 00:44:29 GMT+0000 (Coordinated Universal Time),31,Morningg,morningg,,,,,,
2026-08-04T11:27:41.298589+00:00,20260804-112741,https://trends24.in/indonesia/,Tue Aug 04 2026 00:44:29 GMT+0000 (Coordinated Universal Time),32,Kiper,kiper,,,,,,
2026-08-04T11:27:41.298589+00:00,20260804-112741,https://trends24.in/indonesia/,Tue Aug 04 2026 00:44:29 GMT+0000 (Coordinated Universal Time),33,Diding Boneng,diding boneng,,,,,,
2026-08-04T11:27:41.298589+00:00,20260804-112741,https://trends24.in/indonesia/,Tue Aug 04 2026 00:44:29 GMT+0000 (Coordinated Universal Time),34,Blingy Action Plan D2,blingy action plan d2,,,,,,
2026-08-04T11:27:41.298589+00:00,20260804-112741,https://trends24.in/indonesia/,Tue Aug 04 2026 00:44:29 GMT+0000 (Coordinated Universal Time),35,$CATE,$cate,,,,,,
2026-08-04T11:27:41.298589+00:00,20260804-112741,https://trends24.in/indonesia/,Tue Aug 04 2026 00:44:29 GMT+0000 (Coordinated Universal Time),36,Velvet Summer Out Now,velvet summer out now,,,,,,
2026-08-04T11:27:41.298589+00:00,20260804-112741,https://trends24.in/indonesia/,Tue Aug 04 2026 00:44:29 GMT+0000 (Coordinated Universal Time),37,Haye,haye,,,,,,
2026-08-04T11:27:41.298589+00:00,20260804-112741,https://trends24.in/indonesia/,Tue Aug 04 2026 00:44:29 GMT+0000 (Coordinated Universal Time),38,Autumn Leaves,autumn leaves,,,,,,
2026-08-04T11:27:41.298589+00:00,20260804-112741,https://trends24.in/indonesia/,Tue Aug 04 2026 00:44:29 GMT+0000 (Coordinated Universal Time),39,apel pagi,apel pagi,,,,,,
2026-08-04T11:27:41.298589+00:00,20260804-112741,https://trends24.in/indonesia/,Tue Aug 04 2026 00:44:29 GMT+0000 (Coordinated Universal Time),40,Klok,klok,,,,,,
2026-08-04T11:27:41.298589+00:00,20260804-112741,https://trends24.in/indonesia/,Tue Aug 04 2026 00:44:29 GMT+0000 (Coordinated Universal Time),41,SODA SODA,soda soda,,,,,,
2026-08-04T11:27:41.298589+00:00,20260804-112741,https://trends24.in/indonesia/,Tue Aug 04 2026 00:44:29 GMT+0000 (Coordinated Universal Time),42,Herdman,herdman,,,,,,
2026-08-04T11:27:41.298589+00:00,20260804-112741,https://trends24.in/indonesia/,Tue Aug 04 2026 00:44:29 GMT+0000 (Coordinated Universal Time),43,sangat menyesatkan,sangat menyesatkan,,,,,,
2026-08-04T11:27:41.298589+00:00,20260804-112741,https://trends24.in/indonesia/,Tue Aug 04 2026 00:44:29 GMT+0000 (Coordinated Universal Time),44,Sarapan,sarapan,,,,,,
2026-08-04T11:27:41.298589+00:00,20260804-112741,https://trends24.in/indonesia/,Tue Aug 04 2026 00:44:29 GMT+0000 (Coordinated Universal Time),45,FIRSTONE TURNED 26,firstone turned 26,,,,,,
2026-08-04T11:27:41.298589+00:00,20260804-112741,https://trends24.in/indonesia/,Tue Aug 04 2026 00:44:29 GMT+0000 (Coordinated Universal Time),46,DINO X PICHEOLIN DEBUT DAY,dino x picheolin debut day,,,,,,
2026-08-04T11:27:41.298589+00:00,20260804-112741,https://trends24.in/indonesia/,Tue Aug 04 2026 00:44:29 GMT+0000 (Coordinated Universal Time),47,Red Velvet,red velvet,,,,,,
2026-08-04T11:27:41.298589+00:00,20260804-112741,https://trends24.in/indonesia/,Tue Aug 04 2026 00:44:29 GMT+0000 (Coordinated Universal Time),48,Waalaikumsalam,waalaikumsalam,,,,,,
2026-08-04T11:27:41.298589+00:00,20260804-112741,https://trends24.in/indonesia/,Tue Aug 04 2026 00:44:29 GMT+0000 (Coordinated Universal Time),49,Reverse Auction,reverse auction,,,,,,
2026-08-04T11:27:41.298589+00:00,20260804-112741,https://trends24.in/indonesia/,Tue Aug 04 2026 00:44:29 GMT+0000 (Coordinated Universal Time),50,pltd merawang,pltd merawang,,,,,,
2026-08-04T11:27:41.298589+00:00,20260804-112741,https://trends24.in/indonesia/,Mon Aug 03 2026 23:52:29 GMT+0000 (Coordinated Universal Time),1,Vietnam,vietnam,,,,,,
2026-08-04T11:27:41.298589+00:00,20260804-112741,https://trends24.in/indonesia/,Mon Aug 03 2026 23:52:29 GMT+0000 (Coordinated Universal Time),2,PSD MOGULARRIVAL FS26,psd mogularrival fs26,,,,,,
2026-08-04T11:27:41.298589+00:00,20260804-112741,https://trends24.in/indonesia/,Mon Aug 03 2026 23:52:29 GMT+0000 (Coordinated Universal Time),3,mengabdi hingga pelosok,mengabdi hingga pelosok,,,,,,
2026-08-04T11:27:41.298589+00:00,20260804-112741,https://trends24.in/indonesia/,Mon Aug 03 2026 23:52:29 GMT+0000 (Coordinated Universal Time),4,Nadeo,nadeo,,,,,,
2026-08-04T11:27:41.298589+00:00,20260804-112741,https://trends24.in/indonesia/,Mon Aug 03 2026 23:52:29 GMT+0000 (Coordinated Universal Time),5,#ã·ãºãã®æãããããªã§ã¦ã¡ãã,ã·ãºãã®æãããããªã§ã¦ã¡ãã,,,,,,
2026-08-04T11:27:41.298589+00:00,20260804-112741,https://trends24.in/indonesia/,Mon Aug 03 2026 23:52:29 GMT+0000 (Coordinated Universal Time),6,#PuppyRyoDay,puppyryoday,,,,,,
2026-08-04T11:27:41.298589+00:00,20260804-112741,https://trends24.in/indonesia/,Mon Aug 03 2026 23:52:29 GMT+0000 (Coordinated Universal Time),7,#ì¬ëë¥ì´_ì¹ì¹ì¼_ìì¼ì¶íí´ë£,ì¬ëë¥ì´_ì¹ì¹ì¼_ìì¼ì¶íí´ë£,,,,,,
2026-08-04T11:27:41.298589+00:00,20260804-112741,https://trends24.in/indonesia/,Mon Aug 03 2026 23:52:29 GMT+0000 (Coordinated Universal Time),8,terdepan laksanakan pengabdian,terdepan laksanakan pengabdian,,,,,,
2026-08-04T11:27:41.298589+00:00,20260804-112741,https://trends24.in/indonesia/,Mon Aug 03 2026 23:52:29 GMT+0000 (Coordinated Universal Time),9,Kimpul,kimpul,,,,,,
2026-08-04T11:27:41.298589+00:00,20260804-112741,https://trends24.in/indonesia/,Mon Aug 03 2026 23:52:29 GMT+0000 (Coordinated Universal Time),10,Senin,senin,,,,,,
2026-08-04T11:27:41.298589+00:00,20260804-112741,https://trends24.in/indonesia/,Mon Aug 03 2026 23:52:29 GMT+0000 (Coordinated Universal Time),11,#promoawesomea27,promoawesomea27,,,,,,
2026-08-04T11:27:41.298589+00:00,20260804-112741,https://trends24.in/indonesia/,Mon Aug 03 2026 23:52:29 GMT+0000 (Coordinated Universal Time),12,lawan provokasi buzzer,lawan provokasi buzzer,,,,,,
2026-08-04T11:27:41.298589+00:00,20260804-112741,https://trends24.in/indonesia/,Mon Aug 03 2026 23:52:29 GMT+0000 (Coordinated Universal Time),13,#FairTreatmentForJUHOON,fairtreatmentforjuhoon,,,,,,
2026-08-04T11:27:41.298589+00:00,20260804-112741,https://trends24.in/indonesia/,Mon Aug 03 2026 23:52:29 GMT+0000 (Coordinated Universal Time),14,RESPECT JUHOON'S RIGHTS,respect juhoon's rights,,,,,,
2026-08-04T11:27:41.298589+00:00,20260804-112741,https://trends24.in/indonesia/,Mon Aug 03 2026 23:52:29 GMT+0000 (Coordinated Universal Time),15,Ridho,ridho,,,,,,
2026-08-04T11:27:41.298589+00:00,20260804-112741,https://trends24.in/indonesia/,Mon Aug 03 2026 23:52:29 GMT+0000 (Coordinated Universal Time),16,solusi rumah rakyat terjangkau,solusi rumah rakyat terjangkau,,,,,,
2026-08-04T11:27:41.298589+00:00,20260804-112741,https://trends24.in/indonesia/,Mon Aug 03 2026 23:52:29 GMT+0000 (Coordinated Universal Time),17,Nguyen,nguyen,,,,,,
2026-08-04T11:27:41.298589+00:00,20260804-112741,https://trends24.in/indonesia/,Mon Aug 03 2026 23:52:29 GMT+0000 (Coordinated Universal Time),18,galaxy a27 5g,galaxy a27 5g,,,,,,
2026-08-04T11:27:41.298589+00:00,20260804-112741,https://trends24.in/indonesia/,Mon Aug 03 2026 23:52:29 GMT+0000 (Coordinated Universal Time),19,Jordi,jordi,,,,,,
2026-08-04T11:27:41.298589+00:00,20260804-112741,https://trends24.in/indonesia/,Mon Aug 03 2026 23:52:29 GMT+0000 (Coordinated Universal Time),20,Pesan Menag,pesan menag,,,,,,
2026-08-04T11:27:41.298589+00:00,20260804-112741,https://trends24.in/indonesia/,Mon Aug 03 2026 23:52:29 GMT+0000 (Coordinated Universal Time),21,jisung for dior capture,jisung for dior capture,,,,,,
2026-08-04T11:27:41.298589+00:00,20260804-112741,https://trends24.in/indonesia/,Mon Aug 03 2026 23:52:29 GMT+0000 (Coordinated Universal Time),22,Singapura,singapura,,,,,,
2026-08-04T11:27:41.298589+00:00,20260804-112741,https://trends24.in/indonesia/,Mon Aug 03 2026 23:52:29 GMT+0000 (Coordinated Universal Time),23,Pagii,pagii,,,,,,
2026-08-04T11:27:41.298589+00:00,20260804-112741,https://trends24.in/indonesia/,Mon Aug 03 2026 23:52:29 GMT+0000 (Coordinated Universal Time),24,WILLIAM X WOODY,william x woody,,,,,,
2026-08-04T11:27:41.298589+00:00,20260804-112741,https://trends24.in/indonesia/,Mon Aug 03 2026 23:52:29 GMT+0000 (Coordinated Universal Time),25,love to serve 2nd ep,love to serve 2nd ep,,,,,,
2026-08-04T11:27:41.298589+00:00,20260804-112741,https://trends24.in/indonesia/,Mon Aug 03 2026 23:52:29 GMT+0000 (Coordinated Universal Time),26,LINGORM PRESENTER SMOOTHE,lingorm presenter smoothe,,,,,,
2026-08-04T11:27:41.298589+00:00,20260804-112741,https://trends24.in/indonesia/,Mon Aug 03 2026 23:52:29 GMT+0000 (Coordinated Universal Time),27,DINO X PICHEOLIN DEBUT DAY,dino x picheolin debut day,,,,,,
2026-08-04T11:27:41.298589+00:00,20260804-112741,https://trends24.in/indonesia/,Mon Aug 03 2026 23:52:29 GMT+0000 (Coordinated Universal Time),28,AESPALOOZA TAKES OVER,aespalooza takes over,,,,,,
2026-08-04T11:27:41.298589+00:00,20260804-112741,https://trends24.in/indonesia/,Mon Aug 03 2026 23:52:29 GMT+0000 (Coordinated Universal Time),29,Kiper,kiper,,,,,,
2026-08-04T11:27:41.298589+00:00,20260804-112741,https://trends24.in/indonesia/,Mon Aug 03 2026 23:52:29 GMT+0000 (Coordinated Universal Time),30,Blingy Action Plan D2,blingy action plan d2,,,,,,
2026-08-04T11:27:41.298589+00:00,20260804-112741,https://trends24.in/indonesia/,Mon Aug 03 2026 23:52:29 GMT+0000 (Coordinated Universal Time),31,Diding Boneng,diding boneng,,,,,,
2026-08-04T11:27:41.298589+00:00,20260804-112741,https://trends24.in/indonesia/,Mon Aug 03 2026 23:52:29 GMT+0000 (Coordinated Universal Time),32,$CATE,$cate,,,,,,
2026-08-04T11:27:41.298589+00:00,20260804-112741,https://trends24.in/indonesia/,Mon Aug 03 2026 23:52:29 GMT+0000 (Coordinated Universal Time),33,Velvet Summer Out Now,velvet summer out now,,,,,,
2026-08-04T11:27:41.298589+00:00,20260804-112741,https://trends24.in/indonesia/,Mon Aug 03 2026 23:52:29 GMT+0000 (Coordinated Universal Time),34,apel pagi,apel pagi,,,,,,
2026-08-04T11:27:41.298589+00:00,20260804-112741,https://trends24.in/indonesia/,Mon Aug 03 2026 23:52:29 GMT+0000 (Coordinated Universal Time),35,Selasa,selasa,,,,,,
2026-08-04T11:27:41.298589+00:00,20260804-112741,https://trends24.in/indonesia/,Mon Aug 03 2026 23:52:29 GMT+0000 (Coordinated Universal Time),36,Haye,haye,,,,,,
2026-08-04T11:27:41.298589+00:00,20260804-112741,https://trends24.in/indonesia/,Mon Aug 03 2026 23:52:29 GMT+0000 (Coordinated Universal Time),37,Fulham,fulham,,,,,,
2026-08-04T11:27:41.298589+00:00,20260804-112741,https://trends24.in/indonesia/,Mon Aug 03 2026 23:52:29 GMT+0000 (Coordinated Universal Time),38,SODA SODA,soda soda,,,,,,
2026-08-04T11:27:41.298589+00:00,20260804-112741,https://trends24.in/indonesia/,Mon Aug 03 2026 23:52:29 GMT+0000 (Coordinated Universal Time),39,Herdman,herdman,,,,,,
2026-08-04T11:27:41.298589+00:00,20260804-112741,https://trends24.in/indonesia/,Mon Aug 03 2026 23:52:29 GMT+0000 (Coordinated Universal Time),40,sangat menyesatkan,sangat menyesatkan,,,,,,
2026-08-04T11:27:41.298589+00:00,20260804-112741,https://trends24.in/indonesia/,Mon Aug 03 2026 23:52:29 GMT+0000 (Coordinated Universal Time),41,Klok,klok,,,,,,
2026-08-04T11:27:41.298589+00:00,20260804-112741,https://trends24.in/indonesia/,Mon Aug 03 2026 23:52:29 GMT+0000 (Coordinated Universal Time),42,Autumn Leaves,autumn leaves,,,,,,
2026-08-04T11:27:41.298589+00:00,20260804-112741,https://trends24.in/indonesia/,Mon Aug 03 2026 23:52:29 GMT+0000 (Coordinated Universal Time),43,FIRSTONE TURNED 26,firstone turned 26,,,,,,
2026-08-04T11:27:41.298589+00:00,20260804-112741,https://trends24.in/indonesia/,Mon Aug 03 2026 23:52:29 GMT+0000 (Coordinated Universal Time),44,menteri desa pdt,menteri desa pdt,,,,,,
2026-08-04T11:27:41.298589+00:00,20260804-112741,https://trends24.in/indonesia/,Mon Aug 03 2026 23:52:29 GMT+0000 (Coordinated Universal Time),45,NUNEW INVESTIGATION,nunew investigation,,,,,,
2026-08-04T11:27:41.298589+00:00,20260804-112741,https://trends24.in/indonesia/,Mon Aug 03 2026 23:52:29 GMT+0000 (Coordinated Universal Time),46,Red Velvet,red velvet,,,,,,
2026-08-04T11:27:41.298589+00:00,20260804-112741,https://trends24.in/indonesia/,Mon Aug 03 2026 23:52:29 GMT+0000 (Coordinated Universal Time),47,The Grim Lover Q18,the grim lover q18,,,,,,
2026-08-04T11:27:41.298589+00:00,20260804-112741,https://trends24.in/indonesia/,Mon Aug 03 2026 23:52:29 GMT+0000 (Coordinated Universal Time),48,Reverse Auction,reverse auction,,,,,,
2026-08-04T11:27:41.298589+00:00,20260804-112741,https://trends24.in/indonesia/,Mon Aug 03 2026 23:52:29 GMT+0000 (Coordinated Universal Time),49,pltd merawang,pltd merawang,,,,,,
2026-08-04T11:27:41.298589+00:00,20260804-112741,https://trends24.in/indonesia/,Mon Aug 03 2026 23:52:29 GMT+0000 (Coordinated Universal Time),50,krayan,krayan,,,,,,
2026-08-04T11:27:41.298589+00:00,20260804-112741,https://trends24.in/indonesia/,Mon Aug 03 2026 23:00:41 GMT+0000 (Coordinated Universal Time),1,Vietnam,vietnam,,,,,,
2026-08-04T11:27:41.298589+00:00,20260804-112741,https://trends24.in/indonesia/,Mon Aug 03 2026 23:00:41 GMT+0000 (Coordinated Universal Time),2,#TimnasDay,timnasday,,,,,,
2026-08-04T11:27:41.298589+00:00,20260804-112741,https://trends24.in/indonesia/,Mon Aug 03 2026 23:00:41 GMT+0000 (Coordinated Universal Time),3,PSD MOGULARRIVAL FS26,psd mogularrival fs26,,,,,,
2026-08-04T11:27:41.298589+00:00,20260804-112741,https://trends24.in/indonesia/,Mon Aug 03 2026 23:00:41 GMT+0000 (Coordinated Universal Time),4,mengabdi hingga pelosok,mengabdi hingga pelosok,,,,,,
2026-08-04T11:27:41.298589+00:00,20260804-112741,https://trends24.in/indonesia/,Mon Aug 03 2026 23:00:41 GMT+0000 (Coordinated Universal Time),5,Nadeo,nadeo,,,,,,
2026-08-04T11:27:41.298589+00:00,20260804-112741,https://trends24.in/indonesia/,Mon Aug 03 2026 23:00:41 GMT+0000 (Coordinated Universal Time),6,#PuppyRyoDay,puppyryoday,,,,,,
2026-08-04T11:27:41.298589+00:00,20260804-112741,https://trends24.in/indonesia/,Mon Aug 03 2026 23:00:41 GMT+0000 (Coordinated Universal Time),7,#ã·ãºãã®æãããããªã§ã¦ã¡ãã,ã·ãºãã®æãããããªã§ã¦ã¡ãã,,,,,,
2026-08-04T11:27:41.298589+00:00,20260804-112741,https://trends24.in/indonesia/,Mon Aug 03 2026 23:00:41 GMT+0000 (Coordinated Universal Time),8,#ì¬ëë¥ì´_ì¹ì¹ì¼_ìì¼ì¶íí´ë£,ì¬ëë¥ì´_ì¹ì¹ì¼_ìì¼ì¶íí´ë£,,,,,,
2026-08-04T11:27:41.298589+00:00,20260804-112741,https://trends24.in/indonesia/,Mon Aug 03 2026 23:00:41 GMT+0000 (Coordinated Universal Time),9,Kimpul,kimpul,,,,,,
2026-08-04T11:27:41.298589+00:00,20260804-112741,https://trends24.in/indonesia/,Mon Aug 03 2026 23:00:41 GMT+0000 (Coordinated Universal Time),10,terdepan laksanakan pengabdian,terdepan laksanakan pengabdian,,,,,,
2026-08-04T11:27:41.298589+00:00,20260804-112741,https://trends24.in/indonesia/,Mon Aug 03 2026 23:00:41 GMT+0000 (Coordinated Universal Time),11,Senin,senin,,,,,,
2026-08-04T11:27:41.298589+00:00,20260804-112741,https://trends24.in/indonesia/,Mon Aug 03 2026 23:00:41 GMT+0000 (Coordinated Universal Time),12,#mengabdimelayaninegeri,mengabdimelayaninegeri,,,,,,
2026-08-04T11:27:41.298589+00:00,20260804-112741,https://trends24.in/indonesia/,Mon Aug 03 2026 23:00:41 GMT+0000 (Coordinated Universal Time),13,lawan provokasi buzzer,lawan provokasi buzzer,,,,,,
2026-08-04T11:27:41.298589+00:00,20260804-112741,https://trends24.in/indonesia/,Mon Aug 03 2026 23:00:41 GMT+0000 (Coordinated Universal Time),14,Ridho,ridho,,,,,,
2026-08-04T11:27:41.298589+00:00,20260804-112741,https://trends24.in/indonesia/,Mon Aug 03 2026 23:00:41 GMT+0000 (Coordinated Universal Time),15,RESPECT JUHOON'S RIGHTS,respect juhoon's rights,,,,,,
2026-08-04T11:27:41.298589+00:00,20260804-112741,https://trends24.in/indonesia/,Mon Aug 03 2026 23:00:41 GMT+0000 (Coordinated Universal Time),16,solusi rumah rakyat terjangkau,solusi rumah rakyat terjangkau,,,,,,
2026-08-04T11:27:41.298589+00:00,20260804-112741,https://trends24.in/indonesia/,Mon Aug 03 2026 23:00:41 GMT+0000 (Coordinated Universal Time),17,Nguyen,nguyen,,,,,,
2026-08-04T11:27:41.298589+00:00,20260804-112741,https://trends24.in/indonesia/,Mon Aug 03 2026 23:00:41 GMT+0000 (Coordinated Universal Time),18,galaxy a27 5g,galaxy a27 5g,,,,,,
2026-08-04T11:27:41.298589+00:00,20260804-112741,https://trends24.in/indonesia/,Mon Aug 03 2026 23:00:41 GMT+0000 (Coordinated Universal Time),19,Jordi,jordi,,,,,,
2026-08-04T11:27:41.298589+00:00,20260804-112741,https://trends24.in/indonesia/,Mon Aug 03 2026 23:00:41 GMT+0000 (Coordinated Universal Time),20,Pesan Menag,pesan menag,,,,,,
2026-08-04T11:27:41.298589+00:00,20260804-112741,https://trends24.in/indonesia/,Mon Aug 03 2026 23:00:41 GMT+0000 (Coordinated Universal Time),21,JISUNG FOR DIOR CAPTURE,jisung for dior capture,,,,,,
2026-08-04T11:27:41.298589+00:00,20260804-112741,https://trends24.in/indonesia/,Mon Aug 03 2026 23:00:41 GMT+0000 (Coordinated Universal Time),22,Singapura,singapura,,,,,,
2026-08-04T11:27:41.298589+00:00,20260804-112741,https://trends24.in/indonesia/,Mon Aug 03 2026 23:00:41 GMT+0000 (Coordinated Universal Time),23,WILLIAM X WOODY,william x woody,,,,,,
2026-08-04T11:27:41.298589+00:00,20260804-112741,https://trends24.in/indonesia/,Mon Aug 03 2026 23:00:41 GMT+0000 (Coordinated Universal Time),24,love to serve 2nd ep,love to serve 2nd ep,,,,,,
2026-08-04T11:27:41.298589+00:00,20260804-112741,https://trends24.in/indonesia/,Mon Aug 03 2026 23:00:41 GMT+0000 (Coordinated Universal Time),25,LINGORM PRESENTER SMOOTHE,lingorm presenter smoothe,,,,,,
2026-08-04T11:27:41.298589+00:00,20260804-112741,https://trends24.in/indonesia/,Mon Aug 03 2026 23:00:41 GMT+0000 (Coordinated Universal Time),26,DINO X PICHEOLIN DEBUT DAY,dino x picheolin debut day,,,,,,
2026-08-04T11:27:41.298589+00:00,20260804-112741,https://trends24.in/indonesia/,Mon Aug 03 2026 23:00:41 GMT+0000 (Coordinated Universal Time),27,Kiper,kiper,,,,,,
2026-08-04T11:27:41.298589+00:00,20260804-112741,https://trends24.in/indonesia/,Mon Aug 03 2026 23:00:41 GMT+0000 (Coordinated Universal Time),28,Autumn Leaves,autumn leaves,,,,,,
2026-08-04T11:27:41.298589+00:00,20260804-112741,https://trends24.in/indonesia/,Mon Aug 03 2026 23:00:41 GMT+0000 (Coordinated Universal Time),29,Diding Boneng,diding boneng,,,,,,
2026-08-04T11:27:41.298589+00:00,20260804-112741,https://trends24.in/indonesia/,Mon Aug 03 2026 23:00:41 GMT+0000 (Coordinated Universal Time),30,Blingy Action Plan D2,blingy action plan d2,,,,,,
2026-08-04T11:27:41.298589+00:00,20260804-112741,https://trends24.in/indonesia/,Mon Aug 03 2026 23:00:41 GMT+0000 (Coordinated Universal Time),31,Fulham,fulham,,,,,,
2026-08-04T11:27:41.298589+00:00,20260804-112741,https://trends24.in/indonesia/,Mon Aug 03 2026 23:00:41 GMT+0000 (Coordinated Universal Time),32,Velvet Summer Out Now,velvet summer out now,,,,,,
2026-08-04T11:27:41.298589+00:00,20260804-112741,https://trends24.in/indonesia/,Mon Aug 03 2026 23:00:41 GMT+0000 (Coordinated Universal Time),33,Herdman,herdman,,,,,,
2026-08-04T11:27:41.298589+00:00,20260804-112741,https://trends24.in/indonesia/,Mon Aug 03 2026 23:00:41 GMT+0000 (Coordinated Universal Time),34,apel pagi,apel pagi,,,,,,
2026-08-04T11:27:41.298589+00:00,20260804-112741,https://trends24.in/indonesia/,Mon Aug 03 2026 23:00:41 GMT+0000 (Coordinated Universal Time),35,$CATE,$cate,,,,,,
2026-08-04T11:27:41.298589+00:00,20260804-112741,https://trends24.in/indonesia/,Mon Aug 03 2026 23:00:41 GMT+0000 (Coordinated Universal Time),36,Haye,haye,,,,,,
2026-08-04T11:27:41.298589+00:00,20260804-112741,https://trends24.in/indonesia/,Mon Aug 03 2026 23:00:41 GMT+0000 (Coordinated Universal Time),37,SODA SODA,soda soda,,,,,,
2026-08-04T11:27:41.298589+00:00,20260804-112741,https://trends24.in/indonesia/,Mon Aug 03 2026 23:00:41 GMT+0000 (Coordinated Universal Time),38,sangat menyesatkan,sangat menyesatkan,,,,,,
2026-08-04T11:27:41.298589+00:00,20260804-112741,https://trends24.in/indonesia/,Mon Aug 03 2026 23:00:41 GMT+0000 (Coordinated Universal Time),39,Klok,klok,,,,,,
2026-08-04T11:27:41.298589+00:00,20260804-112741,https://trends24.in/indonesia/,Mon Aug 03 2026 23:00:41 GMT+0000 (Coordinated Universal Time),40,FIRSTONE TURNED 26,firstone turned 26,,,,,,
2026-08-04T11:27:41.298589+00:00,20260804-112741,https://trends24.in/indonesia/,Mon Aug 03 2026 23:00:41 GMT+0000 (Coordinated Universal Time),41,menteri desa pdt,menteri desa pdt,,,,,,
2026-08-04T11:27:41.298589+00:00,20260804-112741,https://trends24.in/indonesia/,Mon Aug 03 2026 23:00:41 GMT+0000 (Coordinated Universal Time),42,NUNEW INVESTIGATION,nunew investigation,,,,,,
2026-08-04T11:27:41.298589+00:00,20260804-112741,https://trends24.in/indonesia/,Mon Aug 03 2026 23:00:41 GMT+0000 (Coordinated Universal Time),43,Red Velvet,red velvet,,,,,,
2026-08-04T11:27:41.298589+00:00,20260804-112741,https://trends24.in/indonesia/,Mon Aug 03 2026 23:00:41 GMT+0000 (Coordinated Universal Time),44,polresta karawang,polresta karawang,,,,,,
2026-08-04T11:27:41.298589+00:00,20260804-112741,https://trends24.in/indonesia/,Mon Aug 03 2026 23:00:41 GMT+0000 (Coordinated Universal Time),45,The Grim Lover Q18,the grim lover q18,,,,,,
2026-08-04T11:27:41.298589+00:00,20260804-112741,https://trends24.in/indonesia/,Mon Aug 03 2026 23:00:41 GMT+0000 (Coordinated Universal Time),46,Reverse Auction,reverse auction,,,,,,
2026-08-04T11:27:41.298589+00:00,20260804-112741,https://trends24.in/indonesia/,Mon Aug 03 2026 23:00:41 GMT+0000 (Coordinated Universal Time),47,pltd merawang,pltd merawang,,,,,,
2026-08-04T11:27:41.298589+00:00,20260804-112741,https://trends24.in/indonesia/,Mon Aug 03 2026 23:00:41 GMT+0000 (Coordinated Universal Time),48,krayan,krayan,,,,,,
2026-08-04T11:27:41.298589+00:00,20260804-112741,https://trends24.in/indonesia/,Mon Aug 03 2026 23:00:41 GMT+0000 (Coordinated Universal Time),49,PHOTOMATICS,photomatics,,,,,,
2026-08-04T11:27:41.298589+00:00,20260804-112741,https://trends24.in/indonesia/,Mon Aug 03 2026 23:00:41 GMT+0000 (Coordinated Universal Time),50,tentara nasional indonesia,tentara nasional indonesia,,,,,,
2026-08-04T11:27:41.298589+00:00,20260804-112741,https://trends24.in/indonesia/,Mon Aug 03 2026 22:09:40 GMT+0000 (Coordinated Universal Time),1,Vietnam,vietnam,,,,,,
2026-08-04T11:27:41.298589+00:00,20260804-112741,https://trends24.in/indonesia/,Mon Aug 03 2026 22:09:40 GMT+0000 (Coordinated Universal Time),2,#TimnasDay,timnasday,,,,,,
2026-08-04T11:27:41.298589+00:00,20260804-112741,https://trends24.in/indonesia/,Mon Aug 03 2026 22:09:40 GMT+0000 (Coordinated Universal Time),3,PSD MOGULARRIVAL FS26,psd mogularrival fs26,,,,,,
2026-08-04T11:27:41.298589+00:00,20260804-112741,https://trends24.in/indonesia/,Mon Aug 03 2026 22:09:40 GMT+0000 (Coordinated Universal Time),4,mengabdi hingga pelosok,mengabdi hingga pelosok,,,,,,
2026-08-04T11:27:41.298589+00:00,20260804-112741,https://trends24.in/indonesia/,Mon Aug 03 2026 22:09:40 GMT+0000 (Coordinated Universal Time),5,Nadeo,nadeo,,,,,,
2026-08-04T11:27:41.298589+00:00,20260804-112741,https://trends24.in/indonesia/,Mon Aug 03 2026 22:09:40 GMT+0000 (Coordinated Universal Time),6,#PuppyRyoDay,puppyryoday,,,,,,
2026-08-04T11:27:41.298589+00:00,20260804-112741,https://trends24.in/indonesia/,Mon Aug 03 2026 22:09:40 GMT+0000 (Coordinated Universal Time),7,#ã·ãºãã®æãããããªã§ã¦ã¡ãã,ã·ãºãã®æãããããªã§ã¦ã¡ãã,,,,,,
2026-08-04T11:27:41.298589+00:00,20260804-112741,https://trends24.in/indonesia/,Mon Aug 03 2026 22:09:40 GMT+0000 (Coordinated Universal Time),8,#ì¬ëë¥ì´_ì¹ì¹ì¼_ìì¼ì¶íí´ë£,ì¬ëë¥ì´_ì¹ì¹ì¼_ìì¼ì¶íí´ë£,,,,,,
2026-08-04T11:27:41.298589+00:00,20260804-112741,https://trends24.in/indonesia/,Mon Aug 03 2026 22:09:40 GMT+0000 (Coordinated Universal Time),9,Kimpul,kimpul,,,,,,
2026-08-04T11:27:41.298589+00:00,20260804-112741,https://trends24.in/indonesia/,Mon Aug 03 2026 22:09:40 GMT+0000 (Coordinated Universal Time),10,Senin,senin,,,,,,
2026-08-04T11:27:41.298589+00:00,20260804-112741,https://trends24.in/indonesia/,Mon Aug 03 2026 22:09:40 GMT+0000 (Coordinated Universal Time),11,terdepan laksanakan pengabdian,terdepan laksanakan pengabdian,,,,,,
2026-08-04T11:27:41.298589+00:00,20260804-112741,https://trends24.in/indonesia/,Mon Aug 03 2026 22:09:40 GMT+0000 (Coordinated Universal Time),12,#mengabdimelayaninegeri,mengabdimelayaninegeri,,,,,,
2026-08-04T11:27:41.298589+00:00,20260804-112741,https://trends24.in/indonesia/,Mon Aug 03 2026 22:09:40 GMT+0000 (Coordinated Universal Time),13,lawan provokasi buzzer,lawan provokasi buzzer,,,,,,
2026-08-04T11:27:41.298589+00:00,20260804-112741,https://trends24.in/indonesia/,Mon Aug 03 2026 22:09:40 GMT+0000 (Coordinated Universal Time),14,Ridho,ridho,,,,,,
2026-08-04T11:27:41.298589+00:00,20260804-112741,https://trends24.in/indonesia/,Mon Aug 03 2026 22:09:40 GMT+0000 (Coordinated Universal Time),15,RESPECT JUHOON'S RIGHTS,respect juhoon's rights,,,,,,
2026-08-04T11:27:41.298589+00:00,20260804-112741,https://trends24.in/indonesia/,Mon Aug 03 2026 22:09:40 GMT+0000 (Coordinated Universal Time),16,solusi rumah rakyat terjangkau,solusi rumah rakyat terjangkau,,,,,,
2026-08-04T11:27:41.298589+00:00,20260804-112741,https://trends24.in/indonesia/,Mon Aug 03 2026 22:09:40 GMT+0000 (Coordinated Universal Time),17,Jordi,jordi,,,,,,
2026-08-04T11:27:41.298589+00:00,20260804-112741,https://trends24.in/indonesia/,Mon Aug 03 2026 22:09:40 GMT+0000 (Coordinated Universal Time),18,galaxy a27 5g,galaxy a27 5g,,,,,,
2026-08-04T11:27:41.298589+00:00,20260804-112741,https://trends24.in/indonesia/,Mon Aug 03 2026 22:09:40 GMT+0000 (Coordinated Universal Time),19,Nguyen,nguyen,,,,,,
2026-08-04T11:27:41.298589+00:00,20260804-112741,https://trends24.in/indonesia/,Mon Aug 03 2026 22:09:40 GMT+0000 (Coordinated Universal Time),20,Pesan Menag,pesan menag,,,,,,
2026-08-04T11:27:41.298589+00:00,20260804-112741,https://trends24.in/indonesia/,Mon Aug 03 2026 22:09:40 GMT+0000 (Coordinated Universal Time),21,JISUNG FOR DIOR CAPTURE,jisung for dior capture,,,,,,
2026-08-04T11:27:41.298589+00:00,20260804-112741,https://trends24.in/indonesia/,Mon Aug 03 2026 22:09:40 GMT+0000 (Coordinated Universal Time),22,Singapura,singapura,,,,,,
2026-08-04T11:27:41.298589+00:00,20260804-112741,https://trends24.in/indonesia/,Mon Aug 03 2026 22:09:40 GMT+0000 (Coordinated Universal Time),23,WILLIAM X WOODY,william x woody,,,,,,
2026-08-04T11:27:41.298589+00:00,20260804-112741,https://trends24.in/indonesia/,Mon Aug 03 2026 22:09:40 GMT+0000 (Coordinated Universal Time),24,LINGORM PRESENTER SMOOTHE,lingorm presenter smoothe,,,,,,
2026-08-04T11:27:41.298589+00:00,20260804-112741,https://trends24.in/indonesia/,Mon Aug 03 2026 22:09:40 GMT+0000 (Coordinated Universal Time),25,love to serve 2nd ep,love to serve 2nd ep,,,,,,
2026-08-04T11:27:41.298589+00:00,20260804-112741,https://trends24.in/indonesia/,Mon Aug 03 2026 22:09:40 GMT+0000 (Coordinated Universal Time),26,Kiper,kiper,,,,,,
2026-08-04T11:27:41.298589+00:00,20260804-112741,https://trends24.in/indonesia/,Mon Aug 03 2026 22:09:40 GMT+0000 (Coordinated Universal Time),27,Blingy Action Plan D2,blingy action plan d2,,,,,,
2026-08-04T11:27:41.298589+00:00,20260804-112741,https://trends24.in/indonesia/,Mon Aug 03 2026 22:09:40 GMT+0000 (Coordinated Universal Time),28,DINO X PICHEOLIN DEBUT DAY,dino x picheolin debut day,,,,,,
2026-08-04T11:27:41.298589+00:00,20260804-112741,https://trends24.in/indonesia/,Mon Aug 03 2026 22:09:40 GMT+0000 (Coordinated Universal Time),29,Autumn Leaves,autumn leaves,,,,,,
2026-08-04T11:27:41.298589+00:00,20260804-112741,https://trends24.in/indonesia/,Mon Aug 03 2026 22:09:40 GMT+0000 (Coordinated Universal Time),30,cate,cate,,,,,,
2026-08-04T11:27:41.298589+00:00,20260804-112741,https://trends24.in/indonesia/,Mon Aug 03 2026 22:09:40 GMT+0000 (Coordinated Universal Time),31,Diding Boneng,diding boneng,,,,,,
2026-08-04T11:27:41.298589+00:00,20260804-112741,https://trends24.in/indonesia/,Mon Aug 03 2026 22:09:40 GMT+0000 (Coordinated Universal Time),32,SODA SODA,soda soda,,,,,,
2026-08-04T11:27:41.298589+00:00,20260804-112741,https://trends24.in/indonesia/,Mon Aug 03 2026 22:09:40 GMT+0000 (Coordinated Universal Time),33,Herdman,herdman,,,,,,
2026-08-04T11:27:41.298589+00:00,20260804-112741,https://trends24.in/indonesia/,Mon Aug 03 2026 22:09:40 GMT+0000 (Coordinated Universal Time),34,Velvet Summer Out Now,velvet summer out now,,,,,,
2026-08-04T11:27:41.298589+00:00,20260804-112741,https://trends24.in/indonesia/,Mon Aug 03 2026 22:09:40 GMT+0000 (Coordinated Universal Time),35,apel pagi,apel pagi,,,,,,
2026-08-04T11:27:41.298589+00:00,20260804-112741,https://trends24.in/indonesia/,Mon Aug 03 2026 22:09:40 GMT+0000 (Coordinated Universal Time),36,Haye,haye,,,,,,
2026-08-04T11:27:41.298589+00:00,20260804-112741,https://trends24.in/indonesia/,Mon Aug 03 2026 22:09:40 GMT+0000 (Coordinated Universal Time),37,sangat menyesatkan,sangat menyesatkan,,,,,,
2026-08-04T11:27:41.298589+00:00,20260804-112741,https://trends24.in/indonesia/,Mon Aug 03 2026 22:09:40 GMT+0000 (Coordinated Universal Time),38,Klok,klok,,,,,,
2026-08-04T11:27:41.298589+00:00,20260804-112741,https://trends24.in/indonesia/,Mon Aug 03 2026 22:09:40 GMT+0000 (Coordinated Universal Time),39,FIRSTONE TURNED 26,firstone turned 26,,,,,,
2026-08-04T11:27:41.298589+00:00,20260804-112741,https://trends24.in/indonesia/,Mon Aug 03 2026 22:09:40 GMT+0000 (Coordinated Universal Time),40,Red Velvet,red velvet,,,,,,
2026-08-04T11:27:41.298589+00:00,20260804-112741,https://trends24.in/indonesia/,Mon Aug 03 2026 22:09:40 GMT+0000 (Coordinated Universal Time),41,menteri desa pdt,menteri desa pdt,,,,,,
2026-08-04T11:27:41.298589+00:00,20260804-112741,https://trends24.in/indonesia/,Mon Aug 03 2026 22:09:40 GMT+0000 (Coordinated Universal Time),42,NUNEW INVESTIGATION,nunew investigation,,,,,,
2026-08-04T11:27:41.298589+00:00,20260804-112741,https://trends24.in/indonesia/,Mon Aug 03 2026 22:09:40 GMT+0000 (Coordinated Universal Time),43,polresta karawang,polresta karawang,,,,,,
2026-08-04T11:27:41.298589+00:00,20260804-112741,https://trends24.in/indonesia/,Mon Aug 03 2026 22:09:40 GMT+0000 (Coordinated Universal Time),44,The Grim Lover Q18,the grim lover q18,,,,,,
2026-08-04T11:27:41.298589+00:00,20260804-112741,https://trends24.in/indonesia/,Mon Aug 03 2026 22:09:40 GMT+0000 (Coordinated Universal Time),45,PHOTOMATICS,photomatics,,,,,,
2026-08-04T11:27:41.298589+00:00,20260804-112741,https://trends24.in/indonesia/,Mon Aug 03 2026 22:09:40 GMT+0000 (Coordinated Universal Time),46,Reverse Auction,reverse auction,,,,,,
2026-08-04T11:27:41.298589+00:00,20260804-112741,https://trends24.in/indonesia/,Mon Aug 03 2026 22:09:40 GMT+0000 (Coordinated Universal Time),47,pltd merawang,pltd merawang,,,,,,
2026-08-04T11:27:41.298589+00:00,20260804-112741,https://trends24.in/indonesia/,Mon Aug 03 2026 22:09:40 GMT+0000 (Coordinated Universal Time),48,krayan,krayan,,,,,,
2026-08-04T11:27:41.298589+00:00,20260804-112741,https://trends24.in/indonesia/,Mon Aug 03 2026 22:09:40 GMT+0000 (Coordinated Universal Time),49,tentara nasional indonesia,tentara nasional indonesia,,,,,,
2026-08-04T11:27:41.298589+00:00,20260804-112741,https://trends24.in/indonesia/,Mon Aug 03 2026 22:09:40 GMT+0000 (Coordinated Universal Time),50,Ragnar,ragnar,,,,,,
2026-08-04T11:27:41.298589+00:00,20260804-112741,https://trends24.in/indonesia/,Mon Aug 03 2026 21:18:41 GMT+0000 (Coordinated Universal Time),1,Vietnam,vietnam,,,,,,
2026-08-04T11:27:41.298589+00:00,20260804-112741,https://trends24.in/indonesia/,Mon Aug 03 2026 21:18:41 GMT+0000 (Coordinated Universal Time),2,#TimnasDay,timnasday,,,,,,
2026-08-04T11:27:41.298589+00:00,20260804-112741,https://trends24.in/indonesia/,Mon Aug 03 2026 21:18:41 GMT+0000 (Coordinated Universal Time),3,PSD MOGULARRIVAL FS26,psd mogularrival fs26,,,,,,
2026-08-04T11:27:41.298589+00:00,20260804-112741,https://trends24.in/indonesia/,Mon Aug 03 2026 21:18:41 GMT+0000 (Coordinated Universal Time),4,mengabdi hingga pelosok,mengabdi hingga pelosok,,,,,,
2026-08-04T11:27:41.298589+00:00,20260804-112741,https://trends24.in/indonesia/,Mon Aug 03 2026 21:18:41 GMT+0000 (Coordinated Universal Time),5,Nadeo,nadeo,,,,,,
2026-08-04T11:27:41.298589+00:00,20260804-112741,https://trends24.in/indonesia/,Mon Aug 03 2026 21:18:41 GMT+0000 (Coordinated Universal Time),6,#PuppyRyoDay,puppyryoday,,,,,,
2026-08-04T11:27:41.298589+00:00,20260804-112741,https://trends24.in/indonesia/,Mon Aug 03 2026 21:18:41 GMT+0000 (Coordinated Universal Time),7,#ã·ãºãã®æãããããªã§ã¦ã¡ãã,ã·ãºãã®æãããããªã§ã¦ã¡ãã,,,,,,
2026-08-04T11:27:41.298589+00:00,20260804-112741,https://trends24.in/indonesia/,Mon Aug 03 2026 21:18:41 GMT+0000 (Coordinated Universal Time),8,#ì¬ëë¥ì´_ì¹ì¹ì¼_ìì¼ì¶íí´ë£,ì¬ëë¥ì´_ì¹ì¹ì¼_ìì¼ì¶íí´ë£,,,,,,
2026-08-04T11:27:41.298589+00:00,20260804-112741,https://trends24.in/indonesia/,Mon Aug 03 2026 21:18:41 GMT+0000 (Coordinated Universal Time),9,Kimpul,kimpul,,,,,,
2026-08-04T11:27:41.298589+00:00,20260804-112741,https://trends24.in/indonesia/,Mon Aug 03 2026 21:18:41 GMT+0000 (Coordinated Universal Time),10,Senin,senin,,,,,,
2026-08-04T11:27:41.298589+00:00,20260804-112741,https://trends24.in/indonesia/,Mon Aug 03 2026 21:18:41 GMT+0000 (Coordinated Universal Time),11,terdepan laksanakan pengabdian,terdepan laksanakan pengabdian,,,,,,
2026-08-04T11:27:41.298589+00:00,20260804-112741,https://trends24.in/indonesia/,Mon Aug 03 2026 21:18:41 GMT+0000 (Coordinated Universal Time),12,#mengabdimelayaninegeri,mengabdimelayaninegeri,,,,,,
2026-08-04T11:27:41.298589+00:00,20260804-112741,https://trends24.in/indonesia/,Mon Aug 03 2026 21:18:41 GMT+0000 (Coordinated Universal Time),13,lawan provokasi buzzer,lawan provokasi buzzer,,,,,,
2026-08-04T11:27:41.298589+00:00,20260804-112741,https://trends24.in/indonesia/,Mon Aug 03 2026 21:18:41 GMT+0000 (Coordinated Universal Time),14,Ridho,ridho,,,,,,
2026-08-04T11:27:41.298589+00:00,20260804-112741,https://trends24.in/indonesia/,Mon Aug 03 2026 21:18:41 GMT+0000 (Coordinated Universal Time),15,RESPECT JUHOON'S RIGHTS,respect juhoon's rights,,,,,,
2026-08-04T11:27:41.298589+00:00,20260804-112741,https://trends24.in/indonesia/,Mon Aug 03 2026 21:18:41 GMT+0000 (Coordinated Universal Time),16,solusi rumah rakyat terjangkau,solusi rumah rakyat terjangkau,,,,,,
2026-08-04T11:27:41.298589+00:00,20260804-112741,https://trends24.in/indonesia/,Mon Aug 03 2026 21:18:41 GMT+0000 (Coordinated Universal Time),17,Jordi,jordi,,,,,,
2026-08-04T11:27:41.298589+00:00,20260804-112741,https://trends24.in/indonesia/,Mon Aug 03 2026 21:18:41 GMT+0000 (Coordinated Universal Time),18,Nguyen,nguyen,,,,,,
2026-08-04T11:27:41.298589+00:00,20260804-112741,https://trends24.in/indonesia/,Mon Aug 03 2026 21:18:41 GMT+0000 (Coordinated Universal Time),19,galaxy a27 5g,galaxy a27 5g,,,,,,
2026-08-04T11:27:41.298589+00:00,20260804-112741,https://trends24.in/indonesia/,Mon Aug 03 2026 21:18:41 GMT+0000 (Coordinated Universal Time),20,Rejeki Di Akhir Weekend,rejeki di akhir weekend,,,,,,
2026-08-04T11:27:41.298589+00:00,20260804-112741,https://trends24.in/indonesia/,Mon Aug 03 2026 21:18:41 GMT+0000 (Coordinated Universal Time),21,Pesan Menag,pesan menag,,,,,,
2026-08-04T11:27:41.298589+00:00,20260804-112741,https://trends24.in/indonesia/,Mon Aug 03 2026 21:18:41 GMT+0000 (Coordinated Universal Time),22,King Indo Juara AFF,king indo juara aff,,,,,,
2026-08-04T11:27:41.298589+00:00,20260804-112741,https://trends24.in/indonesia/,Mon Aug 03 2026 21:18:41 GMT+0000 (Coordinated Universal Time),23,JISUNG FOR DIOR CAPTURE,jisung for dior capture,,,,,,
2026-08-04T11:27:41.298589+00:00,20260804-112741,https://trends24.in/indonesia/,Mon Aug 03 2026 21:18:41 GMT+0000 (Coordinated Universal Time),24,Singapura,singapura,,,,,,
2026-08-04T11:27:41.298589+00:00,20260804-112741,https://trends24.in/indonesia/,Mon Aug 03 2026 21:18:41 GMT+0000 (Coordinated Universal Time),25,WILLIAM X WOODY,william x woody,,,,,,
2026-08-04T11:27:41.298589+00:00,20260804-112741,https://trends24.in/indonesia/,Mon Aug 03 2026 21:18:41 GMT+0000 (Coordinated Universal Time),26,cate,cate,,,,,,
2026-08-04T11:27:41.298589+00:00,20260804-112741,https://trends24.in/indonesia/,Mon Aug 03 2026 21:18:41 GMT+0000 (Coordinated Universal Time),27,LINGORM PRESENTER SMOOTHE,lingorm presenter smoothe,,,,,,
2026-08-04T11:27:41.298589+00:00,20260804-112741,https://trends24.in/indonesia/,Mon Aug 03 2026 21:18:41 GMT+0000 (Coordinated Universal Time),28,love to serve 2nd ep,love to serve 2nd ep,,,,,,
2026-08-04T11:27:41.298589+00:00,20260804-112741,https://trends24.in/indonesia/,Mon Aug 03 2026 21:18:41 GMT+0000 (Coordinated Universal Time),29,Kiper,kiper,,,,,,
2026-08-04T11:27:41.298589+00:00,20260804-112741,https://trends24.in/indonesia/,Mon Aug 03 2026 21:18:41 GMT+0000 (Coordinated Universal Time),30,Blingy Action Plan D2,blingy action plan d2,,,,,,
2026-08-04T11:27:41.298589+00:00,20260804-112741,https://trends24.in/indonesia/,Mon Aug 03 2026 21:18:41 GMT+0000 (Coordinated Universal Time),31,DINO X PICHEOLIN DEBUT DAY,dino x picheolin debut day,,,,,,
2026-08-04T11:27:41.298589+00:00,20260804-112741,https://trends24.in/indonesia/,Mon Aug 03 2026 21:18:41 GMT+0000 (Coordinated Universal Time),32,Diding Boneng,diding boneng,,,,,,
2026-08-04T11:27:41.298589+00:00,20260804-112741,https://trends24.in/indonesia/,Mon Aug 03 2026 21:18:41 GMT+0000 (Coordinated Universal Time),33,Autumn Leaves,autumn leaves,,,,,,
2026-08-04T11:27:41.298589+00:00,20260804-112741,https://trends24.in/indonesia/,Mon Aug 03 2026 21:18:41 GMT+0000 (Coordinated Universal Time),34,Herdman,herdman,,,,,,
2026-08-04T11:27:41.298589+00:00,20260804-112741,https://trends24.in/indonesia/,Mon Aug 03 2026 21:18:41 GMT+0000 (Coordinated Universal Time),35,SODA SODA,soda soda,,,,,,
2026-08-04T11:27:41.298589+00:00,20260804-112741,https://trends24.in/indonesia/,Mon Aug 03 2026 21:18:41 GMT+0000 (Coordinated Universal Time),36,Haye,haye,,,,,,
2026-08-04T11:27:41.298589+00:00,20260804-112741,https://trends24.in/indonesia/,Mon Aug 03 2026 21:18:41 GMT+0000 (Coordinated Universal Time),37,Velvet Summer Out Now,velvet summer out now,,,,,,
2026-08-04T11:27:41.298589+00:00,20260804-112741,https://trends24.in/indonesia/,Mon Aug 03 2026 21:18:41 GMT+0000 (Coordinated Universal Time),38,apel pagi,apel pagi,,,,,,
2026-08-04T11:27:41.298589+00:00,20260804-112741,https://trends24.in/indonesia/,Mon Aug 03 2026 21:18:41 GMT+0000 (Coordinated Universal Time),39,sangat menyesatkan,sangat menyesatkan,,,,,,
2026-08-04T11:27:41.298589+00:00,20260804-112741,https://trends24.in/indonesia/,Mon Aug 03 2026 21:18:41 GMT+0000 (Coordinated Universal Time),40,Klok,klok,,,,,,
2026-08-04T11:27:41.298589+00:00,20260804-112741,https://trends24.in/indonesia/,Mon Aug 03 2026 21:18:41 GMT+0000 (Coordinated Universal Time),41,Red Velvet,red velvet,,,,,,
2026-08-04T11:27:41.298589+00:00,20260804-112741,https://trends24.in/indonesia/,Mon Aug 03 2026 21:18:41 GMT+0000 (Coordinated Universal Time),42,FIRSTONE TURNED 26,firstone turned 26,,,,,,
2026-08-04T11:27:41.298589+00:00,20260804-112741,https://trends24.in/indonesia/,Mon Aug 03 2026 21:18:41 GMT+0000 (Coordinated Universal Time),43,menteri desa pdt,menteri desa pdt,,,,,,
2026-08-04T11:27:41.298589+00:00,20260804-112741,https://trends24.in/indonesia/,Mon Aug 03 2026 21:18:41 GMT+0000 (Coordinated Universal Time),44,NUNEW INVESTIGATION,nunew investigation,,,,,,
2026-08-04T11:27:41.298589+00:00,20260804-112741,https://trends24.in/indonesia/,Mon Aug 03 2026 21:18:41 GMT+0000 (Coordinated Universal Time),45,polresta karawang,polresta karawang,,,,,,
2026-08-04T11:27:41.298589+00:00,20260804-112741,https://trends24.in/indonesia/,Mon Aug 03 2026 21:18:41 GMT+0000 (Coordinated Universal Time),46,The Grim Lover Q18,the grim lover q18,,,,,,
2026-08-04T11:27:41.298589+00:00,20260804-112741,https://trends24.in/indonesia/,Mon Aug 03 2026 21:18:41 GMT+0000 (Coordinated Universal Time),47,Reverse Auction,reverse auction,,,,,,
2026-08-04T11:27:41.298589+00:00,20260804-112741,https://trends24.in/indonesia/,Mon Aug 03 2026 21:18:41 GMT+0000 (Coordinated Universal Time),48,PHOTOMATICS,photomatics,,,,,,
2026-08-04T11:27:41.298589+00:00,20260804-112741,https://trends24.in/indonesia/,Mon Aug 03 2026 21:18:41 GMT+0000 (Coordinated Universal Time),49,pltd merawang,pltd merawang,,,,,,
2026-08-04T11:27:41.298589+00:00,20260804-112741,https://trends24.in/indonesia/,Mon Aug 03 2026 21:18:41 GMT+0000 (Coordinated Universal Time),50,krayan,krayan,,,,,,
2026-08-04T11:27:41.298589+00:00,20260804-112741,https://trends24.in/indonesia/,Mon Aug 03 2026 20:27:39 GMT+0000 (Coordinated Universal Time),1,Vietnam,vietnam,,,,,,
2026-08-04T11:27:41.298589+00:00,20260804-112741,https://trends24.in/indonesia/,Mon Aug 03 2026 20:27:39 GMT+0000 (Coordinated Universal Time),2,#TimnasDay,timnasday,,,,,,
2026-08-04T11:27:41.298589+00:00,20260804-112741,https://trends24.in/indonesia/,Mon Aug 03 2026 20:27:39 GMT+0000 (Coordinated Universal Time),3,PSD MOGULARRIVAL FS26,psd mogularrival fs26,,,,,,
2026-08-04T11:27:41.298589+00:00,20260804-112741,https://trends24.in/indonesia/,Mon Aug 03 2026 20:27:39 GMT+0000 (Coordinated Universal Time),4,Nadeo,nadeo,,,,,,
2026-08-04T11:27:41.298589+00:00,20260804-112741,https://trends24.in/indonesia/,Mon Aug 03 2026 20:27:39 GMT+0000 (Coordinated Universal Time),5,mengabdi hingga pelosok,mengabdi hingga pelosok,,,,,,
2026-08-04T11:27:41.298589+00:00,20260804-112741,https://trends24.in/indonesia/,Mon Aug 03 2026 20:27:39 GMT+0000 (Coordinated Universal Time),6,#PuppyRyoDay,puppyryoday,,,,,,
2026-08-04T11:27:41.298589+00:00,20260804-112741,https://trends24.in/indonesia/,Mon Aug 03 2026 20:27:39 GMT+0000 (Coordinated Universal Time),7,#ã·ãºãã®æãããããªã§ã¦ã¡ãã,ã·ãºãã®æãããããªã§ã¦ã¡ãã,,,,,,
2026-08-04T11:27:41.298589+00:00,20260804-112741,https://trends24.in/indonesia/,Mon Aug 03 2026 20:27:39 GMT+0000 (Coordinated Universal Time),8,#ì¬ëë¥ì´_ì¹ì¹ì¼_ìì¼ì¶íí´ë£,ì¬ëë¥ì´_ì¹ì¹ì¼_ìì¼ì¶íí´ë£,,,,,,
2026-08-04T11:27:41.298589+00:00,20260804-112741,https://trends24.in/indonesia/,Mon Aug 03 2026 20:27:39 GMT+0000 (Coordinated Universal Time),9,Kimpul,kimpul,,,,,,
2026-08-04T11:27:41.298589+00:00,20260804-112741,https://trends24.in/indonesia/,Mon Aug 03 2026 20:27:39 GMT+0000 (Coordinated Universal Time),10,Senin,senin,,,,,,
2026-08-04T11:27:41.298589+00:00,20260804-112741,https://trends24.in/indonesia/,Mon Aug 03 2026 20:27:39 GMT+0000 (Coordinated Universal Time),11,terdepan laksanakan pengabdian,terdepan laksanakan pengabdian,,,,,,
2026-08-04T11:27:41.298589+00:00,20260804-112741,https://trends24.in/indonesia/,Mon Aug 03 2026 20:27:39 GMT+0000 (Coordinated Universal Time),12,#mengabdimelayaninegeri,mengabdimelayaninegeri,,,,,,
2026-08-04T11:27:41.298589+00:00,20260804-112741,https://trends24.in/indonesia/,Mon Aug 03 2026 20:27:39 GMT+0000 (Coordinated Universal Time),13,Ridho,ridho,,,,,,
2026-08-04T11:27:41.298589+00:00,20260804-112741,https://trends24.in/indonesia/,Mon Aug 03 2026 20:27:39 GMT+0000 (Coordinated Universal Time),14,lawan provokasi buzzer,lawan provokasi buzzer,,,,,,
2026-08-04T11:27:41.298589+00:00,20260804-112741,https://trends24.in/indonesia/,Mon Aug 03 2026 20:27:39 GMT+0000 (Coordinated Universal Time),15,RESPECT JUHOON'S RIGHTS,respect juhoon's rights,,,,,,
2026-08-04T11:27:41.298589+00:00,20260804-112741,https://trends24.in/indonesia/,Mon Aug 03 2026 20:27:39 GMT+0000 (Coordinated Universal Time),16,solusi rumah rakyat terjangkau,solusi rumah rakyat terjangkau,,,,,,
2026-08-04T11:27:41.298589+00:00,20260804-112741,https://trends24.in/indonesia/,Mon Aug 03 2026 20:27:39 GMT+0000 (Coordinated Universal Time),17,Jordi,jordi,,,,,,
2026-08-04T11:27:41.298589+00:00,20260804-112741,https://trends24.in/indonesia/,Mon Aug 03 2026 20:27:39 GMT+0000 (Coordinated Universal Time),18,Nguyen,nguyen,,,,,,
2026-08-04T11:27:41.298589+00:00,20260804-112741,https://trends24.in/indonesia/,Mon Aug 03 2026 20:27:39 GMT+0000 (Coordinated Universal Time),19,Pesan Menag,pesan menag,,,,,,
2026-08-04T11:27:41.298589+00:00,20260804-112741,https://trends24.in/indonesia/,Mon Aug 03 2026 20:27:39 GMT+0000 (Coordinated Universal Time),20,galaxy a27 5g,galaxy a27 5g,,,,,,
2026-08-04T11:27:41.298589+00:00,20260804-112741,https://trends24.in/indonesia/,Mon Aug 03 2026 20:27:39 GMT+0000 (Coordinated Universal Time),21,Rejeki Di Akhir Weekend,rejeki di akhir weekend,,,,,,
2026-08-04T11:27:41.298589+00:00,20260804-112741,https://trends24.in/indonesia/,Mon Aug 03 2026 20:27:39 GMT+0000 (Coordinated Universal Time),22,King Indo Juara AFF,king indo juara aff,,,,,,
2026-08-04T11:27:41.298589+00:00,20260804-112741,https://trends24.in/indonesia/,Mon Aug 03 2026 20:27:39 GMT+0000 (Coordinated Universal Time),23,JISUNG FOR DIOR CAPTURE,jisung for dior capture,,,,,,
2026-08-04T11:27:41.298589+00:00,20260804-112741,https://trends24.in/indonesia/,Mon Aug 03 2026 20:27:39 GMT+0000 (Coordinated Universal Time),24,Singapura,singapura,,,,,,
2026-08-04T11:27:41.298589+00:00,20260804-112741,https://trends24.in/indonesia/,Mon Aug 03 2026 20:27:39 GMT+0000 (Coordinated Universal Time),25,WILLIAM X WOODY,william x woody,,,,,,
2026-08-04T11:27:41.298589+00:00,20260804-112741,https://trends24.in/indonesia/,Mon Aug 03 2026 20:27:39 GMT+0000 (Coordinated Universal Time),26,LINGORM PRESENTER SMOOTHE,lingorm presenter smoothe,,,,,,
2026-08-04T11:27:41.298589+00:00,20260804-112741,https://trends24.in/indonesia/,Mon Aug 03 2026 20:27:39 GMT+0000 (Coordinated Universal Time),27,LOVE TO SERVE 2ND EP,love to serve 2nd ep,,,,,,
2026-08-04T11:27:41.298589+00:00,20260804-112741,https://trends24.in/indonesia/,Mon Aug 03 2026 20:27:39 GMT+0000 (Coordinated Universal Time),28,Kiper,kiper,,,,,,
2026-08-04T11:27:41.298589+00:00,20260804-112741,https://trends24.in/indonesia/,Mon Aug 03 2026 20:27:39 GMT+0000 (Coordinated Universal Time),29,Blingy Action Plan D2,blingy action plan d2,,,,,,
2026-08-04T11:27:41.298589+00:00,20260804-112741,https://trends24.in/indonesia/,Mon Aug 03 2026 20:27:39 GMT+0000 (Coordinated Universal Time),30,$CATE,$cate,,,,,,
2026-08-04T11:27:41.298589+00:00,20260804-112741,https://trends24.in/indonesia/,Mon Aug 03 2026 20:27:39 GMT+0000 (Coordinated Universal Time),31,DINO X PICHEOLIN DEBUT DAY,dino x picheolin debut day,,,,,,
2026-08-04T11:27:41.298589+00:00,20260804-112741,https://trends24.in/indonesia/,Mon Aug 03 2026 20:27:39 GMT+0000 (Coordinated Universal Time),32,Diding Boneng,diding boneng,,,,,,
2026-08-04T11:27:41.298589+00:00,20260804-112741,https://trends24.in/indonesia/,Mon Aug 03 2026 20:27:39 GMT+0000 (Coordinated Universal Time),33,Autumn Leaves,autumn leaves,,,,,,
2026-08-04T11:27:41.298589+00:00,20260804-112741,https://trends24.in/indonesia/,Mon Aug 03 2026 20:27:39 GMT+0000 (Coordinated Universal Time),34,Herdman,herdman,,,,,,
2026-08-04T11:27:41.298589+00:00,20260804-112741,https://trends24.in/indonesia/,Mon Aug 03 2026 20:27:39 GMT+0000 (Coordinated Universal Time),35,SODA SODA,soda soda,,,,,,
2026-08-04T11:27:41.298589+00:00,20260804-112741,https://trends24.in/indonesia/,Mon Aug 03 2026 20:27:39 GMT+0000 (Coordinated Universal Time),36,Haye,haye,,,,,,
2026-08-04T11:27:41.298589+00:00,20260804-112741,https://trends24.in/indonesia/,Mon Aug 03 2026 20:27:39 GMT+0000 (Coordinated Universal Time),37,Velvet Summer Out Now,velvet summer out now,,,,,,
2026-08-04T11:27:41.298589+00:00,20260804-112741,https://trends24.in/indonesia/,Mon Aug 03 2026 20:27:39 GMT+0000 (Coordinated Universal Time),38,apel pagi,apel pagi,,,,,,
2026-08-04T11:27:41.298589+00:00,20260804-112741,https://trends24.in/indonesia/,Mon Aug 03 2026 20:27:39 GMT+0000 (Coordinated Universal Time),39,Klok,klok,,,,,,
2026-08-04T11:27:41.298589+00:00,20260804-112741,https://trends24.in/indonesia/,Mon Aug 03 2026 20:27:39 GMT+0000 (Coordinated Universal Time),40,sangat menyesatkan,sangat menyesatkan,,,,,,
2026-08-04T11:27:41.298589+00:00,20260804-112741,https://trends24.in/indonesia/,Mon Aug 03 2026 20:27:39 GMT+0000 (Coordinated Universal Time),41,Red Velvet,red velvet,,,,,,
2026-08-04T11:27:41.298589+00:00,20260804-112741,https://trends24.in/indonesia/,Mon Aug 03 2026 20:27:39 GMT+0000 (Coordinated Universal Time),42,Kamboja,kamboja,,,,,,
2026-08-04T11:27:41.298589+00:00,20260804-112741,https://trends24.in/indonesia/,Mon Aug 03 2026 20:27:39 GMT+0000 (Coordinated Universal Time),43,FIRSTONE TURNED 26,firstone turned 26,,,,,,
2026-08-04T11:27:41.298589+00:00,20260804-112741,https://trends24.in/indonesia/,Mon Aug 03 2026 20:27:39 GMT+0000 (Coordinated Universal Time),44,Menteri Desa PDT,menteri desa pdt,,,,,,
2026-08-04T11:27:41.298589+00:00,20260804-112741,https://trends24.in/indonesia/,Mon Aug 03 2026 20:27:39 GMT+0000 (Coordinated Universal Time),45,NUNEW INVESTIGATION,nunew investigation,,,,,,
2026-08-04T11:27:41.298589+00:00,20260804-112741,https://trends24.in/indonesia/,Mon Aug 03 2026 20:27:39 GMT+0000 (Coordinated Universal Time),46,polresta karawang,polresta karawang,,,,,,
2026-08-04T11:27:41.298589+00:00,20260804-112741,https://trends24.in/indonesia/,Mon Aug 03 2026 20:27:39 GMT+0000 (Coordinated Universal Time),47,The Grim Lover Q18,the grim lover q18,,,,,,
2026-08-04T11:27:41.298589+00:00,20260804-112741,https://trends24.in/indonesia/,Mon Aug 03 2026 20:27:39 GMT+0000 (Coordinated Universal Time),48,PHOTOMATICS,photomatics,,,,,,
2026-08-04T11:27:41.298589+00:00,20260804-112741,https://trends24.in/indonesia/,Mon Aug 03 2026 20:27:39 GMT+0000 (Coordinated Universal Time),49,Reverse Auction,reverse auction,,,,,,
2026-08-04T11:27:41.298589+00:00,20260804-112741,https://trends24.in/indonesia/,Mon Aug 03 2026 20:27:39 GMT+0000 (Coordinated Universal Time),50,pltd merawang,pltd merawang,,,,,,
2026-08-04T11:27:41.298589+00:00,20260804-112741,https://trends24.in/indonesia/,Mon Aug 03 2026 19:36:08 GMT+0000 (Coordinated Universal Time),1,Vietnam,vietnam,,,,,,
2026-08-04T11:27:41.298589+00:00,20260804-112741,https://trends24.in/indonesia/,Mon Aug 03 2026 19:36:08 GMT+0000 (Coordinated Universal Time),2,#TimnasDay,timnasday,,,,,,
2026-08-04T11:27:41.298589+00:00,20260804-112741,https://trends24.in/indonesia/,Mon Aug 03 2026 19:36:08 GMT+0000 (Coordinated Universal Time),3,PSD MOGULARRIVAL FS26,psd mogularrival fs26,,,,,,
2026-08-04T11:27:41.298589+00:00,20260804-112741,https://trends24.in/indonesia/,Mon Aug 03 2026 19:36:08 GMT+0000 (Coordinated Universal Time),4,Nadeo,nadeo,,,,,,
2026-08-04T11:27:41.298589+00:00,20260804-112741,https://trends24.in/indonesia/,Mon Aug 03 2026 19:36:08 GMT+0000 (Coordinated Universal Time),5,mengabdi hingga pelosok,mengabdi hingga pelosok,,,,,,
2026-08-04T11:27:41.298589+00:00,20260804-112741,https://trends24.in/indonesia/,Mon Aug 03 2026 19:36:08 GMT+0000 (Coordinated Universal Time),6,#PuppyRyoDay,puppyryoday,,,,,,
2026-08-04T11:27:41.298589+00:00,20260804-112741,https://trends24.in/indonesia/,Mon Aug 03 2026 19:36:08 GMT+0000 (Coordinated Universal Time),7,#ã·ãºãã®æãããããªã§ã¦ã¡ãã,ã·ãºãã®æãããããªã§ã¦ã¡ãã,,,,,,
2026-08-04T11:27:41.298589+00:00,20260804-112741,https://trends24.in/indonesia/,Mon Aug 03 2026 19:36:08 GMT+0000 (Coordinated Universal Time),8,#ì¬ëë¥ì´_ì¹ì¹ì¼_ìì¼ì¶íí´ë£,ì¬ëë¥ì´_ì¹ì¹ì¼_ìì¼ì¶íí´ë£,,,,,,
2026-08-04T11:27:41.298589+00:00,20260804-112741,https://trends24.in/indonesia/,Mon Aug 03 2026 19:36:08 GMT+0000 (Coordinated Universal Time),9,Senin,senin,,,,,,
2026-08-04T11:27:41.298589+00:00,20260804-112741,https://trends24.in/indonesia/,Mon Aug 03 2026 19:36:08 GMT+0000 (Coordinated Universal Time),10,Kimpul,kimpul,,,,,,
2026-08-04T11:27:41.298589+00:00,20260804-112741,https://trends24.in/indonesia/,Mon Aug 03 2026 19:36:08 GMT+0000 (Coordinated Universal Time),11,terdepan laksanakan pengabdian,terdepan laksanakan pengabdian,,,,,,
2026-08-04T11:27:41.298589+00:00,20260804-112741,https://trends24.in/indonesia/,Mon Aug 03 2026 19:36:08 GMT+0000 (Coordinated Universal Time),12,#mengabdimelayaninegeri,mengabdimelayaninegeri,,,,,,
2026-08-04T11:27:41.298589+00:00,20260804-112741,https://trends24.in/indonesia/,Mon Aug 03 2026 19:36:08 GMT+0000 (Coordinated Universal Time),13,Ridho,ridho,,,,,,
2026-08-04T11:27:41.298589+00:00,20260804-112741,https://trends24.in/indonesia/,Mon Aug 03 2026 19:36:08 GMT+0000 (Coordinated Universal Time),14,Lawan Provokasi Buzzer,lawan provokasi buzzer,,,,,,
2026-08-04T11:27:41.298589+00:00,20260804-112741,https://trends24.in/indonesia/,Mon Aug 03 2026 19:36:08 GMT+0000 (Coordinated Universal Time),15,RESPECT JUHOON'S RIGHTS,respect juhoon's rights,,,,,,
2026-08-04T11:27:41.298589+00:00,20260804-112741,https://trends24.in/indonesia/,Mon Aug 03 2026 19:36:08 GMT+0000 (Coordinated Universal Time),16,solusi rumah rakyat terjangkau,solusi rumah rakyat terjangkau,,,,,,
2026-08-04T11:27:41.298589+00:00,20260804-112741,https://trends24.in/indonesia/,Mon Aug 03 2026 19:36:08 GMT+0000 (Coordinated Universal Time),17,Jordi,jordi,,,,,,
2026-08-04T11:27:41.298589+00:00,20260804-112741,https://trends24.in/indonesia/,Mon Aug 03 2026 19:36:08 GMT+0000 (Coordinated Universal Time),18,Nguyen,nguyen,,,,,,
2026-08-04T11:27:41.298589+00:00,20260804-112741,https://trends24.in/indonesia/,Mon Aug 03 2026 19:36:08 GMT+0000 (Coordinated Universal Time),19,Singapura,singapura,,,,,,
2026-08-04T11:27:41.298589+00:00,20260804-112741,https://trends24.in/indonesia/,Mon Aug 03 2026 19:36:08 GMT+0000 (Coordinated Universal Time),20,Pesan Menag,pesan menag,,,,,,
2026-08-04T11:27:41.298589+00:00,20260804-112741,https://trends24.in/indonesia/,Mon Aug 03 2026 19:36:08 GMT+0000 (Coordinated Universal Time),21,galaxy a27 5g,galaxy a27 5g,,,,,,
2026-08-04T11:27:41.298589+00:00,20260804-112741,https://trends24.in/indonesia/,Mon Aug 03 2026 19:36:08 GMT+0000 (Coordinated Universal Time),22,Rejeki Di Akhir Weekend,rejeki di akhir weekend,,,,,,
2026-08-04T11:27:41.298589+00:00,20260804-112741,https://trends24.in/indonesia/,Mon Aug 03 2026 19:36:08 GMT+0000 (Coordinated Universal Time),23,King Indo Juara AFF,king indo juara aff,,,,,,
2026-08-04T11:27:41.298589+00:00,20260804-112741,https://trends24.in/indonesia/,Mon Aug 03 2026 19:36:08 GMT+0000 (Coordinated Universal Time),24,JISUNG FOR DIOR CAPTURE,jisung for dior capture,,,,,,
2026-08-04T11:27:41.298589+00:00,20260804-112741,https://trends24.in/indonesia/,Mon Aug 03 2026 19:36:08 GMT+0000 (Coordinated Universal Time),25,WILLIAM X WOODY,william x woody,,,,,,
2026-08-04T11:27:41.298589+00:00,20260804-112741,https://trends24.in/indonesia/,Mon Aug 03 2026 19:36:08 GMT+0000 (Coordinated Universal Time),26,LINGORM PRESENTER SMOOTHE,lingorm presenter smoothe,,,,,,
2026-08-04T11:27:41.298589+00:00,20260804-112741,https://trends24.in/indonesia/,Mon Aug 03 2026 19:36:08 GMT+0000 (Coordinated Universal Time),27,LOVE TO SERVE 2ND EP,love to serve 2nd ep,,,,,,
2026-08-04T11:27:41.298589+00:00,20260804-112741,https://trends24.in/indonesia/,Mon Aug 03 2026 19:36:08 GMT+0000 (Coordinated Universal Time),28,Kiper,kiper,,,,,,
2026-08-04T11:27:41.298589+00:00,20260804-112741,https://trends24.in/indonesia/,Mon Aug 03 2026 19:36:08 GMT+0000 (Coordinated Universal Time),29,Klok,klok,,,,,,
2026-08-04T11:27:41.298589+00:00,20260804-112741,https://trends24.in/indonesia/,Mon Aug 03 2026 19:36:08 GMT+0000 (Coordinated Universal Time),30,Haye,haye,,,,,,
2026-08-04T11:27:41.298589+00:00,20260804-112741,https://trends24.in/indonesia/,Mon Aug 03 2026 19:36:08 GMT+0000 (Coordinated Universal Time),31,Herdman,herdman,,,,,,
2026-08-04T11:27:41.298589+00:00,20260804-112741,https://trends24.in/indonesia/,Mon Aug 03 2026 19:36:08 GMT+0000 (Coordinated Universal Time),32,Blingy Action Plan D2,blingy action plan d2,,,,,,
2026-08-04T11:27:41.298589+00:00,20260804-112741,https://trends24.in/indonesia/,Mon Aug 03 2026 19:36:08 GMT+0000 (Coordinated Universal Time),33,DINO X PICHEOLIN DEBUT DAY,dino x picheolin debut day,,,,,,
2026-08-04T11:27:41.298589+00:00,20260804-112741,https://trends24.in/indonesia/,Mon Aug 03 2026 19:36:08 GMT+0000 (Coordinated Universal Time),34,Diding Boneng,diding boneng,,,,,,
2026-08-04T11:27:41.298589+00:00,20260804-112741,https://trends24.in/indonesia/,Mon Aug 03 2026 19:36:08 GMT+0000 (Coordinated Universal Time),35,SODA SODA,soda soda,,,,,,
2026-08-04T11:27:41.298589+00:00,20260804-112741,https://trends24.in/indonesia/,Mon Aug 03 2026 19:36:08 GMT+0000 (Coordinated Universal Time),36,Autumn Leaves,autumn leaves,,,,,,
2026-08-04T11:27:41.298589+00:00,20260804-112741,https://trends24.in/indonesia/,Mon Aug 03 2026 19:36:08 GMT+0000 (Coordinated Universal Time),37,Velvet Summer Out Now,velvet summer out now,,,,,,
2026-08-04T11:27:41.298589+00:00,20260804-112741,https://trends24.in/indonesia/,Mon Aug 03 2026 19:36:08 GMT+0000 (Coordinated Universal Time),38,Apel Pagi,apel pagi,,,,,,
2026-08-04T11:27:41.298589+00:00,20260804-112741,https://trends24.in/indonesia/,Mon Aug 03 2026 19:36:08 GMT+0000 (Coordinated Universal Time),39,sangat menyesatkan,sangat menyesatkan,,,,,,
2026-08-04T11:27:41.298589+00:00,20260804-112741,https://trends24.in/indonesia/,Mon Aug 03 2026 19:36:08 GMT+0000 (Coordinated Universal Time),40,$CATE,$cate,,,,,,
2026-08-04T11:27:41.298589+00:00,20260804-112741,https://trends24.in/indonesia/,Mon Aug 03 2026 19:36:08 GMT+0000 (Coordinated Universal Time),41,Red Velvet,red velvet,,,,,,
2026-08-04T11:27:41.298589+00:00,20260804-112741,https://trends24.in/indonesia/,Mon Aug 03 2026 19:36:08 GMT+0000 (Coordinated Universal Time),42,Kamboja,kamboja,,,,,,
2026-08-04T11:27:41.298589+00:00,20260804-112741,https://trends24.in/indonesia/,Mon Aug 03 2026 19:36:08 GMT+0000 (Coordinated Universal Time),43,FIRSTONE TURNED 26,firstone turned 26,,,,,,
2026-08-04T11:27:41.298589+00:00,20260804-112741,https://trends24.in/indonesia/,Mon Aug 03 2026 19:36:08 GMT+0000 (Coordinated Universal Time),44,Menteri Desa PDT,menteri desa pdt,,,,,,
2026-08-04T11:27:41.298589+00:00,20260804-112741,https://trends24.in/indonesia/,Mon Aug 03 2026 19:36:08 GMT+0000 (Coordinated Universal Time),45,NUNEW INVESTIGATION,nunew investigation,,,,,,
2026-08-04T11:27:41.298589+00:00,20260804-112741,https://trends24.in/indonesia/,Mon Aug 03 2026 19:36:08 GMT+0000 (Coordinated Universal Time),46,ASEAN,asean,,,,,,
2026-08-04T11:27:41.298589+00:00,20260804-112741,https://trends24.in/indonesia/,Mon Aug 03 2026 19:36:08 GMT+0000 (Coordinated Universal Time),47,polresta karawang,polresta karawang,,,,,,
2026-08-04T11:27:41.298589+00:00,20260804-112741,https://trends24.in/indonesia/,Mon Aug 03 2026 19:36:08 GMT+0000 (Coordinated Universal Time),48,The Grim Lover Q18,the grim lover q18,,,,,,
2026-08-04T11:27:41.298589+00:00,20260804-112741,https://trends24.in/indonesia/,Mon Aug 03 2026 19:36:08 GMT+0000 (Coordinated Universal Time),49,Reverse Auction,reverse auction,,,,,,
2026-08-04T11:27:41.298589+00:00,20260804-112741,https://trends24.in/indonesia/,Mon Aug 03 2026 19:36:08 GMT+0000 (Coordinated Universal Time),50,PHOTOMATICS,photomatics,,,,,,
2026-08-04T11:27:41.298589+00:00,20260804-112741,https://trends24.in/indonesia/,Mon Aug 03 2026 18:44:09 GMT+0000 (Coordinated Universal Time),1,Vietnam,vietnam,,,,,,
2026-08-04T11:27:41.298589+00:00,20260804-112741,https://trends24.in/indonesia/,Mon Aug 03 2026 18:44:09 GMT+0000 (Coordinated Universal Time),2,#PuppyRyoDay,puppyryoday,,,,,,
2026-08-04T11:27:41.298589+00:00,20260804-112741,https://trends24.in/indonesia/,Mon Aug 03 2026 18:44:09 GMT+0000 (Coordinated Universal Time),3,#ã·ãºãã®æãããããªã§ã¦ã¡ãã,ã·ãºãã®æãããããªã§ã¦ã¡ãã,,,,,,
2026-08-04T11:27:41.298589+00:00,20260804-112741,https://trends24.in/indonesia/,Mon Aug 03 2026 18:44:09 GMT+0000 (Coordinated Universal Time),4,#ì¬ëë¥ì´_ì¹ì¹ì¼_ìì¼ì¶íí´ë£,ì¬ëë¥ì´_ì¹ì¹ì¼_ìì¼ì¶íí´ë£,,,,,,
2026-08-04T11:27:41.298589+00:00,20260804-112741,https://trends24.in/indonesia/,Mon Aug 03 2026 18:44:09 GMT+0000 (Coordinated Universal Time),5,#YouManiacSeriesQ29,youmaniacseriesq29,,,,,,
2026-08-04T11:27:41.298589+00:00,20260804-112741,https://trends24.in/indonesia/,Mon Aug 03 2026 18:44:09 GMT+0000 (Coordinated Universal Time),6,#TimnasDay,timnasday,,,,,,
2026-08-04T11:27:41.298589+00:00,20260804-112741,https://trends24.in/indonesia/,Mon Aug 03 2026 18:44:09 GMT+0000 (Coordinated Universal Time),7,Nadeo,nadeo,,,,,,
2026-08-04T11:27:41.298589+00:00,20260804-112741,https://trends24.in/indonesia/,Mon Aug 03 2026 18:44:09 GMT+0000 (Coordinated Universal Time),8,Singapura,singapura,,,,,,
2026-08-04T11:27:41.298589+00:00,20260804-112741,https://trends24.in/indonesia/,Mon Aug 03 2026 18:44:09 GMT+0000 (Coordinated Universal Time),9,Ridho,ridho,,,,,,
2026-08-04T11:27:41.298589+00:00,20260804-112741,https://trends24.in/indonesia/,Mon Aug 03 2026 18:44:09 GMT+0000 (Coordinated Universal Time),10,Jordi,jordi,,,,,,
2026-08-04T11:27:41.298589+00:00,20260804-112741,https://trends24.in/indonesia/,Mon Aug 03 2026 18:44:09 GMT+0000 (Coordinated Universal Time),11,Herdman,herdman,,,,,,
2026-08-04T11:27:41.298589+00:00,20260804-112741,https://trends24.in/indonesia/,Mon Aug 03 2026 18:44:09 GMT+0000 (Coordinated Universal Time),12,Haye,haye,,,,,,
2026-08-04T11:27:41.298589+00:00,20260804-112741,https://trends24.in/indonesia/,Mon Aug 03 2026 18:44:09 GMT+0000 (Coordinated Universal Time),13,Nguyen,nguyen,,,,,,
2026-08-04T11:27:41.298589+00:00,20260804-112741,https://trends24.in/indonesia/,Mon Aug 03 2026 18:44:09 GMT+0000 (Coordinated Universal Time),14,Klok,klok,,,,,,
2026-08-04T11:27:41.298589+00:00,20260804-112741,https://trends24.in/indonesia/,Mon Aug 03 2026 18:44:09 GMT+0000 (Coordinated Universal Time),15,Blingy Action Plan D2,blingy action plan d2,,,,,,
2026-08-04T11:27:41.298589+00:00,20260804-112741,https://trends24.in/indonesia/,Mon Aug 03 2026 18:44:09 GMT+0000 (Coordinated Universal Time),16,Kiper,kiper,,,,,,
2026-08-04T11:27:41.298589+00:00,20260804-112741,https://trends24.in/indonesia/,Mon Aug 03 2026 18:44:09 GMT+0000 (Coordinated Universal Time),17,ASEAN,asean,,,,,,
2026-08-04T11:27:41.298589+00:00,20260804-112741,https://trends24.in/indonesia/,Mon Aug 03 2026 18:44:09 GMT+0000 (Coordinated Universal Time),18,Beckham,beckham,,,,,,
2026-08-04T11:27:41.298589+00:00,20260804-112741,https://trends24.in/indonesia/,Mon Aug 03 2026 18:44:09 GMT+0000 (Coordinated Universal Time),19,Ragnar,ragnar,,,,,,
2026-08-04T11:27:41.298589+00:00,20260804-112741,https://trends24.in/indonesia/,Mon Aug 03 2026 18:44:09 GMT+0000 (Coordinated Universal Time),20,$CATE,$cate,,,,,,
2026-08-04T11:27:41.298589+00:00,20260804-112741,https://trends24.in/indonesia/,Mon Aug 03 2026 18:44:09 GMT+0000 (Coordinated Universal Time),21,PPATK,ppatk,,,,,,
2026-08-04T11:27:41.298589+00:00,20260804-112741,https://trends24.in/indonesia/,Mon Aug 03 2026 18:44:09 GMT+0000 (Coordinated Universal Time),22,Kalah,kalah,,,,,,
2026-08-04T11:27:41.298589+00:00,20260804-112741,https://trends24.in/indonesia/,Mon Aug 03 2026 18:44:09 GMT+0000 (Coordinated Universal Time),23,Ernando,ernando,,,,,,
2026-08-04T11:27:41.298589+00:00,20260804-112741,https://trends24.in/indonesia/,Mon Aug 03 2026 18:44:09 GMT+0000 (Coordinated Universal Time),24,haechan,haechan,,,,,,
2026-08-04T11:27:41.298589+00:00,20260804-112741,https://trends24.in/indonesia/,Mon Aug 03 2026 18:44:09 GMT+0000 (Coordinated Universal Time),25,Eliano,eliano,,,,,,
2026-08-04T11:27:41.298589+00:00,20260804-112741,https://trends24.in/indonesia/,Mon Aug 03 2026 18:44:09 GMT+0000 (Coordinated Universal Time),26,Kebobolan,kebobolan,,,,,,
2026-08-04T11:27:41.298589+00:00,20260804-112741,https://trends24.in/indonesia/,Mon Aug 03 2026 18:44:09 GMT+0000 (Coordinated Universal Time),27,LINGORM PRESENTER SMOOTHE,lingorm presenter smoothe,,,,,,
2026-08-04T11:27:41.298589+00:00,20260804-112741,https://trends24.in/indonesia/,Mon Aug 03 2026 18:44:09 GMT+0000 (Coordinated Universal Time),28,RESPECT JUHOON'S RIGHTS,respect juhoon's rights,,,,,,
2026-08-04T11:27:41.298589+00:00,20260804-112741,https://trends24.in/indonesia/,Mon Aug 03 2026 18:44:09 GMT+0000 (Coordinated Universal Time),29,Sandy,sandy,,,,,,
2026-08-04T11:27:41.298589+00:00,20260804-112741,https://trends24.in/indonesia/,Mon Aug 03 2026 18:44:09 GMT+0000 (Coordinated Universal Time),30,WILLIAM X WOODY,william x woody,,,,,,
2026-08-04T11:27:41.298589+00:00,20260804-112741,https://trends24.in/indonesia/,Mon Aug 03 2026 18:44:09 GMT+0000 (Coordinated Universal Time),31,Liga 1,liga 1,,,,,,
2026-08-04T11:27:41.298589+00:00,20260804-112741,https://trends24.in/indonesia/,Mon Aug 03 2026 18:44:09 GMT+0000 (Coordinated Universal Time),32,Dahlah,dahlah,,,,,,
2026-08-04T11:27:41.298589+00:00,20260804-112741,https://trends24.in/indonesia/,Mon Aug 03 2026 18:44:09 GMT+0000 (Coordinated Universal Time),33,Red Velvet,red velvet,,,,,,
2026-08-04T11:27:41.298589+00:00,20260804-112741,https://trends24.in/indonesia/,Mon Aug 03 2026 18:44:09 GMT+0000 (Coordinated Universal Time),34,Mainnya,mainnya,,,,,,
2026-08-04T11:27:41.298589+00:00,20260804-112741,https://trends24.in/indonesia/,Mon Aug 03 2026 18:44:09 GMT+0000 (Coordinated Universal Time),35,Garuda,garuda,,,,,,
2026-08-04T11:27:41.298589+00:00,20260804-112741,https://trends24.in/indonesia/,Mon Aug 03 2026 18:44:09 GMT+0000 (Coordinated Universal Time),36,Pakansari,pakansari,,,,,,
2026-08-04T11:27:41.298589+00:00,20260804-112741,https://trends24.in/indonesia/,Mon Aug 03 2026 18:44:09 GMT+0000 (Coordinated Universal Time),37,PHOTOMATICS,photomatics,,,,,,
2026-08-04T11:27:41.298589+00:00,20260804-112741,https://trends24.in/indonesia/,Mon Aug 03 2026 18:44:09 GMT+0000 (Coordinated Universal Time),38,Top 10,top 10,,,,,,
2026-08-04T11:27:41.298589+00:00,20260804-112741,https://trends24.in/indonesia/,Mon Aug 03 2026 18:44:09 GMT+0000 (Coordinated Universal Time),39,#UnstoppableJUHOON,unstoppablejuhoon,,,,,,
2026-08-04T11:27:41.298589+00:00,20260804-112741,https://trends24.in/indonesia/,Mon Aug 03 2026 18:44:09 GMT+0000 (Coordinated Universal Time),40,#MyBiasMyBoss,mybiasmyboss,,,,,,
2026-08-04T11:27:41.298589+00:00,20260804-112741,https://trends24.in/indonesia/,Mon Aug 03 2026 18:44:09 GMT+0000 (Coordinated Universal Time),41,#LingOrmxSmoothE_FIERCESKIN,lingormxsmoothe_fierceskin,,,,,,
2026-08-04T11:27:41.298589+00:00,20260804-112741,https://trends24.in/indonesia/,Mon Aug 03 2026 18:44:09 GMT+0000 (Coordinated Universal Time),42,#WilliamjkpXWoodytalk,williamjkpxwoodytalk,,,,,,
2026-08-04T11:27:41.298589+00:00,20260804-112741,https://trends24.in/indonesia/,Mon Aug 03 2026 18:44:09 GMT+0000 (Coordinated Universal Time),43,#FairTreatmentForJUHOON,fairtreatmentforjuhoon,,,,,,
2026-08-04T11:27:41.298589+00:00,20260804-112741,https://trends24.in/indonesia/,Mon Aug 03 2026 18:44:09 GMT+0000 (Coordinated Universal Time),44,#DittipidNarkoba,dittipidnarkoba,,,,,,
2026-08-04T11:27:41.298589+00:00,20260804-112741,https://trends24.in/indonesia/,Mon Aug 03 2026 18:44:09 GMT+0000 (Coordinated Universal Time),45,#BareskrimPolri,bareskrimpolri,,,,,,
2026-08-04T11:27:41.298589+00:00,20260804-112741,https://trends24.in/indonesia/,Mon Aug 03 2026 18:44:09 GMT+0000 (Coordinated Universal Time),46,#LawanNarkoba,lawannarkoba,,,,,,
2026-08-04T11:27:41.298589+00:00,20260804-112741,https://trends24.in/indonesia/,Mon Aug 03 2026 18:44:09 GMT+0000 (Coordinated Universal Time),47,#ëë¸Xí¼ì² ì¸_ììëë¤,ëë ¸xí¼ì² ì¸_ììëë¤,,,,,,
2026-08-04T11:27:41.298589+00:00,20260804-112741,https://trends24.in/indonesia/,Mon Aug 03 2026 18:44:09 GMT+0000 (Coordinated Universal Time),48,#DINO_åBOARD_OutNow,dino_åboard_outnow,,,,,,
2026-08-04T11:27:41.298589+00:00,20260804-112741,https://trends24.in/indonesia/,Mon Aug 03 2026 18:44:09 GMT+0000 (Coordinated Universal Time),49,#NCT127_Call127,nct127_call127,,,,,,
2026-08-04T11:27:41.298589+00:00,20260804-112741,https://trends24.in/indonesia/,Mon Aug 03 2026 18:44:09 GMT+0000 (Coordinated Universal Time),50,#ProvokatorBulanAgustus,provokatorbulanagustus,,,,,,
2026-08-04T11:27:41.298589+00:00,20260804-112741,https://trends24.in/indonesia/,Mon Aug 03 2026 17:52:09 GMT+0000 (Coordinated Universal Time),1,Vietnam,vietnam,,,,,,
2026-08-04T11:27:41.298589+00:00,20260804-112741,https://trends24.in/indonesia/,Mon Aug 03 2026 17:52:09 GMT+0000 (Coordinated Universal Time),2,#PuppyRyoDay,puppyryoday,,,,,,
2026-08-04T11:27:41.298589+00:00,20260804-112741,https://trends24.in/indonesia/,Mon Aug 03 2026 17:52:09 GMT+0000 (Coordinated Universal Time),3,#ã·ãºãã®æãããããªã§ã¦ã¡ãã,ã·ãºãã®æãããããªã§ã¦ã¡ãã,,,,,,
2026-08-04T11:27:41.298589+00:00,20260804-112741,https://trends24.in/indonesia/,Mon Aug 03 2026 17:52:09 GMT+0000 (Coordinated Universal Time),4,#ì¬ëë¥ì´_ì¹ì¹ì¼_ìì¼ì¶íí´ë£,ì¬ëë¥ì´_ì¹ì¹ì¼_ìì¼ì¶íí´ë£,,,,,,
2026-08-04T11:27:41.298589+00:00,20260804-112741,https://trends24.in/indonesia/,Mon Aug 03 2026 17:52:09 GMT+0000 (Coordinated Universal Time),5,#YouManiacSeriesQ29,youmaniacseriesq29,,,,,,
2026-08-04T11:27:41.298589+00:00,20260804-112741,https://trends24.in/indonesia/,Mon Aug 03 2026 17:52:09 GMT+0000 (Coordinated Universal Time),6,#TimnasDay,timnasday,,,,,,
2026-08-04T11:27:41.298589+00:00,20260804-112741,https://trends24.in/indonesia/,Mon Aug 03 2026 17:52:09 GMT+0000 (Coordinated Universal Time),7,Nadeo,nadeo,,,,,,
2026-08-04T11:27:41.298589+00:00,20260804-112741,https://trends24.in/indonesia/,Mon Aug 03 2026 17:52:09 GMT+0000 (Coordinated Universal Time),8,Singapura,singapura,,,,,,
2026-08-04T11:27:41.298589+00:00,20260804-112741,https://trends24.in/indonesia/,Mon Aug 03 2026 17:52:09 GMT+0000 (Coordinated Universal Time),9,Ridho,ridho,,,,,,
2026-08-04T11:27:41.298589+00:00,20260804-112741,https://trends24.in/indonesia/,Mon Aug 03 2026 17:52:09 GMT+0000 (Coordinated Universal Time),10,Jordi,jordi,,,,,,
2026-08-04T11:27:41.298589+00:00,20260804-112741,https://trends24.in/indonesia/,Mon Aug 03 2026 17:52:09 GMT+0000 (Coordinated Universal Time),11,Herdman,herdman,,,,,,
2026-08-04T11:27:41.298589+00:00,20260804-112741,https://trends24.in/indonesia/,Mon Aug 03 2026 17:52:09 GMT+0000 (Coordinated Universal Time),12,Haye,haye,,,,,,
2026-08-04T11:27:41.298589+00:00,20260804-112741,https://trends24.in/indonesia/,Mon Aug 03 2026 17:52:09 GMT+0000 (Coordinated Universal Time),13,Nguyen,nguyen,,,,,,
2026-08-04T11:27:41.298589+00:00,20260804-112741,https://trends24.in/indonesia/,Mon Aug 03 2026 17:52:09 GMT+0000 (Coordinated Universal Time),14,Klok,klok,,,,,,
2026-08-04T11:27:41.298589+00:00,20260804-112741,https://trends24.in/indonesia/,Mon Aug 03 2026 17:52:09 GMT+0000 (Coordinated Universal Time),15,Blingy Action Plan D2,blingy action plan d2,,,,,,
2026-08-04T11:27:41.298589+00:00,20260804-112741,https://trends24.in/indonesia/,Mon Aug 03 2026 17:52:09 GMT+0000 (Coordinated Universal Time),16,Kiper,kiper,,,,,,
2026-08-04T11:27:41.298589+00:00,20260804-112741,https://trends24.in/indonesia/,Mon Aug 03 2026 17:52:09 GMT+0000 (Coordinated Universal Time),17,ASEAN,asean,,,,,,
2026-08-04T11:27:41.298589+00:00,20260804-112741,https://trends24.in/indonesia/,Mon Aug 03 2026 17:52:09 GMT+0000 (Coordinated Universal Time),18,Ragnar,ragnar,,,,,,
2026-08-04T11:27:41.298589+00:00,20260804-112741,https://trends24.in/indonesia/,Mon Aug 03 2026 17:52:09 GMT+0000 (Coordinated Universal Time),19,Beckham,beckham,,,,,,
2026-08-04T11:27:41.298589+00:00,20260804-112741,https://trends24.in/indonesia/,Mon Aug 03 2026 17:52:09 GMT+0000 (Coordinated Universal Time),20,$CATE,$cate,,,,,,
2026-08-04T11:27:41.298589+00:00,20260804-112741,https://trends24.in/indonesia/,Mon Aug 03 2026 17:52:09 GMT+0000 (Coordinated Universal Time),21,PPATK,ppatk,,,,,,
2026-08-04T11:27:41.298589+00:00,20260804-112741,https://trends24.in/indonesia/,Mon Aug 03 2026 17:52:09 GMT+0000 (Coordinated Universal Time),22,Ernando,ernando,,,,,,
2026-08-04T11:27:41.298589+00:00,20260804-112741,https://trends24.in/indonesia/,Mon Aug 03 2026 17:52:09 GMT+0000 (Coordinated Universal Time),23,LINGORM PRESENTER SMOOTHE,lingorm presenter smoothe,,,,,,
2026-08-04T11:27:41.298589+00:00,20260804-112741,https://trends24.in/indonesia/,Mon Aug 03 2026 17:52:09 GMT+0000 (Coordinated Universal Time),24,Kalah,kalah,,,,,,
2026-08-04T11:27:41.298589+00:00,20260804-112741,https://trends24.in/indonesia/,Mon Aug 03 2026 17:52:09 GMT+0000 (Coordinated Universal Time),25,haechan,haechan,,,,,,
2026-08-04T11:27:41.298589+00:00,20260804-112741,https://trends24.in/indonesia/,Mon Aug 03 2026 17:52:09 GMT+0000 (Coordinated Universal Time),26,Eliano,eliano,,,,,,
2026-08-04T11:27:41.298589+00:00,20260804-112741,https://trends24.in/indonesia/,Mon Aug 03 2026 17:52:09 GMT+0000 (Coordinated Universal Time),27,Piala Asia,piala asia,,,,,,
2026-08-04T11:27:41.298589+00:00,20260804-112741,https://trends24.in/indonesia/,Mon Aug 03 2026 17:52:09 GMT+0000 (Coordinated Universal Time),28,Kebobolan,kebobolan,,,,,,
2026-08-04T11:27:41.298589+00:00,20260804-112741,https://trends24.in/indonesia/,Mon Aug 03 2026 17:52:09 GMT+0000 (Coordinated Universal Time),29,WILLIAM X WOODY,william x woody,,,,,,
2026-08-04T11:27:41.298589+00:00,20260804-112741,https://trends24.in/indonesia/,Mon Aug 03 2026 17:52:09 GMT+0000 (Coordinated Universal Time),30,Sandy Walsh,sandy walsh,,,,,,
2026-08-04T11:27:41.298589+00:00,20260804-112741,https://trends24.in/indonesia/,Mon Aug 03 2026 17:52:09 GMT+0000 (Coordinated Universal Time),31,Liga 1,liga 1,,,,,,
2026-08-04T11:27:41.298589+00:00,20260804-112741,https://trends24.in/indonesia/,Mon Aug 03 2026 17:52:09 GMT+0000 (Coordinated Universal Time),32,Pelatih,pelatih,,,,,,
2026-08-04T11:27:41.298589+00:00,20260804-112741,https://trends24.in/indonesia/,Mon Aug 03 2026 17:52:09 GMT+0000 (Coordinated Universal Time),33,Red Velvet,red velvet,,,,,,
2026-08-04T11:27:41.298589+00:00,20260804-112741,https://trends24.in/indonesia/,Mon Aug 03 2026 17:52:09 GMT+0000 (Coordinated Universal Time),34,Paes,paes,,,,,,
2026-08-04T11:27:41.298589+00:00,20260804-112741,https://trends24.in/indonesia/,Mon Aug 03 2026 17:52:09 GMT+0000 (Coordinated Universal Time),35,Mainnya,mainnya,,,,,,
2026-08-04T11:27:41.298589+00:00,20260804-112741,https://trends24.in/indonesia/,Mon Aug 03 2026 17:52:09 GMT+0000 (Coordinated Universal Time),36,Dahlah,dahlah,,,,,,
2026-08-04T11:27:41.298589+00:00,20260804-112741,https://trends24.in/indonesia/,Mon Aug 03 2026 17:52:09 GMT+0000 (Coordinated Universal Time),37,RESPECT JUHOON'S RIGHTS,respect juhoon's rights,,,,,,
2026-08-04T11:27:41.298589+00:00,20260804-112741,https://trends24.in/indonesia/,Mon Aug 03 2026 17:52:09 GMT+0000 (Coordinated Universal Time),38,Velvet Summer is Out Now,velvet summer is out now,,,,,,
2026-08-04T11:27:41.298589+00:00,20260804-112741,https://trends24.in/indonesia/,Mon Aug 03 2026 17:52:09 GMT+0000 (Coordinated Universal Time),39,Garuda,garuda,,,,,,
2026-08-04T11:27:41.298589+00:00,20260804-112741,https://trends24.in/indonesia/,Mon Aug 03 2026 17:52:09 GMT+0000 (Coordinated Universal Time),40,Pakansari,pakansari,,,,,,
2026-08-04T11:27:41.298589+00:00,20260804-112741,https://trends24.in/indonesia/,Mon Aug 03 2026 17:52:09 GMT+0000 (Coordinated Universal Time),41,Babak,babak,,,,,,
2026-08-04T11:27:41.298589+00:00,20260804-112741,https://trends24.in/indonesia/,Mon Aug 03 2026 17:52:09 GMT+0000 (Coordinated Universal Time),42,PHOTOMATICS,photomatics,,,,,,
2026-08-04T11:27:41.298589+00:00,20260804-112741,https://trends24.in/indonesia/,Mon Aug 03 2026 17:52:09 GMT+0000 (Coordinated Universal Time),43,DINO X PICHEOLIN DEBUT DAY,dino x picheolin debut day,,,,,,
2026-08-04T11:27:41.298589+00:00,20260804-112741,https://trends24.in/indonesia/,Mon Aug 03 2026 17:52:09 GMT+0000 (Coordinated Universal Time),44,Top 10,top 10,,,,,,
2026-08-04T11:27:41.298589+00:00,20260804-112741,https://trends24.in/indonesia/,Mon Aug 03 2026 17:52:09 GMT+0000 (Coordinated Universal Time),45,SODA SODA,soda soda,,,,,,
2026-08-04T11:27:41.298589+00:00,20260804-112741,https://trends24.in/indonesia/,Mon Aug 03 2026 17:52:09 GMT+0000 (Coordinated Universal Time),46,#UnstoppableJUHOON,unstoppablejuhoon,,,,,,
2026-08-04T11:27:41.298589+00:00,20260804-112741,https://trends24.in/indonesia/,Mon Aug 03 2026 17:52:09 GMT+0000 (Coordinated Universal Time),47,#LingOrmxSmoothE_FIERCESKIN,lingormxsmoothe_fierceskin,,,,,,
2026-08-04T11:27:41.298589+00:00,20260804-112741,https://trends24.in/indonesia/,Mon Aug 03 2026 17:52:09 GMT+0000 (Coordinated Universal Time),48,#WilliamjkpXWoodytalk,williamjkpxwoodytalk,,,,,,
2026-08-04T11:27:41.298589+00:00,20260804-112741,https://trends24.in/indonesia/,Mon Aug 03 2026 17:52:09 GMT+0000 (Coordinated Universal Time),49,#HappyFamilyMV,happyfamilymv,,,,,,
2026-08-04T11:27:41.298589+00:00,20260804-112741,https://trends24.in/indonesia/,Mon Aug 03 2026 17:52:09 GMT+0000 (Coordinated Universal Time),50,#LawanNarkoba,lawannarkoba,,,,,,
2026-08-04T11:27:41.298589+00:00,20260804-112741,https://trends24.in/indonesia/,Mon Aug 03 2026 17:00:51 GMT+0000 (Coordinated Universal Time),1,Vietnam,vietnam,,,,,,
2026-08-04T11:27:41.298589+00:00,20260804-112741,https://trends24.in/indonesia/,Mon Aug 03 2026 17:00:51 GMT+0000 (Coordinated Universal Time),2,#TimnasDay,timnasday,,,,,,
2026-08-04T11:27:41.298589+00:00,20260804-112741,https://trends24.in/indonesia/,Mon Aug 03 2026 17:00:51 GMT+0000 (Coordinated Universal Time),3,#PuppyRyoDay,puppyryoday,,,,,,
2026-08-04T11:27:41.298589+00:00,20260804-112741,https://trends24.in/indonesia/,Mon Aug 03 2026 17:00:51 GMT+0000 (Coordinated Universal Time),4,#ã·ãºãã®æãããããªã§ã¦ã¡ãã,ã·ãºãã®æãããããªã§ã¦ã¡ãã,,,,,,
2026-08-04T11:27:41.298589+00:00,20260804-112741,https://trends24.in/indonesia/,Mon Aug 03 2026 17:00:51 GMT+0000 (Coordinated Universal Time),5,#ì¬ëë¥ì´_ì¹ì¹ì¼_ìì¼ì¶íí´ë£,ì¬ëë¥ì´_ì¹ì¹ì¼_ìì¼ì¶íí´ë£,,,,,,
2026-08-04T11:27:41.298589+00:00,20260804-112741,https://trends24.in/indonesia/,Mon Aug 03 2026 17:00:51 GMT+0000 (Coordinated Universal Time),6,Nadeo,nadeo,,,,,,
2026-08-04T11:27:41.298589+00:00,20260804-112741,https://trends24.in/indonesia/,Mon Aug 03 2026 17:00:51 GMT+0000 (Coordinated Universal Time),7,Singapura,singapura,,,,,,
2026-08-04T11:27:41.298589+00:00,20260804-112741,https://trends24.in/indonesia/,Mon Aug 03 2026 17:00:51 GMT+0000 (Coordinated Universal Time),8,Jordi,jordi,,,,,,
2026-08-04T11:27:41.298589+00:00,20260804-112741,https://trends24.in/indonesia/,Mon Aug 03 2026 17:00:51 GMT+0000 (Coordinated Universal Time),9,Ridho,ridho,,,,,,
2026-08-04T11:27:41.298589+00:00,20260804-112741,https://trends24.in/indonesia/,Mon Aug 03 2026 17:00:51 GMT+0000 (Coordinated Universal Time),10,Nguyen,nguyen,,,,,,
2026-08-04T11:27:41.298589+00:00,20260804-112741,https://trends24.in/indonesia/,Mon Aug 03 2026 17:00:51 GMT+0000 (Coordinated Universal Time),11,Herdman,herdman,,,,,,
2026-08-04T11:27:41.298589+00:00,20260804-112741,https://trends24.in/indonesia/,Mon Aug 03 2026 17:00:51 GMT+0000 (Coordinated Universal Time),12,Haye,haye,,,,,,
2026-08-04T11:27:41.298589+00:00,20260804-112741,https://trends24.in/indonesia/,Mon Aug 03 2026 17:00:51 GMT+0000 (Coordinated Universal Time),13,Blingy Action Plan D2,blingy action plan d2,,,,,,
2026-08-04T11:27:41.298589+00:00,20260804-112741,https://trends24.in/indonesia/,Mon Aug 03 2026 17:00:51 GMT+0000 (Coordinated Universal Time),14,Kiper,kiper,,,,,,
2026-08-04T11:27:41.298589+00:00,20260804-112741,https://trends24.in/indonesia/,Mon Aug 03 2026 17:00:51 GMT+0000 (Coordinated Universal Time),15,#UnstoppableJUHOON,unstoppablejuhoon,,,,,,
2026-08-04T11:27:41.298589+00:00,20260804-112741,https://trends24.in/indonesia/,Mon Aug 03 2026 17:00:51 GMT+0000 (Coordinated Universal Time),16,Klok,klok,,,,,,
2026-08-04T11:27:41.298589+00:00,20260804-112741,https://trends24.in/indonesia/,Mon Aug 03 2026 17:00:51 GMT+0000 (Coordinated Universal Time),17,ASEAN,asean,,,,,,
2026-08-04T11:27:41.298589+00:00,20260804-112741,https://trends24.in/indonesia/,Mon Aug 03 2026 17:00:51 GMT+0000 (Coordinated Universal Time),18,Ragnar,ragnar,,,,,,
2026-08-04T11:27:41.298589+00:00,20260804-112741,https://trends24.in/indonesia/,Mon Aug 03 2026 17:00:51 GMT+0000 (Coordinated Universal Time),19,Beckham,beckham,,,,,,
2026-08-04T11:27:41.298589+00:00,20260804-112741,https://trends24.in/indonesia/,Mon Aug 03 2026 17:00:51 GMT+0000 (Coordinated Universal Time),20,Eliano,eliano,,,,,,
2026-08-04T11:27:41.298589+00:00,20260804-112741,https://trends24.in/indonesia/,Mon Aug 03 2026 17:00:51 GMT+0000 (Coordinated Universal Time),21,haechan,haechan,,,,,,
2026-08-04T11:27:41.298589+00:00,20260804-112741,https://trends24.in/indonesia/,Mon Aug 03 2026 17:00:51 GMT+0000 (Coordinated Universal Time),22,Ernando,ernando,,,,,,
2026-08-04T11:27:41.298589+00:00,20260804-112741,https://trends24.in/indonesia/,Mon Aug 03 2026 17:00:51 GMT+0000 (Coordinated Universal Time),23,Kalah,kalah,,,,,,
2026-08-04T11:27:41.298589+00:00,20260804-112741,https://trends24.in/indonesia/,Mon Aug 03 2026 17:00:51 GMT+0000 (Coordinated Universal Time),24,Walsh,walsh,,,,,,
2026-08-04T11:27:41.298589+00:00,20260804-112741,https://trends24.in/indonesia/,Mon Aug 03 2026 17:00:51 GMT+0000 (Coordinated Universal Time),25,Piala Asia,piala asia,,,,,,
2026-08-04T11:27:41.298589+00:00,20260804-112741,https://trends24.in/indonesia/,Mon Aug 03 2026 17:00:51 GMT+0000 (Coordinated Universal Time),26,PPATK,ppatk,,,,,,
2026-08-04T11:27:41.298589+00:00,20260804-112741,https://trends24.in/indonesia/,Mon Aug 03 2026 17:00:51 GMT+0000 (Coordinated Universal Time),27,LINGORM PRESENTER SMOOTHE,lingorm presenter smoothe,,,,,,
2026-08-04T11:27:41.298589+00:00,20260804-112741,https://trends24.in/indonesia/,Mon Aug 03 2026 17:00:51 GMT+0000 (Coordinated Universal Time),28,Kebobolan,kebobolan,,,,,,
2026-08-04T11:27:41.298589+00:00,20260804-112741,https://trends24.in/indonesia/,Mon Aug 03 2026 17:00:51 GMT+0000 (Coordinated Universal Time),29,Lawan Provokasi Buzzer,lawan provokasi buzzer,,,,,,
2026-08-04T11:27:41.298589+00:00,20260804-112741,https://trends24.in/indonesia/,Mon Aug 03 2026 17:00:51 GMT+0000 (Coordinated Universal Time),30,WILLIAM X WOODY,william x woody,,,,,,
2026-08-04T11:27:41.298589+00:00,20260804-112741,https://trends24.in/indonesia/,Mon Aug 03 2026 17:00:51 GMT+0000 (Coordinated Universal Time),31,Tendangan,tendangan,,,,,,
2026-08-04T11:27:41.298589+00:00,20260804-112741,https://trends24.in/indonesia/,Mon Aug 03 2026 17:00:51 GMT+0000 (Coordinated Universal Time),32,Pelatih,pelatih,,,,,,
2026-08-04T11:27:41.298589+00:00,20260804-112741,https://trends24.in/indonesia/,Mon Aug 03 2026 17:00:51 GMT+0000 (Coordinated Universal Time),33,Created by Warren Robinett,created by warren robinett,,,,,,
2026-08-04T11:27:41.298589+00:00,20260804-112741,https://trends24.in/indonesia/,Mon Aug 03 2026 17:00:51 GMT+0000 (Coordinated Universal Time),34,liga 1,liga 1,,,,,,
2026-08-04T11:27:41.298589+00:00,20260804-112741,https://trends24.in/indonesia/,Mon Aug 03 2026 17:00:51 GMT+0000 (Coordinated Universal Time),35,Paes,paes,,,,,,
2026-08-04T11:27:41.298589+00:00,20260804-112741,https://trends24.in/indonesia/,Mon Aug 03 2026 17:00:51 GMT+0000 (Coordinated Universal Time),36,Mainnya,mainnya,,,,,,
2026-08-04T11:27:41.298589+00:00,20260804-112741,https://trends24.in/indonesia/,Mon Aug 03 2026 17:00:51 GMT+0000 (Coordinated Universal Time),37,Dahlah,dahlah,,,,,,
2026-08-04T11:27:41.298589+00:00,20260804-112741,https://trends24.in/indonesia/,Mon Aug 03 2026 17:00:51 GMT+0000 (Coordinated Universal Time),38,W101 SERIES PRESS TOUR,w101 series press tour,,,,,,
2026-08-04T11:27:41.298589+00:00,20260804-112741,https://trends24.in/indonesia/,Mon Aug 03 2026 17:00:51 GMT+0000 (Coordinated Universal Time),39,Thom,thom,,,,,,
2026-08-04T11:27:41.298589+00:00,20260804-112741,https://trends24.in/indonesia/,Mon Aug 03 2026 17:00:51 GMT+0000 (Coordinated Universal Time),40,Red Velvet,red velvet,,,,,,
2026-08-04T11:27:41.298589+00:00,20260804-112741,https://trends24.in/indonesia/,Mon Aug 03 2026 17:00:51 GMT+0000 (Coordinated Universal Time),41,Pakansari,pakansari,,,,,,
2026-08-04T11:27:41.298589+00:00,20260804-112741,https://trends24.in/indonesia/,Mon Aug 03 2026 17:00:51 GMT+0000 (Coordinated Universal Time),42,Polresta Karawang,polresta karawang,,,,,,
2026-08-04T11:27:41.298589+00:00,20260804-112741,https://trends24.in/indonesia/,Mon Aug 03 2026 17:00:51 GMT+0000 (Coordinated Universal Time),43,Velvet Summer is Out Now,velvet summer is out now,,,,,,
2026-08-04T11:27:41.298589+00:00,20260804-112741,https://trends24.in/indonesia/,Mon Aug 03 2026 17:00:51 GMT+0000 (Coordinated Universal Time),44,Garuda,garuda,,,,,,
2026-08-04T11:27:41.298589+00:00,20260804-112741,https://trends24.in/indonesia/,Mon Aug 03 2026 17:00:51 GMT+0000 (Coordinated Universal Time),45,Babak,babak,,,,,,
2026-08-04T11:27:41.298589+00:00,20260804-112741,https://trends24.in/indonesia/,Mon Aug 03 2026 17:00:51 GMT+0000 (Coordinated Universal Time),46,RESPECT JUHOON'S RIGHTS,respect juhoon's rights,,,,,,
2026-08-04T11:27:41.298589+00:00,20260804-112741,https://trends24.in/indonesia/,Mon Aug 03 2026 17:00:51 GMT+0000 (Coordinated Universal Time),47,NUNEW INVESTIGATION,nunew investigation,,,,,,
2026-08-04T11:27:41.298589+00:00,20260804-112741,https://trends24.in/indonesia/,Mon Aug 03 2026 17:00:51 GMT+0000 (Coordinated Universal Time),48,$CATE,$cate,,,,,,
2026-08-04T11:27:41.298589+00:00,20260804-112741,https://trends24.in/indonesia/,Mon Aug 03 2026 17:00:51 GMT+0000 (Coordinated Universal Time),49,AKRAB,akrab,,,,,,
2026-08-04T11:27:41.298589+00:00,20260804-112741,https://trends24.in/indonesia/,Mon Aug 03 2026 17:00:51 GMT+0000 (Coordinated Universal Time),50,PHOTOMATICS,photomatics,,,,,,
