captured_at_utc,run_id,source_url,hour_label,rank,name,name_norm,tweet_count_raw,tweet_count,best_position,total_tweets,trending_for_raw,trending_for_hours
2026-08-08T05:46:52.463944+00:00,20260808-054652,https://trends24.in/indonesia/,Sat Aug 08 2026 05:08:10 GMT+0000 (Coordinated Universal Time),1,#KUOTASERBA8RIBU,kuotaserba8ribu,,,,,,
2026-08-08T05:46:52.463944+00:00,20260808-054652,https://trends24.in/indonesia/,Sat Aug 08 2026 05:08:10 GMT+0000 (Coordinated Universal Time),2,GoPay,gopay,,,,,,
2026-08-08T05:46:52.463944+00:00,20260808-054652,https://trends24.in/indonesia/,Sat Aug 08 2026 05:08:10 GMT+0000 (Coordinated Universal Time),3,#DaihatsuRockyHybrid,daihatsurockyhybrid,,,,,,
2026-08-08T05:46:52.463944+00:00,20260808-054652,https://trends24.in/indonesia/,Sat Aug 08 2026 05:08:10 GMT+0000 (Coordinated Universal Time),4,#DaihatsuSahabatku,daihatsusahabatku,,,,,,
2026-08-08T05:46:52.463944+00:00,20260808-054652,https://trends24.in/indonesia/,Sat Aug 08 2026 05:08:10 GMT+0000 (Coordinated Universal Time),5,#SemuaJadiMudah,semuajadimudah,,,,,,
2026-08-08T05:46:52.463944+00:00,20260808-054652,https://trends24.in/indonesia/,Sat Aug 08 2026 05:08:10 GMT+0000 (Coordinated Universal Time),6,#GalaxyExperienceZone,galaxyexperiencezone,,,,,,
2026-08-08T05:46:52.463944+00:00,20260808-054652,https://trends24.in/indonesia/,Sat Aug 08 2026 05:08:10 GMT+0000 (Coordinated Universal Time),7,Paket Data,paket data,,,,,,
2026-08-08T05:46:52.463944+00:00,20260808-054652,https://trends24.in/indonesia/,Sat Aug 08 2026 05:08:10 GMT+0000 (Coordinated Universal Time),8,JUNIORMARK ALONG SUNNYMOON,juniormark along sunnymoon,,,,,,
2026-08-08T05:46:52.463944+00:00,20260808-054652,https://trends24.in/indonesia/,Sat Aug 08 2026 05:08:10 GMT+0000 (Coordinated Universal Time),9,Araujo,araujo,,,,,,
2026-08-08T05:46:52.463944+00:00,20260808-054652,https://trends24.in/indonesia/,Sat Aug 08 2026 05:08:10 GMT+0000 (Coordinated Universal Time),10,Elon,elon,,,,,,
2026-08-08T05:46:52.463944+00:00,20260808-054652,https://trends24.in/indonesia/,Sat Aug 08 2026 05:08:10 GMT+0000 (Coordinated Universal Time),11,Rp 8.100,rp 8.100,,,,,,
2026-08-08T05:46:52.463944+00:00,20260808-054652,https://trends24.in/indonesia/,Sat Aug 08 2026 05:08:10 GMT+0000 (Coordinated Universal Time),12,Original Content Rewards,original content rewards,,,,,,
2026-08-08T05:46:52.463944+00:00,20260808-054652,https://trends24.in/indonesia/,Sat Aug 08 2026 05:08:10 GMT+0000 (Coordinated Universal Time),13,Bahlil,bahlil,,,,,,
2026-08-08T05:46:52.463944+00:00,20260808-054652,https://trends24.in/indonesia/,Sat Aug 08 2026 05:08:10 GMT+0000 (Coordinated Universal Time),14,Dikit,dikit,,,,,,
2026-08-08T05:46:52.463944+00:00,20260808-054652,https://trends24.in/indonesia/,Sat Aug 08 2026 05:08:10 GMT+0000 (Coordinated Universal Time),15,Revenue Sharing,revenue sharing,,,,,,
2026-08-08T05:46:52.463944+00:00,20260808-054652,https://trends24.in/indonesia/,Sat Aug 08 2026 05:08:10 GMT+0000 (Coordinated Universal Time),16,Jbjb,jbjb,,,,,,
2026-08-08T05:46:52.463944+00:00,20260808-054652,https://trends24.in/indonesia/,Sat Aug 08 2026 05:08:10 GMT+0000 (Coordinated Universal Time),17,SPBU,spbu,,,,,,
2026-08-08T05:46:52.463944+00:00,20260808-054652,https://trends24.in/indonesia/,Sat Aug 08 2026 05:08:10 GMT+0000 (Coordinated Universal Time),18,S.W.I.S.H,s.w.i.s.h,,,,,,
2026-08-08T05:46:52.463944+00:00,20260808-054652,https://trends24.in/indonesia/,Sat Aug 08 2026 05:08:10 GMT+0000 (Coordinated Universal Time),19,Home Timeline,home timeline,,,,,,
2026-08-08T05:46:52.463944+00:00,20260808-054652,https://trends24.in/indonesia/,Sat Aug 08 2026 05:08:10 GMT+0000 (Coordinated Universal Time),20,Peraturan,peraturan,,,,,,
2026-08-08T05:46:52.463944+00:00,20260808-054652,https://trends24.in/indonesia/,Sat Aug 08 2026 05:08:10 GMT+0000 (Coordinated Universal Time),21,Elig,elig,,,,,,
2026-08-08T05:46:52.463944+00:00,20260808-054652,https://trends24.in/indonesia/,Sat Aug 08 2026 05:08:10 GMT+0000 (Coordinated Universal Time),22,Nikita,nikita,,,,,,
2026-08-08T05:46:52.463944+00:00,20260808-054652,https://trends24.in/indonesia/,Sat Aug 08 2026 05:08:10 GMT+0000 (Coordinated Universal Time),23,Liverpool,liverpool,,,,,,
2026-08-08T05:46:52.463944+00:00,20260808-054652,https://trends24.in/indonesia/,Sat Aug 08 2026 05:08:10 GMT+0000 (Coordinated Universal Time),24,UU ITE,uu ite,,,,,,
2026-08-08T05:46:52.463944+00:00,20260808-054652,https://trends24.in/indonesia/,Sat Aug 08 2026 05:08:10 GMT+0000 (Coordinated Universal Time),25,Nunez,nunez,,,,,,
2026-08-08T05:46:52.463944+00:00,20260808-054652,https://trends24.in/indonesia/,Sat Aug 08 2026 05:08:10 GMT+0000 (Coordinated Universal Time),26,Busan,busan,,,,,,
2026-08-08T05:46:52.463944+00:00,20260808-054652,https://trends24.in/indonesia/,Sat Aug 08 2026 05:08:10 GMT+0000 (Coordinated Universal Time),27,Premium,premium,,,,,,
2026-08-08T05:46:52.463944+00:00,20260808-054652,https://trends24.in/indonesia/,Sat Aug 08 2026 05:08:10 GMT+0000 (Coordinated Universal Time),28,PSSI,pssi,,,,,,
2026-08-08T05:46:52.463944+00:00,20260808-054652,https://trends24.in/indonesia/,Sat Aug 08 2026 05:08:10 GMT+0000 (Coordinated Universal Time),29,DECADE WITH BLACKPINK,decade with blackpink,,,,,,
2026-08-08T05:46:52.463944+00:00,20260808-054652,https://trends24.in/indonesia/,Sat Aug 08 2026 05:08:10 GMT+0000 (Coordinated Universal Time),30,Piala Asia,piala asia,,,,,,
2026-08-08T05:46:52.463944+00:00,20260808-054652,https://trends24.in/indonesia/,Sat Aug 08 2026 05:08:10 GMT+0000 (Coordinated Universal Time),31,FIFA Asean Cup,fifa asean cup,,,,,,
2026-08-08T05:46:52.463944+00:00,20260808-054652,https://trends24.in/indonesia/,Sat Aug 08 2026 05:08:10 GMT+0000 (Coordinated Universal Time),32,RSCM,rscm,,,,,,
2026-08-08T05:46:52.463944+00:00,20260808-054652,https://trends24.in/indonesia/,Sat Aug 08 2026 05:08:10 GMT+0000 (Coordinated Universal Time),33,#Growing29WithGawin,growing29withgawin,,,,,,
2026-08-08T05:46:52.463944+00:00,20260808-054652,https://trends24.in/indonesia/,Sat Aug 08 2026 05:08:10 GMT+0000 (Coordinated Universal Time),34,#JuniorMarkConcertD2,juniormarkconcertd2,,,,,,
2026-08-08T05:46:52.463944+00:00,20260808-054652,https://trends24.in/indonesia/,Sat Aug 08 2026 05:08:10 GMT+0000 (Coordinated Universal Time),35,#HappyBimday,happybimday,,,,,,
2026-08-08T05:46:52.463944+00:00,20260808-054652,https://trends24.in/indonesia/,Sat Aug 08 2026 05:08:10 GMT+0000 (Coordinated Universal Time),36,#GawinCaskey,gawincaskey,,,,,,
2026-08-08T05:46:52.463944+00:00,20260808-054652,https://trends24.in/indonesia/,Sat Aug 08 2026 05:08:10 GMT+0000 (Coordinated Universal Time),37,#GalaxyStudio,galaxystudio,,,,,,
2026-08-08T05:46:52.463944+00:00,20260808-054652,https://trends24.in/indonesia/,Sat Aug 08 2026 05:08:10 GMT+0000 (Coordinated Universal Time),38,#GMMTVFanfestInMacau2026,gmmtvfanfestinmacau2026,,,,,,
2026-08-08T05:46:52.463944+00:00,20260808-054652,https://trends24.in/indonesia/,Sat Aug 08 2026 05:08:10 GMT+0000 (Coordinated Universal Time),39,#jersey4sale,jersey4sale,,,,,,
2026-08-08T05:46:52.463944+00:00,20260808-054652,https://trends24.in/indonesia/,Sat Aug 08 2026 05:08:10 GMT+0000 (Coordinated Universal Time),40,#ë_ì¸ì ë_ì¹ì² ì´í¸_ìì¼ì¶íí´,ë_ì¸ì ë_ì¹ì² ì´í¸_ìì¼ì¶íí´,,,,,,
2026-08-08T05:46:52.463944+00:00,20260808-054652,https://trends24.in/indonesia/,Sat Aug 08 2026 05:08:10 GMT+0000 (Coordinated Universal Time),41,#Its_BOSS_SCOUPS_Day,its_boss_scoups_day,,,,,,
2026-08-08T05:46:52.463944+00:00,20260808-054652,https://trends24.in/indonesia/,Sat Aug 08 2026 05:08:10 GMT+0000 (Coordinated Universal Time),42,#DMDinUSAxTMKTTP,dmdinusaxtmkttp,,,,,,
2026-08-08T05:46:52.463944+00:00,20260808-054652,https://trends24.in/indonesia/,Sat Aug 08 2026 05:08:10 GMT+0000 (Coordinated Universal Time),43,#WUnovelina,wunovelina,,,,,,
2026-08-08T05:46:52.463944+00:00,20260808-054652,https://trends24.in/indonesia/,Sat Aug 08 2026 05:08:10 GMT+0000 (Coordinated Universal Time),44,#BLACKPINK10thAnniversary,blackpink10thanniversary,,,,,,
2026-08-08T05:46:52.463944+00:00,20260808-054652,https://trends24.in/indonesia/,Sat Aug 08 2026 05:08:10 GMT+0000 (Coordinated Universal Time),45,#10YearsWithBLACKPINK,10yearswithblackpink,,,,,,
2026-08-08T05:46:52.463944+00:00,20260808-054652,https://trends24.in/indonesia/,Sat Aug 08 2026 05:08:10 GMT+0000 (Coordinated Universal Time),46,#BLACKPINK_FOURever,blackpink_fourever,,,,,,
2026-08-08T05:46:52.463944+00:00,20260808-054652,https://trends24.in/indonesia/,Sat Aug 08 2026 05:08:10 GMT+0000 (Coordinated Universal Time),47,#èä¿0808çæ¥å¿«ä¹,èä¿0808çæ¥å¿«ä¹,,,,,,
2026-08-08T05:46:52.463944+00:00,20260808-054652,https://trends24.in/indonesia/,Sat Aug 08 2026 05:08:10 GMT+0000 (Coordinated Universal Time),48,#27MelodieswithXIAOJUN,27melodieswithxiaojun,,,,,,
2026-08-08T05:46:52.463944+00:00,20260808-054652,https://trends24.in/indonesia/,Sat Aug 08 2026 05:08:10 GMT+0000 (Coordinated Universal Time),49,#íì´ê°ìì§ì¤ì¤ì¥ìì¼,íì´ê°ìì§ì¤ì¤ì¥ìì¼,,,,,,
2026-08-08T05:46:52.463944+00:00,20260808-054652,https://trends24.in/indonesia/,Sat Aug 08 2026 05:08:10 GMT+0000 (Coordinated Universal Time),50,#Bimajinasi,bimajinasi,,,,,,
2026-08-08T05:46:52.463944+00:00,20260808-054652,https://trends24.in/indonesia/,Sat Aug 08 2026 04:16:16 GMT+0000 (Coordinated Universal Time),1,#KUOTASERBA8RIBU,kuotaserba8ribu,,,,,,
2026-08-08T05:46:52.463944+00:00,20260808-054652,https://trends24.in/indonesia/,Sat Aug 08 2026 04:16:16 GMT+0000 (Coordinated Universal Time),2,GoPay,gopay,,,,,,
2026-08-08T05:46:52.463944+00:00,20260808-054652,https://trends24.in/indonesia/,Sat Aug 08 2026 04:16:16 GMT+0000 (Coordinated Universal Time),3,#DaihatsuRockyHybrid,daihatsurockyhybrid,,,,,,
2026-08-08T05:46:52.463944+00:00,20260808-054652,https://trends24.in/indonesia/,Sat Aug 08 2026 04:16:16 GMT+0000 (Coordinated Universal Time),4,#DaihatsuSahabatku,daihatsusahabatku,,,,,,
2026-08-08T05:46:52.463944+00:00,20260808-054652,https://trends24.in/indonesia/,Sat Aug 08 2026 04:16:16 GMT+0000 (Coordinated Universal Time),5,#SemuaJadiMudah,semuajadimudah,,,,,,
2026-08-08T05:46:52.463944+00:00,20260808-054652,https://trends24.in/indonesia/,Sat Aug 08 2026 04:16:16 GMT+0000 (Coordinated Universal Time),6,#Growing29WithGawin,growing29withgawin,,,,,,
2026-08-08T05:46:52.463944+00:00,20260808-054652,https://trends24.in/indonesia/,Sat Aug 08 2026 04:16:16 GMT+0000 (Coordinated Universal Time),7,JUNIORMARK ALONG SUNNYMOON,juniormark along sunnymoon,,,,,,
2026-08-08T05:46:52.463944+00:00,20260808-054652,https://trends24.in/indonesia/,Sat Aug 08 2026 04:16:16 GMT+0000 (Coordinated Universal Time),8,Paket Data,paket data,,,,,,
2026-08-08T05:46:52.463944+00:00,20260808-054652,https://trends24.in/indonesia/,Sat Aug 08 2026 04:16:16 GMT+0000 (Coordinated Universal Time),9,Araujo,araujo,,,,,,
2026-08-08T05:46:52.463944+00:00,20260808-054652,https://trends24.in/indonesia/,Sat Aug 08 2026 04:16:16 GMT+0000 (Coordinated Universal Time),10,Original Content Rewards,original content rewards,,,,,,
2026-08-08T05:46:52.463944+00:00,20260808-054652,https://trends24.in/indonesia/,Sat Aug 08 2026 04:16:16 GMT+0000 (Coordinated Universal Time),11,Rp 8.100,rp 8.100,,,,,,
2026-08-08T05:46:52.463944+00:00,20260808-054652,https://trends24.in/indonesia/,Sat Aug 08 2026 04:16:16 GMT+0000 (Coordinated Universal Time),12,Revenue Sharing,revenue sharing,,,,,,
2026-08-08T05:46:52.463944+00:00,20260808-054652,https://trends24.in/indonesia/,Sat Aug 08 2026 04:16:16 GMT+0000 (Coordinated Universal Time),13,Bahlil,bahlil,,,,,,
2026-08-08T05:46:52.463944+00:00,20260808-054652,https://trends24.in/indonesia/,Sat Aug 08 2026 04:16:16 GMT+0000 (Coordinated Universal Time),14,Jbjb,jbjb,,,,,,
2026-08-08T05:46:52.463944+00:00,20260808-054652,https://trends24.in/indonesia/,Sat Aug 08 2026 04:16:16 GMT+0000 (Coordinated Universal Time),15,Home Timeline,home timeline,,,,,,
2026-08-08T05:46:52.463944+00:00,20260808-054652,https://trends24.in/indonesia/,Sat Aug 08 2026 04:16:16 GMT+0000 (Coordinated Universal Time),16,Aturan,aturan,,,,,,
2026-08-08T05:46:52.463944+00:00,20260808-054652,https://trends24.in/indonesia/,Sat Aug 08 2026 04:16:16 GMT+0000 (Coordinated Universal Time),17,SPBU,spbu,,,,,,
2026-08-08T05:46:52.463944+00:00,20260808-054652,https://trends24.in/indonesia/,Sat Aug 08 2026 04:16:16 GMT+0000 (Coordinated Universal Time),18,S.W.I.S.H,s.w.i.s.h,,,,,,
2026-08-08T05:46:52.463944+00:00,20260808-054652,https://trends24.in/indonesia/,Sat Aug 08 2026 04:16:16 GMT+0000 (Coordinated Universal Time),19,Liverpool,liverpool,,,,,,
2026-08-08T05:46:52.463944+00:00,20260808-054652,https://trends24.in/indonesia/,Sat Aug 08 2026 04:16:16 GMT+0000 (Coordinated Universal Time),20,Busan,busan,,,,,,
2026-08-08T05:46:52.463944+00:00,20260808-054652,https://trends24.in/indonesia/,Sat Aug 08 2026 04:16:16 GMT+0000 (Coordinated Universal Time),21,UU ITE,uu ite,,,,,,
2026-08-08T05:46:52.463944+00:00,20260808-054652,https://trends24.in/indonesia/,Sat Aug 08 2026 04:16:16 GMT+0000 (Coordinated Universal Time),22,Nikita,nikita,,,,,,
2026-08-08T05:46:52.463944+00:00,20260808-054652,https://trends24.in/indonesia/,Sat Aug 08 2026 04:16:16 GMT+0000 (Coordinated Universal Time),23,Nunez,nunez,,,,,,
2026-08-08T05:46:52.463944+00:00,20260808-054652,https://trends24.in/indonesia/,Sat Aug 08 2026 04:16:16 GMT+0000 (Coordinated Universal Time),24,PSSI,pssi,,,,,,
2026-08-08T05:46:52.463944+00:00,20260808-054652,https://trends24.in/indonesia/,Sat Aug 08 2026 04:16:16 GMT+0000 (Coordinated Universal Time),25,Elig,elig,,,,,,
2026-08-08T05:46:52.463944+00:00,20260808-054652,https://trends24.in/indonesia/,Sat Aug 08 2026 04:16:16 GMT+0000 (Coordinated Universal Time),26,Premium,premium,,,,,,
2026-08-08T05:46:52.463944+00:00,20260808-054652,https://trends24.in/indonesia/,Sat Aug 08 2026 04:16:16 GMT+0000 (Coordinated Universal Time),27,Piala Asia,piala asia,,,,,,
2026-08-08T05:46:52.463944+00:00,20260808-054652,https://trends24.in/indonesia/,Sat Aug 08 2026 04:16:16 GMT+0000 (Coordinated Universal Time),28,Deco,deco,,,,,,
2026-08-08T05:46:52.463944+00:00,20260808-054652,https://trends24.in/indonesia/,Sat Aug 08 2026 04:16:16 GMT+0000 (Coordinated Universal Time),29,jisoo,jisoo,,,,,,
2026-08-08T05:46:52.463944+00:00,20260808-054652,https://trends24.in/indonesia/,Sat Aug 08 2026 04:16:16 GMT+0000 (Coordinated Universal Time),30,DECADE WITH BLACKPINK,decade with blackpink,,,,,,
2026-08-08T05:46:52.463944+00:00,20260808-054652,https://trends24.in/indonesia/,Sat Aug 08 2026 04:16:16 GMT+0000 (Coordinated Universal Time),31,FIFA Asean Cup,fifa asean cup,,,,,,
2026-08-08T05:46:52.463944+00:00,20260808-054652,https://trends24.in/indonesia/,Sat Aug 08 2026 04:16:16 GMT+0000 (Coordinated Universal Time),32,RSCM,rscm,,,,,,
2026-08-08T05:46:52.463944+00:00,20260808-054652,https://trends24.in/indonesia/,Sat Aug 08 2026 04:16:16 GMT+0000 (Coordinated Universal Time),33,#JuniorMarkConcertD2,juniormarkconcertd2,,,,,,
2026-08-08T05:46:52.463944+00:00,20260808-054652,https://trends24.in/indonesia/,Sat Aug 08 2026 04:16:16 GMT+0000 (Coordinated Universal Time),34,#HappyBimday,happybimday,,,,,,
2026-08-08T05:46:52.463944+00:00,20260808-054652,https://trends24.in/indonesia/,Sat Aug 08 2026 04:16:16 GMT+0000 (Coordinated Universal Time),35,#GawinCaskey,gawincaskey,,,,,,
2026-08-08T05:46:52.463944+00:00,20260808-054652,https://trends24.in/indonesia/,Sat Aug 08 2026 04:16:16 GMT+0000 (Coordinated Universal Time),36,#ë_ì¸ì ë_ì¹ì² ì´í¸_ìì¼ì¶íí´,ë_ì¸ì ë_ì¹ì² ì´í¸_ìì¼ì¶íí´,,,,,,
2026-08-08T05:46:52.463944+00:00,20260808-054652,https://trends24.in/indonesia/,Sat Aug 08 2026 04:16:16 GMT+0000 (Coordinated Universal Time),37,#Its_BOSS_SCOUPS_Day,its_boss_scoups_day,,,,,,
2026-08-08T05:46:52.463944+00:00,20260808-054652,https://trends24.in/indonesia/,Sat Aug 08 2026 04:16:16 GMT+0000 (Coordinated Universal Time),38,#DMDinUSAxTMKTTP,dmdinusaxtmkttp,,,,,,
2026-08-08T05:46:52.463944+00:00,20260808-054652,https://trends24.in/indonesia/,Sat Aug 08 2026 04:16:16 GMT+0000 (Coordinated Universal Time),39,#srchafreen,srchafreen,,,,,,
2026-08-08T05:46:52.463944+00:00,20260808-054652,https://trends24.in/indonesia/,Sat Aug 08 2026 04:16:16 GMT+0000 (Coordinated Universal Time),40,#WUnovelina,wunovelina,,,,,,
2026-08-08T05:46:52.463944+00:00,20260808-054652,https://trends24.in/indonesia/,Sat Aug 08 2026 04:16:16 GMT+0000 (Coordinated Universal Time),41,#BLACKPINK10thAnniversary,blackpink10thanniversary,,,,,,
2026-08-08T05:46:52.463944+00:00,20260808-054652,https://trends24.in/indonesia/,Sat Aug 08 2026 04:16:16 GMT+0000 (Coordinated Universal Time),42,#27MelodieswithXIAOJUN,27melodieswithxiaojun,,,,,,
2026-08-08T05:46:52.463944+00:00,20260808-054652,https://trends24.in/indonesia/,Sat Aug 08 2026 04:16:16 GMT+0000 (Coordinated Universal Time),43,#èä¿0808çæ¥å¿«ä¹,èä¿0808çæ¥å¿«ä¹,,,,,,
2026-08-08T05:46:52.463944+00:00,20260808-054652,https://trends24.in/indonesia/,Sat Aug 08 2026 04:16:16 GMT+0000 (Coordinated Universal Time),44,#íì´ê°ìì§ì¤ì¤ì¥ìì¼,íì´ê°ìì§ì¤ì¤ì¥ìì¼,,,,,,
2026-08-08T05:46:52.463944+00:00,20260808-054652,https://trends24.in/indonesia/,Sat Aug 08 2026 04:16:16 GMT+0000 (Coordinated Universal Time),45,#10YearsWithBLACKPINK,10yearswithblackpink,,,,,,
2026-08-08T05:46:52.463944+00:00,20260808-054652,https://trends24.in/indonesia/,Sat Aug 08 2026 04:16:16 GMT+0000 (Coordinated Universal Time),46,#BLACKPINK_FOURever,blackpink_fourever,,,,,,
2026-08-08T05:46:52.463944+00:00,20260808-054652,https://trends24.in/indonesia/,Sat Aug 08 2026 04:16:16 GMT+0000 (Coordinated Universal Time),47,#Bimajinasi,bimajinasi,,,,,,
2026-08-08T05:46:52.463944+00:00,20260808-054652,https://trends24.in/indonesia/,Sat Aug 08 2026 04:16:11 GMT+0000 (Coordinated Universal Time),1,#KUOTASERBA8RIBU,kuotaserba8ribu,,,,,,
2026-08-08T05:46:52.463944+00:00,20260808-054652,https://trends24.in/indonesia/,Sat Aug 08 2026 04:16:11 GMT+0000 (Coordinated Universal Time),2,GoPay,gopay,,,,,,
2026-08-08T05:46:52.463944+00:00,20260808-054652,https://trends24.in/indonesia/,Sat Aug 08 2026 04:16:11 GMT+0000 (Coordinated Universal Time),3,#DaihatsuRockyHybrid,daihatsurockyhybrid,,,,,,
2026-08-08T05:46:52.463944+00:00,20260808-054652,https://trends24.in/indonesia/,Sat Aug 08 2026 04:16:11 GMT+0000 (Coordinated Universal Time),4,#DaihatsuSahabatku,daihatsusahabatku,,,,,,
2026-08-08T05:46:52.463944+00:00,20260808-054652,https://trends24.in/indonesia/,Sat Aug 08 2026 04:16:11 GMT+0000 (Coordinated Universal Time),5,#SemuaJadiMudah,semuajadimudah,,,,,,
2026-08-08T05:46:52.463944+00:00,20260808-054652,https://trends24.in/indonesia/,Sat Aug 08 2026 04:16:11 GMT+0000 (Coordinated Universal Time),6,#Growing29WithGawin,growing29withgawin,,,,,,
2026-08-08T05:46:52.463944+00:00,20260808-054652,https://trends24.in/indonesia/,Sat Aug 08 2026 04:16:11 GMT+0000 (Coordinated Universal Time),7,JUNIORMARK ALONG SUNNYMOON,juniormark along sunnymoon,,,,,,
2026-08-08T05:46:52.463944+00:00,20260808-054652,https://trends24.in/indonesia/,Sat Aug 08 2026 04:16:11 GMT+0000 (Coordinated Universal Time),8,Araujo,araujo,,,,,,
2026-08-08T05:46:52.463944+00:00,20260808-054652,https://trends24.in/indonesia/,Sat Aug 08 2026 04:16:11 GMT+0000 (Coordinated Universal Time),9,Paket Data,paket data,,,,,,
2026-08-08T05:46:52.463944+00:00,20260808-054652,https://trends24.in/indonesia/,Sat Aug 08 2026 04:16:11 GMT+0000 (Coordinated Universal Time),10,Original Content Rewards,original content rewards,,,,,,
2026-08-08T05:46:52.463944+00:00,20260808-054652,https://trends24.in/indonesia/,Sat Aug 08 2026 04:16:11 GMT+0000 (Coordinated Universal Time),11,Rp 8.100,rp 8.100,,,,,,
2026-08-08T05:46:52.463944+00:00,20260808-054652,https://trends24.in/indonesia/,Sat Aug 08 2026 04:16:11 GMT+0000 (Coordinated Universal Time),12,Revenue Sharing,revenue sharing,,,,,,
2026-08-08T05:46:52.463944+00:00,20260808-054652,https://trends24.in/indonesia/,Sat Aug 08 2026 04:16:11 GMT+0000 (Coordinated Universal Time),13,Bahlil,bahlil,,,,,,
2026-08-08T05:46:52.463944+00:00,20260808-054652,https://trends24.in/indonesia/,Sat Aug 08 2026 04:16:11 GMT+0000 (Coordinated Universal Time),14,Jbjb,jbjb,,,,,,
2026-08-08T05:46:52.463944+00:00,20260808-054652,https://trends24.in/indonesia/,Sat Aug 08 2026 04:16:11 GMT+0000 (Coordinated Universal Time),15,Aturan,aturan,,,,,,
2026-08-08T05:46:52.463944+00:00,20260808-054652,https://trends24.in/indonesia/,Sat Aug 08 2026 04:16:11 GMT+0000 (Coordinated Universal Time),16,Home Timeline,home timeline,,,,,,
2026-08-08T05:46:52.463944+00:00,20260808-054652,https://trends24.in/indonesia/,Sat Aug 08 2026 04:16:11 GMT+0000 (Coordinated Universal Time),17,SPBU,spbu,,,,,,
2026-08-08T05:46:52.463944+00:00,20260808-054652,https://trends24.in/indonesia/,Sat Aug 08 2026 04:16:11 GMT+0000 (Coordinated Universal Time),18,S.W.I.S.H,s.w.i.s.h,,,,,,
2026-08-08T05:46:52.463944+00:00,20260808-054652,https://trends24.in/indonesia/,Sat Aug 08 2026 04:16:11 GMT+0000 (Coordinated Universal Time),19,Liverpool,liverpool,,,,,,
2026-08-08T05:46:52.463944+00:00,20260808-054652,https://trends24.in/indonesia/,Sat Aug 08 2026 04:16:11 GMT+0000 (Coordinated Universal Time),20,Busan,busan,,,,,,
2026-08-08T05:46:52.463944+00:00,20260808-054652,https://trends24.in/indonesia/,Sat Aug 08 2026 04:16:11 GMT+0000 (Coordinated Universal Time),21,UU ITE,uu ite,,,,,,
2026-08-08T05:46:52.463944+00:00,20260808-054652,https://trends24.in/indonesia/,Sat Aug 08 2026 04:16:11 GMT+0000 (Coordinated Universal Time),22,Nikita,nikita,,,,,,
2026-08-08T05:46:52.463944+00:00,20260808-054652,https://trends24.in/indonesia/,Sat Aug 08 2026 04:16:11 GMT+0000 (Coordinated Universal Time),23,Nunez,nunez,,,,,,
2026-08-08T05:46:52.463944+00:00,20260808-054652,https://trends24.in/indonesia/,Sat Aug 08 2026 04:16:11 GMT+0000 (Coordinated Universal Time),24,Elig,elig,,,,,,
2026-08-08T05:46:52.463944+00:00,20260808-054652,https://trends24.in/indonesia/,Sat Aug 08 2026 04:16:11 GMT+0000 (Coordinated Universal Time),25,PSSI,pssi,,,,,,
2026-08-08T05:46:52.463944+00:00,20260808-054652,https://trends24.in/indonesia/,Sat Aug 08 2026 04:16:11 GMT+0000 (Coordinated Universal Time),26,Premium,premium,,,,,,
2026-08-08T05:46:52.463944+00:00,20260808-054652,https://trends24.in/indonesia/,Sat Aug 08 2026 04:16:11 GMT+0000 (Coordinated Universal Time),27,Deco,deco,,,,,,
2026-08-08T05:46:52.463944+00:00,20260808-054652,https://trends24.in/indonesia/,Sat Aug 08 2026 04:16:11 GMT+0000 (Coordinated Universal Time),28,Piala Asia,piala asia,,,,,,
2026-08-08T05:46:52.463944+00:00,20260808-054652,https://trends24.in/indonesia/,Sat Aug 08 2026 04:16:11 GMT+0000 (Coordinated Universal Time),29,jisoo,jisoo,,,,,,
2026-08-08T05:46:52.463944+00:00,20260808-054652,https://trends24.in/indonesia/,Sat Aug 08 2026 04:16:11 GMT+0000 (Coordinated Universal Time),30,DECADE WITH BLACKPINK,decade with blackpink,,,,,,
2026-08-08T05:46:52.463944+00:00,20260808-054652,https://trends24.in/indonesia/,Sat Aug 08 2026 04:16:11 GMT+0000 (Coordinated Universal Time),31,FIFA Asean Cup,fifa asean cup,,,,,,
2026-08-08T05:46:52.463944+00:00,20260808-054652,https://trends24.in/indonesia/,Sat Aug 08 2026 04:16:11 GMT+0000 (Coordinated Universal Time),32,RSCM,rscm,,,,,,
2026-08-08T05:46:52.463944+00:00,20260808-054652,https://trends24.in/indonesia/,Sat Aug 08 2026 04:16:11 GMT+0000 (Coordinated Universal Time),33,#JuniorMarkConcertD2,juniormarkconcertd2,,,,,,
2026-08-08T05:46:52.463944+00:00,20260808-054652,https://trends24.in/indonesia/,Sat Aug 08 2026 04:16:11 GMT+0000 (Coordinated Universal Time),34,#HappyBimday,happybimday,,,,,,
2026-08-08T05:46:52.463944+00:00,20260808-054652,https://trends24.in/indonesia/,Sat Aug 08 2026 04:16:11 GMT+0000 (Coordinated Universal Time),35,#GawinCaskey,gawincaskey,,,,,,
2026-08-08T05:46:52.463944+00:00,20260808-054652,https://trends24.in/indonesia/,Sat Aug 08 2026 04:16:11 GMT+0000 (Coordinated Universal Time),36,#ë_ì¸ì ë_ì¹ì² ì´í¸_ìì¼ì¶íí´,ë_ì¸ì ë_ì¹ì² ì´í¸_ìì¼ì¶íí´,,,,,,
2026-08-08T05:46:52.463944+00:00,20260808-054652,https://trends24.in/indonesia/,Sat Aug 08 2026 04:16:11 GMT+0000 (Coordinated Universal Time),37,#Its_BOSS_SCOUPS_Day,its_boss_scoups_day,,,,,,
2026-08-08T05:46:52.463944+00:00,20260808-054652,https://trends24.in/indonesia/,Sat Aug 08 2026 04:16:11 GMT+0000 (Coordinated Universal Time),38,#DMDinUSAxTMKTTP,dmdinusaxtmkttp,,,,,,
2026-08-08T05:46:52.463944+00:00,20260808-054652,https://trends24.in/indonesia/,Sat Aug 08 2026 04:16:11 GMT+0000 (Coordinated Universal Time),39,#srchafreen,srchafreen,,,,,,
2026-08-08T05:46:52.463944+00:00,20260808-054652,https://trends24.in/indonesia/,Sat Aug 08 2026 04:16:11 GMT+0000 (Coordinated Universal Time),40,#WUnovelina,wunovelina,,,,,,
2026-08-08T05:46:52.463944+00:00,20260808-054652,https://trends24.in/indonesia/,Sat Aug 08 2026 04:16:11 GMT+0000 (Coordinated Universal Time),41,#BLACKPINK10thAnniversary,blackpink10thanniversary,,,,,,
2026-08-08T05:46:52.463944+00:00,20260808-054652,https://trends24.in/indonesia/,Sat Aug 08 2026 04:16:11 GMT+0000 (Coordinated Universal Time),42,#27MelodieswithXIAOJUN,27melodieswithxiaojun,,,,,,
2026-08-08T05:46:52.463944+00:00,20260808-054652,https://trends24.in/indonesia/,Sat Aug 08 2026 04:16:11 GMT+0000 (Coordinated Universal Time),43,#èä¿0808çæ¥å¿«ä¹,èä¿0808çæ¥å¿«ä¹,,,,,,
2026-08-08T05:46:52.463944+00:00,20260808-054652,https://trends24.in/indonesia/,Sat Aug 08 2026 04:16:11 GMT+0000 (Coordinated Universal Time),44,#íì´ê°ìì§ì¤ì¤ì¥ìì¼,íì´ê°ìì§ì¤ì¤ì¥ìì¼,,,,,,
2026-08-08T05:46:52.463944+00:00,20260808-054652,https://trends24.in/indonesia/,Sat Aug 08 2026 04:16:11 GMT+0000 (Coordinated Universal Time),45,#10YearsWithBLACKPINK,10yearswithblackpink,,,,,,
2026-08-08T05:46:52.463944+00:00,20260808-054652,https://trends24.in/indonesia/,Sat Aug 08 2026 04:16:11 GMT+0000 (Coordinated Universal Time),46,#BLACKPINK_FOURever,blackpink_fourever,,,,,,
2026-08-08T05:46:52.463944+00:00,20260808-054652,https://trends24.in/indonesia/,Sat Aug 08 2026 04:16:11 GMT+0000 (Coordinated Universal Time),47,#Bimajinasi,bimajinasi,,,,,,
2026-08-08T05:46:52.463944+00:00,20260808-054652,https://trends24.in/indonesia/,Sat Aug 08 2026 03:24:32 GMT+0000 (Coordinated Universal Time),1,#KUOTASERBA8RIBU,kuotaserba8ribu,,,,,,
2026-08-08T05:46:52.463944+00:00,20260808-054652,https://trends24.in/indonesia/,Sat Aug 08 2026 03:24:32 GMT+0000 (Coordinated Universal Time),2,GoPay,gopay,,,,,,
2026-08-08T05:46:52.463944+00:00,20260808-054652,https://trends24.in/indonesia/,Sat Aug 08 2026 03:24:32 GMT+0000 (Coordinated Universal Time),3,#Growing29WithGawin,growing29withgawin,,,,,,
2026-08-08T05:46:52.463944+00:00,20260808-054652,https://trends24.in/indonesia/,Sat Aug 08 2026 03:24:32 GMT+0000 (Coordinated Universal Time),4,#JuniorMarkConcertD2,juniormarkconcertd2,,,,,,
2026-08-08T05:46:52.463944+00:00,20260808-054652,https://trends24.in/indonesia/,Sat Aug 08 2026 03:24:32 GMT+0000 (Coordinated Universal Time),5,Paket Data,paket data,,,,,,
2026-08-08T05:46:52.463944+00:00,20260808-054652,https://trends24.in/indonesia/,Sat Aug 08 2026 03:24:32 GMT+0000 (Coordinated Universal Time),6,JUNIORMARK ALONG SUNNYMOON,juniormark along sunnymoon,,,,,,
2026-08-08T05:46:52.463944+00:00,20260808-054652,https://trends24.in/indonesia/,Sat Aug 08 2026 03:24:32 GMT+0000 (Coordinated Universal Time),7,Original Content Rewards,original content rewards,,,,,,
2026-08-08T05:46:52.463944+00:00,20260808-054652,https://trends24.in/indonesia/,Sat Aug 08 2026 03:24:32 GMT+0000 (Coordinated Universal Time),8,Araujo,araujo,,,,,,
2026-08-08T05:46:52.463944+00:00,20260808-054652,https://trends24.in/indonesia/,Sat Aug 08 2026 03:24:32 GMT+0000 (Coordinated Universal Time),9,Revenue Sharing,revenue sharing,,,,,,
2026-08-08T05:46:52.463944+00:00,20260808-054652,https://trends24.in/indonesia/,Sat Aug 08 2026 03:24:32 GMT+0000 (Coordinated Universal Time),10,Rp 8.100,rp 8.100,,,,,,
2026-08-08T05:46:52.463944+00:00,20260808-054652,https://trends24.in/indonesia/,Sat Aug 08 2026 03:24:32 GMT+0000 (Coordinated Universal Time),11,Jbjb,jbjb,,,,,,
2026-08-08T05:46:52.463944+00:00,20260808-054652,https://trends24.in/indonesia/,Sat Aug 08 2026 03:24:32 GMT+0000 (Coordinated Universal Time),12,S.W.I.S.H,s.w.i.s.h,,,,,,
2026-08-08T05:46:52.463944+00:00,20260808-054652,https://trends24.in/indonesia/,Sat Aug 08 2026 03:24:32 GMT+0000 (Coordinated Universal Time),13,#GawinCaskey,gawincaskey,,,,,,
2026-08-08T05:46:52.463944+00:00,20260808-054652,https://trends24.in/indonesia/,Sat Aug 08 2026 03:24:32 GMT+0000 (Coordinated Universal Time),14,Home Timeline,home timeline,,,,,,
2026-08-08T05:46:52.463944+00:00,20260808-054652,https://trends24.in/indonesia/,Sat Aug 08 2026 03:24:32 GMT+0000 (Coordinated Universal Time),15,#HappyBimday,happybimday,,,,,,
2026-08-08T05:46:52.463944+00:00,20260808-054652,https://trends24.in/indonesia/,Sat Aug 08 2026 03:24:32 GMT+0000 (Coordinated Universal Time),16,Bahlil,bahlil,,,,,,
2026-08-08T05:46:52.463944+00:00,20260808-054652,https://trends24.in/indonesia/,Sat Aug 08 2026 03:24:32 GMT+0000 (Coordinated Universal Time),17,Aturan,aturan,,,,,,
2026-08-08T05:46:52.463944+00:00,20260808-054652,https://trends24.in/indonesia/,Sat Aug 08 2026 03:24:32 GMT+0000 (Coordinated Universal Time),18,Elig,elig,,,,,,
2026-08-08T05:46:52.463944+00:00,20260808-054652,https://trends24.in/indonesia/,Sat Aug 08 2026 03:24:32 GMT+0000 (Coordinated Universal Time),19,SPBU,spbu,,,,,,
2026-08-08T05:46:52.463944+00:00,20260808-054652,https://trends24.in/indonesia/,Sat Aug 08 2026 03:24:32 GMT+0000 (Coordinated Universal Time),20,Nunez,nunez,,,,,,
2026-08-08T05:46:52.463944+00:00,20260808-054652,https://trends24.in/indonesia/,Sat Aug 08 2026 03:24:32 GMT+0000 (Coordinated Universal Time),21,Premium,premium,,,,,,
2026-08-08T05:46:52.463944+00:00,20260808-054652,https://trends24.in/indonesia/,Sat Aug 08 2026 03:24:32 GMT+0000 (Coordinated Universal Time),22,Busan,busan,,,,,,
2026-08-08T05:46:52.463944+00:00,20260808-054652,https://trends24.in/indonesia/,Sat Aug 08 2026 03:24:32 GMT+0000 (Coordinated Universal Time),23,PSSI,pssi,,,,,,
2026-08-08T05:46:52.463944+00:00,20260808-054652,https://trends24.in/indonesia/,Sat Aug 08 2026 03:24:32 GMT+0000 (Coordinated Universal Time),24,Piala Asia,piala asia,,,,,,
2026-08-08T05:46:52.463944+00:00,20260808-054652,https://trends24.in/indonesia/,Sat Aug 08 2026 03:24:32 GMT+0000 (Coordinated Universal Time),25,Nikita,nikita,,,,,,
2026-08-08T05:46:52.463944+00:00,20260808-054652,https://trends24.in/indonesia/,Sat Aug 08 2026 03:24:32 GMT+0000 (Coordinated Universal Time),26,DECADE WITH BLACKPINK,decade with blackpink,,,,,,
2026-08-08T05:46:52.463944+00:00,20260808-054652,https://trends24.in/indonesia/,Sat Aug 08 2026 03:24:32 GMT+0000 (Coordinated Universal Time),27,seungcheol,seungcheol,,,,,,
2026-08-08T05:46:52.463944+00:00,20260808-054652,https://trends24.in/indonesia/,Sat Aug 08 2026 03:24:32 GMT+0000 (Coordinated Universal Time),28,Deco,deco,,,,,,
2026-08-08T05:46:52.463944+00:00,20260808-054652,https://trends24.in/indonesia/,Sat Aug 08 2026 03:24:32 GMT+0000 (Coordinated Universal Time),29,FIFA ASEAN Cup,fifa asean cup,,,,,,
2026-08-08T05:46:52.463944+00:00,20260808-054652,https://trends24.in/indonesia/,Sat Aug 08 2026 03:24:32 GMT+0000 (Coordinated Universal Time),30,jisoo,jisoo,,,,,,
2026-08-08T05:46:52.463944+00:00,20260808-054652,https://trends24.in/indonesia/,Sat Aug 08 2026 03:24:32 GMT+0000 (Coordinated Universal Time),31,Ridho,ridho,,,,,,
2026-08-08T05:46:52.463944+00:00,20260808-054652,https://trends24.in/indonesia/,Sat Aug 08 2026 03:24:32 GMT+0000 (Coordinated Universal Time),32,Klok,klok,,,,,,
2026-08-08T05:46:52.463944+00:00,20260808-054652,https://trends24.in/indonesia/,Sat Aug 08 2026 03:24:32 GMT+0000 (Coordinated Universal Time),33,RSCM,rscm,,,,,,
2026-08-08T05:46:52.463944+00:00,20260808-054652,https://trends24.in/indonesia/,Sat Aug 08 2026 03:24:32 GMT+0000 (Coordinated Universal Time),34,#ë_ì¸ì ë_ì¹ì² ì´í¸_ìì¼ì¶íí´,ë_ì¸ì ë_ì¹ì² ì´í¸_ìì¼ì¶íí´,,,,,,
2026-08-08T05:46:52.463944+00:00,20260808-054652,https://trends24.in/indonesia/,Sat Aug 08 2026 03:24:32 GMT+0000 (Coordinated Universal Time),35,#Its_BOSS_SCOUPS_Day,its_boss_scoups_day,,,,,,
2026-08-08T05:46:52.463944+00:00,20260808-054652,https://trends24.in/indonesia/,Sat Aug 08 2026 03:24:32 GMT+0000 (Coordinated Universal Time),36,#WUnovelina,wunovelina,,,,,,
2026-08-08T05:46:52.463944+00:00,20260808-054652,https://trends24.in/indonesia/,Sat Aug 08 2026 03:24:32 GMT+0000 (Coordinated Universal Time),37,#BLACKPINK10thAnniversary,blackpink10thanniversary,,,,,,
2026-08-08T05:46:52.463944+00:00,20260808-054652,https://trends24.in/indonesia/,Sat Aug 08 2026 03:24:32 GMT+0000 (Coordinated Universal Time),38,#DMDinUSAxTMKTTP,dmdinusaxtmkttp,,,,,,
2026-08-08T05:46:52.463944+00:00,20260808-054652,https://trends24.in/indonesia/,Sat Aug 08 2026 03:24:32 GMT+0000 (Coordinated Universal Time),39,#srchafreen,srchafreen,,,,,,
2026-08-08T05:46:52.463944+00:00,20260808-054652,https://trends24.in/indonesia/,Sat Aug 08 2026 03:24:32 GMT+0000 (Coordinated Universal Time),40,#BLACKPINK_FOURever,blackpink_fourever,,,,,,
2026-08-08T05:46:52.463944+00:00,20260808-054652,https://trends24.in/indonesia/,Sat Aug 08 2026 03:24:32 GMT+0000 (Coordinated Universal Time),41,#10YearsWithBLACKPINK,10yearswithblackpink,,,,,,
2026-08-08T05:46:52.463944+00:00,20260808-054652,https://trends24.in/indonesia/,Sat Aug 08 2026 03:24:32 GMT+0000 (Coordinated Universal Time),42,#Bimajinasi,bimajinasi,,,,,,
2026-08-08T05:46:52.463944+00:00,20260808-054652,https://trends24.in/indonesia/,Sat Aug 08 2026 03:24:32 GMT+0000 (Coordinated Universal Time),43,#27MelodieswithXIAOJUN,27melodieswithxiaojun,,,,,,
2026-08-08T05:46:52.463944+00:00,20260808-054652,https://trends24.in/indonesia/,Sat Aug 08 2026 03:24:32 GMT+0000 (Coordinated Universal Time),44,#íì´ê°ìì§ì¤ì¤ì¥ìì¼,íì´ê°ìì§ì¤ì¤ì¥ìì¼,,,,,,
2026-08-08T05:46:52.463944+00:00,20260808-054652,https://trends24.in/indonesia/,Sat Aug 08 2026 03:24:32 GMT+0000 (Coordinated Universal Time),45,#èä¿0808çæ¥å¿«ä¹,èä¿0808çæ¥å¿«ä¹,,,,,,
2026-08-08T05:46:52.463944+00:00,20260808-054652,https://trends24.in/indonesia/,Sat Aug 08 2026 03:24:28 GMT+0000 (Coordinated Universal Time),1,#KUOTASERBA8RIBU,kuotaserba8ribu,,,,,,
2026-08-08T05:46:52.463944+00:00,20260808-054652,https://trends24.in/indonesia/,Sat Aug 08 2026 03:24:28 GMT+0000 (Coordinated Universal Time),2,GoPay,gopay,,,,,,
2026-08-08T05:46:52.463944+00:00,20260808-054652,https://trends24.in/indonesia/,Sat Aug 08 2026 03:24:28 GMT+0000 (Coordinated Universal Time),3,#Growing29WithGawin,growing29withgawin,,,,,,
2026-08-08T05:46:52.463944+00:00,20260808-054652,https://trends24.in/indonesia/,Sat Aug 08 2026 03:24:28 GMT+0000 (Coordinated Universal Time),4,#JuniorMarkConcertD2,juniormarkconcertd2,,,,,,
2026-08-08T05:46:52.463944+00:00,20260808-054652,https://trends24.in/indonesia/,Sat Aug 08 2026 03:24:28 GMT+0000 (Coordinated Universal Time),5,Paket Data,paket data,,,,,,
2026-08-08T05:46:52.463944+00:00,20260808-054652,https://trends24.in/indonesia/,Sat Aug 08 2026 03:24:28 GMT+0000 (Coordinated Universal Time),6,JUNIORMARK ALONG SUNNYMOON,juniormark along sunnymoon,,,,,,
2026-08-08T05:46:52.463944+00:00,20260808-054652,https://trends24.in/indonesia/,Sat Aug 08 2026 03:24:28 GMT+0000 (Coordinated Universal Time),7,Original Content Rewards,original content rewards,,,,,,
2026-08-08T05:46:52.463944+00:00,20260808-054652,https://trends24.in/indonesia/,Sat Aug 08 2026 03:24:28 GMT+0000 (Coordinated Universal Time),8,Araujo,araujo,,,,,,
2026-08-08T05:46:52.463944+00:00,20260808-054652,https://trends24.in/indonesia/,Sat Aug 08 2026 03:24:28 GMT+0000 (Coordinated Universal Time),9,Revenue Sharing,revenue sharing,,,,,,
2026-08-08T05:46:52.463944+00:00,20260808-054652,https://trends24.in/indonesia/,Sat Aug 08 2026 03:24:28 GMT+0000 (Coordinated Universal Time),10,Rp 8.100,rp 8.100,,,,,,
2026-08-08T05:46:52.463944+00:00,20260808-054652,https://trends24.in/indonesia/,Sat Aug 08 2026 03:24:28 GMT+0000 (Coordinated Universal Time),11,Jbjb,jbjb,,,,,,
2026-08-08T05:46:52.463944+00:00,20260808-054652,https://trends24.in/indonesia/,Sat Aug 08 2026 03:24:28 GMT+0000 (Coordinated Universal Time),12,S.W.I.S.H,s.w.i.s.h,,,,,,
2026-08-08T05:46:52.463944+00:00,20260808-054652,https://trends24.in/indonesia/,Sat Aug 08 2026 03:24:28 GMT+0000 (Coordinated Universal Time),13,#GawinCaskey,gawincaskey,,,,,,
2026-08-08T05:46:52.463944+00:00,20260808-054652,https://trends24.in/indonesia/,Sat Aug 08 2026 03:24:28 GMT+0000 (Coordinated Universal Time),14,Home Timeline,home timeline,,,,,,
2026-08-08T05:46:52.463944+00:00,20260808-054652,https://trends24.in/indonesia/,Sat Aug 08 2026 03:24:28 GMT+0000 (Coordinated Universal Time),15,#HappyBimday,happybimday,,,,,,
2026-08-08T05:46:52.463944+00:00,20260808-054652,https://trends24.in/indonesia/,Sat Aug 08 2026 03:24:28 GMT+0000 (Coordinated Universal Time),16,Bahlil,bahlil,,,,,,
2026-08-08T05:46:52.463944+00:00,20260808-054652,https://trends24.in/indonesia/,Sat Aug 08 2026 03:24:28 GMT+0000 (Coordinated Universal Time),17,Aturan,aturan,,,,,,
2026-08-08T05:46:52.463944+00:00,20260808-054652,https://trends24.in/indonesia/,Sat Aug 08 2026 03:24:28 GMT+0000 (Coordinated Universal Time),18,Elig,elig,,,,,,
2026-08-08T05:46:52.463944+00:00,20260808-054652,https://trends24.in/indonesia/,Sat Aug 08 2026 03:24:28 GMT+0000 (Coordinated Universal Time),19,SPBU,spbu,,,,,,
2026-08-08T05:46:52.463944+00:00,20260808-054652,https://trends24.in/indonesia/,Sat Aug 08 2026 03:24:28 GMT+0000 (Coordinated Universal Time),20,Nunez,nunez,,,,,,
2026-08-08T05:46:52.463944+00:00,20260808-054652,https://trends24.in/indonesia/,Sat Aug 08 2026 03:24:28 GMT+0000 (Coordinated Universal Time),21,Premium,premium,,,,,,
2026-08-08T05:46:52.463944+00:00,20260808-054652,https://trends24.in/indonesia/,Sat Aug 08 2026 03:24:28 GMT+0000 (Coordinated Universal Time),22,Busan,busan,,,,,,
2026-08-08T05:46:52.463944+00:00,20260808-054652,https://trends24.in/indonesia/,Sat Aug 08 2026 03:24:28 GMT+0000 (Coordinated Universal Time),23,PSSI,pssi,,,,,,
2026-08-08T05:46:52.463944+00:00,20260808-054652,https://trends24.in/indonesia/,Sat Aug 08 2026 03:24:28 GMT+0000 (Coordinated Universal Time),24,Piala Asia,piala asia,,,,,,
2026-08-08T05:46:52.463944+00:00,20260808-054652,https://trends24.in/indonesia/,Sat Aug 08 2026 03:24:28 GMT+0000 (Coordinated Universal Time),25,Nikita,nikita,,,,,,
2026-08-08T05:46:52.463944+00:00,20260808-054652,https://trends24.in/indonesia/,Sat Aug 08 2026 03:24:28 GMT+0000 (Coordinated Universal Time),26,DECADE WITH BLACKPINK,decade with blackpink,,,,,,
2026-08-08T05:46:52.463944+00:00,20260808-054652,https://trends24.in/indonesia/,Sat Aug 08 2026 03:24:28 GMT+0000 (Coordinated Universal Time),27,seungcheol,seungcheol,,,,,,
2026-08-08T05:46:52.463944+00:00,20260808-054652,https://trends24.in/indonesia/,Sat Aug 08 2026 03:24:28 GMT+0000 (Coordinated Universal Time),28,Deco,deco,,,,,,
2026-08-08T05:46:52.463944+00:00,20260808-054652,https://trends24.in/indonesia/,Sat Aug 08 2026 03:24:28 GMT+0000 (Coordinated Universal Time),29,FIFA ASEAN Cup,fifa asean cup,,,,,,
2026-08-08T05:46:52.463944+00:00,20260808-054652,https://trends24.in/indonesia/,Sat Aug 08 2026 03:24:28 GMT+0000 (Coordinated Universal Time),30,jisoo,jisoo,,,,,,
2026-08-08T05:46:52.463944+00:00,20260808-054652,https://trends24.in/indonesia/,Sat Aug 08 2026 03:24:28 GMT+0000 (Coordinated Universal Time),31,Ridho,ridho,,,,,,
2026-08-08T05:46:52.463944+00:00,20260808-054652,https://trends24.in/indonesia/,Sat Aug 08 2026 03:24:28 GMT+0000 (Coordinated Universal Time),32,Klok,klok,,,,,,
2026-08-08T05:46:52.463944+00:00,20260808-054652,https://trends24.in/indonesia/,Sat Aug 08 2026 03:24:28 GMT+0000 (Coordinated Universal Time),33,RSCM,rscm,,,,,,
2026-08-08T05:46:52.463944+00:00,20260808-054652,https://trends24.in/indonesia/,Sat Aug 08 2026 03:24:28 GMT+0000 (Coordinated Universal Time),34,#ë_ì¸ì ë_ì¹ì² ì´í¸_ìì¼ì¶íí´,ë_ì¸ì ë_ì¹ì² ì´í¸_ìì¼ì¶íí´,,,,,,
2026-08-08T05:46:52.463944+00:00,20260808-054652,https://trends24.in/indonesia/,Sat Aug 08 2026 03:24:28 GMT+0000 (Coordinated Universal Time),35,#Its_BOSS_SCOUPS_Day,its_boss_scoups_day,,,,,,
2026-08-08T05:46:52.463944+00:00,20260808-054652,https://trends24.in/indonesia/,Sat Aug 08 2026 03:24:28 GMT+0000 (Coordinated Universal Time),36,#WUnovelina,wunovelina,,,,,,
2026-08-08T05:46:52.463944+00:00,20260808-054652,https://trends24.in/indonesia/,Sat Aug 08 2026 03:24:28 GMT+0000 (Coordinated Universal Time),37,#BLACKPINK10thAnniversary,blackpink10thanniversary,,,,,,
2026-08-08T05:46:52.463944+00:00,20260808-054652,https://trends24.in/indonesia/,Sat Aug 08 2026 03:24:28 GMT+0000 (Coordinated Universal Time),38,#DMDinUSAxTMKTTP,dmdinusaxtmkttp,,,,,,
2026-08-08T05:46:52.463944+00:00,20260808-054652,https://trends24.in/indonesia/,Sat Aug 08 2026 03:24:28 GMT+0000 (Coordinated Universal Time),39,#srchafreen,srchafreen,,,,,,
2026-08-08T05:46:52.463944+00:00,20260808-054652,https://trends24.in/indonesia/,Sat Aug 08 2026 03:24:28 GMT+0000 (Coordinated Universal Time),40,#BLACKPINK_FOURever,blackpink_fourever,,,,,,
2026-08-08T05:46:52.463944+00:00,20260808-054652,https://trends24.in/indonesia/,Sat Aug 08 2026 03:24:28 GMT+0000 (Coordinated Universal Time),41,#10YearsWithBLACKPINK,10yearswithblackpink,,,,,,
2026-08-08T05:46:52.463944+00:00,20260808-054652,https://trends24.in/indonesia/,Sat Aug 08 2026 03:24:28 GMT+0000 (Coordinated Universal Time),42,#Bimajinasi,bimajinasi,,,,,,
2026-08-08T05:46:52.463944+00:00,20260808-054652,https://trends24.in/indonesia/,Sat Aug 08 2026 03:24:28 GMT+0000 (Coordinated Universal Time),43,#27MelodieswithXIAOJUN,27melodieswithxiaojun,,,,,,
2026-08-08T05:46:52.463944+00:00,20260808-054652,https://trends24.in/indonesia/,Sat Aug 08 2026 03:24:28 GMT+0000 (Coordinated Universal Time),44,#íì´ê°ìì§ì¤ì¤ì¥ìì¼,íì´ê°ìì§ì¤ì¤ì¥ìì¼,,,,,,
2026-08-08T05:46:52.463944+00:00,20260808-054652,https://trends24.in/indonesia/,Sat Aug 08 2026 03:24:28 GMT+0000 (Coordinated Universal Time),45,#èä¿0808çæ¥å¿«ä¹,èä¿0808çæ¥å¿«ä¹,,,,,,
2026-08-08T05:46:52.463944+00:00,20260808-054652,https://trends24.in/indonesia/,Sat Aug 08 2026 02:32:29 GMT+0000 (Coordinated Universal Time),1,#KUOTASERBA8RIBU,kuotaserba8ribu,,,,,,
2026-08-08T05:46:52.463944+00:00,20260808-054652,https://trends24.in/indonesia/,Sat Aug 08 2026 02:32:29 GMT+0000 (Coordinated Universal Time),2,GoPay,gopay,,,,,,
2026-08-08T05:46:52.463944+00:00,20260808-054652,https://trends24.in/indonesia/,Sat Aug 08 2026 02:32:29 GMT+0000 (Coordinated Universal Time),3,#Growing29WithGawin,growing29withgawin,,,,,,
2026-08-08T05:46:52.463944+00:00,20260808-054652,https://trends24.in/indonesia/,Sat Aug 08 2026 02:32:29 GMT+0000 (Coordinated Universal Time),4,Original Content Rewards,original content rewards,,,,,,
2026-08-08T05:46:52.463944+00:00,20260808-054652,https://trends24.in/indonesia/,Sat Aug 08 2026 02:32:29 GMT+0000 (Coordinated Universal Time),5,Paket Data,paket data,,,,,,
2026-08-08T05:46:52.463944+00:00,20260808-054652,https://trends24.in/indonesia/,Sat Aug 08 2026 02:32:29 GMT+0000 (Coordinated Universal Time),6,Revenue Sharing,revenue sharing,,,,,,
2026-08-08T05:46:52.463944+00:00,20260808-054652,https://trends24.in/indonesia/,Sat Aug 08 2026 02:32:29 GMT+0000 (Coordinated Universal Time),7,Araujo,araujo,,,,,,
2026-08-08T05:46:52.463944+00:00,20260808-054652,https://trends24.in/indonesia/,Sat Aug 08 2026 02:32:29 GMT+0000 (Coordinated Universal Time),8,#JuniorMarkConcertD2,juniormarkconcertd2,,,,,,
2026-08-08T05:46:52.463944+00:00,20260808-054652,https://trends24.in/indonesia/,Sat Aug 08 2026 02:32:29 GMT+0000 (Coordinated Universal Time),9,S.W.I.S.H,s.w.i.s.h,,,,,,
2026-08-08T05:46:52.463944+00:00,20260808-054652,https://trends24.in/indonesia/,Sat Aug 08 2026 02:32:29 GMT+0000 (Coordinated Universal Time),10,JUNIORMARK ALONG SUNNYMOON,juniormark along sunnymoon,,,,,,
2026-08-08T05:46:52.463944+00:00,20260808-054652,https://trends24.in/indonesia/,Sat Aug 08 2026 02:32:29 GMT+0000 (Coordinated Universal Time),11,Home Timeline,home timeline,,,,,,
2026-08-08T05:46:52.463944+00:00,20260808-054652,https://trends24.in/indonesia/,Sat Aug 08 2026 02:32:29 GMT+0000 (Coordinated Universal Time),12,#GawinCaskey,gawincaskey,,,,,,
2026-08-08T05:46:52.463944+00:00,20260808-054652,https://trends24.in/indonesia/,Sat Aug 08 2026 02:32:29 GMT+0000 (Coordinated Universal Time),13,Jbjb,jbjb,,,,,,
2026-08-08T05:46:52.463944+00:00,20260808-054652,https://trends24.in/indonesia/,Sat Aug 08 2026 02:32:29 GMT+0000 (Coordinated Universal Time),14,Aturan,aturan,,,,,,
2026-08-08T05:46:52.463944+00:00,20260808-054652,https://trends24.in/indonesia/,Sat Aug 08 2026 02:32:29 GMT+0000 (Coordinated Universal Time),15,#ë_ì¸ì ë_ì¹ì² ì´í¸_ìì¼ì¶íí´,ë_ì¸ì ë_ì¹ì² ì´í¸_ìì¼ì¶íí´,,,,,,
2026-08-08T05:46:52.463944+00:00,20260808-054652,https://trends24.in/indonesia/,Sat Aug 08 2026 02:32:29 GMT+0000 (Coordinated Universal Time),16,Bahlil,bahlil,,,,,,
2026-08-08T05:46:52.463944+00:00,20260808-054652,https://trends24.in/indonesia/,Sat Aug 08 2026 02:32:29 GMT+0000 (Coordinated Universal Time),17,Elig,elig,,,,,,
2026-08-08T05:46:52.463944+00:00,20260808-054652,https://trends24.in/indonesia/,Sat Aug 08 2026 02:32:29 GMT+0000 (Coordinated Universal Time),18,PSSI,pssi,,,,,,
2026-08-08T05:46:52.463944+00:00,20260808-054652,https://trends24.in/indonesia/,Sat Aug 08 2026 02:32:29 GMT+0000 (Coordinated Universal Time),19,Busan,busan,,,,,,
2026-08-08T05:46:52.463944+00:00,20260808-054652,https://trends24.in/indonesia/,Sat Aug 08 2026 02:32:29 GMT+0000 (Coordinated Universal Time),20,Nikita,nikita,,,,,,
2026-08-08T05:46:52.463944+00:00,20260808-054652,https://trends24.in/indonesia/,Sat Aug 08 2026 02:32:29 GMT+0000 (Coordinated Universal Time),21,SPBU,spbu,,,,,,
2026-08-08T05:46:52.463944+00:00,20260808-054652,https://trends24.in/indonesia/,Sat Aug 08 2026 02:32:29 GMT+0000 (Coordinated Universal Time),22,Maluku,maluku,,,,,,
2026-08-08T05:46:52.463944+00:00,20260808-054652,https://trends24.in/indonesia/,Sat Aug 08 2026 02:32:29 GMT+0000 (Coordinated Universal Time),23,seungcheol,seungcheol,,,,,,
2026-08-08T05:46:52.463944+00:00,20260808-054652,https://trends24.in/indonesia/,Sat Aug 08 2026 02:32:29 GMT+0000 (Coordinated Universal Time),24,Piala Asia,piala asia,,,,,,
2026-08-08T05:46:52.463944+00:00,20260808-054652,https://trends24.in/indonesia/,Sat Aug 08 2026 02:32:29 GMT+0000 (Coordinated Universal Time),25,Timnas,timnas,,,,,,
2026-08-08T05:46:52.463944+00:00,20260808-054652,https://trends24.in/indonesia/,Sat Aug 08 2026 02:32:29 GMT+0000 (Coordinated Universal Time),26,Deco,deco,,,,,,
2026-08-08T05:46:52.463944+00:00,20260808-054652,https://trends24.in/indonesia/,Sat Aug 08 2026 02:32:29 GMT+0000 (Coordinated Universal Time),27,Jisoo,jisoo,,,,,,
2026-08-08T05:46:52.463944+00:00,20260808-054652,https://trends24.in/indonesia/,Sat Aug 08 2026 02:32:29 GMT+0000 (Coordinated Universal Time),28,ASEAN,asean,,,,,,
2026-08-08T05:46:52.463944+00:00,20260808-054652,https://trends24.in/indonesia/,Sat Aug 08 2026 02:32:29 GMT+0000 (Coordinated Universal Time),29,Ridho,ridho,,,,,,
2026-08-08T05:46:52.463944+00:00,20260808-054652,https://trends24.in/indonesia/,Sat Aug 08 2026 02:32:29 GMT+0000 (Coordinated Universal Time),30,Klok,klok,,,,,,
2026-08-08T05:46:52.463944+00:00,20260808-054652,https://trends24.in/indonesia/,Sat Aug 08 2026 02:32:29 GMT+0000 (Coordinated Universal Time),31,Barcelona,barcelona,,,,,,
2026-08-08T05:46:52.463944+00:00,20260808-054652,https://trends24.in/indonesia/,Sat Aug 08 2026 02:32:29 GMT+0000 (Coordinated Universal Time),32,#Its_BOSS_SCOUPS_Day,its_boss_scoups_day,,,,,,
2026-08-08T05:46:52.463944+00:00,20260808-054652,https://trends24.in/indonesia/,Sat Aug 08 2026 02:32:29 GMT+0000 (Coordinated Universal Time),33,#HappyBimday,happybimday,,,,,,
2026-08-08T05:46:52.463944+00:00,20260808-054652,https://trends24.in/indonesia/,Sat Aug 08 2026 02:32:29 GMT+0000 (Coordinated Universal Time),34,#DMDinUSAxTMKTTP,dmdinusaxtmkttp,,,,,,
2026-08-08T05:46:52.463944+00:00,20260808-054652,https://trends24.in/indonesia/,Sat Aug 08 2026 02:32:29 GMT+0000 (Coordinated Universal Time),35,#WUnovelina,wunovelina,,,,,,
2026-08-08T05:46:52.463944+00:00,20260808-054652,https://trends24.in/indonesia/,Sat Aug 08 2026 02:32:29 GMT+0000 (Coordinated Universal Time),36,#BLACKPINK10thAnniversary,blackpink10thanniversary,,,,,,
2026-08-08T05:46:52.463944+00:00,20260808-054652,https://trends24.in/indonesia/,Sat Aug 08 2026 02:32:29 GMT+0000 (Coordinated Universal Time),37,#srchafreen,srchafreen,,,,,,
2026-08-08T05:46:52.463944+00:00,20260808-054652,https://trends24.in/indonesia/,Sat Aug 08 2026 02:32:29 GMT+0000 (Coordinated Universal Time),38,#Bimajinasi,bimajinasi,,,,,,
2026-08-08T05:46:52.463944+00:00,20260808-054652,https://trends24.in/indonesia/,Sat Aug 08 2026 02:32:29 GMT+0000 (Coordinated Universal Time),39,#10ì£¼ë_ë¸ëíí¬_í¬ìë²,10ì£¼ë _ë¸ëíí¬_í¬ìë²,,,,,,
2026-08-08T05:46:52.463944+00:00,20260808-054652,https://trends24.in/indonesia/,Sat Aug 08 2026 02:32:29 GMT+0000 (Coordinated Universal Time),40,#èä¿0808çæ¥å¿«ä¹,èä¿0808çæ¥å¿«ä¹,,,,,,
2026-08-08T05:46:52.463944+00:00,20260808-054652,https://trends24.in/indonesia/,Sat Aug 08 2026 02:32:29 GMT+0000 (Coordinated Universal Time),41,#27MelodieswithXIAOJUN,27melodieswithxiaojun,,,,,,
2026-08-08T05:46:52.463944+00:00,20260808-054652,https://trends24.in/indonesia/,Sat Aug 08 2026 02:32:29 GMT+0000 (Coordinated Universal Time),42,#íì´ê°ìì§ì¤ì¤ì¥ìì¼,íì´ê°ìì§ì¤ì¤ì¥ìì¼,,,,,,
2026-08-08T05:46:52.463944+00:00,20260808-054652,https://trends24.in/indonesia/,Sat Aug 08 2026 01:40:07 GMT+0000 (Coordinated Universal Time),1,smartfren unlimited 5g,smartfren unlimited 5g,,,,,,
2026-08-08T05:46:52.463944+00:00,20260808-054652,https://trends24.in/indonesia/,Sat Aug 08 2026 01:40:07 GMT+0000 (Coordinated Universal Time),2,Original Content Rewards,original content rewards,,,,,,
2026-08-08T05:46:52.463944+00:00,20260808-054652,https://trends24.in/indonesia/,Sat Aug 08 2026 01:40:07 GMT+0000 (Coordinated Universal Time),3,#Growing29WithGawin,growing29withgawin,,,,,,
2026-08-08T05:46:52.463944+00:00,20260808-054652,https://trends24.in/indonesia/,Sat Aug 08 2026 01:40:07 GMT+0000 (Coordinated Universal Time),4,#JuniorMarkConcertD1,juniormarkconcertd1,,,,,,
2026-08-08T05:46:52.463944+00:00,20260808-054652,https://trends24.in/indonesia/,Sat Aug 08 2026 01:40:07 GMT+0000 (Coordinated Universal Time),5,Revenue Sharing,revenue sharing,,,,,,
2026-08-08T05:46:52.463944+00:00,20260808-054652,https://trends24.in/indonesia/,Sat Aug 08 2026 01:40:07 GMT+0000 (Coordinated Universal Time),6,JUNIORMARK ONCE SUNNYMOON,juniormark once sunnymoon,,,,,,
2026-08-08T05:46:52.463944+00:00,20260808-054652,https://trends24.in/indonesia/,Sat Aug 08 2026 01:40:07 GMT+0000 (Coordinated Universal Time),7,#Its_BOSS_SCOUPS_Day,its_boss_scoups_day,,,,,,
2026-08-08T05:46:52.463944+00:00,20260808-054652,https://trends24.in/indonesia/,Sat Aug 08 2026 01:40:07 GMT+0000 (Coordinated Universal Time),8,#ë_ì¸ì ë_ì¹ì² ì´í¸_ìì¼ì¶íí´,ë_ì¸ì ë_ì¹ì² ì´í¸_ìì¼ì¶íí´,,,,,,
2026-08-08T05:46:52.463944+00:00,20260808-054652,https://trends24.in/indonesia/,Sat Aug 08 2026 01:40:07 GMT+0000 (Coordinated Universal Time),9,Araujo,araujo,,,,,,
2026-08-08T05:46:52.463944+00:00,20260808-054652,https://trends24.in/indonesia/,Sat Aug 08 2026 01:40:07 GMT+0000 (Coordinated Universal Time),10,#TREASURE6thANNIVERSARY,treasure6thanniversary,,,,,,
2026-08-08T05:46:52.463944+00:00,20260808-054652,https://trends24.in/indonesia/,Sat Aug 08 2026 01:40:07 GMT+0000 (Coordinated Universal Time),11,Home Timeline,home timeline,,,,,,
2026-08-08T05:46:52.463944+00:00,20260808-054652,https://trends24.in/indonesia/,Sat Aug 08 2026 01:40:07 GMT+0000 (Coordinated Universal Time),12,S.W.I.S.H,s.w.i.s.h,,,,,,
2026-08-08T05:46:52.463944+00:00,20260808-054652,https://trends24.in/indonesia/,Sat Aug 08 2026 01:40:07 GMT+0000 (Coordinated Universal Time),13,ribuan titik kepelosok,ribuan titik kepelosok,,,,,,
2026-08-08T05:46:52.463944+00:00,20260808-054652,https://trends24.in/indonesia/,Sat Aug 08 2026 01:40:07 GMT+0000 (Coordinated Universal Time),14,Halofit,halofit,,,,,,
2026-08-08T05:46:52.463944+00:00,20260808-054652,https://trends24.in/indonesia/,Sat Aug 08 2026 01:40:07 GMT+0000 (Coordinated Universal Time),15,Singapura,singapura,,,,,,
2026-08-08T05:46:52.463944+00:00,20260808-054652,https://trends24.in/indonesia/,Sat Aug 08 2026 01:40:07 GMT+0000 (Coordinated Universal Time),16,Wasit,wasit,,,,,,
2026-08-08T05:46:52.463944+00:00,20260808-054652,https://trends24.in/indonesia/,Sat Aug 08 2026 01:40:07 GMT+0000 (Coordinated Universal Time),17,Liverpool,liverpool,,,,,,
2026-08-08T05:46:52.463944+00:00,20260808-054652,https://trends24.in/indonesia/,Sat Aug 08 2026 01:40:07 GMT+0000 (Coordinated Universal Time),18,Rodri,rodri,,,,,,
2026-08-08T05:46:52.463944+00:00,20260808-054652,https://trends24.in/indonesia/,Sat Aug 08 2026 01:40:07 GMT+0000 (Coordinated Universal Time),19,santa vitamin enriched,santa vitamin enriched,,,,,,
2026-08-08T05:46:52.463944+00:00,20260808-054652,https://trends24.in/indonesia/,Sat Aug 08 2026 01:40:07 GMT+0000 (Coordinated Universal Time),20,BPJS,bpjs,,,,,,
2026-08-08T05:46:52.463944+00:00,20260808-054652,https://trends24.in/indonesia/,Sat Aug 08 2026 01:40:07 GMT+0000 (Coordinated Universal Time),21,blackpink,blackpink,,,,,,
2026-08-08T05:46:52.463944+00:00,20260808-054652,https://trends24.in/indonesia/,Sat Aug 08 2026 01:40:07 GMT+0000 (Coordinated Universal Time),22,Elon,elon,,,,,,
2026-08-08T05:46:52.463944+00:00,20260808-054652,https://trends24.in/indonesia/,Sat Aug 08 2026 01:40:07 GMT+0000 (Coordinated Universal Time),23,TRAILER MR FANBOY,trailer mr fanboy,,,,,,
2026-08-08T05:46:52.463944+00:00,20260808-054652,https://trends24.in/indonesia/,Sat Aug 08 2026 01:40:07 GMT+0000 (Coordinated Universal Time),24,BRIN,brin,,,,,,
2026-08-08T05:46:52.463944+00:00,20260808-054652,https://trends24.in/indonesia/,Sat Aug 08 2026 01:40:07 GMT+0000 (Coordinated Universal Time),25,Jumat,jumat,,,,,,
2026-08-08T05:46:52.463944+00:00,20260808-054652,https://trends24.in/indonesia/,Sat Aug 08 2026 01:40:07 GMT+0000 (Coordinated Universal Time),26,Makin,makin,,,,,,
2026-08-08T05:46:52.463944+00:00,20260808-054652,https://trends24.in/indonesia/,Sat Aug 08 2026 01:40:07 GMT+0000 (Coordinated Universal Time),27,pondphuwin grab bonchon,pondphuwin grab bonchon,,,,,,
2026-08-08T05:46:52.463944+00:00,20260808-054652,https://trends24.in/indonesia/,Sat Aug 08 2026 01:40:07 GMT+0000 (Coordinated Universal Time),28,Cahya,cahya,,,,,,
2026-08-08T05:46:52.463944+00:00,20260808-054652,https://trends24.in/indonesia/,Sat Aug 08 2026 01:40:07 GMT+0000 (Coordinated Universal Time),29,SKZ THIS AND THAT DAY,skz this and that day,,,,,,
2026-08-08T05:46:52.463944+00:00,20260808-054652,https://trends24.in/indonesia/,Sat Aug 08 2026 01:40:07 GMT+0000 (Coordinated Universal Time),30,Jbjb,jbjb,,,,,,
2026-08-08T05:46:52.463944+00:00,20260808-054652,https://trends24.in/indonesia/,Sat Aug 08 2026 01:40:07 GMT+0000 (Coordinated Universal Time),31,Semangat,semangat,,,,,,
2026-08-08T05:46:52.463944+00:00,20260808-054652,https://trends24.in/indonesia/,Sat Aug 08 2026 01:40:07 GMT+0000 (Coordinated Universal Time),32,Piala Asia,piala asia,,,,,,
2026-08-08T05:46:52.463944+00:00,20260808-054652,https://trends24.in/indonesia/,Sat Aug 08 2026 01:40:07 GMT+0000 (Coordinated Universal Time),33,KARINA NEW SOLO MUSIC,karina new solo music,,,,,,
2026-08-08T05:46:52.463944+00:00,20260808-054652,https://trends24.in/indonesia/,Sat Aug 08 2026 01:40:07 GMT+0000 (Coordinated Universal Time),34,WINTER NEW SOLO STAGE,winter new solo stage,,,,,,
2026-08-08T05:46:52.463944+00:00,20260808-054652,https://trends24.in/indonesia/,Sat Aug 08 2026 01:40:07 GMT+0000 (Coordinated Universal Time),35,Pagii,pagii,,,,,,
2026-08-08T05:46:52.463944+00:00,20260808-054652,https://trends24.in/indonesia/,Sat Aug 08 2026 01:40:07 GMT+0000 (Coordinated Universal Time),36,pos indonesia,pos indonesia,,,,,,
2026-08-08T05:46:52.463944+00:00,20260808-054652,https://trends24.in/indonesia/,Sat Aug 08 2026 01:40:07 GMT+0000 (Coordinated Universal Time),37,EST AT SATUR FLAGSHIP,est at satur flagship,,,,,,
2026-08-08T05:46:52.463944+00:00,20260808-054652,https://trends24.in/indonesia/,Sat Aug 08 2026 01:40:07 GMT+0000 (Coordinated Universal Time),38,Maluku,maluku,,,,,,
2026-08-08T05:46:52.463944+00:00,20260808-054652,https://trends24.in/indonesia/,Sat Aug 08 2026 01:40:07 GMT+0000 (Coordinated Universal Time),39,RSCM,rscm,,,,,,
2026-08-08T05:46:52.463944+00:00,20260808-054652,https://trends24.in/indonesia/,Sat Aug 08 2026 01:40:07 GMT+0000 (Coordinated Universal Time),40,GISELLE NEW MASTERPIECE,giselle new masterpiece,,,,,,
2026-08-08T05:46:52.463944+00:00,20260808-054652,https://trends24.in/indonesia/,Sat Aug 08 2026 01:40:07 GMT+0000 (Coordinated Universal Time),41,Jisoo,jisoo,,,,,,
2026-08-08T05:46:52.463944+00:00,20260808-054652,https://trends24.in/indonesia/,Sat Aug 08 2026 01:40:07 GMT+0000 (Coordinated Universal Time),42,PSSI,pssi,,,,,,
2026-08-08T05:46:52.463944+00:00,20260808-054652,https://trends24.in/indonesia/,Sat Aug 08 2026 01:40:07 GMT+0000 (Coordinated Universal Time),43,ASEAN,asean,,,,,,
2026-08-08T05:46:52.463944+00:00,20260808-054652,https://trends24.in/indonesia/,Sat Aug 08 2026 01:40:07 GMT+0000 (Coordinated Universal Time),44,Ragnar,ragnar,,,,,,
2026-08-08T05:46:52.463944+00:00,20260808-054652,https://trends24.in/indonesia/,Sat Aug 08 2026 01:40:07 GMT+0000 (Coordinated Universal Time),45,Barca,barca,,,,,,
2026-08-08T05:46:52.463944+00:00,20260808-054652,https://trends24.in/indonesia/,Sat Aug 08 2026 01:40:07 GMT+0000 (Coordinated Universal Time),46,Premium,premium,,,,,,
2026-08-08T05:46:52.463944+00:00,20260808-054652,https://trends24.in/indonesia/,Sat Aug 08 2026 01:40:07 GMT+0000 (Coordinated Universal Time),47,KALOG Express,kalog express,,,,,,
2026-08-08T05:46:52.463944+00:00,20260808-054652,https://trends24.in/indonesia/,Sat Aug 08 2026 01:40:07 GMT+0000 (Coordinated Universal Time),48,Aturan,aturan,,,,,,
2026-08-08T05:46:52.463944+00:00,20260808-054652,https://trends24.in/indonesia/,Sat Aug 08 2026 01:40:07 GMT+0000 (Coordinated Universal Time),49,Rizky Ridho,rizky ridho,,,,,,
2026-08-08T05:46:52.463944+00:00,20260808-054652,https://trends24.in/indonesia/,Sat Aug 08 2026 01:40:07 GMT+0000 (Coordinated Universal Time),50,Elig,elig,,,,,,
2026-08-08T05:46:52.463944+00:00,20260808-054652,https://trends24.in/indonesia/,Sat Aug 08 2026 01:40:06 GMT+0000 (Coordinated Universal Time),1,smartfren unlimited 5g,smartfren unlimited 5g,,,,,,
2026-08-08T05:46:52.463944+00:00,20260808-054652,https://trends24.in/indonesia/,Sat Aug 08 2026 01:40:06 GMT+0000 (Coordinated Universal Time),2,#Growing29WithGawin,growing29withgawin,,,,,,
2026-08-08T05:46:52.463944+00:00,20260808-054652,https://trends24.in/indonesia/,Sat Aug 08 2026 01:40:06 GMT+0000 (Coordinated Universal Time),3,Original Content Rewards,original content rewards,,,,,,
2026-08-08T05:46:52.463944+00:00,20260808-054652,https://trends24.in/indonesia/,Sat Aug 08 2026 01:40:06 GMT+0000 (Coordinated Universal Time),4,#JuniorMarkConcertD1,juniormarkconcertd1,,,,,,
2026-08-08T05:46:52.463944+00:00,20260808-054652,https://trends24.in/indonesia/,Sat Aug 08 2026 01:40:06 GMT+0000 (Coordinated Universal Time),5,Revenue Sharing,revenue sharing,,,,,,
2026-08-08T05:46:52.463944+00:00,20260808-054652,https://trends24.in/indonesia/,Sat Aug 08 2026 01:40:06 GMT+0000 (Coordinated Universal Time),6,JUNIORMARK ONCE SUNNYMOON,juniormark once sunnymoon,,,,,,
2026-08-08T05:46:52.463944+00:00,20260808-054652,https://trends24.in/indonesia/,Sat Aug 08 2026 01:40:06 GMT+0000 (Coordinated Universal Time),7,#Its_BOSS_SCOUPS_Day,its_boss_scoups_day,,,,,,
2026-08-08T05:46:52.463944+00:00,20260808-054652,https://trends24.in/indonesia/,Sat Aug 08 2026 01:40:06 GMT+0000 (Coordinated Universal Time),8,#ë_ì¸ì ë_ì¹ì² ì´í¸_ìì¼ì¶íí´,ë_ì¸ì ë_ì¹ì² ì´í¸_ìì¼ì¶íí´,,,,,,
2026-08-08T05:46:52.463944+00:00,20260808-054652,https://trends24.in/indonesia/,Sat Aug 08 2026 01:40:06 GMT+0000 (Coordinated Universal Time),9,Araujo,araujo,,,,,,
2026-08-08T05:46:52.463944+00:00,20260808-054652,https://trends24.in/indonesia/,Sat Aug 08 2026 01:40:06 GMT+0000 (Coordinated Universal Time),10,#TREASURE6thANNIVERSARY,treasure6thanniversary,,,,,,
2026-08-08T05:46:52.463944+00:00,20260808-054652,https://trends24.in/indonesia/,Sat Aug 08 2026 01:40:06 GMT+0000 (Coordinated Universal Time),11,S.W.I.S.H,s.w.i.s.h,,,,,,
2026-08-08T05:46:52.463944+00:00,20260808-054652,https://trends24.in/indonesia/,Sat Aug 08 2026 01:40:06 GMT+0000 (Coordinated Universal Time),12,Home Timeline,home timeline,,,,,,
2026-08-08T05:46:52.463944+00:00,20260808-054652,https://trends24.in/indonesia/,Sat Aug 08 2026 01:40:06 GMT+0000 (Coordinated Universal Time),13,ribuan titik kepelosok,ribuan titik kepelosok,,,,,,
2026-08-08T05:46:52.463944+00:00,20260808-054652,https://trends24.in/indonesia/,Sat Aug 08 2026 01:40:06 GMT+0000 (Coordinated Universal Time),14,Halofit,halofit,,,,,,
2026-08-08T05:46:52.463944+00:00,20260808-054652,https://trends24.in/indonesia/,Sat Aug 08 2026 01:40:06 GMT+0000 (Coordinated Universal Time),15,Singapura,singapura,,,,,,
2026-08-08T05:46:52.463944+00:00,20260808-054652,https://trends24.in/indonesia/,Sat Aug 08 2026 01:40:06 GMT+0000 (Coordinated Universal Time),16,Liverpool,liverpool,,,,,,
2026-08-08T05:46:52.463944+00:00,20260808-054652,https://trends24.in/indonesia/,Sat Aug 08 2026 01:40:06 GMT+0000 (Coordinated Universal Time),17,Wasit,wasit,,,,,,
2026-08-08T05:46:52.463944+00:00,20260808-054652,https://trends24.in/indonesia/,Sat Aug 08 2026 01:40:06 GMT+0000 (Coordinated Universal Time),18,Rodri,rodri,,,,,,
2026-08-08T05:46:52.463944+00:00,20260808-054652,https://trends24.in/indonesia/,Sat Aug 08 2026 01:40:06 GMT+0000 (Coordinated Universal Time),19,santa vitamin enriched,santa vitamin enriched,,,,,,
2026-08-08T05:46:52.463944+00:00,20260808-054652,https://trends24.in/indonesia/,Sat Aug 08 2026 01:40:06 GMT+0000 (Coordinated Universal Time),20,BPJS,bpjs,,,,,,
2026-08-08T05:46:52.463944+00:00,20260808-054652,https://trends24.in/indonesia/,Sat Aug 08 2026 01:40:06 GMT+0000 (Coordinated Universal Time),21,blackpink,blackpink,,,,,,
2026-08-08T05:46:52.463944+00:00,20260808-054652,https://trends24.in/indonesia/,Sat Aug 08 2026 01:40:06 GMT+0000 (Coordinated Universal Time),22,Elon,elon,,,,,,
2026-08-08T05:46:52.463944+00:00,20260808-054652,https://trends24.in/indonesia/,Sat Aug 08 2026 01:40:06 GMT+0000 (Coordinated Universal Time),23,TRAILER MR FANBOY,trailer mr fanboy,,,,,,
2026-08-08T05:46:52.463944+00:00,20260808-054652,https://trends24.in/indonesia/,Sat Aug 08 2026 01:40:06 GMT+0000 (Coordinated Universal Time),24,BRIN,brin,,,,,,
2026-08-08T05:46:52.463944+00:00,20260808-054652,https://trends24.in/indonesia/,Sat Aug 08 2026 01:40:06 GMT+0000 (Coordinated Universal Time),25,Jumat,jumat,,,,,,
2026-08-08T05:46:52.463944+00:00,20260808-054652,https://trends24.in/indonesia/,Sat Aug 08 2026 01:40:06 GMT+0000 (Coordinated Universal Time),26,Makin,makin,,,,,,
2026-08-08T05:46:52.463944+00:00,20260808-054652,https://trends24.in/indonesia/,Sat Aug 08 2026 01:40:06 GMT+0000 (Coordinated Universal Time),27,pondphuwin grab bonchon,pondphuwin grab bonchon,,,,,,
2026-08-08T05:46:52.463944+00:00,20260808-054652,https://trends24.in/indonesia/,Sat Aug 08 2026 01:40:06 GMT+0000 (Coordinated Universal Time),28,Cahya,cahya,,,,,,
2026-08-08T05:46:52.463944+00:00,20260808-054652,https://trends24.in/indonesia/,Sat Aug 08 2026 01:40:06 GMT+0000 (Coordinated Universal Time),29,SKZ THIS AND THAT DAY,skz this and that day,,,,,,
2026-08-08T05:46:52.463944+00:00,20260808-054652,https://trends24.in/indonesia/,Sat Aug 08 2026 01:40:06 GMT+0000 (Coordinated Universal Time),30,Jbjb,jbjb,,,,,,
2026-08-08T05:46:52.463944+00:00,20260808-054652,https://trends24.in/indonesia/,Sat Aug 08 2026 01:40:06 GMT+0000 (Coordinated Universal Time),31,Semangat,semangat,,,,,,
2026-08-08T05:46:52.463944+00:00,20260808-054652,https://trends24.in/indonesia/,Sat Aug 08 2026 01:40:06 GMT+0000 (Coordinated Universal Time),32,Piala Asia,piala asia,,,,,,
2026-08-08T05:46:52.463944+00:00,20260808-054652,https://trends24.in/indonesia/,Sat Aug 08 2026 01:40:06 GMT+0000 (Coordinated Universal Time),33,KARINA NEW SOLO MUSIC,karina new solo music,,,,,,
2026-08-08T05:46:52.463944+00:00,20260808-054652,https://trends24.in/indonesia/,Sat Aug 08 2026 01:40:06 GMT+0000 (Coordinated Universal Time),34,WINTER NEW SOLO STAGE,winter new solo stage,,,,,,
2026-08-08T05:46:52.463944+00:00,20260808-054652,https://trends24.in/indonesia/,Sat Aug 08 2026 01:40:06 GMT+0000 (Coordinated Universal Time),35,pos indonesia,pos indonesia,,,,,,
2026-08-08T05:46:52.463944+00:00,20260808-054652,https://trends24.in/indonesia/,Sat Aug 08 2026 01:40:06 GMT+0000 (Coordinated Universal Time),36,Pagii,pagii,,,,,,
2026-08-08T05:46:52.463944+00:00,20260808-054652,https://trends24.in/indonesia/,Sat Aug 08 2026 01:40:06 GMT+0000 (Coordinated Universal Time),37,EST AT SATUR FLAGSHIP,est at satur flagship,,,,,,
2026-08-08T05:46:52.463944+00:00,20260808-054652,https://trends24.in/indonesia/,Sat Aug 08 2026 01:40:06 GMT+0000 (Coordinated Universal Time),38,Maluku,maluku,,,,,,
2026-08-08T05:46:52.463944+00:00,20260808-054652,https://trends24.in/indonesia/,Sat Aug 08 2026 01:40:06 GMT+0000 (Coordinated Universal Time),39,RSCM,rscm,,,,,,
2026-08-08T05:46:52.463944+00:00,20260808-054652,https://trends24.in/indonesia/,Sat Aug 08 2026 01:40:06 GMT+0000 (Coordinated Universal Time),40,GISELLE NEW MASTERPIECE,giselle new masterpiece,,,,,,
2026-08-08T05:46:52.463944+00:00,20260808-054652,https://trends24.in/indonesia/,Sat Aug 08 2026 01:40:06 GMT+0000 (Coordinated Universal Time),41,Jisoo,jisoo,,,,,,
2026-08-08T05:46:52.463944+00:00,20260808-054652,https://trends24.in/indonesia/,Sat Aug 08 2026 01:40:06 GMT+0000 (Coordinated Universal Time),42,PSSI,pssi,,,,,,
2026-08-08T05:46:52.463944+00:00,20260808-054652,https://trends24.in/indonesia/,Sat Aug 08 2026 01:40:06 GMT+0000 (Coordinated Universal Time),43,ASEAN,asean,,,,,,
2026-08-08T05:46:52.463944+00:00,20260808-054652,https://trends24.in/indonesia/,Sat Aug 08 2026 01:40:06 GMT+0000 (Coordinated Universal Time),44,Ragnar,ragnar,,,,,,
2026-08-08T05:46:52.463944+00:00,20260808-054652,https://trends24.in/indonesia/,Sat Aug 08 2026 01:40:06 GMT+0000 (Coordinated Universal Time),45,Barca,barca,,,,,,
2026-08-08T05:46:52.463944+00:00,20260808-054652,https://trends24.in/indonesia/,Sat Aug 08 2026 01:40:06 GMT+0000 (Coordinated Universal Time),46,Premium,premium,,,,,,
2026-08-08T05:46:52.463944+00:00,20260808-054652,https://trends24.in/indonesia/,Sat Aug 08 2026 01:40:06 GMT+0000 (Coordinated Universal Time),47,KALOG Express,kalog express,,,,,,
2026-08-08T05:46:52.463944+00:00,20260808-054652,https://trends24.in/indonesia/,Sat Aug 08 2026 01:40:06 GMT+0000 (Coordinated Universal Time),48,Aturan,aturan,,,,,,
2026-08-08T05:46:52.463944+00:00,20260808-054652,https://trends24.in/indonesia/,Sat Aug 08 2026 01:40:06 GMT+0000 (Coordinated Universal Time),49,Rizky Ridho,rizky ridho,,,,,,
2026-08-08T05:46:52.463944+00:00,20260808-054652,https://trends24.in/indonesia/,Sat Aug 08 2026 01:40:06 GMT+0000 (Coordinated Universal Time),50,Elig,elig,,,,,,
2026-08-08T05:46:52.463944+00:00,20260808-054652,https://trends24.in/indonesia/,Sat Aug 08 2026 00:48:18 GMT+0000 (Coordinated Universal Time),1,Original Content Rewards,original content rewards,,,,,,
2026-08-08T05:46:52.463944+00:00,20260808-054652,https://trends24.in/indonesia/,Sat Aug 08 2026 00:48:18 GMT+0000 (Coordinated Universal Time),2,Revenue Sharing,revenue sharing,,,,,,
2026-08-08T05:46:52.463944+00:00,20260808-054652,https://trends24.in/indonesia/,Sat Aug 08 2026 00:48:18 GMT+0000 (Coordinated Universal Time),3,smartfren unlimited 5g,smartfren unlimited 5g,,,,,,
2026-08-08T05:46:52.463944+00:00,20260808-054652,https://trends24.in/indonesia/,Sat Aug 08 2026 00:48:18 GMT+0000 (Coordinated Universal Time),4,#JuniorMarkConcertD1,juniormarkconcertd1,,,,,,
2026-08-08T05:46:52.463944+00:00,20260808-054652,https://trends24.in/indonesia/,Sat Aug 08 2026 00:48:18 GMT+0000 (Coordinated Universal Time),5,JUNIORMARK ONCE SUNNYMOON,juniormark once sunnymoon,,,,,,
2026-08-08T05:46:52.463944+00:00,20260808-054652,https://trends24.in/indonesia/,Sat Aug 08 2026 00:48:18 GMT+0000 (Coordinated Universal Time),6,Araujo,araujo,,,,,,
2026-08-08T05:46:52.463944+00:00,20260808-054652,https://trends24.in/indonesia/,Sat Aug 08 2026 00:48:18 GMT+0000 (Coordinated Universal Time),7,#Its_BOSS_SCOUPS_Day,its_boss_scoups_day,,,,,,
2026-08-08T05:46:52.463944+00:00,20260808-054652,https://trends24.in/indonesia/,Sat Aug 08 2026 00:48:18 GMT+0000 (Coordinated Universal Time),8,#ë_ì¸ì ë_ì¹ì² ì´í¸_ìì¼ì¶íí´,ë_ì¸ì ë_ì¹ì² ì´í¸_ìì¼ì¶íí´,,,,,,
2026-08-08T05:46:52.463944+00:00,20260808-054652,https://trends24.in/indonesia/,Sat Aug 08 2026 00:48:18 GMT+0000 (Coordinated Universal Time),9,#TREASURE6thANNIVERSARY,treasure6thanniversary,,,,,,
2026-08-08T05:46:52.463944+00:00,20260808-054652,https://trends24.in/indonesia/,Sat Aug 08 2026 00:48:18 GMT+0000 (Coordinated Universal Time),10,#Growing29WithGawin,growing29withgawin,,,,,,
2026-08-08T05:46:52.463944+00:00,20260808-054652,https://trends24.in/indonesia/,Sat Aug 08 2026 00:48:18 GMT+0000 (Coordinated Universal Time),11,Home Timeline,home timeline,,,,,,
2026-08-08T05:46:52.463944+00:00,20260808-054652,https://trends24.in/indonesia/,Sat Aug 08 2026 00:48:18 GMT+0000 (Coordinated Universal Time),12,ribuan titik kepelosok,ribuan titik kepelosok,,,,,,
2026-08-08T05:46:52.463944+00:00,20260808-054652,https://trends24.in/indonesia/,Sat Aug 08 2026 00:48:18 GMT+0000 (Coordinated Universal Time),13,S.W.I.S.H,s.w.i.s.h,,,,,,
2026-08-08T05:46:52.463944+00:00,20260808-054652,https://trends24.in/indonesia/,Sat Aug 08 2026 00:48:18 GMT+0000 (Coordinated Universal Time),14,Liverpool,liverpool,,,,,,
2026-08-08T05:46:52.463944+00:00,20260808-054652,https://trends24.in/indonesia/,Sat Aug 08 2026 00:48:18 GMT+0000 (Coordinated Universal Time),15,Singapura,singapura,,,,,,
2026-08-08T05:46:52.463944+00:00,20260808-054652,https://trends24.in/indonesia/,Sat Aug 08 2026 00:48:18 GMT+0000 (Coordinated Universal Time),16,Wasit,wasit,,,,,,
2026-08-08T05:46:52.463944+00:00,20260808-054652,https://trends24.in/indonesia/,Sat Aug 08 2026 00:48:18 GMT+0000 (Coordinated Universal Time),17,Rodri,rodri,,,,,,
2026-08-08T05:46:52.463944+00:00,20260808-054652,https://trends24.in/indonesia/,Sat Aug 08 2026 00:48:18 GMT+0000 (Coordinated Universal Time),18,BPJS,bpjs,,,,,,
2026-08-08T05:46:52.463944+00:00,20260808-054652,https://trends24.in/indonesia/,Sat Aug 08 2026 00:48:18 GMT+0000 (Coordinated Universal Time),19,blackpink,blackpink,,,,,,
2026-08-08T05:46:52.463944+00:00,20260808-054652,https://trends24.in/indonesia/,Sat Aug 08 2026 00:48:18 GMT+0000 (Coordinated Universal Time),20,santa vitamin enriched,santa vitamin enriched,,,,,,
2026-08-08T05:46:52.463944+00:00,20260808-054652,https://trends24.in/indonesia/,Sat Aug 08 2026 00:48:18 GMT+0000 (Coordinated Universal Time),21,TRAILER MR FANBOY,trailer mr fanboy,,,,,,
2026-08-08T05:46:52.463944+00:00,20260808-054652,https://trends24.in/indonesia/,Sat Aug 08 2026 00:48:18 GMT+0000 (Coordinated Universal Time),22,BRIN,brin,,,,,,
2026-08-08T05:46:52.463944+00:00,20260808-054652,https://trends24.in/indonesia/,Sat Aug 08 2026 00:48:18 GMT+0000 (Coordinated Universal Time),23,Deco,deco,,,,,,
2026-08-08T05:46:52.463944+00:00,20260808-054652,https://trends24.in/indonesia/,Sat Aug 08 2026 00:48:18 GMT+0000 (Coordinated Universal Time),24,Jumat,jumat,,,,,,
2026-08-08T05:46:52.463944+00:00,20260808-054652,https://trends24.in/indonesia/,Sat Aug 08 2026 00:48:18 GMT+0000 (Coordinated Universal Time),25,Cahya,cahya,,,,,,
2026-08-08T05:46:52.463944+00:00,20260808-054652,https://trends24.in/indonesia/,Sat Aug 08 2026 00:48:18 GMT+0000 (Coordinated Universal Time),26,pondphuwin grab bonchon,pondphuwin grab bonchon,,,,,,
2026-08-08T05:46:52.463944+00:00,20260808-054652,https://trends24.in/indonesia/,Sat Aug 08 2026 00:48:18 GMT+0000 (Coordinated Universal Time),27,TEETEEPOR DMD IN THE USA,teeteepor dmd in the usa,,,,,,
2026-08-08T05:46:52.463944+00:00,20260808-054652,https://trends24.in/indonesia/,Sat Aug 08 2026 00:48:18 GMT+0000 (Coordinated Universal Time),28,SKZ THIS AND THAT DAY,skz this and that day,,,,,,
2026-08-08T05:46:52.463944+00:00,20260808-054652,https://trends24.in/indonesia/,Sat Aug 08 2026 00:48:18 GMT+0000 (Coordinated Universal Time),29,KARINA NEW SOLO MUSIC,karina new solo music,,,,,,
2026-08-08T05:46:52.463944+00:00,20260808-054652,https://trends24.in/indonesia/,Sat Aug 08 2026 00:48:18 GMT+0000 (Coordinated Universal Time),30,WINTER NEW SOLO STAGE,winter new solo stage,,,,,,
2026-08-08T05:46:52.463944+00:00,20260808-054652,https://trends24.in/indonesia/,Sat Aug 08 2026 00:48:18 GMT+0000 (Coordinated Universal Time),31,pos indonesia,pos indonesia,,,,,,
2026-08-08T05:46:52.463944+00:00,20260808-054652,https://trends24.in/indonesia/,Sat Aug 08 2026 00:48:18 GMT+0000 (Coordinated Universal Time),32,Piala Asia,piala asia,,,,,,
2026-08-08T05:46:52.463944+00:00,20260808-054652,https://trends24.in/indonesia/,Sat Aug 08 2026 00:48:18 GMT+0000 (Coordinated Universal Time),33,Makin,makin,,,,,,
2026-08-08T05:46:52.463944+00:00,20260808-054652,https://trends24.in/indonesia/,Sat Aug 08 2026 00:48:18 GMT+0000 (Coordinated Universal Time),34,EST AT SATUR FLAGSHIP,est at satur flagship,,,,,,
2026-08-08T05:46:52.463944+00:00,20260808-054652,https://trends24.in/indonesia/,Sat Aug 08 2026 00:48:18 GMT+0000 (Coordinated Universal Time),35,Premium,premium,,,,,,
2026-08-08T05:46:52.463944+00:00,20260808-054652,https://trends24.in/indonesia/,Sat Aug 08 2026 00:48:18 GMT+0000 (Coordinated Universal Time),36,PSSI,pssi,,,,,,
2026-08-08T05:46:52.463944+00:00,20260808-054652,https://trends24.in/indonesia/,Sat Aug 08 2026 00:48:18 GMT+0000 (Coordinated Universal Time),37,Maluku,maluku,,,,,,
2026-08-08T05:46:52.463944+00:00,20260808-054652,https://trends24.in/indonesia/,Sat Aug 08 2026 00:48:18 GMT+0000 (Coordinated Universal Time),38,persib vs persebaya,persib vs persebaya,,,,,,
2026-08-08T05:46:52.463944+00:00,20260808-054652,https://trends24.in/indonesia/,Sat Aug 08 2026 00:48:18 GMT+0000 (Coordinated Universal Time),39,GISELLE NEW MASTERPIECE,giselle new masterpiece,,,,,,
2026-08-08T05:46:52.463944+00:00,20260808-054652,https://trends24.in/indonesia/,Sat Aug 08 2026 00:48:18 GMT+0000 (Coordinated Universal Time),40,Jisoo,jisoo,,,,,,
2026-08-08T05:46:52.463944+00:00,20260808-054652,https://trends24.in/indonesia/,Sat Aug 08 2026 00:48:18 GMT+0000 (Coordinated Universal Time),41,Ragnar,ragnar,,,,,,
2026-08-08T05:46:52.463944+00:00,20260808-054652,https://trends24.in/indonesia/,Sat Aug 08 2026 00:48:18 GMT+0000 (Coordinated Universal Time),42,RSCM,rscm,,,,,,
2026-08-08T05:46:52.463944+00:00,20260808-054652,https://trends24.in/indonesia/,Sat Aug 08 2026 00:48:18 GMT+0000 (Coordinated Universal Time),43,ASEAN,asean,,,,,,
2026-08-08T05:46:52.463944+00:00,20260808-054652,https://trends24.in/indonesia/,Sat Aug 08 2026 00:48:18 GMT+0000 (Coordinated Universal Time),44,Barca,barca,,,,,,
2026-08-08T05:46:52.463944+00:00,20260808-054652,https://trends24.in/indonesia/,Sat Aug 08 2026 00:48:18 GMT+0000 (Coordinated Universal Time),45,KALOG Express,kalog express,,,,,,
2026-08-08T05:46:52.463944+00:00,20260808-054652,https://trends24.in/indonesia/,Sat Aug 08 2026 00:48:18 GMT+0000 (Coordinated Universal Time),46,Ridho,ridho,,,,,,
2026-08-08T05:46:52.463944+00:00,20260808-054652,https://trends24.in/indonesia/,Sat Aug 08 2026 00:48:18 GMT+0000 (Coordinated Universal Time),47,Elig,elig,,,,,,
2026-08-08T05:46:52.463944+00:00,20260808-054652,https://trends24.in/indonesia/,Sat Aug 08 2026 00:48:18 GMT+0000 (Coordinated Universal Time),48,Elon,elon,,,,,,
2026-08-08T05:46:52.463944+00:00,20260808-054652,https://trends24.in/indonesia/,Sat Aug 08 2026 00:48:18 GMT+0000 (Coordinated Universal Time),49,ARTMS,artms,,,,,,
2026-08-08T05:46:52.463944+00:00,20260808-054652,https://trends24.in/indonesia/,Sat Aug 08 2026 00:48:18 GMT+0000 (Coordinated Universal Time),50,Pagii,pagii,,,,,,
2026-08-08T05:46:52.463944+00:00,20260808-054652,https://trends24.in/indonesia/,Sat Aug 08 2026 00:48:15 GMT+0000 (Coordinated Universal Time),1,Original Content Rewards,original content rewards,,,,,,
2026-08-08T05:46:52.463944+00:00,20260808-054652,https://trends24.in/indonesia/,Sat Aug 08 2026 00:48:15 GMT+0000 (Coordinated Universal Time),2,Revenue Sharing,revenue sharing,,,,,,
2026-08-08T05:46:52.463944+00:00,20260808-054652,https://trends24.in/indonesia/,Sat Aug 08 2026 00:48:15 GMT+0000 (Coordinated Universal Time),3,smartfren unlimited 5g,smartfren unlimited 5g,,,,,,
2026-08-08T05:46:52.463944+00:00,20260808-054652,https://trends24.in/indonesia/,Sat Aug 08 2026 00:48:15 GMT+0000 (Coordinated Universal Time),4,#JuniorMarkConcertD1,juniormarkconcertd1,,,,,,
2026-08-08T05:46:52.463944+00:00,20260808-054652,https://trends24.in/indonesia/,Sat Aug 08 2026 00:48:15 GMT+0000 (Coordinated Universal Time),5,JUNIORMARK ONCE SUNNYMOON,juniormark once sunnymoon,,,,,,
2026-08-08T05:46:52.463944+00:00,20260808-054652,https://trends24.in/indonesia/,Sat Aug 08 2026 00:48:15 GMT+0000 (Coordinated Universal Time),6,Araujo,araujo,,,,,,
2026-08-08T05:46:52.463944+00:00,20260808-054652,https://trends24.in/indonesia/,Sat Aug 08 2026 00:48:15 GMT+0000 (Coordinated Universal Time),7,#Its_BOSS_SCOUPS_Day,its_boss_scoups_day,,,,,,
2026-08-08T05:46:52.463944+00:00,20260808-054652,https://trends24.in/indonesia/,Sat Aug 08 2026 00:48:15 GMT+0000 (Coordinated Universal Time),8,#ë_ì¸ì ë_ì¹ì² ì´í¸_ìì¼ì¶íí´,ë_ì¸ì ë_ì¹ì² ì´í¸_ìì¼ì¶íí´,,,,,,
2026-08-08T05:46:52.463944+00:00,20260808-054652,https://trends24.in/indonesia/,Sat Aug 08 2026 00:48:15 GMT+0000 (Coordinated Universal Time),9,#TREASURE6thANNIVERSARY,treasure6thanniversary,,,,,,
2026-08-08T05:46:52.463944+00:00,20260808-054652,https://trends24.in/indonesia/,Sat Aug 08 2026 00:48:15 GMT+0000 (Coordinated Universal Time),10,#Growing29WithGawin,growing29withgawin,,,,,,
2026-08-08T05:46:52.463944+00:00,20260808-054652,https://trends24.in/indonesia/,Sat Aug 08 2026 00:48:15 GMT+0000 (Coordinated Universal Time),11,Home Timeline,home timeline,,,,,,
2026-08-08T05:46:52.463944+00:00,20260808-054652,https://trends24.in/indonesia/,Sat Aug 08 2026 00:48:15 GMT+0000 (Coordinated Universal Time),12,ribuan titik kepelosok,ribuan titik kepelosok,,,,,,
2026-08-08T05:46:52.463944+00:00,20260808-054652,https://trends24.in/indonesia/,Sat Aug 08 2026 00:48:15 GMT+0000 (Coordinated Universal Time),13,S.W.I.S.H,s.w.i.s.h,,,,,,
2026-08-08T05:46:52.463944+00:00,20260808-054652,https://trends24.in/indonesia/,Sat Aug 08 2026 00:48:15 GMT+0000 (Coordinated Universal Time),14,Liverpool,liverpool,,,,,,
2026-08-08T05:46:52.463944+00:00,20260808-054652,https://trends24.in/indonesia/,Sat Aug 08 2026 00:48:15 GMT+0000 (Coordinated Universal Time),15,Singapura,singapura,,,,,,
2026-08-08T05:46:52.463944+00:00,20260808-054652,https://trends24.in/indonesia/,Sat Aug 08 2026 00:48:15 GMT+0000 (Coordinated Universal Time),16,Wasit,wasit,,,,,,
2026-08-08T05:46:52.463944+00:00,20260808-054652,https://trends24.in/indonesia/,Sat Aug 08 2026 00:48:15 GMT+0000 (Coordinated Universal Time),17,Rodri,rodri,,,,,,
2026-08-08T05:46:52.463944+00:00,20260808-054652,https://trends24.in/indonesia/,Sat Aug 08 2026 00:48:15 GMT+0000 (Coordinated Universal Time),18,BPJS,bpjs,,,,,,
2026-08-08T05:46:52.463944+00:00,20260808-054652,https://trends24.in/indonesia/,Sat Aug 08 2026 00:48:15 GMT+0000 (Coordinated Universal Time),19,blackpink,blackpink,,,,,,
2026-08-08T05:46:52.463944+00:00,20260808-054652,https://trends24.in/indonesia/,Sat Aug 08 2026 00:48:15 GMT+0000 (Coordinated Universal Time),20,santa vitamin enriched,santa vitamin enriched,,,,,,
2026-08-08T05:46:52.463944+00:00,20260808-054652,https://trends24.in/indonesia/,Sat Aug 08 2026 00:48:15 GMT+0000 (Coordinated Universal Time),21,TRAILER MR FANBOY,trailer mr fanboy,,,,,,
2026-08-08T05:46:52.463944+00:00,20260808-054652,https://trends24.in/indonesia/,Sat Aug 08 2026 00:48:15 GMT+0000 (Coordinated Universal Time),22,BRIN,brin,,,,,,
2026-08-08T05:46:52.463944+00:00,20260808-054652,https://trends24.in/indonesia/,Sat Aug 08 2026 00:48:15 GMT+0000 (Coordinated Universal Time),23,Deco,deco,,,,,,
2026-08-08T05:46:52.463944+00:00,20260808-054652,https://trends24.in/indonesia/,Sat Aug 08 2026 00:48:15 GMT+0000 (Coordinated Universal Time),24,Jumat,jumat,,,,,,
2026-08-08T05:46:52.463944+00:00,20260808-054652,https://trends24.in/indonesia/,Sat Aug 08 2026 00:48:15 GMT+0000 (Coordinated Universal Time),25,Cahya,cahya,,,,,,
2026-08-08T05:46:52.463944+00:00,20260808-054652,https://trends24.in/indonesia/,Sat Aug 08 2026 00:48:15 GMT+0000 (Coordinated Universal Time),26,pondphuwin grab bonchon,pondphuwin grab bonchon,,,,,,
2026-08-08T05:46:52.463944+00:00,20260808-054652,https://trends24.in/indonesia/,Sat Aug 08 2026 00:48:15 GMT+0000 (Coordinated Universal Time),27,TEETEEPOR DMD IN THE USA,teeteepor dmd in the usa,,,,,,
2026-08-08T05:46:52.463944+00:00,20260808-054652,https://trends24.in/indonesia/,Sat Aug 08 2026 00:48:15 GMT+0000 (Coordinated Universal Time),28,SKZ THIS AND THAT DAY,skz this and that day,,,,,,
2026-08-08T05:46:52.463944+00:00,20260808-054652,https://trends24.in/indonesia/,Sat Aug 08 2026 00:48:15 GMT+0000 (Coordinated Universal Time),29,KARINA NEW SOLO MUSIC,karina new solo music,,,,,,
2026-08-08T05:46:52.463944+00:00,20260808-054652,https://trends24.in/indonesia/,Sat Aug 08 2026 00:48:15 GMT+0000 (Coordinated Universal Time),30,Makin,makin,,,,,,
2026-08-08T05:46:52.463944+00:00,20260808-054652,https://trends24.in/indonesia/,Sat Aug 08 2026 00:48:15 GMT+0000 (Coordinated Universal Time),31,WINTER NEW SOLO STAGE,winter new solo stage,,,,,,
2026-08-08T05:46:52.463944+00:00,20260808-054652,https://trends24.in/indonesia/,Sat Aug 08 2026 00:48:15 GMT+0000 (Coordinated Universal Time),32,pos indonesia,pos indonesia,,,,,,
2026-08-08T05:46:52.463944+00:00,20260808-054652,https://trends24.in/indonesia/,Sat Aug 08 2026 00:48:15 GMT+0000 (Coordinated Universal Time),33,Piala Asia,piala asia,,,,,,
2026-08-08T05:46:52.463944+00:00,20260808-054652,https://trends24.in/indonesia/,Sat Aug 08 2026 00:48:15 GMT+0000 (Coordinated Universal Time),34,EST AT SATUR FLAGSHIP,est at satur flagship,,,,,,
2026-08-08T05:46:52.463944+00:00,20260808-054652,https://trends24.in/indonesia/,Sat Aug 08 2026 00:48:15 GMT+0000 (Coordinated Universal Time),35,Premium,premium,,,,,,
2026-08-08T05:46:52.463944+00:00,20260808-054652,https://trends24.in/indonesia/,Sat Aug 08 2026 00:48:15 GMT+0000 (Coordinated Universal Time),36,PSSI,pssi,,,,,,
2026-08-08T05:46:52.463944+00:00,20260808-054652,https://trends24.in/indonesia/,Sat Aug 08 2026 00:48:15 GMT+0000 (Coordinated Universal Time),37,Maluku,maluku,,,,,,
2026-08-08T05:46:52.463944+00:00,20260808-054652,https://trends24.in/indonesia/,Sat Aug 08 2026 00:48:15 GMT+0000 (Coordinated Universal Time),38,persib vs persebaya,persib vs persebaya,,,,,,
2026-08-08T05:46:52.463944+00:00,20260808-054652,https://trends24.in/indonesia/,Sat Aug 08 2026 00:48:15 GMT+0000 (Coordinated Universal Time),39,GISELLE NEW MASTERPIECE,giselle new masterpiece,,,,,,
2026-08-08T05:46:52.463944+00:00,20260808-054652,https://trends24.in/indonesia/,Sat Aug 08 2026 00:48:15 GMT+0000 (Coordinated Universal Time),40,Jisoo,jisoo,,,,,,
2026-08-08T05:46:52.463944+00:00,20260808-054652,https://trends24.in/indonesia/,Sat Aug 08 2026 00:48:15 GMT+0000 (Coordinated Universal Time),41,Ragnar,ragnar,,,,,,
2026-08-08T05:46:52.463944+00:00,20260808-054652,https://trends24.in/indonesia/,Sat Aug 08 2026 00:48:15 GMT+0000 (Coordinated Universal Time),42,RSCM,rscm,,,,,,
2026-08-08T05:46:52.463944+00:00,20260808-054652,https://trends24.in/indonesia/,Sat Aug 08 2026 00:48:15 GMT+0000 (Coordinated Universal Time),43,ASEAN,asean,,,,,,
2026-08-08T05:46:52.463944+00:00,20260808-054652,https://trends24.in/indonesia/,Sat Aug 08 2026 00:48:15 GMT+0000 (Coordinated Universal Time),44,Barca,barca,,,,,,
2026-08-08T05:46:52.463944+00:00,20260808-054652,https://trends24.in/indonesia/,Sat Aug 08 2026 00:48:15 GMT+0000 (Coordinated Universal Time),45,KALOG Express,kalog express,,,,,,
2026-08-08T05:46:52.463944+00:00,20260808-054652,https://trends24.in/indonesia/,Sat Aug 08 2026 00:48:15 GMT+0000 (Coordinated Universal Time),46,Ridho,ridho,,,,,,
2026-08-08T05:46:52.463944+00:00,20260808-054652,https://trends24.in/indonesia/,Sat Aug 08 2026 00:48:15 GMT+0000 (Coordinated Universal Time),47,Elig,elig,,,,,,
2026-08-08T05:46:52.463944+00:00,20260808-054652,https://trends24.in/indonesia/,Sat Aug 08 2026 00:48:15 GMT+0000 (Coordinated Universal Time),48,Elon,elon,,,,,,
2026-08-08T05:46:52.463944+00:00,20260808-054652,https://trends24.in/indonesia/,Sat Aug 08 2026 00:48:15 GMT+0000 (Coordinated Universal Time),49,ARTMS,artms,,,,,,
2026-08-08T05:46:52.463944+00:00,20260808-054652,https://trends24.in/indonesia/,Sat Aug 08 2026 00:48:15 GMT+0000 (Coordinated Universal Time),50,Pagii,pagii,,,,,,
2026-08-08T05:46:52.463944+00:00,20260808-054652,https://trends24.in/indonesia/,Fri Aug 07 2026 23:55:03 GMT+0000 (Coordinated Universal Time),1,Original Content Rewards,original content rewards,,,,,,
2026-08-08T05:46:52.463944+00:00,20260808-054652,https://trends24.in/indonesia/,Fri Aug 07 2026 23:55:03 GMT+0000 (Coordinated Universal Time),2,Revenue Sharing,revenue sharing,,,,,,
2026-08-08T05:46:52.463944+00:00,20260808-054652,https://trends24.in/indonesia/,Fri Aug 07 2026 23:55:03 GMT+0000 (Coordinated Universal Time),3,smartfren unlimited 5g,smartfren unlimited 5g,,,,,,
2026-08-08T05:46:52.463944+00:00,20260808-054652,https://trends24.in/indonesia/,Fri Aug 07 2026 23:55:03 GMT+0000 (Coordinated Universal Time),4,#JuniorMarkConcertD1,juniormarkconcertd1,,,,,,
2026-08-08T05:46:52.463944+00:00,20260808-054652,https://trends24.in/indonesia/,Fri Aug 07 2026 23:55:03 GMT+0000 (Coordinated Universal Time),5,JUNIORMARK ONCE SUNNYMOON,juniormark once sunnymoon,,,,,,
2026-08-08T05:46:52.463944+00:00,20260808-054652,https://trends24.in/indonesia/,Fri Aug 07 2026 23:55:03 GMT+0000 (Coordinated Universal Time),6,Araujo,araujo,,,,,,
2026-08-08T05:46:52.463944+00:00,20260808-054652,https://trends24.in/indonesia/,Fri Aug 07 2026 23:55:03 GMT+0000 (Coordinated Universal Time),7,#TREASURE6thANNIVERSARY,treasure6thanniversary,,,,,,
2026-08-08T05:46:52.463944+00:00,20260808-054652,https://trends24.in/indonesia/,Fri Aug 07 2026 23:55:03 GMT+0000 (Coordinated Universal Time),8,#Its_BOSS_SCOUPS_Day,its_boss_scoups_day,,,,,,
2026-08-08T05:46:52.463944+00:00,20260808-054652,https://trends24.in/indonesia/,Fri Aug 07 2026 23:55:03 GMT+0000 (Coordinated Universal Time),9,#ë_ì¸ì ë_ì¹ì² ì´í¸_ìì¼ì¶íí´,ë_ì¸ì ë_ì¹ì² ì´í¸_ìì¼ì¶íí´,,,,,,
2026-08-08T05:46:52.463944+00:00,20260808-054652,https://trends24.in/indonesia/,Fri Aug 07 2026 23:55:03 GMT+0000 (Coordinated Universal Time),10,Home Timeline,home timeline,,,,,,
2026-08-08T05:46:52.463944+00:00,20260808-054652,https://trends24.in/indonesia/,Fri Aug 07 2026 23:55:03 GMT+0000 (Coordinated Universal Time),11,#TimnasDay,timnasday,,,,,,
2026-08-08T05:46:52.463944+00:00,20260808-054652,https://trends24.in/indonesia/,Fri Aug 07 2026 23:55:03 GMT+0000 (Coordinated Universal Time),12,ribuan titik kepelosok,ribuan titik kepelosok,,,,,,
2026-08-08T05:46:52.463944+00:00,20260808-054652,https://trends24.in/indonesia/,Fri Aug 07 2026 23:55:03 GMT+0000 (Coordinated Universal Time),13,Liverpool,liverpool,,,,,,
2026-08-08T05:46:52.463944+00:00,20260808-054652,https://trends24.in/indonesia/,Fri Aug 07 2026 23:55:03 GMT+0000 (Coordinated Universal Time),14,Singapura,singapura,,,,,,
2026-08-08T05:46:52.463944+00:00,20260808-054652,https://trends24.in/indonesia/,Fri Aug 07 2026 23:55:03 GMT+0000 (Coordinated Universal Time),15,Wasit,wasit,,,,,,
2026-08-08T05:46:52.463944+00:00,20260808-054652,https://trends24.in/indonesia/,Fri Aug 07 2026 23:55:03 GMT+0000 (Coordinated Universal Time),16,Rodri,rodri,,,,,,
2026-08-08T05:46:52.463944+00:00,20260808-054652,https://trends24.in/indonesia/,Fri Aug 07 2026 23:55:03 GMT+0000 (Coordinated Universal Time),17,BPJS,bpjs,,,,,,
2026-08-08T05:46:52.463944+00:00,20260808-054652,https://trends24.in/indonesia/,Fri Aug 07 2026 23:55:03 GMT+0000 (Coordinated Universal Time),18,santa vitamin enriched,santa vitamin enriched,,,,,,
2026-08-08T05:46:52.463944+00:00,20260808-054652,https://trends24.in/indonesia/,Fri Aug 07 2026 23:55:03 GMT+0000 (Coordinated Universal Time),19,TRAILER MR FANBOY,trailer mr fanboy,,,,,,
2026-08-08T05:46:52.463944+00:00,20260808-054652,https://trends24.in/indonesia/,Fri Aug 07 2026 23:55:03 GMT+0000 (Coordinated Universal Time),20,blackpink,blackpink,,,,,,
2026-08-08T05:46:52.463944+00:00,20260808-054652,https://trends24.in/indonesia/,Fri Aug 07 2026 23:55:03 GMT+0000 (Coordinated Universal Time),21,BRIN,brin,,,,,,
2026-08-08T05:46:52.463944+00:00,20260808-054652,https://trends24.in/indonesia/,Fri Aug 07 2026 23:55:03 GMT+0000 (Coordinated Universal Time),22,karina new solo music,karina new solo music,,,,,,
2026-08-08T05:46:52.463944+00:00,20260808-054652,https://trends24.in/indonesia/,Fri Aug 07 2026 23:55:03 GMT+0000 (Coordinated Universal Time),23,Jumat,jumat,,,,,,
2026-08-08T05:46:52.463944+00:00,20260808-054652,https://trends24.in/indonesia/,Fri Aug 07 2026 23:55:03 GMT+0000 (Coordinated Universal Time),24,Cahya,cahya,,,,,,
2026-08-08T05:46:52.463944+00:00,20260808-054652,https://trends24.in/indonesia/,Fri Aug 07 2026 23:55:03 GMT+0000 (Coordinated Universal Time),25,pondphuwin grab bonchon,pondphuwin grab bonchon,,,,,,
2026-08-08T05:46:52.463944+00:00,20260808-054652,https://trends24.in/indonesia/,Fri Aug 07 2026 23:55:03 GMT+0000 (Coordinated Universal Time),26,Maluku,maluku,,,,,,
2026-08-08T05:46:52.463944+00:00,20260808-054652,https://trends24.in/indonesia/,Fri Aug 07 2026 23:55:03 GMT+0000 (Coordinated Universal Time),27,Deco,deco,,,,,,
2026-08-08T05:46:52.463944+00:00,20260808-054652,https://trends24.in/indonesia/,Fri Aug 07 2026 23:55:03 GMT+0000 (Coordinated Universal Time),28,SKZ THIS AND THAT DAY,skz this and that day,,,,,,
2026-08-08T05:46:52.463944+00:00,20260808-054652,https://trends24.in/indonesia/,Fri Aug 07 2026 23:55:03 GMT+0000 (Coordinated Universal Time),29,GISELLE NEW MASTERPIECE,giselle new masterpiece,,,,,,
2026-08-08T05:46:52.463944+00:00,20260808-054652,https://trends24.in/indonesia/,Fri Aug 07 2026 23:55:03 GMT+0000 (Coordinated Universal Time),30,WINTER NEW SOLO STAGE,winter new solo stage,,,,,,
2026-08-08T05:46:52.463944+00:00,20260808-054652,https://trends24.in/indonesia/,Fri Aug 07 2026 23:55:03 GMT+0000 (Coordinated Universal Time),31,pos indonesia,pos indonesia,,,,,,
2026-08-08T05:46:52.463944+00:00,20260808-054652,https://trends24.in/indonesia/,Fri Aug 07 2026 23:55:03 GMT+0000 (Coordinated Universal Time),32,THOMASKONG IN THE USA,thomaskong in the usa,,,,,,
2026-08-08T05:46:52.463944+00:00,20260808-054652,https://trends24.in/indonesia/,Fri Aug 07 2026 23:55:03 GMT+0000 (Coordinated Universal Time),33,PSSI,pssi,,,,,,
2026-08-08T05:46:52.463944+00:00,20260808-054652,https://trends24.in/indonesia/,Fri Aug 07 2026 23:55:03 GMT+0000 (Coordinated Universal Time),34,Piala Asia,piala asia,,,,,,
2026-08-08T05:46:52.463944+00:00,20260808-054652,https://trends24.in/indonesia/,Fri Aug 07 2026 23:55:03 GMT+0000 (Coordinated Universal Time),35,Ragnar,ragnar,,,,,,
2026-08-08T05:46:52.463944+00:00,20260808-054652,https://trends24.in/indonesia/,Fri Aug 07 2026 23:55:03 GMT+0000 (Coordinated Universal Time),36,TEETEEPOR DMD IN THE USA,teeteepor dmd in the usa,,,,,,
2026-08-08T05:46:52.463944+00:00,20260808-054652,https://trends24.in/indonesia/,Fri Aug 07 2026 23:55:03 GMT+0000 (Coordinated Universal Time),37,EST AT SATUR FLAGSHIP,est at satur flagship,,,,,,
2026-08-08T05:46:52.463944+00:00,20260808-054652,https://trends24.in/indonesia/,Fri Aug 07 2026 23:55:03 GMT+0000 (Coordinated Universal Time),38,NINGNING SOLO4,ningning solo4,,,,,,
2026-08-08T05:46:52.463944+00:00,20260808-054652,https://trends24.in/indonesia/,Fri Aug 07 2026 23:55:03 GMT+0000 (Coordinated Universal Time),39,persib vs persebaya,persib vs persebaya,,,,,,
2026-08-08T05:46:52.463944+00:00,20260808-054652,https://trends24.in/indonesia/,Fri Aug 07 2026 23:55:03 GMT+0000 (Coordinated Universal Time),40,Premium,premium,,,,,,
2026-08-08T05:46:52.463944+00:00,20260808-054652,https://trends24.in/indonesia/,Fri Aug 07 2026 23:55:03 GMT+0000 (Coordinated Universal Time),41,Jisoo,jisoo,,,,,,
2026-08-08T05:46:52.463944+00:00,20260808-054652,https://trends24.in/indonesia/,Fri Aug 07 2026 23:55:03 GMT+0000 (Coordinated Universal Time),42,RSCM,rscm,,,,,,
2026-08-08T05:46:52.463944+00:00,20260808-054652,https://trends24.in/indonesia/,Fri Aug 07 2026 23:55:03 GMT+0000 (Coordinated Universal Time),43,ASEAN,asean,,,,,,
2026-08-08T05:46:52.463944+00:00,20260808-054652,https://trends24.in/indonesia/,Fri Aug 07 2026 23:55:03 GMT+0000 (Coordinated Universal Time),44,KALOG Express,kalog express,,,,,,
2026-08-08T05:46:52.463944+00:00,20260808-054652,https://trends24.in/indonesia/,Fri Aug 07 2026 23:55:03 GMT+0000 (Coordinated Universal Time),45,Rizky Ridho,rizky ridho,,,,,,
2026-08-08T05:46:52.463944+00:00,20260808-054652,https://trends24.in/indonesia/,Fri Aug 07 2026 23:55:03 GMT+0000 (Coordinated Universal Time),46,ARTMS,artms,,,,,,
2026-08-08T05:46:52.463944+00:00,20260808-054652,https://trends24.in/indonesia/,Fri Aug 07 2026 23:55:03 GMT+0000 (Coordinated Universal Time),47,Barca,barca,,,,,,
2026-08-08T05:46:52.463944+00:00,20260808-054652,https://trends24.in/indonesia/,Fri Aug 07 2026 23:55:03 GMT+0000 (Coordinated Universal Time),48,Elig,elig,,,,,,
2026-08-08T05:46:52.463944+00:00,20260808-054652,https://trends24.in/indonesia/,Fri Aug 07 2026 23:55:03 GMT+0000 (Coordinated Universal Time),49,DBTE RULES EP7,dbte rules ep7,,,,,,
2026-08-08T05:46:52.463944+00:00,20260808-054652,https://trends24.in/indonesia/,Fri Aug 07 2026 23:55:03 GMT+0000 (Coordinated Universal Time),50,WITH LOVE TO NI-KI,with love to ni-ki,,,,,,
2026-08-08T05:46:52.463944+00:00,20260808-054652,https://trends24.in/indonesia/,Fri Aug 07 2026 23:03:31 GMT+0000 (Coordinated Universal Time),1,Original Content Rewards,original content rewards,,,,,,
2026-08-08T05:46:52.463944+00:00,20260808-054652,https://trends24.in/indonesia/,Fri Aug 07 2026 23:03:31 GMT+0000 (Coordinated Universal Time),2,smartfren unlimited 5g,smartfren unlimited 5g,,,,,,
2026-08-08T05:46:52.463944+00:00,20260808-054652,https://trends24.in/indonesia/,Fri Aug 07 2026 23:03:31 GMT+0000 (Coordinated Universal Time),3,Revenue Sharing,revenue sharing,,,,,,
2026-08-08T05:46:52.463944+00:00,20260808-054652,https://trends24.in/indonesia/,Fri Aug 07 2026 23:03:31 GMT+0000 (Coordinated Universal Time),4,#JuniorMarkConcertD1,juniormarkconcertd1,,,,,,
2026-08-08T05:46:52.463944+00:00,20260808-054652,https://trends24.in/indonesia/,Fri Aug 07 2026 23:03:31 GMT+0000 (Coordinated Universal Time),5,JUNIORMARK ONCE SUNNYMOON,juniormark once sunnymoon,,,,,,
2026-08-08T05:46:52.463944+00:00,20260808-054652,https://trends24.in/indonesia/,Fri Aug 07 2026 23:03:31 GMT+0000 (Coordinated Universal Time),6,Araujo,araujo,,,,,,
2026-08-08T05:46:52.463944+00:00,20260808-054652,https://trends24.in/indonesia/,Fri Aug 07 2026 23:03:31 GMT+0000 (Coordinated Universal Time),7,#TREASURE6thANNIVERSARY,treasure6thanniversary,,,,,,
2026-08-08T05:46:52.463944+00:00,20260808-054652,https://trends24.in/indonesia/,Fri Aug 07 2026 23:03:31 GMT+0000 (Coordinated Universal Time),8,#Its_BOSS_SCOUPS_Day,its_boss_scoups_day,,,,,,
2026-08-08T05:46:52.463944+00:00,20260808-054652,https://trends24.in/indonesia/,Fri Aug 07 2026 23:03:31 GMT+0000 (Coordinated Universal Time),9,#ë_ì¸ì ë_ì¹ì² ì´í¸_ìì¼ì¶íí´,ë_ì¸ì ë_ì¹ì² ì´í¸_ìì¼ì¶íí´,,,,,,
2026-08-08T05:46:52.463944+00:00,20260808-054652,https://trends24.in/indonesia/,Fri Aug 07 2026 23:03:31 GMT+0000 (Coordinated Universal Time),10,#TimnasDay,timnasday,,,,,,
2026-08-08T05:46:52.463944+00:00,20260808-054652,https://trends24.in/indonesia/,Fri Aug 07 2026 23:03:31 GMT+0000 (Coordinated Universal Time),11,Home Timeline,home timeline,,,,,,
2026-08-08T05:46:52.463944+00:00,20260808-054652,https://trends24.in/indonesia/,Fri Aug 07 2026 23:03:31 GMT+0000 (Coordinated Universal Time),12,ribuan titik kepelosok,ribuan titik kepelosok,,,,,,
2026-08-08T05:46:52.463944+00:00,20260808-054652,https://trends24.in/indonesia/,Fri Aug 07 2026 23:03:31 GMT+0000 (Coordinated Universal Time),13,Singapura,singapura,,,,,,
2026-08-08T05:46:52.463944+00:00,20260808-054652,https://trends24.in/indonesia/,Fri Aug 07 2026 23:03:31 GMT+0000 (Coordinated Universal Time),14,Wasit,wasit,,,,,,
2026-08-08T05:46:52.463944+00:00,20260808-054652,https://trends24.in/indonesia/,Fri Aug 07 2026 23:03:31 GMT+0000 (Coordinated Universal Time),15,Liverpool,liverpool,,,,,,
2026-08-08T05:46:52.463944+00:00,20260808-054652,https://trends24.in/indonesia/,Fri Aug 07 2026 23:03:31 GMT+0000 (Coordinated Universal Time),16,Rodri,rodri,,,,,,
2026-08-08T05:46:52.463944+00:00,20260808-054652,https://trends24.in/indonesia/,Fri Aug 07 2026 23:03:31 GMT+0000 (Coordinated Universal Time),17,BPJS,bpjs,,,,,,
2026-08-08T05:46:52.463944+00:00,20260808-054652,https://trends24.in/indonesia/,Fri Aug 07 2026 23:03:31 GMT+0000 (Coordinated Universal Time),18,TRAILER MR FANBOY,trailer mr fanboy,,,,,,
2026-08-08T05:46:52.463944+00:00,20260808-054652,https://trends24.in/indonesia/,Fri Aug 07 2026 23:03:31 GMT+0000 (Coordinated Universal Time),19,blackpink,blackpink,,,,,,
2026-08-08T05:46:52.463944+00:00,20260808-054652,https://trends24.in/indonesia/,Fri Aug 07 2026 23:03:31 GMT+0000 (Coordinated Universal Time),20,santa vitamin enriched,santa vitamin enriched,,,,,,
2026-08-08T05:46:52.463944+00:00,20260808-054652,https://trends24.in/indonesia/,Fri Aug 07 2026 23:03:31 GMT+0000 (Coordinated Universal Time),21,KARINA NEW SOLO MUSIC,karina new solo music,,,,,,
2026-08-08T05:46:52.463944+00:00,20260808-054652,https://trends24.in/indonesia/,Fri Aug 07 2026 23:03:31 GMT+0000 (Coordinated Universal Time),22,BRIN,brin,,,,,,
2026-08-08T05:46:52.463944+00:00,20260808-054652,https://trends24.in/indonesia/,Fri Aug 07 2026 23:03:31 GMT+0000 (Coordinated Universal Time),23,Jumat,jumat,,,,,,
2026-08-08T05:46:52.463944+00:00,20260808-054652,https://trends24.in/indonesia/,Fri Aug 07 2026 23:03:31 GMT+0000 (Coordinated Universal Time),24,Maluku,maluku,,,,,,
2026-08-08T05:46:52.463944+00:00,20260808-054652,https://trends24.in/indonesia/,Fri Aug 07 2026 23:03:31 GMT+0000 (Coordinated Universal Time),25,Cahya,cahya,,,,,,
2026-08-08T05:46:52.463944+00:00,20260808-054652,https://trends24.in/indonesia/,Fri Aug 07 2026 23:03:31 GMT+0000 (Coordinated Universal Time),26,WINTER NEW SOLO STAGE,winter new solo stage,,,,,,
2026-08-08T05:46:52.463944+00:00,20260808-054652,https://trends24.in/indonesia/,Fri Aug 07 2026 23:03:31 GMT+0000 (Coordinated Universal Time),27,pondphuwin grab bonchon,pondphuwin grab bonchon,,,,,,
2026-08-08T05:46:52.463944+00:00,20260808-054652,https://trends24.in/indonesia/,Fri Aug 07 2026 23:03:31 GMT+0000 (Coordinated Universal Time),28,SKZ THIS AND THAT DAY,skz this and that day,,,,,,
2026-08-08T05:46:52.463944+00:00,20260808-054652,https://trends24.in/indonesia/,Fri Aug 07 2026 23:03:31 GMT+0000 (Coordinated Universal Time),29,EST AT SATUR FLAGSHIP,est at satur flagship,,,,,,
2026-08-08T05:46:52.463944+00:00,20260808-054652,https://trends24.in/indonesia/,Fri Aug 07 2026 23:03:31 GMT+0000 (Coordinated Universal Time),30,GISELLE NEW MASTERPIECE,giselle new masterpiece,,,,,,
2026-08-08T05:46:52.463944+00:00,20260808-054652,https://trends24.in/indonesia/,Fri Aug 07 2026 23:03:31 GMT+0000 (Coordinated Universal Time),31,pos indonesia,pos indonesia,,,,,,
2026-08-08T05:46:52.463944+00:00,20260808-054652,https://trends24.in/indonesia/,Fri Aug 07 2026 23:03:31 GMT+0000 (Coordinated Universal Time),32,THOMASKONG IN THE USA,thomaskong in the usa,,,,,,
2026-08-08T05:46:52.463944+00:00,20260808-054652,https://trends24.in/indonesia/,Fri Aug 07 2026 23:03:31 GMT+0000 (Coordinated Universal Time),33,Piala Asia,piala asia,,,,,,
2026-08-08T05:46:52.463944+00:00,20260808-054652,https://trends24.in/indonesia/,Fri Aug 07 2026 23:03:31 GMT+0000 (Coordinated Universal Time),34,Ragnar,ragnar,,,,,,
2026-08-08T05:46:52.463944+00:00,20260808-054652,https://trends24.in/indonesia/,Fri Aug 07 2026 23:03:31 GMT+0000 (Coordinated Universal Time),35,NINGNING SOLO4,ningning solo4,,,,,,
2026-08-08T05:46:52.463944+00:00,20260808-054652,https://trends24.in/indonesia/,Fri Aug 07 2026 23:03:31 GMT+0000 (Coordinated Universal Time),36,persib vs persebaya,persib vs persebaya,,,,,,
2026-08-08T05:46:52.463944+00:00,20260808-054652,https://trends24.in/indonesia/,Fri Aug 07 2026 23:03:31 GMT+0000 (Coordinated Universal Time),37,TEETEEPOR DMD IN THE USA,teeteepor dmd in the usa,,,,,,
2026-08-08T05:46:52.463944+00:00,20260808-054652,https://trends24.in/indonesia/,Fri Aug 07 2026 23:03:31 GMT+0000 (Coordinated Universal Time),38,KALOG Express,kalog express,,,,,,
2026-08-08T05:46:52.463944+00:00,20260808-054652,https://trends24.in/indonesia/,Fri Aug 07 2026 23:03:31 GMT+0000 (Coordinated Universal Time),39,RSCM,rscm,,,,,,
2026-08-08T05:46:52.463944+00:00,20260808-054652,https://trends24.in/indonesia/,Fri Aug 07 2026 23:03:31 GMT+0000 (Coordinated Universal Time),40,Jisoo,jisoo,,,,,,
2026-08-08T05:46:52.463944+00:00,20260808-054652,https://trends24.in/indonesia/,Fri Aug 07 2026 23:03:31 GMT+0000 (Coordinated Universal Time),41,ASEAN,asean,,,,,,
2026-08-08T05:46:52.463944+00:00,20260808-054652,https://trends24.in/indonesia/,Fri Aug 07 2026 23:03:31 GMT+0000 (Coordinated Universal Time),42,Rizky Ridho,rizky ridho,,,,,,
2026-08-08T05:46:52.463944+00:00,20260808-054652,https://trends24.in/indonesia/,Fri Aug 07 2026 23:03:31 GMT+0000 (Coordinated Universal Time),43,ARTMS,artms,,,,,,
2026-08-08T05:46:52.463944+00:00,20260808-054652,https://trends24.in/indonesia/,Fri Aug 07 2026 23:03:31 GMT+0000 (Coordinated Universal Time),44,Barca,barca,,,,,,
2026-08-08T05:46:52.463944+00:00,20260808-054652,https://trends24.in/indonesia/,Fri Aug 07 2026 23:03:31 GMT+0000 (Coordinated Universal Time),45,DBTE RULES EP7,dbte rules ep7,,,,,,
2026-08-08T05:46:52.463944+00:00,20260808-054652,https://trends24.in/indonesia/,Fri Aug 07 2026 23:03:31 GMT+0000 (Coordinated Universal Time),46,KALOG Pro,kalog pro,,,,,,
2026-08-08T05:46:52.463944+00:00,20260808-054652,https://trends24.in/indonesia/,Fri Aug 07 2026 23:03:31 GMT+0000 (Coordinated Universal Time),47,PSSI,pssi,,,,,,
2026-08-08T05:46:52.463944+00:00,20260808-054652,https://trends24.in/indonesia/,Fri Aug 07 2026 23:03:31 GMT+0000 (Coordinated Universal Time),48,WITH LOVE TO NI-KI,with love to ni-ki,,,,,,
2026-08-08T05:46:52.463944+00:00,20260808-054652,https://trends24.in/indonesia/,Fri Aug 07 2026 23:03:31 GMT+0000 (Coordinated Universal Time),49,John Herdman,john herdman,,,,,,
2026-08-08T05:46:52.463944+00:00,20260808-054652,https://trends24.in/indonesia/,Fri Aug 07 2026 23:03:31 GMT+0000 (Coordinated Universal Time),50,KALOG Plus,kalog plus,,,,,,
2026-08-08T05:46:52.463944+00:00,20260808-054652,https://trends24.in/indonesia/,Fri Aug 07 2026 22:10:14 GMT+0000 (Coordinated Universal Time),1,smartfren unlimited 5g,smartfren unlimited 5g,,,,,,
2026-08-08T05:46:52.463944+00:00,20260808-054652,https://trends24.in/indonesia/,Fri Aug 07 2026 22:10:14 GMT+0000 (Coordinated Universal Time),2,#JuniorMarkConcertD1,juniormarkconcertd1,,,,,,
2026-08-08T05:46:52.463944+00:00,20260808-054652,https://trends24.in/indonesia/,Fri Aug 07 2026 22:10:14 GMT+0000 (Coordinated Universal Time),3,JUNIORMARK ONCE SUNNYMOON,juniormark once sunnymoon,,,,,,
2026-08-08T05:46:52.463944+00:00,20260808-054652,https://trends24.in/indonesia/,Fri Aug 07 2026 22:10:14 GMT+0000 (Coordinated Universal Time),4,#TREASURE6thANNIVERSARY,treasure6thanniversary,,,,,,
2026-08-08T05:46:52.463944+00:00,20260808-054652,https://trends24.in/indonesia/,Fri Aug 07 2026 22:10:14 GMT+0000 (Coordinated Universal Time),5,#TimnasDay,timnasday,,,,,,
2026-08-08T05:46:52.463944+00:00,20260808-054652,https://trends24.in/indonesia/,Fri Aug 07 2026 22:10:14 GMT+0000 (Coordinated Universal Time),6,#Its_BOSS_SCOUPS_Day,its_boss_scoups_day,,,,,,
2026-08-08T05:46:52.463944+00:00,20260808-054652,https://trends24.in/indonesia/,Fri Aug 07 2026 22:10:14 GMT+0000 (Coordinated Universal Time),7,#ë_ì¸ì ë_ì¹ì² ì´í¸_ìì¼ì¶íí´,ë_ì¸ì ë_ì¹ì² ì´í¸_ìì¼ì¶íí´,,,,,,
2026-08-08T05:46:52.463944+00:00,20260808-054652,https://trends24.in/indonesia/,Fri Aug 07 2026 22:10:14 GMT+0000 (Coordinated Universal Time),8,ribuan titik kepelosok,ribuan titik kepelosok,,,,,,
2026-08-08T05:46:52.463944+00:00,20260808-054652,https://trends24.in/indonesia/,Fri Aug 07 2026 22:10:14 GMT+0000 (Coordinated Universal Time),9,Revenue Sharing,revenue sharing,,,,,,
2026-08-08T05:46:52.463944+00:00,20260808-054652,https://trends24.in/indonesia/,Fri Aug 07 2026 22:10:14 GMT+0000 (Coordinated Universal Time),10,Singapura,singapura,,,,,,
2026-08-08T05:46:52.463944+00:00,20260808-054652,https://trends24.in/indonesia/,Fri Aug 07 2026 22:10:14 GMT+0000 (Coordinated Universal Time),11,Wasit,wasit,,,,,,
2026-08-08T05:46:52.463944+00:00,20260808-054652,https://trends24.in/indonesia/,Fri Aug 07 2026 22:10:14 GMT+0000 (Coordinated Universal Time),12,Rodri,rodri,,,,,,
2026-08-08T05:46:52.463944+00:00,20260808-054652,https://trends24.in/indonesia/,Fri Aug 07 2026 22:10:14 GMT+0000 (Coordinated Universal Time),13,BPJS,bpjs,,,,,,
2026-08-08T05:46:52.463944+00:00,20260808-054652,https://trends24.in/indonesia/,Fri Aug 07 2026 22:10:14 GMT+0000 (Coordinated Universal Time),14,TRAILER MR FANBOY,trailer mr fanboy,,,,,,
2026-08-08T05:46:52.463944+00:00,20260808-054652,https://trends24.in/indonesia/,Fri Aug 07 2026 22:10:14 GMT+0000 (Coordinated Universal Time),15,santa vitamin enriched,santa vitamin enriched,,,,,,
2026-08-08T05:46:52.463944+00:00,20260808-054652,https://trends24.in/indonesia/,Fri Aug 07 2026 22:10:14 GMT+0000 (Coordinated Universal Time),16,blackpink,blackpink,,,,,,
2026-08-08T05:46:52.463944+00:00,20260808-054652,https://trends24.in/indonesia/,Fri Aug 07 2026 22:10:14 GMT+0000 (Coordinated Universal Time),17,KARINA NEW SOLO MUSIC,karina new solo music,,,,,,
2026-08-08T05:46:52.463944+00:00,20260808-054652,https://trends24.in/indonesia/,Fri Aug 07 2026 22:10:14 GMT+0000 (Coordinated Universal Time),18,BRIN,brin,,,,,,
2026-08-08T05:46:52.463944+00:00,20260808-054652,https://trends24.in/indonesia/,Fri Aug 07 2026 22:10:14 GMT+0000 (Coordinated Universal Time),19,Maluku,maluku,,,,,,
2026-08-08T05:46:52.463944+00:00,20260808-054652,https://trends24.in/indonesia/,Fri Aug 07 2026 22:10:14 GMT+0000 (Coordinated Universal Time),20,Jumat,jumat,,,,,,
2026-08-08T05:46:52.463944+00:00,20260808-054652,https://trends24.in/indonesia/,Fri Aug 07 2026 22:10:14 GMT+0000 (Coordinated Universal Time),21,Cahya,cahya,,,,,,
2026-08-08T05:46:52.463944+00:00,20260808-054652,https://trends24.in/indonesia/,Fri Aug 07 2026 22:10:14 GMT+0000 (Coordinated Universal Time),22,WINTER NEW SOLO STAGE,winter new solo stage,,,,,,
2026-08-08T05:46:52.463944+00:00,20260808-054652,https://trends24.in/indonesia/,Fri Aug 07 2026 22:10:14 GMT+0000 (Coordinated Universal Time),23,pondphuwin grab bonchon,pondphuwin grab bonchon,,,,,,
2026-08-08T05:46:52.463944+00:00,20260808-054652,https://trends24.in/indonesia/,Fri Aug 07 2026 22:10:14 GMT+0000 (Coordinated Universal Time),24,SKZ THIS AND THAT DAY,skz this and that day,,,,,,
2026-08-08T05:46:52.463944+00:00,20260808-054652,https://trends24.in/indonesia/,Fri Aug 07 2026 22:10:14 GMT+0000 (Coordinated Universal Time),25,EST AT SATUR FLAGSHIP,est at satur flagship,,,,,,
2026-08-08T05:46:52.463944+00:00,20260808-054652,https://trends24.in/indonesia/,Fri Aug 07 2026 22:10:14 GMT+0000 (Coordinated Universal Time),26,GISELLE NEW MASTERPIECE,giselle new masterpiece,,,,,,
2026-08-08T05:46:52.463944+00:00,20260808-054652,https://trends24.in/indonesia/,Fri Aug 07 2026 22:10:14 GMT+0000 (Coordinated Universal Time),27,Araujo,araujo,,,,,,
2026-08-08T05:46:52.463944+00:00,20260808-054652,https://trends24.in/indonesia/,Fri Aug 07 2026 22:10:14 GMT+0000 (Coordinated Universal Time),28,pos indonesia,pos indonesia,,,,,,
2026-08-08T05:46:52.463944+00:00,20260808-054652,https://trends24.in/indonesia/,Fri Aug 07 2026 22:10:14 GMT+0000 (Coordinated Universal Time),29,Piala Asia,piala asia,,,,,,
2026-08-08T05:46:52.463944+00:00,20260808-054652,https://trends24.in/indonesia/,Fri Aug 07 2026 22:10:14 GMT+0000 (Coordinated Universal Time),30,Ragnar,ragnar,,,,,,
2026-08-08T05:46:52.463944+00:00,20260808-054652,https://trends24.in/indonesia/,Fri Aug 07 2026 22:10:14 GMT+0000 (Coordinated Universal Time),31,NINGNING SOLO4,ningning solo4,,,,,,
2026-08-08T05:46:52.463944+00:00,20260808-054652,https://trends24.in/indonesia/,Fri Aug 07 2026 22:10:14 GMT+0000 (Coordinated Universal Time),32,persib vs persebaya,persib vs persebaya,,,,,,
2026-08-08T05:46:52.463944+00:00,20260808-054652,https://trends24.in/indonesia/,Fri Aug 07 2026 22:10:14 GMT+0000 (Coordinated Universal Time),33,THOMASKONG IN THE USA,thomaskong in the usa,,,,,,
2026-08-08T05:46:52.463944+00:00,20260808-054652,https://trends24.in/indonesia/,Fri Aug 07 2026 22:10:14 GMT+0000 (Coordinated Universal Time),34,RSCM,rscm,,,,,,
2026-08-08T05:46:52.463944+00:00,20260808-054652,https://trends24.in/indonesia/,Fri Aug 07 2026 22:10:14 GMT+0000 (Coordinated Universal Time),35,KALOG Express,kalog express,,,,,,
2026-08-08T05:46:52.463944+00:00,20260808-054652,https://trends24.in/indonesia/,Fri Aug 07 2026 22:10:14 GMT+0000 (Coordinated Universal Time),36,Jisoo,jisoo,,,,,,
2026-08-08T05:46:52.463944+00:00,20260808-054652,https://trends24.in/indonesia/,Fri Aug 07 2026 22:10:14 GMT+0000 (Coordinated Universal Time),37,ARTMS,artms,,,,,,
2026-08-08T05:46:52.463944+00:00,20260808-054652,https://trends24.in/indonesia/,Fri Aug 07 2026 22:10:14 GMT+0000 (Coordinated Universal Time),38,ASEAN,asean,,,,,,
2026-08-08T05:46:52.463944+00:00,20260808-054652,https://trends24.in/indonesia/,Fri Aug 07 2026 22:10:14 GMT+0000 (Coordinated Universal Time),39,Rizky Ridho,rizky ridho,,,,,,
2026-08-08T05:46:52.463944+00:00,20260808-054652,https://trends24.in/indonesia/,Fri Aug 07 2026 22:10:14 GMT+0000 (Coordinated Universal Time),40,DBTE RULES EP7,dbte rules ep7,,,,,,
2026-08-08T05:46:52.463944+00:00,20260808-054652,https://trends24.in/indonesia/,Fri Aug 07 2026 22:10:14 GMT+0000 (Coordinated Universal Time),41,EST x MAGNUM PISTACHIO,est x magnum pistachio,,,,,,
2026-08-08T05:46:52.463944+00:00,20260808-054652,https://trends24.in/indonesia/,Fri Aug 07 2026 22:10:14 GMT+0000 (Coordinated Universal Time),42,KALOG Pro,kalog pro,,,,,,
2026-08-08T05:46:52.463944+00:00,20260808-054652,https://trends24.in/indonesia/,Fri Aug 07 2026 22:10:14 GMT+0000 (Coordinated Universal Time),43,PSSI,pssi,,,,,,
2026-08-08T05:46:52.463944+00:00,20260808-054652,https://trends24.in/indonesia/,Fri Aug 07 2026 22:10:14 GMT+0000 (Coordinated Universal Time),44,GMMTV RESPECT GEMINIFOURTH,gmmtv respect geminifourth,,,,,,
2026-08-08T05:46:52.463944+00:00,20260808-054652,https://trends24.in/indonesia/,Fri Aug 07 2026 22:10:14 GMT+0000 (Coordinated Universal Time),45,Singapore,singapore,,,,,,
2026-08-08T05:46:52.463944+00:00,20260808-054652,https://trends24.in/indonesia/,Fri Aug 07 2026 22:10:14 GMT+0000 (Coordinated Universal Time),46,WITH LOVE TO NI-KI,with love to ni-ki,,,,,,
2026-08-08T05:46:52.463944+00:00,20260808-054652,https://trends24.in/indonesia/,Fri Aug 07 2026 22:10:14 GMT+0000 (Coordinated Universal Time),47,John Herdman,john herdman,,,,,,
2026-08-08T05:46:52.463944+00:00,20260808-054652,https://trends24.in/indonesia/,Fri Aug 07 2026 22:10:14 GMT+0000 (Coordinated Universal Time),48,Sophia,sophia,,,,,,
2026-08-08T05:46:52.463944+00:00,20260808-054652,https://trends24.in/indonesia/,Fri Aug 07 2026 22:10:14 GMT+0000 (Coordinated Universal Time),49,KALOG Plus,kalog plus,,,,,,
2026-08-08T05:46:52.463944+00:00,20260808-054652,https://trends24.in/indonesia/,Fri Aug 07 2026 22:10:14 GMT+0000 (Coordinated Universal Time),50,Blink,blink,,,,,,
2026-08-08T05:46:52.463944+00:00,20260808-054652,https://trends24.in/indonesia/,Fri Aug 07 2026 21:19:01 GMT+0000 (Coordinated Universal Time),1,smartfren unlimited 5g,smartfren unlimited 5g,,,,,,
2026-08-08T05:46:52.463944+00:00,20260808-054652,https://trends24.in/indonesia/,Fri Aug 07 2026 21:19:01 GMT+0000 (Coordinated Universal Time),2,#JuniorMarkConcertD1,juniormarkconcertd1,,,,,,
2026-08-08T05:46:52.463944+00:00,20260808-054652,https://trends24.in/indonesia/,Fri Aug 07 2026 21:19:01 GMT+0000 (Coordinated Universal Time),3,JUNIORMARK ONCE SUNNYMOON,juniormark once sunnymoon,,,,,,
2026-08-08T05:46:52.463944+00:00,20260808-054652,https://trends24.in/indonesia/,Fri Aug 07 2026 21:19:01 GMT+0000 (Coordinated Universal Time),4,#TREASURE6thANNIVERSARY,treasure6thanniversary,,,,,,
2026-08-08T05:46:52.463944+00:00,20260808-054652,https://trends24.in/indonesia/,Fri Aug 07 2026 21:19:01 GMT+0000 (Coordinated Universal Time),5,#Its_BOSS_SCOUPS_Day,its_boss_scoups_day,,,,,,
2026-08-08T05:46:52.463944+00:00,20260808-054652,https://trends24.in/indonesia/,Fri Aug 07 2026 21:19:01 GMT+0000 (Coordinated Universal Time),6,#TimnasDay,timnasday,,,,,,
2026-08-08T05:46:52.463944+00:00,20260808-054652,https://trends24.in/indonesia/,Fri Aug 07 2026 21:19:01 GMT+0000 (Coordinated Universal Time),7,#ë_ì¸ì ë_ì¹ì² ì´í¸_ìì¼ì¶íí´,ë_ì¸ì ë_ì¹ì² ì´í¸_ìì¼ì¶íí´,,,,,,
2026-08-08T05:46:52.463944+00:00,20260808-054652,https://trends24.in/indonesia/,Fri Aug 07 2026 21:19:01 GMT+0000 (Coordinated Universal Time),8,ribuan titik kepelosok,ribuan titik kepelosok,,,,,,
2026-08-08T05:46:52.463944+00:00,20260808-054652,https://trends24.in/indonesia/,Fri Aug 07 2026 21:19:01 GMT+0000 (Coordinated Universal Time),9,Singapura,singapura,,,,,,
2026-08-08T05:46:52.463944+00:00,20260808-054652,https://trends24.in/indonesia/,Fri Aug 07 2026 21:19:01 GMT+0000 (Coordinated Universal Time),10,Wasit,wasit,,,,,,
2026-08-08T05:46:52.463944+00:00,20260808-054652,https://trends24.in/indonesia/,Fri Aug 07 2026 21:19:01 GMT+0000 (Coordinated Universal Time),11,TRAILER MR FANBOY,trailer mr fanboy,,,,,,
2026-08-08T05:46:52.463944+00:00,20260808-054652,https://trends24.in/indonesia/,Fri Aug 07 2026 21:19:01 GMT+0000 (Coordinated Universal Time),12,Rodri,rodri,,,,,,
2026-08-08T05:46:52.463944+00:00,20260808-054652,https://trends24.in/indonesia/,Fri Aug 07 2026 21:19:01 GMT+0000 (Coordinated Universal Time),13,BPJS,bpjs,,,,,,
2026-08-08T05:46:52.463944+00:00,20260808-054652,https://trends24.in/indonesia/,Fri Aug 07 2026 21:19:01 GMT+0000 (Coordinated Universal Time),14,Maluku,maluku,,,,,,
2026-08-08T05:46:52.463944+00:00,20260808-054652,https://trends24.in/indonesia/,Fri Aug 07 2026 21:19:01 GMT+0000 (Coordinated Universal Time),15,BLACKPINK,blackpink,,,,,,
2026-08-08T05:46:52.463944+00:00,20260808-054652,https://trends24.in/indonesia/,Fri Aug 07 2026 21:19:01 GMT+0000 (Coordinated Universal Time),16,santa vitamin enriched,santa vitamin enriched,,,,,,
2026-08-08T05:46:52.463944+00:00,20260808-054652,https://trends24.in/indonesia/,Fri Aug 07 2026 21:19:01 GMT+0000 (Coordinated Universal Time),17,KARINA NEW SOLO MUSIC,karina new solo music,,,,,,
2026-08-08T05:46:52.463944+00:00,20260808-054652,https://trends24.in/indonesia/,Fri Aug 07 2026 21:19:01 GMT+0000 (Coordinated Universal Time),18,BRIN,brin,,,,,,
2026-08-08T05:46:52.463944+00:00,20260808-054652,https://trends24.in/indonesia/,Fri Aug 07 2026 21:19:01 GMT+0000 (Coordinated Universal Time),19,Jumat,jumat,,,,,,
2026-08-08T05:46:52.463944+00:00,20260808-054652,https://trends24.in/indonesia/,Fri Aug 07 2026 21:19:01 GMT+0000 (Coordinated Universal Time),20,Cahya,cahya,,,,,,
2026-08-08T05:46:52.463944+00:00,20260808-054652,https://trends24.in/indonesia/,Fri Aug 07 2026 21:19:01 GMT+0000 (Coordinated Universal Time),21,Ridho,ridho,,,,,,
2026-08-08T05:46:52.463944+00:00,20260808-054652,https://trends24.in/indonesia/,Fri Aug 07 2026 21:19:01 GMT+0000 (Coordinated Universal Time),22,WINTER NEW SOLO STAGE,winter new solo stage,,,,,,
2026-08-08T05:46:52.463944+00:00,20260808-054652,https://trends24.in/indonesia/,Fri Aug 07 2026 21:19:01 GMT+0000 (Coordinated Universal Time),23,pondphuwin grab bonchon,pondphuwin grab bonchon,,,,,,
2026-08-08T05:46:52.463944+00:00,20260808-054652,https://trends24.in/indonesia/,Fri Aug 07 2026 21:19:01 GMT+0000 (Coordinated Universal Time),24,SKZ THIS AND THAT DAY,skz this and that day,,,,,,
2026-08-08T05:46:52.463944+00:00,20260808-054652,https://trends24.in/indonesia/,Fri Aug 07 2026 21:19:01 GMT+0000 (Coordinated Universal Time),25,EST AT SATUR FLAGSHIP,est at satur flagship,,,,,,
2026-08-08T05:46:52.463944+00:00,20260808-054652,https://trends24.in/indonesia/,Fri Aug 07 2026 21:19:01 GMT+0000 (Coordinated Universal Time),26,GISELLE NEW MASTERPIECE,giselle new masterpiece,,,,,,
2026-08-08T05:46:52.463944+00:00,20260808-054652,https://trends24.in/indonesia/,Fri Aug 07 2026 21:19:01 GMT+0000 (Coordinated Universal Time),27,pos indonesia,pos indonesia,,,,,,
2026-08-08T05:46:52.463944+00:00,20260808-054652,https://trends24.in/indonesia/,Fri Aug 07 2026 21:19:01 GMT+0000 (Coordinated Universal Time),28,Piala Asia,piala asia,,,,,,
2026-08-08T05:46:52.463944+00:00,20260808-054652,https://trends24.in/indonesia/,Fri Aug 07 2026 21:19:01 GMT+0000 (Coordinated Universal Time),29,Ragnar,ragnar,,,,,,
2026-08-08T05:46:52.463944+00:00,20260808-054652,https://trends24.in/indonesia/,Fri Aug 07 2026 21:19:01 GMT+0000 (Coordinated Universal Time),30,NINGNING SOLO4,ningning solo4,,,,,,
2026-08-08T05:46:52.463944+00:00,20260808-054652,https://trends24.in/indonesia/,Fri Aug 07 2026 21:19:01 GMT+0000 (Coordinated Universal Time),31,FIFA Asean Cup,fifa asean cup,,,,,,
2026-08-08T05:46:52.463944+00:00,20260808-054652,https://trends24.in/indonesia/,Fri Aug 07 2026 21:19:01 GMT+0000 (Coordinated Universal Time),32,persib vs persebaya,persib vs persebaya,,,,,,
2026-08-08T05:46:52.463944+00:00,20260808-054652,https://trends24.in/indonesia/,Fri Aug 07 2026 21:19:01 GMT+0000 (Coordinated Universal Time),33,RSCM,rscm,,,,,,
2026-08-08T05:46:52.463944+00:00,20260808-054652,https://trends24.in/indonesia/,Fri Aug 07 2026 21:19:01 GMT+0000 (Coordinated Universal Time),34,THOMASKONG IN THE USA,thomaskong in the usa,,,,,,
2026-08-08T05:46:52.463944+00:00,20260808-054652,https://trends24.in/indonesia/,Fri Aug 07 2026 21:19:01 GMT+0000 (Coordinated Universal Time),35,KALOG Express,kalog express,,,,,,
2026-08-08T05:46:52.463944+00:00,20260808-054652,https://trends24.in/indonesia/,Fri Aug 07 2026 21:19:01 GMT+0000 (Coordinated Universal Time),36,Sophia,sophia,,,,,,
2026-08-08T05:46:52.463944+00:00,20260808-054652,https://trends24.in/indonesia/,Fri Aug 07 2026 21:19:01 GMT+0000 (Coordinated Universal Time),37,Jisoo,jisoo,,,,,,
2026-08-08T05:46:52.463944+00:00,20260808-054652,https://trends24.in/indonesia/,Fri Aug 07 2026 21:19:01 GMT+0000 (Coordinated Universal Time),38,Bapenda,bapenda,,,,,,
2026-08-08T05:46:52.463944+00:00,20260808-054652,https://trends24.in/indonesia/,Fri Aug 07 2026 21:19:01 GMT+0000 (Coordinated Universal Time),39,PSSI,pssi,,,,,,
2026-08-08T05:46:52.463944+00:00,20260808-054652,https://trends24.in/indonesia/,Fri Aug 07 2026 21:19:01 GMT+0000 (Coordinated Universal Time),40,TEETEEPOR DMD IN THE USA,teeteepor dmd in the usa,,,,,,
2026-08-08T05:46:52.463944+00:00,20260808-054652,https://trends24.in/indonesia/,Fri Aug 07 2026 21:19:01 GMT+0000 (Coordinated Universal Time),41,ARTMS,artms,,,,,,
2026-08-08T05:46:52.463944+00:00,20260808-054652,https://trends24.in/indonesia/,Fri Aug 07 2026 21:19:01 GMT+0000 (Coordinated Universal Time),42,DBTE RULES EP7,dbte rules ep7,,,,,,
2026-08-08T05:46:52.463944+00:00,20260808-054652,https://trends24.in/indonesia/,Fri Aug 07 2026 21:19:01 GMT+0000 (Coordinated Universal Time),43,EST x MAGNUM PISTACHIO,est x magnum pistachio,,,,,,
2026-08-08T05:46:52.463944+00:00,20260808-054652,https://trends24.in/indonesia/,Fri Aug 07 2026 21:19:01 GMT+0000 (Coordinated Universal Time),44,John Herdman,john herdman,,,,,,
2026-08-08T05:46:52.463944+00:00,20260808-054652,https://trends24.in/indonesia/,Fri Aug 07 2026 21:19:01 GMT+0000 (Coordinated Universal Time),45,KALOG Pro,kalog pro,,,,,,
2026-08-08T05:46:52.463944+00:00,20260808-054652,https://trends24.in/indonesia/,Fri Aug 07 2026 21:19:01 GMT+0000 (Coordinated Universal Time),46,Singapore,singapore,,,,,,
2026-08-08T05:46:52.463944+00:00,20260808-054652,https://trends24.in/indonesia/,Fri Aug 07 2026 21:19:01 GMT+0000 (Coordinated Universal Time),47,GMMTV RESPECT GEMINIFOURTH,gmmtv respect geminifourth,,,,,,
2026-08-08T05:46:52.463944+00:00,20260808-054652,https://trends24.in/indonesia/,Fri Aug 07 2026 21:19:01 GMT+0000 (Coordinated Universal Time),48,Barca,barca,,,,,,
2026-08-08T05:46:52.463944+00:00,20260808-054652,https://trends24.in/indonesia/,Fri Aug 07 2026 21:19:01 GMT+0000 (Coordinated Universal Time),49,WITH LOVE TO NI-KI,with love to ni-ki,,,,,,
2026-08-08T05:46:52.463944+00:00,20260808-054652,https://trends24.in/indonesia/,Fri Aug 07 2026 21:19:01 GMT+0000 (Coordinated Universal Time),50,Harris,harris,,,,,,
2026-08-08T05:46:52.463944+00:00,20260808-054652,https://trends24.in/indonesia/,Fri Aug 07 2026 20:28:03 GMT+0000 (Coordinated Universal Time),1,#Growing29WithGawin,growing29withgawin,,,,,,
2026-08-08T05:46:52.463944+00:00,20260808-054652,https://trends24.in/indonesia/,Fri Aug 07 2026 20:28:03 GMT+0000 (Coordinated Universal Time),2,#Its_BOSS_SCOUPS_Day,its_boss_scoups_day,,,,,,
2026-08-08T05:46:52.463944+00:00,20260808-054652,https://trends24.in/indonesia/,Fri Aug 07 2026 20:28:03 GMT+0000 (Coordinated Universal Time),3,#ë_ì¸ì ë_ì¹ì² ì´í¸_ìì¼ì¶íí´,ë_ì¸ì ë_ì¹ì² ì´í¸_ìì¼ì¶íí´,,,,,,
2026-08-08T05:46:52.463944+00:00,20260808-054652,https://trends24.in/indonesia/,Fri Aug 07 2026 20:28:03 GMT+0000 (Coordinated Universal Time),4,#WUnovelina,wunovelina,,,,,,
2026-08-08T05:46:52.463944+00:00,20260808-054652,https://trends24.in/indonesia/,Fri Aug 07 2026 20:28:03 GMT+0000 (Coordinated Universal Time),5,Timnas,timnas,,,,,,
2026-08-08T05:46:52.463944+00:00,20260808-054652,https://trends24.in/indonesia/,Fri Aug 07 2026 20:28:03 GMT+0000 (Coordinated Universal Time),6,#DMDinUSAxTMKTTP,dmdinusaxtmkttp,,,,,,
2026-08-08T05:46:52.463944+00:00,20260808-054652,https://trends24.in/indonesia/,Fri Aug 07 2026 20:28:03 GMT+0000 (Coordinated Universal Time),7,Maluku,maluku,,,,,,
2026-08-08T05:46:52.463944+00:00,20260808-054652,https://trends24.in/indonesia/,Fri Aug 07 2026 20:28:03 GMT+0000 (Coordinated Universal Time),8,PSSI,pssi,,,,,,
2026-08-08T05:46:52.463944+00:00,20260808-054652,https://trends24.in/indonesia/,Fri Aug 07 2026 20:28:03 GMT+0000 (Coordinated Universal Time),9,ASEAN,asean,,,,,,
2026-08-08T05:46:52.463944+00:00,20260808-054652,https://trends24.in/indonesia/,Fri Aug 07 2026 20:28:03 GMT+0000 (Coordinated Universal Time),10,Jisoo,jisoo,,,,,,
2026-08-08T05:46:52.463944+00:00,20260808-054652,https://trends24.in/indonesia/,Fri Aug 07 2026 20:28:03 GMT+0000 (Coordinated Universal Time),11,Ridho,ridho,,,,,,
2026-08-08T05:46:52.463944+00:00,20260808-054652,https://trends24.in/indonesia/,Fri Aug 07 2026 20:28:03 GMT+0000 (Coordinated Universal Time),12,Herdman,herdman,,,,,,
2026-08-08T05:46:52.463944+00:00,20260808-054652,https://trends24.in/indonesia/,Fri Aug 07 2026 20:28:03 GMT+0000 (Coordinated Universal Time),13,Wasit,wasit,,,,,,
2026-08-08T05:46:52.463944+00:00,20260808-054652,https://trends24.in/indonesia/,Fri Aug 07 2026 20:28:03 GMT+0000 (Coordinated Universal Time),14,Haye,haye,,,,,,
2026-08-08T05:46:52.463944+00:00,20260808-054652,https://trends24.in/indonesia/,Fri Aug 07 2026 20:28:03 GMT+0000 (Coordinated Universal Time),15,Singapura,singapura,,,,,,
2026-08-08T05:46:52.463944+00:00,20260808-054652,https://trends24.in/indonesia/,Fri Aug 07 2026 20:28:03 GMT+0000 (Coordinated Universal Time),16,Bapenda,bapenda,,,,,,
2026-08-08T05:46:52.463944+00:00,20260808-054652,https://trends24.in/indonesia/,Fri Aug 07 2026 20:28:03 GMT+0000 (Coordinated Universal Time),17,Piala Asia,piala asia,,,,,,
2026-08-08T05:46:52.463944+00:00,20260808-054652,https://trends24.in/indonesia/,Fri Aug 07 2026 20:28:03 GMT+0000 (Coordinated Universal Time),18,JUNIORMARK ONCE SUNNYMOON,juniormark once sunnymoon,,,,,,
2026-08-08T05:46:52.463944+00:00,20260808-054652,https://trends24.in/indonesia/,Fri Aug 07 2026 20:28:03 GMT+0000 (Coordinated Universal Time),19,Pelatih,pelatih,,,,,,
2026-08-08T05:46:52.463944+00:00,20260808-054652,https://trends24.in/indonesia/,Fri Aug 07 2026 20:28:03 GMT+0000 (Coordinated Universal Time),20,Klok,klok,,,,,,
2026-08-08T05:46:52.463944+00:00,20260808-054652,https://trends24.in/indonesia/,Fri Aug 07 2026 20:28:03 GMT+0000 (Coordinated Universal Time),21,Oman,oman,,,,,,
2026-08-08T05:46:52.463944+00:00,20260808-054652,https://trends24.in/indonesia/,Fri Aug 07 2026 20:28:03 GMT+0000 (Coordinated Universal Time),22,Cahya,cahya,,,,,,
2026-08-08T05:46:52.463944+00:00,20260808-054652,https://trends24.in/indonesia/,Fri Aug 07 2026 20:28:03 GMT+0000 (Coordinated Universal Time),23,WE STAND WITH JENNIE,we stand with jennie,,,,,,
2026-08-08T05:46:52.463944+00:00,20260808-054652,https://trends24.in/indonesia/,Fri Aug 07 2026 20:28:03 GMT+0000 (Coordinated Universal Time),24,Mitch,mitch,,,,,,
2026-08-08T05:46:52.463944+00:00,20260808-054652,https://trends24.in/indonesia/,Fri Aug 07 2026 20:28:03 GMT+0000 (Coordinated Universal Time),25,DBTE RULES EP7,dbte rules ep7,,,,,,
2026-08-08T05:46:52.463944+00:00,20260808-054652,https://trends24.in/indonesia/,Fri Aug 07 2026 20:28:03 GMT+0000 (Coordinated Universal Time),26,Erick,erick,,,,,,
2026-08-08T05:46:52.463944+00:00,20260808-054652,https://trends24.in/indonesia/,Fri Aug 07 2026 20:28:03 GMT+0000 (Coordinated Universal Time),27,seungcheol,seungcheol,,,,,,
2026-08-08T05:46:52.463944+00:00,20260808-054652,https://trends24.in/indonesia/,Fri Aug 07 2026 20:28:03 GMT+0000 (Coordinated Universal Time),28,Happy 10th,happy 10th,,,,,,
2026-08-08T05:46:52.463944+00:00,20260808-054652,https://trends24.in/indonesia/,Fri Aug 07 2026 20:28:03 GMT+0000 (Coordinated Universal Time),29,Singapore,singapore,,,,,,
2026-08-08T05:46:52.463944+00:00,20260808-054652,https://trends24.in/indonesia/,Fri Aug 07 2026 20:28:03 GMT+0000 (Coordinated Universal Time),30,Liga 1,liga 1,,,,,,
2026-08-08T05:46:52.463944+00:00,20260808-054652,https://trends24.in/indonesia/,Fri Aug 07 2026 20:28:03 GMT+0000 (Coordinated Universal Time),31,Beckham,beckham,,,,,,
2026-08-08T05:46:52.463944+00:00,20260808-054652,https://trends24.in/indonesia/,Fri Aug 07 2026 20:28:03 GMT+0000 (Coordinated Universal Time),32,Baker,baker,,,,,,
2026-08-08T05:46:52.463944+00:00,20260808-054652,https://trends24.in/indonesia/,Fri Aug 07 2026 20:28:03 GMT+0000 (Coordinated Universal Time),33,Piala AFF,piala aff,,,,,,
2026-08-08T05:46:52.463944+00:00,20260808-054652,https://trends24.in/indonesia/,Fri Aug 07 2026 20:28:03 GMT+0000 (Coordinated Universal Time),34,#BLACKPINK10thAnniversary,blackpink10thanniversary,,,,,,
2026-08-08T05:46:52.463944+00:00,20260808-054652,https://trends24.in/indonesia/,Fri Aug 07 2026 20:28:03 GMT+0000 (Coordinated Universal Time),35,#HappyBimday,happybimday,,,,,,
2026-08-08T05:46:52.463944+00:00,20260808-054652,https://trends24.in/indonesia/,Fri Aug 07 2026 20:28:03 GMT+0000 (Coordinated Universal Time),36,#10ì£¼ë_ë¸ëíí¬_í¬ìë²,10ì£¼ë _ë¸ëíí¬_í¬ìë²,,,,,,
2026-08-08T05:46:52.463944+00:00,20260808-054652,https://trends24.in/indonesia/,Fri Aug 07 2026 20:28:03 GMT+0000 (Coordinated Universal Time),37,#Bimajinasi,bimajinasi,,,,,,
2026-08-08T05:46:52.463944+00:00,20260808-054652,https://trends24.in/indonesia/,Fri Aug 07 2026 20:28:03 GMT+0000 (Coordinated Universal Time),38,#íì´ê°ìì§ì¤ì¤ì¥ìì¼,íì´ê°ìì§ì¤ì¤ì¥ìì¼,,,,,,
2026-08-08T05:46:52.463944+00:00,20260808-054652,https://trends24.in/indonesia/,Fri Aug 07 2026 20:28:03 GMT+0000 (Coordinated Universal Time),39,#27MelodieswithXIAOJUN,27melodieswithxiaojun,,,,,,
2026-08-08T05:46:52.463944+00:00,20260808-054652,https://trends24.in/indonesia/,Fri Aug 07 2026 20:28:03 GMT+0000 (Coordinated Universal Time),40,#èä¿0808çæ¥å¿«ä¹,èä¿0808çæ¥å¿«ä¹,,,,,,
2026-08-08T05:46:52.463944+00:00,20260808-054652,https://trends24.in/indonesia/,Fri Aug 07 2026 20:28:03 GMT+0000 (Coordinated Universal Time),41,#GawinCaskey,gawincaskey,,,,,,
2026-08-08T05:46:52.463944+00:00,20260808-054652,https://trends24.in/indonesia/,Fri Aug 07 2026 20:28:03 GMT+0000 (Coordinated Universal Time),42,#JuniorMarkConcertD1,juniormarkconcertd1,,,,,,
2026-08-08T05:46:52.463944+00:00,20260808-054652,https://trends24.in/indonesia/,Fri Aug 07 2026 20:28:03 GMT+0000 (Coordinated Universal Time),43,#ìì¤ì¿±ì¤,ìì¤ì¿±ì¤,,,,,,
2026-08-08T05:46:52.463944+00:00,20260808-054652,https://trends24.in/indonesia/,Fri Aug 07 2026 20:28:03 GMT+0000 (Coordinated Universal Time),44,#à¸§à¸²à¸à¸à¸±à¸à¸§à¸±à¸à¸§à¸´à¸§à¸²à¸«à¹EP8,à¸§à¸²à¸à¸à¸±à¸à¸§à¸±à¸à¸§à¸´à¸§à¸²à¸«à¹ep8,,,,,,
2026-08-08T05:46:52.463944+00:00,20260808-054652,https://trends24.in/indonesia/,Fri Aug 07 2026 20:28:03 GMT+0000 (Coordinated Universal Time),45,#à¸­à¸¢à¹à¸²à¸à¸­à¸à¸µà¹à¹à¸à¸EP7,à¸­à¸¢à¹à¸²à¸à¸­à¸à¸µà¹à¹à¸à¸ep7,,,,,,
2026-08-08T05:46:52.463944+00:00,20260808-054652,https://trends24.in/indonesia/,Fri Aug 07 2026 20:28:03 GMT+0000 (Coordinated Universal Time),46,#SEVENTEEN,seventeen,,,,,,
2026-08-08T05:46:52.463944+00:00,20260808-054652,https://trends24.in/indonesia/,Fri Aug 07 2026 20:28:02 GMT+0000 (Coordinated Universal Time),1,#Growing29WithGawin,growing29withgawin,,,,,,
2026-08-08T05:46:52.463944+00:00,20260808-054652,https://trends24.in/indonesia/,Fri Aug 07 2026 20:28:02 GMT+0000 (Coordinated Universal Time),2,#Its_BOSS_SCOUPS_Day,its_boss_scoups_day,,,,,,
2026-08-08T05:46:52.463944+00:00,20260808-054652,https://trends24.in/indonesia/,Fri Aug 07 2026 20:28:02 GMT+0000 (Coordinated Universal Time),3,#ë_ì¸ì ë_ì¹ì² ì´í¸_ìì¼ì¶íí´,ë_ì¸ì ë_ì¹ì² ì´í¸_ìì¼ì¶íí´,,,,,,
2026-08-08T05:46:52.463944+00:00,20260808-054652,https://trends24.in/indonesia/,Fri Aug 07 2026 20:28:02 GMT+0000 (Coordinated Universal Time),4,#WUnovelina,wunovelina,,,,,,
2026-08-08T05:46:52.463944+00:00,20260808-054652,https://trends24.in/indonesia/,Fri Aug 07 2026 20:28:02 GMT+0000 (Coordinated Universal Time),5,Timnas,timnas,,,,,,
2026-08-08T05:46:52.463944+00:00,20260808-054652,https://trends24.in/indonesia/,Fri Aug 07 2026 20:28:02 GMT+0000 (Coordinated Universal Time),6,#DMDinUSAxTMKTTP,dmdinusaxtmkttp,,,,,,
2026-08-08T05:46:52.463944+00:00,20260808-054652,https://trends24.in/indonesia/,Fri Aug 07 2026 20:28:02 GMT+0000 (Coordinated Universal Time),7,Maluku,maluku,,,,,,
2026-08-08T05:46:52.463944+00:00,20260808-054652,https://trends24.in/indonesia/,Fri Aug 07 2026 20:28:02 GMT+0000 (Coordinated Universal Time),8,PSSI,pssi,,,,,,
2026-08-08T05:46:52.463944+00:00,20260808-054652,https://trends24.in/indonesia/,Fri Aug 07 2026 20:28:02 GMT+0000 (Coordinated Universal Time),9,ASEAN,asean,,,,,,
2026-08-08T05:46:52.463944+00:00,20260808-054652,https://trends24.in/indonesia/,Fri Aug 07 2026 20:28:02 GMT+0000 (Coordinated Universal Time),10,Jisoo,jisoo,,,,,,
2026-08-08T05:46:52.463944+00:00,20260808-054652,https://trends24.in/indonesia/,Fri Aug 07 2026 20:28:02 GMT+0000 (Coordinated Universal Time),11,Ridho,ridho,,,,,,
2026-08-08T05:46:52.463944+00:00,20260808-054652,https://trends24.in/indonesia/,Fri Aug 07 2026 20:28:02 GMT+0000 (Coordinated Universal Time),12,Herdman,herdman,,,,,,
2026-08-08T05:46:52.463944+00:00,20260808-054652,https://trends24.in/indonesia/,Fri Aug 07 2026 20:28:02 GMT+0000 (Coordinated Universal Time),13,Wasit,wasit,,,,,,
2026-08-08T05:46:52.463944+00:00,20260808-054652,https://trends24.in/indonesia/,Fri Aug 07 2026 20:28:02 GMT+0000 (Coordinated Universal Time),14,Haye,haye,,,,,,
2026-08-08T05:46:52.463944+00:00,20260808-054652,https://trends24.in/indonesia/,Fri Aug 07 2026 20:28:02 GMT+0000 (Coordinated Universal Time),15,Singapura,singapura,,,,,,
2026-08-08T05:46:52.463944+00:00,20260808-054652,https://trends24.in/indonesia/,Fri Aug 07 2026 20:28:02 GMT+0000 (Coordinated Universal Time),16,Bapenda,bapenda,,,,,,
2026-08-08T05:46:52.463944+00:00,20260808-054652,https://trends24.in/indonesia/,Fri Aug 07 2026 20:28:02 GMT+0000 (Coordinated Universal Time),17,Piala Asia,piala asia,,,,,,
2026-08-08T05:46:52.463944+00:00,20260808-054652,https://trends24.in/indonesia/,Fri Aug 07 2026 20:28:02 GMT+0000 (Coordinated Universal Time),18,JUNIORMARK ONCE SUNNYMOON,juniormark once sunnymoon,,,,,,
2026-08-08T05:46:52.463944+00:00,20260808-054652,https://trends24.in/indonesia/,Fri Aug 07 2026 20:28:02 GMT+0000 (Coordinated Universal Time),19,Pelatih,pelatih,,,,,,
2026-08-08T05:46:52.463944+00:00,20260808-054652,https://trends24.in/indonesia/,Fri Aug 07 2026 20:28:02 GMT+0000 (Coordinated Universal Time),20,Klok,klok,,,,,,
2026-08-08T05:46:52.463944+00:00,20260808-054652,https://trends24.in/indonesia/,Fri Aug 07 2026 20:28:02 GMT+0000 (Coordinated Universal Time),21,Oman,oman,,,,,,
2026-08-08T05:46:52.463944+00:00,20260808-054652,https://trends24.in/indonesia/,Fri Aug 07 2026 20:28:02 GMT+0000 (Coordinated Universal Time),22,Cahya,cahya,,,,,,
2026-08-08T05:46:52.463944+00:00,20260808-054652,https://trends24.in/indonesia/,Fri Aug 07 2026 20:28:02 GMT+0000 (Coordinated Universal Time),23,WE STAND WITH JENNIE,we stand with jennie,,,,,,
2026-08-08T05:46:52.463944+00:00,20260808-054652,https://trends24.in/indonesia/,Fri Aug 07 2026 20:28:02 GMT+0000 (Coordinated Universal Time),24,Mitch,mitch,,,,,,
2026-08-08T05:46:52.463944+00:00,20260808-054652,https://trends24.in/indonesia/,Fri Aug 07 2026 20:28:02 GMT+0000 (Coordinated Universal Time),25,DBTE RULES EP7,dbte rules ep7,,,,,,
2026-08-08T05:46:52.463944+00:00,20260808-054652,https://trends24.in/indonesia/,Fri Aug 07 2026 20:28:02 GMT+0000 (Coordinated Universal Time),26,Erick,erick,,,,,,
2026-08-08T05:46:52.463944+00:00,20260808-054652,https://trends24.in/indonesia/,Fri Aug 07 2026 20:28:02 GMT+0000 (Coordinated Universal Time),27,seungcheol,seungcheol,,,,,,
2026-08-08T05:46:52.463944+00:00,20260808-054652,https://trends24.in/indonesia/,Fri Aug 07 2026 20:28:02 GMT+0000 (Coordinated Universal Time),28,Happy 10th,happy 10th,,,,,,
2026-08-08T05:46:52.463944+00:00,20260808-054652,https://trends24.in/indonesia/,Fri Aug 07 2026 20:28:02 GMT+0000 (Coordinated Universal Time),29,Singapore,singapore,,,,,,
2026-08-08T05:46:52.463944+00:00,20260808-054652,https://trends24.in/indonesia/,Fri Aug 07 2026 20:28:02 GMT+0000 (Coordinated Universal Time),30,Liga 1,liga 1,,,,,,
2026-08-08T05:46:52.463944+00:00,20260808-054652,https://trends24.in/indonesia/,Fri Aug 07 2026 20:28:02 GMT+0000 (Coordinated Universal Time),31,Beckham,beckham,,,,,,
2026-08-08T05:46:52.463944+00:00,20260808-054652,https://trends24.in/indonesia/,Fri Aug 07 2026 20:28:02 GMT+0000 (Coordinated Universal Time),32,Baker,baker,,,,,,
2026-08-08T05:46:52.463944+00:00,20260808-054652,https://trends24.in/indonesia/,Fri Aug 07 2026 20:28:02 GMT+0000 (Coordinated Universal Time),33,Piala AFF,piala aff,,,,,,
2026-08-08T05:46:52.463944+00:00,20260808-054652,https://trends24.in/indonesia/,Fri Aug 07 2026 20:28:02 GMT+0000 (Coordinated Universal Time),34,#BLACKPINK10thAnniversary,blackpink10thanniversary,,,,,,
2026-08-08T05:46:52.463944+00:00,20260808-054652,https://trends24.in/indonesia/,Fri Aug 07 2026 20:28:02 GMT+0000 (Coordinated Universal Time),35,#HappyBimday,happybimday,,,,,,
2026-08-08T05:46:52.463944+00:00,20260808-054652,https://trends24.in/indonesia/,Fri Aug 07 2026 20:28:02 GMT+0000 (Coordinated Universal Time),36,#Bimajinasi,bimajinasi,,,,,,
2026-08-08T05:46:52.463944+00:00,20260808-054652,https://trends24.in/indonesia/,Fri Aug 07 2026 20:28:02 GMT+0000 (Coordinated Universal Time),37,#íì´ê°ìì§ì¤ì¤ì¥ìì¼,íì´ê°ìì§ì¤ì¤ì¥ìì¼,,,,,,
2026-08-08T05:46:52.463944+00:00,20260808-054652,https://trends24.in/indonesia/,Fri Aug 07 2026 20:28:02 GMT+0000 (Coordinated Universal Time),38,#27MelodieswithXIAOJUN,27melodieswithxiaojun,,,,,,
2026-08-08T05:46:52.463944+00:00,20260808-054652,https://trends24.in/indonesia/,Fri Aug 07 2026 20:28:02 GMT+0000 (Coordinated Universal Time),39,#èä¿0808çæ¥å¿«ä¹,èä¿0808çæ¥å¿«ä¹,,,,,,
2026-08-08T05:46:52.463944+00:00,20260808-054652,https://trends24.in/indonesia/,Fri Aug 07 2026 20:28:02 GMT+0000 (Coordinated Universal Time),40,#10ì£¼ë_ë¸ëíí¬_í¬ìë²,10ì£¼ë _ë¸ëíí¬_í¬ìë²,,,,,,
2026-08-08T05:46:52.463944+00:00,20260808-054652,https://trends24.in/indonesia/,Fri Aug 07 2026 20:28:02 GMT+0000 (Coordinated Universal Time),41,#GawinCaskey,gawincaskey,,,,,,
2026-08-08T05:46:52.463944+00:00,20260808-054652,https://trends24.in/indonesia/,Fri Aug 07 2026 20:28:02 GMT+0000 (Coordinated Universal Time),42,#JuniorMarkConcertD1,juniormarkconcertd1,,,,,,
2026-08-08T05:46:52.463944+00:00,20260808-054652,https://trends24.in/indonesia/,Fri Aug 07 2026 20:28:02 GMT+0000 (Coordinated Universal Time),43,#ìì¤ì¿±ì¤,ìì¤ì¿±ì¤,,,,,,
2026-08-08T05:46:52.463944+00:00,20260808-054652,https://trends24.in/indonesia/,Fri Aug 07 2026 20:28:02 GMT+0000 (Coordinated Universal Time),44,#à¸§à¸²à¸à¸à¸±à¸à¸§à¸±à¸à¸§à¸´à¸§à¸²à¸«à¹EP8,à¸§à¸²à¸à¸à¸±à¸à¸§à¸±à¸à¸§à¸´à¸§à¸²à¸«à¹ep8,,,,,,
2026-08-08T05:46:52.463944+00:00,20260808-054652,https://trends24.in/indonesia/,Fri Aug 07 2026 20:28:02 GMT+0000 (Coordinated Universal Time),45,#à¸­à¸¢à¹à¸²à¸à¸­à¸à¸µà¹à¹à¸à¸EP7,à¸­à¸¢à¹à¸²à¸à¸­à¸à¸µà¹à¹à¸à¸ep7,,,,,,
2026-08-08T05:46:52.463944+00:00,20260808-054652,https://trends24.in/indonesia/,Fri Aug 07 2026 20:28:02 GMT+0000 (Coordinated Universal Time),46,#SEVENTEEN,seventeen,,,,,,
2026-08-08T05:46:52.463944+00:00,20260808-054652,https://trends24.in/indonesia/,Fri Aug 07 2026 19:36:08 GMT+0000 (Coordinated Universal Time),1,#Growing29WithGawin,growing29withgawin,,,,,,
2026-08-08T05:46:52.463944+00:00,20260808-054652,https://trends24.in/indonesia/,Fri Aug 07 2026 19:36:08 GMT+0000 (Coordinated Universal Time),2,#Its_BOSS_SCOUPS_Day,its_boss_scoups_day,,,,,,
2026-08-08T05:46:52.463944+00:00,20260808-054652,https://trends24.in/indonesia/,Fri Aug 07 2026 19:36:08 GMT+0000 (Coordinated Universal Time),3,#ë_ì¸ì ë_ì¹ì² ì´í¸_ìì¼ì¶íí´,ë_ì¸ì ë_ì¹ì² ì´í¸_ìì¼ì¶íí´,,,,,,
2026-08-08T05:46:52.463944+00:00,20260808-054652,https://trends24.in/indonesia/,Fri Aug 07 2026 19:36:08 GMT+0000 (Coordinated Universal Time),4,#WUnovelina,wunovelina,,,,,,
2026-08-08T05:46:52.463944+00:00,20260808-054652,https://trends24.in/indonesia/,Fri Aug 07 2026 19:36:08 GMT+0000 (Coordinated Universal Time),5,Timnas,timnas,,,,,,
2026-08-08T05:46:52.463944+00:00,20260808-054652,https://trends24.in/indonesia/,Fri Aug 07 2026 19:36:08 GMT+0000 (Coordinated Universal Time),6,#DMDinUSAxTMKTTP,dmdinusaxtmkttp,,,,,,
2026-08-08T05:46:52.463944+00:00,20260808-054652,https://trends24.in/indonesia/,Fri Aug 07 2026 19:36:08 GMT+0000 (Coordinated Universal Time),7,PSSI,pssi,,,,,,
2026-08-08T05:46:52.463944+00:00,20260808-054652,https://trends24.in/indonesia/,Fri Aug 07 2026 19:36:08 GMT+0000 (Coordinated Universal Time),8,ASEAN,asean,,,,,,
2026-08-08T05:46:52.463944+00:00,20260808-054652,https://trends24.in/indonesia/,Fri Aug 07 2026 19:36:08 GMT+0000 (Coordinated Universal Time),9,Wasit,wasit,,,,,,
2026-08-08T05:46:52.463944+00:00,20260808-054652,https://trends24.in/indonesia/,Fri Aug 07 2026 19:36:08 GMT+0000 (Coordinated Universal Time),10,Ridho,ridho,,,,,,
2026-08-08T05:46:52.463944+00:00,20260808-054652,https://trends24.in/indonesia/,Fri Aug 07 2026 19:36:08 GMT+0000 (Coordinated Universal Time),11,Jisoo,jisoo,,,,,,
2026-08-08T05:46:52.463944+00:00,20260808-054652,https://trends24.in/indonesia/,Fri Aug 07 2026 19:36:08 GMT+0000 (Coordinated Universal Time),12,Maluku,maluku,,,,,,
2026-08-08T05:46:52.463944+00:00,20260808-054652,https://trends24.in/indonesia/,Fri Aug 07 2026 19:36:08 GMT+0000 (Coordinated Universal Time),13,Herdman,herdman,,,,,,
2026-08-08T05:46:52.463944+00:00,20260808-054652,https://trends24.in/indonesia/,Fri Aug 07 2026 19:36:08 GMT+0000 (Coordinated Universal Time),14,Haye,haye,,,,,,
2026-08-08T05:46:52.463944+00:00,20260808-054652,https://trends24.in/indonesia/,Fri Aug 07 2026 19:36:08 GMT+0000 (Coordinated Universal Time),15,Singapura,singapura,,,,,,
2026-08-08T05:46:52.463944+00:00,20260808-054652,https://trends24.in/indonesia/,Fri Aug 07 2026 19:36:08 GMT+0000 (Coordinated Universal Time),16,Bapenda,bapenda,,,,,,
2026-08-08T05:46:52.463944+00:00,20260808-054652,https://trends24.in/indonesia/,Fri Aug 07 2026 19:36:08 GMT+0000 (Coordinated Universal Time),17,Piala Asia,piala asia,,,,,,
2026-08-08T05:46:52.463944+00:00,20260808-054652,https://trends24.in/indonesia/,Fri Aug 07 2026 19:36:08 GMT+0000 (Coordinated Universal Time),18,Klok,klok,,,,,,
2026-08-08T05:46:52.463944+00:00,20260808-054652,https://trends24.in/indonesia/,Fri Aug 07 2026 19:36:08 GMT+0000 (Coordinated Universal Time),19,JUNIORMARK ONCE SUNNYMOON,juniormark once sunnymoon,,,,,,
2026-08-08T05:46:52.463944+00:00,20260808-054652,https://trends24.in/indonesia/,Fri Aug 07 2026 19:36:08 GMT+0000 (Coordinated Universal Time),20,Pelatih,pelatih,,,,,,
2026-08-08T05:46:52.463944+00:00,20260808-054652,https://trends24.in/indonesia/,Fri Aug 07 2026 19:36:08 GMT+0000 (Coordinated Universal Time),21,Oman,oman,,,,,,
2026-08-08T05:46:52.463944+00:00,20260808-054652,https://trends24.in/indonesia/,Fri Aug 07 2026 19:36:08 GMT+0000 (Coordinated Universal Time),22,Cahya,cahya,,,,,,
2026-08-08T05:46:52.463944+00:00,20260808-054652,https://trends24.in/indonesia/,Fri Aug 07 2026 19:36:08 GMT+0000 (Coordinated Universal Time),23,HAPPY BIRTHDAY XIAOJUN,happy birthday xiaojun,,,,,,
2026-08-08T05:46:52.463944+00:00,20260808-054652,https://trends24.in/indonesia/,Fri Aug 07 2026 19:36:08 GMT+0000 (Coordinated Universal Time),24,WE STAND WITH JENNIE,we stand with jennie,,,,,,
2026-08-08T05:46:52.463944+00:00,20260808-054652,https://trends24.in/indonesia/,Fri Aug 07 2026 19:36:08 GMT+0000 (Coordinated Universal Time),25,cheol,cheol,,,,,,
2026-08-08T05:46:52.463944+00:00,20260808-054652,https://trends24.in/indonesia/,Fri Aug 07 2026 19:36:08 GMT+0000 (Coordinated Universal Time),26,Mitch,mitch,,,,,,
2026-08-08T05:46:52.463944+00:00,20260808-054652,https://trends24.in/indonesia/,Fri Aug 07 2026 19:36:08 GMT+0000 (Coordinated Universal Time),27,Ragnar,ragnar,,,,,,
2026-08-08T05:46:52.463944+00:00,20260808-054652,https://trends24.in/indonesia/,Fri Aug 07 2026 19:36:08 GMT+0000 (Coordinated Universal Time),28,DBTE RULES EP7,dbte rules ep7,,,,,,
2026-08-08T05:46:52.463944+00:00,20260808-054652,https://trends24.in/indonesia/,Fri Aug 07 2026 19:36:08 GMT+0000 (Coordinated Universal Time),29,Erick,erick,,,,,,
2026-08-08T05:46:52.463944+00:00,20260808-054652,https://trends24.in/indonesia/,Fri Aug 07 2026 19:36:08 GMT+0000 (Coordinated Universal Time),30,Happy 10th,happy 10th,,,,,,
2026-08-08T05:46:52.463944+00:00,20260808-054652,https://trends24.in/indonesia/,Fri Aug 07 2026 19:36:08 GMT+0000 (Coordinated Universal Time),31,Singapore,singapore,,,,,,
2026-08-08T05:46:52.463944+00:00,20260808-054652,https://trends24.in/indonesia/,Fri Aug 07 2026 19:36:08 GMT+0000 (Coordinated Universal Time),32,LINGORM ILF EP8,lingorm ilf ep8,,,,,,
2026-08-08T05:46:52.463944+00:00,20260808-054652,https://trends24.in/indonesia/,Fri Aug 07 2026 19:36:08 GMT+0000 (Coordinated Universal Time),33,jeno,jeno,,,,,,
2026-08-08T05:46:52.463944+00:00,20260808-054652,https://trends24.in/indonesia/,Fri Aug 07 2026 19:36:08 GMT+0000 (Coordinated Universal Time),34,Ivar,ivar,,,,,,
2026-08-08T05:46:52.463944+00:00,20260808-054652,https://trends24.in/indonesia/,Fri Aug 07 2026 19:36:08 GMT+0000 (Coordinated Universal Time),35,Liga 1,liga 1,,,,,,
2026-08-08T05:46:52.463944+00:00,20260808-054652,https://trends24.in/indonesia/,Fri Aug 07 2026 19:36:08 GMT+0000 (Coordinated Universal Time),36,Beckham,beckham,,,,,,
2026-08-08T05:46:52.463944+00:00,20260808-054652,https://trends24.in/indonesia/,Fri Aug 07 2026 19:36:08 GMT+0000 (Coordinated Universal Time),37,Eliano,eliano,,,,,,
2026-08-08T05:46:52.463944+00:00,20260808-054652,https://trends24.in/indonesia/,Fri Aug 07 2026 19:36:08 GMT+0000 (Coordinated Universal Time),38,jaemin,jaemin,,,,,,
2026-08-08T05:46:52.463944+00:00,20260808-054652,https://trends24.in/indonesia/,Fri Aug 07 2026 19:36:08 GMT+0000 (Coordinated Universal Time),39,Baker,baker,,,,,,
2026-08-08T05:46:52.463944+00:00,20260808-054652,https://trends24.in/indonesia/,Fri Aug 07 2026 19:36:08 GMT+0000 (Coordinated Universal Time),40,TRAILER MR FANBOY,trailer mr fanboy,,,,,,
2026-08-08T05:46:52.463944+00:00,20260808-054652,https://trends24.in/indonesia/,Fri Aug 07 2026 19:36:08 GMT+0000 (Coordinated Universal Time),41,Garuda,garuda,,,,,,
2026-08-08T05:46:52.463944+00:00,20260808-054652,https://trends24.in/indonesia/,Fri Aug 07 2026 19:36:08 GMT+0000 (Coordinated Universal Time),42,Lisa,lisa,,,,,,
2026-08-08T05:46:52.463944+00:00,20260808-054652,https://trends24.in/indonesia/,Fri Aug 07 2026 19:36:08 GMT+0000 (Coordinated Universal Time),43,#BLACKPINK10thAnniversary,blackpink10thanniversary,,,,,,
2026-08-08T05:46:52.463944+00:00,20260808-054652,https://trends24.in/indonesia/,Fri Aug 07 2026 19:36:08 GMT+0000 (Coordinated Universal Time),44,#HappyBimday,happybimday,,,,,,
2026-08-08T05:46:52.463944+00:00,20260808-054652,https://trends24.in/indonesia/,Fri Aug 07 2026 19:36:08 GMT+0000 (Coordinated Universal Time),45,#íì´ê°ìì§ì¤ì¤ì¥ìì¼,íì´ê°ìì§ì¤ì¤ì¥ìì¼,,,,,,
2026-08-08T05:46:52.463944+00:00,20260808-054652,https://trends24.in/indonesia/,Fri Aug 07 2026 19:36:08 GMT+0000 (Coordinated Universal Time),46,#27MelodieswithXIAOJUN,27melodieswithxiaojun,,,,,,
2026-08-08T05:46:52.463944+00:00,20260808-054652,https://trends24.in/indonesia/,Fri Aug 07 2026 19:36:08 GMT+0000 (Coordinated Universal Time),47,#èä¿0808çæ¥å¿«ä¹,èä¿0808çæ¥å¿«ä¹,,,,,,
2026-08-08T05:46:52.463944+00:00,20260808-054652,https://trends24.in/indonesia/,Fri Aug 07 2026 19:36:08 GMT+0000 (Coordinated Universal Time),48,#Bimajinasi,bimajinasi,,,,,,
2026-08-08T05:46:52.463944+00:00,20260808-054652,https://trends24.in/indonesia/,Fri Aug 07 2026 19:36:08 GMT+0000 (Coordinated Universal Time),49,#10ì£¼ë_ë¸ëíí¬_í¬ìë²,10ì£¼ë _ë¸ëíí¬_í¬ìë²,,,,,,
2026-08-08T05:46:52.463944+00:00,20260808-054652,https://trends24.in/indonesia/,Fri Aug 07 2026 19:36:08 GMT+0000 (Coordinated Universal Time),50,#JuniorMarkConcertD1,juniormarkconcertd1,,,,,,
2026-08-08T05:46:52.463944+00:00,20260808-054652,https://trends24.in/indonesia/,Fri Aug 07 2026 18:43:02 GMT+0000 (Coordinated Universal Time),1,#Growing29WithGawin,growing29withgawin,,,,,,
2026-08-08T05:46:52.463944+00:00,20260808-054652,https://trends24.in/indonesia/,Fri Aug 07 2026 18:43:02 GMT+0000 (Coordinated Universal Time),2,#Its_BOSS_SCOUPS_Day,its_boss_scoups_day,,,,,,
2026-08-08T05:46:52.463944+00:00,20260808-054652,https://trends24.in/indonesia/,Fri Aug 07 2026 18:43:02 GMT+0000 (Coordinated Universal Time),3,#ë_ì¸ì ë_ì¹ì² ì´í¸_ìì¼ì¶íí´,ë_ì¸ì ë_ì¹ì² ì´í¸_ìì¼ì¶íí´,,,,,,
2026-08-08T05:46:52.463944+00:00,20260808-054652,https://trends24.in/indonesia/,Fri Aug 07 2026 18:43:02 GMT+0000 (Coordinated Universal Time),4,#WUnovelina,wunovelina,,,,,,
2026-08-08T05:46:52.463944+00:00,20260808-054652,https://trends24.in/indonesia/,Fri Aug 07 2026 18:43:02 GMT+0000 (Coordinated Universal Time),5,Timnas,timnas,,,,,,
2026-08-08T05:46:52.463944+00:00,20260808-054652,https://trends24.in/indonesia/,Fri Aug 07 2026 18:43:02 GMT+0000 (Coordinated Universal Time),6,#BLACKPINK10thAnniversary,blackpink10thanniversary,,,,,,
2026-08-08T05:46:52.463944+00:00,20260808-054652,https://trends24.in/indonesia/,Fri Aug 07 2026 18:43:02 GMT+0000 (Coordinated Universal Time),7,ASEAN,asean,,,,,,
2026-08-08T05:46:52.463944+00:00,20260808-054652,https://trends24.in/indonesia/,Fri Aug 07 2026 18:43:02 GMT+0000 (Coordinated Universal Time),8,Wasit,wasit,,,,,,
2026-08-08T05:46:52.463944+00:00,20260808-054652,https://trends24.in/indonesia/,Fri Aug 07 2026 18:43:02 GMT+0000 (Coordinated Universal Time),9,Ridho,ridho,,,,,,
2026-08-08T05:46:52.463944+00:00,20260808-054652,https://trends24.in/indonesia/,Fri Aug 07 2026 18:43:02 GMT+0000 (Coordinated Universal Time),10,Jisoo,jisoo,,,,,,
2026-08-08T05:46:52.463944+00:00,20260808-054652,https://trends24.in/indonesia/,Fri Aug 07 2026 18:43:02 GMT+0000 (Coordinated Universal Time),11,PSSI,pssi,,,,,,
2026-08-08T05:46:52.463944+00:00,20260808-054652,https://trends24.in/indonesia/,Fri Aug 07 2026 18:43:02 GMT+0000 (Coordinated Universal Time),12,Singapura,singapura,,,,,,
2026-08-08T05:46:52.463944+00:00,20260808-054652,https://trends24.in/indonesia/,Fri Aug 07 2026 18:43:02 GMT+0000 (Coordinated Universal Time),13,Haye,haye,,,,,,
2026-08-08T05:46:52.463944+00:00,20260808-054652,https://trends24.in/indonesia/,Fri Aug 07 2026 18:43:02 GMT+0000 (Coordinated Universal Time),14,Herdman,herdman,,,,,,
2026-08-08T05:46:52.463944+00:00,20260808-054652,https://trends24.in/indonesia/,Fri Aug 07 2026 18:43:02 GMT+0000 (Coordinated Universal Time),15,Piala Asia,piala asia,,,,,,
2026-08-08T05:46:52.463944+00:00,20260808-054652,https://trends24.in/indonesia/,Fri Aug 07 2026 18:43:02 GMT+0000 (Coordinated Universal Time),16,Maluku,maluku,,,,,,
2026-08-08T05:46:52.463944+00:00,20260808-054652,https://trends24.in/indonesia/,Fri Aug 07 2026 18:43:02 GMT+0000 (Coordinated Universal Time),17,JUNIORMARK ONCE SUNNYMOON,juniormark once sunnymoon,,,,,,
2026-08-08T05:46:52.463944+00:00,20260808-054652,https://trends24.in/indonesia/,Fri Aug 07 2026 18:43:02 GMT+0000 (Coordinated Universal Time),18,Klok,klok,,,,,,
2026-08-08T05:46:52.463944+00:00,20260808-054652,https://trends24.in/indonesia/,Fri Aug 07 2026 18:43:02 GMT+0000 (Coordinated Universal Time),19,Pelatih,pelatih,,,,,,
2026-08-08T05:46:52.463944+00:00,20260808-054652,https://trends24.in/indonesia/,Fri Aug 07 2026 18:43:02 GMT+0000 (Coordinated Universal Time),20,Cahya,cahya,,,,,,
2026-08-08T05:46:52.463944+00:00,20260808-054652,https://trends24.in/indonesia/,Fri Aug 07 2026 18:43:02 GMT+0000 (Coordinated Universal Time),21,Singapore,singapore,,,,,,
2026-08-08T05:46:52.463944+00:00,20260808-054652,https://trends24.in/indonesia/,Fri Aug 07 2026 18:43:02 GMT+0000 (Coordinated Universal Time),22,HAPPY BIRTHDAY XIAOJUN,happy birthday xiaojun,,,,,,
2026-08-08T05:46:52.463944+00:00,20260808-054652,https://trends24.in/indonesia/,Fri Aug 07 2026 18:43:02 GMT+0000 (Coordinated Universal Time),23,Oman,oman,,,,,,
2026-08-08T05:46:52.463944+00:00,20260808-054652,https://trends24.in/indonesia/,Fri Aug 07 2026 18:43:02 GMT+0000 (Coordinated Universal Time),24,cheol,cheol,,,,,,
2026-08-08T05:46:52.463944+00:00,20260808-054652,https://trends24.in/indonesia/,Fri Aug 07 2026 18:43:02 GMT+0000 (Coordinated Universal Time),25,WE STAND WITH JENNIE,we stand with jennie,,,,,,
2026-08-08T05:46:52.463944+00:00,20260808-054652,https://trends24.in/indonesia/,Fri Aug 07 2026 18:43:02 GMT+0000 (Coordinated Universal Time),26,Ragnar,ragnar,,,,,,
2026-08-08T05:46:52.463944+00:00,20260808-054652,https://trends24.in/indonesia/,Fri Aug 07 2026 18:43:02 GMT+0000 (Coordinated Universal Time),27,Erick,erick,,,,,,
2026-08-08T05:46:52.463944+00:00,20260808-054652,https://trends24.in/indonesia/,Fri Aug 07 2026 18:43:02 GMT+0000 (Coordinated Universal Time),28,Mitch,mitch,,,,,,
2026-08-08T05:46:52.463944+00:00,20260808-054652,https://trends24.in/indonesia/,Fri Aug 07 2026 18:43:02 GMT+0000 (Coordinated Universal Time),29,Happy 10th,happy 10th,,,,,,
2026-08-08T05:46:52.463944+00:00,20260808-054652,https://trends24.in/indonesia/,Fri Aug 07 2026 18:43:02 GMT+0000 (Coordinated Universal Time),30,DBTE RULES EP7,dbte rules ep7,,,,,,
2026-08-08T05:46:52.463944+00:00,20260808-054652,https://trends24.in/indonesia/,Fri Aug 07 2026 18:43:02 GMT+0000 (Coordinated Universal Time),31,LINGORM ILF EP8,lingorm ilf ep8,,,,,,
2026-08-08T05:46:52.463944+00:00,20260808-054652,https://trends24.in/indonesia/,Fri Aug 07 2026 18:43:02 GMT+0000 (Coordinated Universal Time),32,jeno,jeno,,,,,,
2026-08-08T05:46:52.463944+00:00,20260808-054652,https://trends24.in/indonesia/,Fri Aug 07 2026 18:43:02 GMT+0000 (Coordinated Universal Time),33,Beckham,beckham,,,,,,
2026-08-08T05:46:52.463944+00:00,20260808-054652,https://trends24.in/indonesia/,Fri Aug 07 2026 18:43:02 GMT+0000 (Coordinated Universal Time),34,Liga 1,liga 1,,,,,,
2026-08-08T05:46:52.463944+00:00,20260808-054652,https://trends24.in/indonesia/,Fri Aug 07 2026 18:43:02 GMT+0000 (Coordinated Universal Time),35,Ivar,ivar,,,,,,
2026-08-08T05:46:52.463944+00:00,20260808-054652,https://trends24.in/indonesia/,Fri Aug 07 2026 18:43:02 GMT+0000 (Coordinated Universal Time),36,Baker,baker,,,,,,
2026-08-08T05:46:52.463944+00:00,20260808-054652,https://trends24.in/indonesia/,Fri Aug 07 2026 18:43:02 GMT+0000 (Coordinated Universal Time),37,Eliano,eliano,,,,,,
2026-08-08T05:46:52.463944+00:00,20260808-054652,https://trends24.in/indonesia/,Fri Aug 07 2026 18:43:02 GMT+0000 (Coordinated Universal Time),38,jaemin,jaemin,,,,,,
2026-08-08T05:46:52.463944+00:00,20260808-054652,https://trends24.in/indonesia/,Fri Aug 07 2026 18:43:02 GMT+0000 (Coordinated Universal Time),39,Kapten,kapten,,,,,,
2026-08-08T05:46:52.463944+00:00,20260808-054652,https://trends24.in/indonesia/,Fri Aug 07 2026 18:43:02 GMT+0000 (Coordinated Universal Time),40,TRAILER MR FANBOY,trailer mr fanboy,,,,,,
2026-08-08T05:46:52.463944+00:00,20260808-054652,https://trends24.in/indonesia/,Fri Aug 07 2026 18:43:02 GMT+0000 (Coordinated Universal Time),41,LUNAR DANCE WITH ISUZU,lunar dance with isuzu,,,,,,
2026-08-08T05:46:52.463944+00:00,20260808-054652,https://trends24.in/indonesia/,Fri Aug 07 2026 18:43:02 GMT+0000 (Coordinated Universal Time),42,Garuda,garuda,,,,,,
2026-08-08T05:46:52.463944+00:00,20260808-054652,https://trends24.in/indonesia/,Fri Aug 07 2026 18:43:02 GMT+0000 (Coordinated Universal Time),43,Lisa,lisa,,,,,,
2026-08-08T05:46:52.463944+00:00,20260808-054652,https://trends24.in/indonesia/,Fri Aug 07 2026 18:43:02 GMT+0000 (Coordinated Universal Time),44,JNJM,jnjm,,,,,,
2026-08-08T05:46:52.463944+00:00,20260808-054652,https://trends24.in/indonesia/,Fri Aug 07 2026 18:43:02 GMT+0000 (Coordinated Universal Time),45,Blinks,blinks,,,,,,
2026-08-08T05:46:52.463944+00:00,20260808-054652,https://trends24.in/indonesia/,Fri Aug 07 2026 18:43:02 GMT+0000 (Coordinated Universal Time),46,#DMDinUSAxTMKTTP,dmdinusaxtmkttp,,,,,,
2026-08-08T05:46:52.463944+00:00,20260808-054652,https://trends24.in/indonesia/,Fri Aug 07 2026 18:43:02 GMT+0000 (Coordinated Universal Time),47,#íì´ê°ìì§ì¤ì¤ì¥ìì¼,íì´ê°ìì§ì¤ì¤ì¥ìì¼,,,,,,
2026-08-08T05:46:52.463944+00:00,20260808-054652,https://trends24.in/indonesia/,Fri Aug 07 2026 18:43:02 GMT+0000 (Coordinated Universal Time),48,#HappyBimday,happybimday,,,,,,
2026-08-08T05:46:52.463944+00:00,20260808-054652,https://trends24.in/indonesia/,Fri Aug 07 2026 18:43:02 GMT+0000 (Coordinated Universal Time),49,#27MelodieswithXIAOJUN,27melodieswithxiaojun,,,,,,
2026-08-08T05:46:52.463944+00:00,20260808-054652,https://trends24.in/indonesia/,Fri Aug 07 2026 18:43:02 GMT+0000 (Coordinated Universal Time),50,#èä¿0808çæ¥å¿«ä¹,èä¿0808çæ¥å¿«ä¹,,,,,,
2026-08-08T05:46:52.463944+00:00,20260808-054652,https://trends24.in/indonesia/,Fri Aug 07 2026 17:51:58 GMT+0000 (Coordinated Universal Time),1,#Its_BOSS_SCOUPS_Day,its_boss_scoups_day,,,,,,
2026-08-08T05:46:52.463944+00:00,20260808-054652,https://trends24.in/indonesia/,Fri Aug 07 2026 17:51:58 GMT+0000 (Coordinated Universal Time),2,#ë_ì¸ì ë_ì¹ì² ì´í¸_ìì¼ì¶íí´,ë_ì¸ì ë_ì¹ì² ì´í¸_ìì¼ì¶íí´,,,,,,
2026-08-08T05:46:52.463944+00:00,20260808-054652,https://trends24.in/indonesia/,Fri Aug 07 2026 17:51:58 GMT+0000 (Coordinated Universal Time),3,#Growing29WithGawin,growing29withgawin,,,,,,
2026-08-08T05:46:52.463944+00:00,20260808-054652,https://trends24.in/indonesia/,Fri Aug 07 2026 17:51:58 GMT+0000 (Coordinated Universal Time),4,#WUnovelina,wunovelina,,,,,,
2026-08-08T05:46:52.463944+00:00,20260808-054652,https://trends24.in/indonesia/,Fri Aug 07 2026 17:51:58 GMT+0000 (Coordinated Universal Time),5,#TimnasDay,timnasday,,,,,,
2026-08-08T05:46:52.463944+00:00,20260808-054652,https://trends24.in/indonesia/,Fri Aug 07 2026 17:51:58 GMT+0000 (Coordinated Universal Time),6,Wasit,wasit,,,,,,
2026-08-08T05:46:52.463944+00:00,20260808-054652,https://trends24.in/indonesia/,Fri Aug 07 2026 17:51:58 GMT+0000 (Coordinated Universal Time),7,ASEAN,asean,,,,,,
2026-08-08T05:46:52.463944+00:00,20260808-054652,https://trends24.in/indonesia/,Fri Aug 07 2026 17:51:58 GMT+0000 (Coordinated Universal Time),8,Singapura,singapura,,,,,,
2026-08-08T05:46:52.463944+00:00,20260808-054652,https://trends24.in/indonesia/,Fri Aug 07 2026 17:51:58 GMT+0000 (Coordinated Universal Time),9,Ridho,ridho,,,,,,
2026-08-08T05:46:52.463944+00:00,20260808-054652,https://trends24.in/indonesia/,Fri Aug 07 2026 17:51:58 GMT+0000 (Coordinated Universal Time),10,Jisoo,jisoo,,,,,,
2026-08-08T05:46:52.463944+00:00,20260808-054652,https://trends24.in/indonesia/,Fri Aug 07 2026 17:51:58 GMT+0000 (Coordinated Universal Time),11,Haye,haye,,,,,,
2026-08-08T05:46:52.463944+00:00,20260808-054652,https://trends24.in/indonesia/,Fri Aug 07 2026 17:51:58 GMT+0000 (Coordinated Universal Time),12,Herdman,herdman,,,,,,
2026-08-08T05:46:52.463944+00:00,20260808-054652,https://trends24.in/indonesia/,Fri Aug 07 2026 17:51:58 GMT+0000 (Coordinated Universal Time),13,Piala Asia,piala asia,,,,,,
2026-08-08T05:46:52.463944+00:00,20260808-054652,https://trends24.in/indonesia/,Fri Aug 07 2026 17:51:58 GMT+0000 (Coordinated Universal Time),14,PSSI,pssi,,,,,,
2026-08-08T05:46:52.463944+00:00,20260808-054652,https://trends24.in/indonesia/,Fri Aug 07 2026 17:51:58 GMT+0000 (Coordinated Universal Time),15,Pelatih,pelatih,,,,,,
2026-08-08T05:46:52.463944+00:00,20260808-054652,https://trends24.in/indonesia/,Fri Aug 07 2026 17:51:58 GMT+0000 (Coordinated Universal Time),16,Maluku,maluku,,,,,,
2026-08-08T05:46:52.463944+00:00,20260808-054652,https://trends24.in/indonesia/,Fri Aug 07 2026 17:51:58 GMT+0000 (Coordinated Universal Time),17,Klok,klok,,,,,,
2026-08-08T05:46:52.463944+00:00,20260808-054652,https://trends24.in/indonesia/,Fri Aug 07 2026 17:51:58 GMT+0000 (Coordinated Universal Time),18,Cahya,cahya,,,,,,
2026-08-08T05:46:52.463944+00:00,20260808-054652,https://trends24.in/indonesia/,Fri Aug 07 2026 17:51:58 GMT+0000 (Coordinated Universal Time),19,Singapore,singapore,,,,,,
2026-08-08T05:46:52.463944+00:00,20260808-054652,https://trends24.in/indonesia/,Fri Aug 07 2026 17:51:58 GMT+0000 (Coordinated Universal Time),20,HAPPY BIRTHDAY XIAOJUN,happy birthday xiaojun,,,,,,
2026-08-08T05:46:52.463944+00:00,20260808-054652,https://trends24.in/indonesia/,Fri Aug 07 2026 17:51:58 GMT+0000 (Coordinated Universal Time),21,Mitch,mitch,,,,,,
2026-08-08T05:46:52.463944+00:00,20260808-054652,https://trends24.in/indonesia/,Fri Aug 07 2026 17:51:58 GMT+0000 (Coordinated Universal Time),22,Oman,oman,,,,,,
2026-08-08T05:46:52.463944+00:00,20260808-054652,https://trends24.in/indonesia/,Fri Aug 07 2026 17:51:58 GMT+0000 (Coordinated Universal Time),23,seungcheol,seungcheol,,,,,,
2026-08-08T05:46:52.463944+00:00,20260808-054652,https://trends24.in/indonesia/,Fri Aug 07 2026 17:51:58 GMT+0000 (Coordinated Universal Time),24,Ragnar,ragnar,,,,,,
2026-08-08T05:46:52.463944+00:00,20260808-054652,https://trends24.in/indonesia/,Fri Aug 07 2026 17:51:58 GMT+0000 (Coordinated Universal Time),25,LINGORM ILF EP8,lingorm ilf ep8,,,,,,
2026-08-08T05:46:52.463944+00:00,20260808-054652,https://trends24.in/indonesia/,Fri Aug 07 2026 17:51:58 GMT+0000 (Coordinated Universal Time),26,Happy 10th,happy 10th,,,,,,
2026-08-08T05:46:52.463944+00:00,20260808-054652,https://trends24.in/indonesia/,Fri Aug 07 2026 17:51:58 GMT+0000 (Coordinated Universal Time),27,Erick,erick,,,,,,
2026-08-08T05:46:52.463944+00:00,20260808-054652,https://trends24.in/indonesia/,Fri Aug 07 2026 17:51:58 GMT+0000 (Coordinated Universal Time),28,WE STAND WITH JENNIE,we stand with jennie,,,,,,
2026-08-08T05:46:52.463944+00:00,20260808-054652,https://trends24.in/indonesia/,Fri Aug 07 2026 17:51:58 GMT+0000 (Coordinated Universal Time),29,DBTE RULES EP7,dbte rules ep7,,,,,,
2026-08-08T05:46:52.463944+00:00,20260808-054652,https://trends24.in/indonesia/,Fri Aug 07 2026 17:51:58 GMT+0000 (Coordinated Universal Time),30,jeno,jeno,,,,,,
2026-08-08T05:46:52.463944+00:00,20260808-054652,https://trends24.in/indonesia/,Fri Aug 07 2026 17:51:58 GMT+0000 (Coordinated Universal Time),31,Liga 1,liga 1,,,,,,
2026-08-08T05:46:52.463944+00:00,20260808-054652,https://trends24.in/indonesia/,Fri Aug 07 2026 17:51:58 GMT+0000 (Coordinated Universal Time),32,Idzes,idzes,,,,,,
2026-08-08T05:46:52.463944+00:00,20260808-054652,https://trends24.in/indonesia/,Fri Aug 07 2026 17:51:58 GMT+0000 (Coordinated Universal Time),33,Beckham,beckham,,,,,,
2026-08-08T05:46:52.463944+00:00,20260808-054652,https://trends24.in/indonesia/,Fri Aug 07 2026 17:51:58 GMT+0000 (Coordinated Universal Time),34,TRAILER MR FANBOY,trailer mr fanboy,,,,,,
2026-08-08T05:46:52.463944+00:00,20260808-054652,https://trends24.in/indonesia/,Fri Aug 07 2026 17:51:58 GMT+0000 (Coordinated Universal Time),35,Ivar,ivar,,,,,,
2026-08-08T05:46:52.463944+00:00,20260808-054652,https://trends24.in/indonesia/,Fri Aug 07 2026 17:51:58 GMT+0000 (Coordinated Universal Time),36,Baker,baker,,,,,,
2026-08-08T05:46:52.463944+00:00,20260808-054652,https://trends24.in/indonesia/,Fri Aug 07 2026 17:51:58 GMT+0000 (Coordinated Universal Time),37,Eliano,eliano,,,,,,
2026-08-08T05:46:52.463944+00:00,20260808-054652,https://trends24.in/indonesia/,Fri Aug 07 2026 17:51:58 GMT+0000 (Coordinated Universal Time),38,jaemin,jaemin,,,,,,
2026-08-08T05:46:52.463944+00:00,20260808-054652,https://trends24.in/indonesia/,Fri Aug 07 2026 17:51:58 GMT+0000 (Coordinated Universal Time),39,W101 SERIES SPECIAL,w101 series special,,,,,,
2026-08-08T05:46:52.463944+00:00,20260808-054652,https://trends24.in/indonesia/,Fri Aug 07 2026 17:51:58 GMT+0000 (Coordinated Universal Time),40,Kapten,kapten,,,,,,
2026-08-08T05:46:52.463944+00:00,20260808-054652,https://trends24.in/indonesia/,Fri Aug 07 2026 17:51:58 GMT+0000 (Coordinated Universal Time),41,Ilhan Fandi,ilhan fandi,,,,,,
2026-08-08T05:46:52.463944+00:00,20260808-054652,https://trends24.in/indonesia/,Fri Aug 07 2026 17:51:58 GMT+0000 (Coordinated Universal Time),42,EST x MAGNUM PISTACHIO,est x magnum pistachio,,,,,,
2026-08-08T05:46:52.463944+00:00,20260808-054652,https://trends24.in/indonesia/,Fri Aug 07 2026 17:51:58 GMT+0000 (Coordinated Universal Time),43,LUNAR DANCE WITH ISUZU,lunar dance with isuzu,,,,,,
2026-08-08T05:46:52.463944+00:00,20260808-054652,https://trends24.in/indonesia/,Fri Aug 07 2026 17:51:58 GMT+0000 (Coordinated Universal Time),44,GISELLE BYEB4HELLO,giselle byeb4hello,,,,,,
2026-08-08T05:46:52.463944+00:00,20260808-054652,https://trends24.in/indonesia/,Fri Aug 07 2026 17:51:58 GMT+0000 (Coordinated Universal Time),45,Garuda,garuda,,,,,,
2026-08-08T05:46:52.463944+00:00,20260808-054652,https://trends24.in/indonesia/,Fri Aug 07 2026 17:51:58 GMT+0000 (Coordinated Universal Time),46,Lisa,lisa,,,,,,
2026-08-08T05:46:52.463944+00:00,20260808-054652,https://trends24.in/indonesia/,Fri Aug 07 2026 17:51:58 GMT+0000 (Coordinated Universal Time),47,Lolos,lolos,,,,,,
2026-08-08T05:46:52.463944+00:00,20260808-054652,https://trends24.in/indonesia/,Fri Aug 07 2026 17:51:58 GMT+0000 (Coordinated Universal Time),48,JNJM,jnjm,,,,,,
2026-08-08T05:46:52.463944+00:00,20260808-054652,https://trends24.in/indonesia/,Fri Aug 07 2026 17:51:58 GMT+0000 (Coordinated Universal Time),49,Blinks,blinks,,,,,,
2026-08-08T05:46:52.463944+00:00,20260808-054652,https://trends24.in/indonesia/,Fri Aug 07 2026 17:51:58 GMT+0000 (Coordinated Universal Time),50,WINTER NEW SOLO STAGE,winter new solo stage,,,,,,
2026-08-08T05:46:52.463944+00:00,20260808-054652,https://trends24.in/indonesia/,Fri Aug 07 2026 16:57:16 GMT+0000 (Coordinated Universal Time),1,#Its_BOSS_SCOUPS_Day,its_boss_scoups_day,,,,,,
2026-08-08T05:46:52.463944+00:00,20260808-054652,https://trends24.in/indonesia/,Fri Aug 07 2026 16:57:16 GMT+0000 (Coordinated Universal Time),2,#ë_ì¸ì ë_ì¹ì² ì´í¸_ìì¼ì¶íí´,ë_ì¸ì ë_ì¹ì² ì´í¸_ìì¼ì¶íí´,,,,,,
2026-08-08T05:46:52.463944+00:00,20260808-054652,https://trends24.in/indonesia/,Fri Aug 07 2026 16:57:16 GMT+0000 (Coordinated Universal Time),3,#TimnasDay,timnasday,,,,,,
2026-08-08T05:46:52.463944+00:00,20260808-054652,https://trends24.in/indonesia/,Fri Aug 07 2026 16:57:16 GMT+0000 (Coordinated Universal Time),4,SMARTFREN Unlimited 5G,smartfren unlimited 5g,,,,,,
2026-08-08T05:46:52.463944+00:00,20260808-054652,https://trends24.in/indonesia/,Fri Aug 07 2026 16:57:16 GMT+0000 (Coordinated Universal Time),5,Wasit,wasit,,,,,,
2026-08-08T05:46:52.463944+00:00,20260808-054652,https://trends24.in/indonesia/,Fri Aug 07 2026 16:57:16 GMT+0000 (Coordinated Universal Time),6,#BLACKPINK10thAnniversary,blackpink10thanniversary,,,,,,
2026-08-08T05:46:52.463944+00:00,20260808-054652,https://trends24.in/indonesia/,Fri Aug 07 2026 16:57:16 GMT+0000 (Coordinated Universal Time),7,Singapura,singapura,,,,,,
2026-08-08T05:46:52.463944+00:00,20260808-054652,https://trends24.in/indonesia/,Fri Aug 07 2026 16:57:16 GMT+0000 (Coordinated Universal Time),8,ASEAN,asean,,,,,,
2026-08-08T05:46:52.463944+00:00,20260808-054652,https://trends24.in/indonesia/,Fri Aug 07 2026 16:57:16 GMT+0000 (Coordinated Universal Time),9,#27MelodieswithXIAOJUN,27melodieswithxiaojun,,,,,,
2026-08-08T05:46:52.463944+00:00,20260808-054652,https://trends24.in/indonesia/,Fri Aug 07 2026 16:57:16 GMT+0000 (Coordinated Universal Time),10,Ridho,ridho,,,,,,
2026-08-08T05:46:52.463944+00:00,20260808-054652,https://trends24.in/indonesia/,Fri Aug 07 2026 16:57:16 GMT+0000 (Coordinated Universal Time),11,John Herdman,john herdman,,,,,,
2026-08-08T05:46:52.463944+00:00,20260808-054652,https://trends24.in/indonesia/,Fri Aug 07 2026 16:57:16 GMT+0000 (Coordinated Universal Time),12,Haye,haye,,,,,,
2026-08-08T05:46:52.463944+00:00,20260808-054652,https://trends24.in/indonesia/,Fri Aug 07 2026 16:57:16 GMT+0000 (Coordinated Universal Time),13,Jisoo,jisoo,,,,,,
2026-08-08T05:46:52.463944+00:00,20260808-054652,https://trends24.in/indonesia/,Fri Aug 07 2026 16:57:16 GMT+0000 (Coordinated Universal Time),14,Piala Asia,piala asia,,,,,,
2026-08-08T05:46:52.463944+00:00,20260808-054652,https://trends24.in/indonesia/,Fri Aug 07 2026 16:57:16 GMT+0000 (Coordinated Universal Time),15,Pelatih,pelatih,,,,,,
2026-08-08T05:46:52.463944+00:00,20260808-054652,https://trends24.in/indonesia/,Fri Aug 07 2026 16:57:16 GMT+0000 (Coordinated Universal Time),16,Cahya,cahya,,,,,,
2026-08-08T05:46:52.463944+00:00,20260808-054652,https://trends24.in/indonesia/,Fri Aug 07 2026 16:57:16 GMT+0000 (Coordinated Universal Time),17,PSSI,pssi,,,,,,
2026-08-08T05:46:52.463944+00:00,20260808-054652,https://trends24.in/indonesia/,Fri Aug 07 2026 16:57:16 GMT+0000 (Coordinated Universal Time),18,Oman,oman,,,,,,
2026-08-08T05:46:52.463944+00:00,20260808-054652,https://trends24.in/indonesia/,Fri Aug 07 2026 16:57:16 GMT+0000 (Coordinated Universal Time),19,Klok,klok,,,,,,
2026-08-08T05:46:52.463944+00:00,20260808-054652,https://trends24.in/indonesia/,Fri Aug 07 2026 16:57:16 GMT+0000 (Coordinated Universal Time),20,Singapore,singapore,,,,,,
2026-08-08T05:46:52.463944+00:00,20260808-054652,https://trends24.in/indonesia/,Fri Aug 07 2026 16:57:16 GMT+0000 (Coordinated Universal Time),21,WE STAND WITH JENNIE,we stand with jennie,,,,,,
2026-08-08T05:46:52.463944+00:00,20260808-054652,https://trends24.in/indonesia/,Fri Aug 07 2026 16:57:16 GMT+0000 (Coordinated Universal Time),22,HAPPY BIRTHDAY XIAOJUN,happy birthday xiaojun,,,,,,
2026-08-08T05:46:52.463944+00:00,20260808-054652,https://trends24.in/indonesia/,Fri Aug 07 2026 16:57:16 GMT+0000 (Coordinated Universal Time),23,Ragnar,ragnar,,,,,,
2026-08-08T05:46:52.463944+00:00,20260808-054652,https://trends24.in/indonesia/,Fri Aug 07 2026 16:57:16 GMT+0000 (Coordinated Universal Time),24,Happy 10th,happy 10th,,,,,,
2026-08-08T05:46:52.463944+00:00,20260808-054652,https://trends24.in/indonesia/,Fri Aug 07 2026 16:57:16 GMT+0000 (Coordinated Universal Time),25,Ivar,ivar,,,,,,
2026-08-08T05:46:52.463944+00:00,20260808-054652,https://trends24.in/indonesia/,Fri Aug 07 2026 16:57:16 GMT+0000 (Coordinated Universal Time),26,seungcheol,seungcheol,,,,,,
2026-08-08T05:46:52.463944+00:00,20260808-054652,https://trends24.in/indonesia/,Fri Aug 07 2026 16:57:16 GMT+0000 (Coordinated Universal Time),27,LINGORM ILF EP8,lingorm ilf ep8,,,,,,
2026-08-08T05:46:52.463944+00:00,20260808-054652,https://trends24.in/indonesia/,Fri Aug 07 2026 16:57:16 GMT+0000 (Coordinated Universal Time),28,Idzes,idzes,,,,,,
2026-08-08T05:46:52.463944+00:00,20260808-054652,https://trends24.in/indonesia/,Fri Aug 07 2026 16:57:16 GMT+0000 (Coordinated Universal Time),29,DBTE RULES EP7,dbte rules ep7,,,,,,
2026-08-08T05:46:52.463944+00:00,20260808-054652,https://trends24.in/indonesia/,Fri Aug 07 2026 16:57:16 GMT+0000 (Coordinated Universal Time),30,Liga 1,liga 1,,,,,,
2026-08-08T05:46:52.463944+00:00,20260808-054652,https://trends24.in/indonesia/,Fri Aug 07 2026 16:57:16 GMT+0000 (Coordinated Universal Time),31,Mitch,mitch,,,,,,
2026-08-08T05:46:52.463944+00:00,20260808-054652,https://trends24.in/indonesia/,Fri Aug 07 2026 16:57:16 GMT+0000 (Coordinated Universal Time),32,jeno,jeno,,,,,,
2026-08-08T05:46:52.463944+00:00,20260808-054652,https://trends24.in/indonesia/,Fri Aug 07 2026 16:57:16 GMT+0000 (Coordinated Universal Time),33,TRAILER MR FANBOY,trailer mr fanboy,,,,,,
2026-08-08T05:46:52.463944+00:00,20260808-054652,https://trends24.in/indonesia/,Fri Aug 07 2026 16:57:16 GMT+0000 (Coordinated Universal Time),34,Baker,baker,,,,,,
2026-08-08T05:46:52.463944+00:00,20260808-054652,https://trends24.in/indonesia/,Fri Aug 07 2026 16:57:16 GMT+0000 (Coordinated Universal Time),35,Erick Thohir,erick thohir,,,,,,
2026-08-08T05:46:52.463944+00:00,20260808-054652,https://trends24.in/indonesia/,Fri Aug 07 2026 16:57:16 GMT+0000 (Coordinated Universal Time),36,Beckham,beckham,,,,,,
2026-08-08T05:46:52.463944+00:00,20260808-054652,https://trends24.in/indonesia/,Fri Aug 07 2026 16:57:16 GMT+0000 (Coordinated Universal Time),37,Eliano,eliano,,,,,,
2026-08-08T05:46:52.463944+00:00,20260808-054652,https://trends24.in/indonesia/,Fri Aug 07 2026 16:57:16 GMT+0000 (Coordinated Universal Time),38,W101 SERIES SPECIAL,w101 series special,,,,,,
2026-08-08T05:46:52.463944+00:00,20260808-054652,https://trends24.in/indonesia/,Fri Aug 07 2026 16:57:16 GMT+0000 (Coordinated Universal Time),39,Kapten,kapten,,,,,,
2026-08-08T05:46:52.463944+00:00,20260808-054652,https://trends24.in/indonesia/,Fri Aug 07 2026 16:57:16 GMT+0000 (Coordinated Universal Time),40,Ilhan Fandi,ilhan fandi,,,,,,
2026-08-08T05:46:52.463944+00:00,20260808-054652,https://trends24.in/indonesia/,Fri Aug 07 2026 16:57:16 GMT+0000 (Coordinated Universal Time),41,EST x MAGNUM PISTACHIO,est x magnum pistachio,,,,,,
2026-08-08T05:46:52.463944+00:00,20260808-054652,https://trends24.in/indonesia/,Fri Aug 07 2026 16:57:16 GMT+0000 (Coordinated Universal Time),42,LUNAR DANCE WITH ISUZU,lunar dance with isuzu,,,,,,
2026-08-08T05:46:52.463944+00:00,20260808-054652,https://trends24.in/indonesia/,Fri Aug 07 2026 16:57:16 GMT+0000 (Coordinated Universal Time),43,GISELLE BYEB4HELLO,giselle byeb4hello,,,,,,
2026-08-08T05:46:52.463944+00:00,20260808-054652,https://trends24.in/indonesia/,Fri Aug 07 2026 16:57:16 GMT+0000 (Coordinated Universal Time),44,Garuda,garuda,,,,,,
2026-08-08T05:46:52.463944+00:00,20260808-054652,https://trends24.in/indonesia/,Fri Aug 07 2026 16:57:16 GMT+0000 (Coordinated Universal Time),45,Five Stars Bali,five stars bali,,,,,,
2026-08-08T05:46:52.463944+00:00,20260808-054652,https://trends24.in/indonesia/,Fri Aug 07 2026 16:57:16 GMT+0000 (Coordinated Universal Time),46,Lolos,lolos,,,,,,
2026-08-08T05:46:52.463944+00:00,20260808-054652,https://trends24.in/indonesia/,Fri Aug 07 2026 16:57:16 GMT+0000 (Coordinated Universal Time),47,JNJM,jnjm,,,,,,
2026-08-08T05:46:52.463944+00:00,20260808-054652,https://trends24.in/indonesia/,Fri Aug 07 2026 16:57:16 GMT+0000 (Coordinated Universal Time),48,Lisa,lisa,,,,,,
2026-08-08T05:46:52.463944+00:00,20260808-054652,https://trends24.in/indonesia/,Fri Aug 07 2026 16:57:16 GMT+0000 (Coordinated Universal Time),49,Blink,blink,,,,,,
2026-08-08T05:46:52.463944+00:00,20260808-054652,https://trends24.in/indonesia/,Fri Aug 07 2026 16:57:16 GMT+0000 (Coordinated Universal Time),50,WINTER NEW SOLO STAGE,winter new solo stage,,,,,,
2026-08-08T05:46:52.463944+00:00,20260808-054652,https://trends24.in/indonesia/,Fri Aug 07 2026 16:04:11 GMT+0000 (Coordinated Universal Time),1,#Its_BOSS_SCOUPS_Day,its_boss_scoups_day,,,,,,
2026-08-08T05:46:52.463944+00:00,20260808-054652,https://trends24.in/indonesia/,Fri Aug 07 2026 16:04:11 GMT+0000 (Coordinated Universal Time),2,#ë_ì¸ì ë_ì¹ì² ì´í¸_ìì¼ì¶íí´,ë_ì¸ì ë_ì¹ì² ì´í¸_ìì¼ì¶íí´,,,,,,
2026-08-08T05:46:52.463944+00:00,20260808-054652,https://trends24.in/indonesia/,Fri Aug 07 2026 16:04:11 GMT+0000 (Coordinated Universal Time),3,#TimnasDay,timnasday,,,,,,
2026-08-08T05:46:52.463944+00:00,20260808-054652,https://trends24.in/indonesia/,Fri Aug 07 2026 16:04:11 GMT+0000 (Coordinated Universal Time),4,Wasit,wasit,,,,,,
2026-08-08T05:46:52.463944+00:00,20260808-054652,https://trends24.in/indonesia/,Fri Aug 07 2026 16:04:11 GMT+0000 (Coordinated Universal Time),5,SMARTFREN Unlimited 5G,smartfren unlimited 5g,,,,,,
2026-08-08T05:46:52.463944+00:00,20260808-054652,https://trends24.in/indonesia/,Fri Aug 07 2026 16:04:11 GMT+0000 (Coordinated Universal Time),6,Singapura,singapura,,,,,,
2026-08-08T05:46:52.463944+00:00,20260808-054652,https://trends24.in/indonesia/,Fri Aug 07 2026 16:04:11 GMT+0000 (Coordinated Universal Time),7,Ridho,ridho,,,,,,
2026-08-08T05:46:52.463944+00:00,20260808-054652,https://trends24.in/indonesia/,Fri Aug 07 2026 16:04:11 GMT+0000 (Coordinated Universal Time),8,John Herdman,john herdman,,,,,,
2026-08-08T05:46:52.463944+00:00,20260808-054652,https://trends24.in/indonesia/,Fri Aug 07 2026 16:04:11 GMT+0000 (Coordinated Universal Time),9,#JuniorMarkConcertD1,juniormarkconcertd1,,,,,,
2026-08-08T05:46:52.463944+00:00,20260808-054652,https://trends24.in/indonesia/,Fri Aug 07 2026 16:04:11 GMT+0000 (Coordinated Universal Time),10,#BLACKPINK10thAnniversary,blackpink10thanniversary,,,,,,
2026-08-08T05:46:52.463944+00:00,20260808-054652,https://trends24.in/indonesia/,Fri Aug 07 2026 16:04:11 GMT+0000 (Coordinated Universal Time),11,ASEAN,asean,,,,,,
2026-08-08T05:46:52.463944+00:00,20260808-054652,https://trends24.in/indonesia/,Fri Aug 07 2026 16:04:11 GMT+0000 (Coordinated Universal Time),12,Piala Asia,piala asia,,,,,,
2026-08-08T05:46:52.463944+00:00,20260808-054652,https://trends24.in/indonesia/,Fri Aug 07 2026 16:04:11 GMT+0000 (Coordinated Universal Time),13,Pelatih,pelatih,,,,,,
2026-08-08T05:46:52.463944+00:00,20260808-054652,https://trends24.in/indonesia/,Fri Aug 07 2026 16:04:11 GMT+0000 (Coordinated Universal Time),14,Cahya,cahya,,,,,,
2026-08-08T05:46:52.463944+00:00,20260808-054652,https://trends24.in/indonesia/,Fri Aug 07 2026 16:04:11 GMT+0000 (Coordinated Universal Time),15,Oman,oman,,,,,,
2026-08-08T05:46:52.463944+00:00,20260808-054652,https://trends24.in/indonesia/,Fri Aug 07 2026 16:04:11 GMT+0000 (Coordinated Universal Time),16,jisoo,jisoo,,,,,,
2026-08-08T05:46:52.463944+00:00,20260808-054652,https://trends24.in/indonesia/,Fri Aug 07 2026 16:04:11 GMT+0000 (Coordinated Universal Time),17,Singapore,singapore,,,,,,
2026-08-08T05:46:52.463944+00:00,20260808-054652,https://trends24.in/indonesia/,Fri Aug 07 2026 16:04:11 GMT+0000 (Coordinated Universal Time),18,Ragnar,ragnar,,,,,,
2026-08-08T05:46:52.463944+00:00,20260808-054652,https://trends24.in/indonesia/,Fri Aug 07 2026 16:04:11 GMT+0000 (Coordinated Universal Time),19,WE STAND WITH JENNIE,we stand with jennie,,,,,,
2026-08-08T05:46:52.463944+00:00,20260808-054652,https://trends24.in/indonesia/,Fri Aug 07 2026 16:04:11 GMT+0000 (Coordinated Universal Time),20,HAPPY BIRTHDAY XIAOJUN,happy birthday xiaojun,,,,,,
2026-08-08T05:46:52.463944+00:00,20260808-054652,https://trends24.in/indonesia/,Fri Aug 07 2026 16:04:11 GMT+0000 (Coordinated Universal Time),21,Klok,klok,,,,,,
2026-08-08T05:46:52.463944+00:00,20260808-054652,https://trends24.in/indonesia/,Fri Aug 07 2026 16:04:11 GMT+0000 (Coordinated Universal Time),22,Ivar,ivar,,,,,,
2026-08-08T05:46:52.463944+00:00,20260808-054652,https://trends24.in/indonesia/,Fri Aug 07 2026 16:04:11 GMT+0000 (Coordinated Universal Time),23,seungcheol,seungcheol,,,,,,
2026-08-08T05:46:52.463944+00:00,20260808-054652,https://trends24.in/indonesia/,Fri Aug 07 2026 16:04:11 GMT+0000 (Coordinated Universal Time),24,DBTE RULES EP7,dbte rules ep7,,,,,,
2026-08-08T05:46:52.463944+00:00,20260808-054652,https://trends24.in/indonesia/,Fri Aug 07 2026 16:04:11 GMT+0000 (Coordinated Universal Time),25,TRAILER MR FANBOY,trailer mr fanboy,,,,,,
2026-08-08T05:46:52.463944+00:00,20260808-054652,https://trends24.in/indonesia/,Fri Aug 07 2026 16:04:11 GMT+0000 (Coordinated Universal Time),26,Baker,baker,,,,,,
2026-08-08T05:46:52.463944+00:00,20260808-054652,https://trends24.in/indonesia/,Fri Aug 07 2026 16:04:11 GMT+0000 (Coordinated Universal Time),27,Idzes,idzes,,,,,,
2026-08-08T05:46:52.463944+00:00,20260808-054652,https://trends24.in/indonesia/,Fri Aug 07 2026 16:04:11 GMT+0000 (Coordinated Universal Time),28,Mitch,mitch,,,,,,
2026-08-08T05:46:52.463944+00:00,20260808-054652,https://trends24.in/indonesia/,Fri Aug 07 2026 16:04:11 GMT+0000 (Coordinated Universal Time),29,jeno,jeno,,,,,,
2026-08-08T05:46:52.463944+00:00,20260808-054652,https://trends24.in/indonesia/,Fri Aug 07 2026 16:04:11 GMT+0000 (Coordinated Universal Time),30,Happy 10th,happy 10th,,,,,,
2026-08-08T05:46:52.463944+00:00,20260808-054652,https://trends24.in/indonesia/,Fri Aug 07 2026 16:04:11 GMT+0000 (Coordinated Universal Time),31,LINGORM ILF EP8,lingorm ilf ep8,,,,,,
2026-08-08T05:46:52.463944+00:00,20260808-054652,https://trends24.in/indonesia/,Fri Aug 07 2026 16:04:11 GMT+0000 (Coordinated Universal Time),32,Tom Haye,tom haye,,,,,,
2026-08-08T05:46:52.463944+00:00,20260808-054652,https://trends24.in/indonesia/,Fri Aug 07 2026 16:04:11 GMT+0000 (Coordinated Universal Time),33,Eliano,eliano,,,,,,
2026-08-08T05:46:52.463944+00:00,20260808-054652,https://trends24.in/indonesia/,Fri Aug 07 2026 16:04:11 GMT+0000 (Coordinated Universal Time),34,Liga 1,liga 1,,,,,,
2026-08-08T05:46:52.463944+00:00,20260808-054652,https://trends24.in/indonesia/,Fri Aug 07 2026 16:04:11 GMT+0000 (Coordinated Universal Time),35,W101 SERIES SPECIAL,w101 series special,,,,,,
2026-08-08T05:46:52.463944+00:00,20260808-054652,https://trends24.in/indonesia/,Fri Aug 07 2026 16:04:11 GMT+0000 (Coordinated Universal Time),36,Beckham,beckham,,,,,,
2026-08-08T05:46:52.463944+00:00,20260808-054652,https://trends24.in/indonesia/,Fri Aug 07 2026 16:04:11 GMT+0000 (Coordinated Universal Time),37,Erick Thohir,erick thohir,,,,,,
2026-08-08T05:46:52.463944+00:00,20260808-054652,https://trends24.in/indonesia/,Fri Aug 07 2026 16:04:11 GMT+0000 (Coordinated Universal Time),38,Ilhan Fandi,ilhan fandi,,,,,,
2026-08-08T05:46:52.463944+00:00,20260808-054652,https://trends24.in/indonesia/,Fri Aug 07 2026 16:04:11 GMT+0000 (Coordinated Universal Time),39,Kapten,kapten,,,,,,
2026-08-08T05:46:52.463944+00:00,20260808-054652,https://trends24.in/indonesia/,Fri Aug 07 2026 16:04:11 GMT+0000 (Coordinated Universal Time),40,EST x MAGNUM PISTACHIO,est x magnum pistachio,,,,,,
2026-08-08T05:46:52.463944+00:00,20260808-054652,https://trends24.in/indonesia/,Fri Aug 07 2026 16:04:11 GMT+0000 (Coordinated Universal Time),41,Garuda,garuda,,,,,,
2026-08-08T05:46:52.463944+00:00,20260808-054652,https://trends24.in/indonesia/,Fri Aug 07 2026 16:04:11 GMT+0000 (Coordinated Universal Time),42,KARINA NEW SOLO MUSIC,karina new solo music,,,,,,
2026-08-08T05:46:52.463944+00:00,20260808-054652,https://trends24.in/indonesia/,Fri Aug 07 2026 16:04:11 GMT+0000 (Coordinated Universal Time),43,FORCEBOOK WITH SHOKUBUTSU,forcebook with shokubutsu,,,,,,
2026-08-08T05:46:52.463944+00:00,20260808-054652,https://trends24.in/indonesia/,Fri Aug 07 2026 16:04:11 GMT+0000 (Coordinated Universal Time),44,Five Stars Bali,five stars bali,,,,,,
2026-08-08T05:46:52.463944+00:00,20260808-054652,https://trends24.in/indonesia/,Fri Aug 07 2026 16:04:11 GMT+0000 (Coordinated Universal Time),45,Lolos,lolos,,,,,,
2026-08-08T05:46:52.463944+00:00,20260808-054652,https://trends24.in/indonesia/,Fri Aug 07 2026 16:04:11 GMT+0000 (Coordinated Universal Time),46,WINTER NEW SOLO STAGE,winter new solo stage,,,,,,
2026-08-08T05:46:52.463944+00:00,20260808-054652,https://trends24.in/indonesia/,Fri Aug 07 2026 16:04:11 GMT+0000 (Coordinated Universal Time),47,JNJM,jnjm,,,,,,
2026-08-08T05:46:52.463944+00:00,20260808-054652,https://trends24.in/indonesia/,Fri Aug 07 2026 16:04:11 GMT+0000 (Coordinated Universal Time),48,NINGNING,ningning,,,,,,
2026-08-08T05:46:52.463944+00:00,20260808-054652,https://trends24.in/indonesia/,Fri Aug 07 2026 16:04:11 GMT+0000 (Coordinated Universal Time),49,EST AT SATUR FLAGSHIP,est at satur flagship,,,,,,
2026-08-08T05:46:52.463944+00:00,20260808-054652,https://trends24.in/indonesia/,Fri Aug 07 2026 16:04:11 GMT+0000 (Coordinated Universal Time),50,Lisa,lisa,,,,,,
2026-08-08T05:46:52.463944+00:00,20260808-054652,https://trends24.in/indonesia/,Fri Aug 07 2026 15:12:51 GMT+0000 (Coordinated Universal Time),1,#TimnasDay,timnasday,,,,,,
2026-08-08T05:46:52.463944+00:00,20260808-054652,https://trends24.in/indonesia/,Fri Aug 07 2026 15:12:51 GMT+0000 (Coordinated Universal Time),2,SMARTFREN Unlimited 5G,smartfren unlimited 5g,,,,,,
2026-08-08T05:46:52.463944+00:00,20260808-054652,https://trends24.in/indonesia/,Fri Aug 07 2026 15:12:51 GMT+0000 (Coordinated Universal Time),3,Wasit,wasit,,,,,,
2026-08-08T05:46:52.463944+00:00,20260808-054652,https://trends24.in/indonesia/,Fri Aug 07 2026 15:12:51 GMT+0000 (Coordinated Universal Time),4,#ë_ì¸ì ë_ì¹ì² ì´í¸_ìì¼ì¶íí´,ë_ì¸ì ë_ì¹ì² ì´í¸_ìì¼ì¶íí´,,,,,,
2026-08-08T05:46:52.463944+00:00,20260808-054652,https://trends24.in/indonesia/,Fri Aug 07 2026 15:12:51 GMT+0000 (Coordinated Universal Time),5,#Its_BOSS_SCOUPS_Day,its_boss_scoups_day,,,,,,
2026-08-08T05:46:52.463944+00:00,20260808-054652,https://trends24.in/indonesia/,Fri Aug 07 2026 15:12:51 GMT+0000 (Coordinated Universal Time),6,#JuniorMarkConcertD1,juniormarkconcertd1,,,,,,
2026-08-08T05:46:52.463944+00:00,20260808-054652,https://trends24.in/indonesia/,Fri Aug 07 2026 15:12:51 GMT+0000 (Coordinated Universal Time),7,Singapura,singapura,,,,,,
2026-08-08T05:46:52.463944+00:00,20260808-054652,https://trends24.in/indonesia/,Fri Aug 07 2026 15:12:51 GMT+0000 (Coordinated Universal Time),8,#berantasthmnarkoba,berantasthmnarkoba,,,,,,
2026-08-08T05:46:52.463944+00:00,20260808-054652,https://trends24.in/indonesia/,Fri Aug 07 2026 15:12:51 GMT+0000 (Coordinated Universal Time),9,JUNIORMARK ONCE SUNNYMOON,juniormark once sunnymoon,,,,,,
2026-08-08T05:46:52.463944+00:00,20260808-054652,https://trends24.in/indonesia/,Fri Aug 07 2026 15:12:51 GMT+0000 (Coordinated Universal Time),10,Rizky Ridho,rizky ridho,,,,,,
2026-08-08T05:46:52.463944+00:00,20260808-054652,https://trends24.in/indonesia/,Fri Aug 07 2026 15:12:51 GMT+0000 (Coordinated Universal Time),11,John Herdman,john herdman,,,,,,
2026-08-08T05:46:52.463944+00:00,20260808-054652,https://trends24.in/indonesia/,Fri Aug 07 2026 15:12:51 GMT+0000 (Coordinated Universal Time),12,Ragnar,ragnar,,,,,,
2026-08-08T05:46:52.463944+00:00,20260808-054652,https://trends24.in/indonesia/,Fri Aug 07 2026 15:12:51 GMT+0000 (Coordinated Universal Time),13,Cahya,cahya,,,,,,
2026-08-08T05:46:52.463944+00:00,20260808-054652,https://trends24.in/indonesia/,Fri Aug 07 2026 15:12:51 GMT+0000 (Coordinated Universal Time),14,TRAILER MR FANBOY,trailer mr fanboy,,,,,,
2026-08-08T05:46:52.463944+00:00,20260808-054652,https://trends24.in/indonesia/,Fri Aug 07 2026 15:12:51 GMT+0000 (Coordinated Universal Time),15,Oman,oman,,,,,,
2026-08-08T05:46:52.463944+00:00,20260808-054652,https://trends24.in/indonesia/,Fri Aug 07 2026 15:12:51 GMT+0000 (Coordinated Universal Time),16,Singapore,singapore,,,,,,
2026-08-08T05:46:52.463944+00:00,20260808-054652,https://trends24.in/indonesia/,Fri Aug 07 2026 15:12:51 GMT+0000 (Coordinated Universal Time),17,Ivar,ivar,,,,,,
2026-08-08T05:46:52.463944+00:00,20260808-054652,https://trends24.in/indonesia/,Fri Aug 07 2026 15:12:51 GMT+0000 (Coordinated Universal Time),18,DBTE RULES EP7,dbte rules ep7,,,,,,
2026-08-08T05:46:52.463944+00:00,20260808-054652,https://trends24.in/indonesia/,Fri Aug 07 2026 15:12:51 GMT+0000 (Coordinated Universal Time),19,seungcheol,seungcheol,,,,,,
2026-08-08T05:46:52.463944+00:00,20260808-054652,https://trends24.in/indonesia/,Fri Aug 07 2026 15:12:51 GMT+0000 (Coordinated Universal Time),20,jeno,jeno,,,,,,
2026-08-08T05:46:52.463944+00:00,20260808-054652,https://trends24.in/indonesia/,Fri Aug 07 2026 15:12:51 GMT+0000 (Coordinated Universal Time),21,Pelatih,pelatih,,,,,,
2026-08-08T05:46:52.463944+00:00,20260808-054652,https://trends24.in/indonesia/,Fri Aug 07 2026 15:12:51 GMT+0000 (Coordinated Universal Time),22,Baker,baker,,,,,,
2026-08-08T05:46:52.463944+00:00,20260808-054652,https://trends24.in/indonesia/,Fri Aug 07 2026 15:12:51 GMT+0000 (Coordinated Universal Time),23,EST x MAGNUM PISTACHIO,est x magnum pistachio,,,,,,
2026-08-08T05:46:52.463944+00:00,20260808-054652,https://trends24.in/indonesia/,Fri Aug 07 2026 15:12:51 GMT+0000 (Coordinated Universal Time),24,Klok,klok,,,,,,
2026-08-08T05:46:52.463944+00:00,20260808-054652,https://trends24.in/indonesia/,Fri Aug 07 2026 15:12:51 GMT+0000 (Coordinated Universal Time),25,Eliano,eliano,,,,,,
2026-08-08T05:46:52.463944+00:00,20260808-054652,https://trends24.in/indonesia/,Fri Aug 07 2026 15:12:51 GMT+0000 (Coordinated Universal Time),26,Beckham,beckham,,,,,,
2026-08-08T05:46:52.463944+00:00,20260808-054652,https://trends24.in/indonesia/,Fri Aug 07 2026 15:12:51 GMT+0000 (Coordinated Universal Time),27,Piala Asia,piala asia,,,,,,
2026-08-08T05:46:52.463944+00:00,20260808-054652,https://trends24.in/indonesia/,Fri Aug 07 2026 15:12:51 GMT+0000 (Coordinated Universal Time),28,KARINA NEW SOLO MUSIC,karina new solo music,,,,,,
2026-08-08T05:46:52.463944+00:00,20260808-054652,https://trends24.in/indonesia/,Fri Aug 07 2026 15:12:51 GMT+0000 (Coordinated Universal Time),29,FORCEBOOK WITH SHOKUBUTSU,forcebook with shokubutsu,,,,,,
2026-08-08T05:46:52.463944+00:00,20260808-054652,https://trends24.in/indonesia/,Fri Aug 07 2026 15:12:51 GMT+0000 (Coordinated Universal Time),30,Five Stars Bali,five stars bali,,,,,,
2026-08-08T05:46:52.463944+00:00,20260808-054652,https://trends24.in/indonesia/,Fri Aug 07 2026 15:12:51 GMT+0000 (Coordinated Universal Time),31,Garuda,garuda,,,,,,
2026-08-08T05:46:52.463944+00:00,20260808-054652,https://trends24.in/indonesia/,Fri Aug 07 2026 15:12:51 GMT+0000 (Coordinated Universal Time),32,NINGNING SOLO4,ningning solo4,,,,,,
2026-08-08T05:46:52.463944+00:00,20260808-054652,https://trends24.in/indonesia/,Fri Aug 07 2026 15:12:51 GMT+0000 (Coordinated Universal Time),33,Liga 1,liga 1,,,,,,
2026-08-08T05:46:52.463944+00:00,20260808-054652,https://trends24.in/indonesia/,Fri Aug 07 2026 15:12:51 GMT+0000 (Coordinated Universal Time),34,Optimis,optimis,,,,,,
2026-08-08T05:46:52.463944+00:00,20260808-054652,https://trends24.in/indonesia/,Fri Aug 07 2026 15:12:51 GMT+0000 (Coordinated Universal Time),35,JNJM,jnjm,,,,,,
2026-08-08T05:46:52.463944+00:00,20260808-054652,https://trends24.in/indonesia/,Fri Aug 07 2026 15:12:51 GMT+0000 (Coordinated Universal Time),36,EST AT SATUR FLAGSHIP,est at satur flagship,,,,,,
2026-08-08T05:46:52.463944+00:00,20260808-054652,https://trends24.in/indonesia/,Fri Aug 07 2026 15:12:51 GMT+0000 (Coordinated Universal Time),37,RSCM,rscm,,,,,,
2026-08-08T05:46:52.463944+00:00,20260808-054652,https://trends24.in/indonesia/,Fri Aug 07 2026 15:12:51 GMT+0000 (Coordinated Universal Time),38,BRIN,brin,,,,,,
2026-08-08T05:46:52.463944+00:00,20260808-054652,https://trends24.in/indonesia/,Fri Aug 07 2026 15:12:51 GMT+0000 (Coordinated Universal Time),39,MOOMIN X RENJUN,moomin x renjun,,,,,,
2026-08-08T05:46:52.463944+00:00,20260808-054652,https://trends24.in/indonesia/,Fri Aug 07 2026 15:12:51 GMT+0000 (Coordinated Universal Time),40,Kentang,kentang,,,,,,
2026-08-08T05:46:52.463944+00:00,20260808-054652,https://trends24.in/indonesia/,Fri Aug 07 2026 15:12:51 GMT+0000 (Coordinated Universal Time),41,ARTMS,artms,,,,,,
2026-08-08T05:46:52.463944+00:00,20260808-054652,https://trends24.in/indonesia/,Fri Aug 07 2026 15:12:51 GMT+0000 (Coordinated Universal Time),42,20.00 WIB,20.00 wib,,,,,,
2026-08-08T05:46:52.463944+00:00,20260808-054652,https://trends24.in/indonesia/,Fri Aug 07 2026 15:12:51 GMT+0000 (Coordinated Universal Time),43,David,david,,,,,,
2026-08-08T05:46:52.463944+00:00,20260808-054652,https://trends24.in/indonesia/,Fri Aug 07 2026 15:12:51 GMT+0000 (Coordinated Universal Time),44,#BLACKPINK10thAnniversary,blackpink10thanniversary,,,,,,
2026-08-08T05:46:52.463944+00:00,20260808-054652,https://trends24.in/indonesia/,Fri Aug 07 2026 15:12:51 GMT+0000 (Coordinated Universal Time),45,#à¸à¸±à¸§à¸­à¸¢à¹à¸²à¸à¹à¸à¸à¸à¸­à¸¢,à¸à¸±à¸§à¸­à¸¢à¹à¸²à¸à¹à¸à¸à¸à¸­à¸¢,,,,,,
2026-08-08T05:46:52.463944+00:00,20260808-054652,https://trends24.in/indonesia/,Fri Aug 07 2026 15:12:51 GMT+0000 (Coordinated Universal Time),46,#ASEANHyundaiCup,aseanhyundaicup,,,,,,
2026-08-08T05:46:52.463944+00:00,20260808-054652,https://trends24.in/indonesia/,Fri Aug 07 2026 15:12:51 GMT+0000 (Coordinated Universal Time),47,#à¸­à¸¢à¹à¸²à¸à¸­à¸à¸µà¹à¹à¸à¸EP7,à¸­à¸¢à¹à¸²à¸à¸­à¸à¸µà¹à¹à¸à¸ep7,,,,,,
2026-08-08T05:46:52.463944+00:00,20260808-054652,https://trends24.in/indonesia/,Fri Aug 07 2026 15:12:51 GMT+0000 (Coordinated Universal Time),48,#WEIRDO101SeriesSpecial,weirdo101seriesspecial,,,,,,
2026-08-08T05:46:52.463944+00:00,20260808-054652,https://trends24.in/indonesia/,Fri Aug 07 2026 15:12:51 GMT+0000 (Coordinated Universal Time),49,#ìì¤ì¿±ì¤,ìì¤ì¿±ì¤,,,,,,
2026-08-08T05:46:52.463944+00:00,20260808-054652,https://trends24.in/indonesia/,Fri Aug 07 2026 15:12:51 GMT+0000 (Coordinated Universal Time),50,#TAEHYUNGxCHAMPION,taehyungxchampion,,,,,,
2026-08-08T05:46:52.463944+00:00,20260808-054652,https://trends24.in/indonesia/,Fri Aug 07 2026 14:20:26 GMT+0000 (Coordinated Universal Time),1,SMARTFREN Unlimited 5G,smartfren unlimited 5g,,,,,,
2026-08-08T05:46:52.463944+00:00,20260808-054652,https://trends24.in/indonesia/,Fri Aug 07 2026 14:20:26 GMT+0000 (Coordinated Universal Time),2,#TimnasDay,timnasday,,,,,,
2026-08-08T05:46:52.463944+00:00,20260808-054652,https://trends24.in/indonesia/,Fri Aug 07 2026 14:20:26 GMT+0000 (Coordinated Universal Time),3,#BerantasTHMNarkoba,berantasthmnarkoba,,,,,,
2026-08-08T05:46:52.463944+00:00,20260808-054652,https://trends24.in/indonesia/,Fri Aug 07 2026 14:20:26 GMT+0000 (Coordinated Universal Time),4,#JuniorMarkConcertD1,juniormarkconcertd1,,,,,,
2026-08-08T05:46:52.463944+00:00,20260808-054652,https://trends24.in/indonesia/,Fri Aug 07 2026 14:20:26 GMT+0000 (Coordinated Universal Time),5,JUNIORMARK ONCE SUNNYMOON,juniormark once sunnymoon,,,,,,
2026-08-08T05:46:52.463944+00:00,20260808-054652,https://trends24.in/indonesia/,Fri Aug 07 2026 14:20:26 GMT+0000 (Coordinated Universal Time),6,Ragnar,ragnar,,,,,,
2026-08-08T05:46:52.463944+00:00,20260808-054652,https://trends24.in/indonesia/,Fri Aug 07 2026 14:20:26 GMT+0000 (Coordinated Universal Time),7,#à¸à¸±à¸§à¸­à¸¢à¹à¸²à¸à¹à¸à¸à¸à¸­à¸¢,à¸à¸±à¸§à¸­à¸¢à¹à¸²à¸à¹à¸à¸à¸à¸­à¸¢,,,,,,
2026-08-08T05:46:52.463944+00:00,20260808-054652,https://trends24.in/indonesia/,Fri Aug 07 2026 14:20:26 GMT+0000 (Coordinated Universal Time),8,TRAILER MR FANBOY,trailer mr fanboy,,,,,,
2026-08-08T05:46:52.463944+00:00,20260808-054652,https://trends24.in/indonesia/,Fri Aug 07 2026 14:20:26 GMT+0000 (Coordinated Universal Time),9,Singapura,singapura,,,,,,
2026-08-08T05:46:52.463944+00:00,20260808-054652,https://trends24.in/indonesia/,Fri Aug 07 2026 14:20:26 GMT+0000 (Coordinated Universal Time),10,Wasit,wasit,,,,,,
2026-08-08T05:46:52.463944+00:00,20260808-054652,https://trends24.in/indonesia/,Fri Aug 07 2026 14:20:26 GMT+0000 (Coordinated Universal Time),11,#MagnumTHxEst,magnumthxest,,,,,,
2026-08-08T05:46:52.463944+00:00,20260808-054652,https://trends24.in/indonesia/,Fri Aug 07 2026 14:20:26 GMT+0000 (Coordinated Universal Time),12,EST x MAGNUM PISTACHIO,est x magnum pistachio,,,,,,
2026-08-08T05:46:52.463944+00:00,20260808-054652,https://trends24.in/indonesia/,Fri Aug 07 2026 14:20:26 GMT+0000 (Coordinated Universal Time),13,jeno,jeno,,,,,,
2026-08-08T05:46:52.463944+00:00,20260808-054652,https://trends24.in/indonesia/,Fri Aug 07 2026 14:20:26 GMT+0000 (Coordinated Universal Time),14,Baker,baker,,,,,,
2026-08-08T05:46:52.463944+00:00,20260808-054652,https://trends24.in/indonesia/,Fri Aug 07 2026 14:20:26 GMT+0000 (Coordinated Universal Time),15,Cahya Supriadi,cahya supriadi,,,,,,
2026-08-08T05:46:52.463944+00:00,20260808-054652,https://trends24.in/indonesia/,Fri Aug 07 2026 14:20:26 GMT+0000 (Coordinated Universal Time),16,DBTE RULES EP7,dbte rules ep7,,,,,,
2026-08-08T05:46:52.463944+00:00,20260808-054652,https://trends24.in/indonesia/,Fri Aug 07 2026 14:20:26 GMT+0000 (Coordinated Universal Time),17,KARINA NEW SOLO MUSIC,karina new solo music,,,,,,
2026-08-08T05:46:52.463944+00:00,20260808-054652,https://trends24.in/indonesia/,Fri Aug 07 2026 14:20:26 GMT+0000 (Coordinated Universal Time),18,Eliano,eliano,,,,,,
2026-08-08T05:46:52.463944+00:00,20260808-054652,https://trends24.in/indonesia/,Fri Aug 07 2026 14:20:26 GMT+0000 (Coordinated Universal Time),19,Five Stars Bali,five stars bali,,,,,,
2026-08-08T05:46:52.463944+00:00,20260808-054652,https://trends24.in/indonesia/,Fri Aug 07 2026 14:20:26 GMT+0000 (Coordinated Universal Time),20,EST AT SATUR FLAGSHIP,est at satur flagship,,,,,,
2026-08-08T05:46:52.463944+00:00,20260808-054652,https://trends24.in/indonesia/,Fri Aug 07 2026 14:20:26 GMT+0000 (Coordinated Universal Time),21,Optimis,optimis,,,,,,
2026-08-08T05:46:52.463944+00:00,20260808-054652,https://trends24.in/indonesia/,Fri Aug 07 2026 14:20:26 GMT+0000 (Coordinated Universal Time),22,RSCM,rscm,,,,,,
2026-08-08T05:46:52.463944+00:00,20260808-054652,https://trends24.in/indonesia/,Fri Aug 07 2026 14:20:26 GMT+0000 (Coordinated Universal Time),23,ARTMS,artms,,,,,,
2026-08-08T05:46:52.463944+00:00,20260808-054652,https://trends24.in/indonesia/,Fri Aug 07 2026 14:20:26 GMT+0000 (Coordinated Universal Time),24,BRIN,brin,,,,,,
2026-08-08T05:46:52.463944+00:00,20260808-054652,https://trends24.in/indonesia/,Fri Aug 07 2026 14:20:26 GMT+0000 (Coordinated Universal Time),25,MOOMIN X RENJUN,moomin x renjun,,,,,,
2026-08-08T05:46:52.463944+00:00,20260808-054652,https://trends24.in/indonesia/,Fri Aug 07 2026 14:20:26 GMT+0000 (Coordinated Universal Time),26,JNJM,jnjm,,,,,,
2026-08-08T05:46:52.463944+00:00,20260808-054652,https://trends24.in/indonesia/,Fri Aug 07 2026 14:20:26 GMT+0000 (Coordinated Universal Time),27,20.00 WIB,20.00 wib,,,,,,
2026-08-08T05:46:52.463944+00:00,20260808-054652,https://trends24.in/indonesia/,Fri Aug 07 2026 14:20:26 GMT+0000 (Coordinated Universal Time),28,David,david,,,,,,
2026-08-08T05:46:52.463944+00:00,20260808-054652,https://trends24.in/indonesia/,Fri Aug 07 2026 14:20:26 GMT+0000 (Coordinated Universal Time),29,Kentang,kentang,,,,,,
2026-08-08T05:46:52.463944+00:00,20260808-054652,https://trends24.in/indonesia/,Fri Aug 07 2026 14:20:26 GMT+0000 (Coordinated Universal Time),30,Stray Kids,stray kids,,,,,,
2026-08-08T05:46:52.463944+00:00,20260808-054652,https://trends24.in/indonesia/,Fri Aug 07 2026 14:20:26 GMT+0000 (Coordinated Universal Time),31,AC Milan,ac milan,,,,,,
2026-08-08T05:46:52.463944+00:00,20260808-054652,https://trends24.in/indonesia/,Fri Aug 07 2026 14:20:26 GMT+0000 (Coordinated Universal Time),32,Sepatu,sepatu,,,,,,
2026-08-08T05:46:52.463944+00:00,20260808-054652,https://trends24.in/indonesia/,Fri Aug 07 2026 14:20:26 GMT+0000 (Coordinated Universal Time),33,SKZ THIS AND THAT DAY,skz this and that day,,,,,,
2026-08-08T05:46:52.463944+00:00,20260808-054652,https://trends24.in/indonesia/,Fri Aug 07 2026 14:20:26 GMT+0000 (Coordinated Universal Time),34,Johnny,johnny,,,,,,
2026-08-08T05:46:52.463944+00:00,20260808-054652,https://trends24.in/indonesia/,Fri Aug 07 2026 14:20:26 GMT+0000 (Coordinated Universal Time),35,#GAWIN_BehindTheScenes,gawin_behindthescenes,,,,,,
2026-08-08T05:46:52.463944+00:00,20260808-054652,https://trends24.in/indonesia/,Fri Aug 07 2026 14:20:26 GMT+0000 (Coordinated Universal Time),36,#ì¹´ë¦¬ë_ì ê³¡_ê³µê°,ì¹´ë¦¬ë_ì ê³¡_ê³µê°,,,,,,
2026-08-08T05:46:52.463944+00:00,20260808-054652,https://trends24.in/indonesia/,Fri Aug 07 2026 14:20:26 GMT+0000 (Coordinated Universal Time),37,#à¸­à¸¢à¹à¸²à¸à¸­à¸à¸µà¹à¹à¸à¸EP7,à¸­à¸¢à¹à¸²à¸à¸­à¸à¸µà¹à¹à¸à¸ep7,,,,,,
2026-08-08T05:46:52.463944+00:00,20260808-054652,https://trends24.in/indonesia/,Fri Aug 07 2026 14:20:26 GMT+0000 (Coordinated Universal Time),38,#GISELLENewFlow,gisellenewflow,,,,,,
2026-08-08T05:46:52.463944+00:00,20260808-054652,https://trends24.in/indonesia/,Fri Aug 07 2026 14:20:26 GMT+0000 (Coordinated Universal Time),39,#YuuchanxLunar,yuuchanxlunar,,,,,,
2026-08-08T05:46:52.463944+00:00,20260808-054652,https://trends24.in/indonesia/,Fri Aug 07 2026 14:20:26 GMT+0000 (Coordinated Universal Time),40,#PajamaDriveJKT48,pajamadrivejkt48,,,,,,
2026-08-08T05:46:52.463944+00:00,20260808-054652,https://trends24.in/indonesia/,Fri Aug 07 2026 14:20:26 GMT+0000 (Coordinated Universal Time),41,#SCOUPS,scoups,,,,,,
2026-08-08T05:46:52.463944+00:00,20260808-054652,https://trends24.in/indonesia/,Fri Aug 07 2026 14:20:26 GMT+0000 (Coordinated Universal Time),42,#ShokubutsuXForcebook,shokubutsuxforcebook,,,,,,
2026-08-08T05:46:52.463944+00:00,20260808-054652,https://trends24.in/indonesia/,Fri Aug 07 2026 14:20:26 GMT+0000 (Coordinated Universal Time),43,#WINTERxSYNK_COMPLaeXITY,winterxsynk_complaexity,,,,,,
2026-08-08T05:46:52.463944+00:00,20260808-054652,https://trends24.in/indonesia/,Fri Aug 07 2026 14:20:26 GMT+0000 (Coordinated Universal Time),44,#ìí°ìë¡ì¶¤ì¶ë¤,ìí°ìë¡ì¶¤ì¶ë¤,,,,,,
2026-08-08T05:46:52.463944+00:00,20260808-054652,https://trends24.in/indonesia/,Fri Aug 07 2026 14:20:26 GMT+0000 (Coordinated Universal Time),45,#NINGNING,ningning,,,,,,
2026-08-08T05:46:52.463944+00:00,20260808-054652,https://trends24.in/indonesia/,Fri Aug 07 2026 14:20:26 GMT+0000 (Coordinated Universal Time),46,#à¸«à¸¡à¸´à¸§à¸à¸±à¸à¸à¸²,à¸«à¸¡à¸´à¸§à¸à¸±à¸à¸à¸²,,,,,,
2026-08-08T05:46:52.463944+00:00,20260808-054652,https://trends24.in/indonesia/,Fri Aug 07 2026 14:20:26 GMT+0000 (Coordinated Universal Time),47,#MiuNatsha,miunatsha,,,,,,
2026-08-08T05:46:52.463944+00:00,20260808-054652,https://trends24.in/indonesia/,Fri Aug 07 2026 14:20:26 GMT+0000 (Coordinated Universal Time),48,#MrFanboySeries,mrfanboyseries,,,,,,
2026-08-08T05:46:52.463944+00:00,20260808-054652,https://trends24.in/indonesia/,Fri Aug 07 2026 14:20:26 GMT+0000 (Coordinated Universal Time),49,#à¸£à¸±à¸à¸ªà¸¸à¸à¹à¸à¸à¸²à¸¢à¹à¸à¸à¸à¸­à¸¢Series,à¸£à¸±à¸à¸ªà¸¸à¸à¹à¸à¸à¸²à¸¢à¹à¸à¸à¸à¸­à¸¢series,,,,,,
2026-08-08T05:46:52.463944+00:00,20260808-054652,https://trends24.in/indonesia/,Fri Aug 07 2026 14:20:26 GMT+0000 (Coordinated Universal Time),50,#Hearts2Hearts_ICONICHEART,hearts2hearts_iconicheart,,,,,,
2026-08-08T05:46:52.463944+00:00,20260808-054652,https://trends24.in/indonesia/,Fri Aug 07 2026 13:28:31 GMT+0000 (Coordinated Universal Time),1,#BerantasTHMNarkoba,berantasthmnarkoba,,,,,,
2026-08-08T05:46:52.463944+00:00,20260808-054652,https://trends24.in/indonesia/,Fri Aug 07 2026 13:28:31 GMT+0000 (Coordinated Universal Time),2,#TimnasDay,timnasday,,,,,,
2026-08-08T05:46:52.463944+00:00,20260808-054652,https://trends24.in/indonesia/,Fri Aug 07 2026 13:28:31 GMT+0000 (Coordinated Universal Time),3,#JuniorMarkConcertD1,juniormarkconcertd1,,,,,,
2026-08-08T05:46:52.463944+00:00,20260808-054652,https://trends24.in/indonesia/,Fri Aug 07 2026 13:28:31 GMT+0000 (Coordinated Universal Time),4,#à¸à¸±à¸§à¸­à¸¢à¹à¸²à¸à¹à¸à¸à¸à¸­à¸¢,à¸à¸±à¸§à¸­à¸¢à¹à¸²à¸à¹à¸à¸à¸à¸­à¸¢,,,,,,
2026-08-08T05:46:52.463944+00:00,20260808-054652,https://trends24.in/indonesia/,Fri Aug 07 2026 13:28:31 GMT+0000 (Coordinated Universal Time),5,TRAILER MR FANBOY,trailer mr fanboy,,,,,,
2026-08-08T05:46:52.463944+00:00,20260808-054652,https://trends24.in/indonesia/,Fri Aug 07 2026 13:28:31 GMT+0000 (Coordinated Universal Time),6,JUNIORMARK ONCE SUNNYMOON,juniormark once sunnymoon,,,,,,
2026-08-08T05:46:52.463944+00:00,20260808-054652,https://trends24.in/indonesia/,Fri Aug 07 2026 13:28:31 GMT+0000 (Coordinated Universal Time),7,#GAWIN_BehindTheScenes,gawin_behindthescenes,,,,,,
2026-08-08T05:46:52.463944+00:00,20260808-054652,https://trends24.in/indonesia/,Fri Aug 07 2026 13:28:31 GMT+0000 (Coordinated Universal Time),8,EST x MAGNUM PISTACHIO,est x magnum pistachio,,,,,,
2026-08-08T05:46:52.463944+00:00,20260808-054652,https://trends24.in/indonesia/,Fri Aug 07 2026 13:28:31 GMT+0000 (Coordinated Universal Time),9,KARINA NEW SOLO MUSIC,karina new solo music,,,,,,
2026-08-08T05:46:52.463944+00:00,20260808-054652,https://trends24.in/indonesia/,Fri Aug 07 2026 13:28:31 GMT+0000 (Coordinated Universal Time),10,Five Stars Bali,five stars bali,,,,,,
2026-08-08T05:46:52.463944+00:00,20260808-054652,https://trends24.in/indonesia/,Fri Aug 07 2026 13:28:31 GMT+0000 (Coordinated Universal Time),11,LUNAR DANCE WITH ISUZU,lunar dance with isuzu,,,,,,
2026-08-08T05:46:52.463944+00:00,20260808-054652,https://trends24.in/indonesia/,Fri Aug 07 2026 13:28:31 GMT+0000 (Coordinated Universal Time),12,Tolak Angin,tolak angin,,,,,,
2026-08-08T05:46:52.463944+00:00,20260808-054652,https://trends24.in/indonesia/,Fri Aug 07 2026 13:28:31 GMT+0000 (Coordinated Universal Time),13,Cahya Supriadi,cahya supriadi,,,,,,
2026-08-08T05:46:52.463944+00:00,20260808-054652,https://trends24.in/indonesia/,Fri Aug 07 2026 13:28:31 GMT+0000 (Coordinated Universal Time),14,Indonesia vs Singapura,indonesia vs singapura,,,,,,
2026-08-08T05:46:52.463944+00:00,20260808-054652,https://trends24.in/indonesia/,Fri Aug 07 2026 13:28:31 GMT+0000 (Coordinated Universal Time),15,EST AT SATUR FLAGSHIP,est at satur flagship,,,,,,
2026-08-08T05:46:52.463944+00:00,20260808-054652,https://trends24.in/indonesia/,Fri Aug 07 2026 13:28:31 GMT+0000 (Coordinated Universal Time),16,Mitchell Baker,mitchell baker,,,,,,
2026-08-08T05:46:52.463944+00:00,20260808-054652,https://trends24.in/indonesia/,Fri Aug 07 2026 13:28:31 GMT+0000 (Coordinated Universal Time),17,Optimis,optimis,,,,,,
2026-08-08T05:46:52.463944+00:00,20260808-054652,https://trends24.in/indonesia/,Fri Aug 07 2026 13:28:31 GMT+0000 (Coordinated Universal Time),18,RSCM,rscm,,,,,,
2026-08-08T05:46:52.463944+00:00,20260808-054652,https://trends24.in/indonesia/,Fri Aug 07 2026 13:28:31 GMT+0000 (Coordinated Universal Time),19,MOOMIN X RENJUN,moomin x renjun,,,,,,
2026-08-08T05:46:52.463944+00:00,20260808-054652,https://trends24.in/indonesia/,Fri Aug 07 2026 13:28:31 GMT+0000 (Coordinated Universal Time),20,BRIN,brin,,,,,,
2026-08-08T05:46:52.463944+00:00,20260808-054652,https://trends24.in/indonesia/,Fri Aug 07 2026 13:28:31 GMT+0000 (Coordinated Universal Time),21,ARTMS,artms,,,,,,
2026-08-08T05:46:52.463944+00:00,20260808-054652,https://trends24.in/indonesia/,Fri Aug 07 2026 13:28:31 GMT+0000 (Coordinated Universal Time),22,JNJM,jnjm,,,,,,
2026-08-08T05:46:52.463944+00:00,20260808-054652,https://trends24.in/indonesia/,Fri Aug 07 2026 13:28:31 GMT+0000 (Coordinated Universal Time),23,20.00 WIB,20.00 wib,,,,,,
2026-08-08T05:46:52.463944+00:00,20260808-054652,https://trends24.in/indonesia/,Fri Aug 07 2026 13:28:31 GMT+0000 (Coordinated Universal Time),24,David,david,,,,,,
2026-08-08T05:46:52.463944+00:00,20260808-054652,https://trends24.in/indonesia/,Fri Aug 07 2026 13:28:31 GMT+0000 (Coordinated Universal Time),25,Kentang,kentang,,,,,,
2026-08-08T05:46:52.463944+00:00,20260808-054652,https://trends24.in/indonesia/,Fri Aug 07 2026 13:28:31 GMT+0000 (Coordinated Universal Time),26,Stray Kids,stray kids,,,,,,
2026-08-08T05:46:52.463944+00:00,20260808-054652,https://trends24.in/indonesia/,Fri Aug 07 2026 13:28:31 GMT+0000 (Coordinated Universal Time),27,AC Milan,ac milan,,,,,,
2026-08-08T05:46:52.463944+00:00,20260808-054652,https://trends24.in/indonesia/,Fri Aug 07 2026 13:28:31 GMT+0000 (Coordinated Universal Time),28,Sepatu,sepatu,,,,,,
2026-08-08T05:46:52.463944+00:00,20260808-054652,https://trends24.in/indonesia/,Fri Aug 07 2026 13:28:31 GMT+0000 (Coordinated Universal Time),29,SKZ THIS AND THAT DAY,skz this and that day,,,,,,
2026-08-08T05:46:52.463944+00:00,20260808-054652,https://trends24.in/indonesia/,Fri Aug 07 2026 13:28:31 GMT+0000 (Coordinated Universal Time),30,Johnny,johnny,,,,,,
2026-08-08T05:46:52.463944+00:00,20260808-054652,https://trends24.in/indonesia/,Fri Aug 07 2026 13:28:31 GMT+0000 (Coordinated Universal Time),31,#ì¹´ë¦¬ë_ì ê³¡_ê³µê°,ì¹´ë¦¬ë_ì ê³¡_ê³µê°,,,,,,
2026-08-08T05:46:52.463944+00:00,20260808-054652,https://trends24.in/indonesia/,Fri Aug 07 2026 13:28:31 GMT+0000 (Coordinated Universal Time),32,#MagnumTHxEst,magnumthxest,,,,,,
2026-08-08T05:46:52.463944+00:00,20260808-054652,https://trends24.in/indonesia/,Fri Aug 07 2026 13:28:31 GMT+0000 (Coordinated Universal Time),33,#WINTERxSYNK_COMPLaeXITY,winterxsynk_complaexity,,,,,,
2026-08-08T05:46:52.463944+00:00,20260808-054652,https://trends24.in/indonesia/,Fri Aug 07 2026 13:28:31 GMT+0000 (Coordinated Universal Time),34,#ìí°ìë¡ì¶¤ì¶ë¤,ìí°ìë¡ì¶¤ì¶ë¤,,,,,,
2026-08-08T05:46:52.463944+00:00,20260808-054652,https://trends24.in/indonesia/,Fri Aug 07 2026 13:28:31 GMT+0000 (Coordinated Universal Time),35,#GISELLENewFlow,gisellenewflow,,,,,,
2026-08-08T05:46:52.463944+00:00,20260808-054652,https://trends24.in/indonesia/,Fri Aug 07 2026 13:28:31 GMT+0000 (Coordinated Universal Time),36,#PajamaDriveJKT48,pajamadrivejkt48,,,,,,
2026-08-08T05:46:52.463944+00:00,20260808-054652,https://trends24.in/indonesia/,Fri Aug 07 2026 13:28:31 GMT+0000 (Coordinated Universal Time),37,#SCOUPS,scoups,,,,,,
2026-08-08T05:46:52.463944+00:00,20260808-054652,https://trends24.in/indonesia/,Fri Aug 07 2026 13:28:31 GMT+0000 (Coordinated Universal Time),38,#à¸£à¸±à¸à¸ªà¸¸à¸à¹à¸à¸à¸²à¸¢à¹à¸à¸à¸à¸­à¸¢Series,à¸£à¸±à¸à¸ªà¸¸à¸à¹à¸à¸à¸²à¸¢à¹à¸à¸à¸à¸­à¸¢series,,,,,,
2026-08-08T05:46:52.463944+00:00,20260808-054652,https://trends24.in/indonesia/,Fri Aug 07 2026 13:28:31 GMT+0000 (Coordinated Universal Time),39,#NINGNING,ningning,,,,,,
2026-08-08T05:46:52.463944+00:00,20260808-054652,https://trends24.in/indonesia/,Fri Aug 07 2026 13:28:31 GMT+0000 (Coordinated Universal Time),40,#MrFanboySeries,mrfanboyseries,,,,,,
2026-08-08T05:46:52.463944+00:00,20260808-054652,https://trends24.in/indonesia/,Fri Aug 07 2026 13:28:31 GMT+0000 (Coordinated Universal Time),41,#TebakSkorPialaAFF,tebakskorpialaaff,,,,,,
2026-08-08T05:46:52.463944+00:00,20260808-054652,https://trends24.in/indonesia/,Fri Aug 07 2026 13:28:31 GMT+0000 (Coordinated Universal Time),42,#Hearts2Hearts_ICONICHEART,hearts2hearts_iconicheart,,,,,,
2026-08-08T05:46:52.463944+00:00,20260808-054652,https://trends24.in/indonesia/,Fri Aug 07 2026 13:28:31 GMT+0000 (Coordinated Universal Time),43,#à¸«à¸¡à¸´à¸§à¸à¸±à¸à¸à¸²,à¸«à¸¡à¸´à¸§à¸à¸±à¸à¸à¸²,,,,,,
2026-08-08T05:46:52.463944+00:00,20260808-054652,https://trends24.in/indonesia/,Fri Aug 07 2026 13:28:31 GMT+0000 (Coordinated Universal Time),44,#MiuNatsha,miunatsha,,,,,,
2026-08-08T05:46:52.463944+00:00,20260808-054652,https://trends24.in/indonesia/,Fri Aug 07 2026 13:28:31 GMT+0000 (Coordinated Universal Time),45,#ESTWITHMYSATUR,estwithmysatur,,,,,,
2026-08-08T05:46:52.463944+00:00,20260808-054652,https://trends24.in/indonesia/,Fri Aug 07 2026 13:28:31 GMT+0000 (Coordinated Universal Time),46,#TebakSkorMW,tebakskormw,,,,,,
2026-08-08T05:46:52.463944+00:00,20260808-054652,https://trends24.in/indonesia/,Fri Aug 07 2026 13:28:31 GMT+0000 (Coordinated Universal Time),47,#DiesVenErine,diesvenerine,,,,,,
2026-08-08T05:46:52.463944+00:00,20260808-054652,https://trends24.in/indonesia/,Fri Aug 07 2026 13:28:31 GMT+0000 (Coordinated Universal Time),48,#Skortify,skortify,,,,,,
2026-08-08T05:46:52.463944+00:00,20260808-054652,https://trends24.in/indonesia/,Fri Aug 07 2026 13:28:31 GMT+0000 (Coordinated Universal Time),49,#MandeeWork,mandeework,,,,,,
2026-08-08T05:46:52.463944+00:00,20260808-054652,https://trends24.in/indonesia/,Fri Aug 07 2026 13:28:31 GMT+0000 (Coordinated Universal Time),50,#Gravity_MV,gravity_mv,,,,,,
