captured_at_utc,run_id,source_url,hour_label,rank,name,name_norm,tweet_count_raw,tweet_count,best_position,total_tweets,trending_for_raw,trending_for_hours
2026-08-14T04:31:24.749832+00:00,20260814-043124,https://trends24.in/indonesia/,Fri Aug 14 2026 03:44:08 GMT+0000 (Coordinated Universal Time),1,#JanganCatutAffan,jangancatutaffan,,,,,,
2026-08-14T04:31:24.749832+00:00,20260814-043124,https://trends24.in/indonesia/,Fri Aug 14 2026 03:44:08 GMT+0000 (Coordinated Universal Time),2,Jangan Rayakan Duka,jangan rayakan duka,,,,,,
2026-08-14T04:31:24.749832+00:00,20260814-043124,https://trends24.in/indonesia/,Fri Aug 14 2026 03:44:08 GMT+0000 (Coordinated Universal Time),3,#ARKANA3D,arkana3d,,,,,,
2026-08-14T04:31:24.749832+00:00,20260814-043124,https://trends24.in/indonesia/,Fri Aug 14 2026 03:44:08 GMT+0000 (Coordinated Universal Time),4,Selamat Hari Pramuka,selamat hari pramuka,,,,,,
2026-08-14T04:31:24.749832+00:00,20260814-043124,https://trends24.in/indonesia/,Fri Aug 14 2026 03:44:08 GMT+0000 (Coordinated Universal Time),5,#PYPD_IN_LA,pypd_in_la,,,,,,
2026-08-14T04:31:24.749832+00:00,20260814-043124,https://trends24.in/indonesia/,Fri Aug 14 2026 03:44:08 GMT+0000 (Coordinated Universal Time),6,Jumat,jumat,,,,,,
2026-08-14T04:31:24.749832+00:00,20260814-043124,https://trends24.in/indonesia/,Fri Aug 14 2026 03:44:08 GMT+0000 (Coordinated Universal Time),7,#XDINARYHEROESIS6,xdinaryheroesis6,,,,,,
2026-08-14T04:31:24.749832+00:00,20260814-043124,https://trends24.in/indonesia/,Fri Aug 14 2026 03:44:08 GMT+0000 (Coordinated Universal Time),8,#LETGUNILSTAY,letgunilstay,,,,,,
2026-08-14T04:31:24.749832+00:00,20260814-043124,https://trends24.in/indonesia/,Fri Aug 14 2026 03:44:08 GMT+0000 (Coordinated Universal Time),9,Hormati,hormati,,,,,,
2026-08-14T04:31:24.749832+00:00,20260814-043124,https://trends24.in/indonesia/,Fri Aug 14 2026 03:44:08 GMT+0000 (Coordinated Universal Time),10,PIL PRESS AND PRAY,pil press and pray,,,,,,
2026-08-14T04:31:24.749832+00:00,20260814-043124,https://trends24.in/indonesia/,Fri Aug 14 2026 03:44:08 GMT+0000 (Coordinated Universal Time),11,Indonesia Emas 2045,indonesia emas 2045,,,,,,
2026-08-14T04:31:24.749832+00:00,20260814-043124,https://trends24.in/indonesia/,Fri Aug 14 2026 03:44:08 GMT+0000 (Coordinated Universal Time),12,STOP CROPPING JAMES OUT,stop cropping james out,,,,,,
2026-08-14T04:31:24.749832+00:00,20260814-043124,https://trends24.in/indonesia/,Fri Aug 14 2026 03:44:08 GMT+0000 (Coordinated Universal Time),13,Sidang Tahunan MPR,sidang tahunan mpr,,,,,,
2026-08-14T04:31:24.749832+00:00,20260814-043124,https://trends24.in/indonesia/,Fri Aug 14 2026 03:44:08 GMT+0000 (Coordinated Universal Time),14,Darmaku Kubaktikan,darmaku kubaktikan,,,,,,
2026-08-14T04:31:24.749832+00:00,20260814-043124,https://trends24.in/indonesia/,Fri Aug 14 2026 03:44:08 GMT+0000 (Coordinated Universal Time),15,BRING GUNIL BACK,bring gunil back,,,,,,
2026-08-14T04:31:24.749832+00:00,20260814-043124,https://trends24.in/indonesia/,Fri Aug 14 2026 03:44:08 GMT+0000 (Coordinated Universal Time),16,Trade $ANTFUN,trade $antfun,,,,,,
2026-08-14T04:31:24.749832+00:00,20260814-043124,https://trends24.in/indonesia/,Fri Aug 14 2026 03:44:08 GMT+0000 (Coordinated Universal Time),17,Pidato Kenegaraan,pidato kenegaraan,,,,,,
2026-08-14T04:31:24.749832+00:00,20260814-043124,https://trends24.in/indonesia/,Fri Aug 14 2026 03:44:08 GMT+0000 (Coordinated Universal Time),18,DPD RI,dpd ri,,,,,,
2026-08-14T04:31:24.749832+00:00,20260814-043124,https://trends24.in/indonesia/,Fri Aug 14 2026 03:44:08 GMT+0000 (Coordinated Universal Time),19,Mingyu,mingyu,,,,,,
2026-08-14T04:31:24.749832+00:00,20260814-043124,https://trends24.in/indonesia/,Fri Aug 14 2026 03:44:08 GMT+0000 (Coordinated Universal Time),20,YOU MANIAC TRAILER,you maniac trailer,,,,,,
2026-08-14T04:31:24.749832+00:00,20260814-043124,https://trends24.in/indonesia/,Fri Aug 14 2026 03:44:08 GMT+0000 (Coordinated Universal Time),21,14 Agustus,14 agustus,,,,,,
2026-08-14T04:31:24.749832+00:00,20260814-043124,https://trends24.in/indonesia/,Fri Aug 14 2026 03:44:08 GMT+0000 (Coordinated Universal Time),22,STOP MISTREATING JAMES,stop mistreating james,,,,,,
2026-08-14T04:31:24.749832+00:00,20260814-043124,https://trends24.in/indonesia/,Fri Aug 14 2026 03:44:08 GMT+0000 (Coordinated Universal Time),23,Cilok,cilok,,,,,,
2026-08-14T04:31:24.749832+00:00,20260814-043124,https://trends24.in/indonesia/,Fri Aug 14 2026 03:44:08 GMT+0000 (Coordinated Universal Time),24,18 YEARS OF RORANDERFUL,18 years of roranderful,,,,,,
2026-08-14T04:31:24.749832+00:00,20260814-043124,https://trends24.in/indonesia/,Fri Aug 14 2026 03:44:08 GMT+0000 (Coordinated Universal Time),25,COUNTLESS LOVE WITH HUENINGKAI,countless love with hueningkai,,,,,,
2026-08-14T04:31:24.749832+00:00,20260814-043124,https://trends24.in/indonesia/,Fri Aug 14 2026 03:44:08 GMT+0000 (Coordinated Universal Time),26,Presiden Prabowo Subianto,presiden prabowo subianto,,,,,,
2026-08-14T04:31:24.749832+00:00,20260814-043124,https://trends24.in/indonesia/,Fri Aug 14 2026 03:44:08 GMT+0000 (Coordinated Universal Time),27,Enzo,enzo,,,,,,
2026-08-14T04:31:24.749832+00:00,20260814-043124,https://trends24.in/indonesia/,Fri Aug 14 2026 03:44:08 GMT+0000 (Coordinated Universal Time),28,#GUNILSTAYS,gunilstays,,,,,,
2026-08-14T04:31:24.749832+00:00,20260814-043124,https://trends24.in/indonesia/,Fri Aug 14 2026 03:44:08 GMT+0000 (Coordinated Universal Time),29,#CharacterFestThailand2xGMMTV,characterfestthailand2xgmmtv,,,,,,
2026-08-14T04:31:24.749832+00:00,20260814-043124,https://trends24.in/indonesia/,Fri Aug 14 2026 03:44:08 GMT+0000 (Coordinated Universal Time),30,#à¸§à¸±à¸à¸à¸­à¸à¸à¸µà¹à¸£à¸±à¸à¸ªà¸²à¸£à¸§à¸±à¸à¸£à¹à¸à¸µà¸¢à¸£à¹,à¸§à¸±à¸à¸à¸­à¸à¸à¸µà¹à¸£à¸±à¸à¸ªà¸²à¸£à¸§à¸±à¸à¸£à¹à¸à¸µà¸¢à¸£à¹,,,,,,
2026-08-14T04:31:24.749832+00:00,20260814-043124,https://trends24.in/indonesia/,Fri Aug 14 2026 03:44:08 GMT+0000 (Coordinated Universal Time),31,#MartialGodRafayel,martialgodrafayel,,,,,,
2026-08-14T04:31:24.749832+00:00,20260814-043124,https://trends24.in/indonesia/,Fri Aug 14 2026 03:44:08 GMT+0000 (Coordinated Universal Time),32,#TheWarGodAwakens,thewargodawakens,,,,,,
2026-08-14T04:31:24.749832+00:00,20260814-043124,https://trends24.in/indonesia/,Fri Aug 14 2026 03:44:08 GMT+0000 (Coordinated Universal Time),33,#HSRSpecialProgram,hsrspecialprogram,,,,,,
2026-08-14T04:31:24.749832+00:00,20260814-043124,https://trends24.in/indonesia/,Fri Aug 14 2026 03:44:08 GMT+0000 (Coordinated Universal Time),34,#LET_JAMES_BE_SEEN,let_james_be_seen,,,,,,
2026-08-14T04:31:24.749832+00:00,20260814-043124,https://trends24.in/indonesia/,Fri Aug 14 2026 03:44:08 GMT+0000 (Coordinated Universal Time),35,#AplikasiAjaib,aplikasiajaib,,,,,,
2026-08-14T04:31:24.749832+00:00,20260814-043124,https://trends24.in/indonesia/,Fri Aug 14 2026 03:44:08 GMT+0000 (Coordinated Universal Time),36,#DesaTangguhIndonesiaTumbuh,desatangguhindonesiatumbuh,,,,,,
2026-08-14T04:31:24.749832+00:00,20260814-043124,https://trends24.in/indonesia/,Fri Aug 14 2026 03:44:08 GMT+0000 (Coordinated Universal Time),37,#KuCoin,kucoin,,,,,,
2026-08-14T04:31:24.749832+00:00,20260814-043124,https://trends24.in/indonesia/,Fri Aug 14 2026 03:44:08 GMT+0000 (Coordinated Universal Time),38,#DittipidNarkoba,dittipidnarkoba,,,,,,
2026-08-14T04:31:24.749832+00:00,20260814-043124,https://trends24.in/indonesia/,Fri Aug 14 2026 03:44:08 GMT+0000 (Coordinated Universal Time),39,#LawanNarkoba,lawannarkoba,,,,,,
2026-08-14T04:31:24.749832+00:00,20260814-043124,https://trends24.in/indonesia/,Fri Aug 14 2026 03:44:08 GMT+0000 (Coordinated Universal Time),40,#HUT81RI,hut81ri,,,,,,
2026-08-14T04:31:24.749832+00:00,20260814-043124,https://trends24.in/indonesia/,Fri Aug 14 2026 03:44:08 GMT+0000 (Coordinated Universal Time),41,#BareskrimPolri,bareskrimpolri,,,,,,
2026-08-14T04:31:24.749832+00:00,20260814-043124,https://trends24.in/indonesia/,Fri Aug 14 2026 03:44:08 GMT+0000 (Coordinated Universal Time),42,#íì¬ë¦ìë¤ì íì ë¬¼ì¸ëì¹´ì´,íì¬ë¦ìë¤ì íì ë¬¼ì¸ëì¹´ì´,,,,,,
2026-08-14T04:31:24.749832+00:00,20260814-043124,https://trends24.in/indonesia/,Fri Aug 14 2026 03:44:08 GMT+0000 (Coordinated Universal Time),43,#BangunDesaBangunIndonesia,bangundesabangunindonesia,,,,,,
2026-08-14T04:31:24.749832+00:00,20260814-043124,https://trends24.in/indonesia/,Fri Aug 14 2026 03:44:08 GMT+0000 (Coordinated Universal Time),44,#StickWithHue,stickwithhue,,,,,,
2026-08-14T04:31:24.749832+00:00,20260814-043124,https://trends24.in/indonesia/,Fri Aug 14 2026 03:44:08 GMT+0000 (Coordinated Universal Time),45,#RORA18EraBegins,rora18erabegins,,,,,,
2026-08-14T04:31:24.749832+00:00,20260814-043124,https://trends24.in/indonesia/,Fri Aug 14 2026 03:44:08 GMT+0000 (Coordinated Universal Time),46,#RORAã¨ä¸ç·ã«æé·ãã¦ããæ¥ã,roraã¨ä¸ç·ã«æé·ãã¦ããæ¥ã,,,,,,
2026-08-14T04:31:24.749832+00:00,20260814-043124,https://trends24.in/indonesia/,Fri Aug 14 2026 03:44:08 GMT+0000 (Coordinated Universal Time),47,#ë¡ë¼ì_ëª©ìë¦¬ë¡_ë¬¼ë _ë,ë¡ë¼ì_ëª©ìë¦¬ë¡_ë¬¼ë _ë,,,,,,
2026-08-14T04:31:24.749832+00:00,20260814-043124,https://trends24.in/indonesia/,Fri Aug 14 2026 03:44:08 GMT+0000 (Coordinated Universal Time),48,#æ°¸é ã«è¼ãå¤©ä½¿ãã¥ãã³ã«ã¤,æ°¸é ã«è¼ãå¤©ä½¿ãã¥ãã³ã«ã¤,,,,,,
2026-08-14T04:31:24.749832+00:00,20260814-043124,https://trends24.in/indonesia/,Fri Aug 14 2026 03:44:08 GMT+0000 (Coordinated Universal Time),49,#HUTRI81,hutri81,,,,,,
2026-08-14T04:31:24.749832+00:00,20260814-043124,https://trends24.in/indonesia/,Fri Aug 14 2026 02:52:07 GMT+0000 (Coordinated Universal Time),1,#JanganCatutAffan,jangancatutaffan,,,,,,
2026-08-14T04:31:24.749832+00:00,20260814-043124,https://trends24.in/indonesia/,Fri Aug 14 2026 02:52:07 GMT+0000 (Coordinated Universal Time),2,Jangan Rayakan Duka,jangan rayakan duka,,,,,,
2026-08-14T04:31:24.749832+00:00,20260814-043124,https://trends24.in/indonesia/,Fri Aug 14 2026 02:52:07 GMT+0000 (Coordinated Universal Time),3,$MOTION,$motion,,,,,,
2026-08-14T04:31:24.749832+00:00,20260814-043124,https://trends24.in/indonesia/,Fri Aug 14 2026 02:52:07 GMT+0000 (Coordinated Universal Time),4,#YouManiacSeries,youmaniacseries,,,,,,
2026-08-14T04:31:24.749832+00:00,20260814-043124,https://trends24.in/indonesia/,Fri Aug 14 2026 02:52:07 GMT+0000 (Coordinated Universal Time),5,gopay investasi emas,gopay investasi emas,,,,,,
2026-08-14T04:31:24.749832+00:00,20260814-043124,https://trends24.in/indonesia/,Fri Aug 14 2026 02:52:07 GMT+0000 (Coordinated Universal Time),6,#MakeAWishForJaemin,makeawishforjaemin,,,,,,
2026-08-14T04:31:24.749832+00:00,20260814-043124,https://trends24.in/indonesia/,Fri Aug 14 2026 02:52:07 GMT+0000 (Coordinated Universal Time),7,Selamat Hari Pramuka,selamat hari pramuka,,,,,,
2026-08-14T04:31:24.749832+00:00,20260814-043124,https://trends24.in/indonesia/,Fri Aug 14 2026 02:52:07 GMT+0000 (Coordinated Universal Time),8,Jumat,jumat,,,,,,
2026-08-14T04:31:24.749832+00:00,20260814-043124,https://trends24.in/indonesia/,Fri Aug 14 2026 02:52:07 GMT+0000 (Coordinated Universal Time),9,#ì¬ëì¼ë¡_ê°ëì°¬_ì¬ë¯¼ì´ì_ì¤ë¬¼ì¬ì¯,ì¬ëì¼ë¡_ê°ëì°¬_ì¬ë¯¼ì´ì_ì¤ë¬¼ì¬ì¯,,,,,,
2026-08-14T04:31:24.749832+00:00,20260814-043124,https://trends24.in/indonesia/,Fri Aug 14 2026 02:52:07 GMT+0000 (Coordinated Universal Time),10,pengabdian pada negeri,pengabdian pada negeri,,,,,,
2026-08-14T04:31:24.749832+00:00,20260814-043124,https://trends24.in/indonesia/,Fri Aug 14 2026 02:52:07 GMT+0000 (Coordinated Universal Time),11,Gunil,gunil,,,,,,
2026-08-14T04:31:24.749832+00:00,20260814-043124,https://trends24.in/indonesia/,Fri Aug 14 2026 02:52:07 GMT+0000 (Coordinated Universal Time),12,#PYPD_IN_LA,pypd_in_la,,,,,,
2026-08-14T04:31:24.749832+00:00,20260814-043124,https://trends24.in/indonesia/,Fri Aug 14 2026 02:52:07 GMT+0000 (Coordinated Universal Time),13,DEWTEE LIVE HOUSE,dewtee live house,,,,,,
2026-08-14T04:31:24.749832+00:00,20260814-043124,https://trends24.in/indonesia/,Fri Aug 14 2026 02:52:07 GMT+0000 (Coordinated Universal Time),14,perkuat perkokoh nkri,perkuat perkokoh nkri,,,,,,
2026-08-14T04:31:24.749832+00:00,20260814-043124,https://trends24.in/indonesia/,Fri Aug 14 2026 02:52:07 GMT+0000 (Coordinated Universal Time),15,tolak kerusuhan,tolak kerusuhan,,,,,,
2026-08-14T04:31:24.749832+00:00,20260814-043124,https://trends24.in/indonesia/,Fri Aug 14 2026 02:52:07 GMT+0000 (Coordinated Universal Time),16,STOP CROPPING JAMES OUT,stop cropping james out,,,,,,
2026-08-14T04:31:24.749832+00:00,20260814-043124,https://trends24.in/indonesia/,Fri Aug 14 2026 02:52:07 GMT+0000 (Coordinated Universal Time),17,PHUWIN BLACK CARD MV,phuwin black card mv,,,,,,
2026-08-14T04:31:24.749832+00:00,20260814-043124,https://trends24.in/indonesia/,Fri Aug 14 2026 02:52:07 GMT+0000 (Coordinated Universal Time),18,PIL PRESS AND PRAY,pil press and pray,,,,,,
2026-08-14T04:31:24.749832+00:00,20260814-043124,https://trends24.in/indonesia/,Fri Aug 14 2026 02:52:07 GMT+0000 (Coordinated Universal Time),19,Trade $ANTFUN,trade $antfun,,,,,,
2026-08-14T04:31:24.749832+00:00,20260814-043124,https://trends24.in/indonesia/,Fri Aug 14 2026 02:52:07 GMT+0000 (Coordinated Universal Time),20,COUNTLESS LOVE WITH HUENINGKAI,countless love with hueningkai,,,,,,
2026-08-14T04:31:24.749832+00:00,20260814-043124,https://trends24.in/indonesia/,Fri Aug 14 2026 02:52:07 GMT+0000 (Coordinated Universal Time),21,18 YEARS OF RORANDERFUL,18 years of roranderful,,,,,,
2026-08-14T04:31:24.749832+00:00,20260814-043124,https://trends24.in/indonesia/,Fri Aug 14 2026 02:52:07 GMT+0000 (Coordinated Universal Time),22,EMIBONNIE UNDER THE FIRST MOON,emibonnie under the first moon,,,,,,
2026-08-14T04:31:24.749832+00:00,20260814-043124,https://trends24.in/indonesia/,Fri Aug 14 2026 02:52:07 GMT+0000 (Coordinated Universal Time),23,SEONGHYEON IGNITES THE COAST,seonghyeon ignites the coast,,,,,,
2026-08-14T04:31:24.749832+00:00,20260814-043124,https://trends24.in/indonesia/,Fri Aug 14 2026 02:52:07 GMT+0000 (Coordinated Universal Time),24,Soccer,soccer,,,,,,
2026-08-14T04:31:24.749832+00:00,20260814-043124,https://trends24.in/indonesia/,Fri Aug 14 2026 02:52:07 GMT+0000 (Coordinated Universal Time),25,musical fountain,musical fountain,,,,,,
2026-08-14T04:31:24.749832+00:00,20260814-043124,https://trends24.in/indonesia/,Fri Aug 14 2026 02:52:07 GMT+0000 (Coordinated Universal Time),26,RAI Token,rai token,,,,,,
2026-08-14T04:31:24.749832+00:00,20260814-043124,https://trends24.in/indonesia/,Fri Aug 14 2026 02:52:07 GMT+0000 (Coordinated Universal Time),27,Darmaku Kubaktikan,darmaku kubaktikan,,,,,,
2026-08-14T04:31:24.749832+00:00,20260814-043124,https://trends24.in/indonesia/,Fri Aug 14 2026 02:52:07 GMT+0000 (Coordinated Universal Time),28,Satyaku Kudarmakan,satyaku kudarmakan,,,,,,
2026-08-14T04:31:24.749832+00:00,20260814-043124,https://trends24.in/indonesia/,Fri Aug 14 2026 02:52:07 GMT+0000 (Coordinated Universal Time),29,Mingyu,mingyu,,,,,,
2026-08-14T04:31:24.749832+00:00,20260814-043124,https://trends24.in/indonesia/,Fri Aug 14 2026 02:52:07 GMT+0000 (Coordinated Universal Time),30,Pagiii,pagiii,,,,,,
2026-08-14T04:31:24.749832+00:00,20260814-043124,https://trends24.in/indonesia/,Fri Aug 14 2026 02:52:07 GMT+0000 (Coordinated Universal Time),31,mencetak generasi unggul,mencetak generasi unggul,,,,,,
2026-08-14T04:31:24.749832+00:00,20260814-043124,https://trends24.in/indonesia/,Fri Aug 14 2026 02:52:07 GMT+0000 (Coordinated Universal Time),32,Robinhood Chain,robinhood chain,,,,,,
2026-08-14T04:31:24.749832+00:00,20260814-043124,https://trends24.in/indonesia/,Fri Aug 14 2026 02:52:07 GMT+0000 (Coordinated Universal Time),33,ORM SWU LEGACY FASHION,orm swu legacy fashion,,,,,,
2026-08-14T04:31:24.749832+00:00,20260814-043124,https://trends24.in/indonesia/,Fri Aug 14 2026 02:52:07 GMT+0000 (Coordinated Universal Time),34,127 Million Miles,127 million miles,,,,,,
2026-08-14T04:31:24.749832+00:00,20260814-043124,https://trends24.in/indonesia/,Fri Aug 14 2026 02:52:07 GMT+0000 (Coordinated Universal Time),35,Indonesia Emas 2045,indonesia emas 2045,,,,,,
2026-08-14T04:31:24.749832+00:00,20260814-043124,https://trends24.in/indonesia/,Fri Aug 14 2026 02:52:07 GMT+0000 (Coordinated Universal Time),36,RobiDrop Series 001,robidrop series 001,,,,,,
2026-08-14T04:31:24.749832+00:00,20260814-043124,https://trends24.in/indonesia/,Fri Aug 14 2026 02:52:07 GMT+0000 (Coordinated Universal Time),37,Sidang Tahunan MPR,sidang tahunan mpr,,,,,,
2026-08-14T04:31:24.749832+00:00,20260814-043124,https://trends24.in/indonesia/,Fri Aug 14 2026 02:52:07 GMT+0000 (Coordinated Universal Time),38,Desil 10,desil 10,,,,,,
2026-08-14T04:31:24.749832+00:00,20260814-043124,https://trends24.in/indonesia/,Fri Aug 14 2026 02:52:07 GMT+0000 (Coordinated Universal Time),39,TipFi,tipfi,,,,,,
2026-08-14T04:31:24.749832+00:00,20260814-043124,https://trends24.in/indonesia/,Fri Aug 14 2026 02:52:07 GMT+0000 (Coordinated Universal Time),40,amy presiden pks,amy presiden pks,,,,,,
2026-08-14T04:31:24.749832+00:00,20260814-043124,https://trends24.in/indonesia/,Fri Aug 14 2026 02:52:07 GMT+0000 (Coordinated Universal Time),41,Klaim Voucher 100%,klaim voucher 100%,,,,,,
2026-08-14T04:31:24.749832+00:00,20260814-043124,https://trends24.in/indonesia/,Fri Aug 14 2026 02:52:07 GMT+0000 (Coordinated Universal Time),42,STOP MISTREATING JAMES,stop mistreating james,,,,,,
2026-08-14T04:31:24.749832+00:00,20260814-043124,https://trends24.in/indonesia/,Fri Aug 14 2026 02:52:07 GMT+0000 (Coordinated Universal Time),43,$WISHBONE,$wishbone,,,,,,
2026-08-14T04:31:24.749832+00:00,20260814-043124,https://trends24.in/indonesia/,Fri Aug 14 2026 02:52:07 GMT+0000 (Coordinated Universal Time),44,Al Qadsiah,al qadsiah,,,,,,
2026-08-14T04:31:24.749832+00:00,20260814-043124,https://trends24.in/indonesia/,Fri Aug 14 2026 02:52:07 GMT+0000 (Coordinated Universal Time),45,jype,jype,,,,,,
2026-08-14T04:31:24.749832+00:00,20260814-043124,https://trends24.in/indonesia/,Fri Aug 14 2026 02:52:07 GMT+0000 (Coordinated Universal Time),46,Sarapan,sarapan,,,,,,
2026-08-14T04:31:24.749832+00:00,20260814-043124,https://trends24.in/indonesia/,Fri Aug 14 2026 02:52:07 GMT+0000 (Coordinated Universal Time),47,chris brown,chris brown,,,,,,
2026-08-14T04:31:24.749832+00:00,20260814-043124,https://trends24.in/indonesia/,Fri Aug 14 2026 02:52:07 GMT+0000 (Coordinated Universal Time),48,$STONKBROKER,$stonkbroker,,,,,,
2026-08-14T04:31:24.749832+00:00,20260814-043124,https://trends24.in/indonesia/,Fri Aug 14 2026 02:52:07 GMT+0000 (Coordinated Universal Time),49,Xdiz,xdiz,,,,,,
2026-08-14T04:31:24.749832+00:00,20260814-043124,https://trends24.in/indonesia/,Fri Aug 14 2026 02:52:07 GMT+0000 (Coordinated Universal Time),50,Kompleks Parlemen,kompleks parlemen,,,,,,
2026-08-14T04:31:24.749832+00:00,20260814-043124,https://trends24.in/indonesia/,Fri Aug 14 2026 02:00:42 GMT+0000 (Coordinated Universal Time),1,$MOTION,$motion,,,,,,
2026-08-14T04:31:24.749832+00:00,20260814-043124,https://trends24.in/indonesia/,Fri Aug 14 2026 02:00:42 GMT+0000 (Coordinated Universal Time),2,#YouManiacSeries,youmaniacseries,,,,,,
2026-08-14T04:31:24.749832+00:00,20260814-043124,https://trends24.in/indonesia/,Fri Aug 14 2026 02:00:42 GMT+0000 (Coordinated Universal Time),3,GoPay Investasi Emas,gopay investasi emas,,,,,,
2026-08-14T04:31:24.749832+00:00,20260814-043124,https://trends24.in/indonesia/,Fri Aug 14 2026 02:00:42 GMT+0000 (Coordinated Universal Time),4,#MakeAWishForJaemin,makeawishforjaemin,,,,,,
2026-08-14T04:31:24.749832+00:00,20260814-043124,https://trends24.in/indonesia/,Fri Aug 14 2026 02:00:42 GMT+0000 (Coordinated Universal Time),5,Selamat Hari Pramuka,selamat hari pramuka,,,,,,
2026-08-14T04:31:24.749832+00:00,20260814-043124,https://trends24.in/indonesia/,Fri Aug 14 2026 02:00:42 GMT+0000 (Coordinated Universal Time),6,Jangan Rayakan Duka,jangan rayakan duka,,,,,,
2026-08-14T04:31:24.749832+00:00,20260814-043124,https://trends24.in/indonesia/,Fri Aug 14 2026 02:00:42 GMT+0000 (Coordinated Universal Time),7,#JanganCatutAffan,jangancatutaffan,,,,,,
2026-08-14T04:31:24.749832+00:00,20260814-043124,https://trends24.in/indonesia/,Fri Aug 14 2026 02:00:42 GMT+0000 (Coordinated Universal Time),8,Jumat,jumat,,,,,,
2026-08-14T04:31:24.749832+00:00,20260814-043124,https://trends24.in/indonesia/,Fri Aug 14 2026 02:00:42 GMT+0000 (Coordinated Universal Time),9,#ì¬ëì¼ë¡_ê°ëì°¬_ì¬ë¯¼ì´ì_ì¤ë¬¼ì¬ì¯,ì¬ëì¼ë¡_ê°ëì°¬_ì¬ë¯¼ì´ì_ì¤ë¬¼ì¬ì¯,,,,,,
2026-08-14T04:31:24.749832+00:00,20260814-043124,https://trends24.in/indonesia/,Fri Aug 14 2026 02:00:42 GMT+0000 (Coordinated Universal Time),10,pengabdian pada negeri,pengabdian pada negeri,,,,,,
2026-08-14T04:31:24.749832+00:00,20260814-043124,https://trends24.in/indonesia/,Fri Aug 14 2026 02:00:42 GMT+0000 (Coordinated Universal Time),11,Gunil,gunil,,,,,,
2026-08-14T04:31:24.749832+00:00,20260814-043124,https://trends24.in/indonesia/,Fri Aug 14 2026 02:00:42 GMT+0000 (Coordinated Universal Time),12,#BlackCardPHUWINmv,blackcardphuwinmv,,,,,,
2026-08-14T04:31:24.749832+00:00,20260814-043124,https://trends24.in/indonesia/,Fri Aug 14 2026 02:00:42 GMT+0000 (Coordinated Universal Time),13,DEWTEE LIVE HOUSE,dewtee live house,,,,,,
2026-08-14T04:31:24.749832+00:00,20260814-043124,https://trends24.in/indonesia/,Fri Aug 14 2026 02:00:42 GMT+0000 (Coordinated Universal Time),14,perkuat perkokoh nkri,perkuat perkokoh nkri,,,,,,
2026-08-14T04:31:24.749832+00:00,20260814-043124,https://trends24.in/indonesia/,Fri Aug 14 2026 02:00:42 GMT+0000 (Coordinated Universal Time),15,STOP CROPPING JAMES OUT,stop cropping james out,,,,,,
2026-08-14T04:31:24.749832+00:00,20260814-043124,https://trends24.in/indonesia/,Fri Aug 14 2026 02:00:42 GMT+0000 (Coordinated Universal Time),16,tolak kerusuhan,tolak kerusuhan,,,,,,
2026-08-14T04:31:24.749832+00:00,20260814-043124,https://trends24.in/indonesia/,Fri Aug 14 2026 02:00:42 GMT+0000 (Coordinated Universal Time),17,PHUWIN BLACK CARD MV,phuwin black card mv,,,,,,
2026-08-14T04:31:24.749832+00:00,20260814-043124,https://trends24.in/indonesia/,Fri Aug 14 2026 02:00:42 GMT+0000 (Coordinated Universal Time),18,COUNTLESS LOVE WITH HUENINGKAI,countless love with hueningkai,,,,,,
2026-08-14T04:31:24.749832+00:00,20260814-043124,https://trends24.in/indonesia/,Fri Aug 14 2026 02:00:42 GMT+0000 (Coordinated Universal Time),19,Trade $ANTFUN,trade $antfun,,,,,,
2026-08-14T04:31:24.749832+00:00,20260814-043124,https://trends24.in/indonesia/,Fri Aug 14 2026 02:00:42 GMT+0000 (Coordinated Universal Time),20,18 YEARS OF RORANDERFUL,18 years of roranderful,,,,,,
2026-08-14T04:31:24.749832+00:00,20260814-043124,https://trends24.in/indonesia/,Fri Aug 14 2026 02:00:42 GMT+0000 (Coordinated Universal Time),21,EMIBONNIE UNDER THE FIRST MOON,emibonnie under the first moon,,,,,,
2026-08-14T04:31:24.749832+00:00,20260814-043124,https://trends24.in/indonesia/,Fri Aug 14 2026 02:00:42 GMT+0000 (Coordinated Universal Time),22,Pagii,pagii,,,,,,
2026-08-14T04:31:24.749832+00:00,20260814-043124,https://trends24.in/indonesia/,Fri Aug 14 2026 02:00:42 GMT+0000 (Coordinated Universal Time),23,Soccer,soccer,,,,,,
2026-08-14T04:31:24.749832+00:00,20260814-043124,https://trends24.in/indonesia/,Fri Aug 14 2026 02:00:42 GMT+0000 (Coordinated Universal Time),24,musical fountain,musical fountain,,,,,,
2026-08-14T04:31:24.749832+00:00,20260814-043124,https://trends24.in/indonesia/,Fri Aug 14 2026 02:00:42 GMT+0000 (Coordinated Universal Time),25,Darmaku Kubaktikan,darmaku kubaktikan,,,,,,
2026-08-14T04:31:24.749832+00:00,20260814-043124,https://trends24.in/indonesia/,Fri Aug 14 2026 02:00:42 GMT+0000 (Coordinated Universal Time),26,Robinhood Chain,robinhood chain,,,,,,
2026-08-14T04:31:24.749832+00:00,20260814-043124,https://trends24.in/indonesia/,Fri Aug 14 2026 02:00:42 GMT+0000 (Coordinated Universal Time),27,Satyaku Kudarmakan,satyaku kudarmakan,,,,,,
2026-08-14T04:31:24.749832+00:00,20260814-043124,https://trends24.in/indonesia/,Fri Aug 14 2026 02:00:42 GMT+0000 (Coordinated Universal Time),28,mencetak generasi unggul,mencetak generasi unggul,,,,,,
2026-08-14T04:31:24.749832+00:00,20260814-043124,https://trends24.in/indonesia/,Fri Aug 14 2026 02:00:42 GMT+0000 (Coordinated Universal Time),29,127 Million Miles,127 million miles,,,,,,
2026-08-14T04:31:24.749832+00:00,20260814-043124,https://trends24.in/indonesia/,Fri Aug 14 2026 02:00:42 GMT+0000 (Coordinated Universal Time),30,Mingyu,mingyu,,,,,,
2026-08-14T04:31:24.749832+00:00,20260814-043124,https://trends24.in/indonesia/,Fri Aug 14 2026 02:00:42 GMT+0000 (Coordinated Universal Time),31,ORM SWU LEGACY FASHION,orm swu legacy fashion,,,,,,
2026-08-14T04:31:24.749832+00:00,20260814-043124,https://trends24.in/indonesia/,Fri Aug 14 2026 02:00:42 GMT+0000 (Coordinated Universal Time),32,TipFi,tipfi,,,,,,
2026-08-14T04:31:24.749832+00:00,20260814-043124,https://trends24.in/indonesia/,Fri Aug 14 2026 02:00:42 GMT+0000 (Coordinated Universal Time),33,RobiDrop Series 001,robidrop series 001,,,,,,
2026-08-14T04:31:24.749832+00:00,20260814-043124,https://trends24.in/indonesia/,Fri Aug 14 2026 02:00:42 GMT+0000 (Coordinated Universal Time),34,Join Grup Telegram,join grup telegram,,,,,,
2026-08-14T04:31:24.749832+00:00,20260814-043124,https://trends24.in/indonesia/,Fri Aug 14 2026 02:00:42 GMT+0000 (Coordinated Universal Time),35,amy presiden pks,amy presiden pks,,,,,,
2026-08-14T04:31:24.749832+00:00,20260814-043124,https://trends24.in/indonesia/,Fri Aug 14 2026 02:00:42 GMT+0000 (Coordinated Universal Time),36,Desil 10,desil 10,,,,,,
2026-08-14T04:31:24.749832+00:00,20260814-043124,https://trends24.in/indonesia/,Fri Aug 14 2026 02:00:42 GMT+0000 (Coordinated Universal Time),37,Klaim Voucher 100%,klaim voucher 100%,,,,,,
2026-08-14T04:31:24.749832+00:00,20260814-043124,https://trends24.in/indonesia/,Fri Aug 14 2026 02:00:42 GMT+0000 (Coordinated Universal Time),38,Sarapan,sarapan,,,,,,
2026-08-14T04:31:24.749832+00:00,20260814-043124,https://trends24.in/indonesia/,Fri Aug 14 2026 02:00:42 GMT+0000 (Coordinated Universal Time),39,Al Qadsiah,al qadsiah,,,,,,
2026-08-14T04:31:24.749832+00:00,20260814-043124,https://trends24.in/indonesia/,Fri Aug 14 2026 02:00:42 GMT+0000 (Coordinated Universal Time),40,$WISHBONE,$wishbone,,,,,,
2026-08-14T04:31:24.749832+00:00,20260814-043124,https://trends24.in/indonesia/,Fri Aug 14 2026 02:00:42 GMT+0000 (Coordinated Universal Time),41,STOP MISTREATING JAMES,stop mistreating james,,,,,,
2026-08-14T04:31:24.749832+00:00,20260814-043124,https://trends24.in/indonesia/,Fri Aug 14 2026 02:00:42 GMT+0000 (Coordinated Universal Time),42,jype,jype,,,,,,
2026-08-14T04:31:24.749832+00:00,20260814-043124,https://trends24.in/indonesia/,Fri Aug 14 2026 02:00:42 GMT+0000 (Coordinated Universal Time),43,Sidang Tahunan MPR,sidang tahunan mpr,,,,,,
2026-08-14T04:31:24.749832+00:00,20260814-043124,https://trends24.in/indonesia/,Fri Aug 14 2026 02:00:42 GMT+0000 (Coordinated Universal Time),44,chris brown,chris brown,,,,,,
2026-08-14T04:31:24.749832+00:00,20260814-043124,https://trends24.in/indonesia/,Fri Aug 14 2026 02:00:42 GMT+0000 (Coordinated Universal Time),45,$STONKBROKER,$stonkbroker,,,,,,
2026-08-14T04:31:24.749832+00:00,20260814-043124,https://trends24.in/indonesia/,Fri Aug 14 2026 02:00:42 GMT+0000 (Coordinated Universal Time),46,Morningg,morningg,,,,,,
2026-08-14T04:31:24.749832+00:00,20260814-043124,https://trends24.in/indonesia/,Fri Aug 14 2026 02:00:42 GMT+0000 (Coordinated Universal Time),47,Xdiz,xdiz,,,,,,
2026-08-14T04:31:24.749832+00:00,20260814-043124,https://trends24.in/indonesia/,Fri Aug 14 2026 02:00:42 GMT+0000 (Coordinated Universal Time),48,PERFECT SCENT WITH EST,perfect scent with est,,,,,,
2026-08-14T04:31:24.749832+00:00,20260814-043124,https://trends24.in/indonesia/,Fri Aug 14 2026 02:00:42 GMT+0000 (Coordinated Universal Time),49,Enzo,enzo,,,,,,
2026-08-14T04:31:24.749832+00:00,20260814-043124,https://trends24.in/indonesia/,Fri Aug 14 2026 02:00:42 GMT+0000 (Coordinated Universal Time),50,Plaza Senayan,plaza senayan,,,,,,
2026-08-14T04:31:24.749832+00:00,20260814-043124,https://trends24.in/indonesia/,Fri Aug 14 2026 02:00:32 GMT+0000 (Coordinated Universal Time),1,$MOTION,$motion,,,,,,
2026-08-14T04:31:24.749832+00:00,20260814-043124,https://trends24.in/indonesia/,Fri Aug 14 2026 02:00:32 GMT+0000 (Coordinated Universal Time),2,#YouManiacSeries,youmaniacseries,,,,,,
2026-08-14T04:31:24.749832+00:00,20260814-043124,https://trends24.in/indonesia/,Fri Aug 14 2026 02:00:32 GMT+0000 (Coordinated Universal Time),3,GoPay Investasi Emas,gopay investasi emas,,,,,,
2026-08-14T04:31:24.749832+00:00,20260814-043124,https://trends24.in/indonesia/,Fri Aug 14 2026 02:00:32 GMT+0000 (Coordinated Universal Time),4,#MakeAWishForJaemin,makeawishforjaemin,,,,,,
2026-08-14T04:31:24.749832+00:00,20260814-043124,https://trends24.in/indonesia/,Fri Aug 14 2026 02:00:32 GMT+0000 (Coordinated Universal Time),5,Selamat Hari Pramuka,selamat hari pramuka,,,,,,
2026-08-14T04:31:24.749832+00:00,20260814-043124,https://trends24.in/indonesia/,Fri Aug 14 2026 02:00:32 GMT+0000 (Coordinated Universal Time),6,Jumat,jumat,,,,,,
2026-08-14T04:31:24.749832+00:00,20260814-043124,https://trends24.in/indonesia/,Fri Aug 14 2026 02:00:32 GMT+0000 (Coordinated Universal Time),7,Jangan Rayakan Duka,jangan rayakan duka,,,,,,
2026-08-14T04:31:24.749832+00:00,20260814-043124,https://trends24.in/indonesia/,Fri Aug 14 2026 02:00:32 GMT+0000 (Coordinated Universal Time),8,#JanganCatutAffan,jangancatutaffan,,,,,,
2026-08-14T04:31:24.749832+00:00,20260814-043124,https://trends24.in/indonesia/,Fri Aug 14 2026 02:00:32 GMT+0000 (Coordinated Universal Time),9,#ì¬ëì¼ë¡_ê°ëì°¬_ì¬ë¯¼ì´ì_ì¤ë¬¼ì¬ì¯,ì¬ëì¼ë¡_ê°ëì°¬_ì¬ë¯¼ì´ì_ì¤ë¬¼ì¬ì¯,,,,,,
2026-08-14T04:31:24.749832+00:00,20260814-043124,https://trends24.in/indonesia/,Fri Aug 14 2026 02:00:32 GMT+0000 (Coordinated Universal Time),10,pengabdian pada negeri,pengabdian pada negeri,,,,,,
2026-08-14T04:31:24.749832+00:00,20260814-043124,https://trends24.in/indonesia/,Fri Aug 14 2026 02:00:32 GMT+0000 (Coordinated Universal Time),11,Gunil,gunil,,,,,,
2026-08-14T04:31:24.749832+00:00,20260814-043124,https://trends24.in/indonesia/,Fri Aug 14 2026 02:00:32 GMT+0000 (Coordinated Universal Time),12,#BlackCardPHUWINmv,blackcardphuwinmv,,,,,,
2026-08-14T04:31:24.749832+00:00,20260814-043124,https://trends24.in/indonesia/,Fri Aug 14 2026 02:00:32 GMT+0000 (Coordinated Universal Time),13,DEWTEE LIVE HOUSE,dewtee live house,,,,,,
2026-08-14T04:31:24.749832+00:00,20260814-043124,https://trends24.in/indonesia/,Fri Aug 14 2026 02:00:32 GMT+0000 (Coordinated Universal Time),14,STOP CROPPING JAMES OUT,stop cropping james out,,,,,,
2026-08-14T04:31:24.749832+00:00,20260814-043124,https://trends24.in/indonesia/,Fri Aug 14 2026 02:00:32 GMT+0000 (Coordinated Universal Time),15,perkuat perkokoh nkri,perkuat perkokoh nkri,,,,,,
2026-08-14T04:31:24.749832+00:00,20260814-043124,https://trends24.in/indonesia/,Fri Aug 14 2026 02:00:32 GMT+0000 (Coordinated Universal Time),16,tolak kerusuhan,tolak kerusuhan,,,,,,
2026-08-14T04:31:24.749832+00:00,20260814-043124,https://trends24.in/indonesia/,Fri Aug 14 2026 02:00:32 GMT+0000 (Coordinated Universal Time),17,PHUWIN BLACK CARD MV,phuwin black card mv,,,,,,
2026-08-14T04:31:24.749832+00:00,20260814-043124,https://trends24.in/indonesia/,Fri Aug 14 2026 02:00:32 GMT+0000 (Coordinated Universal Time),18,COUNTLESS LOVE WITH HUENINGKAI,countless love with hueningkai,,,,,,
2026-08-14T04:31:24.749832+00:00,20260814-043124,https://trends24.in/indonesia/,Fri Aug 14 2026 02:00:32 GMT+0000 (Coordinated Universal Time),19,Trade $ANTFUN,trade $antfun,,,,,,
2026-08-14T04:31:24.749832+00:00,20260814-043124,https://trends24.in/indonesia/,Fri Aug 14 2026 02:00:32 GMT+0000 (Coordinated Universal Time),20,EMIBONNIE UNDER THE FIRST MOON,emibonnie under the first moon,,,,,,
2026-08-14T04:31:24.749832+00:00,20260814-043124,https://trends24.in/indonesia/,Fri Aug 14 2026 02:00:32 GMT+0000 (Coordinated Universal Time),21,18 YEARS OF RORANDERFUL,18 years of roranderful,,,,,,
2026-08-14T04:31:24.749832+00:00,20260814-043124,https://trends24.in/indonesia/,Fri Aug 14 2026 02:00:32 GMT+0000 (Coordinated Universal Time),22,Pagii,pagii,,,,,,
2026-08-14T04:31:24.749832+00:00,20260814-043124,https://trends24.in/indonesia/,Fri Aug 14 2026 02:00:32 GMT+0000 (Coordinated Universal Time),23,Soccer,soccer,,,,,,
2026-08-14T04:31:24.749832+00:00,20260814-043124,https://trends24.in/indonesia/,Fri Aug 14 2026 02:00:32 GMT+0000 (Coordinated Universal Time),24,musical fountain,musical fountain,,,,,,
2026-08-14T04:31:24.749832+00:00,20260814-043124,https://trends24.in/indonesia/,Fri Aug 14 2026 02:00:32 GMT+0000 (Coordinated Universal Time),25,Darmaku Kubaktikan,darmaku kubaktikan,,,,,,
2026-08-14T04:31:24.749832+00:00,20260814-043124,https://trends24.in/indonesia/,Fri Aug 14 2026 02:00:32 GMT+0000 (Coordinated Universal Time),26,Satyaku Kudarmakan,satyaku kudarmakan,,,,,,
2026-08-14T04:31:24.749832+00:00,20260814-043124,https://trends24.in/indonesia/,Fri Aug 14 2026 02:00:32 GMT+0000 (Coordinated Universal Time),27,Robinhood Chain,robinhood chain,,,,,,
2026-08-14T04:31:24.749832+00:00,20260814-043124,https://trends24.in/indonesia/,Fri Aug 14 2026 02:00:32 GMT+0000 (Coordinated Universal Time),28,mencetak generasi unggul,mencetak generasi unggul,,,,,,
2026-08-14T04:31:24.749832+00:00,20260814-043124,https://trends24.in/indonesia/,Fri Aug 14 2026 02:00:32 GMT+0000 (Coordinated Universal Time),29,127 Million Miles,127 million miles,,,,,,
2026-08-14T04:31:24.749832+00:00,20260814-043124,https://trends24.in/indonesia/,Fri Aug 14 2026 02:00:32 GMT+0000 (Coordinated Universal Time),30,Mingyu,mingyu,,,,,,
2026-08-14T04:31:24.749832+00:00,20260814-043124,https://trends24.in/indonesia/,Fri Aug 14 2026 02:00:32 GMT+0000 (Coordinated Universal Time),31,ORM SWU LEGACY FASHION,orm swu legacy fashion,,,,,,
2026-08-14T04:31:24.749832+00:00,20260814-043124,https://trends24.in/indonesia/,Fri Aug 14 2026 02:00:32 GMT+0000 (Coordinated Universal Time),32,TipFi,tipfi,,,,,,
2026-08-14T04:31:24.749832+00:00,20260814-043124,https://trends24.in/indonesia/,Fri Aug 14 2026 02:00:32 GMT+0000 (Coordinated Universal Time),33,RobiDrop Series 001,robidrop series 001,,,,,,
2026-08-14T04:31:24.749832+00:00,20260814-043124,https://trends24.in/indonesia/,Fri Aug 14 2026 02:00:32 GMT+0000 (Coordinated Universal Time),34,Join Grup Telegram,join grup telegram,,,,,,
2026-08-14T04:31:24.749832+00:00,20260814-043124,https://trends24.in/indonesia/,Fri Aug 14 2026 02:00:32 GMT+0000 (Coordinated Universal Time),35,amy presiden pks,amy presiden pks,,,,,,
2026-08-14T04:31:24.749832+00:00,20260814-043124,https://trends24.in/indonesia/,Fri Aug 14 2026 02:00:32 GMT+0000 (Coordinated Universal Time),36,Desil 10,desil 10,,,,,,
2026-08-14T04:31:24.749832+00:00,20260814-043124,https://trends24.in/indonesia/,Fri Aug 14 2026 02:00:32 GMT+0000 (Coordinated Universal Time),37,Klaim Voucher 100%,klaim voucher 100%,,,,,,
2026-08-14T04:31:24.749832+00:00,20260814-043124,https://trends24.in/indonesia/,Fri Aug 14 2026 02:00:32 GMT+0000 (Coordinated Universal Time),38,Sarapan,sarapan,,,,,,
2026-08-14T04:31:24.749832+00:00,20260814-043124,https://trends24.in/indonesia/,Fri Aug 14 2026 02:00:32 GMT+0000 (Coordinated Universal Time),39,Al Qadsiah,al qadsiah,,,,,,
2026-08-14T04:31:24.749832+00:00,20260814-043124,https://trends24.in/indonesia/,Fri Aug 14 2026 02:00:32 GMT+0000 (Coordinated Universal Time),40,$WISHBONE,$wishbone,,,,,,
2026-08-14T04:31:24.749832+00:00,20260814-043124,https://trends24.in/indonesia/,Fri Aug 14 2026 02:00:32 GMT+0000 (Coordinated Universal Time),41,STOP MISTREATING JAMES,stop mistreating james,,,,,,
2026-08-14T04:31:24.749832+00:00,20260814-043124,https://trends24.in/indonesia/,Fri Aug 14 2026 02:00:32 GMT+0000 (Coordinated Universal Time),42,Sidang Tahunan MPR,sidang tahunan mpr,,,,,,
2026-08-14T04:31:24.749832+00:00,20260814-043124,https://trends24.in/indonesia/,Fri Aug 14 2026 02:00:32 GMT+0000 (Coordinated Universal Time),43,jype,jype,,,,,,
2026-08-14T04:31:24.749832+00:00,20260814-043124,https://trends24.in/indonesia/,Fri Aug 14 2026 02:00:32 GMT+0000 (Coordinated Universal Time),44,chris brown,chris brown,,,,,,
2026-08-14T04:31:24.749832+00:00,20260814-043124,https://trends24.in/indonesia/,Fri Aug 14 2026 02:00:32 GMT+0000 (Coordinated Universal Time),45,$STONKBROKER,$stonkbroker,,,,,,
2026-08-14T04:31:24.749832+00:00,20260814-043124,https://trends24.in/indonesia/,Fri Aug 14 2026 02:00:32 GMT+0000 (Coordinated Universal Time),46,Morningg,morningg,,,,,,
2026-08-14T04:31:24.749832+00:00,20260814-043124,https://trends24.in/indonesia/,Fri Aug 14 2026 02:00:32 GMT+0000 (Coordinated Universal Time),47,Xdiz,xdiz,,,,,,
2026-08-14T04:31:24.749832+00:00,20260814-043124,https://trends24.in/indonesia/,Fri Aug 14 2026 02:00:32 GMT+0000 (Coordinated Universal Time),48,PERFECT SCENT WITH EST,perfect scent with est,,,,,,
2026-08-14T04:31:24.749832+00:00,20260814-043124,https://trends24.in/indonesia/,Fri Aug 14 2026 02:00:32 GMT+0000 (Coordinated Universal Time),49,Enzo,enzo,,,,,,
2026-08-14T04:31:24.749832+00:00,20260814-043124,https://trends24.in/indonesia/,Fri Aug 14 2026 02:00:32 GMT+0000 (Coordinated Universal Time),50,Plaza Senayan,plaza senayan,,,,,,
2026-08-14T04:31:24.749832+00:00,20260814-043124,https://trends24.in/indonesia/,Fri Aug 14 2026 01:09:47 GMT+0000 (Coordinated Universal Time),1,$MOTION,$motion,,,,,,
2026-08-14T04:31:24.749832+00:00,20260814-043124,https://trends24.in/indonesia/,Fri Aug 14 2026 01:09:47 GMT+0000 (Coordinated Universal Time),2,#YouManiacSeries,youmaniacseries,,,,,,
2026-08-14T04:31:24.749832+00:00,20260814-043124,https://trends24.in/indonesia/,Fri Aug 14 2026 01:09:47 GMT+0000 (Coordinated Universal Time),3,GoPay Investasi Emas,gopay investasi emas,,,,,,
2026-08-14T04:31:24.749832+00:00,20260814-043124,https://trends24.in/indonesia/,Fri Aug 14 2026 01:09:47 GMT+0000 (Coordinated Universal Time),4,#MakeAWishForJaemin,makeawishforjaemin,,,,,,
2026-08-14T04:31:24.749832+00:00,20260814-043124,https://trends24.in/indonesia/,Fri Aug 14 2026 01:09:47 GMT+0000 (Coordinated Universal Time),5,Selamat Hari Pramuka,selamat hari pramuka,,,,,,
2026-08-14T04:31:24.749832+00:00,20260814-043124,https://trends24.in/indonesia/,Fri Aug 14 2026 01:09:47 GMT+0000 (Coordinated Universal Time),6,#ì¬ëì¼ë¡_ê°ëì°¬_ì¬ë¯¼ì´ì_ì¤ë¬¼ì¬ì¯,ì¬ëì¼ë¡_ê°ëì°¬_ì¬ë¯¼ì´ì_ì¤ë¬¼ì¬ì¯,,,,,,
2026-08-14T04:31:24.749832+00:00,20260814-043124,https://trends24.in/indonesia/,Fri Aug 14 2026 01:09:47 GMT+0000 (Coordinated Universal Time),7,Jumat,jumat,,,,,,
2026-08-14T04:31:24.749832+00:00,20260814-043124,https://trends24.in/indonesia/,Fri Aug 14 2026 01:09:47 GMT+0000 (Coordinated Universal Time),8,pengabdian pada negeri,pengabdian pada negeri,,,,,,
2026-08-14T04:31:24.749832+00:00,20260814-043124,https://trends24.in/indonesia/,Fri Aug 14 2026 01:09:47 GMT+0000 (Coordinated Universal Time),9,Gunil,gunil,,,,,,
2026-08-14T04:31:24.749832+00:00,20260814-043124,https://trends24.in/indonesia/,Fri Aug 14 2026 01:09:47 GMT+0000 (Coordinated Universal Time),10,#BlackCardPHUWINmv,blackcardphuwinmv,,,,,,
2026-08-14T04:31:24.749832+00:00,20260814-043124,https://trends24.in/indonesia/,Fri Aug 14 2026 01:09:47 GMT+0000 (Coordinated Universal Time),11,DEWTEE LIVE HOUSE,dewtee live house,,,,,,
2026-08-14T04:31:24.749832+00:00,20260814-043124,https://trends24.in/indonesia/,Fri Aug 14 2026 01:09:47 GMT+0000 (Coordinated Universal Time),12,STOP CROPPING JAMES OUT,stop cropping james out,,,,,,
2026-08-14T04:31:24.749832+00:00,20260814-043124,https://trends24.in/indonesia/,Fri Aug 14 2026 01:09:47 GMT+0000 (Coordinated Universal Time),13,#GMMTVLiveHouse,gmmtvlivehouse,,,,,,
2026-08-14T04:31:24.749832+00:00,20260814-043124,https://trends24.in/indonesia/,Fri Aug 14 2026 01:09:47 GMT+0000 (Coordinated Universal Time),14,perkuat perkokoh nkri,perkuat perkokoh nkri,,,,,,
2026-08-14T04:31:24.749832+00:00,20260814-043124,https://trends24.in/indonesia/,Fri Aug 14 2026 01:09:47 GMT+0000 (Coordinated Universal Time),15,tolak kerusuhan,tolak kerusuhan,,,,,,
2026-08-14T04:31:24.749832+00:00,20260814-043124,https://trends24.in/indonesia/,Fri Aug 14 2026 01:09:47 GMT+0000 (Coordinated Universal Time),16,PHUWIN BLACK CARD MV,phuwin black card mv,,,,,,
2026-08-14T04:31:24.749832+00:00,20260814-043124,https://trends24.in/indonesia/,Fri Aug 14 2026 01:09:47 GMT+0000 (Coordinated Universal Time),17,COUNTLESS LOVE WITH HUENINGKAI,countless love with hueningkai,,,,,,
2026-08-14T04:31:24.749832+00:00,20260814-043124,https://trends24.in/indonesia/,Fri Aug 14 2026 01:09:47 GMT+0000 (Coordinated Universal Time),18,EMIBONNIE UNDER THE FIRST MOON,emibonnie under the first moon,,,,,,
2026-08-14T04:31:24.749832+00:00,20260814-043124,https://trends24.in/indonesia/,Fri Aug 14 2026 01:09:47 GMT+0000 (Coordinated Universal Time),19,Trade $ANTFUN,trade $antfun,,,,,,
2026-08-14T04:31:24.749832+00:00,20260814-043124,https://trends24.in/indonesia/,Fri Aug 14 2026 01:09:47 GMT+0000 (Coordinated Universal Time),20,Soccer,soccer,,,,,,
2026-08-14T04:31:24.749832+00:00,20260814-043124,https://trends24.in/indonesia/,Fri Aug 14 2026 01:09:47 GMT+0000 (Coordinated Universal Time),21,musical fountain,musical fountain,,,,,,
2026-08-14T04:31:24.749832+00:00,20260814-043124,https://trends24.in/indonesia/,Fri Aug 14 2026 01:09:47 GMT+0000 (Coordinated Universal Time),22,Pagii,pagii,,,,,,
2026-08-14T04:31:24.749832+00:00,20260814-043124,https://trends24.in/indonesia/,Fri Aug 14 2026 01:09:47 GMT+0000 (Coordinated Universal Time),23,Robinhood Chain,robinhood chain,,,,,,
2026-08-14T04:31:24.749832+00:00,20260814-043124,https://trends24.in/indonesia/,Fri Aug 14 2026 01:09:47 GMT+0000 (Coordinated Universal Time),24,mencetak generasi unggul,mencetak generasi unggul,,,,,,
2026-08-14T04:31:24.749832+00:00,20260814-043124,https://trends24.in/indonesia/,Fri Aug 14 2026 01:09:47 GMT+0000 (Coordinated Universal Time),25,Join Grup Telegram,join grup telegram,,,,,,
2026-08-14T04:31:24.749832+00:00,20260814-043124,https://trends24.in/indonesia/,Fri Aug 14 2026 01:09:47 GMT+0000 (Coordinated Universal Time),26,ORM SWU LEGACY FASHION,orm swu legacy fashion,,,,,,
2026-08-14T04:31:24.749832+00:00,20260814-043124,https://trends24.in/indonesia/,Fri Aug 14 2026 01:09:47 GMT+0000 (Coordinated Universal Time),27,TipFi,tipfi,,,,,,
2026-08-14T04:31:24.749832+00:00,20260814-043124,https://trends24.in/indonesia/,Fri Aug 14 2026 01:09:47 GMT+0000 (Coordinated Universal Time),28,Mingyu,mingyu,,,,,,
2026-08-14T04:31:24.749832+00:00,20260814-043124,https://trends24.in/indonesia/,Fri Aug 14 2026 01:09:47 GMT+0000 (Coordinated Universal Time),29,STOP MISTREATING JAMES,stop mistreating james,,,,,,
2026-08-14T04:31:24.749832+00:00,20260814-043124,https://trends24.in/indonesia/,Fri Aug 14 2026 01:09:47 GMT+0000 (Coordinated Universal Time),30,Desil 10,desil 10,,,,,,
2026-08-14T04:31:24.749832+00:00,20260814-043124,https://trends24.in/indonesia/,Fri Aug 14 2026 01:09:47 GMT+0000 (Coordinated Universal Time),31,amy presiden pks,amy presiden pks,,,,,,
2026-08-14T04:31:24.749832+00:00,20260814-043124,https://trends24.in/indonesia/,Fri Aug 14 2026 01:09:47 GMT+0000 (Coordinated Universal Time),32,$WISHBONE,$wishbone,,,,,,
2026-08-14T04:31:24.749832+00:00,20260814-043124,https://trends24.in/indonesia/,Fri Aug 14 2026 01:09:47 GMT+0000 (Coordinated Universal Time),33,jype,jype,,,,,,
2026-08-14T04:31:24.749832+00:00,20260814-043124,https://trends24.in/indonesia/,Fri Aug 14 2026 01:09:47 GMT+0000 (Coordinated Universal Time),34,Klaim Voucher 100%,klaim voucher 100%,,,,,,
2026-08-14T04:31:24.749832+00:00,20260814-043124,https://trends24.in/indonesia/,Fri Aug 14 2026 01:09:47 GMT+0000 (Coordinated Universal Time),35,Al Qadsiah,al qadsiah,,,,,,
2026-08-14T04:31:24.749832+00:00,20260814-043124,https://trends24.in/indonesia/,Fri Aug 14 2026 01:09:47 GMT+0000 (Coordinated Universal Time),36,$STONKBROKER,$stonkbroker,,,,,,
2026-08-14T04:31:24.749832+00:00,20260814-043124,https://trends24.in/indonesia/,Fri Aug 14 2026 01:09:47 GMT+0000 (Coordinated Universal Time),37,chris brown,chris brown,,,,,,
2026-08-14T04:31:24.749832+00:00,20260814-043124,https://trends24.in/indonesia/,Fri Aug 14 2026 01:09:47 GMT+0000 (Coordinated Universal Time),38,Morningg,morningg,,,,,,
2026-08-14T04:31:24.749832+00:00,20260814-043124,https://trends24.in/indonesia/,Fri Aug 14 2026 01:09:47 GMT+0000 (Coordinated Universal Time),39,Affan,affan,,,,,,
2026-08-14T04:31:24.749832+00:00,20260814-043124,https://trends24.in/indonesia/,Fri Aug 14 2026 01:09:47 GMT+0000 (Coordinated Universal Time),40,Xdiz,xdiz,,,,,,
2026-08-14T04:31:24.749832+00:00,20260814-043124,https://trends24.in/indonesia/,Fri Aug 14 2026 01:09:47 GMT+0000 (Coordinated Universal Time),41,PERFECT SCENT WITH EST,perfect scent with est,,,,,,
2026-08-14T04:31:24.749832+00:00,20260814-043124,https://trends24.in/indonesia/,Fri Aug 14 2026 01:09:47 GMT+0000 (Coordinated Universal Time),42,Plaza Senayan,plaza senayan,,,,,,
2026-08-14T04:31:24.749832+00:00,20260814-043124,https://trends24.in/indonesia/,Fri Aug 14 2026 01:09:47 GMT+0000 (Coordinated Universal Time),43,Ferran Torres,ferran torres,,,,,,
2026-08-14T04:31:24.749832+00:00,20260814-043124,https://trends24.in/indonesia/,Fri Aug 14 2026 01:09:47 GMT+0000 (Coordinated Universal Time),44,$BRODIE,$brodie,,,,,,
2026-08-14T04:31:24.749832+00:00,20260814-043124,https://trends24.in/indonesia/,Fri Aug 14 2026 01:09:47 GMT+0000 (Coordinated Universal Time),45,keadilan terjaga,keadilan terjaga,,,,,,
2026-08-14T04:31:24.749832+00:00,20260814-043124,https://trends24.in/indonesia/,Fri Aug 14 2026 01:09:47 GMT+0000 (Coordinated Universal Time),46,BE MY PLAYER TWO EP5,be my player two ep5,,,,,,
2026-08-14T04:31:24.749832+00:00,20260814-043124,https://trends24.in/indonesia/,Fri Aug 14 2026 01:09:47 GMT+0000 (Coordinated Universal Time),47,Xavi,xavi,,,,,,
2026-08-14T04:31:24.749832+00:00,20260814-043124,https://trends24.in/indonesia/,Fri Aug 14 2026 01:09:47 GMT+0000 (Coordinated Universal Time),48,Enzo,enzo,,,,,,
2026-08-14T04:31:24.749832+00:00,20260814-043124,https://trends24.in/indonesia/,Fri Aug 14 2026 01:09:47 GMT+0000 (Coordinated Universal Time),49,BUNKER,bunker,,,,,,
2026-08-14T04:31:24.749832+00:00,20260814-043124,https://trends24.in/indonesia/,Fri Aug 14 2026 01:09:47 GMT+0000 (Coordinated Universal Time),50,investasi berdampak,investasi berdampak,,,,,,
2026-08-14T04:31:24.749832+00:00,20260814-043124,https://trends24.in/indonesia/,Fri Aug 14 2026 00:18:47 GMT+0000 (Coordinated Universal Time),1,$MOTION,$motion,,,,,,
2026-08-14T04:31:24.749832+00:00,20260814-043124,https://trends24.in/indonesia/,Fri Aug 14 2026 00:18:47 GMT+0000 (Coordinated Universal Time),2,#YouManiacSeries,youmaniacseries,,,,,,
2026-08-14T04:31:24.749832+00:00,20260814-043124,https://trends24.in/indonesia/,Fri Aug 14 2026 00:18:47 GMT+0000 (Coordinated Universal Time),3,GoPay Investasi Emas,gopay investasi emas,,,,,,
2026-08-14T04:31:24.749832+00:00,20260814-043124,https://trends24.in/indonesia/,Fri Aug 14 2026 00:18:47 GMT+0000 (Coordinated Universal Time),4,#MakeAWishForJaemin,makeawishforjaemin,,,,,,
2026-08-14T04:31:24.749832+00:00,20260814-043124,https://trends24.in/indonesia/,Fri Aug 14 2026 00:18:47 GMT+0000 (Coordinated Universal Time),5,Selamat Hari Pramuka,selamat hari pramuka,,,,,,
2026-08-14T04:31:24.749832+00:00,20260814-043124,https://trends24.in/indonesia/,Fri Aug 14 2026 00:18:47 GMT+0000 (Coordinated Universal Time),6,#ì¬ëì¼ë¡_ê°ëì°¬_ì¬ë¯¼ì´ì_ì¤ë¬¼ì¬ì¯,ì¬ëì¼ë¡_ê°ëì°¬_ì¬ë¯¼ì´ì_ì¤ë¬¼ì¬ì¯,,,,,,
2026-08-14T04:31:24.749832+00:00,20260814-043124,https://trends24.in/indonesia/,Fri Aug 14 2026 00:18:47 GMT+0000 (Coordinated Universal Time),7,pengabdian pada negeri,pengabdian pada negeri,,,,,,
2026-08-14T04:31:24.749832+00:00,20260814-043124,https://trends24.in/indonesia/,Fri Aug 14 2026 00:18:47 GMT+0000 (Coordinated Universal Time),8,STOP CROPPING JAMES OUT,stop cropping james out,,,,,,
2026-08-14T04:31:24.749832+00:00,20260814-043124,https://trends24.in/indonesia/,Fri Aug 14 2026 00:18:47 GMT+0000 (Coordinated Universal Time),9,Jumat,jumat,,,,,,
2026-08-14T04:31:24.749832+00:00,20260814-043124,https://trends24.in/indonesia/,Fri Aug 14 2026 00:18:47 GMT+0000 (Coordinated Universal Time),10,Gunil,gunil,,,,,,
2026-08-14T04:31:24.749832+00:00,20260814-043124,https://trends24.in/indonesia/,Fri Aug 14 2026 00:18:47 GMT+0000 (Coordinated Universal Time),11,#LET_JAMES_BE_SEEN,let_james_be_seen,,,,,,
2026-08-14T04:31:24.749832+00:00,20260814-043124,https://trends24.in/indonesia/,Fri Aug 14 2026 00:18:47 GMT+0000 (Coordinated Universal Time),12,#BlackCardPHUWINmv,blackcardphuwinmv,,,,,,
2026-08-14T04:31:24.749832+00:00,20260814-043124,https://trends24.in/indonesia/,Fri Aug 14 2026 00:18:47 GMT+0000 (Coordinated Universal Time),13,DEWTEE LIVE HOUSE,dewtee live house,,,,,,
2026-08-14T04:31:24.749832+00:00,20260814-043124,https://trends24.in/indonesia/,Fri Aug 14 2026 00:18:47 GMT+0000 (Coordinated Universal Time),14,perkuat perkokoh nkri,perkuat perkokoh nkri,,,,,,
2026-08-14T04:31:24.749832+00:00,20260814-043124,https://trends24.in/indonesia/,Fri Aug 14 2026 00:18:47 GMT+0000 (Coordinated Universal Time),15,tolak kerusuhan,tolak kerusuhan,,,,,,
2026-08-14T04:31:24.749832+00:00,20260814-043124,https://trends24.in/indonesia/,Fri Aug 14 2026 00:18:47 GMT+0000 (Coordinated Universal Time),16,PHUWIN BLACK CARD MV,phuwin black card mv,,,,,,
2026-08-14T04:31:24.749832+00:00,20260814-043124,https://trends24.in/indonesia/,Fri Aug 14 2026 00:18:47 GMT+0000 (Coordinated Universal Time),17,Trade $ANTFUN,trade $antfun,,,,,,
2026-08-14T04:31:24.749832+00:00,20260814-043124,https://trends24.in/indonesia/,Fri Aug 14 2026 00:18:47 GMT+0000 (Coordinated Universal Time),18,COUNTLESS LOVE WITH HUENINGKAI,countless love with hueningkai,,,,,,
2026-08-14T04:31:24.749832+00:00,20260814-043124,https://trends24.in/indonesia/,Fri Aug 14 2026 00:18:47 GMT+0000 (Coordinated Universal Time),19,EMIBONNIE UNDER THE FIRST MOON,emibonnie under the first moon,,,,,,
2026-08-14T04:31:24.749832+00:00,20260814-043124,https://trends24.in/indonesia/,Fri Aug 14 2026 00:18:47 GMT+0000 (Coordinated Universal Time),20,Soccer,soccer,,,,,,
2026-08-14T04:31:24.749832+00:00,20260814-043124,https://trends24.in/indonesia/,Fri Aug 14 2026 00:18:47 GMT+0000 (Coordinated Universal Time),21,musical fountain,musical fountain,,,,,,
2026-08-14T04:31:24.749832+00:00,20260814-043124,https://trends24.in/indonesia/,Fri Aug 14 2026 00:18:47 GMT+0000 (Coordinated Universal Time),22,Robinhood Chain,robinhood chain,,,,,,
2026-08-14T04:31:24.749832+00:00,20260814-043124,https://trends24.in/indonesia/,Fri Aug 14 2026 00:18:47 GMT+0000 (Coordinated Universal Time),23,STOP MISTREATING JAMES,stop mistreating james,,,,,,
2026-08-14T04:31:24.749832+00:00,20260814-043124,https://trends24.in/indonesia/,Fri Aug 14 2026 00:18:47 GMT+0000 (Coordinated Universal Time),24,mencetak generasi unggul,mencetak generasi unggul,,,,,,
2026-08-14T04:31:24.749832+00:00,20260814-043124,https://trends24.in/indonesia/,Fri Aug 14 2026 00:18:47 GMT+0000 (Coordinated Universal Time),25,ORM SWU LEGACY FASHION,orm swu legacy fashion,,,,,,
2026-08-14T04:31:24.749832+00:00,20260814-043124,https://trends24.in/indonesia/,Fri Aug 14 2026 00:18:47 GMT+0000 (Coordinated Universal Time),26,TipFi,tipfi,,,,,,
2026-08-14T04:31:24.749832+00:00,20260814-043124,https://trends24.in/indonesia/,Fri Aug 14 2026 00:18:47 GMT+0000 (Coordinated Universal Time),27,$WISHBONE,$wishbone,,,,,,
2026-08-14T04:31:24.749832+00:00,20260814-043124,https://trends24.in/indonesia/,Fri Aug 14 2026 00:18:47 GMT+0000 (Coordinated Universal Time),28,Pagii,pagii,,,,,,
2026-08-14T04:31:24.749832+00:00,20260814-043124,https://trends24.in/indonesia/,Fri Aug 14 2026 00:18:47 GMT+0000 (Coordinated Universal Time),29,Desil 10,desil 10,,,,,,
2026-08-14T04:31:24.749832+00:00,20260814-043124,https://trends24.in/indonesia/,Fri Aug 14 2026 00:18:47 GMT+0000 (Coordinated Universal Time),30,amy presiden pks,amy presiden pks,,,,,,
2026-08-14T04:31:24.749832+00:00,20260814-043124,https://trends24.in/indonesia/,Fri Aug 14 2026 00:18:47 GMT+0000 (Coordinated Universal Time),31,Ferran Torres,ferran torres,,,,,,
2026-08-14T04:31:24.749832+00:00,20260814-043124,https://trends24.in/indonesia/,Fri Aug 14 2026 00:18:47 GMT+0000 (Coordinated Universal Time),32,$STONKBROKER,$stonkbroker,,,,,,
2026-08-14T04:31:24.749832+00:00,20260814-043124,https://trends24.in/indonesia/,Fri Aug 14 2026 00:18:47 GMT+0000 (Coordinated Universal Time),33,Klaim Voucher 100%,klaim voucher 100%,,,,,,
2026-08-14T04:31:24.749832+00:00,20260814-043124,https://trends24.in/indonesia/,Fri Aug 14 2026 00:18:47 GMT+0000 (Coordinated Universal Time),34,chris brown,chris brown,,,,,,
2026-08-14T04:31:24.749832+00:00,20260814-043124,https://trends24.in/indonesia/,Fri Aug 14 2026 00:18:47 GMT+0000 (Coordinated Universal Time),35,Affan,affan,,,,,,
2026-08-14T04:31:24.749832+00:00,20260814-043124,https://trends24.in/indonesia/,Fri Aug 14 2026 00:18:47 GMT+0000 (Coordinated Universal Time),36,jype,jype,,,,,,
2026-08-14T04:31:24.749832+00:00,20260814-043124,https://trends24.in/indonesia/,Fri Aug 14 2026 00:18:47 GMT+0000 (Coordinated Universal Time),37,mingyu,mingyu,,,,,,
2026-08-14T04:31:24.749832+00:00,20260814-043124,https://trends24.in/indonesia/,Fri Aug 14 2026 00:18:47 GMT+0000 (Coordinated Universal Time),38,assemble teaser d3,assemble teaser d3,,,,,,
2026-08-14T04:31:24.749832+00:00,20260814-043124,https://trends24.in/indonesia/,Fri Aug 14 2026 00:18:47 GMT+0000 (Coordinated Universal Time),39,$BRODIE,$brodie,,,,,,
2026-08-14T04:31:24.749832+00:00,20260814-043124,https://trends24.in/indonesia/,Fri Aug 14 2026 00:18:47 GMT+0000 (Coordinated Universal Time),40,Plaza Senayan,plaza senayan,,,,,,
2026-08-14T04:31:24.749832+00:00,20260814-043124,https://trends24.in/indonesia/,Fri Aug 14 2026 00:18:47 GMT+0000 (Coordinated Universal Time),41,Al Qadsiah,al qadsiah,,,,,,
2026-08-14T04:31:24.749832+00:00,20260814-043124,https://trends24.in/indonesia/,Fri Aug 14 2026 00:18:47 GMT+0000 (Coordinated Universal Time),42,Xdiz,xdiz,,,,,,
2026-08-14T04:31:24.749832+00:00,20260814-043124,https://trends24.in/indonesia/,Fri Aug 14 2026 00:18:47 GMT+0000 (Coordinated Universal Time),43,perfect scent with est,perfect scent with est,,,,,,
2026-08-14T04:31:24.749832+00:00,20260814-043124,https://trends24.in/indonesia/,Fri Aug 14 2026 00:18:47 GMT+0000 (Coordinated Universal Time),44,keadilan terjaga,keadilan terjaga,,,,,,
2026-08-14T04:31:24.749832+00:00,20260814-043124,https://trends24.in/indonesia/,Fri Aug 14 2026 00:18:47 GMT+0000 (Coordinated Universal Time),45,Xavi,xavi,,,,,,
2026-08-14T04:31:24.749832+00:00,20260814-043124,https://trends24.in/indonesia/,Fri Aug 14 2026 00:18:47 GMT+0000 (Coordinated Universal Time),46,BE MY PLAYER TWO EP5,be my player two ep5,,,,,,
2026-08-14T04:31:24.749832+00:00,20260814-043124,https://trends24.in/indonesia/,Fri Aug 14 2026 00:18:47 GMT+0000 (Coordinated Universal Time),47,investasi berdampak,investasi berdampak,,,,,,
2026-08-14T04:31:24.749832+00:00,20260814-043124,https://trends24.in/indonesia/,Fri Aug 14 2026 00:18:47 GMT+0000 (Coordinated Universal Time),48,Enzo,enzo,,,,,,
2026-08-14T04:31:24.749832+00:00,20260814-043124,https://trends24.in/indonesia/,Fri Aug 14 2026 00:18:47 GMT+0000 (Coordinated Universal Time),49,Bunker,bunker,,,,,,
2026-08-14T04:31:24.749832+00:00,20260814-043124,https://trends24.in/indonesia/,Fri Aug 14 2026 00:18:47 GMT+0000 (Coordinated Universal Time),50,NacrÃ© Signature,nacrã© signature,,,,,,
2026-08-14T04:31:24.749832+00:00,20260814-043124,https://trends24.in/indonesia/,Thu Aug 13 2026 23:27:44 GMT+0000 (Coordinated Universal Time),1,$MOTION,$motion,,,,,,
2026-08-14T04:31:24.749832+00:00,20260814-043124,https://trends24.in/indonesia/,Thu Aug 13 2026 23:27:44 GMT+0000 (Coordinated Universal Time),2,#YouManiacSeries,youmaniacseries,,,,,,
2026-08-14T04:31:24.749832+00:00,20260814-043124,https://trends24.in/indonesia/,Thu Aug 13 2026 23:27:44 GMT+0000 (Coordinated Universal Time),3,GoPay Investasi Emas,gopay investasi emas,,,,,,
2026-08-14T04:31:24.749832+00:00,20260814-043124,https://trends24.in/indonesia/,Thu Aug 13 2026 23:27:44 GMT+0000 (Coordinated Universal Time),4,#MakeAWishForJaemin,makeawishforjaemin,,,,,,
2026-08-14T04:31:24.749832+00:00,20260814-043124,https://trends24.in/indonesia/,Thu Aug 13 2026 23:27:44 GMT+0000 (Coordinated Universal Time),5,#ì¬ëì¼ë¡_ê°ëì°¬_ì¬ë¯¼ì´ì_ì¤ë¬¼ì¬ì¯,ì¬ëì¼ë¡_ê°ëì°¬_ì¬ë¯¼ì´ì_ì¤ë¬¼ì¬ì¯,,,,,,
2026-08-14T04:31:24.749832+00:00,20260814-043124,https://trends24.in/indonesia/,Thu Aug 13 2026 23:27:44 GMT+0000 (Coordinated Universal Time),6,pengabdian pada negeri,pengabdian pada negeri,,,,,,
2026-08-14T04:31:24.749832+00:00,20260814-043124,https://trends24.in/indonesia/,Thu Aug 13 2026 23:27:44 GMT+0000 (Coordinated Universal Time),7,STOP CROPPING JAMES OUT,stop cropping james out,,,,,,
2026-08-14T04:31:24.749832+00:00,20260814-043124,https://trends24.in/indonesia/,Thu Aug 13 2026 23:27:44 GMT+0000 (Coordinated Universal Time),8,Gunil,gunil,,,,,,
2026-08-14T04:31:24.749832+00:00,20260814-043124,https://trends24.in/indonesia/,Thu Aug 13 2026 23:27:44 GMT+0000 (Coordinated Universal Time),9,#LET_JAMES_BE_SEEN,let_james_be_seen,,,,,,
2026-08-14T04:31:24.749832+00:00,20260814-043124,https://trends24.in/indonesia/,Thu Aug 13 2026 23:27:44 GMT+0000 (Coordinated Universal Time),10,#bantumelayaniindonesia,bantumelayaniindonesia,,,,,,
2026-08-14T04:31:24.749832+00:00,20260814-043124,https://trends24.in/indonesia/,Thu Aug 13 2026 23:27:44 GMT+0000 (Coordinated Universal Time),11,DEWTEE LIVE HOUSE,dewtee live house,,,,,,
2026-08-14T04:31:24.749832+00:00,20260814-043124,https://trends24.in/indonesia/,Thu Aug 13 2026 23:27:44 GMT+0000 (Coordinated Universal Time),12,Trade $ANTFUN,trade $antfun,,,,,,
2026-08-14T04:31:24.749832+00:00,20260814-043124,https://trends24.in/indonesia/,Thu Aug 13 2026 23:27:44 GMT+0000 (Coordinated Universal Time),13,Selamat Hari Pramuka,selamat hari pramuka,,,,,,
2026-08-14T04:31:24.749832+00:00,20260814-043124,https://trends24.in/indonesia/,Thu Aug 13 2026 23:27:44 GMT+0000 (Coordinated Universal Time),14,perkuat perkokoh nkri,perkuat perkokoh nkri,,,,,,
2026-08-14T04:31:24.749832+00:00,20260814-043124,https://trends24.in/indonesia/,Thu Aug 13 2026 23:27:44 GMT+0000 (Coordinated Universal Time),15,Jumat,jumat,,,,,,
2026-08-14T04:31:24.749832+00:00,20260814-043124,https://trends24.in/indonesia/,Thu Aug 13 2026 23:27:44 GMT+0000 (Coordinated Universal Time),16,tolak kerusuhan,tolak kerusuhan,,,,,,
2026-08-14T04:31:24.749832+00:00,20260814-043124,https://trends24.in/indonesia/,Thu Aug 13 2026 23:27:44 GMT+0000 (Coordinated Universal Time),17,PHUWIN BLACK CARD MV,phuwin black card mv,,,,,,
2026-08-14T04:31:24.749832+00:00,20260814-043124,https://trends24.in/indonesia/,Thu Aug 13 2026 23:27:44 GMT+0000 (Coordinated Universal Time),18,STOP MISTREATING JAMES,stop mistreating james,,,,,,
2026-08-14T04:31:24.749832+00:00,20260814-043124,https://trends24.in/indonesia/,Thu Aug 13 2026 23:27:44 GMT+0000 (Coordinated Universal Time),19,COUNTLESS LOVE WITH HUENINGKAI,countless love with hueningkai,,,,,,
2026-08-14T04:31:24.749832+00:00,20260814-043124,https://trends24.in/indonesia/,Thu Aug 13 2026 23:27:44 GMT+0000 (Coordinated Universal Time),20,EMIBONNIE UNDER THE FIRST MOON,emibonnie under the first moon,,,,,,
2026-08-14T04:31:24.749832+00:00,20260814-043124,https://trends24.in/indonesia/,Thu Aug 13 2026 23:27:44 GMT+0000 (Coordinated Universal Time),21,Soccer,soccer,,,,,,
2026-08-14T04:31:24.749832+00:00,20260814-043124,https://trends24.in/indonesia/,Thu Aug 13 2026 23:27:44 GMT+0000 (Coordinated Universal Time),22,musical fountain,musical fountain,,,,,,
2026-08-14T04:31:24.749832+00:00,20260814-043124,https://trends24.in/indonesia/,Thu Aug 13 2026 23:27:44 GMT+0000 (Coordinated Universal Time),23,Robinhood Chain,robinhood chain,,,,,,
2026-08-14T04:31:24.749832+00:00,20260814-043124,https://trends24.in/indonesia/,Thu Aug 13 2026 23:27:44 GMT+0000 (Coordinated Universal Time),24,mencetak generasi unggul,mencetak generasi unggul,,,,,,
2026-08-14T04:31:24.749832+00:00,20260814-043124,https://trends24.in/indonesia/,Thu Aug 13 2026 23:27:44 GMT+0000 (Coordinated Universal Time),25,TipFi,tipfi,,,,,,
2026-08-14T04:31:24.749832+00:00,20260814-043124,https://trends24.in/indonesia/,Thu Aug 13 2026 23:27:44 GMT+0000 (Coordinated Universal Time),26,ORM SWU LEGACY FASHION,orm swu legacy fashion,,,,,,
2026-08-14T04:31:24.749832+00:00,20260814-043124,https://trends24.in/indonesia/,Thu Aug 13 2026 23:27:44 GMT+0000 (Coordinated Universal Time),27,Desil 10,desil 10,,,,,,
2026-08-14T04:31:24.749832+00:00,20260814-043124,https://trends24.in/indonesia/,Thu Aug 13 2026 23:27:44 GMT+0000 (Coordinated Universal Time),28,papdesi,papdesi,,,,,,
2026-08-14T04:31:24.749832+00:00,20260814-043124,https://trends24.in/indonesia/,Thu Aug 13 2026 23:27:44 GMT+0000 (Coordinated Universal Time),29,$WISHBONE,$wishbone,,,,,,
2026-08-14T04:31:24.749832+00:00,20260814-043124,https://trends24.in/indonesia/,Thu Aug 13 2026 23:27:44 GMT+0000 (Coordinated Universal Time),30,$STONKBROKER,$stonkbroker,,,,,,
2026-08-14T04:31:24.749832+00:00,20260814-043124,https://trends24.in/indonesia/,Thu Aug 13 2026 23:27:44 GMT+0000 (Coordinated Universal Time),31,amy presiden pks,amy presiden pks,,,,,,
2026-08-14T04:31:24.749832+00:00,20260814-043124,https://trends24.in/indonesia/,Thu Aug 13 2026 23:27:44 GMT+0000 (Coordinated Universal Time),32,Klaim Voucher 100%,klaim voucher 100%,,,,,,
2026-08-14T04:31:24.749832+00:00,20260814-043124,https://trends24.in/indonesia/,Thu Aug 13 2026 23:27:44 GMT+0000 (Coordinated Universal Time),33,chris brown,chris brown,,,,,,
2026-08-14T04:31:24.749832+00:00,20260814-043124,https://trends24.in/indonesia/,Thu Aug 13 2026 23:27:44 GMT+0000 (Coordinated Universal Time),34,Affan,affan,,,,,,
2026-08-14T04:31:24.749832+00:00,20260814-043124,https://trends24.in/indonesia/,Thu Aug 13 2026 23:27:44 GMT+0000 (Coordinated Universal Time),35,jype,jype,,,,,,
2026-08-14T04:31:24.749832+00:00,20260814-043124,https://trends24.in/indonesia/,Thu Aug 13 2026 23:27:44 GMT+0000 (Coordinated Universal Time),36,Xavi,xavi,,,,,,
2026-08-14T04:31:24.749832+00:00,20260814-043124,https://trends24.in/indonesia/,Thu Aug 13 2026 23:27:44 GMT+0000 (Coordinated Universal Time),37,Plaza Senayan,plaza senayan,,,,,,
2026-08-14T04:31:24.749832+00:00,20260814-043124,https://trends24.in/indonesia/,Thu Aug 13 2026 23:27:44 GMT+0000 (Coordinated Universal Time),38,assemble teaser d3,assemble teaser d3,,,,,,
2026-08-14T04:31:24.749832+00:00,20260814-043124,https://trends24.in/indonesia/,Thu Aug 13 2026 23:27:44 GMT+0000 (Coordinated Universal Time),39,$BRODIE,$brodie,,,,,,
2026-08-14T04:31:24.749832+00:00,20260814-043124,https://trends24.in/indonesia/,Thu Aug 13 2026 23:27:44 GMT+0000 (Coordinated Universal Time),40,Al Qadsiah,al qadsiah,,,,,,
2026-08-14T04:31:24.749832+00:00,20260814-043124,https://trends24.in/indonesia/,Thu Aug 13 2026 23:27:44 GMT+0000 (Coordinated Universal Time),41,perfect scent with est,perfect scent with est,,,,,,
2026-08-14T04:31:24.749832+00:00,20260814-043124,https://trends24.in/indonesia/,Thu Aug 13 2026 23:27:44 GMT+0000 (Coordinated Universal Time),42,mingyu,mingyu,,,,,,
2026-08-14T04:31:24.749832+00:00,20260814-043124,https://trends24.in/indonesia/,Thu Aug 13 2026 23:27:44 GMT+0000 (Coordinated Universal Time),43,BE MY PLAYER TWO EP5,be my player two ep5,,,,,,
2026-08-14T04:31:24.749832+00:00,20260814-043124,https://trends24.in/indonesia/,Thu Aug 13 2026 23:27:44 GMT+0000 (Coordinated Universal Time),44,BUNKER,bunker,,,,,,
2026-08-14T04:31:24.749832+00:00,20260814-043124,https://trends24.in/indonesia/,Thu Aug 13 2026 23:27:44 GMT+0000 (Coordinated Universal Time),45,keadilan terjaga,keadilan terjaga,,,,,,
2026-08-14T04:31:24.749832+00:00,20260814-043124,https://trends24.in/indonesia/,Thu Aug 13 2026 23:27:44 GMT+0000 (Coordinated Universal Time),46,investasi berdampak,investasi berdampak,,,,,,
2026-08-14T04:31:24.749832+00:00,20260814-043124,https://trends24.in/indonesia/,Thu Aug 13 2026 23:27:44 GMT+0000 (Coordinated Universal Time),47,Enzo,enzo,,,,,,
2026-08-14T04:31:24.749832+00:00,20260814-043124,https://trends24.in/indonesia/,Thu Aug 13 2026 23:27:44 GMT+0000 (Coordinated Universal Time),48,ICONIC HEART,iconic heart,,,,,,
2026-08-14T04:31:24.749832+00:00,20260814-043124,https://trends24.in/indonesia/,Thu Aug 13 2026 23:27:44 GMT+0000 (Coordinated Universal Time),49,Xdiz,xdiz,,,,,,
2026-08-14T04:31:24.749832+00:00,20260814-043124,https://trends24.in/indonesia/,Thu Aug 13 2026 23:27:44 GMT+0000 (Coordinated Universal Time),50,GEMINI CONCERT IN LIVEHOUSE,gemini concert in livehouse,,,,,,
2026-08-14T04:31:24.749832+00:00,20260814-043124,https://trends24.in/indonesia/,Thu Aug 13 2026 22:36:37 GMT+0000 (Coordinated Universal Time),1,$MOTION,$motion,,,,,,
2026-08-14T04:31:24.749832+00:00,20260814-043124,https://trends24.in/indonesia/,Thu Aug 13 2026 22:36:37 GMT+0000 (Coordinated Universal Time),2,#YouManiacSeries,youmaniacseries,,,,,,
2026-08-14T04:31:24.749832+00:00,20260814-043124,https://trends24.in/indonesia/,Thu Aug 13 2026 22:36:37 GMT+0000 (Coordinated Universal Time),3,GoPay Investasi Emas,gopay investasi emas,,,,,,
2026-08-14T04:31:24.749832+00:00,20260814-043124,https://trends24.in/indonesia/,Thu Aug 13 2026 22:36:37 GMT+0000 (Coordinated Universal Time),4,#MakeAWishForJaemin,makeawishforjaemin,,,,,,
2026-08-14T04:31:24.749832+00:00,20260814-043124,https://trends24.in/indonesia/,Thu Aug 13 2026 22:36:37 GMT+0000 (Coordinated Universal Time),5,#ì¬ëì¼ë¡_ê°ëì°¬_ì¬ë¯¼ì´ì_ì¤ë¬¼ì¬ì¯,ì¬ëì¼ë¡_ê°ëì°¬_ì¬ë¯¼ì´ì_ì¤ë¬¼ì¬ì¯,,,,,,
2026-08-14T04:31:24.749832+00:00,20260814-043124,https://trends24.in/indonesia/,Thu Aug 13 2026 22:36:37 GMT+0000 (Coordinated Universal Time),6,pengabdian pada negeri,pengabdian pada negeri,,,,,,
2026-08-14T04:31:24.749832+00:00,20260814-043124,https://trends24.in/indonesia/,Thu Aug 13 2026 22:36:37 GMT+0000 (Coordinated Universal Time),7,#BlackCardPHUWINmv,blackcardphuwinmv,,,,,,
2026-08-14T04:31:24.749832+00:00,20260814-043124,https://trends24.in/indonesia/,Thu Aug 13 2026 22:36:37 GMT+0000 (Coordinated Universal Time),8,Gunil,gunil,,,,,,
2026-08-14T04:31:24.749832+00:00,20260814-043124,https://trends24.in/indonesia/,Thu Aug 13 2026 22:36:37 GMT+0000 (Coordinated Universal Time),9,#bantumelayaniindonesia,bantumelayaniindonesia,,,,,,
2026-08-14T04:31:24.749832+00:00,20260814-043124,https://trends24.in/indonesia/,Thu Aug 13 2026 22:36:37 GMT+0000 (Coordinated Universal Time),10,DEWTEE LIVE HOUSE,dewtee live house,,,,,,
2026-08-14T04:31:24.749832+00:00,20260814-043124,https://trends24.in/indonesia/,Thu Aug 13 2026 22:36:37 GMT+0000 (Coordinated Universal Time),11,Trade $ANTFUN,trade $antfun,,,,,,
2026-08-14T04:31:24.749832+00:00,20260814-043124,https://trends24.in/indonesia/,Thu Aug 13 2026 22:36:37 GMT+0000 (Coordinated Universal Time),12,STOP CROPPING JAMES OUT,stop cropping james out,,,,,,
2026-08-14T04:31:24.749832+00:00,20260814-043124,https://trends24.in/indonesia/,Thu Aug 13 2026 22:36:37 GMT+0000 (Coordinated Universal Time),13,perkuat perkokoh nkri,perkuat perkokoh nkri,,,,,,
2026-08-14T04:31:24.749832+00:00,20260814-043124,https://trends24.in/indonesia/,Thu Aug 13 2026 22:36:37 GMT+0000 (Coordinated Universal Time),14,PHUWIN BLACK CARD MV,phuwin black card mv,,,,,,
2026-08-14T04:31:24.749832+00:00,20260814-043124,https://trends24.in/indonesia/,Thu Aug 13 2026 22:36:37 GMT+0000 (Coordinated Universal Time),15,tolak kerusuhan,tolak kerusuhan,,,,,,
2026-08-14T04:31:24.749832+00:00,20260814-043124,https://trends24.in/indonesia/,Thu Aug 13 2026 22:36:37 GMT+0000 (Coordinated Universal Time),16,EMIBONNIE UNDER THE FIRST MOON,emibonnie under the first moon,,,,,,
2026-08-14T04:31:24.749832+00:00,20260814-043124,https://trends24.in/indonesia/,Thu Aug 13 2026 22:36:37 GMT+0000 (Coordinated Universal Time),17,COUNTLESS LOVE WITH HUENINGKAI,countless love with hueningkai,,,,,,
2026-08-14T04:31:24.749832+00:00,20260814-043124,https://trends24.in/indonesia/,Thu Aug 13 2026 22:36:37 GMT+0000 (Coordinated Universal Time),18,Soccer,soccer,,,,,,
2026-08-14T04:31:24.749832+00:00,20260814-043124,https://trends24.in/indonesia/,Thu Aug 13 2026 22:36:37 GMT+0000 (Coordinated Universal Time),19,musical fountain,musical fountain,,,,,,
2026-08-14T04:31:24.749832+00:00,20260814-043124,https://trends24.in/indonesia/,Thu Aug 13 2026 22:36:37 GMT+0000 (Coordinated Universal Time),20,Robinhood Chain,robinhood chain,,,,,,
2026-08-14T04:31:24.749832+00:00,20260814-043124,https://trends24.in/indonesia/,Thu Aug 13 2026 22:36:37 GMT+0000 (Coordinated Universal Time),21,STOP MISTREATING JAMES,stop mistreating james,,,,,,
2026-08-14T04:31:24.749832+00:00,20260814-043124,https://trends24.in/indonesia/,Thu Aug 13 2026 22:36:37 GMT+0000 (Coordinated Universal Time),22,TipFi,tipfi,,,,,,
2026-08-14T04:31:24.749832+00:00,20260814-043124,https://trends24.in/indonesia/,Thu Aug 13 2026 22:36:37 GMT+0000 (Coordinated Universal Time),23,mencetak generasi unggul,mencetak generasi unggul,,,,,,
2026-08-14T04:31:24.749832+00:00,20260814-043124,https://trends24.in/indonesia/,Thu Aug 13 2026 22:36:37 GMT+0000 (Coordinated Universal Time),24,Malam Jumat,malam jumat,,,,,,
2026-08-14T04:31:24.749832+00:00,20260814-043124,https://trends24.in/indonesia/,Thu Aug 13 2026 22:36:37 GMT+0000 (Coordinated Universal Time),25,ORM SWU LEGACY FASHION,orm swu legacy fashion,,,,,,
2026-08-14T04:31:24.749832+00:00,20260814-043124,https://trends24.in/indonesia/,Thu Aug 13 2026 22:36:37 GMT+0000 (Coordinated Universal Time),26,Desil 10,desil 10,,,,,,
2026-08-14T04:31:24.749832+00:00,20260814-043124,https://trends24.in/indonesia/,Thu Aug 13 2026 22:36:37 GMT+0000 (Coordinated Universal Time),27,BUNKER,bunker,,,,,,
2026-08-14T04:31:24.749832+00:00,20260814-043124,https://trends24.in/indonesia/,Thu Aug 13 2026 22:36:37 GMT+0000 (Coordinated Universal Time),28,$WISHBONE,$wishbone,,,,,,
2026-08-14T04:31:24.749832+00:00,20260814-043124,https://trends24.in/indonesia/,Thu Aug 13 2026 22:36:37 GMT+0000 (Coordinated Universal Time),29,papdesi,papdesi,,,,,,
2026-08-14T04:31:24.749832+00:00,20260814-043124,https://trends24.in/indonesia/,Thu Aug 13 2026 22:36:37 GMT+0000 (Coordinated Universal Time),30,$STONKBROKER,$stonkbroker,,,,,,
2026-08-14T04:31:24.749832+00:00,20260814-043124,https://trends24.in/indonesia/,Thu Aug 13 2026 22:36:37 GMT+0000 (Coordinated Universal Time),31,amy presiden pks,amy presiden pks,,,,,,
2026-08-14T04:31:24.749832+00:00,20260814-043124,https://trends24.in/indonesia/,Thu Aug 13 2026 22:36:37 GMT+0000 (Coordinated Universal Time),32,WL GRANTED,wl granted,,,,,,
2026-08-14T04:31:24.749832+00:00,20260814-043124,https://trends24.in/indonesia/,Thu Aug 13 2026 22:36:37 GMT+0000 (Coordinated Universal Time),33,chris brown,chris brown,,,,,,
2026-08-14T04:31:24.749832+00:00,20260814-043124,https://trends24.in/indonesia/,Thu Aug 13 2026 22:36:37 GMT+0000 (Coordinated Universal Time),34,Klaim Voucher 100%,klaim voucher 100%,,,,,,
2026-08-14T04:31:24.749832+00:00,20260814-043124,https://trends24.in/indonesia/,Thu Aug 13 2026 22:36:37 GMT+0000 (Coordinated Universal Time),35,Affan,affan,,,,,,
2026-08-14T04:31:24.749832+00:00,20260814-043124,https://trends24.in/indonesia/,Thu Aug 13 2026 22:36:37 GMT+0000 (Coordinated Universal Time),36,jype,jype,,,,,,
2026-08-14T04:31:24.749832+00:00,20260814-043124,https://trends24.in/indonesia/,Thu Aug 13 2026 22:36:37 GMT+0000 (Coordinated Universal Time),37,Xavi,xavi,,,,,,
2026-08-14T04:31:24.749832+00:00,20260814-043124,https://trends24.in/indonesia/,Thu Aug 13 2026 22:36:37 GMT+0000 (Coordinated Universal Time),38,Plaza Senayan,plaza senayan,,,,,,
2026-08-14T04:31:24.749832+00:00,20260814-043124,https://trends24.in/indonesia/,Thu Aug 13 2026 22:36:37 GMT+0000 (Coordinated Universal Time),39,assemble teaser d3,assemble teaser d3,,,,,,
2026-08-14T04:31:24.749832+00:00,20260814-043124,https://trends24.in/indonesia/,Thu Aug 13 2026 22:36:37 GMT+0000 (Coordinated Universal Time),40,$BRODIE,$brodie,,,,,,
2026-08-14T04:31:24.749832+00:00,20260814-043124,https://trends24.in/indonesia/,Thu Aug 13 2026 22:36:37 GMT+0000 (Coordinated Universal Time),41,Al Qadsiah,al qadsiah,,,,,,
2026-08-14T04:31:24.749832+00:00,20260814-043124,https://trends24.in/indonesia/,Thu Aug 13 2026 22:36:37 GMT+0000 (Coordinated Universal Time),42,perfect scent with est,perfect scent with est,,,,,,
2026-08-14T04:31:24.749832+00:00,20260814-043124,https://trends24.in/indonesia/,Thu Aug 13 2026 22:36:37 GMT+0000 (Coordinated Universal Time),43,BE MY PLAYER TWO EP5,be my player two ep5,,,,,,
2026-08-14T04:31:24.749832+00:00,20260814-043124,https://trends24.in/indonesia/,Thu Aug 13 2026 22:36:37 GMT+0000 (Coordinated Universal Time),44,LENAMIU X LEGACY,lenamiu x legacy,,,,,,
2026-08-14T04:31:24.749832+00:00,20260814-043124,https://trends24.in/indonesia/,Thu Aug 13 2026 22:36:37 GMT+0000 (Coordinated Universal Time),45,Xdiz,xdiz,,,,,,
2026-08-14T04:31:24.749832+00:00,20260814-043124,https://trends24.in/indonesia/,Thu Aug 13 2026 22:36:37 GMT+0000 (Coordinated Universal Time),46,ICONIC HEART,iconic heart,,,,,,
2026-08-14T04:31:24.749832+00:00,20260814-043124,https://trends24.in/indonesia/,Thu Aug 13 2026 22:36:37 GMT+0000 (Coordinated Universal Time),47,keadilan terjaga,keadilan terjaga,,,,,,
2026-08-14T04:31:24.749832+00:00,20260814-043124,https://trends24.in/indonesia/,Thu Aug 13 2026 22:36:37 GMT+0000 (Coordinated Universal Time),48,Tijjani,tijjani,,,,,,
2026-08-14T04:31:24.749832+00:00,20260814-043124,https://trends24.in/indonesia/,Thu Aug 13 2026 22:36:37 GMT+0000 (Coordinated Universal Time),49,investasi berdampak,investasi berdampak,,,,,,
2026-08-14T04:31:24.749832+00:00,20260814-043124,https://trends24.in/indonesia/,Thu Aug 13 2026 22:36:37 GMT+0000 (Coordinated Universal Time),50,mingyu,mingyu,,,,,,
2026-08-14T04:31:24.749832+00:00,20260814-043124,https://trends24.in/indonesia/,Thu Aug 13 2026 22:36:23 GMT+0000 (Coordinated Universal Time),1,$MOTION,$motion,,,,,,
2026-08-14T04:31:24.749832+00:00,20260814-043124,https://trends24.in/indonesia/,Thu Aug 13 2026 22:36:23 GMT+0000 (Coordinated Universal Time),2,#YouManiacSeries,youmaniacseries,,,,,,
2026-08-14T04:31:24.749832+00:00,20260814-043124,https://trends24.in/indonesia/,Thu Aug 13 2026 22:36:23 GMT+0000 (Coordinated Universal Time),3,GoPay Investasi Emas,gopay investasi emas,,,,,,
2026-08-14T04:31:24.749832+00:00,20260814-043124,https://trends24.in/indonesia/,Thu Aug 13 2026 22:36:23 GMT+0000 (Coordinated Universal Time),4,#MakeAWishForJaemin,makeawishforjaemin,,,,,,
2026-08-14T04:31:24.749832+00:00,20260814-043124,https://trends24.in/indonesia/,Thu Aug 13 2026 22:36:23 GMT+0000 (Coordinated Universal Time),5,#ì¬ëì¼ë¡_ê°ëì°¬_ì¬ë¯¼ì´ì_ì¤ë¬¼ì¬ì¯,ì¬ëì¼ë¡_ê°ëì°¬_ì¬ë¯¼ì´ì_ì¤ë¬¼ì¬ì¯,,,,,,
2026-08-14T04:31:24.749832+00:00,20260814-043124,https://trends24.in/indonesia/,Thu Aug 13 2026 22:36:23 GMT+0000 (Coordinated Universal Time),6,pengabdian pada negeri,pengabdian pada negeri,,,,,,
2026-08-14T04:31:24.749832+00:00,20260814-043124,https://trends24.in/indonesia/,Thu Aug 13 2026 22:36:23 GMT+0000 (Coordinated Universal Time),7,#BlackCardPHUWINmv,blackcardphuwinmv,,,,,,
2026-08-14T04:31:24.749832+00:00,20260814-043124,https://trends24.in/indonesia/,Thu Aug 13 2026 22:36:23 GMT+0000 (Coordinated Universal Time),8,Gunil,gunil,,,,,,
2026-08-14T04:31:24.749832+00:00,20260814-043124,https://trends24.in/indonesia/,Thu Aug 13 2026 22:36:23 GMT+0000 (Coordinated Universal Time),9,#bantumelayaniindonesia,bantumelayaniindonesia,,,,,,
2026-08-14T04:31:24.749832+00:00,20260814-043124,https://trends24.in/indonesia/,Thu Aug 13 2026 22:36:23 GMT+0000 (Coordinated Universal Time),10,DEWTEE LIVE HOUSE,dewtee live house,,,,,,
2026-08-14T04:31:24.749832+00:00,20260814-043124,https://trends24.in/indonesia/,Thu Aug 13 2026 22:36:23 GMT+0000 (Coordinated Universal Time),11,Trade $ANTFUN,trade $antfun,,,,,,
2026-08-14T04:31:24.749832+00:00,20260814-043124,https://trends24.in/indonesia/,Thu Aug 13 2026 22:36:23 GMT+0000 (Coordinated Universal Time),12,STOP CROPPING JAMES OUT,stop cropping james out,,,,,,
2026-08-14T04:31:24.749832+00:00,20260814-043124,https://trends24.in/indonesia/,Thu Aug 13 2026 22:36:23 GMT+0000 (Coordinated Universal Time),13,perkuat perkokoh nkri,perkuat perkokoh nkri,,,,,,
2026-08-14T04:31:24.749832+00:00,20260814-043124,https://trends24.in/indonesia/,Thu Aug 13 2026 22:36:23 GMT+0000 (Coordinated Universal Time),14,PHUWIN BLACK CARD MV,phuwin black card mv,,,,,,
2026-08-14T04:31:24.749832+00:00,20260814-043124,https://trends24.in/indonesia/,Thu Aug 13 2026 22:36:23 GMT+0000 (Coordinated Universal Time),15,tolak kerusuhan,tolak kerusuhan,,,,,,
2026-08-14T04:31:24.749832+00:00,20260814-043124,https://trends24.in/indonesia/,Thu Aug 13 2026 22:36:23 GMT+0000 (Coordinated Universal Time),16,EMIBONNIE UNDER THE FIRST MOON,emibonnie under the first moon,,,,,,
2026-08-14T04:31:24.749832+00:00,20260814-043124,https://trends24.in/indonesia/,Thu Aug 13 2026 22:36:23 GMT+0000 (Coordinated Universal Time),17,COUNTLESS LOVE WITH HUENINGKAI,countless love with hueningkai,,,,,,
2026-08-14T04:31:24.749832+00:00,20260814-043124,https://trends24.in/indonesia/,Thu Aug 13 2026 22:36:23 GMT+0000 (Coordinated Universal Time),18,Soccer,soccer,,,,,,
2026-08-14T04:31:24.749832+00:00,20260814-043124,https://trends24.in/indonesia/,Thu Aug 13 2026 22:36:23 GMT+0000 (Coordinated Universal Time),19,musical fountain,musical fountain,,,,,,
2026-08-14T04:31:24.749832+00:00,20260814-043124,https://trends24.in/indonesia/,Thu Aug 13 2026 22:36:23 GMT+0000 (Coordinated Universal Time),20,Robinhood Chain,robinhood chain,,,,,,
2026-08-14T04:31:24.749832+00:00,20260814-043124,https://trends24.in/indonesia/,Thu Aug 13 2026 22:36:23 GMT+0000 (Coordinated Universal Time),21,STOP MISTREATING JAMES,stop mistreating james,,,,,,
2026-08-14T04:31:24.749832+00:00,20260814-043124,https://trends24.in/indonesia/,Thu Aug 13 2026 22:36:23 GMT+0000 (Coordinated Universal Time),22,TipFi,tipfi,,,,,,
2026-08-14T04:31:24.749832+00:00,20260814-043124,https://trends24.in/indonesia/,Thu Aug 13 2026 22:36:23 GMT+0000 (Coordinated Universal Time),23,mencetak generasi unggul,mencetak generasi unggul,,,,,,
2026-08-14T04:31:24.749832+00:00,20260814-043124,https://trends24.in/indonesia/,Thu Aug 13 2026 22:36:23 GMT+0000 (Coordinated Universal Time),24,Malam Jumat,malam jumat,,,,,,
2026-08-14T04:31:24.749832+00:00,20260814-043124,https://trends24.in/indonesia/,Thu Aug 13 2026 22:36:23 GMT+0000 (Coordinated Universal Time),25,ORM SWU LEGACY FASHION,orm swu legacy fashion,,,,,,
2026-08-14T04:31:24.749832+00:00,20260814-043124,https://trends24.in/indonesia/,Thu Aug 13 2026 22:36:23 GMT+0000 (Coordinated Universal Time),26,Desil 10,desil 10,,,,,,
2026-08-14T04:31:24.749832+00:00,20260814-043124,https://trends24.in/indonesia/,Thu Aug 13 2026 22:36:23 GMT+0000 (Coordinated Universal Time),27,BUNKER,bunker,,,,,,
2026-08-14T04:31:24.749832+00:00,20260814-043124,https://trends24.in/indonesia/,Thu Aug 13 2026 22:36:23 GMT+0000 (Coordinated Universal Time),28,$WISHBONE,$wishbone,,,,,,
2026-08-14T04:31:24.749832+00:00,20260814-043124,https://trends24.in/indonesia/,Thu Aug 13 2026 22:36:23 GMT+0000 (Coordinated Universal Time),29,papdesi,papdesi,,,,,,
2026-08-14T04:31:24.749832+00:00,20260814-043124,https://trends24.in/indonesia/,Thu Aug 13 2026 22:36:23 GMT+0000 (Coordinated Universal Time),30,$STONKBROKER,$stonkbroker,,,,,,
2026-08-14T04:31:24.749832+00:00,20260814-043124,https://trends24.in/indonesia/,Thu Aug 13 2026 22:36:23 GMT+0000 (Coordinated Universal Time),31,amy presiden pks,amy presiden pks,,,,,,
2026-08-14T04:31:24.749832+00:00,20260814-043124,https://trends24.in/indonesia/,Thu Aug 13 2026 22:36:23 GMT+0000 (Coordinated Universal Time),32,WL GRANTED,wl granted,,,,,,
2026-08-14T04:31:24.749832+00:00,20260814-043124,https://trends24.in/indonesia/,Thu Aug 13 2026 22:36:23 GMT+0000 (Coordinated Universal Time),33,chris brown,chris brown,,,,,,
2026-08-14T04:31:24.749832+00:00,20260814-043124,https://trends24.in/indonesia/,Thu Aug 13 2026 22:36:23 GMT+0000 (Coordinated Universal Time),34,Klaim Voucher 100%,klaim voucher 100%,,,,,,
2026-08-14T04:31:24.749832+00:00,20260814-043124,https://trends24.in/indonesia/,Thu Aug 13 2026 22:36:23 GMT+0000 (Coordinated Universal Time),35,Affan,affan,,,,,,
2026-08-14T04:31:24.749832+00:00,20260814-043124,https://trends24.in/indonesia/,Thu Aug 13 2026 22:36:23 GMT+0000 (Coordinated Universal Time),36,jype,jype,,,,,,
2026-08-14T04:31:24.749832+00:00,20260814-043124,https://trends24.in/indonesia/,Thu Aug 13 2026 22:36:23 GMT+0000 (Coordinated Universal Time),37,Xavi,xavi,,,,,,
2026-08-14T04:31:24.749832+00:00,20260814-043124,https://trends24.in/indonesia/,Thu Aug 13 2026 22:36:23 GMT+0000 (Coordinated Universal Time),38,Plaza Senayan,plaza senayan,,,,,,
2026-08-14T04:31:24.749832+00:00,20260814-043124,https://trends24.in/indonesia/,Thu Aug 13 2026 22:36:23 GMT+0000 (Coordinated Universal Time),39,assemble teaser d3,assemble teaser d3,,,,,,
2026-08-14T04:31:24.749832+00:00,20260814-043124,https://trends24.in/indonesia/,Thu Aug 13 2026 22:36:23 GMT+0000 (Coordinated Universal Time),40,$BRODIE,$brodie,,,,,,
2026-08-14T04:31:24.749832+00:00,20260814-043124,https://trends24.in/indonesia/,Thu Aug 13 2026 22:36:23 GMT+0000 (Coordinated Universal Time),41,Al Qadsiah,al qadsiah,,,,,,
2026-08-14T04:31:24.749832+00:00,20260814-043124,https://trends24.in/indonesia/,Thu Aug 13 2026 22:36:23 GMT+0000 (Coordinated Universal Time),42,perfect scent with est,perfect scent with est,,,,,,
2026-08-14T04:31:24.749832+00:00,20260814-043124,https://trends24.in/indonesia/,Thu Aug 13 2026 22:36:23 GMT+0000 (Coordinated Universal Time),43,BE MY PLAYER TWO EP5,be my player two ep5,,,,,,
2026-08-14T04:31:24.749832+00:00,20260814-043124,https://trends24.in/indonesia/,Thu Aug 13 2026 22:36:23 GMT+0000 (Coordinated Universal Time),44,LENAMIU X LEGACY,lenamiu x legacy,,,,,,
2026-08-14T04:31:24.749832+00:00,20260814-043124,https://trends24.in/indonesia/,Thu Aug 13 2026 22:36:23 GMT+0000 (Coordinated Universal Time),45,Xdiz,xdiz,,,,,,
2026-08-14T04:31:24.749832+00:00,20260814-043124,https://trends24.in/indonesia/,Thu Aug 13 2026 22:36:23 GMT+0000 (Coordinated Universal Time),46,ICONIC HEART,iconic heart,,,,,,
2026-08-14T04:31:24.749832+00:00,20260814-043124,https://trends24.in/indonesia/,Thu Aug 13 2026 22:36:23 GMT+0000 (Coordinated Universal Time),47,keadilan terjaga,keadilan terjaga,,,,,,
2026-08-14T04:31:24.749832+00:00,20260814-043124,https://trends24.in/indonesia/,Thu Aug 13 2026 22:36:23 GMT+0000 (Coordinated Universal Time),48,Tijjani,tijjani,,,,,,
2026-08-14T04:31:24.749832+00:00,20260814-043124,https://trends24.in/indonesia/,Thu Aug 13 2026 22:36:23 GMT+0000 (Coordinated Universal Time),49,investasi berdampak,investasi berdampak,,,,,,
2026-08-14T04:31:24.749832+00:00,20260814-043124,https://trends24.in/indonesia/,Thu Aug 13 2026 22:36:23 GMT+0000 (Coordinated Universal Time),50,mingyu,mingyu,,,,,,
2026-08-14T04:31:24.749832+00:00,20260814-043124,https://trends24.in/indonesia/,Thu Aug 13 2026 21:44:22 GMT+0000 (Coordinated Universal Time),1,$MOTION,$motion,,,,,,
2026-08-14T04:31:24.749832+00:00,20260814-043124,https://trends24.in/indonesia/,Thu Aug 13 2026 21:44:22 GMT+0000 (Coordinated Universal Time),2,#YouManiacSeries,youmaniacseries,,,,,,
2026-08-14T04:31:24.749832+00:00,20260814-043124,https://trends24.in/indonesia/,Thu Aug 13 2026 21:44:22 GMT+0000 (Coordinated Universal Time),3,GoPay Investasi Emas,gopay investasi emas,,,,,,
2026-08-14T04:31:24.749832+00:00,20260814-043124,https://trends24.in/indonesia/,Thu Aug 13 2026 21:44:22 GMT+0000 (Coordinated Universal Time),4,#MakeAWishForJaemin,makeawishforjaemin,,,,,,
2026-08-14T04:31:24.749832+00:00,20260814-043124,https://trends24.in/indonesia/,Thu Aug 13 2026 21:44:22 GMT+0000 (Coordinated Universal Time),5,#ì¬ëì¼ë¡_ê°ëì°¬_ì¬ë¯¼ì´ì_ì¤ë¬¼ì¬ì¯,ì¬ëì¼ë¡_ê°ëì°¬_ì¬ë¯¼ì´ì_ì¤ë¬¼ì¬ì¯,,,,,,
2026-08-14T04:31:24.749832+00:00,20260814-043124,https://trends24.in/indonesia/,Thu Aug 13 2026 21:44:22 GMT+0000 (Coordinated Universal Time),6,pengabdian pada negeri,pengabdian pada negeri,,,,,,
2026-08-14T04:31:24.749832+00:00,20260814-043124,https://trends24.in/indonesia/,Thu Aug 13 2026 21:44:22 GMT+0000 (Coordinated Universal Time),7,#BlackCardPHUWINmv,blackcardphuwinmv,,,,,,
2026-08-14T04:31:24.749832+00:00,20260814-043124,https://trends24.in/indonesia/,Thu Aug 13 2026 21:44:22 GMT+0000 (Coordinated Universal Time),8,Gunil,gunil,,,,,,
2026-08-14T04:31:24.749832+00:00,20260814-043124,https://trends24.in/indonesia/,Thu Aug 13 2026 21:44:22 GMT+0000 (Coordinated Universal Time),9,#bantumelayaniindonesia,bantumelayaniindonesia,,,,,,
2026-08-14T04:31:24.749832+00:00,20260814-043124,https://trends24.in/indonesia/,Thu Aug 13 2026 21:44:22 GMT+0000 (Coordinated Universal Time),10,DEWTEE LIVE HOUSE,dewtee live house,,,,,,
2026-08-14T04:31:24.749832+00:00,20260814-043124,https://trends24.in/indonesia/,Thu Aug 13 2026 21:44:22 GMT+0000 (Coordinated Universal Time),11,Trade $ANTFUN,trade $antfun,,,,,,
2026-08-14T04:31:24.749832+00:00,20260814-043124,https://trends24.in/indonesia/,Thu Aug 13 2026 21:44:22 GMT+0000 (Coordinated Universal Time),12,perkuat perkokoh nkri,perkuat perkokoh nkri,,,,,,
2026-08-14T04:31:24.749832+00:00,20260814-043124,https://trends24.in/indonesia/,Thu Aug 13 2026 21:44:22 GMT+0000 (Coordinated Universal Time),13,PHUWIN BLACK CARD MV,phuwin black card mv,,,,,,
2026-08-14T04:31:24.749832+00:00,20260814-043124,https://trends24.in/indonesia/,Thu Aug 13 2026 21:44:22 GMT+0000 (Coordinated Universal Time),14,tolak kerusuhan,tolak kerusuhan,,,,,,
2026-08-14T04:31:24.749832+00:00,20260814-043124,https://trends24.in/indonesia/,Thu Aug 13 2026 21:44:22 GMT+0000 (Coordinated Universal Time),15,STOP CROPPING JAMES OUT,stop cropping james out,,,,,,
2026-08-14T04:31:24.749832+00:00,20260814-043124,https://trends24.in/indonesia/,Thu Aug 13 2026 21:44:22 GMT+0000 (Coordinated Universal Time),16,COUNTLESS LOVE WITH HUENINGKAI,countless love with hueningkai,,,,,,
2026-08-14T04:31:24.749832+00:00,20260814-043124,https://trends24.in/indonesia/,Thu Aug 13 2026 21:44:22 GMT+0000 (Coordinated Universal Time),17,EMIBONNIE UNDER THE FIRST MOON,emibonnie under the first moon,,,,,,
2026-08-14T04:31:24.749832+00:00,20260814-043124,https://trends24.in/indonesia/,Thu Aug 13 2026 21:44:22 GMT+0000 (Coordinated Universal Time),18,Robinhood Chain,robinhood chain,,,,,,
2026-08-14T04:31:24.749832+00:00,20260814-043124,https://trends24.in/indonesia/,Thu Aug 13 2026 21:44:22 GMT+0000 (Coordinated Universal Time),19,Soccer,soccer,,,,,,
2026-08-14T04:31:24.749832+00:00,20260814-043124,https://trends24.in/indonesia/,Thu Aug 13 2026 21:44:22 GMT+0000 (Coordinated Universal Time),20,musical fountain,musical fountain,,,,,,
2026-08-14T04:31:24.749832+00:00,20260814-043124,https://trends24.in/indonesia/,Thu Aug 13 2026 21:44:22 GMT+0000 (Coordinated Universal Time),21,18 YEARS OF RORANDERFUL,18 years of roranderful,,,,,,
2026-08-14T04:31:24.749832+00:00,20260814-043124,https://trends24.in/indonesia/,Thu Aug 13 2026 21:44:22 GMT+0000 (Coordinated Universal Time),22,TipFi,tipfi,,,,,,
2026-08-14T04:31:24.749832+00:00,20260814-043124,https://trends24.in/indonesia/,Thu Aug 13 2026 21:44:22 GMT+0000 (Coordinated Universal Time),23,mencetak generasi unggul,mencetak generasi unggul,,,,,,
2026-08-14T04:31:24.749832+00:00,20260814-043124,https://trends24.in/indonesia/,Thu Aug 13 2026 21:44:22 GMT+0000 (Coordinated Universal Time),24,ORM SWU LEGACY FASHION,orm swu legacy fashion,,,,,,
2026-08-14T04:31:24.749832+00:00,20260814-043124,https://trends24.in/indonesia/,Thu Aug 13 2026 21:44:22 GMT+0000 (Coordinated Universal Time),25,Malam Jumat,malam jumat,,,,,,
2026-08-14T04:31:24.749832+00:00,20260814-043124,https://trends24.in/indonesia/,Thu Aug 13 2026 21:44:22 GMT+0000 (Coordinated Universal Time),26,Desil 10,desil 10,,,,,,
2026-08-14T04:31:24.749832+00:00,20260814-043124,https://trends24.in/indonesia/,Thu Aug 13 2026 21:44:22 GMT+0000 (Coordinated Universal Time),27,$WISHBONE,$wishbone,,,,,,
2026-08-14T04:31:24.749832+00:00,20260814-043124,https://trends24.in/indonesia/,Thu Aug 13 2026 21:44:22 GMT+0000 (Coordinated Universal Time),28,BUNKER,bunker,,,,,,
2026-08-14T04:31:24.749832+00:00,20260814-043124,https://trends24.in/indonesia/,Thu Aug 13 2026 21:44:22 GMT+0000 (Coordinated Universal Time),29,$STONKBROKER,$stonkbroker,,,,,,
2026-08-14T04:31:24.749832+00:00,20260814-043124,https://trends24.in/indonesia/,Thu Aug 13 2026 21:44:22 GMT+0000 (Coordinated Universal Time),30,papdesi,papdesi,,,,,,
2026-08-14T04:31:24.749832+00:00,20260814-043124,https://trends24.in/indonesia/,Thu Aug 13 2026 21:44:22 GMT+0000 (Coordinated Universal Time),31,amy presiden pks,amy presiden pks,,,,,,
2026-08-14T04:31:24.749832+00:00,20260814-043124,https://trends24.in/indonesia/,Thu Aug 13 2026 21:44:22 GMT+0000 (Coordinated Universal Time),32,chris brown,chris brown,,,,,,
2026-08-14T04:31:24.749832+00:00,20260814-043124,https://trends24.in/indonesia/,Thu Aug 13 2026 21:44:22 GMT+0000 (Coordinated Universal Time),33,WL GRANTED,wl granted,,,,,,
2026-08-14T04:31:24.749832+00:00,20260814-043124,https://trends24.in/indonesia/,Thu Aug 13 2026 21:44:22 GMT+0000 (Coordinated Universal Time),34,STOP MISTREATING JAMES,stop mistreating james,,,,,,
2026-08-14T04:31:24.749832+00:00,20260814-043124,https://trends24.in/indonesia/,Thu Aug 13 2026 21:44:22 GMT+0000 (Coordinated Universal Time),35,Affan,affan,,,,,,
2026-08-14T04:31:24.749832+00:00,20260814-043124,https://trends24.in/indonesia/,Thu Aug 13 2026 21:44:22 GMT+0000 (Coordinated Universal Time),36,Plaza Senayan,plaza senayan,,,,,,
2026-08-14T04:31:24.749832+00:00,20260814-043124,https://trends24.in/indonesia/,Thu Aug 13 2026 21:44:22 GMT+0000 (Coordinated Universal Time),37,jype,jype,,,,,,
2026-08-14T04:31:24.749832+00:00,20260814-043124,https://trends24.in/indonesia/,Thu Aug 13 2026 21:44:22 GMT+0000 (Coordinated Universal Time),38,$BRODIE,$brodie,,,,,,
2026-08-14T04:31:24.749832+00:00,20260814-043124,https://trends24.in/indonesia/,Thu Aug 13 2026 21:44:22 GMT+0000 (Coordinated Universal Time),39,Xavi,xavi,,,,,,
2026-08-14T04:31:24.749832+00:00,20260814-043124,https://trends24.in/indonesia/,Thu Aug 13 2026 21:44:22 GMT+0000 (Coordinated Universal Time),40,Klaim Voucher 100%,klaim voucher 100%,,,,,,
2026-08-14T04:31:24.749832+00:00,20260814-043124,https://trends24.in/indonesia/,Thu Aug 13 2026 21:44:22 GMT+0000 (Coordinated Universal Time),41,Assemble Teaser D3,assemble teaser d3,,,,,,
2026-08-14T04:31:24.749832+00:00,20260814-043124,https://trends24.in/indonesia/,Thu Aug 13 2026 21:44:22 GMT+0000 (Coordinated Universal Time),42,PERFECT SCENT WITH EST,perfect scent with est,,,,,,
2026-08-14T04:31:24.749832+00:00,20260814-043124,https://trends24.in/indonesia/,Thu Aug 13 2026 21:44:22 GMT+0000 (Coordinated Universal Time),43,BE MY PLAYER TWO EP5,be my player two ep5,,,,,,
2026-08-14T04:31:24.749832+00:00,20260814-043124,https://trends24.in/indonesia/,Thu Aug 13 2026 21:44:22 GMT+0000 (Coordinated Universal Time),44,LENAMIU X LEGACY,lenamiu x legacy,,,,,,
2026-08-14T04:31:24.749832+00:00,20260814-043124,https://trends24.in/indonesia/,Thu Aug 13 2026 21:44:22 GMT+0000 (Coordinated Universal Time),45,Xdiz,xdiz,,,,,,
2026-08-14T04:31:24.749832+00:00,20260814-043124,https://trends24.in/indonesia/,Thu Aug 13 2026 21:44:22 GMT+0000 (Coordinated Universal Time),46,Keadilan Terjaga,keadilan terjaga,,,,,,
2026-08-14T04:31:24.749832+00:00,20260814-043124,https://trends24.in/indonesia/,Thu Aug 13 2026 21:44:22 GMT+0000 (Coordinated Universal Time),47,ICONIC HEART,iconic heart,,,,,,
2026-08-14T04:31:24.749832+00:00,20260814-043124,https://trends24.in/indonesia/,Thu Aug 13 2026 21:44:22 GMT+0000 (Coordinated Universal Time),48,mingyu,mingyu,,,,,,
2026-08-14T04:31:24.749832+00:00,20260814-043124,https://trends24.in/indonesia/,Thu Aug 13 2026 21:44:22 GMT+0000 (Coordinated Universal Time),49,Al Qadsiah,al qadsiah,,,,,,
2026-08-14T04:31:24.749832+00:00,20260814-043124,https://trends24.in/indonesia/,Thu Aug 13 2026 21:44:22 GMT+0000 (Coordinated Universal Time),50,investasi berdampak,investasi berdampak,,,,,,
2026-08-14T04:31:24.749832+00:00,20260814-043124,https://trends24.in/indonesia/,Thu Aug 13 2026 20:52:22 GMT+0000 (Coordinated Universal Time),1,$MOTION,$motion,,,,,,
2026-08-14T04:31:24.749832+00:00,20260814-043124,https://trends24.in/indonesia/,Thu Aug 13 2026 20:52:22 GMT+0000 (Coordinated Universal Time),2,#YouManiacSeries,youmaniacseries,,,,,,
2026-08-14T04:31:24.749832+00:00,20260814-043124,https://trends24.in/indonesia/,Thu Aug 13 2026 20:52:22 GMT+0000 (Coordinated Universal Time),3,GoPay Investasi Emas,gopay investasi emas,,,,,,
2026-08-14T04:31:24.749832+00:00,20260814-043124,https://trends24.in/indonesia/,Thu Aug 13 2026 20:52:22 GMT+0000 (Coordinated Universal Time),4,#MakeAWishForJaemin,makeawishforjaemin,,,,,,
2026-08-14T04:31:24.749832+00:00,20260814-043124,https://trends24.in/indonesia/,Thu Aug 13 2026 20:52:22 GMT+0000 (Coordinated Universal Time),5,#ì¬ëì¼ë¡_ê°ëì°¬_ì¬ë¯¼ì´ì_ì¤ë¬¼ì¬ì¯,ì¬ëì¼ë¡_ê°ëì°¬_ì¬ë¯¼ì´ì_ì¤ë¬¼ì¬ì¯,,,,,,
2026-08-14T04:31:24.749832+00:00,20260814-043124,https://trends24.in/indonesia/,Thu Aug 13 2026 20:52:22 GMT+0000 (Coordinated Universal Time),6,#BlackCardPHUWINmv,blackcardphuwinmv,,,,,,
2026-08-14T04:31:24.749832+00:00,20260814-043124,https://trends24.in/indonesia/,Thu Aug 13 2026 20:52:22 GMT+0000 (Coordinated Universal Time),7,pengabdian pada negeri,pengabdian pada negeri,,,,,,
2026-08-14T04:31:24.749832+00:00,20260814-043124,https://trends24.in/indonesia/,Thu Aug 13 2026 20:52:22 GMT+0000 (Coordinated Universal Time),8,Gunil,gunil,,,,,,
2026-08-14T04:31:24.749832+00:00,20260814-043124,https://trends24.in/indonesia/,Thu Aug 13 2026 20:52:22 GMT+0000 (Coordinated Universal Time),9,#bantumelayaniindonesia,bantumelayaniindonesia,,,,,,
2026-08-14T04:31:24.749832+00:00,20260814-043124,https://trends24.in/indonesia/,Thu Aug 13 2026 20:52:22 GMT+0000 (Coordinated Universal Time),10,DEWTEE LIVE HOUSE,dewtee live house,,,,,,
2026-08-14T04:31:24.749832+00:00,20260814-043124,https://trends24.in/indonesia/,Thu Aug 13 2026 20:52:22 GMT+0000 (Coordinated Universal Time),11,PHUWIN BLACK CARD MV,phuwin black card mv,,,,,,
2026-08-14T04:31:24.749832+00:00,20260814-043124,https://trends24.in/indonesia/,Thu Aug 13 2026 20:52:22 GMT+0000 (Coordinated Universal Time),12,perkuat perkokoh nkri,perkuat perkokoh nkri,,,,,,
2026-08-14T04:31:24.749832+00:00,20260814-043124,https://trends24.in/indonesia/,Thu Aug 13 2026 20:52:22 GMT+0000 (Coordinated Universal Time),13,Trade $ANTFUN,trade $antfun,,,,,,
2026-08-14T04:31:24.749832+00:00,20260814-043124,https://trends24.in/indonesia/,Thu Aug 13 2026 20:52:22 GMT+0000 (Coordinated Universal Time),14,tolak kerusuhan,tolak kerusuhan,,,,,,
2026-08-14T04:31:24.749832+00:00,20260814-043124,https://trends24.in/indonesia/,Thu Aug 13 2026 20:52:22 GMT+0000 (Coordinated Universal Time),15,STOP CROPPING JAMES OUT,stop cropping james out,,,,,,
2026-08-14T04:31:24.749832+00:00,20260814-043124,https://trends24.in/indonesia/,Thu Aug 13 2026 20:52:22 GMT+0000 (Coordinated Universal Time),16,COUNTLESS LOVE WITH HUENINGKAI,countless love with hueningkai,,,,,,
2026-08-14T04:31:24.749832+00:00,20260814-043124,https://trends24.in/indonesia/,Thu Aug 13 2026 20:52:22 GMT+0000 (Coordinated Universal Time),17,EMIBONNIE UNDER THE FIRST MOON,emibonnie under the first moon,,,,,,
2026-08-14T04:31:24.749832+00:00,20260814-043124,https://trends24.in/indonesia/,Thu Aug 13 2026 20:52:22 GMT+0000 (Coordinated Universal Time),18,Robinhood Chain,robinhood chain,,,,,,
2026-08-14T04:31:24.749832+00:00,20260814-043124,https://trends24.in/indonesia/,Thu Aug 13 2026 20:52:22 GMT+0000 (Coordinated Universal Time),19,Soccer,soccer,,,,,,
2026-08-14T04:31:24.749832+00:00,20260814-043124,https://trends24.in/indonesia/,Thu Aug 13 2026 20:52:22 GMT+0000 (Coordinated Universal Time),20,musical fountain,musical fountain,,,,,,
2026-08-14T04:31:24.749832+00:00,20260814-043124,https://trends24.in/indonesia/,Thu Aug 13 2026 20:52:22 GMT+0000 (Coordinated Universal Time),21,18 YEARS OF RORANDERFUL,18 years of roranderful,,,,,,
2026-08-14T04:31:24.749832+00:00,20260814-043124,https://trends24.in/indonesia/,Thu Aug 13 2026 20:52:22 GMT+0000 (Coordinated Universal Time),22,BUNKER,bunker,,,,,,
2026-08-14T04:31:24.749832+00:00,20260814-043124,https://trends24.in/indonesia/,Thu Aug 13 2026 20:52:22 GMT+0000 (Coordinated Universal Time),23,TipFi,tipfi,,,,,,
2026-08-14T04:31:24.749832+00:00,20260814-043124,https://trends24.in/indonesia/,Thu Aug 13 2026 20:52:22 GMT+0000 (Coordinated Universal Time),24,mencetak generasi unggul,mencetak generasi unggul,,,,,,
2026-08-14T04:31:24.749832+00:00,20260814-043124,https://trends24.in/indonesia/,Thu Aug 13 2026 20:52:22 GMT+0000 (Coordinated Universal Time),25,ORM SWU LEGACY FASHION,orm swu legacy fashion,,,,,,
2026-08-14T04:31:24.749832+00:00,20260814-043124,https://trends24.in/indonesia/,Thu Aug 13 2026 20:52:22 GMT+0000 (Coordinated Universal Time),26,Malam Jumat,malam jumat,,,,,,
2026-08-14T04:31:24.749832+00:00,20260814-043124,https://trends24.in/indonesia/,Thu Aug 13 2026 20:52:22 GMT+0000 (Coordinated Universal Time),27,Desil 10,desil 10,,,,,,
2026-08-14T04:31:24.749832+00:00,20260814-043124,https://trends24.in/indonesia/,Thu Aug 13 2026 20:52:22 GMT+0000 (Coordinated Universal Time),28,$STONKBROKER,$stonkbroker,,,,,,
2026-08-14T04:31:24.749832+00:00,20260814-043124,https://trends24.in/indonesia/,Thu Aug 13 2026 20:52:22 GMT+0000 (Coordinated Universal Time),29,$WISHBONE,$wishbone,,,,,,
2026-08-14T04:31:24.749832+00:00,20260814-043124,https://trends24.in/indonesia/,Thu Aug 13 2026 20:52:22 GMT+0000 (Coordinated Universal Time),30,Affan,affan,,,,,,
2026-08-14T04:31:24.749832+00:00,20260814-043124,https://trends24.in/indonesia/,Thu Aug 13 2026 20:52:22 GMT+0000 (Coordinated Universal Time),31,papdesi,papdesi,,,,,,
2026-08-14T04:31:24.749832+00:00,20260814-043124,https://trends24.in/indonesia/,Thu Aug 13 2026 20:52:22 GMT+0000 (Coordinated Universal Time),32,amy presiden pks,amy presiden pks,,,,,,
2026-08-14T04:31:24.749832+00:00,20260814-043124,https://trends24.in/indonesia/,Thu Aug 13 2026 20:52:22 GMT+0000 (Coordinated Universal Time),33,WL GRANTED,wl granted,,,,,,
2026-08-14T04:31:24.749832+00:00,20260814-043124,https://trends24.in/indonesia/,Thu Aug 13 2026 20:52:22 GMT+0000 (Coordinated Universal Time),34,chris brown,chris brown,,,,,,
2026-08-14T04:31:24.749832+00:00,20260814-043124,https://trends24.in/indonesia/,Thu Aug 13 2026 20:52:22 GMT+0000 (Coordinated Universal Time),35,Plaza Senayan,plaza senayan,,,,,,
2026-08-14T04:31:24.749832+00:00,20260814-043124,https://trends24.in/indonesia/,Thu Aug 13 2026 20:52:22 GMT+0000 (Coordinated Universal Time),36,jype,jype,,,,,,
2026-08-14T04:31:24.749832+00:00,20260814-043124,https://trends24.in/indonesia/,Thu Aug 13 2026 20:52:22 GMT+0000 (Coordinated Universal Time),37,$BRODIE,$brodie,,,,,,
2026-08-14T04:31:24.749832+00:00,20260814-043124,https://trends24.in/indonesia/,Thu Aug 13 2026 20:52:22 GMT+0000 (Coordinated Universal Time),38,Xavi,xavi,,,,,,
2026-08-14T04:31:24.749832+00:00,20260814-043124,https://trends24.in/indonesia/,Thu Aug 13 2026 20:52:22 GMT+0000 (Coordinated Universal Time),39,STOP MISTREATING JAMES,stop mistreating james,,,,,,
2026-08-14T04:31:24.749832+00:00,20260814-043124,https://trends24.in/indonesia/,Thu Aug 13 2026 20:52:22 GMT+0000 (Coordinated Universal Time),40,Klaim Voucher 100%,klaim voucher 100%,,,,,,
2026-08-14T04:31:24.749832+00:00,20260814-043124,https://trends24.in/indonesia/,Thu Aug 13 2026 20:52:22 GMT+0000 (Coordinated Universal Time),41,Assemble Teaser D3,assemble teaser d3,,,,,,
2026-08-14T04:31:24.749832+00:00,20260814-043124,https://trends24.in/indonesia/,Thu Aug 13 2026 20:52:22 GMT+0000 (Coordinated Universal Time),42,PERFECT SCENT WITH EST,perfect scent with est,,,,,,
2026-08-14T04:31:24.749832+00:00,20260814-043124,https://trends24.in/indonesia/,Thu Aug 13 2026 20:52:22 GMT+0000 (Coordinated Universal Time),43,BE MY PLAYER TWO EP5,be my player two ep5,,,,,,
2026-08-14T04:31:24.749832+00:00,20260814-043124,https://trends24.in/indonesia/,Thu Aug 13 2026 20:52:22 GMT+0000 (Coordinated Universal Time),44,ICONIC HEART,iconic heart,,,,,,
2026-08-14T04:31:24.749832+00:00,20260814-043124,https://trends24.in/indonesia/,Thu Aug 13 2026 20:52:22 GMT+0000 (Coordinated Universal Time),45,LENAMIU X LEGACY,lenamiu x legacy,,,,,,
2026-08-14T04:31:24.749832+00:00,20260814-043124,https://trends24.in/indonesia/,Thu Aug 13 2026 20:52:22 GMT+0000 (Coordinated Universal Time),46,Xdiz,xdiz,,,,,,
2026-08-14T04:31:24.749832+00:00,20260814-043124,https://trends24.in/indonesia/,Thu Aug 13 2026 20:52:22 GMT+0000 (Coordinated Universal Time),47,Keadilan Terjaga,keadilan terjaga,,,,,,
2026-08-14T04:31:24.749832+00:00,20260814-043124,https://trends24.in/indonesia/,Thu Aug 13 2026 20:52:22 GMT+0000 (Coordinated Universal Time),48,mingyu,mingyu,,,,,,
2026-08-14T04:31:24.749832+00:00,20260814-043124,https://trends24.in/indonesia/,Thu Aug 13 2026 20:52:22 GMT+0000 (Coordinated Universal Time),49,Al Qadsiah,al qadsiah,,,,,,
2026-08-14T04:31:24.749832+00:00,20260814-043124,https://trends24.in/indonesia/,Thu Aug 13 2026 20:52:22 GMT+0000 (Coordinated Universal Time),50,investasi berdampak,investasi berdampak,,,,,,
2026-08-14T04:31:24.749832+00:00,20260814-043124,https://trends24.in/indonesia/,Thu Aug 13 2026 19:56:21 GMT+0000 (Coordinated Universal Time),1,$MOTION,$motion,,,,,,
2026-08-14T04:31:24.749832+00:00,20260814-043124,https://trends24.in/indonesia/,Thu Aug 13 2026 19:56:21 GMT+0000 (Coordinated Universal Time),2,#YouManiacSeries,youmaniacseries,,,,,,
2026-08-14T04:31:24.749832+00:00,20260814-043124,https://trends24.in/indonesia/,Thu Aug 13 2026 19:56:21 GMT+0000 (Coordinated Universal Time),3,GoPay Investasi Emas,gopay investasi emas,,,,,,
2026-08-14T04:31:24.749832+00:00,20260814-043124,https://trends24.in/indonesia/,Thu Aug 13 2026 19:56:21 GMT+0000 (Coordinated Universal Time),4,#MakeAWishForJaemin,makeawishforjaemin,,,,,,
2026-08-14T04:31:24.749832+00:00,20260814-043124,https://trends24.in/indonesia/,Thu Aug 13 2026 19:56:21 GMT+0000 (Coordinated Universal Time),5,#ì¬ëì¼ë¡_ê°ëì°¬_ì¬ë¯¼ì´ì_ì¤ë¬¼ì¬ì¯,ì¬ëì¼ë¡_ê°ëì°¬_ì¬ë¯¼ì´ì_ì¤ë¬¼ì¬ì¯,,,,,,
2026-08-14T04:31:24.749832+00:00,20260814-043124,https://trends24.in/indonesia/,Thu Aug 13 2026 19:56:21 GMT+0000 (Coordinated Universal Time),6,#BlackCardPHUWINmv,blackcardphuwinmv,,,,,,
2026-08-14T04:31:24.749832+00:00,20260814-043124,https://trends24.in/indonesia/,Thu Aug 13 2026 19:56:21 GMT+0000 (Coordinated Universal Time),7,pengabdian pada negeri,pengabdian pada negeri,,,,,,
2026-08-14T04:31:24.749832+00:00,20260814-043124,https://trends24.in/indonesia/,Thu Aug 13 2026 19:56:21 GMT+0000 (Coordinated Universal Time),8,Gunil,gunil,,,,,,
2026-08-14T04:31:24.749832+00:00,20260814-043124,https://trends24.in/indonesia/,Thu Aug 13 2026 19:56:21 GMT+0000 (Coordinated Universal Time),9,#bantumelayaniindonesia,bantumelayaniindonesia,,,,,,
2026-08-14T04:31:24.749832+00:00,20260814-043124,https://trends24.in/indonesia/,Thu Aug 13 2026 19:56:21 GMT+0000 (Coordinated Universal Time),10,DEWTEE LIVE HOUSE,dewtee live house,,,,,,
2026-08-14T04:31:24.749832+00:00,20260814-043124,https://trends24.in/indonesia/,Thu Aug 13 2026 19:56:21 GMT+0000 (Coordinated Universal Time),11,PHUWIN BLACK CARD MV,phuwin black card mv,,,,,,
2026-08-14T04:31:24.749832+00:00,20260814-043124,https://trends24.in/indonesia/,Thu Aug 13 2026 19:56:21 GMT+0000 (Coordinated Universal Time),12,perkuat perkokoh nkri,perkuat perkokoh nkri,,,,,,
2026-08-14T04:31:24.749832+00:00,20260814-043124,https://trends24.in/indonesia/,Thu Aug 13 2026 19:56:21 GMT+0000 (Coordinated Universal Time),13,tolak kerusuhan,tolak kerusuhan,,,,,,
2026-08-14T04:31:24.749832+00:00,20260814-043124,https://trends24.in/indonesia/,Thu Aug 13 2026 19:56:21 GMT+0000 (Coordinated Universal Time),14,Trade $ANTFUN,trade $antfun,,,,,,
2026-08-14T04:31:24.749832+00:00,20260814-043124,https://trends24.in/indonesia/,Thu Aug 13 2026 19:56:21 GMT+0000 (Coordinated Universal Time),15,STOP CROPPING JAMES OUT,stop cropping james out,,,,,,
2026-08-14T04:31:24.749832+00:00,20260814-043124,https://trends24.in/indonesia/,Thu Aug 13 2026 19:56:21 GMT+0000 (Coordinated Universal Time),16,BUNKER,bunker,,,,,,
2026-08-14T04:31:24.749832+00:00,20260814-043124,https://trends24.in/indonesia/,Thu Aug 13 2026 19:56:21 GMT+0000 (Coordinated Universal Time),17,COUNTLESS LOVE WITH HUENINGKAI,countless love with hueningkai,,,,,,
2026-08-14T04:31:24.749832+00:00,20260814-043124,https://trends24.in/indonesia/,Thu Aug 13 2026 19:56:21 GMT+0000 (Coordinated Universal Time),18,EMIBONNIE UNDER THE FIRST MOON,emibonnie under the first moon,,,,,,
2026-08-14T04:31:24.749832+00:00,20260814-043124,https://trends24.in/indonesia/,Thu Aug 13 2026 19:56:21 GMT+0000 (Coordinated Universal Time),19,Robinhood Chain,robinhood chain,,,,,,
2026-08-14T04:31:24.749832+00:00,20260814-043124,https://trends24.in/indonesia/,Thu Aug 13 2026 19:56:21 GMT+0000 (Coordinated Universal Time),20,Soccer,soccer,,,,,,
2026-08-14T04:31:24.749832+00:00,20260814-043124,https://trends24.in/indonesia/,Thu Aug 13 2026 19:56:21 GMT+0000 (Coordinated Universal Time),21,musical fountain,musical fountain,,,,,,
2026-08-14T04:31:24.749832+00:00,20260814-043124,https://trends24.in/indonesia/,Thu Aug 13 2026 19:56:21 GMT+0000 (Coordinated Universal Time),22,18 YEARS OF RORANDERFUL,18 years of roranderful,,,,,,
2026-08-14T04:31:24.749832+00:00,20260814-043124,https://trends24.in/indonesia/,Thu Aug 13 2026 19:56:21 GMT+0000 (Coordinated Universal Time),23,WL GRANTED,wl granted,,,,,,
2026-08-14T04:31:24.749832+00:00,20260814-043124,https://trends24.in/indonesia/,Thu Aug 13 2026 19:56:21 GMT+0000 (Coordinated Universal Time),24,TipFi,tipfi,,,,,,
2026-08-14T04:31:24.749832+00:00,20260814-043124,https://trends24.in/indonesia/,Thu Aug 13 2026 19:56:21 GMT+0000 (Coordinated Universal Time),25,ORM SWU LEGACY FASHION,orm swu legacy fashion,,,,,,
2026-08-14T04:31:24.749832+00:00,20260814-043124,https://trends24.in/indonesia/,Thu Aug 13 2026 19:56:21 GMT+0000 (Coordinated Universal Time),26,mencetak generasi unggul,mencetak generasi unggul,,,,,,
2026-08-14T04:31:24.749832+00:00,20260814-043124,https://trends24.in/indonesia/,Thu Aug 13 2026 19:56:21 GMT+0000 (Coordinated Universal Time),27,Malam Jumat,malam jumat,,,,,,
2026-08-14T04:31:24.749832+00:00,20260814-043124,https://trends24.in/indonesia/,Thu Aug 13 2026 19:56:21 GMT+0000 (Coordinated Universal Time),28,Desil 10,desil 10,,,,,,
2026-08-14T04:31:24.749832+00:00,20260814-043124,https://trends24.in/indonesia/,Thu Aug 13 2026 19:56:21 GMT+0000 (Coordinated Universal Time),29,$WISHBONE,$wishbone,,,,,,
2026-08-14T04:31:24.749832+00:00,20260814-043124,https://trends24.in/indonesia/,Thu Aug 13 2026 19:56:21 GMT+0000 (Coordinated Universal Time),30,$STONKBROKER,$stonkbroker,,,,,,
2026-08-14T04:31:24.749832+00:00,20260814-043124,https://trends24.in/indonesia/,Thu Aug 13 2026 19:56:21 GMT+0000 (Coordinated Universal Time),31,Affan,affan,,,,,,
2026-08-14T04:31:24.749832+00:00,20260814-043124,https://trends24.in/indonesia/,Thu Aug 13 2026 19:56:21 GMT+0000 (Coordinated Universal Time),32,papdesi,papdesi,,,,,,
2026-08-14T04:31:24.749832+00:00,20260814-043124,https://trends24.in/indonesia/,Thu Aug 13 2026 19:56:21 GMT+0000 (Coordinated Universal Time),33,chris brown,chris brown,,,,,,
2026-08-14T04:31:24.749832+00:00,20260814-043124,https://trends24.in/indonesia/,Thu Aug 13 2026 19:56:21 GMT+0000 (Coordinated Universal Time),34,Plaza Senayan,plaza senayan,,,,,,
2026-08-14T04:31:24.749832+00:00,20260814-043124,https://trends24.in/indonesia/,Thu Aug 13 2026 19:56:21 GMT+0000 (Coordinated Universal Time),35,amy presiden pks,amy presiden pks,,,,,,
2026-08-14T04:31:24.749832+00:00,20260814-043124,https://trends24.in/indonesia/,Thu Aug 13 2026 19:56:21 GMT+0000 (Coordinated Universal Time),36,STOP MISTREATING JAMES,stop mistreating james,,,,,,
2026-08-14T04:31:24.749832+00:00,20260814-043124,https://trends24.in/indonesia/,Thu Aug 13 2026 19:56:21 GMT+0000 (Coordinated Universal Time),37,I LOVE YOU BTS,i love you bts,,,,,,
2026-08-14T04:31:24.749832+00:00,20260814-043124,https://trends24.in/indonesia/,Thu Aug 13 2026 19:56:21 GMT+0000 (Coordinated Universal Time),38,jype,jype,,,,,,
2026-08-14T04:31:24.749832+00:00,20260814-043124,https://trends24.in/indonesia/,Thu Aug 13 2026 19:56:21 GMT+0000 (Coordinated Universal Time),39,Xavi,xavi,,,,,,
2026-08-14T04:31:24.749832+00:00,20260814-043124,https://trends24.in/indonesia/,Thu Aug 13 2026 19:56:21 GMT+0000 (Coordinated Universal Time),40,Klaim Voucher 100%,klaim voucher 100%,,,,,,
2026-08-14T04:31:24.749832+00:00,20260814-043124,https://trends24.in/indonesia/,Thu Aug 13 2026 19:56:21 GMT+0000 (Coordinated Universal Time),41,Assemble Teaser D3,assemble teaser d3,,,,,,
2026-08-14T04:31:24.749832+00:00,20260814-043124,https://trends24.in/indonesia/,Thu Aug 13 2026 19:56:21 GMT+0000 (Coordinated Universal Time),42,$BRODIE,$brodie,,,,,,
2026-08-14T04:31:24.749832+00:00,20260814-043124,https://trends24.in/indonesia/,Thu Aug 13 2026 19:56:21 GMT+0000 (Coordinated Universal Time),43,BE MY PLAYER TWO EP5,be my player two ep5,,,,,,
2026-08-14T04:31:24.749832+00:00,20260814-043124,https://trends24.in/indonesia/,Thu Aug 13 2026 19:56:21 GMT+0000 (Coordinated Universal Time),44,PERFECT SCENT WITH EST,perfect scent with est,,,,,,
2026-08-14T04:31:24.749832+00:00,20260814-043124,https://trends24.in/indonesia/,Thu Aug 13 2026 19:56:21 GMT+0000 (Coordinated Universal Time),45,ICONIC HEART,iconic heart,,,,,,
2026-08-14T04:31:24.749832+00:00,20260814-043124,https://trends24.in/indonesia/,Thu Aug 13 2026 19:56:21 GMT+0000 (Coordinated Universal Time),46,LENAMIU X LEGACY,lenamiu x legacy,,,,,,
2026-08-14T04:31:24.749832+00:00,20260814-043124,https://trends24.in/indonesia/,Thu Aug 13 2026 19:56:21 GMT+0000 (Coordinated Universal Time),47,Xdiz,xdiz,,,,,,
2026-08-14T04:31:24.749832+00:00,20260814-043124,https://trends24.in/indonesia/,Thu Aug 13 2026 19:56:21 GMT+0000 (Coordinated Universal Time),48,Keadilan Terjaga,keadilan terjaga,,,,,,
2026-08-14T04:31:24.749832+00:00,20260814-043124,https://trends24.in/indonesia/,Thu Aug 13 2026 19:56:21 GMT+0000 (Coordinated Universal Time),49,mingyu,mingyu,,,,,,
2026-08-14T04:31:24.749832+00:00,20260814-043124,https://trends24.in/indonesia/,Thu Aug 13 2026 19:56:21 GMT+0000 (Coordinated Universal Time),50,Investasi Berdampak,investasi berdampak,,,,,,
2026-08-14T04:31:24.749832+00:00,20260814-043124,https://trends24.in/indonesia/,Thu Aug 13 2026 19:04:21 GMT+0000 (Coordinated Universal Time),1,DEWTEE LIVE HOUSE,dewtee live house,,,,,,
2026-08-14T04:31:24.749832+00:00,20260814-043124,https://trends24.in/indonesia/,Thu Aug 13 2026 19:04:21 GMT+0000 (Coordinated Universal Time),2,#GMMTVLiveHouse,gmmtvlivehouse,,,,,,
2026-08-14T04:31:24.749832+00:00,20260814-043124,https://trends24.in/indonesia/,Thu Aug 13 2026 19:04:21 GMT+0000 (Coordinated Universal Time),3,#LET_JAMES_BE_SEEN,let_james_be_seen,,,,,,
2026-08-14T04:31:24.749832+00:00,20260814-043124,https://trends24.in/indonesia/,Thu Aug 13 2026 19:04:21 GMT+0000 (Coordinated Universal Time),4,#KuCoin,kucoin,,,,,,
2026-08-14T04:31:24.749832+00:00,20260814-043124,https://trends24.in/indonesia/,Thu Aug 13 2026 19:04:21 GMT+0000 (Coordinated Universal Time),5,STOP CROPPING JAMES OUT,stop cropping james out,,,,,,
2026-08-14T04:31:24.749832+00:00,20260814-043124,https://trends24.in/indonesia/,Thu Aug 13 2026 19:04:21 GMT+0000 (Coordinated Universal Time),6,#íì¬ë¦ìë¤ì íì ë¬¼ì¸ëì¹´ì´,íì¬ë¦ìë¤ì íì ë¬¼ì¸ëì¹´ì´,,,,,,
2026-08-14T04:31:24.749832+00:00,20260814-043124,https://trends24.in/indonesia/,Thu Aug 13 2026 19:04:21 GMT+0000 (Coordinated Universal Time),7,#StickWithHue,stickwithhue,,,,,,
2026-08-14T04:31:24.749832+00:00,20260814-043124,https://trends24.in/indonesia/,Thu Aug 13 2026 19:04:21 GMT+0000 (Coordinated Universal Time),8,Trade $ANTFUN,trade $antfun,,,,,,
2026-08-14T04:31:24.749832+00:00,20260814-043124,https://trends24.in/indonesia/,Thu Aug 13 2026 19:04:21 GMT+0000 (Coordinated Universal Time),9,GoPay Investasi Emas,gopay investasi emas,,,,,,
2026-08-14T04:31:24.749832+00:00,20260814-043124,https://trends24.in/indonesia/,Thu Aug 13 2026 19:04:21 GMT+0000 (Coordinated Universal Time),10,BUNKER,bunker,,,,,,
2026-08-14T04:31:24.749832+00:00,20260814-043124,https://trends24.in/indonesia/,Thu Aug 13 2026 19:04:21 GMT+0000 (Coordinated Universal Time),11,COUNTLESS LOVE WITH HUENINGKAI,countless love with hueningkai,,,,,,
2026-08-14T04:31:24.749832+00:00,20260814-043124,https://trends24.in/indonesia/,Thu Aug 13 2026 19:04:21 GMT+0000 (Coordinated Universal Time),12,Gunil,gunil,,,,,,
2026-08-14T04:31:24.749832+00:00,20260814-043124,https://trends24.in/indonesia/,Thu Aug 13 2026 19:04:21 GMT+0000 (Coordinated Universal Time),13,18 YEARS OF RORANDERFUL,18 years of roranderful,,,,,,
2026-08-14T04:31:24.749832+00:00,20260814-043124,https://trends24.in/indonesia/,Thu Aug 13 2026 19:04:21 GMT+0000 (Coordinated Universal Time),14,YOU MANIAC TRAILER,you maniac trailer,,,,,,
2026-08-14T04:31:24.749832+00:00,20260814-043124,https://trends24.in/indonesia/,Thu Aug 13 2026 19:04:21 GMT+0000 (Coordinated Universal Time),15,Malam Jumat,malam jumat,,,,,,
2026-08-14T04:31:24.749832+00:00,20260814-043124,https://trends24.in/indonesia/,Thu Aug 13 2026 19:04:21 GMT+0000 (Coordinated Universal Time),16,Assemble Teaser D3,assemble teaser d3,,,,,,
2026-08-14T04:31:24.749832+00:00,20260814-043124,https://trends24.in/indonesia/,Thu Aug 13 2026 19:04:21 GMT+0000 (Coordinated Universal Time),17,PHUWIN BLACK CARD MV,phuwin black card mv,,,,,,
2026-08-14T04:31:24.749832+00:00,20260814-043124,https://trends24.in/indonesia/,Thu Aug 13 2026 19:04:21 GMT+0000 (Coordinated Universal Time),18,GEMINI CONCERT IN LIVEHOUSE,gemini concert in livehouse,,,,,,
2026-08-14T04:31:24.749832+00:00,20260814-043124,https://trends24.in/indonesia/,Thu Aug 13 2026 19:04:21 GMT+0000 (Coordinated Universal Time),19,Klaim Voucher 100%,klaim voucher 100%,,,,,,
2026-08-14T04:31:24.749832+00:00,20260814-043124,https://trends24.in/indonesia/,Thu Aug 13 2026 19:04:21 GMT+0000 (Coordinated Universal Time),20,BE MY PLAYER TWO EP5,be my player two ep5,,,,,,
2026-08-14T04:31:24.749832+00:00,20260814-043124,https://trends24.in/indonesia/,Thu Aug 13 2026 19:04:21 GMT+0000 (Coordinated Universal Time),21,Enzo,enzo,,,,,,
2026-08-14T04:31:24.749832+00:00,20260814-043124,https://trends24.in/indonesia/,Thu Aug 13 2026 19:04:21 GMT+0000 (Coordinated Universal Time),22,mingyu,mingyu,,,,,,
2026-08-14T04:31:24.749832+00:00,20260814-043124,https://trends24.in/indonesia/,Thu Aug 13 2026 19:04:21 GMT+0000 (Coordinated Universal Time),23,ORM SWU LEGACY FASHION,orm swu legacy fashion,,,,,,
2026-08-14T04:31:24.749832+00:00,20260814-043124,https://trends24.in/indonesia/,Thu Aug 13 2026 19:04:21 GMT+0000 (Coordinated Universal Time),24,Lego,lego,,,,,,
2026-08-14T04:31:24.749832+00:00,20260814-043124,https://trends24.in/indonesia/,Thu Aug 13 2026 19:04:21 GMT+0000 (Coordinated Universal Time),25,jype,jype,,,,,,
2026-08-14T04:31:24.749832+00:00,20260814-043124,https://trends24.in/indonesia/,Thu Aug 13 2026 19:04:21 GMT+0000 (Coordinated Universal Time),26,Dior,dior,,,,,,
2026-08-14T04:31:24.749832+00:00,20260814-043124,https://trends24.in/indonesia/,Thu Aug 13 2026 19:04:21 GMT+0000 (Coordinated Universal Time),27,Xdiz,xdiz,,,,,,
2026-08-14T04:31:24.749832+00:00,20260814-043124,https://trends24.in/indonesia/,Thu Aug 13 2026 19:04:21 GMT+0000 (Coordinated Universal Time),28,Prank,prank,,,,,,
2026-08-14T04:31:24.749832+00:00,20260814-043124,https://trends24.in/indonesia/,Thu Aug 13 2026 19:04:21 GMT+0000 (Coordinated Universal Time),29,#æ°¸é ã«è¼ãå¤©ä½¿ãã¥ãã³ã«ã¤,æ°¸é ã«è¼ãå¤©ä½¿ãã¥ãã³ã«ã¤,,,,,,
2026-08-14T04:31:24.749832+00:00,20260814-043124,https://trends24.in/indonesia/,Thu Aug 13 2026 19:04:21 GMT+0000 (Coordinated Universal Time),30,#RORA18EraBegins,rora18erabegins,,,,,,
2026-08-14T04:31:24.749832+00:00,20260814-043124,https://trends24.in/indonesia/,Thu Aug 13 2026 19:04:21 GMT+0000 (Coordinated Universal Time),31,#ë¡ë¼ì_ëª©ìë¦¬ë¡_ë¬¼ë _ë,ë¡ë¼ì_ëª©ìë¦¬ë¡_ë¬¼ë _ë,,,,,,
2026-08-14T04:31:24.749832+00:00,20260814-043124,https://trends24.in/indonesia/,Thu Aug 13 2026 19:04:21 GMT+0000 (Coordinated Universal Time),32,#RORAã¨ä¸ç·ã«æé·ãã¦ããæ¥ã,roraã¨ä¸ç·ã«æé·ãã¦ããæ¥ã,,,,,,
2026-08-14T04:31:24.749832+00:00,20260814-043124,https://trends24.in/indonesia/,Thu Aug 13 2026 19:04:21 GMT+0000 (Coordinated Universal Time),33,#YouManiacSeries,youmaniacseries,,,,,,
2026-08-14T04:31:24.749832+00:00,20260814-043124,https://trends24.in/indonesia/,Thu Aug 13 2026 19:04:21 GMT+0000 (Coordinated Universal Time),34,#BlackCardPHUWINmv,blackcardphuwinmv,,,,,,
2026-08-14T04:31:24.749832+00:00,20260814-043124,https://trends24.in/indonesia/,Thu Aug 13 2026 19:04:21 GMT+0000 (Coordinated Universal Time),35,#NCT127_Assemble3,nct127_assemble3,,,,,,
2026-08-14T04:31:24.749832+00:00,20260814-043124,https://trends24.in/indonesia/,Thu Aug 13 2026 19:04:21 GMT+0000 (Coordinated Universal Time),36,#ZeeNuNewVlogInKrabi,zeenunewvloginkrabi,,,,,,
2026-08-14T04:31:24.749832+00:00,20260814-043124,https://trends24.in/indonesia/,Thu Aug 13 2026 19:04:21 GMT+0000 (Coordinated Universal Time),37,#viralá á,viralá á,,,,,,
2026-08-14T04:31:24.749832+00:00,20260814-043124,https://trends24.in/indonesia/,Thu Aug 13 2026 19:04:21 GMT+0000 (Coordinated Universal Time),38,#XDINARYHEROESIS6,xdinaryheroesis6,,,,,,
2026-08-14T04:31:24.749832+00:00,20260814-043124,https://trends24.in/indonesia/,Thu Aug 13 2026 19:04:21 GMT+0000 (Coordinated Universal Time),39,#à¸à¸­à¹à¸à¹à¸¥à¹à¸²à¸¡à¸à¸µà¸£à¹EP5,à¸à¸­à¹à¸à¹à¸¥à¹à¸²à¸¡à¸à¸µà¸£à¹ep5,,,,,,
2026-08-14T04:31:24.749832+00:00,20260814-043124,https://trends24.in/indonesia/,Thu Aug 13 2026 19:04:21 GMT+0000 (Coordinated Universal Time),40,#TerikatJanjiEp130,terikatjanjiep130,,,,,,
2026-08-14T04:31:24.749832+00:00,20260814-043124,https://trends24.in/indonesia/,Thu Aug 13 2026 19:04:21 GMT+0000 (Coordinated Universal Time),41,#OrmXLegacyOfThaiTextiles,ormxlegacyofthaitextiles,,,,,,
2026-08-14T04:31:24.749832+00:00,20260814-043124,https://trends24.in/indonesia/,Thu Aug 13 2026 19:04:21 GMT+0000 (Coordinated Universal Time),42,#STAYAWAKEEP4,stayawakeep4,,,,,,
2026-08-14T04:31:24.749832+00:00,20260814-043124,https://trends24.in/indonesia/,Thu Aug 13 2026 19:04:21 GMT+0000 (Coordinated Universal Time),43,#teammoth,teammoth,,,,,,
2026-08-14T04:31:24.749832+00:00,20260814-043124,https://trends24.in/indonesia/,Thu Aug 13 2026 19:04:21 GMT+0000 (Coordinated Universal Time),44,#ChasingDreamsAt14,chasingdreamsat14,,,,,,
2026-08-14T04:31:24.749832+00:00,20260814-043124,https://trends24.in/indonesia/,Thu Aug 13 2026 19:04:21 GMT+0000 (Coordinated Universal Time),45,#GrowingWithFahira,growingwithfahira,,,,,,
2026-08-14T04:31:24.749832+00:00,20260814-043124,https://trends24.in/indonesia/,Thu Aug 13 2026 19:04:21 GMT+0000 (Coordinated Universal Time),46,#teamdean,teamdean,,,,,,
2026-08-14T04:31:24.749832+00:00,20260814-043124,https://trends24.in/indonesia/,Thu Aug 13 2026 18:12:39 GMT+0000 (Coordinated Universal Time),1,DEWTEE LIVE HOUSE,dewtee live house,,,,,,
2026-08-14T04:31:24.749832+00:00,20260814-043124,https://trends24.in/indonesia/,Thu Aug 13 2026 18:12:39 GMT+0000 (Coordinated Universal Time),2,#GMMTVLiveHouse,gmmtvlivehouse,,,,,,
2026-08-14T04:31:24.749832+00:00,20260814-043124,https://trends24.in/indonesia/,Thu Aug 13 2026 18:12:39 GMT+0000 (Coordinated Universal Time),3,GoPay Investasi Emas,gopay investasi emas,,,,,,
2026-08-14T04:31:24.749832+00:00,20260814-043124,https://trends24.in/indonesia/,Thu Aug 13 2026 18:12:39 GMT+0000 (Coordinated Universal Time),4,#StickWithHue,stickwithhue,,,,,,
2026-08-14T04:31:24.749832+00:00,20260814-043124,https://trends24.in/indonesia/,Thu Aug 13 2026 18:12:39 GMT+0000 (Coordinated Universal Time),5,#íì¬ë¦ìë¤ì íì ë¬¼ì¸ëì¹´ì´,íì¬ë¦ìë¤ì íì ë¬¼ì¸ëì¹´ì´,,,,,,
2026-08-14T04:31:24.749832+00:00,20260814-043124,https://trends24.in/indonesia/,Thu Aug 13 2026 18:12:39 GMT+0000 (Coordinated Universal Time),6,#KuCoin,kucoin,,,,,,
2026-08-14T04:31:24.749832+00:00,20260814-043124,https://trends24.in/indonesia/,Thu Aug 13 2026 18:12:39 GMT+0000 (Coordinated Universal Time),7,Trade $ANTFUN,trade $antfun,,,,,,
2026-08-14T04:31:24.749832+00:00,20260814-043124,https://trends24.in/indonesia/,Thu Aug 13 2026 18:12:39 GMT+0000 (Coordinated Universal Time),8,COUNTLESS LOVE WITH HUENINGKAI,countless love with hueningkai,,,,,,
2026-08-14T04:31:24.749832+00:00,20260814-043124,https://trends24.in/indonesia/,Thu Aug 13 2026 18:12:39 GMT+0000 (Coordinated Universal Time),9,BUNKER,bunker,,,,,,
2026-08-14T04:31:24.749832+00:00,20260814-043124,https://trends24.in/indonesia/,Thu Aug 13 2026 18:12:39 GMT+0000 (Coordinated Universal Time),10,#æ°¸é ã«è¼ãå¤©ä½¿ãã¥ãã³ã«ã¤,æ°¸é ã«è¼ãå¤©ä½¿ãã¥ãã³ã«ã¤,,,,,,
2026-08-14T04:31:24.749832+00:00,20260814-043124,https://trends24.in/indonesia/,Thu Aug 13 2026 18:12:39 GMT+0000 (Coordinated Universal Time),11,Gunil,gunil,,,,,,
2026-08-14T04:31:24.749832+00:00,20260814-043124,https://trends24.in/indonesia/,Thu Aug 13 2026 18:12:39 GMT+0000 (Coordinated Universal Time),12,YOU MANIAC TRAILER,you maniac trailer,,,,,,
2026-08-14T04:31:24.749832+00:00,20260814-043124,https://trends24.in/indonesia/,Thu Aug 13 2026 18:12:39 GMT+0000 (Coordinated Universal Time),13,Malam Jumat,malam jumat,,,,,,
2026-08-14T04:31:24.749832+00:00,20260814-043124,https://trends24.in/indonesia/,Thu Aug 13 2026 18:12:39 GMT+0000 (Coordinated Universal Time),14,PHUWIN BLACK CARD MV,phuwin black card mv,,,,,,
2026-08-14T04:31:24.749832+00:00,20260814-043124,https://trends24.in/indonesia/,Thu Aug 13 2026 18:12:39 GMT+0000 (Coordinated Universal Time),15,Assemble Teaser D3,assemble teaser d3,,,,,,
2026-08-14T04:31:24.749832+00:00,20260814-043124,https://trends24.in/indonesia/,Thu Aug 13 2026 18:12:39 GMT+0000 (Coordinated Universal Time),16,GEMINI CONCERT IN LIVEHOUSE,gemini concert in livehouse,,,,,,
2026-08-14T04:31:24.749832+00:00,20260814-043124,https://trends24.in/indonesia/,Thu Aug 13 2026 18:12:39 GMT+0000 (Coordinated Universal Time),17,Klaim Voucher 100%,klaim voucher 100%,,,,,,
2026-08-14T04:31:24.749832+00:00,20260814-043124,https://trends24.in/indonesia/,Thu Aug 13 2026 18:12:39 GMT+0000 (Coordinated Universal Time),18,BE MY PLAYER TWO EP5,be my player two ep5,,,,,,
2026-08-14T04:31:24.749832+00:00,20260814-043124,https://trends24.in/indonesia/,Thu Aug 13 2026 18:12:39 GMT+0000 (Coordinated Universal Time),19,Enzo,enzo,,,,,,
2026-08-14T04:31:24.749832+00:00,20260814-043124,https://trends24.in/indonesia/,Thu Aug 13 2026 18:12:39 GMT+0000 (Coordinated Universal Time),20,mingyu,mingyu,,,,,,
2026-08-14T04:31:24.749832+00:00,20260814-043124,https://trends24.in/indonesia/,Thu Aug 13 2026 18:12:39 GMT+0000 (Coordinated Universal Time),21,Lego,lego,,,,,,
2026-08-14T04:31:24.749832+00:00,20260814-043124,https://trends24.in/indonesia/,Thu Aug 13 2026 18:12:39 GMT+0000 (Coordinated Universal Time),22,ORM SWU LEGACY FASHION,orm swu legacy fashion,,,,,,
2026-08-14T04:31:24.749832+00:00,20260814-043124,https://trends24.in/indonesia/,Thu Aug 13 2026 18:12:39 GMT+0000 (Coordinated Universal Time),23,jype,jype,,,,,,
2026-08-14T04:31:24.749832+00:00,20260814-043124,https://trends24.in/indonesia/,Thu Aug 13 2026 18:12:39 GMT+0000 (Coordinated Universal Time),24,Dior,dior,,,,,,
2026-08-14T04:31:24.749832+00:00,20260814-043124,https://trends24.in/indonesia/,Thu Aug 13 2026 18:12:39 GMT+0000 (Coordinated Universal Time),25,Xdiz,xdiz,,,,,,
2026-08-14T04:31:24.749832+00:00,20260814-043124,https://trends24.in/indonesia/,Thu Aug 13 2026 18:12:39 GMT+0000 (Coordinated Universal Time),26,Fahira,fahira,,,,,,
2026-08-14T04:31:24.749832+00:00,20260814-043124,https://trends24.in/indonesia/,Thu Aug 13 2026 18:12:39 GMT+0000 (Coordinated Universal Time),27,Prank,prank,,,,,,
2026-08-14T04:31:24.749832+00:00,20260814-043124,https://trends24.in/indonesia/,Thu Aug 13 2026 18:12:39 GMT+0000 (Coordinated Universal Time),28,Affan,affan,,,,,,
2026-08-14T04:31:24.749832+00:00,20260814-043124,https://trends24.in/indonesia/,Thu Aug 13 2026 18:12:39 GMT+0000 (Coordinated Universal Time),29,chris brown,chris brown,,,,,,
2026-08-14T04:31:24.749832+00:00,20260814-043124,https://trends24.in/indonesia/,Thu Aug 13 2026 18:12:39 GMT+0000 (Coordinated Universal Time),30,#RORA18EraBegins,rora18erabegins,,,,,,
2026-08-14T04:31:24.749832+00:00,20260814-043124,https://trends24.in/indonesia/,Thu Aug 13 2026 18:12:39 GMT+0000 (Coordinated Universal Time),31,#ë¡ë¼ì_ëª©ìë¦¬ë¡_ë¬¼ë _ë,ë¡ë¼ì_ëª©ìë¦¬ë¡_ë¬¼ë _ë,,,,,,
2026-08-14T04:31:24.749832+00:00,20260814-043124,https://trends24.in/indonesia/,Thu Aug 13 2026 18:12:39 GMT+0000 (Coordinated Universal Time),32,#BlackCardPHUWINmv,blackcardphuwinmv,,,,,,
2026-08-14T04:31:24.749832+00:00,20260814-043124,https://trends24.in/indonesia/,Thu Aug 13 2026 18:12:39 GMT+0000 (Coordinated Universal Time),33,#YouManiacSeries,youmaniacseries,,,,,,
2026-08-14T04:31:24.749832+00:00,20260814-043124,https://trends24.in/indonesia/,Thu Aug 13 2026 18:12:39 GMT+0000 (Coordinated Universal Time),34,#NCT127_Assemble3,nct127_assemble3,,,,,,
2026-08-14T04:31:24.749832+00:00,20260814-043124,https://trends24.in/indonesia/,Thu Aug 13 2026 18:12:39 GMT+0000 (Coordinated Universal Time),35,#ZeeNuNewVlogInKrabi,zeenunewvloginkrabi,,,,,,
2026-08-14T04:31:24.749832+00:00,20260814-043124,https://trends24.in/indonesia/,Thu Aug 13 2026 18:12:39 GMT+0000 (Coordinated Universal Time),36,#viralá á,viralá á,,,,,,
2026-08-14T04:31:24.749832+00:00,20260814-043124,https://trends24.in/indonesia/,Thu Aug 13 2026 18:12:39 GMT+0000 (Coordinated Universal Time),37,#XDINARYHEROESIS6,xdinaryheroesis6,,,,,,
2026-08-14T04:31:24.749832+00:00,20260814-043124,https://trends24.in/indonesia/,Thu Aug 13 2026 18:12:39 GMT+0000 (Coordinated Universal Time),38,#à¸à¸­à¹à¸à¹à¸¥à¹à¸²à¸¡à¸à¸µà¸£à¹EP5,à¸à¸­à¹à¸à¹à¸¥à¹à¸²à¸¡à¸à¸µà¸£à¹ep5,,,,,,
2026-08-14T04:31:24.749832+00:00,20260814-043124,https://trends24.in/indonesia/,Thu Aug 13 2026 18:12:39 GMT+0000 (Coordinated Universal Time),39,#TerikatJanjiEp130,terikatjanjiep130,,,,,,
2026-08-14T04:31:24.749832+00:00,20260814-043124,https://trends24.in/indonesia/,Thu Aug 13 2026 18:12:39 GMT+0000 (Coordinated Universal Time),40,#STAYAWAKEEP4,stayawakeep4,,,,,,
2026-08-14T04:31:24.749832+00:00,20260814-043124,https://trends24.in/indonesia/,Thu Aug 13 2026 18:12:39 GMT+0000 (Coordinated Universal Time),41,#OrmXLegacyOfThaiTextiles,ormxlegacyofthaitextiles,,,,,,
2026-08-14T04:31:24.749832+00:00,20260814-043124,https://trends24.in/indonesia/,Thu Aug 13 2026 18:12:39 GMT+0000 (Coordinated Universal Time),42,#williamjkp,williamjkp,,,,,,
2026-08-14T04:31:24.749832+00:00,20260814-043124,https://trends24.in/indonesia/,Thu Aug 13 2026 18:12:39 GMT+0000 (Coordinated Universal Time),43,#gehennart,gehennart,,,,,,
2026-08-14T04:31:24.749832+00:00,20260814-043124,https://trends24.in/indonesia/,Thu Aug 13 2026 18:12:39 GMT+0000 (Coordinated Universal Time),44,#WilliamEst,williamest,,,,,,
2026-08-14T04:31:24.749832+00:00,20260814-043124,https://trends24.in/indonesia/,Thu Aug 13 2026 18:12:39 GMT+0000 (Coordinated Universal Time),45,#EmasSeribuanGoPay,emasseribuangopay,,,,,,
2026-08-14T04:31:24.749832+00:00,20260814-043124,https://trends24.in/indonesia/,Thu Aug 13 2026 18:12:39 GMT+0000 (Coordinated Universal Time),46,#teammoth,teammoth,,,,,,
2026-08-14T04:31:24.749832+00:00,20260814-043124,https://trends24.in/indonesia/,Thu Aug 13 2026 18:12:39 GMT+0000 (Coordinated Universal Time),47,#ChasingDreamsAt14,chasingdreamsat14,,,,,,
2026-08-14T04:31:24.749832+00:00,20260814-043124,https://trends24.in/indonesia/,Thu Aug 13 2026 18:12:39 GMT+0000 (Coordinated Universal Time),48,#teamdean,teamdean,,,,,,
2026-08-14T04:31:24.749832+00:00,20260814-043124,https://trends24.in/indonesia/,Thu Aug 13 2026 18:12:25 GMT+0000 (Coordinated Universal Time),1,DEWTEE LIVE HOUSE,dewtee live house,,,,,,
2026-08-14T04:31:24.749832+00:00,20260814-043124,https://trends24.in/indonesia/,Thu Aug 13 2026 18:12:25 GMT+0000 (Coordinated Universal Time),2,#GMMTVLiveHouse,gmmtvlivehouse,,,,,,
2026-08-14T04:31:24.749832+00:00,20260814-043124,https://trends24.in/indonesia/,Thu Aug 13 2026 18:12:25 GMT+0000 (Coordinated Universal Time),3,GoPay Investasi Emas,gopay investasi emas,,,,,,
2026-08-14T04:31:24.749832+00:00,20260814-043124,https://trends24.in/indonesia/,Thu Aug 13 2026 18:12:25 GMT+0000 (Coordinated Universal Time),4,#StickWithHue,stickwithhue,,,,,,
2026-08-14T04:31:24.749832+00:00,20260814-043124,https://trends24.in/indonesia/,Thu Aug 13 2026 18:12:25 GMT+0000 (Coordinated Universal Time),5,#íì¬ë¦ìë¤ì íì ë¬¼ì¸ëì¹´ì´,íì¬ë¦ìë¤ì íì ë¬¼ì¸ëì¹´ì´,,,,,,
2026-08-14T04:31:24.749832+00:00,20260814-043124,https://trends24.in/indonesia/,Thu Aug 13 2026 18:12:25 GMT+0000 (Coordinated Universal Time),6,#KuCoin,kucoin,,,,,,
2026-08-14T04:31:24.749832+00:00,20260814-043124,https://trends24.in/indonesia/,Thu Aug 13 2026 18:12:25 GMT+0000 (Coordinated Universal Time),7,Trade $ANTFUN,trade $antfun,,,,,,
2026-08-14T04:31:24.749832+00:00,20260814-043124,https://trends24.in/indonesia/,Thu Aug 13 2026 18:12:25 GMT+0000 (Coordinated Universal Time),8,COUNTLESS LOVE WITH HUENINGKAI,countless love with hueningkai,,,,,,
2026-08-14T04:31:24.749832+00:00,20260814-043124,https://trends24.in/indonesia/,Thu Aug 13 2026 18:12:25 GMT+0000 (Coordinated Universal Time),9,BUNKER,bunker,,,,,,
2026-08-14T04:31:24.749832+00:00,20260814-043124,https://trends24.in/indonesia/,Thu Aug 13 2026 18:12:25 GMT+0000 (Coordinated Universal Time),10,#æ°¸é ã«è¼ãå¤©ä½¿ãã¥ãã³ã«ã¤,æ°¸é ã«è¼ãå¤©ä½¿ãã¥ãã³ã«ã¤,,,,,,
2026-08-14T04:31:24.749832+00:00,20260814-043124,https://trends24.in/indonesia/,Thu Aug 13 2026 18:12:25 GMT+0000 (Coordinated Universal Time),11,Gunil,gunil,,,,,,
2026-08-14T04:31:24.749832+00:00,20260814-043124,https://trends24.in/indonesia/,Thu Aug 13 2026 18:12:25 GMT+0000 (Coordinated Universal Time),12,YOU MANIAC TRAILER,you maniac trailer,,,,,,
2026-08-14T04:31:24.749832+00:00,20260814-043124,https://trends24.in/indonesia/,Thu Aug 13 2026 18:12:25 GMT+0000 (Coordinated Universal Time),13,Malam Jumat,malam jumat,,,,,,
2026-08-14T04:31:24.749832+00:00,20260814-043124,https://trends24.in/indonesia/,Thu Aug 13 2026 18:12:25 GMT+0000 (Coordinated Universal Time),14,PHUWIN BLACK CARD MV,phuwin black card mv,,,,,,
2026-08-14T04:31:24.749832+00:00,20260814-043124,https://trends24.in/indonesia/,Thu Aug 13 2026 18:12:25 GMT+0000 (Coordinated Universal Time),15,Assemble Teaser D3,assemble teaser d3,,,,,,
2026-08-14T04:31:24.749832+00:00,20260814-043124,https://trends24.in/indonesia/,Thu Aug 13 2026 18:12:25 GMT+0000 (Coordinated Universal Time),16,GEMINI CONCERT IN LIVEHOUSE,gemini concert in livehouse,,,,,,
2026-08-14T04:31:24.749832+00:00,20260814-043124,https://trends24.in/indonesia/,Thu Aug 13 2026 18:12:25 GMT+0000 (Coordinated Universal Time),17,Klaim Voucher 100%,klaim voucher 100%,,,,,,
2026-08-14T04:31:24.749832+00:00,20260814-043124,https://trends24.in/indonesia/,Thu Aug 13 2026 18:12:25 GMT+0000 (Coordinated Universal Time),18,BE MY PLAYER TWO EP5,be my player two ep5,,,,,,
2026-08-14T04:31:24.749832+00:00,20260814-043124,https://trends24.in/indonesia/,Thu Aug 13 2026 18:12:25 GMT+0000 (Coordinated Universal Time),19,Enzo,enzo,,,,,,
2026-08-14T04:31:24.749832+00:00,20260814-043124,https://trends24.in/indonesia/,Thu Aug 13 2026 18:12:25 GMT+0000 (Coordinated Universal Time),20,Lego,lego,,,,,,
2026-08-14T04:31:24.749832+00:00,20260814-043124,https://trends24.in/indonesia/,Thu Aug 13 2026 18:12:25 GMT+0000 (Coordinated Universal Time),21,mingyu,mingyu,,,,,,
2026-08-14T04:31:24.749832+00:00,20260814-043124,https://trends24.in/indonesia/,Thu Aug 13 2026 18:12:25 GMT+0000 (Coordinated Universal Time),22,ORM SWU LEGACY FASHION,orm swu legacy fashion,,,,,,
2026-08-14T04:31:24.749832+00:00,20260814-043124,https://trends24.in/indonesia/,Thu Aug 13 2026 18:12:25 GMT+0000 (Coordinated Universal Time),23,jype,jype,,,,,,
2026-08-14T04:31:24.749832+00:00,20260814-043124,https://trends24.in/indonesia/,Thu Aug 13 2026 18:12:25 GMT+0000 (Coordinated Universal Time),24,Dior,dior,,,,,,
2026-08-14T04:31:24.749832+00:00,20260814-043124,https://trends24.in/indonesia/,Thu Aug 13 2026 18:12:25 GMT+0000 (Coordinated Universal Time),25,Xdiz,xdiz,,,,,,
2026-08-14T04:31:24.749832+00:00,20260814-043124,https://trends24.in/indonesia/,Thu Aug 13 2026 18:12:25 GMT+0000 (Coordinated Universal Time),26,Fahira,fahira,,,,,,
2026-08-14T04:31:24.749832+00:00,20260814-043124,https://trends24.in/indonesia/,Thu Aug 13 2026 18:12:25 GMT+0000 (Coordinated Universal Time),27,Prank,prank,,,,,,
2026-08-14T04:31:24.749832+00:00,20260814-043124,https://trends24.in/indonesia/,Thu Aug 13 2026 18:12:25 GMT+0000 (Coordinated Universal Time),28,Affan,affan,,,,,,
2026-08-14T04:31:24.749832+00:00,20260814-043124,https://trends24.in/indonesia/,Thu Aug 13 2026 18:12:25 GMT+0000 (Coordinated Universal Time),29,chris brown,chris brown,,,,,,
2026-08-14T04:31:24.749832+00:00,20260814-043124,https://trends24.in/indonesia/,Thu Aug 13 2026 18:12:25 GMT+0000 (Coordinated Universal Time),30,#RORA18EraBegins,rora18erabegins,,,,,,
2026-08-14T04:31:24.749832+00:00,20260814-043124,https://trends24.in/indonesia/,Thu Aug 13 2026 18:12:25 GMT+0000 (Coordinated Universal Time),31,#ë¡ë¼ì_ëª©ìë¦¬ë¡_ë¬¼ë _ë,ë¡ë¼ì_ëª©ìë¦¬ë¡_ë¬¼ë _ë,,,,,,
2026-08-14T04:31:24.749832+00:00,20260814-043124,https://trends24.in/indonesia/,Thu Aug 13 2026 18:12:25 GMT+0000 (Coordinated Universal Time),32,#BlackCardPHUWINmv,blackcardphuwinmv,,,,,,
2026-08-14T04:31:24.749832+00:00,20260814-043124,https://trends24.in/indonesia/,Thu Aug 13 2026 18:12:25 GMT+0000 (Coordinated Universal Time),33,#YouManiacSeries,youmaniacseries,,,,,,
2026-08-14T04:31:24.749832+00:00,20260814-043124,https://trends24.in/indonesia/,Thu Aug 13 2026 18:12:25 GMT+0000 (Coordinated Universal Time),34,#NCT127_Assemble3,nct127_assemble3,,,,,,
2026-08-14T04:31:24.749832+00:00,20260814-043124,https://trends24.in/indonesia/,Thu Aug 13 2026 18:12:25 GMT+0000 (Coordinated Universal Time),35,#ZeeNuNewVlogInKrabi,zeenunewvloginkrabi,,,,,,
2026-08-14T04:31:24.749832+00:00,20260814-043124,https://trends24.in/indonesia/,Thu Aug 13 2026 18:12:25 GMT+0000 (Coordinated Universal Time),36,#viralá á,viralá á,,,,,,
2026-08-14T04:31:24.749832+00:00,20260814-043124,https://trends24.in/indonesia/,Thu Aug 13 2026 18:12:25 GMT+0000 (Coordinated Universal Time),37,#XDINARYHEROESIS6,xdinaryheroesis6,,,,,,
2026-08-14T04:31:24.749832+00:00,20260814-043124,https://trends24.in/indonesia/,Thu Aug 13 2026 18:12:25 GMT+0000 (Coordinated Universal Time),38,#à¸à¸­à¹à¸à¹à¸¥à¹à¸²à¸¡à¸à¸µà¸£à¹EP5,à¸à¸­à¹à¸à¹à¸¥à¹à¸²à¸¡à¸à¸µà¸£à¹ep5,,,,,,
2026-08-14T04:31:24.749832+00:00,20260814-043124,https://trends24.in/indonesia/,Thu Aug 13 2026 18:12:25 GMT+0000 (Coordinated Universal Time),39,#TerikatJanjiEp130,terikatjanjiep130,,,,,,
2026-08-14T04:31:24.749832+00:00,20260814-043124,https://trends24.in/indonesia/,Thu Aug 13 2026 18:12:25 GMT+0000 (Coordinated Universal Time),40,#STAYAWAKEEP4,stayawakeep4,,,,,,
2026-08-14T04:31:24.749832+00:00,20260814-043124,https://trends24.in/indonesia/,Thu Aug 13 2026 18:12:25 GMT+0000 (Coordinated Universal Time),41,#OrmXLegacyOfThaiTextiles,ormxlegacyofthaitextiles,,,,,,
2026-08-14T04:31:24.749832+00:00,20260814-043124,https://trends24.in/indonesia/,Thu Aug 13 2026 18:12:25 GMT+0000 (Coordinated Universal Time),42,#williamjkp,williamjkp,,,,,,
2026-08-14T04:31:24.749832+00:00,20260814-043124,https://trends24.in/indonesia/,Thu Aug 13 2026 18:12:25 GMT+0000 (Coordinated Universal Time),43,#gehennart,gehennart,,,,,,
2026-08-14T04:31:24.749832+00:00,20260814-043124,https://trends24.in/indonesia/,Thu Aug 13 2026 18:12:25 GMT+0000 (Coordinated Universal Time),44,#WilliamEst,williamest,,,,,,
2026-08-14T04:31:24.749832+00:00,20260814-043124,https://trends24.in/indonesia/,Thu Aug 13 2026 18:12:25 GMT+0000 (Coordinated Universal Time),45,#EmasSeribuanGoPay,emasseribuangopay,,,,,,
2026-08-14T04:31:24.749832+00:00,20260814-043124,https://trends24.in/indonesia/,Thu Aug 13 2026 18:12:25 GMT+0000 (Coordinated Universal Time),46,#teammoth,teammoth,,,,,,
2026-08-14T04:31:24.749832+00:00,20260814-043124,https://trends24.in/indonesia/,Thu Aug 13 2026 18:12:25 GMT+0000 (Coordinated Universal Time),47,#ChasingDreamsAt14,chasingdreamsat14,,,,,,
2026-08-14T04:31:24.749832+00:00,20260814-043124,https://trends24.in/indonesia/,Thu Aug 13 2026 18:12:25 GMT+0000 (Coordinated Universal Time),48,#teamdean,teamdean,,,,,,
2026-08-14T04:31:24.749832+00:00,20260814-043124,https://trends24.in/indonesia/,Thu Aug 13 2026 17:21:33 GMT+0000 (Coordinated Universal Time),1,DEWTEE LIVE HOUSE,dewtee live house,,,,,,
2026-08-14T04:31:24.749832+00:00,20260814-043124,https://trends24.in/indonesia/,Thu Aug 13 2026 17:21:33 GMT+0000 (Coordinated Universal Time),2,#GMMTVLiveHouse,gmmtvlivehouse,,,,,,
2026-08-14T04:31:24.749832+00:00,20260814-043124,https://trends24.in/indonesia/,Thu Aug 13 2026 17:21:33 GMT+0000 (Coordinated Universal Time),3,GoPay Investasi Emas,gopay investasi emas,,,,,,
2026-08-14T04:31:24.749832+00:00,20260814-043124,https://trends24.in/indonesia/,Thu Aug 13 2026 17:21:33 GMT+0000 (Coordinated Universal Time),4,#íì¬ë¦ìë¤ì íì ë¬¼ì¸ëì¹´ì´,íì¬ë¦ìë¤ì íì ë¬¼ì¸ëì¹´ì´,,,,,,
2026-08-14T04:31:24.749832+00:00,20260814-043124,https://trends24.in/indonesia/,Thu Aug 13 2026 17:21:33 GMT+0000 (Coordinated Universal Time),5,#StickWithHue,stickwithhue,,,,,,
2026-08-14T04:31:24.749832+00:00,20260814-043124,https://trends24.in/indonesia/,Thu Aug 13 2026 17:21:33 GMT+0000 (Coordinated Universal Time),6,COUNTLESS LOVE WITH HUENINGKAI,countless love with hueningkai,,,,,,
2026-08-14T04:31:24.749832+00:00,20260814-043124,https://trends24.in/indonesia/,Thu Aug 13 2026 17:21:33 GMT+0000 (Coordinated Universal Time),7,#æ°¸é ã«è¼ãå¤©ä½¿ãã¥ãã³ã«ã¤,æ°¸é ã«è¼ãå¤©ä½¿ãã¥ãã³ã«ã¤,,,,,,
2026-08-14T04:31:24.749832+00:00,20260814-043124,https://trends24.in/indonesia/,Thu Aug 13 2026 17:21:33 GMT+0000 (Coordinated Universal Time),8,#RORA18EraBegins,rora18erabegins,,,,,,
2026-08-14T04:31:24.749832+00:00,20260814-043124,https://trends24.in/indonesia/,Thu Aug 13 2026 17:21:33 GMT+0000 (Coordinated Universal Time),9,Trade $ANTFUN,trade $antfun,,,,,,
2026-08-14T04:31:24.749832+00:00,20260814-043124,https://trends24.in/indonesia/,Thu Aug 13 2026 17:21:33 GMT+0000 (Coordinated Universal Time),10,Gunil,gunil,,,,,,
2026-08-14T04:31:24.749832+00:00,20260814-043124,https://trends24.in/indonesia/,Thu Aug 13 2026 17:21:33 GMT+0000 (Coordinated Universal Time),11,YOU MANIAC TRAILER,you maniac trailer,,,,,,
2026-08-14T04:31:24.749832+00:00,20260814-043124,https://trends24.in/indonesia/,Thu Aug 13 2026 17:21:33 GMT+0000 (Coordinated Universal Time),12,PHUWIN BLACK CARD MV,phuwin black card mv,,,,,,
2026-08-14T04:31:24.749832+00:00,20260814-043124,https://trends24.in/indonesia/,Thu Aug 13 2026 17:21:33 GMT+0000 (Coordinated Universal Time),13,Assemble Teaser D3,assemble teaser d3,,,,,,
2026-08-14T04:31:24.749832+00:00,20260814-043124,https://trends24.in/indonesia/,Thu Aug 13 2026 17:21:33 GMT+0000 (Coordinated Universal Time),14,GEMINI CONCERT IN LIVEHOUSE,gemini concert in livehouse,,,,,,
2026-08-14T04:31:24.749832+00:00,20260814-043124,https://trends24.in/indonesia/,Thu Aug 13 2026 17:21:33 GMT+0000 (Coordinated Universal Time),15,Malam Jumat,malam jumat,,,,,,
2026-08-14T04:31:24.749832+00:00,20260814-043124,https://trends24.in/indonesia/,Thu Aug 13 2026 17:21:33 GMT+0000 (Coordinated Universal Time),16,BE MY PLAYER TWO EP5,be my player two ep5,,,,,,
2026-08-14T04:31:24.749832+00:00,20260814-043124,https://trends24.in/indonesia/,Thu Aug 13 2026 17:21:33 GMT+0000 (Coordinated Universal Time),17,Lego,lego,,,,,,
2026-08-14T04:31:24.749832+00:00,20260814-043124,https://trends24.in/indonesia/,Thu Aug 13 2026 17:21:33 GMT+0000 (Coordinated Universal Time),18,mingyu,mingyu,,,,,,
2026-08-14T04:31:24.749832+00:00,20260814-043124,https://trends24.in/indonesia/,Thu Aug 13 2026 17:21:33 GMT+0000 (Coordinated Universal Time),19,jype,jype,,,,,,
2026-08-14T04:31:24.749832+00:00,20260814-043124,https://trends24.in/indonesia/,Thu Aug 13 2026 17:21:33 GMT+0000 (Coordinated Universal Time),20,ORM SWU LEGACY FASHION,orm swu legacy fashion,,,,,,
2026-08-14T04:31:24.749832+00:00,20260814-043124,https://trends24.in/indonesia/,Thu Aug 13 2026 17:21:33 GMT+0000 (Coordinated Universal Time),21,Enzo,enzo,,,,,,
2026-08-14T04:31:24.749832+00:00,20260814-043124,https://trends24.in/indonesia/,Thu Aug 13 2026 17:21:33 GMT+0000 (Coordinated Universal Time),22,Dior,dior,,,,,,
2026-08-14T04:31:24.749832+00:00,20260814-043124,https://trends24.in/indonesia/,Thu Aug 13 2026 17:21:33 GMT+0000 (Coordinated Universal Time),23,Xdiz,xdiz,,,,,,
2026-08-14T04:31:24.749832+00:00,20260814-043124,https://trends24.in/indonesia/,Thu Aug 13 2026 17:21:33 GMT+0000 (Coordinated Universal Time),24,Fahira,fahira,,,,,,
2026-08-14T04:31:24.749832+00:00,20260814-043124,https://trends24.in/indonesia/,Thu Aug 13 2026 17:21:33 GMT+0000 (Coordinated Universal Time),25,Affan,affan,,,,,,
2026-08-14T04:31:24.749832+00:00,20260814-043124,https://trends24.in/indonesia/,Thu Aug 13 2026 17:21:33 GMT+0000 (Coordinated Universal Time),26,Dompet,dompet,,,,,,
2026-08-14T04:31:24.749832+00:00,20260814-043124,https://trends24.in/indonesia/,Thu Aug 13 2026 17:21:33 GMT+0000 (Coordinated Universal Time),27,chris brown,chris brown,,,,,,
2026-08-14T04:31:24.749832+00:00,20260814-043124,https://trends24.in/indonesia/,Thu Aug 13 2026 17:21:33 GMT+0000 (Coordinated Universal Time),28,#ë¡ë¼ì_ëª©ìë¦¬ë¡_ë¬¼ë _ë,ë¡ë¼ì_ëª©ìë¦¬ë¡_ë¬¼ë _ë,,,,,,
2026-08-14T04:31:24.749832+00:00,20260814-043124,https://trends24.in/indonesia/,Thu Aug 13 2026 17:21:33 GMT+0000 (Coordinated Universal Time),29,#KuCoin,kucoin,,,,,,
2026-08-14T04:31:24.749832+00:00,20260814-043124,https://trends24.in/indonesia/,Thu Aug 13 2026 17:21:33 GMT+0000 (Coordinated Universal Time),30,#BlackCardPHUWINmv,blackcardphuwinmv,,,,,,
2026-08-14T04:31:24.749832+00:00,20260814-043124,https://trends24.in/indonesia/,Thu Aug 13 2026 17:21:33 GMT+0000 (Coordinated Universal Time),31,#YouManiacSeries,youmaniacseries,,,,,,
2026-08-14T04:31:24.749832+00:00,20260814-043124,https://trends24.in/indonesia/,Thu Aug 13 2026 17:21:33 GMT+0000 (Coordinated Universal Time),32,#ZeeNuNewVlogInKrabi,zeenunewvloginkrabi,,,,,,
2026-08-14T04:31:24.749832+00:00,20260814-043124,https://trends24.in/indonesia/,Thu Aug 13 2026 17:21:33 GMT+0000 (Coordinated Universal Time),33,#NCT127_Assemble3,nct127_assemble3,,,,,,
2026-08-14T04:31:24.749832+00:00,20260814-043124,https://trends24.in/indonesia/,Thu Aug 13 2026 17:21:33 GMT+0000 (Coordinated Universal Time),34,#TerikatJanjiEp130,terikatjanjiep130,,,,,,
2026-08-14T04:31:24.749832+00:00,20260814-043124,https://trends24.in/indonesia/,Thu Aug 13 2026 17:21:33 GMT+0000 (Coordinated Universal Time),35,#à¸à¸­à¹à¸à¹à¸¥à¹à¸²à¸¡à¸à¸µà¸£à¹EP5,à¸à¸­à¹à¸à¹à¸¥à¹à¸²à¸¡à¸à¸µà¸£à¹ep5,,,,,,
2026-08-14T04:31:24.749832+00:00,20260814-043124,https://trends24.in/indonesia/,Thu Aug 13 2026 17:21:33 GMT+0000 (Coordinated Universal Time),36,#STAYAWAKEEP4,stayawakeep4,,,,,,
2026-08-14T04:31:24.749832+00:00,20260814-043124,https://trends24.in/indonesia/,Thu Aug 13 2026 17:21:33 GMT+0000 (Coordinated Universal Time),37,#XDINARYHEROESIS6,xdinaryheroesis6,,,,,,
2026-08-14T04:31:24.749832+00:00,20260814-043124,https://trends24.in/indonesia/,Thu Aug 13 2026 17:21:33 GMT+0000 (Coordinated Universal Time),38,#williamjkp,williamjkp,,,,,,
2026-08-14T04:31:24.749832+00:00,20260814-043124,https://trends24.in/indonesia/,Thu Aug 13 2026 17:21:33 GMT+0000 (Coordinated Universal Time),39,#OrmXLegacyOfThaiTextiles,ormxlegacyofthaitextiles,,,,,,
2026-08-14T04:31:24.749832+00:00,20260814-043124,https://trends24.in/indonesia/,Thu Aug 13 2026 17:21:33 GMT+0000 (Coordinated Universal Time),40,#gehennart,gehennart,,,,,,
2026-08-14T04:31:24.749832+00:00,20260814-043124,https://trends24.in/indonesia/,Thu Aug 13 2026 17:21:33 GMT+0000 (Coordinated Universal Time),41,#teammoth,teammoth,,,,,,
2026-08-14T04:31:24.749832+00:00,20260814-043124,https://trends24.in/indonesia/,Thu Aug 13 2026 17:21:33 GMT+0000 (Coordinated Universal Time),42,#WilliamEst,williamest,,,,,,
2026-08-14T04:31:24.749832+00:00,20260814-043124,https://trends24.in/indonesia/,Thu Aug 13 2026 17:21:33 GMT+0000 (Coordinated Universal Time),43,#EmasSeribuanGoPay,emasseribuangopay,,,,,,
2026-08-14T04:31:24.749832+00:00,20260814-043124,https://trends24.in/indonesia/,Thu Aug 13 2026 17:21:33 GMT+0000 (Coordinated Universal Time),44,#ããã­ã897,ããã­ã897,,,,,,
2026-08-14T04:31:24.749832+00:00,20260814-043124,https://trends24.in/indonesia/,Thu Aug 13 2026 17:21:33 GMT+0000 (Coordinated Universal Time),45,#ã¸ã§ãã³ã®ãããã¡ããã­ãã¡ããã©ã¸ãª,ã¸ã§ãã³ã®ãããã¡ããã­ãã¡ããã©ã¸ãª,,,,,,
2026-08-14T04:31:24.749832+00:00,20260814-043124,https://trends24.in/indonesia/,Thu Aug 13 2026 17:21:33 GMT+0000 (Coordinated Universal Time),46,#ChasingDreamsAt14,chasingdreamsat14,,,,,,
2026-08-14T04:31:24.749832+00:00,20260814-043124,https://trends24.in/indonesia/,Thu Aug 13 2026 17:21:33 GMT+0000 (Coordinated Universal Time),47,#teamdean,teamdean,,,,,,
2026-08-14T04:31:24.749832+00:00,20260814-043124,https://trends24.in/indonesia/,Thu Aug 13 2026 17:21:33 GMT+0000 (Coordinated Universal Time),48,#filmracha,filmracha,,,,,,
2026-08-14T04:31:24.749832+00:00,20260814-043124,https://trends24.in/indonesia/,Thu Aug 13 2026 17:21:33 GMT+0000 (Coordinated Universal Time),49,#NALURIRERONCE,nalurireronce,,,,,,
2026-08-14T04:31:24.749832+00:00,20260814-043124,https://trends24.in/indonesia/,Thu Aug 13 2026 17:21:33 GMT+0000 (Coordinated Universal Time),50,#MAIRA15TORY,maira15tory,,,,,,
2026-08-14T04:31:24.749832+00:00,20260814-043124,https://trends24.in/indonesia/,Thu Aug 13 2026 16:30:34 GMT+0000 (Coordinated Universal Time),1,GoPay Investasi Emas,gopay investasi emas,,,,,,
2026-08-14T04:31:24.749832+00:00,20260814-043124,https://trends24.in/indonesia/,Thu Aug 13 2026 16:30:34 GMT+0000 (Coordinated Universal Time),2,DEWTEE LIVE HOUSE,dewtee live house,,,,,,
2026-08-14T04:31:24.749832+00:00,20260814-043124,https://trends24.in/indonesia/,Thu Aug 13 2026 16:30:34 GMT+0000 (Coordinated Universal Time),3,#GMMTVLiveHouse,gmmtvlivehouse,,,,,,
2026-08-14T04:31:24.749832+00:00,20260814-043124,https://trends24.in/indonesia/,Thu Aug 13 2026 16:30:34 GMT+0000 (Coordinated Universal Time),4,#íì¬ë¦ìë¤ì íì ë¬¼ì¸ëì¹´ì´,íì¬ë¦ìë¤ì íì ë¬¼ì¸ëì¹´ì´,,,,,,
2026-08-14T04:31:24.749832+00:00,20260814-043124,https://trends24.in/indonesia/,Thu Aug 13 2026 16:30:34 GMT+0000 (Coordinated Universal Time),5,#StickWithHue,stickwithhue,,,,,,
2026-08-14T04:31:24.749832+00:00,20260814-043124,https://trends24.in/indonesia/,Thu Aug 13 2026 16:30:34 GMT+0000 (Coordinated Universal Time),6,COUNTLESS LOVE WITH HUENINGKAI,countless love with hueningkai,,,,,,
2026-08-14T04:31:24.749832+00:00,20260814-043124,https://trends24.in/indonesia/,Thu Aug 13 2026 16:30:34 GMT+0000 (Coordinated Universal Time),7,#æ°¸é ã«è¼ãå¤©ä½¿ãã¥ãã³ã«ã¤,æ°¸é ã«è¼ãå¤©ä½¿ãã¥ãã³ã«ã¤,,,,,,
2026-08-14T04:31:24.749832+00:00,20260814-043124,https://trends24.in/indonesia/,Thu Aug 13 2026 16:30:34 GMT+0000 (Coordinated Universal Time),8,#RORA18EraBegins,rora18erabegins,,,,,,
2026-08-14T04:31:24.749832+00:00,20260814-043124,https://trends24.in/indonesia/,Thu Aug 13 2026 16:30:34 GMT+0000 (Coordinated Universal Time),9,YOU MANIAC TRAILER,you maniac trailer,,,,,,
2026-08-14T04:31:24.749832+00:00,20260814-043124,https://trends24.in/indonesia/,Thu Aug 13 2026 16:30:34 GMT+0000 (Coordinated Universal Time),10,PHUWIN BLACK CARD MV,phuwin black card mv,,,,,,
2026-08-14T04:31:24.749832+00:00,20260814-043124,https://trends24.in/indonesia/,Thu Aug 13 2026 16:30:34 GMT+0000 (Coordinated Universal Time),11,Gunil,gunil,,,,,,
2026-08-14T04:31:24.749832+00:00,20260814-043124,https://trends24.in/indonesia/,Thu Aug 13 2026 16:30:34 GMT+0000 (Coordinated Universal Time),12,GEMINI CONCERT IN LIVEHOUSE,gemini concert in livehouse,,,,,,
2026-08-14T04:31:24.749832+00:00,20260814-043124,https://trends24.in/indonesia/,Thu Aug 13 2026 16:30:34 GMT+0000 (Coordinated Universal Time),13,Assemble Teaser D3,assemble teaser d3,,,,,,
2026-08-14T04:31:24.749832+00:00,20260814-043124,https://trends24.in/indonesia/,Thu Aug 13 2026 16:30:34 GMT+0000 (Coordinated Universal Time),14,Malam Jumat,malam jumat,,,,,,
2026-08-14T04:31:24.749832+00:00,20260814-043124,https://trends24.in/indonesia/,Thu Aug 13 2026 16:30:34 GMT+0000 (Coordinated Universal Time),15,BE MY PLAYER TWO EP5,be my player two ep5,,,,,,
2026-08-14T04:31:24.749832+00:00,20260814-043124,https://trends24.in/indonesia/,Thu Aug 13 2026 16:30:34 GMT+0000 (Coordinated Universal Time),16,ON AIR WITH DJ JAEMIN,on air with dj jaemin,,,,,,
2026-08-14T04:31:24.749832+00:00,20260814-043124,https://trends24.in/indonesia/,Thu Aug 13 2026 16:30:34 GMT+0000 (Coordinated Universal Time),17,mingyu,mingyu,,,,,,
2026-08-14T04:31:24.749832+00:00,20260814-043124,https://trends24.in/indonesia/,Thu Aug 13 2026 16:30:34 GMT+0000 (Coordinated Universal Time),18,Lego,lego,,,,,,
2026-08-14T04:31:24.749832+00:00,20260814-043124,https://trends24.in/indonesia/,Thu Aug 13 2026 16:30:34 GMT+0000 (Coordinated Universal Time),19,ORM SWU LEGACY FASHION,orm swu legacy fashion,,,,,,
2026-08-14T04:31:24.749832+00:00,20260814-043124,https://trends24.in/indonesia/,Thu Aug 13 2026 16:30:34 GMT+0000 (Coordinated Universal Time),20,Enzo,enzo,,,,,,
2026-08-14T04:31:24.749832+00:00,20260814-043124,https://trends24.in/indonesia/,Thu Aug 13 2026 16:30:34 GMT+0000 (Coordinated Universal Time),21,jype,jype,,,,,,
2026-08-14T04:31:24.749832+00:00,20260814-043124,https://trends24.in/indonesia/,Thu Aug 13 2026 16:30:34 GMT+0000 (Coordinated Universal Time),22,Dior,dior,,,,,,
2026-08-14T04:31:24.749832+00:00,20260814-043124,https://trends24.in/indonesia/,Thu Aug 13 2026 16:30:34 GMT+0000 (Coordinated Universal Time),23,Xdiz,xdiz,,,,,,
2026-08-14T04:31:24.749832+00:00,20260814-043124,https://trends24.in/indonesia/,Thu Aug 13 2026 16:30:34 GMT+0000 (Coordinated Universal Time),24,Fahira,fahira,,,,,,
2026-08-14T04:31:24.749832+00:00,20260814-043124,https://trends24.in/indonesia/,Thu Aug 13 2026 16:30:34 GMT+0000 (Coordinated Universal Time),25,Affan,affan,,,,,,
2026-08-14T04:31:24.749832+00:00,20260814-043124,https://trends24.in/indonesia/,Thu Aug 13 2026 16:30:34 GMT+0000 (Coordinated Universal Time),26,Dompet,dompet,,,,,,
2026-08-14T04:31:24.749832+00:00,20260814-043124,https://trends24.in/indonesia/,Thu Aug 13 2026 16:30:34 GMT+0000 (Coordinated Universal Time),27,LENAMIU X LEGACY,lenamiu x legacy,,,,,,
2026-08-14T04:31:24.749832+00:00,20260814-043124,https://trends24.in/indonesia/,Thu Aug 13 2026 16:30:34 GMT+0000 (Coordinated Universal Time),28,Evan,evan,,,,,,
2026-08-14T04:31:24.749832+00:00,20260814-043124,https://trends24.in/indonesia/,Thu Aug 13 2026 16:30:34 GMT+0000 (Coordinated Universal Time),29,chris brown,chris brown,,,,,,
2026-08-14T04:31:24.749832+00:00,20260814-043124,https://trends24.in/indonesia/,Thu Aug 13 2026 16:30:34 GMT+0000 (Coordinated Universal Time),30,#ë¡ë¼ì_ëª©ìë¦¬ë¡_ë¬¼ë _ë,ë¡ë¼ì_ëª©ìë¦¬ë¡_ë¬¼ë _ë,,,,,,
2026-08-14T04:31:24.749832+00:00,20260814-043124,https://trends24.in/indonesia/,Thu Aug 13 2026 16:30:34 GMT+0000 (Coordinated Universal Time),31,#BlackCardPHUWINmv,blackcardphuwinmv,,,,,,
2026-08-14T04:31:24.749832+00:00,20260814-043124,https://trends24.in/indonesia/,Thu Aug 13 2026 16:30:34 GMT+0000 (Coordinated Universal Time),32,#YouManiacSeries,youmaniacseries,,,,,,
2026-08-14T04:31:24.749832+00:00,20260814-043124,https://trends24.in/indonesia/,Thu Aug 13 2026 16:30:34 GMT+0000 (Coordinated Universal Time),33,#ZeeNuNewVlogInKrabi,zeenunewvloginkrabi,,,,,,
2026-08-14T04:31:24.749832+00:00,20260814-043124,https://trends24.in/indonesia/,Thu Aug 13 2026 16:30:34 GMT+0000 (Coordinated Universal Time),34,#NCT127_Assemble3,nct127_assemble3,,,,,,
2026-08-14T04:31:24.749832+00:00,20260814-043124,https://trends24.in/indonesia/,Thu Aug 13 2026 16:30:34 GMT+0000 (Coordinated Universal Time),35,#TerikatJanjiEp130,terikatjanjiep130,,,,,,
2026-08-14T04:31:24.749832+00:00,20260814-043124,https://trends24.in/indonesia/,Thu Aug 13 2026 16:30:34 GMT+0000 (Coordinated Universal Time),36,#à¸à¸­à¹à¸à¹à¸¥à¹à¸²à¸¡à¸à¸µà¸£à¹EP5,à¸à¸­à¹à¸à¹à¸¥à¹à¸²à¸¡à¸à¸µà¸£à¹ep5,,,,,,
2026-08-14T04:31:24.749832+00:00,20260814-043124,https://trends24.in/indonesia/,Thu Aug 13 2026 16:30:34 GMT+0000 (Coordinated Universal Time),37,#EmasSeribuanGoPay,emasseribuangopay,,,,,,
2026-08-14T04:31:24.749832+00:00,20260814-043124,https://trends24.in/indonesia/,Thu Aug 13 2026 16:30:34 GMT+0000 (Coordinated Universal Time),38,#STAYAWAKEEP4,stayawakeep4,,,,,,
2026-08-14T04:31:24.749832+00:00,20260814-043124,https://trends24.in/indonesia/,Thu Aug 13 2026 16:30:34 GMT+0000 (Coordinated Universal Time),39,#XDINARYHEROESIS6,xdinaryheroesis6,,,,,,
2026-08-14T04:31:24.749832+00:00,20260814-043124,https://trends24.in/indonesia/,Thu Aug 13 2026 16:30:34 GMT+0000 (Coordinated Universal Time),40,#gehennart,gehennart,,,,,,
2026-08-14T04:31:24.749832+00:00,20260814-043124,https://trends24.in/indonesia/,Thu Aug 13 2026 16:30:34 GMT+0000 (Coordinated Universal Time),41,#williamjkp,williamjkp,,,,,,
2026-08-14T04:31:24.749832+00:00,20260814-043124,https://trends24.in/indonesia/,Thu Aug 13 2026 16:30:34 GMT+0000 (Coordinated Universal Time),42,#teammoth,teammoth,,,,,,
2026-08-14T04:31:24.749832+00:00,20260814-043124,https://trends24.in/indonesia/,Thu Aug 13 2026 16:30:34 GMT+0000 (Coordinated Universal Time),43,#OrmXLegacyOfThaiTextiles,ormxlegacyofthaitextiles,,,,,,
2026-08-14T04:31:24.749832+00:00,20260814-043124,https://trends24.in/indonesia/,Thu Aug 13 2026 16:30:34 GMT+0000 (Coordinated Universal Time),44,#PajamaDriveJKT48,pajamadrivejkt48,,,,,,
2026-08-14T04:31:24.749832+00:00,20260814-043124,https://trends24.in/indonesia/,Thu Aug 13 2026 16:30:34 GMT+0000 (Coordinated Universal Time),45,#WilliamEst,williamest,,,,,,
2026-08-14T04:31:24.749832+00:00,20260814-043124,https://trends24.in/indonesia/,Thu Aug 13 2026 16:30:34 GMT+0000 (Coordinated Universal Time),46,#ããã­ã897,ããã­ã897,,,,,,
2026-08-14T04:31:24.749832+00:00,20260814-043124,https://trends24.in/indonesia/,Thu Aug 13 2026 16:30:34 GMT+0000 (Coordinated Universal Time),47,#ã¸ã§ãã³ã®ãããã¡ããã­ãã¡ããã©ã¸ãª,ã¸ã§ãã³ã®ãããã¡ããã­ãã¡ããã©ã¸ãª,,,,,,
2026-08-14T04:31:24.749832+00:00,20260814-043124,https://trends24.in/indonesia/,Thu Aug 13 2026 16:30:34 GMT+0000 (Coordinated Universal Time),48,#teamdean,teamdean,,,,,,
2026-08-14T04:31:24.749832+00:00,20260814-043124,https://trends24.in/indonesia/,Thu Aug 13 2026 16:30:34 GMT+0000 (Coordinated Universal Time),49,#phuwintang,phuwintang,,,,,,
2026-08-14T04:31:24.749832+00:00,20260814-043124,https://trends24.in/indonesia/,Thu Aug 13 2026 16:30:34 GMT+0000 (Coordinated Universal Time),50,#ChasingDreamsAt14,chasingdreamsat14,,,,,,
2026-08-14T04:31:24.749832+00:00,20260814-043124,https://trends24.in/indonesia/,Thu Aug 13 2026 15:39:34 GMT+0000 (Coordinated Universal Time),1,GoPay Investasi Emas,gopay investasi emas,,,,,,
2026-08-14T04:31:24.749832+00:00,20260814-043124,https://trends24.in/indonesia/,Thu Aug 13 2026 15:39:34 GMT+0000 (Coordinated Universal Time),2,DEWTEE LIVE HOUSE,dewtee live house,,,,,,
2026-08-14T04:31:24.749832+00:00,20260814-043124,https://trends24.in/indonesia/,Thu Aug 13 2026 15:39:34 GMT+0000 (Coordinated Universal Time),3,#GMMTVLiveHouse,gmmtvlivehouse,,,,,,
2026-08-14T04:31:24.749832+00:00,20260814-043124,https://trends24.in/indonesia/,Thu Aug 13 2026 15:39:34 GMT+0000 (Coordinated Universal Time),4,#íì¬ë¦ìë¤ì íì ë¬¼ì¸ëì¹´ì´,íì¬ë¦ìë¤ì íì ë¬¼ì¸ëì¹´ì´,,,,,,
2026-08-14T04:31:24.749832+00:00,20260814-043124,https://trends24.in/indonesia/,Thu Aug 13 2026 15:39:34 GMT+0000 (Coordinated Universal Time),5,#StickWithHue,stickwithhue,,,,,,
2026-08-14T04:31:24.749832+00:00,20260814-043124,https://trends24.in/indonesia/,Thu Aug 13 2026 15:39:34 GMT+0000 (Coordinated Universal Time),6,#BlackCardPHUWINmv,blackcardphuwinmv,,,,,,
2026-08-14T04:31:24.749832+00:00,20260814-043124,https://trends24.in/indonesia/,Thu Aug 13 2026 15:39:34 GMT+0000 (Coordinated Universal Time),7,#æ°¸é ã«è¼ãå¤©ä½¿ãã¥ãã³ã«ã¤,æ°¸é ã«è¼ãå¤©ä½¿ãã¥ãã³ã«ã¤,,,,,,
2026-08-14T04:31:24.749832+00:00,20260814-043124,https://trends24.in/indonesia/,Thu Aug 13 2026 15:39:34 GMT+0000 (Coordinated Universal Time),8,COUNTLESS LOVE WITH HUENINGKAI,countless love with hueningkai,,,,,,
2026-08-14T04:31:24.749832+00:00,20260814-043124,https://trends24.in/indonesia/,Thu Aug 13 2026 15:39:34 GMT+0000 (Coordinated Universal Time),9,18 YEARS OF RORANDERFUL,18 years of roranderful,,,,,,
2026-08-14T04:31:24.749832+00:00,20260814-043124,https://trends24.in/indonesia/,Thu Aug 13 2026 15:39:34 GMT+0000 (Coordinated Universal Time),10,YOU MANIAC TRAILER,you maniac trailer,,,,,,
2026-08-14T04:31:24.749832+00:00,20260814-043124,https://trends24.in/indonesia/,Thu Aug 13 2026 15:39:34 GMT+0000 (Coordinated Universal Time),11,PHUWIN BLACK CARD MV,phuwin black card mv,,,,,,
2026-08-14T04:31:24.749832+00:00,20260814-043124,https://trends24.in/indonesia/,Thu Aug 13 2026 15:39:34 GMT+0000 (Coordinated Universal Time),12,Gunil,gunil,,,,,,
2026-08-14T04:31:24.749832+00:00,20260814-043124,https://trends24.in/indonesia/,Thu Aug 13 2026 15:39:34 GMT+0000 (Coordinated Universal Time),13,Assemble Teaser D3,assemble teaser d3,,,,,,
2026-08-14T04:31:24.749832+00:00,20260814-043124,https://trends24.in/indonesia/,Thu Aug 13 2026 15:39:34 GMT+0000 (Coordinated Universal Time),14,Malam Jumat,malam jumat,,,,,,
2026-08-14T04:31:24.749832+00:00,20260814-043124,https://trends24.in/indonesia/,Thu Aug 13 2026 15:39:34 GMT+0000 (Coordinated Universal Time),15,BE MY PLAYER TWO EP5,be my player two ep5,,,,,,
2026-08-14T04:31:24.749832+00:00,20260814-043124,https://trends24.in/indonesia/,Thu Aug 13 2026 15:39:34 GMT+0000 (Coordinated Universal Time),16,ON AIR WITH DJ JAEMIN,on air with dj jaemin,,,,,,
2026-08-14T04:31:24.749832+00:00,20260814-043124,https://trends24.in/indonesia/,Thu Aug 13 2026 15:39:34 GMT+0000 (Coordinated Universal Time),17,ORM SWU LEGACY FASHION,orm swu legacy fashion,,,,,,
2026-08-14T04:31:24.749832+00:00,20260814-043124,https://trends24.in/indonesia/,Thu Aug 13 2026 15:39:34 GMT+0000 (Coordinated Universal Time),18,JUNIORMARKMO STAY AWAKE,juniormarkmo stay awake,,,,,,
2026-08-14T04:31:24.749832+00:00,20260814-043124,https://trends24.in/indonesia/,Thu Aug 13 2026 15:39:34 GMT+0000 (Coordinated Universal Time),19,mingyu,mingyu,,,,,,
2026-08-14T04:31:24.749832+00:00,20260814-043124,https://trends24.in/indonesia/,Thu Aug 13 2026 15:39:34 GMT+0000 (Coordinated Universal Time),20,jype,jype,,,,,,
2026-08-14T04:31:24.749832+00:00,20260814-043124,https://trends24.in/indonesia/,Thu Aug 13 2026 15:39:34 GMT+0000 (Coordinated Universal Time),21,Affan,affan,,,,,,
2026-08-14T04:31:24.749832+00:00,20260814-043124,https://trends24.in/indonesia/,Thu Aug 13 2026 15:39:34 GMT+0000 (Coordinated Universal Time),22,Enzo,enzo,,,,,,
2026-08-14T04:31:24.749832+00:00,20260814-043124,https://trends24.in/indonesia/,Thu Aug 13 2026 15:39:34 GMT+0000 (Coordinated Universal Time),23,Dior,dior,,,,,,
2026-08-14T04:31:24.749832+00:00,20260814-043124,https://trends24.in/indonesia/,Thu Aug 13 2026 15:39:34 GMT+0000 (Coordinated Universal Time),24,Fahira,fahira,,,,,,
2026-08-14T04:31:24.749832+00:00,20260814-043124,https://trends24.in/indonesia/,Thu Aug 13 2026 15:39:34 GMT+0000 (Coordinated Universal Time),25,Xdiz,xdiz,,,,,,
2026-08-14T04:31:24.749832+00:00,20260814-043124,https://trends24.in/indonesia/,Thu Aug 13 2026 15:39:34 GMT+0000 (Coordinated Universal Time),26,Dompet,dompet,,,,,,
2026-08-14T04:31:24.749832+00:00,20260814-043124,https://trends24.in/indonesia/,Thu Aug 13 2026 15:39:34 GMT+0000 (Coordinated Universal Time),27,LENAMIU X LEGACY,lenamiu x legacy,,,,,,
2026-08-14T04:31:24.749832+00:00,20260814-043124,https://trends24.in/indonesia/,Thu Aug 13 2026 15:39:34 GMT+0000 (Coordinated Universal Time),28,DAY6,day6,,,,,,
2026-08-14T04:31:24.749832+00:00,20260814-043124,https://trends24.in/indonesia/,Thu Aug 13 2026 15:39:34 GMT+0000 (Coordinated Universal Time),29,Evan,evan,,,,,,
2026-08-14T04:31:24.749832+00:00,20260814-043124,https://trends24.in/indonesia/,Thu Aug 13 2026 15:39:34 GMT+0000 (Coordinated Universal Time),30,chris brown,chris brown,,,,,,
2026-08-14T04:31:24.749832+00:00,20260814-043124,https://trends24.in/indonesia/,Thu Aug 13 2026 15:39:34 GMT+0000 (Coordinated Universal Time),31,Pancasila,pancasila,,,,,,
2026-08-14T04:31:24.749832+00:00,20260814-043124,https://trends24.in/indonesia/,Thu Aug 13 2026 15:39:34 GMT+0000 (Coordinated Universal Time),32,#RORA18EraBegins,rora18erabegins,,,,,,
2026-08-14T04:31:24.749832+00:00,20260814-043124,https://trends24.in/indonesia/,Thu Aug 13 2026 15:39:34 GMT+0000 (Coordinated Universal Time),33,#ë¡ë¼ì_ëª©ìë¦¬ë¡_ë¬¼ë _ë,ë¡ë¼ì_ëª©ìë¦¬ë¡_ë¬¼ë _ë,,,,,,
2026-08-14T04:31:24.749832+00:00,20260814-043124,https://trends24.in/indonesia/,Thu Aug 13 2026 15:39:34 GMT+0000 (Coordinated Universal Time),34,#RORAã¨ä¸ç·ã«æé·ãã¦ããæ¥ã,roraã¨ä¸ç·ã«æé·ãã¦ããæ¥ã,,,,,,
2026-08-14T04:31:24.749832+00:00,20260814-043124,https://trends24.in/indonesia/,Thu Aug 13 2026 15:39:34 GMT+0000 (Coordinated Universal Time),35,#YouManiacSeries,youmaniacseries,,,,,,
2026-08-14T04:31:24.749832+00:00,20260814-043124,https://trends24.in/indonesia/,Thu Aug 13 2026 15:39:34 GMT+0000 (Coordinated Universal Time),36,#NCT127_Assemble3,nct127_assemble3,,,,,,
2026-08-14T04:31:24.749832+00:00,20260814-043124,https://trends24.in/indonesia/,Thu Aug 13 2026 15:39:34 GMT+0000 (Coordinated Universal Time),37,#ZeeNuNewVlogInKrabi,zeenunewvloginkrabi,,,,,,
2026-08-14T04:31:24.749832+00:00,20260814-043124,https://trends24.in/indonesia/,Thu Aug 13 2026 15:39:34 GMT+0000 (Coordinated Universal Time),38,#TerikatJanjiEp130,terikatjanjiep130,,,,,,
2026-08-14T04:31:24.749832+00:00,20260814-043124,https://trends24.in/indonesia/,Thu Aug 13 2026 15:39:34 GMT+0000 (Coordinated Universal Time),39,#EmasSeribuanGoPay,emasseribuangopay,,,,,,
2026-08-14T04:31:24.749832+00:00,20260814-043124,https://trends24.in/indonesia/,Thu Aug 13 2026 15:39:34 GMT+0000 (Coordinated Universal Time),40,#STAYAWAKEEP4,stayawakeep4,,,,,,
2026-08-14T04:31:24.749832+00:00,20260814-043124,https://trends24.in/indonesia/,Thu Aug 13 2026 15:39:34 GMT+0000 (Coordinated Universal Time),41,#à¸à¸­à¹à¸à¹à¸¥à¹à¸²à¸¡à¸à¸µà¸£à¹EP5,à¸à¸­à¹à¸à¹à¸¥à¹à¸²à¸¡à¸à¸µà¸£à¹ep5,,,,,,
2026-08-14T04:31:24.749832+00:00,20260814-043124,https://trends24.in/indonesia/,Thu Aug 13 2026 15:39:34 GMT+0000 (Coordinated Universal Time),42,#GeminiConcert,geminiconcert,,,,,,
2026-08-14T04:31:24.749832+00:00,20260814-043124,https://trends24.in/indonesia/,Thu Aug 13 2026 15:39:34 GMT+0000 (Coordinated Universal Time),43,#gehennart,gehennart,,,,,,
2026-08-14T04:31:24.749832+00:00,20260814-043124,https://trends24.in/indonesia/,Thu Aug 13 2026 15:39:34 GMT+0000 (Coordinated Universal Time),44,#XDINARYHEROESIS6,xdinaryheroesis6,,,,,,
2026-08-14T04:31:24.749832+00:00,20260814-043124,https://trends24.in/indonesia/,Thu Aug 13 2026 15:39:34 GMT+0000 (Coordinated Universal Time),45,#ããã­ã897,ããã­ã897,,,,,,
2026-08-14T04:31:24.749832+00:00,20260814-043124,https://trends24.in/indonesia/,Thu Aug 13 2026 15:39:34 GMT+0000 (Coordinated Universal Time),46,#ã¸ã§ãã³ã®ãããã¡ããã­ãã¡ããã©ã¸ãª,ã¸ã§ãã³ã®ãããã¡ããã­ãã¡ããã©ã¸ãª,,,,,,
2026-08-14T04:31:24.749832+00:00,20260814-043124,https://trends24.in/indonesia/,Thu Aug 13 2026 15:39:34 GMT+0000 (Coordinated Universal Time),47,#williamjkp,williamjkp,,,,,,
2026-08-14T04:31:24.749832+00:00,20260814-043124,https://trends24.in/indonesia/,Thu Aug 13 2026 15:39:34 GMT+0000 (Coordinated Universal Time),48,#OrmXLegacyOfThaiTextiles,ormxlegacyofthaitextiles,,,,,,
2026-08-14T04:31:24.749832+00:00,20260814-043124,https://trends24.in/indonesia/,Thu Aug 13 2026 15:39:34 GMT+0000 (Coordinated Universal Time),49,#teammoth,teammoth,,,,,,
2026-08-14T04:31:24.749832+00:00,20260814-043124,https://trends24.in/indonesia/,Thu Aug 13 2026 15:39:34 GMT+0000 (Coordinated Universal Time),50,#PajamaDriveJKT48,pajamadrivejkt48,,,,,,
2026-08-14T04:31:24.749832+00:00,20260814-043124,https://trends24.in/indonesia/,Thu Aug 13 2026 14:48:18 GMT+0000 (Coordinated Universal Time),1,GoPay Investasi Emas,gopay investasi emas,,,,,,
2026-08-14T04:31:24.749832+00:00,20260814-043124,https://trends24.in/indonesia/,Thu Aug 13 2026 14:48:18 GMT+0000 (Coordinated Universal Time),2,#BlackCardPHUWINmv,blackcardphuwinmv,,,,,,
2026-08-14T04:31:24.749832+00:00,20260814-043124,https://trends24.in/indonesia/,Thu Aug 13 2026 14:48:18 GMT+0000 (Coordinated Universal Time),3,DEWTEE LIVE HOUSE,dewtee live house,,,,,,
2026-08-14T04:31:24.749832+00:00,20260814-043124,https://trends24.in/indonesia/,Thu Aug 13 2026 14:48:18 GMT+0000 (Coordinated Universal Time),4,PHUWIN BLACK CARD MV,phuwin black card mv,,,,,,
2026-08-14T04:31:24.749832+00:00,20260814-043124,https://trends24.in/indonesia/,Thu Aug 13 2026 14:48:18 GMT+0000 (Coordinated Universal Time),5,#YouManiacSeries,youmaniacseries,,,,,,
2026-08-14T04:31:24.749832+00:00,20260814-043124,https://trends24.in/indonesia/,Thu Aug 13 2026 14:48:18 GMT+0000 (Coordinated Universal Time),6,#GMMTVLiveHouse,gmmtvlivehouse,,,,,,
2026-08-14T04:31:24.749832+00:00,20260814-043124,https://trends24.in/indonesia/,Thu Aug 13 2026 14:48:18 GMT+0000 (Coordinated Universal Time),7,Gunil,gunil,,,,,,
2026-08-14T04:31:24.749832+00:00,20260814-043124,https://trends24.in/indonesia/,Thu Aug 13 2026 14:48:18 GMT+0000 (Coordinated Universal Time),8,#TerikatJanjiEp130,terikatjanjiep130,,,,,,
2026-08-14T04:31:24.749832+00:00,20260814-043124,https://trends24.in/indonesia/,Thu Aug 13 2026 14:48:18 GMT+0000 (Coordinated Universal Time),9,#ZeeNuNewVlogInKrabi,zeenunewvloginkrabi,,,,,,
2026-08-14T04:31:24.749832+00:00,20260814-043124,https://trends24.in/indonesia/,Thu Aug 13 2026 14:48:18 GMT+0000 (Coordinated Universal Time),10,BE MY PLAYER TWO EP5,be my player two ep5,,,,,,
2026-08-14T04:31:24.749832+00:00,20260814-043124,https://trends24.in/indonesia/,Thu Aug 13 2026 14:48:18 GMT+0000 (Coordinated Universal Time),11,ORM SWU LEGACY FASHION,orm swu legacy fashion,,,,,,
2026-08-14T04:31:24.749832+00:00,20260814-043124,https://trends24.in/indonesia/,Thu Aug 13 2026 14:48:18 GMT+0000 (Coordinated Universal Time),12,ON AIR WITH DJ JAEMIN,on air with dj jaemin,,,,,,
2026-08-14T04:31:24.749832+00:00,20260814-043124,https://trends24.in/indonesia/,Thu Aug 13 2026 14:48:18 GMT+0000 (Coordinated Universal Time),13,Malam Jumat,malam jumat,,,,,,
2026-08-14T04:31:24.749832+00:00,20260814-043124,https://trends24.in/indonesia/,Thu Aug 13 2026 14:48:18 GMT+0000 (Coordinated Universal Time),14,mingyu,mingyu,,,,,,
2026-08-14T04:31:24.749832+00:00,20260814-043124,https://trends24.in/indonesia/,Thu Aug 13 2026 14:48:18 GMT+0000 (Coordinated Universal Time),15,JUNIORMARKMO STAY AWAKE,juniormarkmo stay awake,,,,,,
2026-08-14T04:31:24.749832+00:00,20260814-043124,https://trends24.in/indonesia/,Thu Aug 13 2026 14:48:18 GMT+0000 (Coordinated Universal Time),16,Xdinary Heroes,xdinary heroes,,,,,,
2026-08-14T04:31:24.749832+00:00,20260814-043124,https://trends24.in/indonesia/,Thu Aug 13 2026 14:48:18 GMT+0000 (Coordinated Universal Time),17,Dior,dior,,,,,,
2026-08-14T04:31:24.749832+00:00,20260814-043124,https://trends24.in/indonesia/,Thu Aug 13 2026 14:48:18 GMT+0000 (Coordinated Universal Time),18,Affan,affan,,,,,,
2026-08-14T04:31:24.749832+00:00,20260814-043124,https://trends24.in/indonesia/,Thu Aug 13 2026 14:48:18 GMT+0000 (Coordinated Universal Time),19,Justin Bieber,justin bieber,,,,,,
2026-08-14T04:31:24.749832+00:00,20260814-043124,https://trends24.in/indonesia/,Thu Aug 13 2026 14:48:18 GMT+0000 (Coordinated Universal Time),20,jype,jype,,,,,,
2026-08-14T04:31:24.749832+00:00,20260814-043124,https://trends24.in/indonesia/,Thu Aug 13 2026 14:48:18 GMT+0000 (Coordinated Universal Time),21,Fahira,fahira,,,,,,
2026-08-14T04:31:24.749832+00:00,20260814-043124,https://trends24.in/indonesia/,Thu Aug 13 2026 14:48:18 GMT+0000 (Coordinated Universal Time),22,Dompet,dompet,,,,,,
2026-08-14T04:31:24.749832+00:00,20260814-043124,https://trends24.in/indonesia/,Thu Aug 13 2026 14:48:18 GMT+0000 (Coordinated Universal Time),23,LENAMIU X LEGACY,lenamiu x legacy,,,,,,
2026-08-14T04:31:24.749832+00:00,20260814-043124,https://trends24.in/indonesia/,Thu Aug 13 2026 14:48:18 GMT+0000 (Coordinated Universal Time),24,Xdiz,xdiz,,,,,,
2026-08-14T04:31:24.749832+00:00,20260814-043124,https://trends24.in/indonesia/,Thu Aug 13 2026 14:48:18 GMT+0000 (Coordinated Universal Time),25,DAY6,day6,,,,,,
2026-08-14T04:31:24.749832+00:00,20260814-043124,https://trends24.in/indonesia/,Thu Aug 13 2026 14:48:18 GMT+0000 (Coordinated Universal Time),26,Evan,evan,,,,,,
2026-08-14T04:31:24.749832+00:00,20260814-043124,https://trends24.in/indonesia/,Thu Aug 13 2026 14:48:18 GMT+0000 (Coordinated Universal Time),27,Enzo,enzo,,,,,,
2026-08-14T04:31:24.749832+00:00,20260814-043124,https://trends24.in/indonesia/,Thu Aug 13 2026 14:48:18 GMT+0000 (Coordinated Universal Time),28,Pancasila,pancasila,,,,,,
2026-08-14T04:31:24.749832+00:00,20260814-043124,https://trends24.in/indonesia/,Thu Aug 13 2026 14:48:18 GMT+0000 (Coordinated Universal Time),29,chris brown,chris brown,,,,,,
2026-08-14T04:31:24.749832+00:00,20260814-043124,https://trends24.in/indonesia/,Thu Aug 13 2026 14:48:18 GMT+0000 (Coordinated Universal Time),30,Positif,positif,,,,,,
2026-08-14T04:31:24.749832+00:00,20260814-043124,https://trends24.in/indonesia/,Thu Aug 13 2026 14:48:18 GMT+0000 (Coordinated Universal Time),31,#STAYAWAKEEP4,stayawakeep4,,,,,,
2026-08-14T04:31:24.749832+00:00,20260814-043124,https://trends24.in/indonesia/,Thu Aug 13 2026 14:48:18 GMT+0000 (Coordinated Universal Time),32,#StickWithHue,stickwithhue,,,,,,
2026-08-14T04:31:24.749832+00:00,20260814-043124,https://trends24.in/indonesia/,Thu Aug 13 2026 14:48:18 GMT+0000 (Coordinated Universal Time),33,#EmasSeribuanGoPay,emasseribuangopay,,,,,,
2026-08-14T04:31:24.749832+00:00,20260814-043124,https://trends24.in/indonesia/,Thu Aug 13 2026 14:48:18 GMT+0000 (Coordinated Universal Time),34,#à¸à¸­à¹à¸à¹à¸¥à¹à¸²à¸¡à¸à¸µà¸£à¹EP5,à¸à¸­à¹à¸à¹à¸¥à¹à¸²à¸¡à¸à¸µà¸£à¹ep5,,,,,,
2026-08-14T04:31:24.749832+00:00,20260814-043124,https://trends24.in/indonesia/,Thu Aug 13 2026 14:48:18 GMT+0000 (Coordinated Universal Time),35,#gehennart,gehennart,,,,,,
2026-08-14T04:31:24.749832+00:00,20260814-043124,https://trends24.in/indonesia/,Thu Aug 13 2026 14:48:18 GMT+0000 (Coordinated Universal Time),36,#ããã­ã897,ããã­ã897,,,,,,
2026-08-14T04:31:24.749832+00:00,20260814-043124,https://trends24.in/indonesia/,Thu Aug 13 2026 14:48:18 GMT+0000 (Coordinated Universal Time),37,#ã¸ã§ãã³ã®ãããã¡ããã­ãã¡ããã©ã¸ãª,ã¸ã§ãã³ã®ãããã¡ããã­ãã¡ããã©ã¸ãª,,,,,,
2026-08-14T04:31:24.749832+00:00,20260814-043124,https://trends24.in/indonesia/,Thu Aug 13 2026 14:48:18 GMT+0000 (Coordinated Universal Time),38,#OrmXLegacyOfThaiTextiles,ormxlegacyofthaitextiles,,,,,,
2026-08-14T04:31:24.749832+00:00,20260814-043124,https://trends24.in/indonesia/,Thu Aug 13 2026 14:48:18 GMT+0000 (Coordinated Universal Time),39,#PajamaDriveJKT48,pajamadrivejkt48,,,,,,
2026-08-14T04:31:24.749832+00:00,20260814-043124,https://trends24.in/indonesia/,Thu Aug 13 2026 14:48:18 GMT+0000 (Coordinated Universal Time),40,#teammoth,teammoth,,,,,,
2026-08-14T04:31:24.749832+00:00,20260814-043124,https://trends24.in/indonesia/,Thu Aug 13 2026 14:48:18 GMT+0000 (Coordinated Universal Time),41,#WilliamEst,williamest,,,,,,
2026-08-14T04:31:24.749832+00:00,20260814-043124,https://trends24.in/indonesia/,Thu Aug 13 2026 14:48:18 GMT+0000 (Coordinated Universal Time),42,#teamdean,teamdean,,,,,,
2026-08-14T04:31:24.749832+00:00,20260814-043124,https://trends24.in/indonesia/,Thu Aug 13 2026 14:48:18 GMT+0000 (Coordinated Universal Time),43,#phuwintang,phuwintang,,,,,,
2026-08-14T04:31:24.749832+00:00,20260814-043124,https://trends24.in/indonesia/,Thu Aug 13 2026 14:48:18 GMT+0000 (Coordinated Universal Time),44,#ChasingDreamsAt14,chasingdreamsat14,,,,,,
2026-08-14T04:31:24.749832+00:00,20260814-043124,https://trends24.in/indonesia/,Thu Aug 13 2026 14:48:18 GMT+0000 (Coordinated Universal Time),45,#StrayKids46thwin,straykids46thwin,,,,,,
2026-08-14T04:31:24.749832+00:00,20260814-043124,https://trends24.in/indonesia/,Thu Aug 13 2026 14:48:18 GMT+0000 (Coordinated Universal Time),46,#LegacyFashionXLenaMiu,legacyfashionxlenamiu,,,,,,
2026-08-14T04:31:24.749832+00:00,20260814-043124,https://trends24.in/indonesia/,Thu Aug 13 2026 14:48:18 GMT+0000 (Coordinated Universal Time),47,#DittipidNarkoba,dittipidnarkoba,,,,,,
2026-08-14T04:31:24.749832+00:00,20260814-043124,https://trends24.in/indonesia/,Thu Aug 13 2026 14:48:18 GMT+0000 (Coordinated Universal Time),48,#LawanNarkoba,lawannarkoba,,,,,,
2026-08-14T04:31:24.749832+00:00,20260814-043124,https://trends24.in/indonesia/,Thu Aug 13 2026 14:48:18 GMT+0000 (Coordinated Universal Time),49,#BareskrimPolri,bareskrimpolri,,,,,,
2026-08-14T04:31:24.749832+00:00,20260814-043124,https://trends24.in/indonesia/,Thu Aug 13 2026 14:48:18 GMT+0000 (Coordinated Universal Time),50,#VoteforNAJAEMIN,votefornajaemin,,,,,,
2026-08-14T04:31:24.749832+00:00,20260814-043124,https://trends24.in/indonesia/,Thu Aug 13 2026 14:48:13 GMT+0000 (Coordinated Universal Time),1,GoPay Investasi Emas,gopay investasi emas,,,,,,
2026-08-14T04:31:24.749832+00:00,20260814-043124,https://trends24.in/indonesia/,Thu Aug 13 2026 14:48:13 GMT+0000 (Coordinated Universal Time),2,#BlackCardPHUWINmv,blackcardphuwinmv,,,,,,
2026-08-14T04:31:24.749832+00:00,20260814-043124,https://trends24.in/indonesia/,Thu Aug 13 2026 14:48:13 GMT+0000 (Coordinated Universal Time),3,DEWTEE LIVE HOUSE,dewtee live house,,,,,,
2026-08-14T04:31:24.749832+00:00,20260814-043124,https://trends24.in/indonesia/,Thu Aug 13 2026 14:48:13 GMT+0000 (Coordinated Universal Time),4,PHUWIN BLACK CARD MV,phuwin black card mv,,,,,,
2026-08-14T04:31:24.749832+00:00,20260814-043124,https://trends24.in/indonesia/,Thu Aug 13 2026 14:48:13 GMT+0000 (Coordinated Universal Time),5,#YouManiacSeries,youmaniacseries,,,,,,
2026-08-14T04:31:24.749832+00:00,20260814-043124,https://trends24.in/indonesia/,Thu Aug 13 2026 14:48:13 GMT+0000 (Coordinated Universal Time),6,#GMMTVLiveHouse,gmmtvlivehouse,,,,,,
2026-08-14T04:31:24.749832+00:00,20260814-043124,https://trends24.in/indonesia/,Thu Aug 13 2026 14:48:13 GMT+0000 (Coordinated Universal Time),7,Gunil,gunil,,,,,,
2026-08-14T04:31:24.749832+00:00,20260814-043124,https://trends24.in/indonesia/,Thu Aug 13 2026 14:48:13 GMT+0000 (Coordinated Universal Time),8,#ZeeNuNewVlogInKrabi,zeenunewvloginkrabi,,,,,,
2026-08-14T04:31:24.749832+00:00,20260814-043124,https://trends24.in/indonesia/,Thu Aug 13 2026 14:48:13 GMT+0000 (Coordinated Universal Time),9,#TerikatJanjiEp130,terikatjanjiep130,,,,,,
2026-08-14T04:31:24.749832+00:00,20260814-043124,https://trends24.in/indonesia/,Thu Aug 13 2026 14:48:13 GMT+0000 (Coordinated Universal Time),10,BE MY PLAYER TWO EP5,be my player two ep5,,,,,,
2026-08-14T04:31:24.749832+00:00,20260814-043124,https://trends24.in/indonesia/,Thu Aug 13 2026 14:48:13 GMT+0000 (Coordinated Universal Time),11,ORM SWU LEGACY FASHION,orm swu legacy fashion,,,,,,
2026-08-14T04:31:24.749832+00:00,20260814-043124,https://trends24.in/indonesia/,Thu Aug 13 2026 14:48:13 GMT+0000 (Coordinated Universal Time),12,ON AIR WITH DJ JAEMIN,on air with dj jaemin,,,,,,
2026-08-14T04:31:24.749832+00:00,20260814-043124,https://trends24.in/indonesia/,Thu Aug 13 2026 14:48:13 GMT+0000 (Coordinated Universal Time),13,Malam Jumat,malam jumat,,,,,,
2026-08-14T04:31:24.749832+00:00,20260814-043124,https://trends24.in/indonesia/,Thu Aug 13 2026 14:48:13 GMT+0000 (Coordinated Universal Time),14,JUNIORMARKMO STAY AWAKE,juniormarkmo stay awake,,,,,,
2026-08-14T04:31:24.749832+00:00,20260814-043124,https://trends24.in/indonesia/,Thu Aug 13 2026 14:48:13 GMT+0000 (Coordinated Universal Time),15,mingyu,mingyu,,,,,,
2026-08-14T04:31:24.749832+00:00,20260814-043124,https://trends24.in/indonesia/,Thu Aug 13 2026 14:48:13 GMT+0000 (Coordinated Universal Time),16,Xdinary Heroes,xdinary heroes,,,,,,
2026-08-14T04:31:24.749832+00:00,20260814-043124,https://trends24.in/indonesia/,Thu Aug 13 2026 14:48:13 GMT+0000 (Coordinated Universal Time),17,Affan,affan,,,,,,
2026-08-14T04:31:24.749832+00:00,20260814-043124,https://trends24.in/indonesia/,Thu Aug 13 2026 14:48:13 GMT+0000 (Coordinated Universal Time),18,Dior,dior,,,,,,
2026-08-14T04:31:24.749832+00:00,20260814-043124,https://trends24.in/indonesia/,Thu Aug 13 2026 14:48:13 GMT+0000 (Coordinated Universal Time),19,Justin Bieber,justin bieber,,,,,,
2026-08-14T04:31:24.749832+00:00,20260814-043124,https://trends24.in/indonesia/,Thu Aug 13 2026 14:48:13 GMT+0000 (Coordinated Universal Time),20,jype,jype,,,,,,
2026-08-14T04:31:24.749832+00:00,20260814-043124,https://trends24.in/indonesia/,Thu Aug 13 2026 14:48:13 GMT+0000 (Coordinated Universal Time),21,Fahira,fahira,,,,,,
2026-08-14T04:31:24.749832+00:00,20260814-043124,https://trends24.in/indonesia/,Thu Aug 13 2026 14:48:13 GMT+0000 (Coordinated Universal Time),22,Dompet,dompet,,,,,,
2026-08-14T04:31:24.749832+00:00,20260814-043124,https://trends24.in/indonesia/,Thu Aug 13 2026 14:48:13 GMT+0000 (Coordinated Universal Time),23,LENAMIU X LEGACY,lenamiu x legacy,,,,,,
2026-08-14T04:31:24.749832+00:00,20260814-043124,https://trends24.in/indonesia/,Thu Aug 13 2026 14:48:13 GMT+0000 (Coordinated Universal Time),24,Xdiz,xdiz,,,,,,
2026-08-14T04:31:24.749832+00:00,20260814-043124,https://trends24.in/indonesia/,Thu Aug 13 2026 14:48:13 GMT+0000 (Coordinated Universal Time),25,DAY6,day6,,,,,,
2026-08-14T04:31:24.749832+00:00,20260814-043124,https://trends24.in/indonesia/,Thu Aug 13 2026 14:48:13 GMT+0000 (Coordinated Universal Time),26,Evan,evan,,,,,,
2026-08-14T04:31:24.749832+00:00,20260814-043124,https://trends24.in/indonesia/,Thu Aug 13 2026 14:48:13 GMT+0000 (Coordinated Universal Time),27,Enzo,enzo,,,,,,
2026-08-14T04:31:24.749832+00:00,20260814-043124,https://trends24.in/indonesia/,Thu Aug 13 2026 14:48:13 GMT+0000 (Coordinated Universal Time),28,Pancasila,pancasila,,,,,,
2026-08-14T04:31:24.749832+00:00,20260814-043124,https://trends24.in/indonesia/,Thu Aug 13 2026 14:48:13 GMT+0000 (Coordinated Universal Time),29,chris brown,chris brown,,,,,,
2026-08-14T04:31:24.749832+00:00,20260814-043124,https://trends24.in/indonesia/,Thu Aug 13 2026 14:48:13 GMT+0000 (Coordinated Universal Time),30,Positif,positif,,,,,,
2026-08-14T04:31:24.749832+00:00,20260814-043124,https://trends24.in/indonesia/,Thu Aug 13 2026 14:48:13 GMT+0000 (Coordinated Universal Time),31,#StickWithHue,stickwithhue,,,,,,
2026-08-14T04:31:24.749832+00:00,20260814-043124,https://trends24.in/indonesia/,Thu Aug 13 2026 14:48:13 GMT+0000 (Coordinated Universal Time),32,#STAYAWAKEEP4,stayawakeep4,,,,,,
2026-08-14T04:31:24.749832+00:00,20260814-043124,https://trends24.in/indonesia/,Thu Aug 13 2026 14:48:13 GMT+0000 (Coordinated Universal Time),33,#EmasSeribuanGoPay,emasseribuangopay,,,,,,
2026-08-14T04:31:24.749832+00:00,20260814-043124,https://trends24.in/indonesia/,Thu Aug 13 2026 14:48:13 GMT+0000 (Coordinated Universal Time),34,#à¸à¸­à¹à¸à¹à¸¥à¹à¸²à¸¡à¸à¸µà¸£à¹EP5,à¸à¸­à¹à¸à¹à¸¥à¹à¸²à¸¡à¸à¸µà¸£à¹ep5,,,,,,
2026-08-14T04:31:24.749832+00:00,20260814-043124,https://trends24.in/indonesia/,Thu Aug 13 2026 14:48:13 GMT+0000 (Coordinated Universal Time),35,#gehennart,gehennart,,,,,,
2026-08-14T04:31:24.749832+00:00,20260814-043124,https://trends24.in/indonesia/,Thu Aug 13 2026 14:48:13 GMT+0000 (Coordinated Universal Time),36,#ããã­ã897,ããã­ã897,,,,,,
2026-08-14T04:31:24.749832+00:00,20260814-043124,https://trends24.in/indonesia/,Thu Aug 13 2026 14:48:13 GMT+0000 (Coordinated Universal Time),37,#ã¸ã§ãã³ã®ãããã¡ããã­ãã¡ããã©ã¸ãª,ã¸ã§ãã³ã®ãããã¡ããã­ãã¡ããã©ã¸ãª,,,,,,
2026-08-14T04:31:24.749832+00:00,20260814-043124,https://trends24.in/indonesia/,Thu Aug 13 2026 14:48:13 GMT+0000 (Coordinated Universal Time),38,#OrmXLegacyOfThaiTextiles,ormxlegacyofthaitextiles,,,,,,
2026-08-14T04:31:24.749832+00:00,20260814-043124,https://trends24.in/indonesia/,Thu Aug 13 2026 14:48:13 GMT+0000 (Coordinated Universal Time),39,#PajamaDriveJKT48,pajamadrivejkt48,,,,,,
2026-08-14T04:31:24.749832+00:00,20260814-043124,https://trends24.in/indonesia/,Thu Aug 13 2026 14:48:13 GMT+0000 (Coordinated Universal Time),40,#teammoth,teammoth,,,,,,
2026-08-14T04:31:24.749832+00:00,20260814-043124,https://trends24.in/indonesia/,Thu Aug 13 2026 14:48:13 GMT+0000 (Coordinated Universal Time),41,#WilliamEst,williamest,,,,,,
2026-08-14T04:31:24.749832+00:00,20260814-043124,https://trends24.in/indonesia/,Thu Aug 13 2026 14:48:13 GMT+0000 (Coordinated Universal Time),42,#teamdean,teamdean,,,,,,
2026-08-14T04:31:24.749832+00:00,20260814-043124,https://trends24.in/indonesia/,Thu Aug 13 2026 14:48:13 GMT+0000 (Coordinated Universal Time),43,#phuwintang,phuwintang,,,,,,
2026-08-14T04:31:24.749832+00:00,20260814-043124,https://trends24.in/indonesia/,Thu Aug 13 2026 14:48:13 GMT+0000 (Coordinated Universal Time),44,#ChasingDreamsAt14,chasingdreamsat14,,,,,,
2026-08-14T04:31:24.749832+00:00,20260814-043124,https://trends24.in/indonesia/,Thu Aug 13 2026 14:48:13 GMT+0000 (Coordinated Universal Time),45,#StrayKids46thwin,straykids46thwin,,,,,,
2026-08-14T04:31:24.749832+00:00,20260814-043124,https://trends24.in/indonesia/,Thu Aug 13 2026 14:48:13 GMT+0000 (Coordinated Universal Time),46,#LegacyFashionXLenaMiu,legacyfashionxlenamiu,,,,,,
2026-08-14T04:31:24.749832+00:00,20260814-043124,https://trends24.in/indonesia/,Thu Aug 13 2026 14:48:13 GMT+0000 (Coordinated Universal Time),47,#DittipidNarkoba,dittipidnarkoba,,,,,,
2026-08-14T04:31:24.749832+00:00,20260814-043124,https://trends24.in/indonesia/,Thu Aug 13 2026 14:48:13 GMT+0000 (Coordinated Universal Time),48,#LawanNarkoba,lawannarkoba,,,,,,
2026-08-14T04:31:24.749832+00:00,20260814-043124,https://trends24.in/indonesia/,Thu Aug 13 2026 14:48:13 GMT+0000 (Coordinated Universal Time),49,#BareskrimPolri,bareskrimpolri,,,,,,
2026-08-14T04:31:24.749832+00:00,20260814-043124,https://trends24.in/indonesia/,Thu Aug 13 2026 14:48:13 GMT+0000 (Coordinated Universal Time),50,#VoteforNAJAEMIN,votefornajaemin,,,,,,
2026-08-14T04:31:24.749832+00:00,20260814-043124,https://trends24.in/indonesia/,Thu Aug 13 2026 13:57:06 GMT+0000 (Coordinated Universal Time),1,GoPay Investasi Emas,gopay investasi emas,,,,,,
2026-08-14T04:31:24.749832+00:00,20260814-043124,https://trends24.in/indonesia/,Thu Aug 13 2026 13:57:06 GMT+0000 (Coordinated Universal Time),2,#BlackCardPHUWINmv,blackcardphuwinmv,,,,,,
2026-08-14T04:31:24.749832+00:00,20260814-043124,https://trends24.in/indonesia/,Thu Aug 13 2026 13:57:06 GMT+0000 (Coordinated Universal Time),3,PHUWIN BLACK CARD MV,phuwin black card mv,,,,,,
2026-08-14T04:31:24.749832+00:00,20260814-043124,https://trends24.in/indonesia/,Thu Aug 13 2026 13:57:06 GMT+0000 (Coordinated Universal Time),4,#YouManiacSeries,youmaniacseries,,,,,,
2026-08-14T04:31:24.749832+00:00,20260814-043124,https://trends24.in/indonesia/,Thu Aug 13 2026 13:57:06 GMT+0000 (Coordinated Universal Time),5,#TerikatJanjiEp130,terikatjanjiep130,,,,,,
2026-08-14T04:31:24.749832+00:00,20260814-043124,https://trends24.in/indonesia/,Thu Aug 13 2026 13:57:06 GMT+0000 (Coordinated Universal Time),6,#EmasSeribuanGoPay,emasseribuangopay,,,,,,
2026-08-14T04:31:24.749832+00:00,20260814-043124,https://trends24.in/indonesia/,Thu Aug 13 2026 13:57:06 GMT+0000 (Coordinated Universal Time),7,Gunil,gunil,,,,,,
2026-08-14T04:31:24.749832+00:00,20260814-043124,https://trends24.in/indonesia/,Thu Aug 13 2026 13:57:06 GMT+0000 (Coordinated Universal Time),8,#STAYAWAKEEP4,stayawakeep4,,,,,,
2026-08-14T04:31:24.749832+00:00,20260814-043124,https://trends24.in/indonesia/,Thu Aug 13 2026 13:57:06 GMT+0000 (Coordinated Universal Time),9,ORM SWU LEGACY FASHION,orm swu legacy fashion,,,,,,
2026-08-14T04:31:24.749832+00:00,20260814-043124,https://trends24.in/indonesia/,Thu Aug 13 2026 13:57:06 GMT+0000 (Coordinated Universal Time),10,ON AIR WITH DJ JAEMIN,on air with dj jaemin,,,,,,
2026-08-14T04:31:24.749832+00:00,20260814-043124,https://trends24.in/indonesia/,Thu Aug 13 2026 13:57:06 GMT+0000 (Coordinated Universal Time),11,Xdinary Heroes,xdinary heroes,,,,,,
2026-08-14T04:31:24.749832+00:00,20260814-043124,https://trends24.in/indonesia/,Thu Aug 13 2026 13:57:06 GMT+0000 (Coordinated Universal Time),12,mingyu,mingyu,,,,,,
2026-08-14T04:31:24.749832+00:00,20260814-043124,https://trends24.in/indonesia/,Thu Aug 13 2026 13:57:06 GMT+0000 (Coordinated Universal Time),13,Justin Bieber,justin bieber,,,,,,
2026-08-14T04:31:24.749832+00:00,20260814-043124,https://trends24.in/indonesia/,Thu Aug 13 2026 13:57:06 GMT+0000 (Coordinated Universal Time),14,Fast Trade,fast trade,,,,,,
2026-08-14T04:31:24.749832+00:00,20260814-043124,https://trends24.in/indonesia/,Thu Aug 13 2026 13:57:06 GMT+0000 (Coordinated Universal Time),15,Dior,dior,,,,,,
2026-08-14T04:31:24.749832+00:00,20260814-043124,https://trends24.in/indonesia/,Thu Aug 13 2026 13:57:06 GMT+0000 (Coordinated Universal Time),16,LENAMIU X LEGACY,lenamiu x legacy,,,,,,
2026-08-14T04:31:24.749832+00:00,20260814-043124,https://trends24.in/indonesia/,Thu Aug 13 2026 13:57:06 GMT+0000 (Coordinated Universal Time),17,Affan,affan,,,,,,
2026-08-14T04:31:24.749832+00:00,20260814-043124,https://trends24.in/indonesia/,Thu Aug 13 2026 13:57:06 GMT+0000 (Coordinated Universal Time),18,jype,jype,,,,,,
2026-08-14T04:31:24.749832+00:00,20260814-043124,https://trends24.in/indonesia/,Thu Aug 13 2026 13:57:06 GMT+0000 (Coordinated Universal Time),19,Evan,evan,,,,,,
2026-08-14T04:31:24.749832+00:00,20260814-043124,https://trends24.in/indonesia/,Thu Aug 13 2026 13:57:06 GMT+0000 (Coordinated Universal Time),20,DAY6,day6,,,,,,
2026-08-14T04:31:24.749832+00:00,20260814-043124,https://trends24.in/indonesia/,Thu Aug 13 2026 13:57:06 GMT+0000 (Coordinated Universal Time),21,Dompet,dompet,,,,,,
2026-08-14T04:31:24.749832+00:00,20260814-043124,https://trends24.in/indonesia/,Thu Aug 13 2026 13:57:06 GMT+0000 (Coordinated Universal Time),22,Xdiz,xdiz,,,,,,
2026-08-14T04:31:24.749832+00:00,20260814-043124,https://trends24.in/indonesia/,Thu Aug 13 2026 13:57:06 GMT+0000 (Coordinated Universal Time),23,chris brown,chris brown,,,,,,
2026-08-14T04:31:24.749832+00:00,20260814-043124,https://trends24.in/indonesia/,Thu Aug 13 2026 13:57:06 GMT+0000 (Coordinated Universal Time),24,Enzo,enzo,,,,,,
2026-08-14T04:31:24.749832+00:00,20260814-043124,https://trends24.in/indonesia/,Thu Aug 13 2026 13:57:06 GMT+0000 (Coordinated Universal Time),25,Pancasila,pancasila,,,,,,
2026-08-14T04:31:24.749832+00:00,20260814-043124,https://trends24.in/indonesia/,Thu Aug 13 2026 13:57:06 GMT+0000 (Coordinated Universal Time),26,Positif,positif,,,,,,
2026-08-14T04:31:24.749832+00:00,20260814-043124,https://trends24.in/indonesia/,Thu Aug 13 2026 13:57:06 GMT+0000 (Coordinated Universal Time),27,#OrmXLegacyOfThaiTextiles,ormxlegacyofthaitextiles,,,,,,
2026-08-14T04:31:24.749832+00:00,20260814-043124,https://trends24.in/indonesia/,Thu Aug 13 2026 13:57:06 GMT+0000 (Coordinated Universal Time),28,#PajamaDriveJKT48,pajamadrivejkt48,,,,,,
2026-08-14T04:31:24.749832+00:00,20260814-043124,https://trends24.in/indonesia/,Thu Aug 13 2026 13:57:06 GMT+0000 (Coordinated Universal Time),29,#ããã­ã897,ããã­ã897,,,,,,
2026-08-14T04:31:24.749832+00:00,20260814-043124,https://trends24.in/indonesia/,Thu Aug 13 2026 13:57:06 GMT+0000 (Coordinated Universal Time),30,#ã¸ã§ãã³ã®ãããã¡ããã­ãã¡ããã©ã¸ãª,ã¸ã§ãã³ã®ãããã¡ããã­ãã¡ããã©ã¸ãª,,,,,,
2026-08-14T04:31:24.749832+00:00,20260814-043124,https://trends24.in/indonesia/,Thu Aug 13 2026 13:57:06 GMT+0000 (Coordinated Universal Time),31,#WilliamEst,williamest,,,,,,
2026-08-14T04:31:24.749832+00:00,20260814-043124,https://trends24.in/indonesia/,Thu Aug 13 2026 13:57:06 GMT+0000 (Coordinated Universal Time),32,#teamdean,teamdean,,,,,,
2026-08-14T04:31:24.749832+00:00,20260814-043124,https://trends24.in/indonesia/,Thu Aug 13 2026 13:57:06 GMT+0000 (Coordinated Universal Time),33,#phuwintang,phuwintang,,,,,,
2026-08-14T04:31:24.749832+00:00,20260814-043124,https://trends24.in/indonesia/,Thu Aug 13 2026 13:57:06 GMT+0000 (Coordinated Universal Time),34,#teammoth,teammoth,,,,,,
2026-08-14T04:31:24.749832+00:00,20260814-043124,https://trends24.in/indonesia/,Thu Aug 13 2026 13:57:06 GMT+0000 (Coordinated Universal Time),35,#LegacyFashionXLenaMiu,legacyfashionxlenamiu,,,,,,
2026-08-14T04:31:24.749832+00:00,20260814-043124,https://trends24.in/indonesia/,Thu Aug 13 2026 13:57:06 GMT+0000 (Coordinated Universal Time),36,#ajaibterminal,ajaibterminal,,,,,,
2026-08-14T04:31:24.749832+00:00,20260814-043124,https://trends24.in/indonesia/,Thu Aug 13 2026 13:57:06 GMT+0000 (Coordinated Universal Time),37,#StrayKids46thwin,straykids46thwin,,,,,,
2026-08-14T04:31:24.749832+00:00,20260814-043124,https://trends24.in/indonesia/,Thu Aug 13 2026 13:57:06 GMT+0000 (Coordinated Universal Time),38,#ChasingDreamsAt14,chasingdreamsat14,,,,,,
2026-08-14T04:31:24.749832+00:00,20260814-043124,https://trends24.in/indonesia/,Thu Aug 13 2026 13:57:06 GMT+0000 (Coordinated Universal Time),39,#GrowingWithFahira,growingwithfahira,,,,,,
2026-08-14T04:31:24.749832+00:00,20260814-043124,https://trends24.in/indonesia/,Thu Aug 13 2026 13:57:06 GMT+0000 (Coordinated Universal Time),40,#intinyadeh,intinyadeh,,,,,,
2026-08-14T04:31:24.749832+00:00,20260814-043124,https://trends24.in/indonesia/,Thu Aug 13 2026 13:57:06 GMT+0000 (Coordinated Universal Time),41,#filmracha,filmracha,,,,,,
2026-08-14T04:31:24.749832+00:00,20260814-043124,https://trends24.in/indonesia/,Thu Aug 13 2026 13:57:06 GMT+0000 (Coordinated Universal Time),42,#à¸¥à¸µà¸à¹à¸²à¸«à¸¡à¸´à¸§,à¸¥à¸µà¸à¹à¸²à¸«à¸¡à¸´à¸§,,,,,,
2026-08-14T04:31:24.749832+00:00,20260814-043124,https://trends24.in/indonesia/,Thu Aug 13 2026 13:57:06 GMT+0000 (Coordinated Universal Time),43,#à¸§à¸´à¸¥à¹à¸¥à¸µà¹à¸¢à¸¡à¹à¸­à¸ª,à¸§à¸´à¸¥à¹à¸¥à¸µà¹à¸¢à¸¡à¹à¸­à¸ª,,,,,,
2026-08-14T04:31:24.749832+00:00,20260814-043124,https://trends24.in/indonesia/,Thu Aug 13 2026 13:57:06 GMT+0000 (Coordinated Universal Time),44,#ohming,ohming,,,,,,
2026-08-14T04:31:24.749832+00:00,20260814-043124,https://trends24.in/indonesia/,Thu Aug 13 2026 13:57:06 GMT+0000 (Coordinated Universal Time),45,#NALURIRERONCE,nalurireronce,,,,,,
2026-08-14T04:31:24.749832+00:00,20260814-043124,https://trends24.in/indonesia/,Thu Aug 13 2026 13:57:06 GMT+0000 (Coordinated Universal Time),46,#MAIRA15TORY,maira15tory,,,,,,
2026-08-14T04:31:24.749832+00:00,20260814-043124,https://trends24.in/indonesia/,Thu Aug 13 2026 13:57:06 GMT+0000 (Coordinated Universal Time),47,#TIFT2026,tift2026,,,,,,
2026-08-14T04:31:24.749832+00:00,20260814-043124,https://trends24.in/indonesia/,Thu Aug 13 2026 13:06:06 GMT+0000 (Coordinated Universal Time),1,GoPay Investasi Emas,gopay investasi emas,,,,,,
2026-08-14T04:31:24.749832+00:00,20260814-043124,https://trends24.in/indonesia/,Thu Aug 13 2026 13:06:06 GMT+0000 (Coordinated Universal Time),2,#BlackCardPHUWINmv,blackcardphuwinmv,,,,,,
2026-08-14T04:31:24.749832+00:00,20260814-043124,https://trends24.in/indonesia/,Thu Aug 13 2026 13:06:06 GMT+0000 (Coordinated Universal Time),3,#YouManiacSeries,youmaniacseries,,,,,,
2026-08-14T04:31:24.749832+00:00,20260814-043124,https://trends24.in/indonesia/,Thu Aug 13 2026 13:06:06 GMT+0000 (Coordinated Universal Time),4,PHUWIN BLACK CARD MV,phuwin black card mv,,,,,,
2026-08-14T04:31:24.749832+00:00,20260814-043124,https://trends24.in/indonesia/,Thu Aug 13 2026 13:06:06 GMT+0000 (Coordinated Universal Time),5,#EmasSeribuanGoPay,emasseribuangopay,,,,,,
2026-08-14T04:31:24.749832+00:00,20260814-043124,https://trends24.in/indonesia/,Thu Aug 13 2026 13:06:06 GMT+0000 (Coordinated Universal Time),6,#STAYAWAKEEP4,stayawakeep4,,,,,,
2026-08-14T04:31:24.749832+00:00,20260814-043124,https://trends24.in/indonesia/,Thu Aug 13 2026 13:06:06 GMT+0000 (Coordinated Universal Time),7,#TerikatJanjiEp130,terikatjanjiep130,,,,,,
2026-08-14T04:31:24.749832+00:00,20260814-043124,https://trends24.in/indonesia/,Thu Aug 13 2026 13:06:06 GMT+0000 (Coordinated Universal Time),8,ON AIR WITH DJ JAEMIN,on air with dj jaemin,,,,,,
2026-08-14T04:31:24.749832+00:00,20260814-043124,https://trends24.in/indonesia/,Thu Aug 13 2026 13:06:06 GMT+0000 (Coordinated Universal Time),9,Mingyu,mingyu,,,,,,
2026-08-14T04:31:24.749832+00:00,20260814-043124,https://trends24.in/indonesia/,Thu Aug 13 2026 13:06:06 GMT+0000 (Coordinated Universal Time),10,ORM SWU LEGACY FASHION,orm swu legacy fashion,,,,,,
2026-08-14T04:31:24.749832+00:00,20260814-043124,https://trends24.in/indonesia/,Thu Aug 13 2026 13:06:06 GMT+0000 (Coordinated Universal Time),11,Gunil,gunil,,,,,,
2026-08-14T04:31:24.749832+00:00,20260814-043124,https://trends24.in/indonesia/,Thu Aug 13 2026 13:06:06 GMT+0000 (Coordinated Universal Time),12,Affan,affan,,,,,,
2026-08-14T04:31:24.749832+00:00,20260814-043124,https://trends24.in/indonesia/,Thu Aug 13 2026 13:06:06 GMT+0000 (Coordinated Universal Time),13,Fast Trade,fast trade,,,,,,
2026-08-14T04:31:24.749832+00:00,20260814-043124,https://trends24.in/indonesia/,Thu Aug 13 2026 13:06:06 GMT+0000 (Coordinated Universal Time),14,papdesi,papdesi,,,,,,
2026-08-14T04:31:24.749832+00:00,20260814-043124,https://trends24.in/indonesia/,Thu Aug 13 2026 13:06:06 GMT+0000 (Coordinated Universal Time),15,LENAMIU X LEGACY,lenamiu x legacy,,,,,,
2026-08-14T04:31:24.749832+00:00,20260814-043124,https://trends24.in/indonesia/,Thu Aug 13 2026 13:06:06 GMT+0000 (Coordinated Universal Time),16,Evan,evan,,,,,,
2026-08-14T04:31:24.749832+00:00,20260814-043124,https://trends24.in/indonesia/,Thu Aug 13 2026 13:06:06 GMT+0000 (Coordinated Universal Time),17,Dior,dior,,,,,,
2026-08-14T04:31:24.749832+00:00,20260814-043124,https://trends24.in/indonesia/,Thu Aug 13 2026 13:06:06 GMT+0000 (Coordinated Universal Time),18,Xdinary Heroes,xdinary heroes,,,,,,
2026-08-14T04:31:24.749832+00:00,20260814-043124,https://trends24.in/indonesia/,Thu Aug 13 2026 13:06:06 GMT+0000 (Coordinated Universal Time),19,Dompet,dompet,,,,,,
2026-08-14T04:31:24.749832+00:00,20260814-043124,https://trends24.in/indonesia/,Thu Aug 13 2026 13:06:06 GMT+0000 (Coordinated Universal Time),20,chris brown,chris brown,,,,,,
2026-08-14T04:31:24.749832+00:00,20260814-043124,https://trends24.in/indonesia/,Thu Aug 13 2026 13:06:06 GMT+0000 (Coordinated Universal Time),21,Kampung Bahari,kampung bahari,,,,,,
2026-08-14T04:31:24.749832+00:00,20260814-043124,https://trends24.in/indonesia/,Thu Aug 13 2026 13:06:06 GMT+0000 (Coordinated Universal Time),22,Xdiz,xdiz,,,,,,
2026-08-14T04:31:24.749832+00:00,20260814-043124,https://trends24.in/indonesia/,Thu Aug 13 2026 13:06:06 GMT+0000 (Coordinated Universal Time),23,Madiun,madiun,,,,,,
2026-08-14T04:31:24.749832+00:00,20260814-043124,https://trends24.in/indonesia/,Thu Aug 13 2026 13:06:06 GMT+0000 (Coordinated Universal Time),24,Pancasila,pancasila,,,,,,
2026-08-14T04:31:24.749832+00:00,20260814-043124,https://trends24.in/indonesia/,Thu Aug 13 2026 13:06:06 GMT+0000 (Coordinated Universal Time),25,jype,jype,,,,,,
2026-08-14T04:31:24.749832+00:00,20260814-043124,https://trends24.in/indonesia/,Thu Aug 13 2026 13:06:06 GMT+0000 (Coordinated Universal Time),26,Stella,stella,,,,,,
2026-08-14T04:31:24.749832+00:00,20260814-043124,https://trends24.in/indonesia/,Thu Aug 13 2026 13:06:06 GMT+0000 (Coordinated Universal Time),27,Jakarta Utara,jakarta utara,,,,,,
2026-08-14T04:31:24.749832+00:00,20260814-043124,https://trends24.in/indonesia/,Thu Aug 13 2026 13:06:06 GMT+0000 (Coordinated Universal Time),28,#WilliamEst,williamest,,,,,,
2026-08-14T04:31:24.749832+00:00,20260814-043124,https://trends24.in/indonesia/,Thu Aug 13 2026 13:06:06 GMT+0000 (Coordinated Universal Time),29,#ããã­ã897,ããã­ã897,,,,,,
2026-08-14T04:31:24.749832+00:00,20260814-043124,https://trends24.in/indonesia/,Thu Aug 13 2026 13:06:06 GMT+0000 (Coordinated Universal Time),30,#ã¸ã§ãã³ã®ãããã¡ããã­ãã¡ããã©ã¸ãª,ã¸ã§ãã³ã®ãããã¡ããã­ãã¡ããã©ã¸ãª,,,,,,
2026-08-14T04:31:24.749832+00:00,20260814-043124,https://trends24.in/indonesia/,Thu Aug 13 2026 13:06:06 GMT+0000 (Coordinated Universal Time),31,#OrmXLegacyOfThaiTextiles,ormxlegacyofthaitextiles,,,,,,
2026-08-14T04:31:24.749832+00:00,20260814-043124,https://trends24.in/indonesia/,Thu Aug 13 2026 13:06:06 GMT+0000 (Coordinated Universal Time),32,#PajamaDriveJKT48,pajamadrivejkt48,,,,,,
2026-08-14T04:31:24.749832+00:00,20260814-043124,https://trends24.in/indonesia/,Thu Aug 13 2026 13:06:06 GMT+0000 (Coordinated Universal Time),33,#teammoth,teammoth,,,,,,
2026-08-14T04:31:24.749832+00:00,20260814-043124,https://trends24.in/indonesia/,Thu Aug 13 2026 13:06:06 GMT+0000 (Coordinated Universal Time),34,#teamdean,teamdean,,,,,,
2026-08-14T04:31:24.749832+00:00,20260814-043124,https://trends24.in/indonesia/,Thu Aug 13 2026 13:06:06 GMT+0000 (Coordinated Universal Time),35,#StrayKids46thwin,straykids46thwin,,,,,,
2026-08-14T04:31:24.749832+00:00,20260814-043124,https://trends24.in/indonesia/,Thu Aug 13 2026 13:06:06 GMT+0000 (Coordinated Universal Time),36,#phuwintang,phuwintang,,,,,,
2026-08-14T04:31:24.749832+00:00,20260814-043124,https://trends24.in/indonesia/,Thu Aug 13 2026 13:06:06 GMT+0000 (Coordinated Universal Time),37,#AjaibTerminal,ajaibterminal,,,,,,
2026-08-14T04:31:24.749832+00:00,20260814-043124,https://trends24.in/indonesia/,Thu Aug 13 2026 13:06:06 GMT+0000 (Coordinated Universal Time),38,#LegacyFashionXLenaMiu,legacyfashionxlenamiu,,,,,,
2026-08-14T04:31:24.749832+00:00,20260814-043124,https://trends24.in/indonesia/,Thu Aug 13 2026 13:06:06 GMT+0000 (Coordinated Universal Time),39,#ì¬ëì¼ë¡_ê°ëì°¬_ì¬ë¯¼ì´ì_ì¤ë¬¼ì¬ì¯,ì¬ëì¼ë¡_ê°ëì°¬_ì¬ë¯¼ì´ì_ì¤ë¬¼ì¬ì¯,,,,,,
2026-08-14T04:31:24.749832+00:00,20260814-043124,https://trends24.in/indonesia/,Thu Aug 13 2026 13:06:06 GMT+0000 (Coordinated Universal Time),40,#GrowingWithFahira,growingwithfahira,,,,,,
2026-08-14T04:31:24.749832+00:00,20260814-043124,https://trends24.in/indonesia/,Thu Aug 13 2026 13:06:06 GMT+0000 (Coordinated Universal Time),41,#ChasingDreamsAt14,chasingdreamsat14,,,,,,
2026-08-14T04:31:24.749832+00:00,20260814-043124,https://trends24.in/indonesia/,Thu Aug 13 2026 13:06:06 GMT+0000 (Coordinated Universal Time),42,#à¸§à¸´à¸¥à¹à¸¥à¸µà¹à¸¢à¸¡à¹à¸­à¸ª,à¸§à¸´à¸¥à¹à¸¥à¸µà¹à¸¢à¸¡à¹à¸­à¸ª,,,,,,
2026-08-14T04:31:24.749832+00:00,20260814-043124,https://trends24.in/indonesia/,Thu Aug 13 2026 13:06:06 GMT+0000 (Coordinated Universal Time),43,#SKIIxMINA,skiixmina,,,,,,
2026-08-14T04:31:24.749832+00:00,20260814-043124,https://trends24.in/indonesia/,Thu Aug 13 2026 13:06:06 GMT+0000 (Coordinated Universal Time),44,#ohming,ohming,,,,,,
2026-08-14T04:31:24.749832+00:00,20260814-043124,https://trends24.in/indonesia/,Thu Aug 13 2026 13:06:06 GMT+0000 (Coordinated Universal Time),45,#filmracha,filmracha,,,,,,
2026-08-14T04:31:24.749832+00:00,20260814-043124,https://trends24.in/indonesia/,Thu Aug 13 2026 13:06:06 GMT+0000 (Coordinated Universal Time),46,#à¸¥à¸µà¸à¹à¸²à¸«à¸¡à¸´à¸§,à¸¥à¸µà¸à¹à¸²à¸«à¸¡à¸´à¸§,,,,,,
2026-08-14T04:31:24.749832+00:00,20260814-043124,https://trends24.in/indonesia/,Thu Aug 13 2026 13:06:06 GMT+0000 (Coordinated Universal Time),47,#ProvokatorBulanAgustus,provokatorbulanagustus,,,,,,
2026-08-14T04:31:24.749832+00:00,20260814-043124,https://trends24.in/indonesia/,Thu Aug 13 2026 13:06:06 GMT+0000 (Coordinated Universal Time),48,#OUROADtoHYROX_DDAY,ouroadtohyrox_dday,,,,,,
2026-08-14T04:31:24.749832+00:00,20260814-043124,https://trends24.in/indonesia/,Thu Aug 13 2026 13:06:06 GMT+0000 (Coordinated Universal Time),49,#NALURIRERONCE,nalurireronce,,,,,,
2026-08-14T04:31:24.749832+00:00,20260814-043124,https://trends24.in/indonesia/,Thu Aug 13 2026 13:06:06 GMT+0000 (Coordinated Universal Time),50,#MAIRA15TORY,maira15tory,,,,,,
2026-08-14T04:31:24.749832+00:00,20260814-043124,https://trends24.in/indonesia/,Thu Aug 13 2026 12:15:07 GMT+0000 (Coordinated Universal Time),1,GoPay Investasi Emas,gopay investasi emas,,,,,,
2026-08-14T04:31:24.749832+00:00,20260814-043124,https://trends24.in/indonesia/,Thu Aug 13 2026 12:15:07 GMT+0000 (Coordinated Universal Time),2,#YouManiacSeries,youmaniacseries,,,,,,
2026-08-14T04:31:24.749832+00:00,20260814-043124,https://trends24.in/indonesia/,Thu Aug 13 2026 12:15:07 GMT+0000 (Coordinated Universal Time),3,#BlackCardPHUWINmv,blackcardphuwinmv,,,,,,
2026-08-14T04:31:24.749832+00:00,20260814-043124,https://trends24.in/indonesia/,Thu Aug 13 2026 12:15:07 GMT+0000 (Coordinated Universal Time),4,PHUWIN BLACK CARD MV,phuwin black card mv,,,,,,
2026-08-14T04:31:24.749832+00:00,20260814-043124,https://trends24.in/indonesia/,Thu Aug 13 2026 12:15:07 GMT+0000 (Coordinated Universal Time),5,#WilliamEst,williamest,,,,,,
2026-08-14T04:31:24.749832+00:00,20260814-043124,https://trends24.in/indonesia/,Thu Aug 13 2026 12:15:07 GMT+0000 (Coordinated Universal Time),6,#STAYAWAKEEP4,stayawakeep4,,,,,,
2026-08-14T04:31:24.749832+00:00,20260814-043124,https://trends24.in/indonesia/,Thu Aug 13 2026 12:15:07 GMT+0000 (Coordinated Universal Time),7,ORM SWU LEGACY FASHION,orm swu legacy fashion,,,,,,
2026-08-14T04:31:24.749832+00:00,20260814-043124,https://trends24.in/indonesia/,Thu Aug 13 2026 12:15:07 GMT+0000 (Coordinated Universal Time),8,#LegacyFashionXLenaMiu,legacyfashionxlenamiu,,,,,,
2026-08-14T04:31:24.749832+00:00,20260814-043124,https://trends24.in/indonesia/,Thu Aug 13 2026 12:15:07 GMT+0000 (Coordinated Universal Time),9,Affan,affan,,,,,,
2026-08-14T04:31:24.749832+00:00,20260814-043124,https://trends24.in/indonesia/,Thu Aug 13 2026 12:15:07 GMT+0000 (Coordinated Universal Time),10,LENAMIU X LEGACY,lenamiu x legacy,,,,,,
2026-08-14T04:31:24.749832+00:00,20260814-043124,https://trends24.in/indonesia/,Thu Aug 13 2026 12:15:07 GMT+0000 (Coordinated Universal Time),11,mingyu,mingyu,,,,,,
2026-08-14T04:31:24.749832+00:00,20260814-043124,https://trends24.in/indonesia/,Thu Aug 13 2026 12:15:07 GMT+0000 (Coordinated Universal Time),12,PAPDESI,papdesi,,,,,,
2026-08-14T04:31:24.749832+00:00,20260814-043124,https://trends24.in/indonesia/,Thu Aug 13 2026 12:15:07 GMT+0000 (Coordinated Universal Time),13,EVAN,evan,,,,,,
2026-08-14T04:31:24.749832+00:00,20260814-043124,https://trends24.in/indonesia/,Thu Aug 13 2026 12:15:07 GMT+0000 (Coordinated Universal Time),14,Dior,dior,,,,,,
2026-08-14T04:31:24.749832+00:00,20260814-043124,https://trends24.in/indonesia/,Thu Aug 13 2026 12:15:07 GMT+0000 (Coordinated Universal Time),15,Gunil,gunil,,,,,,
2026-08-14T04:31:24.749832+00:00,20260814-043124,https://trends24.in/indonesia/,Thu Aug 13 2026 12:15:07 GMT+0000 (Coordinated Universal Time),16,chris brown,chris brown,,,,,,
2026-08-14T04:31:24.749832+00:00,20260814-043124,https://trends24.in/indonesia/,Thu Aug 13 2026 12:15:07 GMT+0000 (Coordinated Universal Time),17,Kampung Bahari,kampung bahari,,,,,,
2026-08-14T04:31:24.749832+00:00,20260814-043124,https://trends24.in/indonesia/,Thu Aug 13 2026 12:15:07 GMT+0000 (Coordinated Universal Time),18,Xdiz,xdiz,,,,,,
2026-08-14T04:31:24.749832+00:00,20260814-043124,https://trends24.in/indonesia/,Thu Aug 13 2026 12:15:07 GMT+0000 (Coordinated Universal Time),19,Sidang Tahunan MPR RI,sidang tahunan mpr ri,,,,,,
2026-08-14T04:31:24.749832+00:00,20260814-043124,https://trends24.in/indonesia/,Thu Aug 13 2026 12:15:07 GMT+0000 (Coordinated Universal Time),20,Madiun,madiun,,,,,,
2026-08-14T04:31:24.749832+00:00,20260814-043124,https://trends24.in/indonesia/,Thu Aug 13 2026 12:15:07 GMT+0000 (Coordinated Universal Time),21,DAOUOFFROAD HYROX DDAY,daouoffroad hyrox dday,,,,,,
2026-08-14T04:31:24.749832+00:00,20260814-043124,https://trends24.in/indonesia/,Thu Aug 13 2026 12:15:07 GMT+0000 (Coordinated Universal Time),22,jype,jype,,,,,,
2026-08-14T04:31:24.749832+00:00,20260814-043124,https://trends24.in/indonesia/,Thu Aug 13 2026 12:15:07 GMT+0000 (Coordinated Universal Time),23,Pancasila,pancasila,,,,,,
2026-08-14T04:31:24.749832+00:00,20260814-043124,https://trends24.in/indonesia/,Thu Aug 13 2026 12:15:07 GMT+0000 (Coordinated Universal Time),24,Kamis,kamis,,,,,,
2026-08-14T04:31:24.749832+00:00,20260814-043124,https://trends24.in/indonesia/,Thu Aug 13 2026 12:15:07 GMT+0000 (Coordinated Universal Time),25,Stella,stella,,,,,,
2026-08-14T04:31:24.749832+00:00,20260814-043124,https://trends24.in/indonesia/,Thu Aug 13 2026 12:15:07 GMT+0000 (Coordinated Universal Time),26,Keadilan Terjaga,keadilan terjaga,,,,,,
2026-08-14T04:31:24.749832+00:00,20260814-043124,https://trends24.in/indonesia/,Thu Aug 13 2026 12:15:07 GMT+0000 (Coordinated Universal Time),27,Jakarta Utara,jakarta utara,,,,,,
2026-08-14T04:31:24.749832+00:00,20260814-043124,https://trends24.in/indonesia/,Thu Aug 13 2026 12:15:07 GMT+0000 (Coordinated Universal Time),28,#StrayKids46thwin,straykids46thwin,,,,,,
2026-08-14T04:31:24.749832+00:00,20260814-043124,https://trends24.in/indonesia/,Thu Aug 13 2026 12:15:07 GMT+0000 (Coordinated Universal Time),29,#OrmXLegacyOfThaiTextiles,ormxlegacyofthaitextiles,,,,,,
2026-08-14T04:31:24.749832+00:00,20260814-043124,https://trends24.in/indonesia/,Thu Aug 13 2026 12:15:07 GMT+0000 (Coordinated Universal Time),30,#teamdean,teamdean,,,,,,
2026-08-14T04:31:24.749832+00:00,20260814-043124,https://trends24.in/indonesia/,Thu Aug 13 2026 12:15:07 GMT+0000 (Coordinated Universal Time),31,#teammoth,teammoth,,,,,,
2026-08-14T04:31:24.749832+00:00,20260814-043124,https://trends24.in/indonesia/,Thu Aug 13 2026 12:15:07 GMT+0000 (Coordinated Universal Time),32,#ì¬ëì¼ë¡_ê°ëì°¬_ì¬ë¯¼ì´ì_ì¤ë¬¼ì¬ì¯,ì¬ëì¼ë¡_ê°ëì°¬_ì¬ë¯¼ì´ì_ì¤ë¬¼ì¬ì¯,,,,,,
2026-08-14T04:31:24.749832+00:00,20260814-043124,https://trends24.in/indonesia/,Thu Aug 13 2026 12:15:07 GMT+0000 (Coordinated Universal Time),33,#GEMMHOUSE,gemmhouse,,,,,,
2026-08-14T04:31:24.749832+00:00,20260814-043124,https://trends24.in/indonesia/,Thu Aug 13 2026 12:15:07 GMT+0000 (Coordinated Universal Time),34,#ohming,ohming,,,,,,
2026-08-14T04:31:24.749832+00:00,20260814-043124,https://trends24.in/indonesia/,Thu Aug 13 2026 12:15:07 GMT+0000 (Coordinated Universal Time),35,#à¸§à¸´à¸¥à¹à¸¥à¸µà¹à¸¢à¸¡à¹à¸­à¸ª,à¸§à¸´à¸¥à¹à¸¥à¸µà¹à¸¢à¸¡à¹à¸­à¸ª,,,,,,
2026-08-14T04:31:24.749832+00:00,20260814-043124,https://trends24.in/indonesia/,Thu Aug 13 2026 12:15:07 GMT+0000 (Coordinated Universal Time),36,#SKIIxMINA,skiixmina,,,,,,
2026-08-14T04:31:24.749832+00:00,20260814-043124,https://trends24.in/indonesia/,Thu Aug 13 2026 12:15:07 GMT+0000 (Coordinated Universal Time),37,#XDINARYHEROESIS6,xdinaryheroesis6,,,,,,
2026-08-14T04:31:24.749832+00:00,20260814-043124,https://trends24.in/indonesia/,Thu Aug 13 2026 12:15:07 GMT+0000 (Coordinated Universal Time),38,#BantuMelayaniIndonesia,bantumelayaniindonesia,,,,,,
2026-08-14T04:31:24.749832+00:00,20260814-043124,https://trends24.in/indonesia/,Thu Aug 13 2026 12:15:07 GMT+0000 (Coordinated Universal Time),39,#UMKM,umkm,,,,,,
2026-08-14T04:31:24.749832+00:00,20260814-043124,https://trends24.in/indonesia/,Thu Aug 13 2026 12:15:07 GMT+0000 (Coordinated Universal Time),40,#NALURIRERONCE,nalurireronce,,,,,,
2026-08-14T04:31:24.749832+00:00,20260814-043124,https://trends24.in/indonesia/,Thu Aug 13 2026 12:15:07 GMT+0000 (Coordinated Universal Time),41,#MAIRA15TORY,maira15tory,,,,,,
2026-08-14T04:31:24.749832+00:00,20260814-043124,https://trends24.in/indonesia/,Thu Aug 13 2026 12:15:07 GMT+0000 (Coordinated Universal Time),42,#GrowingWithFahira,growingwithfahira,,,,,,
2026-08-14T04:31:24.749832+00:00,20260814-043124,https://trends24.in/indonesia/,Thu Aug 13 2026 12:15:07 GMT+0000 (Coordinated Universal Time),43,#ChasingDreamsAt14,chasingdreamsat14,,,,,,
2026-08-14T04:31:24.749832+00:00,20260814-043124,https://trends24.in/indonesia/,Thu Aug 13 2026 12:15:07 GMT+0000 (Coordinated Universal Time),44,#ProvokatorBulanAgustus,provokatorbulanagustus,,,,,,
2026-08-14T04:31:24.749832+00:00,20260814-043124,https://trends24.in/indonesia/,Thu Aug 13 2026 12:15:07 GMT+0000 (Coordinated Universal Time),45,#OUROADtoHYROX_DDAY,ouroadtohyrox_dday,,,,,,
2026-08-14T04:31:24.749832+00:00,20260814-043124,https://trends24.in/indonesia/,Thu Aug 13 2026 12:15:07 GMT+0000 (Coordinated Universal Time),46,#KitaIndonesia,kitaindonesia,,,,,,
2026-08-14T04:31:24.749832+00:00,20260814-043124,https://trends24.in/indonesia/,Thu Aug 13 2026 12:15:07 GMT+0000 (Coordinated Universal Time),47,#HUT81RI,hut81ri,,,,,,
2026-08-14T04:31:24.749832+00:00,20260814-043124,https://trends24.in/indonesia/,Thu Aug 13 2026 12:15:07 GMT+0000 (Coordinated Universal Time),48,#zonajajanï¸ï¸,zonajajanï¸ï¸,,,,,,
2026-08-14T04:31:24.749832+00:00,20260814-043124,https://trends24.in/indonesia/,Thu Aug 13 2026 11:21:21 GMT+0000 (Coordinated Universal Time),1,$MOTION,$motion,,,,,,
2026-08-14T04:31:24.749832+00:00,20260814-043124,https://trends24.in/indonesia/,Thu Aug 13 2026 11:21:21 GMT+0000 (Coordinated Universal Time),2,#YouManiacSeries,youmaniacseries,,,,,,
2026-08-14T04:31:24.749832+00:00,20260814-043124,https://trends24.in/indonesia/,Thu Aug 13 2026 11:21:21 GMT+0000 (Coordinated Universal Time),3,#MakeAWishForJaemin,makeawishforjaemin,,,,,,
2026-08-14T04:31:24.749832+00:00,20260814-043124,https://trends24.in/indonesia/,Thu Aug 13 2026 11:21:21 GMT+0000 (Coordinated Universal Time),4,#ì¬ëì¼ë¡_ê°ëì°¬_ì¬ë¯¼ì´ì_ì¤ë¬¼ì¬ì¯,ì¬ëì¼ë¡_ê°ëì°¬_ì¬ë¯¼ì´ì_ì¤ë¬¼ì¬ì¯,,,,,,
2026-08-14T04:31:24.749832+00:00,20260814-043124,https://trends24.in/indonesia/,Thu Aug 13 2026 11:21:21 GMT+0000 (Coordinated Universal Time),5,#BantuMelayaniIndonesia,bantumelayaniindonesia,,,,,,
2026-08-14T04:31:24.749832+00:00,20260814-043124,https://trends24.in/indonesia/,Thu Aug 13 2026 11:21:21 GMT+0000 (Coordinated Universal Time),6,Pengabdian Pada Negeri,pengabdian pada negeri,,,,,,
2026-08-14T04:31:24.749832+00:00,20260814-043124,https://trends24.in/indonesia/,Thu Aug 13 2026 11:21:21 GMT+0000 (Coordinated Universal Time),7,#wargapilihdamai,wargapilihdamai,,,,,,
2026-08-14T04:31:24.749832+00:00,20260814-043124,https://trends24.in/indonesia/,Thu Aug 13 2026 11:21:21 GMT+0000 (Coordinated Universal Time),8,Perkuat Perkokoh NKRI,perkuat perkokoh nkri,,,,,,
2026-08-14T04:31:24.749832+00:00,20260814-043124,https://trends24.in/indonesia/,Thu Aug 13 2026 11:21:21 GMT+0000 (Coordinated Universal Time),9,Tolak Kerusuhan,tolak kerusuhan,,,,,,
2026-08-14T04:31:24.749832+00:00,20260814-043124,https://trends24.in/indonesia/,Thu Aug 13 2026 11:21:21 GMT+0000 (Coordinated Universal Time),10,EMIBONNIE UNDER THE FIRST MOON,emibonnie under the first moon,,,,,,
2026-08-14T04:31:24.749832+00:00,20260814-043124,https://trends24.in/indonesia/,Thu Aug 13 2026 11:21:21 GMT+0000 (Coordinated Universal Time),11,Robinhood Chain,robinhood chain,,,,,,
2026-08-14T04:31:24.749832+00:00,20260814-043124,https://trends24.in/indonesia/,Thu Aug 13 2026 11:21:21 GMT+0000 (Coordinated Universal Time),12,mencetak generasi unggul,mencetak generasi unggul,,,,,,
2026-08-14T04:31:24.749832+00:00,20260814-043124,https://trends24.in/indonesia/,Thu Aug 13 2026 11:21:21 GMT+0000 (Coordinated Universal Time),13,Gunil,gunil,,,,,,
2026-08-14T04:31:24.749832+00:00,20260814-043124,https://trends24.in/indonesia/,Thu Aug 13 2026 11:21:21 GMT+0000 (Coordinated Universal Time),14,TipFi,tipfi,,,,,,
2026-08-14T04:31:24.749832+00:00,20260814-043124,https://trends24.in/indonesia/,Thu Aug 13 2026 11:21:21 GMT+0000 (Coordinated Universal Time),15,Affan,affan,,,,,,
2026-08-14T04:31:24.749832+00:00,20260814-043124,https://trends24.in/indonesia/,Thu Aug 13 2026 11:21:21 GMT+0000 (Coordinated Universal Time),16,ORM SWU LEGACY FASHION,orm swu legacy fashion,,,,,,
2026-08-14T04:31:24.749832+00:00,20260814-043124,https://trends24.in/indonesia/,Thu Aug 13 2026 11:21:21 GMT+0000 (Coordinated Universal Time),17,Soccer,soccer,,,,,,
2026-08-14T04:31:24.749832+00:00,20260814-043124,https://trends24.in/indonesia/,Thu Aug 13 2026 11:21:21 GMT+0000 (Coordinated Universal Time),18,investasi berdampak,investasi berdampak,,,,,,
2026-08-14T04:31:24.749832+00:00,20260814-043124,https://trends24.in/indonesia/,Thu Aug 13 2026 11:21:21 GMT+0000 (Coordinated Universal Time),19,PAPDESI,papdesi,,,,,,
2026-08-14T04:31:24.749832+00:00,20260814-043124,https://trends24.in/indonesia/,Thu Aug 13 2026 11:21:21 GMT+0000 (Coordinated Universal Time),20,musical fountain,musical fountain,,,,,,
2026-08-14T04:31:24.749832+00:00,20260814-043124,https://trends24.in/indonesia/,Thu Aug 13 2026 11:21:21 GMT+0000 (Coordinated Universal Time),21,$STONKBROKER,$stonkbroker,,,,,,
2026-08-14T04:31:24.749832+00:00,20260814-043124,https://trends24.in/indonesia/,Thu Aug 13 2026 11:21:21 GMT+0000 (Coordinated Universal Time),22,$WISHBONE,$wishbone,,,,,,
2026-08-14T04:31:24.749832+00:00,20260814-043124,https://trends24.in/indonesia/,Thu Aug 13 2026 11:21:21 GMT+0000 (Coordinated Universal Time),23,PERFECT SCENT WITH EST,perfect scent with est,,,,,,
2026-08-14T04:31:24.749832+00:00,20260814-043124,https://trends24.in/indonesia/,Thu Aug 13 2026 11:21:21 GMT+0000 (Coordinated Universal Time),24,Plaza Senayan,plaza senayan,,,,,,
2026-08-14T04:31:24.749832+00:00,20260814-043124,https://trends24.in/indonesia/,Thu Aug 13 2026 11:21:21 GMT+0000 (Coordinated Universal Time),25,Dior,dior,,,,,,
2026-08-14T04:31:24.749832+00:00,20260814-043124,https://trends24.in/indonesia/,Thu Aug 13 2026 11:21:21 GMT+0000 (Coordinated Universal Time),26,Xavi,xavi,,,,,,
2026-08-14T04:31:24.749832+00:00,20260814-043124,https://trends24.in/indonesia/,Thu Aug 13 2026 11:21:21 GMT+0000 (Coordinated Universal Time),27,Desil 10,desil 10,,,,,,
2026-08-14T04:31:24.749832+00:00,20260814-043124,https://trends24.in/indonesia/,Thu Aug 13 2026 11:21:21 GMT+0000 (Coordinated Universal Time),28,$BRODIE,$brodie,,,,,,
2026-08-14T04:31:24.749832+00:00,20260814-043124,https://trends24.in/indonesia/,Thu Aug 13 2026 11:21:21 GMT+0000 (Coordinated Universal Time),29,13-16 ags,13-16 ags,,,,,,
2026-08-14T04:31:24.749832+00:00,20260814-043124,https://trends24.in/indonesia/,Thu Aug 13 2026 11:21:21 GMT+0000 (Coordinated Universal Time),30,Keadilan Terjaga,keadilan terjaga,,,,,,
2026-08-14T04:31:24.749832+00:00,20260814-043124,https://trends24.in/indonesia/,Thu Aug 13 2026 11:21:21 GMT+0000 (Coordinated Universal Time),31,OTSU EOS,otsu eos,,,,,,
2026-08-14T04:31:24.749832+00:00,20260814-043124,https://trends24.in/indonesia/,Thu Aug 13 2026 11:21:21 GMT+0000 (Coordinated Universal Time),32,AMY Presiden PKS,amy presiden pks,,,,,,
2026-08-14T04:31:24.749832+00:00,20260814-043124,https://trends24.in/indonesia/,Thu Aug 13 2026 11:21:21 GMT+0000 (Coordinated Universal Time),33,ICONIC HEART,iconic heart,,,,,,
2026-08-14T04:31:24.749832+00:00,20260814-043124,https://trends24.in/indonesia/,Thu Aug 13 2026 11:21:21 GMT+0000 (Coordinated Universal Time),34,mingyu,mingyu,,,,,,
2026-08-14T04:31:24.749832+00:00,20260814-043124,https://trends24.in/indonesia/,Thu Aug 13 2026 11:21:21 GMT+0000 (Coordinated Universal Time),35,chris brown,chris brown,,,,,,
2026-08-14T04:31:24.749832+00:00,20260814-043124,https://trends24.in/indonesia/,Thu Aug 13 2026 11:21:21 GMT+0000 (Coordinated Universal Time),36,Bola,bola,,,,,,
2026-08-14T04:31:24.749832+00:00,20260814-043124,https://trends24.in/indonesia/,Thu Aug 13 2026 11:21:21 GMT+0000 (Coordinated Universal Time),37,DAOUOFFROAD HYROX DDAY,daouoffroad hyrox dday,,,,,,
2026-08-14T04:31:24.749832+00:00,20260814-043124,https://trends24.in/indonesia/,Thu Aug 13 2026 11:21:21 GMT+0000 (Coordinated Universal Time),38,NacrÃ© Signature,nacrã© signature,,,,,,
2026-08-14T04:31:24.749832+00:00,20260814-043124,https://trends24.in/indonesia/,Thu Aug 13 2026 11:21:21 GMT+0000 (Coordinated Universal Time),39,Timnas Belanda,timnas belanda,,,,,,
2026-08-14T04:31:24.749832+00:00,20260814-043124,https://trends24.in/indonesia/,Thu Aug 13 2026 11:21:21 GMT+0000 (Coordinated Universal Time),40,IVE DESERVES BETTER,ive deserves better,,,,,,
2026-08-14T04:31:24.749832+00:00,20260814-043124,https://trends24.in/indonesia/,Thu Aug 13 2026 11:21:21 GMT+0000 (Coordinated Universal Time),41,Tipping Power,tipping power,,,,,,
2026-08-14T04:31:24.749832+00:00,20260814-043124,https://trends24.in/indonesia/,Thu Aug 13 2026 11:21:21 GMT+0000 (Coordinated Universal Time),42,Snezhnaya,snezhnaya,,,,,,
2026-08-14T04:31:24.749832+00:00,20260814-043124,https://trends24.in/indonesia/,Thu Aug 13 2026 11:21:21 GMT+0000 (Coordinated Universal Time),43,Kamis,kamis,,,,,,
2026-08-14T04:31:24.749832+00:00,20260814-043124,https://trends24.in/indonesia/,Thu Aug 13 2026 11:21:21 GMT+0000 (Coordinated Universal Time),44,SocialFi,socialfi,,,,,,
2026-08-14T04:31:24.749832+00:00,20260814-043124,https://trends24.in/indonesia/,Thu Aug 13 2026 11:21:21 GMT+0000 (Coordinated Universal Time),45,Every 30,every 30,,,,,,
2026-08-14T04:31:24.749832+00:00,20260814-043124,https://trends24.in/indonesia/,Thu Aug 13 2026 11:21:21 GMT+0000 (Coordinated Universal Time),46,Simvastatin,simvastatin,,,,,,
2026-08-14T04:31:24.749832+00:00,20260814-043124,https://trends24.in/indonesia/,Thu Aug 13 2026 11:21:21 GMT+0000 (Coordinated Universal Time),47,HAH NGAPAIN,hah ngapain,,,,,,
2026-08-14T04:31:24.749832+00:00,20260814-043124,https://trends24.in/indonesia/,Thu Aug 13 2026 11:21:21 GMT+0000 (Coordinated Universal Time),48,Kampung Bahari,kampung bahari,,,,,,
2026-08-14T04:31:24.749832+00:00,20260814-043124,https://trends24.in/indonesia/,Thu Aug 13 2026 11:21:21 GMT+0000 (Coordinated Universal Time),49,GEMINI LEGO HOUSE OF LOVE,gemini lego house of love,,,,,,
2026-08-14T04:31:24.749832+00:00,20260814-043124,https://trends24.in/indonesia/,Thu Aug 13 2026 11:21:21 GMT+0000 (Coordinated Universal Time),50,Jembatan Merah Putih Presisi,jembatan merah putih presisi,,,,,,
