captured_at_utc,run_id,source_url,hour_label,rank,name,name_norm,tweet_count_raw,tweet_count,best_position,total_tweets,trending_for_raw,trending_for_hours
2026-08-12T09:20:26.861026+00:00,20260812-092026,https://trends24.in/indonesia/,Wed Aug 12 2026 08:33:54 GMT+0000 (Coordinated Universal Time),1,$MOTION,$motion,,,,,,
2026-08-12T09:20:26.861026+00:00,20260812-092026,https://trends24.in/indonesia/,Wed Aug 12 2026 08:33:54 GMT+0000 (Coordinated Universal Time),2,Kepedulian Ringankan Beban,kepedulian ringankan beban,,,,,,
2026-08-12T09:20:26.861026+00:00,20260812-092026,https://trends24.in/indonesia/,Wed Aug 12 2026 08:33:54 GMT+0000 (Coordinated Universal Time),3,Warga Jaga Warga,warga jaga warga,,,,,,
2026-08-12T09:20:26.861026+00:00,20260812-092026,https://trends24.in/indonesia/,Wed Aug 12 2026 08:33:54 GMT+0000 (Coordinated Universal Time),4,#TheMallBangkapiXPond,themallbangkapixpond,,,,,,
2026-08-12T09:20:26.861026+00:00,20260812-092026,https://trends24.in/indonesia/,Wed Aug 12 2026 08:33:54 GMT+0000 (Coordinated Universal Time),5,#ProvokasiChaos,provokasichaos,,,,,,
2026-08-12T09:20:26.861026+00:00,20260812-092026,https://trends24.in/indonesia/,Wed Aug 12 2026 08:33:54 GMT+0000 (Coordinated Universal Time),6,$PONS,$pons,,,,,,
2026-08-12T09:20:26.861026+00:00,20260812-092026,https://trends24.in/indonesia/,Wed Aug 12 2026 08:33:54 GMT+0000 (Coordinated Universal Time),7,$WISHBONE,$wishbone,,,,,,
2026-08-12T09:20:26.861026+00:00,20260812-092026,https://trends24.in/indonesia/,Wed Aug 12 2026 08:33:54 GMT+0000 (Coordinated Universal Time),8,Tentara Nasional Indonesia,tentara nasional indonesia,,,,,,
2026-08-12T09:20:26.861026+00:00,20260812-092026,https://trends24.in/indonesia/,Wed Aug 12 2026 08:33:54 GMT+0000 (Coordinated Universal Time),9,#OKXWalletIDBW,okxwalletidbw,,,,,,
2026-08-12T09:20:26.861026+00:00,20260812-092026,https://trends24.in/indonesia/,Wed Aug 12 2026 08:33:54 GMT+0000 (Coordinated Universal Time),10,Tipping Power,tipping power,,,,,,
2026-08-12T09:20:26.861026+00:00,20260812-092026,https://trends24.in/indonesia/,Wed Aug 12 2026 08:33:54 GMT+0000 (Coordinated Universal Time),11,Robinhood Chain,robinhood chain,,,,,,
2026-08-12T09:20:26.861026+00:00,20260812-092026,https://trends24.in/indonesia/,Wed Aug 12 2026 08:33:54 GMT+0000 (Coordinated Universal Time),12,TipFi,tipfi,,,,,,
2026-08-12T09:20:26.861026+00:00,20260812-092026,https://trends24.in/indonesia/,Wed Aug 12 2026 08:33:54 GMT+0000 (Coordinated Universal Time),13,Rabu,rabu,,,,,,
2026-08-12T09:20:26.861026+00:00,20260812-092026,https://trends24.in/indonesia/,Wed Aug 12 2026 08:33:54 GMT+0000 (Coordinated Universal Time),14,Bromo,bromo,,,,,,
2026-08-12T09:20:26.861026+00:00,20260812-092026,https://trends24.in/indonesia/,Wed Aug 12 2026 08:33:54 GMT+0000 (Coordinated Universal Time),15,$STONKBROKER,$stonkbroker,,,,,,
2026-08-12T09:20:26.861026+00:00,20260812-092026,https://trends24.in/indonesia/,Wed Aug 12 2026 08:33:54 GMT+0000 (Coordinated Universal Time),16,Monash University,monash university,,,,,,
2026-08-12T09:20:26.861026+00:00,20260812-092026,https://trends24.in/indonesia/,Wed Aug 12 2026 08:33:54 GMT+0000 (Coordinated Universal Time),17,#KopdesSolusiDesa,kopdessolusidesa,,,,,,
2026-08-12T09:20:26.861026+00:00,20260812-092026,https://trends24.in/indonesia/,Wed Aug 12 2026 08:33:54 GMT+0000 (Coordinated Universal Time),18,#GalaxyWatchxGoogle,galaxywatchxgoogle,,,,,,
2026-08-12T09:20:26.861026+00:00,20260812-092026,https://trends24.in/indonesia/,Wed Aug 12 2026 08:33:54 GMT+0000 (Coordinated Universal Time),19,Alokasi,alokasi,,,,,,
2026-08-12T09:20:26.861026+00:00,20260812-092026,https://trends24.in/indonesia/,Wed Aug 12 2026 08:33:54 GMT+0000 (Coordinated Universal Time),20,Delay,delay,,,,,,
2026-08-12T09:20:26.861026+00:00,20260812-092026,https://trends24.in/indonesia/,Wed Aug 12 2026 08:33:54 GMT+0000 (Coordinated Universal Time),21,Dan Heng,dan heng,,,,,,
2026-08-12T09:20:26.861026+00:00,20260812-092026,https://trends24.in/indonesia/,Wed Aug 12 2026 08:33:54 GMT+0000 (Coordinated Universal Time),22,Odette,odette,,,,,,
2026-08-12T09:20:26.861026+00:00,20260812-092026,https://trends24.in/indonesia/,Wed Aug 12 2026 08:33:54 GMT+0000 (Coordinated Universal Time),23,ICONIC HEART,iconic heart,,,,,,
2026-08-12T09:20:26.861026+00:00,20260812-092026,https://trends24.in/indonesia/,Wed Aug 12 2026 08:33:54 GMT+0000 (Coordinated Universal Time),24,Every 30,every 30,,,,,,
2026-08-12T09:20:26.861026+00:00,20260812-092026,https://trends24.in/indonesia/,Wed Aug 12 2026 08:33:54 GMT+0000 (Coordinated Universal Time),25,taekook,taekook,,,,,,
2026-08-12T09:20:26.861026+00:00,20260812-092026,https://trends24.in/indonesia/,Wed Aug 12 2026 08:33:54 GMT+0000 (Coordinated Universal Time),26,Masih 0,masih 0,,,,,,
2026-08-12T09:20:26.861026+00:00,20260812-092026,https://trends24.in/indonesia/,Wed Aug 12 2026 08:33:54 GMT+0000 (Coordinated Universal Time),27,Snezhnaya,snezhnaya,,,,,,
2026-08-12T09:20:26.861026+00:00,20260812-092026,https://trends24.in/indonesia/,Wed Aug 12 2026 08:33:54 GMT+0000 (Coordinated Universal Time),28,81 RI,81 ri,,,,,,
2026-08-12T09:20:26.861026+00:00,20260812-092026,https://trends24.in/indonesia/,Wed Aug 12 2026 08:33:54 GMT+0000 (Coordinated Universal Time),29,jungkook,jungkook,,,,,,
2026-08-12T09:20:26.861026+00:00,20260812-092026,https://trends24.in/indonesia/,Wed Aug 12 2026 08:33:54 GMT+0000 (Coordinated Universal Time),30,Tip Credit,tip credit,,,,,,
2026-08-12T09:20:26.861026+00:00,20260812-092026,https://trends24.in/indonesia/,Wed Aug 12 2026 08:33:54 GMT+0000 (Coordinated Universal Time),31,Cristiano Ronaldo,cristiano ronaldo,,,,,,
2026-08-12T09:20:26.861026+00:00,20260812-092026,https://trends24.in/indonesia/,Wed Aug 12 2026 08:33:54 GMT+0000 (Coordinated Universal Time),32,Let's Go,let's go,,,,,,
2026-08-12T09:20:26.861026+00:00,20260812-092026,https://trends24.in/indonesia/,Wed Aug 12 2026 08:33:54 GMT+0000 (Coordinated Universal Time),33,Genshin,genshin,,,,,,
2026-08-12T09:20:26.861026+00:00,20260812-092026,https://trends24.in/indonesia/,Wed Aug 12 2026 08:33:54 GMT+0000 (Coordinated Universal Time),34,Gaskeun,gaskeun,,,,,,
2026-08-12T09:20:26.861026+00:00,20260812-092026,https://trends24.in/indonesia/,Wed Aug 12 2026 08:33:54 GMT+0000 (Coordinated Universal Time),35,Your X,your x,,,,,,
2026-08-12T09:20:26.861026+00:00,20260812-092026,https://trends24.in/indonesia/,Wed Aug 12 2026 08:33:54 GMT+0000 (Coordinated Universal Time),36,#SailingWithPatji19th,sailingwithpatji19th,,,,,,
2026-08-12T09:20:26.861026+00:00,20260812-092026,https://trends24.in/indonesia/,Wed Aug 12 2026 08:33:54 GMT+0000 (Coordinated Universal Time),37,#Airdrop,airdrop,,,,,,
2026-08-12T09:20:26.861026+00:00,20260812-092026,https://trends24.in/indonesia/,Wed Aug 12 2026 08:33:54 GMT+0000 (Coordinated Universal Time),38,#chira_patt,chira_patt,,,,,,
2026-08-12T09:20:26.861026+00:00,20260812-092026,https://trends24.in/indonesia/,Wed Aug 12 2026 08:33:54 GMT+0000 (Coordinated Universal Time),39,#PYPD_IN_IRVING,pypd_in_irving,,,,,,
2026-08-12T09:20:26.861026+00:00,20260812-092026,https://trends24.in/indonesia/,Wed Aug 12 2026 08:33:54 GMT+0000 (Coordinated Universal Time),40,#GalaxyWatch9,galaxywatch9,,,,,,
2026-08-12T09:20:26.861026+00:00,20260812-092026,https://trends24.in/indonesia/,Wed Aug 12 2026 08:33:54 GMT+0000 (Coordinated Universal Time),41,#RestandDotheRest,restanddotherest,,,,,,
2026-08-12T09:20:26.861026+00:00,20260812-092026,https://trends24.in/indonesia/,Wed Aug 12 2026 08:33:54 GMT+0000 (Coordinated Universal Time),42,#GalaxyWatchUltra2,galaxywatchultra2,,,,,,
2026-08-12T09:20:26.861026+00:00,20260812-092026,https://trends24.in/indonesia/,Wed Aug 12 2026 08:33:54 GMT+0000 (Coordinated Universal Time),43,#MoonshadowSeries,moonshadowseries,,,,,,
2026-08-12T09:20:26.861026+00:00,20260812-092026,https://trends24.in/indonesia/,Wed Aug 12 2026 08:33:54 GMT+0000 (Coordinated Universal Time),44,#BlackCardPHUWIN,blackcardphuwin,,,,,,
2026-08-12T09:20:26.861026+00:00,20260812-092026,https://trends24.in/indonesia/,Wed Aug 12 2026 08:33:54 GMT+0000 (Coordinated Universal Time),45,#MakanBergiziGratis,makanbergizigratis,,,,,,
2026-08-12T09:20:26.861026+00:00,20260812-092026,https://trends24.in/indonesia/,Wed Aug 12 2026 08:33:54 GMT+0000 (Coordinated Universal Time),46,#HUTRI81,hutri81,,,,,,
2026-08-12T09:20:26.861026+00:00,20260812-092026,https://trends24.in/indonesia/,Wed Aug 12 2026 08:33:54 GMT+0000 (Coordinated Universal Time),47,#12AugustHalfMarathon,12augusthalfmarathon,,,,,,
2026-08-12T09:20:26.861026+00:00,20260812-092026,https://trends24.in/indonesia/,Wed Aug 12 2026 07:42:20 GMT+0000 (Coordinated Universal Time),1,$MOTION,$motion,,,,,,
2026-08-12T09:20:26.861026+00:00,20260812-092026,https://trends24.in/indonesia/,Wed Aug 12 2026 07:42:20 GMT+0000 (Coordinated Universal Time),2,Kepedulian Ringankan Beban,kepedulian ringankan beban,,,,,,
2026-08-12T09:20:26.861026+00:00,20260812-092026,https://trends24.in/indonesia/,Wed Aug 12 2026 07:42:20 GMT+0000 (Coordinated Universal Time),3,Warga Jaga Warga,warga jaga warga,,,,,,
2026-08-12T09:20:26.861026+00:00,20260812-092026,https://trends24.in/indonesia/,Wed Aug 12 2026 07:42:20 GMT+0000 (Coordinated Universal Time),4,#ProvokasiChaos,provokasichaos,,,,,,
2026-08-12T09:20:26.861026+00:00,20260812-092026,https://trends24.in/indonesia/,Wed Aug 12 2026 07:42:20 GMT+0000 (Coordinated Universal Time),5,#TheMallBangkapiXPond,themallbangkapixpond,,,,,,
2026-08-12T09:20:26.861026+00:00,20260812-092026,https://trends24.in/indonesia/,Wed Aug 12 2026 07:42:20 GMT+0000 (Coordinated Universal Time),6,Tentara Nasional Indonesia,tentara nasional indonesia,,,,,,
2026-08-12T09:20:26.861026+00:00,20260812-092026,https://trends24.in/indonesia/,Wed Aug 12 2026 07:42:20 GMT+0000 (Coordinated Universal Time),7,Tipping Power,tipping power,,,,,,
2026-08-12T09:20:26.861026+00:00,20260812-092026,https://trends24.in/indonesia/,Wed Aug 12 2026 07:42:20 GMT+0000 (Coordinated Universal Time),8,TipFi,tipfi,,,,,,
2026-08-12T09:20:26.861026+00:00,20260812-092026,https://trends24.in/indonesia/,Wed Aug 12 2026 07:42:20 GMT+0000 (Coordinated Universal Time),9,Robinhood Chain,robinhood chain,,,,,,
2026-08-12T09:20:26.861026+00:00,20260812-092026,https://trends24.in/indonesia/,Wed Aug 12 2026 07:42:20 GMT+0000 (Coordinated Universal Time),10,Monash University,monash university,,,,,,
2026-08-12T09:20:26.861026+00:00,20260812-092026,https://trends24.in/indonesia/,Wed Aug 12 2026 07:42:20 GMT+0000 (Coordinated Universal Time),11,$PONS,$pons,,,,,,
2026-08-12T09:20:26.861026+00:00,20260812-092026,https://trends24.in/indonesia/,Wed Aug 12 2026 07:42:20 GMT+0000 (Coordinated Universal Time),12,$WISHBONE,$wishbone,,,,,,
2026-08-12T09:20:26.861026+00:00,20260812-092026,https://trends24.in/indonesia/,Wed Aug 12 2026 07:42:20 GMT+0000 (Coordinated Universal Time),13,#PYPD_IN_IRVING,pypd_in_irving,,,,,,
2026-08-12T09:20:26.861026+00:00,20260812-092026,https://trends24.in/indonesia/,Wed Aug 12 2026 07:42:20 GMT+0000 (Coordinated Universal Time),14,#GalaxyWatchxGoogle,galaxywatchxgoogle,,,,,,
2026-08-12T09:20:26.861026+00:00,20260812-092026,https://trends24.in/indonesia/,Wed Aug 12 2026 07:42:20 GMT+0000 (Coordinated Universal Time),15,#SailingWithPatji19th,sailingwithpatji19th,,,,,,
2026-08-12T09:20:26.861026+00:00,20260812-092026,https://trends24.in/indonesia/,Wed Aug 12 2026 07:42:20 GMT+0000 (Coordinated Universal Time),16,Rabu,rabu,,,,,,
2026-08-12T09:20:26.861026+00:00,20260812-092026,https://trends24.in/indonesia/,Wed Aug 12 2026 07:42:20 GMT+0000 (Coordinated Universal Time),17,ICONIC HEART,iconic heart,,,,,,
2026-08-12T09:20:26.861026+00:00,20260812-092026,https://trends24.in/indonesia/,Wed Aug 12 2026 07:42:20 GMT+0000 (Coordinated Universal Time),18,taekook,taekook,,,,,,
2026-08-12T09:20:26.861026+00:00,20260812-092026,https://trends24.in/indonesia/,Wed Aug 12 2026 07:42:20 GMT+0000 (Coordinated Universal Time),19,$STONKBROKER,$stonkbroker,,,,,,
2026-08-12T09:20:26.861026+00:00,20260812-092026,https://trends24.in/indonesia/,Wed Aug 12 2026 07:42:20 GMT+0000 (Coordinated Universal Time),20,Dan Heng,dan heng,,,,,,
2026-08-12T09:20:26.861026+00:00,20260812-092026,https://trends24.in/indonesia/,Wed Aug 12 2026 07:42:20 GMT+0000 (Coordinated Universal Time),21,Odette,odette,,,,,,
2026-08-12T09:20:26.861026+00:00,20260812-092026,https://trends24.in/indonesia/,Wed Aug 12 2026 07:42:20 GMT+0000 (Coordinated Universal Time),22,Delay,delay,,,,,,
2026-08-12T09:20:26.861026+00:00,20260812-092026,https://trends24.in/indonesia/,Wed Aug 12 2026 07:42:20 GMT+0000 (Coordinated Universal Time),23,Every 30,every 30,,,,,,
2026-08-12T09:20:26.861026+00:00,20260812-092026,https://trends24.in/indonesia/,Wed Aug 12 2026 07:42:20 GMT+0000 (Coordinated Universal Time),24,Masih 0,masih 0,,,,,,
2026-08-12T09:20:26.861026+00:00,20260812-092026,https://trends24.in/indonesia/,Wed Aug 12 2026 07:42:20 GMT+0000 (Coordinated Universal Time),25,Alokasi,alokasi,,,,,,
2026-08-12T09:20:26.861026+00:00,20260812-092026,https://trends24.in/indonesia/,Wed Aug 12 2026 07:42:20 GMT+0000 (Coordinated Universal Time),26,Agustus 2026,agustus 2026,,,,,,
2026-08-12T09:20:26.861026+00:00,20260812-092026,https://trends24.in/indonesia/,Wed Aug 12 2026 07:42:20 GMT+0000 (Coordinated Universal Time),27,Tip Credit,tip credit,,,,,,
2026-08-12T09:20:26.861026+00:00,20260812-092026,https://trends24.in/indonesia/,Wed Aug 12 2026 07:42:20 GMT+0000 (Coordinated Universal Time),28,Snezhnaya,snezhnaya,,,,,,
2026-08-12T09:20:26.861026+00:00,20260812-092026,https://trends24.in/indonesia/,Wed Aug 12 2026 07:42:20 GMT+0000 (Coordinated Universal Time),29,Texas,texas,,,,,,
2026-08-12T09:20:26.861026+00:00,20260812-092026,https://trends24.in/indonesia/,Wed Aug 12 2026 07:42:20 GMT+0000 (Coordinated Universal Time),30,jungkook,jungkook,,,,,,
2026-08-12T09:20:26.861026+00:00,20260812-092026,https://trends24.in/indonesia/,Wed Aug 12 2026 07:42:20 GMT+0000 (Coordinated Universal Time),31,Genshin,genshin,,,,,,
2026-08-12T09:20:26.861026+00:00,20260812-092026,https://trends24.in/indonesia/,Wed Aug 12 2026 07:42:20 GMT+0000 (Coordinated Universal Time),32,Cristiano Ronaldo,cristiano ronaldo,,,,,,
2026-08-12T09:20:26.861026+00:00,20260812-092026,https://trends24.in/indonesia/,Wed Aug 12 2026 07:42:20 GMT+0000 (Coordinated Universal Time),33,Gaskeun,gaskeun,,,,,,
2026-08-12T09:20:26.861026+00:00,20260812-092026,https://trends24.in/indonesia/,Wed Aug 12 2026 07:42:20 GMT+0000 (Coordinated Universal Time),34,Balance,balance,,,,,,
2026-08-12T09:20:26.861026+00:00,20260812-092026,https://trends24.in/indonesia/,Wed Aug 12 2026 07:42:20 GMT+0000 (Coordinated Universal Time),35,Connect X,connect x,,,,,,
2026-08-12T09:20:26.861026+00:00,20260812-092026,https://trends24.in/indonesia/,Wed Aug 12 2026 07:42:20 GMT+0000 (Coordinated Universal Time),36,Your X,your x,,,,,,
2026-08-12T09:20:26.861026+00:00,20260812-092026,https://trends24.in/indonesia/,Wed Aug 12 2026 07:42:20 GMT+0000 (Coordinated Universal Time),37,Let's Go,let's go,,,,,,
2026-08-12T09:20:26.861026+00:00,20260812-092026,https://trends24.in/indonesia/,Wed Aug 12 2026 07:42:20 GMT+0000 (Coordinated Universal Time),38,Love Destiny EP5,love destiny ep5,,,,,,
2026-08-12T09:20:26.861026+00:00,20260812-092026,https://trends24.in/indonesia/,Wed Aug 12 2026 07:42:20 GMT+0000 (Coordinated Universal Time),39,#chira_patt,chira_patt,,,,,,
2026-08-12T09:20:26.861026+00:00,20260812-092026,https://trends24.in/indonesia/,Wed Aug 12 2026 07:42:20 GMT+0000 (Coordinated Universal Time),40,#GalaxyWatch9,galaxywatch9,,,,,,
2026-08-12T09:20:26.861026+00:00,20260812-092026,https://trends24.in/indonesia/,Wed Aug 12 2026 07:42:20 GMT+0000 (Coordinated Universal Time),41,#RestandDotheRest,restanddotherest,,,,,,
2026-08-12T09:20:26.861026+00:00,20260812-092026,https://trends24.in/indonesia/,Wed Aug 12 2026 07:42:20 GMT+0000 (Coordinated Universal Time),42,#GalaxyWatchUltra2,galaxywatchultra2,,,,,,
2026-08-12T09:20:26.861026+00:00,20260812-092026,https://trends24.in/indonesia/,Wed Aug 12 2026 07:42:20 GMT+0000 (Coordinated Universal Time),43,#Airdrop,airdrop,,,,,,
2026-08-12T09:20:26.861026+00:00,20260812-092026,https://trends24.in/indonesia/,Wed Aug 12 2026 07:42:20 GMT+0000 (Coordinated Universal Time),44,#BlackCardPHUWIN,blackcardphuwin,,,,,,
2026-08-12T09:20:26.861026+00:00,20260812-092026,https://trends24.in/indonesia/,Wed Aug 12 2026 07:42:20 GMT+0000 (Coordinated Universal Time),45,#KeonhoBringsTheHeat,keonhobringstheheat,,,,,,
2026-08-12T09:20:26.861026+00:00,20260812-092026,https://trends24.in/indonesia/,Wed Aug 12 2026 07:42:20 GMT+0000 (Coordinated Universal Time),46,#MoonshadowSeries,moonshadowseries,,,,,,
2026-08-12T09:20:26.861026+00:00,20260812-092026,https://trends24.in/indonesia/,Wed Aug 12 2026 07:42:20 GMT+0000 (Coordinated Universal Time),47,#12AugustHalfMarathon,12augusthalfmarathon,,,,,,
2026-08-12T09:20:26.861026+00:00,20260812-092026,https://trends24.in/indonesia/,Wed Aug 12 2026 07:42:20 GMT+0000 (Coordinated Universal Time),48,#HUTRI81,hutri81,,,,,,
2026-08-12T09:20:26.861026+00:00,20260812-092026,https://trends24.in/indonesia/,Wed Aug 12 2026 07:42:20 GMT+0000 (Coordinated Universal Time),49,#à¸à¸¸à¸à¹à¸à¸ªà¸±à¸à¸à¸´à¸§à¸²à¸ªEP5,à¸à¸¸à¸à¹à¸à¸ªà¸±à¸à¸à¸´à¸§à¸²à¸ªep5,,,,,,
2026-08-12T09:20:26.861026+00:00,20260812-092026,https://trends24.in/indonesia/,Wed Aug 12 2026 06:51:20 GMT+0000 (Coordinated Universal Time),1,$MOTION,$motion,,,,,,
2026-08-12T09:20:26.861026+00:00,20260812-092026,https://trends24.in/indonesia/,Wed Aug 12 2026 06:51:20 GMT+0000 (Coordinated Universal Time),2,Kepedulian Ringankan Beban,kepedulian ringankan beban,,,,,,
2026-08-12T09:20:26.861026+00:00,20260812-092026,https://trends24.in/indonesia/,Wed Aug 12 2026 06:51:20 GMT+0000 (Coordinated Universal Time),3,#ProvokasiChaos,provokasichaos,,,,,,
2026-08-12T09:20:26.861026+00:00,20260812-092026,https://trends24.in/indonesia/,Wed Aug 12 2026 06:51:20 GMT+0000 (Coordinated Universal Time),4,Warga Jaga Warga,warga jaga warga,,,,,,
2026-08-12T09:20:26.861026+00:00,20260812-092026,https://trends24.in/indonesia/,Wed Aug 12 2026 06:51:20 GMT+0000 (Coordinated Universal Time),5,Monash University,monash university,,,,,,
2026-08-12T09:20:26.861026+00:00,20260812-092026,https://trends24.in/indonesia/,Wed Aug 12 2026 06:51:20 GMT+0000 (Coordinated Universal Time),6,taekook,taekook,,,,,,
2026-08-12T09:20:26.861026+00:00,20260812-092026,https://trends24.in/indonesia/,Wed Aug 12 2026 06:51:20 GMT+0000 (Coordinated Universal Time),7,#PYPD_IN_IRVING,pypd_in_irving,,,,,,
2026-08-12T09:20:26.861026+00:00,20260812-092026,https://trends24.in/indonesia/,Wed Aug 12 2026 06:51:20 GMT+0000 (Coordinated Universal Time),8,#GalaxyWatchxGoogle,galaxywatchxgoogle,,,,,,
2026-08-12T09:20:26.861026+00:00,20260812-092026,https://trends24.in/indonesia/,Wed Aug 12 2026 06:51:20 GMT+0000 (Coordinated Universal Time),9,Robinhood Chain,robinhood chain,,,,,,
2026-08-12T09:20:26.861026+00:00,20260812-092026,https://trends24.in/indonesia/,Wed Aug 12 2026 06:51:20 GMT+0000 (Coordinated Universal Time),10,TipFi,tipfi,,,,,,
2026-08-12T09:20:26.861026+00:00,20260812-092026,https://trends24.in/indonesia/,Wed Aug 12 2026 06:51:20 GMT+0000 (Coordinated Universal Time),11,Dan Heng,dan heng,,,,,,
2026-08-12T09:20:26.861026+00:00,20260812-092026,https://trends24.in/indonesia/,Wed Aug 12 2026 06:51:20 GMT+0000 (Coordinated Universal Time),12,#GalaxyWatch9,galaxywatch9,,,,,,
2026-08-12T09:20:26.861026+00:00,20260812-092026,https://trends24.in/indonesia/,Wed Aug 12 2026 06:51:20 GMT+0000 (Coordinated Universal Time),13,#SailingWithPatji19th,sailingwithpatji19th,,,,,,
2026-08-12T09:20:26.861026+00:00,20260812-092026,https://trends24.in/indonesia/,Wed Aug 12 2026 06:51:20 GMT+0000 (Coordinated Universal Time),14,Rabu,rabu,,,,,,
2026-08-12T09:20:26.861026+00:00,20260812-092026,https://trends24.in/indonesia/,Wed Aug 12 2026 06:51:20 GMT+0000 (Coordinated Universal Time),15,Odette,odette,,,,,,
2026-08-12T09:20:26.861026+00:00,20260812-092026,https://trends24.in/indonesia/,Wed Aug 12 2026 06:51:20 GMT+0000 (Coordinated Universal Time),16,Delay,delay,,,,,,
2026-08-12T09:20:26.861026+00:00,20260812-092026,https://trends24.in/indonesia/,Wed Aug 12 2026 06:51:20 GMT+0000 (Coordinated Universal Time),17,Tipping Power,tipping power,,,,,,
2026-08-12T09:20:26.861026+00:00,20260812-092026,https://trends24.in/indonesia/,Wed Aug 12 2026 06:51:20 GMT+0000 (Coordinated Universal Time),18,jungkook,jungkook,,,,,,
2026-08-12T09:20:26.861026+00:00,20260812-092026,https://trends24.in/indonesia/,Wed Aug 12 2026 06:51:20 GMT+0000 (Coordinated Universal Time),19,ICONIC HEART,iconic heart,,,,,,
2026-08-12T09:20:26.861026+00:00,20260812-092026,https://trends24.in/indonesia/,Wed Aug 12 2026 06:51:20 GMT+0000 (Coordinated Universal Time),20,Agustus 2026,agustus 2026,,,,,,
2026-08-12T09:20:26.861026+00:00,20260812-092026,https://trends24.in/indonesia/,Wed Aug 12 2026 06:51:20 GMT+0000 (Coordinated Universal Time),21,Tip Credit,tip credit,,,,,,
2026-08-12T09:20:26.861026+00:00,20260812-092026,https://trends24.in/indonesia/,Wed Aug 12 2026 06:51:20 GMT+0000 (Coordinated Universal Time),22,KEONHO SETS TEXAS ABLAZE,keonho sets texas ablaze,,,,,,
2026-08-12T09:20:26.861026+00:00,20260812-092026,https://trends24.in/indonesia/,Wed Aug 12 2026 06:51:20 GMT+0000 (Coordinated Universal Time),23,Every 30,every 30,,,,,,
2026-08-12T09:20:26.861026+00:00,20260812-092026,https://trends24.in/indonesia/,Wed Aug 12 2026 06:51:20 GMT+0000 (Coordinated Universal Time),24,Alokasi,alokasi,,,,,,
2026-08-12T09:20:26.861026+00:00,20260812-092026,https://trends24.in/indonesia/,Wed Aug 12 2026 06:51:20 GMT+0000 (Coordinated Universal Time),25,JUST ONE DAY,just one day,,,,,,
2026-08-12T09:20:26.861026+00:00,20260812-092026,https://trends24.in/indonesia/,Wed Aug 12 2026 06:51:20 GMT+0000 (Coordinated Universal Time),26,Masih 0,masih 0,,,,,,
2026-08-12T09:20:26.861026+00:00,20260812-092026,https://trends24.in/indonesia/,Wed Aug 12 2026 06:51:20 GMT+0000 (Coordinated Universal Time),27,$WISHBONE,$wishbone,,,,,,
2026-08-12T09:20:26.861026+00:00,20260812-092026,https://trends24.in/indonesia/,Wed Aug 12 2026 06:51:20 GMT+0000 (Coordinated Universal Time),28,Snezhnaya,snezhnaya,,,,,,
2026-08-12T09:20:26.861026+00:00,20260812-092026,https://trends24.in/indonesia/,Wed Aug 12 2026 06:51:20 GMT+0000 (Coordinated Universal Time),29,Cristiano Ronaldo,cristiano ronaldo,,,,,,
2026-08-12T09:20:26.861026+00:00,20260812-092026,https://trends24.in/indonesia/,Wed Aug 12 2026 06:51:20 GMT+0000 (Coordinated Universal Time),30,MONDPRO RUN FOR MOM,mondpro run for mom,,,,,,
2026-08-12T09:20:26.861026+00:00,20260812-092026,https://trends24.in/indonesia/,Wed Aug 12 2026 06:51:20 GMT+0000 (Coordinated Universal Time),31,Genshin,genshin,,,,,,
2026-08-12T09:20:26.861026+00:00,20260812-092026,https://trends24.in/indonesia/,Wed Aug 12 2026 06:51:20 GMT+0000 (Coordinated Universal Time),32,$PONS,$pons,,,,,,
2026-08-12T09:20:26.861026+00:00,20260812-092026,https://trends24.in/indonesia/,Wed Aug 12 2026 06:51:20 GMT+0000 (Coordinated Universal Time),33,Balance,balance,,,,,,
2026-08-12T09:20:26.861026+00:00,20260812-092026,https://trends24.in/indonesia/,Wed Aug 12 2026 06:51:20 GMT+0000 (Coordinated Universal Time),34,Connect X,connect x,,,,,,
2026-08-12T09:20:26.861026+00:00,20260812-092026,https://trends24.in/indonesia/,Wed Aug 12 2026 06:51:20 GMT+0000 (Coordinated Universal Time),35,Your X,your x,,,,,,
2026-08-12T09:20:26.861026+00:00,20260812-092026,https://trends24.in/indonesia/,Wed Aug 12 2026 06:51:20 GMT+0000 (Coordinated Universal Time),36,Enzo,enzo,,,,,,
2026-08-12T09:20:26.861026+00:00,20260812-092026,https://trends24.in/indonesia/,Wed Aug 12 2026 06:51:20 GMT+0000 (Coordinated Universal Time),37,Let's Go,let's go,,,,,,
2026-08-12T09:20:26.861026+00:00,20260812-092026,https://trends24.in/indonesia/,Wed Aug 12 2026 06:51:20 GMT+0000 (Coordinated Universal Time),38,Love Destiny EP5,love destiny ep5,,,,,,
2026-08-12T09:20:26.861026+00:00,20260812-092026,https://trends24.in/indonesia/,Wed Aug 12 2026 06:51:20 GMT+0000 (Coordinated Universal Time),39,Yapping,yapping,,,,,,
2026-08-12T09:20:26.861026+00:00,20260812-092026,https://trends24.in/indonesia/,Wed Aug 12 2026 06:51:20 GMT+0000 (Coordinated Universal Time),40,#RestandDotheRest,restanddotherest,,,,,,
2026-08-12T09:20:26.861026+00:00,20260812-092026,https://trends24.in/indonesia/,Wed Aug 12 2026 06:51:20 GMT+0000 (Coordinated Universal Time),41,#GalaxyWatchUltra2,galaxywatchultra2,,,,,,
2026-08-12T09:20:26.861026+00:00,20260812-092026,https://trends24.in/indonesia/,Wed Aug 12 2026 06:51:20 GMT+0000 (Coordinated Universal Time),42,#chira_patt,chira_patt,,,,,,
2026-08-12T09:20:26.861026+00:00,20260812-092026,https://trends24.in/indonesia/,Wed Aug 12 2026 06:51:20 GMT+0000 (Coordinated Universal Time),43,#BlackCardPHUWIN,blackcardphuwin,,,,,,
2026-08-12T09:20:26.861026+00:00,20260812-092026,https://trends24.in/indonesia/,Wed Aug 12 2026 06:51:20 GMT+0000 (Coordinated Universal Time),44,#KeonhoBringsTheHeat,keonhobringstheheat,,,,,,
2026-08-12T09:20:26.861026+00:00,20260812-092026,https://trends24.in/indonesia/,Wed Aug 12 2026 06:51:20 GMT+0000 (Coordinated Universal Time),45,#Airdrop,airdrop,,,,,,
2026-08-12T09:20:26.861026+00:00,20260812-092026,https://trends24.in/indonesia/,Wed Aug 12 2026 06:51:20 GMT+0000 (Coordinated Universal Time),46,#MoonshadowSeries,moonshadowseries,,,,,,
2026-08-12T09:20:26.861026+00:00,20260812-092026,https://trends24.in/indonesia/,Wed Aug 12 2026 06:51:20 GMT+0000 (Coordinated Universal Time),47,#12AugustHalfMarathon,12augusthalfmarathon,,,,,,
2026-08-12T09:20:26.861026+00:00,20260812-092026,https://trends24.in/indonesia/,Wed Aug 12 2026 06:51:20 GMT+0000 (Coordinated Universal Time),48,#à¸à¸¸à¸à¹à¸à¸ªà¸±à¸à¸à¸´à¸§à¸²à¸ªEP5,à¸à¸¸à¸à¹à¸à¸ªà¸±à¸à¸à¸´à¸§à¸²à¸ªep5,,,,,,
2026-08-12T09:20:26.861026+00:00,20260812-092026,https://trends24.in/indonesia/,Wed Aug 12 2026 05:57:17 GMT+0000 (Coordinated Universal Time),1,$MOTION,$motion,,,,,,
2026-08-12T09:20:26.861026+00:00,20260812-092026,https://trends24.in/indonesia/,Wed Aug 12 2026 05:57:17 GMT+0000 (Coordinated Universal Time),2,#ProvokasiChaos,provokasichaos,,,,,,
2026-08-12T09:20:26.861026+00:00,20260812-092026,https://trends24.in/indonesia/,Wed Aug 12 2026 05:57:17 GMT+0000 (Coordinated Universal Time),3,Warga Jaga Warga,warga jaga warga,,,,,,
2026-08-12T09:20:26.861026+00:00,20260812-092026,https://trends24.in/indonesia/,Wed Aug 12 2026 05:57:17 GMT+0000 (Coordinated Universal Time),4,Monash University,monash university,,,,,,
2026-08-12T09:20:26.861026+00:00,20260812-092026,https://trends24.in/indonesia/,Wed Aug 12 2026 05:57:17 GMT+0000 (Coordinated Universal Time),5,#PYPD_IN_IRVING,pypd_in_irving,,,,,,
2026-08-12T09:20:26.861026+00:00,20260812-092026,https://trends24.in/indonesia/,Wed Aug 12 2026 05:57:17 GMT+0000 (Coordinated Universal Time),6,taekook,taekook,,,,,,
2026-08-12T09:20:26.861026+00:00,20260812-092026,https://trends24.in/indonesia/,Wed Aug 12 2026 05:57:17 GMT+0000 (Coordinated Universal Time),7,#GalaxyWatchxGoogle,galaxywatchxgoogle,,,,,,
2026-08-12T09:20:26.861026+00:00,20260812-092026,https://trends24.in/indonesia/,Wed Aug 12 2026 05:57:17 GMT+0000 (Coordinated Universal Time),8,Dan Heng,dan heng,,,,,,
2026-08-12T09:20:26.861026+00:00,20260812-092026,https://trends24.in/indonesia/,Wed Aug 12 2026 05:57:17 GMT+0000 (Coordinated Universal Time),9,#RestandDotheRest,restanddotherest,,,,,,
2026-08-12T09:20:26.861026+00:00,20260812-092026,https://trends24.in/indonesia/,Wed Aug 12 2026 05:57:17 GMT+0000 (Coordinated Universal Time),10,#GalaxyWatchUltra2,galaxywatchultra2,,,,,,
2026-08-12T09:20:26.861026+00:00,20260812-092026,https://trends24.in/indonesia/,Wed Aug 12 2026 05:57:17 GMT+0000 (Coordinated Universal Time),11,jungkook,jungkook,,,,,,
2026-08-12T09:20:26.861026+00:00,20260812-092026,https://trends24.in/indonesia/,Wed Aug 12 2026 05:57:17 GMT+0000 (Coordinated Universal Time),12,Robinhood Chain,robinhood chain,,,,,,
2026-08-12T09:20:26.861026+00:00,20260812-092026,https://trends24.in/indonesia/,Wed Aug 12 2026 05:57:17 GMT+0000 (Coordinated Universal Time),13,Rabu,rabu,,,,,,
2026-08-12T09:20:26.861026+00:00,20260812-092026,https://trends24.in/indonesia/,Wed Aug 12 2026 05:57:17 GMT+0000 (Coordinated Universal Time),14,TipFi,tipfi,,,,,,
2026-08-12T09:20:26.861026+00:00,20260812-092026,https://trends24.in/indonesia/,Wed Aug 12 2026 05:57:17 GMT+0000 (Coordinated Universal Time),15,Odette,odette,,,,,,
2026-08-12T09:20:26.861026+00:00,20260812-092026,https://trends24.in/indonesia/,Wed Aug 12 2026 05:57:17 GMT+0000 (Coordinated Universal Time),16,Alokasi,alokasi,,,,,,
2026-08-12T09:20:26.861026+00:00,20260812-092026,https://trends24.in/indonesia/,Wed Aug 12 2026 05:57:17 GMT+0000 (Coordinated Universal Time),17,KEONHO SETS TEXAS ABLAZE,keonho sets texas ablaze,,,,,,
2026-08-12T09:20:26.861026+00:00,20260812-092026,https://trends24.in/indonesia/,Wed Aug 12 2026 05:57:17 GMT+0000 (Coordinated Universal Time),18,JUST ONE DAY,just one day,,,,,,
2026-08-12T09:20:26.861026+00:00,20260812-092026,https://trends24.in/indonesia/,Wed Aug 12 2026 05:57:17 GMT+0000 (Coordinated Universal Time),19,Masih 0,masih 0,,,,,,
2026-08-12T09:20:26.861026+00:00,20260812-092026,https://trends24.in/indonesia/,Wed Aug 12 2026 05:57:17 GMT+0000 (Coordinated Universal Time),20,ICONIC HEART,iconic heart,,,,,,
2026-08-12T09:20:26.861026+00:00,20260812-092026,https://trends24.in/indonesia/,Wed Aug 12 2026 05:57:17 GMT+0000 (Coordinated Universal Time),21,Snezhnaya,snezhnaya,,,,,,
2026-08-12T09:20:26.861026+00:00,20260812-092026,https://trends24.in/indonesia/,Wed Aug 12 2026 05:57:17 GMT+0000 (Coordinated Universal Time),22,MONDPRO RUN FOR MOM,mondpro run for mom,,,,,,
2026-08-12T09:20:26.861026+00:00,20260812-092026,https://trends24.in/indonesia/,Wed Aug 12 2026 05:57:17 GMT+0000 (Coordinated Universal Time),23,Tipping,tipping,,,,,,
2026-08-12T09:20:26.861026+00:00,20260812-092026,https://trends24.in/indonesia/,Wed Aug 12 2026 05:57:17 GMT+0000 (Coordinated Universal Time),24,Genshin,genshin,,,,,,
2026-08-12T09:20:26.861026+00:00,20260812-092026,https://trends24.in/indonesia/,Wed Aug 12 2026 05:57:17 GMT+0000 (Coordinated Universal Time),25,Cristiano Ronaldo,cristiano ronaldo,,,,,,
2026-08-12T09:20:26.861026+00:00,20260812-092026,https://trends24.in/indonesia/,Wed Aug 12 2026 05:57:17 GMT+0000 (Coordinated Universal Time),26,Every 30,every 30,,,,,,
2026-08-12T09:20:26.861026+00:00,20260812-092026,https://trends24.in/indonesia/,Wed Aug 12 2026 05:57:17 GMT+0000 (Coordinated Universal Time),27,Connect X,connect x,,,,,,
2026-08-12T09:20:26.861026+00:00,20260812-092026,https://trends24.in/indonesia/,Wed Aug 12 2026 05:57:17 GMT+0000 (Coordinated Universal Time),28,Balance,balance,,,,,,
2026-08-12T09:20:26.861026+00:00,20260812-092026,https://trends24.in/indonesia/,Wed Aug 12 2026 05:57:17 GMT+0000 (Coordinated Universal Time),29,Enzo,enzo,,,,,,
2026-08-12T09:20:26.861026+00:00,20260812-092026,https://trends24.in/indonesia/,Wed Aug 12 2026 05:57:17 GMT+0000 (Coordinated Universal Time),30,Login with X,login with x,,,,,,
2026-08-12T09:20:26.861026+00:00,20260812-092026,https://trends24.in/indonesia/,Wed Aug 12 2026 05:57:17 GMT+0000 (Coordinated Universal Time),31,Love Destiny EP5,love destiny ep5,,,,,,
2026-08-12T09:20:26.861026+00:00,20260812-092026,https://trends24.in/indonesia/,Wed Aug 12 2026 05:57:17 GMT+0000 (Coordinated Universal Time),32,Yapping,yapping,,,,,,
2026-08-12T09:20:26.861026+00:00,20260812-092026,https://trends24.in/indonesia/,Wed Aug 12 2026 05:57:17 GMT+0000 (Coordinated Universal Time),33,#KeonhoBringsTheHeat,keonhobringstheheat,,,,,,
2026-08-12T09:20:26.861026+00:00,20260812-092026,https://trends24.in/indonesia/,Wed Aug 12 2026 05:57:17 GMT+0000 (Coordinated Universal Time),34,#12AugustHalfMarathon,12augusthalfmarathon,,,,,,
2026-08-12T09:20:26.861026+00:00,20260812-092026,https://trends24.in/indonesia/,Wed Aug 12 2026 05:57:17 GMT+0000 (Coordinated Universal Time),35,#JUHOONStageCommander,juhoonstagecommander,,,,,,
2026-08-12T09:20:26.861026+00:00,20260812-092026,https://trends24.in/indonesia/,Wed Aug 12 2026 05:57:17 GMT+0000 (Coordinated Universal Time),36,#DittipidNarkoba,dittipidnarkoba,,,,,,
2026-08-12T09:20:26.861026+00:00,20260812-092026,https://trends24.in/indonesia/,Wed Aug 12 2026 05:57:17 GMT+0000 (Coordinated Universal Time),37,#LawanNarkoba,lawannarkoba,,,,,,
2026-08-12T09:20:26.861026+00:00,20260812-092026,https://trends24.in/indonesia/,Wed Aug 12 2026 05:57:17 GMT+0000 (Coordinated Universal Time),38,#BareskrimPolri,bareskrimpolri,,,,,,
2026-08-12T09:20:26.861026+00:00,20260812-092026,https://trends24.in/indonesia/,Wed Aug 12 2026 05:57:17 GMT+0000 (Coordinated Universal Time),39,#MoonshadowSeries,moonshadowseries,,,,,,
2026-08-12T09:20:26.861026+00:00,20260812-092026,https://trends24.in/indonesia/,Wed Aug 12 2026 05:57:17 GMT+0000 (Coordinated Universal Time),40,#Airdrop,airdrop,,,,,,
2026-08-12T09:20:26.861026+00:00,20260812-092026,https://trends24.in/indonesia/,Wed Aug 12 2026 05:57:17 GMT+0000 (Coordinated Universal Time),41,#à¸à¸¸à¸à¹à¸à¸ªà¸±à¸à¸à¸´à¸§à¸²à¸ªEP5,à¸à¸¸à¸à¹à¸à¸ªà¸±à¸à¸à¸´à¸§à¸²à¸ªep5,,,,,,
2026-08-12T09:20:26.861026+00:00,20260812-092026,https://trends24.in/indonesia/,Wed Aug 12 2026 05:06:18 GMT+0000 (Coordinated Universal Time),1,$MOTION,$motion,,,,,,
2026-08-12T09:20:26.861026+00:00,20260812-092026,https://trends24.in/indonesia/,Wed Aug 12 2026 05:06:18 GMT+0000 (Coordinated Universal Time),2,#ProvokasiChaos,provokasichaos,,,,,,
2026-08-12T09:20:26.861026+00:00,20260812-092026,https://trends24.in/indonesia/,Wed Aug 12 2026 05:06:18 GMT+0000 (Coordinated Universal Time),3,Warga Jaga Warga,warga jaga warga,,,,,,
2026-08-12T09:20:26.861026+00:00,20260812-092026,https://trends24.in/indonesia/,Wed Aug 12 2026 05:06:18 GMT+0000 (Coordinated Universal Time),4,taekook,taekook,,,,,,
2026-08-12T09:20:26.861026+00:00,20260812-092026,https://trends24.in/indonesia/,Wed Aug 12 2026 05:06:18 GMT+0000 (Coordinated Universal Time),5,#PYPD_IN_IRVING,pypd_in_irving,,,,,,
2026-08-12T09:20:26.861026+00:00,20260812-092026,https://trends24.in/indonesia/,Wed Aug 12 2026 05:06:18 GMT+0000 (Coordinated Universal Time),6,Monash University,monash university,,,,,,
2026-08-12T09:20:26.861026+00:00,20260812-092026,https://trends24.in/indonesia/,Wed Aug 12 2026 05:06:18 GMT+0000 (Coordinated Universal Time),7,Dan Heng,dan heng,,,,,,
2026-08-12T09:20:26.861026+00:00,20260812-092026,https://trends24.in/indonesia/,Wed Aug 12 2026 05:06:18 GMT+0000 (Coordinated Universal Time),8,Rabu,rabu,,,,,,
2026-08-12T09:20:26.861026+00:00,20260812-092026,https://trends24.in/indonesia/,Wed Aug 12 2026 05:06:18 GMT+0000 (Coordinated Universal Time),9,#RestandDotheRest,restanddotherest,,,,,,
2026-08-12T09:20:26.861026+00:00,20260812-092026,https://trends24.in/indonesia/,Wed Aug 12 2026 05:06:18 GMT+0000 (Coordinated Universal Time),10,#GalaxyWatchUltra2,galaxywatchultra2,,,,,,
2026-08-12T09:20:26.861026+00:00,20260812-092026,https://trends24.in/indonesia/,Wed Aug 12 2026 05:06:18 GMT+0000 (Coordinated Universal Time),11,TipFi,tipfi,,,,,,
2026-08-12T09:20:26.861026+00:00,20260812-092026,https://trends24.in/indonesia/,Wed Aug 12 2026 05:06:18 GMT+0000 (Coordinated Universal Time),12,#KeonhoBringsTheHeat,keonhobringstheheat,,,,,,
2026-08-12T09:20:26.861026+00:00,20260812-092026,https://trends24.in/indonesia/,Wed Aug 12 2026 05:06:18 GMT+0000 (Coordinated Universal Time),13,Robinhood Chain,robinhood chain,,,,,,
2026-08-12T09:20:26.861026+00:00,20260812-092026,https://trends24.in/indonesia/,Wed Aug 12 2026 05:06:18 GMT+0000 (Coordinated Universal Time),14,KEONHO SETS TEXAS ABLAZE,keonho sets texas ablaze,,,,,,
2026-08-12T09:20:26.861026+00:00,20260812-092026,https://trends24.in/indonesia/,Wed Aug 12 2026 05:06:18 GMT+0000 (Coordinated Universal Time),15,Masih 0,masih 0,,,,,,
2026-08-12T09:20:26.861026+00:00,20260812-092026,https://trends24.in/indonesia/,Wed Aug 12 2026 05:06:18 GMT+0000 (Coordinated Universal Time),16,JUST ONE DAY,just one day,,,,,,
2026-08-12T09:20:26.861026+00:00,20260812-092026,https://trends24.in/indonesia/,Wed Aug 12 2026 05:06:18 GMT+0000 (Coordinated Universal Time),17,JUHOON AWAKENS THE STAGE,juhoon awakens the stage,,,,,,
2026-08-12T09:20:26.861026+00:00,20260812-092026,https://trends24.in/indonesia/,Wed Aug 12 2026 05:06:18 GMT+0000 (Coordinated Universal Time),18,Alokasi,alokasi,,,,,,
2026-08-12T09:20:26.861026+00:00,20260812-092026,https://trends24.in/indonesia/,Wed Aug 12 2026 05:06:18 GMT+0000 (Coordinated Universal Time),19,Odette,odette,,,,,,
2026-08-12T09:20:26.861026+00:00,20260812-092026,https://trends24.in/indonesia/,Wed Aug 12 2026 05:06:18 GMT+0000 (Coordinated Universal Time),20,ICONIC HEART,iconic heart,,,,,,
2026-08-12T09:20:26.861026+00:00,20260812-092026,https://trends24.in/indonesia/,Wed Aug 12 2026 05:06:18 GMT+0000 (Coordinated Universal Time),21,Cristiano Ronaldo,cristiano ronaldo,,,,,,
2026-08-12T09:20:26.861026+00:00,20260812-092026,https://trends24.in/indonesia/,Wed Aug 12 2026 05:06:18 GMT+0000 (Coordinated Universal Time),22,MONDPRO RUN FOR MOM,mondpro run for mom,,,,,,
2026-08-12T09:20:26.861026+00:00,20260812-092026,https://trends24.in/indonesia/,Wed Aug 12 2026 05:06:18 GMT+0000 (Coordinated Universal Time),23,JIN LIGHTS UP CHARM CITY,jin lights up charm city,,,,,,
2026-08-12T09:20:26.861026+00:00,20260812-092026,https://trends24.in/indonesia/,Wed Aug 12 2026 05:06:18 GMT+0000 (Coordinated Universal Time),24,NEWWIEE RUN FOR MOM 2026,newwiee run for mom 2026,,,,,,
2026-08-12T09:20:26.861026+00:00,20260812-092026,https://trends24.in/indonesia/,Wed Aug 12 2026 05:06:18 GMT+0000 (Coordinated Universal Time),25,Snezhnaya,snezhnaya,,,,,,
2026-08-12T09:20:26.861026+00:00,20260812-092026,https://trends24.in/indonesia/,Wed Aug 12 2026 05:06:18 GMT+0000 (Coordinated Universal Time),26,Tipping,tipping,,,,,,
2026-08-12T09:20:26.861026+00:00,20260812-092026,https://trends24.in/indonesia/,Wed Aug 12 2026 05:06:18 GMT+0000 (Coordinated Universal Time),27,Balance,balance,,,,,,
2026-08-12T09:20:26.861026+00:00,20260812-092026,https://trends24.in/indonesia/,Wed Aug 12 2026 05:06:18 GMT+0000 (Coordinated Universal Time),28,Genshin,genshin,,,,,,
2026-08-12T09:20:26.861026+00:00,20260812-092026,https://trends24.in/indonesia/,Wed Aug 12 2026 05:06:18 GMT+0000 (Coordinated Universal Time),29,Love Destiny EP5,love destiny ep5,,,,,,
2026-08-12T09:20:26.861026+00:00,20260812-092026,https://trends24.in/indonesia/,Wed Aug 12 2026 05:06:18 GMT+0000 (Coordinated Universal Time),30,Enzo,enzo,,,,,,
2026-08-12T09:20:26.861026+00:00,20260812-092026,https://trends24.in/indonesia/,Wed Aug 12 2026 05:06:18 GMT+0000 (Coordinated Universal Time),31,Connect X,connect x,,,,,,
2026-08-12T09:20:26.861026+00:00,20260812-092026,https://trends24.in/indonesia/,Wed Aug 12 2026 05:06:18 GMT+0000 (Coordinated Universal Time),32,Login with X,login with x,,,,,,
2026-08-12T09:20:26.861026+00:00,20260812-092026,https://trends24.in/indonesia/,Wed Aug 12 2026 05:06:18 GMT+0000 (Coordinated Universal Time),33,$PONS,$pons,,,,,,
2026-08-12T09:20:26.861026+00:00,20260812-092026,https://trends24.in/indonesia/,Wed Aug 12 2026 05:06:18 GMT+0000 (Coordinated Universal Time),34,Yapping,yapping,,,,,,
2026-08-12T09:20:26.861026+00:00,20260812-092026,https://trends24.in/indonesia/,Wed Aug 12 2026 05:06:18 GMT+0000 (Coordinated Universal Time),35,Lomba,lomba,,,,,,
2026-08-12T09:20:26.861026+00:00,20260812-092026,https://trends24.in/indonesia/,Wed Aug 12 2026 05:06:18 GMT+0000 (Coordinated Universal Time),36,#12AugustHalfMarathon,12augusthalfmarathon,,,,,,
2026-08-12T09:20:26.861026+00:00,20260812-092026,https://trends24.in/indonesia/,Wed Aug 12 2026 05:06:18 GMT+0000 (Coordinated Universal Time),37,#JUHOONStageCommander,juhoonstagecommander,,,,,,
2026-08-12T09:20:26.861026+00:00,20260812-092026,https://trends24.in/indonesia/,Wed Aug 12 2026 05:06:18 GMT+0000 (Coordinated Universal Time),38,#DittipidNarkoba,dittipidnarkoba,,,,,,
2026-08-12T09:20:26.861026+00:00,20260812-092026,https://trends24.in/indonesia/,Wed Aug 12 2026 05:06:18 GMT+0000 (Coordinated Universal Time),39,#HANxTODs,hanxtods,,,,,,
2026-08-12T09:20:26.861026+00:00,20260812-092026,https://trends24.in/indonesia/,Wed Aug 12 2026 05:06:18 GMT+0000 (Coordinated Universal Time),40,#LawanNarkoba,lawannarkoba,,,,,,
2026-08-12T09:20:26.861026+00:00,20260812-092026,https://trends24.in/indonesia/,Wed Aug 12 2026 05:06:18 GMT+0000 (Coordinated Universal Time),41,#BareskrimPolri,bareskrimpolri,,,,,,
2026-08-12T09:20:26.861026+00:00,20260812-092026,https://trends24.in/indonesia/,Wed Aug 12 2026 05:06:18 GMT+0000 (Coordinated Universal Time),42,#JIN_IN_BALTIMORE_D2,jin_in_baltimore_d2,,,,,,
2026-08-12T09:20:26.861026+00:00,20260812-092026,https://trends24.in/indonesia/,Wed Aug 12 2026 05:06:18 GMT+0000 (Coordinated Universal Time),43,#BangkokHalfMarathon,bangkokhalfmarathon,,,,,,
2026-08-12T09:20:26.861026+00:00,20260812-092026,https://trends24.in/indonesia/,Wed Aug 12 2026 05:06:18 GMT+0000 (Coordinated Universal Time),44,#MoonshadowSeries,moonshadowseries,,,,,,
2026-08-12T09:20:26.861026+00:00,20260812-092026,https://trends24.in/indonesia/,Wed Aug 12 2026 05:06:18 GMT+0000 (Coordinated Universal Time),45,#à¸à¸¸à¸à¹à¸à¸ªà¸±à¸à¸à¸´à¸§à¸²à¸ªEP5,à¸à¸¸à¸à¹à¸à¸ªà¸±à¸à¸à¸´à¸§à¸²à¸ªep5,,,,,,
2026-08-12T09:20:26.861026+00:00,20260812-092026,https://trends24.in/indonesia/,Wed Aug 12 2026 05:06:18 GMT+0000 (Coordinated Universal Time),46,#zonajajanï¸ï¸,zonajajanï¸ï¸,,,,,,
2026-08-12T09:20:26.861026+00:00,20260812-092026,https://trends24.in/indonesia/,Wed Aug 12 2026 05:06:18 GMT+0000 (Coordinated Universal Time),47,#Airdrop,airdrop,,,,,,
2026-08-12T09:20:26.861026+00:00,20260812-092026,https://trends24.in/indonesia/,Wed Aug 12 2026 04:15:17 GMT+0000 (Coordinated Universal Time),1,$MOTION,$motion,,,,,,
2026-08-12T09:20:26.861026+00:00,20260812-092026,https://trends24.in/indonesia/,Wed Aug 12 2026 04:15:17 GMT+0000 (Coordinated Universal Time),2,taekook,taekook,,,,,,
2026-08-12T09:20:26.861026+00:00,20260812-092026,https://trends24.in/indonesia/,Wed Aug 12 2026 04:15:17 GMT+0000 (Coordinated Universal Time),3,#PYPD_IN_IRVING,pypd_in_irving,,,,,,
2026-08-12T09:20:26.861026+00:00,20260812-092026,https://trends24.in/indonesia/,Wed Aug 12 2026 04:15:17 GMT+0000 (Coordinated Universal Time),4,Rabu,rabu,,,,,,
2026-08-12T09:20:26.861026+00:00,20260812-092026,https://trends24.in/indonesia/,Wed Aug 12 2026 04:15:17 GMT+0000 (Coordinated Universal Time),5,TipFi,tipfi,,,,,,
2026-08-12T09:20:26.861026+00:00,20260812-092026,https://trends24.in/indonesia/,Wed Aug 12 2026 04:15:17 GMT+0000 (Coordinated Universal Time),6,Robinhood Chain,robinhood chain,,,,,,
2026-08-12T09:20:26.861026+00:00,20260812-092026,https://trends24.in/indonesia/,Wed Aug 12 2026 04:15:17 GMT+0000 (Coordinated Universal Time),7,#12AugustHalfMarathon,12augusthalfmarathon,,,,,,
2026-08-12T09:20:26.861026+00:00,20260812-092026,https://trends24.in/indonesia/,Wed Aug 12 2026 04:15:17 GMT+0000 (Coordinated Universal Time),8,#KeonhoBringsTheHeat,keonhobringstheheat,,,,,,
2026-08-12T09:20:26.861026+00:00,20260812-092026,https://trends24.in/indonesia/,Wed Aug 12 2026 04:15:17 GMT+0000 (Coordinated Universal Time),9,KEONHO SETS TEXAS ABLAZE,keonho sets texas ablaze,,,,,,
2026-08-12T09:20:26.861026+00:00,20260812-092026,https://trends24.in/indonesia/,Wed Aug 12 2026 04:15:17 GMT+0000 (Coordinated Universal Time),10,JUST ONE DAY,just one day,,,,,,
2026-08-12T09:20:26.861026+00:00,20260812-092026,https://trends24.in/indonesia/,Wed Aug 12 2026 04:15:17 GMT+0000 (Coordinated Universal Time),11,#JUHOONStageCommander,juhoonstagecommander,,,,,,
2026-08-12T09:20:26.861026+00:00,20260812-092026,https://trends24.in/indonesia/,Wed Aug 12 2026 04:15:17 GMT+0000 (Coordinated Universal Time),12,#GalaxyWatchUltra2,galaxywatchultra2,,,,,,
2026-08-12T09:20:26.861026+00:00,20260812-092026,https://trends24.in/indonesia/,Wed Aug 12 2026 04:15:17 GMT+0000 (Coordinated Universal Time),13,JUHOON AWAKENS THE STAGE,juhoon awakens the stage,,,,,,
2026-08-12T09:20:26.861026+00:00,20260812-092026,https://trends24.in/indonesia/,Wed Aug 12 2026 04:15:17 GMT+0000 (Coordinated Universal Time),14,Masih 0,masih 0,,,,,,
2026-08-12T09:20:26.861026+00:00,20260812-092026,https://trends24.in/indonesia/,Wed Aug 12 2026 04:15:17 GMT+0000 (Coordinated Universal Time),15,Odette,odette,,,,,,
2026-08-12T09:20:26.861026+00:00,20260812-092026,https://trends24.in/indonesia/,Wed Aug 12 2026 04:15:17 GMT+0000 (Coordinated Universal Time),16,MONDPRO RUN FOR MOM,mondpro run for mom,,,,,,
2026-08-12T09:20:26.861026+00:00,20260812-092026,https://trends24.in/indonesia/,Wed Aug 12 2026 04:15:17 GMT+0000 (Coordinated Universal Time),17,Alokasi,alokasi,,,,,,
2026-08-12T09:20:26.861026+00:00,20260812-092026,https://trends24.in/indonesia/,Wed Aug 12 2026 04:15:17 GMT+0000 (Coordinated Universal Time),18,Snezhnaya,snezhnaya,,,,,,
2026-08-12T09:20:26.861026+00:00,20260812-092026,https://trends24.in/indonesia/,Wed Aug 12 2026 04:15:17 GMT+0000 (Coordinated Universal Time),19,JIN LIGHTS UP CHARM CITY,jin lights up charm city,,,,,,
2026-08-12T09:20:26.861026+00:00,20260812-092026,https://trends24.in/indonesia/,Wed Aug 12 2026 04:15:17 GMT+0000 (Coordinated Universal Time),20,Cristiano Ronaldo,cristiano ronaldo,,,,,,
2026-08-12T09:20:26.861026+00:00,20260812-092026,https://trends24.in/indonesia/,Wed Aug 12 2026 04:15:17 GMT+0000 (Coordinated Universal Time),21,NEWWIEE RUN FOR MOM 2026,newwiee run for mom 2026,,,,,,
2026-08-12T09:20:26.861026+00:00,20260812-092026,https://trends24.in/indonesia/,Wed Aug 12 2026 04:15:17 GMT+0000 (Coordinated Universal Time),22,ICONIC HEART,iconic heart,,,,,,
2026-08-12T09:20:26.861026+00:00,20260812-092026,https://trends24.in/indonesia/,Wed Aug 12 2026 04:15:17 GMT+0000 (Coordinated Universal Time),23,Enzo,enzo,,,,,,
2026-08-12T09:20:26.861026+00:00,20260812-092026,https://trends24.in/indonesia/,Wed Aug 12 2026 04:15:17 GMT+0000 (Coordinated Universal Time),24,Love Destiny EP5,love destiny ep5,,,,,,
2026-08-12T09:20:26.861026+00:00,20260812-092026,https://trends24.in/indonesia/,Wed Aug 12 2026 04:15:17 GMT+0000 (Coordinated Universal Time),25,Tipping,tipping,,,,,,
2026-08-12T09:20:26.861026+00:00,20260812-092026,https://trends24.in/indonesia/,Wed Aug 12 2026 04:15:17 GMT+0000 (Coordinated Universal Time),26,Balance,balance,,,,,,
2026-08-12T09:20:26.861026+00:00,20260812-092026,https://trends24.in/indonesia/,Wed Aug 12 2026 04:15:17 GMT+0000 (Coordinated Universal Time),27,Connect X,connect x,,,,,,
2026-08-12T09:20:26.861026+00:00,20260812-092026,https://trends24.in/indonesia/,Wed Aug 12 2026 04:15:17 GMT+0000 (Coordinated Universal Time),28,Login with X,login with x,,,,,,
2026-08-12T09:20:26.861026+00:00,20260812-092026,https://trends24.in/indonesia/,Wed Aug 12 2026 04:15:17 GMT+0000 (Coordinated Universal Time),29,$PONS,$pons,,,,,,
2026-08-12T09:20:26.861026+00:00,20260812-092026,https://trends24.in/indonesia/,Wed Aug 12 2026 04:15:17 GMT+0000 (Coordinated Universal Time),30,And Wait,and wait,,,,,,
2026-08-12T09:20:26.861026+00:00,20260812-092026,https://trends24.in/indonesia/,Wed Aug 12 2026 04:15:17 GMT+0000 (Coordinated Universal Time),31,Yapping,yapping,,,,,,
2026-08-12T09:20:26.861026+00:00,20260812-092026,https://trends24.in/indonesia/,Wed Aug 12 2026 04:15:17 GMT+0000 (Coordinated Universal Time),32,Lomba,lomba,,,,,,
2026-08-12T09:20:26.861026+00:00,20260812-092026,https://trends24.in/indonesia/,Wed Aug 12 2026 04:15:17 GMT+0000 (Coordinated Universal Time),33,Carmen,carmen,,,,,,
2026-08-12T09:20:26.861026+00:00,20260812-092026,https://trends24.in/indonesia/,Wed Aug 12 2026 04:15:17 GMT+0000 (Coordinated Universal Time),34,#DittipidNarkoba,dittipidnarkoba,,,,,,
2026-08-12T09:20:26.861026+00:00,20260812-092026,https://trends24.in/indonesia/,Wed Aug 12 2026 04:15:17 GMT+0000 (Coordinated Universal Time),35,#HANxTODs,hanxtods,,,,,,
2026-08-12T09:20:26.861026+00:00,20260812-092026,https://trends24.in/indonesia/,Wed Aug 12 2026 04:15:17 GMT+0000 (Coordinated Universal Time),36,#LawanNarkoba,lawannarkoba,,,,,,
2026-08-12T09:20:26.861026+00:00,20260812-092026,https://trends24.in/indonesia/,Wed Aug 12 2026 04:15:17 GMT+0000 (Coordinated Universal Time),37,#BareskrimPolri,bareskrimpolri,,,,,,
2026-08-12T09:20:26.861026+00:00,20260812-092026,https://trends24.in/indonesia/,Wed Aug 12 2026 04:15:17 GMT+0000 (Coordinated Universal Time),38,#JIN_IN_BALTIMORE_D2,jin_in_baltimore_d2,,,,,,
2026-08-12T09:20:26.861026+00:00,20260812-092026,https://trends24.in/indonesia/,Wed Aug 12 2026 04:15:17 GMT+0000 (Coordinated Universal Time),39,#BangkokHalfMarathon,bangkokhalfmarathon,,,,,,
2026-08-12T09:20:26.861026+00:00,20260812-092026,https://trends24.in/indonesia/,Wed Aug 12 2026 04:15:17 GMT+0000 (Coordinated Universal Time),40,#à¸à¸¸à¸à¹à¸à¸ªà¸±à¸à¸à¸´à¸§à¸²à¸ªEP5,à¸à¸¸à¸à¹à¸à¸ªà¸±à¸à¸à¸´à¸§à¸²à¸ªep5,,,,,,
2026-08-12T09:20:26.861026+00:00,20260812-092026,https://trends24.in/indonesia/,Wed Aug 12 2026 04:15:17 GMT+0000 (Coordinated Universal Time),41,#zonajajanï¸ï¸,zonajajanï¸ï¸,,,,,,
2026-08-12T09:20:26.861026+00:00,20260812-092026,https://trends24.in/indonesia/,Wed Aug 12 2026 04:15:17 GMT+0000 (Coordinated Universal Time),42,#Airdrop,airdrop,,,,,,
2026-08-12T09:20:26.861026+00:00,20260812-092026,https://trends24.in/indonesia/,Wed Aug 12 2026 03:21:24 GMT+0000 (Coordinated Universal Time),1,$MOTION,$motion,,,,,,
2026-08-12T09:20:26.861026+00:00,20260812-092026,https://trends24.in/indonesia/,Wed Aug 12 2026 03:21:24 GMT+0000 (Coordinated Universal Time),2,#PYPD_IN_IRVING,pypd_in_irving,,,,,,
2026-08-12T09:20:26.861026+00:00,20260812-092026,https://trends24.in/indonesia/,Wed Aug 12 2026 03:21:24 GMT+0000 (Coordinated Universal Time),3,TAEKOOK,taekook,,,,,,
2026-08-12T09:20:26.861026+00:00,20260812-092026,https://trends24.in/indonesia/,Wed Aug 12 2026 03:21:24 GMT+0000 (Coordinated Universal Time),4,#12AugustHalfMarathon,12augusthalfmarathon,,,,,,
2026-08-12T09:20:26.861026+00:00,20260812-092026,https://trends24.in/indonesia/,Wed Aug 12 2026 03:21:24 GMT+0000 (Coordinated Universal Time),5,Rabu,rabu,,,,,,
2026-08-12T09:20:26.861026+00:00,20260812-092026,https://trends24.in/indonesia/,Wed Aug 12 2026 03:21:24 GMT+0000 (Coordinated Universal Time),6,TipFi,tipfi,,,,,,
2026-08-12T09:20:26.861026+00:00,20260812-092026,https://trends24.in/indonesia/,Wed Aug 12 2026 03:21:24 GMT+0000 (Coordinated Universal Time),7,Robinhood Chain,robinhood chain,,,,,,
2026-08-12T09:20:26.861026+00:00,20260812-092026,https://trends24.in/indonesia/,Wed Aug 12 2026 03:21:24 GMT+0000 (Coordinated Universal Time),8,JUST ONE DAY,just one day,,,,,,
2026-08-12T09:20:26.861026+00:00,20260812-092026,https://trends24.in/indonesia/,Wed Aug 12 2026 03:21:24 GMT+0000 (Coordinated Universal Time),9,#JUHOONStageCommander,juhoonstagecommander,,,,,,
2026-08-12T09:20:26.861026+00:00,20260812-092026,https://trends24.in/indonesia/,Wed Aug 12 2026 03:21:24 GMT+0000 (Coordinated Universal Time),10,#HANxTODs,hanxtods,,,,,,
2026-08-12T09:20:26.861026+00:00,20260812-092026,https://trends24.in/indonesia/,Wed Aug 12 2026 03:21:24 GMT+0000 (Coordinated Universal Time),11,MONDPRO RUN FOR MOM,mondpro run for mom,,,,,,
2026-08-12T09:20:26.861026+00:00,20260812-092026,https://trends24.in/indonesia/,Wed Aug 12 2026 03:21:24 GMT+0000 (Coordinated Universal Time),12,#JIN_IN_BALTIMORE_D2,jin_in_baltimore_d2,,,,,,
2026-08-12T09:20:26.861026+00:00,20260812-092026,https://trends24.in/indonesia/,Wed Aug 12 2026 03:21:24 GMT+0000 (Coordinated Universal Time),13,Masih 0,masih 0,,,,,,
2026-08-12T09:20:26.861026+00:00,20260812-092026,https://trends24.in/indonesia/,Wed Aug 12 2026 03:21:24 GMT+0000 (Coordinated Universal Time),14,JIN LIGHTS UP CHARM CITY,jin lights up charm city,,,,,,
2026-08-12T09:20:26.861026+00:00,20260812-092026,https://trends24.in/indonesia/,Wed Aug 12 2026 03:21:24 GMT+0000 (Coordinated Universal Time),15,Alokasi,alokasi,,,,,,
2026-08-12T09:20:26.861026+00:00,20260812-092026,https://trends24.in/indonesia/,Wed Aug 12 2026 03:21:24 GMT+0000 (Coordinated Universal Time),16,NEWWIEE RUN FOR MOM 2026,newwiee run for mom 2026,,,,,,
2026-08-12T09:20:26.861026+00:00,20260812-092026,https://trends24.in/indonesia/,Wed Aug 12 2026 03:21:24 GMT+0000 (Coordinated Universal Time),17,Snezhnaya,snezhnaya,,,,,,
2026-08-12T09:20:26.861026+00:00,20260812-092026,https://trends24.in/indonesia/,Wed Aug 12 2026 03:21:24 GMT+0000 (Coordinated Universal Time),18,Cristiano Ronaldo,cristiano ronaldo,,,,,,
2026-08-12T09:20:26.861026+00:00,20260812-092026,https://trends24.in/indonesia/,Wed Aug 12 2026 03:21:24 GMT+0000 (Coordinated Universal Time),19,Love Destiny EP5,love destiny ep5,,,,,,
2026-08-12T09:20:26.861026+00:00,20260812-092026,https://trends24.in/indonesia/,Wed Aug 12 2026 03:21:24 GMT+0000 (Coordinated Universal Time),20,Your X,your x,,,,,,
2026-08-12T09:20:26.861026+00:00,20260812-092026,https://trends24.in/indonesia/,Wed Aug 12 2026 03:21:24 GMT+0000 (Coordinated Universal Time),21,$PONS,$pons,,,,,,
2026-08-12T09:20:26.861026+00:00,20260812-092026,https://trends24.in/indonesia/,Wed Aug 12 2026 03:21:24 GMT+0000 (Coordinated Universal Time),22,Odette,odette,,,,,,
2026-08-12T09:20:26.861026+00:00,20260812-092026,https://trends24.in/indonesia/,Wed Aug 12 2026 03:21:24 GMT+0000 (Coordinated Universal Time),23,ICONIC HEART,iconic heart,,,,,,
2026-08-12T09:20:26.861026+00:00,20260812-092026,https://trends24.in/indonesia/,Wed Aug 12 2026 03:21:24 GMT+0000 (Coordinated Universal Time),24,Enzo,enzo,,,,,,
2026-08-12T09:20:26.861026+00:00,20260812-092026,https://trends24.in/indonesia/,Wed Aug 12 2026 03:21:24 GMT+0000 (Coordinated Universal Time),25,Login with X,login with x,,,,,,
2026-08-12T09:20:26.861026+00:00,20260812-092026,https://trends24.in/indonesia/,Wed Aug 12 2026 03:21:24 GMT+0000 (Coordinated Universal Time),26,Connect X,connect x,,,,,,
2026-08-12T09:20:26.861026+00:00,20260812-092026,https://trends24.in/indonesia/,Wed Aug 12 2026 03:21:24 GMT+0000 (Coordinated Universal Time),27,Balance,balance,,,,,,
2026-08-12T09:20:26.861026+00:00,20260812-092026,https://trends24.in/indonesia/,Wed Aug 12 2026 03:21:24 GMT+0000 (Coordinated Universal Time),28,And Wait,and wait,,,,,,
2026-08-12T09:20:26.861026+00:00,20260812-092026,https://trends24.in/indonesia/,Wed Aug 12 2026 03:21:24 GMT+0000 (Coordinated Universal Time),29,Yapping,yapping,,,,,,
2026-08-12T09:20:26.861026+00:00,20260812-092026,https://trends24.in/indonesia/,Wed Aug 12 2026 03:21:24 GMT+0000 (Coordinated Universal Time),30,Lomba,lomba,,,,,,
2026-08-12T09:20:26.861026+00:00,20260812-092026,https://trends24.in/indonesia/,Wed Aug 12 2026 03:21:24 GMT+0000 (Coordinated Universal Time),31,Carmen,carmen,,,,,,
2026-08-12T09:20:26.861026+00:00,20260812-092026,https://trends24.in/indonesia/,Wed Aug 12 2026 03:21:24 GMT+0000 (Coordinated Universal Time),32,SKY NANI FANCON LIVEHOUSE,sky nani fancon livehouse,,,,,,
2026-08-12T09:20:26.861026+00:00,20260812-092026,https://trends24.in/indonesia/,Wed Aug 12 2026 03:21:24 GMT+0000 (Coordinated Universal Time),33,$TOAD,$toad,,,,,,
2026-08-12T09:20:26.861026+00:00,20260812-092026,https://trends24.in/indonesia/,Wed Aug 12 2026 03:21:24 GMT+0000 (Coordinated Universal Time),34,#BangkokHalfMarathon,bangkokhalfmarathon,,,,,,
2026-08-12T09:20:26.861026+00:00,20260812-092026,https://trends24.in/indonesia/,Wed Aug 12 2026 03:21:24 GMT+0000 (Coordinated Universal Time),35,#à¸à¸¸à¸à¹à¸à¸ªà¸±à¸à¸à¸´à¸§à¸²à¸ªEP5,à¸à¸¸à¸à¹à¸à¸ªà¸±à¸à¸à¸´à¸§à¸²à¸ªep5,,,,,,
2026-08-12T09:20:26.861026+00:00,20260812-092026,https://trends24.in/indonesia/,Wed Aug 12 2026 03:21:24 GMT+0000 (Coordinated Universal Time),36,#zonajajanï¸ï¸,zonajajanï¸ï¸,,,,,,
2026-08-12T09:20:26.861026+00:00,20260812-092026,https://trends24.in/indonesia/,Wed Aug 12 2026 03:21:24 GMT+0000 (Coordinated Universal Time),37,#Airdrop,airdrop,,,,,,
2026-08-12T09:20:26.861026+00:00,20260812-092026,https://trends24.in/indonesia/,Wed Aug 12 2026 03:21:24 GMT+0000 (Coordinated Universal Time),38,#Web3,web3,,,,,,
2026-08-12T09:20:26.861026+00:00,20260812-092026,https://trends24.in/indonesia/,Wed Aug 12 2026 03:21:24 GMT+0000 (Coordinated Universal Time),39,#GMMTVLiveHouse,gmmtvlivehouse,,,,,,
2026-08-12T09:20:26.861026+00:00,20260812-092026,https://trends24.in/indonesia/,Wed Aug 12 2026 03:21:24 GMT+0000 (Coordinated Universal Time),40,#Crypto,crypto,,,,,,
2026-08-12T09:20:26.861026+00:00,20260812-092026,https://trends24.in/indonesia/,Wed Aug 12 2026 03:21:24 GMT+0000 (Coordinated Universal Time),41,#SkyNaniSToTheNFancon,skynanistothenfancon,,,,,,
2026-08-12T09:20:26.861026+00:00,20260812-092026,https://trends24.in/indonesia/,Wed Aug 12 2026 02:30:41 GMT+0000 (Coordinated Universal Time),1,$MOTION,$motion,,,,,,
2026-08-12T09:20:26.861026+00:00,20260812-092026,https://trends24.in/indonesia/,Wed Aug 12 2026 02:30:41 GMT+0000 (Coordinated Universal Time),2,#PYPD_IN_IRVING,pypd_in_irving,,,,,,
2026-08-12T09:20:26.861026+00:00,20260812-092026,https://trends24.in/indonesia/,Wed Aug 12 2026 02:30:41 GMT+0000 (Coordinated Universal Time),3,#12AugustHalfMarathon,12augusthalfmarathon,,,,,,
2026-08-12T09:20:26.861026+00:00,20260812-092026,https://trends24.in/indonesia/,Wed Aug 12 2026 02:30:41 GMT+0000 (Coordinated Universal Time),4,Robinhood Chain,robinhood chain,,,,,,
2026-08-12T09:20:26.861026+00:00,20260812-092026,https://trends24.in/indonesia/,Wed Aug 12 2026 02:30:41 GMT+0000 (Coordinated Universal Time),5,TipFi,tipfi,,,,,,
2026-08-12T09:20:26.861026+00:00,20260812-092026,https://trends24.in/indonesia/,Wed Aug 12 2026 02:30:41 GMT+0000 (Coordinated Universal Time),6,Rabu,rabu,,,,,,
2026-08-12T09:20:26.861026+00:00,20260812-092026,https://trends24.in/indonesia/,Wed Aug 12 2026 02:30:41 GMT+0000 (Coordinated Universal Time),7,#HANxTODs,hanxtods,,,,,,
2026-08-12T09:20:26.861026+00:00,20260812-092026,https://trends24.in/indonesia/,Wed Aug 12 2026 02:30:41 GMT+0000 (Coordinated Universal Time),8,MONDPRO RUN FOR MOM,mondpro run for mom,,,,,,
2026-08-12T09:20:26.861026+00:00,20260812-092026,https://trends24.in/indonesia/,Wed Aug 12 2026 02:30:41 GMT+0000 (Coordinated Universal Time),9,#JIN_IN_BALTIMORE_D2,jin_in_baltimore_d2,,,,,,
2026-08-12T09:20:26.861026+00:00,20260812-092026,https://trends24.in/indonesia/,Wed Aug 12 2026 02:30:41 GMT+0000 (Coordinated Universal Time),10,NEWWIEE RUN FOR MOM 2026,newwiee run for mom 2026,,,,,,
2026-08-12T09:20:26.861026+00:00,20260812-092026,https://trends24.in/indonesia/,Wed Aug 12 2026 02:30:41 GMT+0000 (Coordinated Universal Time),11,JIN LIGHTS UP CHARM CITY,jin lights up charm city,,,,,,
2026-08-12T09:20:26.861026+00:00,20260812-092026,https://trends24.in/indonesia/,Wed Aug 12 2026 02:30:41 GMT+0000 (Coordinated Universal Time),12,#BangkokHalfMarathon,bangkokhalfmarathon,,,,,,
2026-08-12T09:20:26.861026+00:00,20260812-092026,https://trends24.in/indonesia/,Wed Aug 12 2026 02:30:41 GMT+0000 (Coordinated Universal Time),13,Masih 0,masih 0,,,,,,
2026-08-12T09:20:26.861026+00:00,20260812-092026,https://trends24.in/indonesia/,Wed Aug 12 2026 02:30:41 GMT+0000 (Coordinated Universal Time),14,$WISHBONE,$wishbone,,,,,,
2026-08-12T09:20:26.861026+00:00,20260812-092026,https://trends24.in/indonesia/,Wed Aug 12 2026 02:30:41 GMT+0000 (Coordinated Universal Time),15,Love Destiny EP5,love destiny ep5,,,,,,
2026-08-12T09:20:26.861026+00:00,20260812-092026,https://trends24.in/indonesia/,Wed Aug 12 2026 02:30:41 GMT+0000 (Coordinated Universal Time),16,Snezhnaya,snezhnaya,,,,,,
2026-08-12T09:20:26.861026+00:00,20260812-092026,https://trends24.in/indonesia/,Wed Aug 12 2026 02:30:41 GMT+0000 (Coordinated Universal Time),17,Your X,your x,,,,,,
2026-08-12T09:20:26.861026+00:00,20260812-092026,https://trends24.in/indonesia/,Wed Aug 12 2026 02:30:41 GMT+0000 (Coordinated Universal Time),18,$PONS,$pons,,,,,,
2026-08-12T09:20:26.861026+00:00,20260812-092026,https://trends24.in/indonesia/,Wed Aug 12 2026 02:30:41 GMT+0000 (Coordinated Universal Time),19,Login with X,login with x,,,,,,
2026-08-12T09:20:26.861026+00:00,20260812-092026,https://trends24.in/indonesia/,Wed Aug 12 2026 02:30:41 GMT+0000 (Coordinated Universal Time),20,Enzo,enzo,,,,,,
2026-08-12T09:20:26.861026+00:00,20260812-092026,https://trends24.in/indonesia/,Wed Aug 12 2026 02:30:41 GMT+0000 (Coordinated Universal Time),21,Connect X,connect x,,,,,,
2026-08-12T09:20:26.861026+00:00,20260812-092026,https://trends24.in/indonesia/,Wed Aug 12 2026 02:30:41 GMT+0000 (Coordinated Universal Time),22,Balance,balance,,,,,,
2026-08-12T09:20:26.861026+00:00,20260812-092026,https://trends24.in/indonesia/,Wed Aug 12 2026 02:30:41 GMT+0000 (Coordinated Universal Time),23,ICONIC HEART,iconic heart,,,,,,
2026-08-12T09:20:26.861026+00:00,20260812-092026,https://trends24.in/indonesia/,Wed Aug 12 2026 02:30:41 GMT+0000 (Coordinated Universal Time),24,And Wait,and wait,,,,,,
2026-08-12T09:20:26.861026+00:00,20260812-092026,https://trends24.in/indonesia/,Wed Aug 12 2026 02:30:41 GMT+0000 (Coordinated Universal Time),25,Odette,odette,,,,,,
2026-08-12T09:20:26.861026+00:00,20260812-092026,https://trends24.in/indonesia/,Wed Aug 12 2026 02:30:41 GMT+0000 (Coordinated Universal Time),26,Carmen,carmen,,,,,,
2026-08-12T09:20:26.861026+00:00,20260812-092026,https://trends24.in/indonesia/,Wed Aug 12 2026 02:30:41 GMT+0000 (Coordinated Universal Time),27,SKY NANI FANCON LIVEHOUSE,sky nani fancon livehouse,,,,,,
2026-08-12T09:20:26.861026+00:00,20260812-092026,https://trends24.in/indonesia/,Wed Aug 12 2026 02:30:41 GMT+0000 (Coordinated Universal Time),28,$TOAD,$toad,,,,,,
2026-08-12T09:20:26.861026+00:00,20260812-092026,https://trends24.in/indonesia/,Wed Aug 12 2026 02:30:41 GMT+0000 (Coordinated Universal Time),29,#à¸à¸¸à¸à¹à¸à¸ªà¸±à¸à¸à¸´à¸§à¸²à¸ªEP5,à¸à¸¸à¸à¹à¸à¸ªà¸±à¸à¸à¸´à¸§à¸²à¸ªep5,,,,,,
2026-08-12T09:20:26.861026+00:00,20260812-092026,https://trends24.in/indonesia/,Wed Aug 12 2026 02:30:41 GMT+0000 (Coordinated Universal Time),30,#Web3,web3,,,,,,
2026-08-12T09:20:26.861026+00:00,20260812-092026,https://trends24.in/indonesia/,Wed Aug 12 2026 02:30:41 GMT+0000 (Coordinated Universal Time),31,#Airdrop,airdrop,,,,,,
2026-08-12T09:20:26.861026+00:00,20260812-092026,https://trends24.in/indonesia/,Wed Aug 12 2026 02:30:41 GMT+0000 (Coordinated Universal Time),32,#GMMTVLiveHouse,gmmtvlivehouse,,,,,,
2026-08-12T09:20:26.861026+00:00,20260812-092026,https://trends24.in/indonesia/,Wed Aug 12 2026 02:30:41 GMT+0000 (Coordinated Universal Time),33,#Crypto,crypto,,,,,,
2026-08-12T09:20:26.861026+00:00,20260812-092026,https://trends24.in/indonesia/,Wed Aug 12 2026 02:30:41 GMT+0000 (Coordinated Universal Time),34,#SkyNaniSToTheNFancon,skynanistothenfancon,,,,,,
2026-08-12T09:20:26.861026+00:00,20260812-092026,https://trends24.in/indonesia/,Wed Aug 12 2026 01:39:25 GMT+0000 (Coordinated Universal Time),1,$MOTION,$motion,,,,,,
2026-08-12T09:20:26.861026+00:00,20260812-092026,https://trends24.in/indonesia/,Wed Aug 12 2026 01:39:25 GMT+0000 (Coordinated Universal Time),2,#MrKillSeriesEP6,mrkillseriesep6,,,,,,
2026-08-12T09:20:26.861026+00:00,20260812-092026,https://trends24.in/indonesia/,Wed Aug 12 2026 01:39:25 GMT+0000 (Coordinated Universal Time),3,TipFi,tipfi,,,,,,
2026-08-12T09:20:26.861026+00:00,20260812-092026,https://trends24.in/indonesia/,Wed Aug 12 2026 01:39:25 GMT+0000 (Coordinated Universal Time),4,Robinhood Chain,robinhood chain,,,,,,
2026-08-12T09:20:26.861026+00:00,20260812-092026,https://trends24.in/indonesia/,Wed Aug 12 2026 01:39:25 GMT+0000 (Coordinated Universal Time),5,#12AugustHalfMarathon,12augusthalfmarathon,,,,,,
2026-08-12T09:20:26.861026+00:00,20260812-092026,https://trends24.in/indonesia/,Wed Aug 12 2026 01:39:25 GMT+0000 (Coordinated Universal Time),6,#PYPD_IN_IRVING,pypd_in_irving,,,,,,
2026-08-12T09:20:26.861026+00:00,20260812-092026,https://trends24.in/indonesia/,Wed Aug 12 2026 01:39:25 GMT+0000 (Coordinated Universal Time),7,#SDMBisnisTeknologi,sdmbisnisteknologi,,,,,,
2026-08-12T09:20:26.861026+00:00,20260812-092026,https://trends24.in/indonesia/,Wed Aug 12 2026 01:39:25 GMT+0000 (Coordinated Universal Time),8,Login with X,login with x,,,,,,
2026-08-12T09:20:26.861026+00:00,20260812-092026,https://trends24.in/indonesia/,Wed Aug 12 2026 01:39:25 GMT+0000 (Coordinated Universal Time),9,#tindakpenyebarhoaks,tindakpenyebarhoaks,,,,,,
2026-08-12T09:20:26.861026+00:00,20260812-092026,https://trends24.in/indonesia/,Wed Aug 12 2026 01:39:25 GMT+0000 (Coordinated Universal Time),10,amankan agustusan,amankan agustusan,,,,,,
2026-08-12T09:20:26.861026+00:00,20260812-092026,https://trends24.in/indonesia/,Wed Aug 12 2026 01:39:25 GMT+0000 (Coordinated Universal Time),11,Pagii,pagii,,,,,,
2026-08-12T09:20:26.861026+00:00,20260812-092026,https://trends24.in/indonesia/,Wed Aug 12 2026 01:39:25 GMT+0000 (Coordinated Universal Time),12,MONDPRO RUN FOR MOM,mondpro run for mom,,,,,,
2026-08-12T09:20:26.861026+00:00,20260812-092026,https://trends24.in/indonesia/,Wed Aug 12 2026 01:39:25 GMT+0000 (Coordinated Universal Time),13,JIN LIGHTS UP CHARM CITY,jin lights up charm city,,,,,,
2026-08-12T09:20:26.861026+00:00,20260812-092026,https://trends24.in/indonesia/,Wed Aug 12 2026 01:39:25 GMT+0000 (Coordinated Universal Time),14,bangun fondasi inovasi,bangun fondasi inovasi,,,,,,
2026-08-12T09:20:26.861026+00:00,20260812-092026,https://trends24.in/indonesia/,Wed Aug 12 2026 01:39:25 GMT+0000 (Coordinated Universal Time),15,KEONHO SETS TEXAS ABLAZE,keonho sets texas ablaze,,,,,,
2026-08-12T09:20:26.861026+00:00,20260812-092026,https://trends24.in/indonesia/,Wed Aug 12 2026 01:39:25 GMT+0000 (Coordinated Universal Time),16,Rabu,rabu,,,,,,
2026-08-12T09:20:26.861026+00:00,20260812-092026,https://trends24.in/indonesia/,Wed Aug 12 2026 01:39:25 GMT+0000 (Coordinated Universal Time),17,NEWWIEE RUN FOR MOM 2026,newwiee run for mom 2026,,,,,,
2026-08-12T09:20:26.861026+00:00,20260812-092026,https://trends24.in/indonesia/,Wed Aug 12 2026 01:39:25 GMT+0000 (Coordinated Universal Time),18,SKY NANI FANCON LIVEHOUSE,sky nani fancon livehouse,,,,,,
2026-08-12T09:20:26.861026+00:00,20260812-092026,https://trends24.in/indonesia/,Wed Aug 12 2026 01:39:25 GMT+0000 (Coordinated Universal Time),19,HAN AT AUTUNNO ITALIANO,han at autunno italiano,,,,,,
2026-08-12T09:20:26.861026+00:00,20260812-092026,https://trends24.in/indonesia/,Wed Aug 12 2026 01:39:25 GMT+0000 (Coordinated Universal Time),20,WAYV VISION WINGS OUT NOW,wayv vision wings out now,,,,,,
2026-08-12T09:20:26.861026+00:00,20260812-092026,https://trends24.in/indonesia/,Wed Aug 12 2026 01:39:25 GMT+0000 (Coordinated Universal Time),21,Balance,balance,,,,,,
2026-08-12T09:20:26.861026+00:00,20260812-092026,https://trends24.in/indonesia/,Wed Aug 12 2026 01:39:25 GMT+0000 (Coordinated Universal Time),22,$XTAL,$xtal,,,,,,
2026-08-12T09:20:26.861026+00:00,20260812-092026,https://trends24.in/indonesia/,Wed Aug 12 2026 01:39:25 GMT+0000 (Coordinated Universal Time),23,Love Destiny EP5,love destiny ep5,,,,,,
2026-08-12T09:20:26.861026+00:00,20260812-092026,https://trends24.in/indonesia/,Wed Aug 12 2026 01:39:25 GMT+0000 (Coordinated Universal Time),24,Masih 0,masih 0,,,,,,
2026-08-12T09:20:26.861026+00:00,20260812-092026,https://trends24.in/indonesia/,Wed Aug 12 2026 01:39:25 GMT+0000 (Coordinated Universal Time),25,Bilal Hasan,bilal hasan,,,,,,
2026-08-12T09:20:26.861026+00:00,20260812-092026,https://trends24.in/indonesia/,Wed Aug 12 2026 01:39:25 GMT+0000 (Coordinated Universal Time),26,NUNEW FEAT BOWKYLION,nunew feat bowkylion,,,,,,
2026-08-12T09:20:26.861026+00:00,20260812-092026,https://trends24.in/indonesia/,Wed Aug 12 2026 01:39:25 GMT+0000 (Coordinated Universal Time),27,And Wait,and wait,,,,,,
2026-08-12T09:20:26.861026+00:00,20260812-092026,https://trends24.in/indonesia/,Wed Aug 12 2026 01:39:25 GMT+0000 (Coordinated Universal Time),28,Assemble Teaser D1,assemble teaser d1,,,,,,
2026-08-12T09:20:26.861026+00:00,20260812-092026,https://trends24.in/indonesia/,Wed Aug 12 2026 01:39:25 GMT+0000 (Coordinated Universal Time),29,PONDPHUWIN IN LIVEHOUSE,pondphuwin in livehouse,,,,,,
2026-08-12T09:20:26.861026+00:00,20260812-092026,https://trends24.in/indonesia/,Wed Aug 12 2026 01:39:25 GMT+0000 (Coordinated Universal Time),30,Sarapan,sarapan,,,,,,
2026-08-12T09:20:26.861026+00:00,20260812-092026,https://trends24.in/indonesia/,Wed Aug 12 2026 01:39:25 GMT+0000 (Coordinated Universal Time),31,Creat Post About,creat post about,,,,,,
2026-08-12T09:20:26.861026+00:00,20260812-092026,https://trends24.in/indonesia/,Wed Aug 12 2026 01:39:25 GMT+0000 (Coordinated Universal Time),32,GEMINI AP POWERFUL SUMMER,gemini ap powerful summer,,,,,,
2026-08-12T09:20:26.861026+00:00,20260812-092026,https://trends24.in/indonesia/,Wed Aug 12 2026 01:39:25 GMT+0000 (Coordinated Universal Time),33,$WISHBONE,$wishbone,,,,,,
2026-08-12T09:20:26.861026+00:00,20260812-092026,https://trends24.in/indonesia/,Wed Aug 12 2026 01:39:25 GMT+0000 (Coordinated Universal Time),34,Connect X,connect x,,,,,,
2026-08-12T09:20:26.861026+00:00,20260812-092026,https://trends24.in/indonesia/,Wed Aug 12 2026 01:39:25 GMT+0000 (Coordinated Universal Time),35,Your X,your x,,,,,,
2026-08-12T09:20:26.861026+00:00,20260812-092026,https://trends24.in/indonesia/,Wed Aug 12 2026 01:39:25 GMT+0000 (Coordinated Universal Time),36,SocialFi,socialfi,,,,,,
2026-08-12T09:20:26.861026+00:00,20260812-092026,https://trends24.in/indonesia/,Wed Aug 12 2026 01:39:25 GMT+0000 (Coordinated Universal Time),37,Alokasi,alokasi,,,,,,
2026-08-12T09:20:26.861026+00:00,20260812-092026,https://trends24.in/indonesia/,Wed Aug 12 2026 01:39:25 GMT+0000 (Coordinated Universal Time),38,otsuion,otsuion,,,,,,
2026-08-12T09:20:26.861026+00:00,20260812-092026,https://trends24.in/indonesia/,Wed Aug 12 2026 01:39:25 GMT+0000 (Coordinated Universal Time),39,$TOAD,$toad,,,,,,
2026-08-12T09:20:26.861026+00:00,20260812-092026,https://trends24.in/indonesia/,Wed Aug 12 2026 01:39:25 GMT+0000 (Coordinated Universal Time),40,Tipping,tipping,,,,,,
2026-08-12T09:20:26.861026+00:00,20260812-092026,https://trends24.in/indonesia/,Wed Aug 12 2026 01:39:25 GMT+0000 (Coordinated Universal Time),41,Every 30,every 30,,,,,,
2026-08-12T09:20:26.861026+00:00,20260812-092026,https://trends24.in/indonesia/,Wed Aug 12 2026 01:39:25 GMT+0000 (Coordinated Universal Time),42,DAY OFF,day off,,,,,,
2026-08-12T09:20:26.861026+00:00,20260812-092026,https://trends24.in/indonesia/,Wed Aug 12 2026 01:39:25 GMT+0000 (Coordinated Universal Time),43,ICONIC HEART MV RELEASE,iconic heart mv release,,,,,,
2026-08-12T09:20:26.861026+00:00,20260812-092026,https://trends24.in/indonesia/,Wed Aug 12 2026 01:39:25 GMT+0000 (Coordinated Universal Time),44,Snezhnaya,snezhnaya,,,,,,
2026-08-12T09:20:26.861026+00:00,20260812-092026,https://trends24.in/indonesia/,Wed Aug 12 2026 01:39:25 GMT+0000 (Coordinated Universal Time),45,Kolombia,kolombia,,,,,,
2026-08-12T09:20:26.861026+00:00,20260812-092026,https://trends24.in/indonesia/,Wed Aug 12 2026 01:39:25 GMT+0000 (Coordinated Universal Time),46,The Grim Lover Q23,the grim lover q23,,,,,,
2026-08-12T09:20:26.861026+00:00,20260812-092026,https://trends24.in/indonesia/,Wed Aug 12 2026 01:39:25 GMT+0000 (Coordinated Universal Time),47,Tip Credit,tip credit,,,,,,
2026-08-12T09:20:26.861026+00:00,20260812-092026,https://trends24.in/indonesia/,Wed Aug 12 2026 01:39:25 GMT+0000 (Coordinated Universal Time),48,TIP ON,tip on,,,,,,
2026-08-12T09:20:26.861026+00:00,20260812-092026,https://trends24.in/indonesia/,Wed Aug 12 2026 01:39:25 GMT+0000 (Coordinated Universal Time),49,Waalaikumsalam,waalaikumsalam,,,,,,
2026-08-12T09:20:26.861026+00:00,20260812-092026,https://trends24.in/indonesia/,Wed Aug 12 2026 01:39:25 GMT+0000 (Coordinated Universal Time),50,senada stempel dua jari,senada stempel dua jari,,,,,,
2026-08-12T09:20:26.861026+00:00,20260812-092026,https://trends24.in/indonesia/,Wed Aug 12 2026 00:44:07 GMT+0000 (Coordinated Universal Time),1,$MOTION,$motion,,,,,,
2026-08-12T09:20:26.861026+00:00,20260812-092026,https://trends24.in/indonesia/,Wed Aug 12 2026 00:44:07 GMT+0000 (Coordinated Universal Time),2,#MrKillSeriesEP6,mrkillseriesep6,,,,,,
2026-08-12T09:20:26.861026+00:00,20260812-092026,https://trends24.in/indonesia/,Wed Aug 12 2026 00:44:07 GMT+0000 (Coordinated Universal Time),3,Robinhood Chain,robinhood chain,,,,,,
2026-08-12T09:20:26.861026+00:00,20260812-092026,https://trends24.in/indonesia/,Wed Aug 12 2026 00:44:07 GMT+0000 (Coordinated Universal Time),4,#12AugustHalfMarathon,12augusthalfmarathon,,,,,,
2026-08-12T09:20:26.861026+00:00,20260812-092026,https://trends24.in/indonesia/,Wed Aug 12 2026 00:44:07 GMT+0000 (Coordinated Universal Time),5,#SDMBisnisTeknologi,sdmbisnisteknologi,,,,,,
2026-08-12T09:20:26.861026+00:00,20260812-092026,https://trends24.in/indonesia/,Wed Aug 12 2026 00:44:07 GMT+0000 (Coordinated Universal Time),6,Login with X,login with x,,,,,,
2026-08-12T09:20:26.861026+00:00,20260812-092026,https://trends24.in/indonesia/,Wed Aug 12 2026 00:44:07 GMT+0000 (Coordinated Universal Time),7,Rabu,rabu,,,,,,
2026-08-12T09:20:26.861026+00:00,20260812-092026,https://trends24.in/indonesia/,Wed Aug 12 2026 00:44:07 GMT+0000 (Coordinated Universal Time),8,#HANxTODs,hanxtods,,,,,,
2026-08-12T09:20:26.861026+00:00,20260812-092026,https://trends24.in/indonesia/,Wed Aug 12 2026 00:44:07 GMT+0000 (Coordinated Universal Time),9,#tindakpenyebarhoaks,tindakpenyebarhoaks,,,,,,
2026-08-12T09:20:26.861026+00:00,20260812-092026,https://trends24.in/indonesia/,Wed Aug 12 2026 00:44:07 GMT+0000 (Coordinated Universal Time),10,NEWWIEE RUN FOR MOM 2026,newwiee run for mom 2026,,,,,,
2026-08-12T09:20:26.861026+00:00,20260812-092026,https://trends24.in/indonesia/,Wed Aug 12 2026 00:44:07 GMT+0000 (Coordinated Universal Time),11,amankan agustusan,amankan agustusan,,,,,,
2026-08-12T09:20:26.861026+00:00,20260812-092026,https://trends24.in/indonesia/,Wed Aug 12 2026 00:44:07 GMT+0000 (Coordinated Universal Time),12,HAN AT AUTUNNO ITALIANO,han at autunno italiano,,,,,,
2026-08-12T09:20:26.861026+00:00,20260812-092026,https://trends24.in/indonesia/,Wed Aug 12 2026 00:44:07 GMT+0000 (Coordinated Universal Time),13,JIN LIGHTS UP CHARM CITY,jin lights up charm city,,,,,,
2026-08-12T09:20:26.861026+00:00,20260812-092026,https://trends24.in/indonesia/,Wed Aug 12 2026 00:44:07 GMT+0000 (Coordinated Universal Time),14,bangun fondasi inovasi,bangun fondasi inovasi,,,,,,
2026-08-12T09:20:26.861026+00:00,20260812-092026,https://trends24.in/indonesia/,Wed Aug 12 2026 00:44:07 GMT+0000 (Coordinated Universal Time),15,MONDPRO RUN FOR MOM,mondpro run for mom,,,,,,
2026-08-12T09:20:26.861026+00:00,20260812-092026,https://trends24.in/indonesia/,Wed Aug 12 2026 00:44:07 GMT+0000 (Coordinated Universal Time),16,SKY NANI FANCON LIVEHOUSE,sky nani fancon livehouse,,,,,,
2026-08-12T09:20:26.861026+00:00,20260812-092026,https://trends24.in/indonesia/,Wed Aug 12 2026 00:44:07 GMT+0000 (Coordinated Universal Time),17,Pagii,pagii,,,,,,
2026-08-12T09:20:26.861026+00:00,20260812-092026,https://trends24.in/indonesia/,Wed Aug 12 2026 00:44:07 GMT+0000 (Coordinated Universal Time),18,Alokasi,alokasi,,,,,,
2026-08-12T09:20:26.861026+00:00,20260812-092026,https://trends24.in/indonesia/,Wed Aug 12 2026 00:44:07 GMT+0000 (Coordinated Universal Time),19,WAYV VISION WINGS OUT NOW,wayv vision wings out now,,,,,,
2026-08-12T09:20:26.861026+00:00,20260812-092026,https://trends24.in/indonesia/,Wed Aug 12 2026 00:44:07 GMT+0000 (Coordinated Universal Time),20,Masih 0,masih 0,,,,,,
2026-08-12T09:20:26.861026+00:00,20260812-092026,https://trends24.in/indonesia/,Wed Aug 12 2026 00:44:07 GMT+0000 (Coordinated Universal Time),21,$WISHBONE,$wishbone,,,,,,
2026-08-12T09:20:26.861026+00:00,20260812-092026,https://trends24.in/indonesia/,Wed Aug 12 2026 00:44:07 GMT+0000 (Coordinated Universal Time),22,Balance,balance,,,,,,
2026-08-12T09:20:26.861026+00:00,20260812-092026,https://trends24.in/indonesia/,Wed Aug 12 2026 00:44:07 GMT+0000 (Coordinated Universal Time),23,$XTAL,$xtal,,,,,,
2026-08-12T09:20:26.861026+00:00,20260812-092026,https://trends24.in/indonesia/,Wed Aug 12 2026 00:44:07 GMT+0000 (Coordinated Universal Time),24,Tip Credit,tip credit,,,,,,
2026-08-12T09:20:26.861026+00:00,20260812-092026,https://trends24.in/indonesia/,Wed Aug 12 2026 00:44:07 GMT+0000 (Coordinated Universal Time),25,NUNEW FEAT BOWKYLION,nunew feat bowkylion,,,,,,
2026-08-12T09:20:26.861026+00:00,20260812-092026,https://trends24.in/indonesia/,Wed Aug 12 2026 00:44:07 GMT+0000 (Coordinated Universal Time),26,PONDPHUWIN IN LIVEHOUSE,pondphuwin in livehouse,,,,,,
2026-08-12T09:20:26.861026+00:00,20260812-092026,https://trends24.in/indonesia/,Wed Aug 12 2026 00:44:07 GMT+0000 (Coordinated Universal Time),27,And Wait,and wait,,,,,,
2026-08-12T09:20:26.861026+00:00,20260812-092026,https://trends24.in/indonesia/,Wed Aug 12 2026 00:44:07 GMT+0000 (Coordinated Universal Time),28,Assemble Teaser D1,assemble teaser d1,,,,,,
2026-08-12T09:20:26.861026+00:00,20260812-092026,https://trends24.in/indonesia/,Wed Aug 12 2026 00:44:07 GMT+0000 (Coordinated Universal Time),29,SocialFi,socialfi,,,,,,
2026-08-12T09:20:26.861026+00:00,20260812-092026,https://trends24.in/indonesia/,Wed Aug 12 2026 00:44:07 GMT+0000 (Coordinated Universal Time),30,Love Destiny EP5,love destiny ep5,,,,,,
2026-08-12T09:20:26.861026+00:00,20260812-092026,https://trends24.in/indonesia/,Wed Aug 12 2026 00:44:07 GMT+0000 (Coordinated Universal Time),31,Creat Post About,creat post about,,,,,,
2026-08-12T09:20:26.861026+00:00,20260812-092026,https://trends24.in/indonesia/,Wed Aug 12 2026 00:44:07 GMT+0000 (Coordinated Universal Time),32,GEMINI AP POWERFUL SUMMER,gemini ap powerful summer,,,,,,
2026-08-12T09:20:26.861026+00:00,20260812-092026,https://trends24.in/indonesia/,Wed Aug 12 2026 00:44:07 GMT+0000 (Coordinated Universal Time),33,Connect X,connect x,,,,,,
2026-08-12T09:20:26.861026+00:00,20260812-092026,https://trends24.in/indonesia/,Wed Aug 12 2026 00:44:07 GMT+0000 (Coordinated Universal Time),34,Every 30,every 30,,,,,,
2026-08-12T09:20:26.861026+00:00,20260812-092026,https://trends24.in/indonesia/,Wed Aug 12 2026 00:44:07 GMT+0000 (Coordinated Universal Time),35,Your X,your x,,,,,,
2026-08-12T09:20:26.861026+00:00,20260812-092026,https://trends24.in/indonesia/,Wed Aug 12 2026 00:44:07 GMT+0000 (Coordinated Universal Time),36,otsuion,otsuion,,,,,,
2026-08-12T09:20:26.861026+00:00,20260812-092026,https://trends24.in/indonesia/,Wed Aug 12 2026 00:44:07 GMT+0000 (Coordinated Universal Time),37,Allocation,allocation,,,,,,
2026-08-12T09:20:26.861026+00:00,20260812-092026,https://trends24.in/indonesia/,Wed Aug 12 2026 00:44:07 GMT+0000 (Coordinated Universal Time),38,$TOAD,$toad,,,,,,
2026-08-12T09:20:26.861026+00:00,20260812-092026,https://trends24.in/indonesia/,Wed Aug 12 2026 00:44:07 GMT+0000 (Coordinated Universal Time),39,ICE ELATION,ice elation,,,,,,
2026-08-12T09:20:26.861026+00:00,20260812-092026,https://trends24.in/indonesia/,Wed Aug 12 2026 00:44:07 GMT+0000 (Coordinated Universal Time),40,Waalaikumsalam,waalaikumsalam,,,,,,
2026-08-12T09:20:26.861026+00:00,20260812-092026,https://trends24.in/indonesia/,Wed Aug 12 2026 00:44:07 GMT+0000 (Coordinated Universal Time),41,Tipping,tipping,,,,,,
2026-08-12T09:20:26.861026+00:00,20260812-092026,https://trends24.in/indonesia/,Wed Aug 12 2026 00:44:07 GMT+0000 (Coordinated Universal Time),42,DAY OFF,day off,,,,,,
2026-08-12T09:20:26.861026+00:00,20260812-092026,https://trends24.in/indonesia/,Wed Aug 12 2026 00:44:07 GMT+0000 (Coordinated Universal Time),43,Kolombia,kolombia,,,,,,
2026-08-12T09:20:26.861026+00:00,20260812-092026,https://trends24.in/indonesia/,Wed Aug 12 2026 00:44:07 GMT+0000 (Coordinated Universal Time),44,The Grim Lover Q23,the grim lover q23,,,,,,
2026-08-12T09:20:26.861026+00:00,20260812-092026,https://trends24.in/indonesia/,Wed Aug 12 2026 00:44:07 GMT+0000 (Coordinated Universal Time),45,ICONIC HEART MV RELEASE,iconic heart mv release,,,,,,
2026-08-12T09:20:26.861026+00:00,20260812-092026,https://trends24.in/indonesia/,Wed Aug 12 2026 00:44:07 GMT+0000 (Coordinated Universal Time),46,TIP ON,tip on,,,,,,
2026-08-12T09:20:26.861026+00:00,20260812-092026,https://trends24.in/indonesia/,Wed Aug 12 2026 00:44:07 GMT+0000 (Coordinated Universal Time),47,senada stempel dua jari,senada stempel dua jari,,,,,,
2026-08-12T09:20:26.861026+00:00,20260812-092026,https://trends24.in/indonesia/,Wed Aug 12 2026 00:44:07 GMT+0000 (Coordinated Universal Time),48,Selasa,selasa,,,,,,
2026-08-12T09:20:26.861026+00:00,20260812-092026,https://trends24.in/indonesia/,Wed Aug 12 2026 00:44:07 GMT+0000 (Coordinated Universal Time),49,NEO CITY,neo city,,,,,,
2026-08-12T09:20:26.861026+00:00,20260812-092026,https://trends24.in/indonesia/,Wed Aug 12 2026 00:44:07 GMT+0000 (Coordinated Universal Time),50,PiÃ±ata Track Video,piã±ata track video,,,,,,
2026-08-12T09:20:26.861026+00:00,20260812-092026,https://trends24.in/indonesia/,Tue Aug 11 2026 23:52:16 GMT+0000 (Coordinated Universal Time),1,$MOTION,$motion,,,,,,
2026-08-12T09:20:26.861026+00:00,20260812-092026,https://trends24.in/indonesia/,Tue Aug 11 2026 23:52:16 GMT+0000 (Coordinated Universal Time),2,#MrKillSeriesEP6,mrkillseriesep6,,,,,,
2026-08-12T09:20:26.861026+00:00,20260812-092026,https://trends24.in/indonesia/,Tue Aug 11 2026 23:52:16 GMT+0000 (Coordinated Universal Time),3,Robinhood Chain,robinhood chain,,,,,,
2026-08-12T09:20:26.861026+00:00,20260812-092026,https://trends24.in/indonesia/,Tue Aug 11 2026 23:52:16 GMT+0000 (Coordinated Universal Time),4,TipFi,tipfi,,,,,,
2026-08-12T09:20:26.861026+00:00,20260812-092026,https://trends24.in/indonesia/,Tue Aug 11 2026 23:52:16 GMT+0000 (Coordinated Universal Time),5,#12AugustHalfMarathon,12augusthalfmarathon,,,,,,
2026-08-12T09:20:26.861026+00:00,20260812-092026,https://trends24.in/indonesia/,Tue Aug 11 2026 23:52:16 GMT+0000 (Coordinated Universal Time),6,#SDMBisnisTeknologi,sdmbisnisteknologi,,,,,,
2026-08-12T09:20:26.861026+00:00,20260812-092026,https://trends24.in/indonesia/,Tue Aug 11 2026 23:52:16 GMT+0000 (Coordinated Universal Time),7,Login with X,login with x,,,,,,
2026-08-12T09:20:26.861026+00:00,20260812-092026,https://trends24.in/indonesia/,Tue Aug 11 2026 23:52:16 GMT+0000 (Coordinated Universal Time),8,NEWWIEE RUN FOR MOM 2026,newwiee run for mom 2026,,,,,,
2026-08-12T09:20:26.861026+00:00,20260812-092026,https://trends24.in/indonesia/,Tue Aug 11 2026 23:52:16 GMT+0000 (Coordinated Universal Time),9,#Flex1045xGAWIN_GoneAway,flex1045xgawin_goneaway,,,,,,
2026-08-12T09:20:26.861026+00:00,20260812-092026,https://trends24.in/indonesia/,Tue Aug 11 2026 23:52:16 GMT+0000 (Coordinated Universal Time),10,#tindakpenyebarhoaks,tindakpenyebarhoaks,,,,,,
2026-08-12T09:20:26.861026+00:00,20260812-092026,https://trends24.in/indonesia/,Tue Aug 11 2026 23:52:16 GMT+0000 (Coordinated Universal Time),11,amankan agustusan,amankan agustusan,,,,,,
2026-08-12T09:20:26.861026+00:00,20260812-092026,https://trends24.in/indonesia/,Tue Aug 11 2026 23:52:16 GMT+0000 (Coordinated Universal Time),12,MONDPRO RUN FOR MOM,mondpro run for mom,,,,,,
2026-08-12T09:20:26.861026+00:00,20260812-092026,https://trends24.in/indonesia/,Tue Aug 11 2026 23:52:16 GMT+0000 (Coordinated Universal Time),13,Rabu,rabu,,,,,,
2026-08-12T09:20:26.861026+00:00,20260812-092026,https://trends24.in/indonesia/,Tue Aug 11 2026 23:52:16 GMT+0000 (Coordinated Universal Time),14,bangun fondasi inovasi,bangun fondasi inovasi,,,,,,
2026-08-12T09:20:26.861026+00:00,20260812-092026,https://trends24.in/indonesia/,Tue Aug 11 2026 23:52:16 GMT+0000 (Coordinated Universal Time),15,JIN LIGHTS UP CHARM CITY,jin lights up charm city,,,,,,
2026-08-12T09:20:26.861026+00:00,20260812-092026,https://trends24.in/indonesia/,Tue Aug 11 2026 23:52:16 GMT+0000 (Coordinated Universal Time),16,SKY NANI FANCON LIVEHOUSE,sky nani fancon livehouse,,,,,,
2026-08-12T09:20:26.861026+00:00,20260812-092026,https://trends24.in/indonesia/,Tue Aug 11 2026 23:52:16 GMT+0000 (Coordinated Universal Time),17,$WISHBONE,$wishbone,,,,,,
2026-08-12T09:20:26.861026+00:00,20260812-092026,https://trends24.in/indonesia/,Tue Aug 11 2026 23:52:16 GMT+0000 (Coordinated Universal Time),18,Balance,balance,,,,,,
2026-08-12T09:20:26.861026+00:00,20260812-092026,https://trends24.in/indonesia/,Tue Aug 11 2026 23:52:16 GMT+0000 (Coordinated Universal Time),19,Connect X,connect x,,,,,,
2026-08-12T09:20:26.861026+00:00,20260812-092026,https://trends24.in/indonesia/,Tue Aug 11 2026 23:52:16 GMT+0000 (Coordinated Universal Time),20,WAYV VISION WINGS OUT NOW,wayv vision wings out now,,,,,,
2026-08-12T09:20:26.861026+00:00,20260812-092026,https://trends24.in/indonesia/,Tue Aug 11 2026 23:52:16 GMT+0000 (Coordinated Universal Time),21,$XTAL,$xtal,,,,,,
2026-08-12T09:20:26.861026+00:00,20260812-092026,https://trends24.in/indonesia/,Tue Aug 11 2026 23:52:16 GMT+0000 (Coordinated Universal Time),22,Masih 0,masih 0,,,,,,
2026-08-12T09:20:26.861026+00:00,20260812-092026,https://trends24.in/indonesia/,Tue Aug 11 2026 23:52:16 GMT+0000 (Coordinated Universal Time),23,NUNEW FEAT BOWKYLION,nunew feat bowkylion,,,,,,
2026-08-12T09:20:26.861026+00:00,20260812-092026,https://trends24.in/indonesia/,Tue Aug 11 2026 23:52:16 GMT+0000 (Coordinated Universal Time),24,Alokasi,alokasi,,,,,,
2026-08-12T09:20:26.861026+00:00,20260812-092026,https://trends24.in/indonesia/,Tue Aug 11 2026 23:52:16 GMT+0000 (Coordinated Universal Time),25,Assemble Teaser D1,assemble teaser d1,,,,,,
2026-08-12T09:20:26.861026+00:00,20260812-092026,https://trends24.in/indonesia/,Tue Aug 11 2026 23:52:16 GMT+0000 (Coordinated Universal Time),26,PONDPHUWIN IN LIVEHOUSE,pondphuwin in livehouse,,,,,,
2026-08-12T09:20:26.861026+00:00,20260812-092026,https://trends24.in/indonesia/,Tue Aug 11 2026 23:52:16 GMT+0000 (Coordinated Universal Time),27,And Wait,and wait,,,,,,
2026-08-12T09:20:26.861026+00:00,20260812-092026,https://trends24.in/indonesia/,Tue Aug 11 2026 23:52:16 GMT+0000 (Coordinated Universal Time),28,GEMINI AP POWERFUL SUMMER,gemini ap powerful summer,,,,,,
2026-08-12T09:20:26.861026+00:00,20260812-092026,https://trends24.in/indonesia/,Tue Aug 11 2026 23:52:16 GMT+0000 (Coordinated Universal Time),29,Creat Post About,creat post about,,,,,,
2026-08-12T09:20:26.861026+00:00,20260812-092026,https://trends24.in/indonesia/,Tue Aug 11 2026 23:52:16 GMT+0000 (Coordinated Universal Time),30,Tipping,tipping,,,,,,
2026-08-12T09:20:26.861026+00:00,20260812-092026,https://trends24.in/indonesia/,Tue Aug 11 2026 23:52:16 GMT+0000 (Coordinated Universal Time),31,Tip Credit,tip credit,,,,,,
2026-08-12T09:20:26.861026+00:00,20260812-092026,https://trends24.in/indonesia/,Tue Aug 11 2026 23:52:16 GMT+0000 (Coordinated Universal Time),32,Love Destiny EP5,love destiny ep5,,,,,,
2026-08-12T09:20:26.861026+00:00,20260812-092026,https://trends24.in/indonesia/,Tue Aug 11 2026 23:52:16 GMT+0000 (Coordinated Universal Time),33,SocialFi,socialfi,,,,,,
2026-08-12T09:20:26.861026+00:00,20260812-092026,https://trends24.in/indonesia/,Tue Aug 11 2026 23:52:16 GMT+0000 (Coordinated Universal Time),34,Pagiii,pagiii,,,,,,
2026-08-12T09:20:26.861026+00:00,20260812-092026,https://trends24.in/indonesia/,Tue Aug 11 2026 23:52:16 GMT+0000 (Coordinated Universal Time),35,otsuion,otsuion,,,,,,
2026-08-12T09:20:26.861026+00:00,20260812-092026,https://trends24.in/indonesia/,Tue Aug 11 2026 23:52:16 GMT+0000 (Coordinated Universal Time),36,Your X,your x,,,,,,
2026-08-12T09:20:26.861026+00:00,20260812-092026,https://trends24.in/indonesia/,Tue Aug 11 2026 23:52:16 GMT+0000 (Coordinated Universal Time),37,Waalaikumsalam,waalaikumsalam,,,,,,
2026-08-12T09:20:26.861026+00:00,20260812-092026,https://trends24.in/indonesia/,Tue Aug 11 2026 23:52:16 GMT+0000 (Coordinated Universal Time),38,ICE ELATION,ice elation,,,,,,
2026-08-12T09:20:26.861026+00:00,20260812-092026,https://trends24.in/indonesia/,Tue Aug 11 2026 23:52:16 GMT+0000 (Coordinated Universal Time),39,Kolombia,kolombia,,,,,,
2026-08-12T09:20:26.861026+00:00,20260812-092026,https://trends24.in/indonesia/,Tue Aug 11 2026 23:52:16 GMT+0000 (Coordinated Universal Time),40,NEO CITY,neo city,,,,,,
2026-08-12T09:20:26.861026+00:00,20260812-092026,https://trends24.in/indonesia/,Tue Aug 11 2026 23:52:16 GMT+0000 (Coordinated Universal Time),41,$TOAD,$toad,,,,,,
2026-08-12T09:20:26.861026+00:00,20260812-092026,https://trends24.in/indonesia/,Tue Aug 11 2026 23:52:16 GMT+0000 (Coordinated Universal Time),42,Day Off,day off,,,,,,
2026-08-12T09:20:26.861026+00:00,20260812-092026,https://trends24.in/indonesia/,Tue Aug 11 2026 23:52:16 GMT+0000 (Coordinated Universal Time),43,Allocation,allocation,,,,,,
2026-08-12T09:20:26.861026+00:00,20260812-092026,https://trends24.in/indonesia/,Tue Aug 11 2026 23:52:16 GMT+0000 (Coordinated Universal Time),44,The Grim Lover Q23,the grim lover q23,,,,,,
2026-08-12T09:20:26.861026+00:00,20260812-092026,https://trends24.in/indonesia/,Tue Aug 11 2026 23:52:16 GMT+0000 (Coordinated Universal Time),45,$BRODIE,$brodie,,,,,,
2026-08-12T09:20:26.861026+00:00,20260812-092026,https://trends24.in/indonesia/,Tue Aug 11 2026 23:52:16 GMT+0000 (Coordinated Universal Time),46,menjelang agustus,menjelang agustus,,,,,,
2026-08-12T09:20:26.861026+00:00,20260812-092026,https://trends24.in/indonesia/,Tue Aug 11 2026 23:52:16 GMT+0000 (Coordinated Universal Time),47,Every 30,every 30,,,,,,
2026-08-12T09:20:26.861026+00:00,20260812-092026,https://trends24.in/indonesia/,Tue Aug 11 2026 23:52:16 GMT+0000 (Coordinated Universal Time),48,TIP ON,tip on,,,,,,
2026-08-12T09:20:26.861026+00:00,20260812-092026,https://trends24.in/indonesia/,Tue Aug 11 2026 23:52:16 GMT+0000 (Coordinated Universal Time),49,senada stempel dua jari,senada stempel dua jari,,,,,,
2026-08-12T09:20:26.861026+00:00,20260812-092026,https://trends24.in/indonesia/,Tue Aug 11 2026 23:52:16 GMT+0000 (Coordinated Universal Time),50,X Anda,x anda,,,,,,
2026-08-12T09:20:26.861026+00:00,20260812-092026,https://trends24.in/indonesia/,Tue Aug 11 2026 23:00:07 GMT+0000 (Coordinated Universal Time),1,$MOTION,$motion,,,,,,
2026-08-12T09:20:26.861026+00:00,20260812-092026,https://trends24.in/indonesia/,Tue Aug 11 2026 23:00:07 GMT+0000 (Coordinated Universal Time),2,#MrKillSeriesEP6,mrkillseriesep6,,,,,,
2026-08-12T09:20:26.861026+00:00,20260812-092026,https://trends24.in/indonesia/,Tue Aug 11 2026 23:00:07 GMT+0000 (Coordinated Universal Time),3,Robinhood Chain,robinhood chain,,,,,,
2026-08-12T09:20:26.861026+00:00,20260812-092026,https://trends24.in/indonesia/,Tue Aug 11 2026 23:00:07 GMT+0000 (Coordinated Universal Time),4,TipFi,tipfi,,,,,,
2026-08-12T09:20:26.861026+00:00,20260812-092026,https://trends24.in/indonesia/,Tue Aug 11 2026 23:00:07 GMT+0000 (Coordinated Universal Time),5,Login with X,login with x,,,,,,
2026-08-12T09:20:26.861026+00:00,20260812-092026,https://trends24.in/indonesia/,Tue Aug 11 2026 23:00:07 GMT+0000 (Coordinated Universal Time),6,#SDMBisnisTeknologi,sdmbisnisteknologi,,,,,,
2026-08-12T09:20:26.861026+00:00,20260812-092026,https://trends24.in/indonesia/,Tue Aug 11 2026 23:00:07 GMT+0000 (Coordinated Universal Time),7,#Flex1045xGAWIN_GoneAway,flex1045xgawin_goneaway,,,,,,
2026-08-12T09:20:26.861026+00:00,20260812-092026,https://trends24.in/indonesia/,Tue Aug 11 2026 23:00:07 GMT+0000 (Coordinated Universal Time),8,#tindakpenyebarhoaks,tindakpenyebarhoaks,,,,,,
2026-08-12T09:20:26.861026+00:00,20260812-092026,https://trends24.in/indonesia/,Tue Aug 11 2026 23:00:07 GMT+0000 (Coordinated Universal Time),9,#GMMTVLiveHouse,gmmtvlivehouse,,,,,,
2026-08-12T09:20:26.861026+00:00,20260812-092026,https://trends24.in/indonesia/,Tue Aug 11 2026 23:00:07 GMT+0000 (Coordinated Universal Time),10,amankan agustusan,amankan agustusan,,,,,,
2026-08-12T09:20:26.861026+00:00,20260812-092026,https://trends24.in/indonesia/,Tue Aug 11 2026 23:00:07 GMT+0000 (Coordinated Universal Time),11,NEWWIEE RUN FOR MOM 2026,newwiee run for mom 2026,,,,,,
2026-08-12T09:20:26.861026+00:00,20260812-092026,https://trends24.in/indonesia/,Tue Aug 11 2026 23:00:07 GMT+0000 (Coordinated Universal Time),12,$WISHBONE,$wishbone,,,,,,
2026-08-12T09:20:26.861026+00:00,20260812-092026,https://trends24.in/indonesia/,Tue Aug 11 2026 23:00:07 GMT+0000 (Coordinated Universal Time),13,bangun fondasi inovasi,bangun fondasi inovasi,,,,,,
2026-08-12T09:20:26.861026+00:00,20260812-092026,https://trends24.in/indonesia/,Tue Aug 11 2026 23:00:07 GMT+0000 (Coordinated Universal Time),14,SKY NANI FANCON LIVEHOUSE,sky nani fancon livehouse,,,,,,
2026-08-12T09:20:26.861026+00:00,20260812-092026,https://trends24.in/indonesia/,Tue Aug 11 2026 23:00:07 GMT+0000 (Coordinated Universal Time),15,Balance,balance,,,,,,
2026-08-12T09:20:26.861026+00:00,20260812-092026,https://trends24.in/indonesia/,Tue Aug 11 2026 23:00:07 GMT+0000 (Coordinated Universal Time),16,And Wait,and wait,,,,,,
2026-08-12T09:20:26.861026+00:00,20260812-092026,https://trends24.in/indonesia/,Tue Aug 11 2026 23:00:07 GMT+0000 (Coordinated Universal Time),17,Connect X,connect x,,,,,,
2026-08-12T09:20:26.861026+00:00,20260812-092026,https://trends24.in/indonesia/,Tue Aug 11 2026 23:00:07 GMT+0000 (Coordinated Universal Time),18,Tip Credit,tip credit,,,,,,
2026-08-12T09:20:26.861026+00:00,20260812-092026,https://trends24.in/indonesia/,Tue Aug 11 2026 23:00:07 GMT+0000 (Coordinated Universal Time),19,pengabdian tanpa batas,pengabdian tanpa batas,,,,,,
2026-08-12T09:20:26.861026+00:00,20260812-092026,https://trends24.in/indonesia/,Tue Aug 11 2026 23:00:07 GMT+0000 (Coordinated Universal Time),20,WAYV VISION WINGS OUT NOW,wayv vision wings out now,,,,,,
2026-08-12T09:20:26.861026+00:00,20260812-092026,https://trends24.in/indonesia/,Tue Aug 11 2026 23:00:07 GMT+0000 (Coordinated Universal Time),21,$XTAL,$xtal,,,,,,
2026-08-12T09:20:26.861026+00:00,20260812-092026,https://trends24.in/indonesia/,Tue Aug 11 2026 23:00:07 GMT+0000 (Coordinated Universal Time),22,Creat Post About,creat post about,,,,,,
2026-08-12T09:20:26.861026+00:00,20260812-092026,https://trends24.in/indonesia/,Tue Aug 11 2026 23:00:07 GMT+0000 (Coordinated Universal Time),23,Masih 0,masih 0,,,,,,
2026-08-12T09:20:26.861026+00:00,20260812-092026,https://trends24.in/indonesia/,Tue Aug 11 2026 23:00:07 GMT+0000 (Coordinated Universal Time),24,NUNEW FEAT BOWKYLION,nunew feat bowkylion,,,,,,
2026-08-12T09:20:26.861026+00:00,20260812-092026,https://trends24.in/indonesia/,Tue Aug 11 2026 23:00:07 GMT+0000 (Coordinated Universal Time),25,Assemble Teaser D1,assemble teaser d1,,,,,,
2026-08-12T09:20:26.861026+00:00,20260812-092026,https://trends24.in/indonesia/,Tue Aug 11 2026 23:00:07 GMT+0000 (Coordinated Universal Time),26,PONDPHUWIN IN LIVEHOUSE,pondphuwin in livehouse,,,,,,
2026-08-12T09:20:26.861026+00:00,20260812-092026,https://trends24.in/indonesia/,Tue Aug 11 2026 23:00:07 GMT+0000 (Coordinated Universal Time),27,Tipping,tipping,,,,,,
2026-08-12T09:20:26.861026+00:00,20260812-092026,https://trends24.in/indonesia/,Tue Aug 11 2026 23:00:07 GMT+0000 (Coordinated Universal Time),28,GEMINI AP POWERFUL SUMMER,gemini ap powerful summer,,,,,,
2026-08-12T09:20:26.861026+00:00,20260812-092026,https://trends24.in/indonesia/,Tue Aug 11 2026 23:00:07 GMT+0000 (Coordinated Universal Time),29,Love Destiny EP5,love destiny ep5,,,,,,
2026-08-12T09:20:26.861026+00:00,20260812-092026,https://trends24.in/indonesia/,Tue Aug 11 2026 23:00:07 GMT+0000 (Coordinated Universal Time),30,$BRODIE,$brodie,,,,,,
2026-08-12T09:20:26.861026+00:00,20260812-092026,https://trends24.in/indonesia/,Tue Aug 11 2026 23:00:07 GMT+0000 (Coordinated Universal Time),31,Alokasi,alokasi,,,,,,
2026-08-12T09:20:26.861026+00:00,20260812-092026,https://trends24.in/indonesia/,Tue Aug 11 2026 23:00:07 GMT+0000 (Coordinated Universal Time),32,Otsuion,otsuion,,,,,,
2026-08-12T09:20:26.861026+00:00,20260812-092026,https://trends24.in/indonesia/,Tue Aug 11 2026 23:00:07 GMT+0000 (Coordinated Universal Time),33,ICE ELATION,ice elation,,,,,,
2026-08-12T09:20:26.861026+00:00,20260812-092026,https://trends24.in/indonesia/,Tue Aug 11 2026 23:00:07 GMT+0000 (Coordinated Universal Time),34,Kolombia,kolombia,,,,,,
2026-08-12T09:20:26.861026+00:00,20260812-092026,https://trends24.in/indonesia/,Tue Aug 11 2026 23:00:07 GMT+0000 (Coordinated Universal Time),35,NEO CITY,neo city,,,,,,
2026-08-12T09:20:26.861026+00:00,20260812-092026,https://trends24.in/indonesia/,Tue Aug 11 2026 23:00:07 GMT+0000 (Coordinated Universal Time),36,Your X,your x,,,,,,
2026-08-12T09:20:26.861026+00:00,20260812-092026,https://trends24.in/indonesia/,Tue Aug 11 2026 23:00:07 GMT+0000 (Coordinated Universal Time),37,Day Off,day off,,,,,,
2026-08-12T09:20:26.861026+00:00,20260812-092026,https://trends24.in/indonesia/,Tue Aug 11 2026 23:00:07 GMT+0000 (Coordinated Universal Time),38,Airdrop,airdrop,,,,,,
2026-08-12T09:20:26.861026+00:00,20260812-092026,https://trends24.in/indonesia/,Tue Aug 11 2026 23:00:07 GMT+0000 (Coordinated Universal Time),39,$TOAD,$toad,,,,,,
2026-08-12T09:20:26.861026+00:00,20260812-092026,https://trends24.in/indonesia/,Tue Aug 11 2026 23:00:07 GMT+0000 (Coordinated Universal Time),40,Waalaikumsalam,waalaikumsalam,,,,,,
2026-08-12T09:20:26.861026+00:00,20260812-092026,https://trends24.in/indonesia/,Tue Aug 11 2026 23:00:07 GMT+0000 (Coordinated Universal Time),41,The Grim Lover Q23,the grim lover q23,,,,,,
2026-08-12T09:20:26.861026+00:00,20260812-092026,https://trends24.in/indonesia/,Tue Aug 11 2026 23:00:07 GMT+0000 (Coordinated Universal Time),42,SocialFi,socialfi,,,,,,
2026-08-12T09:20:26.861026+00:00,20260812-092026,https://trends24.in/indonesia/,Tue Aug 11 2026 23:00:07 GMT+0000 (Coordinated Universal Time),43,menjelang agustus,menjelang agustus,,,,,,
2026-08-12T09:20:26.861026+00:00,20260812-092026,https://trends24.in/indonesia/,Tue Aug 11 2026 23:00:07 GMT+0000 (Coordinated Universal Time),44,PiÃ±ata Track Video,piã±ata track video,,,,,,
2026-08-12T09:20:26.861026+00:00,20260812-092026,https://trends24.in/indonesia/,Tue Aug 11 2026 23:00:07 GMT+0000 (Coordinated Universal Time),45,Selasa,selasa,,,,,,
2026-08-12T09:20:26.861026+00:00,20260812-092026,https://trends24.in/indonesia/,Tue Aug 11 2026 23:00:07 GMT+0000 (Coordinated Universal Time),46,Sign in with X,sign in with x,,,,,,
2026-08-12T09:20:26.861026+00:00,20260812-092026,https://trends24.in/indonesia/,Tue Aug 11 2026 23:00:07 GMT+0000 (Coordinated Universal Time),47,senada stempel dua jari,senada stempel dua jari,,,,,,
2026-08-12T09:20:26.861026+00:00,20260812-092026,https://trends24.in/indonesia/,Tue Aug 11 2026 23:00:07 GMT+0000 (Coordinated Universal Time),48,TIP ON,tip on,,,,,,
2026-08-12T09:20:26.861026+00:00,20260812-092026,https://trends24.in/indonesia/,Tue Aug 11 2026 23:00:07 GMT+0000 (Coordinated Universal Time),49,Every 30,every 30,,,,,,
2026-08-12T09:20:26.861026+00:00,20260812-092026,https://trends24.in/indonesia/,Tue Aug 11 2026 23:00:07 GMT+0000 (Coordinated Universal Time),50,Bullish,bullish,,,,,,
2026-08-12T09:20:26.861026+00:00,20260812-092026,https://trends24.in/indonesia/,Tue Aug 11 2026 22:08:06 GMT+0000 (Coordinated Universal Time),1,$MOTION,$motion,,,,,,
2026-08-12T09:20:26.861026+00:00,20260812-092026,https://trends24.in/indonesia/,Tue Aug 11 2026 22:08:06 GMT+0000 (Coordinated Universal Time),2,#MrKillSeriesEP6,mrkillseriesep6,,,,,,
2026-08-12T09:20:26.861026+00:00,20260812-092026,https://trends24.in/indonesia/,Tue Aug 11 2026 22:08:06 GMT+0000 (Coordinated Universal Time),3,Robinhood Chain,robinhood chain,,,,,,
2026-08-12T09:20:26.861026+00:00,20260812-092026,https://trends24.in/indonesia/,Tue Aug 11 2026 22:08:06 GMT+0000 (Coordinated Universal Time),4,TipFi,tipfi,,,,,,
2026-08-12T09:20:26.861026+00:00,20260812-092026,https://trends24.in/indonesia/,Tue Aug 11 2026 22:08:06 GMT+0000 (Coordinated Universal Time),5,Login with X,login with x,,,,,,
2026-08-12T09:20:26.861026+00:00,20260812-092026,https://trends24.in/indonesia/,Tue Aug 11 2026 22:08:06 GMT+0000 (Coordinated Universal Time),6,#SDMBisnisTeknologi,sdmbisnisteknologi,,,,,,
2026-08-12T09:20:26.861026+00:00,20260812-092026,https://trends24.in/indonesia/,Tue Aug 11 2026 22:08:06 GMT+0000 (Coordinated Universal Time),7,#Flex1045xGAWIN_GoneAway,flex1045xgawin_goneaway,,,,,,
2026-08-12T09:20:26.861026+00:00,20260812-092026,https://trends24.in/indonesia/,Tue Aug 11 2026 22:08:06 GMT+0000 (Coordinated Universal Time),8,#tindakpenyebarhoaks,tindakpenyebarhoaks,,,,,,
2026-08-12T09:20:26.861026+00:00,20260812-092026,https://trends24.in/indonesia/,Tue Aug 11 2026 22:08:06 GMT+0000 (Coordinated Universal Time),9,#GMMTVLiveHouse,gmmtvlivehouse,,,,,,
2026-08-12T09:20:26.861026+00:00,20260812-092026,https://trends24.in/indonesia/,Tue Aug 11 2026 22:08:06 GMT+0000 (Coordinated Universal Time),10,amankan agustusan,amankan agustusan,,,,,,
2026-08-12T09:20:26.861026+00:00,20260812-092026,https://trends24.in/indonesia/,Tue Aug 11 2026 22:08:06 GMT+0000 (Coordinated Universal Time),11,Connect X,connect x,,,,,,
2026-08-12T09:20:26.861026+00:00,20260812-092026,https://trends24.in/indonesia/,Tue Aug 11 2026 22:08:06 GMT+0000 (Coordinated Universal Time),12,bangun fondasi inovasi,bangun fondasi inovasi,,,,,,
2026-08-12T09:20:26.861026+00:00,20260812-092026,https://trends24.in/indonesia/,Tue Aug 11 2026 22:08:06 GMT+0000 (Coordinated Universal Time),13,SKY NANI FANCON LIVEHOUSE,sky nani fancon livehouse,,,,,,
2026-08-12T09:20:26.861026+00:00,20260812-092026,https://trends24.in/indonesia/,Tue Aug 11 2026 22:08:06 GMT+0000 (Coordinated Universal Time),14,Balance,balance,,,,,,
2026-08-12T09:20:26.861026+00:00,20260812-092026,https://trends24.in/indonesia/,Tue Aug 11 2026 22:08:06 GMT+0000 (Coordinated Universal Time),15,And Wait,and wait,,,,,,
2026-08-12T09:20:26.861026+00:00,20260812-092026,https://trends24.in/indonesia/,Tue Aug 11 2026 22:08:06 GMT+0000 (Coordinated Universal Time),16,Tip Credit,tip credit,,,,,,
2026-08-12T09:20:26.861026+00:00,20260812-092026,https://trends24.in/indonesia/,Tue Aug 11 2026 22:08:06 GMT+0000 (Coordinated Universal Time),17,WAYV VISION WINGS OUT NOW,wayv vision wings out now,,,,,,
2026-08-12T09:20:26.861026+00:00,20260812-092026,https://trends24.in/indonesia/,Tue Aug 11 2026 22:08:06 GMT+0000 (Coordinated Universal Time),18,pengabdian tanpa batas,pengabdian tanpa batas,,,,,,
2026-08-12T09:20:26.861026+00:00,20260812-092026,https://trends24.in/indonesia/,Tue Aug 11 2026 22:08:06 GMT+0000 (Coordinated Universal Time),19,Tipping,tipping,,,,,,
2026-08-12T09:20:26.861026+00:00,20260812-092026,https://trends24.in/indonesia/,Tue Aug 11 2026 22:08:06 GMT+0000 (Coordinated Universal Time),20,$XTAL,$xtal,,,,,,
2026-08-12T09:20:26.861026+00:00,20260812-092026,https://trends24.in/indonesia/,Tue Aug 11 2026 22:08:06 GMT+0000 (Coordinated Universal Time),21,Creat Post About,creat post about,,,,,,
2026-08-12T09:20:26.861026+00:00,20260812-092026,https://trends24.in/indonesia/,Tue Aug 11 2026 22:08:06 GMT+0000 (Coordinated Universal Time),22,$WISHBONE,$wishbone,,,,,,
2026-08-12T09:20:26.861026+00:00,20260812-092026,https://trends24.in/indonesia/,Tue Aug 11 2026 22:08:06 GMT+0000 (Coordinated Universal Time),23,NUNEW FEAT BOWKYLION,nunew feat bowkylion,,,,,,
2026-08-12T09:20:26.861026+00:00,20260812-092026,https://trends24.in/indonesia/,Tue Aug 11 2026 22:08:06 GMT+0000 (Coordinated Universal Time),24,PONDPHUWIN IN LIVEHOUSE,pondphuwin in livehouse,,,,,,
2026-08-12T09:20:26.861026+00:00,20260812-092026,https://trends24.in/indonesia/,Tue Aug 11 2026 22:08:06 GMT+0000 (Coordinated Universal Time),25,Assemble Teaser D1,assemble teaser d1,,,,,,
2026-08-12T09:20:26.861026+00:00,20260812-092026,https://trends24.in/indonesia/,Tue Aug 11 2026 22:08:06 GMT+0000 (Coordinated Universal Time),26,GEMINI AP POWERFUL SUMMER,gemini ap powerful summer,,,,,,
2026-08-12T09:20:26.861026+00:00,20260812-092026,https://trends24.in/indonesia/,Tue Aug 11 2026 22:08:06 GMT+0000 (Coordinated Universal Time),27,Love Destiny EP5,love destiny ep5,,,,,,
2026-08-12T09:20:26.861026+00:00,20260812-092026,https://trends24.in/indonesia/,Tue Aug 11 2026 22:08:06 GMT+0000 (Coordinated Universal Time),28,Otsuion,otsuion,,,,,,
2026-08-12T09:20:26.861026+00:00,20260812-092026,https://trends24.in/indonesia/,Tue Aug 11 2026 22:08:06 GMT+0000 (Coordinated Universal Time),29,Alokasi,alokasi,,,,,,
2026-08-12T09:20:26.861026+00:00,20260812-092026,https://trends24.in/indonesia/,Tue Aug 11 2026 22:08:06 GMT+0000 (Coordinated Universal Time),30,SocialFi,socialfi,,,,,,
2026-08-12T09:20:26.861026+00:00,20260812-092026,https://trends24.in/indonesia/,Tue Aug 11 2026 22:08:06 GMT+0000 (Coordinated Universal Time),31,Kolombia,kolombia,,,,,,
2026-08-12T09:20:26.861026+00:00,20260812-092026,https://trends24.in/indonesia/,Tue Aug 11 2026 22:08:06 GMT+0000 (Coordinated Universal Time),32,ICE ELATION,ice elation,,,,,,
2026-08-12T09:20:26.861026+00:00,20260812-092026,https://trends24.in/indonesia/,Tue Aug 11 2026 22:08:06 GMT+0000 (Coordinated Universal Time),33,Your X,your x,,,,,,
2026-08-12T09:20:26.861026+00:00,20260812-092026,https://trends24.in/indonesia/,Tue Aug 11 2026 22:08:06 GMT+0000 (Coordinated Universal Time),34,NEO CITY,neo city,,,,,,
2026-08-12T09:20:26.861026+00:00,20260812-092026,https://trends24.in/indonesia/,Tue Aug 11 2026 22:08:06 GMT+0000 (Coordinated Universal Time),35,DAY OFF,day off,,,,,,
2026-08-12T09:20:26.861026+00:00,20260812-092026,https://trends24.in/indonesia/,Tue Aug 11 2026 22:08:06 GMT+0000 (Coordinated Universal Time),36,Masih 0,masih 0,,,,,,
2026-08-12T09:20:26.861026+00:00,20260812-092026,https://trends24.in/indonesia/,Tue Aug 11 2026 22:08:06 GMT+0000 (Coordinated Universal Time),37,Airdrop,airdrop,,,,,,
2026-08-12T09:20:26.861026+00:00,20260812-092026,https://trends24.in/indonesia/,Tue Aug 11 2026 22:08:06 GMT+0000 (Coordinated Universal Time),38,Login X,login x,,,,,,
2026-08-12T09:20:26.861026+00:00,20260812-092026,https://trends24.in/indonesia/,Tue Aug 11 2026 22:08:06 GMT+0000 (Coordinated Universal Time),39,$TOAD,$toad,,,,,,
2026-08-12T09:20:26.861026+00:00,20260812-092026,https://trends24.in/indonesia/,Tue Aug 11 2026 22:08:06 GMT+0000 (Coordinated Universal Time),40,The Grim Lover Q23,the grim lover q23,,,,,,
2026-08-12T09:20:26.861026+00:00,20260812-092026,https://trends24.in/indonesia/,Tue Aug 11 2026 22:08:06 GMT+0000 (Coordinated Universal Time),41,menjelang agustus,menjelang agustus,,,,,,
2026-08-12T09:20:26.861026+00:00,20260812-092026,https://trends24.in/indonesia/,Tue Aug 11 2026 22:08:06 GMT+0000 (Coordinated Universal Time),42,Sign in with X,sign in with x,,,,,,
2026-08-12T09:20:26.861026+00:00,20260812-092026,https://trends24.in/indonesia/,Tue Aug 11 2026 22:08:06 GMT+0000 (Coordinated Universal Time),43,PiÃ±ata Track Video,piã±ata track video,,,,,,
2026-08-12T09:20:26.861026+00:00,20260812-092026,https://trends24.in/indonesia/,Tue Aug 11 2026 22:08:06 GMT+0000 (Coordinated Universal Time),44,Selasa,selasa,,,,,,
2026-08-12T09:20:26.861026+00:00,20260812-092026,https://trends24.in/indonesia/,Tue Aug 11 2026 22:08:06 GMT+0000 (Coordinated Universal Time),45,senada stempel dua jari,senada stempel dua jari,,,,,,
2026-08-12T09:20:26.861026+00:00,20260812-092026,https://trends24.in/indonesia/,Tue Aug 11 2026 22:08:06 GMT+0000 (Coordinated Universal Time),46,Bullish,bullish,,,,,,
2026-08-12T09:20:26.861026+00:00,20260812-092026,https://trends24.in/indonesia/,Tue Aug 11 2026 22:08:06 GMT+0000 (Coordinated Universal Time),47,TIP ON,tip on,,,,,,
2026-08-12T09:20:26.861026+00:00,20260812-092026,https://trends24.in/indonesia/,Tue Aug 11 2026 22:08:06 GMT+0000 (Coordinated Universal Time),48,X Anda,x anda,,,,,,
2026-08-12T09:20:26.861026+00:00,20260812-092026,https://trends24.in/indonesia/,Tue Aug 11 2026 22:08:06 GMT+0000 (Coordinated Universal Time),49,RCTI,rcti,,,,,,
2026-08-12T09:20:26.861026+00:00,20260812-092026,https://trends24.in/indonesia/,Tue Aug 11 2026 22:08:06 GMT+0000 (Coordinated Universal Time),50,sefurden,sefurden,,,,,,
2026-08-12T09:20:26.861026+00:00,20260812-092026,https://trends24.in/indonesia/,Tue Aug 11 2026 21:16:11 GMT+0000 (Coordinated Universal Time),1,$MOTION,$motion,,,,,,
2026-08-12T09:20:26.861026+00:00,20260812-092026,https://trends24.in/indonesia/,Tue Aug 11 2026 21:16:11 GMT+0000 (Coordinated Universal Time),2,#MrKillSeriesEP6,mrkillseriesep6,,,,,,
2026-08-12T09:20:26.861026+00:00,20260812-092026,https://trends24.in/indonesia/,Tue Aug 11 2026 21:16:11 GMT+0000 (Coordinated Universal Time),3,Robinhood Chain,robinhood chain,,,,,,
2026-08-12T09:20:26.861026+00:00,20260812-092026,https://trends24.in/indonesia/,Tue Aug 11 2026 21:16:11 GMT+0000 (Coordinated Universal Time),4,Login with X,login with x,,,,,,
2026-08-12T09:20:26.861026+00:00,20260812-092026,https://trends24.in/indonesia/,Tue Aug 11 2026 21:16:11 GMT+0000 (Coordinated Universal Time),5,#SDMBisnisTeknologi,sdmbisnisteknologi,,,,,,
2026-08-12T09:20:26.861026+00:00,20260812-092026,https://trends24.in/indonesia/,Tue Aug 11 2026 21:16:11 GMT+0000 (Coordinated Universal Time),6,#Flex1045xGAWIN_GoneAway,flex1045xgawin_goneaway,,,,,,
2026-08-12T09:20:26.861026+00:00,20260812-092026,https://trends24.in/indonesia/,Tue Aug 11 2026 21:16:11 GMT+0000 (Coordinated Universal Time),7,#tindakpenyebarhoaks,tindakpenyebarhoaks,,,,,,
2026-08-12T09:20:26.861026+00:00,20260812-092026,https://trends24.in/indonesia/,Tue Aug 11 2026 21:16:11 GMT+0000 (Coordinated Universal Time),8,#GMMTVLiveHouse,gmmtvlivehouse,,,,,,
2026-08-12T09:20:26.861026+00:00,20260812-092026,https://trends24.in/indonesia/,Tue Aug 11 2026 21:16:11 GMT+0000 (Coordinated Universal Time),9,amankan agustusan,amankan agustusan,,,,,,
2026-08-12T09:20:26.861026+00:00,20260812-092026,https://trends24.in/indonesia/,Tue Aug 11 2026 21:16:11 GMT+0000 (Coordinated Universal Time),10,bangun fondasi inovasi,bangun fondasi inovasi,,,,,,
2026-08-12T09:20:26.861026+00:00,20260812-092026,https://trends24.in/indonesia/,Tue Aug 11 2026 21:16:11 GMT+0000 (Coordinated Universal Time),11,Connect X,connect x,,,,,,
2026-08-12T09:20:26.861026+00:00,20260812-092026,https://trends24.in/indonesia/,Tue Aug 11 2026 21:16:11 GMT+0000 (Coordinated Universal Time),12,SKY NANI FANCON LIVEHOUSE,sky nani fancon livehouse,,,,,,
2026-08-12T09:20:26.861026+00:00,20260812-092026,https://trends24.in/indonesia/,Tue Aug 11 2026 21:16:11 GMT+0000 (Coordinated Universal Time),13,Balance,balance,,,,,,
2026-08-12T09:20:26.861026+00:00,20260812-092026,https://trends24.in/indonesia/,Tue Aug 11 2026 21:16:11 GMT+0000 (Coordinated Universal Time),14,WAYV VISION WINGS OUT NOW,wayv vision wings out now,,,,,,
2026-08-12T09:20:26.861026+00:00,20260812-092026,https://trends24.in/indonesia/,Tue Aug 11 2026 21:16:11 GMT+0000 (Coordinated Universal Time),15,Love Destiny EP5,love destiny ep5,,,,,,
2026-08-12T09:20:26.861026+00:00,20260812-092026,https://trends24.in/indonesia/,Tue Aug 11 2026 21:16:11 GMT+0000 (Coordinated Universal Time),16,$XTAL,$xtal,,,,,,
2026-08-12T09:20:26.861026+00:00,20260812-092026,https://trends24.in/indonesia/,Tue Aug 11 2026 21:16:11 GMT+0000 (Coordinated Universal Time),17,pengabdian tanpa batas,pengabdian tanpa batas,,,,,,
2026-08-12T09:20:26.861026+00:00,20260812-092026,https://trends24.in/indonesia/,Tue Aug 11 2026 21:16:11 GMT+0000 (Coordinated Universal Time),18,$PONS,$pons,,,,,,
2026-08-12T09:20:26.861026+00:00,20260812-092026,https://trends24.in/indonesia/,Tue Aug 11 2026 21:16:11 GMT+0000 (Coordinated Universal Time),19,Your X,your x,,,,,,
2026-08-12T09:20:26.861026+00:00,20260812-092026,https://trends24.in/indonesia/,Tue Aug 11 2026 21:16:11 GMT+0000 (Coordinated Universal Time),20,Tipping,tipping,,,,,,
2026-08-12T09:20:26.861026+00:00,20260812-092026,https://trends24.in/indonesia/,Tue Aug 11 2026 21:16:11 GMT+0000 (Coordinated Universal Time),21,Tip Credit,tip credit,,,,,,
2026-08-12T09:20:26.861026+00:00,20260812-092026,https://trends24.in/indonesia/,Tue Aug 11 2026 21:16:11 GMT+0000 (Coordinated Universal Time),22,And Wait,and wait,,,,,,
2026-08-12T09:20:26.861026+00:00,20260812-092026,https://trends24.in/indonesia/,Tue Aug 11 2026 21:16:11 GMT+0000 (Coordinated Universal Time),23,NUNEW FEAT BOWKYLION,nunew feat bowkylion,,,,,,
2026-08-12T09:20:26.861026+00:00,20260812-092026,https://trends24.in/indonesia/,Tue Aug 11 2026 21:16:11 GMT+0000 (Coordinated Universal Time),24,Creat Post About,creat post about,,,,,,
2026-08-12T09:20:26.861026+00:00,20260812-092026,https://trends24.in/indonesia/,Tue Aug 11 2026 21:16:11 GMT+0000 (Coordinated Universal Time),25,Assemble Teaser D1,assemble teaser d1,,,,,,
2026-08-12T09:20:26.861026+00:00,20260812-092026,https://trends24.in/indonesia/,Tue Aug 11 2026 21:16:11 GMT+0000 (Coordinated Universal Time),26,PONDPHUWIN IN LIVEHOUSE,pondphuwin in livehouse,,,,,,
2026-08-12T09:20:26.861026+00:00,20260812-092026,https://trends24.in/indonesia/,Tue Aug 11 2026 21:16:11 GMT+0000 (Coordinated Universal Time),27,GEMINI AP POWERFUL SUMMER,gemini ap powerful summer,,,,,,
2026-08-12T09:20:26.861026+00:00,20260812-092026,https://trends24.in/indonesia/,Tue Aug 11 2026 21:16:11 GMT+0000 (Coordinated Universal Time),28,Every 30,every 30,,,,,,
2026-08-12T09:20:26.861026+00:00,20260812-092026,https://trends24.in/indonesia/,Tue Aug 11 2026 21:16:11 GMT+0000 (Coordinated Universal Time),29,TNI Polri,tni polri,,,,,,
2026-08-12T09:20:26.861026+00:00,20260812-092026,https://trends24.in/indonesia/,Tue Aug 11 2026 21:16:11 GMT+0000 (Coordinated Universal Time),30,$WISHBONE,$wishbone,,,,,,
2026-08-12T09:20:26.861026+00:00,20260812-092026,https://trends24.in/indonesia/,Tue Aug 11 2026 21:16:11 GMT+0000 (Coordinated Universal Time),31,Otsuion,otsuion,,,,,,
2026-08-12T09:20:26.861026+00:00,20260812-092026,https://trends24.in/indonesia/,Tue Aug 11 2026 21:16:11 GMT+0000 (Coordinated Universal Time),32,Kolombia,kolombia,,,,,,
2026-08-12T09:20:26.861026+00:00,20260812-092026,https://trends24.in/indonesia/,Tue Aug 11 2026 21:16:11 GMT+0000 (Coordinated Universal Time),33,ICE ELATION,ice elation,,,,,,
2026-08-12T09:20:26.861026+00:00,20260812-092026,https://trends24.in/indonesia/,Tue Aug 11 2026 21:16:11 GMT+0000 (Coordinated Universal Time),34,NEO CITY,neo city,,,,,,
2026-08-12T09:20:26.861026+00:00,20260812-092026,https://trends24.in/indonesia/,Tue Aug 11 2026 21:16:11 GMT+0000 (Coordinated Universal Time),35,DAY OFF,day off,,,,,,
2026-08-12T09:20:26.861026+00:00,20260812-092026,https://trends24.in/indonesia/,Tue Aug 11 2026 21:16:11 GMT+0000 (Coordinated Universal Time),36,The Grim Lover Q23,the grim lover q23,,,,,,
2026-08-12T09:20:26.861026+00:00,20260812-092026,https://trends24.in/indonesia/,Tue Aug 11 2026 21:16:11 GMT+0000 (Coordinated Universal Time),37,SocialFi,socialfi,,,,,,
2026-08-12T09:20:26.861026+00:00,20260812-092026,https://trends24.in/indonesia/,Tue Aug 11 2026 21:16:11 GMT+0000 (Coordinated Universal Time),38,Selasa,selasa,,,,,,
2026-08-12T09:20:26.861026+00:00,20260812-092026,https://trends24.in/indonesia/,Tue Aug 11 2026 21:16:11 GMT+0000 (Coordinated Universal Time),39,Masih 0,masih 0,,,,,,
2026-08-12T09:20:26.861026+00:00,20260812-092026,https://trends24.in/indonesia/,Tue Aug 11 2026 21:16:11 GMT+0000 (Coordinated Universal Time),40,$TOAD,$toad,,,,,,
2026-08-12T09:20:26.861026+00:00,20260812-092026,https://trends24.in/indonesia/,Tue Aug 11 2026 21:16:11 GMT+0000 (Coordinated Universal Time),41,menjelang agustus,menjelang agustus,,,,,,
2026-08-12T09:20:26.861026+00:00,20260812-092026,https://trends24.in/indonesia/,Tue Aug 11 2026 21:16:11 GMT+0000 (Coordinated Universal Time),42,RCTI,rcti,,,,,,
2026-08-12T09:20:26.861026+00:00,20260812-092026,https://trends24.in/indonesia/,Tue Aug 11 2026 21:16:11 GMT+0000 (Coordinated Universal Time),43,PiÃ±ata Track Video,piã±ata track video,,,,,,
2026-08-12T09:20:26.861026+00:00,20260812-092026,https://trends24.in/indonesia/,Tue Aug 11 2026 21:16:11 GMT+0000 (Coordinated Universal Time),44,CPUs,cpus,,,,,,
2026-08-12T09:20:26.861026+00:00,20260812-092026,https://trends24.in/indonesia/,Tue Aug 11 2026 21:16:11 GMT+0000 (Coordinated Universal Time),45,SENADA STEMPEL DUA JARI,senada stempel dua jari,,,,,,
2026-08-12T09:20:26.861026+00:00,20260812-092026,https://trends24.in/indonesia/,Tue Aug 11 2026 21:16:11 GMT+0000 (Coordinated Universal Time),46,X Anda,x anda,,,,,,
2026-08-12T09:20:26.861026+00:00,20260812-092026,https://trends24.in/indonesia/,Tue Aug 11 2026 21:16:11 GMT+0000 (Coordinated Universal Time),47,TIP ON,tip on,,,,,,
2026-08-12T09:20:26.861026+00:00,20260812-092026,https://trends24.in/indonesia/,Tue Aug 11 2026 21:16:11 GMT+0000 (Coordinated Universal Time),48,sefurden,sefurden,,,,,,
2026-08-12T09:20:26.861026+00:00,20260812-092026,https://trends24.in/indonesia/,Tue Aug 11 2026 21:16:11 GMT+0000 (Coordinated Universal Time),49,JM SUNNYMOON RECAP,jm sunnymoon recap,,,,,,
2026-08-12T09:20:26.861026+00:00,20260812-092026,https://trends24.in/indonesia/,Tue Aug 11 2026 21:16:11 GMT+0000 (Coordinated Universal Time),50,100 LFG,100 lfg,,,,,,
2026-08-12T09:20:26.861026+00:00,20260812-092026,https://trends24.in/indonesia/,Tue Aug 11 2026 21:16:08 GMT+0000 (Coordinated Universal Time),1,$MOTION,$motion,,,,,,
2026-08-12T09:20:26.861026+00:00,20260812-092026,https://trends24.in/indonesia/,Tue Aug 11 2026 21:16:08 GMT+0000 (Coordinated Universal Time),2,#MrKillSeriesEP6,mrkillseriesep6,,,,,,
2026-08-12T09:20:26.861026+00:00,20260812-092026,https://trends24.in/indonesia/,Tue Aug 11 2026 21:16:08 GMT+0000 (Coordinated Universal Time),3,Robinhood Chain,robinhood chain,,,,,,
2026-08-12T09:20:26.861026+00:00,20260812-092026,https://trends24.in/indonesia/,Tue Aug 11 2026 21:16:08 GMT+0000 (Coordinated Universal Time),4,Login with X,login with x,,,,,,
2026-08-12T09:20:26.861026+00:00,20260812-092026,https://trends24.in/indonesia/,Tue Aug 11 2026 21:16:08 GMT+0000 (Coordinated Universal Time),5,#SDMBisnisTeknologi,sdmbisnisteknologi,,,,,,
2026-08-12T09:20:26.861026+00:00,20260812-092026,https://trends24.in/indonesia/,Tue Aug 11 2026 21:16:08 GMT+0000 (Coordinated Universal Time),6,#Flex1045xGAWIN_GoneAway,flex1045xgawin_goneaway,,,,,,
2026-08-12T09:20:26.861026+00:00,20260812-092026,https://trends24.in/indonesia/,Tue Aug 11 2026 21:16:08 GMT+0000 (Coordinated Universal Time),7,#tindakpenyebarhoaks,tindakpenyebarhoaks,,,,,,
2026-08-12T09:20:26.861026+00:00,20260812-092026,https://trends24.in/indonesia/,Tue Aug 11 2026 21:16:08 GMT+0000 (Coordinated Universal Time),8,#GMMTVLiveHouse,gmmtvlivehouse,,,,,,
2026-08-12T09:20:26.861026+00:00,20260812-092026,https://trends24.in/indonesia/,Tue Aug 11 2026 21:16:08 GMT+0000 (Coordinated Universal Time),9,amankan agustusan,amankan agustusan,,,,,,
2026-08-12T09:20:26.861026+00:00,20260812-092026,https://trends24.in/indonesia/,Tue Aug 11 2026 21:16:08 GMT+0000 (Coordinated Universal Time),10,bangun fondasi inovasi,bangun fondasi inovasi,,,,,,
2026-08-12T09:20:26.861026+00:00,20260812-092026,https://trends24.in/indonesia/,Tue Aug 11 2026 21:16:08 GMT+0000 (Coordinated Universal Time),11,SKY NANI FANCON LIVEHOUSE,sky nani fancon livehouse,,,,,,
2026-08-12T09:20:26.861026+00:00,20260812-092026,https://trends24.in/indonesia/,Tue Aug 11 2026 21:16:08 GMT+0000 (Coordinated Universal Time),12,Connect X,connect x,,,,,,
2026-08-12T09:20:26.861026+00:00,20260812-092026,https://trends24.in/indonesia/,Tue Aug 11 2026 21:16:08 GMT+0000 (Coordinated Universal Time),13,Balance,balance,,,,,,
2026-08-12T09:20:26.861026+00:00,20260812-092026,https://trends24.in/indonesia/,Tue Aug 11 2026 21:16:08 GMT+0000 (Coordinated Universal Time),14,WAYV VISION WINGS OUT NOW,wayv vision wings out now,,,,,,
2026-08-12T09:20:26.861026+00:00,20260812-092026,https://trends24.in/indonesia/,Tue Aug 11 2026 21:16:08 GMT+0000 (Coordinated Universal Time),15,Love Destiny EP5,love destiny ep5,,,,,,
2026-08-12T09:20:26.861026+00:00,20260812-092026,https://trends24.in/indonesia/,Tue Aug 11 2026 21:16:08 GMT+0000 (Coordinated Universal Time),16,$XTAL,$xtal,,,,,,
2026-08-12T09:20:26.861026+00:00,20260812-092026,https://trends24.in/indonesia/,Tue Aug 11 2026 21:16:08 GMT+0000 (Coordinated Universal Time),17,pengabdian tanpa batas,pengabdian tanpa batas,,,,,,
2026-08-12T09:20:26.861026+00:00,20260812-092026,https://trends24.in/indonesia/,Tue Aug 11 2026 21:16:08 GMT+0000 (Coordinated Universal Time),18,$PONS,$pons,,,,,,
2026-08-12T09:20:26.861026+00:00,20260812-092026,https://trends24.in/indonesia/,Tue Aug 11 2026 21:16:08 GMT+0000 (Coordinated Universal Time),19,Your X,your x,,,,,,
2026-08-12T09:20:26.861026+00:00,20260812-092026,https://trends24.in/indonesia/,Tue Aug 11 2026 21:16:08 GMT+0000 (Coordinated Universal Time),20,Tipping,tipping,,,,,,
2026-08-12T09:20:26.861026+00:00,20260812-092026,https://trends24.in/indonesia/,Tue Aug 11 2026 21:16:08 GMT+0000 (Coordinated Universal Time),21,Tip Credit,tip credit,,,,,,
2026-08-12T09:20:26.861026+00:00,20260812-092026,https://trends24.in/indonesia/,Tue Aug 11 2026 21:16:08 GMT+0000 (Coordinated Universal Time),22,And Wait,and wait,,,,,,
2026-08-12T09:20:26.861026+00:00,20260812-092026,https://trends24.in/indonesia/,Tue Aug 11 2026 21:16:08 GMT+0000 (Coordinated Universal Time),23,NUNEW FEAT BOWKYLION,nunew feat bowkylion,,,,,,
2026-08-12T09:20:26.861026+00:00,20260812-092026,https://trends24.in/indonesia/,Tue Aug 11 2026 21:16:08 GMT+0000 (Coordinated Universal Time),24,Creat Post About,creat post about,,,,,,
2026-08-12T09:20:26.861026+00:00,20260812-092026,https://trends24.in/indonesia/,Tue Aug 11 2026 21:16:08 GMT+0000 (Coordinated Universal Time),25,Assemble Teaser D1,assemble teaser d1,,,,,,
2026-08-12T09:20:26.861026+00:00,20260812-092026,https://trends24.in/indonesia/,Tue Aug 11 2026 21:16:08 GMT+0000 (Coordinated Universal Time),26,PONDPHUWIN IN LIVEHOUSE,pondphuwin in livehouse,,,,,,
2026-08-12T09:20:26.861026+00:00,20260812-092026,https://trends24.in/indonesia/,Tue Aug 11 2026 21:16:08 GMT+0000 (Coordinated Universal Time),27,GEMINI AP POWERFUL SUMMER,gemini ap powerful summer,,,,,,
2026-08-12T09:20:26.861026+00:00,20260812-092026,https://trends24.in/indonesia/,Tue Aug 11 2026 21:16:08 GMT+0000 (Coordinated Universal Time),28,Every 30,every 30,,,,,,
2026-08-12T09:20:26.861026+00:00,20260812-092026,https://trends24.in/indonesia/,Tue Aug 11 2026 21:16:08 GMT+0000 (Coordinated Universal Time),29,TNI Polri,tni polri,,,,,,
2026-08-12T09:20:26.861026+00:00,20260812-092026,https://trends24.in/indonesia/,Tue Aug 11 2026 21:16:08 GMT+0000 (Coordinated Universal Time),30,Otsuion,otsuion,,,,,,
2026-08-12T09:20:26.861026+00:00,20260812-092026,https://trends24.in/indonesia/,Tue Aug 11 2026 21:16:08 GMT+0000 (Coordinated Universal Time),31,Kolombia,kolombia,,,,,,
2026-08-12T09:20:26.861026+00:00,20260812-092026,https://trends24.in/indonesia/,Tue Aug 11 2026 21:16:08 GMT+0000 (Coordinated Universal Time),32,ICE ELATION,ice elation,,,,,,
2026-08-12T09:20:26.861026+00:00,20260812-092026,https://trends24.in/indonesia/,Tue Aug 11 2026 21:16:08 GMT+0000 (Coordinated Universal Time),33,NEO CITY,neo city,,,,,,
2026-08-12T09:20:26.861026+00:00,20260812-092026,https://trends24.in/indonesia/,Tue Aug 11 2026 21:16:08 GMT+0000 (Coordinated Universal Time),34,DAY OFF,day off,,,,,,
2026-08-12T09:20:26.861026+00:00,20260812-092026,https://trends24.in/indonesia/,Tue Aug 11 2026 21:16:08 GMT+0000 (Coordinated Universal Time),35,$WISHBONE,$wishbone,,,,,,
2026-08-12T09:20:26.861026+00:00,20260812-092026,https://trends24.in/indonesia/,Tue Aug 11 2026 21:16:08 GMT+0000 (Coordinated Universal Time),36,The Grim Lover Q23,the grim lover q23,,,,,,
2026-08-12T09:20:26.861026+00:00,20260812-092026,https://trends24.in/indonesia/,Tue Aug 11 2026 21:16:08 GMT+0000 (Coordinated Universal Time),37,SocialFi,socialfi,,,,,,
2026-08-12T09:20:26.861026+00:00,20260812-092026,https://trends24.in/indonesia/,Tue Aug 11 2026 21:16:08 GMT+0000 (Coordinated Universal Time),38,Selasa,selasa,,,,,,
2026-08-12T09:20:26.861026+00:00,20260812-092026,https://trends24.in/indonesia/,Tue Aug 11 2026 21:16:08 GMT+0000 (Coordinated Universal Time),39,Masih 0,masih 0,,,,,,
2026-08-12T09:20:26.861026+00:00,20260812-092026,https://trends24.in/indonesia/,Tue Aug 11 2026 21:16:08 GMT+0000 (Coordinated Universal Time),40,$TOAD,$toad,,,,,,
2026-08-12T09:20:26.861026+00:00,20260812-092026,https://trends24.in/indonesia/,Tue Aug 11 2026 21:16:08 GMT+0000 (Coordinated Universal Time),41,menjelang agustus,menjelang agustus,,,,,,
2026-08-12T09:20:26.861026+00:00,20260812-092026,https://trends24.in/indonesia/,Tue Aug 11 2026 21:16:08 GMT+0000 (Coordinated Universal Time),42,RCTI,rcti,,,,,,
2026-08-12T09:20:26.861026+00:00,20260812-092026,https://trends24.in/indonesia/,Tue Aug 11 2026 21:16:08 GMT+0000 (Coordinated Universal Time),43,PiÃ±ata Track Video,piã±ata track video,,,,,,
2026-08-12T09:20:26.861026+00:00,20260812-092026,https://trends24.in/indonesia/,Tue Aug 11 2026 21:16:08 GMT+0000 (Coordinated Universal Time),44,CPUs,cpus,,,,,,
2026-08-12T09:20:26.861026+00:00,20260812-092026,https://trends24.in/indonesia/,Tue Aug 11 2026 21:16:08 GMT+0000 (Coordinated Universal Time),45,SENADA STEMPEL DUA JARI,senada stempel dua jari,,,,,,
2026-08-12T09:20:26.861026+00:00,20260812-092026,https://trends24.in/indonesia/,Tue Aug 11 2026 21:16:08 GMT+0000 (Coordinated Universal Time),46,X Anda,x anda,,,,,,
2026-08-12T09:20:26.861026+00:00,20260812-092026,https://trends24.in/indonesia/,Tue Aug 11 2026 21:16:08 GMT+0000 (Coordinated Universal Time),47,TIP ON,tip on,,,,,,
2026-08-12T09:20:26.861026+00:00,20260812-092026,https://trends24.in/indonesia/,Tue Aug 11 2026 21:16:08 GMT+0000 (Coordinated Universal Time),48,sefurden,sefurden,,,,,,
2026-08-12T09:20:26.861026+00:00,20260812-092026,https://trends24.in/indonesia/,Tue Aug 11 2026 21:16:08 GMT+0000 (Coordinated Universal Time),49,JM SUNNYMOON RECAP,jm sunnymoon recap,,,,,,
2026-08-12T09:20:26.861026+00:00,20260812-092026,https://trends24.in/indonesia/,Tue Aug 11 2026 21:16:08 GMT+0000 (Coordinated Universal Time),50,100 LFG,100 lfg,,,,,,
2026-08-12T09:20:26.861026+00:00,20260812-092026,https://trends24.in/indonesia/,Tue Aug 11 2026 20:24:42 GMT+0000 (Coordinated Universal Time),1,$MOTION,$motion,,,,,,
2026-08-12T09:20:26.861026+00:00,20260812-092026,https://trends24.in/indonesia/,Tue Aug 11 2026 20:24:42 GMT+0000 (Coordinated Universal Time),2,Robinhood Chain,robinhood chain,,,,,,
2026-08-12T09:20:26.861026+00:00,20260812-092026,https://trends24.in/indonesia/,Tue Aug 11 2026 20:24:42 GMT+0000 (Coordinated Universal Time),3,TipFi,tipfi,,,,,,
2026-08-12T09:20:26.861026+00:00,20260812-092026,https://trends24.in/indonesia/,Tue Aug 11 2026 20:24:42 GMT+0000 (Coordinated Universal Time),4,Login with X,login with x,,,,,,
2026-08-12T09:20:26.861026+00:00,20260812-092026,https://trends24.in/indonesia/,Tue Aug 11 2026 20:24:42 GMT+0000 (Coordinated Universal Time),5,#MrKillSeriesEP6,mrkillseriesep6,,,,,,
2026-08-12T09:20:26.861026+00:00,20260812-092026,https://trends24.in/indonesia/,Tue Aug 11 2026 20:24:42 GMT+0000 (Coordinated Universal Time),6,#GMMTVLiveHouse,gmmtvlivehouse,,,,,,
2026-08-12T09:20:26.861026+00:00,20260812-092026,https://trends24.in/indonesia/,Tue Aug 11 2026 20:24:42 GMT+0000 (Coordinated Universal Time),7,#à¸à¸¸à¸à¹à¸à¸ªà¸±à¸à¸à¸´à¸§à¸²à¸ªEP5,à¸à¸¸à¸à¹à¸à¸ªà¸±à¸à¸à¸´à¸§à¸²à¸ªep5,,,,,,
2026-08-12T09:20:26.861026+00:00,20260812-092026,https://trends24.in/indonesia/,Tue Aug 11 2026 20:24:42 GMT+0000 (Coordinated Universal Time),8,Connect X,connect x,,,,,,
2026-08-12T09:20:26.861026+00:00,20260812-092026,https://trends24.in/indonesia/,Tue Aug 11 2026 20:24:42 GMT+0000 (Coordinated Universal Time),9,Love Destiny EP5,love destiny ep5,,,,,,
2026-08-12T09:20:26.861026+00:00,20260812-092026,https://trends24.in/indonesia/,Tue Aug 11 2026 20:24:42 GMT+0000 (Coordinated Universal Time),10,And Wait,and wait,,,,,,
2026-08-12T09:20:26.861026+00:00,20260812-092026,https://trends24.in/indonesia/,Tue Aug 11 2026 20:24:42 GMT+0000 (Coordinated Universal Time),11,#SkyNaniSToTheNFancon,skynanistothenfancon,,,,,,
2026-08-12T09:20:26.861026+00:00,20260812-092026,https://trends24.in/indonesia/,Tue Aug 11 2026 20:24:42 GMT+0000 (Coordinated Universal Time),12,Your X,your x,,,,,,
2026-08-12T09:20:26.861026+00:00,20260812-092026,https://trends24.in/indonesia/,Tue Aug 11 2026 20:24:42 GMT+0000 (Coordinated Universal Time),13,Balance,balance,,,,,,
2026-08-12T09:20:26.861026+00:00,20260812-092026,https://trends24.in/indonesia/,Tue Aug 11 2026 20:24:42 GMT+0000 (Coordinated Universal Time),14,SKY NANI FANCON LIVEHOUSE,sky nani fancon livehouse,,,,,,
2026-08-12T09:20:26.861026+00:00,20260812-092026,https://trends24.in/indonesia/,Tue Aug 11 2026 20:24:42 GMT+0000 (Coordinated Universal Time),15,Creat Post About,creat post about,,,,,,
2026-08-12T09:20:26.861026+00:00,20260812-092026,https://trends24.in/indonesia/,Tue Aug 11 2026 20:24:42 GMT+0000 (Coordinated Universal Time),16,#Airdrop,airdrop,,,,,,
2026-08-12T09:20:26.861026+00:00,20260812-092026,https://trends24.in/indonesia/,Tue Aug 11 2026 20:24:42 GMT+0000 (Coordinated Universal Time),17,PONDPHUWIN IN LIVEHOUSE,pondphuwin in livehouse,,,,,,
2026-08-12T09:20:26.861026+00:00,20260812-092026,https://trends24.in/indonesia/,Tue Aug 11 2026 20:24:42 GMT+0000 (Coordinated Universal Time),18,TIP ON,tip on,,,,,,
2026-08-12T09:20:26.861026+00:00,20260812-092026,https://trends24.in/indonesia/,Tue Aug 11 2026 20:24:42 GMT+0000 (Coordinated Universal Time),19,Yapping,yapping,,,,,,
2026-08-12T09:20:26.861026+00:00,20260812-092026,https://trends24.in/indonesia/,Tue Aug 11 2026 20:24:42 GMT+0000 (Coordinated Universal Time),20,$XTAL,$xtal,,,,,,
2026-08-12T09:20:26.861026+00:00,20260812-092026,https://trends24.in/indonesia/,Tue Aug 11 2026 20:24:42 GMT+0000 (Coordinated Universal Time),21,ICONIC HEART MV RELEASE,iconic heart mv release,,,,,,
2026-08-12T09:20:26.861026+00:00,20260812-092026,https://trends24.in/indonesia/,Tue Aug 11 2026 20:24:42 GMT+0000 (Coordinated Universal Time),22,$TOAD,$toad,,,,,,
2026-08-12T09:20:26.861026+00:00,20260812-092026,https://trends24.in/indonesia/,Tue Aug 11 2026 20:24:42 GMT+0000 (Coordinated Universal Time),23,#bokepindo,bokepindo,,,,,,
2026-08-12T09:20:26.861026+00:00,20260812-092026,https://trends24.in/indonesia/,Tue Aug 11 2026 20:24:42 GMT+0000 (Coordinated Universal Time),24,#Crypto,crypto,,,,,,
2026-08-12T09:20:26.861026+00:00,20260812-092026,https://trends24.in/indonesia/,Tue Aug 11 2026 20:24:42 GMT+0000 (Coordinated Universal Time),25,#ãã®å¤ä¸çªã¢ã¤ã³ããã¯ãªHearts2Hearts,ãã®å¤ä¸çªã¢ã¤ã³ããã¯ãªhearts2hearts,,,,,,
2026-08-12T09:20:26.861026+00:00,20260812-092026,https://trends24.in/indonesia/,Tue Aug 11 2026 20:24:42 GMT+0000 (Coordinated Universal Time),26,#Flex1045xGAWIN_GoneAway,flex1045xgawin_goneaway,,,,,,
2026-08-12T09:20:26.861026+00:00,20260812-092026,https://trends24.in/indonesia/,Tue Aug 11 2026 20:24:42 GMT+0000 (Coordinated Universal Time),27,#PondPhuwinConcert,pondphuwinconcert,,,,,,
2026-08-12T09:20:26.861026+00:00,20260812-092026,https://trends24.in/indonesia/,Tue Aug 11 2026 20:24:42 GMT+0000 (Coordinated Universal Time),28,#terongers,terongers,,,,,,
2026-08-12T09:20:26.861026+00:00,20260812-092026,https://trends24.in/indonesia/,Tue Aug 11 2026 20:24:42 GMT+0000 (Coordinated Universal Time),29,#dewtee,dewtee,,,,,,
2026-08-12T09:20:26.861026+00:00,20260812-092026,https://trends24.in/indonesia/,Tue Aug 11 2026 20:24:42 GMT+0000 (Coordinated Universal Time),30,#DigitalShield,digitalshield,,,,,,
2026-08-12T09:20:26.861026+00:00,20260812-092026,https://trends24.in/indonesia/,Tue Aug 11 2026 20:24:42 GMT+0000 (Coordinated Universal Time),31,#Blockchain,blockchain,,,,,,
2026-08-12T09:20:26.861026+00:00,20260812-092026,https://trends24.in/indonesia/,Tue Aug 11 2026 20:24:42 GMT+0000 (Coordinated Universal Time),32,#TerikatJanjiEp128,terikatjanjiep128,,,,,,
2026-08-12T09:20:26.861026+00:00,20260812-092026,https://trends24.in/indonesia/,Tue Aug 11 2026 20:24:42 GMT+0000 (Coordinated Universal Time),33,#IWillAlwaysSaveYou,iwillalwayssaveyou,,,,,,
2026-08-12T09:20:26.861026+00:00,20260812-092026,https://trends24.in/indonesia/,Tue Aug 11 2026 20:24:42 GMT+0000 (Coordinated Universal Time),34,#MyBiasMyBoss,mybiasmyboss,,,,,,
2026-08-12T09:20:26.861026+00:00,20260812-092026,https://trends24.in/indonesia/,Tue Aug 11 2026 20:24:30 GMT+0000 (Coordinated Universal Time),1,$MOTION,$motion,,,,,,
2026-08-12T09:20:26.861026+00:00,20260812-092026,https://trends24.in/indonesia/,Tue Aug 11 2026 20:24:30 GMT+0000 (Coordinated Universal Time),2,Robinhood Chain,robinhood chain,,,,,,
2026-08-12T09:20:26.861026+00:00,20260812-092026,https://trends24.in/indonesia/,Tue Aug 11 2026 20:24:30 GMT+0000 (Coordinated Universal Time),3,TipFi,tipfi,,,,,,
2026-08-12T09:20:26.861026+00:00,20260812-092026,https://trends24.in/indonesia/,Tue Aug 11 2026 20:24:30 GMT+0000 (Coordinated Universal Time),4,Login with X,login with x,,,,,,
2026-08-12T09:20:26.861026+00:00,20260812-092026,https://trends24.in/indonesia/,Tue Aug 11 2026 20:24:30 GMT+0000 (Coordinated Universal Time),5,#MrKillSeriesEP6,mrkillseriesep6,,,,,,
2026-08-12T09:20:26.861026+00:00,20260812-092026,https://trends24.in/indonesia/,Tue Aug 11 2026 20:24:30 GMT+0000 (Coordinated Universal Time),6,#GMMTVLiveHouse,gmmtvlivehouse,,,,,,
2026-08-12T09:20:26.861026+00:00,20260812-092026,https://trends24.in/indonesia/,Tue Aug 11 2026 20:24:30 GMT+0000 (Coordinated Universal Time),7,#à¸à¸¸à¸à¹à¸à¸ªà¸±à¸à¸à¸´à¸§à¸²à¸ªEP5,à¸à¸¸à¸à¹à¸à¸ªà¸±à¸à¸à¸´à¸§à¸²à¸ªep5,,,,,,
2026-08-12T09:20:26.861026+00:00,20260812-092026,https://trends24.in/indonesia/,Tue Aug 11 2026 20:24:30 GMT+0000 (Coordinated Universal Time),8,Love Destiny EP5,love destiny ep5,,,,,,
2026-08-12T09:20:26.861026+00:00,20260812-092026,https://trends24.in/indonesia/,Tue Aug 11 2026 20:24:30 GMT+0000 (Coordinated Universal Time),9,Connect X,connect x,,,,,,
2026-08-12T09:20:26.861026+00:00,20260812-092026,https://trends24.in/indonesia/,Tue Aug 11 2026 20:24:30 GMT+0000 (Coordinated Universal Time),10,And Wait,and wait,,,,,,
2026-08-12T09:20:26.861026+00:00,20260812-092026,https://trends24.in/indonesia/,Tue Aug 11 2026 20:24:30 GMT+0000 (Coordinated Universal Time),11,#SkyNaniSToTheNFancon,skynanistothenfancon,,,,,,
2026-08-12T09:20:26.861026+00:00,20260812-092026,https://trends24.in/indonesia/,Tue Aug 11 2026 20:24:30 GMT+0000 (Coordinated Universal Time),12,Your X,your x,,,,,,
2026-08-12T09:20:26.861026+00:00,20260812-092026,https://trends24.in/indonesia/,Tue Aug 11 2026 20:24:30 GMT+0000 (Coordinated Universal Time),13,Balance,balance,,,,,,
2026-08-12T09:20:26.861026+00:00,20260812-092026,https://trends24.in/indonesia/,Tue Aug 11 2026 20:24:30 GMT+0000 (Coordinated Universal Time),14,SKY NANI FANCON LIVEHOUSE,sky nani fancon livehouse,,,,,,
2026-08-12T09:20:26.861026+00:00,20260812-092026,https://trends24.in/indonesia/,Tue Aug 11 2026 20:24:30 GMT+0000 (Coordinated Universal Time),15,Creat Post About,creat post about,,,,,,
2026-08-12T09:20:26.861026+00:00,20260812-092026,https://trends24.in/indonesia/,Tue Aug 11 2026 20:24:30 GMT+0000 (Coordinated Universal Time),16,#Airdrop,airdrop,,,,,,
2026-08-12T09:20:26.861026+00:00,20260812-092026,https://trends24.in/indonesia/,Tue Aug 11 2026 20:24:30 GMT+0000 (Coordinated Universal Time),17,PONDPHUWIN IN LIVEHOUSE,pondphuwin in livehouse,,,,,,
2026-08-12T09:20:26.861026+00:00,20260812-092026,https://trends24.in/indonesia/,Tue Aug 11 2026 20:24:30 GMT+0000 (Coordinated Universal Time),18,TIP ON,tip on,,,,,,
2026-08-12T09:20:26.861026+00:00,20260812-092026,https://trends24.in/indonesia/,Tue Aug 11 2026 20:24:30 GMT+0000 (Coordinated Universal Time),19,Yapping,yapping,,,,,,
2026-08-12T09:20:26.861026+00:00,20260812-092026,https://trends24.in/indonesia/,Tue Aug 11 2026 20:24:30 GMT+0000 (Coordinated Universal Time),20,$XTAL,$xtal,,,,,,
2026-08-12T09:20:26.861026+00:00,20260812-092026,https://trends24.in/indonesia/,Tue Aug 11 2026 20:24:30 GMT+0000 (Coordinated Universal Time),21,ICONIC HEART MV RELEASE,iconic heart mv release,,,,,,
2026-08-12T09:20:26.861026+00:00,20260812-092026,https://trends24.in/indonesia/,Tue Aug 11 2026 20:24:30 GMT+0000 (Coordinated Universal Time),22,$TOAD,$toad,,,,,,
2026-08-12T09:20:26.861026+00:00,20260812-092026,https://trends24.in/indonesia/,Tue Aug 11 2026 20:24:30 GMT+0000 (Coordinated Universal Time),23,#bokepindo,bokepindo,,,,,,
2026-08-12T09:20:26.861026+00:00,20260812-092026,https://trends24.in/indonesia/,Tue Aug 11 2026 20:24:30 GMT+0000 (Coordinated Universal Time),24,#Crypto,crypto,,,,,,
2026-08-12T09:20:26.861026+00:00,20260812-092026,https://trends24.in/indonesia/,Tue Aug 11 2026 20:24:30 GMT+0000 (Coordinated Universal Time),25,#ãã®å¤ä¸çªã¢ã¤ã³ããã¯ãªHearts2Hearts,ãã®å¤ä¸çªã¢ã¤ã³ããã¯ãªhearts2hearts,,,,,,
2026-08-12T09:20:26.861026+00:00,20260812-092026,https://trends24.in/indonesia/,Tue Aug 11 2026 20:24:30 GMT+0000 (Coordinated Universal Time),26,#Flex1045xGAWIN_GoneAway,flex1045xgawin_goneaway,,,,,,
2026-08-12T09:20:26.861026+00:00,20260812-092026,https://trends24.in/indonesia/,Tue Aug 11 2026 20:24:30 GMT+0000 (Coordinated Universal Time),27,#PondPhuwinConcert,pondphuwinconcert,,,,,,
2026-08-12T09:20:26.861026+00:00,20260812-092026,https://trends24.in/indonesia/,Tue Aug 11 2026 20:24:30 GMT+0000 (Coordinated Universal Time),28,#terongers,terongers,,,,,,
2026-08-12T09:20:26.861026+00:00,20260812-092026,https://trends24.in/indonesia/,Tue Aug 11 2026 20:24:30 GMT+0000 (Coordinated Universal Time),29,#dewtee,dewtee,,,,,,
2026-08-12T09:20:26.861026+00:00,20260812-092026,https://trends24.in/indonesia/,Tue Aug 11 2026 20:24:30 GMT+0000 (Coordinated Universal Time),30,#DigitalShield,digitalshield,,,,,,
2026-08-12T09:20:26.861026+00:00,20260812-092026,https://trends24.in/indonesia/,Tue Aug 11 2026 20:24:30 GMT+0000 (Coordinated Universal Time),31,#Blockchain,blockchain,,,,,,
2026-08-12T09:20:26.861026+00:00,20260812-092026,https://trends24.in/indonesia/,Tue Aug 11 2026 20:24:30 GMT+0000 (Coordinated Universal Time),32,#TerikatJanjiEp128,terikatjanjiep128,,,,,,
2026-08-12T09:20:26.861026+00:00,20260812-092026,https://trends24.in/indonesia/,Tue Aug 11 2026 20:24:30 GMT+0000 (Coordinated Universal Time),33,#IWillAlwaysSaveYou,iwillalwayssaveyou,,,,,,
2026-08-12T09:20:26.861026+00:00,20260812-092026,https://trends24.in/indonesia/,Tue Aug 11 2026 20:24:30 GMT+0000 (Coordinated Universal Time),34,#MyBiasMyBoss,mybiasmyboss,,,,,,
2026-08-12T09:20:26.861026+00:00,20260812-092026,https://trends24.in/indonesia/,Tue Aug 11 2026 19:32:12 GMT+0000 (Coordinated Universal Time),1,$MOTION,$motion,,,,,,
2026-08-12T09:20:26.861026+00:00,20260812-092026,https://trends24.in/indonesia/,Tue Aug 11 2026 19:32:12 GMT+0000 (Coordinated Universal Time),2,TipFi,tipfi,,,,,,
2026-08-12T09:20:26.861026+00:00,20260812-092026,https://trends24.in/indonesia/,Tue Aug 11 2026 19:32:12 GMT+0000 (Coordinated Universal Time),3,#MrKillSeriesEP6,mrkillseriesep6,,,,,,
2026-08-12T09:20:26.861026+00:00,20260812-092026,https://trends24.in/indonesia/,Tue Aug 11 2026 19:32:12 GMT+0000 (Coordinated Universal Time),4,Robinhood Chain,robinhood chain,,,,,,
2026-08-12T09:20:26.861026+00:00,20260812-092026,https://trends24.in/indonesia/,Tue Aug 11 2026 19:32:12 GMT+0000 (Coordinated Universal Time),5,Login with X,login with x,,,,,,
2026-08-12T09:20:26.861026+00:00,20260812-092026,https://trends24.in/indonesia/,Tue Aug 11 2026 19:32:12 GMT+0000 (Coordinated Universal Time),6,#GMMTVLiveHouse,gmmtvlivehouse,,,,,,
2026-08-12T09:20:26.861026+00:00,20260812-092026,https://trends24.in/indonesia/,Tue Aug 11 2026 19:32:12 GMT+0000 (Coordinated Universal Time),7,SKY NANI FANCON LIVEHOUSE,sky nani fancon livehouse,,,,,,
2026-08-12T09:20:26.861026+00:00,20260812-092026,https://trends24.in/indonesia/,Tue Aug 11 2026 19:32:12 GMT+0000 (Coordinated Universal Time),8,#SkyNaniSToTheNFancon,skynanistothenfancon,,,,,,
2026-08-12T09:20:26.861026+00:00,20260812-092026,https://trends24.in/indonesia/,Tue Aug 11 2026 19:32:12 GMT+0000 (Coordinated Universal Time),9,#à¸à¸¸à¸à¹à¸à¸ªà¸±à¸à¸à¸´à¸§à¸²à¸ªEP5,à¸à¸¸à¸à¹à¸à¸ªà¸±à¸à¸à¸´à¸§à¸²à¸ªep5,,,,,,
2026-08-12T09:20:26.861026+00:00,20260812-092026,https://trends24.in/indonesia/,Tue Aug 11 2026 19:32:12 GMT+0000 (Coordinated Universal Time),10,Love Destiny EP5,love destiny ep5,,,,,,
2026-08-12T09:20:26.861026+00:00,20260812-092026,https://trends24.in/indonesia/,Tue Aug 11 2026 19:32:12 GMT+0000 (Coordinated Universal Time),11,Balance,balance,,,,,,
2026-08-12T09:20:26.861026+00:00,20260812-092026,https://trends24.in/indonesia/,Tue Aug 11 2026 19:32:12 GMT+0000 (Coordinated Universal Time),12,Your X,your x,,,,,,
2026-08-12T09:20:26.861026+00:00,20260812-092026,https://trends24.in/indonesia/,Tue Aug 11 2026 19:32:12 GMT+0000 (Coordinated Universal Time),13,And Wait,and wait,,,,,,
2026-08-12T09:20:26.861026+00:00,20260812-092026,https://trends24.in/indonesia/,Tue Aug 11 2026 19:32:12 GMT+0000 (Coordinated Universal Time),14,Assemble Teaser D1,assemble teaser d1,,,,,,
2026-08-12T09:20:26.861026+00:00,20260812-092026,https://trends24.in/indonesia/,Tue Aug 11 2026 19:32:12 GMT+0000 (Coordinated Universal Time),15,#NCT127_Assemble1,nct127_assemble1,,,,,,
2026-08-12T09:20:26.861026+00:00,20260812-092026,https://trends24.in/indonesia/,Tue Aug 11 2026 19:32:12 GMT+0000 (Coordinated Universal Time),16,Creat Post About,creat post about,,,,,,
2026-08-12T09:20:26.861026+00:00,20260812-092026,https://trends24.in/indonesia/,Tue Aug 11 2026 19:32:12 GMT+0000 (Coordinated Universal Time),17,PONDPHUWIN IN LIVEHOUSE,pondphuwin in livehouse,,,,,,
2026-08-12T09:20:26.861026+00:00,20260812-092026,https://trends24.in/indonesia/,Tue Aug 11 2026 19:32:12 GMT+0000 (Coordinated Universal Time),18,TIP ON,tip on,,,,,,
2026-08-12T09:20:26.861026+00:00,20260812-092026,https://trends24.in/indonesia/,Tue Aug 11 2026 19:32:12 GMT+0000 (Coordinated Universal Time),19,$XTAL,$xtal,,,,,,
2026-08-12T09:20:26.861026+00:00,20260812-092026,https://trends24.in/indonesia/,Tue Aug 11 2026 19:32:12 GMT+0000 (Coordinated Universal Time),20,ICONIC HEART MV RELEASE,iconic heart mv release,,,,,,
2026-08-12T09:20:26.861026+00:00,20260812-092026,https://trends24.in/indonesia/,Tue Aug 11 2026 19:32:12 GMT+0000 (Coordinated Universal Time),21,Yapping,yapping,,,,,,
2026-08-12T09:20:26.861026+00:00,20260812-092026,https://trends24.in/indonesia/,Tue Aug 11 2026 19:32:12 GMT+0000 (Coordinated Universal Time),22,Mika,mika,,,,,,
2026-08-12T09:20:26.861026+00:00,20260812-092026,https://trends24.in/indonesia/,Tue Aug 11 2026 19:32:12 GMT+0000 (Coordinated Universal Time),23,NUNEW FEAT BOWKYLION,nunew feat bowkylion,,,,,,
2026-08-12T09:20:26.861026+00:00,20260812-092026,https://trends24.in/indonesia/,Tue Aug 11 2026 19:32:12 GMT+0000 (Coordinated Universal Time),24,$TOAD,$toad,,,,,,
2026-08-12T09:20:26.861026+00:00,20260812-092026,https://trends24.in/indonesia/,Tue Aug 11 2026 19:32:12 GMT+0000 (Coordinated Universal Time),25,Snezhnaya,snezhnaya,,,,,,
2026-08-12T09:20:26.861026+00:00,20260812-092026,https://trends24.in/indonesia/,Tue Aug 11 2026 19:32:12 GMT+0000 (Coordinated Universal Time),26,#bokepindo,bokepindo,,,,,,
2026-08-12T09:20:26.861026+00:00,20260812-092026,https://trends24.in/indonesia/,Tue Aug 11 2026 19:32:12 GMT+0000 (Coordinated Universal Time),27,#ãã®å¤ä¸çªã¢ã¤ã³ããã¯ãªHearts2Hearts,ãã®å¤ä¸çªã¢ã¤ã³ããã¯ãªhearts2hearts,,,,,,
2026-08-12T09:20:26.861026+00:00,20260812-092026,https://trends24.in/indonesia/,Tue Aug 11 2026 19:32:12 GMT+0000 (Coordinated Universal Time),28,#Flex1045xGAWIN_GoneAway,flex1045xgawin_goneaway,,,,,,
2026-08-12T09:20:26.861026+00:00,20260812-092026,https://trends24.in/indonesia/,Tue Aug 11 2026 19:32:12 GMT+0000 (Coordinated Universal Time),29,#í¼ëí_ë´ì©_ê¶ê¸í´,í¼ëí_ë´ì©_ê¶ê¸í´,,,,,,
2026-08-12T09:20:26.861026+00:00,20260812-092026,https://trends24.in/indonesia/,Tue Aug 11 2026 19:32:12 GMT+0000 (Coordinated Universal Time),30,#Crypto,crypto,,,,,,
2026-08-12T09:20:26.861026+00:00,20260812-092026,https://trends24.in/indonesia/,Tue Aug 11 2026 19:32:12 GMT+0000 (Coordinated Universal Time),31,#BRZSD,brzsd,,,,,,
2026-08-12T09:20:26.861026+00:00,20260812-092026,https://trends24.in/indonesia/,Tue Aug 11 2026 19:32:12 GMT+0000 (Coordinated Universal Time),32,#Airdrop,airdrop,,,,,,
2026-08-12T09:20:26.861026+00:00,20260812-092026,https://trends24.in/indonesia/,Tue Aug 11 2026 19:32:12 GMT+0000 (Coordinated Universal Time),33,#PondPhuwinConcert,pondphuwinconcert,,,,,,
2026-08-12T09:20:26.861026+00:00,20260812-092026,https://trends24.in/indonesia/,Tue Aug 11 2026 19:32:12 GMT+0000 (Coordinated Universal Time),34,#BRIIZESelcaDay,briizeselcaday,,,,,,
2026-08-12T09:20:26.861026+00:00,20260812-092026,https://trends24.in/indonesia/,Tue Aug 11 2026 19:32:12 GMT+0000 (Coordinated Universal Time),35,#Terongers,terongers,,,,,,
2026-08-12T09:20:26.861026+00:00,20260812-092026,https://trends24.in/indonesia/,Tue Aug 11 2026 19:32:12 GMT+0000 (Coordinated Universal Time),36,#dewtee,dewtee,,,,,,
2026-08-12T09:20:26.861026+00:00,20260812-092026,https://trends24.in/indonesia/,Tue Aug 11 2026 19:32:12 GMT+0000 (Coordinated Universal Time),37,#Customers,customers,,,,,,
2026-08-12T09:20:26.861026+00:00,20260812-092026,https://trends24.in/indonesia/,Tue Aug 11 2026 19:32:12 GMT+0000 (Coordinated Universal Time),38,#TerikatJanjiEp128,terikatjanjiep128,,,,,,
2026-08-12T09:20:26.861026+00:00,20260812-092026,https://trends24.in/indonesia/,Tue Aug 11 2026 19:32:12 GMT+0000 (Coordinated Universal Time),39,#Blockchain,blockchain,,,,,,
2026-08-12T09:20:26.861026+00:00,20260812-092026,https://trends24.in/indonesia/,Tue Aug 11 2026 19:32:12 GMT+0000 (Coordinated Universal Time),40,#IWillAlwaysSaveYou,iwillalwayssaveyou,,,,,,
2026-08-12T09:20:26.861026+00:00,20260812-092026,https://trends24.in/indonesia/,Tue Aug 11 2026 19:32:12 GMT+0000 (Coordinated Universal Time),41,#DigitalShield,digitalshield,,,,,,
2026-08-12T09:20:26.861026+00:00,20260812-092026,https://trends24.in/indonesia/,Tue Aug 11 2026 19:32:12 GMT+0000 (Coordinated Universal Time),42,#à¹à¸à¸¥à¸à¸à¸²à¸à¸²,à¹à¸à¸¥à¸à¸à¸²à¸à¸²,,,,,,
2026-08-12T09:20:26.861026+00:00,20260812-092026,https://trends24.in/indonesia/,Tue Aug 11 2026 19:32:12 GMT+0000 (Coordinated Universal Time),43,#MyBiasMyBoss,mybiasmyboss,,,,,,
2026-08-12T09:20:26.861026+00:00,20260812-092026,https://trends24.in/indonesia/,Tue Aug 11 2026 18:40:17 GMT+0000 (Coordinated Universal Time),1,$MOTION,$motion,,,,,,
2026-08-12T09:20:26.861026+00:00,20260812-092026,https://trends24.in/indonesia/,Tue Aug 11 2026 18:40:17 GMT+0000 (Coordinated Universal Time),2,#MrKillSeriesEP6,mrkillseriesep6,,,,,,
2026-08-12T09:20:26.861026+00:00,20260812-092026,https://trends24.in/indonesia/,Tue Aug 11 2026 18:40:17 GMT+0000 (Coordinated Universal Time),3,TipFi,tipfi,,,,,,
2026-08-12T09:20:26.861026+00:00,20260812-092026,https://trends24.in/indonesia/,Tue Aug 11 2026 18:40:17 GMT+0000 (Coordinated Universal Time),4,Robinhood Chain,robinhood chain,,,,,,
2026-08-12T09:20:26.861026+00:00,20260812-092026,https://trends24.in/indonesia/,Tue Aug 11 2026 18:40:17 GMT+0000 (Coordinated Universal Time),5,#GMMTVLiveHouse,gmmtvlivehouse,,,,,,
2026-08-12T09:20:26.861026+00:00,20260812-092026,https://trends24.in/indonesia/,Tue Aug 11 2026 18:40:17 GMT+0000 (Coordinated Universal Time),6,Login with X,login with x,,,,,,
2026-08-12T09:20:26.861026+00:00,20260812-092026,https://trends24.in/indonesia/,Tue Aug 11 2026 18:40:17 GMT+0000 (Coordinated Universal Time),7,SKY NANI FANCON LIVEHOUSE,sky nani fancon livehouse,,,,,,
2026-08-12T09:20:26.861026+00:00,20260812-092026,https://trends24.in/indonesia/,Tue Aug 11 2026 18:40:17 GMT+0000 (Coordinated Universal Time),8,#SkyNaniSToTheNFancon,skynanistothenfancon,,,,,,
2026-08-12T09:20:26.861026+00:00,20260812-092026,https://trends24.in/indonesia/,Tue Aug 11 2026 18:40:17 GMT+0000 (Coordinated Universal Time),9,#à¸à¸¸à¸à¹à¸à¸ªà¸±à¸à¸à¸´à¸§à¸²à¸ªEP5,à¸à¸¸à¸à¹à¸à¸ªà¸±à¸à¸à¸´à¸§à¸²à¸ªep5,,,,,,
2026-08-12T09:20:26.861026+00:00,20260812-092026,https://trends24.in/indonesia/,Tue Aug 11 2026 18:40:17 GMT+0000 (Coordinated Universal Time),10,Love Destiny EP5,love destiny ep5,,,,,,
2026-08-12T09:20:26.861026+00:00,20260812-092026,https://trends24.in/indonesia/,Tue Aug 11 2026 18:40:17 GMT+0000 (Coordinated Universal Time),11,Assemble Teaser D1,assemble teaser d1,,,,,,
2026-08-12T09:20:26.861026+00:00,20260812-092026,https://trends24.in/indonesia/,Tue Aug 11 2026 18:40:17 GMT+0000 (Coordinated Universal Time),12,#NCT127_Assemble1,nct127_assemble1,,,,,,
2026-08-12T09:20:26.861026+00:00,20260812-092026,https://trends24.in/indonesia/,Tue Aug 11 2026 18:40:17 GMT+0000 (Coordinated Universal Time),13,Balance,balance,,,,,,
2026-08-12T09:20:26.861026+00:00,20260812-092026,https://trends24.in/indonesia/,Tue Aug 11 2026 18:40:17 GMT+0000 (Coordinated Universal Time),14,PONDPHUWIN IN LIVEHOUSE,pondphuwin in livehouse,,,,,,
2026-08-12T09:20:26.861026+00:00,20260812-092026,https://trends24.in/indonesia/,Tue Aug 11 2026 18:40:17 GMT+0000 (Coordinated Universal Time),15,Your X,your x,,,,,,
2026-08-12T09:20:26.861026+00:00,20260812-092026,https://trends24.in/indonesia/,Tue Aug 11 2026 18:40:17 GMT+0000 (Coordinated Universal Time),16,TIP ON,tip on,,,,,,
2026-08-12T09:20:26.861026+00:00,20260812-092026,https://trends24.in/indonesia/,Tue Aug 11 2026 18:40:17 GMT+0000 (Coordinated Universal Time),17,$XTAL,$xtal,,,,,,
2026-08-12T09:20:26.861026+00:00,20260812-092026,https://trends24.in/indonesia/,Tue Aug 11 2026 18:40:17 GMT+0000 (Coordinated Universal Time),18,JM SUNNYMOON RECAP,jm sunnymoon recap,,,,,,
2026-08-12T09:20:26.861026+00:00,20260812-092026,https://trends24.in/indonesia/,Tue Aug 11 2026 18:40:17 GMT+0000 (Coordinated Universal Time),19,And Wait,and wait,,,,,,
2026-08-12T09:20:26.861026+00:00,20260812-092026,https://trends24.in/indonesia/,Tue Aug 11 2026 18:40:17 GMT+0000 (Coordinated Universal Time),20,Creat Post About,creat post about,,,,,,
2026-08-12T09:20:26.861026+00:00,20260812-092026,https://trends24.in/indonesia/,Tue Aug 11 2026 18:40:17 GMT+0000 (Coordinated Universal Time),21,Yapping,yapping,,,,,,
2026-08-12T09:20:26.861026+00:00,20260812-092026,https://trends24.in/indonesia/,Tue Aug 11 2026 18:40:17 GMT+0000 (Coordinated Universal Time),22,Kaye,kaye,,,,,,
2026-08-12T09:20:26.861026+00:00,20260812-092026,https://trends24.in/indonesia/,Tue Aug 11 2026 18:40:17 GMT+0000 (Coordinated Universal Time),23,Tipsal,tipsal,,,,,,
2026-08-12T09:20:26.861026+00:00,20260812-092026,https://trends24.in/indonesia/,Tue Aug 11 2026 18:40:17 GMT+0000 (Coordinated Universal Time),24,Mika,mika,,,,,,
2026-08-12T09:20:26.861026+00:00,20260812-092026,https://trends24.in/indonesia/,Tue Aug 11 2026 18:40:17 GMT+0000 (Coordinated Universal Time),25,NUNEW FEAT BOWKYLION,nunew feat bowkylion,,,,,,
2026-08-12T09:20:26.861026+00:00,20260812-092026,https://trends24.in/indonesia/,Tue Aug 11 2026 18:40:17 GMT+0000 (Coordinated Universal Time),26,MR KILL SERIES LAST Q,mr kill series last q,,,,,,
2026-08-12T09:20:26.861026+00:00,20260812-092026,https://trends24.in/indonesia/,Tue Aug 11 2026 18:40:17 GMT+0000 (Coordinated Universal Time),27,$TOAD,$toad,,,,,,
2026-08-12T09:20:26.861026+00:00,20260812-092026,https://trends24.in/indonesia/,Tue Aug 11 2026 18:40:17 GMT+0000 (Coordinated Universal Time),28,Snezhnaya,snezhnaya,,,,,,
2026-08-12T09:20:26.861026+00:00,20260812-092026,https://trends24.in/indonesia/,Tue Aug 11 2026 18:40:17 GMT+0000 (Coordinated Universal Time),29,taeyong,taeyong,,,,,,
2026-08-12T09:20:26.861026+00:00,20260812-092026,https://trends24.in/indonesia/,Tue Aug 11 2026 18:40:17 GMT+0000 (Coordinated Universal Time),30,#Flex1045xGAWIN_GoneAway,flex1045xgawin_goneaway,,,,,,
2026-08-12T09:20:26.861026+00:00,20260812-092026,https://trends24.in/indonesia/,Tue Aug 11 2026 18:40:17 GMT+0000 (Coordinated Universal Time),31,#bokepindo,bokepindo,,,,,,
2026-08-12T09:20:26.861026+00:00,20260812-092026,https://trends24.in/indonesia/,Tue Aug 11 2026 18:40:17 GMT+0000 (Coordinated Universal Time),32,#ãã®å¤ä¸çªã¢ã¤ã³ããã¯ãªHearts2Hearts,ãã®å¤ä¸çªã¢ã¤ã³ããã¯ãªhearts2hearts,,,,,,
2026-08-12T09:20:26.861026+00:00,20260812-092026,https://trends24.in/indonesia/,Tue Aug 11 2026 18:40:17 GMT+0000 (Coordinated Universal Time),33,#ICONICHEARTOutNow,iconicheartoutnow,,,,,,
2026-08-12T09:20:26.861026+00:00,20260812-092026,https://trends24.in/indonesia/,Tue Aug 11 2026 18:40:17 GMT+0000 (Coordinated Universal Time),34,#í¼ëí_ë´ì©_ê¶ê¸í´,í¼ëí_ë´ì©_ê¶ê¸í´,,,,,,
2026-08-12T09:20:26.861026+00:00,20260812-092026,https://trends24.in/indonesia/,Tue Aug 11 2026 18:40:17 GMT+0000 (Coordinated Universal Time),35,#BRZSD,brzsd,,,,,,
2026-08-12T09:20:26.861026+00:00,20260812-092026,https://trends24.in/indonesia/,Tue Aug 11 2026 18:40:17 GMT+0000 (Coordinated Universal Time),36,#PondPhuwinConcert,pondphuwinconcert,,,,,,
2026-08-12T09:20:26.861026+00:00,20260812-092026,https://trends24.in/indonesia/,Tue Aug 11 2026 18:40:17 GMT+0000 (Coordinated Universal Time),37,#BRIIZESelcaDay,briizeselcaday,,,,,,
2026-08-12T09:20:26.861026+00:00,20260812-092026,https://trends24.in/indonesia/,Tue Aug 11 2026 18:40:17 GMT+0000 (Coordinated Universal Time),38,#zonajajanï¸ï¸,zonajajanï¸ï¸,,,,,,
2026-08-12T09:20:26.861026+00:00,20260812-092026,https://trends24.in/indonesia/,Tue Aug 11 2026 18:40:17 GMT+0000 (Coordinated Universal Time),39,#Airdrop,airdrop,,,,,,
2026-08-12T09:20:26.861026+00:00,20260812-092026,https://trends24.in/indonesia/,Tue Aug 11 2026 18:40:17 GMT+0000 (Coordinated Universal Time),40,#JuniorMarkConcert,juniormarkconcert,,,,,,
2026-08-12T09:20:26.861026+00:00,20260812-092026,https://trends24.in/indonesia/,Tue Aug 11 2026 18:40:17 GMT+0000 (Coordinated Universal Time),41,#dewtee,dewtee,,,,,,
2026-08-12T09:20:26.861026+00:00,20260812-092026,https://trends24.in/indonesia/,Tue Aug 11 2026 18:40:17 GMT+0000 (Coordinated Universal Time),42,#Terongers,terongers,,,,,,
2026-08-12T09:20:26.861026+00:00,20260812-092026,https://trends24.in/indonesia/,Tue Aug 11 2026 18:40:17 GMT+0000 (Coordinated Universal Time),43,#Customers,customers,,,,,,
2026-08-12T09:20:26.861026+00:00,20260812-092026,https://trends24.in/indonesia/,Tue Aug 11 2026 18:40:17 GMT+0000 (Coordinated Universal Time),44,#cainmates,cainmates,,,,,,
2026-08-12T09:20:26.861026+00:00,20260812-092026,https://trends24.in/indonesia/,Tue Aug 11 2026 18:40:17 GMT+0000 (Coordinated Universal Time),45,#TerikatJanjiEp128,terikatjanjiep128,,,,,,
2026-08-12T09:20:26.861026+00:00,20260812-092026,https://trends24.in/indonesia/,Tue Aug 11 2026 18:40:17 GMT+0000 (Coordinated Universal Time),46,#IWillAlwaysSaveYou,iwillalwayssaveyou,,,,,,
2026-08-12T09:20:26.861026+00:00,20260812-092026,https://trends24.in/indonesia/,Tue Aug 11 2026 18:40:17 GMT+0000 (Coordinated Universal Time),47,#Blockchain,blockchain,,,,,,
2026-08-12T09:20:26.861026+00:00,20260812-092026,https://trends24.in/indonesia/,Tue Aug 11 2026 18:40:17 GMT+0000 (Coordinated Universal Time),48,#à¹à¸à¸¥à¸à¸à¸²à¸à¸²,à¹à¸à¸¥à¸à¸à¸²à¸à¸²,,,,,,
2026-08-12T09:20:26.861026+00:00,20260812-092026,https://trends24.in/indonesia/,Tue Aug 11 2026 18:40:17 GMT+0000 (Coordinated Universal Time),49,#MyBiasMyBoss,mybiasmyboss,,,,,,
2026-08-12T09:20:26.861026+00:00,20260812-092026,https://trends24.in/indonesia/,Tue Aug 11 2026 18:40:17 GMT+0000 (Coordinated Universal Time),50,#DigitalShield,digitalshield,,,,,,
2026-08-12T09:20:26.861026+00:00,20260812-092026,https://trends24.in/indonesia/,Tue Aug 11 2026 17:48:03 GMT+0000 (Coordinated Universal Time),1,$MOTION,$motion,,,,,,
2026-08-12T09:20:26.861026+00:00,20260812-092026,https://trends24.in/indonesia/,Tue Aug 11 2026 17:48:03 GMT+0000 (Coordinated Universal Time),2,#MrKillSeriesEP6,mrkillseriesep6,,,,,,
2026-08-12T09:20:26.861026+00:00,20260812-092026,https://trends24.in/indonesia/,Tue Aug 11 2026 17:48:03 GMT+0000 (Coordinated Universal Time),3,#GMMTVLiveHouse,gmmtvlivehouse,,,,,,
2026-08-12T09:20:26.861026+00:00,20260812-092026,https://trends24.in/indonesia/,Tue Aug 11 2026 17:48:03 GMT+0000 (Coordinated Universal Time),4,TipFi,tipfi,,,,,,
2026-08-12T09:20:26.861026+00:00,20260812-092026,https://trends24.in/indonesia/,Tue Aug 11 2026 17:48:03 GMT+0000 (Coordinated Universal Time),5,Robinhood Chain,robinhood chain,,,,,,
2026-08-12T09:20:26.861026+00:00,20260812-092026,https://trends24.in/indonesia/,Tue Aug 11 2026 17:48:03 GMT+0000 (Coordinated Universal Time),6,SKY NANI FANCON LIVEHOUSE,sky nani fancon livehouse,,,,,,
2026-08-12T09:20:26.861026+00:00,20260812-092026,https://trends24.in/indonesia/,Tue Aug 11 2026 17:48:03 GMT+0000 (Coordinated Universal Time),7,#SkyNaniSToTheNFancon,skynanistothenfancon,,,,,,
2026-08-12T09:20:26.861026+00:00,20260812-092026,https://trends24.in/indonesia/,Tue Aug 11 2026 17:48:03 GMT+0000 (Coordinated Universal Time),8,Login with X,login with x,,,,,,
2026-08-12T09:20:26.861026+00:00,20260812-092026,https://trends24.in/indonesia/,Tue Aug 11 2026 17:48:03 GMT+0000 (Coordinated Universal Time),9,#Flex1045xGAWIN_GoneAway,flex1045xgawin_goneaway,,,,,,
2026-08-12T09:20:26.861026+00:00,20260812-092026,https://trends24.in/indonesia/,Tue Aug 11 2026 17:48:03 GMT+0000 (Coordinated Universal Time),10,#à¸à¸¸à¸à¹à¸à¸ªà¸±à¸à¸à¸´à¸§à¸²à¸ªEP5,à¸à¸¸à¸à¹à¸à¸ªà¸±à¸à¸à¸´à¸§à¸²à¸ªep5,,,,,,
2026-08-12T09:20:26.861026+00:00,20260812-092026,https://trends24.in/indonesia/,Tue Aug 11 2026 17:48:03 GMT+0000 (Coordinated Universal Time),11,PONDPHUWIN IN LIVEHOUSE,pondphuwin in livehouse,,,,,,
2026-08-12T09:20:26.861026+00:00,20260812-092026,https://trends24.in/indonesia/,Tue Aug 11 2026 17:48:03 GMT+0000 (Coordinated Universal Time),12,Love Destiny EP5,love destiny ep5,,,,,,
2026-08-12T09:20:26.861026+00:00,20260812-092026,https://trends24.in/indonesia/,Tue Aug 11 2026 17:48:03 GMT+0000 (Coordinated Universal Time),13,Assemble Teaser D1,assemble teaser d1,,,,,,
2026-08-12T09:20:26.861026+00:00,20260812-092026,https://trends24.in/indonesia/,Tue Aug 11 2026 17:48:03 GMT+0000 (Coordinated Universal Time),14,$XTAL,$xtal,,,,,,
2026-08-12T09:20:26.861026+00:00,20260812-092026,https://trends24.in/indonesia/,Tue Aug 11 2026 17:48:03 GMT+0000 (Coordinated Universal Time),15,Your X,your x,,,,,,
2026-08-12T09:20:26.861026+00:00,20260812-092026,https://trends24.in/indonesia/,Tue Aug 11 2026 17:48:03 GMT+0000 (Coordinated Universal Time),16,Balance,balance,,,,,,
2026-08-12T09:20:26.861026+00:00,20260812-092026,https://trends24.in/indonesia/,Tue Aug 11 2026 17:48:03 GMT+0000 (Coordinated Universal Time),17,TIP ON,tip on,,,,,,
2026-08-12T09:20:26.861026+00:00,20260812-092026,https://trends24.in/indonesia/,Tue Aug 11 2026 17:48:03 GMT+0000 (Coordinated Universal Time),18,JM SUNNYMOON RECAP,jm sunnymoon recap,,,,,,
2026-08-12T09:20:26.861026+00:00,20260812-092026,https://trends24.in/indonesia/,Tue Aug 11 2026 17:48:03 GMT+0000 (Coordinated Universal Time),19,And Wait,and wait,,,,,,
2026-08-12T09:20:26.861026+00:00,20260812-092026,https://trends24.in/indonesia/,Tue Aug 11 2026 17:48:03 GMT+0000 (Coordinated Universal Time),20,Creat Post About,creat post about,,,,,,
2026-08-12T09:20:26.861026+00:00,20260812-092026,https://trends24.in/indonesia/,Tue Aug 11 2026 17:48:03 GMT+0000 (Coordinated Universal Time),21,Kaye,kaye,,,,,,
2026-08-12T09:20:26.861026+00:00,20260812-092026,https://trends24.in/indonesia/,Tue Aug 11 2026 17:48:03 GMT+0000 (Coordinated Universal Time),22,Tipsal,tipsal,,,,,,
2026-08-12T09:20:26.861026+00:00,20260812-092026,https://trends24.in/indonesia/,Tue Aug 11 2026 17:48:03 GMT+0000 (Coordinated Universal Time),23,Yapping,yapping,,,,,,
2026-08-12T09:20:26.861026+00:00,20260812-092026,https://trends24.in/indonesia/,Tue Aug 11 2026 17:48:03 GMT+0000 (Coordinated Universal Time),24,Mika,mika,,,,,,
2026-08-12T09:20:26.861026+00:00,20260812-092026,https://trends24.in/indonesia/,Tue Aug 11 2026 17:48:03 GMT+0000 (Coordinated Universal Time),25,NUNEW FEAT BOWKYLION,nunew feat bowkylion,,,,,,
2026-08-12T09:20:26.861026+00:00,20260812-092026,https://trends24.in/indonesia/,Tue Aug 11 2026 17:48:03 GMT+0000 (Coordinated Universal Time),26,Snezhnaya,snezhnaya,,,,,,
2026-08-12T09:20:26.861026+00:00,20260812-092026,https://trends24.in/indonesia/,Tue Aug 11 2026 17:48:03 GMT+0000 (Coordinated Universal Time),27,taeyong,taeyong,,,,,,
2026-08-12T09:20:26.861026+00:00,20260812-092026,https://trends24.in/indonesia/,Tue Aug 11 2026 17:48:03 GMT+0000 (Coordinated Universal Time),28,DAY OFF,day off,,,,,,
2026-08-12T09:20:26.861026+00:00,20260812-092026,https://trends24.in/indonesia/,Tue Aug 11 2026 17:48:03 GMT+0000 (Coordinated Universal Time),29,#NCT127_Assemble1,nct127_assemble1,,,,,,
2026-08-12T09:20:26.861026+00:00,20260812-092026,https://trends24.in/indonesia/,Tue Aug 11 2026 17:48:03 GMT+0000 (Coordinated Universal Time),30,#bokepindo,bokepindo,,,,,,
2026-08-12T09:20:26.861026+00:00,20260812-092026,https://trends24.in/indonesia/,Tue Aug 11 2026 17:48:03 GMT+0000 (Coordinated Universal Time),31,#ãã®å¤ä¸çªã¢ã¤ã³ããã¯ãªHearts2Hearts,ãã®å¤ä¸çªã¢ã¤ã³ããã¯ãªhearts2hearts,,,,,,
2026-08-12T09:20:26.861026+00:00,20260812-092026,https://trends24.in/indonesia/,Tue Aug 11 2026 17:48:03 GMT+0000 (Coordinated Universal Time),32,#ICONICHEARTOutNow,iconicheartoutnow,,,,,,
2026-08-12T09:20:26.861026+00:00,20260812-092026,https://trends24.in/indonesia/,Tue Aug 11 2026 17:48:03 GMT+0000 (Coordinated Universal Time),33,#í¼ëí_ë´ì©_ê¶ê¸í´,í¼ëí_ë´ì©_ê¶ê¸í´,,,,,,
2026-08-12T09:20:26.861026+00:00,20260812-092026,https://trends24.in/indonesia/,Tue Aug 11 2026 17:48:03 GMT+0000 (Coordinated Universal Time),34,#BRZSD,brzsd,,,,,,
2026-08-12T09:20:26.861026+00:00,20260812-092026,https://trends24.in/indonesia/,Tue Aug 11 2026 17:48:03 GMT+0000 (Coordinated Universal Time),35,#PondPhuwinConcert,pondphuwinconcert,,,,,,
2026-08-12T09:20:26.861026+00:00,20260812-092026,https://trends24.in/indonesia/,Tue Aug 11 2026 17:48:03 GMT+0000 (Coordinated Universal Time),36,#BRIIZESelcaDay,briizeselcaday,,,,,,
2026-08-12T09:20:26.861026+00:00,20260812-092026,https://trends24.in/indonesia/,Tue Aug 11 2026 17:48:03 GMT+0000 (Coordinated Universal Time),37,#zonajajanï¸ï¸,zonajajanï¸ï¸,,,,,,
2026-08-12T09:20:26.861026+00:00,20260812-092026,https://trends24.in/indonesia/,Tue Aug 11 2026 17:48:03 GMT+0000 (Coordinated Universal Time),38,#dewtee,dewtee,,,,,,
2026-08-12T09:20:26.861026+00:00,20260812-092026,https://trends24.in/indonesia/,Tue Aug 11 2026 17:48:03 GMT+0000 (Coordinated Universal Time),39,#JuniorMarkConcert,juniormarkconcert,,,,,,
2026-08-12T09:20:26.861026+00:00,20260812-092026,https://trends24.in/indonesia/,Tue Aug 11 2026 17:48:03 GMT+0000 (Coordinated Universal Time),40,#Airdrop,airdrop,,,,,,
2026-08-12T09:20:26.861026+00:00,20260812-092026,https://trends24.in/indonesia/,Tue Aug 11 2026 17:48:03 GMT+0000 (Coordinated Universal Time),41,#Terongers,terongers,,,,,,
2026-08-12T09:20:26.861026+00:00,20260812-092026,https://trends24.in/indonesia/,Tue Aug 11 2026 17:48:03 GMT+0000 (Coordinated Universal Time),42,#Cainmates,cainmates,,,,,,
2026-08-12T09:20:26.861026+00:00,20260812-092026,https://trends24.in/indonesia/,Tue Aug 11 2026 17:48:03 GMT+0000 (Coordinated Universal Time),43,#Customers,customers,,,,,,
2026-08-12T09:20:26.861026+00:00,20260812-092026,https://trends24.in/indonesia/,Tue Aug 11 2026 17:48:03 GMT+0000 (Coordinated Universal Time),44,#TerikatJanjiEp128,terikatjanjiep128,,,,,,
2026-08-12T09:20:26.861026+00:00,20260812-092026,https://trends24.in/indonesia/,Tue Aug 11 2026 17:48:03 GMT+0000 (Coordinated Universal Time),45,#IWillAlwaysSaveYou,iwillalwayssaveyou,,,,,,
2026-08-12T09:20:26.861026+00:00,20260812-092026,https://trends24.in/indonesia/,Tue Aug 11 2026 17:48:03 GMT+0000 (Coordinated Universal Time),46,#XODIAC,xodiac,,,,,,
2026-08-12T09:20:26.861026+00:00,20260812-092026,https://trends24.in/indonesia/,Tue Aug 11 2026 17:48:03 GMT+0000 (Coordinated Universal Time),47,#à¹à¸à¸¥à¸à¸à¸²à¸à¸²,à¹à¸à¸¥à¸à¸à¸²à¸à¸²,,,,,,
2026-08-12T09:20:26.861026+00:00,20260812-092026,https://trends24.in/indonesia/,Tue Aug 11 2026 17:48:03 GMT+0000 (Coordinated Universal Time),48,#PROJECTDUOONExFreenBecky,projectduoonexfreenbecky,,,,,,
2026-08-12T09:20:26.861026+00:00,20260812-092026,https://trends24.in/indonesia/,Tue Aug 11 2026 17:48:03 GMT+0000 (Coordinated Universal Time),49,#MyBiasMyBoss,mybiasmyboss,,,,,,
2026-08-12T09:20:26.861026+00:00,20260812-092026,https://trends24.in/indonesia/,Tue Aug 11 2026 17:48:03 GMT+0000 (Coordinated Universal Time),50,#PROJECTDUOONEPresscon,projectduoonepresscon,,,,,,
2026-08-12T09:20:26.861026+00:00,20260812-092026,https://trends24.in/indonesia/,Tue Aug 11 2026 16:56:03 GMT+0000 (Coordinated Universal Time),1,$MOTION,$motion,,,,,,
2026-08-12T09:20:26.861026+00:00,20260812-092026,https://trends24.in/indonesia/,Tue Aug 11 2026 16:56:03 GMT+0000 (Coordinated Universal Time),2,#MrKillSeriesEP6,mrkillseriesep6,,,,,,
2026-08-12T09:20:26.861026+00:00,20260812-092026,https://trends24.in/indonesia/,Tue Aug 11 2026 16:56:03 GMT+0000 (Coordinated Universal Time),3,#GMMTVLiveHouse,gmmtvlivehouse,,,,,,
2026-08-12T09:20:26.861026+00:00,20260812-092026,https://trends24.in/indonesia/,Tue Aug 11 2026 16:56:03 GMT+0000 (Coordinated Universal Time),4,SKY NANI FANCON LIVEHOUSE,sky nani fancon livehouse,,,,,,
2026-08-12T09:20:26.861026+00:00,20260812-092026,https://trends24.in/indonesia/,Tue Aug 11 2026 16:56:03 GMT+0000 (Coordinated Universal Time),5,#SkyNaniSToTheNFancon,skynanistothenfancon,,,,,,
2026-08-12T09:20:26.861026+00:00,20260812-092026,https://trends24.in/indonesia/,Tue Aug 11 2026 16:56:03 GMT+0000 (Coordinated Universal Time),6,TipFi,tipfi,,,,,,
2026-08-12T09:20:26.861026+00:00,20260812-092026,https://trends24.in/indonesia/,Tue Aug 11 2026 16:56:03 GMT+0000 (Coordinated Universal Time),7,Robinhood Chain,robinhood chain,,,,,,
2026-08-12T09:20:26.861026+00:00,20260812-092026,https://trends24.in/indonesia/,Tue Aug 11 2026 16:56:03 GMT+0000 (Coordinated Universal Time),8,Login with X,login with x,,,,,,
2026-08-12T09:20:26.861026+00:00,20260812-092026,https://trends24.in/indonesia/,Tue Aug 11 2026 16:56:03 GMT+0000 (Coordinated Universal Time),9,Assemble Teaser D1,assemble teaser d1,,,,,,
2026-08-12T09:20:26.861026+00:00,20260812-092026,https://trends24.in/indonesia/,Tue Aug 11 2026 16:56:03 GMT+0000 (Coordinated Universal Time),10,#NCT127_Assemble1,nct127_assemble1,,,,,,
2026-08-12T09:20:26.861026+00:00,20260812-092026,https://trends24.in/indonesia/,Tue Aug 11 2026 16:56:03 GMT+0000 (Coordinated Universal Time),11,PONDPHUWIN IN LIVEHOUSE,pondphuwin in livehouse,,,,,,
2026-08-12T09:20:26.861026+00:00,20260812-092026,https://trends24.in/indonesia/,Tue Aug 11 2026 16:56:03 GMT+0000 (Coordinated Universal Time),12,#Flex1045xGAWIN_GoneAway,flex1045xgawin_goneaway,,,,,,
2026-08-12T09:20:26.861026+00:00,20260812-092026,https://trends24.in/indonesia/,Tue Aug 11 2026 16:56:03 GMT+0000 (Coordinated Universal Time),13,$XTAL,$xtal,,,,,,
2026-08-12T09:20:26.861026+00:00,20260812-092026,https://trends24.in/indonesia/,Tue Aug 11 2026 16:56:03 GMT+0000 (Coordinated Universal Time),14,Otsuion,otsuion,,,,,,
2026-08-12T09:20:26.861026+00:00,20260812-092026,https://trends24.in/indonesia/,Tue Aug 11 2026 16:56:03 GMT+0000 (Coordinated Universal Time),15,Love Destiny EP5,love destiny ep5,,,,,,
2026-08-12T09:20:26.861026+00:00,20260812-092026,https://trends24.in/indonesia/,Tue Aug 11 2026 16:56:03 GMT+0000 (Coordinated Universal Time),16,JM SUNNYMOON RECAP,jm sunnymoon recap,,,,,,
2026-08-12T09:20:26.861026+00:00,20260812-092026,https://trends24.in/indonesia/,Tue Aug 11 2026 16:56:03 GMT+0000 (Coordinated Universal Time),17,Your X,your x,,,,,,
2026-08-12T09:20:26.861026+00:00,20260812-092026,https://trends24.in/indonesia/,Tue Aug 11 2026 16:56:03 GMT+0000 (Coordinated Universal Time),18,Balance,balance,,,,,,
2026-08-12T09:20:26.861026+00:00,20260812-092026,https://trends24.in/indonesia/,Tue Aug 11 2026 16:56:03 GMT+0000 (Coordinated Universal Time),19,Creat Post About,creat post about,,,,,,
2026-08-12T09:20:26.861026+00:00,20260812-092026,https://trends24.in/indonesia/,Tue Aug 11 2026 16:56:03 GMT+0000 (Coordinated Universal Time),20,And Wait,and wait,,,,,,
2026-08-12T09:20:26.861026+00:00,20260812-092026,https://trends24.in/indonesia/,Tue Aug 11 2026 16:56:03 GMT+0000 (Coordinated Universal Time),21,Kaye,kaye,,,,,,
2026-08-12T09:20:26.861026+00:00,20260812-092026,https://trends24.in/indonesia/,Tue Aug 11 2026 16:56:03 GMT+0000 (Coordinated Universal Time),22,Mika,mika,,,,,,
2026-08-12T09:20:26.861026+00:00,20260812-092026,https://trends24.in/indonesia/,Tue Aug 11 2026 16:56:03 GMT+0000 (Coordinated Universal Time),23,NUNEW FEAT BOWKYLION,nunew feat bowkylion,,,,,,
2026-08-12T09:20:26.861026+00:00,20260812-092026,https://trends24.in/indonesia/,Tue Aug 11 2026 16:56:03 GMT+0000 (Coordinated Universal Time),24,Tipsal,tipsal,,,,,,
2026-08-12T09:20:26.861026+00:00,20260812-092026,https://trends24.in/indonesia/,Tue Aug 11 2026 16:56:03 GMT+0000 (Coordinated Universal Time),25,SENADA STEMPEL DUA JARI,senada stempel dua jari,,,,,,
2026-08-12T09:20:26.861026+00:00,20260812-092026,https://trends24.in/indonesia/,Tue Aug 11 2026 16:56:03 GMT+0000 (Coordinated Universal Time),26,Hayoung,hayoung,,,,,,
2026-08-12T09:20:26.861026+00:00,20260812-092026,https://trends24.in/indonesia/,Tue Aug 11 2026 16:56:03 GMT+0000 (Coordinated Universal Time),27,Snezhnaya,snezhnaya,,,,,,
2026-08-12T09:20:26.861026+00:00,20260812-092026,https://trends24.in/indonesia/,Tue Aug 11 2026 16:56:03 GMT+0000 (Coordinated Universal Time),28,taeyong,taeyong,,,,,,
2026-08-12T09:20:26.861026+00:00,20260812-092026,https://trends24.in/indonesia/,Tue Aug 11 2026 16:56:03 GMT+0000 (Coordinated Universal Time),29,DAY OFF,day off,,,,,,
2026-08-12T09:20:26.861026+00:00,20260812-092026,https://trends24.in/indonesia/,Tue Aug 11 2026 16:56:03 GMT+0000 (Coordinated Universal Time),30,GEMINI AP POWERFUL SUMMER,gemini ap powerful summer,,,,,,
2026-08-12T09:20:26.861026+00:00,20260812-092026,https://trends24.in/indonesia/,Tue Aug 11 2026 16:56:03 GMT+0000 (Coordinated Universal Time),31,#ãã®å¤ä¸çªã¢ã¤ã³ããã¯ãªHearts2Hearts,ãã®å¤ä¸çªã¢ã¤ã³ããã¯ãªhearts2hearts,,,,,,
2026-08-12T09:20:26.861026+00:00,20260812-092026,https://trends24.in/indonesia/,Tue Aug 11 2026 16:56:03 GMT+0000 (Coordinated Universal Time),32,#ICONICHEARTOutNow,iconicheartoutnow,,,,,,
2026-08-12T09:20:26.861026+00:00,20260812-092026,https://trends24.in/indonesia/,Tue Aug 11 2026 16:56:03 GMT+0000 (Coordinated Universal Time),33,#bokepindo,bokepindo,,,,,,
2026-08-12T09:20:26.861026+00:00,20260812-092026,https://trends24.in/indonesia/,Tue Aug 11 2026 16:56:03 GMT+0000 (Coordinated Universal Time),34,#í¼ëí_ë´ì©_ê¶ê¸í´,í¼ëí_ë´ì©_ê¶ê¸í´,,,,,,
2026-08-12T09:20:26.861026+00:00,20260812-092026,https://trends24.in/indonesia/,Tue Aug 11 2026 16:56:03 GMT+0000 (Coordinated Universal Time),35,#BRZSD,brzsd,,,,,,
2026-08-12T09:20:26.861026+00:00,20260812-092026,https://trends24.in/indonesia/,Tue Aug 11 2026 16:56:03 GMT+0000 (Coordinated Universal Time),36,#à¸à¸¸à¸à¹à¸à¸ªà¸±à¸à¸à¸´à¸§à¸²à¸ªEP5,à¸à¸¸à¸à¹à¸à¸ªà¸±à¸à¸à¸´à¸§à¸²à¸ªep5,,,,,,
2026-08-12T09:20:26.861026+00:00,20260812-092026,https://trends24.in/indonesia/,Tue Aug 11 2026 16:56:03 GMT+0000 (Coordinated Universal Time),37,#PondPhuwinConcert,pondphuwinconcert,,,,,,
2026-08-12T09:20:26.861026+00:00,20260812-092026,https://trends24.in/indonesia/,Tue Aug 11 2026 16:56:03 GMT+0000 (Coordinated Universal Time),38,#BRIIZESelcaDay,briizeselcaday,,,,,,
2026-08-12T09:20:26.861026+00:00,20260812-092026,https://trends24.in/indonesia/,Tue Aug 11 2026 16:56:03 GMT+0000 (Coordinated Universal Time),39,#zonajajanï¸ï¸,zonajajanï¸ï¸,,,,,,
2026-08-12T09:20:26.861026+00:00,20260812-092026,https://trends24.in/indonesia/,Tue Aug 11 2026 16:56:03 GMT+0000 (Coordinated Universal Time),40,#dewtee,dewtee,,,,,,
2026-08-12T09:20:26.861026+00:00,20260812-092026,https://trends24.in/indonesia/,Tue Aug 11 2026 16:56:03 GMT+0000 (Coordinated Universal Time),41,#JuniorMarkConcert,juniormarkconcert,,,,,,
2026-08-12T09:20:26.861026+00:00,20260812-092026,https://trends24.in/indonesia/,Tue Aug 11 2026 16:56:03 GMT+0000 (Coordinated Universal Time),42,#Terongers,terongers,,,,,,
2026-08-12T09:20:26.861026+00:00,20260812-092026,https://trends24.in/indonesia/,Tue Aug 11 2026 16:56:03 GMT+0000 (Coordinated Universal Time),43,#TerikatJanjiEp128,terikatjanjiep128,,,,,,
2026-08-12T09:20:26.861026+00:00,20260812-092026,https://trends24.in/indonesia/,Tue Aug 11 2026 16:56:03 GMT+0000 (Coordinated Universal Time),44,#Airdrop,airdrop,,,,,,
2026-08-12T09:20:26.861026+00:00,20260812-092026,https://trends24.in/indonesia/,Tue Aug 11 2026 16:56:03 GMT+0000 (Coordinated Universal Time),45,#cainmates,cainmates,,,,,,
2026-08-12T09:20:26.861026+00:00,20260812-092026,https://trends24.in/indonesia/,Tue Aug 11 2026 16:56:03 GMT+0000 (Coordinated Universal Time),46,#IWillAlwaysSaveYou,iwillalwayssaveyou,,,,,,
2026-08-12T09:20:26.861026+00:00,20260812-092026,https://trends24.in/indonesia/,Tue Aug 11 2026 16:56:03 GMT+0000 (Coordinated Universal Time),47,#Customers,customers,,,,,,
2026-08-12T09:20:26.861026+00:00,20260812-092026,https://trends24.in/indonesia/,Tue Aug 11 2026 16:56:03 GMT+0000 (Coordinated Universal Time),48,#XODIAC,xodiac,,,,,,
2026-08-12T09:20:26.861026+00:00,20260812-092026,https://trends24.in/indonesia/,Tue Aug 11 2026 16:56:03 GMT+0000 (Coordinated Universal Time),49,#à¹à¸à¸¥à¸à¸à¸²à¸à¸²,à¹à¸à¸¥à¸à¸à¸²à¸à¸²,,,,,,
2026-08-12T09:20:26.861026+00:00,20260812-092026,https://trends24.in/indonesia/,Tue Aug 11 2026 16:56:03 GMT+0000 (Coordinated Universal Time),50,#GoneAwayGAWINpresstour,goneawaygawinpresstour,,,,,,
2026-08-12T09:20:26.861026+00:00,20260812-092026,https://trends24.in/indonesia/,Tue Aug 11 2026 16:03:32 GMT+0000 (Coordinated Universal Time),1,#MrKillSeriesEP6,mrkillseriesep6,,,,,,
2026-08-12T09:20:26.861026+00:00,20260812-092026,https://trends24.in/indonesia/,Tue Aug 11 2026 16:03:32 GMT+0000 (Coordinated Universal Time),2,$MOTION,$motion,,,,,,
2026-08-12T09:20:26.861026+00:00,20260812-092026,https://trends24.in/indonesia/,Tue Aug 11 2026 16:03:32 GMT+0000 (Coordinated Universal Time),3,#GMMTVLiveHouse,gmmtvlivehouse,,,,,,
2026-08-12T09:20:26.861026+00:00,20260812-092026,https://trends24.in/indonesia/,Tue Aug 11 2026 16:03:32 GMT+0000 (Coordinated Universal Time),4,SKY NANI FANCON LIVEHOUSE,sky nani fancon livehouse,,,,,,
2026-08-12T09:20:26.861026+00:00,20260812-092026,https://trends24.in/indonesia/,Tue Aug 11 2026 16:03:32 GMT+0000 (Coordinated Universal Time),5,#SkyNaniSToTheNFancon,skynanistothenfancon,,,,,,
2026-08-12T09:20:26.861026+00:00,20260812-092026,https://trends24.in/indonesia/,Tue Aug 11 2026 16:03:32 GMT+0000 (Coordinated Universal Time),6,Assemble Teaser D1,assemble teaser d1,,,,,,
2026-08-12T09:20:26.861026+00:00,20260812-092026,https://trends24.in/indonesia/,Tue Aug 11 2026 16:03:32 GMT+0000 (Coordinated Universal Time),7,#Flex1045xGAWIN_GoneAway,flex1045xgawin_goneaway,,,,,,
2026-08-12T09:20:26.861026+00:00,20260812-092026,https://trends24.in/indonesia/,Tue Aug 11 2026 16:03:32 GMT+0000 (Coordinated Universal Time),8,#NCT127_Assemble1,nct127_assemble1,,,,,,
2026-08-12T09:20:26.861026+00:00,20260812-092026,https://trends24.in/indonesia/,Tue Aug 11 2026 16:03:32 GMT+0000 (Coordinated Universal Time),9,PONDPHUWIN IN LIVEHOUSE,pondphuwin in livehouse,,,,,,
2026-08-12T09:20:26.861026+00:00,20260812-092026,https://trends24.in/indonesia/,Tue Aug 11 2026 16:03:32 GMT+0000 (Coordinated Universal Time),10,TipFi,tipfi,,,,,,
2026-08-12T09:20:26.861026+00:00,20260812-092026,https://trends24.in/indonesia/,Tue Aug 11 2026 16:03:32 GMT+0000 (Coordinated Universal Time),11,$XTAL,$xtal,,,,,,
2026-08-12T09:20:26.861026+00:00,20260812-092026,https://trends24.in/indonesia/,Tue Aug 11 2026 16:03:32 GMT+0000 (Coordinated Universal Time),12,Login with X,login with x,,,,,,
2026-08-12T09:20:26.861026+00:00,20260812-092026,https://trends24.in/indonesia/,Tue Aug 11 2026 16:03:32 GMT+0000 (Coordinated Universal Time),13,Otsuion,otsuion,,,,,,
2026-08-12T09:20:26.861026+00:00,20260812-092026,https://trends24.in/indonesia/,Tue Aug 11 2026 16:03:32 GMT+0000 (Coordinated Universal Time),14,Robinhood Chain,robinhood chain,,,,,,
2026-08-12T09:20:26.861026+00:00,20260812-092026,https://trends24.in/indonesia/,Tue Aug 11 2026 16:03:32 GMT+0000 (Coordinated Universal Time),15,JM SUNNYMOON RECAP,jm sunnymoon recap,,,,,,
2026-08-12T09:20:26.861026+00:00,20260812-092026,https://trends24.in/indonesia/,Tue Aug 11 2026 16:03:32 GMT+0000 (Coordinated Universal Time),16,Balance,balance,,,,,,
2026-08-12T09:20:26.861026+00:00,20260812-092026,https://trends24.in/indonesia/,Tue Aug 11 2026 16:03:32 GMT+0000 (Coordinated Universal Time),17,Mika,mika,,,,,,
2026-08-12T09:20:26.861026+00:00,20260812-092026,https://trends24.in/indonesia/,Tue Aug 11 2026 16:03:32 GMT+0000 (Coordinated Universal Time),18,Creat Post About,creat post about,,,,,,
2026-08-12T09:20:26.861026+00:00,20260812-092026,https://trends24.in/indonesia/,Tue Aug 11 2026 16:03:32 GMT+0000 (Coordinated Universal Time),19,Kaye,kaye,,,,,,
2026-08-12T09:20:26.861026+00:00,20260812-092026,https://trends24.in/indonesia/,Tue Aug 11 2026 16:03:32 GMT+0000 (Coordinated Universal Time),20,NUNEW FEAT BOWKYLION,nunew feat bowkylion,,,,,,
2026-08-12T09:20:26.861026+00:00,20260812-092026,https://trends24.in/indonesia/,Tue Aug 11 2026 16:03:32 GMT+0000 (Coordinated Universal Time),21,SENADA STEMPEL DUA JARI,senada stempel dua jari,,,,,,
2026-08-12T09:20:26.861026+00:00,20260812-092026,https://trends24.in/indonesia/,Tue Aug 11 2026 16:03:32 GMT+0000 (Coordinated Universal Time),22,Tipsal,tipsal,,,,,,
2026-08-12T09:20:26.861026+00:00,20260812-092026,https://trends24.in/indonesia/,Tue Aug 11 2026 16:03:32 GMT+0000 (Coordinated Universal Time),23,Hayoung,hayoung,,,,,,
2026-08-12T09:20:26.861026+00:00,20260812-092026,https://trends24.in/indonesia/,Tue Aug 11 2026 16:03:32 GMT+0000 (Coordinated Universal Time),24,W101 SERIES PRESS TOUR,w101 series press tour,,,,,,
2026-08-12T09:20:26.861026+00:00,20260812-092026,https://trends24.in/indonesia/,Tue Aug 11 2026 16:03:32 GMT+0000 (Coordinated Universal Time),25,taeyong,taeyong,,,,,,
2026-08-12T09:20:26.861026+00:00,20260812-092026,https://trends24.in/indonesia/,Tue Aug 11 2026 16:03:32 GMT+0000 (Coordinated Universal Time),26,DAY OFF,day off,,,,,,
2026-08-12T09:20:26.861026+00:00,20260812-092026,https://trends24.in/indonesia/,Tue Aug 11 2026 16:03:32 GMT+0000 (Coordinated Universal Time),27,Digital Shield,digital shield,,,,,,
2026-08-12T09:20:26.861026+00:00,20260812-092026,https://trends24.in/indonesia/,Tue Aug 11 2026 16:03:32 GMT+0000 (Coordinated Universal Time),28,Snezhnaya,snezhnaya,,,,,,
2026-08-12T09:20:26.861026+00:00,20260812-092026,https://trends24.in/indonesia/,Tue Aug 11 2026 16:03:32 GMT+0000 (Coordinated Universal Time),29,GEMINI AP POWERFUL SUMMER,gemini ap powerful summer,,,,,,
2026-08-12T09:20:26.861026+00:00,20260812-092026,https://trends24.in/indonesia/,Tue Aug 11 2026 16:03:32 GMT+0000 (Coordinated Universal Time),30,#ãã®å¤ä¸çªã¢ã¤ã³ããã¯ãªHearts2Hearts,ãã®å¤ä¸çªã¢ã¤ã³ããã¯ãªhearts2hearts,,,,,,
2026-08-12T09:20:26.861026+00:00,20260812-092026,https://trends24.in/indonesia/,Tue Aug 11 2026 16:03:32 GMT+0000 (Coordinated Universal Time),31,#ICONICHEARTOutNow,iconicheartoutnow,,,,,,
2026-08-12T09:20:26.861026+00:00,20260812-092026,https://trends24.in/indonesia/,Tue Aug 11 2026 16:03:32 GMT+0000 (Coordinated Universal Time),32,#í¼ëí_ë´ì©_ê¶ê¸í´,í¼ëí_ë´ì©_ê¶ê¸í´,,,,,,
2026-08-12T09:20:26.861026+00:00,20260812-092026,https://trends24.in/indonesia/,Tue Aug 11 2026 16:03:32 GMT+0000 (Coordinated Universal Time),33,#BRZSD,brzsd,,,,,,
2026-08-12T09:20:26.861026+00:00,20260812-092026,https://trends24.in/indonesia/,Tue Aug 11 2026 16:03:32 GMT+0000 (Coordinated Universal Time),34,#PondPhuwinConcert,pondphuwinconcert,,,,,,
2026-08-12T09:20:26.861026+00:00,20260812-092026,https://trends24.in/indonesia/,Tue Aug 11 2026 16:03:32 GMT+0000 (Coordinated Universal Time),35,#BRIIZESelcaDay,briizeselcaday,,,,,,
2026-08-12T09:20:26.861026+00:00,20260812-092026,https://trends24.in/indonesia/,Tue Aug 11 2026 16:03:32 GMT+0000 (Coordinated Universal Time),36,#TerikatJanjiEp128,terikatjanjiep128,,,,,,
2026-08-12T09:20:26.861026+00:00,20260812-092026,https://trends24.in/indonesia/,Tue Aug 11 2026 16:03:32 GMT+0000 (Coordinated Universal Time),37,#Terongers,terongers,,,,,,
2026-08-12T09:20:26.861026+00:00,20260812-092026,https://trends24.in/indonesia/,Tue Aug 11 2026 16:03:32 GMT+0000 (Coordinated Universal Time),38,#JuniorMarkConcert,juniormarkconcert,,,,,,
2026-08-12T09:20:26.861026+00:00,20260812-092026,https://trends24.in/indonesia/,Tue Aug 11 2026 16:03:32 GMT+0000 (Coordinated Universal Time),39,#dewtee,dewtee,,,,,,
2026-08-12T09:20:26.861026+00:00,20260812-092026,https://trends24.in/indonesia/,Tue Aug 11 2026 16:03:32 GMT+0000 (Coordinated Universal Time),40,#Customers,customers,,,,,,
2026-08-12T09:20:26.861026+00:00,20260812-092026,https://trends24.in/indonesia/,Tue Aug 11 2026 16:03:32 GMT+0000 (Coordinated Universal Time),41,#Cainmates,cainmates,,,,,,
2026-08-12T09:20:26.861026+00:00,20260812-092026,https://trends24.in/indonesia/,Tue Aug 11 2026 16:03:32 GMT+0000 (Coordinated Universal Time),42,#IWillAlwaysSaveYou,iwillalwayssaveyou,,,,,,
2026-08-12T09:20:26.861026+00:00,20260812-092026,https://trends24.in/indonesia/,Tue Aug 11 2026 16:03:32 GMT+0000 (Coordinated Universal Time),43,#à¹à¸à¸¥à¸à¸à¸²à¸à¸²,à¹à¸à¸¥à¸à¸à¸²à¸à¸²,,,,,,
2026-08-12T09:20:26.861026+00:00,20260812-092026,https://trends24.in/indonesia/,Tue Aug 11 2026 16:03:32 GMT+0000 (Coordinated Universal Time),44,#XODIAC,xodiac,,,,,,
2026-08-12T09:20:26.861026+00:00,20260812-092026,https://trends24.in/indonesia/,Tue Aug 11 2026 16:03:32 GMT+0000 (Coordinated Universal Time),45,#goneawaygawinpresstour,goneawaygawinpresstour,,,,,,
2026-08-12T09:20:26.861026+00:00,20260812-092026,https://trends24.in/indonesia/,Tue Aug 11 2026 16:03:32 GMT+0000 (Coordinated Universal Time),46,#Airdrop,airdrop,,,,,,
2026-08-12T09:20:26.861026+00:00,20260812-092026,https://trends24.in/indonesia/,Tue Aug 11 2026 16:03:32 GMT+0000 (Coordinated Universal Time),47,#LoveOnTheRoad,loveontheroad,,,,,,
2026-08-12T09:20:26.861026+00:00,20260812-092026,https://trends24.in/indonesia/,Tue Aug 11 2026 16:03:32 GMT+0000 (Coordinated Universal Time),48,#GalaxyxTayTawan,galaxyxtaytawan,,,,,,
2026-08-12T09:20:26.861026+00:00,20260812-092026,https://trends24.in/indonesia/,Tue Aug 11 2026 16:03:32 GMT+0000 (Coordinated Universal Time),49,#HarQeel634,harqeel634,,,,,,
2026-08-12T09:20:26.861026+00:00,20260812-092026,https://trends24.in/indonesia/,Tue Aug 11 2026 16:03:32 GMT+0000 (Coordinated Universal Time),50,#PROJECTDUOONExFreenBecky,projectduoonexfreenbecky,,,,,,
2026-08-12T09:20:26.861026+00:00,20260812-092026,https://trends24.in/indonesia/,Tue Aug 11 2026 15:09:58 GMT+0000 (Coordinated Universal Time),1,#MrKillSeriesEP6,mrkillseriesep6,,,,,,
2026-08-12T09:20:26.861026+00:00,20260812-092026,https://trends24.in/indonesia/,Tue Aug 11 2026 15:09:58 GMT+0000 (Coordinated Universal Time),2,$MOTION,$motion,,,,,,
2026-08-12T09:20:26.861026+00:00,20260812-092026,https://trends24.in/indonesia/,Tue Aug 11 2026 15:09:58 GMT+0000 (Coordinated Universal Time),3,#GMMTVLiveHouse,gmmtvlivehouse,,,,,,
2026-08-12T09:20:26.861026+00:00,20260812-092026,https://trends24.in/indonesia/,Tue Aug 11 2026 15:09:58 GMT+0000 (Coordinated Universal Time),4,#Flex1045xGAWIN_GoneAway,flex1045xgawin_goneaway,,,,,,
2026-08-12T09:20:26.861026+00:00,20260812-092026,https://trends24.in/indonesia/,Tue Aug 11 2026 15:09:58 GMT+0000 (Coordinated Universal Time),5,Otsuion,otsuion,,,,,,
2026-08-12T09:20:26.861026+00:00,20260812-092026,https://trends24.in/indonesia/,Tue Aug 11 2026 15:09:58 GMT+0000 (Coordinated Universal Time),6,PONDPHUWIN IN LIVEHOUSE,pondphuwin in livehouse,,,,,,
2026-08-12T09:20:26.861026+00:00,20260812-092026,https://trends24.in/indonesia/,Tue Aug 11 2026 15:09:58 GMT+0000 (Coordinated Universal Time),7,SKY NANI FANCON LIVEHOUSE,sky nani fancon livehouse,,,,,,
2026-08-12T09:20:26.861026+00:00,20260812-092026,https://trends24.in/indonesia/,Tue Aug 11 2026 15:09:58 GMT+0000 (Coordinated Universal Time),8,#SkyNaniSToTheNFancon,skynanistothenfancon,,,,,,
2026-08-12T09:20:26.861026+00:00,20260812-092026,https://trends24.in/indonesia/,Tue Aug 11 2026 15:09:58 GMT+0000 (Coordinated Universal Time),9,Login with X,login with x,,,,,,
2026-08-12T09:20:26.861026+00:00,20260812-092026,https://trends24.in/indonesia/,Tue Aug 11 2026 15:09:58 GMT+0000 (Coordinated Universal Time),10,#í¼ëí_ë´ì©_ê¶ê¸í´,í¼ëí_ë´ì©_ê¶ê¸í´,,,,,,
2026-08-12T09:20:26.861026+00:00,20260812-092026,https://trends24.in/indonesia/,Tue Aug 11 2026 15:09:58 GMT+0000 (Coordinated Universal Time),11,Assemble Teaser D1,assemble teaser d1,,,,,,
2026-08-12T09:20:26.861026+00:00,20260812-092026,https://trends24.in/indonesia/,Tue Aug 11 2026 15:09:58 GMT+0000 (Coordinated Universal Time),12,TipFi,tipfi,,,,,,
2026-08-12T09:20:26.861026+00:00,20260812-092026,https://trends24.in/indonesia/,Tue Aug 11 2026 15:09:58 GMT+0000 (Coordinated Universal Time),13,$XTAL,$xtal,,,,,,
2026-08-12T09:20:26.861026+00:00,20260812-092026,https://trends24.in/indonesia/,Tue Aug 11 2026 15:09:58 GMT+0000 (Coordinated Universal Time),14,Robinhood Chain,robinhood chain,,,,,,
2026-08-12T09:20:26.861026+00:00,20260812-092026,https://trends24.in/indonesia/,Tue Aug 11 2026 15:09:58 GMT+0000 (Coordinated Universal Time),15,NUNEW FEAT BOWKYLION,nunew feat bowkylion,,,,,,
2026-08-12T09:20:26.861026+00:00,20260812-092026,https://trends24.in/indonesia/,Tue Aug 11 2026 15:09:58 GMT+0000 (Coordinated Universal Time),16,SENADA STEMPEL DUA JARI,senada stempel dua jari,,,,,,
2026-08-12T09:20:26.861026+00:00,20260812-092026,https://trends24.in/indonesia/,Tue Aug 11 2026 15:09:58 GMT+0000 (Coordinated Universal Time),17,Mika,mika,,,,,,
2026-08-12T09:20:26.861026+00:00,20260812-092026,https://trends24.in/indonesia/,Tue Aug 11 2026 15:09:58 GMT+0000 (Coordinated Universal Time),18,Tipsal,tipsal,,,,,,
2026-08-12T09:20:26.861026+00:00,20260812-092026,https://trends24.in/indonesia/,Tue Aug 11 2026 15:09:58 GMT+0000 (Coordinated Universal Time),19,Balance,balance,,,,,,
2026-08-12T09:20:26.861026+00:00,20260812-092026,https://trends24.in/indonesia/,Tue Aug 11 2026 15:09:58 GMT+0000 (Coordinated Universal Time),20,TAY WITH SAMSUNG,tay with samsung,,,,,,
2026-08-12T09:20:26.861026+00:00,20260812-092026,https://trends24.in/indonesia/,Tue Aug 11 2026 15:09:58 GMT+0000 (Coordinated Universal Time),21,w101 series press tour,w101 series press tour,,,,,,
2026-08-12T09:20:26.861026+00:00,20260812-092026,https://trends24.in/indonesia/,Tue Aug 11 2026 15:09:58 GMT+0000 (Coordinated Universal Time),22,taeyong,taeyong,,,,,,
2026-08-12T09:20:26.861026+00:00,20260812-092026,https://trends24.in/indonesia/,Tue Aug 11 2026 15:09:58 GMT+0000 (Coordinated Universal Time),23,The Grim Lover Q23,the grim lover q23,,,,,,
2026-08-12T09:20:26.861026+00:00,20260812-092026,https://trends24.in/indonesia/,Tue Aug 11 2026 15:09:58 GMT+0000 (Coordinated Universal Time),24,SeFurDen,sefurden,,,,,,
2026-08-12T09:20:26.861026+00:00,20260812-092026,https://trends24.in/indonesia/,Tue Aug 11 2026 15:09:58 GMT+0000 (Coordinated Universal Time),25,GEMINI AP POWERFUL SUMMER,gemini ap powerful summer,,,,,,
2026-08-12T09:20:26.861026+00:00,20260812-092026,https://trends24.in/indonesia/,Tue Aug 11 2026 15:09:58 GMT+0000 (Coordinated Universal Time),26,DAY OFF,day off,,,,,,
2026-08-12T09:20:26.861026+00:00,20260812-092026,https://trends24.in/indonesia/,Tue Aug 11 2026 15:09:58 GMT+0000 (Coordinated Universal Time),27,Snezhnaya,snezhnaya,,,,,,
2026-08-12T09:20:26.861026+00:00,20260812-092026,https://trends24.in/indonesia/,Tue Aug 11 2026 15:09:58 GMT+0000 (Coordinated Universal Time),28,Sutrimo,sutrimo,,,,,,
2026-08-12T09:20:26.861026+00:00,20260812-092026,https://trends24.in/indonesia/,Tue Aug 11 2026 15:09:58 GMT+0000 (Coordinated Universal Time),29,#NCT127_Assemble1,nct127_assemble1,,,,,,
2026-08-12T09:20:26.861026+00:00,20260812-092026,https://trends24.in/indonesia/,Tue Aug 11 2026 15:09:58 GMT+0000 (Coordinated Universal Time),30,#TerikatJanjiEp128,terikatjanjiep128,,,,,,
2026-08-12T09:20:26.861026+00:00,20260812-092026,https://trends24.in/indonesia/,Tue Aug 11 2026 15:09:58 GMT+0000 (Coordinated Universal Time),31,#PondPhuwinConcert,pondphuwinconcert,,,,,,
2026-08-12T09:20:26.861026+00:00,20260812-092026,https://trends24.in/indonesia/,Tue Aug 11 2026 15:09:58 GMT+0000 (Coordinated Universal Time),32,#IWillAlwaysSaveYou,iwillalwayssaveyou,,,,,,
2026-08-12T09:20:26.861026+00:00,20260812-092026,https://trends24.in/indonesia/,Tue Aug 11 2026 15:09:58 GMT+0000 (Coordinated Universal Time),33,#XODIAC,xodiac,,,,,,
2026-08-12T09:20:26.861026+00:00,20260812-092026,https://trends24.in/indonesia/,Tue Aug 11 2026 15:09:58 GMT+0000 (Coordinated Universal Time),34,#à¹à¸à¸¥à¸à¸à¸²à¸à¸²,à¹à¸à¸¥à¸à¸à¸²à¸à¸²,,,,,,
2026-08-12T09:20:26.861026+00:00,20260812-092026,https://trends24.in/indonesia/,Tue Aug 11 2026 15:09:58 GMT+0000 (Coordinated Universal Time),35,#terongers,terongers,,,,,,
2026-08-12T09:20:26.861026+00:00,20260812-092026,https://trends24.in/indonesia/,Tue Aug 11 2026 15:09:58 GMT+0000 (Coordinated Universal Time),36,#HarQeelCaughtIn4K,harqeelcaughtin4k,,,,,,
2026-08-12T09:20:26.861026+00:00,20260812-092026,https://trends24.in/indonesia/,Tue Aug 11 2026 15:09:58 GMT+0000 (Coordinated Universal Time),37,#GoneAwayGAWINpresstour,goneawaygawinpresstour,,,,,,
2026-08-12T09:20:26.861026+00:00,20260812-092026,https://trends24.in/indonesia/,Tue Aug 11 2026 15:09:58 GMT+0000 (Coordinated Universal Time),38,#PROJECTDUOONExFreenBecky,projectduoonexfreenbecky,,,,,,
2026-08-12T09:20:26.861026+00:00,20260812-092026,https://trends24.in/indonesia/,Tue Aug 11 2026 15:09:58 GMT+0000 (Coordinated Universal Time),39,#Customers,customers,,,,,,
2026-08-12T09:20:26.861026+00:00,20260812-092026,https://trends24.in/indonesia/,Tue Aug 11 2026 15:09:58 GMT+0000 (Coordinated Universal Time),40,#LoveOnTheRoad,loveontheroad,,,,,,
2026-08-12T09:20:26.861026+00:00,20260812-092026,https://trends24.in/indonesia/,Tue Aug 11 2026 15:09:58 GMT+0000 (Coordinated Universal Time),41,#GalaxyxTayTawan,galaxyxtaytawan,,,,,,
2026-08-12T09:20:26.861026+00:00,20260812-092026,https://trends24.in/indonesia/,Tue Aug 11 2026 15:09:58 GMT+0000 (Coordinated Universal Time),42,#HarQeel634,harqeel634,,,,,,
2026-08-12T09:20:26.861026+00:00,20260812-092026,https://trends24.in/indonesia/,Tue Aug 11 2026 15:09:58 GMT+0000 (Coordinated Universal Time),43,#PROJECTDUOONEPresscon,projectduoonepresscon,,,,,,
2026-08-12T09:20:26.861026+00:00,20260812-092026,https://trends24.in/indonesia/,Tue Aug 11 2026 15:09:58 GMT+0000 (Coordinated Universal Time),44,#seLIAsa,seliasa,,,,,,
2026-08-12T09:20:26.861026+00:00,20260812-092026,https://trends24.in/indonesia/,Tue Aug 11 2026 15:09:58 GMT+0000 (Coordinated Universal Time),45,#DigitalShield,digitalshield,,,,,,
2026-08-12T09:20:26.861026+00:00,20260812-092026,https://trends24.in/indonesia/,Tue Aug 11 2026 15:09:58 GMT+0000 (Coordinated Universal Time),46,#Web3Wallet,web3wallet,,,,,,
2026-08-12T09:20:26.861026+00:00,20260812-092026,https://trends24.in/indonesia/,Tue Aug 11 2026 15:09:58 GMT+0000 (Coordinated Universal Time),47,#UNBREAKABLE_å°å¹´BEAST,unbreakable_å°å¹´beast,,,,,,
2026-08-12T09:20:26.861026+00:00,20260812-092026,https://trends24.in/indonesia/,Tue Aug 11 2026 15:09:58 GMT+0000 (Coordinated Universal Time),48,#CryptoSecurity,cryptosecurity,,,,,,
2026-08-12T09:20:26.861026+00:00,20260812-092026,https://trends24.in/indonesia/,Tue Aug 11 2026 15:09:58 GMT+0000 (Coordinated Universal Time),49,#Airdrop,airdrop,,,,,,
2026-08-12T09:20:26.861026+00:00,20260812-092026,https://trends24.in/indonesia/,Tue Aug 11 2026 15:09:58 GMT+0000 (Coordinated Universal Time),50,#Blockchain,blockchain,,,,,,
2026-08-12T09:20:26.861026+00:00,20260812-092026,https://trends24.in/indonesia/,Tue Aug 11 2026 14:19:00 GMT+0000 (Coordinated Universal Time),1,#MrKillSeriesEP6,mrkillseriesep6,,,,,,
2026-08-12T09:20:26.861026+00:00,20260812-092026,https://trends24.in/indonesia/,Tue Aug 11 2026 14:19:00 GMT+0000 (Coordinated Universal Time),2,$MOTION,$motion,,,,,,
2026-08-12T09:20:26.861026+00:00,20260812-092026,https://trends24.in/indonesia/,Tue Aug 11 2026 14:19:00 GMT+0000 (Coordinated Universal Time),3,#Flex1045xGAWIN_GoneAway,flex1045xgawin_goneaway,,,,,,
2026-08-12T09:20:26.861026+00:00,20260812-092026,https://trends24.in/indonesia/,Tue Aug 11 2026 14:19:00 GMT+0000 (Coordinated Universal Time),4,#sdmbisnisteknologi,sdmbisnisteknologi,,,,,,
2026-08-12T09:20:26.861026+00:00,20260812-092026,https://trends24.in/indonesia/,Tue Aug 11 2026 14:19:00 GMT+0000 (Coordinated Universal Time),5,#TerikatJanjiEp128,terikatjanjiep128,,,,,,
2026-08-12T09:20:26.861026+00:00,20260812-092026,https://trends24.in/indonesia/,Tue Aug 11 2026 14:19:00 GMT+0000 (Coordinated Universal Time),6,#í¼ëí_ë´ì©_ê¶ê¸í´,í¼ëí_ë´ì©_ê¶ê¸í´,,,,,,
2026-08-12T09:20:26.861026+00:00,20260812-092026,https://trends24.in/indonesia/,Tue Aug 11 2026 14:19:00 GMT+0000 (Coordinated Universal Time),7,Login with X,login with x,,,,,,
2026-08-12T09:20:26.861026+00:00,20260812-092026,https://trends24.in/indonesia/,Tue Aug 11 2026 14:19:00 GMT+0000 (Coordinated Universal Time),8,SENADA STEMPEL DUA JARI,senada stempel dua jari,,,,,,
2026-08-12T09:20:26.861026+00:00,20260812-092026,https://trends24.in/indonesia/,Tue Aug 11 2026 14:19:00 GMT+0000 (Coordinated Universal Time),9,NUNEW FEAT BOWKYLION,nunew feat bowkylion,,,,,,
2026-08-12T09:20:26.861026+00:00,20260812-092026,https://trends24.in/indonesia/,Tue Aug 11 2026 14:19:00 GMT+0000 (Coordinated Universal Time),10,$XTAL,$xtal,,,,,,
2026-08-12T09:20:26.861026+00:00,20260812-092026,https://trends24.in/indonesia/,Tue Aug 11 2026 14:19:00 GMT+0000 (Coordinated Universal Time),11,W101 SERIES PRESS TOUR,w101 series press tour,,,,,,
2026-08-12T09:20:26.861026+00:00,20260812-092026,https://trends24.in/indonesia/,Tue Aug 11 2026 14:19:00 GMT+0000 (Coordinated Universal Time),12,TAY WITH SAMSUNG,tay with samsung,,,,,,
2026-08-12T09:20:26.861026+00:00,20260812-092026,https://trends24.in/indonesia/,Tue Aug 11 2026 14:19:00 GMT+0000 (Coordinated Universal Time),13,Mika,mika,,,,,,
2026-08-12T09:20:26.861026+00:00,20260812-092026,https://trends24.in/indonesia/,Tue Aug 11 2026 14:19:00 GMT+0000 (Coordinated Universal Time),14,Robinhood Chain,robinhood chain,,,,,,
2026-08-12T09:20:26.861026+00:00,20260812-092026,https://trends24.in/indonesia/,Tue Aug 11 2026 14:19:00 GMT+0000 (Coordinated Universal Time),15,Tipsal,tipsal,,,,,,
2026-08-12T09:20:26.861026+00:00,20260812-092026,https://trends24.in/indonesia/,Tue Aug 11 2026 14:19:00 GMT+0000 (Coordinated Universal Time),16,PiÃ±ata Track Video,piã±ata track video,,,,,,
2026-08-12T09:20:26.861026+00:00,20260812-092026,https://trends24.in/indonesia/,Tue Aug 11 2026 14:19:00 GMT+0000 (Coordinated Universal Time),17,taeyong,taeyong,,,,,,
2026-08-12T09:20:26.861026+00:00,20260812-092026,https://trends24.in/indonesia/,Tue Aug 11 2026 14:19:00 GMT+0000 (Coordinated Universal Time),18,The Grim Lover Q23,the grim lover q23,,,,,,
2026-08-12T09:20:26.861026+00:00,20260812-092026,https://trends24.in/indonesia/,Tue Aug 11 2026 14:19:00 GMT+0000 (Coordinated Universal Time),19,Nintendo,nintendo,,,,,,
2026-08-12T09:20:26.861026+00:00,20260812-092026,https://trends24.in/indonesia/,Tue Aug 11 2026 14:19:00 GMT+0000 (Coordinated Universal Time),20,GEMINI AP POWERFUL SUMMER,gemini ap powerful summer,,,,,,
2026-08-12T09:20:26.861026+00:00,20260812-092026,https://trends24.in/indonesia/,Tue Aug 11 2026 14:19:00 GMT+0000 (Coordinated Universal Time),21,Snezhnaya,snezhnaya,,,,,,
2026-08-12T09:20:26.861026+00:00,20260812-092026,https://trends24.in/indonesia/,Tue Aug 11 2026 14:19:00 GMT+0000 (Coordinated Universal Time),22,Sutrimo,sutrimo,,,,,,
2026-08-12T09:20:26.861026+00:00,20260812-092026,https://trends24.in/indonesia/,Tue Aug 11 2026 14:19:00 GMT+0000 (Coordinated Universal Time),23,#à¹à¸à¸¥à¸à¸à¸²à¸à¸²,à¹à¸à¸¥à¸à¸à¸²à¸à¸²,,,,,,
2026-08-12T09:20:26.861026+00:00,20260812-092026,https://trends24.in/indonesia/,Tue Aug 11 2026 14:19:00 GMT+0000 (Coordinated Universal Time),24,#IWillAlwaysSaveYou,iwillalwayssaveyou,,,,,,
2026-08-12T09:20:26.861026+00:00,20260812-092026,https://trends24.in/indonesia/,Tue Aug 11 2026 14:19:00 GMT+0000 (Coordinated Universal Time),25,#LoveOnTheRoad,loveontheroad,,,,,,
2026-08-12T09:20:26.861026+00:00,20260812-092026,https://trends24.in/indonesia/,Tue Aug 11 2026 14:19:00 GMT+0000 (Coordinated Universal Time),26,#HarQeel634,harqeel634,,,,,,
2026-08-12T09:20:26.861026+00:00,20260812-092026,https://trends24.in/indonesia/,Tue Aug 11 2026 14:19:00 GMT+0000 (Coordinated Universal Time),27,#HarQeelCaughtIn4K,harqeelcaughtin4k,,,,,,
2026-08-12T09:20:26.861026+00:00,20260812-092026,https://trends24.in/indonesia/,Tue Aug 11 2026 14:19:00 GMT+0000 (Coordinated Universal Time),28,#GoneAwayGAWINpresstour,goneawaygawinpresstour,,,,,,
2026-08-12T09:20:26.861026+00:00,20260812-092026,https://trends24.in/indonesia/,Tue Aug 11 2026 14:19:00 GMT+0000 (Coordinated Universal Time),29,#PROJECTDUOONExFreenBecky,projectduoonexfreenbecky,,,,,,
2026-08-12T09:20:26.861026+00:00,20260812-092026,https://trends24.in/indonesia/,Tue Aug 11 2026 14:19:00 GMT+0000 (Coordinated Universal Time),30,#xodiac,xodiac,,,,,,
2026-08-12T09:20:26.861026+00:00,20260812-092026,https://trends24.in/indonesia/,Tue Aug 11 2026 14:19:00 GMT+0000 (Coordinated Universal Time),31,#GalaxyxTayTawan,galaxyxtaytawan,,,,,,
2026-08-12T09:20:26.861026+00:00,20260812-092026,https://trends24.in/indonesia/,Tue Aug 11 2026 14:19:00 GMT+0000 (Coordinated Universal Time),32,#customers,customers,,,,,,
2026-08-12T09:20:26.861026+00:00,20260812-092026,https://trends24.in/indonesia/,Tue Aug 11 2026 14:19:00 GMT+0000 (Coordinated Universal Time),33,#cainmates,cainmates,,,,,,
2026-08-12T09:20:26.861026+00:00,20260812-092026,https://trends24.in/indonesia/,Tue Aug 11 2026 14:19:00 GMT+0000 (Coordinated Universal Time),34,#PROJECTDUOONEPresscon,projectduoonepresscon,,,,,,
2026-08-12T09:20:26.861026+00:00,20260812-092026,https://trends24.in/indonesia/,Tue Aug 11 2026 14:19:00 GMT+0000 (Coordinated Universal Time),35,#à¹à¸à¸¥à¸à¸à¹à¸²à¸§à¹à¸à¸´à¸à¸à¸±à¸§PROJECTDUOONE,à¹à¸à¸¥à¸à¸à¹à¸²à¸§à¹à¸à¸´à¸à¸à¸±à¸§projectduoone,,,,,,
2026-08-12T09:20:26.861026+00:00,20260812-092026,https://trends24.in/indonesia/,Tue Aug 11 2026 14:19:00 GMT+0000 (Coordinated Universal Time),36,#terongers,terongers,,,,,,
2026-08-12T09:20:26.861026+00:00,20260812-092026,https://trends24.in/indonesia/,Tue Aug 11 2026 14:19:00 GMT+0000 (Coordinated Universal Time),37,#DigitalShield,digitalshield,,,,,,
2026-08-12T09:20:26.861026+00:00,20260812-092026,https://trends24.in/indonesia/,Tue Aug 11 2026 14:19:00 GMT+0000 (Coordinated Universal Time),38,#Web3Wallet,web3wallet,,,,,,
2026-08-12T09:20:26.861026+00:00,20260812-092026,https://trends24.in/indonesia/,Tue Aug 11 2026 14:19:00 GMT+0000 (Coordinated Universal Time),39,#CryptoSecurity,cryptosecurity,,,,,,
2026-08-12T09:20:26.861026+00:00,20260812-092026,https://trends24.in/indonesia/,Tue Aug 11 2026 14:19:00 GMT+0000 (Coordinated Universal Time),40,#UNBREAKABLE_å°å¹´BEAST,unbreakable_å°å¹´beast,,,,,,
2026-08-12T09:20:26.861026+00:00,20260812-092026,https://trends24.in/indonesia/,Tue Aug 11 2026 14:19:00 GMT+0000 (Coordinated Universal Time),41,#Blockchain,blockchain,,,,,,
2026-08-12T09:20:26.861026+00:00,20260812-092026,https://trends24.in/indonesia/,Tue Aug 11 2026 14:19:00 GMT+0000 (Coordinated Universal Time),42,#BlackCardPHUWIN,blackcardphuwin,,,,,,
2026-08-12T09:20:26.861026+00:00,20260812-092026,https://trends24.in/indonesia/,Tue Aug 11 2026 14:19:00 GMT+0000 (Coordinated Universal Time),43,#NCT127_PiÃ±ata,nct127_piã±ata,,,,,,
2026-08-12T09:20:26.861026+00:00,20260812-092026,https://trends24.in/indonesia/,Tue Aug 11 2026 14:19:00 GMT+0000 (Coordinated Universal Time),44,#à¸£à¸±à¸à¸¥à¸·à¸¡à¸à¸²à¸¢Q23,à¸£à¸±à¸à¸¥à¸·à¸¡à¸à¸²à¸¢q23,,,,,,
2026-08-12T09:20:26.861026+00:00,20260812-092026,https://trends24.in/indonesia/,Tue Aug 11 2026 14:19:00 GMT+0000 (Coordinated Universal Time),45,#WorkToEarn,worktoearn,,,,,,
2026-08-12T09:20:26.861026+00:00,20260812-092026,https://trends24.in/indonesia/,Tue Aug 11 2026 14:19:00 GMT+0000 (Coordinated Universal Time),46,#ìíëë¼ì´ë¸ì,ìíëë¼ì´ë¸ì,,,,,,
2026-08-12T09:20:26.861026+00:00,20260812-092026,https://trends24.in/indonesia/,Tue Aug 11 2026 14:19:00 GMT+0000 (Coordinated Universal Time),47,#GiveawayShopeePay,giveawayshopeepay,,,,,,
2026-08-12T09:20:26.861026+00:00,20260812-092026,https://trends24.in/indonesia/,Tue Aug 11 2026 14:19:00 GMT+0000 (Coordinated Universal Time),48,#phuwintang,phuwintang,,,,,,
2026-08-12T09:20:26.861026+00:00,20260812-092026,https://trends24.in/indonesia/,Tue Aug 11 2026 14:19:00 GMT+0000 (Coordinated Universal Time),49,#ALD1,ald1,,,,,,
2026-08-12T09:20:26.861026+00:00,20260812-092026,https://trends24.in/indonesia/,Tue Aug 11 2026 14:19:00 GMT+0000 (Coordinated Universal Time),50,#DittoSeries,dittoseries,,,,,,
