captured_at_utc,run_id,source_url,hour_label,rank,name,name_norm,tweet_count_raw,tweet_count,best_position,total_tweets,trending_for_raw,trending_for_hours
2026-08-20T17:34:11.155722+00:00,20260820-173411,https://trends24.in/indonesia/,Thu Aug 20 2026 16:45:38 GMT+0000 (Coordinated Universal Time),1,#ENHYPEN_11thComebackDDAY,enhypen_11thcomebackdday,,,,,,
2026-08-20T17:34:11.155722+00:00,20260820-173411,https://trends24.in/indonesia/,Thu Aug 20 2026 16:45:38 GMT+0000 (Coordinated Universal Time),2,#10YearsWithRENJUN,10yearswithrenjun,,,,,,
2026-08-20T17:34:11.155722+00:00,20260820-173411,https://trends24.in/indonesia/,Thu Aug 20 2026 16:45:38 GMT+0000 (Coordinated Universal Time),3,Kalimantan,kalimantan,,,,,,
2026-08-20T17:34:11.155722+00:00,20260820-173411,https://trends24.in/indonesia/,Thu Aug 20 2026 16:45:38 GMT+0000 (Coordinated Universal Time),4,WELCOME TO BLOODY PARADISE,welcome to bloody paradise,,,,,,
2026-08-20T17:34:11.155722+00:00,20260820-173411,https://trends24.in/indonesia/,Thu Aug 20 2026 16:45:38 GMT+0000 (Coordinated Universal Time),5,#ìíì´íê³¼_í´ë°ëê¹ì§_ì°ë¦¬,ìíì´íê³¼_í´ë°ëê¹ì§_ì°ë¦¬,,,,,,
2026-08-20T17:34:11.155722+00:00,20260820-173411,https://trends24.in/indonesia/,Thu Aug 20 2026 16:45:38 GMT+0000 (Coordinated Universal Time),6,D-3 NCT 127 BLINGY,d-3 nct 127 blingy,,,,,,
2026-08-20T17:34:11.155722+00:00,20260820-173411,https://trends24.in/indonesia/,Thu Aug 20 2026 16:45:38 GMT+0000 (Coordinated Universal Time),7,#Blingy_MVTeaser,blingy_mvteaser,,,,,,
2026-08-20T17:34:11.155722+00:00,20260820-173411,https://trends24.in/indonesia/,Thu Aug 20 2026 16:45:38 GMT+0000 (Coordinated Universal Time),8,#ENHYPEN_8thMiniAlbum,enhypen_8thminialbum,,,,,,
2026-08-20T17:34:11.155722+00:00,20260820-173411,https://trends24.in/indonesia/,Thu Aug 20 2026 16:45:38 GMT+0000 (Coordinated Universal Time),9,Malam Jumat,malam jumat,,,,,,
2026-08-20T17:34:11.155722+00:00,20260820-173411,https://trends24.in/indonesia/,Thu Aug 20 2026 16:45:38 GMT+0000 (Coordinated Universal Time),10,Trade $AEON,trade $aeon,,,,,,
2026-08-20T17:34:11.155722+00:00,20260820-173411,https://trends24.in/indonesia/,Thu Aug 20 2026 16:45:38 GMT+0000 (Coordinated Universal Time),11,MILKLOVE AUTHENTICALLY ICONIC,milklove authentically iconic,,,,,,
2026-08-20T17:34:11.155722+00:00,20260820-173411,https://trends24.in/indonesia/,Thu Aug 20 2026 16:45:38 GMT+0000 (Coordinated Universal Time),12,Puffins,puffins,,,,,,
2026-08-20T17:34:11.155722+00:00,20260820-173411,https://trends24.in/indonesia/,Thu Aug 20 2026 16:45:38 GMT+0000 (Coordinated Universal Time),13,LING SPARKLE ORM LESASHA,ling sparkle orm lesasha,,,,,,
2026-08-20T17:34:11.155722+00:00,20260820-173411,https://trends24.in/indonesia/,Thu Aug 20 2026 16:45:38 GMT+0000 (Coordinated Universal Time),14,BE MY PLAYER TWO EP6,be my player two ep6,,,,,,
2026-08-20T17:34:11.155722+00:00,20260820-173411,https://trends24.in/indonesia/,Thu Aug 20 2026 16:45:38 GMT+0000 (Coordinated Universal Time),15,CONGRATS SEA ENTLEAD 2026,congrats sea entlead 2026,,,,,,
2026-08-20T17:34:11.155722+00:00,20260820-173411,https://trends24.in/indonesia/,Thu Aug 20 2026 16:45:38 GMT+0000 (Coordinated Universal Time),16,ON AIR WITH DJ JAEMIN,on air with dj jaemin,,,,,,
2026-08-20T17:34:11.155722+00:00,20260820-173411,https://trends24.in/indonesia/,Thu Aug 20 2026 16:45:38 GMT+0000 (Coordinated Universal Time),17,NUNEW AT LSA26,nunew at lsa26,,,,,,
2026-08-20T17:34:11.155722+00:00,20260820-173411,https://trends24.in/indonesia/,Thu Aug 20 2026 16:45:38 GMT+0000 (Coordinated Universal Time),18,Tangkap,tangkap,,,,,,
2026-08-20T17:34:11.155722+00:00,20260820-173411,https://trends24.in/indonesia/,Thu Aug 20 2026 16:45:38 GMT+0000 (Coordinated Universal Time),19,LENA AT FIRST FRAME PREMIERE,lena at first frame premiere,,,,,,
2026-08-20T17:34:11.155722+00:00,20260820-173411,https://trends24.in/indonesia/,Thu Aug 20 2026 16:45:38 GMT+0000 (Coordinated Universal Time),20,PERMPOON DEBUT SINGLE,permpoon debut single,,,,,,
2026-08-20T17:34:11.155722+00:00,20260820-173411,https://trends24.in/indonesia/,Thu Aug 20 2026 16:45:38 GMT+0000 (Coordinated Universal Time),21,JUNIORMARK RISING ICONS26,juniormark rising icons26,,,,,,
2026-08-20T17:34:11.155722+00:00,20260820-173411,https://trends24.in/indonesia/,Thu Aug 20 2026 16:45:38 GMT+0000 (Coordinated Universal Time),22,DEATH OF ME,death of me,,,,,,
2026-08-20T17:34:11.155722+00:00,20260820-173411,https://trends24.in/indonesia/,Thu Aug 20 2026 16:45:38 GMT+0000 (Coordinated Universal Time),23,Ruben Onsu,ruben onsu,,,,,,
2026-08-20T17:34:11.155722+00:00,20260820-173411,https://trends24.in/indonesia/,Thu Aug 20 2026 16:45:38 GMT+0000 (Coordinated Universal Time),24,FAYEATOM GLOBAL RISING ICONS,fayeatom global rising icons,,,,,,
2026-08-20T17:34:11.155722+00:00,20260820-173411,https://trends24.in/indonesia/,Thu Aug 20 2026 16:45:38 GMT+0000 (Coordinated Universal Time),25,MODERN WOMAN HAVE A PROBLEM,modern woman have a problem,,,,,,
2026-08-20T17:34:11.155722+00:00,20260820-173411,https://trends24.in/indonesia/,Thu Aug 20 2026 16:45:38 GMT+0000 (Coordinated Universal Time),26,Who in TXT,who in txt,,,,,,
2026-08-20T17:34:11.155722+00:00,20260820-173411,https://trends24.in/indonesia/,Thu Aug 20 2026 16:45:38 GMT+0000 (Coordinated Universal Time),27,Pray for Indonesia,pray for indonesia,,,,,,
2026-08-20T17:34:11.155722+00:00,20260820-173411,https://trends24.in/indonesia/,Thu Aug 20 2026 16:45:38 GMT+0000 (Coordinated Universal Time),28,Hyundai,hyundai,,,,,,
2026-08-20T17:34:11.155722+00:00,20260820-173411,https://trends24.in/indonesia/,Thu Aug 20 2026 16:45:38 GMT+0000 (Coordinated Universal Time),29,Pop Off The Retro,pop off the retro,,,,,,
2026-08-20T17:34:11.155722+00:00,20260820-173411,https://trends24.in/indonesia/,Thu Aug 20 2026 16:45:38 GMT+0000 (Coordinated Universal Time),30,Gibran Peduli NTT,gibran peduli ntt,,,,,,
2026-08-20T17:34:11.155722+00:00,20260820-173411,https://trends24.in/indonesia/,Thu Aug 20 2026 16:45:38 GMT+0000 (Coordinated Universal Time),31,Mamdani,mamdani,,,,,,
2026-08-20T17:34:11.155722+00:00,20260820-173411,https://trends24.in/indonesia/,Thu Aug 20 2026 16:45:38 GMT+0000 (Coordinated Universal Time),32,HAPPY LEO DAY,happy leo day,,,,,,
2026-08-20T17:34:11.155722+00:00,20260820-173411,https://trends24.in/indonesia/,Thu Aug 20 2026 16:45:38 GMT+0000 (Coordinated Universal Time),33,Agustus 2026,agustus 2026,,,,,,
2026-08-20T17:34:11.155722+00:00,20260820-173411,https://trends24.in/indonesia/,Thu Aug 20 2026 16:45:38 GMT+0000 (Coordinated Universal Time),34,Bantul,bantul,,,,,,
2026-08-20T17:34:11.155722+00:00,20260820-173411,https://trends24.in/indonesia/,Thu Aug 20 2026 16:45:38 GMT+0000 (Coordinated Universal Time),35,Gempa,gempa,,,,,,
2026-08-20T17:34:11.155722+00:00,20260820-173411,https://trends24.in/indonesia/,Thu Aug 20 2026 16:45:38 GMT+0000 (Coordinated Universal Time),36,#LSA50ICONS2026,lsa50icons2026,,,,,,
2026-08-20T17:34:11.155722+00:00,20260820-173411,https://trends24.in/indonesia/,Thu Aug 20 2026 16:45:38 GMT+0000 (Coordinated Universal Time),37,#TpopStagepresentedbyPEPSI,tpopstagepresentedbypepsi,,,,,,
2026-08-20T17:34:11.155722+00:00,20260820-173411,https://trends24.in/indonesia/,Thu Aug 20 2026 16:45:38 GMT+0000 (Coordinated Universal Time),38,#DDDUnlockBetterLivingXLingOrm,dddunlockbetterlivingxlingorm,,,,,,
2026-08-20T17:34:11.155722+00:00,20260820-173411,https://trends24.in/indonesia/,Thu Aug 20 2026 16:45:38 GMT+0000 (Coordinated Universal Time),39,#THE_SIN_BLISS,the_sin_bliss,,,,,,
2026-08-20T17:34:11.155722+00:00,20260820-173411,https://trends24.in/indonesia/,Thu Aug 20 2026 16:45:38 GMT+0000 (Coordinated Universal Time),40,#PERMPOONThisIsYourBoyMV,permpoonthisisyourboymv,,,,,,
2026-08-20T17:34:11.155722+00:00,20260820-173411,https://trends24.in/indonesia/,Thu Aug 20 2026 16:45:38 GMT+0000 (Coordinated Universal Time),41,#LOOKKHUNNOO,lookkhunnoo,,,,,,
2026-08-20T17:34:11.155722+00:00,20260820-173411,https://trends24.in/indonesia/,Thu Aug 20 2026 16:45:38 GMT+0000 (Coordinated Universal Time),42,#ããã­ã897,ããã­ã897,,,,,,
2026-08-20T17:34:11.155722+00:00,20260820-173411,https://trends24.in/indonesia/,Thu Aug 20 2026 16:45:38 GMT+0000 (Coordinated Universal Time),43,#ã¸ã§ãã³ã®ãããã¡ããã­ãã¡ããã©ã¸ãª,ã¸ã§ãã³ã®ãããã¡ããã­ãã¡ããã©ã¸ãª,,,,,,
2026-08-20T17:34:11.155722+00:00,20260820-173411,https://trends24.in/indonesia/,Thu Aug 20 2026 16:45:38 GMT+0000 (Coordinated Universal Time),44,#à¸à¸­à¹à¸à¹à¸¥à¹à¸²à¸¡à¸à¸µà¸£à¹EP6,à¸à¸­à¹à¸à¹à¸¥à¹à¸²à¸¡à¸à¸µà¸£à¹ep6,,,,,,
2026-08-20T17:34:11.155722+00:00,20260820-173411,https://trends24.in/indonesia/,Thu Aug 20 2026 16:45:38 GMT+0000 (Coordinated Universal Time),45,#TerikatJanjiEp137,terikatjanjiep137,,,,,,
2026-08-20T17:34:11.155722+00:00,20260820-173411,https://trends24.in/indonesia/,Thu Aug 20 2026 16:45:38 GMT+0000 (Coordinated Universal Time),46,#ë¦¬ì¤24ë²ì§¸ìì¼ì¶íí´,ë¦¬ì¤24ë²ì§¸ìì¼ì¶íí´,,,,,,
2026-08-20T17:34:11.155722+00:00,20260820-173411,https://trends24.in/indonesia/,Thu Aug 20 2026 16:45:38 GMT+0000 (Coordinated Universal Time),47,#à¸à¸¸à¸à¸´à¸§xà¹à¸¥à¸à¹à¸ªà¹à¸à¸¥à¹à¹à¸­à¹à¸à¸µà¸¢,à¸à¸¸à¸à¸´à¸§xà¹à¸¥à¸à¹à¸ªà¹à¸à¸¥à¹à¹à¸­à¹à¸à¸µà¸¢,,,,,,
2026-08-20T17:34:11.155722+00:00,20260820-173411,https://trends24.in/indonesia/,Thu Aug 20 2026 16:45:38 GMT+0000 (Coordinated Universal Time),48,#HerinFramePremiereNight,herinframepremierenight,,,,,,
2026-08-20T17:34:11.155722+00:00,20260820-173411,https://trends24.in/indonesia/,Thu Aug 20 2026 16:45:38 GMT+0000 (Coordinated Universal Time),49,#LifestyleAsiaTH,lifestyleasiath,,,,,,
2026-08-20T17:34:11.155722+00:00,20260820-173411,https://trends24.in/indonesia/,Thu Aug 20 2026 16:45:38 GMT+0000 (Coordinated Universal Time),50,#à¸¡à¸´à¹à¸¥à¸à¹à¹à¸¥à¸´à¸,à¸¡à¸´à¹à¸¥à¸à¹à¹à¸¥à¸´à¸,,,,,,
2026-08-20T17:34:11.155722+00:00,20260820-173411,https://trends24.in/indonesia/,Thu Aug 20 2026 15:54:31 GMT+0000 (Coordinated Universal Time),1,#10YearsWithRENJUN,10yearswithrenjun,,,,,,
2026-08-20T17:34:11.155722+00:00,20260820-173411,https://trends24.in/indonesia/,Thu Aug 20 2026 15:54:31 GMT+0000 (Coordinated Universal Time),2,#ENHYPEN_11thComebackDDAY,enhypen_11thcomebackdday,,,,,,
2026-08-20T17:34:11.155722+00:00,20260820-173411,https://trends24.in/indonesia/,Thu Aug 20 2026 15:54:31 GMT+0000 (Coordinated Universal Time),3,#Blingy_MVTeaser,blingy_mvteaser,,,,,,
2026-08-20T17:34:11.155722+00:00,20260820-173411,https://trends24.in/indonesia/,Thu Aug 20 2026 15:54:31 GMT+0000 (Coordinated Universal Time),4,D-3 NCT 127 BLINGY,d-3 nct 127 blingy,,,,,,
2026-08-20T17:34:11.155722+00:00,20260820-173411,https://trends24.in/indonesia/,Thu Aug 20 2026 15:54:31 GMT+0000 (Coordinated Universal Time),5,#LSA50ICONS2026,lsa50icons2026,,,,,,
2026-08-20T17:34:11.155722+00:00,20260820-173411,https://trends24.in/indonesia/,Thu Aug 20 2026 15:54:31 GMT+0000 (Coordinated Universal Time),6,#ìíì´íê³¼_í´ë°ëê¹ì§_ì°ë¦¬,ìíì´íê³¼_í´ë°ëê¹ì§_ì°ë¦¬,,,,,,
2026-08-20T17:34:11.155722+00:00,20260820-173411,https://trends24.in/indonesia/,Thu Aug 20 2026 15:54:31 GMT+0000 (Coordinated Universal Time),7,Kalimantan,kalimantan,,,,,,
2026-08-20T17:34:11.155722+00:00,20260820-173411,https://trends24.in/indonesia/,Thu Aug 20 2026 15:54:31 GMT+0000 (Coordinated Universal Time),8,WELCOME TO BLOODY PARADISE,welcome to bloody paradise,,,,,,
2026-08-20T17:34:11.155722+00:00,20260820-173411,https://trends24.in/indonesia/,Thu Aug 20 2026 15:54:31 GMT+0000 (Coordinated Universal Time),9,Malam Jumat,malam jumat,,,,,,
2026-08-20T17:34:11.155722+00:00,20260820-173411,https://trends24.in/indonesia/,Thu Aug 20 2026 15:54:31 GMT+0000 (Coordinated Universal Time),10,MILKLOVE AUTHENTICALLY ICONIC,milklove authentically iconic,,,,,,
2026-08-20T17:34:11.155722+00:00,20260820-173411,https://trends24.in/indonesia/,Thu Aug 20 2026 15:54:31 GMT+0000 (Coordinated Universal Time),11,Trade $AEON,trade $aeon,,,,,,
2026-08-20T17:34:11.155722+00:00,20260820-173411,https://trends24.in/indonesia/,Thu Aug 20 2026 15:54:31 GMT+0000 (Coordinated Universal Time),12,LING SPARKLE ORM LESASHA,ling sparkle orm lesasha,,,,,,
2026-08-20T17:34:11.155722+00:00,20260820-173411,https://trends24.in/indonesia/,Thu Aug 20 2026 15:54:31 GMT+0000 (Coordinated Universal Time),13,ON AIR WITH DJ JAEMIN,on air with dj jaemin,,,,,,
2026-08-20T17:34:11.155722+00:00,20260820-173411,https://trends24.in/indonesia/,Thu Aug 20 2026 15:54:31 GMT+0000 (Coordinated Universal Time),14,BE MY PLAYER TWO EP6,be my player two ep6,,,,,,
2026-08-20T17:34:11.155722+00:00,20260820-173411,https://trends24.in/indonesia/,Thu Aug 20 2026 15:54:31 GMT+0000 (Coordinated Universal Time),15,CONGRATS SEA ENTLEAD 2026,congrats sea entlead 2026,,,,,,
2026-08-20T17:34:11.155722+00:00,20260820-173411,https://trends24.in/indonesia/,Thu Aug 20 2026 15:54:31 GMT+0000 (Coordinated Universal Time),16,NUNEW AT LSA26,nunew at lsa26,,,,,,
2026-08-20T17:34:11.155722+00:00,20260820-173411,https://trends24.in/indonesia/,Thu Aug 20 2026 15:54:31 GMT+0000 (Coordinated Universal Time),17,JUNIORMARK RISING ICONS26,juniormark rising icons26,,,,,,
2026-08-20T17:34:11.155722+00:00,20260820-173411,https://trends24.in/indonesia/,Thu Aug 20 2026 15:54:31 GMT+0000 (Coordinated Universal Time),18,LENA AT FIRST FRAME PREMIERE,lena at first frame premiere,,,,,,
2026-08-20T17:34:11.155722+00:00,20260820-173411,https://trends24.in/indonesia/,Thu Aug 20 2026 15:54:31 GMT+0000 (Coordinated Universal Time),19,Ruben Onsu,ruben onsu,,,,,,
2026-08-20T17:34:11.155722+00:00,20260820-173411,https://trends24.in/indonesia/,Thu Aug 20 2026 15:54:31 GMT+0000 (Coordinated Universal Time),20,Tangkap,tangkap,,,,,,
2026-08-20T17:34:11.155722+00:00,20260820-173411,https://trends24.in/indonesia/,Thu Aug 20 2026 15:54:31 GMT+0000 (Coordinated Universal Time),21,FAYEATOM GLOBAL RISING ICONS,fayeatom global rising icons,,,,,,
2026-08-20T17:34:11.155722+00:00,20260820-173411,https://trends24.in/indonesia/,Thu Aug 20 2026 15:54:31 GMT+0000 (Coordinated Universal Time),22,Modern Woman Have A Problem,modern woman have a problem,,,,,,
2026-08-20T17:34:11.155722+00:00,20260820-173411,https://trends24.in/indonesia/,Thu Aug 20 2026 15:54:31 GMT+0000 (Coordinated Universal Time),23,Who in TXT,who in txt,,,,,,
2026-08-20T17:34:11.155722+00:00,20260820-173411,https://trends24.in/indonesia/,Thu Aug 20 2026 15:54:31 GMT+0000 (Coordinated Universal Time),24,WIN AP CENTRAL EMBASSY,win ap central embassy,,,,,,
2026-08-20T17:34:11.155722+00:00,20260820-173411,https://trends24.in/indonesia/,Thu Aug 20 2026 15:54:31 GMT+0000 (Coordinated Universal Time),25,Pray for Indonesia,pray for indonesia,,,,,,
2026-08-20T17:34:11.155722+00:00,20260820-173411,https://trends24.in/indonesia/,Thu Aug 20 2026 15:54:31 GMT+0000 (Coordinated Universal Time),26,HAPPY LEO DAY,happy leo day,,,,,,
2026-08-20T17:34:11.155722+00:00,20260820-173411,https://trends24.in/indonesia/,Thu Aug 20 2026 15:54:31 GMT+0000 (Coordinated Universal Time),27,Pop Off The Retro,pop off the retro,,,,,,
2026-08-20T17:34:11.155722+00:00,20260820-173411,https://trends24.in/indonesia/,Thu Aug 20 2026 15:54:31 GMT+0000 (Coordinated Universal Time),28,Hyundai,hyundai,,,,,,
2026-08-20T17:34:11.155722+00:00,20260820-173411,https://trends24.in/indonesia/,Thu Aug 20 2026 15:54:31 GMT+0000 (Coordinated Universal Time),29,Gibran Peduli NTT,gibran peduli ntt,,,,,,
2026-08-20T17:34:11.155722+00:00,20260820-173411,https://trends24.in/indonesia/,Thu Aug 20 2026 15:54:31 GMT+0000 (Coordinated Universal Time),30,Mamdani,mamdani,,,,,,
2026-08-20T17:34:11.155722+00:00,20260820-173411,https://trends24.in/indonesia/,Thu Aug 20 2026 15:54:31 GMT+0000 (Coordinated Universal Time),31,Agustus 2026,agustus 2026,,,,,,
2026-08-20T17:34:11.155722+00:00,20260820-173411,https://trends24.in/indonesia/,Thu Aug 20 2026 15:54:31 GMT+0000 (Coordinated Universal Time),32,Dalem,dalem,,,,,,
2026-08-20T17:34:11.155722+00:00,20260820-173411,https://trends24.in/indonesia/,Thu Aug 20 2026 15:54:31 GMT+0000 (Coordinated Universal Time),33,Bantul,bantul,,,,,,
2026-08-20T17:34:11.155722+00:00,20260820-173411,https://trends24.in/indonesia/,Thu Aug 20 2026 15:54:31 GMT+0000 (Coordinated Universal Time),34,Gempa,gempa,,,,,,
2026-08-20T17:34:11.155722+00:00,20260820-173411,https://trends24.in/indonesia/,Thu Aug 20 2026 15:54:31 GMT+0000 (Coordinated Universal Time),35,CAT 1,cat 1,,,,,,
2026-08-20T17:34:11.155722+00:00,20260820-173411,https://trends24.in/indonesia/,Thu Aug 20 2026 15:54:31 GMT+0000 (Coordinated Universal Time),36,#ENHYPEN_8thMiniAlbum,enhypen_8thminialbum,,,,,,
2026-08-20T17:34:11.155722+00:00,20260820-173411,https://trends24.in/indonesia/,Thu Aug 20 2026 15:54:31 GMT+0000 (Coordinated Universal Time),37,#TerikatJanjiEp137,terikatjanjiep137,,,,,,
2026-08-20T17:34:11.155722+00:00,20260820-173411,https://trends24.in/indonesia/,Thu Aug 20 2026 15:54:31 GMT+0000 (Coordinated Universal Time),38,#PERMPOONThisIsYourBoyMV,permpoonthisisyourboymv,,,,,,
2026-08-20T17:34:11.155722+00:00,20260820-173411,https://trends24.in/indonesia/,Thu Aug 20 2026 15:54:31 GMT+0000 (Coordinated Universal Time),39,#ë¦¬ì¤24ë²ì§¸ìì¼ì¶íí´,ë¦¬ì¤24ë²ì§¸ìì¼ì¶íí´,,,,,,
2026-08-20T17:34:11.155722+00:00,20260820-173411,https://trends24.in/indonesia/,Thu Aug 20 2026 15:54:31 GMT+0000 (Coordinated Universal Time),40,#DDDUnlockBetterLivingXLingOrm,dddunlockbetterlivingxlingorm,,,,,,
2026-08-20T17:34:11.155722+00:00,20260820-173411,https://trends24.in/indonesia/,Thu Aug 20 2026 15:54:31 GMT+0000 (Coordinated Universal Time),41,#ããã­ã897,ããã­ã897,,,,,,
2026-08-20T17:34:11.155722+00:00,20260820-173411,https://trends24.in/indonesia/,Thu Aug 20 2026 15:54:31 GMT+0000 (Coordinated Universal Time),42,#ã¸ã§ãã³ã®ãããã¡ããã­ãã¡ããã©ã¸ãª,ã¸ã§ãã³ã®ãããã¡ããã­ãã¡ããã©ã¸ãª,,,,,,
2026-08-20T17:34:11.155722+00:00,20260820-173411,https://trends24.in/indonesia/,Thu Aug 20 2026 15:54:31 GMT+0000 (Coordinated Universal Time),43,#à¸à¸­à¹à¸à¹à¸¥à¹à¸²à¸¡à¸à¸µà¸£à¹EP6,à¸à¸­à¹à¸à¹à¸¥à¹à¸²à¸¡à¸à¸µà¸£à¹ep6,,,,,,
2026-08-20T17:34:11.155722+00:00,20260820-173411,https://trends24.in/indonesia/,Thu Aug 20 2026 15:54:31 GMT+0000 (Coordinated Universal Time),44,#LifestyleAsiaTH,lifestyleasiath,,,,,,
2026-08-20T17:34:11.155722+00:00,20260820-173411,https://trends24.in/indonesia/,Thu Aug 20 2026 15:54:31 GMT+0000 (Coordinated Universal Time),45,#à¸à¸¸à¸à¸´à¸§xà¹à¸¥à¸à¹à¸ªà¹à¸à¸¥à¹à¹à¸­à¹à¸à¸µà¸¢,à¸à¸¸à¸à¸´à¸§xà¹à¸¥à¸à¹à¸ªà¹à¸à¸¥à¹à¹à¸­à¹à¸à¸µà¸¢,,,,,,
2026-08-20T17:34:11.155722+00:00,20260820-173411,https://trends24.in/indonesia/,Thu Aug 20 2026 15:54:31 GMT+0000 (Coordinated Universal Time),46,#HerinFramePremiereNight,herinframepremierenight,,,,,,
2026-08-20T17:34:11.155722+00:00,20260820-173411,https://trends24.in/indonesia/,Thu Aug 20 2026 15:54:31 GMT+0000 (Coordinated Universal Time),47,#TewoTsunaginagaraJKT48,tewotsunaginagarajkt48,,,,,,
2026-08-20T17:34:11.155722+00:00,20260820-173411,https://trends24.in/indonesia/,Thu Aug 20 2026 15:54:31 GMT+0000 (Coordinated Universal Time),48,#à¸¡à¸´à¹à¸¥à¸à¹à¹à¸¥à¸´à¸,à¸¡à¸´à¹à¸¥à¸à¹à¹à¸¥à¸´à¸,,,,,,
2026-08-20T17:34:11.155722+00:00,20260820-173411,https://trends24.in/indonesia/,Thu Aug 20 2026 15:54:31 GMT+0000 (Coordinated Universal Time),49,#FittingMagicLover,fittingmagiclover,,,,,,
2026-08-20T17:34:11.155722+00:00,20260820-173411,https://trends24.in/indonesia/,Thu Aug 20 2026 15:54:31 GMT+0000 (Coordinated Universal Time),50,#THE_SIN_BLISS,the_sin_bliss,,,,,,
2026-08-20T17:34:11.155722+00:00,20260820-173411,https://trends24.in/indonesia/,Thu Aug 20 2026 15:03:25 GMT+0000 (Coordinated Universal Time),1,#LSA50ICONS2026,lsa50icons2026,,,,,,
2026-08-20T17:34:11.155722+00:00,20260820-173411,https://trends24.in/indonesia/,Thu Aug 20 2026 15:03:25 GMT+0000 (Coordinated Universal Time),2,#10YearsWithRENJUN,10yearswithrenjun,,,,,,
2026-08-20T17:34:11.155722+00:00,20260820-173411,https://trends24.in/indonesia/,Thu Aug 20 2026 15:03:25 GMT+0000 (Coordinated Universal Time),3,Kalimantan,kalimantan,,,,,,
2026-08-20T17:34:11.155722+00:00,20260820-173411,https://trends24.in/indonesia/,Thu Aug 20 2026 15:03:25 GMT+0000 (Coordinated Universal Time),4,#PERMPOONThisIsYourBoyMV,permpoonthisisyourboymv,,,,,,
2026-08-20T17:34:11.155722+00:00,20260820-173411,https://trends24.in/indonesia/,Thu Aug 20 2026 15:03:25 GMT+0000 (Coordinated Universal Time),5,#ENHYPEN_11thComebackDDAY,enhypen_11thcomebackdday,,,,,,
2026-08-20T17:34:11.155722+00:00,20260820-173411,https://trends24.in/indonesia/,Thu Aug 20 2026 15:03:25 GMT+0000 (Coordinated Universal Time),6,#ìíì´íê³¼_í´ë°ëê¹ì§_ì°ë¦¬,ìíì´íê³¼_í´ë°ëê¹ì§_ì°ë¦¬,,,,,,
2026-08-20T17:34:11.155722+00:00,20260820-173411,https://trends24.in/indonesia/,Thu Aug 20 2026 15:03:25 GMT+0000 (Coordinated Universal Time),7,MILKLOVE AUTHENTICALLY ICONIC,milklove authentically iconic,,,,,,
2026-08-20T17:34:11.155722+00:00,20260820-173411,https://trends24.in/indonesia/,Thu Aug 20 2026 15:03:25 GMT+0000 (Coordinated Universal Time),8,Malam Jumat,malam jumat,,,,,,
2026-08-20T17:34:11.155722+00:00,20260820-173411,https://trends24.in/indonesia/,Thu Aug 20 2026 15:03:25 GMT+0000 (Coordinated Universal Time),9,LING SPARKLE ORM LESASHA,ling sparkle orm lesasha,,,,,,
2026-08-20T17:34:11.155722+00:00,20260820-173411,https://trends24.in/indonesia/,Thu Aug 20 2026 15:03:25 GMT+0000 (Coordinated Universal Time),10,ON AIR WITH DJ JAEMIN,on air with dj jaemin,,,,,,
2026-08-20T17:34:11.155722+00:00,20260820-173411,https://trends24.in/indonesia/,Thu Aug 20 2026 15:03:25 GMT+0000 (Coordinated Universal Time),11,CONGRATS SEA ENTLEAD 2026,congrats sea entlead 2026,,,,,,
2026-08-20T17:34:11.155722+00:00,20260820-173411,https://trends24.in/indonesia/,Thu Aug 20 2026 15:03:25 GMT+0000 (Coordinated Universal Time),12,NUNEW AT LSA26,nunew at lsa26,,,,,,
2026-08-20T17:34:11.155722+00:00,20260820-173411,https://trends24.in/indonesia/,Thu Aug 20 2026 15:03:25 GMT+0000 (Coordinated Universal Time),13,BE MY PLAYER TWO EP6,be my player two ep6,,,,,,
2026-08-20T17:34:11.155722+00:00,20260820-173411,https://trends24.in/indonesia/,Thu Aug 20 2026 15:03:25 GMT+0000 (Coordinated Universal Time),14,JUNIORMARK RISING ICONS26,juniormark rising icons26,,,,,,
2026-08-20T17:34:11.155722+00:00,20260820-173411,https://trends24.in/indonesia/,Thu Aug 20 2026 15:03:25 GMT+0000 (Coordinated Universal Time),15,LENA AT FIRST FRAME PREMIERE,lena at first frame premiere,,,,,,
2026-08-20T17:34:11.155722+00:00,20260820-173411,https://trends24.in/indonesia/,Thu Aug 20 2026 15:03:25 GMT+0000 (Coordinated Universal Time),16,Ruben Onsu,ruben onsu,,,,,,
2026-08-20T17:34:11.155722+00:00,20260820-173411,https://trends24.in/indonesia/,Thu Aug 20 2026 15:03:25 GMT+0000 (Coordinated Universal Time),17,DIKI MELANJUTKAN MISI,diki melanjutkan misi,,,,,,
2026-08-20T17:34:11.155722+00:00,20260820-173411,https://trends24.in/indonesia/,Thu Aug 20 2026 15:03:25 GMT+0000 (Coordinated Universal Time),18,FAYEATOM GLOBAL RISING ICONS,fayeatom global rising icons,,,,,,
2026-08-20T17:34:11.155722+00:00,20260820-173411,https://trends24.in/indonesia/,Thu Aug 20 2026 15:03:25 GMT+0000 (Coordinated Universal Time),19,Modern Woman Have A Problem,modern woman have a problem,,,,,,
2026-08-20T17:34:11.155722+00:00,20260820-173411,https://trends24.in/indonesia/,Thu Aug 20 2026 15:03:25 GMT+0000 (Coordinated Universal Time),20,WIN AP CENTRAL EMBASSY,win ap central embassy,,,,,,
2026-08-20T17:34:11.155722+00:00,20260820-173411,https://trends24.in/indonesia/,Thu Aug 20 2026 15:03:25 GMT+0000 (Coordinated Universal Time),21,Gibran Peduli NTT,gibran peduli ntt,,,,,,
2026-08-20T17:34:11.155722+00:00,20260820-173411,https://trends24.in/indonesia/,Thu Aug 20 2026 15:03:25 GMT+0000 (Coordinated Universal Time),22,HAPPY LEO DAY,happy leo day,,,,,,
2026-08-20T17:34:11.155722+00:00,20260820-173411,https://trends24.in/indonesia/,Thu Aug 20 2026 15:03:25 GMT+0000 (Coordinated Universal Time),23,Pop Off The Retro,pop off the retro,,,,,,
2026-08-20T17:34:11.155722+00:00,20260820-173411,https://trends24.in/indonesia/,Thu Aug 20 2026 15:03:25 GMT+0000 (Coordinated Universal Time),24,Tangkap,tangkap,,,,,,
2026-08-20T17:34:11.155722+00:00,20260820-173411,https://trends24.in/indonesia/,Thu Aug 20 2026 15:03:25 GMT+0000 (Coordinated Universal Time),25,Who in TXT,who in txt,,,,,,
2026-08-20T17:34:11.155722+00:00,20260820-173411,https://trends24.in/indonesia/,Thu Aug 20 2026 15:03:25 GMT+0000 (Coordinated Universal Time),26,Rockstar,rockstar,,,,,,
2026-08-20T17:34:11.155722+00:00,20260820-173411,https://trends24.in/indonesia/,Thu Aug 20 2026 15:03:25 GMT+0000 (Coordinated Universal Time),27,Gempa,gempa,,,,,,
2026-08-20T17:34:11.155722+00:00,20260820-173411,https://trends24.in/indonesia/,Thu Aug 20 2026 15:03:25 GMT+0000 (Coordinated Universal Time),28,Mamdani,mamdani,,,,,,
2026-08-20T17:34:11.155722+00:00,20260820-173411,https://trends24.in/indonesia/,Thu Aug 20 2026 15:03:25 GMT+0000 (Coordinated Universal Time),29,Dalem,dalem,,,,,,
2026-08-20T17:34:11.155722+00:00,20260820-173411,https://trends24.in/indonesia/,Thu Aug 20 2026 15:03:25 GMT+0000 (Coordinated Universal Time),30,Bantul,bantul,,,,,,
2026-08-20T17:34:11.155722+00:00,20260820-173411,https://trends24.in/indonesia/,Thu Aug 20 2026 15:03:25 GMT+0000 (Coordinated Universal Time),31,FAST RECOVERY FOR ARNO,fast recovery for arno,,,,,,
2026-08-20T17:34:11.155722+00:00,20260820-173411,https://trends24.in/indonesia/,Thu Aug 20 2026 15:03:25 GMT+0000 (Coordinated Universal Time),32,Hyundai,hyundai,,,,,,
2026-08-20T17:34:11.155722+00:00,20260820-173411,https://trends24.in/indonesia/,Thu Aug 20 2026 15:03:25 GMT+0000 (Coordinated Universal Time),33,Madu,madu,,,,,,
2026-08-20T17:34:11.155722+00:00,20260820-173411,https://trends24.in/indonesia/,Thu Aug 20 2026 15:03:25 GMT+0000 (Coordinated Universal Time),34,Waalaikumsalam,waalaikumsalam,,,,,,
2026-08-20T17:34:11.155722+00:00,20260820-173411,https://trends24.in/indonesia/,Thu Aug 20 2026 15:03:25 GMT+0000 (Coordinated Universal Time),35,CAT 1,cat 1,,,,,,
2026-08-20T17:34:11.155722+00:00,20260820-173411,https://trends24.in/indonesia/,Thu Aug 20 2026 15:03:25 GMT+0000 (Coordinated Universal Time),36,#ë¦¬ì¤24ë²ì§¸ìì¼ì¶íí´,ë¦¬ì¤24ë²ì§¸ìì¼ì¶íí´,,,,,,
2026-08-20T17:34:11.155722+00:00,20260820-173411,https://trends24.in/indonesia/,Thu Aug 20 2026 15:03:25 GMT+0000 (Coordinated Universal Time),37,#TerikatJanjiEp137,terikatjanjiep137,,,,,,
2026-08-20T17:34:11.155722+00:00,20260820-173411,https://trends24.in/indonesia/,Thu Aug 20 2026 15:03:25 GMT+0000 (Coordinated Universal Time),38,#DDDUnlockBetterLivingXLingOrm,dddunlockbetterlivingxlingorm,,,,,,
2026-08-20T17:34:11.155722+00:00,20260820-173411,https://trends24.in/indonesia/,Thu Aug 20 2026 15:03:25 GMT+0000 (Coordinated Universal Time),39,#ã¸ã§ãã³ã®ãããã¡ããã­ãã¡ããã©ã¸ãª,ã¸ã§ãã³ã®ãããã¡ããã­ãã¡ããã©ã¸ãª,,,,,,
2026-08-20T17:34:11.155722+00:00,20260820-173411,https://trends24.in/indonesia/,Thu Aug 20 2026 15:03:25 GMT+0000 (Coordinated Universal Time),40,#ããã­ã897,ããã­ã897,,,,,,
2026-08-20T17:34:11.155722+00:00,20260820-173411,https://trends24.in/indonesia/,Thu Aug 20 2026 15:03:25 GMT+0000 (Coordinated Universal Time),41,#TewoTsunaginagaraJKT48,tewotsunaginagarajkt48,,,,,,
2026-08-20T17:34:11.155722+00:00,20260820-173411,https://trends24.in/indonesia/,Thu Aug 20 2026 15:03:25 GMT+0000 (Coordinated Universal Time),42,#à¸à¸¸à¸à¸´à¸§xà¹à¸¥à¸à¹à¸ªà¹à¸à¸¥à¹à¹à¸­à¹à¸à¸µà¸¢,à¸à¸¸à¸à¸´à¸§xà¹à¸¥à¸à¹à¸ªà¹à¸à¸¥à¹à¹à¸­à¹à¸à¸µà¸¢,,,,,,
2026-08-20T17:34:11.155722+00:00,20260820-173411,https://trends24.in/indonesia/,Thu Aug 20 2026 15:03:25 GMT+0000 (Coordinated Universal Time),43,#LifestyleAsiaTH,lifestyleasiath,,,,,,
2026-08-20T17:34:11.155722+00:00,20260820-173411,https://trends24.in/indonesia/,Thu Aug 20 2026 15:03:25 GMT+0000 (Coordinated Universal Time),44,#à¸à¸­à¹à¸à¹à¸¥à¹à¸²à¸¡à¸à¸µà¸£à¹EP6,à¸à¸­à¹à¸à¹à¸¥à¹à¸²à¸¡à¸à¸µà¸£à¹ep6,,,,,,
2026-08-20T17:34:11.155722+00:00,20260820-173411,https://trends24.in/indonesia/,Thu Aug 20 2026 15:03:25 GMT+0000 (Coordinated Universal Time),45,#à¸¡à¸´à¹à¸¥à¸à¹à¹à¸¥à¸´à¸,à¸¡à¸´à¹à¸¥à¸à¹à¹à¸¥à¸´à¸,,,,,,
2026-08-20T17:34:11.155722+00:00,20260820-173411,https://trends24.in/indonesia/,Thu Aug 20 2026 15:03:25 GMT+0000 (Coordinated Universal Time),46,#HerinFramePremiereNight,herinframepremierenight,,,,,,
2026-08-20T17:34:11.155722+00:00,20260820-173411,https://trends24.in/indonesia/,Thu Aug 20 2026 15:03:25 GMT+0000 (Coordinated Universal Time),47,#FittingMagicLover,fittingmagiclover,,,,,,
2026-08-20T17:34:11.155722+00:00,20260820-173411,https://trends24.in/indonesia/,Thu Aug 20 2026 15:03:25 GMT+0000 (Coordinated Universal Time),48,#Setsuna_Hanabi,setsuna_hanabi,,,,,,
2026-08-20T17:34:11.155722+00:00,20260820-173411,https://trends24.in/indonesia/,Thu Aug 20 2026 15:03:25 GMT+0000 (Coordinated Universal Time),49,#TOMORROW_X_TOGETHER,tomorrow_x_together,,,,,,
2026-08-20T17:34:11.155722+00:00,20260820-173411,https://trends24.in/indonesia/,Thu Aug 20 2026 15:03:25 GMT+0000 (Coordinated Universal Time),50,#AudemarsPiguet,audemarspiguet,,,,,,
2026-08-20T17:34:11.155722+00:00,20260820-173411,https://trends24.in/indonesia/,Thu Aug 20 2026 14:12:07 GMT+0000 (Coordinated Universal Time),1,#LSA50ICONS2026,lsa50icons2026,,,,,,
2026-08-20T17:34:11.155722+00:00,20260820-173411,https://trends24.in/indonesia/,Thu Aug 20 2026 14:12:07 GMT+0000 (Coordinated Universal Time),2,#PERMPOONThisIsYourBoyMV,permpoonthisisyourboymv,,,,,,
2026-08-20T17:34:11.155722+00:00,20260820-173411,https://trends24.in/indonesia/,Thu Aug 20 2026 14:12:07 GMT+0000 (Coordinated Universal Time),3,#ë¦¬ì¤24ë²ì§¸ìì¼ì¶íí´,ë¦¬ì¤24ë²ì§¸ìì¼ì¶íí´,,,,,,
2026-08-20T17:34:11.155722+00:00,20260820-173411,https://trends24.in/indonesia/,Thu Aug 20 2026 14:12:07 GMT+0000 (Coordinated Universal Time),4,#TerikatJanjiEp137,terikatjanjiep137,,,,,,
2026-08-20T17:34:11.155722+00:00,20260820-173411,https://trends24.in/indonesia/,Thu Aug 20 2026 14:12:07 GMT+0000 (Coordinated Universal Time),5,#ã¸ã§ãã³ã®ãããã¡ããã­ãã¡ããã©ã¸ãª,ã¸ã§ãã³ã®ãããã¡ããã­ãã¡ããã©ã¸ãª,,,,,,
2026-08-20T17:34:11.155722+00:00,20260820-173411,https://trends24.in/indonesia/,Thu Aug 20 2026 14:12:07 GMT+0000 (Coordinated Universal Time),6,ON AIR WITH DJ JAEMIN,on air with dj jaemin,,,,,,
2026-08-20T17:34:11.155722+00:00,20260820-173411,https://trends24.in/indonesia/,Thu Aug 20 2026 14:12:07 GMT+0000 (Coordinated Universal Time),7,Kalimantan,kalimantan,,,,,,
2026-08-20T17:34:11.155722+00:00,20260820-173411,https://trends24.in/indonesia/,Thu Aug 20 2026 14:12:07 GMT+0000 (Coordinated Universal Time),8,MILKLOVE AUTHENTICALLY ICONIC,milklove authentically iconic,,,,,,
2026-08-20T17:34:11.155722+00:00,20260820-173411,https://trends24.in/indonesia/,Thu Aug 20 2026 14:12:07 GMT+0000 (Coordinated Universal Time),9,CONGRATS SEA ENTLEAD 2026,congrats sea entlead 2026,,,,,,
2026-08-20T17:34:11.155722+00:00,20260820-173411,https://trends24.in/indonesia/,Thu Aug 20 2026 14:12:07 GMT+0000 (Coordinated Universal Time),10,NUNEW AT LSA26,nunew at lsa26,,,,,,
2026-08-20T17:34:11.155722+00:00,20260820-173411,https://trends24.in/indonesia/,Thu Aug 20 2026 14:12:07 GMT+0000 (Coordinated Universal Time),11,Gibran Peduli NTT,gibran peduli ntt,,,,,,
2026-08-20T17:34:11.155722+00:00,20260820-173411,https://trends24.in/indonesia/,Thu Aug 20 2026 14:12:07 GMT+0000 (Coordinated Universal Time),12,JUNIORMARK RISING ICONS26,juniormark rising icons26,,,,,,
2026-08-20T17:34:11.155722+00:00,20260820-173411,https://trends24.in/indonesia/,Thu Aug 20 2026 14:12:07 GMT+0000 (Coordinated Universal Time),13,LING SPARKLE ORM LESASHA,ling sparkle orm lesasha,,,,,,
2026-08-20T17:34:11.155722+00:00,20260820-173411,https://trends24.in/indonesia/,Thu Aug 20 2026 14:12:07 GMT+0000 (Coordinated Universal Time),14,LENA AT FIRST FRAME PREMIERE,lena at first frame premiere,,,,,,
2026-08-20T17:34:11.155722+00:00,20260820-173411,https://trends24.in/indonesia/,Thu Aug 20 2026 14:12:07 GMT+0000 (Coordinated Universal Time),15,Malam Jumat,malam jumat,,,,,,
2026-08-20T17:34:11.155722+00:00,20260820-173411,https://trends24.in/indonesia/,Thu Aug 20 2026 14:12:07 GMT+0000 (Coordinated Universal Time),16,Ruben Onsu,ruben onsu,,,,,,
2026-08-20T17:34:11.155722+00:00,20260820-173411,https://trends24.in/indonesia/,Thu Aug 20 2026 14:12:07 GMT+0000 (Coordinated Universal Time),17,FAYEATOM GLOBAL RISING ICONS,fayeatom global rising icons,,,,,,
2026-08-20T17:34:11.155722+00:00,20260820-173411,https://trends24.in/indonesia/,Thu Aug 20 2026 14:12:07 GMT+0000 (Coordinated Universal Time),18,DIKI MELANJUTKAN MISI,diki melanjutkan misi,,,,,,
2026-08-20T17:34:11.155722+00:00,20260820-173411,https://trends24.in/indonesia/,Thu Aug 20 2026 14:12:07 GMT+0000 (Coordinated Universal Time),19,HAPPY LEO DAY,happy leo day,,,,,,
2026-08-20T17:34:11.155722+00:00,20260820-173411,https://trends24.in/indonesia/,Thu Aug 20 2026 14:12:07 GMT+0000 (Coordinated Universal Time),20,CTW SPECIAL LIVE X TTP,ctw special live x ttp,,,,,,
2026-08-20T17:34:11.155722+00:00,20260820-173411,https://trends24.in/indonesia/,Thu Aug 20 2026 14:12:07 GMT+0000 (Coordinated Universal Time),21,WIN AP CENTRAL EMBASSY,win ap central embassy,,,,,,
2026-08-20T17:34:11.155722+00:00,20260820-173411,https://trends24.in/indonesia/,Thu Aug 20 2026 14:12:07 GMT+0000 (Coordinated Universal Time),22,Who in TXT,who in txt,,,,,,
2026-08-20T17:34:11.155722+00:00,20260820-173411,https://trends24.in/indonesia/,Thu Aug 20 2026 14:12:07 GMT+0000 (Coordinated Universal Time),23,Wapres Gibran,wapres gibran,,,,,,
2026-08-20T17:34:11.155722+00:00,20260820-173411,https://trends24.in/indonesia/,Thu Aug 20 2026 14:12:07 GMT+0000 (Coordinated Universal Time),24,Mamdani,mamdani,,,,,,
2026-08-20T17:34:11.155722+00:00,20260820-173411,https://trends24.in/indonesia/,Thu Aug 20 2026 14:12:07 GMT+0000 (Coordinated Universal Time),25,Bantul,bantul,,,,,,
2026-08-20T17:34:11.155722+00:00,20260820-173411,https://trends24.in/indonesia/,Thu Aug 20 2026 14:12:07 GMT+0000 (Coordinated Universal Time),26,Rockstar,rockstar,,,,,,
2026-08-20T17:34:11.155722+00:00,20260820-173411,https://trends24.in/indonesia/,Thu Aug 20 2026 14:12:07 GMT+0000 (Coordinated Universal Time),27,Pop Off The Retro,pop off the retro,,,,,,
2026-08-20T17:34:11.155722+00:00,20260820-173411,https://trends24.in/indonesia/,Thu Aug 20 2026 14:12:07 GMT+0000 (Coordinated Universal Time),28,Gempa,gempa,,,,,,
2026-08-20T17:34:11.155722+00:00,20260820-173411,https://trends24.in/indonesia/,Thu Aug 20 2026 14:12:07 GMT+0000 (Coordinated Universal Time),29,Service Point KALOG Express,service point kalog express,,,,,,
2026-08-20T17:34:11.155722+00:00,20260820-173411,https://trends24.in/indonesia/,Thu Aug 20 2026 14:12:07 GMT+0000 (Coordinated Universal Time),30,Magic Lover Worship,magic lover worship,,,,,,
2026-08-20T17:34:11.155722+00:00,20260820-173411,https://trends24.in/indonesia/,Thu Aug 20 2026 14:12:07 GMT+0000 (Coordinated Universal Time),31,FAST RECOVERY FOR ARNO,fast recovery for arno,,,,,,
2026-08-20T17:34:11.155722+00:00,20260820-173411,https://trends24.in/indonesia/,Thu Aug 20 2026 14:12:07 GMT+0000 (Coordinated Universal Time),32,PONDPHUWIN SET TO LAUNCH,pondphuwin set to launch,,,,,,
2026-08-20T17:34:11.155722+00:00,20260820-173411,https://trends24.in/indonesia/,Thu Aug 20 2026 14:12:07 GMT+0000 (Coordinated Universal Time),33,Hyundai,hyundai,,,,,,
2026-08-20T17:34:11.155722+00:00,20260820-173411,https://trends24.in/indonesia/,Thu Aug 20 2026 14:12:07 GMT+0000 (Coordinated Universal Time),34,3CE EST LIVE,3ce est live,,,,,,
2026-08-20T17:34:11.155722+00:00,20260820-173411,https://trends24.in/indonesia/,Thu Aug 20 2026 14:12:07 GMT+0000 (Coordinated Universal Time),35,Madu,madu,,,,,,
2026-08-20T17:34:11.155722+00:00,20260820-173411,https://trends24.in/indonesia/,Thu Aug 20 2026 14:12:07 GMT+0000 (Coordinated Universal Time),36,Waalaikumsalam,waalaikumsalam,,,,,,
2026-08-20T17:34:11.155722+00:00,20260820-173411,https://trends24.in/indonesia/,Thu Aug 20 2026 14:12:07 GMT+0000 (Coordinated Universal Time),37,CAT 3,cat 3,,,,,,
2026-08-20T17:34:11.155722+00:00,20260820-173411,https://trends24.in/indonesia/,Thu Aug 20 2026 14:12:07 GMT+0000 (Coordinated Universal Time),38,CAT 1,cat 1,,,,,,
2026-08-20T17:34:11.155722+00:00,20260820-173411,https://trends24.in/indonesia/,Thu Aug 20 2026 14:12:07 GMT+0000 (Coordinated Universal Time),39,Asep,asep,,,,,,
2026-08-20T17:34:11.155722+00:00,20260820-173411,https://trends24.in/indonesia/,Thu Aug 20 2026 14:12:07 GMT+0000 (Coordinated Universal Time),40,ENHYPEN,enhypen,,,,,,
2026-08-20T17:34:11.155722+00:00,20260820-173411,https://trends24.in/indonesia/,Thu Aug 20 2026 14:12:07 GMT+0000 (Coordinated Universal Time),41,#ããã­ã897,ããã­ã897,,,,,,
2026-08-20T17:34:11.155722+00:00,20260820-173411,https://trends24.in/indonesia/,Thu Aug 20 2026 14:12:07 GMT+0000 (Coordinated Universal Time),42,#à¸à¸¸à¸à¸´à¸§xà¹à¸¥à¸à¹à¸ªà¹à¸à¸¥à¹à¹à¸­à¹à¸à¸µà¸¢,à¸à¸¸à¸à¸´à¸§xà¹à¸¥à¸à¹à¸ªà¹à¸à¸¥à¹à¹à¸­à¹à¸à¸µà¸¢,,,,,,
2026-08-20T17:34:11.155722+00:00,20260820-173411,https://trends24.in/indonesia/,Thu Aug 20 2026 14:12:07 GMT+0000 (Coordinated Universal Time),43,#DDDUnlockBetterLivingXLingOrm,dddunlockbetterlivingxlingorm,,,,,,
2026-08-20T17:34:11.155722+00:00,20260820-173411,https://trends24.in/indonesia/,Thu Aug 20 2026 14:12:07 GMT+0000 (Coordinated Universal Time),44,#TewoTsunaginagaraJKT48,tewotsunaginagarajkt48,,,,,,
2026-08-20T17:34:11.155722+00:00,20260820-173411,https://trends24.in/indonesia/,Thu Aug 20 2026 14:12:07 GMT+0000 (Coordinated Universal Time),45,#FittingMagicLover,fittingmagiclover,,,,,,
2026-08-20T17:34:11.155722+00:00,20260820-173411,https://trends24.in/indonesia/,Thu Aug 20 2026 14:12:07 GMT+0000 (Coordinated Universal Time),46,#LifestyleAsiaTH,lifestyleasiath,,,,,,
2026-08-20T17:34:11.155722+00:00,20260820-173411,https://trends24.in/indonesia/,Thu Aug 20 2026 14:12:07 GMT+0000 (Coordinated Universal Time),47,#HerinFramePremiereNight,herinframepremierenight,,,,,,
2026-08-20T17:34:11.155722+00:00,20260820-173411,https://trends24.in/indonesia/,Thu Aug 20 2026 14:12:07 GMT+0000 (Coordinated Universal Time),48,#Setsuna_Hanabi,setsuna_hanabi,,,,,,
2026-08-20T17:34:11.155722+00:00,20260820-173411,https://trends24.in/indonesia/,Thu Aug 20 2026 14:12:07 GMT+0000 (Coordinated Universal Time),49,#HAPPY24thLEODAY,happy24thleoday,,,,,,
2026-08-20T17:34:11.155722+00:00,20260820-173411,https://trends24.in/indonesia/,Thu Aug 20 2026 14:12:07 GMT+0000 (Coordinated Universal Time),50,#AudemarsPiguet,audemarspiguet,,,,,,
2026-08-20T17:34:11.155722+00:00,20260820-173411,https://trends24.in/indonesia/,Thu Aug 20 2026 13:20:07 GMT+0000 (Coordinated Universal Time),1,#LSA50ICONS2026,lsa50icons2026,,,,,,
2026-08-20T17:34:11.155722+00:00,20260820-173411,https://trends24.in/indonesia/,Thu Aug 20 2026 13:20:07 GMT+0000 (Coordinated Universal Time),2,#PERMPOONThisIsYourBoyMV,permpoonthisisyourboymv,,,,,,
2026-08-20T17:34:11.155722+00:00,20260820-173411,https://trends24.in/indonesia/,Thu Aug 20 2026 13:20:07 GMT+0000 (Coordinated Universal Time),3,#ë¦¬ì¤24ë²ì§¸ìì¼ì¶íí´,ë¦¬ì¤24ë²ì§¸ìì¼ì¶íí´,,,,,,
2026-08-20T17:34:11.155722+00:00,20260820-173411,https://trends24.in/indonesia/,Thu Aug 20 2026 13:20:07 GMT+0000 (Coordinated Universal Time),4,MILKLOVE AUTHENTICALLY ICONIC,milklove authentically iconic,,,,,,
2026-08-20T17:34:11.155722+00:00,20260820-173411,https://trends24.in/indonesia/,Thu Aug 20 2026 13:20:07 GMT+0000 (Coordinated Universal Time),5,#ããã­ã897,ããã­ã897,,,,,,
2026-08-20T17:34:11.155722+00:00,20260820-173411,https://trends24.in/indonesia/,Thu Aug 20 2026 13:20:07 GMT+0000 (Coordinated Universal Time),6,#ã¸ã§ãã³ã®ãããã¡ããã­ãã¡ããã©ã¸ãª,ã¸ã§ãã³ã®ãããã¡ããã­ãã¡ããã©ã¸ãª,,,,,,
2026-08-20T17:34:11.155722+00:00,20260820-173411,https://trends24.in/indonesia/,Thu Aug 20 2026 13:20:07 GMT+0000 (Coordinated Universal Time),7,ON AIR WITH DJ JAEMIN,on air with dj jaemin,,,,,,
2026-08-20T17:34:11.155722+00:00,20260820-173411,https://trends24.in/indonesia/,Thu Aug 20 2026 13:20:07 GMT+0000 (Coordinated Universal Time),8,CONGRATS SEA ENTLEAD 2026,congrats sea entlead 2026,,,,,,
2026-08-20T17:34:11.155722+00:00,20260820-173411,https://trends24.in/indonesia/,Thu Aug 20 2026 13:20:07 GMT+0000 (Coordinated Universal Time),9,NUNEW AT LSA26,nunew at lsa26,,,,,,
2026-08-20T17:34:11.155722+00:00,20260820-173411,https://trends24.in/indonesia/,Thu Aug 20 2026 13:20:07 GMT+0000 (Coordinated Universal Time),10,Gibran Peduli NTT,gibran peduli ntt,,,,,,
2026-08-20T17:34:11.155722+00:00,20260820-173411,https://trends24.in/indonesia/,Thu Aug 20 2026 13:20:07 GMT+0000 (Coordinated Universal Time),11,JUNIORMARK RISING ICONS26,juniormark rising icons26,,,,,,
2026-08-20T17:34:11.155722+00:00,20260820-173411,https://trends24.in/indonesia/,Thu Aug 20 2026 13:20:07 GMT+0000 (Coordinated Universal Time),12,Kalimantan,kalimantan,,,,,,
2026-08-20T17:34:11.155722+00:00,20260820-173411,https://trends24.in/indonesia/,Thu Aug 20 2026 13:20:07 GMT+0000 (Coordinated Universal Time),13,LENA AT FIRST FRAME PREMIERE,lena at first frame premiere,,,,,,
2026-08-20T17:34:11.155722+00:00,20260820-173411,https://trends24.in/indonesia/,Thu Aug 20 2026 13:20:07 GMT+0000 (Coordinated Universal Time),14,LING SPARKLE ORM LESASHA,ling sparkle orm lesasha,,,,,,
2026-08-20T17:34:11.155722+00:00,20260820-173411,https://trends24.in/indonesia/,Thu Aug 20 2026 13:20:07 GMT+0000 (Coordinated Universal Time),15,WIN AP CENTRAL EMBASSY,win ap central embassy,,,,,,
2026-08-20T17:34:11.155722+00:00,20260820-173411,https://trends24.in/indonesia/,Thu Aug 20 2026 13:20:07 GMT+0000 (Coordinated Universal Time),16,FAYEATOM GLOBAL RISING ICONS,fayeatom global rising icons,,,,,,
2026-08-20T17:34:11.155722+00:00,20260820-173411,https://trends24.in/indonesia/,Thu Aug 20 2026 13:20:07 GMT+0000 (Coordinated Universal Time),17,HAPPY LEO DAY,happy leo day,,,,,,
2026-08-20T17:34:11.155722+00:00,20260820-173411,https://trends24.in/indonesia/,Thu Aug 20 2026 13:20:07 GMT+0000 (Coordinated Universal Time),18,CTW SPECIAL LIVE X TTP,ctw special live x ttp,,,,,,
2026-08-20T17:34:11.155722+00:00,20260820-173411,https://trends24.in/indonesia/,Thu Aug 20 2026 13:20:07 GMT+0000 (Coordinated Universal Time),19,Who in TXT,who in txt,,,,,,
2026-08-20T17:34:11.155722+00:00,20260820-173411,https://trends24.in/indonesia/,Thu Aug 20 2026 13:20:07 GMT+0000 (Coordinated Universal Time),20,Ruben Onsu,ruben onsu,,,,,,
2026-08-20T17:34:11.155722+00:00,20260820-173411,https://trends24.in/indonesia/,Thu Aug 20 2026 13:20:07 GMT+0000 (Coordinated Universal Time),21,FAST RECOVERY FOR ARNO,fast recovery for arno,,,,,,
2026-08-20T17:34:11.155722+00:00,20260820-173411,https://trends24.in/indonesia/,Thu Aug 20 2026 13:20:07 GMT+0000 (Coordinated Universal Time),22,Bantul,bantul,,,,,,
2026-08-20T17:34:11.155722+00:00,20260820-173411,https://trends24.in/indonesia/,Thu Aug 20 2026 13:20:07 GMT+0000 (Coordinated Universal Time),23,Mamdani,mamdani,,,,,,
2026-08-20T17:34:11.155722+00:00,20260820-173411,https://trends24.in/indonesia/,Thu Aug 20 2026 13:20:07 GMT+0000 (Coordinated Universal Time),24,Wapres Gibran,wapres gibran,,,,,,
2026-08-20T17:34:11.155722+00:00,20260820-173411,https://trends24.in/indonesia/,Thu Aug 20 2026 13:20:07 GMT+0000 (Coordinated Universal Time),25,Rockstar,rockstar,,,,,,
2026-08-20T17:34:11.155722+00:00,20260820-173411,https://trends24.in/indonesia/,Thu Aug 20 2026 13:20:07 GMT+0000 (Coordinated Universal Time),26,TFO INFINITY PRESENTER,tfo infinity presenter,,,,,,
2026-08-20T17:34:11.155722+00:00,20260820-173411,https://trends24.in/indonesia/,Thu Aug 20 2026 13:20:07 GMT+0000 (Coordinated Universal Time),27,Service Point KALOG Express,service point kalog express,,,,,,
2026-08-20T17:34:11.155722+00:00,20260820-173411,https://trends24.in/indonesia/,Thu Aug 20 2026 13:20:07 GMT+0000 (Coordinated Universal Time),28,Magic Lover Worship,magic lover worship,,,,,,
2026-08-20T17:34:11.155722+00:00,20260820-173411,https://trends24.in/indonesia/,Thu Aug 20 2026 13:20:07 GMT+0000 (Coordinated Universal Time),29,Pop Off The Retro,pop off the retro,,,,,,
2026-08-20T17:34:11.155722+00:00,20260820-173411,https://trends24.in/indonesia/,Thu Aug 20 2026 13:20:07 GMT+0000 (Coordinated Universal Time),30,PONDPHUWIN SET TO LAUNCH,pondphuwin set to launch,,,,,,
2026-08-20T17:34:11.155722+00:00,20260820-173411,https://trends24.in/indonesia/,Thu Aug 20 2026 13:20:07 GMT+0000 (Coordinated Universal Time),31,Hyundai,hyundai,,,,,,
2026-08-20T17:34:11.155722+00:00,20260820-173411,https://trends24.in/indonesia/,Thu Aug 20 2026 13:20:07 GMT+0000 (Coordinated Universal Time),32,3CE EST LIVE,3ce est live,,,,,,
2026-08-20T17:34:11.155722+00:00,20260820-173411,https://trends24.in/indonesia/,Thu Aug 20 2026 13:20:07 GMT+0000 (Coordinated Universal Time),33,Kamis,kamis,,,,,,
2026-08-20T17:34:11.155722+00:00,20260820-173411,https://trends24.in/indonesia/,Thu Aug 20 2026 13:20:07 GMT+0000 (Coordinated Universal Time),34,CAT 1,cat 1,,,,,,
2026-08-20T17:34:11.155722+00:00,20260820-173411,https://trends24.in/indonesia/,Thu Aug 20 2026 13:20:07 GMT+0000 (Coordinated Universal Time),35,Waalaikumsalam,waalaikumsalam,,,,,,
2026-08-20T17:34:11.155722+00:00,20260820-173411,https://trends24.in/indonesia/,Thu Aug 20 2026 13:20:07 GMT+0000 (Coordinated Universal Time),36,NEO CITY,neo city,,,,,,
2026-08-20T17:34:11.155722+00:00,20260820-173411,https://trends24.in/indonesia/,Thu Aug 20 2026 13:20:07 GMT+0000 (Coordinated Universal Time),37,CAT 3,cat 3,,,,,,
2026-08-20T17:34:11.155722+00:00,20260820-173411,https://trends24.in/indonesia/,Thu Aug 20 2026 13:20:07 GMT+0000 (Coordinated Universal Time),38,JAKARTA - THE REDLINE,jakarta - the redline,,,,,,
2026-08-20T17:34:11.155722+00:00,20260820-173411,https://trends24.in/indonesia/,Thu Aug 20 2026 13:20:07 GMT+0000 (Coordinated Universal Time),39,Asep,asep,,,,,,
2026-08-20T17:34:11.155722+00:00,20260820-173411,https://trends24.in/indonesia/,Thu Aug 20 2026 13:20:07 GMT+0000 (Coordinated Universal Time),40,ENHYPEN,enhypen,,,,,,
2026-08-20T17:34:11.155722+00:00,20260820-173411,https://trends24.in/indonesia/,Thu Aug 20 2026 13:20:07 GMT+0000 (Coordinated Universal Time),41,Madu,madu,,,,,,
2026-08-20T17:34:11.155722+00:00,20260820-173411,https://trends24.in/indonesia/,Thu Aug 20 2026 13:20:07 GMT+0000 (Coordinated Universal Time),42,Axis,axis,,,,,,
2026-08-20T17:34:11.155722+00:00,20260820-173411,https://trends24.in/indonesia/,Thu Aug 20 2026 13:20:07 GMT+0000 (Coordinated Universal Time),43,Physical,physical,,,,,,
2026-08-20T17:34:11.155722+00:00,20260820-173411,https://trends24.in/indonesia/,Thu Aug 20 2026 13:20:07 GMT+0000 (Coordinated Universal Time),44,#TerikatJanjiEp137,terikatjanjiep137,,,,,,
2026-08-20T17:34:11.155722+00:00,20260820-173411,https://trends24.in/indonesia/,Thu Aug 20 2026 13:20:07 GMT+0000 (Coordinated Universal Time),45,#à¸à¸¸à¸à¸´à¸§xà¹à¸¥à¸à¹à¸ªà¹à¸à¸¥à¹à¹à¸­à¹à¸à¸µà¸¢,à¸à¸¸à¸à¸´à¸§xà¹à¸¥à¸à¹à¸ªà¹à¸à¸¥à¹à¹à¸­à¹à¸à¸µà¸¢,,,,,,
2026-08-20T17:34:11.155722+00:00,20260820-173411,https://trends24.in/indonesia/,Thu Aug 20 2026 13:20:07 GMT+0000 (Coordinated Universal Time),46,#TewoTsunaginagaraJKT48,tewotsunaginagarajkt48,,,,,,
2026-08-20T17:34:11.155722+00:00,20260820-173411,https://trends24.in/indonesia/,Thu Aug 20 2026 13:20:07 GMT+0000 (Coordinated Universal Time),47,#HerinFramePremiereNight,herinframepremierenight,,,,,,
2026-08-20T17:34:11.155722+00:00,20260820-173411,https://trends24.in/indonesia/,Thu Aug 20 2026 13:20:07 GMT+0000 (Coordinated Universal Time),48,#DDDUnlockBetterLivingXLingOrm,dddunlockbetterlivingxlingorm,,,,,,
2026-08-20T17:34:11.155722+00:00,20260820-173411,https://trends24.in/indonesia/,Thu Aug 20 2026 13:20:07 GMT+0000 (Coordinated Universal Time),49,#LifestyleAsiaTH,lifestyleasiath,,,,,,
2026-08-20T17:34:11.155722+00:00,20260820-173411,https://trends24.in/indonesia/,Thu Aug 20 2026 13:20:07 GMT+0000 (Coordinated Universal Time),50,#FittingMagicLover,fittingmagiclover,,,,,,
2026-08-20T17:34:11.155722+00:00,20260820-173411,https://trends24.in/indonesia/,Thu Aug 20 2026 12:28:02 GMT+0000 (Coordinated Universal Time),1,#PERMPOONThisIsYourBoyMV,permpoonthisisyourboymv,,,,,,
2026-08-20T17:34:11.155722+00:00,20260820-173411,https://trends24.in/indonesia/,Thu Aug 20 2026 12:28:02 GMT+0000 (Coordinated Universal Time),2,#ë¦¬ì¤24ë²ì§¸ìì¼ì¶íí´,ë¦¬ì¤24ë²ì§¸ìì¼ì¶íí´,,,,,,
2026-08-20T17:34:11.155722+00:00,20260820-173411,https://trends24.in/indonesia/,Thu Aug 20 2026 12:28:02 GMT+0000 (Coordinated Universal Time),3,#LSA50ICONS2026,lsa50icons2026,,,,,,
2026-08-20T17:34:11.155722+00:00,20260820-173411,https://trends24.in/indonesia/,Thu Aug 20 2026 12:28:02 GMT+0000 (Coordinated Universal Time),4,#HerinFramePremiereNight,herinframepremierenight,,,,,,
2026-08-20T17:34:11.155722+00:00,20260820-173411,https://trends24.in/indonesia/,Thu Aug 20 2026 12:28:02 GMT+0000 (Coordinated Universal Time),5,#IDNMOVIE,idnmovie,,,,,,
2026-08-20T17:34:11.155722+00:00,20260820-173411,https://trends24.in/indonesia/,Thu Aug 20 2026 12:28:02 GMT+0000 (Coordinated Universal Time),6,LENA AT FIRST FRAME PREMIERE,lena at first frame premiere,,,,,,
2026-08-20T17:34:11.155722+00:00,20260820-173411,https://trends24.in/indonesia/,Thu Aug 20 2026 12:28:02 GMT+0000 (Coordinated Universal Time),7,Gibran Peduli NTT,gibran peduli ntt,,,,,,
2026-08-20T17:34:11.155722+00:00,20260820-173411,https://trends24.in/indonesia/,Thu Aug 20 2026 12:28:02 GMT+0000 (Coordinated Universal Time),8,ON AIR WITH DJ JAEMIN,on air with dj jaemin,,,,,,
2026-08-20T17:34:11.155722+00:00,20260820-173411,https://trends24.in/indonesia/,Thu Aug 20 2026 12:28:02 GMT+0000 (Coordinated Universal Time),9,LING SPARKLE ORM LESASHA,ling sparkle orm lesasha,,,,,,
2026-08-20T17:34:11.155722+00:00,20260820-173411,https://trends24.in/indonesia/,Thu Aug 20 2026 12:28:02 GMT+0000 (Coordinated Universal Time),10,MILKLOVE AUTHENTICALLY ICONIC,milklove authentically iconic,,,,,,
2026-08-20T17:34:11.155722+00:00,20260820-173411,https://trends24.in/indonesia/,Thu Aug 20 2026 12:28:02 GMT+0000 (Coordinated Universal Time),11,CONGRATS SEA ENTLEAD 2026,congrats sea entlead 2026,,,,,,
2026-08-20T17:34:11.155722+00:00,20260820-173411,https://trends24.in/indonesia/,Thu Aug 20 2026 12:28:02 GMT+0000 (Coordinated Universal Time),12,Kalimantan,kalimantan,,,,,,
2026-08-20T17:34:11.155722+00:00,20260820-173411,https://trends24.in/indonesia/,Thu Aug 20 2026 12:28:02 GMT+0000 (Coordinated Universal Time),13,JUNIORMARK RISING ICONS26,juniormark rising icons26,,,,,,
2026-08-20T17:34:11.155722+00:00,20260820-173411,https://trends24.in/indonesia/,Thu Aug 20 2026 12:28:02 GMT+0000 (Coordinated Universal Time),14,HAPPY LEO DAY,happy leo day,,,,,,
2026-08-20T17:34:11.155722+00:00,20260820-173411,https://trends24.in/indonesia/,Thu Aug 20 2026 12:28:02 GMT+0000 (Coordinated Universal Time),15,FAYEATOM GLOBAL RISING ICONS,fayeatom global rising icons,,,,,,
2026-08-20T17:34:11.155722+00:00,20260820-173411,https://trends24.in/indonesia/,Thu Aug 20 2026 12:28:02 GMT+0000 (Coordinated Universal Time),16,Bantul,bantul,,,,,,
2026-08-20T17:34:11.155722+00:00,20260820-173411,https://trends24.in/indonesia/,Thu Aug 20 2026 12:28:02 GMT+0000 (Coordinated Universal Time),17,Wapres Gibran,wapres gibran,,,,,,
2026-08-20T17:34:11.155722+00:00,20260820-173411,https://trends24.in/indonesia/,Thu Aug 20 2026 12:28:02 GMT+0000 (Coordinated Universal Time),18,WIN AP CENTRAL EMBASSY,win ap central embassy,,,,,,
2026-08-20T17:34:11.155722+00:00,20260820-173411,https://trends24.in/indonesia/,Thu Aug 20 2026 12:28:02 GMT+0000 (Coordinated Universal Time),19,FAST RECOVERY FOR ARNO,fast recovery for arno,,,,,,
2026-08-20T17:34:11.155722+00:00,20260820-173411,https://trends24.in/indonesia/,Thu Aug 20 2026 12:28:02 GMT+0000 (Coordinated Universal Time),20,Who in TXT,who in txt,,,,,,
2026-08-20T17:34:11.155722+00:00,20260820-173411,https://trends24.in/indonesia/,Thu Aug 20 2026 12:28:02 GMT+0000 (Coordinated Universal Time),21,VERNON ILL BE BACK,vernon ill be back,,,,,,
2026-08-20T17:34:11.155722+00:00,20260820-173411,https://trends24.in/indonesia/,Thu Aug 20 2026 12:28:02 GMT+0000 (Coordinated Universal Time),22,Service Point KALOG Express,service point kalog express,,,,,,
2026-08-20T17:34:11.155722+00:00,20260820-173411,https://trends24.in/indonesia/,Thu Aug 20 2026 12:28:02 GMT+0000 (Coordinated Universal Time),23,TFO INFINITY PRESENTER,tfo infinity presenter,,,,,,
2026-08-20T17:34:11.155722+00:00,20260820-173411,https://trends24.in/indonesia/,Thu Aug 20 2026 12:28:02 GMT+0000 (Coordinated Universal Time),24,PONDPHUWIN SET TO LAUNCH,pondphuwin set to launch,,,,,,
2026-08-20T17:34:11.155722+00:00,20260820-173411,https://trends24.in/indonesia/,Thu Aug 20 2026 12:28:02 GMT+0000 (Coordinated Universal Time),25,Magic Lover Worship,magic lover worship,,,,,,
2026-08-20T17:34:11.155722+00:00,20260820-173411,https://trends24.in/indonesia/,Thu Aug 20 2026 12:28:02 GMT+0000 (Coordinated Universal Time),26,Waalaikumsalam,waalaikumsalam,,,,,,
2026-08-20T17:34:11.155722+00:00,20260820-173411,https://trends24.in/indonesia/,Thu Aug 20 2026 12:28:02 GMT+0000 (Coordinated Universal Time),27,3CE EST LIVE,3ce est live,,,,,,
2026-08-20T17:34:11.155722+00:00,20260820-173411,https://trends24.in/indonesia/,Thu Aug 20 2026 12:28:02 GMT+0000 (Coordinated Universal Time),28,Hyundai,hyundai,,,,,,
2026-08-20T17:34:11.155722+00:00,20260820-173411,https://trends24.in/indonesia/,Thu Aug 20 2026 12:28:02 GMT+0000 (Coordinated Universal Time),29,CAT 3,cat 3,,,,,,
2026-08-20T17:34:11.155722+00:00,20260820-173411,https://trends24.in/indonesia/,Thu Aug 20 2026 12:28:02 GMT+0000 (Coordinated Universal Time),30,Kamis,kamis,,,,,,
2026-08-20T17:34:11.155722+00:00,20260820-173411,https://trends24.in/indonesia/,Thu Aug 20 2026 12:28:02 GMT+0000 (Coordinated Universal Time),31,CAT 1,cat 1,,,,,,
2026-08-20T17:34:11.155722+00:00,20260820-173411,https://trends24.in/indonesia/,Thu Aug 20 2026 12:28:02 GMT+0000 (Coordinated Universal Time),32,Red Bull,red bull,,,,,,
2026-08-20T17:34:11.155722+00:00,20260820-173411,https://trends24.in/indonesia/,Thu Aug 20 2026 12:28:02 GMT+0000 (Coordinated Universal Time),33,NEO CITY,neo city,,,,,,
2026-08-20T17:34:11.155722+00:00,20260820-173411,https://trends24.in/indonesia/,Thu Aug 20 2026 12:28:02 GMT+0000 (Coordinated Universal Time),34,JAKARTA - THE REDLINE,jakarta - the redline,,,,,,
2026-08-20T17:34:11.155722+00:00,20260820-173411,https://trends24.in/indonesia/,Thu Aug 20 2026 12:28:02 GMT+0000 (Coordinated Universal Time),35,Madu,madu,,,,,,
2026-08-20T17:34:11.155722+00:00,20260820-173411,https://trends24.in/indonesia/,Thu Aug 20 2026 12:28:02 GMT+0000 (Coordinated Universal Time),36,Axis,axis,,,,,,
2026-08-20T17:34:11.155722+00:00,20260820-173411,https://trends24.in/indonesia/,Thu Aug 20 2026 12:28:02 GMT+0000 (Coordinated Universal Time),37,Physical,physical,,,,,,
2026-08-20T17:34:11.155722+00:00,20260820-173411,https://trends24.in/indonesia/,Thu Aug 20 2026 12:28:02 GMT+0000 (Coordinated Universal Time),38,$BTC,$btc,,,,,,
2026-08-20T17:34:11.155722+00:00,20260820-173411,https://trends24.in/indonesia/,Thu Aug 20 2026 12:28:02 GMT+0000 (Coordinated Universal Time),39,#ããã­ã897,ããã­ã897,,,,,,
2026-08-20T17:34:11.155722+00:00,20260820-173411,https://trends24.in/indonesia/,Thu Aug 20 2026 12:28:02 GMT+0000 (Coordinated Universal Time),40,#ã¸ã§ãã³ã®ãããã¡ããã­ãã¡ããã©ã¸ãª,ã¸ã§ãã³ã®ãããã¡ããã­ãã¡ããã©ã¸ãª,,,,,,
2026-08-20T17:34:11.155722+00:00,20260820-173411,https://trends24.in/indonesia/,Thu Aug 20 2026 12:28:02 GMT+0000 (Coordinated Universal Time),41,#DDDUnlockBetterLivingXLingOrm,dddunlockbetterlivingxlingorm,,,,,,
2026-08-20T17:34:11.155722+00:00,20260820-173411,https://trends24.in/indonesia/,Thu Aug 20 2026 12:28:02 GMT+0000 (Coordinated Universal Time),42,#DigitalAntiKemiskinan,digitalantikemiskinan,,,,,,
2026-08-20T17:34:11.155722+00:00,20260820-173411,https://trends24.in/indonesia/,Thu Aug 20 2026 12:28:02 GMT+0000 (Coordinated Universal Time),43,#HAPPY24thLEODAY,happy24thleoday,,,,,,
2026-08-20T17:34:11.155722+00:00,20260820-173411,https://trends24.in/indonesia/,Thu Aug 20 2026 12:28:02 GMT+0000 (Coordinated Universal Time),44,#FittingMagicLover,fittingmagiclover,,,,,,
2026-08-20T17:34:11.155722+00:00,20260820-173411,https://trends24.in/indonesia/,Thu Aug 20 2026 12:28:02 GMT+0000 (Coordinated Universal Time),45,#TerikatJanjiEp137,terikatjanjiep137,,,,,,
2026-08-20T17:34:11.155722+00:00,20260820-173411,https://trends24.in/indonesia/,Thu Aug 20 2026 12:28:02 GMT+0000 (Coordinated Universal Time),46,#LSA50ICONSxFayeAtom,lsa50iconsxfayeatom,,,,,,
2026-08-20T17:34:11.155722+00:00,20260820-173411,https://trends24.in/indonesia/,Thu Aug 20 2026 12:28:02 GMT+0000 (Coordinated Universal Time),47,#AudemarsPiguet,audemarspiguet,,,,,,
2026-08-20T17:34:11.155722+00:00,20260820-173411,https://trends24.in/indonesia/,Thu Aug 20 2026 12:28:02 GMT+0000 (Coordinated Universal Time),48,#JUMAVVA,jumavva,,,,,,
2026-08-20T17:34:11.155722+00:00,20260820-173411,https://trends24.in/indonesia/,Thu Aug 20 2026 12:28:02 GMT+0000 (Coordinated Universal Time),49,#ìë¥´ë¸ë¹¨ë¦¬ëì,ìë¥´ë ¸ë¹¨ë¦¬ëì,,,,,,
2026-08-20T17:34:11.155722+00:00,20260820-173411,https://trends24.in/indonesia/,Thu Aug 20 2026 12:28:02 GMT+0000 (Coordinated Universal Time),50,#GetWellSoonARNO,getwellsoonarno,,,,,,
2026-08-20T17:34:11.155722+00:00,20260820-173411,https://trends24.in/indonesia/,Thu Aug 20 2026 11:36:11 GMT+0000 (Coordinated Universal Time),1,Gibran Peduli NTT,gibran peduli ntt,,,,,,
2026-08-20T17:34:11.155722+00:00,20260820-173411,https://trends24.in/indonesia/,Thu Aug 20 2026 11:36:11 GMT+0000 (Coordinated Universal Time),2,#ë¦¬ì¤24ë²ì§¸ìì¼ì¶íí´,ë¦¬ì¤24ë²ì§¸ìì¼ì¶íí´,,,,,,
2026-08-20T17:34:11.155722+00:00,20260820-173411,https://trends24.in/indonesia/,Thu Aug 20 2026 11:36:11 GMT+0000 (Coordinated Universal Time),3,#HerinFramePremiereNight,herinframepremierenight,,,,,,
2026-08-20T17:34:11.155722+00:00,20260820-173411,https://trends24.in/indonesia/,Thu Aug 20 2026 11:36:11 GMT+0000 (Coordinated Universal Time),4,LENA AT FIRST FRAME PREMIERE,lena at first frame premiere,,,,,,
2026-08-20T17:34:11.155722+00:00,20260820-173411,https://trends24.in/indonesia/,Thu Aug 20 2026 11:36:11 GMT+0000 (Coordinated Universal Time),5,#IDNMOVIE,idnmovie,,,,,,
2026-08-20T17:34:11.155722+00:00,20260820-173411,https://trends24.in/indonesia/,Thu Aug 20 2026 11:36:11 GMT+0000 (Coordinated Universal Time),6,#DigitalAntiKemiskinan,digitalantikemiskinan,,,,,,
2026-08-20T17:34:11.155722+00:00,20260820-173411,https://trends24.in/indonesia/,Thu Aug 20 2026 11:36:11 GMT+0000 (Coordinated Universal Time),7,#FittingMagicLover,fittingmagiclover,,,,,,
2026-08-20T17:34:11.155722+00:00,20260820-173411,https://trends24.in/indonesia/,Thu Aug 20 2026 11:36:11 GMT+0000 (Coordinated Universal Time),8,kemampuan mro mandiri,kemampuan mro mandiri,,,,,,
2026-08-20T17:34:11.155722+00:00,20260820-173411,https://trends24.in/indonesia/,Thu Aug 20 2026 11:36:11 GMT+0000 (Coordinated Universal Time),9,Bantul,bantul,,,,,,
2026-08-20T17:34:11.155722+00:00,20260820-173411,https://trends24.in/indonesia/,Thu Aug 20 2026 11:36:11 GMT+0000 (Coordinated Universal Time),10,Kalimantan,kalimantan,,,,,,
2026-08-20T17:34:11.155722+00:00,20260820-173411,https://trends24.in/indonesia/,Thu Aug 20 2026 11:36:11 GMT+0000 (Coordinated Universal Time),11,Wapres Gibran,wapres gibran,,,,,,
2026-08-20T17:34:11.155722+00:00,20260820-173411,https://trends24.in/indonesia/,Thu Aug 20 2026 11:36:11 GMT+0000 (Coordinated Universal Time),12,WIN AP CENTRAL EMBASSY,win ap central embassy,,,,,,
2026-08-20T17:34:11.155722+00:00,20260820-173411,https://trends24.in/indonesia/,Thu Aug 20 2026 11:36:11 GMT+0000 (Coordinated Universal Time),13,FAST RECOVERY FOR ARNO,fast recovery for arno,,,,,,
2026-08-20T17:34:11.155722+00:00,20260820-173411,https://trends24.in/indonesia/,Thu Aug 20 2026 11:36:11 GMT+0000 (Coordinated Universal Time),14,HAPPY LEO DAY,happy leo day,,,,,,
2026-08-20T17:34:11.155722+00:00,20260820-173411,https://trends24.in/indonesia/,Thu Aug 20 2026 11:36:11 GMT+0000 (Coordinated Universal Time),15,Who in TXT,who in txt,,,,,,
2026-08-20T17:34:11.155722+00:00,20260820-173411,https://trends24.in/indonesia/,Thu Aug 20 2026 11:36:11 GMT+0000 (Coordinated Universal Time),16,VERNON ILL BE BACK,vernon ill be back,,,,,,
2026-08-20T17:34:11.155722+00:00,20260820-173411,https://trends24.in/indonesia/,Thu Aug 20 2026 11:36:11 GMT+0000 (Coordinated Universal Time),17,Service Point KALOG Express,service point kalog express,,,,,,
2026-08-20T17:34:11.155722+00:00,20260820-173411,https://trends24.in/indonesia/,Thu Aug 20 2026 11:36:11 GMT+0000 (Coordinated Universal Time),18,3CE EST LIVE,3ce est live,,,,,,
2026-08-20T17:34:11.155722+00:00,20260820-173411,https://trends24.in/indonesia/,Thu Aug 20 2026 11:36:11 GMT+0000 (Coordinated Universal Time),19,Magic Lover Worship,magic lover worship,,,,,,
2026-08-20T17:34:11.155722+00:00,20260820-173411,https://trends24.in/indonesia/,Thu Aug 20 2026 11:36:11 GMT+0000 (Coordinated Universal Time),20,TFO INFINITY PRESENTER,tfo infinity presenter,,,,,,
2026-08-20T17:34:11.155722+00:00,20260820-173411,https://trends24.in/indonesia/,Thu Aug 20 2026 11:36:11 GMT+0000 (Coordinated Universal Time),21,PONDPHUWIN SET TO LAUNCH,pondphuwin set to launch,,,,,,
2026-08-20T17:34:11.155722+00:00,20260820-173411,https://trends24.in/indonesia/,Thu Aug 20 2026 11:36:11 GMT+0000 (Coordinated Universal Time),22,Teknologi,teknologi,,,,,,
2026-08-20T17:34:11.155722+00:00,20260820-173411,https://trends24.in/indonesia/,Thu Aug 20 2026 11:36:11 GMT+0000 (Coordinated Universal Time),23,CAT 3,cat 3,,,,,,
2026-08-20T17:34:11.155722+00:00,20260820-173411,https://trends24.in/indonesia/,Thu Aug 20 2026 11:36:11 GMT+0000 (Coordinated Universal Time),24,Hyundai,hyundai,,,,,,
2026-08-20T17:34:11.155722+00:00,20260820-173411,https://trends24.in/indonesia/,Thu Aug 20 2026 11:36:11 GMT+0000 (Coordinated Universal Time),25,Kamis,kamis,,,,,,
2026-08-20T17:34:11.155722+00:00,20260820-173411,https://trends24.in/indonesia/,Thu Aug 20 2026 11:36:11 GMT+0000 (Coordinated Universal Time),26,DANA CICIL,dana cicil,,,,,,
2026-08-20T17:34:11.155722+00:00,20260820-173411,https://trends24.in/indonesia/,Thu Aug 20 2026 11:36:11 GMT+0000 (Coordinated Universal Time),27,CAT 1,cat 1,,,,,,
2026-08-20T17:34:11.155722+00:00,20260820-173411,https://trends24.in/indonesia/,Thu Aug 20 2026 11:36:11 GMT+0000 (Coordinated Universal Time),28,Red Bull,red bull,,,,,,
2026-08-20T17:34:11.155722+00:00,20260820-173411,https://trends24.in/indonesia/,Thu Aug 20 2026 11:36:11 GMT+0000 (Coordinated Universal Time),29,NEO CITY,neo city,,,,,,
2026-08-20T17:34:11.155722+00:00,20260820-173411,https://trends24.in/indonesia/,Thu Aug 20 2026 11:36:11 GMT+0000 (Coordinated Universal Time),30,Jarum,jarum,,,,,,
2026-08-20T17:34:11.155722+00:00,20260820-173411,https://trends24.in/indonesia/,Thu Aug 20 2026 11:36:11 GMT+0000 (Coordinated Universal Time),31,JAKARTA - THE REDLINE,jakarta - the redline,,,,,,
2026-08-20T17:34:11.155722+00:00,20260820-173411,https://trends24.in/indonesia/,Thu Aug 20 2026 11:36:11 GMT+0000 (Coordinated Universal Time),32,Madu,madu,,,,,,
2026-08-20T17:34:11.155722+00:00,20260820-173411,https://trends24.in/indonesia/,Thu Aug 20 2026 11:36:11 GMT+0000 (Coordinated Universal Time),33,Physical,physical,,,,,,
2026-08-20T17:34:11.155722+00:00,20260820-173411,https://trends24.in/indonesia/,Thu Aug 20 2026 11:36:11 GMT+0000 (Coordinated Universal Time),34,Axis,axis,,,,,,
2026-08-20T17:34:11.155722+00:00,20260820-173411,https://trends24.in/indonesia/,Thu Aug 20 2026 11:36:11 GMT+0000 (Coordinated Universal Time),35,Trade $PIPEDOG,trade $pipedog,,,,,,
2026-08-20T17:34:11.155722+00:00,20260820-173411,https://trends24.in/indonesia/,Thu Aug 20 2026 11:36:11 GMT+0000 (Coordinated Universal Time),36,$BTC,$btc,,,,,,
2026-08-20T17:34:11.155722+00:00,20260820-173411,https://trends24.in/indonesia/,Thu Aug 20 2026 11:36:11 GMT+0000 (Coordinated Universal Time),37,#LSA50ICONS2026,lsa50icons2026,,,,,,
2026-08-20T17:34:11.155722+00:00,20260820-173411,https://trends24.in/indonesia/,Thu Aug 20 2026 11:36:11 GMT+0000 (Coordinated Universal Time),38,#JUMAVVA,jumavva,,,,,,
2026-08-20T17:34:11.155722+00:00,20260820-173411,https://trends24.in/indonesia/,Thu Aug 20 2026 11:36:11 GMT+0000 (Coordinated Universal Time),39,#AudemarsPiguet,audemarspiguet,,,,,,
2026-08-20T17:34:11.155722+00:00,20260820-173411,https://trends24.in/indonesia/,Thu Aug 20 2026 11:36:11 GMT+0000 (Coordinated Universal Time),40,#ìë¥´ë¸ë¹¨ë¦¬ëì,ìë¥´ë ¸ë¹¨ë¦¬ëì,,,,,,
2026-08-20T17:34:11.155722+00:00,20260820-173411,https://trends24.in/indonesia/,Thu Aug 20 2026 11:36:11 GMT+0000 (Coordinated Universal Time),41,#GetWellSoonARNO,getwellsoonarno,,,,,,
2026-08-20T17:34:11.155722+00:00,20260820-173411,https://trends24.in/indonesia/,Thu Aug 20 2026 11:36:11 GMT+0000 (Coordinated Universal Time),42,#HAPPY24thLEODAY,happy24thleoday,,,,,,
2026-08-20T17:34:11.155722+00:00,20260820-173411,https://trends24.in/indonesia/,Thu Aug 20 2026 11:36:11 GMT+0000 (Coordinated Universal Time),43,#PondPhuwinConcertLIVE,pondphuwinconcertlive,,,,,,
2026-08-20T17:34:11.155722+00:00,20260820-173411,https://trends24.in/indonesia/,Thu Aug 20 2026 11:36:11 GMT+0000 (Coordinated Universal Time),44,#à¸à¸§à¸à¸ªà¸£à¸§à¸MagicLover,à¸à¸§à¸à¸ªà¸£à¸§à¸magiclover,,,,,,
2026-08-20T17:34:11.155722+00:00,20260820-173411,https://trends24.in/indonesia/,Thu Aug 20 2026 11:36:11 GMT+0000 (Coordinated Universal Time),45,#IllBeBack_OutNow,illbeback_outnow,,,,,,
2026-08-20T17:34:11.155722+00:00,20260820-173411,https://trends24.in/indonesia/,Thu Aug 20 2026 11:36:11 GMT+0000 (Coordinated Universal Time),46,#Estx3CEmaisonKEEPS,estx3cemaisonkeeps,,,,,,
2026-08-20T17:34:11.155722+00:00,20260820-173411,https://trends24.in/indonesia/,Thu Aug 20 2026 11:36:11 GMT+0000 (Coordinated Universal Time),47,#JTOhm,jtohm,,,,,,
2026-08-20T17:34:11.155722+00:00,20260820-173411,https://trends24.in/indonesia/,Thu Aug 20 2026 11:36:11 GMT+0000 (Coordinated Universal Time),48,#à¸¥à¸µà¸à¹à¸²à¸¥à¸¥à¸´à¸à¸²,à¸¥à¸µà¸à¹à¸²à¸¥à¸¥à¸´à¸à¸²,,,,,,
2026-08-20T17:34:11.155722+00:00,20260820-173411,https://trends24.in/indonesia/,Thu Aug 20 2026 11:36:11 GMT+0000 (Coordinated Universal Time),49,#demotakmasukakal,demotakmasukakal,,,,,,
2026-08-20T17:34:11.155722+00:00,20260820-173411,https://trends24.in/indonesia/,Thu Aug 20 2026 11:36:11 GMT+0000 (Coordinated Universal Time),50,#ELLEMENRunway,ellemenrunway,,,,,,
2026-08-20T17:34:11.155722+00:00,20260820-173411,https://trends24.in/indonesia/,Thu Aug 20 2026 10:44:09 GMT+0000 (Coordinated Universal Time),1,Gibran Peduli NTT,gibran peduli ntt,,,,,,
2026-08-20T17:34:11.155722+00:00,20260820-173411,https://trends24.in/indonesia/,Thu Aug 20 2026 10:44:09 GMT+0000 (Coordinated Universal Time),2,#IDNMOVIE,idnmovie,,,,,,
2026-08-20T17:34:11.155722+00:00,20260820-173411,https://trends24.in/indonesia/,Thu Aug 20 2026 10:44:09 GMT+0000 (Coordinated Universal Time),3,#DigitalAntiKemiskinan,digitalantikemiskinan,,,,,,
2026-08-20T17:34:11.155722+00:00,20260820-173411,https://trends24.in/indonesia/,Thu Aug 20 2026 10:44:09 GMT+0000 (Coordinated Universal Time),4,#HerinFramePremiereNight,herinframepremierenight,,,,,,
2026-08-20T17:34:11.155722+00:00,20260820-173411,https://trends24.in/indonesia/,Thu Aug 20 2026 10:44:09 GMT+0000 (Coordinated Universal Time),5,#JUMAVVA,jumavva,,,,,,
2026-08-20T17:34:11.155722+00:00,20260820-173411,https://trends24.in/indonesia/,Thu Aug 20 2026 10:44:09 GMT+0000 (Coordinated Universal Time),6,LENA AT FIRST FRAME PREMIERE,lena at first frame premiere,,,,,,
2026-08-20T17:34:11.155722+00:00,20260820-173411,https://trends24.in/indonesia/,Thu Aug 20 2026 10:44:09 GMT+0000 (Coordinated Universal Time),7,Kemampuan MRO Mandiri,kemampuan mro mandiri,,,,,,
2026-08-20T17:34:11.155722+00:00,20260820-173411,https://trends24.in/indonesia/,Thu Aug 20 2026 10:44:09 GMT+0000 (Coordinated Universal Time),8,Wapres Gibran,wapres gibran,,,,,,
2026-08-20T17:34:11.155722+00:00,20260820-173411,https://trends24.in/indonesia/,Thu Aug 20 2026 10:44:09 GMT+0000 (Coordinated Universal Time),9,#ë¦¬ì¤24ë²ì§¸ìì¼ì¶íí´,ë¦¬ì¤24ë²ì§¸ìì¼ì¶íí´,,,,,,
2026-08-20T17:34:11.155722+00:00,20260820-173411,https://trends24.in/indonesia/,Thu Aug 20 2026 10:44:09 GMT+0000 (Coordinated Universal Time),10,Kalimantan,kalimantan,,,,,,
2026-08-20T17:34:11.155722+00:00,20260820-173411,https://trends24.in/indonesia/,Thu Aug 20 2026 10:44:09 GMT+0000 (Coordinated Universal Time),11,FAST RECOVERY FOR ARNO,fast recovery for arno,,,,,,
2026-08-20T17:34:11.155722+00:00,20260820-173411,https://trends24.in/indonesia/,Thu Aug 20 2026 10:44:09 GMT+0000 (Coordinated Universal Time),12,Bantul,bantul,,,,,,
2026-08-20T17:34:11.155722+00:00,20260820-173411,https://trends24.in/indonesia/,Thu Aug 20 2026 10:44:09 GMT+0000 (Coordinated Universal Time),13,Magic Lover Worship,magic lover worship,,,,,,
2026-08-20T17:34:11.155722+00:00,20260820-173411,https://trends24.in/indonesia/,Thu Aug 20 2026 10:44:09 GMT+0000 (Coordinated Universal Time),14,VERNON ILL BE BACK,vernon ill be back,,,,,,
2026-08-20T17:34:11.155722+00:00,20260820-173411,https://trends24.in/indonesia/,Thu Aug 20 2026 10:44:09 GMT+0000 (Coordinated Universal Time),15,PONDPHUWIN SET TO LAUNCH,pondphuwin set to launch,,,,,,
2026-08-20T17:34:11.155722+00:00,20260820-173411,https://trends24.in/indonesia/,Thu Aug 20 2026 10:44:09 GMT+0000 (Coordinated Universal Time),16,3CE EST LIVE,3ce est live,,,,,,
2026-08-20T17:34:11.155722+00:00,20260820-173411,https://trends24.in/indonesia/,Thu Aug 20 2026 10:44:09 GMT+0000 (Coordinated Universal Time),17,Who in TXT,who in txt,,,,,,
2026-08-20T17:34:11.155722+00:00,20260820-173411,https://trends24.in/indonesia/,Thu Aug 20 2026 10:44:09 GMT+0000 (Coordinated Universal Time),18,TFO INFINITY PRESENTER,tfo infinity presenter,,,,,,
2026-08-20T17:34:11.155722+00:00,20260820-173411,https://trends24.in/indonesia/,Thu Aug 20 2026 10:44:09 GMT+0000 (Coordinated Universal Time),19,Service Point KALOG Express,service point kalog express,,,,,,
2026-08-20T17:34:11.155722+00:00,20260820-173411,https://trends24.in/indonesia/,Thu Aug 20 2026 10:44:09 GMT+0000 (Coordinated Universal Time),20,Kamis,kamis,,,,,,
2026-08-20T17:34:11.155722+00:00,20260820-173411,https://trends24.in/indonesia/,Thu Aug 20 2026 10:44:09 GMT+0000 (Coordinated Universal Time),21,Teknologi,teknologi,,,,,,
2026-08-20T17:34:11.155722+00:00,20260820-173411,https://trends24.in/indonesia/,Thu Aug 20 2026 10:44:09 GMT+0000 (Coordinated Universal Time),22,NEO CITY,neo city,,,,,,
2026-08-20T17:34:11.155722+00:00,20260820-173411,https://trends24.in/indonesia/,Thu Aug 20 2026 10:44:09 GMT+0000 (Coordinated Universal Time),23,CAT 3,cat 3,,,,,,
2026-08-20T17:34:11.155722+00:00,20260820-173411,https://trends24.in/indonesia/,Thu Aug 20 2026 10:44:09 GMT+0000 (Coordinated Universal Time),24,DANA CICIL,dana cicil,,,,,,
2026-08-20T17:34:11.155722+00:00,20260820-173411,https://trends24.in/indonesia/,Thu Aug 20 2026 10:44:09 GMT+0000 (Coordinated Universal Time),25,Red Bull,red bull,,,,,,
2026-08-20T17:34:11.155722+00:00,20260820-173411,https://trends24.in/indonesia/,Thu Aug 20 2026 10:44:09 GMT+0000 (Coordinated Universal Time),26,CAT 1,cat 1,,,,,,
2026-08-20T17:34:11.155722+00:00,20260820-173411,https://trends24.in/indonesia/,Thu Aug 20 2026 10:44:09 GMT+0000 (Coordinated Universal Time),27,JAKARTA - THE REDLINE,jakarta - the redline,,,,,,
2026-08-20T17:34:11.155722+00:00,20260820-173411,https://trends24.in/indonesia/,Thu Aug 20 2026 10:44:09 GMT+0000 (Coordinated Universal Time),28,Hyundai,hyundai,,,,,,
2026-08-20T17:34:11.155722+00:00,20260820-173411,https://trends24.in/indonesia/,Thu Aug 20 2026 10:44:09 GMT+0000 (Coordinated Universal Time),29,Jarum,jarum,,,,,,
2026-08-20T17:34:11.155722+00:00,20260820-173411,https://trends24.in/indonesia/,Thu Aug 20 2026 10:44:09 GMT+0000 (Coordinated Universal Time),30,21 Agustus,21 agustus,,,,,,
2026-08-20T17:34:11.155722+00:00,20260820-173411,https://trends24.in/indonesia/,Thu Aug 20 2026 10:44:09 GMT+0000 (Coordinated Universal Time),31,Axis,axis,,,,,,
2026-08-20T17:34:11.155722+00:00,20260820-173411,https://trends24.in/indonesia/,Thu Aug 20 2026 10:44:09 GMT+0000 (Coordinated Universal Time),32,Madu,madu,,,,,,
2026-08-20T17:34:11.155722+00:00,20260820-173411,https://trends24.in/indonesia/,Thu Aug 20 2026 10:44:09 GMT+0000 (Coordinated Universal Time),33,Trade $PIPEDOG,trade $pipedog,,,,,,
2026-08-20T17:34:11.155722+00:00,20260820-173411,https://trends24.in/indonesia/,Thu Aug 20 2026 10:44:09 GMT+0000 (Coordinated Universal Time),34,$BTC,$btc,,,,,,
2026-08-20T17:34:11.155722+00:00,20260820-173411,https://trends24.in/indonesia/,Thu Aug 20 2026 10:44:09 GMT+0000 (Coordinated Universal Time),35,#à¸à¸§à¸à¸ªà¸£à¸§à¸MagicLover,à¸à¸§à¸à¸ªà¸£à¸§à¸magiclover,,,,,,
2026-08-20T17:34:11.155722+00:00,20260820-173411,https://trends24.in/indonesia/,Thu Aug 20 2026 10:44:09 GMT+0000 (Coordinated Universal Time),36,#ìë¥´ë¸ë¹¨ë¦¬ëì,ìë¥´ë ¸ë¹¨ë¦¬ëì,,,,,,
2026-08-20T17:34:11.155722+00:00,20260820-173411,https://trends24.in/indonesia/,Thu Aug 20 2026 10:44:09 GMT+0000 (Coordinated Universal Time),37,#PondPhuwinConcertLIVE,pondphuwinconcertlive,,,,,,
2026-08-20T17:34:11.155722+00:00,20260820-173411,https://trends24.in/indonesia/,Thu Aug 20 2026 10:44:09 GMT+0000 (Coordinated Universal Time),38,#GetWellSoonARNO,getwellsoonarno,,,,,,
2026-08-20T17:34:11.155722+00:00,20260820-173411,https://trends24.in/indonesia/,Thu Aug 20 2026 10:44:09 GMT+0000 (Coordinated Universal Time),39,#IllBeBack_OutNow,illbeback_outnow,,,,,,
2026-08-20T17:34:11.155722+00:00,20260820-173411,https://trends24.in/indonesia/,Thu Aug 20 2026 10:44:09 GMT+0000 (Coordinated Universal Time),40,#Estx3CEmaisonKEEPS,estx3cemaisonkeeps,,,,,,
2026-08-20T17:34:11.155722+00:00,20260820-173411,https://trends24.in/indonesia/,Thu Aug 20 2026 10:44:09 GMT+0000 (Coordinated Universal Time),41,#JTOhm,jtohm,,,,,,
2026-08-20T17:34:11.155722+00:00,20260820-173411,https://trends24.in/indonesia/,Thu Aug 20 2026 10:44:09 GMT+0000 (Coordinated Universal Time),42,#DemoTakMasukAkal,demotakmasukakal,,,,,,
2026-08-20T17:34:11.155722+00:00,20260820-173411,https://trends24.in/indonesia/,Thu Aug 20 2026 10:44:09 GMT+0000 (Coordinated Universal Time),43,#ELLEMENRunway,ellemenrunway,,,,,,
2026-08-20T17:34:11.155722+00:00,20260820-173411,https://trends24.in/indonesia/,Thu Aug 20 2026 10:44:09 GMT+0000 (Coordinated Universal Time),44,#ELLERunway,ellerunway,,,,,,
2026-08-20T17:34:11.155722+00:00,20260820-173411,https://trends24.in/indonesia/,Thu Aug 20 2026 10:44:09 GMT+0000 (Coordinated Universal Time),45,#ModelSearch,modelsearch,,,,,,
2026-08-20T17:34:11.155722+00:00,20260820-173411,https://trends24.in/indonesia/,Thu Aug 20 2026 10:44:09 GMT+0000 (Coordinated Universal Time),46,#ZeePruk,zeepruk,,,,,,
2026-08-20T17:34:11.155722+00:00,20260820-173411,https://trends24.in/indonesia/,Thu Aug 20 2026 10:44:09 GMT+0000 (Coordinated Universal Time),47,#est_rvp,est_rvp,,,,,,
2026-08-20T17:34:11.155722+00:00,20260820-173411,https://trends24.in/indonesia/,Thu Aug 20 2026 10:44:09 GMT+0000 (Coordinated Universal Time),48,#DemoAgustus,demoagustus,,,,,,
2026-08-20T17:34:11.155722+00:00,20260820-173411,https://trends24.in/indonesia/,Thu Aug 20 2026 10:44:09 GMT+0000 (Coordinated Universal Time),49,#KengNamping,kengnamping,,,,,,
2026-08-20T17:34:11.155722+00:00,20260820-173411,https://trends24.in/indonesia/,Thu Aug 20 2026 10:44:09 GMT+0000 (Coordinated Universal Time),50,#thomaskong,thomaskong,,,,,,
2026-08-20T17:34:11.155722+00:00,20260820-173411,https://trends24.in/indonesia/,Thu Aug 20 2026 09:52:10 GMT+0000 (Coordinated Universal Time),1,#IDNMOVIE,idnmovie,,,,,,
2026-08-20T17:34:11.155722+00:00,20260820-173411,https://trends24.in/indonesia/,Thu Aug 20 2026 09:52:10 GMT+0000 (Coordinated Universal Time),2,#DigitalAntiKemiskinan,digitalantikemiskinan,,,,,,
2026-08-20T17:34:11.155722+00:00,20260820-173411,https://trends24.in/indonesia/,Thu Aug 20 2026 09:52:10 GMT+0000 (Coordinated Universal Time),3,#JUMAVVA,jumavva,,,,,,
2026-08-20T17:34:11.155722+00:00,20260820-173411,https://trends24.in/indonesia/,Thu Aug 20 2026 09:52:10 GMT+0000 (Coordinated Universal Time),4,Desa Duda Timur,desa duda timur,,,,,,
2026-08-20T17:34:11.155722+00:00,20260820-173411,https://trends24.in/indonesia/,Thu Aug 20 2026 09:52:10 GMT+0000 (Coordinated Universal Time),5,Kemampuan MRO Mandiri,kemampuan mro mandiri,,,,,,
2026-08-20T17:34:11.155722+00:00,20260820-173411,https://trends24.in/indonesia/,Thu Aug 20 2026 09:52:10 GMT+0000 (Coordinated Universal Time),6,Gibran Peduli NTT,gibran peduli ntt,,,,,,
2026-08-20T17:34:11.155722+00:00,20260820-173411,https://trends24.in/indonesia/,Thu Aug 20 2026 09:52:10 GMT+0000 (Coordinated Universal Time),7,#PondPhuwinConcertLIVE,pondphuwinconcertlive,,,,,,
2026-08-20T17:34:11.155722+00:00,20260820-173411,https://trends24.in/indonesia/,Thu Aug 20 2026 09:52:10 GMT+0000 (Coordinated Universal Time),8,#à¸à¸§à¸à¸ªà¸£à¸§à¸MagicLover,à¸à¸§à¸à¸ªà¸£à¸§à¸magiclover,,,,,,
2026-08-20T17:34:11.155722+00:00,20260820-173411,https://trends24.in/indonesia/,Thu Aug 20 2026 09:52:10 GMT+0000 (Coordinated Universal Time),9,PONDPHUWIN SET TO LAUNCH,pondphuwin set to launch,,,,,,
2026-08-20T17:34:11.155722+00:00,20260820-173411,https://trends24.in/indonesia/,Thu Aug 20 2026 09:52:10 GMT+0000 (Coordinated Universal Time),10,FAST RECOVERY FOR ARNO,fast recovery for arno,,,,,,
2026-08-20T17:34:11.155722+00:00,20260820-173411,https://trends24.in/indonesia/,Thu Aug 20 2026 09:52:10 GMT+0000 (Coordinated Universal Time),11,Magic Lover Worship,magic lover worship,,,,,,
2026-08-20T17:34:11.155722+00:00,20260820-173411,https://trends24.in/indonesia/,Thu Aug 20 2026 09:52:10 GMT+0000 (Coordinated Universal Time),12,LENA AT FIRST FRAME PREMIERE,lena at first frame premiere,,,,,,
2026-08-20T17:34:11.155722+00:00,20260820-173411,https://trends24.in/indonesia/,Thu Aug 20 2026 09:52:10 GMT+0000 (Coordinated Universal Time),13,VERNON ILL BE BACK,vernon ill be back,,,,,,
2026-08-20T17:34:11.155722+00:00,20260820-173411,https://trends24.in/indonesia/,Thu Aug 20 2026 09:52:10 GMT+0000 (Coordinated Universal Time),14,3CE EST LIVE,3ce est live,,,,,,
2026-08-20T17:34:11.155722+00:00,20260820-173411,https://trends24.in/indonesia/,Thu Aug 20 2026 09:52:10 GMT+0000 (Coordinated Universal Time),15,Service Point KALOG Express,service point kalog express,,,,,,
2026-08-20T17:34:11.155722+00:00,20260820-173411,https://trends24.in/indonesia/,Thu Aug 20 2026 09:52:10 GMT+0000 (Coordinated Universal Time),16,Kalimantan,kalimantan,,,,,,
2026-08-20T17:34:11.155722+00:00,20260820-173411,https://trends24.in/indonesia/,Thu Aug 20 2026 09:52:10 GMT+0000 (Coordinated Universal Time),17,Who in TXT,who in txt,,,,,,
2026-08-20T17:34:11.155722+00:00,20260820-173411,https://trends24.in/indonesia/,Thu Aug 20 2026 09:52:10 GMT+0000 (Coordinated Universal Time),18,Digitalisasi,digitalisasi,,,,,,
2026-08-20T17:34:11.155722+00:00,20260820-173411,https://trends24.in/indonesia/,Thu Aug 20 2026 09:52:10 GMT+0000 (Coordinated Universal Time),19,Teknologi,teknologi,,,,,,
2026-08-20T17:34:11.155722+00:00,20260820-173411,https://trends24.in/indonesia/,Thu Aug 20 2026 09:52:10 GMT+0000 (Coordinated Universal Time),20,TFO INFINITY PRESENTER,tfo infinity presenter,,,,,,
2026-08-20T17:34:11.155722+00:00,20260820-173411,https://trends24.in/indonesia/,Thu Aug 20 2026 09:52:10 GMT+0000 (Coordinated Universal Time),21,Kamis,kamis,,,,,,
2026-08-20T17:34:11.155722+00:00,20260820-173411,https://trends24.in/indonesia/,Thu Aug 20 2026 09:52:10 GMT+0000 (Coordinated Universal Time),22,NEO CITY,neo city,,,,,,
2026-08-20T17:34:11.155722+00:00,20260820-173411,https://trends24.in/indonesia/,Thu Aug 20 2026 09:52:10 GMT+0000 (Coordinated Universal Time),23,Red Bull,red bull,,,,,,
2026-08-20T17:34:11.155722+00:00,20260820-173411,https://trends24.in/indonesia/,Thu Aug 20 2026 09:52:10 GMT+0000 (Coordinated Universal Time),24,JAKARTA - THE REDLINE,jakarta - the redline,,,,,,
2026-08-20T17:34:11.155722+00:00,20260820-173411,https://trends24.in/indonesia/,Thu Aug 20 2026 09:52:10 GMT+0000 (Coordinated Universal Time),25,DANA CICIL,dana cicil,,,,,,
2026-08-20T17:34:11.155722+00:00,20260820-173411,https://trends24.in/indonesia/,Thu Aug 20 2026 09:52:10 GMT+0000 (Coordinated Universal Time),26,Jarum,jarum,,,,,,
2026-08-20T17:34:11.155722+00:00,20260820-173411,https://trends24.in/indonesia/,Thu Aug 20 2026 09:52:10 GMT+0000 (Coordinated Universal Time),27,NMAX,nmax,,,,,,
2026-08-20T17:34:11.155722+00:00,20260820-173411,https://trends24.in/indonesia/,Thu Aug 20 2026 09:52:10 GMT+0000 (Coordinated Universal Time),28,CAT 1,cat 1,,,,,,
2026-08-20T17:34:11.155722+00:00,20260820-173411,https://trends24.in/indonesia/,Thu Aug 20 2026 09:52:10 GMT+0000 (Coordinated Universal Time),29,CAT 3,cat 3,,,,,,
2026-08-20T17:34:11.155722+00:00,20260820-173411,https://trends24.in/indonesia/,Thu Aug 20 2026 09:52:10 GMT+0000 (Coordinated Universal Time),30,Hyundai,hyundai,,,,,,
2026-08-20T17:34:11.155722+00:00,20260820-173411,https://trends24.in/indonesia/,Thu Aug 20 2026 09:52:10 GMT+0000 (Coordinated Universal Time),31,21 Agustus,21 agustus,,,,,,
2026-08-20T17:34:11.155722+00:00,20260820-173411,https://trends24.in/indonesia/,Thu Aug 20 2026 09:52:10 GMT+0000 (Coordinated Universal Time),32,renjun,renjun,,,,,,
2026-08-20T17:34:11.155722+00:00,20260820-173411,https://trends24.in/indonesia/,Thu Aug 20 2026 09:52:10 GMT+0000 (Coordinated Universal Time),33,Namjoon,namjoon,,,,,,
2026-08-20T17:34:11.155722+00:00,20260820-173411,https://trends24.in/indonesia/,Thu Aug 20 2026 09:52:10 GMT+0000 (Coordinated Universal Time),34,#HerinFramePremiereNight,herinframepremierenight,,,,,,
2026-08-20T17:34:11.155722+00:00,20260820-173411,https://trends24.in/indonesia/,Thu Aug 20 2026 09:52:10 GMT+0000 (Coordinated Universal Time),35,#ìë¥´ë¸ë¹¨ë¦¬ëì,ìë¥´ë ¸ë¹¨ë¦¬ëì,,,,,,
2026-08-20T17:34:11.155722+00:00,20260820-173411,https://trends24.in/indonesia/,Thu Aug 20 2026 09:52:10 GMT+0000 (Coordinated Universal Time),36,#GetWellSoonARNO,getwellsoonarno,,,,,,
2026-08-20T17:34:11.155722+00:00,20260820-173411,https://trends24.in/indonesia/,Thu Aug 20 2026 09:52:10 GMT+0000 (Coordinated Universal Time),37,#Estx3CEmaisonKEEPS,estx3cemaisonkeeps,,,,,,
2026-08-20T17:34:11.155722+00:00,20260820-173411,https://trends24.in/indonesia/,Thu Aug 20 2026 09:52:10 GMT+0000 (Coordinated Universal Time),38,#IllBeBack_OutNow,illbeback_outnow,,,,,,
2026-08-20T17:34:11.155722+00:00,20260820-173411,https://trends24.in/indonesia/,Thu Aug 20 2026 09:52:10 GMT+0000 (Coordinated Universal Time),39,#JTOhm,jtohm,,,,,,
2026-08-20T17:34:11.155722+00:00,20260820-173411,https://trends24.in/indonesia/,Thu Aug 20 2026 09:52:10 GMT+0000 (Coordinated Universal Time),40,#DemoTakMasukAkal,demotakmasukakal,,,,,,
2026-08-20T17:34:11.155722+00:00,20260820-173411,https://trends24.in/indonesia/,Thu Aug 20 2026 09:52:10 GMT+0000 (Coordinated Universal Time),41,#ELLEMENRunway,ellemenrunway,,,,,,
2026-08-20T17:34:11.155722+00:00,20260820-173411,https://trends24.in/indonesia/,Thu Aug 20 2026 09:52:10 GMT+0000 (Coordinated Universal Time),42,#ELLERunway,ellerunway,,,,,,
2026-08-20T17:34:11.155722+00:00,20260820-173411,https://trends24.in/indonesia/,Thu Aug 20 2026 09:52:10 GMT+0000 (Coordinated Universal Time),43,#ModelSearch,modelsearch,,,,,,
2026-08-20T17:34:11.155722+00:00,20260820-173411,https://trends24.in/indonesia/,Thu Aug 20 2026 09:52:10 GMT+0000 (Coordinated Universal Time),44,#est_rvp,est_rvp,,,,,,
2026-08-20T17:34:11.155722+00:00,20260820-173411,https://trends24.in/indonesia/,Thu Aug 20 2026 09:52:10 GMT+0000 (Coordinated Universal Time),45,#DemoAgustus,demoagustus,,,,,,
2026-08-20T17:34:11.155722+00:00,20260820-173411,https://trends24.in/indonesia/,Thu Aug 20 2026 09:52:10 GMT+0000 (Coordinated Universal Time),46,#ZeePruk,zeepruk,,,,,,
2026-08-20T17:34:11.155722+00:00,20260820-173411,https://trends24.in/indonesia/,Thu Aug 20 2026 09:52:10 GMT+0000 (Coordinated Universal Time),47,#KengNamping,kengnamping,,,,,,
2026-08-20T17:34:11.155722+00:00,20260820-173411,https://trends24.in/indonesia/,Thu Aug 20 2026 09:52:10 GMT+0000 (Coordinated Universal Time),48,#à¹à¸à¹à¸à¸à¹à¹à¸²à¸à¸´à¸,à¹à¸à¹à¸à¸à¹à¹à¸²à¸à¸´à¸,,,,,,
2026-08-20T17:34:11.155722+00:00,20260820-173411,https://trends24.in/indonesia/,Thu Aug 20 2026 09:52:10 GMT+0000 (Coordinated Universal Time),49,#NCT127,nct127,,,,,,
2026-08-20T17:34:11.155722+00:00,20260820-173411,https://trends24.in/indonesia/,Thu Aug 20 2026 09:52:10 GMT+0000 (Coordinated Universal Time),50,#ë¦¬ì¤24ë²ì§¸ìì¼ì¶íí´,ë¦¬ì¤24ë²ì§¸ìì¼ì¶íí´,,,,,,
2026-08-20T17:34:11.155722+00:00,20260820-173411,https://trends24.in/indonesia/,Thu Aug 20 2026 09:00:54 GMT+0000 (Coordinated Universal Time),1,#IDNMOVIE,idnmovie,,,,,,
2026-08-20T17:34:11.155722+00:00,20260820-173411,https://trends24.in/indonesia/,Thu Aug 20 2026 09:00:54 GMT+0000 (Coordinated Universal Time),2,#DigitalAntiKemiskinan,digitalantikemiskinan,,,,,,
2026-08-20T17:34:11.155722+00:00,20260820-173411,https://trends24.in/indonesia/,Thu Aug 20 2026 09:00:54 GMT+0000 (Coordinated Universal Time),3,Kemampuan MRO Mandiri,kemampuan mro mandiri,,,,,,
2026-08-20T17:34:11.155722+00:00,20260820-173411,https://trends24.in/indonesia/,Thu Aug 20 2026 09:00:54 GMT+0000 (Coordinated Universal Time),4,#JUMAVVA,jumavva,,,,,,
2026-08-20T17:34:11.155722+00:00,20260820-173411,https://trends24.in/indonesia/,Thu Aug 20 2026 09:00:54 GMT+0000 (Coordinated Universal Time),5,Desa Duda Timur,desa duda timur,,,,,,
2026-08-20T17:34:11.155722+00:00,20260820-173411,https://trends24.in/indonesia/,Thu Aug 20 2026 09:00:54 GMT+0000 (Coordinated Universal Time),6,#PondPhuwinConcertLIVE,pondphuwinconcertlive,,,,,,
2026-08-20T17:34:11.155722+00:00,20260820-173411,https://trends24.in/indonesia/,Thu Aug 20 2026 09:00:54 GMT+0000 (Coordinated Universal Time),7,PONDPHUWIN SET TO LAUNCH,pondphuwin set to launch,,,,,,
2026-08-20T17:34:11.155722+00:00,20260820-173411,https://trends24.in/indonesia/,Thu Aug 20 2026 09:00:54 GMT+0000 (Coordinated Universal Time),8,#à¸à¸§à¸à¸ªà¸£à¸§à¸MagicLover,à¸à¸§à¸à¸ªà¸£à¸§à¸magiclover,,,,,,
2026-08-20T17:34:11.155722+00:00,20260820-173411,https://trends24.in/indonesia/,Thu Aug 20 2026 09:00:54 GMT+0000 (Coordinated Universal Time),9,Magic Lover Worship,magic lover worship,,,,,,
2026-08-20T17:34:11.155722+00:00,20260820-173411,https://trends24.in/indonesia/,Thu Aug 20 2026 09:00:54 GMT+0000 (Coordinated Universal Time),10,3CE EST LIVE,3ce est live,,,,,,
2026-08-20T17:34:11.155722+00:00,20260820-173411,https://trends24.in/indonesia/,Thu Aug 20 2026 09:00:54 GMT+0000 (Coordinated Universal Time),11,FAST RECOVERY FOR ARNO,fast recovery for arno,,,,,,
2026-08-20T17:34:11.155722+00:00,20260820-173411,https://trends24.in/indonesia/,Thu Aug 20 2026 09:00:54 GMT+0000 (Coordinated Universal Time),12,Teknologi,teknologi,,,,,,
2026-08-20T17:34:11.155722+00:00,20260820-173411,https://trends24.in/indonesia/,Thu Aug 20 2026 09:00:54 GMT+0000 (Coordinated Universal Time),13,Digitalisasi,digitalisasi,,,,,,
2026-08-20T17:34:11.155722+00:00,20260820-173411,https://trends24.in/indonesia/,Thu Aug 20 2026 09:00:54 GMT+0000 (Coordinated Universal Time),14,DANA CICIL,dana cicil,,,,,,
2026-08-20T17:34:11.155722+00:00,20260820-173411,https://trends24.in/indonesia/,Thu Aug 20 2026 09:00:54 GMT+0000 (Coordinated Universal Time),15,TFO INFINITY PRESENTER,tfo infinity presenter,,,,,,
2026-08-20T17:34:11.155722+00:00,20260820-173411,https://trends24.in/indonesia/,Thu Aug 20 2026 09:00:54 GMT+0000 (Coordinated Universal Time),16,Red Bull,red bull,,,,,,
2026-08-20T17:34:11.155722+00:00,20260820-173411,https://trends24.in/indonesia/,Thu Aug 20 2026 09:00:54 GMT+0000 (Coordinated Universal Time),17,Kamis,kamis,,,,,,
2026-08-20T17:34:11.155722+00:00,20260820-173411,https://trends24.in/indonesia/,Thu Aug 20 2026 09:00:54 GMT+0000 (Coordinated Universal Time),18,NEO CITY,neo city,,,,,,
2026-08-20T17:34:11.155722+00:00,20260820-173411,https://trends24.in/indonesia/,Thu Aug 20 2026 09:00:54 GMT+0000 (Coordinated Universal Time),19,Kalimantan,kalimantan,,,,,,
2026-08-20T17:34:11.155722+00:00,20260820-173411,https://trends24.in/indonesia/,Thu Aug 20 2026 09:00:54 GMT+0000 (Coordinated Universal Time),20,JAKARTA - THE REDLINE,jakarta - the redline,,,,,,
2026-08-20T17:34:11.155722+00:00,20260820-173411,https://trends24.in/indonesia/,Thu Aug 20 2026 09:00:54 GMT+0000 (Coordinated Universal Time),21,NMAX,nmax,,,,,,
2026-08-20T17:34:11.155722+00:00,20260820-173411,https://trends24.in/indonesia/,Thu Aug 20 2026 09:00:54 GMT+0000 (Coordinated Universal Time),22,Hyundai,hyundai,,,,,,
2026-08-20T17:34:11.155722+00:00,20260820-173411,https://trends24.in/indonesia/,Thu Aug 20 2026 09:00:54 GMT+0000 (Coordinated Universal Time),23,CAT 1,cat 1,,,,,,
2026-08-20T17:34:11.155722+00:00,20260820-173411,https://trends24.in/indonesia/,Thu Aug 20 2026 09:00:54 GMT+0000 (Coordinated Universal Time),24,Jarum,jarum,,,,,,
2026-08-20T17:34:11.155722+00:00,20260820-173411,https://trends24.in/indonesia/,Thu Aug 20 2026 09:00:54 GMT+0000 (Coordinated Universal Time),25,CAT 3,cat 3,,,,,,
2026-08-20T17:34:11.155722+00:00,20260820-173411,https://trends24.in/indonesia/,Thu Aug 20 2026 09:00:54 GMT+0000 (Coordinated Universal Time),26,31 Agustus,31 agustus,,,,,,
2026-08-20T17:34:11.155722+00:00,20260820-173411,https://trends24.in/indonesia/,Thu Aug 20 2026 09:00:54 GMT+0000 (Coordinated Universal Time),27,Trade $PIPEDOG,trade $pipedog,,,,,,
2026-08-20T17:34:11.155722+00:00,20260820-173411,https://trends24.in/indonesia/,Thu Aug 20 2026 09:00:54 GMT+0000 (Coordinated Universal Time),28,renjun,renjun,,,,,,
2026-08-20T17:34:11.155722+00:00,20260820-173411,https://trends24.in/indonesia/,Thu Aug 20 2026 09:00:54 GMT+0000 (Coordinated Universal Time),29,Vernon,vernon,,,,,,
2026-08-20T17:34:11.155722+00:00,20260820-173411,https://trends24.in/indonesia/,Thu Aug 20 2026 09:00:54 GMT+0000 (Coordinated Universal Time),30,Namjoon,namjoon,,,,,,
2026-08-20T17:34:11.155722+00:00,20260820-173411,https://trends24.in/indonesia/,Thu Aug 20 2026 09:00:54 GMT+0000 (Coordinated Universal Time),31,Madu,madu,,,,,,
2026-08-20T17:34:11.155722+00:00,20260820-173411,https://trends24.in/indonesia/,Thu Aug 20 2026 09:00:54 GMT+0000 (Coordinated Universal Time),32,#GetWellSoonARNO,getwellsoonarno,,,,,,
2026-08-20T17:34:11.155722+00:00,20260820-173411,https://trends24.in/indonesia/,Thu Aug 20 2026 09:00:54 GMT+0000 (Coordinated Universal Time),33,#Estx3CEmaisonKEEPS,estx3cemaisonkeeps,,,,,,
2026-08-20T17:34:11.155722+00:00,20260820-173411,https://trends24.in/indonesia/,Thu Aug 20 2026 09:00:54 GMT+0000 (Coordinated Universal Time),34,#ìë¥´ë¸ë¹¨ë¦¬ëì,ìë¥´ë ¸ë¹¨ë¦¬ëì,,,,,,
2026-08-20T17:34:11.155722+00:00,20260820-173411,https://trends24.in/indonesia/,Thu Aug 20 2026 09:00:54 GMT+0000 (Coordinated Universal Time),35,#JTOhm,jtohm,,,,,,
2026-08-20T17:34:11.155722+00:00,20260820-173411,https://trends24.in/indonesia/,Thu Aug 20 2026 09:00:54 GMT+0000 (Coordinated Universal Time),36,#ELLEMENRunway,ellemenrunway,,,,,,
2026-08-20T17:34:11.155722+00:00,20260820-173411,https://trends24.in/indonesia/,Thu Aug 20 2026 09:00:54 GMT+0000 (Coordinated Universal Time),37,#ELLERunway,ellerunway,,,,,,
2026-08-20T17:34:11.155722+00:00,20260820-173411,https://trends24.in/indonesia/,Thu Aug 20 2026 09:00:54 GMT+0000 (Coordinated Universal Time),38,#ModelSearch,modelsearch,,,,,,
2026-08-20T17:34:11.155722+00:00,20260820-173411,https://trends24.in/indonesia/,Thu Aug 20 2026 09:00:54 GMT+0000 (Coordinated Universal Time),39,#megalive99,megalive99,,,,,,
2026-08-20T17:34:11.155722+00:00,20260820-173411,https://trends24.in/indonesia/,Thu Aug 20 2026 09:00:54 GMT+0000 (Coordinated Universal Time),40,#ZeePruk,zeepruk,,,,,,
2026-08-20T17:34:11.155722+00:00,20260820-173411,https://trends24.in/indonesia/,Thu Aug 20 2026 09:00:54 GMT+0000 (Coordinated Universal Time),41,#DemoAgustus,demoagustus,,,,,,
2026-08-20T17:34:11.155722+00:00,20260820-173411,https://trends24.in/indonesia/,Thu Aug 20 2026 09:00:54 GMT+0000 (Coordinated Universal Time),42,#NCT127,nct127,,,,,,
2026-08-20T17:34:11.155722+00:00,20260820-173411,https://trends24.in/indonesia/,Thu Aug 20 2026 09:00:54 GMT+0000 (Coordinated Universal Time),43,#ë¦¬ì¤24ë²ì§¸ìì¼ì¶íí´,ë¦¬ì¤24ë²ì§¸ìì¼ì¶íí´,,,,,,
2026-08-20T17:34:11.155722+00:00,20260820-173411,https://trends24.in/indonesia/,Thu Aug 20 2026 09:00:54 GMT+0000 (Coordinated Universal Time),44,#thomaskong,thomaskong,,,,,,
2026-08-20T17:34:11.155722+00:00,20260820-173411,https://trends24.in/indonesia/,Thu Aug 20 2026 09:00:54 GMT+0000 (Coordinated Universal Time),45,#LeeLeo,leeleo,,,,,,
2026-08-20T17:34:11.155722+00:00,20260820-173411,https://trends24.in/indonesia/,Thu Aug 20 2026 09:00:54 GMT+0000 (Coordinated Universal Time),46,#KengNamping,kengnamping,,,,,,
2026-08-20T17:34:11.155722+00:00,20260820-173411,https://trends24.in/indonesia/,Thu Aug 20 2026 09:00:54 GMT+0000 (Coordinated Universal Time),47,#MagicLoverSeries,magicloverseries,,,,,,
2026-08-20T17:34:11.155722+00:00,20260820-173411,https://trends24.in/indonesia/,Thu Aug 20 2026 09:00:54 GMT+0000 (Coordinated Universal Time),48,#à¹à¸à¹à¸à¸à¹à¹à¸²à¸à¸´à¸,à¹à¸à¹à¸à¸à¹à¹à¸²à¸à¸´à¸,,,,,,
2026-08-20T17:34:11.155722+00:00,20260820-173411,https://trends24.in/indonesia/,Thu Aug 20 2026 09:00:54 GMT+0000 (Coordinated Universal Time),49,#NCTDREAM,nctdream,,,,,,
2026-08-20T17:34:11.155722+00:00,20260820-173411,https://trends24.in/indonesia/,Thu Aug 20 2026 09:00:54 GMT+0000 (Coordinated Universal Time),50,#à¸à¹à¸­à¸¡à¸à¸¥à¸¸à¹à¸à¸£à¸±à¸Series,à¸à¹à¸­à¸¡à¸à¸¥à¸¸à¹à¸à¸£à¸±à¸series,,,,,,
2026-08-20T17:34:11.155722+00:00,20260820-173411,https://trends24.in/indonesia/,Thu Aug 20 2026 08:09:53 GMT+0000 (Coordinated Universal Time),1,#IDNMOVIE,idnmovie,,,,,,
2026-08-20T17:34:11.155722+00:00,20260820-173411,https://trends24.in/indonesia/,Thu Aug 20 2026 08:09:53 GMT+0000 (Coordinated Universal Time),2,#DigitalAntiKemiskinan,digitalantikemiskinan,,,,,,
2026-08-20T17:34:11.155722+00:00,20260820-173411,https://trends24.in/indonesia/,Thu Aug 20 2026 08:09:53 GMT+0000 (Coordinated Universal Time),3,Kemampuan MRO Mandiri,kemampuan mro mandiri,,,,,,
2026-08-20T17:34:11.155722+00:00,20260820-173411,https://trends24.in/indonesia/,Thu Aug 20 2026 08:09:53 GMT+0000 (Coordinated Universal Time),4,#JUMAVVA,jumavva,,,,,,
2026-08-20T17:34:11.155722+00:00,20260820-173411,https://trends24.in/indonesia/,Thu Aug 20 2026 08:09:53 GMT+0000 (Coordinated Universal Time),5,Desa Duda Timur,desa duda timur,,,,,,
2026-08-20T17:34:11.155722+00:00,20260820-173411,https://trends24.in/indonesia/,Thu Aug 20 2026 08:09:53 GMT+0000 (Coordinated Universal Time),6,#PondPhuwinConcertLIVE,pondphuwinconcertlive,,,,,,
2026-08-20T17:34:11.155722+00:00,20260820-173411,https://trends24.in/indonesia/,Thu Aug 20 2026 08:09:53 GMT+0000 (Coordinated Universal Time),7,PONDPHUWIN SET TO LAUNCH,pondphuwin set to launch,,,,,,
2026-08-20T17:34:11.155722+00:00,20260820-173411,https://trends24.in/indonesia/,Thu Aug 20 2026 08:09:53 GMT+0000 (Coordinated Universal Time),8,#Estx3CEmaisonKEEPS,estx3cemaisonkeeps,,,,,,
2026-08-20T17:34:11.155722+00:00,20260820-173411,https://trends24.in/indonesia/,Thu Aug 20 2026 08:09:53 GMT+0000 (Coordinated Universal Time),9,3CE EST LIVE,3ce est live,,,,,,
2026-08-20T17:34:11.155722+00:00,20260820-173411,https://trends24.in/indonesia/,Thu Aug 20 2026 08:09:53 GMT+0000 (Coordinated Universal Time),10,Teknologi,teknologi,,,,,,
2026-08-20T17:34:11.155722+00:00,20260820-173411,https://trends24.in/indonesia/,Thu Aug 20 2026 08:09:53 GMT+0000 (Coordinated Universal Time),11,Magic Lover Worship,magic lover worship,,,,,,
2026-08-20T17:34:11.155722+00:00,20260820-173411,https://trends24.in/indonesia/,Thu Aug 20 2026 08:09:53 GMT+0000 (Coordinated Universal Time),12,Digitalisasi,digitalisasi,,,,,,
2026-08-20T17:34:11.155722+00:00,20260820-173411,https://trends24.in/indonesia/,Thu Aug 20 2026 08:09:53 GMT+0000 (Coordinated Universal Time),13,DANA CICIL,dana cicil,,,,,,
2026-08-20T17:34:11.155722+00:00,20260820-173411,https://trends24.in/indonesia/,Thu Aug 20 2026 08:09:53 GMT+0000 (Coordinated Universal Time),14,NMAX,nmax,,,,,,
2026-08-20T17:34:11.155722+00:00,20260820-173411,https://trends24.in/indonesia/,Thu Aug 20 2026 08:09:53 GMT+0000 (Coordinated Universal Time),15,Kalimantan,kalimantan,,,,,,
2026-08-20T17:34:11.155722+00:00,20260820-173411,https://trends24.in/indonesia/,Thu Aug 20 2026 08:09:53 GMT+0000 (Coordinated Universal Time),16,Hyundai,hyundai,,,,,,
2026-08-20T17:34:11.155722+00:00,20260820-173411,https://trends24.in/indonesia/,Thu Aug 20 2026 08:09:53 GMT+0000 (Coordinated Universal Time),17,Kamis,kamis,,,,,,
2026-08-20T17:34:11.155722+00:00,20260820-173411,https://trends24.in/indonesia/,Thu Aug 20 2026 08:09:53 GMT+0000 (Coordinated Universal Time),18,Red Bull,red bull,,,,,,
2026-08-20T17:34:11.155722+00:00,20260820-173411,https://trends24.in/indonesia/,Thu Aug 20 2026 08:09:53 GMT+0000 (Coordinated Universal Time),19,Jarum,jarum,,,,,,
2026-08-20T17:34:11.155722+00:00,20260820-173411,https://trends24.in/indonesia/,Thu Aug 20 2026 08:09:53 GMT+0000 (Coordinated Universal Time),20,NEO CITY,neo city,,,,,,
2026-08-20T17:34:11.155722+00:00,20260820-173411,https://trends24.in/indonesia/,Thu Aug 20 2026 08:09:53 GMT+0000 (Coordinated Universal Time),21,31 Agustus,31 agustus,,,,,,
2026-08-20T17:34:11.155722+00:00,20260820-173411,https://trends24.in/indonesia/,Thu Aug 20 2026 08:09:53 GMT+0000 (Coordinated Universal Time),22,Unhan,unhan,,,,,,
2026-08-20T17:34:11.155722+00:00,20260820-173411,https://trends24.in/indonesia/,Thu Aug 20 2026 08:09:53 GMT+0000 (Coordinated Universal Time),23,Jalur,jalur,,,,,,
2026-08-20T17:34:11.155722+00:00,20260820-173411,https://trends24.in/indonesia/,Thu Aug 20 2026 08:09:53 GMT+0000 (Coordinated Universal Time),24,Cat 3,cat 3,,,,,,
2026-08-20T17:34:11.155722+00:00,20260820-173411,https://trends24.in/indonesia/,Thu Aug 20 2026 08:09:53 GMT+0000 (Coordinated Universal Time),25,renjun,renjun,,,,,,
2026-08-20T17:34:11.155722+00:00,20260820-173411,https://trends24.in/indonesia/,Thu Aug 20 2026 08:09:53 GMT+0000 (Coordinated Universal Time),26,Physical,physical,,,,,,
2026-08-20T17:34:11.155722+00:00,20260820-173411,https://trends24.in/indonesia/,Thu Aug 20 2026 08:09:53 GMT+0000 (Coordinated Universal Time),27,DONT TOUCH DONT KISS,dont touch dont kiss,,,,,,
2026-08-20T17:34:11.155722+00:00,20260820-173411,https://trends24.in/indonesia/,Thu Aug 20 2026 08:09:53 GMT+0000 (Coordinated Universal Time),28,Trade $PIPEDOG,trade $pipedog,,,,,,
2026-08-20T17:34:11.155722+00:00,20260820-173411,https://trends24.in/indonesia/,Thu Aug 20 2026 08:09:53 GMT+0000 (Coordinated Universal Time),29,PPPK,pppk,,,,,,
2026-08-20T17:34:11.155722+00:00,20260820-173411,https://trends24.in/indonesia/,Thu Aug 20 2026 08:09:53 GMT+0000 (Coordinated Universal Time),30,Vernon,vernon,,,,,,
2026-08-20T17:34:11.155722+00:00,20260820-173411,https://trends24.in/indonesia/,Thu Aug 20 2026 08:09:53 GMT+0000 (Coordinated Universal Time),31,Namjoon,namjoon,,,,,,
2026-08-20T17:34:11.155722+00:00,20260820-173411,https://trends24.in/indonesia/,Thu Aug 20 2026 08:09:53 GMT+0000 (Coordinated Universal Time),32,Mingi,mingi,,,,,,
2026-08-20T17:34:11.155722+00:00,20260820-173411,https://trends24.in/indonesia/,Thu Aug 20 2026 08:09:53 GMT+0000 (Coordinated Universal Time),33,Madu,madu,,,,,,
2026-08-20T17:34:11.155722+00:00,20260820-173411,https://trends24.in/indonesia/,Thu Aug 20 2026 08:09:53 GMT+0000 (Coordinated Universal Time),34,#à¸à¸§à¸à¸ªà¸£à¸§à¸MagicLover,à¸à¸§à¸à¸ªà¸£à¸§à¸magiclover,,,,,,
2026-08-20T17:34:11.155722+00:00,20260820-173411,https://trends24.in/indonesia/,Thu Aug 20 2026 08:09:53 GMT+0000 (Coordinated Universal Time),35,#JTOhm,jtohm,,,,,,
2026-08-20T17:34:11.155722+00:00,20260820-173411,https://trends24.in/indonesia/,Thu Aug 20 2026 08:09:53 GMT+0000 (Coordinated Universal Time),36,#megalive99,megalive99,,,,,,
2026-08-20T17:34:11.155722+00:00,20260820-173411,https://trends24.in/indonesia/,Thu Aug 20 2026 08:09:53 GMT+0000 (Coordinated Universal Time),37,#redline,redline,,,,,,
2026-08-20T17:34:11.155722+00:00,20260820-173411,https://trends24.in/indonesia/,Thu Aug 20 2026 08:09:53 GMT+0000 (Coordinated Universal Time),38,#NCT127,nct127,,,,,,
2026-08-20T17:34:11.155722+00:00,20260820-173411,https://trends24.in/indonesia/,Thu Aug 20 2026 08:09:53 GMT+0000 (Coordinated Universal Time),39,#ë¦¬ì¤24ë²ì§¸ìì¼ì¶íí´,ë¦¬ì¤24ë²ì§¸ìì¼ì¶íí´,,,,,,
2026-08-20T17:34:11.155722+00:00,20260820-173411,https://trends24.in/indonesia/,Thu Aug 20 2026 08:09:53 GMT+0000 (Coordinated Universal Time),40,#MagicLoverSeries,magicloverseries,,,,,,
2026-08-20T17:34:11.155722+00:00,20260820-173411,https://trends24.in/indonesia/,Thu Aug 20 2026 08:09:53 GMT+0000 (Coordinated Universal Time),41,#à¹à¸à¹à¸à¸à¹à¹à¸²à¸à¸´à¸,à¹à¸à¹à¸à¸à¹à¹à¸²à¸à¸´à¸,,,,,,
2026-08-20T17:34:11.155722+00:00,20260820-173411,https://trends24.in/indonesia/,Thu Aug 20 2026 08:09:53 GMT+0000 (Coordinated Universal Time),42,#LeeLeo,leeleo,,,,,,
2026-08-20T17:34:11.155722+00:00,20260820-173411,https://trends24.in/indonesia/,Thu Aug 20 2026 08:09:53 GMT+0000 (Coordinated Universal Time),43,#NCTDREAM,nctdream,,,,,,
2026-08-20T17:34:11.155722+00:00,20260820-173411,https://trends24.in/indonesia/,Thu Aug 20 2026 08:09:53 GMT+0000 (Coordinated Universal Time),44,#KengNamping,kengnamping,,,,,,
2026-08-20T17:34:11.155722+00:00,20260820-173411,https://trends24.in/indonesia/,Thu Aug 20 2026 08:09:53 GMT+0000 (Coordinated Universal Time),45,#æåã¨ç´¡ãå¤ã®ãã£ã«ã,æå ã¨ç´¡ãå¤ã®ãã£ã«ã,,,,,,
2026-08-20T17:34:11.155722+00:00,20260820-173411,https://trends24.in/indonesia/,Thu Aug 20 2026 08:09:53 GMT+0000 (Coordinated Universal Time),46,#à¸à¹à¸­à¸¡à¸à¸¥à¸¸à¹à¸à¸£à¸±à¸Series,à¸à¹à¸­à¸¡à¸à¸¥à¸¸à¹à¸à¸£à¸±à¸series,,,,,,
2026-08-20T17:34:11.155722+00:00,20260820-173411,https://trends24.in/indonesia/,Thu Aug 20 2026 08:09:53 GMT+0000 (Coordinated Universal Time),47,#Asahi25thKickOff,asahi25thkickoff,,,,,,
2026-08-20T17:34:11.155722+00:00,20260820-173411,https://trends24.in/indonesia/,Thu Aug 20 2026 08:09:53 GMT+0000 (Coordinated Universal Time),48,#thomaskong,thomaskong,,,,,,
2026-08-20T17:34:11.155722+00:00,20260820-173411,https://trends24.in/indonesia/,Thu Aug 20 2026 08:09:53 GMT+0000 (Coordinated Universal Time),49,#IWillAlwaysSaveYou,iwillalwayssaveyou,,,,,,
2026-08-20T17:34:11.155722+00:00,20260820-173411,https://trends24.in/indonesia/,Thu Aug 20 2026 08:09:53 GMT+0000 (Coordinated Universal Time),50,#KawanPajak,kawanpajak,,,,,,
2026-08-20T17:34:11.155722+00:00,20260820-173411,https://trends24.in/indonesia/,Thu Aug 20 2026 07:18:59 GMT+0000 (Coordinated Universal Time),1,#IDNMOVIE,idnmovie,,,,,,
2026-08-20T17:34:11.155722+00:00,20260820-173411,https://trends24.in/indonesia/,Thu Aug 20 2026 07:18:59 GMT+0000 (Coordinated Universal Time),2,#JUMAVVA,jumavva,,,,,,
2026-08-20T17:34:11.155722+00:00,20260820-173411,https://trends24.in/indonesia/,Thu Aug 20 2026 07:18:59 GMT+0000 (Coordinated Universal Time),3,#DigitalAntiKemiskinan,digitalantikemiskinan,,,,,,
2026-08-20T17:34:11.155722+00:00,20260820-173411,https://trends24.in/indonesia/,Thu Aug 20 2026 07:18:59 GMT+0000 (Coordinated Universal Time),4,#PondPhuwinConcertLIVE,pondphuwinconcertlive,,,,,,
2026-08-20T17:34:11.155722+00:00,20260820-173411,https://trends24.in/indonesia/,Thu Aug 20 2026 07:18:59 GMT+0000 (Coordinated Universal Time),5,Kemampuan MRO Mandiri,kemampuan mro mandiri,,,,,,
2026-08-20T17:34:11.155722+00:00,20260820-173411,https://trends24.in/indonesia/,Thu Aug 20 2026 07:18:59 GMT+0000 (Coordinated Universal Time),6,PONDPHUWIN SET TO LAUNCH,pondphuwin set to launch,,,,,,
2026-08-20T17:34:11.155722+00:00,20260820-173411,https://trends24.in/indonesia/,Thu Aug 20 2026 07:18:59 GMT+0000 (Coordinated Universal Time),7,Desa Duda Timur,desa duda timur,,,,,,
2026-08-20T17:34:11.155722+00:00,20260820-173411,https://trends24.in/indonesia/,Thu Aug 20 2026 07:18:59 GMT+0000 (Coordinated Universal Time),8,3CE EST LIVE,3ce est live,,,,,,
2026-08-20T17:34:11.155722+00:00,20260820-173411,https://trends24.in/indonesia/,Thu Aug 20 2026 07:18:59 GMT+0000 (Coordinated Universal Time),9,#Estx3CEmaisonKEEPS,estx3cemaisonkeeps,,,,,,
2026-08-20T17:34:11.155722+00:00,20260820-173411,https://trends24.in/indonesia/,Thu Aug 20 2026 07:18:59 GMT+0000 (Coordinated Universal Time),10,Magic Lover Worship,magic lover worship,,,,,,
2026-08-20T17:34:11.155722+00:00,20260820-173411,https://trends24.in/indonesia/,Thu Aug 20 2026 07:18:59 GMT+0000 (Coordinated Universal Time),11,Teknologi,teknologi,,,,,,
2026-08-20T17:34:11.155722+00:00,20260820-173411,https://trends24.in/indonesia/,Thu Aug 20 2026 07:18:59 GMT+0000 (Coordinated Universal Time),12,Kalimantan,kalimantan,,,,,,
2026-08-20T17:34:11.155722+00:00,20260820-173411,https://trends24.in/indonesia/,Thu Aug 20 2026 07:18:59 GMT+0000 (Coordinated Universal Time),13,Kamis,kamis,,,,,,
2026-08-20T17:34:11.155722+00:00,20260820-173411,https://trends24.in/indonesia/,Thu Aug 20 2026 07:18:59 GMT+0000 (Coordinated Universal Time),14,Jarum,jarum,,,,,,
2026-08-20T17:34:11.155722+00:00,20260820-173411,https://trends24.in/indonesia/,Thu Aug 20 2026 07:18:59 GMT+0000 (Coordinated Universal Time),15,Hyundai,hyundai,,,,,,
2026-08-20T17:34:11.155722+00:00,20260820-173411,https://trends24.in/indonesia/,Thu Aug 20 2026 07:18:59 GMT+0000 (Coordinated Universal Time),16,Unhan,unhan,,,,,,
2026-08-20T17:34:11.155722+00:00,20260820-173411,https://trends24.in/indonesia/,Thu Aug 20 2026 07:18:59 GMT+0000 (Coordinated Universal Time),17,Jalur,jalur,,,,,,
2026-08-20T17:34:11.155722+00:00,20260820-173411,https://trends24.in/indonesia/,Thu Aug 20 2026 07:18:59 GMT+0000 (Coordinated Universal Time),18,NCT DREAM,nct dream,,,,,,
2026-08-20T17:34:11.155722+00:00,20260820-173411,https://trends24.in/indonesia/,Thu Aug 20 2026 07:18:59 GMT+0000 (Coordinated Universal Time),19,renjun,renjun,,,,,,
2026-08-20T17:34:11.155722+00:00,20260820-173411,https://trends24.in/indonesia/,Thu Aug 20 2026 07:18:59 GMT+0000 (Coordinated Universal Time),20,Trade $PIPEDOG,trade $pipedog,,,,,,
2026-08-20T17:34:11.155722+00:00,20260820-173411,https://trends24.in/indonesia/,Thu Aug 20 2026 07:18:59 GMT+0000 (Coordinated Universal Time),21,chenle,chenle,,,,,,
2026-08-20T17:34:11.155722+00:00,20260820-173411,https://trends24.in/indonesia/,Thu Aug 20 2026 07:18:59 GMT+0000 (Coordinated Universal Time),22,Physical,physical,,,,,,
2026-08-20T17:34:11.155722+00:00,20260820-173411,https://trends24.in/indonesia/,Thu Aug 20 2026 07:18:59 GMT+0000 (Coordinated Universal Time),23,DONT TOUCH DONT KISS,dont touch dont kiss,,,,,,
2026-08-20T17:34:11.155722+00:00,20260820-173411,https://trends24.in/indonesia/,Thu Aug 20 2026 07:18:59 GMT+0000 (Coordinated Universal Time),24,PPPK,pppk,,,,,,
2026-08-20T17:34:11.155722+00:00,20260820-173411,https://trends24.in/indonesia/,Thu Aug 20 2026 07:18:59 GMT+0000 (Coordinated Universal Time),25,Vernon,vernon,,,,,,
2026-08-20T17:34:11.155722+00:00,20260820-173411,https://trends24.in/indonesia/,Thu Aug 20 2026 07:18:59 GMT+0000 (Coordinated Universal Time),26,Mingi,mingi,,,,,,
2026-08-20T17:34:11.155722+00:00,20260820-173411,https://trends24.in/indonesia/,Thu Aug 20 2026 07:18:59 GMT+0000 (Coordinated Universal Time),27,JAKARTA - THE REDLINE,jakarta - the redline,,,,,,
2026-08-20T17:34:11.155722+00:00,20260820-173411,https://trends24.in/indonesia/,Thu Aug 20 2026 07:18:59 GMT+0000 (Coordinated Universal Time),28,Namjoon,namjoon,,,,,,
2026-08-20T17:34:11.155722+00:00,20260820-173411,https://trends24.in/indonesia/,Thu Aug 20 2026 07:18:59 GMT+0000 (Coordinated Universal Time),29,Madu,madu,,,,,,
2026-08-20T17:34:11.155722+00:00,20260820-173411,https://trends24.in/indonesia/,Thu Aug 20 2026 07:18:59 GMT+0000 (Coordinated Universal Time),30,jisung,jisung,,,,,,
2026-08-20T17:34:11.155722+00:00,20260820-173411,https://trends24.in/indonesia/,Thu Aug 20 2026 07:18:59 GMT+0000 (Coordinated Universal Time),31,#à¸à¸§à¸à¸ªà¸£à¸§à¸MagicLover,à¸à¸§à¸à¸ªà¸£à¸§à¸magiclover,,,,,,
2026-08-20T17:34:11.155722+00:00,20260820-173411,https://trends24.in/indonesia/,Thu Aug 20 2026 07:18:59 GMT+0000 (Coordinated Universal Time),32,#JTOhm,jtohm,,,,,,
2026-08-20T17:34:11.155722+00:00,20260820-173411,https://trends24.in/indonesia/,Thu Aug 20 2026 07:18:59 GMT+0000 (Coordinated Universal Time),33,#megalive99,megalive99,,,,,,
2026-08-20T17:34:11.155722+00:00,20260820-173411,https://trends24.in/indonesia/,Thu Aug 20 2026 07:18:59 GMT+0000 (Coordinated Universal Time),34,#ë¦¬ì¤24ë²ì§¸ìì¼ì¶íí´,ë¦¬ì¤24ë²ì§¸ìì¼ì¶íí´,,,,,,
2026-08-20T17:34:11.155722+00:00,20260820-173411,https://trends24.in/indonesia/,Thu Aug 20 2026 07:18:59 GMT+0000 (Coordinated Universal Time),35,#MagicLoverSeries,magicloverseries,,,,,,
2026-08-20T17:34:11.155722+00:00,20260820-173411,https://trends24.in/indonesia/,Thu Aug 20 2026 07:18:59 GMT+0000 (Coordinated Universal Time),36,#à¹à¸à¹à¸à¸à¹à¹à¸²à¸à¸´à¸,à¹à¸à¹à¸à¸à¹à¹à¸²à¸à¸´à¸,,,,,,
2026-08-20T17:34:11.155722+00:00,20260820-173411,https://trends24.in/indonesia/,Thu Aug 20 2026 07:18:59 GMT+0000 (Coordinated Universal Time),37,#LeeLeo,leeleo,,,,,,
2026-08-20T17:34:11.155722+00:00,20260820-173411,https://trends24.in/indonesia/,Thu Aug 20 2026 07:18:59 GMT+0000 (Coordinated Universal Time),38,#à¸à¹à¸­à¸¡à¸à¸¥à¸¸à¹à¸à¸£à¸±à¸Series,à¸à¹à¸­à¸¡à¸à¸¥à¸¸à¹à¸à¸£à¸±à¸series,,,,,,
2026-08-20T17:34:11.155722+00:00,20260820-173411,https://trends24.in/indonesia/,Thu Aug 20 2026 07:18:59 GMT+0000 (Coordinated Universal Time),39,#thomaskong,thomaskong,,,,,,
2026-08-20T17:34:11.155722+00:00,20260820-173411,https://trends24.in/indonesia/,Thu Aug 20 2026 07:18:59 GMT+0000 (Coordinated Universal Time),40,#KengNamping,kengnamping,,,,,,
2026-08-20T17:34:11.155722+00:00,20260820-173411,https://trends24.in/indonesia/,Thu Aug 20 2026 07:18:59 GMT+0000 (Coordinated Universal Time),41,#à¹à¸à¸¡à¸±à¸ªà¸à¹à¸­à¸,à¹à¸à¸¡à¸±à¸ªà¸à¹à¸­à¸,,,,,,
2026-08-20T17:34:11.155722+00:00,20260820-173411,https://trends24.in/indonesia/,Thu Aug 20 2026 07:18:59 GMT+0000 (Coordinated Universal Time),42,#æåã¨ç´¡ãå¤ã®ãã£ã«ã,æå ã¨ç´¡ãå¤ã®ãã£ã«ã,,,,,,
2026-08-20T17:34:11.155722+00:00,20260820-173411,https://trends24.in/indonesia/,Thu Aug 20 2026 07:18:59 GMT+0000 (Coordinated Universal Time),43,#Asahi25thKickOff,asahi25thkickoff,,,,,,
2026-08-20T17:34:11.155722+00:00,20260820-173411,https://trends24.in/indonesia/,Thu Aug 20 2026 07:18:59 GMT+0000 (Coordinated Universal Time),44,#ìì¬í_25ë²ì§¸ì¬ë¦,ìì¬í_25ë²ì§¸ì¬ë¦,,,,,,
2026-08-20T17:34:11.155722+00:00,20260820-173411,https://trends24.in/indonesia/,Thu Aug 20 2026 07:18:59 GMT+0000 (Coordinated Universal Time),45,#IWillAlwaysSaveYou,iwillalwayssaveyou,,,,,,
2026-08-20T17:34:11.155722+00:00,20260820-173411,https://trends24.in/indonesia/,Thu Aug 20 2026 07:18:59 GMT+0000 (Coordinated Universal Time),46,#KawanPajak,kawanpajak,,,,,,
2026-08-20T17:34:11.155722+00:00,20260820-173411,https://trends24.in/indonesia/,Thu Aug 20 2026 07:18:59 GMT+0000 (Coordinated Universal Time),47,#10Yearswith_JENO,10yearswith_jeno,,,,,,
2026-08-20T17:34:11.155722+00:00,20260820-173411,https://trends24.in/indonesia/,Thu Aug 20 2026 07:18:59 GMT+0000 (Coordinated Universal Time),48,#ì°ë¦¬ì ë¸_10ì£¼ë_ì¶íí©ëë¤,ì°ë¦¬ì ë ¸_10ì£¼ë _ì¶íí©ëë¤,,,,,,
2026-08-20T17:34:11.155722+00:00,20260820-173411,https://trends24.in/indonesia/,Thu Aug 20 2026 06:27:56 GMT+0000 (Coordinated Universal Time),1,#JUMAVVA,jumavva,,,,,,
2026-08-20T17:34:11.155722+00:00,20260820-173411,https://trends24.in/indonesia/,Thu Aug 20 2026 06:27:56 GMT+0000 (Coordinated Universal Time),2,#PondPhuwinConcertLIVE,pondphuwinconcertlive,,,,,,
2026-08-20T17:34:11.155722+00:00,20260820-173411,https://trends24.in/indonesia/,Thu Aug 20 2026 06:27:56 GMT+0000 (Coordinated Universal Time),3,PONDPHUWIN SET TO LAUNCH,pondphuwin set to launch,,,,,,
2026-08-20T17:34:11.155722+00:00,20260820-173411,https://trends24.in/indonesia/,Thu Aug 20 2026 06:27:56 GMT+0000 (Coordinated Universal Time),4,#PPPKBisaPNS,pppkbisapns,,,,,,
2026-08-20T17:34:11.155722+00:00,20260820-173411,https://trends24.in/indonesia/,Thu Aug 20 2026 06:27:56 GMT+0000 (Coordinated Universal Time),5,#à¸à¸§à¸à¸ªà¸£à¸§à¸MagicLover,à¸à¸§à¸à¸ªà¸£à¸§à¸magiclover,,,,,,
2026-08-20T17:34:11.155722+00:00,20260820-173411,https://trends24.in/indonesia/,Thu Aug 20 2026 06:27:56 GMT+0000 (Coordinated Universal Time),6,#æåã¨ç´¡ãå¤ã®ãã£ã«ã,æå ã¨ç´¡ãå¤ã®ãã£ã«ã,,,,,,
2026-08-20T17:34:11.155722+00:00,20260820-173411,https://trends24.in/indonesia/,Thu Aug 20 2026 06:27:56 GMT+0000 (Coordinated Universal Time),7,Magic Lover Worship,magic lover worship,,,,,,
2026-08-20T17:34:11.155722+00:00,20260820-173411,https://trends24.in/indonesia/,Thu Aug 20 2026 06:27:56 GMT+0000 (Coordinated Universal Time),8,3CE EST LIVE,3ce est live,,,,,,
2026-08-20T17:34:11.155722+00:00,20260820-173411,https://trends24.in/indonesia/,Thu Aug 20 2026 06:27:56 GMT+0000 (Coordinated Universal Time),9,Kalimantan,kalimantan,,,,,,
2026-08-20T17:34:11.155722+00:00,20260820-173411,https://trends24.in/indonesia/,Thu Aug 20 2026 06:27:56 GMT+0000 (Coordinated Universal Time),10,CRACK THE CASE WITH DEWTEE,crack the case with dewtee,,,,,,
2026-08-20T17:34:11.155722+00:00,20260820-173411,https://trends24.in/indonesia/,Thu Aug 20 2026 06:27:56 GMT+0000 (Coordinated Universal Time),11,Kesejahteraan Guru Indonesia,kesejahteraan guru indonesia,,,,,,
2026-08-20T17:34:11.155722+00:00,20260820-173411,https://trends24.in/indonesia/,Thu Aug 20 2026 06:27:56 GMT+0000 (Coordinated Universal Time),12,PERTHSANTA UNVEILING XPENG,perthsanta unveiling xpeng,,,,,,
2026-08-20T17:34:11.155722+00:00,20260820-173411,https://trends24.in/indonesia/,Thu Aug 20 2026 06:27:56 GMT+0000 (Coordinated Universal Time),13,DONT TOUCH DONT KISS,dont touch dont kiss,,,,,,
2026-08-20T17:34:11.155722+00:00,20260820-173411,https://trends24.in/indonesia/,Thu Aug 20 2026 06:27:56 GMT+0000 (Coordinated Universal Time),14,baby udon,baby udon,,,,,,
2026-08-20T17:34:11.155722+00:00,20260820-173411,https://trends24.in/indonesia/,Thu Aug 20 2026 06:27:56 GMT+0000 (Coordinated Universal Time),15,Trade $PIPEDOG,trade $pipedog,,,,,,
2026-08-20T17:34:11.155722+00:00,20260820-173411,https://trends24.in/indonesia/,Thu Aug 20 2026 06:27:56 GMT+0000 (Coordinated Universal Time),16,Fatimah,fatimah,,,,,,
2026-08-20T17:34:11.155722+00:00,20260820-173411,https://trends24.in/indonesia/,Thu Aug 20 2026 06:27:56 GMT+0000 (Coordinated Universal Time),17,cepat sigap hadir,cepat sigap hadir,,,,,,
2026-08-20T17:34:11.155722+00:00,20260820-173411,https://trends24.in/indonesia/,Thu Aug 20 2026 06:27:56 GMT+0000 (Coordinated Universal Time),18,Rakyat Butuh Damai,rakyat butuh damai,,,,,,
2026-08-20T17:34:11.155722+00:00,20260820-173411,https://trends24.in/indonesia/,Thu Aug 20 2026 06:27:56 GMT+0000 (Coordinated Universal Time),19,HARIT GOLDEN CHAPTER 27,harit golden chapter 27,,,,,,
2026-08-20T17:34:11.155722+00:00,20260820-173411,https://trends24.in/indonesia/,Thu Aug 20 2026 06:27:56 GMT+0000 (Coordinated Universal Time),20,Baleba,baleba,,,,,,
2026-08-20T17:34:11.155722+00:00,20260820-173411,https://trends24.in/indonesia/,Thu Aug 20 2026 06:27:56 GMT+0000 (Coordinated Universal Time),21,Hyundai,hyundai,,,,,,
2026-08-20T17:34:11.155722+00:00,20260820-173411,https://trends24.in/indonesia/,Thu Aug 20 2026 06:27:56 GMT+0000 (Coordinated Universal Time),22,Jarum,jarum,,,,,,
2026-08-20T17:34:11.155722+00:00,20260820-173411,https://trends24.in/indonesia/,Thu Aug 20 2026 06:27:56 GMT+0000 (Coordinated Universal Time),23,BEM UI,bem ui,,,,,,
2026-08-20T17:34:11.155722+00:00,20260820-173411,https://trends24.in/indonesia/,Thu Aug 20 2026 06:27:56 GMT+0000 (Coordinated Universal Time),24,100 ANSEM,100 ansem,,,,,,
2026-08-20T17:34:11.155722+00:00,20260820-173411,https://trends24.in/indonesia/,Thu Aug 20 2026 06:27:56 GMT+0000 (Coordinated Universal Time),25,EXO PLANET,exo planet,,,,,,
2026-08-20T17:34:11.155722+00:00,20260820-173411,https://trends24.in/indonesia/,Thu Aug 20 2026 06:27:56 GMT+0000 (Coordinated Universal Time),26,Unhan,unhan,,,,,,
2026-08-20T17:34:11.155722+00:00,20260820-173411,https://trends24.in/indonesia/,Thu Aug 20 2026 06:27:56 GMT+0000 (Coordinated Universal Time),27,Kamis,kamis,,,,,,
2026-08-20T17:34:11.155722+00:00,20260820-173411,https://trends24.in/indonesia/,Thu Aug 20 2026 06:27:56 GMT+0000 (Coordinated Universal Time),28,Siang,siang,,,,,,
2026-08-20T17:34:11.155722+00:00,20260820-173411,https://trends24.in/indonesia/,Thu Aug 20 2026 06:27:56 GMT+0000 (Coordinated Universal Time),29,Hong Mingi,hong mingi,,,,,,
2026-08-20T17:34:11.155722+00:00,20260820-173411,https://trends24.in/indonesia/,Thu Aug 20 2026 06:27:56 GMT+0000 (Coordinated Universal Time),30,The Grim Lover Q26,the grim lover q26,,,,,,
2026-08-20T17:34:11.155722+00:00,20260820-173411,https://trends24.in/indonesia/,Thu Aug 20 2026 06:27:56 GMT+0000 (Coordinated Universal Time),31,Vernon,vernon,,,,,,
2026-08-20T17:34:11.155722+00:00,20260820-173411,https://trends24.in/indonesia/,Thu Aug 20 2026 06:27:56 GMT+0000 (Coordinated Universal Time),32,DO YOU MISS JAY,do you miss jay,,,,,,
2026-08-20T17:34:11.155722+00:00,20260820-173411,https://trends24.in/indonesia/,Thu Aug 20 2026 06:27:56 GMT+0000 (Coordinated Universal Time),33,Who in SEVENTEEN,who in seventeen,,,,,,
2026-08-20T17:34:11.155722+00:00,20260820-173411,https://trends24.in/indonesia/,Thu Aug 20 2026 06:27:56 GMT+0000 (Coordinated Universal Time),34,Konsa,konsa,,,,,,
2026-08-20T17:34:11.155722+00:00,20260820-173411,https://trends24.in/indonesia/,Thu Aug 20 2026 06:27:56 GMT+0000 (Coordinated Universal Time),35,Dari Allah,dari allah,,,,,,
2026-08-20T17:34:11.155722+00:00,20260820-173411,https://trends24.in/indonesia/,Thu Aug 20 2026 06:27:56 GMT+0000 (Coordinated Universal Time),36,Aisyah,aisyah,,,,,,
2026-08-20T17:34:11.155722+00:00,20260820-173411,https://trends24.in/indonesia/,Thu Aug 20 2026 06:27:56 GMT+0000 (Coordinated Universal Time),37,NCT DREAM,nct dream,,,,,,
2026-08-20T17:34:11.155722+00:00,20260820-173411,https://trends24.in/indonesia/,Thu Aug 20 2026 06:27:56 GMT+0000 (Coordinated Universal Time),38,Gunil,gunil,,,,,,
2026-08-20T17:34:11.155722+00:00,20260820-173411,https://trends24.in/indonesia/,Thu Aug 20 2026 06:27:56 GMT+0000 (Coordinated Universal Time),39,STAY WITH RENJUN,stay with renjun,,,,,,
2026-08-20T17:34:11.155722+00:00,20260820-173411,https://trends24.in/indonesia/,Thu Aug 20 2026 06:27:56 GMT+0000 (Coordinated Universal Time),40,BEM UGM,bem ugm,,,,,,
2026-08-20T17:34:11.155722+00:00,20260820-173411,https://trends24.in/indonesia/,Thu Aug 20 2026 06:27:56 GMT+0000 (Coordinated Universal Time),41,Who in STRAYKIDS,who in straykids,,,,,,
2026-08-20T17:34:11.155722+00:00,20260820-173411,https://trends24.in/indonesia/,Thu Aug 20 2026 06:27:56 GMT+0000 (Coordinated Universal Time),42,Jalur,jalur,,,,,,
2026-08-20T17:34:11.155722+00:00,20260820-173411,https://trends24.in/indonesia/,Thu Aug 20 2026 06:27:56 GMT+0000 (Coordinated Universal Time),43,Haikyuu,haikyuu,,,,,,
2026-08-20T17:34:11.155722+00:00,20260820-173411,https://trends24.in/indonesia/,Thu Aug 20 2026 06:27:56 GMT+0000 (Coordinated Universal Time),44,TTP LIFESTYLE AT SIAM,ttp lifestyle at siam,,,,,,
2026-08-20T17:34:11.155722+00:00,20260820-173411,https://trends24.in/indonesia/,Thu Aug 20 2026 06:27:56 GMT+0000 (Coordinated Universal Time),45,Dreamies,dreamies,,,,,,
2026-08-20T17:34:11.155722+00:00,20260820-173411,https://trends24.in/indonesia/,Thu Aug 20 2026 06:27:56 GMT+0000 (Coordinated Universal Time),46,BLOODY PARADISE MV TEASER 2,bloody paradise mv teaser 2,,,,,,
2026-08-20T17:34:11.155722+00:00,20260820-173411,https://trends24.in/indonesia/,Thu Aug 20 2026 06:27:56 GMT+0000 (Coordinated Universal Time),47,ford foundation,ford foundation,,,,,,
2026-08-20T17:34:11.155722+00:00,20260820-173411,https://trends24.in/indonesia/,Thu Aug 20 2026 06:27:56 GMT+0000 (Coordinated Universal Time),48,$ANSEM,$ansem,,,,,,
2026-08-20T17:34:11.155722+00:00,20260820-173411,https://trends24.in/indonesia/,Thu Aug 20 2026 06:27:56 GMT+0000 (Coordinated Universal Time),49,Qixi,qixi,,,,,,
2026-08-20T17:34:11.155722+00:00,20260820-173411,https://trends24.in/indonesia/,Thu Aug 20 2026 06:27:56 GMT+0000 (Coordinated Universal Time),50,HAPPY LEO DAY,happy leo day,,,,,,
2026-08-20T17:34:11.155722+00:00,20260820-173411,https://trends24.in/indonesia/,Thu Aug 20 2026 05:36:05 GMT+0000 (Coordinated Universal Time),1,#JUMAVVA,jumavva,,,,,,
2026-08-20T17:34:11.155722+00:00,20260820-173411,https://trends24.in/indonesia/,Thu Aug 20 2026 05:36:05 GMT+0000 (Coordinated Universal Time),2,Kesejahteraan Guru Indonesia,kesejahteraan guru indonesia,,,,,,
2026-08-20T17:34:11.155722+00:00,20260820-173411,https://trends24.in/indonesia/,Thu Aug 20 2026 05:36:05 GMT+0000 (Coordinated Universal Time),3,#PPPKBisaPNS,pppkbisapns,,,,,,
2026-08-20T17:34:11.155722+00:00,20260820-173411,https://trends24.in/indonesia/,Thu Aug 20 2026 05:36:05 GMT+0000 (Coordinated Universal Time),4,#à¸à¸§à¸à¸ªà¸£à¸§à¸MagicLover,à¸à¸§à¸à¸ªà¸£à¸§à¸magiclover,,,,,,
2026-08-20T17:34:11.155722+00:00,20260820-173411,https://trends24.in/indonesia/,Thu Aug 20 2026 05:36:05 GMT+0000 (Coordinated Universal Time),5,Magic Lover Worship,magic lover worship,,,,,,
2026-08-20T17:34:11.155722+00:00,20260820-173411,https://trends24.in/indonesia/,Thu Aug 20 2026 05:36:05 GMT+0000 (Coordinated Universal Time),6,#WishJASPERmv,wishjaspermv,,,,,,
2026-08-20T17:34:11.155722+00:00,20260820-173411,https://trends24.in/indonesia/,Thu Aug 20 2026 05:36:05 GMT+0000 (Coordinated Universal Time),7,#æåã¨ç´¡ãå¤ã®ãã£ã«ã,æå ã¨ç´¡ãå¤ã®ãã£ã«ã,,,,,,
2026-08-20T17:34:11.155722+00:00,20260820-173411,https://trends24.in/indonesia/,Thu Aug 20 2026 05:36:05 GMT+0000 (Coordinated Universal Time),8,Kalimantan,kalimantan,,,,,,
2026-08-20T17:34:11.155722+00:00,20260820-173411,https://trends24.in/indonesia/,Thu Aug 20 2026 05:36:05 GMT+0000 (Coordinated Universal Time),9,rakyat butuh damai,rakyat butuh damai,,,,,,
2026-08-20T17:34:11.155722+00:00,20260820-173411,https://trends24.in/indonesia/,Thu Aug 20 2026 05:36:05 GMT+0000 (Coordinated Universal Time),10,CRACK THE CASE WITH DEWTEE,crack the case with dewtee,,,,,,
2026-08-20T17:34:11.155722+00:00,20260820-173411,https://trends24.in/indonesia/,Thu Aug 20 2026 05:36:05 GMT+0000 (Coordinated Universal Time),11,PONDPHUWIN SET TO LAUNCH,pondphuwin set to launch,,,,,,
2026-08-20T17:34:11.155722+00:00,20260820-173411,https://trends24.in/indonesia/,Thu Aug 20 2026 05:36:05 GMT+0000 (Coordinated Universal Time),12,tolak provokasi,tolak provokasi,,,,,,
2026-08-20T17:34:11.155722+00:00,20260820-173411,https://trends24.in/indonesia/,Thu Aug 20 2026 05:36:05 GMT+0000 (Coordinated Universal Time),13,DONT TOUCH DONT KISS,dont touch dont kiss,,,,,,
2026-08-20T17:34:11.155722+00:00,20260820-173411,https://trends24.in/indonesia/,Thu Aug 20 2026 05:36:05 GMT+0000 (Coordinated Universal Time),14,PERTHSANTA UNVEILING XPENG,perthsanta unveiling xpeng,,,,,,
2026-08-20T17:34:11.155722+00:00,20260820-173411,https://trends24.in/indonesia/,Thu Aug 20 2026 05:36:05 GMT+0000 (Coordinated Universal Time),15,baby udon,baby udon,,,,,,
2026-08-20T17:34:11.155722+00:00,20260820-173411,https://trends24.in/indonesia/,Thu Aug 20 2026 05:36:05 GMT+0000 (Coordinated Universal Time),16,3CE EST LIVE,3ce est live,,,,,,
2026-08-20T17:34:11.155722+00:00,20260820-173411,https://trends24.in/indonesia/,Thu Aug 20 2026 05:36:05 GMT+0000 (Coordinated Universal Time),17,Fatimah,fatimah,,,,,,
2026-08-20T17:34:11.155722+00:00,20260820-173411,https://trends24.in/indonesia/,Thu Aug 20 2026 05:36:05 GMT+0000 (Coordinated Universal Time),18,Trade $PIPEDOG,trade $pipedog,,,,,,
2026-08-20T17:34:11.155722+00:00,20260820-173411,https://trends24.in/indonesia/,Thu Aug 20 2026 05:36:05 GMT+0000 (Coordinated Universal Time),19,cepat sigap hadir,cepat sigap hadir,,,,,,
2026-08-20T17:34:11.155722+00:00,20260820-173411,https://trends24.in/indonesia/,Thu Aug 20 2026 05:36:05 GMT+0000 (Coordinated Universal Time),20,Hyundai,hyundai,,,,,,
2026-08-20T17:34:11.155722+00:00,20260820-173411,https://trends24.in/indonesia/,Thu Aug 20 2026 05:36:05 GMT+0000 (Coordinated Universal Time),21,Baleba,baleba,,,,,,
2026-08-20T17:34:11.155722+00:00,20260820-173411,https://trends24.in/indonesia/,Thu Aug 20 2026 05:36:05 GMT+0000 (Coordinated Universal Time),22,HARIT GOLDEN CHAPTER 27,harit golden chapter 27,,,,,,
2026-08-20T17:34:11.155722+00:00,20260820-173411,https://trends24.in/indonesia/,Thu Aug 20 2026 05:36:05 GMT+0000 (Coordinated Universal Time),23,Kamis,kamis,,,,,,
2026-08-20T17:34:11.155722+00:00,20260820-173411,https://trends24.in/indonesia/,Thu Aug 20 2026 05:36:05 GMT+0000 (Coordinated Universal Time),24,BEM UI,bem ui,,,,,,
2026-08-20T17:34:11.155722+00:00,20260820-173411,https://trends24.in/indonesia/,Thu Aug 20 2026 05:36:05 GMT+0000 (Coordinated Universal Time),25,EXO PLANET,exo planet,,,,,,
2026-08-20T17:34:11.155722+00:00,20260820-173411,https://trends24.in/indonesia/,Thu Aug 20 2026 05:36:05 GMT+0000 (Coordinated Universal Time),26,100 ANSEM,100 ansem,,,,,,
2026-08-20T17:34:11.155722+00:00,20260820-173411,https://trends24.in/indonesia/,Thu Aug 20 2026 05:36:05 GMT+0000 (Coordinated Universal Time),27,Jarum,jarum,,,,,,
2026-08-20T17:34:11.155722+00:00,20260820-173411,https://trends24.in/indonesia/,Thu Aug 20 2026 05:36:05 GMT+0000 (Coordinated Universal Time),28,Hong Mingi,hong mingi,,,,,,
2026-08-20T17:34:11.155722+00:00,20260820-173411,https://trends24.in/indonesia/,Thu Aug 20 2026 05:36:05 GMT+0000 (Coordinated Universal Time),29,NCT DREAM,nct dream,,,,,,
2026-08-20T17:34:11.155722+00:00,20260820-173411,https://trends24.in/indonesia/,Thu Aug 20 2026 05:36:05 GMT+0000 (Coordinated Universal Time),30,The Grim Lover Q26,the grim lover q26,,,,,,
2026-08-20T17:34:11.155722+00:00,20260820-173411,https://trends24.in/indonesia/,Thu Aug 20 2026 05:36:05 GMT+0000 (Coordinated Universal Time),31,DO YOU MISS JAY,do you miss jay,,,,,,
2026-08-20T17:34:11.155722+00:00,20260820-173411,https://trends24.in/indonesia/,Thu Aug 20 2026 05:36:05 GMT+0000 (Coordinated Universal Time),32,Unhan,unhan,,,,,,
2026-08-20T17:34:11.155722+00:00,20260820-173411,https://trends24.in/indonesia/,Thu Aug 20 2026 05:36:05 GMT+0000 (Coordinated Universal Time),33,HAPPY LEO DAY,happy leo day,,,,,,
2026-08-20T17:34:11.155722+00:00,20260820-173411,https://trends24.in/indonesia/,Thu Aug 20 2026 05:36:05 GMT+0000 (Coordinated Universal Time),34,renjun,renjun,,,,,,
2026-08-20T17:34:11.155722+00:00,20260820-173411,https://trends24.in/indonesia/,Thu Aug 20 2026 05:36:05 GMT+0000 (Coordinated Universal Time),35,Vernon,vernon,,,,,,
2026-08-20T17:34:11.155722+00:00,20260820-173411,https://trends24.in/indonesia/,Thu Aug 20 2026 05:36:05 GMT+0000 (Coordinated Universal Time),36,Konsa,konsa,,,,,,
2026-08-20T17:34:11.155722+00:00,20260820-173411,https://trends24.in/indonesia/,Thu Aug 20 2026 05:36:05 GMT+0000 (Coordinated Universal Time),37,Gunil,gunil,,,,,,
2026-08-20T17:34:11.155722+00:00,20260820-173411,https://trends24.in/indonesia/,Thu Aug 20 2026 05:36:05 GMT+0000 (Coordinated Universal Time),38,Who in SEVENTEEN,who in seventeen,,,,,,
2026-08-20T17:34:11.155722+00:00,20260820-173411,https://trends24.in/indonesia/,Thu Aug 20 2026 05:36:05 GMT+0000 (Coordinated Universal Time),39,$ANSEM,$ansem,,,,,,
2026-08-20T17:34:11.155722+00:00,20260820-173411,https://trends24.in/indonesia/,Thu Aug 20 2026 05:36:05 GMT+0000 (Coordinated Universal Time),40,BEM UGM,bem ugm,,,,,,
2026-08-20T17:34:11.155722+00:00,20260820-173411,https://trends24.in/indonesia/,Thu Aug 20 2026 05:36:05 GMT+0000 (Coordinated Universal Time),41,Dari Allah,dari allah,,,,,,
2026-08-20T17:34:11.155722+00:00,20260820-173411,https://trends24.in/indonesia/,Thu Aug 20 2026 05:36:05 GMT+0000 (Coordinated Universal Time),42,Dreamies,dreamies,,,,,,
2026-08-20T17:34:11.155722+00:00,20260820-173411,https://trends24.in/indonesia/,Thu Aug 20 2026 05:36:05 GMT+0000 (Coordinated Universal Time),43,Jalur,jalur,,,,,,
2026-08-20T17:34:11.155722+00:00,20260820-173411,https://trends24.in/indonesia/,Thu Aug 20 2026 05:36:05 GMT+0000 (Coordinated Universal Time),44,Who in STRAYKIDS,who in straykids,,,,,,
2026-08-20T17:34:11.155722+00:00,20260820-173411,https://trends24.in/indonesia/,Thu Aug 20 2026 05:36:05 GMT+0000 (Coordinated Universal Time),45,Haikyuu,haikyuu,,,,,,
2026-08-20T17:34:11.155722+00:00,20260820-173411,https://trends24.in/indonesia/,Thu Aug 20 2026 05:36:05 GMT+0000 (Coordinated Universal Time),46,TTP LIFESTYLE AT SIAM,ttp lifestyle at siam,,,,,,
2026-08-20T17:34:11.155722+00:00,20260820-173411,https://trends24.in/indonesia/,Thu Aug 20 2026 05:36:05 GMT+0000 (Coordinated Universal Time),47,Siang,siang,,,,,,
2026-08-20T17:34:11.155722+00:00,20260820-173411,https://trends24.in/indonesia/,Thu Aug 20 2026 05:36:05 GMT+0000 (Coordinated Universal Time),48,BLOODY PARADISE MV TEASER 2,bloody paradise mv teaser 2,,,,,,
2026-08-20T17:34:11.155722+00:00,20260820-173411,https://trends24.in/indonesia/,Thu Aug 20 2026 05:36:05 GMT+0000 (Coordinated Universal Time),49,NEO CITY,neo city,,,,,,
2026-08-20T17:34:11.155722+00:00,20260820-173411,https://trends24.in/indonesia/,Thu Aug 20 2026 05:36:05 GMT+0000 (Coordinated Universal Time),50,Ford Foundation,ford foundation,,,,,,
2026-08-20T17:34:11.155722+00:00,20260820-173411,https://trends24.in/indonesia/,Thu Aug 20 2026 04:44:05 GMT+0000 (Coordinated Universal Time),1,Kesejahteraan Guru Indonesia,kesejahteraan guru indonesia,,,,,,
2026-08-20T17:34:11.155722+00:00,20260820-173411,https://trends24.in/indonesia/,Thu Aug 20 2026 04:44:05 GMT+0000 (Coordinated Universal Time),2,#à¸à¸§à¸à¸ªà¸£à¸§à¸MagicLover,à¸à¸§à¸à¸ªà¸£à¸§à¸magiclover,,,,,,
2026-08-20T17:34:11.155722+00:00,20260820-173411,https://trends24.in/indonesia/,Thu Aug 20 2026 04:44:05 GMT+0000 (Coordinated Universal Time),3,#PPPKBisaPNS,pppkbisapns,,,,,,
2026-08-20T17:34:11.155722+00:00,20260820-173411,https://trends24.in/indonesia/,Thu Aug 20 2026 04:44:05 GMT+0000 (Coordinated Universal Time),4,Magic Lover Worship,magic lover worship,,,,,,
2026-08-20T17:34:11.155722+00:00,20260820-173411,https://trends24.in/indonesia/,Thu Aug 20 2026 04:44:05 GMT+0000 (Coordinated Universal Time),5,#WishJASPERmv,wishjaspermv,,,,,,
2026-08-20T17:34:11.155722+00:00,20260820-173411,https://trends24.in/indonesia/,Thu Aug 20 2026 04:44:05 GMT+0000 (Coordinated Universal Time),6,#æåã¨ç´¡ãå¤ã®ãã£ã«ã,æå ã¨ç´¡ãå¤ã®ãã£ã«ã,,,,,,
2026-08-20T17:34:11.155722+00:00,20260820-173411,https://trends24.in/indonesia/,Thu Aug 20 2026 04:44:05 GMT+0000 (Coordinated Universal Time),7,#Asahi25thKickOff,asahi25thkickoff,,,,,,
2026-08-20T17:34:11.155722+00:00,20260820-173411,https://trends24.in/indonesia/,Thu Aug 20 2026 04:44:05 GMT+0000 (Coordinated Universal Time),8,Kalimantan,kalimantan,,,,,,
2026-08-20T17:34:11.155722+00:00,20260820-173411,https://trends24.in/indonesia/,Thu Aug 20 2026 04:44:05 GMT+0000 (Coordinated Universal Time),9,CRACK THE CASE WITH DEWTEE,crack the case with dewtee,,,,,,
2026-08-20T17:34:11.155722+00:00,20260820-173411,https://trends24.in/indonesia/,Thu Aug 20 2026 04:44:05 GMT+0000 (Coordinated Universal Time),10,rakyat butuh damai,rakyat butuh damai,,,,,,
2026-08-20T17:34:11.155722+00:00,20260820-173411,https://trends24.in/indonesia/,Thu Aug 20 2026 04:44:05 GMT+0000 (Coordinated Universal Time),11,tolak provokasi,tolak provokasi,,,,,,
2026-08-20T17:34:11.155722+00:00,20260820-173411,https://trends24.in/indonesia/,Thu Aug 20 2026 04:44:05 GMT+0000 (Coordinated Universal Time),12,PERTHSANTA UNVEILING XPENG,perthsanta unveiling xpeng,,,,,,
2026-08-20T17:34:11.155722+00:00,20260820-173411,https://trends24.in/indonesia/,Thu Aug 20 2026 04:44:05 GMT+0000 (Coordinated Universal Time),13,DONT TOUCH DONT KISS,dont touch dont kiss,,,,,,
2026-08-20T17:34:11.155722+00:00,20260820-173411,https://trends24.in/indonesia/,Thu Aug 20 2026 04:44:05 GMT+0000 (Coordinated Universal Time),14,baby udon,baby udon,,,,,,
2026-08-20T17:34:11.155722+00:00,20260820-173411,https://trends24.in/indonesia/,Thu Aug 20 2026 04:44:05 GMT+0000 (Coordinated Universal Time),15,Hyundai,hyundai,,,,,,
2026-08-20T17:34:11.155722+00:00,20260820-173411,https://trends24.in/indonesia/,Thu Aug 20 2026 04:44:05 GMT+0000 (Coordinated Universal Time),16,Trade $PIPEDOG,trade $pipedog,,,,,,
2026-08-20T17:34:11.155722+00:00,20260820-173411,https://trends24.in/indonesia/,Thu Aug 20 2026 04:44:05 GMT+0000 (Coordinated Universal Time),17,Fatimah,fatimah,,,,,,
2026-08-20T17:34:11.155722+00:00,20260820-173411,https://trends24.in/indonesia/,Thu Aug 20 2026 04:44:05 GMT+0000 (Coordinated Universal Time),18,CPNS 2027,cpns 2027,,,,,,
2026-08-20T17:34:11.155722+00:00,20260820-173411,https://trends24.in/indonesia/,Thu Aug 20 2026 04:44:05 GMT+0000 (Coordinated Universal Time),19,Kamis,kamis,,,,,,
2026-08-20T17:34:11.155722+00:00,20260820-173411,https://trends24.in/indonesia/,Thu Aug 20 2026 04:44:05 GMT+0000 (Coordinated Universal Time),20,cepat sigap hadir,cepat sigap hadir,,,,,,
2026-08-20T17:34:11.155722+00:00,20260820-173411,https://trends24.in/indonesia/,Thu Aug 20 2026 04:44:05 GMT+0000 (Coordinated Universal Time),21,NCT DREAM,nct dream,,,,,,
2026-08-20T17:34:11.155722+00:00,20260820-173411,https://trends24.in/indonesia/,Thu Aug 20 2026 04:44:05 GMT+0000 (Coordinated Universal Time),22,Baleba,baleba,,,,,,
2026-08-20T17:34:11.155722+00:00,20260820-173411,https://trends24.in/indonesia/,Thu Aug 20 2026 04:44:05 GMT+0000 (Coordinated Universal Time),23,HARIT GOLDEN CHAPTER 27,harit golden chapter 27,,,,,,
2026-08-20T17:34:11.155722+00:00,20260820-173411,https://trends24.in/indonesia/,Thu Aug 20 2026 04:44:05 GMT+0000 (Coordinated Universal Time),24,renjun,renjun,,,,,,
2026-08-20T17:34:11.155722+00:00,20260820-173411,https://trends24.in/indonesia/,Thu Aug 20 2026 04:44:05 GMT+0000 (Coordinated Universal Time),25,BEM UI,bem ui,,,,,,
2026-08-20T17:34:11.155722+00:00,20260820-173411,https://trends24.in/indonesia/,Thu Aug 20 2026 04:44:05 GMT+0000 (Coordinated Universal Time),26,Unhan,unhan,,,,,,
2026-08-20T17:34:11.155722+00:00,20260820-173411,https://trends24.in/indonesia/,Thu Aug 20 2026 04:44:05 GMT+0000 (Coordinated Universal Time),27,TDS 5,tds 5,,,,,,
2026-08-20T17:34:11.155722+00:00,20260820-173411,https://trends24.in/indonesia/,Thu Aug 20 2026 04:44:05 GMT+0000 (Coordinated Universal Time),28,100 ANSEM,100 ansem,,,,,,
2026-08-20T17:34:11.155722+00:00,20260820-173411,https://trends24.in/indonesia/,Thu Aug 20 2026 04:44:05 GMT+0000 (Coordinated Universal Time),29,Jarum,jarum,,,,,,
2026-08-20T17:34:11.155722+00:00,20260820-173411,https://trends24.in/indonesia/,Thu Aug 20 2026 04:44:05 GMT+0000 (Coordinated Universal Time),30,Hajime,hajime,,,,,,
2026-08-20T17:34:11.155722+00:00,20260820-173411,https://trends24.in/indonesia/,Thu Aug 20 2026 04:44:05 GMT+0000 (Coordinated Universal Time),31,Dreamies,dreamies,,,,,,
2026-08-20T17:34:11.155722+00:00,20260820-173411,https://trends24.in/indonesia/,Thu Aug 20 2026 04:44:05 GMT+0000 (Coordinated Universal Time),32,Hong Mingi,hong mingi,,,,,,
2026-08-20T17:34:11.155722+00:00,20260820-173411,https://trends24.in/indonesia/,Thu Aug 20 2026 04:44:05 GMT+0000 (Coordinated Universal Time),33,HAPPY LEO DAY,happy leo day,,,,,,
2026-08-20T17:34:11.155722+00:00,20260820-173411,https://trends24.in/indonesia/,Thu Aug 20 2026 04:44:05 GMT+0000 (Coordinated Universal Time),34,The Grim Lover Q26,the grim lover q26,,,,,,
2026-08-20T17:34:11.155722+00:00,20260820-173411,https://trends24.in/indonesia/,Thu Aug 20 2026 04:44:05 GMT+0000 (Coordinated Universal Time),35,DO YOU MISS JAY,do you miss jay,,,,,,
2026-08-20T17:34:11.155722+00:00,20260820-173411,https://trends24.in/indonesia/,Thu Aug 20 2026 04:44:05 GMT+0000 (Coordinated Universal Time),36,vernon,vernon,,,,,,
2026-08-20T17:34:11.155722+00:00,20260820-173411,https://trends24.in/indonesia/,Thu Aug 20 2026 04:44:05 GMT+0000 (Coordinated Universal Time),37,BEM UGM,bem ugm,,,,,,
2026-08-20T17:34:11.155722+00:00,20260820-173411,https://trends24.in/indonesia/,Thu Aug 20 2026 04:44:05 GMT+0000 (Coordinated Universal Time),38,Konsa,konsa,,,,,,
2026-08-20T17:34:11.155722+00:00,20260820-173411,https://trends24.in/indonesia/,Thu Aug 20 2026 04:44:05 GMT+0000 (Coordinated Universal Time),39,$ANSEM,$ansem,,,,,,
2026-08-20T17:34:11.155722+00:00,20260820-173411,https://trends24.in/indonesia/,Thu Aug 20 2026 04:44:05 GMT+0000 (Coordinated Universal Time),40,Pagii,pagii,,,,,,
2026-08-20T17:34:11.155722+00:00,20260820-173411,https://trends24.in/indonesia/,Thu Aug 20 2026 04:44:05 GMT+0000 (Coordinated Universal Time),41,Who in SEVENTEEN,who in seventeen,,,,,,
2026-08-20T17:34:11.155722+00:00,20260820-173411,https://trends24.in/indonesia/,Thu Aug 20 2026 04:44:05 GMT+0000 (Coordinated Universal Time),42,Jalur,jalur,,,,,,
2026-08-20T17:34:11.155722+00:00,20260820-173411,https://trends24.in/indonesia/,Thu Aug 20 2026 04:44:05 GMT+0000 (Coordinated Universal Time),43,Sarapan,sarapan,,,,,,
2026-08-20T17:34:11.155722+00:00,20260820-173411,https://trends24.in/indonesia/,Thu Aug 20 2026 04:44:05 GMT+0000 (Coordinated Universal Time),44,Who in STRAYKIDS,who in straykids,,,,,,
2026-08-20T17:34:11.155722+00:00,20260820-173411,https://trends24.in/indonesia/,Thu Aug 20 2026 04:44:05 GMT+0000 (Coordinated Universal Time),45,Haikyuu,haikyuu,,,,,,
2026-08-20T17:34:11.155722+00:00,20260820-173411,https://trends24.in/indonesia/,Thu Aug 20 2026 04:44:05 GMT+0000 (Coordinated Universal Time),46,TTP LIFESTYLE AT SIAM,ttp lifestyle at siam,,,,,,
2026-08-20T17:34:11.155722+00:00,20260820-173411,https://trends24.in/indonesia/,Thu Aug 20 2026 04:44:05 GMT+0000 (Coordinated Universal Time),47,BLOODY PARADISE MV TEASER 2,bloody paradise mv teaser 2,,,,,,
2026-08-20T17:34:11.155722+00:00,20260820-173411,https://trends24.in/indonesia/,Thu Aug 20 2026 04:44:05 GMT+0000 (Coordinated Universal Time),48,Ford Foundation,ford foundation,,,,,,
2026-08-20T17:34:11.155722+00:00,20260820-173411,https://trends24.in/indonesia/,Thu Aug 20 2026 04:44:05 GMT+0000 (Coordinated Universal Time),49,Qixi,qixi,,,,,,
2026-08-20T17:34:11.155722+00:00,20260820-173411,https://trends24.in/indonesia/,Thu Aug 20 2026 04:44:05 GMT+0000 (Coordinated Universal Time),50,NEO CITY,neo city,,,,,,
2026-08-20T17:34:11.155722+00:00,20260820-173411,https://trends24.in/indonesia/,Thu Aug 20 2026 03:52:07 GMT+0000 (Coordinated Universal Time),1,#PPPKBisaPNS,pppkbisapns,,,,,,
2026-08-20T17:34:11.155722+00:00,20260820-173411,https://trends24.in/indonesia/,Thu Aug 20 2026 03:52:07 GMT+0000 (Coordinated Universal Time),2,Kesejahteraan Guru Indonesia,kesejahteraan guru indonesia,,,,,,
2026-08-20T17:34:11.155722+00:00,20260820-173411,https://trends24.in/indonesia/,Thu Aug 20 2026 03:52:07 GMT+0000 (Coordinated Universal Time),3,Magic Lover Worship,magic lover worship,,,,,,
2026-08-20T17:34:11.155722+00:00,20260820-173411,https://trends24.in/indonesia/,Thu Aug 20 2026 03:52:07 GMT+0000 (Coordinated Universal Time),4,#à¸à¸§à¸à¸ªà¸£à¸§à¸MagicLover,à¸à¸§à¸à¸ªà¸£à¸§à¸magiclover,,,,,,
2026-08-20T17:34:11.155722+00:00,20260820-173411,https://trends24.in/indonesia/,Thu Aug 20 2026 03:52:07 GMT+0000 (Coordinated Universal Time),5,#WishJASPERmv,wishjaspermv,,,,,,
2026-08-20T17:34:11.155722+00:00,20260820-173411,https://trends24.in/indonesia/,Thu Aug 20 2026 03:52:07 GMT+0000 (Coordinated Universal Time),6,#MrKillSeriesEP7,mrkillseriesep7,,,,,,
2026-08-20T17:34:11.155722+00:00,20260820-173411,https://trends24.in/indonesia/,Thu Aug 20 2026 03:52:07 GMT+0000 (Coordinated Universal Time),7,#æåã¨ç´¡ãå¤ã®ãã£ã«ã,æå ã¨ç´¡ãå¤ã®ãã£ã«ã,,,,,,
2026-08-20T17:34:11.155722+00:00,20260820-173411,https://trends24.in/indonesia/,Thu Aug 20 2026 03:52:07 GMT+0000 (Coordinated Universal Time),8,CRACK THE CASE WITH DEWTEE,crack the case with dewtee,,,,,,
2026-08-20T17:34:11.155722+00:00,20260820-173411,https://trends24.in/indonesia/,Thu Aug 20 2026 03:52:07 GMT+0000 (Coordinated Universal Time),9,rakyat butuh damai,rakyat butuh damai,,,,,,
2026-08-20T17:34:11.155722+00:00,20260820-173411,https://trends24.in/indonesia/,Thu Aug 20 2026 03:52:07 GMT+0000 (Coordinated Universal Time),10,Kalimantan,kalimantan,,,,,,
2026-08-20T17:34:11.155722+00:00,20260820-173411,https://trends24.in/indonesia/,Thu Aug 20 2026 03:52:07 GMT+0000 (Coordinated Universal Time),11,tolak provokasi,tolak provokasi,,,,,,
2026-08-20T17:34:11.155722+00:00,20260820-173411,https://trends24.in/indonesia/,Thu Aug 20 2026 03:52:07 GMT+0000 (Coordinated Universal Time),12,perthsanta unveiling xpeng,perthsanta unveiling xpeng,,,,,,
2026-08-20T17:34:11.155722+00:00,20260820-173411,https://trends24.in/indonesia/,Thu Aug 20 2026 03:52:07 GMT+0000 (Coordinated Universal Time),13,DONT TOUCH DONT KISS,dont touch dont kiss,,,,,,
2026-08-20T17:34:11.155722+00:00,20260820-173411,https://trends24.in/indonesia/,Thu Aug 20 2026 03:52:07 GMT+0000 (Coordinated Universal Time),14,baby udon,baby udon,,,,,,
2026-08-20T17:34:11.155722+00:00,20260820-173411,https://trends24.in/indonesia/,Thu Aug 20 2026 03:52:07 GMT+0000 (Coordinated Universal Time),15,Hyundai,hyundai,,,,,,
2026-08-20T17:34:11.155722+00:00,20260820-173411,https://trends24.in/indonesia/,Thu Aug 20 2026 03:52:07 GMT+0000 (Coordinated Universal Time),16,Kamis,kamis,,,,,,
2026-08-20T17:34:11.155722+00:00,20260820-173411,https://trends24.in/indonesia/,Thu Aug 20 2026 03:52:07 GMT+0000 (Coordinated Universal Time),17,renjun,renjun,,,,,,
2026-08-20T17:34:11.155722+00:00,20260820-173411,https://trends24.in/indonesia/,Thu Aug 20 2026 03:52:07 GMT+0000 (Coordinated Universal Time),18,Trade $PIPEDOG,trade $pipedog,,,,,,
2026-08-20T17:34:11.155722+00:00,20260820-173411,https://trends24.in/indonesia/,Thu Aug 20 2026 03:52:07 GMT+0000 (Coordinated Universal Time),19,Fatimah,fatimah,,,,,,
2026-08-20T17:34:11.155722+00:00,20260820-173411,https://trends24.in/indonesia/,Thu Aug 20 2026 03:52:07 GMT+0000 (Coordinated Universal Time),20,CPNS 2027,cpns 2027,,,,,,
2026-08-20T17:34:11.155722+00:00,20260820-173411,https://trends24.in/indonesia/,Thu Aug 20 2026 03:52:07 GMT+0000 (Coordinated Universal Time),21,NCT DREAM,nct dream,,,,,,
2026-08-20T17:34:11.155722+00:00,20260820-173411,https://trends24.in/indonesia/,Thu Aug 20 2026 03:52:07 GMT+0000 (Coordinated Universal Time),22,cepat sigap hadir,cepat sigap hadir,,,,,,
2026-08-20T17:34:11.155722+00:00,20260820-173411,https://trends24.in/indonesia/,Thu Aug 20 2026 03:52:07 GMT+0000 (Coordinated Universal Time),23,Baleba,baleba,,,,,,
2026-08-20T17:34:11.155722+00:00,20260820-173411,https://trends24.in/indonesia/,Thu Aug 20 2026 03:52:07 GMT+0000 (Coordinated Universal Time),24,Pagii,pagii,,,,,,
2026-08-20T17:34:11.155722+00:00,20260820-173411,https://trends24.in/indonesia/,Thu Aug 20 2026 03:52:07 GMT+0000 (Coordinated Universal Time),25,HARIT GOLDEN CHAPTER 27,harit golden chapter 27,,,,,,
2026-08-20T17:34:11.155722+00:00,20260820-173411,https://trends24.in/indonesia/,Thu Aug 20 2026 03:52:07 GMT+0000 (Coordinated Universal Time),26,chenle,chenle,,,,,,
2026-08-20T17:34:11.155722+00:00,20260820-173411,https://trends24.in/indonesia/,Thu Aug 20 2026 03:52:07 GMT+0000 (Coordinated Universal Time),27,BEM UI,bem ui,,,,,,
2026-08-20T17:34:11.155722+00:00,20260820-173411,https://trends24.in/indonesia/,Thu Aug 20 2026 03:52:07 GMT+0000 (Coordinated Universal Time),28,Jarum,jarum,,,,,,
2026-08-20T17:34:11.155722+00:00,20260820-173411,https://trends24.in/indonesia/,Thu Aug 20 2026 03:52:07 GMT+0000 (Coordinated Universal Time),29,Dreamies,dreamies,,,,,,
2026-08-20T17:34:11.155722+00:00,20260820-173411,https://trends24.in/indonesia/,Thu Aug 20 2026 03:52:07 GMT+0000 (Coordinated Universal Time),30,Unhan,unhan,,,,,,
2026-08-20T17:34:11.155722+00:00,20260820-173411,https://trends24.in/indonesia/,Thu Aug 20 2026 03:52:07 GMT+0000 (Coordinated Universal Time),31,100 ANSEM,100 ansem,,,,,,
2026-08-20T17:34:11.155722+00:00,20260820-173411,https://trends24.in/indonesia/,Thu Aug 20 2026 03:52:07 GMT+0000 (Coordinated Universal Time),32,TDS 5,tds 5,,,,,,
2026-08-20T17:34:11.155722+00:00,20260820-173411,https://trends24.in/indonesia/,Thu Aug 20 2026 03:52:07 GMT+0000 (Coordinated Universal Time),33,Hajime,hajime,,,,,,
2026-08-20T17:34:11.155722+00:00,20260820-173411,https://trends24.in/indonesia/,Thu Aug 20 2026 03:52:07 GMT+0000 (Coordinated Universal Time),34,DO YOU MISS JAY,do you miss jay,,,,,,
2026-08-20T17:34:11.155722+00:00,20260820-173411,https://trends24.in/indonesia/,Thu Aug 20 2026 03:52:07 GMT+0000 (Coordinated Universal Time),35,Hong Mingi,hong mingi,,,,,,
2026-08-20T17:34:11.155722+00:00,20260820-173411,https://trends24.in/indonesia/,Thu Aug 20 2026 03:52:07 GMT+0000 (Coordinated Universal Time),36,The Grim Lover Q26,the grim lover q26,,,,,,
2026-08-20T17:34:11.155722+00:00,20260820-173411,https://trends24.in/indonesia/,Thu Aug 20 2026 03:52:07 GMT+0000 (Coordinated Universal Time),37,Sarapan,sarapan,,,,,,
2026-08-20T17:34:11.155722+00:00,20260820-173411,https://trends24.in/indonesia/,Thu Aug 20 2026 03:52:07 GMT+0000 (Coordinated Universal Time),38,vernon,vernon,,,,,,
2026-08-20T17:34:11.155722+00:00,20260820-173411,https://trends24.in/indonesia/,Thu Aug 20 2026 03:52:07 GMT+0000 (Coordinated Universal Time),39,Fanny,fanny,,,,,,
2026-08-20T17:34:11.155722+00:00,20260820-173411,https://trends24.in/indonesia/,Thu Aug 20 2026 03:52:07 GMT+0000 (Coordinated Universal Time),40,Konsa,konsa,,,,,,
2026-08-20T17:34:11.155722+00:00,20260820-173411,https://trends24.in/indonesia/,Thu Aug 20 2026 03:52:07 GMT+0000 (Coordinated Universal Time),41,BEM UGM,bem ugm,,,,,,
2026-08-20T17:34:11.155722+00:00,20260820-173411,https://trends24.in/indonesia/,Thu Aug 20 2026 03:52:07 GMT+0000 (Coordinated Universal Time),42,$ANSEM,$ansem,,,,,,
2026-08-20T17:34:11.155722+00:00,20260820-173411,https://trends24.in/indonesia/,Thu Aug 20 2026 03:52:07 GMT+0000 (Coordinated Universal Time),43,Morningg,morningg,,,,,,
2026-08-20T17:34:11.155722+00:00,20260820-173411,https://trends24.in/indonesia/,Thu Aug 20 2026 03:52:07 GMT+0000 (Coordinated Universal Time),44,Qixi,qixi,,,,,,
2026-08-20T17:34:11.155722+00:00,20260820-173411,https://trends24.in/indonesia/,Thu Aug 20 2026 03:52:07 GMT+0000 (Coordinated Universal Time),45,Who in SEVENTEEN,who in seventeen,,,,,,
2026-08-20T17:34:11.155722+00:00,20260820-173411,https://trends24.in/indonesia/,Thu Aug 20 2026 03:52:07 GMT+0000 (Coordinated Universal Time),46,Cawang,cawang,,,,,,
2026-08-20T17:34:11.155722+00:00,20260820-173411,https://trends24.in/indonesia/,Thu Aug 20 2026 03:52:07 GMT+0000 (Coordinated Universal Time),47,Who in STRAYKIDS,who in straykids,,,,,,
2026-08-20T17:34:11.155722+00:00,20260820-173411,https://trends24.in/indonesia/,Thu Aug 20 2026 03:52:07 GMT+0000 (Coordinated Universal Time),48,Haikyuu,haikyuu,,,,,,
2026-08-20T17:34:11.155722+00:00,20260820-173411,https://trends24.in/indonesia/,Thu Aug 20 2026 03:52:07 GMT+0000 (Coordinated Universal Time),49,TTP LIFESTYLE AT SIAM,ttp lifestyle at siam,,,,,,
2026-08-20T17:34:11.155722+00:00,20260820-173411,https://trends24.in/indonesia/,Thu Aug 20 2026 03:52:07 GMT+0000 (Coordinated Universal Time),50,BLOODY PARADISE MV TEASER 2,bloody paradise mv teaser 2,,,,,,
2026-08-20T17:34:11.155722+00:00,20260820-173411,https://trends24.in/indonesia/,Thu Aug 20 2026 03:00:24 GMT+0000 (Coordinated Universal Time),1,#PPPKBisaPNS,pppkbisapns,,,,,,
2026-08-20T17:34:11.155722+00:00,20260820-173411,https://trends24.in/indonesia/,Thu Aug 20 2026 03:00:24 GMT+0000 (Coordinated Universal Time),2,Kesejahteraan Guru Indonesia,kesejahteraan guru indonesia,,,,,,
2026-08-20T17:34:11.155722+00:00,20260820-173411,https://trends24.in/indonesia/,Thu Aug 20 2026 03:00:24 GMT+0000 (Coordinated Universal Time),3,#WishJASPERmv,wishjaspermv,,,,,,
2026-08-20T17:34:11.155722+00:00,20260820-173411,https://trends24.in/indonesia/,Thu Aug 20 2026 03:00:24 GMT+0000 (Coordinated Universal Time),4,#MrKillSeriesEP7,mrkillseriesep7,,,,,,
2026-08-20T17:34:11.155722+00:00,20260820-173411,https://trends24.in/indonesia/,Thu Aug 20 2026 03:00:24 GMT+0000 (Coordinated Universal Time),5,#Asahi25thKickOff,asahi25thkickoff,,,,,,
2026-08-20T17:34:11.155722+00:00,20260820-173411,https://trends24.in/indonesia/,Thu Aug 20 2026 03:00:24 GMT+0000 (Coordinated Universal Time),6,#æåã¨ç´¡ãå¤ã®ãã£ã«ã,æå ã¨ç´¡ãå¤ã®ãã£ã«ã,,,,,,
2026-08-20T17:34:11.155722+00:00,20260820-173411,https://trends24.in/indonesia/,Thu Aug 20 2026 03:00:24 GMT+0000 (Coordinated Universal Time),7,CRACK THE CASE WITH DEWTEE,crack the case with dewtee,,,,,,
2026-08-20T17:34:11.155722+00:00,20260820-173411,https://trends24.in/indonesia/,Thu Aug 20 2026 03:00:24 GMT+0000 (Coordinated Universal Time),8,Kamis,kamis,,,,,,
2026-08-20T17:34:11.155722+00:00,20260820-173411,https://trends24.in/indonesia/,Thu Aug 20 2026 03:00:24 GMT+0000 (Coordinated Universal Time),9,rakyat butuh damai,rakyat butuh damai,,,,,,
2026-08-20T17:34:11.155722+00:00,20260820-173411,https://trends24.in/indonesia/,Thu Aug 20 2026 03:00:24 GMT+0000 (Coordinated Universal Time),10,Magic Lover Worship,magic lover worship,,,,,,
2026-08-20T17:34:11.155722+00:00,20260820-173411,https://trends24.in/indonesia/,Thu Aug 20 2026 03:00:24 GMT+0000 (Coordinated Universal Time),11,Kalimantan,kalimantan,,,,,,
2026-08-20T17:34:11.155722+00:00,20260820-173411,https://trends24.in/indonesia/,Thu Aug 20 2026 03:00:24 GMT+0000 (Coordinated Universal Time),12,tolak provokasi,tolak provokasi,,,,,,
2026-08-20T17:34:11.155722+00:00,20260820-173411,https://trends24.in/indonesia/,Thu Aug 20 2026 03:00:24 GMT+0000 (Coordinated Universal Time),13,renjun,renjun,,,,,,
2026-08-20T17:34:11.155722+00:00,20260820-173411,https://trends24.in/indonesia/,Thu Aug 20 2026 03:00:24 GMT+0000 (Coordinated Universal Time),14,NCT DREAM,nct dream,,,,,,
2026-08-20T17:34:11.155722+00:00,20260820-173411,https://trends24.in/indonesia/,Thu Aug 20 2026 03:00:24 GMT+0000 (Coordinated Universal Time),15,perthsanta unveiling xpeng,perthsanta unveiling xpeng,,,,,,
2026-08-20T17:34:11.155722+00:00,20260820-173411,https://trends24.in/indonesia/,Thu Aug 20 2026 03:00:24 GMT+0000 (Coordinated Universal Time),16,DONT TOUCH DONT KISS,dont touch dont kiss,,,,,,
2026-08-20T17:34:11.155722+00:00,20260820-173411,https://trends24.in/indonesia/,Thu Aug 20 2026 03:00:24 GMT+0000 (Coordinated Universal Time),17,baby udon,baby udon,,,,,,
2026-08-20T17:34:11.155722+00:00,20260820-173411,https://trends24.in/indonesia/,Thu Aug 20 2026 03:00:24 GMT+0000 (Coordinated Universal Time),18,Pagii,pagii,,,,,,
2026-08-20T17:34:11.155722+00:00,20260820-173411,https://trends24.in/indonesia/,Thu Aug 20 2026 03:00:24 GMT+0000 (Coordinated Universal Time),19,Hyundai,hyundai,,,,,,
2026-08-20T17:34:11.155722+00:00,20260820-173411,https://trends24.in/indonesia/,Thu Aug 20 2026 03:00:24 GMT+0000 (Coordinated Universal Time),20,Trade $PIPEDOG,trade $pipedog,,,,,,
2026-08-20T17:34:11.155722+00:00,20260820-173411,https://trends24.in/indonesia/,Thu Aug 20 2026 03:00:24 GMT+0000 (Coordinated Universal Time),21,Fatimah,fatimah,,,,,,
2026-08-20T17:34:11.155722+00:00,20260820-173411,https://trends24.in/indonesia/,Thu Aug 20 2026 03:00:24 GMT+0000 (Coordinated Universal Time),22,Dreamies,dreamies,,,,,,
2026-08-20T17:34:11.155722+00:00,20260820-173411,https://trends24.in/indonesia/,Thu Aug 20 2026 03:00:24 GMT+0000 (Coordinated Universal Time),23,cepat sigap hadir,cepat sigap hadir,,,,,,
2026-08-20T17:34:11.155722+00:00,20260820-173411,https://trends24.in/indonesia/,Thu Aug 20 2026 03:00:24 GMT+0000 (Coordinated Universal Time),24,Baleba,baleba,,,,,,
2026-08-20T17:34:11.155722+00:00,20260820-173411,https://trends24.in/indonesia/,Thu Aug 20 2026 03:00:24 GMT+0000 (Coordinated Universal Time),25,HARIT GOLDEN CHAPTER 27,harit golden chapter 27,,,,,,
2026-08-20T17:34:11.155722+00:00,20260820-173411,https://trends24.in/indonesia/,Thu Aug 20 2026 03:00:24 GMT+0000 (Coordinated Universal Time),26,chenle,chenle,,,,,,
2026-08-20T17:34:11.155722+00:00,20260820-173411,https://trends24.in/indonesia/,Thu Aug 20 2026 03:00:24 GMT+0000 (Coordinated Universal Time),27,Jarum,jarum,,,,,,
2026-08-20T17:34:11.155722+00:00,20260820-173411,https://trends24.in/indonesia/,Thu Aug 20 2026 03:00:24 GMT+0000 (Coordinated Universal Time),28,BEM UI,bem ui,,,,,,
2026-08-20T17:34:11.155722+00:00,20260820-173411,https://trends24.in/indonesia/,Thu Aug 20 2026 03:00:24 GMT+0000 (Coordinated Universal Time),29,100 ANSEM,100 ansem,,,,,,
2026-08-20T17:34:11.155722+00:00,20260820-173411,https://trends24.in/indonesia/,Thu Aug 20 2026 03:00:24 GMT+0000 (Coordinated Universal Time),30,TDS 5,tds 5,,,,,,
2026-08-20T17:34:11.155722+00:00,20260820-173411,https://trends24.in/indonesia/,Thu Aug 20 2026 03:00:24 GMT+0000 (Coordinated Universal Time),31,Cawang,cawang,,,,,,
2026-08-20T17:34:11.155722+00:00,20260820-173411,https://trends24.in/indonesia/,Thu Aug 20 2026 03:00:24 GMT+0000 (Coordinated Universal Time),32,Hajime,hajime,,,,,,
2026-08-20T17:34:11.155722+00:00,20260820-173411,https://trends24.in/indonesia/,Thu Aug 20 2026 03:00:24 GMT+0000 (Coordinated Universal Time),33,DO YOU MISS JAY,do you miss jay,,,,,,
2026-08-20T17:34:11.155722+00:00,20260820-173411,https://trends24.in/indonesia/,Thu Aug 20 2026 03:00:24 GMT+0000 (Coordinated Universal Time),34,Morningg,morningg,,,,,,
2026-08-20T17:34:11.155722+00:00,20260820-173411,https://trends24.in/indonesia/,Thu Aug 20 2026 03:00:24 GMT+0000 (Coordinated Universal Time),35,Hong Mingi,hong mingi,,,,,,
2026-08-20T17:34:11.155722+00:00,20260820-173411,https://trends24.in/indonesia/,Thu Aug 20 2026 03:00:24 GMT+0000 (Coordinated Universal Time),36,The Grim Lover Q26,the grim lover q26,,,,,,
2026-08-20T17:34:11.155722+00:00,20260820-173411,https://trends24.in/indonesia/,Thu Aug 20 2026 03:00:24 GMT+0000 (Coordinated Universal Time),37,Sarapan,sarapan,,,,,,
2026-08-20T17:34:11.155722+00:00,20260820-173411,https://trends24.in/indonesia/,Thu Aug 20 2026 03:00:24 GMT+0000 (Coordinated Universal Time),38,Vernon,vernon,,,,,,
2026-08-20T17:34:11.155722+00:00,20260820-173411,https://trends24.in/indonesia/,Thu Aug 20 2026 03:00:24 GMT+0000 (Coordinated Universal Time),39,Konsa,konsa,,,,,,
2026-08-20T17:34:11.155722+00:00,20260820-173411,https://trends24.in/indonesia/,Thu Aug 20 2026 03:00:24 GMT+0000 (Coordinated Universal Time),40,Fanny,fanny,,,,,,
2026-08-20T17:34:11.155722+00:00,20260820-173411,https://trends24.in/indonesia/,Thu Aug 20 2026 03:00:24 GMT+0000 (Coordinated Universal Time),41,BEM UGM,bem ugm,,,,,,
2026-08-20T17:34:11.155722+00:00,20260820-173411,https://trends24.in/indonesia/,Thu Aug 20 2026 03:00:24 GMT+0000 (Coordinated Universal Time),42,$ANSEM,$ansem,,,,,,
2026-08-20T17:34:11.155722+00:00,20260820-173411,https://trends24.in/indonesia/,Thu Aug 20 2026 03:00:24 GMT+0000 (Coordinated Universal Time),43,Qixi,qixi,,,,,,
2026-08-20T17:34:11.155722+00:00,20260820-173411,https://trends24.in/indonesia/,Thu Aug 20 2026 03:00:24 GMT+0000 (Coordinated Universal Time),44,Jalur,jalur,,,,,,
2026-08-20T17:34:11.155722+00:00,20260820-173411,https://trends24.in/indonesia/,Thu Aug 20 2026 03:00:24 GMT+0000 (Coordinated Universal Time),45,Who in SEVENTEEN,who in seventeen,,,,,,
2026-08-20T17:34:11.155722+00:00,20260820-173411,https://trends24.in/indonesia/,Thu Aug 20 2026 03:00:24 GMT+0000 (Coordinated Universal Time),46,Who in STRAYKIDS,who in straykids,,,,,,
2026-08-20T17:34:11.155722+00:00,20260820-173411,https://trends24.in/indonesia/,Thu Aug 20 2026 03:00:24 GMT+0000 (Coordinated Universal Time),47,Jakarta Kota,jakarta kota,,,,,,
2026-08-20T17:34:11.155722+00:00,20260820-173411,https://trends24.in/indonesia/,Thu Aug 20 2026 03:00:24 GMT+0000 (Coordinated Universal Time),48,TTP LIFESTYLE AT SIAM,ttp lifestyle at siam,,,,,,
2026-08-20T17:34:11.155722+00:00,20260820-173411,https://trends24.in/indonesia/,Thu Aug 20 2026 03:00:24 GMT+0000 (Coordinated Universal Time),49,BLOODY PARADISE MV TEASER 2,bloody paradise mv teaser 2,,,,,,
2026-08-20T17:34:11.155722+00:00,20260820-173411,https://trends24.in/indonesia/,Thu Aug 20 2026 03:00:24 GMT+0000 (Coordinated Universal Time),50,UPDATEAN TERBARU NIH,updatean terbaru nih,,,,,,
2026-08-20T17:34:11.155722+00:00,20260820-173411,https://trends24.in/indonesia/,Thu Aug 20 2026 02:09:42 GMT+0000 (Coordinated Universal Time),1,#MrKillSeriesEP7,mrkillseriesep7,,,,,,
2026-08-20T17:34:11.155722+00:00,20260820-173411,https://trends24.in/indonesia/,Thu Aug 20 2026 02:09:42 GMT+0000 (Coordinated Universal Time),2,#WishJASPERmv,wishjaspermv,,,,,,
2026-08-20T17:34:11.155722+00:00,20260820-173411,https://trends24.in/indonesia/,Thu Aug 20 2026 02:09:42 GMT+0000 (Coordinated Universal Time),3,#Asahi25thKickOff,asahi25thkickoff,,,,,,
2026-08-20T17:34:11.155722+00:00,20260820-173411,https://trends24.in/indonesia/,Thu Aug 20 2026 02:09:42 GMT+0000 (Coordinated Universal Time),4,#æåã¨ç´¡ãå¤ã®ãã£ã«ã,æå ã¨ç´¡ãå¤ã®ãã£ã«ã,,,,,,
2026-08-20T17:34:11.155722+00:00,20260820-173411,https://trends24.in/indonesia/,Thu Aug 20 2026 02:09:42 GMT+0000 (Coordinated Universal Time),5,#ìì¬í_25ë²ì§¸ì¬ë¦,ìì¬í_25ë²ì§¸ì¬ë¦,,,,,,
2026-08-20T17:34:11.155722+00:00,20260820-173411,https://trends24.in/indonesia/,Thu Aug 20 2026 02:09:42 GMT+0000 (Coordinated Universal Time),6,CRACK THE CASE WITH DEWTEE,crack the case with dewtee,,,,,,
2026-08-20T17:34:11.155722+00:00,20260820-173411,https://trends24.in/indonesia/,Thu Aug 20 2026 02:09:42 GMT+0000 (Coordinated Universal Time),7,Kamis,kamis,,,,,,
2026-08-20T17:34:11.155722+00:00,20260820-173411,https://trends24.in/indonesia/,Thu Aug 20 2026 02:09:42 GMT+0000 (Coordinated Universal Time),8,rakyat butuh damai,rakyat butuh damai,,,,,,
2026-08-20T17:34:11.155722+00:00,20260820-173411,https://trends24.in/indonesia/,Thu Aug 20 2026 02:09:42 GMT+0000 (Coordinated Universal Time),9,renjun,renjun,,,,,,
2026-08-20T17:34:11.155722+00:00,20260820-173411,https://trends24.in/indonesia/,Thu Aug 20 2026 02:09:42 GMT+0000 (Coordinated Universal Time),10,NCT DREAM,nct dream,,,,,,
2026-08-20T17:34:11.155722+00:00,20260820-173411,https://trends24.in/indonesia/,Thu Aug 20 2026 02:09:42 GMT+0000 (Coordinated Universal Time),11,tolak provokasi,tolak provokasi,,,,,,
2026-08-20T17:34:11.155722+00:00,20260820-173411,https://trends24.in/indonesia/,Thu Aug 20 2026 02:09:42 GMT+0000 (Coordinated Universal Time),12,Kalimantan,kalimantan,,,,,,
2026-08-20T17:34:11.155722+00:00,20260820-173411,https://trends24.in/indonesia/,Thu Aug 20 2026 02:09:42 GMT+0000 (Coordinated Universal Time),13,Pagii,pagii,,,,,,
2026-08-20T17:34:11.155722+00:00,20260820-173411,https://trends24.in/indonesia/,Thu Aug 20 2026 02:09:42 GMT+0000 (Coordinated Universal Time),14,perthsanta unveiling xpeng,perthsanta unveiling xpeng,,,,,,
2026-08-20T17:34:11.155722+00:00,20260820-173411,https://trends24.in/indonesia/,Thu Aug 20 2026 02:09:42 GMT+0000 (Coordinated Universal Time),15,DONT TOUCH DONT KISS,dont touch dont kiss,,,,,,
2026-08-20T17:34:11.155722+00:00,20260820-173411,https://trends24.in/indonesia/,Thu Aug 20 2026 02:09:42 GMT+0000 (Coordinated Universal Time),16,Dreamies,dreamies,,,,,,
2026-08-20T17:34:11.155722+00:00,20260820-173411,https://trends24.in/indonesia/,Thu Aug 20 2026 02:09:42 GMT+0000 (Coordinated Universal Time),17,Hyundai,hyundai,,,,,,
2026-08-20T17:34:11.155722+00:00,20260820-173411,https://trends24.in/indonesia/,Thu Aug 20 2026 02:09:42 GMT+0000 (Coordinated Universal Time),18,Fatimah,fatimah,,,,,,
2026-08-20T17:34:11.155722+00:00,20260820-173411,https://trends24.in/indonesia/,Thu Aug 20 2026 02:09:42 GMT+0000 (Coordinated Universal Time),19,Jarum,jarum,,,,,,
2026-08-20T17:34:11.155722+00:00,20260820-173411,https://trends24.in/indonesia/,Thu Aug 20 2026 02:09:42 GMT+0000 (Coordinated Universal Time),20,TDS 5,tds 5,,,,,,
2026-08-20T17:34:11.155722+00:00,20260820-173411,https://trends24.in/indonesia/,Thu Aug 20 2026 02:09:42 GMT+0000 (Coordinated Universal Time),21,Trade $PIPEDOG,trade $pipedog,,,,,,
2026-08-20T17:34:11.155722+00:00,20260820-173411,https://trends24.in/indonesia/,Thu Aug 20 2026 02:09:42 GMT+0000 (Coordinated Universal Time),22,cepat sigap hadir,cepat sigap hadir,,,,,,
2026-08-20T17:34:11.155722+00:00,20260820-173411,https://trends24.in/indonesia/,Thu Aug 20 2026 02:09:42 GMT+0000 (Coordinated Universal Time),23,Baleba,baleba,,,,,,
2026-08-20T17:34:11.155722+00:00,20260820-173411,https://trends24.in/indonesia/,Thu Aug 20 2026 02:09:42 GMT+0000 (Coordinated Universal Time),24,HARIT GOLDEN CHAPTER 27,harit golden chapter 27,,,,,,
2026-08-20T17:34:11.155722+00:00,20260820-173411,https://trends24.in/indonesia/,Thu Aug 20 2026 02:09:42 GMT+0000 (Coordinated Universal Time),25,BEM UI,bem ui,,,,,,
2026-08-20T17:34:11.155722+00:00,20260820-173411,https://trends24.in/indonesia/,Thu Aug 20 2026 02:09:42 GMT+0000 (Coordinated Universal Time),26,100 ANSEM,100 ansem,,,,,,
2026-08-20T17:34:11.155722+00:00,20260820-173411,https://trends24.in/indonesia/,Thu Aug 20 2026 02:09:42 GMT+0000 (Coordinated Universal Time),27,Cawang,cawang,,,,,,
2026-08-20T17:34:11.155722+00:00,20260820-173411,https://trends24.in/indonesia/,Thu Aug 20 2026 02:09:42 GMT+0000 (Coordinated Universal Time),28,Hajime,hajime,,,,,,
2026-08-20T17:34:11.155722+00:00,20260820-173411,https://trends24.in/indonesia/,Thu Aug 20 2026 02:09:42 GMT+0000 (Coordinated Universal Time),29,DO YOU MISS JAY,do you miss jay,,,,,,
2026-08-20T17:34:11.155722+00:00,20260820-173411,https://trends24.in/indonesia/,Thu Aug 20 2026 02:09:42 GMT+0000 (Coordinated Universal Time),30,Waalaikumsalam,waalaikumsalam,,,,,,
2026-08-20T17:34:11.155722+00:00,20260820-173411,https://trends24.in/indonesia/,Thu Aug 20 2026 02:09:42 GMT+0000 (Coordinated Universal Time),31,Sarapan,sarapan,,,,,,
2026-08-20T17:34:11.155722+00:00,20260820-173411,https://trends24.in/indonesia/,Thu Aug 20 2026 02:09:42 GMT+0000 (Coordinated Universal Time),32,The Grim Lover Q26,the grim lover q26,,,,,,
2026-08-20T17:34:11.155722+00:00,20260820-173411,https://trends24.in/indonesia/,Thu Aug 20 2026 02:09:42 GMT+0000 (Coordinated Universal Time),33,chenle,chenle,,,,,,
2026-08-20T17:34:11.155722+00:00,20260820-173411,https://trends24.in/indonesia/,Thu Aug 20 2026 02:09:42 GMT+0000 (Coordinated Universal Time),34,$ANSEM,$ansem,,,,,,
2026-08-20T17:34:11.155722+00:00,20260820-173411,https://trends24.in/indonesia/,Thu Aug 20 2026 02:09:42 GMT+0000 (Coordinated Universal Time),35,Morningg,morningg,,,,,,
2026-08-20T17:34:11.155722+00:00,20260820-173411,https://trends24.in/indonesia/,Thu Aug 20 2026 02:09:42 GMT+0000 (Coordinated Universal Time),36,Hong Mingi,hong mingi,,,,,,
2026-08-20T17:34:11.155722+00:00,20260820-173411,https://trends24.in/indonesia/,Thu Aug 20 2026 02:09:42 GMT+0000 (Coordinated Universal Time),37,vernon,vernon,,,,,,
2026-08-20T17:34:11.155722+00:00,20260820-173411,https://trends24.in/indonesia/,Thu Aug 20 2026 02:09:42 GMT+0000 (Coordinated Universal Time),38,Konsa,konsa,,,,,,
2026-08-20T17:34:11.155722+00:00,20260820-173411,https://trends24.in/indonesia/,Thu Aug 20 2026 02:09:42 GMT+0000 (Coordinated Universal Time),39,Fanny,fanny,,,,,,
2026-08-20T17:34:11.155722+00:00,20260820-173411,https://trends24.in/indonesia/,Thu Aug 20 2026 02:09:42 GMT+0000 (Coordinated Universal Time),40,BEM UGM,bem ugm,,,,,,
2026-08-20T17:34:11.155722+00:00,20260820-173411,https://trends24.in/indonesia/,Thu Aug 20 2026 02:09:42 GMT+0000 (Coordinated Universal Time),41,Qixi,qixi,,,,,,
2026-08-20T17:34:11.155722+00:00,20260820-173411,https://trends24.in/indonesia/,Thu Aug 20 2026 02:09:42 GMT+0000 (Coordinated Universal Time),42,jaemin,jaemin,,,,,,
2026-08-20T17:34:11.155722+00:00,20260820-173411,https://trends24.in/indonesia/,Thu Aug 20 2026 02:09:42 GMT+0000 (Coordinated Universal Time),43,PPPK,pppk,,,,,,
2026-08-20T17:34:11.155722+00:00,20260820-173411,https://trends24.in/indonesia/,Thu Aug 20 2026 02:09:42 GMT+0000 (Coordinated Universal Time),44,Who in STRAYKIDS,who in straykids,,,,,,
2026-08-20T17:34:11.155722+00:00,20260820-173411,https://trends24.in/indonesia/,Thu Aug 20 2026 02:09:42 GMT+0000 (Coordinated Universal Time),45,Who in SEVENTEEN,who in seventeen,,,,,,
2026-08-20T17:34:11.155722+00:00,20260820-173411,https://trends24.in/indonesia/,Thu Aug 20 2026 02:09:42 GMT+0000 (Coordinated Universal Time),46,TTP LIFESTYLE AT SIAM,ttp lifestyle at siam,,,,,,
2026-08-20T17:34:11.155722+00:00,20260820-173411,https://trends24.in/indonesia/,Thu Aug 20 2026 02:09:42 GMT+0000 (Coordinated Universal Time),47,Marissa Anita,marissa anita,,,,,,
2026-08-20T17:34:11.155722+00:00,20260820-173411,https://trends24.in/indonesia/,Thu Aug 20 2026 02:09:42 GMT+0000 (Coordinated Universal Time),48,BLOODY PARADISE MV TEASER 2,bloody paradise mv teaser 2,,,,,,
2026-08-20T17:34:11.155722+00:00,20260820-173411,https://trends24.in/indonesia/,Thu Aug 20 2026 02:09:42 GMT+0000 (Coordinated Universal Time),49,UPDATEAN TERBARU NIH,updatean terbaru nih,,,,,,
2026-08-20T17:34:11.155722+00:00,20260820-173411,https://trends24.in/indonesia/,Thu Aug 20 2026 02:09:42 GMT+0000 (Coordinated Universal Time),50,Ford Foundation,ford foundation,,,,,,
2026-08-20T17:34:11.155722+00:00,20260820-173411,https://trends24.in/indonesia/,Thu Aug 20 2026 01:18:42 GMT+0000 (Coordinated Universal Time),1,#MrKillSeriesEP7,mrkillseriesep7,,,,,,
2026-08-20T17:34:11.155722+00:00,20260820-173411,https://trends24.in/indonesia/,Thu Aug 20 2026 01:18:42 GMT+0000 (Coordinated Universal Time),2,#WishJASPERmv,wishjaspermv,,,,,,
2026-08-20T17:34:11.155722+00:00,20260820-173411,https://trends24.in/indonesia/,Thu Aug 20 2026 01:18:42 GMT+0000 (Coordinated Universal Time),3,#Asahi25thKickOff,asahi25thkickoff,,,,,,
2026-08-20T17:34:11.155722+00:00,20260820-173411,https://trends24.in/indonesia/,Thu Aug 20 2026 01:18:42 GMT+0000 (Coordinated Universal Time),4,#æåã¨ç´¡ãå¤ã®ãã£ã«ã,æå ã¨ç´¡ãå¤ã®ãã£ã«ã,,,,,,
2026-08-20T17:34:11.155722+00:00,20260820-173411,https://trends24.in/indonesia/,Thu Aug 20 2026 01:18:42 GMT+0000 (Coordinated Universal Time),5,#ìì¬í_25ë²ì§¸ì¬ë¦,ìì¬í_25ë²ì§¸ì¬ë¦,,,,,,
2026-08-20T17:34:11.155722+00:00,20260820-173411,https://trends24.in/indonesia/,Thu Aug 20 2026 01:18:42 GMT+0000 (Coordinated Universal Time),6,CRACK THE CASE WITH DEWTEE,crack the case with dewtee,,,,,,
2026-08-20T17:34:11.155722+00:00,20260820-173411,https://trends24.in/indonesia/,Thu Aug 20 2026 01:18:42 GMT+0000 (Coordinated Universal Time),7,rakyat butuh damai,rakyat butuh damai,,,,,,
2026-08-20T17:34:11.155722+00:00,20260820-173411,https://trends24.in/indonesia/,Thu Aug 20 2026 01:18:42 GMT+0000 (Coordinated Universal Time),8,Kamis,kamis,,,,,,
2026-08-20T17:34:11.155722+00:00,20260820-173411,https://trends24.in/indonesia/,Thu Aug 20 2026 01:18:42 GMT+0000 (Coordinated Universal Time),9,tolak provokasi,tolak provokasi,,,,,,
2026-08-20T17:34:11.155722+00:00,20260820-173411,https://trends24.in/indonesia/,Thu Aug 20 2026 01:18:42 GMT+0000 (Coordinated Universal Time),10,Pagii,pagii,,,,,,
2026-08-20T17:34:11.155722+00:00,20260820-173411,https://trends24.in/indonesia/,Thu Aug 20 2026 01:18:42 GMT+0000 (Coordinated Universal Time),11,perthsanta unveiling xpeng,perthsanta unveiling xpeng,,,,,,
2026-08-20T17:34:11.155722+00:00,20260820-173411,https://trends24.in/indonesia/,Thu Aug 20 2026 01:18:42 GMT+0000 (Coordinated Universal Time),12,Kalimantan,kalimantan,,,,,,
2026-08-20T17:34:11.155722+00:00,20260820-173411,https://trends24.in/indonesia/,Thu Aug 20 2026 01:18:42 GMT+0000 (Coordinated Universal Time),13,DONT TOUCH DONT KISS,dont touch dont kiss,,,,,,
2026-08-20T17:34:11.155722+00:00,20260820-173411,https://trends24.in/indonesia/,Thu Aug 20 2026 01:18:42 GMT+0000 (Coordinated Universal Time),14,Jarum,jarum,,,,,,
2026-08-20T17:34:11.155722+00:00,20260820-173411,https://trends24.in/indonesia/,Thu Aug 20 2026 01:18:42 GMT+0000 (Coordinated Universal Time),15,Fatimah,fatimah,,,,,,
2026-08-20T17:34:11.155722+00:00,20260820-173411,https://trends24.in/indonesia/,Thu Aug 20 2026 01:18:42 GMT+0000 (Coordinated Universal Time),16,cepat sigap hadir,cepat sigap hadir,,,,,,
2026-08-20T17:34:11.155722+00:00,20260820-173411,https://trends24.in/indonesia/,Thu Aug 20 2026 01:18:42 GMT+0000 (Coordinated Universal Time),17,Baleba,baleba,,,,,,
2026-08-20T17:34:11.155722+00:00,20260820-173411,https://trends24.in/indonesia/,Thu Aug 20 2026 01:18:42 GMT+0000 (Coordinated Universal Time),18,Trade $PIPEDOG,trade $pipedog,,,,,,
2026-08-20T17:34:11.155722+00:00,20260820-173411,https://trends24.in/indonesia/,Thu Aug 20 2026 01:18:42 GMT+0000 (Coordinated Universal Time),19,BEM UI,bem ui,,,,,,
2026-08-20T17:34:11.155722+00:00,20260820-173411,https://trends24.in/indonesia/,Thu Aug 20 2026 01:18:42 GMT+0000 (Coordinated Universal Time),20,Waalaikumsalam,waalaikumsalam,,,,,,
2026-08-20T17:34:11.155722+00:00,20260820-173411,https://trends24.in/indonesia/,Thu Aug 20 2026 01:18:42 GMT+0000 (Coordinated Universal Time),21,NCT DREAM,nct dream,,,,,,
2026-08-20T17:34:11.155722+00:00,20260820-173411,https://trends24.in/indonesia/,Thu Aug 20 2026 01:18:42 GMT+0000 (Coordinated Universal Time),22,HARIT GOLDEN CHAPTER 27,harit golden chapter 27,,,,,,
2026-08-20T17:34:11.155722+00:00,20260820-173411,https://trends24.in/indonesia/,Thu Aug 20 2026 01:18:42 GMT+0000 (Coordinated Universal Time),23,100 ANSEM,100 ansem,,,,,,
2026-08-20T17:34:11.155722+00:00,20260820-173411,https://trends24.in/indonesia/,Thu Aug 20 2026 01:18:42 GMT+0000 (Coordinated Universal Time),24,renjun,renjun,,,,,,
2026-08-20T17:34:11.155722+00:00,20260820-173411,https://trends24.in/indonesia/,Thu Aug 20 2026 01:18:42 GMT+0000 (Coordinated Universal Time),25,Cawang,cawang,,,,,,
2026-08-20T17:34:11.155722+00:00,20260820-173411,https://trends24.in/indonesia/,Thu Aug 20 2026 01:18:42 GMT+0000 (Coordinated Universal Time),26,Hajime,hajime,,,,,,
2026-08-20T17:34:11.155722+00:00,20260820-173411,https://trends24.in/indonesia/,Thu Aug 20 2026 01:18:42 GMT+0000 (Coordinated Universal Time),27,Hyundai,hyundai,,,,,,
2026-08-20T17:34:11.155722+00:00,20260820-173411,https://trends24.in/indonesia/,Thu Aug 20 2026 01:18:42 GMT+0000 (Coordinated Universal Time),28,DO YOU MISS JAY,do you miss jay,,,,,,
2026-08-20T17:34:11.155722+00:00,20260820-173411,https://trends24.in/indonesia/,Thu Aug 20 2026 01:18:42 GMT+0000 (Coordinated Universal Time),29,Morningg,morningg,,,,,,
2026-08-20T17:34:11.155722+00:00,20260820-173411,https://trends24.in/indonesia/,Thu Aug 20 2026 01:18:42 GMT+0000 (Coordinated Universal Time),30,The Grim Lover Q26,the grim lover q26,,,,,,
2026-08-20T17:34:11.155722+00:00,20260820-173411,https://trends24.in/indonesia/,Thu Aug 20 2026 01:18:42 GMT+0000 (Coordinated Universal Time),31,$ANSEM,$ansem,,,,,,
2026-08-20T17:34:11.155722+00:00,20260820-173411,https://trends24.in/indonesia/,Thu Aug 20 2026 01:18:42 GMT+0000 (Coordinated Universal Time),32,Qixi,qixi,,,,,,
2026-08-20T17:34:11.155722+00:00,20260820-173411,https://trends24.in/indonesia/,Thu Aug 20 2026 01:18:42 GMT+0000 (Coordinated Universal Time),33,Hong Mingi,hong mingi,,,,,,
2026-08-20T17:34:11.155722+00:00,20260820-173411,https://trends24.in/indonesia/,Thu Aug 20 2026 01:18:42 GMT+0000 (Coordinated Universal Time),34,Konsa,konsa,,,,,,
2026-08-20T17:34:11.155722+00:00,20260820-173411,https://trends24.in/indonesia/,Thu Aug 20 2026 01:18:42 GMT+0000 (Coordinated Universal Time),35,vernon,vernon,,,,,,
2026-08-20T17:34:11.155722+00:00,20260820-173411,https://trends24.in/indonesia/,Thu Aug 20 2026 01:18:42 GMT+0000 (Coordinated Universal Time),36,Fanny,fanny,,,,,,
2026-08-20T17:34:11.155722+00:00,20260820-173411,https://trends24.in/indonesia/,Thu Aug 20 2026 01:18:42 GMT+0000 (Coordinated Universal Time),37,Love Destiny EP6,love destiny ep6,,,,,,
2026-08-20T17:34:11.155722+00:00,20260820-173411,https://trends24.in/indonesia/,Thu Aug 20 2026 01:18:42 GMT+0000 (Coordinated Universal Time),38,BEM UGM,bem ugm,,,,,,
2026-08-20T17:34:11.155722+00:00,20260820-173411,https://trends24.in/indonesia/,Thu Aug 20 2026 01:18:42 GMT+0000 (Coordinated Universal Time),39,PPPK,pppk,,,,,,
2026-08-20T17:34:11.155722+00:00,20260820-173411,https://trends24.in/indonesia/,Thu Aug 20 2026 01:18:42 GMT+0000 (Coordinated Universal Time),40,Marissa Anita,marissa anita,,,,,,
2026-08-20T17:34:11.155722+00:00,20260820-173411,https://trends24.in/indonesia/,Thu Aug 20 2026 01:18:42 GMT+0000 (Coordinated Universal Time),41,Who in SEVENTEEN,who in seventeen,,,,,,
2026-08-20T17:34:11.155722+00:00,20260820-173411,https://trends24.in/indonesia/,Thu Aug 20 2026 01:18:42 GMT+0000 (Coordinated Universal Time),42,Who in STRAYKIDS,who in straykids,,,,,,
2026-08-20T17:34:11.155722+00:00,20260820-173411,https://trends24.in/indonesia/,Thu Aug 20 2026 01:18:42 GMT+0000 (Coordinated Universal Time),43,Indonesia Makmur,indonesia makmur,,,,,,
2026-08-20T17:34:11.155722+00:00,20260820-173411,https://trends24.in/indonesia/,Thu Aug 20 2026 01:18:42 GMT+0000 (Coordinated Universal Time),44,Sarapan,sarapan,,,,,,
2026-08-20T17:34:11.155722+00:00,20260820-173411,https://trends24.in/indonesia/,Thu Aug 20 2026 01:18:42 GMT+0000 (Coordinated Universal Time),45,TTP LIFESTYLE AT SIAM,ttp lifestyle at siam,,,,,,
2026-08-20T17:34:11.155722+00:00,20260820-173411,https://trends24.in/indonesia/,Thu Aug 20 2026 01:18:42 GMT+0000 (Coordinated Universal Time),46,BLOODY PARADISE MV TEASER 2,bloody paradise mv teaser 2,,,,,,
2026-08-20T17:34:11.155722+00:00,20260820-173411,https://trends24.in/indonesia/,Thu Aug 20 2026 01:18:42 GMT+0000 (Coordinated Universal Time),47,UPDATEAN TERBARU NIH,updatean terbaru nih,,,,,,
2026-08-20T17:34:11.155722+00:00,20260820-173411,https://trends24.in/indonesia/,Thu Aug 20 2026 01:18:42 GMT+0000 (Coordinated Universal Time),48,Ford Foundation,ford foundation,,,,,,
2026-08-20T17:34:11.155722+00:00,20260820-173411,https://trends24.in/indonesia/,Thu Aug 20 2026 01:18:42 GMT+0000 (Coordinated Universal Time),49,Haikyuu,haikyuu,,,,,,
2026-08-20T17:34:11.155722+00:00,20260820-173411,https://trends24.in/indonesia/,Thu Aug 20 2026 01:18:42 GMT+0000 (Coordinated Universal Time),50,Peradilan Luhur,peradilan luhur,,,,,,
2026-08-20T17:34:11.155722+00:00,20260820-173411,https://trends24.in/indonesia/,Thu Aug 20 2026 00:27:37 GMT+0000 (Coordinated Universal Time),1,#MrKillSeriesEP7,mrkillseriesep7,,,,,,
2026-08-20T17:34:11.155722+00:00,20260820-173411,https://trends24.in/indonesia/,Thu Aug 20 2026 00:27:37 GMT+0000 (Coordinated Universal Time),2,#WishJASPERmv,wishjaspermv,,,,,,
2026-08-20T17:34:11.155722+00:00,20260820-173411,https://trends24.in/indonesia/,Thu Aug 20 2026 00:27:37 GMT+0000 (Coordinated Universal Time),3,#Asahi25thKickOff,asahi25thkickoff,,,,,,
2026-08-20T17:34:11.155722+00:00,20260820-173411,https://trends24.in/indonesia/,Thu Aug 20 2026 00:27:37 GMT+0000 (Coordinated Universal Time),4,#æåã¨ç´¡ãå¤ã®ãã£ã«ã,æå ã¨ç´¡ãå¤ã®ãã£ã«ã,,,,,,
2026-08-20T17:34:11.155722+00:00,20260820-173411,https://trends24.in/indonesia/,Thu Aug 20 2026 00:27:37 GMT+0000 (Coordinated Universal Time),5,#ìì¬í_25ë²ì§¸ì¬ë¦,ìì¬í_25ë²ì§¸ì¬ë¦,,,,,,
2026-08-20T17:34:11.155722+00:00,20260820-173411,https://trends24.in/indonesia/,Thu Aug 20 2026 00:27:37 GMT+0000 (Coordinated Universal Time),6,CRACK THE CASE WITH DEWTEE,crack the case with dewtee,,,,,,
2026-08-20T17:34:11.155722+00:00,20260820-173411,https://trends24.in/indonesia/,Thu Aug 20 2026 00:27:37 GMT+0000 (Coordinated Universal Time),7,rakyat butuh damai,rakyat butuh damai,,,,,,
2026-08-20T17:34:11.155722+00:00,20260820-173411,https://trends24.in/indonesia/,Thu Aug 20 2026 00:27:37 GMT+0000 (Coordinated Universal Time),8,Kamis,kamis,,,,,,
2026-08-20T17:34:11.155722+00:00,20260820-173411,https://trends24.in/indonesia/,Thu Aug 20 2026 00:27:37 GMT+0000 (Coordinated Universal Time),9,tolak provokasi,tolak provokasi,,,,,,
2026-08-20T17:34:11.155722+00:00,20260820-173411,https://trends24.in/indonesia/,Thu Aug 20 2026 00:27:37 GMT+0000 (Coordinated Universal Time),10,perthsanta unveiling xpeng,perthsanta unveiling xpeng,,,,,,
2026-08-20T17:34:11.155722+00:00,20260820-173411,https://trends24.in/indonesia/,Thu Aug 20 2026 00:27:37 GMT+0000 (Coordinated Universal Time),11,DONT TOUCH DONT KISS,dont touch dont kiss,,,,,,
2026-08-20T17:34:11.155722+00:00,20260820-173411,https://trends24.in/indonesia/,Thu Aug 20 2026 00:27:37 GMT+0000 (Coordinated Universal Time),12,Kalimantan,kalimantan,,,,,,
2026-08-20T17:34:11.155722+00:00,20260820-173411,https://trends24.in/indonesia/,Thu Aug 20 2026 00:27:37 GMT+0000 (Coordinated Universal Time),13,Pagii,pagii,,,,,,
2026-08-20T17:34:11.155722+00:00,20260820-173411,https://trends24.in/indonesia/,Thu Aug 20 2026 00:27:37 GMT+0000 (Coordinated Universal Time),14,Jarum,jarum,,,,,,
2026-08-20T17:34:11.155722+00:00,20260820-173411,https://trends24.in/indonesia/,Thu Aug 20 2026 00:27:37 GMT+0000 (Coordinated Universal Time),15,Waalaikumsalam,waalaikumsalam,,,,,,
2026-08-20T17:34:11.155722+00:00,20260820-173411,https://trends24.in/indonesia/,Thu Aug 20 2026 00:27:37 GMT+0000 (Coordinated Universal Time),16,Fatimah,fatimah,,,,,,
2026-08-20T17:34:11.155722+00:00,20260820-173411,https://trends24.in/indonesia/,Thu Aug 20 2026 00:27:37 GMT+0000 (Coordinated Universal Time),17,HARIT GOLDEN CHAPTER 27,harit golden chapter 27,,,,,,
2026-08-20T17:34:11.155722+00:00,20260820-173411,https://trends24.in/indonesia/,Thu Aug 20 2026 00:27:37 GMT+0000 (Coordinated Universal Time),18,cepat sigap hadir,cepat sigap hadir,,,,,,
2026-08-20T17:34:11.155722+00:00,20260820-173411,https://trends24.in/indonesia/,Thu Aug 20 2026 00:27:37 GMT+0000 (Coordinated Universal Time),19,Baleba,baleba,,,,,,
2026-08-20T17:34:11.155722+00:00,20260820-173411,https://trends24.in/indonesia/,Thu Aug 20 2026 00:27:37 GMT+0000 (Coordinated Universal Time),20,BEM UI,bem ui,,,,,,
2026-08-20T17:34:11.155722+00:00,20260820-173411,https://trends24.in/indonesia/,Thu Aug 20 2026 00:27:37 GMT+0000 (Coordinated Universal Time),21,Trade $PIPEDOG,trade $pipedog,,,,,,
2026-08-20T17:34:11.155722+00:00,20260820-173411,https://trends24.in/indonesia/,Thu Aug 20 2026 00:27:37 GMT+0000 (Coordinated Universal Time),22,100 ANSEM,100 ansem,,,,,,
2026-08-20T17:34:11.155722+00:00,20260820-173411,https://trends24.in/indonesia/,Thu Aug 20 2026 00:27:37 GMT+0000 (Coordinated Universal Time),23,Hajime,hajime,,,,,,
2026-08-20T17:34:11.155722+00:00,20260820-173411,https://trends24.in/indonesia/,Thu Aug 20 2026 00:27:37 GMT+0000 (Coordinated Universal Time),24,DO YOU MISS JAY,do you miss jay,,,,,,
2026-08-20T17:34:11.155722+00:00,20260820-173411,https://trends24.in/indonesia/,Thu Aug 20 2026 00:27:37 GMT+0000 (Coordinated Universal Time),25,selamat hari pengayoman,selamat hari pengayoman,,,,,,
2026-08-20T17:34:11.155722+00:00,20260820-173411,https://trends24.in/indonesia/,Thu Aug 20 2026 00:27:37 GMT+0000 (Coordinated Universal Time),26,$ANSEM,$ansem,,,,,,
2026-08-20T17:34:11.155722+00:00,20260820-173411,https://trends24.in/indonesia/,Thu Aug 20 2026 00:27:37 GMT+0000 (Coordinated Universal Time),27,Ford Foundation,ford foundation,,,,,,
2026-08-20T17:34:11.155722+00:00,20260820-173411,https://trends24.in/indonesia/,Thu Aug 20 2026 00:27:37 GMT+0000 (Coordinated Universal Time),28,Morningg,morningg,,,,,,
2026-08-20T17:34:11.155722+00:00,20260820-173411,https://trends24.in/indonesia/,Thu Aug 20 2026 00:27:37 GMT+0000 (Coordinated Universal Time),29,The Grim Lover Q26,the grim lover q26,,,,,,
2026-08-20T17:34:11.155722+00:00,20260820-173411,https://trends24.in/indonesia/,Thu Aug 20 2026 00:27:37 GMT+0000 (Coordinated Universal Time),30,Qixi,qixi,,,,,,
2026-08-20T17:34:11.155722+00:00,20260820-173411,https://trends24.in/indonesia/,Thu Aug 20 2026 00:27:37 GMT+0000 (Coordinated Universal Time),31,Cawang,cawang,,,,,,
2026-08-20T17:34:11.155722+00:00,20260820-173411,https://trends24.in/indonesia/,Thu Aug 20 2026 00:27:37 GMT+0000 (Coordinated Universal Time),32,berdampak,berdampak,,,,,,
2026-08-20T17:34:11.155722+00:00,20260820-173411,https://trends24.in/indonesia/,Thu Aug 20 2026 00:27:37 GMT+0000 (Coordinated Universal Time),33,Hong Mingi,hong mingi,,,,,,
2026-08-20T17:34:11.155722+00:00,20260820-173411,https://trends24.in/indonesia/,Thu Aug 20 2026 00:27:37 GMT+0000 (Coordinated Universal Time),34,transformasi digital,transformasi digital,,,,,,
2026-08-20T17:34:11.155722+00:00,20260820-173411,https://trends24.in/indonesia/,Thu Aug 20 2026 00:27:37 GMT+0000 (Coordinated Universal Time),35,pelayanan hukum,pelayanan hukum,,,,,,
2026-08-20T17:34:11.155722+00:00,20260820-173411,https://trends24.in/indonesia/,Thu Aug 20 2026 00:27:37 GMT+0000 (Coordinated Universal Time),36,Fanny,fanny,,,,,,
2026-08-20T17:34:11.155722+00:00,20260820-173411,https://trends24.in/indonesia/,Thu Aug 20 2026 00:27:37 GMT+0000 (Coordinated Universal Time),37,Love Destiny EP6,love destiny ep6,,,,,,
2026-08-20T17:34:11.155722+00:00,20260820-173411,https://trends24.in/indonesia/,Thu Aug 20 2026 00:27:37 GMT+0000 (Coordinated Universal Time),38,Konsa,konsa,,,,,,
2026-08-20T17:34:11.155722+00:00,20260820-173411,https://trends24.in/indonesia/,Thu Aug 20 2026 00:27:37 GMT+0000 (Coordinated Universal Time),39,Vernon,vernon,,,,,,
2026-08-20T17:34:11.155722+00:00,20260820-173411,https://trends24.in/indonesia/,Thu Aug 20 2026 00:27:37 GMT+0000 (Coordinated Universal Time),40,Marissa Anita,marissa anita,,,,,,
2026-08-20T17:34:11.155722+00:00,20260820-173411,https://trends24.in/indonesia/,Thu Aug 20 2026 00:27:37 GMT+0000 (Coordinated Universal Time),41,Who in SEVENTEEN,who in seventeen,,,,,,
2026-08-20T17:34:11.155722+00:00,20260820-173411,https://trends24.in/indonesia/,Thu Aug 20 2026 00:27:37 GMT+0000 (Coordinated Universal Time),42,BEM UGM,bem ugm,,,,,,
2026-08-20T17:34:11.155722+00:00,20260820-173411,https://trends24.in/indonesia/,Thu Aug 20 2026 00:27:37 GMT+0000 (Coordinated Universal Time),43,Haikyuu,haikyuu,,,,,,
2026-08-20T17:34:11.155722+00:00,20260820-173411,https://trends24.in/indonesia/,Thu Aug 20 2026 00:27:37 GMT+0000 (Coordinated Universal Time),44,$USDC,$usdc,,,,,,
2026-08-20T17:34:11.155722+00:00,20260820-173411,https://trends24.in/indonesia/,Thu Aug 20 2026 00:27:37 GMT+0000 (Coordinated Universal Time),45,PPPK,pppk,,,,,,
2026-08-20T17:34:11.155722+00:00,20260820-173411,https://trends24.in/indonesia/,Thu Aug 20 2026 00:27:37 GMT+0000 (Coordinated Universal Time),46,mengayomi,mengayomi,,,,,,
2026-08-20T17:34:11.155722+00:00,20260820-173411,https://trends24.in/indonesia/,Thu Aug 20 2026 00:27:37 GMT+0000 (Coordinated Universal Time),47,selamat hari jadi,selamat hari jadi,,,,,,
2026-08-20T17:34:11.155722+00:00,20260820-173411,https://trends24.in/indonesia/,Thu Aug 20 2026 00:27:37 GMT+0000 (Coordinated Universal Time),48,Who in STRAYKIDS,who in straykids,,,,,,
2026-08-20T17:34:11.155722+00:00,20260820-173411,https://trends24.in/indonesia/,Thu Aug 20 2026 00:27:37 GMT+0000 (Coordinated Universal Time),49,Indonesia Makmur,indonesia makmur,,,,,,
2026-08-20T17:34:11.155722+00:00,20260820-173411,https://trends24.in/indonesia/,Thu Aug 20 2026 00:27:37 GMT+0000 (Coordinated Universal Time),50,Hujan,hujan,,,,,,
2026-08-20T17:34:11.155722+00:00,20260820-173411,https://trends24.in/indonesia/,Wed Aug 19 2026 23:36:10 GMT+0000 (Coordinated Universal Time),1,#MrKillSeriesEP7,mrkillseriesep7,,,,,,
2026-08-20T17:34:11.155722+00:00,20260820-173411,https://trends24.in/indonesia/,Wed Aug 19 2026 23:36:10 GMT+0000 (Coordinated Universal Time),2,#WishJASPERmv,wishjaspermv,,,,,,
2026-08-20T17:34:11.155722+00:00,20260820-173411,https://trends24.in/indonesia/,Wed Aug 19 2026 23:36:10 GMT+0000 (Coordinated Universal Time),3,CRACK THE CASE WITH DEWTEE,crack the case with dewtee,,,,,,
2026-08-20T17:34:11.155722+00:00,20260820-173411,https://trends24.in/indonesia/,Wed Aug 19 2026 23:36:10 GMT+0000 (Coordinated Universal Time),4,#Asahi25thKickOff,asahi25thkickoff,,,,,,
2026-08-20T17:34:11.155722+00:00,20260820-173411,https://trends24.in/indonesia/,Wed Aug 19 2026 23:36:10 GMT+0000 (Coordinated Universal Time),5,#æåã¨ç´¡ãå¤ã®ãã£ã«ã,æå ã¨ç´¡ãå¤ã®ãã£ã«ã,,,,,,
2026-08-20T17:34:11.155722+00:00,20260820-173411,https://trends24.in/indonesia/,Wed Aug 19 2026 23:36:10 GMT+0000 (Coordinated Universal Time),6,#ìì¬í_25ë²ì§¸ì¬ë¦,ìì¬í_25ë²ì§¸ì¬ë¦,,,,,,
2026-08-20T17:34:11.155722+00:00,20260820-173411,https://trends24.in/indonesia/,Wed Aug 19 2026 23:36:10 GMT+0000 (Coordinated Universal Time),7,rakyat butuh damai,rakyat butuh damai,,,,,,
2026-08-20T17:34:11.155722+00:00,20260820-173411,https://trends24.in/indonesia/,Wed Aug 19 2026 23:36:10 GMT+0000 (Coordinated Universal Time),8,tolak provokasi,tolak provokasi,,,,,,
2026-08-20T17:34:11.155722+00:00,20260820-173411,https://trends24.in/indonesia/,Wed Aug 19 2026 23:36:10 GMT+0000 (Coordinated Universal Time),9,perthsanta unveiling xpeng,perthsanta unveiling xpeng,,,,,,
2026-08-20T17:34:11.155722+00:00,20260820-173411,https://trends24.in/indonesia/,Wed Aug 19 2026 23:36:10 GMT+0000 (Coordinated Universal Time),10,DONT TOUCH DONT KISS,dont touch dont kiss,,,,,,
2026-08-20T17:34:11.155722+00:00,20260820-173411,https://trends24.in/indonesia/,Wed Aug 19 2026 23:36:10 GMT+0000 (Coordinated Universal Time),11,Jarum,jarum,,,,,,
2026-08-20T17:34:11.155722+00:00,20260820-173411,https://trends24.in/indonesia/,Wed Aug 19 2026 23:36:10 GMT+0000 (Coordinated Universal Time),12,Kalimantan,kalimantan,,,,,,
2026-08-20T17:34:11.155722+00:00,20260820-173411,https://trends24.in/indonesia/,Wed Aug 19 2026 23:36:10 GMT+0000 (Coordinated Universal Time),13,Fatimah,fatimah,,,,,,
2026-08-20T17:34:11.155722+00:00,20260820-173411,https://trends24.in/indonesia/,Wed Aug 19 2026 23:36:10 GMT+0000 (Coordinated Universal Time),14,Trade $PIPEDOG,trade $pipedog,,,,,,
2026-08-20T17:34:11.155722+00:00,20260820-173411,https://trends24.in/indonesia/,Wed Aug 19 2026 23:36:10 GMT+0000 (Coordinated Universal Time),15,HARIT GOLDEN CHAPTER 27,harit golden chapter 27,,,,,,
2026-08-20T17:34:11.155722+00:00,20260820-173411,https://trends24.in/indonesia/,Wed Aug 19 2026 23:36:10 GMT+0000 (Coordinated Universal Time),16,cepat sigap hadir,cepat sigap hadir,,,,,,
2026-08-20T17:34:11.155722+00:00,20260820-173411,https://trends24.in/indonesia/,Wed Aug 19 2026 23:36:10 GMT+0000 (Coordinated Universal Time),17,Baleba,baleba,,,,,,
2026-08-20T17:34:11.155722+00:00,20260820-173411,https://trends24.in/indonesia/,Wed Aug 19 2026 23:36:10 GMT+0000 (Coordinated Universal Time),18,BEM UI,bem ui,,,,,,
2026-08-20T17:34:11.155722+00:00,20260820-173411,https://trends24.in/indonesia/,Wed Aug 19 2026 23:36:10 GMT+0000 (Coordinated Universal Time),19,Waalaikumsalam,waalaikumsalam,,,,,,
2026-08-20T17:34:11.155722+00:00,20260820-173411,https://trends24.in/indonesia/,Wed Aug 19 2026 23:36:10 GMT+0000 (Coordinated Universal Time),20,100 ANSEM,100 ansem,,,,,,
2026-08-20T17:34:11.155722+00:00,20260820-173411,https://trends24.in/indonesia/,Wed Aug 19 2026 23:36:10 GMT+0000 (Coordinated Universal Time),21,Kamis,kamis,,,,,,
2026-08-20T17:34:11.155722+00:00,20260820-173411,https://trends24.in/indonesia/,Wed Aug 19 2026 23:36:10 GMT+0000 (Coordinated Universal Time),22,DO YOU MISS JAY,do you miss jay,,,,,,
2026-08-20T17:34:11.155722+00:00,20260820-173411,https://trends24.in/indonesia/,Wed Aug 19 2026 23:36:10 GMT+0000 (Coordinated Universal Time),23,Hajime,hajime,,,,,,
2026-08-20T17:34:11.155722+00:00,20260820-173411,https://trends24.in/indonesia/,Wed Aug 19 2026 23:36:10 GMT+0000 (Coordinated Universal Time),24,Hong Mingi,hong mingi,,,,,,
2026-08-20T17:34:11.155722+00:00,20260820-173411,https://trends24.in/indonesia/,Wed Aug 19 2026 23:36:10 GMT+0000 (Coordinated Universal Time),25,$ANSEM,$ansem,,,,,,
2026-08-20T17:34:11.155722+00:00,20260820-173411,https://trends24.in/indonesia/,Wed Aug 19 2026 23:36:10 GMT+0000 (Coordinated Universal Time),26,selamat hari pengayoman,selamat hari pengayoman,,,,,,
2026-08-20T17:34:11.155722+00:00,20260820-173411,https://trends24.in/indonesia/,Wed Aug 19 2026 23:36:10 GMT+0000 (Coordinated Universal Time),27,Ford Foundation,ford foundation,,,,,,
2026-08-20T17:34:11.155722+00:00,20260820-173411,https://trends24.in/indonesia/,Wed Aug 19 2026 23:36:10 GMT+0000 (Coordinated Universal Time),28,The Grim Lover Q26,the grim lover q26,,,,,,
2026-08-20T17:34:11.155722+00:00,20260820-173411,https://trends24.in/indonesia/,Wed Aug 19 2026 23:36:10 GMT+0000 (Coordinated Universal Time),29,Qixi,qixi,,,,,,
2026-08-20T17:34:11.155722+00:00,20260820-173411,https://trends24.in/indonesia/,Wed Aug 19 2026 23:36:10 GMT+0000 (Coordinated Universal Time),30,BEM UGM,bem ugm,,,,,,
2026-08-20T17:34:11.155722+00:00,20260820-173411,https://trends24.in/indonesia/,Wed Aug 19 2026 23:36:10 GMT+0000 (Coordinated Universal Time),31,berdampak,berdampak,,,,,,
2026-08-20T17:34:11.155722+00:00,20260820-173411,https://trends24.in/indonesia/,Wed Aug 19 2026 23:36:10 GMT+0000 (Coordinated Universal Time),32,transformasi digital,transformasi digital,,,,,,
2026-08-20T17:34:11.155722+00:00,20260820-173411,https://trends24.in/indonesia/,Wed Aug 19 2026 23:36:10 GMT+0000 (Coordinated Universal Time),33,pelayanan hukum,pelayanan hukum,,,,,,
2026-08-20T17:34:11.155722+00:00,20260820-173411,https://trends24.in/indonesia/,Wed Aug 19 2026 23:36:10 GMT+0000 (Coordinated Universal Time),34,Fanny,fanny,,,,,,
2026-08-20T17:34:11.155722+00:00,20260820-173411,https://trends24.in/indonesia/,Wed Aug 19 2026 23:36:10 GMT+0000 (Coordinated Universal Time),35,Love Destiny EP6,love destiny ep6,,,,,,
2026-08-20T17:34:11.155722+00:00,20260820-173411,https://trends24.in/indonesia/,Wed Aug 19 2026 23:36:10 GMT+0000 (Coordinated Universal Time),36,Konsa,konsa,,,,,,
2026-08-20T17:34:11.155722+00:00,20260820-173411,https://trends24.in/indonesia/,Wed Aug 19 2026 23:36:10 GMT+0000 (Coordinated Universal Time),37,Marissa Anita,marissa anita,,,,,,
2026-08-20T17:34:11.155722+00:00,20260820-173411,https://trends24.in/indonesia/,Wed Aug 19 2026 23:36:10 GMT+0000 (Coordinated Universal Time),38,Who in SEVENTEEN,who in seventeen,,,,,,
2026-08-20T17:34:11.155722+00:00,20260820-173411,https://trends24.in/indonesia/,Wed Aug 19 2026 23:36:10 GMT+0000 (Coordinated Universal Time),39,Haikyuu,haikyuu,,,,,,
2026-08-20T17:34:11.155722+00:00,20260820-173411,https://trends24.in/indonesia/,Wed Aug 19 2026 23:36:10 GMT+0000 (Coordinated Universal Time),40,Brighton,brighton,,,,,,
2026-08-20T17:34:11.155722+00:00,20260820-173411,https://trends24.in/indonesia/,Wed Aug 19 2026 23:36:10 GMT+0000 (Coordinated Universal Time),41,Vernon,vernon,,,,,,
2026-08-20T17:34:11.155722+00:00,20260820-173411,https://trends24.in/indonesia/,Wed Aug 19 2026 23:36:10 GMT+0000 (Coordinated Universal Time),42,$USDC,$usdc,,,,,,
2026-08-20T17:34:11.155722+00:00,20260820-173411,https://trends24.in/indonesia/,Wed Aug 19 2026 23:36:10 GMT+0000 (Coordinated Universal Time),43,Seth,seth,,,,,,
2026-08-20T17:34:11.155722+00:00,20260820-173411,https://trends24.in/indonesia/,Wed Aug 19 2026 23:36:10 GMT+0000 (Coordinated Universal Time),44,Pagii,pagii,,,,,,
2026-08-20T17:34:11.155722+00:00,20260820-173411,https://trends24.in/indonesia/,Wed Aug 19 2026 23:36:10 GMT+0000 (Coordinated Universal Time),45,Indonesia Makmur,indonesia makmur,,,,,,
2026-08-20T17:34:11.155722+00:00,20260820-173411,https://trends24.in/indonesia/,Wed Aug 19 2026 23:36:10 GMT+0000 (Coordinated Universal Time),46,peradilan luhur,peradilan luhur,,,,,,
2026-08-20T17:34:11.155722+00:00,20260820-173411,https://trends24.in/indonesia/,Wed Aug 19 2026 23:36:10 GMT+0000 (Coordinated Universal Time),47,PPPK,pppk,,,,,,
2026-08-20T17:34:11.155722+00:00,20260820-173411,https://trends24.in/indonesia/,Wed Aug 19 2026 23:36:10 GMT+0000 (Coordinated Universal Time),48,mengayomi,mengayomi,,,,,,
2026-08-20T17:34:11.155722+00:00,20260820-173411,https://trends24.in/indonesia/,Wed Aug 19 2026 23:36:10 GMT+0000 (Coordinated Universal Time),49,selamat hari jadi,selamat hari jadi,,,,,,
2026-08-20T17:34:11.155722+00:00,20260820-173411,https://trends24.in/indonesia/,Wed Aug 19 2026 23:36:10 GMT+0000 (Coordinated Universal Time),50,Who in STRAYKIDS,who in straykids,,,,,,
2026-08-20T17:34:11.155722+00:00,20260820-173411,https://trends24.in/indonesia/,Wed Aug 19 2026 22:44:10 GMT+0000 (Coordinated Universal Time),1,#MrKillSeriesEP7,mrkillseriesep7,,,,,,
2026-08-20T17:34:11.155722+00:00,20260820-173411,https://trends24.in/indonesia/,Wed Aug 19 2026 22:44:10 GMT+0000 (Coordinated Universal Time),2,#WishJASPERmv,wishjaspermv,,,,,,
2026-08-20T17:34:11.155722+00:00,20260820-173411,https://trends24.in/indonesia/,Wed Aug 19 2026 22:44:10 GMT+0000 (Coordinated Universal Time),3,CRACK THE CASE WITH DEWTEE,crack the case with dewtee,,,,,,
2026-08-20T17:34:11.155722+00:00,20260820-173411,https://trends24.in/indonesia/,Wed Aug 19 2026 22:44:10 GMT+0000 (Coordinated Universal Time),4,#Asahi25thKickOff,asahi25thkickoff,,,,,,
2026-08-20T17:34:11.155722+00:00,20260820-173411,https://trends24.in/indonesia/,Wed Aug 19 2026 22:44:10 GMT+0000 (Coordinated Universal Time),5,#æåã¨ç´¡ãå¤ã®ãã£ã«ã,æå ã¨ç´¡ãå¤ã®ãã£ã«ã,,,,,,
2026-08-20T17:34:11.155722+00:00,20260820-173411,https://trends24.in/indonesia/,Wed Aug 19 2026 22:44:10 GMT+0000 (Coordinated Universal Time),6,#ìì¬í_25ë²ì§¸ì¬ë¦,ìì¬í_25ë²ì§¸ì¬ë¦,,,,,,
2026-08-20T17:34:11.155722+00:00,20260820-173411,https://trends24.in/indonesia/,Wed Aug 19 2026 22:44:10 GMT+0000 (Coordinated Universal Time),7,rakyat butuh damai,rakyat butuh damai,,,,,,
2026-08-20T17:34:11.155722+00:00,20260820-173411,https://trends24.in/indonesia/,Wed Aug 19 2026 22:44:10 GMT+0000 (Coordinated Universal Time),8,tolak provokasi,tolak provokasi,,,,,,
2026-08-20T17:34:11.155722+00:00,20260820-173411,https://trends24.in/indonesia/,Wed Aug 19 2026 22:44:10 GMT+0000 (Coordinated Universal Time),9,perthsanta unveiling xpeng,perthsanta unveiling xpeng,,,,,,
2026-08-20T17:34:11.155722+00:00,20260820-173411,https://trends24.in/indonesia/,Wed Aug 19 2026 22:44:10 GMT+0000 (Coordinated Universal Time),10,Trade $PIPEDOG,trade $pipedog,,,,,,
2026-08-20T17:34:11.155722+00:00,20260820-173411,https://trends24.in/indonesia/,Wed Aug 19 2026 22:44:10 GMT+0000 (Coordinated Universal Time),11,DONT TOUCH DONT KISS,dont touch dont kiss,,,,,,
2026-08-20T17:34:11.155722+00:00,20260820-173411,https://trends24.in/indonesia/,Wed Aug 19 2026 22:44:10 GMT+0000 (Coordinated Universal Time),12,Kalimantan,kalimantan,,,,,,
2026-08-20T17:34:11.155722+00:00,20260820-173411,https://trends24.in/indonesia/,Wed Aug 19 2026 22:44:10 GMT+0000 (Coordinated Universal Time),13,Fatimah,fatimah,,,,,,
2026-08-20T17:34:11.155722+00:00,20260820-173411,https://trends24.in/indonesia/,Wed Aug 19 2026 22:44:10 GMT+0000 (Coordinated Universal Time),14,BEM UI,bem ui,,,,,,
2026-08-20T17:34:11.155722+00:00,20260820-173411,https://trends24.in/indonesia/,Wed Aug 19 2026 22:44:10 GMT+0000 (Coordinated Universal Time),15,HARIT GOLDEN CHAPTER 27,harit golden chapter 27,,,,,,
2026-08-20T17:34:11.155722+00:00,20260820-173411,https://trends24.in/indonesia/,Wed Aug 19 2026 22:44:10 GMT+0000 (Coordinated Universal Time),16,Baleba,baleba,,,,,,
2026-08-20T17:34:11.155722+00:00,20260820-173411,https://trends24.in/indonesia/,Wed Aug 19 2026 22:44:10 GMT+0000 (Coordinated Universal Time),17,cepat sigap hadir,cepat sigap hadir,,,,,,
2026-08-20T17:34:11.155722+00:00,20260820-173411,https://trends24.in/indonesia/,Wed Aug 19 2026 22:44:10 GMT+0000 (Coordinated Universal Time),18,bangkit lebih kuat,bangkit lebih kuat,,,,,,
2026-08-20T17:34:11.155722+00:00,20260820-173411,https://trends24.in/indonesia/,Wed Aug 19 2026 22:44:10 GMT+0000 (Coordinated Universal Time),19,100 ANSEM,100 ansem,,,,,,
2026-08-20T17:34:11.155722+00:00,20260820-173411,https://trends24.in/indonesia/,Wed Aug 19 2026 22:44:10 GMT+0000 (Coordinated Universal Time),20,$USDC,$usdc,,,,,,
2026-08-20T17:34:11.155722+00:00,20260820-173411,https://trends24.in/indonesia/,Wed Aug 19 2026 22:44:10 GMT+0000 (Coordinated Universal Time),21,DO YOU MISS JAY,do you miss jay,,,,,,
2026-08-20T17:34:11.155722+00:00,20260820-173411,https://trends24.in/indonesia/,Wed Aug 19 2026 22:44:10 GMT+0000 (Coordinated Universal Time),22,Hajime,hajime,,,,,,
2026-08-20T17:34:11.155722+00:00,20260820-173411,https://trends24.in/indonesia/,Wed Aug 19 2026 22:44:10 GMT+0000 (Coordinated Universal Time),23,Hong Mingi,hong mingi,,,,,,
2026-08-20T17:34:11.155722+00:00,20260820-173411,https://trends24.in/indonesia/,Wed Aug 19 2026 22:44:10 GMT+0000 (Coordinated Universal Time),24,$ANSEM,$ansem,,,,,,
2026-08-20T17:34:11.155722+00:00,20260820-173411,https://trends24.in/indonesia/,Wed Aug 19 2026 22:44:10 GMT+0000 (Coordinated Universal Time),25,selamat hari pengayoman,selamat hari pengayoman,,,,,,
2026-08-20T17:34:11.155722+00:00,20260820-173411,https://trends24.in/indonesia/,Wed Aug 19 2026 22:44:10 GMT+0000 (Coordinated Universal Time),26,Ford Foundation,ford foundation,,,,,,
2026-08-20T17:34:11.155722+00:00,20260820-173411,https://trends24.in/indonesia/,Wed Aug 19 2026 22:44:10 GMT+0000 (Coordinated Universal Time),27,Qixi,qixi,,,,,,
2026-08-20T17:34:11.155722+00:00,20260820-173411,https://trends24.in/indonesia/,Wed Aug 19 2026 22:44:10 GMT+0000 (Coordinated Universal Time),28,The Grim Lover Q26,the grim lover q26,,,,,,
2026-08-20T17:34:11.155722+00:00,20260820-173411,https://trends24.in/indonesia/,Wed Aug 19 2026 22:44:10 GMT+0000 (Coordinated Universal Time),29,BEM UGM,bem ugm,,,,,,
2026-08-20T17:34:11.155722+00:00,20260820-173411,https://trends24.in/indonesia/,Wed Aug 19 2026 22:44:10 GMT+0000 (Coordinated Universal Time),30,berdampak,berdampak,,,,,,
2026-08-20T17:34:11.155722+00:00,20260820-173411,https://trends24.in/indonesia/,Wed Aug 19 2026 22:44:10 GMT+0000 (Coordinated Universal Time),31,transformasi digital,transformasi digital,,,,,,
2026-08-20T17:34:11.155722+00:00,20260820-173411,https://trends24.in/indonesia/,Wed Aug 19 2026 22:44:10 GMT+0000 (Coordinated Universal Time),32,pelayanan hukum,pelayanan hukum,,,,,,
2026-08-20T17:34:11.155722+00:00,20260820-173411,https://trends24.in/indonesia/,Wed Aug 19 2026 22:44:10 GMT+0000 (Coordinated Universal Time),33,Fanny,fanny,,,,,,
2026-08-20T17:34:11.155722+00:00,20260820-173411,https://trends24.in/indonesia/,Wed Aug 19 2026 22:44:10 GMT+0000 (Coordinated Universal Time),34,Love Destiny EP6,love destiny ep6,,,,,,
2026-08-20T17:34:11.155722+00:00,20260820-173411,https://trends24.in/indonesia/,Wed Aug 19 2026 22:44:10 GMT+0000 (Coordinated Universal Time),35,Marissa Anita,marissa anita,,,,,,
2026-08-20T17:34:11.155722+00:00,20260820-173411,https://trends24.in/indonesia/,Wed Aug 19 2026 22:44:10 GMT+0000 (Coordinated Universal Time),36,Who in SEVENTEEN,who in seventeen,,,,,,
2026-08-20T17:34:11.155722+00:00,20260820-173411,https://trends24.in/indonesia/,Wed Aug 19 2026 22:44:10 GMT+0000 (Coordinated Universal Time),37,Haikyuu,haikyuu,,,,,,
2026-08-20T17:34:11.155722+00:00,20260820-173411,https://trends24.in/indonesia/,Wed Aug 19 2026 22:44:10 GMT+0000 (Coordinated Universal Time),38,Brighton,brighton,,,,,,
2026-08-20T17:34:11.155722+00:00,20260820-173411,https://trends24.in/indonesia/,Wed Aug 19 2026 22:44:10 GMT+0000 (Coordinated Universal Time),39,PPPK,pppk,,,,,,
2026-08-20T17:34:11.155722+00:00,20260820-173411,https://trends24.in/indonesia/,Wed Aug 19 2026 22:44:10 GMT+0000 (Coordinated Universal Time),40,Seth,seth,,,,,,
2026-08-20T17:34:11.155722+00:00,20260820-173411,https://trends24.in/indonesia/,Wed Aug 19 2026 22:44:10 GMT+0000 (Coordinated Universal Time),41,vernon,vernon,,,,,,
2026-08-20T17:34:11.155722+00:00,20260820-173411,https://trends24.in/indonesia/,Wed Aug 19 2026 22:44:10 GMT+0000 (Coordinated Universal Time),42,Indonesia Makmur,indonesia makmur,,,,,,
2026-08-20T17:34:11.155722+00:00,20260820-173411,https://trends24.in/indonesia/,Wed Aug 19 2026 22:44:10 GMT+0000 (Coordinated Universal Time),43,peradilan luhur,peradilan luhur,,,,,,
2026-08-20T17:34:11.155722+00:00,20260820-173411,https://trends24.in/indonesia/,Wed Aug 19 2026 22:44:10 GMT+0000 (Coordinated Universal Time),44,Konsa,konsa,,,,,,
2026-08-20T17:34:11.155722+00:00,20260820-173411,https://trends24.in/indonesia/,Wed Aug 19 2026 22:44:10 GMT+0000 (Coordinated Universal Time),45,Mitch,mitch,,,,,,
2026-08-20T17:34:11.155722+00:00,20260820-173411,https://trends24.in/indonesia/,Wed Aug 19 2026 22:44:10 GMT+0000 (Coordinated Universal Time),46,Hujan,hujan,,,,,,
2026-08-20T17:34:11.155722+00:00,20260820-173411,https://trends24.in/indonesia/,Wed Aug 19 2026 22:44:10 GMT+0000 (Coordinated Universal Time),47,mengayomi,mengayomi,,,,,,
2026-08-20T17:34:11.155722+00:00,20260820-173411,https://trends24.in/indonesia/,Wed Aug 19 2026 22:44:10 GMT+0000 (Coordinated Universal Time),48,selamat hari jadi,selamat hari jadi,,,,,,
2026-08-20T17:34:11.155722+00:00,20260820-173411,https://trends24.in/indonesia/,Wed Aug 19 2026 22:44:10 GMT+0000 (Coordinated Universal Time),49,Best K-Pop,best k-pop,,,,,,
2026-08-20T17:34:11.155722+00:00,20260820-173411,https://trends24.in/indonesia/,Wed Aug 19 2026 22:44:10 GMT+0000 (Coordinated Universal Time),50,BLOODY PARADISE MV TEASER 2,bloody paradise mv teaser 2,,,,,,
2026-08-20T17:34:11.155722+00:00,20260820-173411,https://trends24.in/indonesia/,Wed Aug 19 2026 21:52:11 GMT+0000 (Coordinated Universal Time),1,#MrKillSeriesEP7,mrkillseriesep7,,,,,,
2026-08-20T17:34:11.155722+00:00,20260820-173411,https://trends24.in/indonesia/,Wed Aug 19 2026 21:52:11 GMT+0000 (Coordinated Universal Time),2,#WishJASPERmv,wishjaspermv,,,,,,
2026-08-20T17:34:11.155722+00:00,20260820-173411,https://trends24.in/indonesia/,Wed Aug 19 2026 21:52:11 GMT+0000 (Coordinated Universal Time),3,CRACK THE CASE WITH DEWTEE,crack the case with dewtee,,,,,,
2026-08-20T17:34:11.155722+00:00,20260820-173411,https://trends24.in/indonesia/,Wed Aug 19 2026 21:52:11 GMT+0000 (Coordinated Universal Time),4,#Asahi25thKickOff,asahi25thkickoff,,,,,,
2026-08-20T17:34:11.155722+00:00,20260820-173411,https://trends24.in/indonesia/,Wed Aug 19 2026 21:52:11 GMT+0000 (Coordinated Universal Time),5,#æåã¨ç´¡ãå¤ã®ãã£ã«ã,æå ã¨ç´¡ãå¤ã®ãã£ã«ã,,,,,,
2026-08-20T17:34:11.155722+00:00,20260820-173411,https://trends24.in/indonesia/,Wed Aug 19 2026 21:52:11 GMT+0000 (Coordinated Universal Time),6,#ìì¬í_25ë²ì§¸ì¬ë¦,ìì¬í_25ë²ì§¸ì¬ë¦,,,,,,
2026-08-20T17:34:11.155722+00:00,20260820-173411,https://trends24.in/indonesia/,Wed Aug 19 2026 21:52:11 GMT+0000 (Coordinated Universal Time),7,klinik medis desa,klinik medis desa,,,,,,
2026-08-20T17:34:11.155722+00:00,20260820-173411,https://trends24.in/indonesia/,Wed Aug 19 2026 21:52:11 GMT+0000 (Coordinated Universal Time),8,rakyat butuh damai,rakyat butuh damai,,,,,,
2026-08-20T17:34:11.155722+00:00,20260820-173411,https://trends24.in/indonesia/,Wed Aug 19 2026 21:52:11 GMT+0000 (Coordinated Universal Time),9,tolak provokasi,tolak provokasi,,,,,,
2026-08-20T17:34:11.155722+00:00,20260820-173411,https://trends24.in/indonesia/,Wed Aug 19 2026 21:52:11 GMT+0000 (Coordinated Universal Time),10,PERTHSANTA UNVEILING XPENG,perthsanta unveiling xpeng,,,,,,
2026-08-20T17:34:11.155722+00:00,20260820-173411,https://trends24.in/indonesia/,Wed Aug 19 2026 21:52:11 GMT+0000 (Coordinated Universal Time),11,DONT TOUCH DONT KISS,dont touch dont kiss,,,,,,
2026-08-20T17:34:11.155722+00:00,20260820-173411,https://trends24.in/indonesia/,Wed Aug 19 2026 21:52:11 GMT+0000 (Coordinated Universal Time),12,Kalimantan,kalimantan,,,,,,
2026-08-20T17:34:11.155722+00:00,20260820-173411,https://trends24.in/indonesia/,Wed Aug 19 2026 21:52:11 GMT+0000 (Coordinated Universal Time),13,Trade $PIPEDOG,trade $pipedog,,,,,,
2026-08-20T17:34:11.155722+00:00,20260820-173411,https://trends24.in/indonesia/,Wed Aug 19 2026 21:52:11 GMT+0000 (Coordinated Universal Time),14,Fatimah,fatimah,,,,,,
2026-08-20T17:34:11.155722+00:00,20260820-173411,https://trends24.in/indonesia/,Wed Aug 19 2026 21:52:11 GMT+0000 (Coordinated Universal Time),15,BEM UI,bem ui,,,,,,
2026-08-20T17:34:11.155722+00:00,20260820-173411,https://trends24.in/indonesia/,Wed Aug 19 2026 21:52:11 GMT+0000 (Coordinated Universal Time),16,HARIT GOLDEN CHAPTER 27,harit golden chapter 27,,,,,,
2026-08-20T17:34:11.155722+00:00,20260820-173411,https://trends24.in/indonesia/,Wed Aug 19 2026 21:52:11 GMT+0000 (Coordinated Universal Time),17,Baleba,baleba,,,,,,
2026-08-20T17:34:11.155722+00:00,20260820-173411,https://trends24.in/indonesia/,Wed Aug 19 2026 21:52:11 GMT+0000 (Coordinated Universal Time),18,cepat sigap hadir,cepat sigap hadir,,,,,,
2026-08-20T17:34:11.155722+00:00,20260820-173411,https://trends24.in/indonesia/,Wed Aug 19 2026 21:52:11 GMT+0000 (Coordinated Universal Time),19,bangkit lebih kuat,bangkit lebih kuat,,,,,,
2026-08-20T17:34:11.155722+00:00,20260820-173411,https://trends24.in/indonesia/,Wed Aug 19 2026 21:52:11 GMT+0000 (Coordinated Universal Time),20,100 ANSEM,100 ansem,,,,,,
2026-08-20T17:34:11.155722+00:00,20260820-173411,https://trends24.in/indonesia/,Wed Aug 19 2026 21:52:11 GMT+0000 (Coordinated Universal Time),21,$USDC,$usdc,,,,,,
2026-08-20T17:34:11.155722+00:00,20260820-173411,https://trends24.in/indonesia/,Wed Aug 19 2026 21:52:11 GMT+0000 (Coordinated Universal Time),22,DO YOU MISS JAY,do you miss jay,,,,,,
2026-08-20T17:34:11.155722+00:00,20260820-173411,https://trends24.in/indonesia/,Wed Aug 19 2026 21:52:11 GMT+0000 (Coordinated Universal Time),23,Hajime,hajime,,,,,,
2026-08-20T17:34:11.155722+00:00,20260820-173411,https://trends24.in/indonesia/,Wed Aug 19 2026 21:52:11 GMT+0000 (Coordinated Universal Time),24,Seth,seth,,,,,,
2026-08-20T17:34:11.155722+00:00,20260820-173411,https://trends24.in/indonesia/,Wed Aug 19 2026 21:52:11 GMT+0000 (Coordinated Universal Time),25,Hong Mingi,hong mingi,,,,,,
2026-08-20T17:34:11.155722+00:00,20260820-173411,https://trends24.in/indonesia/,Wed Aug 19 2026 21:52:11 GMT+0000 (Coordinated Universal Time),26,selamat hari pengayoman,selamat hari pengayoman,,,,,,
2026-08-20T17:34:11.155722+00:00,20260820-173411,https://trends24.in/indonesia/,Wed Aug 19 2026 21:52:11 GMT+0000 (Coordinated Universal Time),27,Ford Foundation,ford foundation,,,,,,
2026-08-20T17:34:11.155722+00:00,20260820-173411,https://trends24.in/indonesia/,Wed Aug 19 2026 21:52:11 GMT+0000 (Coordinated Universal Time),28,$ANSEM,$ansem,,,,,,
2026-08-20T17:34:11.155722+00:00,20260820-173411,https://trends24.in/indonesia/,Wed Aug 19 2026 21:52:11 GMT+0000 (Coordinated Universal Time),29,Qixi,qixi,,,,,,
2026-08-20T17:34:11.155722+00:00,20260820-173411,https://trends24.in/indonesia/,Wed Aug 19 2026 21:52:11 GMT+0000 (Coordinated Universal Time),30,The Grim Lover Q26,the grim lover q26,,,,,,
2026-08-20T17:34:11.155722+00:00,20260820-173411,https://trends24.in/indonesia/,Wed Aug 19 2026 21:52:11 GMT+0000 (Coordinated Universal Time),31,BEM UGM,bem ugm,,,,,,
2026-08-20T17:34:11.155722+00:00,20260820-173411,https://trends24.in/indonesia/,Wed Aug 19 2026 21:52:11 GMT+0000 (Coordinated Universal Time),32,berdampak,berdampak,,,,,,
2026-08-20T17:34:11.155722+00:00,20260820-173411,https://trends24.in/indonesia/,Wed Aug 19 2026 21:52:11 GMT+0000 (Coordinated Universal Time),33,transformasi digital,transformasi digital,,,,,,
2026-08-20T17:34:11.155722+00:00,20260820-173411,https://trends24.in/indonesia/,Wed Aug 19 2026 21:52:11 GMT+0000 (Coordinated Universal Time),34,pelayanan hukum,pelayanan hukum,,,,,,
2026-08-20T17:34:11.155722+00:00,20260820-173411,https://trends24.in/indonesia/,Wed Aug 19 2026 21:52:11 GMT+0000 (Coordinated Universal Time),35,Hyperliquid,hyperliquid,,,,,,
2026-08-20T17:34:11.155722+00:00,20260820-173411,https://trends24.in/indonesia/,Wed Aug 19 2026 21:52:11 GMT+0000 (Coordinated Universal Time),36,Fanny,fanny,,,,,,
2026-08-20T17:34:11.155722+00:00,20260820-173411,https://trends24.in/indonesia/,Wed Aug 19 2026 21:52:11 GMT+0000 (Coordinated Universal Time),37,love destiny ep6,love destiny ep6,,,,,,
2026-08-20T17:34:11.155722+00:00,20260820-173411,https://trends24.in/indonesia/,Wed Aug 19 2026 21:52:11 GMT+0000 (Coordinated Universal Time),38,Marissa Anita,marissa anita,,,,,,
2026-08-20T17:34:11.155722+00:00,20260820-173411,https://trends24.in/indonesia/,Wed Aug 19 2026 21:52:11 GMT+0000 (Coordinated Universal Time),39,Who in SEVENTEEN,who in seventeen,,,,,,
2026-08-20T17:34:11.155722+00:00,20260820-173411,https://trends24.in/indonesia/,Wed Aug 19 2026 21:52:11 GMT+0000 (Coordinated Universal Time),40,Haikyuu,haikyuu,,,,,,
2026-08-20T17:34:11.155722+00:00,20260820-173411,https://trends24.in/indonesia/,Wed Aug 19 2026 21:52:11 GMT+0000 (Coordinated Universal Time),41,Brighton,brighton,,,,,,
2026-08-20T17:34:11.155722+00:00,20260820-173411,https://trends24.in/indonesia/,Wed Aug 19 2026 21:52:11 GMT+0000 (Coordinated Universal Time),42,PPPK,pppk,,,,,,
2026-08-20T17:34:11.155722+00:00,20260820-173411,https://trends24.in/indonesia/,Wed Aug 19 2026 21:52:11 GMT+0000 (Coordinated Universal Time),43,BLOODY PARADISE MV TEASER 2,bloody paradise mv teaser 2,,,,,,
2026-08-20T17:34:11.155722+00:00,20260820-173411,https://trends24.in/indonesia/,Wed Aug 19 2026 21:52:11 GMT+0000 (Coordinated Universal Time),44,Indonesia Makmur,indonesia makmur,,,,,,
2026-08-20T17:34:11.155722+00:00,20260820-173411,https://trends24.in/indonesia/,Wed Aug 19 2026 21:52:11 GMT+0000 (Coordinated Universal Time),45,Konsa,konsa,,,,,,
2026-08-20T17:34:11.155722+00:00,20260820-173411,https://trends24.in/indonesia/,Wed Aug 19 2026 21:52:11 GMT+0000 (Coordinated Universal Time),46,Peradilan Luhur,peradilan luhur,,,,,,
2026-08-20T17:34:11.155722+00:00,20260820-173411,https://trends24.in/indonesia/,Wed Aug 19 2026 21:52:11 GMT+0000 (Coordinated Universal Time),47,Gordon,gordon,,,,,,
2026-08-20T17:34:11.155722+00:00,20260820-173411,https://trends24.in/indonesia/,Wed Aug 19 2026 21:52:11 GMT+0000 (Coordinated Universal Time),48,Who in STRAYKIDS,who in straykids,,,,,,
2026-08-20T17:34:11.155722+00:00,20260820-173411,https://trends24.in/indonesia/,Wed Aug 19 2026 21:52:11 GMT+0000 (Coordinated Universal Time),49,vernon,vernon,,,,,,
2026-08-20T17:34:11.155722+00:00,20260820-173411,https://trends24.in/indonesia/,Wed Aug 19 2026 21:52:11 GMT+0000 (Coordinated Universal Time),50,Mitch,mitch,,,,,,
2026-08-20T17:34:11.155722+00:00,20260820-173411,https://trends24.in/indonesia/,Wed Aug 19 2026 21:00:19 GMT+0000 (Coordinated Universal Time),1,#MrKillSeriesEP7,mrkillseriesep7,,,,,,
2026-08-20T17:34:11.155722+00:00,20260820-173411,https://trends24.in/indonesia/,Wed Aug 19 2026 21:00:19 GMT+0000 (Coordinated Universal Time),2,#WishJASPERmv,wishjaspermv,,,,,,
2026-08-20T17:34:11.155722+00:00,20260820-173411,https://trends24.in/indonesia/,Wed Aug 19 2026 21:00:19 GMT+0000 (Coordinated Universal Time),3,CRACK THE CASE WITH DEWTEE,crack the case with dewtee,,,,,,
2026-08-20T17:34:11.155722+00:00,20260820-173411,https://trends24.in/indonesia/,Wed Aug 19 2026 21:00:19 GMT+0000 (Coordinated Universal Time),4,#Asahi25thKickOff,asahi25thkickoff,,,,,,
2026-08-20T17:34:11.155722+00:00,20260820-173411,https://trends24.in/indonesia/,Wed Aug 19 2026 21:00:19 GMT+0000 (Coordinated Universal Time),5,#æåã¨ç´¡ãå¤ã®ãã£ã«ã,æå ã¨ç´¡ãå¤ã®ãã£ã«ã,,,,,,
2026-08-20T17:34:11.155722+00:00,20260820-173411,https://trends24.in/indonesia/,Wed Aug 19 2026 21:00:19 GMT+0000 (Coordinated Universal Time),6,#ìì¬í_25ë²ì§¸ì¬ë¦,ìì¬í_25ë²ì§¸ì¬ë¦,,,,,,
2026-08-20T17:34:11.155722+00:00,20260820-173411,https://trends24.in/indonesia/,Wed Aug 19 2026 21:00:19 GMT+0000 (Coordinated Universal Time),7,klinik medis desa,klinik medis desa,,,,,,
2026-08-20T17:34:11.155722+00:00,20260820-173411,https://trends24.in/indonesia/,Wed Aug 19 2026 21:00:19 GMT+0000 (Coordinated Universal Time),8,rakyat butuh damai,rakyat butuh damai,,,,,,
2026-08-20T17:34:11.155722+00:00,20260820-173411,https://trends24.in/indonesia/,Wed Aug 19 2026 21:00:19 GMT+0000 (Coordinated Universal Time),9,tolak provokasi,tolak provokasi,,,,,,
2026-08-20T17:34:11.155722+00:00,20260820-173411,https://trends24.in/indonesia/,Wed Aug 19 2026 21:00:19 GMT+0000 (Coordinated Universal Time),10,Trade $PIPEDOG,trade $pipedog,,,,,,
2026-08-20T17:34:11.155722+00:00,20260820-173411,https://trends24.in/indonesia/,Wed Aug 19 2026 21:00:19 GMT+0000 (Coordinated Universal Time),11,PERTHSANTA UNVEILING XPENG,perthsanta unveiling xpeng,,,,,,
2026-08-20T17:34:11.155722+00:00,20260820-173411,https://trends24.in/indonesia/,Wed Aug 19 2026 21:00:19 GMT+0000 (Coordinated Universal Time),12,DONT TOUCH DONT KISS,dont touch dont kiss,,,,,,
2026-08-20T17:34:11.155722+00:00,20260820-173411,https://trends24.in/indonesia/,Wed Aug 19 2026 21:00:19 GMT+0000 (Coordinated Universal Time),13,Kalimantan,kalimantan,,,,,,
2026-08-20T17:34:11.155722+00:00,20260820-173411,https://trends24.in/indonesia/,Wed Aug 19 2026 21:00:19 GMT+0000 (Coordinated Universal Time),14,Fatimah,fatimah,,,,,,
2026-08-20T17:34:11.155722+00:00,20260820-173411,https://trends24.in/indonesia/,Wed Aug 19 2026 21:00:19 GMT+0000 (Coordinated Universal Time),15,HARIT GOLDEN CHAPTER 27,harit golden chapter 27,,,,,,
2026-08-20T17:34:11.155722+00:00,20260820-173411,https://trends24.in/indonesia/,Wed Aug 19 2026 21:00:19 GMT+0000 (Coordinated Universal Time),16,BEM UI,bem ui,,,,,,
2026-08-20T17:34:11.155722+00:00,20260820-173411,https://trends24.in/indonesia/,Wed Aug 19 2026 21:00:19 GMT+0000 (Coordinated Universal Time),17,Baleba,baleba,,,,,,
2026-08-20T17:34:11.155722+00:00,20260820-173411,https://trends24.in/indonesia/,Wed Aug 19 2026 21:00:19 GMT+0000 (Coordinated Universal Time),18,CEPAT SIGAP HADIR,cepat sigap hadir,,,,,,
2026-08-20T17:34:11.155722+00:00,20260820-173411,https://trends24.in/indonesia/,Wed Aug 19 2026 21:00:19 GMT+0000 (Coordinated Universal Time),19,bangkit lebih kuat,bangkit lebih kuat,,,,,,
2026-08-20T17:34:11.155722+00:00,20260820-173411,https://trends24.in/indonesia/,Wed Aug 19 2026 21:00:19 GMT+0000 (Coordinated Universal Time),20,100 ANSEM,100 ansem,,,,,,
2026-08-20T17:34:11.155722+00:00,20260820-173411,https://trends24.in/indonesia/,Wed Aug 19 2026 21:00:19 GMT+0000 (Coordinated Universal Time),21,DO YOU MISS JAY,do you miss jay,,,,,,
2026-08-20T17:34:11.155722+00:00,20260820-173411,https://trends24.in/indonesia/,Wed Aug 19 2026 21:00:19 GMT+0000 (Coordinated Universal Time),22,Hajime,hajime,,,,,,
2026-08-20T17:34:11.155722+00:00,20260820-173411,https://trends24.in/indonesia/,Wed Aug 19 2026 21:00:19 GMT+0000 (Coordinated Universal Time),23,Hong Mingi,hong mingi,,,,,,
2026-08-20T17:34:11.155722+00:00,20260820-173411,https://trends24.in/indonesia/,Wed Aug 19 2026 21:00:19 GMT+0000 (Coordinated Universal Time),24,selamat hari pengayoman,selamat hari pengayoman,,,,,,
2026-08-20T17:34:11.155722+00:00,20260820-173411,https://trends24.in/indonesia/,Wed Aug 19 2026 21:00:19 GMT+0000 (Coordinated Universal Time),25,Qixi,qixi,,,,,,
2026-08-20T17:34:11.155722+00:00,20260820-173411,https://trends24.in/indonesia/,Wed Aug 19 2026 21:00:19 GMT+0000 (Coordinated Universal Time),26,Ford Foundation,ford foundation,,,,,,
2026-08-20T17:34:11.155722+00:00,20260820-173411,https://trends24.in/indonesia/,Wed Aug 19 2026 21:00:19 GMT+0000 (Coordinated Universal Time),27,$ANSEM,$ansem,,,,,,
2026-08-20T17:34:11.155722+00:00,20260820-173411,https://trends24.in/indonesia/,Wed Aug 19 2026 21:00:19 GMT+0000 (Coordinated Universal Time),28,The Grim Lover Q26,the grim lover q26,,,,,,
2026-08-20T17:34:11.155722+00:00,20260820-173411,https://trends24.in/indonesia/,Wed Aug 19 2026 21:00:19 GMT+0000 (Coordinated Universal Time),29,Marissa Anita,marissa anita,,,,,,
2026-08-20T17:34:11.155722+00:00,20260820-173411,https://trends24.in/indonesia/,Wed Aug 19 2026 21:00:19 GMT+0000 (Coordinated Universal Time),30,BEM UGM,bem ugm,,,,,,
2026-08-20T17:34:11.155722+00:00,20260820-173411,https://trends24.in/indonesia/,Wed Aug 19 2026 21:00:19 GMT+0000 (Coordinated Universal Time),31,berdampak,berdampak,,,,,,
2026-08-20T17:34:11.155722+00:00,20260820-173411,https://trends24.in/indonesia/,Wed Aug 19 2026 21:00:19 GMT+0000 (Coordinated Universal Time),32,transformasi digital,transformasi digital,,,,,,
2026-08-20T17:34:11.155722+00:00,20260820-173411,https://trends24.in/indonesia/,Wed Aug 19 2026 21:00:19 GMT+0000 (Coordinated Universal Time),33,pelayanan hukum,pelayanan hukum,,,,,,
2026-08-20T17:34:11.155722+00:00,20260820-173411,https://trends24.in/indonesia/,Wed Aug 19 2026 21:00:19 GMT+0000 (Coordinated Universal Time),34,Hyperliquid,hyperliquid,,,,,,
2026-08-20T17:34:11.155722+00:00,20260820-173411,https://trends24.in/indonesia/,Wed Aug 19 2026 21:00:19 GMT+0000 (Coordinated Universal Time),35,Fanny,fanny,,,,,,
2026-08-20T17:34:11.155722+00:00,20260820-173411,https://trends24.in/indonesia/,Wed Aug 19 2026 21:00:19 GMT+0000 (Coordinated Universal Time),36,love destiny ep6,love destiny ep6,,,,,,
2026-08-20T17:34:11.155722+00:00,20260820-173411,https://trends24.in/indonesia/,Wed Aug 19 2026 21:00:19 GMT+0000 (Coordinated Universal Time),37,Seth,seth,,,,,,
2026-08-20T17:34:11.155722+00:00,20260820-173411,https://trends24.in/indonesia/,Wed Aug 19 2026 21:00:19 GMT+0000 (Coordinated Universal Time),38,Who in SEVENTEEN,who in seventeen,,,,,,
2026-08-20T17:34:11.155722+00:00,20260820-173411,https://trends24.in/indonesia/,Wed Aug 19 2026 21:00:19 GMT+0000 (Coordinated Universal Time),39,Konsa,konsa,,,,,,
2026-08-20T17:34:11.155722+00:00,20260820-173411,https://trends24.in/indonesia/,Wed Aug 19 2026 21:00:19 GMT+0000 (Coordinated Universal Time),40,Haikyuu,haikyuu,,,,,,
2026-08-20T17:34:11.155722+00:00,20260820-173411,https://trends24.in/indonesia/,Wed Aug 19 2026 21:00:19 GMT+0000 (Coordinated Universal Time),41,Brighton,brighton,,,,,,
2026-08-20T17:34:11.155722+00:00,20260820-173411,https://trends24.in/indonesia/,Wed Aug 19 2026 21:00:19 GMT+0000 (Coordinated Universal Time),42,PPPK,pppk,,,,,,
2026-08-20T17:34:11.155722+00:00,20260820-173411,https://trends24.in/indonesia/,Wed Aug 19 2026 21:00:19 GMT+0000 (Coordinated Universal Time),43,BLOODY PARADISE MV TEASER 2,bloody paradise mv teaser 2,,,,,,
2026-08-20T17:34:11.155722+00:00,20260820-173411,https://trends24.in/indonesia/,Wed Aug 19 2026 21:00:19 GMT+0000 (Coordinated Universal Time),44,Peradilan Luhur,peradilan luhur,,,,,,
2026-08-20T17:34:11.155722+00:00,20260820-173411,https://trends24.in/indonesia/,Wed Aug 19 2026 21:00:19 GMT+0000 (Coordinated Universal Time),45,Gordon,gordon,,,,,,
2026-08-20T17:34:11.155722+00:00,20260820-173411,https://trends24.in/indonesia/,Wed Aug 19 2026 21:00:19 GMT+0000 (Coordinated Universal Time),46,Indonesia Makmur,indonesia makmur,,,,,,
2026-08-20T17:34:11.155722+00:00,20260820-173411,https://trends24.in/indonesia/,Wed Aug 19 2026 21:00:19 GMT+0000 (Coordinated Universal Time),47,Who in STRAYKIDS,who in straykids,,,,,,
2026-08-20T17:34:11.155722+00:00,20260820-173411,https://trends24.in/indonesia/,Wed Aug 19 2026 21:00:19 GMT+0000 (Coordinated Universal Time),48,vernon,vernon,,,,,,
2026-08-20T17:34:11.155722+00:00,20260820-173411,https://trends24.in/indonesia/,Wed Aug 19 2026 21:00:19 GMT+0000 (Coordinated Universal Time),49,Hujan,hujan,,,,,,
2026-08-20T17:34:11.155722+00:00,20260820-173411,https://trends24.in/indonesia/,Wed Aug 19 2026 21:00:19 GMT+0000 (Coordinated Universal Time),50,mengayomi,mengayomi,,,,,,
