captured_at_utc,run_id,source_url,hour_label,rank,name,name_norm,tweet_count_raw,tweet_count,best_position,total_tweets,trending_for_raw,trending_for_hours
2026-08-22T15:49:02.787267+00:00,20260822-154902,https://trends24.in/indonesia/,Sat Aug 22 2026 15:12:23 GMT+0000 (Coordinated Universal Time),1,#PondPhuwinConcertD2,pondphuwinconcertd2,,,,,,
2026-08-22T15:49:02.787267+00:00,20260822-154902,https://trends24.in/indonesia/,Sat Aug 22 2026 15:12:23 GMT+0000 (Coordinated Universal Time),2,Hull City,hull city,,,,,,
2026-08-22T15:49:02.787267+00:00,20260822-154902,https://trends24.in/indonesia/,Sat Aug 22 2026 15:12:23 GMT+0000 (Coordinated Universal Time),3,Carrick,carrick,,,,,,
2026-08-22T15:49:02.787267+00:00,20260822-154902,https://trends24.in/indonesia/,Sat Aug 22 2026 15:12:23 GMT+0000 (Coordinated Universal Time),4,#ELLECrushxDewTee,ellecrushxdewtee,,,,,,
2026-08-22T15:49:02.787267+00:00,20260822-154902,https://trends24.in/indonesia/,Sat Aug 22 2026 15:12:23 GMT+0000 (Coordinated Universal Time),5,Dorgu,dorgu,,,,,,
2026-08-22T15:49:02.787267+00:00,20260822-154902,https://trends24.in/indonesia/,Sat Aug 22 2026 15:12:23 GMT+0000 (Coordinated Universal Time),6,#à¸­à¸£à¸¸à¸à¸£à¸¸à¹à¸EP10,à¸­à¸£à¸¸à¸à¸£à¸¸à¹à¸ep10,,,,,,
2026-08-22T15:49:02.787267+00:00,20260822-154902,https://trends24.in/indonesia/,Sat Aug 22 2026 15:12:23 GMT+0000 (Coordinated Universal Time),7,#ELLEThailand,ellethailand,,,,,,
2026-08-22T15:49:02.787267+00:00,20260822-154902,https://trends24.in/indonesia/,Sat Aug 22 2026 15:12:23 GMT+0000 (Coordinated Universal Time),8,Emyu,emyu,,,,,,
2026-08-22T15:49:02.787267+00:00,20260822-154902,https://trends24.in/indonesia/,Sat Aug 22 2026 15:12:23 GMT+0000 (Coordinated Universal Time),9,THE EDGE OF HORIZON EP10,the edge of horizon ep10,,,,,,
2026-08-22T15:49:02.787267+00:00,20260822-154902,https://trends24.in/indonesia/,Sat Aug 22 2026 15:12:23 GMT+0000 (Coordinated Universal Time),10,#XiZhao361TimesOfLove,xizhao361timesoflove,,,,,,
2026-08-22T15:49:02.787267+00:00,20260822-154902,https://trends24.in/indonesia/,Sat Aug 22 2026 15:12:23 GMT+0000 (Coordinated Universal Time),11,Refund,refund,,,,,,
2026-08-22T15:49:02.787267+00:00,20260822-154902,https://trends24.in/indonesia/,Sat Aug 22 2026 15:12:23 GMT+0000 (Coordinated Universal Time),12,Maguire,maguire,,,,,,
2026-08-22T15:49:02.787267+00:00,20260822-154902,https://trends24.in/indonesia/,Sat Aug 22 2026 15:12:23 GMT+0000 (Coordinated Universal Time),13,Malming,malming,,,,,,
2026-08-22T15:49:02.787267+00:00,20260822-154902,https://trends24.in/indonesia/,Sat Aug 22 2026 15:12:23 GMT+0000 (Coordinated Universal Time),14,Manchester United,manchester united,,,,,,
2026-08-22T15:49:02.787267+00:00,20260822-154902,https://trends24.in/indonesia/,Sat Aug 22 2026 15:12:23 GMT+0000 (Coordinated Universal Time),15,LINGORM PRESENTER MEGA WE CARE,lingorm presenter mega we care,,,,,,
2026-08-22T15:49:02.787267+00:00,20260822-154902,https://trends24.in/indonesia/,Sat Aug 22 2026 15:12:23 GMT+0000 (Coordinated Universal Time),16,TIMA,tima,,,,,,
2026-08-22T15:49:02.787267+00:00,20260822-154902,https://trends24.in/indonesia/,Sat Aug 22 2026 15:12:23 GMT+0000 (Coordinated Universal Time),17,Ole Romeny,ole romeny,,,,,,
2026-08-22T15:49:02.787267+00:00,20260822-154902,https://trends24.in/indonesia/,Sat Aug 22 2026 15:12:23 GMT+0000 (Coordinated Universal Time),18,INDOMY STREAMING CUP,indomy streaming cup,,,,,,
2026-08-22T15:49:02.787267+00:00,20260822-154902,https://trends24.in/indonesia/,Sat Aug 22 2026 15:12:23 GMT+0000 (Coordinated Universal Time),19,JASPER,jasper,,,,,,
2026-08-22T15:49:02.787267+00:00,20260822-154902,https://trends24.in/indonesia/,Sat Aug 22 2026 15:12:23 GMT+0000 (Coordinated Universal Time),20,Rexx,rexx,,,,,,
2026-08-22T15:49:02.787267+00:00,20260822-154902,https://trends24.in/indonesia/,Sat Aug 22 2026 15:12:23 GMT+0000 (Coordinated Universal Time),21,Malam Minggu,malam minggu,,,,,,
2026-08-22T15:49:02.787267+00:00,20260822-154902,https://trends24.in/indonesia/,Sat Aug 22 2026 15:12:23 GMT+0000 (Coordinated Universal Time),22,King MU,king mu,,,,,,
2026-08-22T15:49:02.787267+00:00,20260822-154902,https://trends24.in/indonesia/,Sat Aug 22 2026 15:12:23 GMT+0000 (Coordinated Universal Time),23,Tielemans,tielemans,,,,,,
2026-08-22T15:49:02.787267+00:00,20260822-154902,https://trends24.in/indonesia/,Sat Aug 22 2026 15:12:23 GMT+0000 (Coordinated Universal Time),24,GEMINI IN F1A DUTCH GP 2026,gemini in f1a dutch gp 2026,,,,,,
2026-08-22T15:49:02.787267+00:00,20260822-154902,https://trends24.in/indonesia/,Sat Aug 22 2026 15:12:23 GMT+0000 (Coordinated Universal Time),25,Dirumah,dirumah,,,,,,
2026-08-22T15:49:02.787267+00:00,20260822-154902,https://trends24.in/indonesia/,Sat Aug 22 2026 15:12:23 GMT+0000 (Coordinated Universal Time),26,chenle,chenle,,,,,,
2026-08-22T15:49:02.787267+00:00,20260822-154902,https://trends24.in/indonesia/,Sat Aug 22 2026 15:12:23 GMT+0000 (Coordinated Universal Time),27,DESIRE4 THE ETERNAL STAGE,desire4 the eternal stage,,,,,,
2026-08-22T15:49:02.787267+00:00,20260822-154902,https://trends24.in/indonesia/,Sat Aug 22 2026 15:12:23 GMT+0000 (Coordinated Universal Time),28,Kodai,kodai,,,,,,
2026-08-22T15:49:02.787267+00:00,20260822-154902,https://trends24.in/indonesia/,Sat Aug 22 2026 15:12:23 GMT+0000 (Coordinated Universal Time),29,Rashford,rashford,,,,,,
2026-08-22T15:49:02.787267+00:00,20260822-154902,https://trends24.in/indonesia/,Sat Aug 22 2026 15:12:23 GMT+0000 (Coordinated Universal Time),30,Lammens,lammens,,,,,,
2026-08-22T15:49:02.787267+00:00,20260822-154902,https://trends24.in/indonesia/,Sat Aug 22 2026 15:12:23 GMT+0000 (Coordinated Universal Time),31,Mbeumo,mbeumo,,,,,,
2026-08-22T15:49:02.787267+00:00,20260822-154902,https://trends24.in/indonesia/,Sat Aug 22 2026 15:12:23 GMT+0000 (Coordinated Universal Time),32,Man United,man united,,,,,,
2026-08-22T15:49:02.787267+00:00,20260822-154902,https://trends24.in/indonesia/,Sat Aug 22 2026 15:12:23 GMT+0000 (Coordinated Universal Time),33,Lando,lando,,,,,,
2026-08-22T15:49:02.787267+00:00,20260822-154902,https://trends24.in/indonesia/,Sat Aug 22 2026 15:12:23 GMT+0000 (Coordinated Universal Time),34,Casemiro,casemiro,,,,,,
2026-08-22T15:49:02.787267+00:00,20260822-154902,https://trends24.in/indonesia/,Sat Aug 22 2026 15:12:23 GMT+0000 (Coordinated Universal Time),35,Way Kambas,way kambas,,,,,,
2026-08-22T15:49:02.787267+00:00,20260822-154902,https://trends24.in/indonesia/,Sat Aug 22 2026 15:12:23 GMT+0000 (Coordinated Universal Time),36,Cunha,cunha,,,,,,
2026-08-22T15:49:02.787267+00:00,20260822-154902,https://trends24.in/indonesia/,Sat Aug 22 2026 15:12:23 GMT+0000 (Coordinated Universal Time),37,Man Utd,man utd,,,,,,
2026-08-22T15:49:02.787267+00:00,20260822-154902,https://trends24.in/indonesia/,Sat Aug 22 2026 15:12:23 GMT+0000 (Coordinated Universal Time),38,Luke Shaw,luke shaw,,,,,,
2026-08-22T15:49:02.787267+00:00,20260822-154902,https://trends24.in/indonesia/,Sat Aug 22 2026 15:12:23 GMT+0000 (Coordinated Universal Time),39,Biasakan,biasakan,,,,,,
2026-08-22T15:49:02.787267+00:00,20260822-154902,https://trends24.in/indonesia/,Sat Aug 22 2026 15:12:23 GMT+0000 (Coordinated Universal Time),40,jeno,jeno,,,,,,
2026-08-22T15:49:02.787267+00:00,20260822-154902,https://trends24.in/indonesia/,Sat Aug 22 2026 15:12:23 GMT+0000 (Coordinated Universal Time),41,Azka,azka,,,,,,
2026-08-22T15:49:02.787267+00:00,20260822-154902,https://trends24.in/indonesia/,Sat Aug 22 2026 15:12:23 GMT+0000 (Coordinated Universal Time),42,LENAMIU HELLO SINGAPORE,lenamiu hello singapore,,,,,,
2026-08-22T15:49:02.787267+00:00,20260822-154902,https://trends24.in/indonesia/,Sat Aug 22 2026 15:12:23 GMT+0000 (Coordinated Universal Time),43,POLCA FAM EUCERIN SPORTS DAY,polca fam eucerin sports day,,,,,,
2026-08-22T15:49:02.787267+00:00,20260822-154902,https://trends24.in/indonesia/,Sat Aug 22 2026 15:12:23 GMT+0000 (Coordinated Universal Time),44,Heaven,heaven,,,,,,
2026-08-22T15:49:02.787267+00:00,20260822-154902,https://trends24.in/indonesia/,Sat Aug 22 2026 15:12:23 GMT+0000 (Coordinated Universal Time),45,Championship,championship,,,,,,
2026-08-22T15:49:02.787267+00:00,20260822-154902,https://trends24.in/indonesia/,Sat Aug 22 2026 15:12:23 GMT+0000 (Coordinated Universal Time),46,Premier League,premier league,,,,,,
2026-08-22T15:49:02.787267+00:00,20260822-154902,https://trends24.in/indonesia/,Sat Aug 22 2026 15:12:23 GMT+0000 (Coordinated Universal Time),47,10 YEARS OF SWEET DREAM,10 years of sweet dream,,,,,,
2026-08-22T15:49:02.787267+00:00,20260822-154902,https://trends24.in/indonesia/,Sat Aug 22 2026 15:12:23 GMT+0000 (Coordinated Universal Time),48,haechan,haechan,,,,,,
2026-08-22T15:49:02.787267+00:00,20260822-154902,https://trends24.in/indonesia/,Sat Aug 22 2026 15:12:23 GMT+0000 (Coordinated Universal Time),49,Maki,maki,,,,,,
2026-08-22T15:49:02.787267+00:00,20260822-154902,https://trends24.in/indonesia/,Sat Aug 22 2026 15:12:23 GMT+0000 (Coordinated Universal Time),50,Pura,pura,,,,,,
2026-08-22T15:49:02.787267+00:00,20260822-154902,https://trends24.in/indonesia/,Sat Aug 22 2026 15:12:18 GMT+0000 (Coordinated Universal Time),1,#PondPhuwinConcertD2,pondphuwinconcertd2,,,,,,
2026-08-22T15:49:02.787267+00:00,20260822-154902,https://trends24.in/indonesia/,Sat Aug 22 2026 15:12:18 GMT+0000 (Coordinated Universal Time),2,Hull City,hull city,,,,,,
2026-08-22T15:49:02.787267+00:00,20260822-154902,https://trends24.in/indonesia/,Sat Aug 22 2026 15:12:18 GMT+0000 (Coordinated Universal Time),3,Carrick,carrick,,,,,,
2026-08-22T15:49:02.787267+00:00,20260822-154902,https://trends24.in/indonesia/,Sat Aug 22 2026 15:12:18 GMT+0000 (Coordinated Universal Time),4,Dorgu,dorgu,,,,,,
2026-08-22T15:49:02.787267+00:00,20260822-154902,https://trends24.in/indonesia/,Sat Aug 22 2026 15:12:18 GMT+0000 (Coordinated Universal Time),5,#ELLECrushxDewTee,ellecrushxdewtee,,,,,,
2026-08-22T15:49:02.787267+00:00,20260822-154902,https://trends24.in/indonesia/,Sat Aug 22 2026 15:12:18 GMT+0000 (Coordinated Universal Time),6,#ELLEThailand,ellethailand,,,,,,
2026-08-22T15:49:02.787267+00:00,20260822-154902,https://trends24.in/indonesia/,Sat Aug 22 2026 15:12:18 GMT+0000 (Coordinated Universal Time),7,#à¸­à¸£à¸¸à¸à¸£à¸¸à¹à¸EP10,à¸­à¸£à¸¸à¸à¸£à¸¸à¹à¸ep10,,,,,,
2026-08-22T15:49:02.787267+00:00,20260822-154902,https://trends24.in/indonesia/,Sat Aug 22 2026 15:12:18 GMT+0000 (Coordinated Universal Time),8,Emyu,emyu,,,,,,
2026-08-22T15:49:02.787267+00:00,20260822-154902,https://trends24.in/indonesia/,Sat Aug 22 2026 15:12:18 GMT+0000 (Coordinated Universal Time),9,#dew_jsu,dew_jsu,,,,,,
2026-08-22T15:49:02.787267+00:00,20260822-154902,https://trends24.in/indonesia/,Sat Aug 22 2026 15:12:18 GMT+0000 (Coordinated Universal Time),10,THE EDGE OF HORIZON EP10,the edge of horizon ep10,,,,,,
2026-08-22T15:49:02.787267+00:00,20260822-154902,https://trends24.in/indonesia/,Sat Aug 22 2026 15:12:18 GMT+0000 (Coordinated Universal Time),11,Refund,refund,,,,,,
2026-08-22T15:49:02.787267+00:00,20260822-154902,https://trends24.in/indonesia/,Sat Aug 22 2026 15:12:18 GMT+0000 (Coordinated Universal Time),12,Maguire,maguire,,,,,,
2026-08-22T15:49:02.787267+00:00,20260822-154902,https://trends24.in/indonesia/,Sat Aug 22 2026 15:12:18 GMT+0000 (Coordinated Universal Time),13,Malming,malming,,,,,,
2026-08-22T15:49:02.787267+00:00,20260822-154902,https://trends24.in/indonesia/,Sat Aug 22 2026 15:12:18 GMT+0000 (Coordinated Universal Time),14,Manchester United,manchester united,,,,,,
2026-08-22T15:49:02.787267+00:00,20260822-154902,https://trends24.in/indonesia/,Sat Aug 22 2026 15:12:18 GMT+0000 (Coordinated Universal Time),15,LINGORM PRESENTER MEGA WE CARE,lingorm presenter mega we care,,,,,,
2026-08-22T15:49:02.787267+00:00,20260822-154902,https://trends24.in/indonesia/,Sat Aug 22 2026 15:12:18 GMT+0000 (Coordinated Universal Time),16,Ole Romeny,ole romeny,,,,,,
2026-08-22T15:49:02.787267+00:00,20260822-154902,https://trends24.in/indonesia/,Sat Aug 22 2026 15:12:18 GMT+0000 (Coordinated Universal Time),17,INDOMY STREAMING CUP,indomy streaming cup,,,,,,
2026-08-22T15:49:02.787267+00:00,20260822-154902,https://trends24.in/indonesia/,Sat Aug 22 2026 15:12:18 GMT+0000 (Coordinated Universal Time),18,TIMA,tima,,,,,,
2026-08-22T15:49:02.787267+00:00,20260822-154902,https://trends24.in/indonesia/,Sat Aug 22 2026 15:12:18 GMT+0000 (Coordinated Universal Time),19,Malam Minggu,malam minggu,,,,,,
2026-08-22T15:49:02.787267+00:00,20260822-154902,https://trends24.in/indonesia/,Sat Aug 22 2026 15:12:18 GMT+0000 (Coordinated Universal Time),20,JASPER,jasper,,,,,,
2026-08-22T15:49:02.787267+00:00,20260822-154902,https://trends24.in/indonesia/,Sat Aug 22 2026 15:12:18 GMT+0000 (Coordinated Universal Time),21,Rexx,rexx,,,,,,
2026-08-22T15:49:02.787267+00:00,20260822-154902,https://trends24.in/indonesia/,Sat Aug 22 2026 15:12:18 GMT+0000 (Coordinated Universal Time),22,King MU,king mu,,,,,,
2026-08-22T15:49:02.787267+00:00,20260822-154902,https://trends24.in/indonesia/,Sat Aug 22 2026 15:12:18 GMT+0000 (Coordinated Universal Time),23,Tielemans,tielemans,,,,,,
2026-08-22T15:49:02.787267+00:00,20260822-154902,https://trends24.in/indonesia/,Sat Aug 22 2026 15:12:18 GMT+0000 (Coordinated Universal Time),24,GEMINI IN F1A DUTCH GP 2026,gemini in f1a dutch gp 2026,,,,,,
2026-08-22T15:49:02.787267+00:00,20260822-154902,https://trends24.in/indonesia/,Sat Aug 22 2026 15:12:18 GMT+0000 (Coordinated Universal Time),25,Dirumah,dirumah,,,,,,
2026-08-22T15:49:02.787267+00:00,20260822-154902,https://trends24.in/indonesia/,Sat Aug 22 2026 15:12:18 GMT+0000 (Coordinated Universal Time),26,DESIRE4 THE ETERNAL STAGE,desire4 the eternal stage,,,,,,
2026-08-22T15:49:02.787267+00:00,20260822-154902,https://trends24.in/indonesia/,Sat Aug 22 2026 15:12:18 GMT+0000 (Coordinated Universal Time),27,chenle,chenle,,,,,,
2026-08-22T15:49:02.787267+00:00,20260822-154902,https://trends24.in/indonesia/,Sat Aug 22 2026 15:12:18 GMT+0000 (Coordinated Universal Time),28,Kodai,kodai,,,,,,
2026-08-22T15:49:02.787267+00:00,20260822-154902,https://trends24.in/indonesia/,Sat Aug 22 2026 15:12:18 GMT+0000 (Coordinated Universal Time),29,Rashford,rashford,,,,,,
2026-08-22T15:49:02.787267+00:00,20260822-154902,https://trends24.in/indonesia/,Sat Aug 22 2026 15:12:18 GMT+0000 (Coordinated Universal Time),30,Lammens,lammens,,,,,,
2026-08-22T15:49:02.787267+00:00,20260822-154902,https://trends24.in/indonesia/,Sat Aug 22 2026 15:12:18 GMT+0000 (Coordinated Universal Time),31,Man United,man united,,,,,,
2026-08-22T15:49:02.787267+00:00,20260822-154902,https://trends24.in/indonesia/,Sat Aug 22 2026 15:12:18 GMT+0000 (Coordinated Universal Time),32,Mbeumo,mbeumo,,,,,,
2026-08-22T15:49:02.787267+00:00,20260822-154902,https://trends24.in/indonesia/,Sat Aug 22 2026 15:12:18 GMT+0000 (Coordinated Universal Time),33,Lando,lando,,,,,,
2026-08-22T15:49:02.787267+00:00,20260822-154902,https://trends24.in/indonesia/,Sat Aug 22 2026 15:12:18 GMT+0000 (Coordinated Universal Time),34,Casemiro,casemiro,,,,,,
2026-08-22T15:49:02.787267+00:00,20260822-154902,https://trends24.in/indonesia/,Sat Aug 22 2026 15:12:18 GMT+0000 (Coordinated Universal Time),35,Biasakan,biasakan,,,,,,
2026-08-22T15:49:02.787267+00:00,20260822-154902,https://trends24.in/indonesia/,Sat Aug 22 2026 15:12:18 GMT+0000 (Coordinated Universal Time),36,Cunha,cunha,,,,,,
2026-08-22T15:49:02.787267+00:00,20260822-154902,https://trends24.in/indonesia/,Sat Aug 22 2026 15:12:18 GMT+0000 (Coordinated Universal Time),37,Way Kambas,way kambas,,,,,,
2026-08-22T15:49:02.787267+00:00,20260822-154902,https://trends24.in/indonesia/,Sat Aug 22 2026 15:12:18 GMT+0000 (Coordinated Universal Time),38,Man Utd,man utd,,,,,,
2026-08-22T15:49:02.787267+00:00,20260822-154902,https://trends24.in/indonesia/,Sat Aug 22 2026 15:12:18 GMT+0000 (Coordinated Universal Time),39,Luke Shaw,luke shaw,,,,,,
2026-08-22T15:49:02.787267+00:00,20260822-154902,https://trends24.in/indonesia/,Sat Aug 22 2026 15:12:18 GMT+0000 (Coordinated Universal Time),40,jeno,jeno,,,,,,
2026-08-22T15:49:02.787267+00:00,20260822-154902,https://trends24.in/indonesia/,Sat Aug 22 2026 15:12:18 GMT+0000 (Coordinated Universal Time),41,Azka,azka,,,,,,
2026-08-22T15:49:02.787267+00:00,20260822-154902,https://trends24.in/indonesia/,Sat Aug 22 2026 15:12:18 GMT+0000 (Coordinated Universal Time),42,LENAMIU HELLO SINGAPORE,lenamiu hello singapore,,,,,,
2026-08-22T15:49:02.787267+00:00,20260822-154902,https://trends24.in/indonesia/,Sat Aug 22 2026 15:12:18 GMT+0000 (Coordinated Universal Time),43,POLCA FAM EUCERIN SPORTS DAY,polca fam eucerin sports day,,,,,,
2026-08-22T15:49:02.787267+00:00,20260822-154902,https://trends24.in/indonesia/,Sat Aug 22 2026 15:12:18 GMT+0000 (Coordinated Universal Time),44,Heaven,heaven,,,,,,
2026-08-22T15:49:02.787267+00:00,20260822-154902,https://trends24.in/indonesia/,Sat Aug 22 2026 15:12:18 GMT+0000 (Coordinated Universal Time),45,Championship,championship,,,,,,
2026-08-22T15:49:02.787267+00:00,20260822-154902,https://trends24.in/indonesia/,Sat Aug 22 2026 15:12:18 GMT+0000 (Coordinated Universal Time),46,Premier League,premier league,,,,,,
2026-08-22T15:49:02.787267+00:00,20260822-154902,https://trends24.in/indonesia/,Sat Aug 22 2026 15:12:18 GMT+0000 (Coordinated Universal Time),47,10 YEARS OF SWEET DREAM,10 years of sweet dream,,,,,,
2026-08-22T15:49:02.787267+00:00,20260822-154902,https://trends24.in/indonesia/,Sat Aug 22 2026 15:12:18 GMT+0000 (Coordinated Universal Time),48,haechan,haechan,,,,,,
2026-08-22T15:49:02.787267+00:00,20260822-154902,https://trends24.in/indonesia/,Sat Aug 22 2026 15:12:18 GMT+0000 (Coordinated Universal Time),49,Maki,maki,,,,,,
2026-08-22T15:49:02.787267+00:00,20260822-154902,https://trends24.in/indonesia/,Sat Aug 22 2026 15:12:18 GMT+0000 (Coordinated Universal Time),50,Pura,pura,,,,,,
2026-08-22T15:49:02.787267+00:00,20260822-154902,https://trends24.in/indonesia/,Sat Aug 22 2026 14:20:18 GMT+0000 (Coordinated Universal Time),1,#PondPhuwinConcertD2,pondphuwinconcertd2,,,,,,
2026-08-22T15:49:02.787267+00:00,20260822-154902,https://trends24.in/indonesia/,Sat Aug 22 2026 14:20:18 GMT+0000 (Coordinated Universal Time),2,Hull City,hull city,,,,,,
2026-08-22T15:49:02.787267+00:00,20260822-154902,https://trends24.in/indonesia/,Sat Aug 22 2026 14:20:18 GMT+0000 (Coordinated Universal Time),3,Dorgu,dorgu,,,,,,
2026-08-22T15:49:02.787267+00:00,20260822-154902,https://trends24.in/indonesia/,Sat Aug 22 2026 14:20:18 GMT+0000 (Coordinated Universal Time),4,Carrick,carrick,,,,,,
2026-08-22T15:49:02.787267+00:00,20260822-154902,https://trends24.in/indonesia/,Sat Aug 22 2026 14:20:18 GMT+0000 (Coordinated Universal Time),5,#ELLECrushxDewTee,ellecrushxdewtee,,,,,,
2026-08-22T15:49:02.787267+00:00,20260822-154902,https://trends24.in/indonesia/,Sat Aug 22 2026 14:20:18 GMT+0000 (Coordinated Universal Time),6,#ELLEThailand,ellethailand,,,,,,
2026-08-22T15:49:02.787267+00:00,20260822-154902,https://trends24.in/indonesia/,Sat Aug 22 2026 14:20:18 GMT+0000 (Coordinated Universal Time),7,#dew_jsu,dew_jsu,,,,,,
2026-08-22T15:49:02.787267+00:00,20260822-154902,https://trends24.in/indonesia/,Sat Aug 22 2026 14:20:18 GMT+0000 (Coordinated Universal Time),8,#tee_vtp,tee_vtp,,,,,,
2026-08-22T15:49:02.787267+00:00,20260822-154902,https://trends24.in/indonesia/,Sat Aug 22 2026 14:20:18 GMT+0000 (Coordinated Universal Time),9,Emyu,emyu,,,,,,
2026-08-22T15:49:02.787267+00:00,20260822-154902,https://trends24.in/indonesia/,Sat Aug 22 2026 14:20:18 GMT+0000 (Coordinated Universal Time),10,Maguire,maguire,,,,,,
2026-08-22T15:49:02.787267+00:00,20260822-154902,https://trends24.in/indonesia/,Sat Aug 22 2026 14:20:18 GMT+0000 (Coordinated Universal Time),11,Manchester United,manchester united,,,,,,
2026-08-22T15:49:02.787267+00:00,20260822-154902,https://trends24.in/indonesia/,Sat Aug 22 2026 14:20:18 GMT+0000 (Coordinated Universal Time),12,Refund,refund,,,,,,
2026-08-22T15:49:02.787267+00:00,20260822-154902,https://trends24.in/indonesia/,Sat Aug 22 2026 14:20:18 GMT+0000 (Coordinated Universal Time),13,LINGORM PRESENTER MEGA WE CARE,lingorm presenter mega we care,,,,,,
2026-08-22T15:49:02.787267+00:00,20260822-154902,https://trends24.in/indonesia/,Sat Aug 22 2026 14:20:18 GMT+0000 (Coordinated Universal Time),14,Malmingan,malmingan,,,,,,
2026-08-22T15:49:02.787267+00:00,20260822-154902,https://trends24.in/indonesia/,Sat Aug 22 2026 14:20:18 GMT+0000 (Coordinated Universal Time),15,Rexx,rexx,,,,,,
2026-08-22T15:49:02.787267+00:00,20260822-154902,https://trends24.in/indonesia/,Sat Aug 22 2026 14:20:18 GMT+0000 (Coordinated Universal Time),16,Tielemans,tielemans,,,,,,
2026-08-22T15:49:02.787267+00:00,20260822-154902,https://trends24.in/indonesia/,Sat Aug 22 2026 14:20:18 GMT+0000 (Coordinated Universal Time),17,SKYNANI HONGKONG SNIVERSE,skynani hongkong sniverse,,,,,,
2026-08-22T15:49:02.787267+00:00,20260822-154902,https://trends24.in/indonesia/,Sat Aug 22 2026 14:20:18 GMT+0000 (Coordinated Universal Time),18,Malam Minggu,malam minggu,,,,,,
2026-08-22T15:49:02.787267+00:00,20260822-154902,https://trends24.in/indonesia/,Sat Aug 22 2026 14:20:18 GMT+0000 (Coordinated Universal Time),19,Rashford,rashford,,,,,,
2026-08-22T15:49:02.787267+00:00,20260822-154902,https://trends24.in/indonesia/,Sat Aug 22 2026 14:20:18 GMT+0000 (Coordinated Universal Time),20,JASPER,jasper,,,,,,
2026-08-22T15:49:02.787267+00:00,20260822-154902,https://trends24.in/indonesia/,Sat Aug 22 2026 14:20:18 GMT+0000 (Coordinated Universal Time),21,TIMA,tima,,,,,,
2026-08-22T15:49:02.787267+00:00,20260822-154902,https://trends24.in/indonesia/,Sat Aug 22 2026 14:20:18 GMT+0000 (Coordinated Universal Time),22,DESIRE4 THE ETERNAL STAGE,desire4 the eternal stage,,,,,,
2026-08-22T15:49:02.787267+00:00,20260822-154902,https://trends24.in/indonesia/,Sat Aug 22 2026 14:20:18 GMT+0000 (Coordinated Universal Time),23,King MU,king mu,,,,,,
2026-08-22T15:49:02.787267+00:00,20260822-154902,https://trends24.in/indonesia/,Sat Aug 22 2026 14:20:18 GMT+0000 (Coordinated Universal Time),24,INDOMY STREAMING CUP,indomy streaming cup,,,,,,
2026-08-22T15:49:02.787267+00:00,20260822-154902,https://trends24.in/indonesia/,Sat Aug 22 2026 14:20:18 GMT+0000 (Coordinated Universal Time),25,Lammens,lammens,,,,,,
2026-08-22T15:49:02.787267+00:00,20260822-154902,https://trends24.in/indonesia/,Sat Aug 22 2026 14:20:18 GMT+0000 (Coordinated Universal Time),26,GEMINI IN F1A DUTCH GP 2026,gemini in f1a dutch gp 2026,,,,,,
2026-08-22T15:49:02.787267+00:00,20260822-154902,https://trends24.in/indonesia/,Sat Aug 22 2026 14:20:18 GMT+0000 (Coordinated Universal Time),27,jeno,jeno,,,,,,
2026-08-22T15:49:02.787267+00:00,20260822-154902,https://trends24.in/indonesia/,Sat Aug 22 2026 14:20:18 GMT+0000 (Coordinated Universal Time),28,Man United,man united,,,,,,
2026-08-22T15:49:02.787267+00:00,20260822-154902,https://trends24.in/indonesia/,Sat Aug 22 2026 14:20:18 GMT+0000 (Coordinated Universal Time),29,Mbeumo,mbeumo,,,,,,
2026-08-22T15:49:02.787267+00:00,20260822-154902,https://trends24.in/indonesia/,Sat Aug 22 2026 14:20:18 GMT+0000 (Coordinated Universal Time),30,Dirumah,dirumah,,,,,,
2026-08-22T15:49:02.787267+00:00,20260822-154902,https://trends24.in/indonesia/,Sat Aug 22 2026 14:20:18 GMT+0000 (Coordinated Universal Time),31,Cunha,cunha,,,,,,
2026-08-22T15:49:02.787267+00:00,20260822-154902,https://trends24.in/indonesia/,Sat Aug 22 2026 14:20:18 GMT+0000 (Coordinated Universal Time),32,Biasakan,biasakan,,,,,,
2026-08-22T15:49:02.787267+00:00,20260822-154902,https://trends24.in/indonesia/,Sat Aug 22 2026 14:20:18 GMT+0000 (Coordinated Universal Time),33,Casemiro,casemiro,,,,,,
2026-08-22T15:49:02.787267+00:00,20260822-154902,https://trends24.in/indonesia/,Sat Aug 22 2026 14:20:18 GMT+0000 (Coordinated Universal Time),34,Man Utd,man utd,,,,,,
2026-08-22T15:49:02.787267+00:00,20260822-154902,https://trends24.in/indonesia/,Sat Aug 22 2026 14:20:18 GMT+0000 (Coordinated Universal Time),35,LENAMIU HELLO SINGAPORE,lenamiu hello singapore,,,,,,
2026-08-22T15:49:02.787267+00:00,20260822-154902,https://trends24.in/indonesia/,Sat Aug 22 2026 14:20:18 GMT+0000 (Coordinated Universal Time),36,chenle,chenle,,,,,,
2026-08-22T15:49:02.787267+00:00,20260822-154902,https://trends24.in/indonesia/,Sat Aug 22 2026 14:20:18 GMT+0000 (Coordinated Universal Time),37,Luke Shaw,luke shaw,,,,,,
2026-08-22T15:49:02.787267+00:00,20260822-154902,https://trends24.in/indonesia/,Sat Aug 22 2026 14:20:18 GMT+0000 (Coordinated Universal Time),38,Way Kambas,way kambas,,,,,,
2026-08-22T15:49:02.787267+00:00,20260822-154902,https://trends24.in/indonesia/,Sat Aug 22 2026 14:20:18 GMT+0000 (Coordinated Universal Time),39,DUNK NAVORI AT OSMEP,dunk navori at osmep,,,,,,
2026-08-22T15:49:02.787267+00:00,20260822-154902,https://trends24.in/indonesia/,Sat Aug 22 2026 14:20:18 GMT+0000 (Coordinated Universal Time),40,10 YEARS OF SWEET DREAM,10 years of sweet dream,,,,,,
2026-08-22T15:49:02.787267+00:00,20260822-154902,https://trends24.in/indonesia/,Sat Aug 22 2026 14:20:18 GMT+0000 (Coordinated Universal Time),41,POLCA FAM EUCERIN SPORTS DAY,polca fam eucerin sports day,,,,,,
2026-08-22T15:49:02.787267+00:00,20260822-154902,https://trends24.in/indonesia/,Sat Aug 22 2026 14:20:18 GMT+0000 (Coordinated Universal Time),42,Amad,amad,,,,,,
2026-08-22T15:49:02.787267+00:00,20260822-154902,https://trends24.in/indonesia/,Sat Aug 22 2026 14:20:18 GMT+0000 (Coordinated Universal Time),43,PACK IT UP,pack it up,,,,,,
2026-08-22T15:49:02.787267+00:00,20260822-154902,https://trends24.in/indonesia/,Sat Aug 22 2026 14:20:18 GMT+0000 (Coordinated Universal Time),44,Heaven,heaven,,,,,,
2026-08-22T15:49:02.787267+00:00,20260822-154902,https://trends24.in/indonesia/,Sat Aug 22 2026 14:20:18 GMT+0000 (Coordinated Universal Time),45,Championship,championship,,,,,,
2026-08-22T15:49:02.787267+00:00,20260822-154902,https://trends24.in/indonesia/,Sat Aug 22 2026 14:20:18 GMT+0000 (Coordinated Universal Time),46,Sesko,sesko,,,,,,
2026-08-22T15:49:02.787267+00:00,20260822-154902,https://trends24.in/indonesia/,Sat Aug 22 2026 14:20:18 GMT+0000 (Coordinated Universal Time),47,Premier League,premier league,,,,,,
2026-08-22T15:49:02.787267+00:00,20260822-154902,https://trends24.in/indonesia/,Sat Aug 22 2026 14:20:18 GMT+0000 (Coordinated Universal Time),48,haechan,haechan,,,,,,
2026-08-22T15:49:02.787267+00:00,20260822-154902,https://trends24.in/indonesia/,Sat Aug 22 2026 14:20:18 GMT+0000 (Coordinated Universal Time),49,Pura,pura,,,,,,
2026-08-22T15:49:02.787267+00:00,20260822-154902,https://trends24.in/indonesia/,Sat Aug 22 2026 14:20:18 GMT+0000 (Coordinated Universal Time),50,Maki,maki,,,,,,
2026-08-22T15:49:02.787267+00:00,20260822-154902,https://trends24.in/indonesia/,Sat Aug 22 2026 13:28:25 GMT+0000 (Coordinated Universal Time),1,#PondPhuwinConcertD2,pondphuwinconcertd2,,,,,,
2026-08-22T15:49:02.787267+00:00,20260822-154902,https://trends24.in/indonesia/,Sat Aug 22 2026 13:28:25 GMT+0000 (Coordinated Universal Time),2,Dorgu,dorgu,,,,,,
2026-08-22T15:49:02.787267+00:00,20260822-154902,https://trends24.in/indonesia/,Sat Aug 22 2026 13:28:25 GMT+0000 (Coordinated Universal Time),3,#ELLECrushxDewTee,ellecrushxdewtee,,,,,,
2026-08-22T15:49:02.787267+00:00,20260822-154902,https://trends24.in/indonesia/,Sat Aug 22 2026 13:28:25 GMT+0000 (Coordinated Universal Time),4,#ELLEThailand,ellethailand,,,,,,
2026-08-22T15:49:02.787267+00:00,20260822-154902,https://trends24.in/indonesia/,Sat Aug 22 2026 13:28:25 GMT+0000 (Coordinated Universal Time),5,Hull,hull,,,,,,
2026-08-22T15:49:02.787267+00:00,20260822-154902,https://trends24.in/indonesia/,Sat Aug 22 2026 13:28:25 GMT+0000 (Coordinated Universal Time),6,#dew_jsu,dew_jsu,,,,,,
2026-08-22T15:49:02.787267+00:00,20260822-154902,https://trends24.in/indonesia/,Sat Aug 22 2026 13:28:25 GMT+0000 (Coordinated Universal Time),7,#tee_vtp,tee_vtp,,,,,,
2026-08-22T15:49:02.787267+00:00,20260822-154902,https://trends24.in/indonesia/,Sat Aug 22 2026 13:28:25 GMT+0000 (Coordinated Universal Time),8,Carrick,carrick,,,,,,
2026-08-22T15:49:02.787267+00:00,20260822-154902,https://trends24.in/indonesia/,Sat Aug 22 2026 13:28:25 GMT+0000 (Coordinated Universal Time),9,Maguire,maguire,,,,,,
2026-08-22T15:49:02.787267+00:00,20260822-154902,https://trends24.in/indonesia/,Sat Aug 22 2026 13:28:25 GMT+0000 (Coordinated Universal Time),10,Refund,refund,,,,,,
2026-08-22T15:49:02.787267+00:00,20260822-154902,https://trends24.in/indonesia/,Sat Aug 22 2026 13:28:25 GMT+0000 (Coordinated Universal Time),11,Malmingan,malmingan,,,,,,
2026-08-22T15:49:02.787267+00:00,20260822-154902,https://trends24.in/indonesia/,Sat Aug 22 2026 13:28:25 GMT+0000 (Coordinated Universal Time),12,Emyu,emyu,,,,,,
2026-08-22T15:49:02.787267+00:00,20260822-154902,https://trends24.in/indonesia/,Sat Aug 22 2026 13:28:25 GMT+0000 (Coordinated Universal Time),13,LINGORM PRESENTER MEGA WE CARE,lingorm presenter mega we care,,,,,,
2026-08-22T15:49:02.787267+00:00,20260822-154902,https://trends24.in/indonesia/,Sat Aug 22 2026 13:28:25 GMT+0000 (Coordinated Universal Time),14,TIMA,tima,,,,,,
2026-08-22T15:49:02.787267+00:00,20260822-154902,https://trends24.in/indonesia/,Sat Aug 22 2026 13:28:25 GMT+0000 (Coordinated Universal Time),15,Lammens,lammens,,,,,,
2026-08-22T15:49:02.787267+00:00,20260822-154902,https://trends24.in/indonesia/,Sat Aug 22 2026 13:28:25 GMT+0000 (Coordinated Universal Time),16,DESIRE4 THE ETERNAL STAGE,desire4 the eternal stage,,,,,,
2026-08-22T15:49:02.787267+00:00,20260822-154902,https://trends24.in/indonesia/,Sat Aug 22 2026 13:28:25 GMT+0000 (Coordinated Universal Time),17,Rexx,rexx,,,,,,
2026-08-22T15:49:02.787267+00:00,20260822-154902,https://trends24.in/indonesia/,Sat Aug 22 2026 13:28:25 GMT+0000 (Coordinated Universal Time),18,Manchester United,manchester united,,,,,,
2026-08-22T15:49:02.787267+00:00,20260822-154902,https://trends24.in/indonesia/,Sat Aug 22 2026 13:28:25 GMT+0000 (Coordinated Universal Time),19,Malam Minggu,malam minggu,,,,,,
2026-08-22T15:49:02.787267+00:00,20260822-154902,https://trends24.in/indonesia/,Sat Aug 22 2026 13:28:25 GMT+0000 (Coordinated Universal Time),20,Rashford,rashford,,,,,,
2026-08-22T15:49:02.787267+00:00,20260822-154902,https://trends24.in/indonesia/,Sat Aug 22 2026 13:28:25 GMT+0000 (Coordinated Universal Time),21,King MU,king mu,,,,,,
2026-08-22T15:49:02.787267+00:00,20260822-154902,https://trends24.in/indonesia/,Sat Aug 22 2026 13:28:25 GMT+0000 (Coordinated Universal Time),22,jeno,jeno,,,,,,
2026-08-22T15:49:02.787267+00:00,20260822-154902,https://trends24.in/indonesia/,Sat Aug 22 2026 13:28:25 GMT+0000 (Coordinated Universal Time),23,GEMINI IN F1A DUTCH GP 2026,gemini in f1a dutch gp 2026,,,,,,
2026-08-22T15:49:02.787267+00:00,20260822-154902,https://trends24.in/indonesia/,Sat Aug 22 2026 13:28:25 GMT+0000 (Coordinated Universal Time),24,Cunha,cunha,,,,,,
2026-08-22T15:49:02.787267+00:00,20260822-154902,https://trends24.in/indonesia/,Sat Aug 22 2026 13:28:25 GMT+0000 (Coordinated Universal Time),25,Tielemans,tielemans,,,,,,
2026-08-22T15:49:02.787267+00:00,20260822-154902,https://trends24.in/indonesia/,Sat Aug 22 2026 13:28:25 GMT+0000 (Coordinated Universal Time),26,Mbeumo,mbeumo,,,,,,
2026-08-22T15:49:02.787267+00:00,20260822-154902,https://trends24.in/indonesia/,Sat Aug 22 2026 13:28:25 GMT+0000 (Coordinated Universal Time),27,Biasakan,biasakan,,,,,,
2026-08-22T15:49:02.787267+00:00,20260822-154902,https://trends24.in/indonesia/,Sat Aug 22 2026 13:28:25 GMT+0000 (Coordinated Universal Time),28,LENAMIU HELLO SINGAPORE,lenamiu hello singapore,,,,,,
2026-08-22T15:49:02.787267+00:00,20260822-154902,https://trends24.in/indonesia/,Sat Aug 22 2026 13:28:25 GMT+0000 (Coordinated Universal Time),29,chenle,chenle,,,,,,
2026-08-22T15:49:02.787267+00:00,20260822-154902,https://trends24.in/indonesia/,Sat Aug 22 2026 13:28:25 GMT+0000 (Coordinated Universal Time),30,Way Kambas,way kambas,,,,,,
2026-08-22T15:49:02.787267+00:00,20260822-154902,https://trends24.in/indonesia/,Sat Aug 22 2026 13:28:25 GMT+0000 (Coordinated Universal Time),31,PACK IT UP,pack it up,,,,,,
2026-08-22T15:49:02.787267+00:00,20260822-154902,https://trends24.in/indonesia/,Sat Aug 22 2026 13:28:25 GMT+0000 (Coordinated Universal Time),32,POLCA FAM EUCERIN SPORTS DAY,polca fam eucerin sports day,,,,,,
2026-08-22T15:49:02.787267+00:00,20260822-154902,https://trends24.in/indonesia/,Sat Aug 22 2026 13:28:25 GMT+0000 (Coordinated Universal Time),33,DUNK NAVORI AT OSMEP,dunk navori at osmep,,,,,,
2026-08-22T15:49:02.787267+00:00,20260822-154902,https://trends24.in/indonesia/,Sat Aug 22 2026 13:28:25 GMT+0000 (Coordinated Universal Time),34,10 YEARS OF SWEET DREAM,10 years of sweet dream,,,,,,
2026-08-22T15:49:02.787267+00:00,20260822-154902,https://trends24.in/indonesia/,Sat Aug 22 2026 13:28:25 GMT+0000 (Coordinated Universal Time),35,Man United,man united,,,,,,
2026-08-22T15:49:02.787267+00:00,20260822-154902,https://trends24.in/indonesia/,Sat Aug 22 2026 13:28:25 GMT+0000 (Coordinated Universal Time),36,DNYL,dnyl,,,,,,
2026-08-22T15:49:02.787267+00:00,20260822-154902,https://trends24.in/indonesia/,Sat Aug 22 2026 13:28:25 GMT+0000 (Coordinated Universal Time),37,Dirumah,dirumah,,,,,,
2026-08-22T15:49:02.787267+00:00,20260822-154902,https://trends24.in/indonesia/,Sat Aug 22 2026 13:28:25 GMT+0000 (Coordinated Universal Time),38,Amad,amad,,,,,,
2026-08-22T15:49:02.787267+00:00,20260822-154902,https://trends24.in/indonesia/,Sat Aug 22 2026 13:28:25 GMT+0000 (Coordinated Universal Time),39,NUNEW IN IMPACT SOON,nunew in impact soon,,,,,,
2026-08-22T15:49:02.787267+00:00,20260822-154902,https://trends24.in/indonesia/,Sat Aug 22 2026 13:28:25 GMT+0000 (Coordinated Universal Time),40,Heaven,heaven,,,,,,
2026-08-22T15:49:02.787267+00:00,20260822-154902,https://trends24.in/indonesia/,Sat Aug 22 2026 13:28:25 GMT+0000 (Coordinated Universal Time),41,Sesko,sesko,,,,,,
2026-08-22T15:49:02.787267+00:00,20260822-154902,https://trends24.in/indonesia/,Sat Aug 22 2026 13:28:25 GMT+0000 (Coordinated Universal Time),42,Maki,maki,,,,,,
2026-08-22T15:49:02.787267+00:00,20260822-154902,https://trends24.in/indonesia/,Sat Aug 22 2026 13:28:25 GMT+0000 (Coordinated Universal Time),43,Charles,charles,,,,,,
2026-08-22T15:49:02.787267+00:00,20260822-154902,https://trends24.in/indonesia/,Sat Aug 22 2026 13:28:25 GMT+0000 (Coordinated Universal Time),44,BLOOM IN LOVE WITH NET,bloom in love with net,,,,,,
2026-08-22T15:49:02.787267+00:00,20260822-154902,https://trends24.in/indonesia/,Sat Aug 22 2026 13:28:25 GMT+0000 (Coordinated Universal Time),45,haechan,haechan,,,,,,
2026-08-22T15:49:02.787267+00:00,20260822-154902,https://trends24.in/indonesia/,Sat Aug 22 2026 13:28:25 GMT+0000 (Coordinated Universal Time),46,Lando,lando,,,,,,
2026-08-22T15:49:02.787267+00:00,20260822-154902,https://trends24.in/indonesia/,Sat Aug 22 2026 13:28:25 GMT+0000 (Coordinated Universal Time),47,Pura,pura,,,,,,
2026-08-22T15:49:02.787267+00:00,20260822-154902,https://trends24.in/indonesia/,Sat Aug 22 2026 13:28:25 GMT+0000 (Coordinated Universal Time),48,GANTENG BANGET,ganteng banget,,,,,,
2026-08-22T15:49:02.787267+00:00,20260822-154902,https://trends24.in/indonesia/,Sat Aug 22 2026 13:28:25 GMT+0000 (Coordinated Universal Time),49,Dana,dana,,,,,,
2026-08-22T15:49:02.787267+00:00,20260822-154902,https://trends24.in/indonesia/,Sat Aug 22 2026 13:28:25 GMT+0000 (Coordinated Universal Time),50,Bayangan B,bayangan b,,,,,,
2026-08-22T15:49:02.787267+00:00,20260822-154902,https://trends24.in/indonesia/,Sat Aug 22 2026 12:36:10 GMT+0000 (Coordinated Universal Time),1,#PondPhuwinConcertD2,pondphuwinconcertd2,,,,,,
2026-08-22T15:49:02.787267+00:00,20260822-154902,https://trends24.in/indonesia/,Sat Aug 22 2026 12:36:10 GMT+0000 (Coordinated Universal Time),2,Dorgu,dorgu,,,,,,
2026-08-22T15:49:02.787267+00:00,20260822-154902,https://trends24.in/indonesia/,Sat Aug 22 2026 12:36:10 GMT+0000 (Coordinated Universal Time),3,#ELLECrushxDewTee,ellecrushxdewtee,,,,,,
2026-08-22T15:49:02.787267+00:00,20260822-154902,https://trends24.in/indonesia/,Sat Aug 22 2026 12:36:10 GMT+0000 (Coordinated Universal Time),4,#ELLEThailand,ellethailand,,,,,,
2026-08-22T15:49:02.787267+00:00,20260822-154902,https://trends24.in/indonesia/,Sat Aug 22 2026 12:36:10 GMT+0000 (Coordinated Universal Time),5,#dew_jsu,dew_jsu,,,,,,
2026-08-22T15:49:02.787267+00:00,20260822-154902,https://trends24.in/indonesia/,Sat Aug 22 2026 12:36:10 GMT+0000 (Coordinated Universal Time),6,#tee_vtp,tee_vtp,,,,,,
2026-08-22T15:49:02.787267+00:00,20260822-154902,https://trends24.in/indonesia/,Sat Aug 22 2026 12:36:10 GMT+0000 (Coordinated Universal Time),7,Hull,hull,,,,,,
2026-08-22T15:49:02.787267+00:00,20260822-154902,https://trends24.in/indonesia/,Sat Aug 22 2026 12:36:10 GMT+0000 (Coordinated Universal Time),8,Carrick,carrick,,,,,,
2026-08-22T15:49:02.787267+00:00,20260822-154902,https://trends24.in/indonesia/,Sat Aug 22 2026 12:36:10 GMT+0000 (Coordinated Universal Time),9,Maguire,maguire,,,,,,
2026-08-22T15:49:02.787267+00:00,20260822-154902,https://trends24.in/indonesia/,Sat Aug 22 2026 12:36:10 GMT+0000 (Coordinated Universal Time),10,jeno,jeno,,,,,,
2026-08-22T15:49:02.787267+00:00,20260822-154902,https://trends24.in/indonesia/,Sat Aug 22 2026 12:36:10 GMT+0000 (Coordinated Universal Time),11,Lammens,lammens,,,,,,
2026-08-22T15:49:02.787267+00:00,20260822-154902,https://trends24.in/indonesia/,Sat Aug 22 2026 12:36:10 GMT+0000 (Coordinated Universal Time),12,LINGORM PRESENTER MEGA WE CARE,lingorm presenter mega we care,,,,,,
2026-08-22T15:49:02.787267+00:00,20260822-154902,https://trends24.in/indonesia/,Sat Aug 22 2026 12:36:10 GMT+0000 (Coordinated Universal Time),13,DESIRE4 THE ETERNAL STAGE,desire4 the eternal stage,,,,,,
2026-08-22T15:49:02.787267+00:00,20260822-154902,https://trends24.in/indonesia/,Sat Aug 22 2026 12:36:10 GMT+0000 (Coordinated Universal Time),14,DUNK NAVORI AT OSMEP,dunk navori at osmep,,,,,,
2026-08-22T15:49:02.787267+00:00,20260822-154902,https://trends24.in/indonesia/,Sat Aug 22 2026 12:36:10 GMT+0000 (Coordinated Universal Time),15,chenle,chenle,,,,,,
2026-08-22T15:49:02.787267+00:00,20260822-154902,https://trends24.in/indonesia/,Sat Aug 22 2026 12:36:10 GMT+0000 (Coordinated Universal Time),16,Refund,refund,,,,,,
2026-08-22T15:49:02.787267+00:00,20260822-154902,https://trends24.in/indonesia/,Sat Aug 22 2026 12:36:10 GMT+0000 (Coordinated Universal Time),17,Emyu,emyu,,,,,,
2026-08-22T15:49:02.787267+00:00,20260822-154902,https://trends24.in/indonesia/,Sat Aug 22 2026 12:36:10 GMT+0000 (Coordinated Universal Time),18,PACK IT UP,pack it up,,,,,,
2026-08-22T15:49:02.787267+00:00,20260822-154902,https://trends24.in/indonesia/,Sat Aug 22 2026 12:36:10 GMT+0000 (Coordinated Universal Time),19,10 YEARS OF SWEET DREAM,10 years of sweet dream,,,,,,
2026-08-22T15:49:02.787267+00:00,20260822-154902,https://trends24.in/indonesia/,Sat Aug 22 2026 12:36:10 GMT+0000 (Coordinated Universal Time),20,TIMA,tima,,,,,,
2026-08-22T15:49:02.787267+00:00,20260822-154902,https://trends24.in/indonesia/,Sat Aug 22 2026 12:36:10 GMT+0000 (Coordinated Universal Time),21,POLCA FAM EUCERIN SPORTS DAY,polca fam eucerin sports day,,,,,,
2026-08-22T15:49:02.787267+00:00,20260822-154902,https://trends24.in/indonesia/,Sat Aug 22 2026 12:36:10 GMT+0000 (Coordinated Universal Time),22,Manchester United,manchester united,,,,,,
2026-08-22T15:49:02.787267+00:00,20260822-154902,https://trends24.in/indonesia/,Sat Aug 22 2026 12:36:10 GMT+0000 (Coordinated Universal Time),23,Cunha,cunha,,,,,,
2026-08-22T15:49:02.787267+00:00,20260822-154902,https://trends24.in/indonesia/,Sat Aug 22 2026 12:36:10 GMT+0000 (Coordinated Universal Time),24,GEMINI IN F1A DUTCH GP 2026,gemini in f1a dutch gp 2026,,,,,,
2026-08-22T15:49:02.787267+00:00,20260822-154902,https://trends24.in/indonesia/,Sat Aug 22 2026 12:36:10 GMT+0000 (Coordinated Universal Time),25,LENAMIU HELLO SINGAPORE,lenamiu hello singapore,,,,,,
2026-08-22T15:49:02.787267+00:00,20260822-154902,https://trends24.in/indonesia/,Sat Aug 22 2026 12:36:10 GMT+0000 (Coordinated Universal Time),26,Malming,malming,,,,,,
2026-08-22T15:49:02.787267+00:00,20260822-154902,https://trends24.in/indonesia/,Sat Aug 22 2026 12:36:10 GMT+0000 (Coordinated Universal Time),27,Mbeumo,mbeumo,,,,,,
2026-08-22T15:49:02.787267+00:00,20260822-154902,https://trends24.in/indonesia/,Sat Aug 22 2026 12:36:10 GMT+0000 (Coordinated Universal Time),28,way kambas,way kambas,,,,,,
2026-08-22T15:49:02.787267+00:00,20260822-154902,https://trends24.in/indonesia/,Sat Aug 22 2026 12:36:10 GMT+0000 (Coordinated Universal Time),29,Biasakan,biasakan,,,,,,
2026-08-22T15:49:02.787267+00:00,20260822-154902,https://trends24.in/indonesia/,Sat Aug 22 2026 12:36:10 GMT+0000 (Coordinated Universal Time),30,DNYL,dnyl,,,,,,
2026-08-22T15:49:02.787267+00:00,20260822-154902,https://trends24.in/indonesia/,Sat Aug 22 2026 12:36:10 GMT+0000 (Coordinated Universal Time),31,King MU,king mu,,,,,,
2026-08-22T15:49:02.787267+00:00,20260822-154902,https://trends24.in/indonesia/,Sat Aug 22 2026 12:36:10 GMT+0000 (Coordinated Universal Time),32,Amad,amad,,,,,,
2026-08-22T15:49:02.787267+00:00,20260822-154902,https://trends24.in/indonesia/,Sat Aug 22 2026 12:36:10 GMT+0000 (Coordinated Universal Time),33,NUNEW IN IMPACT SOON,nunew in impact soon,,,,,,
2026-08-22T15:49:02.787267+00:00,20260822-154902,https://trends24.in/indonesia/,Sat Aug 22 2026 12:36:10 GMT+0000 (Coordinated Universal Time),34,Man United,man united,,,,,,
2026-08-22T15:49:02.787267+00:00,20260822-154902,https://trends24.in/indonesia/,Sat Aug 22 2026 12:36:10 GMT+0000 (Coordinated Universal Time),35,Heaven,heaven,,,,,,
2026-08-22T15:49:02.787267+00:00,20260822-154902,https://trends24.in/indonesia/,Sat Aug 22 2026 12:36:10 GMT+0000 (Coordinated Universal Time),36,Maki,maki,,,,,,
2026-08-22T15:49:02.787267+00:00,20260822-154902,https://trends24.in/indonesia/,Sat Aug 22 2026 12:36:10 GMT+0000 (Coordinated Universal Time),37,George Russell,george russell,,,,,,
2026-08-22T15:49:02.787267+00:00,20260822-154902,https://trends24.in/indonesia/,Sat Aug 22 2026 12:36:10 GMT+0000 (Coordinated Universal Time),38,BLOOM IN LOVE WITH NET,bloom in love with net,,,,,,
2026-08-22T15:49:02.787267+00:00,20260822-154902,https://trends24.in/indonesia/,Sat Aug 22 2026 12:36:10 GMT+0000 (Coordinated Universal Time),39,Lando,lando,,,,,,
2026-08-22T15:49:02.787267+00:00,20260822-154902,https://trends24.in/indonesia/,Sat Aug 22 2026 12:36:10 GMT+0000 (Coordinated Universal Time),40,Charles,charles,,,,,,
2026-08-22T15:49:02.787267+00:00,20260822-154902,https://trends24.in/indonesia/,Sat Aug 22 2026 12:36:10 GMT+0000 (Coordinated Universal Time),41,Sesko,sesko,,,,,,
2026-08-22T15:49:02.787267+00:00,20260822-154902,https://trends24.in/indonesia/,Sat Aug 22 2026 12:36:10 GMT+0000 (Coordinated Universal Time),42,Bayangan B,bayangan b,,,,,,
2026-08-22T15:49:02.787267+00:00,20260822-154902,https://trends24.in/indonesia/,Sat Aug 22 2026 12:36:10 GMT+0000 (Coordinated Universal Time),43,THANK YOU MC DOHOON,thank you mc dohoon,,,,,,
2026-08-22T15:49:02.787267+00:00,20260822-154902,https://trends24.in/indonesia/,Sat Aug 22 2026 12:36:10 GMT+0000 (Coordinated Universal Time),44,Dana,dana,,,,,,
2026-08-22T15:49:02.787267+00:00,20260822-154902,https://trends24.in/indonesia/,Sat Aug 22 2026 12:36:10 GMT+0000 (Coordinated Universal Time),45,haechan,haechan,,,,,,
2026-08-22T15:49:02.787267+00:00,20260822-154902,https://trends24.in/indonesia/,Sat Aug 22 2026 12:36:10 GMT+0000 (Coordinated Universal Time),46,KNP FAN MEET,knp fan meet,,,,,,
2026-08-22T15:49:02.787267+00:00,20260822-154902,https://trends24.in/indonesia/,Sat Aug 22 2026 12:36:10 GMT+0000 (Coordinated Universal Time),47,Leon,leon,,,,,,
2026-08-22T15:49:02.787267+00:00,20260822-154902,https://trends24.in/indonesia/,Sat Aug 22 2026 12:36:10 GMT+0000 (Coordinated Universal Time),48,Manggala Agni,manggala agni,,,,,,
2026-08-22T15:49:02.787267+00:00,20260822-154902,https://trends24.in/indonesia/,Sat Aug 22 2026 12:36:10 GMT+0000 (Coordinated Universal Time),49,Kalimantan Barat,kalimantan barat,,,,,,
2026-08-22T15:49:02.787267+00:00,20260822-154902,https://trends24.in/indonesia/,Sat Aug 22 2026 12:36:10 GMT+0000 (Coordinated Universal Time),50,POP Spageti,pop spageti,,,,,,
2026-08-22T15:49:02.787267+00:00,20260822-154902,https://trends24.in/indonesia/,Sat Aug 22 2026 12:36:09 GMT+0000 (Coordinated Universal Time),1,#PondPhuwinConcertD2,pondphuwinconcertd2,,,,,,
2026-08-22T15:49:02.787267+00:00,20260822-154902,https://trends24.in/indonesia/,Sat Aug 22 2026 12:36:09 GMT+0000 (Coordinated Universal Time),2,Dorgu,dorgu,,,,,,
2026-08-22T15:49:02.787267+00:00,20260822-154902,https://trends24.in/indonesia/,Sat Aug 22 2026 12:36:09 GMT+0000 (Coordinated Universal Time),3,#ELLECrushxDewTee,ellecrushxdewtee,,,,,,
2026-08-22T15:49:02.787267+00:00,20260822-154902,https://trends24.in/indonesia/,Sat Aug 22 2026 12:36:09 GMT+0000 (Coordinated Universal Time),4,#ELLEThailand,ellethailand,,,,,,
2026-08-22T15:49:02.787267+00:00,20260822-154902,https://trends24.in/indonesia/,Sat Aug 22 2026 12:36:09 GMT+0000 (Coordinated Universal Time),5,#dew_jsu,dew_jsu,,,,,,
2026-08-22T15:49:02.787267+00:00,20260822-154902,https://trends24.in/indonesia/,Sat Aug 22 2026 12:36:09 GMT+0000 (Coordinated Universal Time),6,#tee_vtp,tee_vtp,,,,,,
2026-08-22T15:49:02.787267+00:00,20260822-154902,https://trends24.in/indonesia/,Sat Aug 22 2026 12:36:09 GMT+0000 (Coordinated Universal Time),7,Hull,hull,,,,,,
2026-08-22T15:49:02.787267+00:00,20260822-154902,https://trends24.in/indonesia/,Sat Aug 22 2026 12:36:09 GMT+0000 (Coordinated Universal Time),8,Carrick,carrick,,,,,,
2026-08-22T15:49:02.787267+00:00,20260822-154902,https://trends24.in/indonesia/,Sat Aug 22 2026 12:36:09 GMT+0000 (Coordinated Universal Time),9,Maguire,maguire,,,,,,
2026-08-22T15:49:02.787267+00:00,20260822-154902,https://trends24.in/indonesia/,Sat Aug 22 2026 12:36:09 GMT+0000 (Coordinated Universal Time),10,jeno,jeno,,,,,,
2026-08-22T15:49:02.787267+00:00,20260822-154902,https://trends24.in/indonesia/,Sat Aug 22 2026 12:36:09 GMT+0000 (Coordinated Universal Time),11,Lammens,lammens,,,,,,
2026-08-22T15:49:02.787267+00:00,20260822-154902,https://trends24.in/indonesia/,Sat Aug 22 2026 12:36:09 GMT+0000 (Coordinated Universal Time),12,LINGORM PRESENTER MEGA WE CARE,lingorm presenter mega we care,,,,,,
2026-08-22T15:49:02.787267+00:00,20260822-154902,https://trends24.in/indonesia/,Sat Aug 22 2026 12:36:09 GMT+0000 (Coordinated Universal Time),13,DESIRE4 THE ETERNAL STAGE,desire4 the eternal stage,,,,,,
2026-08-22T15:49:02.787267+00:00,20260822-154902,https://trends24.in/indonesia/,Sat Aug 22 2026 12:36:09 GMT+0000 (Coordinated Universal Time),14,DUNK NAVORI AT OSMEP,dunk navori at osmep,,,,,,
2026-08-22T15:49:02.787267+00:00,20260822-154902,https://trends24.in/indonesia/,Sat Aug 22 2026 12:36:09 GMT+0000 (Coordinated Universal Time),15,chenle,chenle,,,,,,
2026-08-22T15:49:02.787267+00:00,20260822-154902,https://trends24.in/indonesia/,Sat Aug 22 2026 12:36:09 GMT+0000 (Coordinated Universal Time),16,Refund,refund,,,,,,
2026-08-22T15:49:02.787267+00:00,20260822-154902,https://trends24.in/indonesia/,Sat Aug 22 2026 12:36:09 GMT+0000 (Coordinated Universal Time),17,Emyu,emyu,,,,,,
2026-08-22T15:49:02.787267+00:00,20260822-154902,https://trends24.in/indonesia/,Sat Aug 22 2026 12:36:09 GMT+0000 (Coordinated Universal Time),18,PACK IT UP,pack it up,,,,,,
2026-08-22T15:49:02.787267+00:00,20260822-154902,https://trends24.in/indonesia/,Sat Aug 22 2026 12:36:09 GMT+0000 (Coordinated Universal Time),19,10 YEARS OF SWEET DREAM,10 years of sweet dream,,,,,,
2026-08-22T15:49:02.787267+00:00,20260822-154902,https://trends24.in/indonesia/,Sat Aug 22 2026 12:36:09 GMT+0000 (Coordinated Universal Time),20,TIMA,tima,,,,,,
2026-08-22T15:49:02.787267+00:00,20260822-154902,https://trends24.in/indonesia/,Sat Aug 22 2026 12:36:09 GMT+0000 (Coordinated Universal Time),21,POLCA FAM EUCERIN SPORTS DAY,polca fam eucerin sports day,,,,,,
2026-08-22T15:49:02.787267+00:00,20260822-154902,https://trends24.in/indonesia/,Sat Aug 22 2026 12:36:09 GMT+0000 (Coordinated Universal Time),22,Manchester United,manchester united,,,,,,
2026-08-22T15:49:02.787267+00:00,20260822-154902,https://trends24.in/indonesia/,Sat Aug 22 2026 12:36:09 GMT+0000 (Coordinated Universal Time),23,Cunha,cunha,,,,,,
2026-08-22T15:49:02.787267+00:00,20260822-154902,https://trends24.in/indonesia/,Sat Aug 22 2026 12:36:09 GMT+0000 (Coordinated Universal Time),24,GEMINI IN F1A DUTCH GP 2026,gemini in f1a dutch gp 2026,,,,,,
2026-08-22T15:49:02.787267+00:00,20260822-154902,https://trends24.in/indonesia/,Sat Aug 22 2026 12:36:09 GMT+0000 (Coordinated Universal Time),25,LENAMIU HELLO SINGAPORE,lenamiu hello singapore,,,,,,
2026-08-22T15:49:02.787267+00:00,20260822-154902,https://trends24.in/indonesia/,Sat Aug 22 2026 12:36:09 GMT+0000 (Coordinated Universal Time),26,Malming,malming,,,,,,
2026-08-22T15:49:02.787267+00:00,20260822-154902,https://trends24.in/indonesia/,Sat Aug 22 2026 12:36:09 GMT+0000 (Coordinated Universal Time),27,Mbeumo,mbeumo,,,,,,
2026-08-22T15:49:02.787267+00:00,20260822-154902,https://trends24.in/indonesia/,Sat Aug 22 2026 12:36:09 GMT+0000 (Coordinated Universal Time),28,way kambas,way kambas,,,,,,
2026-08-22T15:49:02.787267+00:00,20260822-154902,https://trends24.in/indonesia/,Sat Aug 22 2026 12:36:09 GMT+0000 (Coordinated Universal Time),29,Biasakan,biasakan,,,,,,
2026-08-22T15:49:02.787267+00:00,20260822-154902,https://trends24.in/indonesia/,Sat Aug 22 2026 12:36:09 GMT+0000 (Coordinated Universal Time),30,DNYL,dnyl,,,,,,
2026-08-22T15:49:02.787267+00:00,20260822-154902,https://trends24.in/indonesia/,Sat Aug 22 2026 12:36:09 GMT+0000 (Coordinated Universal Time),31,King MU,king mu,,,,,,
2026-08-22T15:49:02.787267+00:00,20260822-154902,https://trends24.in/indonesia/,Sat Aug 22 2026 12:36:09 GMT+0000 (Coordinated Universal Time),32,Amad,amad,,,,,,
2026-08-22T15:49:02.787267+00:00,20260822-154902,https://trends24.in/indonesia/,Sat Aug 22 2026 12:36:09 GMT+0000 (Coordinated Universal Time),33,NUNEW IN IMPACT SOON,nunew in impact soon,,,,,,
2026-08-22T15:49:02.787267+00:00,20260822-154902,https://trends24.in/indonesia/,Sat Aug 22 2026 12:36:09 GMT+0000 (Coordinated Universal Time),34,Man United,man united,,,,,,
2026-08-22T15:49:02.787267+00:00,20260822-154902,https://trends24.in/indonesia/,Sat Aug 22 2026 12:36:09 GMT+0000 (Coordinated Universal Time),35,Heaven,heaven,,,,,,
2026-08-22T15:49:02.787267+00:00,20260822-154902,https://trends24.in/indonesia/,Sat Aug 22 2026 12:36:09 GMT+0000 (Coordinated Universal Time),36,Maki,maki,,,,,,
2026-08-22T15:49:02.787267+00:00,20260822-154902,https://trends24.in/indonesia/,Sat Aug 22 2026 12:36:09 GMT+0000 (Coordinated Universal Time),37,George Russell,george russell,,,,,,
2026-08-22T15:49:02.787267+00:00,20260822-154902,https://trends24.in/indonesia/,Sat Aug 22 2026 12:36:09 GMT+0000 (Coordinated Universal Time),38,BLOOM IN LOVE WITH NET,bloom in love with net,,,,,,
2026-08-22T15:49:02.787267+00:00,20260822-154902,https://trends24.in/indonesia/,Sat Aug 22 2026 12:36:09 GMT+0000 (Coordinated Universal Time),39,Lando,lando,,,,,,
2026-08-22T15:49:02.787267+00:00,20260822-154902,https://trends24.in/indonesia/,Sat Aug 22 2026 12:36:09 GMT+0000 (Coordinated Universal Time),40,Charles,charles,,,,,,
2026-08-22T15:49:02.787267+00:00,20260822-154902,https://trends24.in/indonesia/,Sat Aug 22 2026 12:36:09 GMT+0000 (Coordinated Universal Time),41,Sesko,sesko,,,,,,
2026-08-22T15:49:02.787267+00:00,20260822-154902,https://trends24.in/indonesia/,Sat Aug 22 2026 12:36:09 GMT+0000 (Coordinated Universal Time),42,Bayangan B,bayangan b,,,,,,
2026-08-22T15:49:02.787267+00:00,20260822-154902,https://trends24.in/indonesia/,Sat Aug 22 2026 12:36:09 GMT+0000 (Coordinated Universal Time),43,THANK YOU MC DOHOON,thank you mc dohoon,,,,,,
2026-08-22T15:49:02.787267+00:00,20260822-154902,https://trends24.in/indonesia/,Sat Aug 22 2026 12:36:09 GMT+0000 (Coordinated Universal Time),44,Dana,dana,,,,,,
2026-08-22T15:49:02.787267+00:00,20260822-154902,https://trends24.in/indonesia/,Sat Aug 22 2026 12:36:09 GMT+0000 (Coordinated Universal Time),45,haechan,haechan,,,,,,
2026-08-22T15:49:02.787267+00:00,20260822-154902,https://trends24.in/indonesia/,Sat Aug 22 2026 12:36:09 GMT+0000 (Coordinated Universal Time),46,KNP FAN MEET,knp fan meet,,,,,,
2026-08-22T15:49:02.787267+00:00,20260822-154902,https://trends24.in/indonesia/,Sat Aug 22 2026 12:36:09 GMT+0000 (Coordinated Universal Time),47,Leon,leon,,,,,,
2026-08-22T15:49:02.787267+00:00,20260822-154902,https://trends24.in/indonesia/,Sat Aug 22 2026 12:36:09 GMT+0000 (Coordinated Universal Time),48,Manggala Agni,manggala agni,,,,,,
2026-08-22T15:49:02.787267+00:00,20260822-154902,https://trends24.in/indonesia/,Sat Aug 22 2026 12:36:09 GMT+0000 (Coordinated Universal Time),49,Kalimantan Barat,kalimantan barat,,,,,,
2026-08-22T15:49:02.787267+00:00,20260822-154902,https://trends24.in/indonesia/,Sat Aug 22 2026 12:36:09 GMT+0000 (Coordinated Universal Time),50,POP Spageti,pop spageti,,,,,,
2026-08-22T15:49:02.787267+00:00,20260822-154902,https://trends24.in/indonesia/,Sat Aug 22 2026 11:44:10 GMT+0000 (Coordinated Universal Time),1,#PondPhuwinConcertD2,pondphuwinconcertd2,,,,,,
2026-08-22T15:49:02.787267+00:00,20260822-154902,https://trends24.in/indonesia/,Sat Aug 22 2026 11:44:10 GMT+0000 (Coordinated Universal Time),2,#ELLECrushxDewTee,ellecrushxdewtee,,,,,,
2026-08-22T15:49:02.787267+00:00,20260822-154902,https://trends24.in/indonesia/,Sat Aug 22 2026 11:44:10 GMT+0000 (Coordinated Universal Time),3,#skynanifminhk2026,skynanifminhk2026,,,,,,
2026-08-22T15:49:02.787267+00:00,20260822-154902,https://trends24.in/indonesia/,Sat Aug 22 2026 11:44:10 GMT+0000 (Coordinated Universal Time),4,#ELLEThailand,ellethailand,,,,,,
2026-08-22T15:49:02.787267+00:00,20260822-154902,https://trends24.in/indonesia/,Sat Aug 22 2026 11:44:10 GMT+0000 (Coordinated Universal Time),5,#GmmtvTreatWilliamEstBetter,gmmtvtreatwilliamestbetter,,,,,,
2026-08-22T15:49:02.787267+00:00,20260822-154902,https://trends24.in/indonesia/,Sat Aug 22 2026 11:44:10 GMT+0000 (Coordinated Universal Time),6,jeno,jeno,,,,,,
2026-08-22T15:49:02.787267+00:00,20260822-154902,https://trends24.in/indonesia/,Sat Aug 22 2026 11:44:10 GMT+0000 (Coordinated Universal Time),7,10 YEARS OF SWEET DREAM,10 years of sweet dream,,,,,,
2026-08-22T15:49:02.787267+00:00,20260822-154902,https://trends24.in/indonesia/,Sat Aug 22 2026 11:44:10 GMT+0000 (Coordinated Universal Time),8,DUNK NAVORI AT OSMEP,dunk navori at osmep,,,,,,
2026-08-22T15:49:02.787267+00:00,20260822-154902,https://trends24.in/indonesia/,Sat Aug 22 2026 11:44:10 GMT+0000 (Coordinated Universal Time),9,chenle,chenle,,,,,,
2026-08-22T15:49:02.787267+00:00,20260822-154902,https://trends24.in/indonesia/,Sat Aug 22 2026 11:44:10 GMT+0000 (Coordinated Universal Time),10,PACK IT UP,pack it up,,,,,,
2026-08-22T15:49:02.787267+00:00,20260822-154902,https://trends24.in/indonesia/,Sat Aug 22 2026 11:44:10 GMT+0000 (Coordinated Universal Time),11,DESIRE4 THE ETERNAL STAGE,desire4 the eternal stage,,,,,,
2026-08-22T15:49:02.787267+00:00,20260822-154902,https://trends24.in/indonesia/,Sat Aug 22 2026 11:44:10 GMT+0000 (Coordinated Universal Time),12,GEMINI IN F1A DUTCH GP 2026,gemini in f1a dutch gp 2026,,,,,,
2026-08-22T15:49:02.787267+00:00,20260822-154902,https://trends24.in/indonesia/,Sat Aug 22 2026 11:44:10 GMT+0000 (Coordinated Universal Time),13,POLCA FAM EUCERIN SPORTS DAY,polca fam eucerin sports day,,,,,,
2026-08-22T15:49:02.787267+00:00,20260822-154902,https://trends24.in/indonesia/,Sat Aug 22 2026 11:44:10 GMT+0000 (Coordinated Universal Time),14,TIMA,tima,,,,,,
2026-08-22T15:49:02.787267+00:00,20260822-154902,https://trends24.in/indonesia/,Sat Aug 22 2026 11:44:10 GMT+0000 (Coordinated Universal Time),15,LENAMIU HELLO SINGAPORE,lenamiu hello singapore,,,,,,
2026-08-22T15:49:02.787267+00:00,20260822-154902,https://trends24.in/indonesia/,Sat Aug 22 2026 11:44:10 GMT+0000 (Coordinated Universal Time),16,Refund,refund,,,,,,
2026-08-22T15:49:02.787267+00:00,20260822-154902,https://trends24.in/indonesia/,Sat Aug 22 2026 11:44:10 GMT+0000 (Coordinated Universal Time),17,Way Kambas,way kambas,,,,,,
2026-08-22T15:49:02.787267+00:00,20260822-154902,https://trends24.in/indonesia/,Sat Aug 22 2026 11:44:10 GMT+0000 (Coordinated Universal Time),18,Amad,amad,,,,,,
2026-08-22T15:49:02.787267+00:00,20260822-154902,https://trends24.in/indonesia/,Sat Aug 22 2026 11:44:10 GMT+0000 (Coordinated Universal Time),19,NUNEW IN IMPACT SOON,nunew in impact soon,,,,,,
2026-08-22T15:49:02.787267+00:00,20260822-154902,https://trends24.in/indonesia/,Sat Aug 22 2026 11:44:10 GMT+0000 (Coordinated Universal Time),20,Charles,charles,,,,,,
2026-08-22T15:49:02.787267+00:00,20260822-154902,https://trends24.in/indonesia/,Sat Aug 22 2026 11:44:10 GMT+0000 (Coordinated Universal Time),21,George Russell,george russell,,,,,,
2026-08-22T15:49:02.787267+00:00,20260822-154902,https://trends24.in/indonesia/,Sat Aug 22 2026 11:44:10 GMT+0000 (Coordinated Universal Time),22,BLOOM IN LOVE WITH NET,bloom in love with net,,,,,,
2026-08-22T15:49:02.787267+00:00,20260822-154902,https://trends24.in/indonesia/,Sat Aug 22 2026 11:44:10 GMT+0000 (Coordinated Universal Time),23,Maki,maki,,,,,,
2026-08-22T15:49:02.787267+00:00,20260822-154902,https://trends24.in/indonesia/,Sat Aug 22 2026 11:44:10 GMT+0000 (Coordinated Universal Time),24,Dana,dana,,,,,,
2026-08-22T15:49:02.787267+00:00,20260822-154902,https://trends24.in/indonesia/,Sat Aug 22 2026 11:44:10 GMT+0000 (Coordinated Universal Time),25,Hull City,hull city,,,,,,
2026-08-22T15:49:02.787267+00:00,20260822-154902,https://trends24.in/indonesia/,Sat Aug 22 2026 11:44:10 GMT+0000 (Coordinated Universal Time),26,Lando,lando,,,,,,
2026-08-22T15:49:02.787267+00:00,20260822-154902,https://trends24.in/indonesia/,Sat Aug 22 2026 11:44:10 GMT+0000 (Coordinated Universal Time),27,Penanganan Situasi Darurat,penanganan situasi darurat,,,,,,
2026-08-22T15:49:02.787267+00:00,20260822-154902,https://trends24.in/indonesia/,Sat Aug 22 2026 11:44:10 GMT+0000 (Coordinated Universal Time),28,Bayangan B,bayangan b,,,,,,
2026-08-22T15:49:02.787267+00:00,20260822-154902,https://trends24.in/indonesia/,Sat Aug 22 2026 11:44:10 GMT+0000 (Coordinated Universal Time),29,THANK YOU MC DOHOON,thank you mc dohoon,,,,,,
2026-08-22T15:49:02.787267+00:00,20260822-154902,https://trends24.in/indonesia/,Sat Aug 22 2026 11:44:10 GMT+0000 (Coordinated Universal Time),30,haechan,haechan,,,,,,
2026-08-22T15:49:02.787267+00:00,20260822-154902,https://trends24.in/indonesia/,Sat Aug 22 2026 11:44:10 GMT+0000 (Coordinated Universal Time),31,KNP FAN MEET,knp fan meet,,,,,,
2026-08-22T15:49:02.787267+00:00,20260822-154902,https://trends24.in/indonesia/,Sat Aug 22 2026 11:44:10 GMT+0000 (Coordinated Universal Time),32,UU Perampasan Aset,uu perampasan aset,,,,,,
2026-08-22T15:49:02.787267+00:00,20260822-154902,https://trends24.in/indonesia/,Sat Aug 22 2026 11:44:10 GMT+0000 (Coordinated Universal Time),33,Amri,amri,,,,,,
2026-08-22T15:49:02.787267+00:00,20260822-154902,https://trends24.in/indonesia/,Sat Aug 22 2026 11:44:10 GMT+0000 (Coordinated Universal Time),34,POP Spageti,pop spageti,,,,,,
2026-08-22T15:49:02.787267+00:00,20260822-154902,https://trends24.in/indonesia/,Sat Aug 22 2026 11:44:10 GMT+0000 (Coordinated Universal Time),35,Manggala Agni,manggala agni,,,,,,
2026-08-22T15:49:02.787267+00:00,20260822-154902,https://trends24.in/indonesia/,Sat Aug 22 2026 11:44:10 GMT+0000 (Coordinated Universal Time),36,Kalimantan Barat,kalimantan barat,,,,,,
2026-08-22T15:49:02.787267+00:00,20260822-154902,https://trends24.in/indonesia/,Sat Aug 22 2026 11:44:10 GMT+0000 (Coordinated Universal Time),37,Karhutla,karhutla,,,,,,
2026-08-22T15:49:02.787267+00:00,20260822-154902,https://trends24.in/indonesia/,Sat Aug 22 2026 11:44:10 GMT+0000 (Coordinated Universal Time),38,#tee_vtp,tee_vtp,,,,,,
2026-08-22T15:49:02.787267+00:00,20260822-154902,https://trends24.in/indonesia/,Sat Aug 22 2026 11:44:10 GMT+0000 (Coordinated Universal Time),39,#dew_jsu,dew_jsu,,,,,,
2026-08-22T15:49:02.787267+00:00,20260822-154902,https://trends24.in/indonesia/,Sat Aug 22 2026 11:44:10 GMT+0000 (Coordinated Universal Time),40,#THESWEETDREAMHOTEL_DAY1,thesweetdreamhotel_day1,,,,,,
2026-08-22T15:49:02.787267+00:00,20260822-154902,https://trends24.in/indonesia/,Sat Aug 22 2026 11:44:10 GMT+0000 (Coordinated Universal Time),41,#DESIRE4TEBinHKENCORE,desire4tebinhkencore,,,,,,
2026-08-22T15:49:02.787267+00:00,20260822-154902,https://trends24.in/indonesia/,Sat Aug 22 2026 11:44:10 GMT+0000 (Coordinated Universal Time),42,#PYPD_BIRTHDAY_PARTY,pypd_birthday_party,,,,,,
2026-08-22T15:49:02.787267+00:00,20260822-154902,https://trends24.in/indonesia/,Sat Aug 22 2026 11:44:10 GMT+0000 (Coordinated Universal Time),43,#OSMEPxDUNK,osmepxdunk,,,,,,
2026-08-22T15:49:02.787267+00:00,20260822-154902,https://trends24.in/indonesia/,Sat Aug 22 2026 11:44:10 GMT+0000 (Coordinated Universal Time),44,#KATExTheeWave,katextheewave,,,,,,
2026-08-22T15:49:02.787267+00:00,20260822-154902,https://trends24.in/indonesia/,Sat Aug 22 2026 11:44:10 GMT+0000 (Coordinated Universal Time),45,#LenaMiu1stFMinSingapore,lenamiu1stfminsingapore,,,,,,
2026-08-22T15:49:02.787267+00:00,20260822-154902,https://trends24.in/indonesia/,Sat Aug 22 2026 11:44:10 GMT+0000 (Coordinated Universal Time),46,#ItsRylwithLuna,itsrylwithluna,,,,,,
2026-08-22T15:49:02.787267+00:00,20260822-154902,https://trends24.in/indonesia/,Sat Aug 22 2026 11:44:10 GMT+0000 (Coordinated Universal Time),47,#PatiRukunDamai,patirukundamai,,,,,,
2026-08-22T15:49:02.787267+00:00,20260822-154902,https://trends24.in/indonesia/,Sat Aug 22 2026 11:44:10 GMT+0000 (Coordinated Universal Time),48,#HuangXing,huangxing,,,,,,
2026-08-22T15:49:02.787267+00:00,20260822-154902,https://trends24.in/indonesia/,Sat Aug 22 2026 11:44:10 GMT+0000 (Coordinated Universal Time),49,#NuNew2ndConcert,nunew2ndconcert,,,,,,
2026-08-22T15:49:02.787267+00:00,20260822-154902,https://trends24.in/indonesia/,Sat Aug 22 2026 11:44:10 GMT+0000 (Coordinated Universal Time),50,#QiuDingjie,qiudingjie,,,,,,
2026-08-22T15:49:02.787267+00:00,20260822-154902,https://trends24.in/indonesia/,Sat Aug 22 2026 10:52:09 GMT+0000 (Coordinated Universal Time),1,#PondPhuwinConcertD2,pondphuwinconcertd2,,,,,,
2026-08-22T15:49:02.787267+00:00,20260822-154902,https://trends24.in/indonesia/,Sat Aug 22 2026 10:52:09 GMT+0000 (Coordinated Universal Time),2,#GmmtvTreatWilliamEstBetter,gmmtvtreatwilliamestbetter,,,,,,
2026-08-22T15:49:02.787267+00:00,20260822-154902,https://trends24.in/indonesia/,Sat Aug 22 2026 10:52:09 GMT+0000 (Coordinated Universal Time),3,#skynanifminhk2026,skynanifminhk2026,,,,,,
2026-08-22T15:49:02.787267+00:00,20260822-154902,https://trends24.in/indonesia/,Sat Aug 22 2026 10:52:09 GMT+0000 (Coordinated Universal Time),4,#THESWEETDREAMHOTEL_DAY1,thesweetdreamhotel_day1,,,,,,
2026-08-22T15:49:02.787267+00:00,20260822-154902,https://trends24.in/indonesia/,Sat Aug 22 2026 10:52:09 GMT+0000 (Coordinated Universal Time),5,#patirukundamai,patirukundamai,,,,,,
2026-08-22T15:49:02.787267+00:00,20260822-154902,https://trends24.in/indonesia/,Sat Aug 22 2026 10:52:09 GMT+0000 (Coordinated Universal Time),6,10 YEARS OF SWEET DREAM,10 years of sweet dream,,,,,,
2026-08-22T15:49:02.787267+00:00,20260822-154902,https://trends24.in/indonesia/,Sat Aug 22 2026 10:52:09 GMT+0000 (Coordinated Universal Time),7,jeno,jeno,,,,,,
2026-08-22T15:49:02.787267+00:00,20260822-154902,https://trends24.in/indonesia/,Sat Aug 22 2026 10:52:09 GMT+0000 (Coordinated Universal Time),8,PACK IT UP,pack it up,,,,,,
2026-08-22T15:49:02.787267+00:00,20260822-154902,https://trends24.in/indonesia/,Sat Aug 22 2026 10:52:09 GMT+0000 (Coordinated Universal Time),9,chenle,chenle,,,,,,
2026-08-22T15:49:02.787267+00:00,20260822-154902,https://trends24.in/indonesia/,Sat Aug 22 2026 10:52:09 GMT+0000 (Coordinated Universal Time),10,POLCA FAM EUCERIN SPORTS DAY,polca fam eucerin sports day,,,,,,
2026-08-22T15:49:02.787267+00:00,20260822-154902,https://trends24.in/indonesia/,Sat Aug 22 2026 10:52:09 GMT+0000 (Coordinated Universal Time),11,GEMINI IN F1A DUTCH GP 2026,gemini in f1a dutch gp 2026,,,,,,
2026-08-22T15:49:02.787267+00:00,20260822-154902,https://trends24.in/indonesia/,Sat Aug 22 2026 10:52:09 GMT+0000 (Coordinated Universal Time),12,DESIRE4 THE ETERNAL STAGE,desire4 the eternal stage,,,,,,
2026-08-22T15:49:02.787267+00:00,20260822-154902,https://trends24.in/indonesia/,Sat Aug 22 2026 10:52:09 GMT+0000 (Coordinated Universal Time),13,NUNEW IN IMPACT SOON,nunew in impact soon,,,,,,
2026-08-22T15:49:02.787267+00:00,20260822-154902,https://trends24.in/indonesia/,Sat Aug 22 2026 10:52:09 GMT+0000 (Coordinated Universal Time),14,Way Kambas,way kambas,,,,,,
2026-08-22T15:49:02.787267+00:00,20260822-154902,https://trends24.in/indonesia/,Sat Aug 22 2026 10:52:09 GMT+0000 (Coordinated Universal Time),15,Dana,dana,,,,,,
2026-08-22T15:49:02.787267+00:00,20260822-154902,https://trends24.in/indonesia/,Sat Aug 22 2026 10:52:09 GMT+0000 (Coordinated Universal Time),16,Charles,charles,,,,,,
2026-08-22T15:49:02.787267+00:00,20260822-154902,https://trends24.in/indonesia/,Sat Aug 22 2026 10:52:09 GMT+0000 (Coordinated Universal Time),17,George Russell,george russell,,,,,,
2026-08-22T15:49:02.787267+00:00,20260822-154902,https://trends24.in/indonesia/,Sat Aug 22 2026 10:52:09 GMT+0000 (Coordinated Universal Time),18,Lando,lando,,,,,,
2026-08-22T15:49:02.787267+00:00,20260822-154902,https://trends24.in/indonesia/,Sat Aug 22 2026 10:52:09 GMT+0000 (Coordinated Universal Time),19,Sekitar 22,sekitar 22,,,,,,
2026-08-22T15:49:02.787267+00:00,20260822-154902,https://trends24.in/indonesia/,Sat Aug 22 2026 10:52:09 GMT+0000 (Coordinated Universal Time),20,BLOOM IN LOVE WITH NET,bloom in love with net,,,,,,
2026-08-22T15:49:02.787267+00:00,20260822-154902,https://trends24.in/indonesia/,Sat Aug 22 2026 10:52:09 GMT+0000 (Coordinated Universal Time),21,haechan,haechan,,,,,,
2026-08-22T15:49:02.787267+00:00,20260822-154902,https://trends24.in/indonesia/,Sat Aug 22 2026 10:52:09 GMT+0000 (Coordinated Universal Time),22,THANK YOU MC DOHOON,thank you mc dohoon,,,,,,
2026-08-22T15:49:02.787267+00:00,20260822-154902,https://trends24.in/indonesia/,Sat Aug 22 2026 10:52:09 GMT+0000 (Coordinated Universal Time),23,Kazakhstan,kazakhstan,,,,,,
2026-08-22T15:49:02.787267+00:00,20260822-154902,https://trends24.in/indonesia/,Sat Aug 22 2026 10:52:09 GMT+0000 (Coordinated Universal Time),24,Penanganan Situasi Darurat,penanganan situasi darurat,,,,,,
2026-08-22T15:49:02.787267+00:00,20260822-154902,https://trends24.in/indonesia/,Sat Aug 22 2026 10:52:09 GMT+0000 (Coordinated Universal Time),25,KNP FAN MEET,knp fan meet,,,,,,
2026-08-22T15:49:02.787267+00:00,20260822-154902,https://trends24.in/indonesia/,Sat Aug 22 2026 10:52:09 GMT+0000 (Coordinated Universal Time),26,Bayangan B,bayangan b,,,,,,
2026-08-22T15:49:02.787267+00:00,20260822-154902,https://trends24.in/indonesia/,Sat Aug 22 2026 10:52:09 GMT+0000 (Coordinated Universal Time),27,POP Spageti,pop spageti,,,,,,
2026-08-22T15:49:02.787267+00:00,20260822-154902,https://trends24.in/indonesia/,Sat Aug 22 2026 10:52:09 GMT+0000 (Coordinated Universal Time),28,Ni Rawi,ni rawi,,,,,,
2026-08-22T15:49:02.787267+00:00,20260822-154902,https://trends24.in/indonesia/,Sat Aug 22 2026 10:52:09 GMT+0000 (Coordinated Universal Time),29,Hull City,hull city,,,,,,
2026-08-22T15:49:02.787267+00:00,20260822-154902,https://trends24.in/indonesia/,Sat Aug 22 2026 10:52:09 GMT+0000 (Coordinated Universal Time),30,UU Perampasan Aset,uu perampasan aset,,,,,,
2026-08-22T15:49:02.787267+00:00,20260822-154902,https://trends24.in/indonesia/,Sat Aug 22 2026 10:52:09 GMT+0000 (Coordinated Universal Time),31,Amri,amri,,,,,,
2026-08-22T15:49:02.787267+00:00,20260822-154902,https://trends24.in/indonesia/,Sat Aug 22 2026 10:52:09 GMT+0000 (Coordinated Universal Time),32,Manggala Agni,manggala agni,,,,,,
2026-08-22T15:49:02.787267+00:00,20260822-154902,https://trends24.in/indonesia/,Sat Aug 22 2026 10:52:09 GMT+0000 (Coordinated Universal Time),33,Kalimantan Barat,kalimantan barat,,,,,,
2026-08-22T15:49:02.787267+00:00,20260822-154902,https://trends24.in/indonesia/,Sat Aug 22 2026 10:52:09 GMT+0000 (Coordinated Universal Time),34,Karhutla,karhutla,,,,,,
2026-08-22T15:49:02.787267+00:00,20260822-154902,https://trends24.in/indonesia/,Sat Aug 22 2026 10:52:09 GMT+0000 (Coordinated Universal Time),35,BNPB,bnpb,,,,,,
2026-08-22T15:49:02.787267+00:00,20260822-154902,https://trends24.in/indonesia/,Sat Aug 22 2026 10:52:09 GMT+0000 (Coordinated Universal Time),36,Kalbar,kalbar,,,,,,
2026-08-22T15:49:02.787267+00:00,20260822-154902,https://trends24.in/indonesia/,Sat Aug 22 2026 10:52:09 GMT+0000 (Coordinated Universal Time),37,#pypd_birthday_party,pypd_birthday_party,,,,,,
2026-08-22T15:49:02.787267+00:00,20260822-154902,https://trends24.in/indonesia/,Sat Aug 22 2026 10:52:09 GMT+0000 (Coordinated Universal Time),38,#OSMEPxDUNK,osmepxdunk,,,,,,
2026-08-22T15:49:02.787267+00:00,20260822-154902,https://trends24.in/indonesia/,Sat Aug 22 2026 10:52:09 GMT+0000 (Coordinated Universal Time),39,#KATExTheeWave,katextheewave,,,,,,
2026-08-22T15:49:02.787267+00:00,20260822-154902,https://trends24.in/indonesia/,Sat Aug 22 2026 10:52:09 GMT+0000 (Coordinated Universal Time),40,#DESIRE4TEBinHKENCORE,desire4tebinhkencore,,,,,,
2026-08-22T15:49:02.787267+00:00,20260822-154902,https://trends24.in/indonesia/,Sat Aug 22 2026 10:52:09 GMT+0000 (Coordinated Universal Time),41,#LenaMiu1stFMinSingapore,lenamiu1stfminsingapore,,,,,,
2026-08-22T15:49:02.787267+00:00,20260822-154902,https://trends24.in/indonesia/,Sat Aug 22 2026 10:52:09 GMT+0000 (Coordinated Universal Time),42,#NuNew2ndConcert,nunew2ndconcert,,,,,,
2026-08-22T15:49:02.787267+00:00,20260822-154902,https://trends24.in/indonesia/,Sat Aug 22 2026 10:52:09 GMT+0000 (Coordinated Universal Time),43,#finalchapterCoCs3,finalchaptercocs3,,,,,,
2026-08-22T15:49:02.787267+00:00,20260822-154902,https://trends24.in/indonesia/,Sat Aug 22 2026 10:52:09 GMT+0000 (Coordinated Universal Time),44,#PRAYFORPAPUA,prayforpapua,,,,,,
2026-08-22T15:49:02.787267+00:00,20260822-154902,https://trends24.in/indonesia/,Sat Aug 22 2026 10:52:09 GMT+0000 (Coordinated Universal Time),45,#NCTDREAM,nctdream,,,,,,
2026-08-22T15:49:02.787267+00:00,20260822-154902,https://trends24.in/indonesia/,Sat Aug 22 2026 10:52:09 GMT+0000 (Coordinated Universal Time),46,#JakartaInginDamai,jakartaingindamai,,,,,,
2026-08-22T15:49:02.787267+00:00,20260822-154902,https://trends24.in/indonesia/,Sat Aug 22 2026 10:52:09 GMT+0000 (Coordinated Universal Time),47,#BABYMONSTERxTIMA2026,babymonsterxtima2026,,,,,,
2026-08-22T15:49:02.787267+00:00,20260822-154902,https://trends24.in/indonesia/,Sat Aug 22 2026 10:52:09 GMT+0000 (Coordinated Universal Time),48,#GuruPPPK,gurupppk,,,,,,
2026-08-22T15:49:02.787267+00:00,20260822-154902,https://trends24.in/indonesia/,Sat Aug 22 2026 10:52:09 GMT+0000 (Coordinated Universal Time),49,#HuangXing,huangxing,,,,,,
2026-08-22T15:49:02.787267+00:00,20260822-154902,https://trends24.in/indonesia/,Sat Aug 22 2026 10:52:09 GMT+0000 (Coordinated Universal Time),50,#PRAYFORINDONESIA,prayforindonesia,,,,,,
2026-08-22T15:49:02.787267+00:00,20260822-154902,https://trends24.in/indonesia/,Sat Aug 22 2026 10:00:51 GMT+0000 (Coordinated Universal Time),1,#PondPhuwinConcertD2,pondphuwinconcertd2,,,,,,
2026-08-22T15:49:02.787267+00:00,20260822-154902,https://trends24.in/indonesia/,Sat Aug 22 2026 10:00:51 GMT+0000 (Coordinated Universal Time),2,PONDPHUWIN SOUL ODYSSEY,pondphuwin soul odyssey,,,,,,
2026-08-22T15:49:02.787267+00:00,20260822-154902,https://trends24.in/indonesia/,Sat Aug 22 2026 10:00:51 GMT+0000 (Coordinated Universal Time),3,#GmmtvTreatWilliamEstBetter,gmmtvtreatwilliamestbetter,,,,,,
2026-08-22T15:49:02.787267+00:00,20260822-154902,https://trends24.in/indonesia/,Sat Aug 22 2026 10:00:51 GMT+0000 (Coordinated Universal Time),4,#THESWEETDREAMHOTEL_DAY1,thesweetdreamhotel_day1,,,,,,
2026-08-22T15:49:02.787267+00:00,20260822-154902,https://trends24.in/indonesia/,Sat Aug 22 2026 10:00:51 GMT+0000 (Coordinated Universal Time),5,#skynanifminhk2026,skynanifminhk2026,,,,,,
2026-08-22T15:49:02.787267+00:00,20260822-154902,https://trends24.in/indonesia/,Sat Aug 22 2026 10:00:51 GMT+0000 (Coordinated Universal Time),6,10 YEARS OF SWEET DREAM,10 years of sweet dream,,,,,,
2026-08-22T15:49:02.787267+00:00,20260822-154902,https://trends24.in/indonesia/,Sat Aug 22 2026 10:00:51 GMT+0000 (Coordinated Universal Time),7,#PatiRukunDamai,patirukundamai,,,,,,
2026-08-22T15:49:02.787267+00:00,20260822-154902,https://trends24.in/indonesia/,Sat Aug 22 2026 10:00:51 GMT+0000 (Coordinated Universal Time),8,jeno,jeno,,,,,,
2026-08-22T15:49:02.787267+00:00,20260822-154902,https://trends24.in/indonesia/,Sat Aug 22 2026 10:00:51 GMT+0000 (Coordinated Universal Time),9,GEMINI IN F1A DUTCH GP 2026,gemini in f1a dutch gp 2026,,,,,,
2026-08-22T15:49:02.787267+00:00,20260822-154902,https://trends24.in/indonesia/,Sat Aug 22 2026 10:00:51 GMT+0000 (Coordinated Universal Time),10,NUNEW IN IMPACT SOON,nunew in impact soon,,,,,,
2026-08-22T15:49:02.787267+00:00,20260822-154902,https://trends24.in/indonesia/,Sat Aug 22 2026 10:00:51 GMT+0000 (Coordinated Universal Time),11,Way Kambas,way kambas,,,,,,
2026-08-22T15:49:02.787267+00:00,20260822-154902,https://trends24.in/indonesia/,Sat Aug 22 2026 10:00:51 GMT+0000 (Coordinated Universal Time),12,Dana,dana,,,,,,
2026-08-22T15:49:02.787267+00:00,20260822-154902,https://trends24.in/indonesia/,Sat Aug 22 2026 10:00:51 GMT+0000 (Coordinated Universal Time),13,KH Abdul Majid,kh abdul majid,,,,,,
2026-08-22T15:49:02.787267+00:00,20260822-154902,https://trends24.in/indonesia/,Sat Aug 22 2026 10:00:51 GMT+0000 (Coordinated Universal Time),14,Ahmad Sulaim Habibi,ahmad sulaim habibi,,,,,,
2026-08-22T15:49:02.787267+00:00,20260822-154902,https://trends24.in/indonesia/,Sat Aug 22 2026 10:00:51 GMT+0000 (Coordinated Universal Time),15,POP Spageti,pop spageti,,,,,,
2026-08-22T15:49:02.787267+00:00,20260822-154902,https://trends24.in/indonesia/,Sat Aug 22 2026 10:00:51 GMT+0000 (Coordinated Universal Time),16,Sekitar 22,sekitar 22,,,,,,
2026-08-22T15:49:02.787267+00:00,20260822-154902,https://trends24.in/indonesia/,Sat Aug 22 2026 10:00:51 GMT+0000 (Coordinated Universal Time),17,GoPay,gopay,,,,,,
2026-08-22T15:49:02.787267+00:00,20260822-154902,https://trends24.in/indonesia/,Sat Aug 22 2026 10:00:51 GMT+0000 (Coordinated Universal Time),18,KNP FAN MEET,knp fan meet,,,,,,
2026-08-22T15:49:02.787267+00:00,20260822-154902,https://trends24.in/indonesia/,Sat Aug 22 2026 10:00:51 GMT+0000 (Coordinated Universal Time),19,Kazakhstan,kazakhstan,,,,,,
2026-08-22T15:49:02.787267+00:00,20260822-154902,https://trends24.in/indonesia/,Sat Aug 22 2026 10:00:51 GMT+0000 (Coordinated Universal Time),20,Penanganan Situasi Darurat,penanganan situasi darurat,,,,,,
2026-08-22T15:49:02.787267+00:00,20260822-154902,https://trends24.in/indonesia/,Sat Aug 22 2026 10:00:51 GMT+0000 (Coordinated Universal Time),21,THANK YOU MC DOHOON,thank you mc dohoon,,,,,,
2026-08-22T15:49:02.787267+00:00,20260822-154902,https://trends24.in/indonesia/,Sat Aug 22 2026 10:00:51 GMT+0000 (Coordinated Universal Time),22,BLOOM IN LOVE WITH NET,bloom in love with net,,,,,,
2026-08-22T15:49:02.787267+00:00,20260822-154902,https://trends24.in/indonesia/,Sat Aug 22 2026 10:00:51 GMT+0000 (Coordinated Universal Time),23,Bli Mudnyana,bli mudnyana,,,,,,
2026-08-22T15:49:02.787267+00:00,20260822-154902,https://trends24.in/indonesia/,Sat Aug 22 2026 10:00:51 GMT+0000 (Coordinated Universal Time),24,Ni Rawi,ni rawi,,,,,,
2026-08-22T15:49:02.787267+00:00,20260822-154902,https://trends24.in/indonesia/,Sat Aug 22 2026 10:00:51 GMT+0000 (Coordinated Universal Time),25,Bayangan B,bayangan b,,,,,,
2026-08-22T15:49:02.787267+00:00,20260822-154902,https://trends24.in/indonesia/,Sat Aug 22 2026 10:00:51 GMT+0000 (Coordinated Universal Time),26,haechan,haechan,,,,,,
2026-08-22T15:49:02.787267+00:00,20260822-154902,https://trends24.in/indonesia/,Sat Aug 22 2026 10:00:51 GMT+0000 (Coordinated Universal Time),27,PACK IT UP,pack it up,,,,,,
2026-08-22T15:49:02.787267+00:00,20260822-154902,https://trends24.in/indonesia/,Sat Aug 22 2026 10:00:51 GMT+0000 (Coordinated Universal Time),28,UU Perampasan Aset,uu perampasan aset,,,,,,
2026-08-22T15:49:02.787267+00:00,20260822-154902,https://trends24.in/indonesia/,Sat Aug 22 2026 10:00:51 GMT+0000 (Coordinated Universal Time),29,Amri,amri,,,,,,
2026-08-22T15:49:02.787267+00:00,20260822-154902,https://trends24.in/indonesia/,Sat Aug 22 2026 10:00:51 GMT+0000 (Coordinated Universal Time),30,Manggala Agni,manggala agni,,,,,,
2026-08-22T15:49:02.787267+00:00,20260822-154902,https://trends24.in/indonesia/,Sat Aug 22 2026 10:00:51 GMT+0000 (Coordinated Universal Time),31,Harga,harga,,,,,,
2026-08-22T15:49:02.787267+00:00,20260822-154902,https://trends24.in/indonesia/,Sat Aug 22 2026 10:00:51 GMT+0000 (Coordinated Universal Time),32,Kalimantan Barat,kalimantan barat,,,,,,
2026-08-22T15:49:02.787267+00:00,20260822-154902,https://trends24.in/indonesia/,Sat Aug 22 2026 10:00:51 GMT+0000 (Coordinated Universal Time),33,Rp 8.100,rp 8.100,,,,,,
2026-08-22T15:49:02.787267+00:00,20260822-154902,https://trends24.in/indonesia/,Sat Aug 22 2026 10:00:51 GMT+0000 (Coordinated Universal Time),34,Karhutla,karhutla,,,,,,
2026-08-22T15:49:02.787267+00:00,20260822-154902,https://trends24.in/indonesia/,Sat Aug 22 2026 10:00:51 GMT+0000 (Coordinated Universal Time),35,Sylus,sylus,,,,,,
2026-08-22T15:49:02.787267+00:00,20260822-154902,https://trends24.in/indonesia/,Sat Aug 22 2026 10:00:51 GMT+0000 (Coordinated Universal Time),36,Vouch,vouch,,,,,,
2026-08-22T15:49:02.787267+00:00,20260822-154902,https://trends24.in/indonesia/,Sat Aug 22 2026 10:00:51 GMT+0000 (Coordinated Universal Time),37,Semoga Indonesia,semoga indonesia,,,,,,
2026-08-22T15:49:02.787267+00:00,20260822-154902,https://trends24.in/indonesia/,Sat Aug 22 2026 10:00:51 GMT+0000 (Coordinated Universal Time),38,BNPB,bnpb,,,,,,
2026-08-22T15:49:02.787267+00:00,20260822-154902,https://trends24.in/indonesia/,Sat Aug 22 2026 10:00:51 GMT+0000 (Coordinated Universal Time),39,Trade $AIR,trade $air,,,,,,
2026-08-22T15:49:02.787267+00:00,20260822-154902,https://trends24.in/indonesia/,Sat Aug 22 2026 10:00:51 GMT+0000 (Coordinated Universal Time),40,Kalbar,kalbar,,,,,,
2026-08-22T15:49:02.787267+00:00,20260822-154902,https://trends24.in/indonesia/,Sat Aug 22 2026 10:00:51 GMT+0000 (Coordinated Universal Time),41,#KemiskinanDiDesa,kemiskinandidesa,,,,,,
2026-08-22T15:49:02.787267+00:00,20260822-154902,https://trends24.in/indonesia/,Sat Aug 22 2026 10:00:51 GMT+0000 (Coordinated Universal Time),42,#OSMEPxDUNK,osmepxdunk,,,,,,
2026-08-22T15:49:02.787267+00:00,20260822-154902,https://trends24.in/indonesia/,Sat Aug 22 2026 10:00:51 GMT+0000 (Coordinated Universal Time),43,#KATExTheeWave,katextheewave,,,,,,
2026-08-22T15:49:02.787267+00:00,20260822-154902,https://trends24.in/indonesia/,Sat Aug 22 2026 10:00:51 GMT+0000 (Coordinated Universal Time),44,#PYPD_BIRTHDAY_PARTY,pypd_birthday_party,,,,,,
2026-08-22T15:49:02.787267+00:00,20260822-154902,https://trends24.in/indonesia/,Sat Aug 22 2026 10:00:51 GMT+0000 (Coordinated Universal Time),45,#KUOTASERBA8RIBU,kuotaserba8ribu,,,,,,
2026-08-22T15:49:02.787267+00:00,20260822-154902,https://trends24.in/indonesia/,Sat Aug 22 2026 10:00:51 GMT+0000 (Coordinated Universal Time),46,#DESIRE4TEBinHKENCORE,desire4tebinhkencore,,,,,,
2026-08-22T15:49:02.787267+00:00,20260822-154902,https://trends24.in/indonesia/,Sat Aug 22 2026 10:00:51 GMT+0000 (Coordinated Universal Time),47,#PRAYFORPAPUA,prayforpapua,,,,,,
2026-08-22T15:49:02.787267+00:00,20260822-154902,https://trends24.in/indonesia/,Sat Aug 22 2026 10:00:51 GMT+0000 (Coordinated Universal Time),48,#NuNew2ndConcert,nunew2ndconcert,,,,,,
2026-08-22T15:49:02.787267+00:00,20260822-154902,https://trends24.in/indonesia/,Sat Aug 22 2026 10:00:51 GMT+0000 (Coordinated Universal Time),49,#LenaMiu1stFMinSingapore,lenamiu1stfminsingapore,,,,,,
2026-08-22T15:49:02.787267+00:00,20260822-154902,https://trends24.in/indonesia/,Sat Aug 22 2026 10:00:51 GMT+0000 (Coordinated Universal Time),50,#finalchapterCoCs3,finalchaptercocs3,,,,,,
2026-08-22T15:49:02.787267+00:00,20260822-154902,https://trends24.in/indonesia/,Sat Aug 22 2026 09:09:45 GMT+0000 (Coordinated Universal Time),1,#PondPhuwinConcertD2,pondphuwinconcertd2,,,,,,
2026-08-22T15:49:02.787267+00:00,20260822-154902,https://trends24.in/indonesia/,Sat Aug 22 2026 09:09:45 GMT+0000 (Coordinated Universal Time),2,PONDPHUWIN SOUL ODYSSEY,pondphuwin soul odyssey,,,,,,
2026-08-22T15:49:02.787267+00:00,20260822-154902,https://trends24.in/indonesia/,Sat Aug 22 2026 09:09:45 GMT+0000 (Coordinated Universal Time),3,#THESWEETDREAMHOTEL_DAY1,thesweetdreamhotel_day1,,,,,,
2026-08-22T15:49:02.787267+00:00,20260822-154902,https://trends24.in/indonesia/,Sat Aug 22 2026 09:09:45 GMT+0000 (Coordinated Universal Time),4,#GmmtvTreatWilliamEstBetter,gmmtvtreatwilliamestbetter,,,,,,
2026-08-22T15:49:02.787267+00:00,20260822-154902,https://trends24.in/indonesia/,Sat Aug 22 2026 09:09:45 GMT+0000 (Coordinated Universal Time),5,10 YEARS OF SWEET DREAM,10 years of sweet dream,,,,,,
2026-08-22T15:49:02.787267+00:00,20260822-154902,https://trends24.in/indonesia/,Sat Aug 22 2026 09:09:45 GMT+0000 (Coordinated Universal Time),6,#PatiRukunDamai,patirukundamai,,,,,,
2026-08-22T15:49:02.787267+00:00,20260822-154902,https://trends24.in/indonesia/,Sat Aug 22 2026 09:09:45 GMT+0000 (Coordinated Universal Time),7,SKYNANI HONGKONG SNIVERSE,skynani hongkong sniverse,,,,,,
2026-08-22T15:49:02.787267+00:00,20260822-154902,https://trends24.in/indonesia/,Sat Aug 22 2026 09:09:45 GMT+0000 (Coordinated Universal Time),8,#KemiskinanDiDesa,kemiskinandidesa,,,,,,
2026-08-22T15:49:02.787267+00:00,20260822-154902,https://trends24.in/indonesia/,Sat Aug 22 2026 09:09:45 GMT+0000 (Coordinated Universal Time),9,GEMINI IN F1A DUTCH GP 2026,gemini in f1a dutch gp 2026,,,,,,
2026-08-22T15:49:02.787267+00:00,20260822-154902,https://trends24.in/indonesia/,Sat Aug 22 2026 09:09:45 GMT+0000 (Coordinated Universal Time),10,NUNEW IN IMPACT SOON,nunew in impact soon,,,,,,
2026-08-22T15:49:02.787267+00:00,20260822-154902,https://trends24.in/indonesia/,Sat Aug 22 2026 09:09:45 GMT+0000 (Coordinated Universal Time),11,Penanganan Situasi Darurat,penanganan situasi darurat,,,,,,
2026-08-22T15:49:02.787267+00:00,20260822-154902,https://trends24.in/indonesia/,Sat Aug 22 2026 09:09:45 GMT+0000 (Coordinated Universal Time),12,KH Abdul Majid,kh abdul majid,,,,,,
2026-08-22T15:49:02.787267+00:00,20260822-154902,https://trends24.in/indonesia/,Sat Aug 22 2026 09:09:45 GMT+0000 (Coordinated Universal Time),13,Ahmad Sulaim Habibi,ahmad sulaim habibi,,,,,,
2026-08-22T15:49:02.787267+00:00,20260822-154902,https://trends24.in/indonesia/,Sat Aug 22 2026 09:09:45 GMT+0000 (Coordinated Universal Time),14,UU Perampasan Aset,uu perampasan aset,,,,,,
2026-08-22T15:49:02.787267+00:00,20260822-154902,https://trends24.in/indonesia/,Sat Aug 22 2026 09:09:45 GMT+0000 (Coordinated Universal Time),15,Sekitar 22,sekitar 22,,,,,,
2026-08-22T15:49:02.787267+00:00,20260822-154902,https://trends24.in/indonesia/,Sat Aug 22 2026 09:09:45 GMT+0000 (Coordinated Universal Time),16,KNP FAN MEET,knp fan meet,,,,,,
2026-08-22T15:49:02.787267+00:00,20260822-154902,https://trends24.in/indonesia/,Sat Aug 22 2026 09:09:45 GMT+0000 (Coordinated Universal Time),17,GoPay,gopay,,,,,,
2026-08-22T15:49:02.787267+00:00,20260822-154902,https://trends24.in/indonesia/,Sat Aug 22 2026 09:09:45 GMT+0000 (Coordinated Universal Time),18,THANK YOU MC DOHOON,thank you mc dohoon,,,,,,
2026-08-22T15:49:02.787267+00:00,20260822-154902,https://trends24.in/indonesia/,Sat Aug 22 2026 09:09:45 GMT+0000 (Coordinated Universal Time),19,BLOOM IN LOVE WITH NET,bloom in love with net,,,,,,
2026-08-22T15:49:02.787267+00:00,20260822-154902,https://trends24.in/indonesia/,Sat Aug 22 2026 09:09:45 GMT+0000 (Coordinated Universal Time),20,Amri,amri,,,,,,
2026-08-22T15:49:02.787267+00:00,20260822-154902,https://trends24.in/indonesia/,Sat Aug 22 2026 09:09:45 GMT+0000 (Coordinated Universal Time),21,Kazakhstan,kazakhstan,,,,,,
2026-08-22T15:49:02.787267+00:00,20260822-154902,https://trends24.in/indonesia/,Sat Aug 22 2026 09:09:45 GMT+0000 (Coordinated Universal Time),22,Ni Rawi,ni rawi,,,,,,
2026-08-22T15:49:02.787267+00:00,20260822-154902,https://trends24.in/indonesia/,Sat Aug 22 2026 09:09:45 GMT+0000 (Coordinated Universal Time),23,Bli Mudnyana,bli mudnyana,,,,,,
2026-08-22T15:49:02.787267+00:00,20260822-154902,https://trends24.in/indonesia/,Sat Aug 22 2026 09:09:45 GMT+0000 (Coordinated Universal Time),24,POP Spageti,pop spageti,,,,,,
2026-08-22T15:49:02.787267+00:00,20260822-154902,https://trends24.in/indonesia/,Sat Aug 22 2026 09:09:45 GMT+0000 (Coordinated Universal Time),25,Manggala Agni,manggala agni,,,,,,
2026-08-22T15:49:02.787267+00:00,20260822-154902,https://trends24.in/indonesia/,Sat Aug 22 2026 09:09:45 GMT+0000 (Coordinated Universal Time),26,Harga,harga,,,,,,
2026-08-22T15:49:02.787267+00:00,20260822-154902,https://trends24.in/indonesia/,Sat Aug 22 2026 09:09:45 GMT+0000 (Coordinated Universal Time),27,PACK IT UP,pack it up,,,,,,
2026-08-22T15:49:02.787267+00:00,20260822-154902,https://trends24.in/indonesia/,Sat Aug 22 2026 09:09:45 GMT+0000 (Coordinated Universal Time),28,Bayangan B,bayangan b,,,,,,
2026-08-22T15:49:02.787267+00:00,20260822-154902,https://trends24.in/indonesia/,Sat Aug 22 2026 09:09:45 GMT+0000 (Coordinated Universal Time),29,Rp 8.100,rp 8.100,,,,,,
2026-08-22T15:49:02.787267+00:00,20260822-154902,https://trends24.in/indonesia/,Sat Aug 22 2026 09:09:45 GMT+0000 (Coordinated Universal Time),30,Karhutla,karhutla,,,,,,
2026-08-22T15:49:02.787267+00:00,20260822-154902,https://trends24.in/indonesia/,Sat Aug 22 2026 09:09:45 GMT+0000 (Coordinated Universal Time),31,Sylus,sylus,,,,,,
2026-08-22T15:49:02.787267+00:00,20260822-154902,https://trends24.in/indonesia/,Sat Aug 22 2026 09:09:45 GMT+0000 (Coordinated Universal Time),32,Kalimantan Barat,kalimantan barat,,,,,,
2026-08-22T15:49:02.787267+00:00,20260822-154902,https://trends24.in/indonesia/,Sat Aug 22 2026 09:09:45 GMT+0000 (Coordinated Universal Time),33,Vouch,vouch,,,,,,
2026-08-22T15:49:02.787267+00:00,20260822-154902,https://trends24.in/indonesia/,Sat Aug 22 2026 09:09:45 GMT+0000 (Coordinated Universal Time),34,Semoga Indonesia,semoga indonesia,,,,,,
2026-08-22T15:49:02.787267+00:00,20260822-154902,https://trends24.in/indonesia/,Sat Aug 22 2026 09:09:45 GMT+0000 (Coordinated Universal Time),35,BNPB,bnpb,,,,,,
2026-08-22T15:49:02.787267+00:00,20260822-154902,https://trends24.in/indonesia/,Sat Aug 22 2026 09:09:45 GMT+0000 (Coordinated Universal Time),36,Trade $AIR,trade $air,,,,,,
2026-08-22T15:49:02.787267+00:00,20260822-154902,https://trends24.in/indonesia/,Sat Aug 22 2026 09:09:45 GMT+0000 (Coordinated Universal Time),37,Kalbar,kalbar,,,,,,
2026-08-22T15:49:02.787267+00:00,20260822-154902,https://trends24.in/indonesia/,Sat Aug 22 2026 09:09:45 GMT+0000 (Coordinated Universal Time),38,THE SIN,the sin,,,,,,
2026-08-22T15:49:02.787267+00:00,20260822-154902,https://trends24.in/indonesia/,Sat Aug 22 2026 09:09:45 GMT+0000 (Coordinated Universal Time),39,Baleba,baleba,,,,,,
2026-08-22T15:49:02.787267+00:00,20260822-154902,https://trends24.in/indonesia/,Sat Aug 22 2026 09:09:45 GMT+0000 (Coordinated Universal Time),40,#OSMEPxDUNK,osmepxdunk,,,,,,
2026-08-22T15:49:02.787267+00:00,20260822-154902,https://trends24.in/indonesia/,Sat Aug 22 2026 09:09:45 GMT+0000 (Coordinated Universal Time),41,#KATExTheeWave,katextheewave,,,,,,
2026-08-22T15:49:02.787267+00:00,20260822-154902,https://trends24.in/indonesia/,Sat Aug 22 2026 09:09:45 GMT+0000 (Coordinated Universal Time),42,#KUOTASERBA8RIBU,kuotaserba8ribu,,,,,,
2026-08-22T15:49:02.787267+00:00,20260822-154902,https://trends24.in/indonesia/,Sat Aug 22 2026 09:09:45 GMT+0000 (Coordinated Universal Time),43,#SiagaTanggapBencana,siagatanggapbencana,,,,,,
2026-08-22T15:49:02.787267+00:00,20260822-154902,https://trends24.in/indonesia/,Sat Aug 22 2026 09:09:45 GMT+0000 (Coordinated Universal Time),44,#NuNew2ndConcert,nunew2ndconcert,,,,,,
2026-08-22T15:49:02.787267+00:00,20260822-154902,https://trends24.in/indonesia/,Sat Aug 22 2026 09:09:45 GMT+0000 (Coordinated Universal Time),45,#PRAYFORPAPUA,prayforpapua,,,,,,
2026-08-22T15:49:02.787267+00:00,20260822-154902,https://trends24.in/indonesia/,Sat Aug 22 2026 09:09:45 GMT+0000 (Coordinated Universal Time),46,#BABYMONSTERxTIMA2026,babymonsterxtima2026,,,,,,
2026-08-22T15:49:02.787267+00:00,20260822-154902,https://trends24.in/indonesia/,Sat Aug 22 2026 09:09:45 GMT+0000 (Coordinated Universal Time),47,#finalchapterCoCs3,finalchaptercocs3,,,,,,
2026-08-22T15:49:02.787267+00:00,20260822-154902,https://trends24.in/indonesia/,Sat Aug 22 2026 09:09:45 GMT+0000 (Coordinated Universal Time),48,#LenaMiu1stFMinSingapore,lenamiu1stfminsingapore,,,,,,
2026-08-22T15:49:02.787267+00:00,20260822-154902,https://trends24.in/indonesia/,Sat Aug 22 2026 09:09:45 GMT+0000 (Coordinated Universal Time),49,#PRAYFORINDONESIA,prayforindonesia,,,,,,
2026-08-22T15:49:02.787267+00:00,20260822-154902,https://trends24.in/indonesia/,Sat Aug 22 2026 09:09:45 GMT+0000 (Coordinated Universal Time),50,#DOHOON_MC_AlwaysWithUs,dohoon_mc_alwayswithus,,,,,,
2026-08-22T15:49:02.787267+00:00,20260822-154902,https://trends24.in/indonesia/,Sat Aug 22 2026 08:18:48 GMT+0000 (Coordinated Universal Time),1,#PondPhuwinConcertD2,pondphuwinconcertd2,,,,,,
2026-08-22T15:49:02.787267+00:00,20260822-154902,https://trends24.in/indonesia/,Sat Aug 22 2026 08:18:48 GMT+0000 (Coordinated Universal Time),2,PONDPHUWIN SOUL ODYSSEY,pondphuwin soul odyssey,,,,,,
2026-08-22T15:49:02.787267+00:00,20260822-154902,https://trends24.in/indonesia/,Sat Aug 22 2026 08:18:48 GMT+0000 (Coordinated Universal Time),3,#PatiRukunDamai,patirukundamai,,,,,,
2026-08-22T15:49:02.787267+00:00,20260822-154902,https://trends24.in/indonesia/,Sat Aug 22 2026 08:18:48 GMT+0000 (Coordinated Universal Time),4,#KemiskinanDiDesa,kemiskinandidesa,,,,,,
2026-08-22T15:49:02.787267+00:00,20260822-154902,https://trends24.in/indonesia/,Sat Aug 22 2026 08:18:48 GMT+0000 (Coordinated Universal Time),5,#THESWEETDREAMHOTEL_DAY1,thesweetdreamhotel_day1,,,,,,
2026-08-22T15:49:02.787267+00:00,20260822-154902,https://trends24.in/indonesia/,Sat Aug 22 2026 08:18:48 GMT+0000 (Coordinated Universal Time),6,#GmmtvTreatWilliamEstBetter,gmmtvtreatwilliamestbetter,,,,,,
2026-08-22T15:49:02.787267+00:00,20260822-154902,https://trends24.in/indonesia/,Sat Aug 22 2026 08:18:48 GMT+0000 (Coordinated Universal Time),7,10 YEARS OF SWEET DREAM,10 years of sweet dream,,,,,,
2026-08-22T15:49:02.787267+00:00,20260822-154902,https://trends24.in/indonesia/,Sat Aug 22 2026 08:18:48 GMT+0000 (Coordinated Universal Time),8,Penanganan Situasi Darurat,penanganan situasi darurat,,,,,,
2026-08-22T15:49:02.787267+00:00,20260822-154902,https://trends24.in/indonesia/,Sat Aug 22 2026 08:18:48 GMT+0000 (Coordinated Universal Time),9,DUNK NAVORI AT OSMEP,dunk navori at osmep,,,,,,
2026-08-22T15:49:02.787267+00:00,20260822-154902,https://trends24.in/indonesia/,Sat Aug 22 2026 08:18:48 GMT+0000 (Coordinated Universal Time),10,KH Abdul Majid,kh abdul majid,,,,,,
2026-08-22T15:49:02.787267+00:00,20260822-154902,https://trends24.in/indonesia/,Sat Aug 22 2026 08:18:48 GMT+0000 (Coordinated Universal Time),11,Bli Mudnyana,bli mudnyana,,,,,,
2026-08-22T15:49:02.787267+00:00,20260822-154902,https://trends24.in/indonesia/,Sat Aug 22 2026 08:18:48 GMT+0000 (Coordinated Universal Time),12,Sekitar 22,sekitar 22,,,,,,
2026-08-22T15:49:02.787267+00:00,20260822-154902,https://trends24.in/indonesia/,Sat Aug 22 2026 08:18:48 GMT+0000 (Coordinated Universal Time),13,Ahmad Sulaim Habibi,ahmad sulaim habibi,,,,,,
2026-08-22T15:49:02.787267+00:00,20260822-154902,https://trends24.in/indonesia/,Sat Aug 22 2026 08:18:48 GMT+0000 (Coordinated Universal Time),14,GoPay,gopay,,,,,,
2026-08-22T15:49:02.787267+00:00,20260822-154902,https://trends24.in/indonesia/,Sat Aug 22 2026 08:18:48 GMT+0000 (Coordinated Universal Time),15,KNP FAN MEET,knp fan meet,,,,,,
2026-08-22T15:49:02.787267+00:00,20260822-154902,https://trends24.in/indonesia/,Sat Aug 22 2026 08:18:48 GMT+0000 (Coordinated Universal Time),16,UU Perampasan Aset,uu perampasan aset,,,,,,
2026-08-22T15:49:02.787267+00:00,20260822-154902,https://trends24.in/indonesia/,Sat Aug 22 2026 08:18:48 GMT+0000 (Coordinated Universal Time),17,Duda Timur,duda timur,,,,,,
2026-08-22T15:49:02.787267+00:00,20260822-154902,https://trends24.in/indonesia/,Sat Aug 22 2026 08:18:48 GMT+0000 (Coordinated Universal Time),18,Amri,amri,,,,,,
2026-08-22T15:49:02.787267+00:00,20260822-154902,https://trends24.in/indonesia/,Sat Aug 22 2026 08:18:48 GMT+0000 (Coordinated Universal Time),19,BLOOM IN LOVE WITH NET,bloom in love with net,,,,,,
2026-08-22T15:49:02.787267+00:00,20260822-154902,https://trends24.in/indonesia/,Sat Aug 22 2026 08:18:48 GMT+0000 (Coordinated Universal Time),20,THANK YOU MC DOHOON,thank you mc dohoon,,,,,,
2026-08-22T15:49:02.787267+00:00,20260822-154902,https://trends24.in/indonesia/,Sat Aug 22 2026 08:18:48 GMT+0000 (Coordinated Universal Time),21,POP Spageti,pop spageti,,,,,,
2026-08-22T15:49:02.787267+00:00,20260822-154902,https://trends24.in/indonesia/,Sat Aug 22 2026 08:18:48 GMT+0000 (Coordinated Universal Time),22,Manggala Agni,manggala agni,,,,,,
2026-08-22T15:49:02.787267+00:00,20260822-154902,https://trends24.in/indonesia/,Sat Aug 22 2026 08:18:48 GMT+0000 (Coordinated Universal Time),23,AmNit,amnit,,,,,,
2026-08-22T15:49:02.787267+00:00,20260822-154902,https://trends24.in/indonesia/,Sat Aug 22 2026 08:18:48 GMT+0000 (Coordinated Universal Time),24,Harga,harga,,,,,,
2026-08-22T15:49:02.787267+00:00,20260822-154902,https://trends24.in/indonesia/,Sat Aug 22 2026 08:18:48 GMT+0000 (Coordinated Universal Time),25,PACK IT UP,pack it up,,,,,,
2026-08-22T15:49:02.787267+00:00,20260822-154902,https://trends24.in/indonesia/,Sat Aug 22 2026 08:18:48 GMT+0000 (Coordinated Universal Time),26,Bayangan B,bayangan b,,,,,,
2026-08-22T15:49:02.787267+00:00,20260822-154902,https://trends24.in/indonesia/,Sat Aug 22 2026 08:18:48 GMT+0000 (Coordinated Universal Time),27,Rp 8.100,rp 8.100,,,,,,
2026-08-22T15:49:02.787267+00:00,20260822-154902,https://trends24.in/indonesia/,Sat Aug 22 2026 08:18:48 GMT+0000 (Coordinated Universal Time),28,Trade $AIR,trade $air,,,,,,
2026-08-22T15:49:02.787267+00:00,20260822-154902,https://trends24.in/indonesia/,Sat Aug 22 2026 08:18:48 GMT+0000 (Coordinated Universal Time),29,Sylus,sylus,,,,,,
2026-08-22T15:49:02.787267+00:00,20260822-154902,https://trends24.in/indonesia/,Sat Aug 22 2026 08:18:48 GMT+0000 (Coordinated Universal Time),30,Vouch,vouch,,,,,,
2026-08-22T15:49:02.787267+00:00,20260822-154902,https://trends24.in/indonesia/,Sat Aug 22 2026 08:18:48 GMT+0000 (Coordinated Universal Time),31,Kalimantan Barat,kalimantan barat,,,,,,
2026-08-22T15:49:02.787267+00:00,20260822-154902,https://trends24.in/indonesia/,Sat Aug 22 2026 08:18:48 GMT+0000 (Coordinated Universal Time),32,Semoga Indonesia,semoga indonesia,,,,,,
2026-08-22T15:49:02.787267+00:00,20260822-154902,https://trends24.in/indonesia/,Sat Aug 22 2026 08:18:48 GMT+0000 (Coordinated Universal Time),33,STARTING ORBIT OF LOVE,starting orbit of love,,,,,,
2026-08-22T15:49:02.787267+00:00,20260822-154902,https://trends24.in/indonesia/,Sat Aug 22 2026 08:18:48 GMT+0000 (Coordinated Universal Time),34,Kalbar,kalbar,,,,,,
2026-08-22T15:49:02.787267+00:00,20260822-154902,https://trends24.in/indonesia/,Sat Aug 22 2026 08:18:48 GMT+0000 (Coordinated Universal Time),35,LINGORM ILF EP10,lingorm ilf ep10,,,,,,
2026-08-22T15:49:02.787267+00:00,20260822-154902,https://trends24.in/indonesia/,Sat Aug 22 2026 08:18:48 GMT+0000 (Coordinated Universal Time),36,THE SIN,the sin,,,,,,
2026-08-22T15:49:02.787267+00:00,20260822-154902,https://trends24.in/indonesia/,Sat Aug 22 2026 08:18:48 GMT+0000 (Coordinated Universal Time),37,BNPB,bnpb,,,,,,
2026-08-22T15:49:02.787267+00:00,20260822-154902,https://trends24.in/indonesia/,Sat Aug 22 2026 08:18:48 GMT+0000 (Coordinated Universal Time),38,Baleba,baleba,,,,,,
2026-08-22T15:49:02.787267+00:00,20260822-154902,https://trends24.in/indonesia/,Sat Aug 22 2026 08:18:48 GMT+0000 (Coordinated Universal Time),39,Kalimantan Tengah,kalimantan tengah,,,,,,
2026-08-22T15:49:02.787267+00:00,20260822-154902,https://trends24.in/indonesia/,Sat Aug 22 2026 08:18:48 GMT+0000 (Coordinated Universal Time),40,#skynanifminhk2026,skynanifminhk2026,,,,,,
2026-08-22T15:49:02.787267+00:00,20260822-154902,https://trends24.in/indonesia/,Sat Aug 22 2026 08:18:48 GMT+0000 (Coordinated Universal Time),41,#OSMEPxDUNK,osmepxdunk,,,,,,
2026-08-22T15:49:02.787267+00:00,20260822-154902,https://trends24.in/indonesia/,Sat Aug 22 2026 08:18:48 GMT+0000 (Coordinated Universal Time),42,#SiagaTanggapBencana,siagatanggapbencana,,,,,,
2026-08-22T15:49:02.787267+00:00,20260822-154902,https://trends24.in/indonesia/,Sat Aug 22 2026 08:18:48 GMT+0000 (Coordinated Universal Time),43,#KUOTASERBA8RIBU,kuotaserba8ribu,,,,,,
2026-08-22T15:49:02.787267+00:00,20260822-154902,https://trends24.in/indonesia/,Sat Aug 22 2026 08:18:48 GMT+0000 (Coordinated Universal Time),44,#PRAYFORPAPUA,prayforpapua,,,,,,
2026-08-22T15:49:02.787267+00:00,20260822-154902,https://trends24.in/indonesia/,Sat Aug 22 2026 08:18:48 GMT+0000 (Coordinated Universal Time),45,#KATExTheeWave,katextheewave,,,,,,
2026-08-22T15:49:02.787267+00:00,20260822-154902,https://trends24.in/indonesia/,Sat Aug 22 2026 08:18:48 GMT+0000 (Coordinated Universal Time),46,#H2H_2026TIMA_REDCARPET,h2h_2026tima_redcarpet,,,,,,
2026-08-22T15:49:02.787267+00:00,20260822-154902,https://trends24.in/indonesia/,Sat Aug 22 2026 08:18:48 GMT+0000 (Coordinated Universal Time),47,#finalchapterCoCs3,finalchaptercocs3,,,,,,
2026-08-22T15:49:02.787267+00:00,20260822-154902,https://trends24.in/indonesia/,Sat Aug 22 2026 08:18:48 GMT+0000 (Coordinated Universal Time),48,#PRAYFORINDONESIA,prayforindonesia,,,,,,
2026-08-22T15:49:02.787267+00:00,20260822-154902,https://trends24.in/indonesia/,Sat Aug 22 2026 08:18:48 GMT+0000 (Coordinated Universal Time),49,#PRAYFORACEH,prayforaceh,,,,,,
2026-08-22T15:49:02.787267+00:00,20260822-154902,https://trends24.in/indonesia/,Sat Aug 22 2026 08:18:48 GMT+0000 (Coordinated Universal Time),50,#AllEyesOnIndonesia,alleyesonindonesia,,,,,,
2026-08-22T15:49:02.787267+00:00,20260822-154902,https://trends24.in/indonesia/,Sat Aug 22 2026 07:27:44 GMT+0000 (Coordinated Universal Time),1,#KemiskinanDiDesa,kemiskinandidesa,,,,,,
2026-08-22T15:49:02.787267+00:00,20260822-154902,https://trends24.in/indonesia/,Sat Aug 22 2026 07:27:44 GMT+0000 (Coordinated Universal Time),2,#PatiRukunDamai,patirukundamai,,,,,,
2026-08-22T15:49:02.787267+00:00,20260822-154902,https://trends24.in/indonesia/,Sat Aug 22 2026 07:27:44 GMT+0000 (Coordinated Universal Time),3,#SiagaTanggapBencana,siagatanggapbencana,,,,,,
2026-08-22T15:49:02.787267+00:00,20260822-154902,https://trends24.in/indonesia/,Sat Aug 22 2026 07:27:44 GMT+0000 (Coordinated Universal Time),4,#KUOTASERBA8RIBU,kuotaserba8ribu,,,,,,
2026-08-22T15:49:02.787267+00:00,20260822-154902,https://trends24.in/indonesia/,Sat Aug 22 2026 07:27:44 GMT+0000 (Coordinated Universal Time),5,Penanganan Situasi Darurat,penanganan situasi darurat,,,,,,
2026-08-22T15:49:02.787267+00:00,20260822-154902,https://trends24.in/indonesia/,Sat Aug 22 2026 07:27:44 GMT+0000 (Coordinated Universal Time),6,#PondPhuwinConcertD2,pondphuwinconcertd2,,,,,,
2026-08-22T15:49:02.787267+00:00,20260822-154902,https://trends24.in/indonesia/,Sat Aug 22 2026 07:27:44 GMT+0000 (Coordinated Universal Time),7,DUNK NAVORI AT OSMEP,dunk navori at osmep,,,,,,
2026-08-22T15:49:02.787267+00:00,20260822-154902,https://trends24.in/indonesia/,Sat Aug 22 2026 07:27:44 GMT+0000 (Coordinated Universal Time),8,SKYNANI HONGKONG SNIVERSE,skynani hongkong sniverse,,,,,,
2026-08-22T15:49:02.787267+00:00,20260822-154902,https://trends24.in/indonesia/,Sat Aug 22 2026 07:27:44 GMT+0000 (Coordinated Universal Time),9,PONDPHUWIN SOUL ODYSSEY,pondphuwin soul odyssey,,,,,,
2026-08-22T15:49:02.787267+00:00,20260822-154902,https://trends24.in/indonesia/,Sat Aug 22 2026 07:27:44 GMT+0000 (Coordinated Universal Time),10,Ni Rawi,ni rawi,,,,,,
2026-08-22T15:49:02.787267+00:00,20260822-154902,https://trends24.in/indonesia/,Sat Aug 22 2026 07:27:44 GMT+0000 (Coordinated Universal Time),11,KH Abdul Majid,kh abdul majid,,,,,,
2026-08-22T15:49:02.787267+00:00,20260822-154902,https://trends24.in/indonesia/,Sat Aug 22 2026 07:27:44 GMT+0000 (Coordinated Universal Time),12,GoPay,gopay,,,,,,
2026-08-22T15:49:02.787267+00:00,20260822-154902,https://trends24.in/indonesia/,Sat Aug 22 2026 07:27:44 GMT+0000 (Coordinated Universal Time),13,Sekitar 22,sekitar 22,,,,,,
2026-08-22T15:49:02.787267+00:00,20260822-154902,https://trends24.in/indonesia/,Sat Aug 22 2026 07:27:44 GMT+0000 (Coordinated Universal Time),14,Amri,amri,,,,,,
2026-08-22T15:49:02.787267+00:00,20260822-154902,https://trends24.in/indonesia/,Sat Aug 22 2026 07:27:44 GMT+0000 (Coordinated Universal Time),15,Duda Timur,duda timur,,,,,,
2026-08-22T15:49:02.787267+00:00,20260822-154902,https://trends24.in/indonesia/,Sat Aug 22 2026 07:27:44 GMT+0000 (Coordinated Universal Time),16,UU Perampasan Aset,uu perampasan aset,,,,,,
2026-08-22T15:49:02.787267+00:00,20260822-154902,https://trends24.in/indonesia/,Sat Aug 22 2026 07:27:44 GMT+0000 (Coordinated Universal Time),17,KNP FAN MEET,knp fan meet,,,,,,
2026-08-22T15:49:02.787267+00:00,20260822-154902,https://trends24.in/indonesia/,Sat Aug 22 2026 07:27:44 GMT+0000 (Coordinated Universal Time),18,Harga,harga,,,,,,
2026-08-22T15:49:02.787267+00:00,20260822-154902,https://trends24.in/indonesia/,Sat Aug 22 2026 07:27:44 GMT+0000 (Coordinated Universal Time),19,THANK YOU MC DOHOON,thank you mc dohoon,,,,,,
2026-08-22T15:49:02.787267+00:00,20260822-154902,https://trends24.in/indonesia/,Sat Aug 22 2026 07:27:44 GMT+0000 (Coordinated Universal Time),20,Manggala Agni,manggala agni,,,,,,
2026-08-22T15:49:02.787267+00:00,20260822-154902,https://trends24.in/indonesia/,Sat Aug 22 2026 07:27:44 GMT+0000 (Coordinated Universal Time),21,POP Spageti,pop spageti,,,,,,
2026-08-22T15:49:02.787267+00:00,20260822-154902,https://trends24.in/indonesia/,Sat Aug 22 2026 07:27:44 GMT+0000 (Coordinated Universal Time),22,Rp 8.100,rp 8.100,,,,,,
2026-08-22T15:49:02.787267+00:00,20260822-154902,https://trends24.in/indonesia/,Sat Aug 22 2026 07:27:44 GMT+0000 (Coordinated Universal Time),23,AmNit,amnit,,,,,,
2026-08-22T15:49:02.787267+00:00,20260822-154902,https://trends24.in/indonesia/,Sat Aug 22 2026 07:27:44 GMT+0000 (Coordinated Universal Time),24,PACK IT UP,pack it up,,,,,,
2026-08-22T15:49:02.787267+00:00,20260822-154902,https://trends24.in/indonesia/,Sat Aug 22 2026 07:27:44 GMT+0000 (Coordinated Universal Time),25,AXIS 3GB,axis 3gb,,,,,,
2026-08-22T15:49:02.787267+00:00,20260822-154902,https://trends24.in/indonesia/,Sat Aug 22 2026 07:27:44 GMT+0000 (Coordinated Universal Time),26,XL 10GB,xl 10gb,,,,,,
2026-08-22T15:49:02.787267+00:00,20260822-154902,https://trends24.in/indonesia/,Sat Aug 22 2026 07:27:44 GMT+0000 (Coordinated Universal Time),27,Sylus,sylus,,,,,,
2026-08-22T15:49:02.787267+00:00,20260822-154902,https://trends24.in/indonesia/,Sat Aug 22 2026 07:27:44 GMT+0000 (Coordinated Universal Time),28,Trade $AIR,trade $air,,,,,,
2026-08-22T15:49:02.787267+00:00,20260822-154902,https://trends24.in/indonesia/,Sat Aug 22 2026 07:27:44 GMT+0000 (Coordinated Universal Time),29,Bayangan B,bayangan b,,,,,,
2026-08-22T15:49:02.787267+00:00,20260822-154902,https://trends24.in/indonesia/,Sat Aug 22 2026 07:27:44 GMT+0000 (Coordinated Universal Time),30,Vouch,vouch,,,,,,
2026-08-22T15:49:02.787267+00:00,20260822-154902,https://trends24.in/indonesia/,Sat Aug 22 2026 07:27:44 GMT+0000 (Coordinated Universal Time),31,Karhutla,karhutla,,,,,,
2026-08-22T15:49:02.787267+00:00,20260822-154902,https://trends24.in/indonesia/,Sat Aug 22 2026 07:27:44 GMT+0000 (Coordinated Universal Time),32,Semoga Indonesia,semoga indonesia,,,,,,
2026-08-22T15:49:02.787267+00:00,20260822-154902,https://trends24.in/indonesia/,Sat Aug 22 2026 07:27:44 GMT+0000 (Coordinated Universal Time),33,STARTING ORBIT OF LOVE,starting orbit of love,,,,,,
2026-08-22T15:49:02.787267+00:00,20260822-154902,https://trends24.in/indonesia/,Sat Aug 22 2026 07:27:44 GMT+0000 (Coordinated Universal Time),34,LINGORM ILF EP10,lingorm ilf ep10,,,,,,
2026-08-22T15:49:02.787267+00:00,20260822-154902,https://trends24.in/indonesia/,Sat Aug 22 2026 07:27:44 GMT+0000 (Coordinated Universal Time),35,Kalimantan Barat,kalimantan barat,,,,,,
2026-08-22T15:49:02.787267+00:00,20260822-154902,https://trends24.in/indonesia/,Sat Aug 22 2026 07:27:44 GMT+0000 (Coordinated Universal Time),36,THE SIN,the sin,,,,,,
2026-08-22T15:49:02.787267+00:00,20260822-154902,https://trends24.in/indonesia/,Sat Aug 22 2026 07:27:44 GMT+0000 (Coordinated Universal Time),37,BNPB,bnpb,,,,,,
2026-08-22T15:49:02.787267+00:00,20260822-154902,https://trends24.in/indonesia/,Sat Aug 22 2026 07:27:44 GMT+0000 (Coordinated Universal Time),38,Bloody Paradise,bloody paradise,,,,,,
2026-08-22T15:49:02.787267+00:00,20260822-154902,https://trends24.in/indonesia/,Sat Aug 22 2026 07:27:44 GMT+0000 (Coordinated Universal Time),39,Baleba,baleba,,,,,,
2026-08-22T15:49:02.787267+00:00,20260822-154902,https://trends24.in/indonesia/,Sat Aug 22 2026 07:27:44 GMT+0000 (Coordinated Universal Time),40,WITH JAEMIN GLOR10US EVERMORE,with jaemin glor10us evermore,,,,,,
2026-08-22T15:49:02.787267+00:00,20260822-154902,https://trends24.in/indonesia/,Sat Aug 22 2026 07:27:44 GMT+0000 (Coordinated Universal Time),41,Kalimantan Tengah,kalimantan tengah,,,,,,
2026-08-22T15:49:02.787267+00:00,20260822-154902,https://trends24.in/indonesia/,Sat Aug 22 2026 07:27:44 GMT+0000 (Coordinated Universal Time),42,#OSMEPxDUNK,osmepxdunk,,,,,,
2026-08-22T15:49:02.787267+00:00,20260822-154902,https://trends24.in/indonesia/,Sat Aug 22 2026 07:27:44 GMT+0000 (Coordinated Universal Time),43,#GmmtvTreatWilliamEstBetter,gmmtvtreatwilliamestbetter,,,,,,
2026-08-22T15:49:02.787267+00:00,20260822-154902,https://trends24.in/indonesia/,Sat Aug 22 2026 07:27:44 GMT+0000 (Coordinated Universal Time),44,#skynanifminhk2026,skynanifminhk2026,,,,,,
2026-08-22T15:49:02.787267+00:00,20260822-154902,https://trends24.in/indonesia/,Sat Aug 22 2026 07:27:44 GMT+0000 (Coordinated Universal Time),45,#PRAYFORPAPUA,prayforpapua,,,,,,
2026-08-22T15:49:02.787267+00:00,20260822-154902,https://trends24.in/indonesia/,Sat Aug 22 2026 07:27:44 GMT+0000 (Coordinated Universal Time),46,#PRAYFORINDONESIA,prayforindonesia,,,,,,
2026-08-22T15:49:02.787267+00:00,20260822-154902,https://trends24.in/indonesia/,Sat Aug 22 2026 07:27:44 GMT+0000 (Coordinated Universal Time),47,#PRAYFORACEH,prayforaceh,,,,,,
2026-08-22T15:49:02.787267+00:00,20260822-154902,https://trends24.in/indonesia/,Sat Aug 22 2026 07:27:44 GMT+0000 (Coordinated Universal Time),48,#AllEyesOnIndonesia,alleyesonindonesia,,,,,,
2026-08-22T15:49:02.787267+00:00,20260822-154902,https://trends24.in/indonesia/,Sat Aug 22 2026 07:27:44 GMT+0000 (Coordinated Universal Time),49,#PRAYFORNTT,prayforntt,,,,,,
2026-08-22T15:49:02.787267+00:00,20260822-154902,https://trends24.in/indonesia/,Sat Aug 22 2026 07:27:44 GMT+0000 (Coordinated Universal Time),50,#finalchapterCoCs3,finalchaptercocs3,,,,,,
2026-08-22T15:49:02.787267+00:00,20260822-154902,https://trends24.in/indonesia/,Sat Aug 22 2026 06:33:42 GMT+0000 (Coordinated Universal Time),1,#KemiskinanDiDesa,kemiskinandidesa,,,,,,
2026-08-22T15:49:02.787267+00:00,20260822-154902,https://trends24.in/indonesia/,Sat Aug 22 2026 06:33:42 GMT+0000 (Coordinated Universal Time),2,#KUOTASERBA8RIBU,kuotaserba8ribu,,,,,,
2026-08-22T15:49:02.787267+00:00,20260822-154902,https://trends24.in/indonesia/,Sat Aug 22 2026 06:33:42 GMT+0000 (Coordinated Universal Time),3,#SiagaTanggapBencana,siagatanggapbencana,,,,,,
2026-08-22T15:49:02.787267+00:00,20260822-154902,https://trends24.in/indonesia/,Sat Aug 22 2026 06:33:42 GMT+0000 (Coordinated Universal Time),4,Penanganan Situasi Darurat,penanganan situasi darurat,,,,,,
2026-08-22T15:49:02.787267+00:00,20260822-154902,https://trends24.in/indonesia/,Sat Aug 22 2026 06:33:42 GMT+0000 (Coordinated Universal Time),5,GoPay,gopay,,,,,,
2026-08-22T15:49:02.787267+00:00,20260822-154902,https://trends24.in/indonesia/,Sat Aug 22 2026 06:33:42 GMT+0000 (Coordinated Universal Time),6,#PondPhuwinConcertD2,pondphuwinconcertd2,,,,,,
2026-08-22T15:49:02.787267+00:00,20260822-154902,https://trends24.in/indonesia/,Sat Aug 22 2026 06:33:42 GMT+0000 (Coordinated Universal Time),7,Ni Rawi,ni rawi,,,,,,
2026-08-22T15:49:02.787267+00:00,20260822-154902,https://trends24.in/indonesia/,Sat Aug 22 2026 06:33:42 GMT+0000 (Coordinated Universal Time),8,PONDPHUWIN SOUL ODYSSEY,pondphuwin soul odyssey,,,,,,
2026-08-22T15:49:02.787267+00:00,20260822-154902,https://trends24.in/indonesia/,Sat Aug 22 2026 06:33:42 GMT+0000 (Coordinated Universal Time),9,#PRAYFORPAPUA,prayforpapua,,,,,,
2026-08-22T15:49:02.787267+00:00,20260822-154902,https://trends24.in/indonesia/,Sat Aug 22 2026 06:33:42 GMT+0000 (Coordinated Universal Time),10,Harga,harga,,,,,,
2026-08-22T15:49:02.787267+00:00,20260822-154902,https://trends24.in/indonesia/,Sat Aug 22 2026 06:33:42 GMT+0000 (Coordinated Universal Time),11,SKYNANI HONGKONG SNIVERSE,skynani hongkong sniverse,,,,,,
2026-08-22T15:49:02.787267+00:00,20260822-154902,https://trends24.in/indonesia/,Sat Aug 22 2026 06:33:42 GMT+0000 (Coordinated Universal Time),12,Duda Timur,duda timur,,,,,,
2026-08-22T15:49:02.787267+00:00,20260822-154902,https://trends24.in/indonesia/,Sat Aug 22 2026 06:33:42 GMT+0000 (Coordinated Universal Time),13,Manggala Agni,manggala agni,,,,,,
2026-08-22T15:49:02.787267+00:00,20260822-154902,https://trends24.in/indonesia/,Sat Aug 22 2026 06:33:42 GMT+0000 (Coordinated Universal Time),14,Rp 8.100,rp 8.100,,,,,,
2026-08-22T15:49:02.787267+00:00,20260822-154902,https://trends24.in/indonesia/,Sat Aug 22 2026 06:33:42 GMT+0000 (Coordinated Universal Time),15,POP Spageti,pop spageti,,,,,,
2026-08-22T15:49:02.787267+00:00,20260822-154902,https://trends24.in/indonesia/,Sat Aug 22 2026 06:33:42 GMT+0000 (Coordinated Universal Time),16,PACK IT UP,pack it up,,,,,,
2026-08-22T15:49:02.787267+00:00,20260822-154902,https://trends24.in/indonesia/,Sat Aug 22 2026 06:33:42 GMT+0000 (Coordinated Universal Time),17,AXIS 3GB,axis 3gb,,,,,,
2026-08-22T15:49:02.787267+00:00,20260822-154902,https://trends24.in/indonesia/,Sat Aug 22 2026 06:33:42 GMT+0000 (Coordinated Universal Time),18,XL 10GB,xl 10gb,,,,,,
2026-08-22T15:49:02.787267+00:00,20260822-154902,https://trends24.in/indonesia/,Sat Aug 22 2026 06:33:42 GMT+0000 (Coordinated Universal Time),19,SIMPATI 1,simpati 1,,,,,,
2026-08-22T15:49:02.787267+00:00,20260822-154902,https://trends24.in/indonesia/,Sat Aug 22 2026 06:33:42 GMT+0000 (Coordinated Universal Time),20,Sylus,sylus,,,,,,
2026-08-22T15:49:02.787267+00:00,20260822-154902,https://trends24.in/indonesia/,Sat Aug 22 2026 06:33:42 GMT+0000 (Coordinated Universal Time),21,Karhutla,karhutla,,,,,,
2026-08-22T15:49:02.787267+00:00,20260822-154902,https://trends24.in/indonesia/,Sat Aug 22 2026 06:33:42 GMT+0000 (Coordinated Universal Time),22,BNPB,bnpb,,,,,,
2026-08-22T15:49:02.787267+00:00,20260822-154902,https://trends24.in/indonesia/,Sat Aug 22 2026 06:33:42 GMT+0000 (Coordinated Universal Time),23,Vouch,vouch,,,,,,
2026-08-22T15:49:02.787267+00:00,20260822-154902,https://trends24.in/indonesia/,Sat Aug 22 2026 06:33:42 GMT+0000 (Coordinated Universal Time),24,Semoga Indonesia,semoga indonesia,,,,,,
2026-08-22T15:49:02.787267+00:00,20260822-154902,https://trends24.in/indonesia/,Sat Aug 22 2026 06:33:42 GMT+0000 (Coordinated Universal Time),25,STARTING ORBIT OF LOVE,starting orbit of love,,,,,,
2026-08-22T15:49:02.787267+00:00,20260822-154902,https://trends24.in/indonesia/,Sat Aug 22 2026 06:33:42 GMT+0000 (Coordinated Universal Time),26,Bayangan B,bayangan b,,,,,,
2026-08-22T15:49:02.787267+00:00,20260822-154902,https://trends24.in/indonesia/,Sat Aug 22 2026 06:33:42 GMT+0000 (Coordinated Universal Time),27,Trade $AIR,trade $air,,,,,,
2026-08-22T15:49:02.787267+00:00,20260822-154902,https://trends24.in/indonesia/,Sat Aug 22 2026 06:33:42 GMT+0000 (Coordinated Universal Time),28,24TH LOVING LEO TENDERLY,24th loving leo tenderly,,,,,,
2026-08-22T15:49:02.787267+00:00,20260822-154902,https://trends24.in/indonesia/,Sat Aug 22 2026 06:33:42 GMT+0000 (Coordinated Universal Time),29,LINGORM ILF EP10,lingorm ilf ep10,,,,,,
2026-08-22T15:49:02.787267+00:00,20260822-154902,https://trends24.in/indonesia/,Sat Aug 22 2026 06:33:42 GMT+0000 (Coordinated Universal Time),30,Bloody Paradise,bloody paradise,,,,,,
2026-08-22T15:49:02.787267+00:00,20260822-154902,https://trends24.in/indonesia/,Sat Aug 22 2026 06:33:42 GMT+0000 (Coordinated Universal Time),31,Jabar,jabar,,,,,,
2026-08-22T15:49:02.787267+00:00,20260822-154902,https://trends24.in/indonesia/,Sat Aug 22 2026 06:33:42 GMT+0000 (Coordinated Universal Time),32,THE SIN,the sin,,,,,,
2026-08-22T15:49:02.787267+00:00,20260822-154902,https://trends24.in/indonesia/,Sat Aug 22 2026 06:33:42 GMT+0000 (Coordinated Universal Time),33,WITH JAEMIN GLOR10US EVERMORE,with jaemin glor10us evermore,,,,,,
2026-08-22T15:49:02.787267+00:00,20260822-154902,https://trends24.in/indonesia/,Sat Aug 22 2026 06:33:42 GMT+0000 (Coordinated Universal Time),34,Kalimantan Tengah,kalimantan tengah,,,,,,
2026-08-22T15:49:02.787267+00:00,20260822-154902,https://trends24.in/indonesia/,Sat Aug 22 2026 06:33:42 GMT+0000 (Coordinated Universal Time),35,Tzolis,tzolis,,,,,,
2026-08-22T15:49:02.787267+00:00,20260822-154902,https://trends24.in/indonesia/,Sat Aug 22 2026 06:33:42 GMT+0000 (Coordinated Universal Time),36,Baleba,baleba,,,,,,
2026-08-22T15:49:02.787267+00:00,20260822-154902,https://trends24.in/indonesia/,Sat Aug 22 2026 06:33:42 GMT+0000 (Coordinated Universal Time),37,#PRAYFORINDONESIA,prayforindonesia,,,,,,
2026-08-22T15:49:02.787267+00:00,20260822-154902,https://trends24.in/indonesia/,Sat Aug 22 2026 06:33:42 GMT+0000 (Coordinated Universal Time),38,#PRAYFORACEH,prayforaceh,,,,,,
2026-08-22T15:49:02.787267+00:00,20260822-154902,https://trends24.in/indonesia/,Sat Aug 22 2026 06:33:42 GMT+0000 (Coordinated Universal Time),39,#AllEyesOnIndonesia,alleyesonindonesia,,,,,,
2026-08-22T15:49:02.787267+00:00,20260822-154902,https://trends24.in/indonesia/,Sat Aug 22 2026 06:33:42 GMT+0000 (Coordinated Universal Time),40,#GmmtvTreatWilliamEstBetter,gmmtvtreatwilliamestbetter,,,,,,
2026-08-22T15:49:02.787267+00:00,20260822-154902,https://trends24.in/indonesia/,Sat Aug 22 2026 06:33:42 GMT+0000 (Coordinated Universal Time),41,#skynanifminhk2026,skynanifminhk2026,,,,,,
2026-08-22T15:49:02.787267+00:00,20260822-154902,https://trends24.in/indonesia/,Sat Aug 22 2026 06:33:42 GMT+0000 (Coordinated Universal Time),42,#PRAYFORKALIMANTAN,prayforkalimantan,,,,,,
2026-08-22T15:49:02.787267+00:00,20260822-154902,https://trends24.in/indonesia/,Sat Aug 22 2026 06:33:42 GMT+0000 (Coordinated Universal Time),43,#PRAYFORNTT,prayforntt,,,,,,
2026-08-22T15:49:02.787267+00:00,20260822-154902,https://trends24.in/indonesia/,Sat Aug 22 2026 06:33:42 GMT+0000 (Coordinated Universal Time),44,#StarMagicAllStarGames2026,starmagicallstargames2026,,,,,,
2026-08-22T15:49:02.787267+00:00,20260822-154902,https://trends24.in/indonesia/,Sat Aug 22 2026 06:33:42 GMT+0000 (Coordinated Universal Time),45,#StarMagicxGMMTV,starmagicxgmmtv,,,,,,
2026-08-22T15:49:02.787267+00:00,20260822-154902,https://trends24.in/indonesia/,Sat Aug 22 2026 06:33:42 GMT+0000 (Coordinated Universal Time),46,#DOHOON_MC_AlwaysWithUs,dohoon_mc_alwayswithus,,,,,,
2026-08-22T15:49:02.787267+00:00,20260822-154902,https://trends24.in/indonesia/,Sat Aug 22 2026 06:33:42 GMT+0000 (Coordinated Universal Time),47,#finalchapterCoCs3,finalchaptercocs3,,,,,,
2026-08-22T15:49:02.787267+00:00,20260822-154902,https://trends24.in/indonesia/,Sat Aug 22 2026 06:33:42 GMT+0000 (Coordinated Universal Time),48,#PlsLoveà¸£à¸±à¸à¹à¸à¹à¹à¸«à¸¡,plsloveà¸£à¸±à¸à¹à¸à¹à¹à¸«à¸¡,,,,,,
2026-08-22T15:49:02.787267+00:00,20260822-154902,https://trends24.in/indonesia/,Sat Aug 22 2026 06:33:42 GMT+0000 (Coordinated Universal Time),49,#LYKNReflexionConcert,lyknreflexionconcert,,,,,,
2026-08-22T15:49:02.787267+00:00,20260822-154902,https://trends24.in/indonesia/,Sat Aug 22 2026 06:33:42 GMT+0000 (Coordinated Universal Time),50,#à¸¥à¸µà¸à¹à¸²à¸«à¸¡à¸´à¸§,à¸¥à¸µà¸à¹à¸²à¸«à¸¡à¸´à¸§,,,,,,
2026-08-22T15:49:02.787267+00:00,20260822-154902,https://trends24.in/indonesia/,Sat Aug 22 2026 05:42:39 GMT+0000 (Coordinated Universal Time),1,#KUOTASERBA8RIBU,kuotaserba8ribu,,,,,,
2026-08-22T15:49:02.787267+00:00,20260822-154902,https://trends24.in/indonesia/,Sat Aug 22 2026 05:42:39 GMT+0000 (Coordinated Universal Time),2,#SiagaTanggapBencana,siagatanggapbencana,,,,,,
2026-08-22T15:49:02.787267+00:00,20260822-154902,https://trends24.in/indonesia/,Sat Aug 22 2026 05:42:39 GMT+0000 (Coordinated Universal Time),3,Penanganan Situasi Darurat,penanganan situasi darurat,,,,,,
2026-08-22T15:49:02.787267+00:00,20260822-154902,https://trends24.in/indonesia/,Sat Aug 22 2026 05:42:39 GMT+0000 (Coordinated Universal Time),4,GoPay,gopay,,,,,,
2026-08-22T15:49:02.787267+00:00,20260822-154902,https://trends24.in/indonesia/,Sat Aug 22 2026 05:42:39 GMT+0000 (Coordinated Universal Time),5,Harga,harga,,,,,,
2026-08-22T15:49:02.787267+00:00,20260822-154902,https://trends24.in/indonesia/,Sat Aug 22 2026 05:42:39 GMT+0000 (Coordinated Universal Time),6,#PondPhuwinConcertD2,pondphuwinconcertd2,,,,,,
2026-08-22T15:49:02.787267+00:00,20260822-154902,https://trends24.in/indonesia/,Sat Aug 22 2026 05:42:39 GMT+0000 (Coordinated Universal Time),7,#PRAYFORPAPUA,prayforpapua,,,,,,
2026-08-22T15:49:02.787267+00:00,20260822-154902,https://trends24.in/indonesia/,Sat Aug 22 2026 05:42:39 GMT+0000 (Coordinated Universal Time),8,#PRAYFORACEH,prayforaceh,,,,,,
2026-08-22T15:49:02.787267+00:00,20260822-154902,https://trends24.in/indonesia/,Sat Aug 22 2026 05:42:39 GMT+0000 (Coordinated Universal Time),9,POP Spageti,pop spageti,,,,,,
2026-08-22T15:49:02.787267+00:00,20260822-154902,https://trends24.in/indonesia/,Sat Aug 22 2026 05:42:39 GMT+0000 (Coordinated Universal Time),10,Manggala Agni,manggala agni,,,,,,
2026-08-22T15:49:02.787267+00:00,20260822-154902,https://trends24.in/indonesia/,Sat Aug 22 2026 05:42:39 GMT+0000 (Coordinated Universal Time),11,Rp 8.100,rp 8.100,,,,,,
2026-08-22T15:49:02.787267+00:00,20260822-154902,https://trends24.in/indonesia/,Sat Aug 22 2026 05:42:39 GMT+0000 (Coordinated Universal Time),12,PACK IT UP,pack it up,,,,,,
2026-08-22T15:49:02.787267+00:00,20260822-154902,https://trends24.in/indonesia/,Sat Aug 22 2026 05:42:39 GMT+0000 (Coordinated Universal Time),13,XL 10GB,xl 10gb,,,,,,
2026-08-22T15:49:02.787267+00:00,20260822-154902,https://trends24.in/indonesia/,Sat Aug 22 2026 05:42:39 GMT+0000 (Coordinated Universal Time),14,AXIS 3GB,axis 3gb,,,,,,
2026-08-22T15:49:02.787267+00:00,20260822-154902,https://trends24.in/indonesia/,Sat Aug 22 2026 05:42:39 GMT+0000 (Coordinated Universal Time),15,SIMPATI 1,simpati 1,,,,,,
2026-08-22T15:49:02.787267+00:00,20260822-154902,https://trends24.in/indonesia/,Sat Aug 22 2026 05:42:39 GMT+0000 (Coordinated Universal Time),16,BNPB,bnpb,,,,,,
2026-08-22T15:49:02.787267+00:00,20260822-154902,https://trends24.in/indonesia/,Sat Aug 22 2026 05:42:39 GMT+0000 (Coordinated Universal Time),17,Vouch,vouch,,,,,,
2026-08-22T15:49:02.787267+00:00,20260822-154902,https://trends24.in/indonesia/,Sat Aug 22 2026 05:42:39 GMT+0000 (Coordinated Universal Time),18,Trade $AIR,trade $air,,,,,,
2026-08-22T15:49:02.787267+00:00,20260822-154902,https://trends24.in/indonesia/,Sat Aug 22 2026 05:42:39 GMT+0000 (Coordinated Universal Time),19,Bayangan B,bayangan b,,,,,,
2026-08-22T15:49:02.787267+00:00,20260822-154902,https://trends24.in/indonesia/,Sat Aug 22 2026 05:42:39 GMT+0000 (Coordinated Universal Time),20,LINGORM ILF EP10,lingorm ilf ep10,,,,,,
2026-08-22T15:49:02.787267+00:00,20260822-154902,https://trends24.in/indonesia/,Sat Aug 22 2026 05:42:39 GMT+0000 (Coordinated Universal Time),21,24TH LOVING LEO TENDERLY,24th loving leo tenderly,,,,,,
2026-08-22T15:49:02.787267+00:00,20260822-154902,https://trends24.in/indonesia/,Sat Aug 22 2026 05:42:39 GMT+0000 (Coordinated Universal Time),22,Karhutla,karhutla,,,,,,
2026-08-22T15:49:02.787267+00:00,20260822-154902,https://trends24.in/indonesia/,Sat Aug 22 2026 05:42:39 GMT+0000 (Coordinated Universal Time),23,STARTING ORBIT OF LOVE,starting orbit of love,,,,,,
2026-08-22T15:49:02.787267+00:00,20260822-154902,https://trends24.in/indonesia/,Sat Aug 22 2026 05:42:39 GMT+0000 (Coordinated Universal Time),24,Martinelli,martinelli,,,,,,
2026-08-22T15:49:02.787267+00:00,20260822-154902,https://trends24.in/indonesia/,Sat Aug 22 2026 05:42:39 GMT+0000 (Coordinated Universal Time),25,Bloody Paradise,bloody paradise,,,,,,
2026-08-22T15:49:02.787267+00:00,20260822-154902,https://trends24.in/indonesia/,Sat Aug 22 2026 05:42:39 GMT+0000 (Coordinated Universal Time),26,Semoga Indonesia,semoga indonesia,,,,,,
2026-08-22T15:49:02.787267+00:00,20260822-154902,https://trends24.in/indonesia/,Sat Aug 22 2026 05:42:39 GMT+0000 (Coordinated Universal Time),27,WITH JAEMIN GLOR10US EVERMORE,with jaemin glor10us evermore,,,,,,
2026-08-22T15:49:02.787267+00:00,20260822-154902,https://trends24.in/indonesia/,Sat Aug 22 2026 05:42:39 GMT+0000 (Coordinated Universal Time),28,Jabar,jabar,,,,,,
2026-08-22T15:49:02.787267+00:00,20260822-154902,https://trends24.in/indonesia/,Sat Aug 22 2026 05:42:39 GMT+0000 (Coordinated Universal Time),29,THE SIN,the sin,,,,,,
2026-08-22T15:49:02.787267+00:00,20260822-154902,https://trends24.in/indonesia/,Sat Aug 22 2026 05:42:39 GMT+0000 (Coordinated Universal Time),30,Kalimantan Tengah,kalimantan tengah,,,,,,
2026-08-22T15:49:02.787267+00:00,20260822-154902,https://trends24.in/indonesia/,Sat Aug 22 2026 05:42:39 GMT+0000 (Coordinated Universal Time),31,Tzolis,tzolis,,,,,,
2026-08-22T15:49:02.787267+00:00,20260822-154902,https://trends24.in/indonesia/,Sat Aug 22 2026 05:42:39 GMT+0000 (Coordinated Universal Time),32,Baleba,baleba,,,,,,
2026-08-22T15:49:02.787267+00:00,20260822-154902,https://trends24.in/indonesia/,Sat Aug 22 2026 05:42:39 GMT+0000 (Coordinated Universal Time),33,Arteta,arteta,,,,,,
2026-08-22T15:49:02.787267+00:00,20260822-154902,https://trends24.in/indonesia/,Sat Aug 22 2026 05:42:39 GMT+0000 (Coordinated Universal Time),34,#PRAYFORINDONESIA,prayforindonesia,,,,,,
2026-08-22T15:49:02.787267+00:00,20260822-154902,https://trends24.in/indonesia/,Sat Aug 22 2026 05:42:39 GMT+0000 (Coordinated Universal Time),35,#AllEyesOnIndonesia,alleyesonindonesia,,,,,,
2026-08-22T15:49:02.787267+00:00,20260822-154902,https://trends24.in/indonesia/,Sat Aug 22 2026 05:42:39 GMT+0000 (Coordinated Universal Time),36,#PRAYFORNTT,prayforntt,,,,,,
2026-08-22T15:49:02.787267+00:00,20260822-154902,https://trends24.in/indonesia/,Sat Aug 22 2026 05:42:39 GMT+0000 (Coordinated Universal Time),37,#PRAYFORKALIMANTAN,prayforkalimantan,,,,,,
2026-08-22T15:49:02.787267+00:00,20260822-154902,https://trends24.in/indonesia/,Sat Aug 22 2026 05:42:39 GMT+0000 (Coordinated Universal Time),38,#finalchapterCoCs3,finalchaptercocs3,,,,,,
2026-08-22T15:49:02.787267+00:00,20260822-154902,https://trends24.in/indonesia/,Sat Aug 22 2026 05:42:39 GMT+0000 (Coordinated Universal Time),39,#StarMagicAllStarGames2026,starmagicallstargames2026,,,,,,
2026-08-22T15:49:02.787267+00:00,20260822-154902,https://trends24.in/indonesia/,Sat Aug 22 2026 05:42:39 GMT+0000 (Coordinated Universal Time),40,#StarMagicxGMMTV,starmagicxgmmtv,,,,,,
2026-08-22T15:49:02.787267+00:00,20260822-154902,https://trends24.in/indonesia/,Sat Aug 22 2026 05:42:39 GMT+0000 (Coordinated Universal Time),41,#PlsLoveà¸£à¸±à¸à¹à¸à¹à¹à¸«à¸¡,plsloveà¸£à¸±à¸à¹à¸à¹à¹à¸«à¸¡,,,,,,
2026-08-22T15:49:02.787267+00:00,20260822-154902,https://trends24.in/indonesia/,Sat Aug 22 2026 05:42:39 GMT+0000 (Coordinated Universal Time),42,#LYKNReflexionConcert,lyknreflexionconcert,,,,,,
2026-08-22T15:49:02.787267+00:00,20260822-154902,https://trends24.in/indonesia/,Sat Aug 22 2026 05:42:39 GMT+0000 (Coordinated Universal Time),43,#à¸¥à¸µà¸à¹à¸²à¸«à¸¡à¸´à¸§,à¸¥à¸µà¸à¹à¸²à¸«à¸¡à¸´à¸§,,,,,,
2026-08-22T15:49:02.787267+00:00,20260822-154902,https://trends24.in/indonesia/,Sat Aug 22 2026 05:42:39 GMT+0000 (Coordinated Universal Time),44,#SuzukiSmartMove,suzukismartmove,,,,,,
2026-08-22T15:49:02.787267+00:00,20260822-154902,https://trends24.in/indonesia/,Sat Aug 22 2026 05:42:39 GMT+0000 (Coordinated Universal Time),45,#OneAndOnlyLEO,oneandonlyleo,,,,,,
2026-08-22T15:49:02.787267+00:00,20260822-154902,https://trends24.in/indonesia/,Sat Aug 22 2026 05:42:39 GMT+0000 (Coordinated Universal Time),46,#ãªãªã¨è¡ããå¹¸ããã©ã¤ã,ãªãªã¨è¡ããå¹¸ããã©ã¤ã,,,,,,
2026-08-22T15:49:02.787267+00:00,20260822-154902,https://trends24.in/indonesia/,Sat Aug 22 2026 05:42:39 GMT+0000 (Coordinated Universal Time),47,#WEIRDO101SeriesEP2,weirdo101seriesep2,,,,,,
2026-08-22T15:49:02.787267+00:00,20260822-154902,https://trends24.in/indonesia/,Sat Aug 22 2026 05:42:39 GMT+0000 (Coordinated Universal Time),48,#à¸§à¸²à¸à¸à¸±à¸à¸§à¸±à¸à¸§à¸´à¸§à¸²à¸«à¹EP10,à¸§à¸²à¸à¸à¸±à¸à¸§à¸±à¸à¸§à¸´à¸§à¸²à¸«à¹ep10,,,,,,
2026-08-22T15:49:02.787267+00:00,20260822-154902,https://trends24.in/indonesia/,Sat Aug 22 2026 05:42:39 GMT+0000 (Coordinated Universal Time),49,#24æ­²çæçææ¯æåå¿ä¸­çæå,24æ­²çæçææ¯æåå¿ä¸­çæå ,,,,,,
2026-08-22T15:49:02.787267+00:00,20260822-154902,https://trends24.in/indonesia/,Sat Aug 22 2026 05:42:39 GMT+0000 (Coordinated Universal Time),50,#ë¦¬ì¤ì¼_í ê¶ë_íë³µë_ê°ëë´ì,ë¦¬ì¤ì¼_í ê¶ë_íë³µë_ê°ëë´ì,,,,,,
2026-08-22T15:49:02.787267+00:00,20260822-154902,https://trends24.in/indonesia/,Sat Aug 22 2026 04:51:37 GMT+0000 (Coordinated Universal Time),1,#KUOTASERBA8RIBU,kuotaserba8ribu,,,,,,
2026-08-22T15:49:02.787267+00:00,20260822-154902,https://trends24.in/indonesia/,Sat Aug 22 2026 04:51:37 GMT+0000 (Coordinated Universal Time),2,GoPay,gopay,,,,,,
2026-08-22T15:49:02.787267+00:00,20260822-154902,https://trends24.in/indonesia/,Sat Aug 22 2026 04:51:37 GMT+0000 (Coordinated Universal Time),3,#SiagaTanggapBencana,siagatanggapbencana,,,,,,
2026-08-22T15:49:02.787267+00:00,20260822-154902,https://trends24.in/indonesia/,Sat Aug 22 2026 04:51:37 GMT+0000 (Coordinated Universal Time),4,Penanganan Situasi Darurat,penanganan situasi darurat,,,,,,
2026-08-22T15:49:02.787267+00:00,20260822-154902,https://trends24.in/indonesia/,Sat Aug 22 2026 04:51:37 GMT+0000 (Coordinated Universal Time),5,Harga,harga,,,,,,
2026-08-22T15:49:02.787267+00:00,20260822-154902,https://trends24.in/indonesia/,Sat Aug 22 2026 04:51:37 GMT+0000 (Coordinated Universal Time),6,#PRAYFORACEH,prayforaceh,,,,,,
2026-08-22T15:49:02.787267+00:00,20260822-154902,https://trends24.in/indonesia/,Sat Aug 22 2026 04:51:37 GMT+0000 (Coordinated Universal Time),7,#PRAYFORINDONESIA,prayforindonesia,,,,,,
2026-08-22T15:49:02.787267+00:00,20260822-154902,https://trends24.in/indonesia/,Sat Aug 22 2026 04:51:37 GMT+0000 (Coordinated Universal Time),8,POP Spageti,pop spageti,,,,,,
2026-08-22T15:49:02.787267+00:00,20260822-154902,https://trends24.in/indonesia/,Sat Aug 22 2026 04:51:37 GMT+0000 (Coordinated Universal Time),9,#PRAYFORPAPUA,prayforpapua,,,,,,
2026-08-22T15:49:02.787267+00:00,20260822-154902,https://trends24.in/indonesia/,Sat Aug 22 2026 04:51:37 GMT+0000 (Coordinated Universal Time),10,PACK IT UP,pack it up,,,,,,
2026-08-22T15:49:02.787267+00:00,20260822-154902,https://trends24.in/indonesia/,Sat Aug 22 2026 04:51:37 GMT+0000 (Coordinated Universal Time),11,Rp 8.100,rp 8.100,,,,,,
2026-08-22T15:49:02.787267+00:00,20260822-154902,https://trends24.in/indonesia/,Sat Aug 22 2026 04:51:37 GMT+0000 (Coordinated Universal Time),12,AXIS 3GB,axis 3gb,,,,,,
2026-08-22T15:49:02.787267+00:00,20260822-154902,https://trends24.in/indonesia/,Sat Aug 22 2026 04:51:37 GMT+0000 (Coordinated Universal Time),13,XL 10GB,xl 10gb,,,,,,
2026-08-22T15:49:02.787267+00:00,20260822-154902,https://trends24.in/indonesia/,Sat Aug 22 2026 04:51:37 GMT+0000 (Coordinated Universal Time),14,SIMPATI 1,simpati 1,,,,,,
2026-08-22T15:49:02.787267+00:00,20260822-154902,https://trends24.in/indonesia/,Sat Aug 22 2026 04:51:37 GMT+0000 (Coordinated Universal Time),15,BNPB,bnpb,,,,,,
2026-08-22T15:49:02.787267+00:00,20260822-154902,https://trends24.in/indonesia/,Sat Aug 22 2026 04:51:37 GMT+0000 (Coordinated Universal Time),16,Trade $AIR,trade $air,,,,,,
2026-08-22T15:49:02.787267+00:00,20260822-154902,https://trends24.in/indonesia/,Sat Aug 22 2026 04:51:37 GMT+0000 (Coordinated Universal Time),17,Vouch,vouch,,,,,,
2026-08-22T15:49:02.787267+00:00,20260822-154902,https://trends24.in/indonesia/,Sat Aug 22 2026 04:51:37 GMT+0000 (Coordinated Universal Time),18,Bloody Paradise,bloody paradise,,,,,,
2026-08-22T15:49:02.787267+00:00,20260822-154902,https://trends24.in/indonesia/,Sat Aug 22 2026 04:51:37 GMT+0000 (Coordinated Universal Time),19,Bayangan B,bayangan b,,,,,,
2026-08-22T15:49:02.787267+00:00,20260822-154902,https://trends24.in/indonesia/,Sat Aug 22 2026 04:51:37 GMT+0000 (Coordinated Universal Time),20,24TH LOVING LEO TENDERLY,24th loving leo tenderly,,,,,,
2026-08-22T15:49:02.787267+00:00,20260822-154902,https://trends24.in/indonesia/,Sat Aug 22 2026 04:51:37 GMT+0000 (Coordinated Universal Time),21,Martinelli,martinelli,,,,,,
2026-08-22T15:49:02.787267+00:00,20260822-154902,https://trends24.in/indonesia/,Sat Aug 22 2026 04:51:37 GMT+0000 (Coordinated Universal Time),22,Semoga Indonesia,semoga indonesia,,,,,,
2026-08-22T15:49:02.787267+00:00,20260822-154902,https://trends24.in/indonesia/,Sat Aug 22 2026 04:51:37 GMT+0000 (Coordinated Universal Time),23,Jabar,jabar,,,,,,
2026-08-22T15:49:02.787267+00:00,20260822-154902,https://trends24.in/indonesia/,Sat Aug 22 2026 04:51:37 GMT+0000 (Coordinated Universal Time),24,STARTING ORBIT OF LOVE,starting orbit of love,,,,,,
2026-08-22T15:49:02.787267+00:00,20260822-154902,https://trends24.in/indonesia/,Sat Aug 22 2026 04:51:37 GMT+0000 (Coordinated Universal Time),25,WITH JAEMIN GLOR10US EVERMORE,with jaemin glor10us evermore,,,,,,
2026-08-22T15:49:02.787267+00:00,20260822-154902,https://trends24.in/indonesia/,Sat Aug 22 2026 04:51:37 GMT+0000 (Coordinated Universal Time),26,LINGORM ILF EP10,lingorm ilf ep10,,,,,,
2026-08-22T15:49:02.787267+00:00,20260822-154902,https://trends24.in/indonesia/,Sat Aug 22 2026 04:51:37 GMT+0000 (Coordinated Universal Time),27,Tzolis,tzolis,,,,,,
2026-08-22T15:49:02.787267+00:00,20260822-154902,https://trends24.in/indonesia/,Sat Aug 22 2026 04:51:37 GMT+0000 (Coordinated Universal Time),28,Rusia,rusia,,,,,,
2026-08-22T15:49:02.787267+00:00,20260822-154902,https://trends24.in/indonesia/,Sat Aug 22 2026 04:51:37 GMT+0000 (Coordinated Universal Time),29,Arteta,arteta,,,,,,
2026-08-22T15:49:02.787267+00:00,20260822-154902,https://trends24.in/indonesia/,Sat Aug 22 2026 04:51:37 GMT+0000 (Coordinated Universal Time),30,Baleba,baleba,,,,,,
2026-08-22T15:49:02.787267+00:00,20260822-154902,https://trends24.in/indonesia/,Sat Aug 22 2026 04:51:37 GMT+0000 (Coordinated Universal Time),31,THE SIN,the sin,,,,,,
2026-08-22T15:49:02.787267+00:00,20260822-154902,https://trends24.in/indonesia/,Sat Aug 22 2026 04:51:37 GMT+0000 (Coordinated Universal Time),32,#AllEyesOnIndonesia,alleyesonindonesia,,,,,,
2026-08-22T15:49:02.787267+00:00,20260822-154902,https://trends24.in/indonesia/,Sat Aug 22 2026 04:51:37 GMT+0000 (Coordinated Universal Time),33,#PRAYFORKALIMANTAN,prayforkalimantan,,,,,,
2026-08-22T15:49:02.787267+00:00,20260822-154902,https://trends24.in/indonesia/,Sat Aug 22 2026 04:51:37 GMT+0000 (Coordinated Universal Time),34,#PRAYFORNTT,prayforntt,,,,,,
2026-08-22T15:49:02.787267+00:00,20260822-154902,https://trends24.in/indonesia/,Sat Aug 22 2026 04:51:37 GMT+0000 (Coordinated Universal Time),35,#finalchapterCoCs3,finalchaptercocs3,,,,,,
2026-08-22T15:49:02.787267+00:00,20260822-154902,https://trends24.in/indonesia/,Sat Aug 22 2026 04:51:37 GMT+0000 (Coordinated Universal Time),36,#PondPhuwinConcertD2,pondphuwinconcertd2,,,,,,
2026-08-22T15:49:02.787267+00:00,20260822-154902,https://trends24.in/indonesia/,Sat Aug 22 2026 04:51:37 GMT+0000 (Coordinated Universal Time),37,#LYKNReflexionConcert,lyknreflexionconcert,,,,,,
2026-08-22T15:49:02.787267+00:00,20260822-154902,https://trends24.in/indonesia/,Sat Aug 22 2026 04:51:37 GMT+0000 (Coordinated Universal Time),38,#StarMagicAllStarGames2026,starmagicallstargames2026,,,,,,
2026-08-22T15:49:02.787267+00:00,20260822-154902,https://trends24.in/indonesia/,Sat Aug 22 2026 04:51:37 GMT+0000 (Coordinated Universal Time),39,#StarMagicxGMMTV,starmagicxgmmtv,,,,,,
2026-08-22T15:49:02.787267+00:00,20260822-154902,https://trends24.in/indonesia/,Sat Aug 22 2026 04:51:37 GMT+0000 (Coordinated Universal Time),40,#PlsLoveà¸£à¸±à¸à¹à¸à¹à¹à¸«à¸¡,plsloveà¸£à¸±à¸à¹à¸à¹à¹à¸«à¸¡,,,,,,
2026-08-22T15:49:02.787267+00:00,20260822-154902,https://trends24.in/indonesia/,Sat Aug 22 2026 04:51:37 GMT+0000 (Coordinated Universal Time),41,#OneAndOnlyLEO,oneandonlyleo,,,,,,
2026-08-22T15:49:02.787267+00:00,20260822-154902,https://trends24.in/indonesia/,Sat Aug 22 2026 04:51:37 GMT+0000 (Coordinated Universal Time),42,#ãªãªã¨è¡ããå¹¸ããã©ã¤ã,ãªãªã¨è¡ããå¹¸ããã©ã¤ã,,,,,,
2026-08-22T15:49:02.787267+00:00,20260822-154902,https://trends24.in/indonesia/,Sat Aug 22 2026 04:51:37 GMT+0000 (Coordinated Universal Time),43,#SuzukiSmartMove,suzukismartmove,,,,,,
2026-08-22T15:49:02.787267+00:00,20260822-154902,https://trends24.in/indonesia/,Sat Aug 22 2026 04:51:37 GMT+0000 (Coordinated Universal Time),44,#10YearsWithJaemin,10yearswithjaemin,,,,,,
2026-08-22T15:49:02.787267+00:00,20260822-154902,https://trends24.in/indonesia/,Sat Aug 22 2026 04:51:37 GMT+0000 (Coordinated Universal Time),45,#ì¬ë¯¼ì´ì_10ëì°¨ëí_ê³ìê°ì´ê±·ì,ì¬ë¯¼ì´ì_10ë ì°¨ëí_ê³ìê°ì´ê±·ì,,,,,,
2026-08-22T15:49:02.787267+00:00,20260822-154902,https://trends24.in/indonesia/,Sat Aug 22 2026 04:51:37 GMT+0000 (Coordinated Universal Time),46,#WEIRDO101SeriesEP2,weirdo101seriesep2,,,,,,
2026-08-22T15:49:02.787267+00:00,20260822-154902,https://trends24.in/indonesia/,Sat Aug 22 2026 04:51:37 GMT+0000 (Coordinated Universal Time),47,#ë¦¬ì¤ì¼_í ê¶ë_íë³µë_ê°ëë´ì,ë¦¬ì¤ì¼_í ê¶ë_íë³µë_ê°ëë´ì,,,,,,
2026-08-22T15:49:02.787267+00:00,20260822-154902,https://trends24.in/indonesia/,Sat Aug 22 2026 04:51:37 GMT+0000 (Coordinated Universal Time),48,#24æ­²çæçææ¯æåå¿ä¸­çæå,24æ­²çæçææ¯æåå¿ä¸­çæå ,,,,,,
2026-08-22T15:49:02.787267+00:00,20260822-154902,https://trends24.in/indonesia/,Sat Aug 22 2026 04:51:37 GMT+0000 (Coordinated Universal Time),49,#ì¼ê³±ë²ì§¸ê¸ë¹ê³ì ëª¨ììí¬ë°í¬,ì¼ê³±ë²ì§¸ê¸ë¹ê³ì ëª¨ììí¬ë°í¬,,,,,,
2026-08-22T15:49:02.787267+00:00,20260822-154902,https://trends24.in/indonesia/,Sat Aug 22 2026 04:51:37 GMT+0000 (Coordinated Universal Time),50,#à¸§à¸²à¸à¸à¸±à¸à¸§à¸±à¸à¸§à¸´à¸§à¸²à¸«à¹EP10,à¸§à¸²à¸à¸à¸±à¸à¸§à¸±à¸à¸§à¸´à¸§à¸²à¸«à¹ep10,,,,,,
2026-08-22T15:49:02.787267+00:00,20260822-154902,https://trends24.in/indonesia/,Sat Aug 22 2026 04:00:21 GMT+0000 (Coordinated Universal Time),1,#KUOTASERBA8RIBU,kuotaserba8ribu,,,,,,
2026-08-22T15:49:02.787267+00:00,20260822-154902,https://trends24.in/indonesia/,Sat Aug 22 2026 04:00:21 GMT+0000 (Coordinated Universal Time),2,GoPay,gopay,,,,,,
2026-08-22T15:49:02.787267+00:00,20260822-154902,https://trends24.in/indonesia/,Sat Aug 22 2026 04:00:21 GMT+0000 (Coordinated Universal Time),3,#PondPhuwinConcertD1,pondphuwinconcertd1,,,,,,
2026-08-22T15:49:02.787267+00:00,20260822-154902,https://trends24.in/indonesia/,Sat Aug 22 2026 04:00:21 GMT+0000 (Coordinated Universal Time),4,#PRAYFORKALIMANTAN,prayforkalimantan,,,,,,
2026-08-22T15:49:02.787267+00:00,20260822-154902,https://trends24.in/indonesia/,Sat Aug 22 2026 04:00:21 GMT+0000 (Coordinated Universal Time),5,#PRAYFORINDONESIA,prayforindonesia,,,,,,
2026-08-22T15:49:02.787267+00:00,20260822-154902,https://trends24.in/indonesia/,Sat Aug 22 2026 04:00:21 GMT+0000 (Coordinated Universal Time),6,#PRAYFORACEH,prayforaceh,,,,,,
2026-08-22T15:49:02.787267+00:00,20260822-154902,https://trends24.in/indonesia/,Sat Aug 22 2026 04:00:21 GMT+0000 (Coordinated Universal Time),7,POP Spageti,pop spageti,,,,,,
2026-08-22T15:49:02.787267+00:00,20260822-154902,https://trends24.in/indonesia/,Sat Aug 22 2026 04:00:21 GMT+0000 (Coordinated Universal Time),8,24TH LOVING LEO TENDERLY,24th loving leo tenderly,,,,,,
2026-08-22T15:49:02.787267+00:00,20260822-154902,https://trends24.in/indonesia/,Sat Aug 22 2026 04:00:21 GMT+0000 (Coordinated Universal Time),9,Rp 8.100,rp 8.100,,,,,,
2026-08-22T15:49:02.787267+00:00,20260822-154902,https://trends24.in/indonesia/,Sat Aug 22 2026 04:00:21 GMT+0000 (Coordinated Universal Time),10,fokus konsolidasi transformasi,fokus konsolidasi transformasi,,,,,,
2026-08-22T15:49:02.787267+00:00,20260822-154902,https://trends24.in/indonesia/,Sat Aug 22 2026 04:00:21 GMT+0000 (Coordinated Universal Time),11,PACK IT UP,pack it up,,,,,,
2026-08-22T15:49:02.787267+00:00,20260822-154902,https://trends24.in/indonesia/,Sat Aug 22 2026 04:00:21 GMT+0000 (Coordinated Universal Time),12,STARTING ORBIT OF LOVE,starting orbit of love,,,,,,
2026-08-22T15:49:02.787267+00:00,20260822-154902,https://trends24.in/indonesia/,Sat Aug 22 2026 04:00:21 GMT+0000 (Coordinated Universal Time),13,AXIS 3GB,axis 3gb,,,,,,
2026-08-22T15:49:02.787267+00:00,20260822-154902,https://trends24.in/indonesia/,Sat Aug 22 2026 04:00:21 GMT+0000 (Coordinated Universal Time),14,WITH JAEMIN GLOR10US EVERMORE,with jaemin glor10us evermore,,,,,,
2026-08-22T15:49:02.787267+00:00,20260822-154902,https://trends24.in/indonesia/,Sat Aug 22 2026 04:00:21 GMT+0000 (Coordinated Universal Time),15,LINGORM ILF EP10,lingorm ilf ep10,,,,,,
2026-08-22T15:49:02.787267+00:00,20260822-154902,https://trends24.in/indonesia/,Sat Aug 22 2026 04:00:21 GMT+0000 (Coordinated Universal Time),16,XL 10GB,xl 10gb,,,,,,
2026-08-22T15:49:02.787267+00:00,20260822-154902,https://trends24.in/indonesia/,Sat Aug 22 2026 04:00:21 GMT+0000 (Coordinated Universal Time),17,Ya Allah,ya allah,,,,,,
2026-08-22T15:49:02.787267+00:00,20260822-154902,https://trends24.in/indonesia/,Sat Aug 22 2026 04:00:21 GMT+0000 (Coordinated Universal Time),18,SIMPATI 1,simpati 1,,,,,,
2026-08-22T15:49:02.787267+00:00,20260822-154902,https://trends24.in/indonesia/,Sat Aug 22 2026 04:00:21 GMT+0000 (Coordinated Universal Time),19,Trade $AIR,trade $air,,,,,,
2026-08-22T15:49:02.787267+00:00,20260822-154902,https://trends24.in/indonesia/,Sat Aug 22 2026 04:00:21 GMT+0000 (Coordinated Universal Time),20,Clara,clara,,,,,,
2026-08-22T15:49:02.787267+00:00,20260822-154902,https://trends24.in/indonesia/,Sat Aug 22 2026 04:00:21 GMT+0000 (Coordinated Universal Time),21,Sarapan,sarapan,,,,,,
2026-08-22T15:49:02.787267+00:00,20260822-154902,https://trends24.in/indonesia/,Sat Aug 22 2026 04:00:21 GMT+0000 (Coordinated Universal Time),22,Jabar,jabar,,,,,,
2026-08-22T15:49:02.787267+00:00,20260822-154902,https://trends24.in/indonesia/,Sat Aug 22 2026 04:00:21 GMT+0000 (Coordinated Universal Time),23,Pagii,pagii,,,,,,
2026-08-22T15:49:02.787267+00:00,20260822-154902,https://trends24.in/indonesia/,Sat Aug 22 2026 04:00:21 GMT+0000 (Coordinated Universal Time),24,Bayangan B,bayangan b,,,,,,
2026-08-22T15:49:02.787267+00:00,20260822-154902,https://trends24.in/indonesia/,Sat Aug 22 2026 04:00:21 GMT+0000 (Coordinated Universal Time),25,$FLUSH,$flush,,,,,,
2026-08-22T15:49:02.787267+00:00,20260822-154902,https://trends24.in/indonesia/,Sat Aug 22 2026 04:00:21 GMT+0000 (Coordinated Universal Time),26,NAMTAN BEAUTERRY MY HOME,namtan beauterry my home,,,,,,
2026-08-22T15:49:02.787267+00:00,20260822-154902,https://trends24.in/indonesia/,Sat Aug 22 2026 04:00:21 GMT+0000 (Coordinated Universal Time),27,Malaysia,malaysia,,,,,,
2026-08-22T15:49:02.787267+00:00,20260822-154902,https://trends24.in/indonesia/,Sat Aug 22 2026 04:00:21 GMT+0000 (Coordinated Universal Time),28,Vouch,vouch,,,,,,
2026-08-22T15:49:02.787267+00:00,20260822-154902,https://trends24.in/indonesia/,Sat Aug 22 2026 04:00:21 GMT+0000 (Coordinated Universal Time),29,Trade $AEON,trade $aeon,,,,,,
2026-08-22T15:49:02.787267+00:00,20260822-154902,https://trends24.in/indonesia/,Sat Aug 22 2026 04:00:21 GMT+0000 (Coordinated Universal Time),30,CHERISHED DECADE WITH RENJUN,cherished decade with renjun,,,,,,
2026-08-22T15:49:02.787267+00:00,20260822-154902,https://trends24.in/indonesia/,Sat Aug 22 2026 04:00:21 GMT+0000 (Coordinated Universal Time),31,BNPB,bnpb,,,,,,
2026-08-22T15:49:02.787267+00:00,20260822-154902,https://trends24.in/indonesia/,Sat Aug 22 2026 04:00:21 GMT+0000 (Coordinated Universal Time),32,"Top 1,000","top 1,000",,,,,,
2026-08-22T15:49:02.787267+00:00,20260822-154902,https://trends24.in/indonesia/,Sat Aug 22 2026 04:00:21 GMT+0000 (Coordinated Universal Time),33,Unsoed,unsoed,,,,,,
2026-08-22T15:49:02.787267+00:00,20260822-154902,https://trends24.in/indonesia/,Sat Aug 22 2026 04:00:21 GMT+0000 (Coordinated Universal Time),34,Arsenal,arsenal,,,,,,
2026-08-22T15:49:02.787267+00:00,20260822-154902,https://trends24.in/indonesia/,Sat Aug 22 2026 04:00:21 GMT+0000 (Coordinated Universal Time),35,Jumat,jumat,,,,,,
2026-08-22T15:49:02.787267+00:00,20260822-154902,https://trends24.in/indonesia/,Sat Aug 22 2026 04:00:21 GMT+0000 (Coordinated Universal Time),36,Bamus Betawi,bamus betawi,,,,,,
2026-08-22T15:49:02.787267+00:00,20260822-154902,https://trends24.in/indonesia/,Sat Aug 22 2026 04:00:21 GMT+0000 (Coordinated Universal Time),37,Bad For You,bad for you,,,,,,
2026-08-22T15:49:02.787267+00:00,20260822-154902,https://trends24.in/indonesia/,Sat Aug 22 2026 04:00:21 GMT+0000 (Coordinated Universal Time),38,Coventry,coventry,,,,,,
2026-08-22T15:49:02.787267+00:00,20260822-154902,https://trends24.in/indonesia/,Sat Aug 22 2026 04:00:21 GMT+0000 (Coordinated Universal Time),39,Lila,lila,,,,,,
2026-08-22T15:49:02.787267+00:00,20260822-154902,https://trends24.in/indonesia/,Sat Aug 22 2026 04:00:21 GMT+0000 (Coordinated Universal Time),40,Guru FPL,guru fpl,,,,,,
2026-08-22T15:49:02.787267+00:00,20260822-154902,https://trends24.in/indonesia/,Sat Aug 22 2026 04:00:21 GMT+0000 (Coordinated Universal Time),41,Morningg,morningg,,,,,,
2026-08-22T15:49:02.787267+00:00,20260822-154902,https://trends24.in/indonesia/,Sat Aug 22 2026 04:00:21 GMT+0000 (Coordinated Universal Time),42,Tzolis,tzolis,,,,,,
2026-08-22T15:49:02.787267+00:00,20260822-154902,https://trends24.in/indonesia/,Sat Aug 22 2026 04:00:21 GMT+0000 (Coordinated Universal Time),43,Top Skor,top skor,,,,,,
2026-08-22T15:49:02.787267+00:00,20260822-154902,https://trends24.in/indonesia/,Sat Aug 22 2026 04:00:21 GMT+0000 (Coordinated Universal Time),44,selamat hari juang polri,selamat hari juang polri,,,,,,
2026-08-22T15:49:02.787267+00:00,20260822-154902,https://trends24.in/indonesia/,Sat Aug 22 2026 04:00:21 GMT+0000 (Coordinated Universal Time),45,Soto,soto,,,,,,
2026-08-22T15:49:02.787267+00:00,20260822-154902,https://trends24.in/indonesia/,Sat Aug 22 2026 04:00:21 GMT+0000 (Coordinated Universal Time),46,Lee Leo,lee leo,,,,,,
2026-08-22T15:49:02.787267+00:00,20260822-154902,https://trends24.in/indonesia/,Sat Aug 22 2026 04:00:21 GMT+0000 (Coordinated Universal Time),47,BlancRooms,blancrooms,,,,,,
2026-08-22T15:49:02.787267+00:00,20260822-154902,https://trends24.in/indonesia/,Sat Aug 22 2026 04:00:21 GMT+0000 (Coordinated Universal Time),48,Libur,libur,,,,,,
2026-08-22T15:49:02.787267+00:00,20260822-154902,https://trends24.in/indonesia/,Sat Aug 22 2026 04:00:21 GMT+0000 (Coordinated Universal Time),49,NAMA TIM,nama tim,,,,,,
2026-08-22T15:49:02.787267+00:00,20260822-154902,https://trends24.in/indonesia/,Sat Aug 22 2026 04:00:21 GMT+0000 (Coordinated Universal Time),50,Rusia,rusia,,,,,,
2026-08-22T15:49:02.787267+00:00,20260822-154902,https://trends24.in/indonesia/,Sat Aug 22 2026 03:08:19 GMT+0000 (Coordinated Universal Time),1,#KUOTASERBA8RIBU,kuotaserba8ribu,,,,,,
2026-08-22T15:49:02.787267+00:00,20260822-154902,https://trends24.in/indonesia/,Sat Aug 22 2026 03:08:19 GMT+0000 (Coordinated Universal Time),2,#PondPhuwinConcertD1,pondphuwinconcertd1,,,,,,
2026-08-22T15:49:02.787267+00:00,20260822-154902,https://trends24.in/indonesia/,Sat Aug 22 2026 03:08:19 GMT+0000 (Coordinated Universal Time),3,GoPay,gopay,,,,,,
2026-08-22T15:49:02.787267+00:00,20260822-154902,https://trends24.in/indonesia/,Sat Aug 22 2026 03:08:19 GMT+0000 (Coordinated Universal Time),4,#PRAYFORKALIMANTAN,prayforkalimantan,,,,,,
2026-08-22T15:49:02.787267+00:00,20260822-154902,https://trends24.in/indonesia/,Sat Aug 22 2026 03:08:19 GMT+0000 (Coordinated Universal Time),5,#PRAYFORINDONESIA,prayforindonesia,,,,,,
2026-08-22T15:49:02.787267+00:00,20260822-154902,https://trends24.in/indonesia/,Sat Aug 22 2026 03:08:19 GMT+0000 (Coordinated Universal Time),6,#PRAYFORACEH,prayforaceh,,,,,,
2026-08-22T15:49:02.787267+00:00,20260822-154902,https://trends24.in/indonesia/,Sat Aug 22 2026 03:08:19 GMT+0000 (Coordinated Universal Time),7,Rp 8.100,rp 8.100,,,,,,
2026-08-22T15:49:02.787267+00:00,20260822-154902,https://trends24.in/indonesia/,Sat Aug 22 2026 03:08:19 GMT+0000 (Coordinated Universal Time),8,24TH LOVING LEO TENDERLY,24th loving leo tenderly,,,,,,
2026-08-22T15:49:02.787267+00:00,20260822-154902,https://trends24.in/indonesia/,Sat Aug 22 2026 03:08:19 GMT+0000 (Coordinated Universal Time),9,fokus konsolidasi transformasi,fokus konsolidasi transformasi,,,,,,
2026-08-22T15:49:02.787267+00:00,20260822-154902,https://trends24.in/indonesia/,Sat Aug 22 2026 03:08:19 GMT+0000 (Coordinated Universal Time),10,STARTING ORBIT OF LOVE,starting orbit of love,,,,,,
2026-08-22T15:49:02.787267+00:00,20260822-154902,https://trends24.in/indonesia/,Sat Aug 22 2026 03:08:19 GMT+0000 (Coordinated Universal Time),11,XL 10GB,xl 10gb,,,,,,
2026-08-22T15:49:02.787267+00:00,20260822-154902,https://trends24.in/indonesia/,Sat Aug 22 2026 03:08:19 GMT+0000 (Coordinated Universal Time),12,AXIS 3GB,axis 3gb,,,,,,
2026-08-22T15:49:02.787267+00:00,20260822-154902,https://trends24.in/indonesia/,Sat Aug 22 2026 03:08:19 GMT+0000 (Coordinated Universal Time),13,WITH JAEMIN GLOR10US EVERMORE,with jaemin glor10us evermore,,,,,,
2026-08-22T15:49:02.787267+00:00,20260822-154902,https://trends24.in/indonesia/,Sat Aug 22 2026 03:08:19 GMT+0000 (Coordinated Universal Time),14,LINGORM ILF EP10,lingorm ilf ep10,,,,,,
2026-08-22T15:49:02.787267+00:00,20260822-154902,https://trends24.in/indonesia/,Sat Aug 22 2026 03:08:19 GMT+0000 (Coordinated Universal Time),15,Ya Allah,ya allah,,,,,,
2026-08-22T15:49:02.787267+00:00,20260822-154902,https://trends24.in/indonesia/,Sat Aug 22 2026 03:08:19 GMT+0000 (Coordinated Universal Time),16,Pagii,pagii,,,,,,
2026-08-22T15:49:02.787267+00:00,20260822-154902,https://trends24.in/indonesia/,Sat Aug 22 2026 03:08:19 GMT+0000 (Coordinated Universal Time),17,SIMPATI 1,simpati 1,,,,,,
2026-08-22T15:49:02.787267+00:00,20260822-154902,https://trends24.in/indonesia/,Sat Aug 22 2026 03:08:19 GMT+0000 (Coordinated Universal Time),18,Clara,clara,,,,,,
2026-08-22T15:49:02.787267+00:00,20260822-154902,https://trends24.in/indonesia/,Sat Aug 22 2026 03:08:19 GMT+0000 (Coordinated Universal Time),19,Bayangan B,bayangan b,,,,,,
2026-08-22T15:49:02.787267+00:00,20260822-154902,https://trends24.in/indonesia/,Sat Aug 22 2026 03:08:19 GMT+0000 (Coordinated Universal Time),20,Trade $AIR,trade $air,,,,,,
2026-08-22T15:49:02.787267+00:00,20260822-154902,https://trends24.in/indonesia/,Sat Aug 22 2026 03:08:19 GMT+0000 (Coordinated Universal Time),21,Jabar,jabar,,,,,,
2026-08-22T15:49:02.787267+00:00,20260822-154902,https://trends24.in/indonesia/,Sat Aug 22 2026 03:08:19 GMT+0000 (Coordinated Universal Time),22,Sarapan,sarapan,,,,,,
2026-08-22T15:49:02.787267+00:00,20260822-154902,https://trends24.in/indonesia/,Sat Aug 22 2026 03:08:19 GMT+0000 (Coordinated Universal Time),23,NAMTAN BEAUTERRY MY HOME,namtan beauterry my home,,,,,,
2026-08-22T15:49:02.787267+00:00,20260822-154902,https://trends24.in/indonesia/,Sat Aug 22 2026 03:08:19 GMT+0000 (Coordinated Universal Time),24,BNPB,bnpb,,,,,,
2026-08-22T15:49:02.787267+00:00,20260822-154902,https://trends24.in/indonesia/,Sat Aug 22 2026 03:08:19 GMT+0000 (Coordinated Universal Time),25,Malaysia,malaysia,,,,,,
2026-08-22T15:49:02.787267+00:00,20260822-154902,https://trends24.in/indonesia/,Sat Aug 22 2026 03:08:19 GMT+0000 (Coordinated Universal Time),26,Trade $AEON,trade $aeon,,,,,,
2026-08-22T15:49:02.787267+00:00,20260822-154902,https://trends24.in/indonesia/,Sat Aug 22 2026 03:08:19 GMT+0000 (Coordinated Universal Time),27,Coventry,coventry,,,,,,
2026-08-22T15:49:02.787267+00:00,20260822-154902,https://trends24.in/indonesia/,Sat Aug 22 2026 03:08:19 GMT+0000 (Coordinated Universal Time),28,Libur,libur,,,,,,
2026-08-22T15:49:02.787267+00:00,20260822-154902,https://trends24.in/indonesia/,Sat Aug 22 2026 03:08:19 GMT+0000 (Coordinated Universal Time),29,CHERISHED DECADE WITH RENJUN,cherished decade with renjun,,,,,,
2026-08-22T15:49:02.787267+00:00,20260822-154902,https://trends24.in/indonesia/,Sat Aug 22 2026 03:08:19 GMT+0000 (Coordinated Universal Time),30,Jumat,jumat,,,,,,
2026-08-22T15:49:02.787267+00:00,20260822-154902,https://trends24.in/indonesia/,Sat Aug 22 2026 03:08:19 GMT+0000 (Coordinated Universal Time),31,Unsoed,unsoed,,,,,,
2026-08-22T15:49:02.787267+00:00,20260822-154902,https://trends24.in/indonesia/,Sat Aug 22 2026 03:08:19 GMT+0000 (Coordinated Universal Time),32,Arsenal,arsenal,,,,,,
2026-08-22T15:49:02.787267+00:00,20260822-154902,https://trends24.in/indonesia/,Sat Aug 22 2026 03:08:19 GMT+0000 (Coordinated Universal Time),33,Bad For You,bad for you,,,,,,
2026-08-22T15:49:02.787267+00:00,20260822-154902,https://trends24.in/indonesia/,Sat Aug 22 2026 03:08:19 GMT+0000 (Coordinated Universal Time),34,Vouch,vouch,,,,,,
2026-08-22T15:49:02.787267+00:00,20260822-154902,https://trends24.in/indonesia/,Sat Aug 22 2026 03:08:19 GMT+0000 (Coordinated Universal Time),35,Bamus Betawi,bamus betawi,,,,,,
2026-08-22T15:49:02.787267+00:00,20260822-154902,https://trends24.in/indonesia/,Sat Aug 22 2026 03:08:19 GMT+0000 (Coordinated Universal Time),36,Armageddon,armageddon,,,,,,
2026-08-22T15:49:02.787267+00:00,20260822-154902,https://trends24.in/indonesia/,Sat Aug 22 2026 03:08:19 GMT+0000 (Coordinated Universal Time),37,"Top 1,000","top 1,000",,,,,,
2026-08-22T15:49:02.787267+00:00,20260822-154902,https://trends24.in/indonesia/,Sat Aug 22 2026 03:08:19 GMT+0000 (Coordinated Universal Time),38,Lila,lila,,,,,,
2026-08-22T15:49:02.787267+00:00,20260822-154902,https://trends24.in/indonesia/,Sat Aug 22 2026 03:08:19 GMT+0000 (Coordinated Universal Time),39,Guru FPL,guru fpl,,,,,,
2026-08-22T15:49:02.787267+00:00,20260822-154902,https://trends24.in/indonesia/,Sat Aug 22 2026 03:08:19 GMT+0000 (Coordinated Universal Time),40,Tzolis,tzolis,,,,,,
2026-08-22T15:49:02.787267+00:00,20260822-154902,https://trends24.in/indonesia/,Sat Aug 22 2026 03:08:19 GMT+0000 (Coordinated Universal Time),41,Top Skor,top skor,,,,,,
2026-08-22T15:49:02.787267+00:00,20260822-154902,https://trends24.in/indonesia/,Sat Aug 22 2026 03:08:19 GMT+0000 (Coordinated Universal Time),42,Morningg,morningg,,,,,,
2026-08-22T15:49:02.787267+00:00,20260822-154902,https://trends24.in/indonesia/,Sat Aug 22 2026 03:08:19 GMT+0000 (Coordinated Universal Time),43,selamat hari juang polri,selamat hari juang polri,,,,,,
2026-08-22T15:49:02.787267+00:00,20260822-154902,https://trends24.in/indonesia/,Sat Aug 22 2026 03:08:19 GMT+0000 (Coordinated Universal Time),44,otsuion,otsuion,,,,,,
2026-08-22T15:49:02.787267+00:00,20260822-154902,https://trends24.in/indonesia/,Sat Aug 22 2026 03:08:19 GMT+0000 (Coordinated Universal Time),45,Lee Leo,lee leo,,,,,,
2026-08-22T15:49:02.787267+00:00,20260822-154902,https://trends24.in/indonesia/,Sat Aug 22 2026 03:08:19 GMT+0000 (Coordinated Universal Time),46,NAMA TIM,nama tim,,,,,,
2026-08-22T15:49:02.787267+00:00,20260822-154902,https://trends24.in/indonesia/,Sat Aug 22 2026 03:08:19 GMT+0000 (Coordinated Universal Time),47,Two Fools,two fools,,,,,,
2026-08-22T15:49:02.787267+00:00,20260822-154902,https://trends24.in/indonesia/,Sat Aug 22 2026 03:08:19 GMT+0000 (Coordinated Universal Time),48,Rusia,rusia,,,,,,
2026-08-22T15:49:02.787267+00:00,20260822-154902,https://trends24.in/indonesia/,Sat Aug 22 2026 03:08:19 GMT+0000 (Coordinated Universal Time),49,Soto,soto,,,,,,
2026-08-22T15:49:02.787267+00:00,20260822-154902,https://trends24.in/indonesia/,Sat Aug 22 2026 03:08:19 GMT+0000 (Coordinated Universal Time),50,FREEN AT THE HAPPITAT OPENING,freen at the happitat opening,,,,,,
2026-08-22T15:49:02.787267+00:00,20260822-154902,https://trends24.in/indonesia/,Sat Aug 22 2026 02:16:23 GMT+0000 (Coordinated Universal Time),1,#KUOTASERBA8RIBU,kuotaserba8ribu,,,,,,
2026-08-22T15:49:02.787267+00:00,20260822-154902,https://trends24.in/indonesia/,Sat Aug 22 2026 02:16:23 GMT+0000 (Coordinated Universal Time),2,GoPay,gopay,,,,,,
2026-08-22T15:49:02.787267+00:00,20260822-154902,https://trends24.in/indonesia/,Sat Aug 22 2026 02:16:23 GMT+0000 (Coordinated Universal Time),3,#PondPhuwinConcertD1,pondphuwinconcertd1,,,,,,
2026-08-22T15:49:02.787267+00:00,20260822-154902,https://trends24.in/indonesia/,Sat Aug 22 2026 02:16:23 GMT+0000 (Coordinated Universal Time),4,#PRAYFORKALIMANTAN,prayforkalimantan,,,,,,
2026-08-22T15:49:02.787267+00:00,20260822-154902,https://trends24.in/indonesia/,Sat Aug 22 2026 02:16:23 GMT+0000 (Coordinated Universal Time),5,#PRAYFORINDONESIA,prayforindonesia,,,,,,
2026-08-22T15:49:02.787267+00:00,20260822-154902,https://trends24.in/indonesia/,Sat Aug 22 2026 02:16:23 GMT+0000 (Coordinated Universal Time),6,#PRAYFORACEH,prayforaceh,,,,,,
2026-08-22T15:49:02.787267+00:00,20260822-154902,https://trends24.in/indonesia/,Sat Aug 22 2026 02:16:23 GMT+0000 (Coordinated Universal Time),7,Rp 8.100,rp 8.100,,,,,,
2026-08-22T15:49:02.787267+00:00,20260822-154902,https://trends24.in/indonesia/,Sat Aug 22 2026 02:16:23 GMT+0000 (Coordinated Universal Time),8,24TH LOVING LEO TENDERLY,24th loving leo tenderly,,,,,,
2026-08-22T15:49:02.787267+00:00,20260822-154902,https://trends24.in/indonesia/,Sat Aug 22 2026 02:16:23 GMT+0000 (Coordinated Universal Time),9,XL 10GB,xl 10gb,,,,,,
2026-08-22T15:49:02.787267+00:00,20260822-154902,https://trends24.in/indonesia/,Sat Aug 22 2026 02:16:23 GMT+0000 (Coordinated Universal Time),10,fokus konsolidasi transformasi,fokus konsolidasi transformasi,,,,,,
2026-08-22T15:49:02.787267+00:00,20260822-154902,https://trends24.in/indonesia/,Sat Aug 22 2026 02:16:23 GMT+0000 (Coordinated Universal Time),11,STARTING ORBIT OF LOVE,starting orbit of love,,,,,,
2026-08-22T15:49:02.787267+00:00,20260822-154902,https://trends24.in/indonesia/,Sat Aug 22 2026 02:16:23 GMT+0000 (Coordinated Universal Time),12,AXIS 3GB,axis 3gb,,,,,,
2026-08-22T15:49:02.787267+00:00,20260822-154902,https://trends24.in/indonesia/,Sat Aug 22 2026 02:16:23 GMT+0000 (Coordinated Universal Time),13,WITH JAEMIN GLOR10US EVERMORE,with jaemin glor10us evermore,,,,,,
2026-08-22T15:49:02.787267+00:00,20260822-154902,https://trends24.in/indonesia/,Sat Aug 22 2026 02:16:23 GMT+0000 (Coordinated Universal Time),14,SIMPATI 1,simpati 1,,,,,,
2026-08-22T15:49:02.787267+00:00,20260822-154902,https://trends24.in/indonesia/,Sat Aug 22 2026 02:16:23 GMT+0000 (Coordinated Universal Time),15,LINGORM ILF EP10,lingorm ilf ep10,,,,,,
2026-08-22T15:49:02.787267+00:00,20260822-154902,https://trends24.in/indonesia/,Sat Aug 22 2026 02:16:23 GMT+0000 (Coordinated Universal Time),16,Ya Allah,ya allah,,,,,,
2026-08-22T15:49:02.787267+00:00,20260822-154902,https://trends24.in/indonesia/,Sat Aug 22 2026 02:16:23 GMT+0000 (Coordinated Universal Time),17,Pagii,pagii,,,,,,
2026-08-22T15:49:02.787267+00:00,20260822-154902,https://trends24.in/indonesia/,Sat Aug 22 2026 02:16:23 GMT+0000 (Coordinated Universal Time),18,Clara,clara,,,,,,
2026-08-22T15:49:02.787267+00:00,20260822-154902,https://trends24.in/indonesia/,Sat Aug 22 2026 02:16:23 GMT+0000 (Coordinated Universal Time),19,Trade $AIR,trade $air,,,,,,
2026-08-22T15:49:02.787267+00:00,20260822-154902,https://trends24.in/indonesia/,Sat Aug 22 2026 02:16:23 GMT+0000 (Coordinated Universal Time),20,NAMTAN BEAUTERRY MY HOME,namtan beauterry my home,,,,,,
2026-08-22T15:49:02.787267+00:00,20260822-154902,https://trends24.in/indonesia/,Sat Aug 22 2026 02:16:23 GMT+0000 (Coordinated Universal Time),21,Jabar,jabar,,,,,,
2026-08-22T15:49:02.787267+00:00,20260822-154902,https://trends24.in/indonesia/,Sat Aug 22 2026 02:16:23 GMT+0000 (Coordinated Universal Time),22,Trade $AEON,trade $aeon,,,,,,
2026-08-22T15:49:02.787267+00:00,20260822-154902,https://trends24.in/indonesia/,Sat Aug 22 2026 02:16:23 GMT+0000 (Coordinated Universal Time),23,Jumat,jumat,,,,,,
2026-08-22T15:49:02.787267+00:00,20260822-154902,https://trends24.in/indonesia/,Sat Aug 22 2026 02:16:23 GMT+0000 (Coordinated Universal Time),24,Bayangan B,bayangan b,,,,,,
2026-08-22T15:49:02.787267+00:00,20260822-154902,https://trends24.in/indonesia/,Sat Aug 22 2026 02:16:23 GMT+0000 (Coordinated Universal Time),25,Coventry,coventry,,,,,,
2026-08-22T15:49:02.787267+00:00,20260822-154902,https://trends24.in/indonesia/,Sat Aug 22 2026 02:16:23 GMT+0000 (Coordinated Universal Time),26,Unsoed,unsoed,,,,,,
2026-08-22T15:49:02.787267+00:00,20260822-154902,https://trends24.in/indonesia/,Sat Aug 22 2026 02:16:23 GMT+0000 (Coordinated Universal Time),27,Sarapan,sarapan,,,,,,
2026-08-22T15:49:02.787267+00:00,20260822-154902,https://trends24.in/indonesia/,Sat Aug 22 2026 02:16:23 GMT+0000 (Coordinated Universal Time),28,CHERISHED DECADE WITH RENJUN,cherished decade with renjun,,,,,,
2026-08-22T15:49:02.787267+00:00,20260822-154902,https://trends24.in/indonesia/,Sat Aug 22 2026 02:16:23 GMT+0000 (Coordinated Universal Time),29,Bad For You,bad for you,,,,,,
2026-08-22T15:49:02.787267+00:00,20260822-154902,https://trends24.in/indonesia/,Sat Aug 22 2026 02:16:23 GMT+0000 (Coordinated Universal Time),30,Malaysia,malaysia,,,,,,
2026-08-22T15:49:02.787267+00:00,20260822-154902,https://trends24.in/indonesia/,Sat Aug 22 2026 02:16:23 GMT+0000 (Coordinated Universal Time),31,Vouch,vouch,,,,,,
2026-08-22T15:49:02.787267+00:00,20260822-154902,https://trends24.in/indonesia/,Sat Aug 22 2026 02:16:23 GMT+0000 (Coordinated Universal Time),32,Arsenal,arsenal,,,,,,
2026-08-22T15:49:02.787267+00:00,20260822-154902,https://trends24.in/indonesia/,Sat Aug 22 2026 02:16:23 GMT+0000 (Coordinated Universal Time),33,Guru FPL,guru fpl,,,,,,
2026-08-22T15:49:02.787267+00:00,20260822-154902,https://trends24.in/indonesia/,Sat Aug 22 2026 02:16:23 GMT+0000 (Coordinated Universal Time),34,Bamus Betawi,bamus betawi,,,,,,
2026-08-22T15:49:02.787267+00:00,20260822-154902,https://trends24.in/indonesia/,Sat Aug 22 2026 02:16:23 GMT+0000 (Coordinated Universal Time),35,Morningg,morningg,,,,,,
2026-08-22T15:49:02.787267+00:00,20260822-154902,https://trends24.in/indonesia/,Sat Aug 22 2026 02:16:23 GMT+0000 (Coordinated Universal Time),36,BNPB,bnpb,,,,,,
2026-08-22T15:49:02.787267+00:00,20260822-154902,https://trends24.in/indonesia/,Sat Aug 22 2026 02:16:23 GMT+0000 (Coordinated Universal Time),37,Top Skor,top skor,,,,,,
2026-08-22T15:49:02.787267+00:00,20260822-154902,https://trends24.in/indonesia/,Sat Aug 22 2026 02:16:23 GMT+0000 (Coordinated Universal Time),38,Lila,lila,,,,,,
2026-08-22T15:49:02.787267+00:00,20260822-154902,https://trends24.in/indonesia/,Sat Aug 22 2026 02:16:23 GMT+0000 (Coordinated Universal Time),39,Nama Tim,nama tim,,,,,,
2026-08-22T15:49:02.787267+00:00,20260822-154902,https://trends24.in/indonesia/,Sat Aug 22 2026 02:16:23 GMT+0000 (Coordinated Universal Time),40,Libur,libur,,,,,,
2026-08-22T15:49:02.787267+00:00,20260822-154902,https://trends24.in/indonesia/,Sat Aug 22 2026 02:16:23 GMT+0000 (Coordinated Universal Time),41,Tzolis,tzolis,,,,,,
2026-08-22T15:49:02.787267+00:00,20260822-154902,https://trends24.in/indonesia/,Sat Aug 22 2026 02:16:23 GMT+0000 (Coordinated Universal Time),42,selamat hari juang polri,selamat hari juang polri,,,,,,
2026-08-22T15:49:02.787267+00:00,20260822-154902,https://trends24.in/indonesia/,Sat Aug 22 2026 02:16:23 GMT+0000 (Coordinated Universal Time),43,Dirumah,dirumah,,,,,,
2026-08-22T15:49:02.787267+00:00,20260822-154902,https://trends24.in/indonesia/,Sat Aug 22 2026 02:16:23 GMT+0000 (Coordinated Universal Time),44,otsuion,otsuion,,,,,,
2026-08-22T15:49:02.787267+00:00,20260822-154902,https://trends24.in/indonesia/,Sat Aug 22 2026 02:16:23 GMT+0000 (Coordinated Universal Time),45,Two Fools,two fools,,,,,,
2026-08-22T15:49:02.787267+00:00,20260822-154902,https://trends24.in/indonesia/,Sat Aug 22 2026 02:16:23 GMT+0000 (Coordinated Universal Time),46,Hyundai,hyundai,,,,,,
2026-08-22T15:49:02.787267+00:00,20260822-154902,https://trends24.in/indonesia/,Sat Aug 22 2026 02:16:23 GMT+0000 (Coordinated Universal Time),47,DBTE RULES EP9,dbte rules ep9,,,,,,
2026-08-22T15:49:02.787267+00:00,20260822-154902,https://trends24.in/indonesia/,Sat Aug 22 2026 02:16:23 GMT+0000 (Coordinated Universal Time),48,FREEN AT THE HAPPITAT OPENING,freen at the happitat opening,,,,,,
2026-08-22T15:49:02.787267+00:00,20260822-154902,https://trends24.in/indonesia/,Sat Aug 22 2026 02:16:23 GMT+0000 (Coordinated Universal Time),49,Rebusan,rebusan,,,,,,
2026-08-22T15:49:02.787267+00:00,20260822-154902,https://trends24.in/indonesia/,Sat Aug 22 2026 02:16:23 GMT+0000 (Coordinated Universal Time),50,Sulbar,sulbar,,,,,,
2026-08-22T15:49:02.787267+00:00,20260822-154902,https://trends24.in/indonesia/,Sat Aug 22 2026 01:24:58 GMT+0000 (Coordinated Universal Time),1,#KUOTASERBA8RIBU,kuotaserba8ribu,,,,,,
2026-08-22T15:49:02.787267+00:00,20260822-154902,https://trends24.in/indonesia/,Sat Aug 22 2026 01:24:58 GMT+0000 (Coordinated Universal Time),2,GoPay,gopay,,,,,,
2026-08-22T15:49:02.787267+00:00,20260822-154902,https://trends24.in/indonesia/,Sat Aug 22 2026 01:24:58 GMT+0000 (Coordinated Universal Time),3,#PondPhuwinConcertD1,pondphuwinconcertd1,,,,,,
2026-08-22T15:49:02.787267+00:00,20260822-154902,https://trends24.in/indonesia/,Sat Aug 22 2026 01:24:58 GMT+0000 (Coordinated Universal Time),4,#PRAYFORKALIMANTAN,prayforkalimantan,,,,,,
2026-08-22T15:49:02.787267+00:00,20260822-154902,https://trends24.in/indonesia/,Sat Aug 22 2026 01:24:58 GMT+0000 (Coordinated Universal Time),5,#PRAYFORINDONESIA,prayforindonesia,,,,,,
2026-08-22T15:49:02.787267+00:00,20260822-154902,https://trends24.in/indonesia/,Sat Aug 22 2026 01:24:58 GMT+0000 (Coordinated Universal Time),6,#PRAYFORACEH,prayforaceh,,,,,,
2026-08-22T15:49:02.787267+00:00,20260822-154902,https://trends24.in/indonesia/,Sat Aug 22 2026 01:24:58 GMT+0000 (Coordinated Universal Time),7,Harga,harga,,,,,,
2026-08-22T15:49:02.787267+00:00,20260822-154902,https://trends24.in/indonesia/,Sat Aug 22 2026 01:24:58 GMT+0000 (Coordinated Universal Time),8,Rp 8.100,rp 8.100,,,,,,
2026-08-22T15:49:02.787267+00:00,20260822-154902,https://trends24.in/indonesia/,Sat Aug 22 2026 01:24:58 GMT+0000 (Coordinated Universal Time),9,XL 10GB,xl 10gb,,,,,,
2026-08-22T15:49:02.787267+00:00,20260822-154902,https://trends24.in/indonesia/,Sat Aug 22 2026 01:24:58 GMT+0000 (Coordinated Universal Time),10,24TH LOVING LEO TENDERLY,24th loving leo tenderly,,,,,,
2026-08-22T15:49:02.787267+00:00,20260822-154902,https://trends24.in/indonesia/,Sat Aug 22 2026 01:24:58 GMT+0000 (Coordinated Universal Time),11,fokus konsolidasi transformasi,fokus konsolidasi transformasi,,,,,,
2026-08-22T15:49:02.787267+00:00,20260822-154902,https://trends24.in/indonesia/,Sat Aug 22 2026 01:24:58 GMT+0000 (Coordinated Universal Time),12,STARTING ORBIT OF LOVE,starting orbit of love,,,,,,
2026-08-22T15:49:02.787267+00:00,20260822-154902,https://trends24.in/indonesia/,Sat Aug 22 2026 01:24:58 GMT+0000 (Coordinated Universal Time),13,AXIS 3GB,axis 3gb,,,,,,
2026-08-22T15:49:02.787267+00:00,20260822-154902,https://trends24.in/indonesia/,Sat Aug 22 2026 01:24:58 GMT+0000 (Coordinated Universal Time),14,SIMPATI 1,simpati 1,,,,,,
2026-08-22T15:49:02.787267+00:00,20260822-154902,https://trends24.in/indonesia/,Sat Aug 22 2026 01:24:58 GMT+0000 (Coordinated Universal Time),15,WITH JAEMIN GLOR10US EVERMORE,with jaemin glor10us evermore,,,,,,
2026-08-22T15:49:02.787267+00:00,20260822-154902,https://trends24.in/indonesia/,Sat Aug 22 2026 01:24:58 GMT+0000 (Coordinated Universal Time),16,LINGORM ILF EP10,lingorm ilf ep10,,,,,,
2026-08-22T15:49:02.787267+00:00,20260822-154902,https://trends24.in/indonesia/,Sat Aug 22 2026 01:24:58 GMT+0000 (Coordinated Universal Time),17,Ya Allah,ya allah,,,,,,
2026-08-22T15:49:02.787267+00:00,20260822-154902,https://trends24.in/indonesia/,Sat Aug 22 2026 01:24:58 GMT+0000 (Coordinated Universal Time),18,Clara,clara,,,,,,
2026-08-22T15:49:02.787267+00:00,20260822-154902,https://trends24.in/indonesia/,Sat Aug 22 2026 01:24:58 GMT+0000 (Coordinated Universal Time),19,Pagii,pagii,,,,,,
2026-08-22T15:49:02.787267+00:00,20260822-154902,https://trends24.in/indonesia/,Sat Aug 22 2026 01:24:58 GMT+0000 (Coordinated Universal Time),20,CHERISHED DECADE WITH RENJUN,cherished decade with renjun,,,,,,
2026-08-22T15:49:02.787267+00:00,20260822-154902,https://trends24.in/indonesia/,Sat Aug 22 2026 01:24:58 GMT+0000 (Coordinated Universal Time),21,NAMTAN BEAUTERRY MY HOME,namtan beauterry my home,,,,,,
2026-08-22T15:49:02.787267+00:00,20260822-154902,https://trends24.in/indonesia/,Sat Aug 22 2026 01:24:58 GMT+0000 (Coordinated Universal Time),22,Lila,lila,,,,,,
2026-08-22T15:49:02.787267+00:00,20260822-154902,https://trends24.in/indonesia/,Sat Aug 22 2026 01:24:58 GMT+0000 (Coordinated Universal Time),23,Trade $AIR,trade $air,,,,,,
2026-08-22T15:49:02.787267+00:00,20260822-154902,https://trends24.in/indonesia/,Sat Aug 22 2026 01:24:58 GMT+0000 (Coordinated Universal Time),24,Jumat,jumat,,,,,,
2026-08-22T15:49:02.787267+00:00,20260822-154902,https://trends24.in/indonesia/,Sat Aug 22 2026 01:24:58 GMT+0000 (Coordinated Universal Time),25,3ce est live,3ce est live,,,,,,
2026-08-22T15:49:02.787267+00:00,20260822-154902,https://trends24.in/indonesia/,Sat Aug 22 2026 01:24:58 GMT+0000 (Coordinated Universal Time),26,Jabar,jabar,,,,,,
2026-08-22T15:49:02.787267+00:00,20260822-154902,https://trends24.in/indonesia/,Sat Aug 22 2026 01:24:58 GMT+0000 (Coordinated Universal Time),27,Bad For You,bad for you,,,,,,
2026-08-22T15:49:02.787267+00:00,20260822-154902,https://trends24.in/indonesia/,Sat Aug 22 2026 01:24:58 GMT+0000 (Coordinated Universal Time),28,Coventry,coventry,,,,,,
2026-08-22T15:49:02.787267+00:00,20260822-154902,https://trends24.in/indonesia/,Sat Aug 22 2026 01:24:58 GMT+0000 (Coordinated Universal Time),29,Trade $AEON,trade $aeon,,,,,,
2026-08-22T15:49:02.787267+00:00,20260822-154902,https://trends24.in/indonesia/,Sat Aug 22 2026 01:24:58 GMT+0000 (Coordinated Universal Time),30,Unsoed,unsoed,,,,,,
2026-08-22T15:49:02.787267+00:00,20260822-154902,https://trends24.in/indonesia/,Sat Aug 22 2026 01:24:58 GMT+0000 (Coordinated Universal Time),31,Bamus Betawi,bamus betawi,,,,,,
2026-08-22T15:49:02.787267+00:00,20260822-154902,https://trends24.in/indonesia/,Sat Aug 22 2026 01:24:58 GMT+0000 (Coordinated Universal Time),32,Malaysia,malaysia,,,,,,
2026-08-22T15:49:02.787267+00:00,20260822-154902,https://trends24.in/indonesia/,Sat Aug 22 2026 01:24:58 GMT+0000 (Coordinated Universal Time),33,Bayangan B,bayangan b,,,,,,
2026-08-22T15:49:02.787267+00:00,20260822-154902,https://trends24.in/indonesia/,Sat Aug 22 2026 01:24:58 GMT+0000 (Coordinated Universal Time),34,Guru FPL,guru fpl,,,,,,
2026-08-22T15:49:02.787267+00:00,20260822-154902,https://trends24.in/indonesia/,Sat Aug 22 2026 01:24:58 GMT+0000 (Coordinated Universal Time),35,Vouch,vouch,,,,,,
2026-08-22T15:49:02.787267+00:00,20260822-154902,https://trends24.in/indonesia/,Sat Aug 22 2026 01:24:58 GMT+0000 (Coordinated Universal Time),36,Arsenal,arsenal,,,,,,
2026-08-22T15:49:02.787267+00:00,20260822-154902,https://trends24.in/indonesia/,Sat Aug 22 2026 01:24:58 GMT+0000 (Coordinated Universal Time),37,Top Skor,top skor,,,,,,
2026-08-22T15:49:02.787267+00:00,20260822-154902,https://trends24.in/indonesia/,Sat Aug 22 2026 01:24:58 GMT+0000 (Coordinated Universal Time),38,Nama Tim,nama tim,,,,,,
2026-08-22T15:49:02.787267+00:00,20260822-154902,https://trends24.in/indonesia/,Sat Aug 22 2026 01:24:58 GMT+0000 (Coordinated Universal Time),39,Tzolis,tzolis,,,,,,
2026-08-22T15:49:02.787267+00:00,20260822-154902,https://trends24.in/indonesia/,Sat Aug 22 2026 01:24:58 GMT+0000 (Coordinated Universal Time),40,BNPB,bnpb,,,,,,
2026-08-22T15:49:02.787267+00:00,20260822-154902,https://trends24.in/indonesia/,Sat Aug 22 2026 01:24:58 GMT+0000 (Coordinated Universal Time),41,Banjarmasin,banjarmasin,,,,,,
2026-08-22T15:49:02.787267+00:00,20260822-154902,https://trends24.in/indonesia/,Sat Aug 22 2026 01:24:58 GMT+0000 (Coordinated Universal Time),42,LUNAR SWENSENS EMROBIC,lunar swensens emrobic,,,,,,
2026-08-22T15:49:02.787267+00:00,20260822-154902,https://trends24.in/indonesia/,Sat Aug 22 2026 01:24:58 GMT+0000 (Coordinated Universal Time),43,HBD Bro,hbd bro,,,,,,
2026-08-22T15:49:02.787267+00:00,20260822-154902,https://trends24.in/indonesia/,Sat Aug 22 2026 01:24:58 GMT+0000 (Coordinated Universal Time),44,selamat hari juang polri,selamat hari juang polri,,,,,,
2026-08-22T15:49:02.787267+00:00,20260822-154902,https://trends24.in/indonesia/,Sat Aug 22 2026 01:24:58 GMT+0000 (Coordinated Universal Time),45,Two Fools,two fools,,,,,,
2026-08-22T15:49:02.787267+00:00,20260822-154902,https://trends24.in/indonesia/,Sat Aug 22 2026 01:24:58 GMT+0000 (Coordinated Universal Time),46,otsuion,otsuion,,,,,,
2026-08-22T15:49:02.787267+00:00,20260822-154902,https://trends24.in/indonesia/,Sat Aug 22 2026 01:24:58 GMT+0000 (Coordinated Universal Time),47,Hyundai,hyundai,,,,,,
2026-08-22T15:49:02.787267+00:00,20260822-154902,https://trends24.in/indonesia/,Sat Aug 22 2026 01:24:58 GMT+0000 (Coordinated Universal Time),48,Odegaard,odegaard,,,,,,
2026-08-22T15:49:02.787267+00:00,20260822-154902,https://trends24.in/indonesia/,Sat Aug 22 2026 01:24:58 GMT+0000 (Coordinated Universal Time),49,DBTE RULES EP9,dbte rules ep9,,,,,,
2026-08-22T15:49:02.787267+00:00,20260822-154902,https://trends24.in/indonesia/,Sat Aug 22 2026 01:24:58 GMT+0000 (Coordinated Universal Time),50,FREEN AT THE HAPPITAT OPENING,freen at the happitat opening,,,,,,
2026-08-22T15:49:02.787267+00:00,20260822-154902,https://trends24.in/indonesia/,Sat Aug 22 2026 00:33:46 GMT+0000 (Coordinated Universal Time),1,#PondPhuwinConcertD1,pondphuwinconcertd1,,,,,,
2026-08-22T15:49:02.787267+00:00,20260822-154902,https://trends24.in/indonesia/,Sat Aug 22 2026 00:33:46 GMT+0000 (Coordinated Universal Time),2,Kalimantan,kalimantan,,,,,,
2026-08-22T15:49:02.787267+00:00,20260822-154902,https://trends24.in/indonesia/,Sat Aug 22 2026 00:33:46 GMT+0000 (Coordinated Universal Time),3,#PRAYFORINDONESIA,prayforindonesia,,,,,,
2026-08-22T15:49:02.787267+00:00,20260822-154902,https://trends24.in/indonesia/,Sat Aug 22 2026 00:33:46 GMT+0000 (Coordinated Universal Time),4,#PRAYFORACEH,prayforaceh,,,,,,
2026-08-22T15:49:02.787267+00:00,20260822-154902,https://trends24.in/indonesia/,Sat Aug 22 2026 00:33:46 GMT+0000 (Coordinated Universal Time),5,#PRAYFORNTT,prayforntt,,,,,,
2026-08-22T15:49:02.787267+00:00,20260822-154902,https://trends24.in/indonesia/,Sat Aug 22 2026 00:33:46 GMT+0000 (Coordinated Universal Time),6,#THE_SIN_BLISS_OutNow,the_sin_bliss_outnow,,,,,,
2026-08-22T15:49:02.787267+00:00,20260822-154902,https://trends24.in/indonesia/,Sat Aug 22 2026 00:33:46 GMT+0000 (Coordinated Universal Time),7,24TH LOVING LEO TENDERLY,24th loving leo tenderly,,,,,,
2026-08-22T15:49:02.787267+00:00,20260822-154902,https://trends24.in/indonesia/,Sat Aug 22 2026 00:33:46 GMT+0000 (Coordinated Universal Time),8,fokus konsolidasi transformasi,fokus konsolidasi transformasi,,,,,,
2026-08-22T15:49:02.787267+00:00,20260822-154902,https://trends24.in/indonesia/,Sat Aug 22 2026 00:33:46 GMT+0000 (Coordinated Universal Time),9,STARTING ORBIT OF LOVE,starting orbit of love,,,,,,
2026-08-22T15:49:02.787267+00:00,20260822-154902,https://trends24.in/indonesia/,Sat Aug 22 2026 00:33:46 GMT+0000 (Coordinated Universal Time),10,WITH JAEMIN GLOR10US EVERMORE,with jaemin glor10us evermore,,,,,,
2026-08-22T15:49:02.787267+00:00,20260822-154902,https://trends24.in/indonesia/,Sat Aug 22 2026 00:33:46 GMT+0000 (Coordinated Universal Time),11,LINGORM ILF EP10,lingorm ilf ep10,,,,,,
2026-08-22T15:49:02.787267+00:00,20260822-154902,https://trends24.in/indonesia/,Sat Aug 22 2026 00:33:46 GMT+0000 (Coordinated Universal Time),12,Ya Allah,ya allah,,,,,,
2026-08-22T15:49:02.787267+00:00,20260822-154902,https://trends24.in/indonesia/,Sat Aug 22 2026 00:33:46 GMT+0000 (Coordinated Universal Time),13,Clara,clara,,,,,,
2026-08-22T15:49:02.787267+00:00,20260822-154902,https://trends24.in/indonesia/,Sat Aug 22 2026 00:33:46 GMT+0000 (Coordinated Universal Time),14,Pagii,pagii,,,,,,
2026-08-22T15:49:02.787267+00:00,20260822-154902,https://trends24.in/indonesia/,Sat Aug 22 2026 00:33:46 GMT+0000 (Coordinated Universal Time),15,Tzolis,tzolis,,,,,,
2026-08-22T15:49:02.787267+00:00,20260822-154902,https://trends24.in/indonesia/,Sat Aug 22 2026 00:33:46 GMT+0000 (Coordinated Universal Time),16,Vouch,vouch,,,,,,
2026-08-22T15:49:02.787267+00:00,20260822-154902,https://trends24.in/indonesia/,Sat Aug 22 2026 00:33:46 GMT+0000 (Coordinated Universal Time),17,NAMTAN BEAUTERRY MY HOME,namtan beauterry my home,,,,,,
2026-08-22T15:49:02.787267+00:00,20260822-154902,https://trends24.in/indonesia/,Sat Aug 22 2026 00:33:46 GMT+0000 (Coordinated Universal Time),18,CHERISHED DECADE WITH RENJUN,cherished decade with renjun,,,,,,
2026-08-22T15:49:02.787267+00:00,20260822-154902,https://trends24.in/indonesia/,Sat Aug 22 2026 00:33:46 GMT+0000 (Coordinated Universal Time),19,Jumat,jumat,,,,,,
2026-08-22T15:49:02.787267+00:00,20260822-154902,https://trends24.in/indonesia/,Sat Aug 22 2026 00:33:46 GMT+0000 (Coordinated Universal Time),20,Lila,lila,,,,,,
2026-08-22T15:49:02.787267+00:00,20260822-154902,https://trends24.in/indonesia/,Sat Aug 22 2026 00:33:46 GMT+0000 (Coordinated Universal Time),21,Trade $AIR,trade $air,,,,,,
2026-08-22T15:49:02.787267+00:00,20260822-154902,https://trends24.in/indonesia/,Sat Aug 22 2026 00:33:46 GMT+0000 (Coordinated Universal Time),22,Trade $AEON,trade $aeon,,,,,,
2026-08-22T15:49:02.787267+00:00,20260822-154902,https://trends24.in/indonesia/,Sat Aug 22 2026 00:33:46 GMT+0000 (Coordinated Universal Time),23,3ce est live,3ce est live,,,,,,
2026-08-22T15:49:02.787267+00:00,20260822-154902,https://trends24.in/indonesia/,Sat Aug 22 2026 00:33:46 GMT+0000 (Coordinated Universal Time),24,Bad For You,bad for you,,,,,,
2026-08-22T15:49:02.787267+00:00,20260822-154902,https://trends24.in/indonesia/,Sat Aug 22 2026 00:33:46 GMT+0000 (Coordinated Universal Time),25,Pati,pati,,,,,,
2026-08-22T15:49:02.787267+00:00,20260822-154902,https://trends24.in/indonesia/,Sat Aug 22 2026 00:33:46 GMT+0000 (Coordinated Universal Time),26,Coventry,coventry,,,,,,
2026-08-22T15:49:02.787267+00:00,20260822-154902,https://trends24.in/indonesia/,Sat Aug 22 2026 00:33:46 GMT+0000 (Coordinated Universal Time),27,Bamus Betawi,bamus betawi,,,,,,
2026-08-22T15:49:02.787267+00:00,20260822-154902,https://trends24.in/indonesia/,Sat Aug 22 2026 00:33:46 GMT+0000 (Coordinated Universal Time),28,Jabar,jabar,,,,,,
2026-08-22T15:49:02.787267+00:00,20260822-154902,https://trends24.in/indonesia/,Sat Aug 22 2026 00:33:46 GMT+0000 (Coordinated Universal Time),29,Bukayo Saka,bukayo saka,,,,,,
2026-08-22T15:49:02.787267+00:00,20260822-154902,https://trends24.in/indonesia/,Sat Aug 22 2026 00:33:46 GMT+0000 (Coordinated Universal Time),30,Arsenal,arsenal,,,,,,
2026-08-22T15:49:02.787267+00:00,20260822-154902,https://trends24.in/indonesia/,Sat Aug 22 2026 00:33:46 GMT+0000 (Coordinated Universal Time),31,Malaysia,malaysia,,,,,,
2026-08-22T15:49:02.787267+00:00,20260822-154902,https://trends24.in/indonesia/,Sat Aug 22 2026 00:33:46 GMT+0000 (Coordinated Universal Time),32,Unsoed,unsoed,,,,,,
2026-08-22T15:49:02.787267+00:00,20260822-154902,https://trends24.in/indonesia/,Sat Aug 22 2026 00:33:46 GMT+0000 (Coordinated Universal Time),33,Top Skor,top skor,,,,,,
2026-08-22T15:49:02.787267+00:00,20260822-154902,https://trends24.in/indonesia/,Sat Aug 22 2026 00:33:46 GMT+0000 (Coordinated Universal Time),34,Banjarmasin,banjarmasin,,,,,,
2026-08-22T15:49:02.787267+00:00,20260822-154902,https://trends24.in/indonesia/,Sat Aug 22 2026 00:33:46 GMT+0000 (Coordinated Universal Time),35,Guru FPL,guru fpl,,,,,,
2026-08-22T15:49:02.787267+00:00,20260822-154902,https://trends24.in/indonesia/,Sat Aug 22 2026 00:33:46 GMT+0000 (Coordinated Universal Time),36,Bayangan B,bayangan b,,,,,,
2026-08-22T15:49:02.787267+00:00,20260822-154902,https://trends24.in/indonesia/,Sat Aug 22 2026 00:33:46 GMT+0000 (Coordinated Universal Time),37,Nama Tim,nama tim,,,,,,
2026-08-22T15:49:02.787267+00:00,20260822-154902,https://trends24.in/indonesia/,Sat Aug 22 2026 00:33:46 GMT+0000 (Coordinated Universal Time),38,Two Fools,two fools,,,,,,
2026-08-22T15:49:02.787267+00:00,20260822-154902,https://trends24.in/indonesia/,Sat Aug 22 2026 00:33:46 GMT+0000 (Coordinated Universal Time),39,Kai Havertz,kai havertz,,,,,,
2026-08-22T15:49:02.787267+00:00,20260822-154902,https://trends24.in/indonesia/,Sat Aug 22 2026 00:33:46 GMT+0000 (Coordinated Universal Time),40,LUNAR SWENSENS EMROBIC,lunar swensens emrobic,,,,,,
2026-08-22T15:49:02.787267+00:00,20260822-154902,https://trends24.in/indonesia/,Sat Aug 22 2026 00:33:46 GMT+0000 (Coordinated Universal Time),41,hbd bro,hbd bro,,,,,,
2026-08-22T15:49:02.787267+00:00,20260822-154902,https://trends24.in/indonesia/,Sat Aug 22 2026 00:33:46 GMT+0000 (Coordinated Universal Time),42,selamat hari juang polri,selamat hari juang polri,,,,,,
2026-08-22T15:49:02.787267+00:00,20260822-154902,https://trends24.in/indonesia/,Sat Aug 22 2026 00:33:46 GMT+0000 (Coordinated Universal Time),43,otsuion,otsuion,,,,,,
2026-08-22T15:49:02.787267+00:00,20260822-154902,https://trends24.in/indonesia/,Sat Aug 22 2026 00:33:46 GMT+0000 (Coordinated Universal Time),44,Hyundai,hyundai,,,,,,
2026-08-22T15:49:02.787267+00:00,20260822-154902,https://trends24.in/indonesia/,Sat Aug 22 2026 00:33:46 GMT+0000 (Coordinated Universal Time),45,FREEN AT THE HAPPITAT OPENING,freen at the happitat opening,,,,,,
2026-08-22T15:49:02.787267+00:00,20260822-154902,https://trends24.in/indonesia/,Sat Aug 22 2026 00:33:46 GMT+0000 (Coordinated Universal Time),46,Carlos Baleba,carlos baleba,,,,,,
2026-08-22T15:49:02.787267+00:00,20260822-154902,https://trends24.in/indonesia/,Sat Aug 22 2026 00:33:46 GMT+0000 (Coordinated Universal Time),47,HUG E LHEE Q2,hug e lhee q2,,,,,,
2026-08-22T15:49:02.787267+00:00,20260822-154902,https://trends24.in/indonesia/,Sat Aug 22 2026 00:33:46 GMT+0000 (Coordinated Universal Time),48,DBTE RULES EP9,dbte rules ep9,,,,,,
2026-08-22T15:49:02.787267+00:00,20260822-154902,https://trends24.in/indonesia/,Sat Aug 22 2026 00:33:46 GMT+0000 (Coordinated Universal Time),49,WAVE PERFUME MOMENT,wave perfume moment,,,,,,
2026-08-22T15:49:02.787267+00:00,20260822-154902,https://trends24.in/indonesia/,Sat Aug 22 2026 00:33:46 GMT+0000 (Coordinated Universal Time),50,Memuakkan,memuakkan,,,,,,
2026-08-22T15:49:02.787267+00:00,20260822-154902,https://trends24.in/indonesia/,Fri Aug 21 2026 23:42:51 GMT+0000 (Coordinated Universal Time),1,#PondPhuwinConcertD1,pondphuwinconcertd1,,,,,,
2026-08-22T15:49:02.787267+00:00,20260822-154902,https://trends24.in/indonesia/,Fri Aug 21 2026 23:42:51 GMT+0000 (Coordinated Universal Time),2,Kalimantan,kalimantan,,,,,,
2026-08-22T15:49:02.787267+00:00,20260822-154902,https://trends24.in/indonesia/,Fri Aug 21 2026 23:42:51 GMT+0000 (Coordinated Universal Time),3,#PRAYFORINDONESIA,prayforindonesia,,,,,,
2026-08-22T15:49:02.787267+00:00,20260822-154902,https://trends24.in/indonesia/,Fri Aug 21 2026 23:42:51 GMT+0000 (Coordinated Universal Time),4,#PRAYFORACEH,prayforaceh,,,,,,
2026-08-22T15:49:02.787267+00:00,20260822-154902,https://trends24.in/indonesia/,Fri Aug 21 2026 23:42:51 GMT+0000 (Coordinated Universal Time),5,#PRAYFORNTT,prayforntt,,,,,,
2026-08-22T15:49:02.787267+00:00,20260822-154902,https://trends24.in/indonesia/,Fri Aug 21 2026 23:42:51 GMT+0000 (Coordinated Universal Time),6,#THE_SIN_BLISS_OutNow,the_sin_bliss_outnow,,,,,,
2026-08-22T15:49:02.787267+00:00,20260822-154902,https://trends24.in/indonesia/,Fri Aug 21 2026 23:42:51 GMT+0000 (Coordinated Universal Time),7,24TH LOVING LEO TENDERLY,24th loving leo tenderly,,,,,,
2026-08-22T15:49:02.787267+00:00,20260822-154902,https://trends24.in/indonesia/,Fri Aug 21 2026 23:42:51 GMT+0000 (Coordinated Universal Time),8,fokus konsolidasi transformasi,fokus konsolidasi transformasi,,,,,,
2026-08-22T15:49:02.787267+00:00,20260822-154902,https://trends24.in/indonesia/,Fri Aug 21 2026 23:42:51 GMT+0000 (Coordinated Universal Time),9,STARTING ORBIT OF LOVE,starting orbit of love,,,,,,
2026-08-22T15:49:02.787267+00:00,20260822-154902,https://trends24.in/indonesia/,Fri Aug 21 2026 23:42:51 GMT+0000 (Coordinated Universal Time),10,WITH JAEMIN GLOR10US EVERMORE,with jaemin glor10us evermore,,,,,,
2026-08-22T15:49:02.787267+00:00,20260822-154902,https://trends24.in/indonesia/,Fri Aug 21 2026 23:42:51 GMT+0000 (Coordinated Universal Time),11,Tzolis,tzolis,,,,,,
2026-08-22T15:49:02.787267+00:00,20260822-154902,https://trends24.in/indonesia/,Fri Aug 21 2026 23:42:51 GMT+0000 (Coordinated Universal Time),12,LINGORM ILF EP10,lingorm ilf ep10,,,,,,
2026-08-22T15:49:02.787267+00:00,20260822-154902,https://trends24.in/indonesia/,Fri Aug 21 2026 23:42:51 GMT+0000 (Coordinated Universal Time),13,Ya Allah,ya allah,,,,,,
2026-08-22T15:49:02.787267+00:00,20260822-154902,https://trends24.in/indonesia/,Fri Aug 21 2026 23:42:51 GMT+0000 (Coordinated Universal Time),14,Clara,clara,,,,,,
2026-08-22T15:49:02.787267+00:00,20260822-154902,https://trends24.in/indonesia/,Fri Aug 21 2026 23:42:51 GMT+0000 (Coordinated Universal Time),15,Arsenal,arsenal,,,,,,
2026-08-22T15:49:02.787267+00:00,20260822-154902,https://trends24.in/indonesia/,Fri Aug 21 2026 23:42:51 GMT+0000 (Coordinated Universal Time),16,Vouch,vouch,,,,,,
2026-08-22T15:49:02.787267+00:00,20260822-154902,https://trends24.in/indonesia/,Fri Aug 21 2026 23:42:51 GMT+0000 (Coordinated Universal Time),17,Curtis,curtis,,,,,,
2026-08-22T15:49:02.787267+00:00,20260822-154902,https://trends24.in/indonesia/,Fri Aug 21 2026 23:42:51 GMT+0000 (Coordinated Universal Time),18,Kai Havertz,kai havertz,,,,,,
2026-08-22T15:49:02.787267+00:00,20260822-154902,https://trends24.in/indonesia/,Fri Aug 21 2026 23:42:51 GMT+0000 (Coordinated Universal Time),19,NAMTAN BEAUTERRY MY HOME,namtan beauterry my home,,,,,,
2026-08-22T15:49:02.787267+00:00,20260822-154902,https://trends24.in/indonesia/,Fri Aug 21 2026 23:42:51 GMT+0000 (Coordinated Universal Time),20,CHERISHED DECADE WITH RENJUN,cherished decade with renjun,,,,,,
2026-08-22T15:49:02.787267+00:00,20260822-154902,https://trends24.in/indonesia/,Fri Aug 21 2026 23:42:51 GMT+0000 (Coordinated Universal Time),21,DONT TOUCH DONT KISS,dont touch dont kiss,,,,,,
2026-08-22T15:49:02.787267+00:00,20260822-154902,https://trends24.in/indonesia/,Fri Aug 21 2026 23:42:51 GMT+0000 (Coordinated Universal Time),22,Jumat,jumat,,,,,,
2026-08-22T15:49:02.787267+00:00,20260822-154902,https://trends24.in/indonesia/,Fri Aug 21 2026 23:42:51 GMT+0000 (Coordinated Universal Time),23,Lila,lila,,,,,,
2026-08-22T15:49:02.787267+00:00,20260822-154902,https://trends24.in/indonesia/,Fri Aug 21 2026 23:42:51 GMT+0000 (Coordinated Universal Time),24,Coventry,coventry,,,,,,
2026-08-22T15:49:02.787267+00:00,20260822-154902,https://trends24.in/indonesia/,Fri Aug 21 2026 23:42:51 GMT+0000 (Coordinated Universal Time),25,Bad For You,bad for you,,,,,,
2026-08-22T15:49:02.787267+00:00,20260822-154902,https://trends24.in/indonesia/,Fri Aug 21 2026 23:42:51 GMT+0000 (Coordinated Universal Time),26,Trade $AEON,trade $aeon,,,,,,
2026-08-22T15:49:02.787267+00:00,20260822-154902,https://trends24.in/indonesia/,Fri Aug 21 2026 23:42:51 GMT+0000 (Coordinated Universal Time),27,3ce est live,3ce est live,,,,,,
2026-08-22T15:49:02.787267+00:00,20260822-154902,https://trends24.in/indonesia/,Fri Aug 21 2026 23:42:51 GMT+0000 (Coordinated Universal Time),28,Trade $AIR,trade $air,,,,,,
2026-08-22T15:49:02.787267+00:00,20260822-154902,https://trends24.in/indonesia/,Fri Aug 21 2026 23:42:51 GMT+0000 (Coordinated Universal Time),29,Bayangan B,bayangan b,,,,,,
2026-08-22T15:49:02.787267+00:00,20260822-154902,https://trends24.in/indonesia/,Fri Aug 21 2026 23:42:51 GMT+0000 (Coordinated Universal Time),30,Bamus Betawi,bamus betawi,,,,,,
2026-08-22T15:49:02.787267+00:00,20260822-154902,https://trends24.in/indonesia/,Fri Aug 21 2026 23:42:51 GMT+0000 (Coordinated Universal Time),31,Pati,pati,,,,,,
2026-08-22T15:49:02.787267+00:00,20260822-154902,https://trends24.in/indonesia/,Fri Aug 21 2026 23:42:51 GMT+0000 (Coordinated Universal Time),32,Bukayo Saka,bukayo saka,,,,,,
2026-08-22T15:49:02.787267+00:00,20260822-154902,https://trends24.in/indonesia/,Fri Aug 21 2026 23:42:51 GMT+0000 (Coordinated Universal Time),33,Guru FPL,guru fpl,,,,,,
2026-08-22T15:49:02.787267+00:00,20260822-154902,https://trends24.in/indonesia/,Fri Aug 21 2026 23:42:51 GMT+0000 (Coordinated Universal Time),34,Sulis,sulis,,,,,,
2026-08-22T15:49:02.787267+00:00,20260822-154902,https://trends24.in/indonesia/,Fri Aug 21 2026 23:42:51 GMT+0000 (Coordinated Universal Time),35,Top Skor,top skor,,,,,,
2026-08-22T15:49:02.787267+00:00,20260822-154902,https://trends24.in/indonesia/,Fri Aug 21 2026 23:42:51 GMT+0000 (Coordinated Universal Time),36,Unsoed,unsoed,,,,,,
2026-08-22T15:49:02.787267+00:00,20260822-154902,https://trends24.in/indonesia/,Fri Aug 21 2026 23:42:51 GMT+0000 (Coordinated Universal Time),37,Malaysia,malaysia,,,,,,
2026-08-22T15:49:02.787267+00:00,20260822-154902,https://trends24.in/indonesia/,Fri Aug 21 2026 23:42:51 GMT+0000 (Coordinated Universal Time),38,Jabar,jabar,,,,,,
2026-08-22T15:49:02.787267+00:00,20260822-154902,https://trends24.in/indonesia/,Fri Aug 21 2026 23:42:51 GMT+0000 (Coordinated Universal Time),39,Nama Tim,nama tim,,,,,,
2026-08-22T15:49:02.787267+00:00,20260822-154902,https://trends24.in/indonesia/,Fri Aug 21 2026 23:42:51 GMT+0000 (Coordinated Universal Time),40,DBTE RULES EP9,dbte rules ep9,,,,,,
2026-08-22T15:49:02.787267+00:00,20260822-154902,https://trends24.in/indonesia/,Fri Aug 21 2026 23:42:51 GMT+0000 (Coordinated Universal Time),41,Savinho,savinho,,,,,,
2026-08-22T15:49:02.787267+00:00,20260822-154902,https://trends24.in/indonesia/,Fri Aug 21 2026 23:42:51 GMT+0000 (Coordinated Universal Time),42,Two Fools,two fools,,,,,,
2026-08-22T15:49:02.787267+00:00,20260822-154902,https://trends24.in/indonesia/,Fri Aug 21 2026 23:42:51 GMT+0000 (Coordinated Universal Time),43,LUNAR SWENSENS EMROBIC,lunar swensens emrobic,,,,,,
2026-08-22T15:49:02.787267+00:00,20260822-154902,https://trends24.in/indonesia/,Fri Aug 21 2026 23:42:51 GMT+0000 (Coordinated Universal Time),44,hbd bro,hbd bro,,,,,,
2026-08-22T15:49:02.787267+00:00,20260822-154902,https://trends24.in/indonesia/,Fri Aug 21 2026 23:42:51 GMT+0000 (Coordinated Universal Time),45,selamat hari juang polri,selamat hari juang polri,,,,,,
2026-08-22T15:49:02.787267+00:00,20260822-154902,https://trends24.in/indonesia/,Fri Aug 21 2026 23:42:51 GMT+0000 (Coordinated Universal Time),46,otsuion,otsuion,,,,,,
2026-08-22T15:49:02.787267+00:00,20260822-154902,https://trends24.in/indonesia/,Fri Aug 21 2026 23:42:51 GMT+0000 (Coordinated Universal Time),47,Hyundai,hyundai,,,,,,
2026-08-22T15:49:02.787267+00:00,20260822-154902,https://trends24.in/indonesia/,Fri Aug 21 2026 23:42:51 GMT+0000 (Coordinated Universal Time),48,senada melepas rindu,senada melepas rindu,,,,,,
2026-08-22T15:49:02.787267+00:00,20260822-154902,https://trends24.in/indonesia/,Fri Aug 21 2026 23:42:51 GMT+0000 (Coordinated Universal Time),49,FREEN AT THE HAPPITAT OPENING,freen at the happitat opening,,,,,,
2026-08-22T15:49:02.787267+00:00,20260822-154902,https://trends24.in/indonesia/,Fri Aug 21 2026 23:42:51 GMT+0000 (Coordinated Universal Time),50,Pagiii,pagiii,,,,,,
2026-08-22T15:49:02.787267+00:00,20260822-154902,https://trends24.in/indonesia/,Fri Aug 21 2026 22:51:43 GMT+0000 (Coordinated Universal Time),1,#PondPhuwinConcertD1,pondphuwinconcertd1,,,,,,
2026-08-22T15:49:02.787267+00:00,20260822-154902,https://trends24.in/indonesia/,Fri Aug 21 2026 22:51:43 GMT+0000 (Coordinated Universal Time),2,Kalimantan,kalimantan,,,,,,
2026-08-22T15:49:02.787267+00:00,20260822-154902,https://trends24.in/indonesia/,Fri Aug 21 2026 22:51:43 GMT+0000 (Coordinated Universal Time),3,#PRAYFORINDONESIA,prayforindonesia,,,,,,
2026-08-22T15:49:02.787267+00:00,20260822-154902,https://trends24.in/indonesia/,Fri Aug 21 2026 22:51:43 GMT+0000 (Coordinated Universal Time),4,#AllEyesOnIndonesia,alleyesonindonesia,,,,,,
2026-08-22T15:49:02.787267+00:00,20260822-154902,https://trends24.in/indonesia/,Fri Aug 21 2026 22:51:43 GMT+0000 (Coordinated Universal Time),5,#PRAYFORACEH,prayforaceh,,,,,,
2026-08-22T15:49:02.787267+00:00,20260822-154902,https://trends24.in/indonesia/,Fri Aug 21 2026 22:51:43 GMT+0000 (Coordinated Universal Time),6,#PRAYFORNTT,prayforntt,,,,,,
2026-08-22T15:49:02.787267+00:00,20260822-154902,https://trends24.in/indonesia/,Fri Aug 21 2026 22:51:43 GMT+0000 (Coordinated Universal Time),7,24TH LOVING LEO TENDERLY,24th loving leo tenderly,,,,,,
2026-08-22T15:49:02.787267+00:00,20260822-154902,https://trends24.in/indonesia/,Fri Aug 21 2026 22:51:43 GMT+0000 (Coordinated Universal Time),8,Tzolis,tzolis,,,,,,
2026-08-22T15:49:02.787267+00:00,20260822-154902,https://trends24.in/indonesia/,Fri Aug 21 2026 22:51:43 GMT+0000 (Coordinated Universal Time),9,fokus konsolidasi transformasi,fokus konsolidasi transformasi,,,,,,
2026-08-22T15:49:02.787267+00:00,20260822-154902,https://trends24.in/indonesia/,Fri Aug 21 2026 22:51:43 GMT+0000 (Coordinated Universal Time),10,STARTING ORBIT OF LOVE,starting orbit of love,,,,,,
2026-08-22T15:49:02.787267+00:00,20260822-154902,https://trends24.in/indonesia/,Fri Aug 21 2026 22:51:43 GMT+0000 (Coordinated Universal Time),11,Clara,clara,,,,,,
2026-08-22T15:49:02.787267+00:00,20260822-154902,https://trends24.in/indonesia/,Fri Aug 21 2026 22:51:43 GMT+0000 (Coordinated Universal Time),12,WITH JAEMIN GLOR10US EVERMORE,with jaemin glor10us evermore,,,,,,
2026-08-22T15:49:02.787267+00:00,20260822-154902,https://trends24.in/indonesia/,Fri Aug 21 2026 22:51:43 GMT+0000 (Coordinated Universal Time),13,LINGORM ILF EP10,lingorm ilf ep10,,,,,,
2026-08-22T15:49:02.787267+00:00,20260822-154902,https://trends24.in/indonesia/,Fri Aug 21 2026 22:51:43 GMT+0000 (Coordinated Universal Time),14,Lila,lila,,,,,,
2026-08-22T15:49:02.787267+00:00,20260822-154902,https://trends24.in/indonesia/,Fri Aug 21 2026 22:51:43 GMT+0000 (Coordinated Universal Time),15,Vouch,vouch,,,,,,
2026-08-22T15:49:02.787267+00:00,20260822-154902,https://trends24.in/indonesia/,Fri Aug 21 2026 22:51:43 GMT+0000 (Coordinated Universal Time),16,Cek Reposts Full Vidio,cek reposts full vidio,,,,,,
2026-08-22T15:49:02.787267+00:00,20260822-154902,https://trends24.in/indonesia/,Fri Aug 21 2026 22:51:43 GMT+0000 (Coordinated Universal Time),17,Arsenal,arsenal,,,,,,
2026-08-22T15:49:02.787267+00:00,20260822-154902,https://trends24.in/indonesia/,Fri Aug 21 2026 22:51:43 GMT+0000 (Coordinated Universal Time),18,Madueke,madueke,,,,,,
2026-08-22T15:49:02.787267+00:00,20260822-154902,https://trends24.in/indonesia/,Fri Aug 21 2026 22:51:43 GMT+0000 (Coordinated Universal Time),19,Trade $AIR,trade $air,,,,,,
2026-08-22T15:49:02.787267+00:00,20260822-154902,https://trends24.in/indonesia/,Fri Aug 21 2026 22:51:43 GMT+0000 (Coordinated Universal Time),20,Kai Havertz,kai havertz,,,,,,
2026-08-22T15:49:02.787267+00:00,20260822-154902,https://trends24.in/indonesia/,Fri Aug 21 2026 22:51:43 GMT+0000 (Coordinated Universal Time),21,NAMTAN BEAUTERRY MY HOME,namtan beauterry my home,,,,,,
2026-08-22T15:49:02.787267+00:00,20260822-154902,https://trends24.in/indonesia/,Fri Aug 21 2026 22:51:43 GMT+0000 (Coordinated Universal Time),22,CHERISHED DECADE WITH RENJUN,cherished decade with renjun,,,,,,
2026-08-22T15:49:02.787267+00:00,20260822-154902,https://trends24.in/indonesia/,Fri Aug 21 2026 22:51:43 GMT+0000 (Coordinated Universal Time),23,DONT TOUCH DONT KISS,dont touch dont kiss,,,,,,
2026-08-22T15:49:02.787267+00:00,20260822-154902,https://trends24.in/indonesia/,Fri Aug 21 2026 22:51:43 GMT+0000 (Coordinated Universal Time),24,Jumat,jumat,,,,,,
2026-08-22T15:49:02.787267+00:00,20260822-154902,https://trends24.in/indonesia/,Fri Aug 21 2026 22:51:43 GMT+0000 (Coordinated Universal Time),25,Curtis,curtis,,,,,,
2026-08-22T15:49:02.787267+00:00,20260822-154902,https://trends24.in/indonesia/,Fri Aug 21 2026 22:51:43 GMT+0000 (Coordinated Universal Time),26,top skor,top skor,,,,,,
2026-08-22T15:49:02.787267+00:00,20260822-154902,https://trends24.in/indonesia/,Fri Aug 21 2026 22:51:43 GMT+0000 (Coordinated Universal Time),27,Trade $AEON,trade $aeon,,,,,,
2026-08-22T15:49:02.787267+00:00,20260822-154902,https://trends24.in/indonesia/,Fri Aug 21 2026 22:51:43 GMT+0000 (Coordinated Universal Time),28,Bad For You,bad for you,,,,,,
2026-08-22T15:49:02.787267+00:00,20260822-154902,https://trends24.in/indonesia/,Fri Aug 21 2026 22:51:43 GMT+0000 (Coordinated Universal Time),29,3ce est live,3ce est live,,,,,,
2026-08-22T15:49:02.787267+00:00,20260822-154902,https://trends24.in/indonesia/,Fri Aug 21 2026 22:51:43 GMT+0000 (Coordinated Universal Time),30,Calafiori,calafiori,,,,,,
2026-08-22T15:49:02.787267+00:00,20260822-154902,https://trends24.in/indonesia/,Fri Aug 21 2026 22:51:43 GMT+0000 (Coordinated Universal Time),31,Bayangan B,bayangan b,,,,,,
2026-08-22T15:49:02.787267+00:00,20260822-154902,https://trends24.in/indonesia/,Fri Aug 21 2026 22:51:43 GMT+0000 (Coordinated Universal Time),32,Bamus Betawi,bamus betawi,,,,,,
2026-08-22T15:49:02.787267+00:00,20260822-154902,https://trends24.in/indonesia/,Fri Aug 21 2026 22:51:43 GMT+0000 (Coordinated Universal Time),33,Pati,pati,,,,,,
2026-08-22T15:49:02.787267+00:00,20260822-154902,https://trends24.in/indonesia/,Fri Aug 21 2026 22:51:43 GMT+0000 (Coordinated Universal Time),34,Guru FPL,guru fpl,,,,,,
2026-08-22T15:49:02.787267+00:00,20260822-154902,https://trends24.in/indonesia/,Fri Aug 21 2026 22:51:43 GMT+0000 (Coordinated Universal Time),35,Two Fools,two fools,,,,,,
2026-08-22T15:49:02.787267+00:00,20260822-154902,https://trends24.in/indonesia/,Fri Aug 21 2026 22:51:43 GMT+0000 (Coordinated Universal Time),36,Sulis,sulis,,,,,,
2026-08-22T15:49:02.787267+00:00,20260822-154902,https://trends24.in/indonesia/,Fri Aug 21 2026 22:51:43 GMT+0000 (Coordinated Universal Time),37,Bukayo Saka,bukayo saka,,,,,,
2026-08-22T15:49:02.787267+00:00,20260822-154902,https://trends24.in/indonesia/,Fri Aug 21 2026 22:51:43 GMT+0000 (Coordinated Universal Time),38,Unsoed,unsoed,,,,,,
2026-08-22T15:49:02.787267+00:00,20260822-154902,https://trends24.in/indonesia/,Fri Aug 21 2026 22:51:43 GMT+0000 (Coordinated Universal Time),39,Malaysia,malaysia,,,,,,
2026-08-22T15:49:02.787267+00:00,20260822-154902,https://trends24.in/indonesia/,Fri Aug 21 2026 22:51:43 GMT+0000 (Coordinated Universal Time),40,Nama Tim,nama tim,,,,,,
2026-08-22T15:49:02.787267+00:00,20260822-154902,https://trends24.in/indonesia/,Fri Aug 21 2026 22:51:43 GMT+0000 (Coordinated Universal Time),41,DBTE RULES EP9,dbte rules ep9,,,,,,
2026-08-22T15:49:02.787267+00:00,20260822-154902,https://trends24.in/indonesia/,Fri Aug 21 2026 22:51:43 GMT+0000 (Coordinated Universal Time),42,Semoga Indonesia,semoga indonesia,,,,,,
2026-08-22T15:49:02.787267+00:00,20260822-154902,https://trends24.in/indonesia/,Fri Aug 21 2026 22:51:43 GMT+0000 (Coordinated Universal Time),43,Jabar,jabar,,,,,,
2026-08-22T15:49:02.787267+00:00,20260822-154902,https://trends24.in/indonesia/,Fri Aug 21 2026 22:51:43 GMT+0000 (Coordinated Universal Time),44,Savinho,savinho,,,,,,
2026-08-22T15:49:02.787267+00:00,20260822-154902,https://trends24.in/indonesia/,Fri Aug 21 2026 22:51:43 GMT+0000 (Coordinated Universal Time),45,LUNAR SWENSENS EMROBIC,lunar swensens emrobic,,,,,,
2026-08-22T15:49:02.787267+00:00,20260822-154902,https://trends24.in/indonesia/,Fri Aug 21 2026 22:51:43 GMT+0000 (Coordinated Universal Time),46,Hyundai,hyundai,,,,,,
2026-08-22T15:49:02.787267+00:00,20260822-154902,https://trends24.in/indonesia/,Fri Aug 21 2026 22:51:43 GMT+0000 (Coordinated Universal Time),47,HBD BRO,hbd bro,,,,,,
2026-08-22T15:49:02.787267+00:00,20260822-154902,https://trends24.in/indonesia/,Fri Aug 21 2026 22:51:43 GMT+0000 (Coordinated Universal Time),48,selamat hari juang polri,selamat hari juang polri,,,,,,
2026-08-22T15:49:02.787267+00:00,20260822-154902,https://trends24.in/indonesia/,Fri Aug 21 2026 22:51:43 GMT+0000 (Coordinated Universal Time),49,otsuion,otsuion,,,,,,
2026-08-22T15:49:02.787267+00:00,20260822-154902,https://trends24.in/indonesia/,Fri Aug 21 2026 22:51:43 GMT+0000 (Coordinated Universal Time),50,FREEN AT THE HAPPITAT OPENING,freen at the happitat opening,,,,,,
2026-08-22T15:49:02.787267+00:00,20260822-154902,https://trends24.in/indonesia/,Fri Aug 21 2026 21:57:33 GMT+0000 (Coordinated Universal Time),1,#PondPhuwinConcertD1,pondphuwinconcertd1,,,,,,
2026-08-22T15:49:02.787267+00:00,20260822-154902,https://trends24.in/indonesia/,Fri Aug 21 2026 21:57:33 GMT+0000 (Coordinated Universal Time),2,Kalimantan,kalimantan,,,,,,
2026-08-22T15:49:02.787267+00:00,20260822-154902,https://trends24.in/indonesia/,Fri Aug 21 2026 21:57:33 GMT+0000 (Coordinated Universal Time),3,#PRAYFORINDONESIA,prayforindonesia,,,,,,
2026-08-22T15:49:02.787267+00:00,20260822-154902,https://trends24.in/indonesia/,Fri Aug 21 2026 21:57:33 GMT+0000 (Coordinated Universal Time),4,#AllEyesOnIndonesia,alleyesonindonesia,,,,,,
2026-08-22T15:49:02.787267+00:00,20260822-154902,https://trends24.in/indonesia/,Fri Aug 21 2026 21:57:33 GMT+0000 (Coordinated Universal Time),5,#PRAYFORACEH,prayforaceh,,,,,,
2026-08-22T15:49:02.787267+00:00,20260822-154902,https://trends24.in/indonesia/,Fri Aug 21 2026 21:57:33 GMT+0000 (Coordinated Universal Time),6,#PRAYFORNTT,prayforntt,,,,,,
2026-08-22T15:49:02.787267+00:00,20260822-154902,https://trends24.in/indonesia/,Fri Aug 21 2026 21:57:33 GMT+0000 (Coordinated Universal Time),7,Tzolis,tzolis,,,,,,
2026-08-22T15:49:02.787267+00:00,20260822-154902,https://trends24.in/indonesia/,Fri Aug 21 2026 21:57:33 GMT+0000 (Coordinated Universal Time),8,24TH LOVING LEO TENDERLY,24th loving leo tenderly,,,,,,
2026-08-22T15:49:02.787267+00:00,20260822-154902,https://trends24.in/indonesia/,Fri Aug 21 2026 21:57:33 GMT+0000 (Coordinated Universal Time),9,Clara,clara,,,,,,
2026-08-22T15:49:02.787267+00:00,20260822-154902,https://trends24.in/indonesia/,Fri Aug 21 2026 21:57:33 GMT+0000 (Coordinated Universal Time),10,fokus konsolidasi transformasi,fokus konsolidasi transformasi,,,,,,
2026-08-22T15:49:02.787267+00:00,20260822-154902,https://trends24.in/indonesia/,Fri Aug 21 2026 21:57:33 GMT+0000 (Coordinated Universal Time),11,STARTING ORBIT OF LOVE,starting orbit of love,,,,,,
2026-08-22T15:49:02.787267+00:00,20260822-154902,https://trends24.in/indonesia/,Fri Aug 21 2026 21:57:33 GMT+0000 (Coordinated Universal Time),12,Vouch,vouch,,,,,,
2026-08-22T15:49:02.787267+00:00,20260822-154902,https://trends24.in/indonesia/,Fri Aug 21 2026 21:57:33 GMT+0000 (Coordinated Universal Time),13,Lila,lila,,,,,,
2026-08-22T15:49:02.787267+00:00,20260822-154902,https://trends24.in/indonesia/,Fri Aug 21 2026 21:57:33 GMT+0000 (Coordinated Universal Time),14,LINGORM ILF EP10,lingorm ilf ep10,,,,,,
2026-08-22T15:49:02.787267+00:00,20260822-154902,https://trends24.in/indonesia/,Fri Aug 21 2026 21:57:33 GMT+0000 (Coordinated Universal Time),15,Arsenal,arsenal,,,,,,
2026-08-22T15:49:02.787267+00:00,20260822-154902,https://trends24.in/indonesia/,Fri Aug 21 2026 21:57:33 GMT+0000 (Coordinated Universal Time),16,WITH JAEMIN GLOR10US EVERMORE,with jaemin glor10us evermore,,,,,,
2026-08-22T15:49:02.787267+00:00,20260822-154902,https://trends24.in/indonesia/,Fri Aug 21 2026 21:57:33 GMT+0000 (Coordinated Universal Time),17,Cek Reposts Full Vidio,cek reposts full vidio,,,,,,
2026-08-22T15:49:02.787267+00:00,20260822-154902,https://trends24.in/indonesia/,Fri Aug 21 2026 21:57:33 GMT+0000 (Coordinated Universal Time),18,Madueke,madueke,,,,,,
2026-08-22T15:49:02.787267+00:00,20260822-154902,https://trends24.in/indonesia/,Fri Aug 21 2026 21:57:33 GMT+0000 (Coordinated Universal Time),19,Saka,saka,,,,,,
2026-08-22T15:49:02.787267+00:00,20260822-154902,https://trends24.in/indonesia/,Fri Aug 21 2026 21:57:33 GMT+0000 (Coordinated Universal Time),20,Kai Havertz,kai havertz,,,,,,
2026-08-22T15:49:02.787267+00:00,20260822-154902,https://trends24.in/indonesia/,Fri Aug 21 2026 21:57:33 GMT+0000 (Coordinated Universal Time),21,Trade $AIR,trade $air,,,,,,
2026-08-22T15:49:02.787267+00:00,20260822-154902,https://trends24.in/indonesia/,Fri Aug 21 2026 21:57:33 GMT+0000 (Coordinated Universal Time),22,bamus betawi,bamus betawi,,,,,,
2026-08-22T15:49:02.787267+00:00,20260822-154902,https://trends24.in/indonesia/,Fri Aug 21 2026 21:57:33 GMT+0000 (Coordinated Universal Time),23,Sulis,sulis,,,,,,
2026-08-22T15:49:02.787267+00:00,20260822-154902,https://trends24.in/indonesia/,Fri Aug 21 2026 21:57:33 GMT+0000 (Coordinated Universal Time),24,Bad For You,bad for you,,,,,,
2026-08-22T15:49:02.787267+00:00,20260822-154902,https://trends24.in/indonesia/,Fri Aug 21 2026 21:57:33 GMT+0000 (Coordinated Universal Time),25,Jumat,jumat,,,,,,
2026-08-22T15:49:02.787267+00:00,20260822-154902,https://trends24.in/indonesia/,Fri Aug 21 2026 21:57:33 GMT+0000 (Coordinated Universal Time),26,NAMTAN BEAUTERRY MY HOME,namtan beauterry my home,,,,,,
2026-08-22T15:49:02.787267+00:00,20260822-154902,https://trends24.in/indonesia/,Fri Aug 21 2026 21:57:33 GMT+0000 (Coordinated Universal Time),27,CHERISHED DECADE WITH RENJUN,cherished decade with renjun,,,,,,
2026-08-22T15:49:02.787267+00:00,20260822-154902,https://trends24.in/indonesia/,Fri Aug 21 2026 21:57:33 GMT+0000 (Coordinated Universal Time),28,DONT TOUCH DONT KISS,dont touch dont kiss,,,,,,
2026-08-22T15:49:02.787267+00:00,20260822-154902,https://trends24.in/indonesia/,Fri Aug 21 2026 21:57:33 GMT+0000 (Coordinated Universal Time),29,Trade $AEON,trade $aeon,,,,,,
2026-08-22T15:49:02.787267+00:00,20260822-154902,https://trends24.in/indonesia/,Fri Aug 21 2026 21:57:33 GMT+0000 (Coordinated Universal Time),30,top skor,top skor,,,,,,
2026-08-22T15:49:02.787267+00:00,20260822-154902,https://trends24.in/indonesia/,Fri Aug 21 2026 21:57:33 GMT+0000 (Coordinated Universal Time),31,3ce est live,3ce est live,,,,,,
2026-08-22T15:49:02.787267+00:00,20260822-154902,https://trends24.in/indonesia/,Fri Aug 21 2026 21:57:33 GMT+0000 (Coordinated Universal Time),32,Calafiori,calafiori,,,,,,
2026-08-22T15:49:02.787267+00:00,20260822-154902,https://trends24.in/indonesia/,Fri Aug 21 2026 21:57:33 GMT+0000 (Coordinated Universal Time),33,Guru FPL,guru fpl,,,,,,
2026-08-22T15:49:02.787267+00:00,20260822-154902,https://trends24.in/indonesia/,Fri Aug 21 2026 21:57:33 GMT+0000 (Coordinated Universal Time),34,Pati,pati,,,,,,
2026-08-22T15:49:02.787267+00:00,20260822-154902,https://trends24.in/indonesia/,Fri Aug 21 2026 21:57:33 GMT+0000 (Coordinated Universal Time),35,Two Fools,two fools,,,,,,
2026-08-22T15:49:02.787267+00:00,20260822-154902,https://trends24.in/indonesia/,Fri Aug 21 2026 21:57:33 GMT+0000 (Coordinated Universal Time),36,Rice,rice,,,,,,
2026-08-22T15:49:02.787267+00:00,20260822-154902,https://trends24.in/indonesia/,Fri Aug 21 2026 21:57:33 GMT+0000 (Coordinated Universal Time),37,Malaysia,malaysia,,,,,,
2026-08-22T15:49:02.787267+00:00,20260822-154902,https://trends24.in/indonesia/,Fri Aug 21 2026 21:57:33 GMT+0000 (Coordinated Universal Time),38,Unsoed,unsoed,,,,,,
2026-08-22T15:49:02.787267+00:00,20260822-154902,https://trends24.in/indonesia/,Fri Aug 21 2026 21:57:33 GMT+0000 (Coordinated Universal Time),39,Bayangan B,bayangan b,,,,,,
2026-08-22T15:49:02.787267+00:00,20260822-154902,https://trends24.in/indonesia/,Fri Aug 21 2026 21:57:33 GMT+0000 (Coordinated Universal Time),40,Nama Tim,nama tim,,,,,,
2026-08-22T15:49:02.787267+00:00,20260822-154902,https://trends24.in/indonesia/,Fri Aug 21 2026 21:57:33 GMT+0000 (Coordinated Universal Time),41,DBTE RULES EP9,dbte rules ep9,,,,,,
2026-08-22T15:49:02.787267+00:00,20260822-154902,https://trends24.in/indonesia/,Fri Aug 21 2026 21:57:33 GMT+0000 (Coordinated Universal Time),42,Savinho,savinho,,,,,,
2026-08-22T15:49:02.787267+00:00,20260822-154902,https://trends24.in/indonesia/,Fri Aug 21 2026 21:57:33 GMT+0000 (Coordinated Universal Time),43,LUNAR SWENSENS EMROBIC,lunar swensens emrobic,,,,,,
2026-08-22T15:49:02.787267+00:00,20260822-154902,https://trends24.in/indonesia/,Fri Aug 21 2026 21:57:33 GMT+0000 (Coordinated Universal Time),44,Hyundai,hyundai,,,,,,
2026-08-22T15:49:02.787267+00:00,20260822-154902,https://trends24.in/indonesia/,Fri Aug 21 2026 21:57:33 GMT+0000 (Coordinated Universal Time),45,HBD BRO,hbd bro,,,,,,
2026-08-22T15:49:02.787267+00:00,20260822-154902,https://trends24.in/indonesia/,Fri Aug 21 2026 21:57:33 GMT+0000 (Coordinated Universal Time),46,Selamat Hari Juang Polri,selamat hari juang polri,,,,,,
2026-08-22T15:49:02.787267+00:00,20260822-154902,https://trends24.in/indonesia/,Fri Aug 21 2026 21:57:33 GMT+0000 (Coordinated Universal Time),47,Jabar,jabar,,,,,,
2026-08-22T15:49:02.787267+00:00,20260822-154902,https://trends24.in/indonesia/,Fri Aug 21 2026 21:57:33 GMT+0000 (Coordinated Universal Time),48,otsuion,otsuion,,,,,,
2026-08-22T15:49:02.787267+00:00,20260822-154902,https://trends24.in/indonesia/,Fri Aug 21 2026 21:57:33 GMT+0000 (Coordinated Universal Time),49,FREEN AT THE HAPPITAT OPENING,freen at the happitat opening,,,,,,
2026-08-22T15:49:02.787267+00:00,20260822-154902,https://trends24.in/indonesia/,Fri Aug 21 2026 21:57:33 GMT+0000 (Coordinated Universal Time),50,senada melepas rindu,senada melepas rindu,,,,,,
2026-08-22T15:49:02.787267+00:00,20260822-154902,https://trends24.in/indonesia/,Fri Aug 21 2026 21:06:36 GMT+0000 (Coordinated Universal Time),1,#PondPhuwinConcertD1,pondphuwinconcertd1,,,,,,
2026-08-22T15:49:02.787267+00:00,20260822-154902,https://trends24.in/indonesia/,Fri Aug 21 2026 21:06:36 GMT+0000 (Coordinated Universal Time),2,Kalimantan,kalimantan,,,,,,
2026-08-22T15:49:02.787267+00:00,20260822-154902,https://trends24.in/indonesia/,Fri Aug 21 2026 21:06:36 GMT+0000 (Coordinated Universal Time),3,#PRAYFORINDONESIA,prayforindonesia,,,,,,
2026-08-22T15:49:02.787267+00:00,20260822-154902,https://trends24.in/indonesia/,Fri Aug 21 2026 21:06:36 GMT+0000 (Coordinated Universal Time),4,#AllEyesOnIndonesia,alleyesonindonesia,,,,,,
2026-08-22T15:49:02.787267+00:00,20260822-154902,https://trends24.in/indonesia/,Fri Aug 21 2026 21:06:36 GMT+0000 (Coordinated Universal Time),5,#PRAYFORACEH,prayforaceh,,,,,,
2026-08-22T15:49:02.787267+00:00,20260822-154902,https://trends24.in/indonesia/,Fri Aug 21 2026 21:06:36 GMT+0000 (Coordinated Universal Time),6,#PRAYFORNTT,prayforntt,,,,,,
2026-08-22T15:49:02.787267+00:00,20260822-154902,https://trends24.in/indonesia/,Fri Aug 21 2026 21:06:36 GMT+0000 (Coordinated Universal Time),7,Tzolis,tzolis,,,,,,
2026-08-22T15:49:02.787267+00:00,20260822-154902,https://trends24.in/indonesia/,Fri Aug 21 2026 21:06:36 GMT+0000 (Coordinated Universal Time),8,24TH LOVING LEO TENDERLY,24th loving leo tenderly,,,,,,
2026-08-22T15:49:02.787267+00:00,20260822-154902,https://trends24.in/indonesia/,Fri Aug 21 2026 21:06:36 GMT+0000 (Coordinated Universal Time),9,fokus konsolidasi transformasi,fokus konsolidasi transformasi,,,,,,
2026-08-22T15:49:02.787267+00:00,20260822-154902,https://trends24.in/indonesia/,Fri Aug 21 2026 21:06:36 GMT+0000 (Coordinated Universal Time),10,Clara,clara,,,,,,
2026-08-22T15:49:02.787267+00:00,20260822-154902,https://trends24.in/indonesia/,Fri Aug 21 2026 21:06:36 GMT+0000 (Coordinated Universal Time),11,STARTING ORBIT OF LOVE,starting orbit of love,,,,,,
2026-08-22T15:49:02.787267+00:00,20260822-154902,https://trends24.in/indonesia/,Fri Aug 21 2026 21:06:36 GMT+0000 (Coordinated Universal Time),12,Vouch,vouch,,,,,,
2026-08-22T15:49:02.787267+00:00,20260822-154902,https://trends24.in/indonesia/,Fri Aug 21 2026 21:06:36 GMT+0000 (Coordinated Universal Time),13,LINGORM ILF EP10,lingorm ilf ep10,,,,,,
2026-08-22T15:49:02.787267+00:00,20260822-154902,https://trends24.in/indonesia/,Fri Aug 21 2026 21:06:36 GMT+0000 (Coordinated Universal Time),14,Sulbar,sulbar,,,,,,
2026-08-22T15:49:02.787267+00:00,20260822-154902,https://trends24.in/indonesia/,Fri Aug 21 2026 21:06:36 GMT+0000 (Coordinated Universal Time),15,WITH JAEMIN GLOR10US EVERMORE,with jaemin glor10us evermore,,,,,,
2026-08-22T15:49:02.787267+00:00,20260822-154902,https://trends24.in/indonesia/,Fri Aug 21 2026 21:06:36 GMT+0000 (Coordinated Universal Time),16,Kai Havertz,kai havertz,,,,,,
2026-08-22T15:49:02.787267+00:00,20260822-154902,https://trends24.in/indonesia/,Fri Aug 21 2026 21:06:36 GMT+0000 (Coordinated Universal Time),17,Lila,lila,,,,,,
2026-08-22T15:49:02.787267+00:00,20260822-154902,https://trends24.in/indonesia/,Fri Aug 21 2026 21:06:36 GMT+0000 (Coordinated Universal Time),18,Arsenal,arsenal,,,,,,
2026-08-22T15:49:02.787267+00:00,20260822-154902,https://trends24.in/indonesia/,Fri Aug 21 2026 21:06:36 GMT+0000 (Coordinated Universal Time),19,Trade $AIR,trade $air,,,,,,
2026-08-22T15:49:02.787267+00:00,20260822-154902,https://trends24.in/indonesia/,Fri Aug 21 2026 21:06:36 GMT+0000 (Coordinated Universal Time),20,Saka,saka,,,,,,
2026-08-22T15:49:02.787267+00:00,20260822-154902,https://trends24.in/indonesia/,Fri Aug 21 2026 21:06:36 GMT+0000 (Coordinated Universal Time),21,CHERISHED DECADE WITH RENJUN,cherished decade with renjun,,,,,,
2026-08-22T15:49:02.787267+00:00,20260822-154902,https://trends24.in/indonesia/,Fri Aug 21 2026 21:06:36 GMT+0000 (Coordinated Universal Time),22,bamus betawi,bamus betawi,,,,,,
2026-08-22T15:49:02.787267+00:00,20260822-154902,https://trends24.in/indonesia/,Fri Aug 21 2026 21:06:36 GMT+0000 (Coordinated Universal Time),23,Madueke,madueke,,,,,,
2026-08-22T15:49:02.787267+00:00,20260822-154902,https://trends24.in/indonesia/,Fri Aug 21 2026 21:06:36 GMT+0000 (Coordinated Universal Time),24,Jumat,jumat,,,,,,
2026-08-22T15:49:02.787267+00:00,20260822-154902,https://trends24.in/indonesia/,Fri Aug 21 2026 21:06:36 GMT+0000 (Coordinated Universal Time),25,Sulis,sulis,,,,,,
2026-08-22T15:49:02.787267+00:00,20260822-154902,https://trends24.in/indonesia/,Fri Aug 21 2026 21:06:36 GMT+0000 (Coordinated Universal Time),26,Bad For You,bad for you,,,,,,
2026-08-22T15:49:02.787267+00:00,20260822-154902,https://trends24.in/indonesia/,Fri Aug 21 2026 21:06:36 GMT+0000 (Coordinated Universal Time),27,NAMTAN BEAUTERRY MY HOME,namtan beauterry my home,,,,,,
2026-08-22T15:49:02.787267+00:00,20260822-154902,https://trends24.in/indonesia/,Fri Aug 21 2026 21:06:36 GMT+0000 (Coordinated Universal Time),28,DONT TOUCH DONT KISS,dont touch dont kiss,,,,,,
2026-08-22T15:49:02.787267+00:00,20260822-154902,https://trends24.in/indonesia/,Fri Aug 21 2026 21:06:36 GMT+0000 (Coordinated Universal Time),29,Calafiori,calafiori,,,,,,
2026-08-22T15:49:02.787267+00:00,20260822-154902,https://trends24.in/indonesia/,Fri Aug 21 2026 21:06:36 GMT+0000 (Coordinated Universal Time),30,Trade $AEON,trade $aeon,,,,,,
2026-08-22T15:49:02.787267+00:00,20260822-154902,https://trends24.in/indonesia/,Fri Aug 21 2026 21:06:36 GMT+0000 (Coordinated Universal Time),31,top skor,top skor,,,,,,
2026-08-22T15:49:02.787267+00:00,20260822-154902,https://trends24.in/indonesia/,Fri Aug 21 2026 21:06:36 GMT+0000 (Coordinated Universal Time),32,3ce est live,3ce est live,,,,,,
2026-08-22T15:49:02.787267+00:00,20260822-154902,https://trends24.in/indonesia/,Fri Aug 21 2026 21:06:36 GMT+0000 (Coordinated Universal Time),33,Guru FPL,guru fpl,,,,,,
2026-08-22T15:49:02.787267+00:00,20260822-154902,https://trends24.in/indonesia/,Fri Aug 21 2026 21:06:36 GMT+0000 (Coordinated Universal Time),34,Pati,pati,,,,,,
2026-08-22T15:49:02.787267+00:00,20260822-154902,https://trends24.in/indonesia/,Fri Aug 21 2026 21:06:36 GMT+0000 (Coordinated Universal Time),35,Nama Tim,nama tim,,,,,,
2026-08-22T15:49:02.787267+00:00,20260822-154902,https://trends24.in/indonesia/,Fri Aug 21 2026 21:06:36 GMT+0000 (Coordinated Universal Time),36,Two Fools,two fools,,,,,,
2026-08-22T15:49:02.787267+00:00,20260822-154902,https://trends24.in/indonesia/,Fri Aug 21 2026 21:06:36 GMT+0000 (Coordinated Universal Time),37,Unsoed,unsoed,,,,,,
2026-08-22T15:49:02.787267+00:00,20260822-154902,https://trends24.in/indonesia/,Fri Aug 21 2026 21:06:36 GMT+0000 (Coordinated Universal Time),38,Malaysia,malaysia,,,,,,
2026-08-22T15:49:02.787267+00:00,20260822-154902,https://trends24.in/indonesia/,Fri Aug 21 2026 21:06:36 GMT+0000 (Coordinated Universal Time),39,Rice,rice,,,,,,
2026-08-22T15:49:02.787267+00:00,20260822-154902,https://trends24.in/indonesia/,Fri Aug 21 2026 21:06:36 GMT+0000 (Coordinated Universal Time),40,DBTE RULES EP9,dbte rules ep9,,,,,,
2026-08-22T15:49:02.787267+00:00,20260822-154902,https://trends24.in/indonesia/,Fri Aug 21 2026 21:06:36 GMT+0000 (Coordinated Universal Time),41,Savinho,savinho,,,,,,
2026-08-22T15:49:02.787267+00:00,20260822-154902,https://trends24.in/indonesia/,Fri Aug 21 2026 21:06:36 GMT+0000 (Coordinated Universal Time),42,LUNAR SWENSENS EMROBIC,lunar swensens emrobic,,,,,,
2026-08-22T15:49:02.787267+00:00,20260822-154902,https://trends24.in/indonesia/,Fri Aug 21 2026 21:06:36 GMT+0000 (Coordinated Universal Time),43,Hyundai,hyundai,,,,,,
2026-08-22T15:49:02.787267+00:00,20260822-154902,https://trends24.in/indonesia/,Fri Aug 21 2026 21:06:36 GMT+0000 (Coordinated Universal Time),44,HBD BRO,hbd bro,,,,,,
2026-08-22T15:49:02.787267+00:00,20260822-154902,https://trends24.in/indonesia/,Fri Aug 21 2026 21:06:36 GMT+0000 (Coordinated Universal Time),45,Selamat Hari Juang Polri,selamat hari juang polri,,,,,,
2026-08-22T15:49:02.787267+00:00,20260822-154902,https://trends24.in/indonesia/,Fri Aug 21 2026 21:06:36 GMT+0000 (Coordinated Universal Time),46,FREEN AT THE HAPPITAT OPENING,freen at the happitat opening,,,,,,
2026-08-22T15:49:02.787267+00:00,20260822-154902,https://trends24.in/indonesia/,Fri Aug 21 2026 21:06:36 GMT+0000 (Coordinated Universal Time),47,Jabar,jabar,,,,,,
2026-08-22T15:49:02.787267+00:00,20260822-154902,https://trends24.in/indonesia/,Fri Aug 21 2026 21:06:36 GMT+0000 (Coordinated Universal Time),48,otsuion,otsuion,,,,,,
2026-08-22T15:49:02.787267+00:00,20260822-154902,https://trends24.in/indonesia/,Fri Aug 21 2026 21:06:36 GMT+0000 (Coordinated Universal Time),49,senada melepas rindu,senada melepas rindu,,,,,,
2026-08-22T15:49:02.787267+00:00,20260822-154902,https://trends24.in/indonesia/,Fri Aug 21 2026 21:06:36 GMT+0000 (Coordinated Universal Time),50,Mamdani,mamdani,,,,,,
