captured_at_utc,run_id,source_url,hour_label,rank,name,name_norm,tweet_count_raw,tweet_count,best_position,total_tweets,trending_for_raw,trending_for_hours
2026-08-07T05:20:10.790540+00:00,20260807-052010,https://trends24.in/indonesia/,Fri Aug 07 2026 04:48:49 GMT+0000 (Coordinated Universal Time),1,#MelayaniSepenuhHati,melayanisepenuhhati,,,,,,
2026-08-07T05:20:10.790540+00:00,20260807-052010,https://trends24.in/indonesia/,Fri Aug 07 2026 04:48:49 GMT+0000 (Coordinated Universal Time),2,#This_And_That,this_and_that,,,,,,
2026-08-07T05:20:10.790540+00:00,20260807-052010,https://trends24.in/indonesia/,Fri Aug 07 2026 04:48:49 GMT+0000 (Coordinated Universal Time),3,#JuniorMarkConcertD1,juniormarkconcertd1,,,,,,
2026-08-07T05:20:10.790540+00:00,20260807-052010,https://trends24.in/indonesia/,Fri Aug 07 2026 04:48:49 GMT+0000 (Coordinated Universal Time),4,Jumat,jumat,,,,,,
2026-08-07T05:20:10.790540+00:00,20260807-052010,https://trends24.in/indonesia/,Fri Aug 07 2026 04:48:49 GMT+0000 (Coordinated Universal Time),5,SKZ THIS AND THAT DAY,skz this and that day,,,,,,
2026-08-07T05:20:10.790540+00:00,20260807-052010,https://trends24.in/indonesia/,Fri Aug 07 2026 04:48:49 GMT+0000 (Coordinated Universal Time),6,JUNIORMARK ONCE SUNNYMOON,juniormark once sunnymoon,,,,,,
2026-08-07T05:20:10.790540+00:00,20260807-052010,https://trends24.in/indonesia/,Fri Aug 07 2026 04:48:49 GMT+0000 (Coordinated Universal Time),7,Pos Indonesia,pos indonesia,,,,,,
2026-08-07T05:20:10.790540+00:00,20260807-052010,https://trends24.in/indonesia/,Fri Aug 07 2026 04:48:49 GMT+0000 (Coordinated Universal Time),8,#THISë_THATë_ì¤í¤ì¦,thisë_thatë_ì¤í¤ì¦,,,,,,
2026-08-07T05:20:10.790540+00:00,20260807-052010,https://trends24.in/indonesia/,Fri Aug 07 2026 04:48:49 GMT+0000 (Coordinated Universal Time),9,#ManageGeminiFourthBetter,managegeminifourthbetter,,,,,,
2026-08-07T05:20:10.790540+00:00,20260807-052010,https://trends24.in/indonesia/,Fri Aug 07 2026 04:48:49 GMT+0000 (Coordinated Universal Time),10,GMMTV RESPECT GEMINIFOURTH,gmmtv respect geminifourth,,,,,,
2026-08-07T05:20:10.790540+00:00,20260807-052010,https://trends24.in/indonesia/,Fri Aug 07 2026 04:48:49 GMT+0000 (Coordinated Universal Time),11,MAKE IT RIGHT,make it right,,,,,,
2026-08-07T05:20:10.790540+00:00,20260807-052010,https://trends24.in/indonesia/,Fri Aug 07 2026 04:48:49 GMT+0000 (Coordinated Universal Time),12,SIXFINITY WITH TREASURE,sixfinity with treasure,,,,,,
2026-08-07T05:20:10.790540+00:00,20260807-052010,https://trends24.in/indonesia/,Fri Aug 07 2026 04:48:49 GMT+0000 (Coordinated Universal Time),13,RSCM,rscm,,,,,,
2026-08-07T05:20:10.790540+00:00,20260807-052010,https://trends24.in/indonesia/,Fri Aug 07 2026 04:48:49 GMT+0000 (Coordinated Universal Time),14,KEONHO ECHOES THROUGH NYC,keonho echoes through nyc,,,,,,
2026-08-07T05:20:10.790540+00:00,20260807-052010,https://trends24.in/indonesia/,Fri Aug 07 2026 04:48:49 GMT+0000 (Coordinated Universal Time),15,BRIN,brin,,,,,,
2026-08-07T05:20:10.790540+00:00,20260807-052010,https://trends24.in/indonesia/,Fri Aug 07 2026 04:48:49 GMT+0000 (Coordinated Universal Time),16,Rodri,rodri,,,,,,
2026-08-07T05:20:10.790540+00:00,20260807-052010,https://trends24.in/indonesia/,Fri Aug 07 2026 04:48:49 GMT+0000 (Coordinated Universal Time),17,Koperasi Desa,koperasi desa,,,,,,
2026-08-07T05:20:10.790540+00:00,20260807-052010,https://trends24.in/indonesia/,Fri Aug 07 2026 04:48:49 GMT+0000 (Coordinated Universal Time),18,JIN PARTY IN FOXBOROUGH,jin party in foxborough,,,,,,
2026-08-07T05:20:10.790540+00:00,20260807-052010,https://trends24.in/indonesia/,Fri Aug 07 2026 04:48:49 GMT+0000 (Coordinated Universal Time),19,Barca,barca,,,,,,
2026-08-07T05:20:10.790540+00:00,20260807-052010,https://trends24.in/indonesia/,Fri Aug 07 2026 04:48:49 GMT+0000 (Coordinated Universal Time),20,Onana,onana,,,,,,
2026-08-07T05:20:10.790540+00:00,20260807-052010,https://trends24.in/indonesia/,Fri Aug 07 2026 04:48:49 GMT+0000 (Coordinated Universal Time),21,7 Agustus,7 agustus,,,,,,
2026-08-07T05:20:10.790540+00:00,20260807-052010,https://trends24.in/indonesia/,Fri Aug 07 2026 04:48:49 GMT+0000 (Coordinated Universal Time),22,KALOG Pro,kalog pro,,,,,,
2026-08-07T05:20:10.790540+00:00,20260807-052010,https://trends24.in/indonesia/,Fri Aug 07 2026 04:48:49 GMT+0000 (Coordinated Universal Time),23,blackpink,blackpink,,,,,,
2026-08-07T05:20:10.790540+00:00,20260807-052010,https://trends24.in/indonesia/,Fri Aug 07 2026 04:48:49 GMT+0000 (Coordinated Universal Time),24,KALOG Express,kalog express,,,,,,
2026-08-07T05:20:10.790540+00:00,20260807-052010,https://trends24.in/indonesia/,Fri Aug 07 2026 04:48:49 GMT+0000 (Coordinated Universal Time),25,KALOG Plus,kalog plus,,,,,,
2026-08-07T05:20:10.790540+00:00,20260807-052010,https://trends24.in/indonesia/,Fri Aug 07 2026 04:48:49 GMT+0000 (Coordinated Universal Time),26,Happy 6th,happy 6th,,,,,,
2026-08-07T05:20:10.790540+00:00,20260807-052010,https://trends24.in/indonesia/,Fri Aug 07 2026 04:48:49 GMT+0000 (Coordinated Universal Time),27,Blink,blink,,,,,,
2026-08-07T05:20:10.790540+00:00,20260807-052010,https://trends24.in/indonesia/,Fri Aug 07 2026 04:48:49 GMT+0000 (Coordinated Universal Time),28,Manchester City,manchester city,,,,,,
2026-08-07T05:20:10.790540+00:00,20260807-052010,https://trends24.in/indonesia/,Fri Aug 07 2026 04:48:49 GMT+0000 (Coordinated Universal Time),29,#sociotizer,sociotizer,,,,,,
2026-08-07T05:20:10.790540+00:00,20260807-052010,https://trends24.in/indonesia/,Fri Aug 07 2026 04:48:49 GMT+0000 (Coordinated Universal Time),30,#KaryaDesaBerdaya,karyadesaberdaya,,,,,,
2026-08-07T05:20:10.790540+00:00,20260807-052010,https://trends24.in/indonesia/,Fri Aug 07 2026 04:48:49 GMT+0000 (Coordinated Universal Time),31,#KerjasamaBUMDesaKDMPKWT,kerjasamabumdesakdmpkwt,,,,,,
2026-08-07T05:20:10.790540+00:00,20260807-052010,https://trends24.in/indonesia/,Fri Aug 07 2026 04:48:49 GMT+0000 (Coordinated Universal Time),32,#PYPD_IN_NEWYORK,pypd_in_newyork,,,,,,
2026-08-07T05:20:10.790540+00:00,20260807-052010,https://trends24.in/indonesia/,Fri Aug 07 2026 04:48:49 GMT+0000 (Coordinated Universal Time),33,#KetahananPangan,ketahananpangan,,,,,,
2026-08-07T05:20:10.790540+00:00,20260807-052010,https://trends24.in/indonesia/,Fri Aug 07 2026 04:48:49 GMT+0000 (Coordinated Universal Time),34,#JinxELLEKorea,jinxellekorea,,,,,,
2026-08-07T05:20:10.790540+00:00,20260807-052010,https://trends24.in/indonesia/,Fri Aug 07 2026 04:48:49 GMT+0000 (Coordinated Universal Time),35,#ì¤í¸ë ì´í¤ì¦,ì¤í¸ë ì´í¤ì¦,,,,,,
2026-08-07T05:20:10.790540+00:00,20260807-052010,https://trends24.in/indonesia/,Fri Aug 07 2026 04:48:49 GMT+0000 (Coordinated Universal Time),36,#ZaghanGoldenDay,zaghangoldenday,,,,,,
2026-08-07T05:20:10.790540+00:00,20260807-052010,https://trends24.in/indonesia/,Fri Aug 07 2026 04:48:49 GMT+0000 (Coordinated Universal Time),37,#TebakSkorMW,tebakskormw,,,,,,
2026-08-07T05:20:10.790540+00:00,20260807-052010,https://trends24.in/indonesia/,Fri Aug 07 2026 04:48:49 GMT+0000 (Coordinated Universal Time),38,#StrayKidsComeback,straykidscomeback,,,,,,
2026-08-07T05:20:10.790540+00:00,20260807-052010,https://trends24.in/indonesia/,Fri Aug 07 2026 04:48:49 GMT+0000 (Coordinated Universal Time),39,#JinxFREDJewelry,jinxfredjewelry,,,,,,
2026-08-07T05:20:10.790540+00:00,20260807-052010,https://trends24.in/indonesia/,Fri Aug 07 2026 04:48:49 GMT+0000 (Coordinated Universal Time),40,#JUHOONEarnsApplause,juhoonearnsapplause,,,,,,
2026-08-07T05:20:10.790540+00:00,20260807-052010,https://trends24.in/indonesia/,Fri Aug 07 2026 04:48:49 GMT+0000 (Coordinated Universal Time),41,#KeonhoCastHisSpell,keonhocasthisspell,,,,,,
2026-08-07T05:20:10.790540+00:00,20260807-052010,https://trends24.in/indonesia/,Fri Aug 07 2026 04:48:49 GMT+0000 (Coordinated Universal Time),42,#Arc20TheUnveiledSanctuary,arc20theunveiledsanctuary,,,,,,
2026-08-07T05:20:10.790540+00:00,20260807-052010,https://trends24.in/indonesia/,Fri Aug 07 2026 04:48:49 GMT+0000 (Coordinated Universal Time),43,#All_I_Wanna_do,all_i_wanna_do,,,,,,
2026-08-07T05:20:10.790540+00:00,20260807-052010,https://trends24.in/indonesia/,Fri Aug 07 2026 04:48:49 GMT+0000 (Coordinated Universal Time),44,#ìëì_9ì£¼ë_ì¶íí´,ìëì_9ì£¼ë _ì¶íí´,,,,,,
2026-08-07T05:20:10.790540+00:00,20260807-052010,https://trends24.in/indonesia/,Fri Aug 07 2026 03:57:58 GMT+0000 (Coordinated Universal Time),1,#MelayaniSepenuhHati,melayanisepenuhhati,,,,,,
2026-08-07T05:20:10.790540+00:00,20260807-052010,https://trends24.in/indonesia/,Fri Aug 07 2026 03:57:58 GMT+0000 (Coordinated Universal Time),2,#TREASURE6thANNIVERSARY,treasure6thanniversary,,,,,,
2026-08-07T05:20:10.790540+00:00,20260807-052010,https://trends24.in/indonesia/,Fri Aug 07 2026 03:57:58 GMT+0000 (Coordinated Universal Time),3,Pos Indonesia,pos indonesia,,,,,,
2026-08-07T05:20:10.790540+00:00,20260807-052010,https://trends24.in/indonesia/,Fri Aug 07 2026 03:57:58 GMT+0000 (Coordinated Universal Time),4,#JuniorMarkConcertD1,juniormarkconcertd1,,,,,,
2026-08-07T05:20:10.790540+00:00,20260807-052010,https://trends24.in/indonesia/,Fri Aug 07 2026 03:57:58 GMT+0000 (Coordinated Universal Time),5,JUNIORMARK ONCE SUNNYMOON,juniormark once sunnymoon,,,,,,
2026-08-07T05:20:10.790540+00:00,20260807-052010,https://trends24.in/indonesia/,Fri Aug 07 2026 03:57:58 GMT+0000 (Coordinated Universal Time),6,BPJS,bpjs,,,,,,
2026-08-07T05:20:10.790540+00:00,20260807-052010,https://trends24.in/indonesia/,Fri Aug 07 2026 03:57:58 GMT+0000 (Coordinated Universal Time),7,Jumat,jumat,,,,,,
2026-08-07T05:20:10.790540+00:00,20260807-052010,https://trends24.in/indonesia/,Fri Aug 07 2026 03:57:58 GMT+0000 (Coordinated Universal Time),8,peduli kuatkan sumbar,peduli kuatkan sumbar,,,,,,
2026-08-07T05:20:10.790540+00:00,20260807-052010,https://trends24.in/indonesia/,Fri Aug 07 2026 03:57:58 GMT+0000 (Coordinated Universal Time),9,Rodri,rodri,,,,,,
2026-08-07T05:20:10.790540+00:00,20260807-052010,https://trends24.in/indonesia/,Fri Aug 07 2026 03:57:58 GMT+0000 (Coordinated Universal Time),10,#PYPD_IN_NEWYORK,pypd_in_newyork,,,,,,
2026-08-07T05:20:10.790540+00:00,20260807-052010,https://trends24.in/indonesia/,Fri Aug 07 2026 03:57:58 GMT+0000 (Coordinated Universal Time),11,#ketahananenerginasional,ketahananenerginasional,,,,,,
2026-08-07T05:20:10.790540+00:00,20260807-052010,https://trends24.in/indonesia/,Fri Aug 07 2026 03:57:58 GMT+0000 (Coordinated Universal Time),12,SANTA VITAMIN ENRICHED,santa vitamin enriched,,,,,,
2026-08-07T05:20:10.790540+00:00,20260807-052010,https://trends24.in/indonesia/,Fri Aug 07 2026 03:57:58 GMT+0000 (Coordinated Universal Time),13,persija vs arema,persija vs arema,,,,,,
2026-08-07T05:20:10.790540+00:00,20260807-052010,https://trends24.in/indonesia/,Fri Aug 07 2026 03:57:58 GMT+0000 (Coordinated Universal Time),14,GMMTV RESPECT GEMINIFOURTH,gmmtv respect geminifourth,,,,,,
2026-08-07T05:20:10.790540+00:00,20260807-052010,https://trends24.in/indonesia/,Fri Aug 07 2026 03:57:58 GMT+0000 (Coordinated Universal Time),15,Persib vs Persebaya,persib vs persebaya,,,,,,
2026-08-07T05:20:10.790540+00:00,20260807-052010,https://trends24.in/indonesia/,Fri Aug 07 2026 03:57:58 GMT+0000 (Coordinated Universal Time),16,MAKE IT RIGHT,make it right,,,,,,
2026-08-07T05:20:10.790540+00:00,20260807-052010,https://trends24.in/indonesia/,Fri Aug 07 2026 03:57:58 GMT+0000 (Coordinated Universal Time),17,fokus kerja strategis,fokus kerja strategis,,,,,,
2026-08-07T05:20:10.790540+00:00,20260807-052010,https://trends24.in/indonesia/,Fri Aug 07 2026 03:57:58 GMT+0000 (Coordinated Universal Time),18,ai untuk semua,ai untuk semua,,,,,,
2026-08-07T05:20:10.790540+00:00,20260807-052010,https://trends24.in/indonesia/,Fri Aug 07 2026 03:57:58 GMT+0000 (Coordinated Universal Time),19,PONDPHUWIN GRAB BONCHON,pondphuwin grab bonchon,,,,,,
2026-08-07T05:20:10.790540+00:00,20260807-052010,https://trends24.in/indonesia/,Fri Aug 07 2026 03:57:58 GMT+0000 (Coordinated Universal Time),20,RSCM,rscm,,,,,,
2026-08-07T05:20:10.790540+00:00,20260807-052010,https://trends24.in/indonesia/,Fri Aug 07 2026 03:57:58 GMT+0000 (Coordinated Universal Time),21,WITH LOVE TO NI-KI,with love to ni-ki,,,,,,
2026-08-07T05:20:10.790540+00:00,20260807-052010,https://trends24.in/indonesia/,Fri Aug 07 2026 03:57:58 GMT+0000 (Coordinated Universal Time),22,KALOG Express,kalog express,,,,,,
2026-08-07T05:20:10.790540+00:00,20260807-052010,https://trends24.in/indonesia/,Fri Aug 07 2026 03:57:58 GMT+0000 (Coordinated Universal Time),23,Bersama Pasti Ada Jalan,bersama pasti ada jalan,,,,,,
2026-08-07T05:20:10.790540+00:00,20260807-052010,https://trends24.in/indonesia/,Fri Aug 07 2026 03:57:58 GMT+0000 (Coordinated Universal Time),24,JGG FAM SPIDER MAN,jgg fam spider man,,,,,,
2026-08-07T05:20:10.790540+00:00,20260807-052010,https://trends24.in/indonesia/,Fri Aug 07 2026 03:57:58 GMT+0000 (Coordinated Universal Time),25,KALOG Pro,kalog pro,,,,,,
2026-08-07T05:20:10.790540+00:00,20260807-052010,https://trends24.in/indonesia/,Fri Aug 07 2026 03:57:58 GMT+0000 (Coordinated Universal Time),26,BRIN,brin,,,,,,
2026-08-07T05:20:10.790540+00:00,20260807-052010,https://trends24.in/indonesia/,Fri Aug 07 2026 03:57:58 GMT+0000 (Coordinated Universal Time),27,KALOG Plus,kalog plus,,,,,,
2026-08-07T05:20:10.790540+00:00,20260807-052010,https://trends24.in/indonesia/,Fri Aug 07 2026 03:57:58 GMT+0000 (Coordinated Universal Time),28,Sarapan,sarapan,,,,,,
2026-08-07T05:20:10.790540+00:00,20260807-052010,https://trends24.in/indonesia/,Fri Aug 07 2026 03:57:58 GMT+0000 (Coordinated Universal Time),29,Barca,barca,,,,,,
2026-08-07T05:20:10.790540+00:00,20260807-052010,https://trends24.in/indonesia/,Fri Aug 07 2026 03:57:58 GMT+0000 (Coordinated Universal Time),30,GAWIN GONE AWAY TPOPSTAGE,gawin gone away tpopstage,,,,,,
2026-08-07T05:20:10.790540+00:00,20260807-052010,https://trends24.in/indonesia/,Fri Aug 07 2026 03:57:58 GMT+0000 (Coordinated Universal Time),31,EST IN FANTA FANTASIES,est in fanta fantasies,,,,,,
2026-08-07T05:20:10.790540+00:00,20260807-052010,https://trends24.in/indonesia/,Fri Aug 07 2026 03:57:58 GMT+0000 (Coordinated Universal Time),32,MOONSHADOW SPECIAL EP,moonshadow special ep,,,,,,
2026-08-07T05:20:10.790540+00:00,20260807-052010,https://trends24.in/indonesia/,Fri Aug 07 2026 03:57:58 GMT+0000 (Coordinated Universal Time),33,Madrid,madrid,,,,,,
2026-08-07T05:20:10.790540+00:00,20260807-052010,https://trends24.in/indonesia/,Fri Aug 07 2026 03:57:58 GMT+0000 (Coordinated Universal Time),34,blackpink,blackpink,,,,,,
2026-08-07T05:20:10.790540+00:00,20260807-052010,https://trends24.in/indonesia/,Fri Aug 07 2026 03:57:58 GMT+0000 (Coordinated Universal Time),35,$LESTER,$lester,,,,,,
2026-08-07T05:20:10.790540+00:00,20260807-052010,https://trends24.in/indonesia/,Fri Aug 07 2026 03:57:58 GMT+0000 (Coordinated Universal Time),36,Pagii,pagii,,,,,,
2026-08-07T05:20:10.790540+00:00,20260807-052010,https://trends24.in/indonesia/,Fri Aug 07 2026 03:57:58 GMT+0000 (Coordinated Universal Time),37,Blingy Jets Teaser D2,blingy jets teaser d2,,,,,,
2026-08-07T05:20:10.790540+00:00,20260807-052010,https://trends24.in/indonesia/,Fri Aug 07 2026 03:57:58 GMT+0000 (Coordinated Universal Time),38,Nakes,nakes,,,,,,
2026-08-07T05:20:10.790540+00:00,20260807-052010,https://trends24.in/indonesia/,Fri Aug 07 2026 03:57:58 GMT+0000 (Coordinated Universal Time),39,FOXBOROUGH,foxborough,,,,,,
2026-08-07T05:20:10.790540+00:00,20260807-052010,https://trends24.in/indonesia/,Fri Aug 07 2026 03:57:58 GMT+0000 (Coordinated Universal Time),40,BE MY PLAYER TWO EP4,be my player two ep4,,,,,,
2026-08-07T05:20:10.790540+00:00,20260807-052010,https://trends24.in/indonesia/,Fri Aug 07 2026 03:57:58 GMT+0000 (Coordinated Universal Time),41,Bubur,bubur,,,,,,
2026-08-07T05:20:10.790540+00:00,20260807-052010,https://trends24.in/indonesia/,Fri Aug 07 2026 03:57:58 GMT+0000 (Coordinated Universal Time),42,HBD ZUNSHINE 7Y,hbd zunshine 7y,,,,,,
2026-08-07T05:20:10.790540+00:00,20260807-052010,https://trends24.in/indonesia/,Fri Aug 07 2026 03:57:58 GMT+0000 (Coordinated Universal Time),43,XL POIN,xl poin,,,,,,
2026-08-07T05:20:10.790540+00:00,20260807-052010,https://trends24.in/indonesia/,Fri Aug 07 2026 03:57:58 GMT+0000 (Coordinated Universal Time),44,Happy 6th,happy 6th,,,,,,
2026-08-07T05:20:10.790540+00:00,20260807-052010,https://trends24.in/indonesia/,Fri Aug 07 2026 03:57:58 GMT+0000 (Coordinated Universal Time),45,NCT JNJM,nct jnjm,,,,,,
2026-08-07T05:20:10.790540+00:00,20260807-052010,https://trends24.in/indonesia/,Fri Aug 07 2026 03:57:58 GMT+0000 (Coordinated Universal Time),46,Ramon,ramon,,,,,,
2026-08-07T05:20:10.790540+00:00,20260807-052010,https://trends24.in/indonesia/,Fri Aug 07 2026 03:57:58 GMT+0000 (Coordinated Universal Time),47,Barcelona,barcelona,,,,,,
2026-08-07T05:20:10.790540+00:00,20260807-052010,https://trends24.in/indonesia/,Fri Aug 07 2026 03:57:58 GMT+0000 (Coordinated Universal Time),48,Nyetok,nyetok,,,,,,
2026-08-07T05:20:10.790540+00:00,20260807-052010,https://trends24.in/indonesia/,Fri Aug 07 2026 03:57:58 GMT+0000 (Coordinated Universal Time),49,Namoo Actors,namoo actors,,,,,,
2026-08-07T05:20:10.790540+00:00,20260807-052010,https://trends24.in/indonesia/,Fri Aug 07 2026 03:57:58 GMT+0000 (Coordinated Universal Time),50,Cheol's Orange Season,cheol's orange season,,,,,,
2026-08-07T05:20:10.790540+00:00,20260807-052010,https://trends24.in/indonesia/,Fri Aug 07 2026 03:06:57 GMT+0000 (Coordinated Universal Time),1,#MelayaniSepenuhHati,melayanisepenuhhati,,,,,,
2026-08-07T05:20:10.790540+00:00,20260807-052010,https://trends24.in/indonesia/,Fri Aug 07 2026 03:06:57 GMT+0000 (Coordinated Universal Time),2,#TREASURE6thANNIVERSARY,treasure6thanniversary,,,,,,
2026-08-07T05:20:10.790540+00:00,20260807-052010,https://trends24.in/indonesia/,Fri Aug 07 2026 03:06:57 GMT+0000 (Coordinated Universal Time),3,Pos Indonesia,pos indonesia,,,,,,
2026-08-07T05:20:10.790540+00:00,20260807-052010,https://trends24.in/indonesia/,Fri Aug 07 2026 03:06:57 GMT+0000 (Coordinated Universal Time),4,Jumat,jumat,,,,,,
2026-08-07T05:20:10.790540+00:00,20260807-052010,https://trends24.in/indonesia/,Fri Aug 07 2026 03:06:57 GMT+0000 (Coordinated Universal Time),5,#JuniorMarkConcertD1,juniormarkconcertd1,,,,,,
2026-08-07T05:20:10.790540+00:00,20260807-052010,https://trends24.in/indonesia/,Fri Aug 07 2026 03:06:57 GMT+0000 (Coordinated Universal Time),6,BPJS,bpjs,,,,,,
2026-08-07T05:20:10.790540+00:00,20260807-052010,https://trends24.in/indonesia/,Fri Aug 07 2026 03:06:57 GMT+0000 (Coordinated Universal Time),7,peduli kuatkan sumbar,peduli kuatkan sumbar,,,,,,
2026-08-07T05:20:10.790540+00:00,20260807-052010,https://trends24.in/indonesia/,Fri Aug 07 2026 03:06:57 GMT+0000 (Coordinated Universal Time),8,JUNIORMARK ONCE SUNNYMOON,juniormark once sunnymoon,,,,,,
2026-08-07T05:20:10.790540+00:00,20260807-052010,https://trends24.in/indonesia/,Fri Aug 07 2026 03:06:57 GMT+0000 (Coordinated Universal Time),9,#PYPD_IN_NEWYORK,pypd_in_newyork,,,,,,
2026-08-07T05:20:10.790540+00:00,20260807-052010,https://trends24.in/indonesia/,Fri Aug 07 2026 03:06:57 GMT+0000 (Coordinated Universal Time),10,Rodri,rodri,,,,,,
2026-08-07T05:20:10.790540+00:00,20260807-052010,https://trends24.in/indonesia/,Fri Aug 07 2026 03:06:57 GMT+0000 (Coordinated Universal Time),11,MAKE IT RIGHT,make it right,,,,,,
2026-08-07T05:20:10.790540+00:00,20260807-052010,https://trends24.in/indonesia/,Fri Aug 07 2026 03:06:57 GMT+0000 (Coordinated Universal Time),12,#MensFolioThailand,mensfoliothailand,,,,,,
2026-08-07T05:20:10.790540+00:00,20260807-052010,https://trends24.in/indonesia/,Fri Aug 07 2026 03:06:57 GMT+0000 (Coordinated Universal Time),13,SANTA VITAMIN ENRICHED,santa vitamin enriched,,,,,,
2026-08-07T05:20:10.790540+00:00,20260807-052010,https://trends24.in/indonesia/,Fri Aug 07 2026 03:06:57 GMT+0000 (Coordinated Universal Time),14,Persib vs Persebaya,persib vs persebaya,,,,,,
2026-08-07T05:20:10.790540+00:00,20260807-052010,https://trends24.in/indonesia/,Fri Aug 07 2026 03:06:57 GMT+0000 (Coordinated Universal Time),15,Roobet Username,roobet username,,,,,,
2026-08-07T05:20:10.790540+00:00,20260807-052010,https://trends24.in/indonesia/,Fri Aug 07 2026 03:06:57 GMT+0000 (Coordinated Universal Time),16,persija vs arema,persija vs arema,,,,,,
2026-08-07T05:20:10.790540+00:00,20260807-052010,https://trends24.in/indonesia/,Fri Aug 07 2026 03:06:57 GMT+0000 (Coordinated Universal Time),17,fokus kerja strategis,fokus kerja strategis,,,,,,
2026-08-07T05:20:10.790540+00:00,20260807-052010,https://trends24.in/indonesia/,Fri Aug 07 2026 03:06:57 GMT+0000 (Coordinated Universal Time),18,PONDPHUWIN GRAB BONCHON,pondphuwin grab bonchon,,,,,,
2026-08-07T05:20:10.790540+00:00,20260807-052010,https://trends24.in/indonesia/,Fri Aug 07 2026 03:06:57 GMT+0000 (Coordinated Universal Time),19,ai untuk semua,ai untuk semua,,,,,,
2026-08-07T05:20:10.790540+00:00,20260807-052010,https://trends24.in/indonesia/,Fri Aug 07 2026 03:06:57 GMT+0000 (Coordinated Universal Time),20,Sarapan,sarapan,,,,,,
2026-08-07T05:20:10.790540+00:00,20260807-052010,https://trends24.in/indonesia/,Fri Aug 07 2026 03:06:57 GMT+0000 (Coordinated Universal Time),21,Pagii,pagii,,,,,,
2026-08-07T05:20:10.790540+00:00,20260807-052010,https://trends24.in/indonesia/,Fri Aug 07 2026 03:06:57 GMT+0000 (Coordinated Universal Time),22,WITH LOVE TO NI-KI,with love to ni-ki,,,,,,
2026-08-07T05:20:10.790540+00:00,20260807-052010,https://trends24.in/indonesia/,Fri Aug 07 2026 03:06:57 GMT+0000 (Coordinated Universal Time),23,RSCM,rscm,,,,,,
2026-08-07T05:20:10.790540+00:00,20260807-052010,https://trends24.in/indonesia/,Fri Aug 07 2026 03:06:57 GMT+0000 (Coordinated Universal Time),24,Bersama Pasti Ada Jalan,bersama pasti ada jalan,,,,,,
2026-08-07T05:20:10.790540+00:00,20260807-052010,https://trends24.in/indonesia/,Fri Aug 07 2026 03:06:57 GMT+0000 (Coordinated Universal Time),25,KALOG Express,kalog express,,,,,,
2026-08-07T05:20:10.790540+00:00,20260807-052010,https://trends24.in/indonesia/,Fri Aug 07 2026 03:06:57 GMT+0000 (Coordinated Universal Time),26,JGG FAM SPIDER MAN,jgg fam spider man,,,,,,
2026-08-07T05:20:10.790540+00:00,20260807-052010,https://trends24.in/indonesia/,Fri Aug 07 2026 03:06:57 GMT+0000 (Coordinated Universal Time),27,KALOG Pro,kalog pro,,,,,,
2026-08-07T05:20:10.790540+00:00,20260807-052010,https://trends24.in/indonesia/,Fri Aug 07 2026 03:06:57 GMT+0000 (Coordinated Universal Time),28,KALOG Plus,kalog plus,,,,,,
2026-08-07T05:20:10.790540+00:00,20260807-052010,https://trends24.in/indonesia/,Fri Aug 07 2026 03:06:57 GMT+0000 (Coordinated Universal Time),29,BRIN,brin,,,,,,
2026-08-07T05:20:10.790540+00:00,20260807-052010,https://trends24.in/indonesia/,Fri Aug 07 2026 03:06:57 GMT+0000 (Coordinated Universal Time),30,GAWIN GONE AWAY TPOPSTAGE,gawin gone away tpopstage,,,,,,
2026-08-07T05:20:10.790540+00:00,20260807-052010,https://trends24.in/indonesia/,Fri Aug 07 2026 03:06:57 GMT+0000 (Coordinated Universal Time),31,EST IN FANTA FANTASIES,est in fanta fantasies,,,,,,
2026-08-07T05:20:10.790540+00:00,20260807-052010,https://trends24.in/indonesia/,Fri Aug 07 2026 03:06:57 GMT+0000 (Coordinated Universal Time),32,Barca,barca,,,,,,
2026-08-07T05:20:10.790540+00:00,20260807-052010,https://trends24.in/indonesia/,Fri Aug 07 2026 03:06:57 GMT+0000 (Coordinated Universal Time),33,JIN PARTY IN FOXBOROUGH,jin party in foxborough,,,,,,
2026-08-07T05:20:10.790540+00:00,20260807-052010,https://trends24.in/indonesia/,Fri Aug 07 2026 03:06:57 GMT+0000 (Coordinated Universal Time),34,MOONSHADOW SPECIAL EP,moonshadow special ep,,,,,,
2026-08-07T05:20:10.790540+00:00,20260807-052010,https://trends24.in/indonesia/,Fri Aug 07 2026 03:06:57 GMT+0000 (Coordinated Universal Time),35,Madrid,madrid,,,,,,
2026-08-07T05:20:10.790540+00:00,20260807-052010,https://trends24.in/indonesia/,Fri Aug 07 2026 03:06:57 GMT+0000 (Coordinated Universal Time),36,$LESTER,$lester,,,,,,
2026-08-07T05:20:10.790540+00:00,20260807-052010,https://trends24.in/indonesia/,Fri Aug 07 2026 03:06:57 GMT+0000 (Coordinated Universal Time),37,blackpink,blackpink,,,,,,
2026-08-07T05:20:10.790540+00:00,20260807-052010,https://trends24.in/indonesia/,Fri Aug 07 2026 03:06:57 GMT+0000 (Coordinated Universal Time),38,Nyetok,nyetok,,,,,,
2026-08-07T05:20:10.790540+00:00,20260807-052010,https://trends24.in/indonesia/,Fri Aug 07 2026 03:06:57 GMT+0000 (Coordinated Universal Time),39,Blingy Jets Teaser D2,blingy jets teaser d2,,,,,,
2026-08-07T05:20:10.790540+00:00,20260807-052010,https://trends24.in/indonesia/,Fri Aug 07 2026 03:06:57 GMT+0000 (Coordinated Universal Time),40,Bubur,bubur,,,,,,
2026-08-07T05:20:10.790540+00:00,20260807-052010,https://trends24.in/indonesia/,Fri Aug 07 2026 03:06:57 GMT+0000 (Coordinated Universal Time),41,Nakes,nakes,,,,,,
2026-08-07T05:20:10.790540+00:00,20260807-052010,https://trends24.in/indonesia/,Fri Aug 07 2026 03:06:57 GMT+0000 (Coordinated Universal Time),42,BE MY PLAYER TWO EP4,be my player two ep4,,,,,,
2026-08-07T05:20:10.790540+00:00,20260807-052010,https://trends24.in/indonesia/,Fri Aug 07 2026 03:06:57 GMT+0000 (Coordinated Universal Time),43,Morningg,morningg,,,,,,
2026-08-07T05:20:10.790540+00:00,20260807-052010,https://trends24.in/indonesia/,Fri Aug 07 2026 03:06:57 GMT+0000 (Coordinated Universal Time),44,XL POIN,xl poin,,,,,,
2026-08-07T05:20:10.790540+00:00,20260807-052010,https://trends24.in/indonesia/,Fri Aug 07 2026 03:06:57 GMT+0000 (Coordinated Universal Time),45,ON AIR WITH DJ JAEMIN,on air with dj jaemin,,,,,,
2026-08-07T05:20:10.790540+00:00,20260807-052010,https://trends24.in/indonesia/,Fri Aug 07 2026 03:06:57 GMT+0000 (Coordinated Universal Time),46,Happy 6th,happy 6th,,,,,,
2026-08-07T05:20:10.790540+00:00,20260807-052010,https://trends24.in/indonesia/,Fri Aug 07 2026 03:06:57 GMT+0000 (Coordinated Universal Time),47,Ramon,ramon,,,,,,
2026-08-07T05:20:10.790540+00:00,20260807-052010,https://trends24.in/indonesia/,Fri Aug 07 2026 03:06:57 GMT+0000 (Coordinated Universal Time),48,Barcelona,barcelona,,,,,,
2026-08-07T05:20:10.790540+00:00,20260807-052010,https://trends24.in/indonesia/,Fri Aug 07 2026 03:06:57 GMT+0000 (Coordinated Universal Time),49,Namoo Actors,namoo actors,,,,,,
2026-08-07T05:20:10.790540+00:00,20260807-052010,https://trends24.in/indonesia/,Fri Aug 07 2026 03:06:57 GMT+0000 (Coordinated Universal Time),50,Kamis,kamis,,,,,,
2026-08-07T05:20:10.790540+00:00,20260807-052010,https://trends24.in/indonesia/,Fri Aug 07 2026 02:16:03 GMT+0000 (Coordinated Universal Time),1,#MelayaniSepenuhHati,melayanisepenuhhati,,,,,,
2026-08-07T05:20:10.790540+00:00,20260807-052010,https://trends24.in/indonesia/,Fri Aug 07 2026 02:16:03 GMT+0000 (Coordinated Universal Time),2,Jumat,jumat,,,,,,
2026-08-07T05:20:10.790540+00:00,20260807-052010,https://trends24.in/indonesia/,Fri Aug 07 2026 02:16:03 GMT+0000 (Coordinated Universal Time),3,#TREASURE6thANNIVERSARY,treasure6thanniversary,,,,,,
2026-08-07T05:20:10.790540+00:00,20260807-052010,https://trends24.in/indonesia/,Fri Aug 07 2026 02:16:03 GMT+0000 (Coordinated Universal Time),4,#PYPD_IN_NEWYORK,pypd_in_newyork,,,,,,
2026-08-07T05:20:10.790540+00:00,20260807-052010,https://trends24.in/indonesia/,Fri Aug 07 2026 02:16:03 GMT+0000 (Coordinated Universal Time),5,#PYPD_IN_NEWYORK,pypd_in_newyork,,,,,,
2026-08-07T05:20:10.790540+00:00,20260807-052010,https://trends24.in/indonesia/,Fri Aug 07 2026 02:16:03 GMT+0000 (Coordinated Universal Time),6,peduli kuatkan sumbar,peduli kuatkan sumbar,,,,,,
2026-08-07T05:20:10.790540+00:00,20260807-052010,https://trends24.in/indonesia/,Fri Aug 07 2026 02:16:03 GMT+0000 (Coordinated Universal Time),7,BPJS,bpjs,,,,,,
2026-08-07T05:20:10.790540+00:00,20260807-052010,https://trends24.in/indonesia/,Fri Aug 07 2026 02:16:03 GMT+0000 (Coordinated Universal Time),8,Pos Indonesia,pos indonesia,,,,,,
2026-08-07T05:20:10.790540+00:00,20260807-052010,https://trends24.in/indonesia/,Fri Aug 07 2026 02:16:03 GMT+0000 (Coordinated Universal Time),9,#JuniorMarkConcertD1,juniormarkconcertd1,,,,,,
2026-08-07T05:20:10.790540+00:00,20260807-052010,https://trends24.in/indonesia/,Fri Aug 07 2026 02:16:03 GMT+0000 (Coordinated Universal Time),10,JUNIORMARK ONCE SUNNYMOON,juniormark once sunnymoon,,,,,,
2026-08-07T05:20:10.790540+00:00,20260807-052010,https://trends24.in/indonesia/,Fri Aug 07 2026 02:16:03 GMT+0000 (Coordinated Universal Time),11,Rodri,rodri,,,,,,
2026-08-07T05:20:10.790540+00:00,20260807-052010,https://trends24.in/indonesia/,Fri Aug 07 2026 02:16:03 GMT+0000 (Coordinated Universal Time),12,SANTA VITAMIN ENRICHED,santa vitamin enriched,,,,,,
2026-08-07T05:20:10.790540+00:00,20260807-052010,https://trends24.in/indonesia/,Fri Aug 07 2026 02:16:03 GMT+0000 (Coordinated Universal Time),13,Persib vs Persebaya,persib vs persebaya,,,,,,
2026-08-07T05:20:10.790540+00:00,20260807-052010,https://trends24.in/indonesia/,Fri Aug 07 2026 02:16:03 GMT+0000 (Coordinated Universal Time),14,MAKE IT RIGHT,make it right,,,,,,
2026-08-07T05:20:10.790540+00:00,20260807-052010,https://trends24.in/indonesia/,Fri Aug 07 2026 02:16:03 GMT+0000 (Coordinated Universal Time),15,Roobet Username,roobet username,,,,,,
2026-08-07T05:20:10.790540+00:00,20260807-052010,https://trends24.in/indonesia/,Fri Aug 07 2026 02:16:03 GMT+0000 (Coordinated Universal Time),16,persija vs arema,persija vs arema,,,,,,
2026-08-07T05:20:10.790540+00:00,20260807-052010,https://trends24.in/indonesia/,Fri Aug 07 2026 02:16:03 GMT+0000 (Coordinated Universal Time),17,Pagii,pagii,,,,,,
2026-08-07T05:20:10.790540+00:00,20260807-052010,https://trends24.in/indonesia/,Fri Aug 07 2026 02:16:03 GMT+0000 (Coordinated Universal Time),18,fokus kerja strategis,fokus kerja strategis,,,,,,
2026-08-07T05:20:10.790540+00:00,20260807-052010,https://trends24.in/indonesia/,Fri Aug 07 2026 02:16:03 GMT+0000 (Coordinated Universal Time),19,PONDPHUWIN GRAB BONCHON,pondphuwin grab bonchon,,,,,,
2026-08-07T05:20:10.790540+00:00,20260807-052010,https://trends24.in/indonesia/,Fri Aug 07 2026 02:16:03 GMT+0000 (Coordinated Universal Time),20,ai untuk semua,ai untuk semua,,,,,,
2026-08-07T05:20:10.790540+00:00,20260807-052010,https://trends24.in/indonesia/,Fri Aug 07 2026 02:16:03 GMT+0000 (Coordinated Universal Time),21,Sarapan,sarapan,,,,,,
2026-08-07T05:20:10.790540+00:00,20260807-052010,https://trends24.in/indonesia/,Fri Aug 07 2026 02:16:03 GMT+0000 (Coordinated Universal Time),22,WITH LOVE TO NI-KI,with love to ni-ki,,,,,,
2026-08-07T05:20:10.790540+00:00,20260807-052010,https://trends24.in/indonesia/,Fri Aug 07 2026 02:16:03 GMT+0000 (Coordinated Universal Time),23,KALOG Express,kalog express,,,,,,
2026-08-07T05:20:10.790540+00:00,20260807-052010,https://trends24.in/indonesia/,Fri Aug 07 2026 02:16:03 GMT+0000 (Coordinated Universal Time),24,Bersama Pasti Ada Jalan,bersama pasti ada jalan,,,,,,
2026-08-07T05:20:10.790540+00:00,20260807-052010,https://trends24.in/indonesia/,Fri Aug 07 2026 02:16:03 GMT+0000 (Coordinated Universal Time),25,JGG FAM SPIDER MAN,jgg fam spider man,,,,,,
2026-08-07T05:20:10.790540+00:00,20260807-052010,https://trends24.in/indonesia/,Fri Aug 07 2026 02:16:03 GMT+0000 (Coordinated Universal Time),26,KALOG Plus,kalog plus,,,,,,
2026-08-07T05:20:10.790540+00:00,20260807-052010,https://trends24.in/indonesia/,Fri Aug 07 2026 02:16:03 GMT+0000 (Coordinated Universal Time),27,KALOG Pro,kalog pro,,,,,,
2026-08-07T05:20:10.790540+00:00,20260807-052010,https://trends24.in/indonesia/,Fri Aug 07 2026 02:16:03 GMT+0000 (Coordinated Universal Time),28,BRIN,brin,,,,,,
2026-08-07T05:20:10.790540+00:00,20260807-052010,https://trends24.in/indonesia/,Fri Aug 07 2026 02:16:03 GMT+0000 (Coordinated Universal Time),29,GAWIN GONE AWAY TPOPSTAGE,gawin gone away tpopstage,,,,,,
2026-08-07T05:20:10.790540+00:00,20260807-052010,https://trends24.in/indonesia/,Fri Aug 07 2026 02:16:03 GMT+0000 (Coordinated Universal Time),30,EST IN FANTA FANTASIES,est in fanta fantasies,,,,,,
2026-08-07T05:20:10.790540+00:00,20260807-052010,https://trends24.in/indonesia/,Fri Aug 07 2026 02:16:03 GMT+0000 (Coordinated Universal Time),31,Barca,barca,,,,,,
2026-08-07T05:20:10.790540+00:00,20260807-052010,https://trends24.in/indonesia/,Fri Aug 07 2026 02:16:03 GMT+0000 (Coordinated Universal Time),32,$LESTER,$lester,,,,,,
2026-08-07T05:20:10.790540+00:00,20260807-052010,https://trends24.in/indonesia/,Fri Aug 07 2026 02:16:03 GMT+0000 (Coordinated Universal Time),33,RSCM,rscm,,,,,,
2026-08-07T05:20:10.790540+00:00,20260807-052010,https://trends24.in/indonesia/,Fri Aug 07 2026 02:16:03 GMT+0000 (Coordinated Universal Time),34,MOONSHADOW SPECIAL EP,moonshadow special ep,,,,,,
2026-08-07T05:20:10.790540+00:00,20260807-052010,https://trends24.in/indonesia/,Fri Aug 07 2026 02:16:03 GMT+0000 (Coordinated Universal Time),35,Madrid,madrid,,,,,,
2026-08-07T05:20:10.790540+00:00,20260807-052010,https://trends24.in/indonesia/,Fri Aug 07 2026 02:16:03 GMT+0000 (Coordinated Universal Time),36,blackpink,blackpink,,,,,,
2026-08-07T05:20:10.790540+00:00,20260807-052010,https://trends24.in/indonesia/,Fri Aug 07 2026 02:16:03 GMT+0000 (Coordinated Universal Time),37,Bubur,bubur,,,,,,
2026-08-07T05:20:10.790540+00:00,20260807-052010,https://trends24.in/indonesia/,Fri Aug 07 2026 02:16:03 GMT+0000 (Coordinated Universal Time),38,Namoo Actors,namoo actors,,,,,,
2026-08-07T05:20:10.790540+00:00,20260807-052010,https://trends24.in/indonesia/,Fri Aug 07 2026 02:16:03 GMT+0000 (Coordinated Universal Time),39,Blingy Jets Teaser D2,blingy jets teaser d2,,,,,,
2026-08-07T05:20:10.790540+00:00,20260807-052010,https://trends24.in/indonesia/,Fri Aug 07 2026 02:16:03 GMT+0000 (Coordinated Universal Time),40,Younghoon,younghoon,,,,,,
2026-08-07T05:20:10.790540+00:00,20260807-052010,https://trends24.in/indonesia/,Fri Aug 07 2026 02:16:03 GMT+0000 (Coordinated Universal Time),41,XL POIN,xl poin,,,,,,
2026-08-07T05:20:10.790540+00:00,20260807-052010,https://trends24.in/indonesia/,Fri Aug 07 2026 02:16:03 GMT+0000 (Coordinated Universal Time),42,BE MY PLAYER TWO EP4,be my player two ep4,,,,,,
2026-08-07T05:20:10.790540+00:00,20260807-052010,https://trends24.in/indonesia/,Fri Aug 07 2026 02:16:03 GMT+0000 (Coordinated Universal Time),43,ON AIR WITH DJ JAEMIN,on air with dj jaemin,,,,,,
2026-08-07T05:20:10.790540+00:00,20260807-052010,https://trends24.in/indonesia/,Fri Aug 07 2026 02:16:03 GMT+0000 (Coordinated Universal Time),44,Nakes,nakes,,,,,,
2026-08-07T05:20:10.790540+00:00,20260807-052010,https://trends24.in/indonesia/,Fri Aug 07 2026 02:16:03 GMT+0000 (Coordinated Universal Time),45,Nyetok,nyetok,,,,,,
2026-08-07T05:20:10.790540+00:00,20260807-052010,https://trends24.in/indonesia/,Fri Aug 07 2026 02:16:03 GMT+0000 (Coordinated Universal Time),46,Happy 6th,happy 6th,,,,,,
2026-08-07T05:20:10.790540+00:00,20260807-052010,https://trends24.in/indonesia/,Fri Aug 07 2026 02:16:03 GMT+0000 (Coordinated Universal Time),47,Ramon,ramon,,,,,,
2026-08-07T05:20:10.790540+00:00,20260807-052010,https://trends24.in/indonesia/,Fri Aug 07 2026 02:16:03 GMT+0000 (Coordinated Universal Time),48,kedaulatan indonesia,kedaulatan indonesia,,,,,,
2026-08-07T05:20:10.790540+00:00,20260807-052010,https://trends24.in/indonesia/,Fri Aug 07 2026 02:16:03 GMT+0000 (Coordinated Universal Time),49,Barcelona,barcelona,,,,,,
2026-08-07T05:20:10.790540+00:00,20260807-052010,https://trends24.in/indonesia/,Fri Aug 07 2026 02:16:03 GMT+0000 (Coordinated Universal Time),50,Frame File,frame file,,,,,,
2026-08-07T05:20:10.790540+00:00,20260807-052010,https://trends24.in/indonesia/,Fri Aug 07 2026 02:16:02 GMT+0000 (Coordinated Universal Time),1,#MelayaniSepenuhHati,melayanisepenuhhati,,,,,,
2026-08-07T05:20:10.790540+00:00,20260807-052010,https://trends24.in/indonesia/,Fri Aug 07 2026 02:16:02 GMT+0000 (Coordinated Universal Time),2,Jumat,jumat,,,,,,
2026-08-07T05:20:10.790540+00:00,20260807-052010,https://trends24.in/indonesia/,Fri Aug 07 2026 02:16:02 GMT+0000 (Coordinated Universal Time),3,#TREASURE6thANNIVERSARY,treasure6thanniversary,,,,,,
2026-08-07T05:20:10.790540+00:00,20260807-052010,https://trends24.in/indonesia/,Fri Aug 07 2026 02:16:02 GMT+0000 (Coordinated Universal Time),4,#PYPD_IN_NEWYORK,pypd_in_newyork,,,,,,
2026-08-07T05:20:10.790540+00:00,20260807-052010,https://trends24.in/indonesia/,Fri Aug 07 2026 02:16:02 GMT+0000 (Coordinated Universal Time),5,#PYPD_IN_NEWYORK,pypd_in_newyork,,,,,,
2026-08-07T05:20:10.790540+00:00,20260807-052010,https://trends24.in/indonesia/,Fri Aug 07 2026 02:16:02 GMT+0000 (Coordinated Universal Time),6,peduli kuatkan sumbar,peduli kuatkan sumbar,,,,,,
2026-08-07T05:20:10.790540+00:00,20260807-052010,https://trends24.in/indonesia/,Fri Aug 07 2026 02:16:02 GMT+0000 (Coordinated Universal Time),7,BPJS,bpjs,,,,,,
2026-08-07T05:20:10.790540+00:00,20260807-052010,https://trends24.in/indonesia/,Fri Aug 07 2026 02:16:02 GMT+0000 (Coordinated Universal Time),8,Pos Indonesia,pos indonesia,,,,,,
2026-08-07T05:20:10.790540+00:00,20260807-052010,https://trends24.in/indonesia/,Fri Aug 07 2026 02:16:02 GMT+0000 (Coordinated Universal Time),9,#JuniorMarkConcertD1,juniormarkconcertd1,,,,,,
2026-08-07T05:20:10.790540+00:00,20260807-052010,https://trends24.in/indonesia/,Fri Aug 07 2026 02:16:02 GMT+0000 (Coordinated Universal Time),10,JUNIORMARK ONCE SUNNYMOON,juniormark once sunnymoon,,,,,,
2026-08-07T05:20:10.790540+00:00,20260807-052010,https://trends24.in/indonesia/,Fri Aug 07 2026 02:16:02 GMT+0000 (Coordinated Universal Time),11,Rodri,rodri,,,,,,
2026-08-07T05:20:10.790540+00:00,20260807-052010,https://trends24.in/indonesia/,Fri Aug 07 2026 02:16:02 GMT+0000 (Coordinated Universal Time),12,SANTA VITAMIN ENRICHED,santa vitamin enriched,,,,,,
2026-08-07T05:20:10.790540+00:00,20260807-052010,https://trends24.in/indonesia/,Fri Aug 07 2026 02:16:02 GMT+0000 (Coordinated Universal Time),13,Persib vs Persebaya,persib vs persebaya,,,,,,
2026-08-07T05:20:10.790540+00:00,20260807-052010,https://trends24.in/indonesia/,Fri Aug 07 2026 02:16:02 GMT+0000 (Coordinated Universal Time),14,Roobet Username,roobet username,,,,,,
2026-08-07T05:20:10.790540+00:00,20260807-052010,https://trends24.in/indonesia/,Fri Aug 07 2026 02:16:02 GMT+0000 (Coordinated Universal Time),15,MAKE IT RIGHT,make it right,,,,,,
2026-08-07T05:20:10.790540+00:00,20260807-052010,https://trends24.in/indonesia/,Fri Aug 07 2026 02:16:02 GMT+0000 (Coordinated Universal Time),16,persija vs arema,persija vs arema,,,,,,
2026-08-07T05:20:10.790540+00:00,20260807-052010,https://trends24.in/indonesia/,Fri Aug 07 2026 02:16:02 GMT+0000 (Coordinated Universal Time),17,Pagii,pagii,,,,,,
2026-08-07T05:20:10.790540+00:00,20260807-052010,https://trends24.in/indonesia/,Fri Aug 07 2026 02:16:02 GMT+0000 (Coordinated Universal Time),18,fokus kerja strategis,fokus kerja strategis,,,,,,
2026-08-07T05:20:10.790540+00:00,20260807-052010,https://trends24.in/indonesia/,Fri Aug 07 2026 02:16:02 GMT+0000 (Coordinated Universal Time),19,PONDPHUWIN GRAB BONCHON,pondphuwin grab bonchon,,,,,,
2026-08-07T05:20:10.790540+00:00,20260807-052010,https://trends24.in/indonesia/,Fri Aug 07 2026 02:16:02 GMT+0000 (Coordinated Universal Time),20,ai untuk semua,ai untuk semua,,,,,,
2026-08-07T05:20:10.790540+00:00,20260807-052010,https://trends24.in/indonesia/,Fri Aug 07 2026 02:16:02 GMT+0000 (Coordinated Universal Time),21,Sarapan,sarapan,,,,,,
2026-08-07T05:20:10.790540+00:00,20260807-052010,https://trends24.in/indonesia/,Fri Aug 07 2026 02:16:02 GMT+0000 (Coordinated Universal Time),22,WITH LOVE TO NI-KI,with love to ni-ki,,,,,,
2026-08-07T05:20:10.790540+00:00,20260807-052010,https://trends24.in/indonesia/,Fri Aug 07 2026 02:16:02 GMT+0000 (Coordinated Universal Time),23,KALOG Express,kalog express,,,,,,
2026-08-07T05:20:10.790540+00:00,20260807-052010,https://trends24.in/indonesia/,Fri Aug 07 2026 02:16:02 GMT+0000 (Coordinated Universal Time),24,Bersama Pasti Ada Jalan,bersama pasti ada jalan,,,,,,
2026-08-07T05:20:10.790540+00:00,20260807-052010,https://trends24.in/indonesia/,Fri Aug 07 2026 02:16:02 GMT+0000 (Coordinated Universal Time),25,JGG FAM SPIDER MAN,jgg fam spider man,,,,,,
2026-08-07T05:20:10.790540+00:00,20260807-052010,https://trends24.in/indonesia/,Fri Aug 07 2026 02:16:02 GMT+0000 (Coordinated Universal Time),26,KALOG Plus,kalog plus,,,,,,
2026-08-07T05:20:10.790540+00:00,20260807-052010,https://trends24.in/indonesia/,Fri Aug 07 2026 02:16:02 GMT+0000 (Coordinated Universal Time),27,KALOG Pro,kalog pro,,,,,,
2026-08-07T05:20:10.790540+00:00,20260807-052010,https://trends24.in/indonesia/,Fri Aug 07 2026 02:16:02 GMT+0000 (Coordinated Universal Time),28,BRIN,brin,,,,,,
2026-08-07T05:20:10.790540+00:00,20260807-052010,https://trends24.in/indonesia/,Fri Aug 07 2026 02:16:02 GMT+0000 (Coordinated Universal Time),29,GAWIN GONE AWAY TPOPSTAGE,gawin gone away tpopstage,,,,,,
2026-08-07T05:20:10.790540+00:00,20260807-052010,https://trends24.in/indonesia/,Fri Aug 07 2026 02:16:02 GMT+0000 (Coordinated Universal Time),30,EST IN FANTA FANTASIES,est in fanta fantasies,,,,,,
2026-08-07T05:20:10.790540+00:00,20260807-052010,https://trends24.in/indonesia/,Fri Aug 07 2026 02:16:02 GMT+0000 (Coordinated Universal Time),31,Barca,barca,,,,,,
2026-08-07T05:20:10.790540+00:00,20260807-052010,https://trends24.in/indonesia/,Fri Aug 07 2026 02:16:02 GMT+0000 (Coordinated Universal Time),32,$LESTER,$lester,,,,,,
2026-08-07T05:20:10.790540+00:00,20260807-052010,https://trends24.in/indonesia/,Fri Aug 07 2026 02:16:02 GMT+0000 (Coordinated Universal Time),33,RSCM,rscm,,,,,,
2026-08-07T05:20:10.790540+00:00,20260807-052010,https://trends24.in/indonesia/,Fri Aug 07 2026 02:16:02 GMT+0000 (Coordinated Universal Time),34,MOONSHADOW SPECIAL EP,moonshadow special ep,,,,,,
2026-08-07T05:20:10.790540+00:00,20260807-052010,https://trends24.in/indonesia/,Fri Aug 07 2026 02:16:02 GMT+0000 (Coordinated Universal Time),35,Madrid,madrid,,,,,,
2026-08-07T05:20:10.790540+00:00,20260807-052010,https://trends24.in/indonesia/,Fri Aug 07 2026 02:16:02 GMT+0000 (Coordinated Universal Time),36,blackpink,blackpink,,,,,,
2026-08-07T05:20:10.790540+00:00,20260807-052010,https://trends24.in/indonesia/,Fri Aug 07 2026 02:16:02 GMT+0000 (Coordinated Universal Time),37,Bubur,bubur,,,,,,
2026-08-07T05:20:10.790540+00:00,20260807-052010,https://trends24.in/indonesia/,Fri Aug 07 2026 02:16:02 GMT+0000 (Coordinated Universal Time),38,Namoo Actors,namoo actors,,,,,,
2026-08-07T05:20:10.790540+00:00,20260807-052010,https://trends24.in/indonesia/,Fri Aug 07 2026 02:16:02 GMT+0000 (Coordinated Universal Time),39,Blingy Jets Teaser D2,blingy jets teaser d2,,,,,,
2026-08-07T05:20:10.790540+00:00,20260807-052010,https://trends24.in/indonesia/,Fri Aug 07 2026 02:16:02 GMT+0000 (Coordinated Universal Time),40,Younghoon,younghoon,,,,,,
2026-08-07T05:20:10.790540+00:00,20260807-052010,https://trends24.in/indonesia/,Fri Aug 07 2026 02:16:02 GMT+0000 (Coordinated Universal Time),41,BE MY PLAYER TWO EP4,be my player two ep4,,,,,,
2026-08-07T05:20:10.790540+00:00,20260807-052010,https://trends24.in/indonesia/,Fri Aug 07 2026 02:16:02 GMT+0000 (Coordinated Universal Time),42,XL POIN,xl poin,,,,,,
2026-08-07T05:20:10.790540+00:00,20260807-052010,https://trends24.in/indonesia/,Fri Aug 07 2026 02:16:02 GMT+0000 (Coordinated Universal Time),43,ON AIR WITH DJ JAEMIN,on air with dj jaemin,,,,,,
2026-08-07T05:20:10.790540+00:00,20260807-052010,https://trends24.in/indonesia/,Fri Aug 07 2026 02:16:02 GMT+0000 (Coordinated Universal Time),44,Nakes,nakes,,,,,,
2026-08-07T05:20:10.790540+00:00,20260807-052010,https://trends24.in/indonesia/,Fri Aug 07 2026 02:16:02 GMT+0000 (Coordinated Universal Time),45,Nyetok,nyetok,,,,,,
2026-08-07T05:20:10.790540+00:00,20260807-052010,https://trends24.in/indonesia/,Fri Aug 07 2026 02:16:02 GMT+0000 (Coordinated Universal Time),46,Happy 6th,happy 6th,,,,,,
2026-08-07T05:20:10.790540+00:00,20260807-052010,https://trends24.in/indonesia/,Fri Aug 07 2026 02:16:02 GMT+0000 (Coordinated Universal Time),47,Ramon,ramon,,,,,,
2026-08-07T05:20:10.790540+00:00,20260807-052010,https://trends24.in/indonesia/,Fri Aug 07 2026 02:16:02 GMT+0000 (Coordinated Universal Time),48,kedaulatan indonesia,kedaulatan indonesia,,,,,,
2026-08-07T05:20:10.790540+00:00,20260807-052010,https://trends24.in/indonesia/,Fri Aug 07 2026 02:16:02 GMT+0000 (Coordinated Universal Time),49,Barcelona,barcelona,,,,,,
2026-08-07T05:20:10.790540+00:00,20260807-052010,https://trends24.in/indonesia/,Fri Aug 07 2026 02:16:02 GMT+0000 (Coordinated Universal Time),50,Frame File,frame file,,,,,,
2026-08-07T05:20:10.790540+00:00,20260807-052010,https://trends24.in/indonesia/,Fri Aug 07 2026 01:24:17 GMT+0000 (Coordinated Universal Time),1,Jumat,jumat,,,,,,
2026-08-07T05:20:10.790540+00:00,20260807-052010,https://trends24.in/indonesia/,Fri Aug 07 2026 01:24:17 GMT+0000 (Coordinated Universal Time),2,#TREASURE6thANNIVERSARY,treasure6thanniversary,,,,,,
2026-08-07T05:20:10.790540+00:00,20260807-052010,https://trends24.in/indonesia/,Fri Aug 07 2026 01:24:17 GMT+0000 (Coordinated Universal Time),3,#PYPD_IN_NEWYORK,pypd_in_newyork,,,,,,
2026-08-07T05:20:10.790540+00:00,20260807-052010,https://trends24.in/indonesia/,Fri Aug 07 2026 01:24:17 GMT+0000 (Coordinated Universal Time),4,#itadakillovejkt48,itadakillovejkt48,,,,,,
2026-08-07T05:20:10.790540+00:00,20260807-052010,https://trends24.in/indonesia/,Fri Aug 07 2026 01:24:17 GMT+0000 (Coordinated Universal Time),5,peduli kuatkan sumbar,peduli kuatkan sumbar,,,,,,
2026-08-07T05:20:10.790540+00:00,20260807-052010,https://trends24.in/indonesia/,Fri Aug 07 2026 01:24:17 GMT+0000 (Coordinated Universal Time),6,BPJS,bpjs,,,,,,
2026-08-07T05:20:10.790540+00:00,20260807-052010,https://trends24.in/indonesia/,Fri Aug 07 2026 01:24:17 GMT+0000 (Coordinated Universal Time),7,Roobet Username,roobet username,,,,,,
2026-08-07T05:20:10.790540+00:00,20260807-052010,https://trends24.in/indonesia/,Fri Aug 07 2026 01:24:17 GMT+0000 (Coordinated Universal Time),8,Rodri,rodri,,,,,,
2026-08-07T05:20:10.790540+00:00,20260807-052010,https://trends24.in/indonesia/,Fri Aug 07 2026 01:24:17 GMT+0000 (Coordinated Universal Time),9,#MensFolioThailand,mensfoliothailand,,,,,,
2026-08-07T05:20:10.790540+00:00,20260807-052010,https://trends24.in/indonesia/,Fri Aug 07 2026 01:24:17 GMT+0000 (Coordinated Universal Time),10,#JuniorMarkConcertD1,juniormarkconcertd1,,,,,,
2026-08-07T05:20:10.790540+00:00,20260807-052010,https://trends24.in/indonesia/,Fri Aug 07 2026 01:24:17 GMT+0000 (Coordinated Universal Time),11,SANTA VITAMIN ENRICHED,santa vitamin enriched,,,,,,
2026-08-07T05:20:10.790540+00:00,20260807-052010,https://trends24.in/indonesia/,Fri Aug 07 2026 01:24:17 GMT+0000 (Coordinated Universal Time),12,Pagii,pagii,,,,,,
2026-08-07T05:20:10.790540+00:00,20260807-052010,https://trends24.in/indonesia/,Fri Aug 07 2026 01:24:17 GMT+0000 (Coordinated Universal Time),13,JUNIORMARK ONCE SUNNYMOON,juniormark once sunnymoon,,,,,,
2026-08-07T05:20:10.790540+00:00,20260807-052010,https://trends24.in/indonesia/,Fri Aug 07 2026 01:24:17 GMT+0000 (Coordinated Universal Time),14,Persib vs Persebaya,persib vs persebaya,,,,,,
2026-08-07T05:20:10.790540+00:00,20260807-052010,https://trends24.in/indonesia/,Fri Aug 07 2026 01:24:17 GMT+0000 (Coordinated Universal Time),15,persija vs arema,persija vs arema,,,,,,
2026-08-07T05:20:10.790540+00:00,20260807-052010,https://trends24.in/indonesia/,Fri Aug 07 2026 01:24:17 GMT+0000 (Coordinated Universal Time),16,bersama pasti ada jalan,bersama pasti ada jalan,,,,,,
2026-08-07T05:20:10.790540+00:00,20260807-052010,https://trends24.in/indonesia/,Fri Aug 07 2026 01:24:17 GMT+0000 (Coordinated Universal Time),17,PONDPHUWIN GRAB BONCHON,pondphuwin grab bonchon,,,,,,
2026-08-07T05:20:10.790540+00:00,20260807-052010,https://trends24.in/indonesia/,Fri Aug 07 2026 01:24:17 GMT+0000 (Coordinated Universal Time),18,fokus kerja strategis,fokus kerja strategis,,,,,,
2026-08-07T05:20:10.790540+00:00,20260807-052010,https://trends24.in/indonesia/,Fri Aug 07 2026 01:24:17 GMT+0000 (Coordinated Universal Time),19,ai untuk semua,ai untuk semua,,,,,,
2026-08-07T05:20:10.790540+00:00,20260807-052010,https://trends24.in/indonesia/,Fri Aug 07 2026 01:24:17 GMT+0000 (Coordinated Universal Time),20,JGG FAM SPIDER MAN,jgg fam spider man,,,,,,
2026-08-07T05:20:10.790540+00:00,20260807-052010,https://trends24.in/indonesia/,Fri Aug 07 2026 01:24:17 GMT+0000 (Coordinated Universal Time),21,SEONGHYEON NEWYORK HEARTTHROB,seonghyeon newyork heartthrob,,,,,,
2026-08-07T05:20:10.790540+00:00,20260807-052010,https://trends24.in/indonesia/,Fri Aug 07 2026 01:24:17 GMT+0000 (Coordinated Universal Time),22,WITH LOVE TO NI-KI,with love to ni-ki,,,,,,
2026-08-07T05:20:10.790540+00:00,20260807-052010,https://trends24.in/indonesia/,Fri Aug 07 2026 01:24:17 GMT+0000 (Coordinated Universal Time),23,Sarapan,sarapan,,,,,,
2026-08-07T05:20:10.790540+00:00,20260807-052010,https://trends24.in/indonesia/,Fri Aug 07 2026 01:24:17 GMT+0000 (Coordinated Universal Time),24,KALOG Express,kalog express,,,,,,
2026-08-07T05:20:10.790540+00:00,20260807-052010,https://trends24.in/indonesia/,Fri Aug 07 2026 01:24:17 GMT+0000 (Coordinated Universal Time),25,KALOG Plus,kalog plus,,,,,,
2026-08-07T05:20:10.790540+00:00,20260807-052010,https://trends24.in/indonesia/,Fri Aug 07 2026 01:24:17 GMT+0000 (Coordinated Universal Time),26,BRIN,brin,,,,,,
2026-08-07T05:20:10.790540+00:00,20260807-052010,https://trends24.in/indonesia/,Fri Aug 07 2026 01:24:17 GMT+0000 (Coordinated Universal Time),27,KALOG Pro,kalog pro,,,,,,
2026-08-07T05:20:10.790540+00:00,20260807-052010,https://trends24.in/indonesia/,Fri Aug 07 2026 01:24:17 GMT+0000 (Coordinated Universal Time),28,GAWIN GONE AWAY TPOPSTAGE,gawin gone away tpopstage,,,,,,
2026-08-07T05:20:10.790540+00:00,20260807-052010,https://trends24.in/indonesia/,Fri Aug 07 2026 01:24:17 GMT+0000 (Coordinated Universal Time),29,EST IN FANTA FANTASIES,est in fanta fantasies,,,,,,
2026-08-07T05:20:10.790540+00:00,20260807-052010,https://trends24.in/indonesia/,Fri Aug 07 2026 01:24:17 GMT+0000 (Coordinated Universal Time),30,Barca,barca,,,,,,
2026-08-07T05:20:10.790540+00:00,20260807-052010,https://trends24.in/indonesia/,Fri Aug 07 2026 01:24:17 GMT+0000 (Coordinated Universal Time),31,Waalaikumsalam,waalaikumsalam,,,,,,
2026-08-07T05:20:10.790540+00:00,20260807-052010,https://trends24.in/indonesia/,Fri Aug 07 2026 01:24:17 GMT+0000 (Coordinated Universal Time),32,$LESTER,$lester,,,,,,
2026-08-07T05:20:10.790540+00:00,20260807-052010,https://trends24.in/indonesia/,Fri Aug 07 2026 01:24:17 GMT+0000 (Coordinated Universal Time),33,Namoo Actors,namoo actors,,,,,,
2026-08-07T05:20:10.790540+00:00,20260807-052010,https://trends24.in/indonesia/,Fri Aug 07 2026 01:24:17 GMT+0000 (Coordinated Universal Time),34,MOONSHADOW SPECIAL EP,moonshadow special ep,,,,,,
2026-08-07T05:20:10.790540+00:00,20260807-052010,https://trends24.in/indonesia/,Fri Aug 07 2026 01:24:17 GMT+0000 (Coordinated Universal Time),35,Madrid,madrid,,,,,,
2026-08-07T05:20:10.790540+00:00,20260807-052010,https://trends24.in/indonesia/,Fri Aug 07 2026 01:24:17 GMT+0000 (Coordinated Universal Time),36,blackpink,blackpink,,,,,,
2026-08-07T05:20:10.790540+00:00,20260807-052010,https://trends24.in/indonesia/,Fri Aug 07 2026 01:24:17 GMT+0000 (Coordinated Universal Time),37,Man 3 Banyuwangi,man 3 banyuwangi,,,,,,
2026-08-07T05:20:10.790540+00:00,20260807-052010,https://trends24.in/indonesia/,Fri Aug 07 2026 01:24:17 GMT+0000 (Coordinated Universal Time),38,Semangat,semangat,,,,,,
2026-08-07T05:20:10.790540+00:00,20260807-052010,https://trends24.in/indonesia/,Fri Aug 07 2026 01:24:17 GMT+0000 (Coordinated Universal Time),39,Blingy Jets Teaser D2,blingy jets teaser d2,,,,,,
2026-08-07T05:20:10.790540+00:00,20260807-052010,https://trends24.in/indonesia/,Fri Aug 07 2026 01:24:17 GMT+0000 (Coordinated Universal Time),40,Bubur,bubur,,,,,,
2026-08-07T05:20:10.790540+00:00,20260807-052010,https://trends24.in/indonesia/,Fri Aug 07 2026 01:24:17 GMT+0000 (Coordinated Universal Time),41,Frame File,frame file,,,,,,
2026-08-07T05:20:10.790540+00:00,20260807-052010,https://trends24.in/indonesia/,Fri Aug 07 2026 01:24:17 GMT+0000 (Coordinated Universal Time),42,Younghoon,younghoon,,,,,,
2026-08-07T05:20:10.790540+00:00,20260807-052010,https://trends24.in/indonesia/,Fri Aug 07 2026 01:24:17 GMT+0000 (Coordinated Universal Time),43,RSCM,rscm,,,,,,
2026-08-07T05:20:10.790540+00:00,20260807-052010,https://trends24.in/indonesia/,Fri Aug 07 2026 01:24:17 GMT+0000 (Coordinated Universal Time),44,XL POIN,xl poin,,,,,,
2026-08-07T05:20:10.790540+00:00,20260807-052010,https://trends24.in/indonesia/,Fri Aug 07 2026 01:24:17 GMT+0000 (Coordinated Universal Time),45,Nakes,nakes,,,,,,
2026-08-07T05:20:10.790540+00:00,20260807-052010,https://trends24.in/indonesia/,Fri Aug 07 2026 01:24:17 GMT+0000 (Coordinated Universal Time),46,BE MY PLAYER TWO EP4,be my player two ep4,,,,,,
2026-08-07T05:20:10.790540+00:00,20260807-052010,https://trends24.in/indonesia/,Fri Aug 07 2026 01:24:17 GMT+0000 (Coordinated Universal Time),47,ON AIR WITH DJ JAEMIN,on air with dj jaemin,,,,,,
2026-08-07T05:20:10.790540+00:00,20260807-052010,https://trends24.in/indonesia/,Fri Aug 07 2026 01:24:17 GMT+0000 (Coordinated Universal Time),48,Happy 6th,happy 6th,,,,,,
2026-08-07T05:20:10.790540+00:00,20260807-052010,https://trends24.in/indonesia/,Fri Aug 07 2026 01:24:17 GMT+0000 (Coordinated Universal Time),49,Ramon,ramon,,,,,,
2026-08-07T05:20:10.790540+00:00,20260807-052010,https://trends24.in/indonesia/,Fri Aug 07 2026 01:24:17 GMT+0000 (Coordinated Universal Time),50,Gojek,gojek,,,,,,
2026-08-07T05:20:10.790540+00:00,20260807-052010,https://trends24.in/indonesia/,Fri Aug 07 2026 00:32:17 GMT+0000 (Coordinated Universal Time),1,#TREASURE6thANNIVERSARY,treasure6thanniversary,,,,,,
2026-08-07T05:20:10.790540+00:00,20260807-052010,https://trends24.in/indonesia/,Fri Aug 07 2026 00:32:17 GMT+0000 (Coordinated Universal Time),2,Jumat,jumat,,,,,,
2026-08-07T05:20:10.790540+00:00,20260807-052010,https://trends24.in/indonesia/,Fri Aug 07 2026 00:32:17 GMT+0000 (Coordinated Universal Time),3,peduli kuatkan sumbar,peduli kuatkan sumbar,,,,,,
2026-08-07T05:20:10.790540+00:00,20260807-052010,https://trends24.in/indonesia/,Fri Aug 07 2026 00:32:17 GMT+0000 (Coordinated Universal Time),4,BPJS,bpjs,,,,,,
2026-08-07T05:20:10.790540+00:00,20260807-052010,https://trends24.in/indonesia/,Fri Aug 07 2026 00:32:17 GMT+0000 (Coordinated Universal Time),5,#PYPD_IN_NEWYORK,pypd_in_newyork,,,,,,
2026-08-07T05:20:10.790540+00:00,20260807-052010,https://trends24.in/indonesia/,Fri Aug 07 2026 00:32:17 GMT+0000 (Coordinated Universal Time),6,#MensFolioThailand,mensfoliothailand,,,,,,
2026-08-07T05:20:10.790540+00:00,20260807-052010,https://trends24.in/indonesia/,Fri Aug 07 2026 00:32:17 GMT+0000 (Coordinated Universal Time),7,#JUMAVVA,jumavva,,,,,,
2026-08-07T05:20:10.790540+00:00,20260807-052010,https://trends24.in/indonesia/,Fri Aug 07 2026 00:32:17 GMT+0000 (Coordinated Universal Time),8,#perebutanjuaratiga,perebutanjuaratiga,,,,,,
2026-08-07T05:20:10.790540+00:00,20260807-052010,https://trends24.in/indonesia/,Fri Aug 07 2026 00:32:17 GMT+0000 (Coordinated Universal Time),9,Rodri,rodri,,,,,,
2026-08-07T05:20:10.790540+00:00,20260807-052010,https://trends24.in/indonesia/,Fri Aug 07 2026 00:32:17 GMT+0000 (Coordinated Universal Time),10,SANTA VITAMIN ENRICHED,santa vitamin enriched,,,,,,
2026-08-07T05:20:10.790540+00:00,20260807-052010,https://trends24.in/indonesia/,Fri Aug 07 2026 00:32:17 GMT+0000 (Coordinated Universal Time),11,Persib vs Persebaya,persib vs persebaya,,,,,,
2026-08-07T05:20:10.790540+00:00,20260807-052010,https://trends24.in/indonesia/,Fri Aug 07 2026 00:32:17 GMT+0000 (Coordinated Universal Time),12,PONDPHUWIN GRAB BONCHON,pondphuwin grab bonchon,,,,,,
2026-08-07T05:20:10.790540+00:00,20260807-052010,https://trends24.in/indonesia/,Fri Aug 07 2026 00:32:17 GMT+0000 (Coordinated Universal Time),13,persija vs arema,persija vs arema,,,,,,
2026-08-07T05:20:10.790540+00:00,20260807-052010,https://trends24.in/indonesia/,Fri Aug 07 2026 00:32:17 GMT+0000 (Coordinated Universal Time),14,Bersama Pasti Ada Jalan,bersama pasti ada jalan,,,,,,
2026-08-07T05:20:10.790540+00:00,20260807-052010,https://trends24.in/indonesia/,Fri Aug 07 2026 00:32:17 GMT+0000 (Coordinated Universal Time),15,fokus kerja strategis,fokus kerja strategis,,,,,,
2026-08-07T05:20:10.790540+00:00,20260807-052010,https://trends24.in/indonesia/,Fri Aug 07 2026 00:32:17 GMT+0000 (Coordinated Universal Time),16,ai untuk semua,ai untuk semua,,,,,,
2026-08-07T05:20:10.790540+00:00,20260807-052010,https://trends24.in/indonesia/,Fri Aug 07 2026 00:32:17 GMT+0000 (Coordinated Universal Time),17,JGG FAM SPIDER MAN,jgg fam spider man,,,,,,
2026-08-07T05:20:10.790540+00:00,20260807-052010,https://trends24.in/indonesia/,Fri Aug 07 2026 00:32:17 GMT+0000 (Coordinated Universal Time),18,chitato & chitato lite,chitato & chitato lite,,,,,,
2026-08-07T05:20:10.790540+00:00,20260807-052010,https://trends24.in/indonesia/,Fri Aug 07 2026 00:32:17 GMT+0000 (Coordinated Universal Time),19,Pagiii,pagiii,,,,,,
2026-08-07T05:20:10.790540+00:00,20260807-052010,https://trends24.in/indonesia/,Fri Aug 07 2026 00:32:17 GMT+0000 (Coordinated Universal Time),20,EST IN FANTA FANTASIES,est in fanta fantasies,,,,,,
2026-08-07T05:20:10.790540+00:00,20260807-052010,https://trends24.in/indonesia/,Fri Aug 07 2026 00:32:17 GMT+0000 (Coordinated Universal Time),21,GAWIN GONE AWAY TPOPSTAGE,gawin gone away tpopstage,,,,,,
2026-08-07T05:20:10.790540+00:00,20260807-052010,https://trends24.in/indonesia/,Fri Aug 07 2026 00:32:17 GMT+0000 (Coordinated Universal Time),22,Roobet Username,roobet username,,,,,,
2026-08-07T05:20:10.790540+00:00,20260807-052010,https://trends24.in/indonesia/,Fri Aug 07 2026 00:32:17 GMT+0000 (Coordinated Universal Time),23,KALOG Express,kalog express,,,,,,
2026-08-07T05:20:10.790540+00:00,20260807-052010,https://trends24.in/indonesia/,Fri Aug 07 2026 00:32:17 GMT+0000 (Coordinated Universal Time),24,KALOG Plus,kalog plus,,,,,,
2026-08-07T05:20:10.790540+00:00,20260807-052010,https://trends24.in/indonesia/,Fri Aug 07 2026 00:32:17 GMT+0000 (Coordinated Universal Time),25,KALOG Pro,kalog pro,,,,,,
2026-08-07T05:20:10.790540+00:00,20260807-052010,https://trends24.in/indonesia/,Fri Aug 07 2026 00:32:17 GMT+0000 (Coordinated Universal Time),26,BRIN,brin,,,,,,
2026-08-07T05:20:10.790540+00:00,20260807-052010,https://trends24.in/indonesia/,Fri Aug 07 2026 00:32:17 GMT+0000 (Coordinated Universal Time),27,$LESTER,$lester,,,,,,
2026-08-07T05:20:10.790540+00:00,20260807-052010,https://trends24.in/indonesia/,Fri Aug 07 2026 00:32:17 GMT+0000 (Coordinated Universal Time),28,Waalaikumsalam,waalaikumsalam,,,,,,
2026-08-07T05:20:10.790540+00:00,20260807-052010,https://trends24.in/indonesia/,Fri Aug 07 2026 00:32:17 GMT+0000 (Coordinated Universal Time),29,Barca,barca,,,,,,
2026-08-07T05:20:10.790540+00:00,20260807-052010,https://trends24.in/indonesia/,Fri Aug 07 2026 00:32:17 GMT+0000 (Coordinated Universal Time),30,MOONSHADOW SPECIAL EP,moonshadow special ep,,,,,,
2026-08-07T05:20:10.790540+00:00,20260807-052010,https://trends24.in/indonesia/,Fri Aug 07 2026 00:32:17 GMT+0000 (Coordinated Universal Time),31,Madrid,madrid,,,,,,
2026-08-07T05:20:10.790540+00:00,20260807-052010,https://trends24.in/indonesia/,Fri Aug 07 2026 00:32:17 GMT+0000 (Coordinated Universal Time),32,blackpink,blackpink,,,,,,
2026-08-07T05:20:10.790540+00:00,20260807-052010,https://trends24.in/indonesia/,Fri Aug 07 2026 00:32:17 GMT+0000 (Coordinated Universal Time),33,Blingy Jets Teaser D2,blingy jets teaser d2,,,,,,
2026-08-07T05:20:10.790540+00:00,20260807-052010,https://trends24.in/indonesia/,Fri Aug 07 2026 00:32:17 GMT+0000 (Coordinated Universal Time),34,Younghoon,younghoon,,,,,,
2026-08-07T05:20:10.790540+00:00,20260807-052010,https://trends24.in/indonesia/,Fri Aug 07 2026 00:32:17 GMT+0000 (Coordinated Universal Time),35,Nakes,nakes,,,,,,
2026-08-07T05:20:10.790540+00:00,20260807-052010,https://trends24.in/indonesia/,Fri Aug 07 2026 00:32:17 GMT+0000 (Coordinated Universal Time),36,ON AIR WITH DJ JAEMIN,on air with dj jaemin,,,,,,
2026-08-07T05:20:10.790540+00:00,20260807-052010,https://trends24.in/indonesia/,Fri Aug 07 2026 00:32:17 GMT+0000 (Coordinated Universal Time),37,XL POIN,xl poin,,,,,,
2026-08-07T05:20:10.790540+00:00,20260807-052010,https://trends24.in/indonesia/,Fri Aug 07 2026 00:32:17 GMT+0000 (Coordinated Universal Time),38,Kendaraan,kendaraan,,,,,,
2026-08-07T05:20:10.790540+00:00,20260807-052010,https://trends24.in/indonesia/,Fri Aug 07 2026 00:32:17 GMT+0000 (Coordinated Universal Time),39,Happy 6th,happy 6th,,,,,,
2026-08-07T05:20:10.790540+00:00,20260807-052010,https://trends24.in/indonesia/,Fri Aug 07 2026 00:32:17 GMT+0000 (Coordinated Universal Time),40,Gojek,gojek,,,,,,
2026-08-07T05:20:10.790540+00:00,20260807-052010,https://trends24.in/indonesia/,Fri Aug 07 2026 00:32:17 GMT+0000 (Coordinated Universal Time),41,BE MY PLAYER TWO EP4,be my player two ep4,,,,,,
2026-08-07T05:20:10.790540+00:00,20260807-052010,https://trends24.in/indonesia/,Fri Aug 07 2026 00:32:17 GMT+0000 (Coordinated Universal Time),42,senada jebloskan dipa,senada jebloskan dipa,,,,,,
2026-08-07T05:20:10.790540+00:00,20260807-052010,https://trends24.in/indonesia/,Fri Aug 07 2026 00:32:17 GMT+0000 (Coordinated Universal Time),43,Frame File,frame file,,,,,,
2026-08-07T05:20:10.790540+00:00,20260807-052010,https://trends24.in/indonesia/,Fri Aug 07 2026 00:32:17 GMT+0000 (Coordinated Universal Time),44,Ramon,ramon,,,,,,
2026-08-07T05:20:10.790540+00:00,20260807-052010,https://trends24.in/indonesia/,Fri Aug 07 2026 00:32:17 GMT+0000 (Coordinated Universal Time),45,10 Exolix,10 exolix,,,,,,
2026-08-07T05:20:10.790540+00:00,20260807-052010,https://trends24.in/indonesia/,Fri Aug 07 2026 00:32:17 GMT+0000 (Coordinated Universal Time),46,kedaulatan indonesia,kedaulatan indonesia,,,,,,
2026-08-07T05:20:10.790540+00:00,20260807-052010,https://trends24.in/indonesia/,Fri Aug 07 2026 00:32:17 GMT+0000 (Coordinated Universal Time),47,Nikita Bier,nikita bier,,,,,,
2026-08-07T05:20:10.790540+00:00,20260807-052010,https://trends24.in/indonesia/,Fri Aug 07 2026 00:32:17 GMT+0000 (Coordinated Universal Time),48,Scott Summers,scott summers,,,,,,
2026-08-07T05:20:10.790540+00:00,20260807-052010,https://trends24.in/indonesia/,Fri Aug 07 2026 00:32:17 GMT+0000 (Coordinated Universal Time),49,Fitrah,fitrah,,,,,,
2026-08-07T05:20:10.790540+00:00,20260807-052010,https://trends24.in/indonesia/,Fri Aug 07 2026 00:32:17 GMT+0000 (Coordinated Universal Time),50,Morningg,morningg,,,,,,
2026-08-07T05:20:10.790540+00:00,20260807-052010,https://trends24.in/indonesia/,Thu Aug 06 2026 23:39:46 GMT+0000 (Coordinated Universal Time),1,#TREASURE6thANNIVERSARY,treasure6thanniversary,,,,,,
2026-08-07T05:20:10.790540+00:00,20260807-052010,https://trends24.in/indonesia/,Thu Aug 06 2026 23:39:46 GMT+0000 (Coordinated Universal Time),2,peduli kuatkan sumbar,peduli kuatkan sumbar,,,,,,
2026-08-07T05:20:10.790540+00:00,20260807-052010,https://trends24.in/indonesia/,Thu Aug 06 2026 23:39:46 GMT+0000 (Coordinated Universal Time),3,BPJS,bpjs,,,,,,
2026-08-07T05:20:10.790540+00:00,20260807-052010,https://trends24.in/indonesia/,Thu Aug 06 2026 23:39:46 GMT+0000 (Coordinated Universal Time),4,Jumat,jumat,,,,,,
2026-08-07T05:20:10.790540+00:00,20260807-052010,https://trends24.in/indonesia/,Thu Aug 06 2026 23:39:46 GMT+0000 (Coordinated Universal Time),5,#MensFolioThailand,mensfoliothailand,,,,,,
2026-08-07T05:20:10.790540+00:00,20260807-052010,https://trends24.in/indonesia/,Thu Aug 06 2026 23:39:46 GMT+0000 (Coordinated Universal Time),6,#JUMAVVA,jumavva,,,,,,
2026-08-07T05:20:10.790540+00:00,20260807-052010,https://trends24.in/indonesia/,Thu Aug 06 2026 23:39:46 GMT+0000 (Coordinated Universal Time),7,#perebutanjuaratiga,perebutanjuaratiga,,,,,,
2026-08-07T05:20:10.790540+00:00,20260807-052010,https://trends24.in/indonesia/,Thu Aug 06 2026 23:39:46 GMT+0000 (Coordinated Universal Time),8,#à¹à¸à¸­à¸°à¸à¸­à¸¢à¸­à¸´à¸à¸à¸­à¸¢à¸à¸²à¸£à¹à¸à¸µà¹,à¹à¸à¸­à¸°à¸à¸­à¸¢à¸­à¸´à¸à¸à¸­à¸¢à¸à¸²à¸£à¹à¸à¸µà¹,,,,,,
2026-08-07T05:20:10.790540+00:00,20260807-052010,https://trends24.in/indonesia/,Thu Aug 06 2026 23:39:46 GMT+0000 (Coordinated Universal Time),9,SANTA VITAMIN ENRICHED,santa vitamin enriched,,,,,,
2026-08-07T05:20:10.790540+00:00,20260807-052010,https://trends24.in/indonesia/,Thu Aug 06 2026 23:39:46 GMT+0000 (Coordinated Universal Time),10,PERSIB VS PERSEBAYA,persib vs persebaya,,,,,,
2026-08-07T05:20:10.790540+00:00,20260807-052010,https://trends24.in/indonesia/,Thu Aug 06 2026 23:39:46 GMT+0000 (Coordinated Universal Time),11,Rodri,rodri,,,,,,
2026-08-07T05:20:10.790540+00:00,20260807-052010,https://trends24.in/indonesia/,Thu Aug 06 2026 23:39:46 GMT+0000 (Coordinated Universal Time),12,PONDPHUWIN GRAB BONCHON,pondphuwin grab bonchon,,,,,,
2026-08-07T05:20:10.790540+00:00,20260807-052010,https://trends24.in/indonesia/,Thu Aug 06 2026 23:39:46 GMT+0000 (Coordinated Universal Time),13,persija vs arema,persija vs arema,,,,,,
2026-08-07T05:20:10.790540+00:00,20260807-052010,https://trends24.in/indonesia/,Thu Aug 06 2026 23:39:46 GMT+0000 (Coordinated Universal Time),14,Bersama Pasti Ada Jalan,bersama pasti ada jalan,,,,,,
2026-08-07T05:20:10.790540+00:00,20260807-052010,https://trends24.in/indonesia/,Thu Aug 06 2026 23:39:46 GMT+0000 (Coordinated Universal Time),15,fokus kerja strategis,fokus kerja strategis,,,,,,
2026-08-07T05:20:10.790540+00:00,20260807-052010,https://trends24.in/indonesia/,Thu Aug 06 2026 23:39:46 GMT+0000 (Coordinated Universal Time),16,JGG FAM SPIDER MAN,jgg fam spider man,,,,,,
2026-08-07T05:20:10.790540+00:00,20260807-052010,https://trends24.in/indonesia/,Thu Aug 06 2026 23:39:46 GMT+0000 (Coordinated Universal Time),17,ai untuk semua,ai untuk semua,,,,,,
2026-08-07T05:20:10.790540+00:00,20260807-052010,https://trends24.in/indonesia/,Thu Aug 06 2026 23:39:46 GMT+0000 (Coordinated Universal Time),18,chitato & chitato lite,chitato & chitato lite,,,,,,
2026-08-07T05:20:10.790540+00:00,20260807-052010,https://trends24.in/indonesia/,Thu Aug 06 2026 23:39:46 GMT+0000 (Coordinated Universal Time),19,WITH LOVE TO NI-KI,with love to ni-ki,,,,,,
2026-08-07T05:20:10.790540+00:00,20260807-052010,https://trends24.in/indonesia/,Thu Aug 06 2026 23:39:46 GMT+0000 (Coordinated Universal Time),20,EST IN FANTA FANTASIES,est in fanta fantasies,,,,,,
2026-08-07T05:20:10.790540+00:00,20260807-052010,https://trends24.in/indonesia/,Thu Aug 06 2026 23:39:46 GMT+0000 (Coordinated Universal Time),21,GAWIN GONE AWAY TPOPSTAGE,gawin gone away tpopstage,,,,,,
2026-08-07T05:20:10.790540+00:00,20260807-052010,https://trends24.in/indonesia/,Thu Aug 06 2026 23:39:46 GMT+0000 (Coordinated Universal Time),22,KALOG Express,kalog express,,,,,,
2026-08-07T05:20:10.790540+00:00,20260807-052010,https://trends24.in/indonesia/,Thu Aug 06 2026 23:39:46 GMT+0000 (Coordinated Universal Time),23,KALOG Plus,kalog plus,,,,,,
2026-08-07T05:20:10.790540+00:00,20260807-052010,https://trends24.in/indonesia/,Thu Aug 06 2026 23:39:46 GMT+0000 (Coordinated Universal Time),24,KALOG Pro,kalog pro,,,,,,
2026-08-07T05:20:10.790540+00:00,20260807-052010,https://trends24.in/indonesia/,Thu Aug 06 2026 23:39:46 GMT+0000 (Coordinated Universal Time),25,$LESTER,$lester,,,,,,
2026-08-07T05:20:10.790540+00:00,20260807-052010,https://trends24.in/indonesia/,Thu Aug 06 2026 23:39:46 GMT+0000 (Coordinated Universal Time),26,Waalaikumsalam,waalaikumsalam,,,,,,
2026-08-07T05:20:10.790540+00:00,20260807-052010,https://trends24.in/indonesia/,Thu Aug 06 2026 23:39:46 GMT+0000 (Coordinated Universal Time),27,MOONSHADOW SPECIAL EP,moonshadow special ep,,,,,,
2026-08-07T05:20:10.790540+00:00,20260807-052010,https://trends24.in/indonesia/,Thu Aug 06 2026 23:39:46 GMT+0000 (Coordinated Universal Time),28,BRIN,brin,,,,,,
2026-08-07T05:20:10.790540+00:00,20260807-052010,https://trends24.in/indonesia/,Thu Aug 06 2026 23:39:46 GMT+0000 (Coordinated Universal Time),29,Barca,barca,,,,,,
2026-08-07T05:20:10.790540+00:00,20260807-052010,https://trends24.in/indonesia/,Thu Aug 06 2026 23:39:46 GMT+0000 (Coordinated Universal Time),30,Madrid,madrid,,,,,,
2026-08-07T05:20:10.790540+00:00,20260807-052010,https://trends24.in/indonesia/,Thu Aug 06 2026 23:39:46 GMT+0000 (Coordinated Universal Time),31,Blingy Jets Teaser D2,blingy jets teaser d2,,,,,,
2026-08-07T05:20:10.790540+00:00,20260807-052010,https://trends24.in/indonesia/,Thu Aug 06 2026 23:39:46 GMT+0000 (Coordinated Universal Time),32,blackpink,blackpink,,,,,,
2026-08-07T05:20:10.790540+00:00,20260807-052010,https://trends24.in/indonesia/,Thu Aug 06 2026 23:39:46 GMT+0000 (Coordinated Universal Time),33,XL POIN,xl poin,,,,,,
2026-08-07T05:20:10.790540+00:00,20260807-052010,https://trends24.in/indonesia/,Thu Aug 06 2026 23:39:46 GMT+0000 (Coordinated Universal Time),34,Nakes,nakes,,,,,,
2026-08-07T05:20:10.790540+00:00,20260807-052010,https://trends24.in/indonesia/,Thu Aug 06 2026 23:39:46 GMT+0000 (Coordinated Universal Time),35,Pagiii,pagiii,,,,,,
2026-08-07T05:20:10.790540+00:00,20260807-052010,https://trends24.in/indonesia/,Thu Aug 06 2026 23:39:46 GMT+0000 (Coordinated Universal Time),36,ON AIR WITH DJ JAEMIN,on air with dj jaemin,,,,,,
2026-08-07T05:20:10.790540+00:00,20260807-052010,https://trends24.in/indonesia/,Thu Aug 06 2026 23:39:46 GMT+0000 (Coordinated Universal Time),37,Gojek,gojek,,,,,,
2026-08-07T05:20:10.790540+00:00,20260807-052010,https://trends24.in/indonesia/,Thu Aug 06 2026 23:39:46 GMT+0000 (Coordinated Universal Time),38,Happy 6th,happy 6th,,,,,,
2026-08-07T05:20:10.790540+00:00,20260807-052010,https://trends24.in/indonesia/,Thu Aug 06 2026 23:39:46 GMT+0000 (Coordinated Universal Time),39,senada jebloskan dipa,senada jebloskan dipa,,,,,,
2026-08-07T05:20:10.790540+00:00,20260807-052010,https://trends24.in/indonesia/,Thu Aug 06 2026 23:39:46 GMT+0000 (Coordinated Universal Time),40,Ramon,ramon,,,,,,
2026-08-07T05:20:10.790540+00:00,20260807-052010,https://trends24.in/indonesia/,Thu Aug 06 2026 23:39:46 GMT+0000 (Coordinated Universal Time),41,kedaulatan indonesia,kedaulatan indonesia,,,,,,
2026-08-07T05:20:10.790540+00:00,20260807-052010,https://trends24.in/indonesia/,Thu Aug 06 2026 23:39:46 GMT+0000 (Coordinated Universal Time),42,Nikita Bier,nikita bier,,,,,,
2026-08-07T05:20:10.790540+00:00,20260807-052010,https://trends24.in/indonesia/,Thu Aug 06 2026 23:39:46 GMT+0000 (Coordinated Universal Time),43,connor,connor,,,,,,
2026-08-07T05:20:10.790540+00:00,20260807-052010,https://trends24.in/indonesia/,Thu Aug 06 2026 23:39:46 GMT+0000 (Coordinated Universal Time),44,BE MY PLAYER TWO EP4,be my player two ep4,,,,,,
2026-08-07T05:20:10.790540+00:00,20260807-052010,https://trends24.in/indonesia/,Thu Aug 06 2026 23:39:46 GMT+0000 (Coordinated Universal Time),45,Semoga Allah,semoga allah,,,,,,
2026-08-07T05:20:10.790540+00:00,20260807-052010,https://trends24.in/indonesia/,Thu Aug 06 2026 23:39:46 GMT+0000 (Coordinated Universal Time),46,Kamis,kamis,,,,,,
2026-08-07T05:20:10.790540+00:00,20260807-052010,https://trends24.in/indonesia/,Thu Aug 06 2026 23:39:46 GMT+0000 (Coordinated Universal Time),47,Barcelona,barcelona,,,,,,
2026-08-07T05:20:10.790540+00:00,20260807-052010,https://trends24.in/indonesia/,Thu Aug 06 2026 23:39:46 GMT+0000 (Coordinated Universal Time),48,Fitrah,fitrah,,,,,,
2026-08-07T05:20:10.790540+00:00,20260807-052010,https://trends24.in/indonesia/,Thu Aug 06 2026 23:39:46 GMT+0000 (Coordinated Universal Time),49,RSCM,rscm,,,,,,
2026-08-07T05:20:10.790540+00:00,20260807-052010,https://trends24.in/indonesia/,Thu Aug 06 2026 23:39:46 GMT+0000 (Coordinated Universal Time),50,Hamra,hamra,,,,,,
2026-08-07T05:20:10.790540+00:00,20260807-052010,https://trends24.in/indonesia/,Thu Aug 06 2026 23:39:45 GMT+0000 (Coordinated Universal Time),1,#TREASURE6thANNIVERSARY,treasure6thanniversary,,,,,,
2026-08-07T05:20:10.790540+00:00,20260807-052010,https://trends24.in/indonesia/,Thu Aug 06 2026 23:39:45 GMT+0000 (Coordinated Universal Time),2,peduli kuatkan sumbar,peduli kuatkan sumbar,,,,,,
2026-08-07T05:20:10.790540+00:00,20260807-052010,https://trends24.in/indonesia/,Thu Aug 06 2026 23:39:45 GMT+0000 (Coordinated Universal Time),3,BPJS,bpjs,,,,,,
2026-08-07T05:20:10.790540+00:00,20260807-052010,https://trends24.in/indonesia/,Thu Aug 06 2026 23:39:45 GMT+0000 (Coordinated Universal Time),4,Jumat,jumat,,,,,,
2026-08-07T05:20:10.790540+00:00,20260807-052010,https://trends24.in/indonesia/,Thu Aug 06 2026 23:39:45 GMT+0000 (Coordinated Universal Time),5,#MensFolioThailand,mensfoliothailand,,,,,,
2026-08-07T05:20:10.790540+00:00,20260807-052010,https://trends24.in/indonesia/,Thu Aug 06 2026 23:39:45 GMT+0000 (Coordinated Universal Time),6,#JUMAVVA,jumavva,,,,,,
2026-08-07T05:20:10.790540+00:00,20260807-052010,https://trends24.in/indonesia/,Thu Aug 06 2026 23:39:45 GMT+0000 (Coordinated Universal Time),7,#perebutanjuaratiga,perebutanjuaratiga,,,,,,
2026-08-07T05:20:10.790540+00:00,20260807-052010,https://trends24.in/indonesia/,Thu Aug 06 2026 23:39:45 GMT+0000 (Coordinated Universal Time),8,#à¹à¸à¸­à¸°à¸à¸­à¸¢à¸­à¸´à¸à¸à¸­à¸¢à¸à¸²à¸£à¹à¸à¸µà¹,à¹à¸à¸­à¸°à¸à¸­à¸¢à¸­à¸´à¸à¸à¸­à¸¢à¸à¸²à¸£à¹à¸à¸µà¹,,,,,,
2026-08-07T05:20:10.790540+00:00,20260807-052010,https://trends24.in/indonesia/,Thu Aug 06 2026 23:39:45 GMT+0000 (Coordinated Universal Time),9,SANTA VITAMIN ENRICHED,santa vitamin enriched,,,,,,
2026-08-07T05:20:10.790540+00:00,20260807-052010,https://trends24.in/indonesia/,Thu Aug 06 2026 23:39:45 GMT+0000 (Coordinated Universal Time),10,PERSIB VS PERSEBAYA,persib vs persebaya,,,,,,
2026-08-07T05:20:10.790540+00:00,20260807-052010,https://trends24.in/indonesia/,Thu Aug 06 2026 23:39:45 GMT+0000 (Coordinated Universal Time),11,Rodri,rodri,,,,,,
2026-08-07T05:20:10.790540+00:00,20260807-052010,https://trends24.in/indonesia/,Thu Aug 06 2026 23:39:45 GMT+0000 (Coordinated Universal Time),12,PONDPHUWIN GRAB BONCHON,pondphuwin grab bonchon,,,,,,
2026-08-07T05:20:10.790540+00:00,20260807-052010,https://trends24.in/indonesia/,Thu Aug 06 2026 23:39:45 GMT+0000 (Coordinated Universal Time),13,persija vs arema,persija vs arema,,,,,,
2026-08-07T05:20:10.790540+00:00,20260807-052010,https://trends24.in/indonesia/,Thu Aug 06 2026 23:39:45 GMT+0000 (Coordinated Universal Time),14,Bersama Pasti Ada Jalan,bersama pasti ada jalan,,,,,,
2026-08-07T05:20:10.790540+00:00,20260807-052010,https://trends24.in/indonesia/,Thu Aug 06 2026 23:39:45 GMT+0000 (Coordinated Universal Time),15,fokus kerja strategis,fokus kerja strategis,,,,,,
2026-08-07T05:20:10.790540+00:00,20260807-052010,https://trends24.in/indonesia/,Thu Aug 06 2026 23:39:45 GMT+0000 (Coordinated Universal Time),16,JGG FAM SPIDER MAN,jgg fam spider man,,,,,,
2026-08-07T05:20:10.790540+00:00,20260807-052010,https://trends24.in/indonesia/,Thu Aug 06 2026 23:39:45 GMT+0000 (Coordinated Universal Time),17,ai untuk semua,ai untuk semua,,,,,,
2026-08-07T05:20:10.790540+00:00,20260807-052010,https://trends24.in/indonesia/,Thu Aug 06 2026 23:39:45 GMT+0000 (Coordinated Universal Time),18,chitato & chitato lite,chitato & chitato lite,,,,,,
2026-08-07T05:20:10.790540+00:00,20260807-052010,https://trends24.in/indonesia/,Thu Aug 06 2026 23:39:45 GMT+0000 (Coordinated Universal Time),19,WITH LOVE TO NI-KI,with love to ni-ki,,,,,,
2026-08-07T05:20:10.790540+00:00,20260807-052010,https://trends24.in/indonesia/,Thu Aug 06 2026 23:39:45 GMT+0000 (Coordinated Universal Time),20,EST IN FANTA FANTASIES,est in fanta fantasies,,,,,,
2026-08-07T05:20:10.790540+00:00,20260807-052010,https://trends24.in/indonesia/,Thu Aug 06 2026 23:39:45 GMT+0000 (Coordinated Universal Time),21,GAWIN GONE AWAY TPOPSTAGE,gawin gone away tpopstage,,,,,,
2026-08-07T05:20:10.790540+00:00,20260807-052010,https://trends24.in/indonesia/,Thu Aug 06 2026 23:39:45 GMT+0000 (Coordinated Universal Time),22,KALOG Express,kalog express,,,,,,
2026-08-07T05:20:10.790540+00:00,20260807-052010,https://trends24.in/indonesia/,Thu Aug 06 2026 23:39:45 GMT+0000 (Coordinated Universal Time),23,KALOG Plus,kalog plus,,,,,,
2026-08-07T05:20:10.790540+00:00,20260807-052010,https://trends24.in/indonesia/,Thu Aug 06 2026 23:39:45 GMT+0000 (Coordinated Universal Time),24,KALOG Pro,kalog pro,,,,,,
2026-08-07T05:20:10.790540+00:00,20260807-052010,https://trends24.in/indonesia/,Thu Aug 06 2026 23:39:45 GMT+0000 (Coordinated Universal Time),25,$LESTER,$lester,,,,,,
2026-08-07T05:20:10.790540+00:00,20260807-052010,https://trends24.in/indonesia/,Thu Aug 06 2026 23:39:45 GMT+0000 (Coordinated Universal Time),26,MOONSHADOW SPECIAL EP,moonshadow special ep,,,,,,
2026-08-07T05:20:10.790540+00:00,20260807-052010,https://trends24.in/indonesia/,Thu Aug 06 2026 23:39:45 GMT+0000 (Coordinated Universal Time),27,BRIN,brin,,,,,,
2026-08-07T05:20:10.790540+00:00,20260807-052010,https://trends24.in/indonesia/,Thu Aug 06 2026 23:39:45 GMT+0000 (Coordinated Universal Time),28,Waalaikumsalam,waalaikumsalam,,,,,,
2026-08-07T05:20:10.790540+00:00,20260807-052010,https://trends24.in/indonesia/,Thu Aug 06 2026 23:39:45 GMT+0000 (Coordinated Universal Time),29,Barca,barca,,,,,,
2026-08-07T05:20:10.790540+00:00,20260807-052010,https://trends24.in/indonesia/,Thu Aug 06 2026 23:39:45 GMT+0000 (Coordinated Universal Time),30,Madrid,madrid,,,,,,
2026-08-07T05:20:10.790540+00:00,20260807-052010,https://trends24.in/indonesia/,Thu Aug 06 2026 23:39:45 GMT+0000 (Coordinated Universal Time),31,Blingy Jets Teaser D2,blingy jets teaser d2,,,,,,
2026-08-07T05:20:10.790540+00:00,20260807-052010,https://trends24.in/indonesia/,Thu Aug 06 2026 23:39:45 GMT+0000 (Coordinated Universal Time),32,blackpink,blackpink,,,,,,
2026-08-07T05:20:10.790540+00:00,20260807-052010,https://trends24.in/indonesia/,Thu Aug 06 2026 23:39:45 GMT+0000 (Coordinated Universal Time),33,XL POIN,xl poin,,,,,,
2026-08-07T05:20:10.790540+00:00,20260807-052010,https://trends24.in/indonesia/,Thu Aug 06 2026 23:39:45 GMT+0000 (Coordinated Universal Time),34,Nakes,nakes,,,,,,
2026-08-07T05:20:10.790540+00:00,20260807-052010,https://trends24.in/indonesia/,Thu Aug 06 2026 23:39:45 GMT+0000 (Coordinated Universal Time),35,ON AIR WITH DJ JAEMIN,on air with dj jaemin,,,,,,
2026-08-07T05:20:10.790540+00:00,20260807-052010,https://trends24.in/indonesia/,Thu Aug 06 2026 23:39:45 GMT+0000 (Coordinated Universal Time),36,Gojek,gojek,,,,,,
2026-08-07T05:20:10.790540+00:00,20260807-052010,https://trends24.in/indonesia/,Thu Aug 06 2026 23:39:45 GMT+0000 (Coordinated Universal Time),37,Happy 6th,happy 6th,,,,,,
2026-08-07T05:20:10.790540+00:00,20260807-052010,https://trends24.in/indonesia/,Thu Aug 06 2026 23:39:45 GMT+0000 (Coordinated Universal Time),38,Ramon,ramon,,,,,,
2026-08-07T05:20:10.790540+00:00,20260807-052010,https://trends24.in/indonesia/,Thu Aug 06 2026 23:39:45 GMT+0000 (Coordinated Universal Time),39,senada jebloskan dipa,senada jebloskan dipa,,,,,,
2026-08-07T05:20:10.790540+00:00,20260807-052010,https://trends24.in/indonesia/,Thu Aug 06 2026 23:39:45 GMT+0000 (Coordinated Universal Time),40,kedaulatan indonesia,kedaulatan indonesia,,,,,,
2026-08-07T05:20:10.790540+00:00,20260807-052010,https://trends24.in/indonesia/,Thu Aug 06 2026 23:39:45 GMT+0000 (Coordinated Universal Time),41,Nikita Bier,nikita bier,,,,,,
2026-08-07T05:20:10.790540+00:00,20260807-052010,https://trends24.in/indonesia/,Thu Aug 06 2026 23:39:45 GMT+0000 (Coordinated Universal Time),42,BE MY PLAYER TWO EP4,be my player two ep4,,,,,,
2026-08-07T05:20:10.790540+00:00,20260807-052010,https://trends24.in/indonesia/,Thu Aug 06 2026 23:39:45 GMT+0000 (Coordinated Universal Time),43,connor,connor,,,,,,
2026-08-07T05:20:10.790540+00:00,20260807-052010,https://trends24.in/indonesia/,Thu Aug 06 2026 23:39:45 GMT+0000 (Coordinated Universal Time),44,Semoga Allah,semoga allah,,,,,,
2026-08-07T05:20:10.790540+00:00,20260807-052010,https://trends24.in/indonesia/,Thu Aug 06 2026 23:39:45 GMT+0000 (Coordinated Universal Time),45,Pagiii,pagiii,,,,,,
2026-08-07T05:20:10.790540+00:00,20260807-052010,https://trends24.in/indonesia/,Thu Aug 06 2026 23:39:45 GMT+0000 (Coordinated Universal Time),46,Fitrah,fitrah,,,,,,
2026-08-07T05:20:10.790540+00:00,20260807-052010,https://trends24.in/indonesia/,Thu Aug 06 2026 23:39:45 GMT+0000 (Coordinated Universal Time),47,Kamis,kamis,,,,,,
2026-08-07T05:20:10.790540+00:00,20260807-052010,https://trends24.in/indonesia/,Thu Aug 06 2026 23:39:45 GMT+0000 (Coordinated Universal Time),48,RSCM,rscm,,,,,,
2026-08-07T05:20:10.790540+00:00,20260807-052010,https://trends24.in/indonesia/,Thu Aug 06 2026 23:39:45 GMT+0000 (Coordinated Universal Time),49,Hamra,hamra,,,,,,
2026-08-07T05:20:10.790540+00:00,20260807-052010,https://trends24.in/indonesia/,Thu Aug 06 2026 23:39:45 GMT+0000 (Coordinated Universal Time),50,Frame File,frame file,,,,,,
2026-08-07T05:20:10.790540+00:00,20260807-052010,https://trends24.in/indonesia/,Thu Aug 06 2026 22:45:54 GMT+0000 (Coordinated Universal Time),1,#TREASURE6thANNIVERSARY,treasure6thanniversary,,,,,,
2026-08-07T05:20:10.790540+00:00,20260807-052010,https://trends24.in/indonesia/,Thu Aug 06 2026 22:45:54 GMT+0000 (Coordinated Universal Time),2,peduli kuatkan sumbar,peduli kuatkan sumbar,,,,,,
2026-08-07T05:20:10.790540+00:00,20260807-052010,https://trends24.in/indonesia/,Thu Aug 06 2026 22:45:54 GMT+0000 (Coordinated Universal Time),3,BPJS,bpjs,,,,,,
2026-08-07T05:20:10.790540+00:00,20260807-052010,https://trends24.in/indonesia/,Thu Aug 06 2026 22:45:54 GMT+0000 (Coordinated Universal Time),4,persib vs persebaya,persib vs persebaya,,,,,,
2026-08-07T05:20:10.790540+00:00,20260807-052010,https://trends24.in/indonesia/,Thu Aug 06 2026 22:45:54 GMT+0000 (Coordinated Universal Time),5,#MensFolioThailand,mensfoliothailand,,,,,,
2026-08-07T05:20:10.790540+00:00,20260807-052010,https://trends24.in/indonesia/,Thu Aug 06 2026 22:45:54 GMT+0000 (Coordinated Universal Time),6,#JUMAVVA,jumavva,,,,,,
2026-08-07T05:20:10.790540+00:00,20260807-052010,https://trends24.in/indonesia/,Thu Aug 06 2026 22:45:54 GMT+0000 (Coordinated Universal Time),7,#FinalPialaPresiden2026,finalpialapresiden2026,,,,,,
2026-08-07T05:20:10.790540+00:00,20260807-052010,https://trends24.in/indonesia/,Thu Aug 06 2026 22:45:54 GMT+0000 (Coordinated Universal Time),8,#à¹à¸à¸­à¸°à¸à¸­à¸¢à¸­à¸´à¸à¸à¸­à¸¢à¸à¸²à¸£à¹à¸à¸µà¹,à¹à¸à¸­à¸°à¸à¸­à¸¢à¸­à¸´à¸à¸à¸­à¸¢à¸à¸²à¸£à¹à¸à¸µà¹,,,,,,
2026-08-07T05:20:10.790540+00:00,20260807-052010,https://trends24.in/indonesia/,Thu Aug 06 2026 22:45:54 GMT+0000 (Coordinated Universal Time),9,SANTA VITAMIN ENRICHED,santa vitamin enriched,,,,,,
2026-08-07T05:20:10.790540+00:00,20260807-052010,https://trends24.in/indonesia/,Thu Aug 06 2026 22:45:54 GMT+0000 (Coordinated Universal Time),10,JGG FAM SPIDER MAN,jgg fam spider man,,,,,,
2026-08-07T05:20:10.790540+00:00,20260807-052010,https://trends24.in/indonesia/,Thu Aug 06 2026 22:45:54 GMT+0000 (Coordinated Universal Time),11,Rodri,rodri,,,,,,
2026-08-07T05:20:10.790540+00:00,20260807-052010,https://trends24.in/indonesia/,Thu Aug 06 2026 22:45:54 GMT+0000 (Coordinated Universal Time),12,PONDPHUWIN GRAB BONCHON,pondphuwin grab bonchon,,,,,,
2026-08-07T05:20:10.790540+00:00,20260807-052010,https://trends24.in/indonesia/,Thu Aug 06 2026 22:45:54 GMT+0000 (Coordinated Universal Time),13,persija vs arema,persija vs arema,,,,,,
2026-08-07T05:20:10.790540+00:00,20260807-052010,https://trends24.in/indonesia/,Thu Aug 06 2026 22:45:54 GMT+0000 (Coordinated Universal Time),14,Bersama Pasti Ada Jalan,bersama pasti ada jalan,,,,,,
2026-08-07T05:20:10.790540+00:00,20260807-052010,https://trends24.in/indonesia/,Thu Aug 06 2026 22:45:54 GMT+0000 (Coordinated Universal Time),15,fokus kerja strategis,fokus kerja strategis,,,,,,
2026-08-07T05:20:10.790540+00:00,20260807-052010,https://trends24.in/indonesia/,Thu Aug 06 2026 22:45:54 GMT+0000 (Coordinated Universal Time),16,ai untuk semua,ai untuk semua,,,,,,
2026-08-07T05:20:10.790540+00:00,20260807-052010,https://trends24.in/indonesia/,Thu Aug 06 2026 22:45:54 GMT+0000 (Coordinated Universal Time),17,chitato & chitato lite,chitato & chitato lite,,,,,,
2026-08-07T05:20:10.790540+00:00,20260807-052010,https://trends24.in/indonesia/,Thu Aug 06 2026 22:45:54 GMT+0000 (Coordinated Universal Time),18,WITH LOVE TO NI-KI,with love to ni-ki,,,,,,
2026-08-07T05:20:10.790540+00:00,20260807-052010,https://trends24.in/indonesia/,Thu Aug 06 2026 22:45:54 GMT+0000 (Coordinated Universal Time),19,EST IN FANTA FANTASIES,est in fanta fantasies,,,,,,
2026-08-07T05:20:10.790540+00:00,20260807-052010,https://trends24.in/indonesia/,Thu Aug 06 2026 22:45:54 GMT+0000 (Coordinated Universal Time),20,GAWIN GONE AWAY TPOPSTAGE,gawin gone away tpopstage,,,,,,
2026-08-07T05:20:10.790540+00:00,20260807-052010,https://trends24.in/indonesia/,Thu Aug 06 2026 22:45:54 GMT+0000 (Coordinated Universal Time),21,KALOG Express,kalog express,,,,,,
2026-08-07T05:20:10.790540+00:00,20260807-052010,https://trends24.in/indonesia/,Thu Aug 06 2026 22:45:54 GMT+0000 (Coordinated Universal Time),22,$LESTER,$lester,,,,,,
2026-08-07T05:20:10.790540+00:00,20260807-052010,https://trends24.in/indonesia/,Thu Aug 06 2026 22:45:54 GMT+0000 (Coordinated Universal Time),23,KALOG Plus,kalog plus,,,,,,
2026-08-07T05:20:10.790540+00:00,20260807-052010,https://trends24.in/indonesia/,Thu Aug 06 2026 22:45:54 GMT+0000 (Coordinated Universal Time),24,KALOG Pro,kalog pro,,,,,,
2026-08-07T05:20:10.790540+00:00,20260807-052010,https://trends24.in/indonesia/,Thu Aug 06 2026 22:45:54 GMT+0000 (Coordinated Universal Time),25,Jumat,jumat,,,,,,
2026-08-07T05:20:10.790540+00:00,20260807-052010,https://trends24.in/indonesia/,Thu Aug 06 2026 22:45:54 GMT+0000 (Coordinated Universal Time),26,MOONSHADOW SPECIAL EP,moonshadow special ep,,,,,,
2026-08-07T05:20:10.790540+00:00,20260807-052010,https://trends24.in/indonesia/,Thu Aug 06 2026 22:45:54 GMT+0000 (Coordinated Universal Time),27,Barca,barca,,,,,,
2026-08-07T05:20:10.790540+00:00,20260807-052010,https://trends24.in/indonesia/,Thu Aug 06 2026 22:45:54 GMT+0000 (Coordinated Universal Time),28,Blingy Jets Teaser D2,blingy jets teaser d2,,,,,,
2026-08-07T05:20:10.790540+00:00,20260807-052010,https://trends24.in/indonesia/,Thu Aug 06 2026 22:45:54 GMT+0000 (Coordinated Universal Time),29,Madrid,madrid,,,,,,
2026-08-07T05:20:10.790540+00:00,20260807-052010,https://trends24.in/indonesia/,Thu Aug 06 2026 22:45:54 GMT+0000 (Coordinated Universal Time),30,blackpink,blackpink,,,,,,
2026-08-07T05:20:10.790540+00:00,20260807-052010,https://trends24.in/indonesia/,Thu Aug 06 2026 22:45:54 GMT+0000 (Coordinated Universal Time),31,BRIN,brin,,,,,,
2026-08-07T05:20:10.790540+00:00,20260807-052010,https://trends24.in/indonesia/,Thu Aug 06 2026 22:45:54 GMT+0000 (Coordinated Universal Time),32,XL POIN,xl poin,,,,,,
2026-08-07T05:20:10.790540+00:00,20260807-052010,https://trends24.in/indonesia/,Thu Aug 06 2026 22:45:54 GMT+0000 (Coordinated Universal Time),33,Gojek,gojek,,,,,,
2026-08-07T05:20:10.790540+00:00,20260807-052010,https://trends24.in/indonesia/,Thu Aug 06 2026 22:45:54 GMT+0000 (Coordinated Universal Time),34,Nakes,nakes,,,,,,
2026-08-07T05:20:10.790540+00:00,20260807-052010,https://trends24.in/indonesia/,Thu Aug 06 2026 22:45:54 GMT+0000 (Coordinated Universal Time),35,ON AIR WITH DJ JAEMIN,on air with dj jaemin,,,,,,
2026-08-07T05:20:10.790540+00:00,20260807-052010,https://trends24.in/indonesia/,Thu Aug 06 2026 22:45:54 GMT+0000 (Coordinated Universal Time),36,BE MY PLAYER TWO EP4,be my player two ep4,,,,,,
2026-08-07T05:20:10.790540+00:00,20260807-052010,https://trends24.in/indonesia/,Thu Aug 06 2026 22:45:54 GMT+0000 (Coordinated Universal Time),37,Nikita Bier,nikita bier,,,,,,
2026-08-07T05:20:10.790540+00:00,20260807-052010,https://trends24.in/indonesia/,Thu Aug 06 2026 22:45:54 GMT+0000 (Coordinated Universal Time),38,Happy 6th,happy 6th,,,,,,
2026-08-07T05:20:10.790540+00:00,20260807-052010,https://trends24.in/indonesia/,Thu Aug 06 2026 22:45:54 GMT+0000 (Coordinated Universal Time),39,senada jebloskan dipa,senada jebloskan dipa,,,,,,
2026-08-07T05:20:10.790540+00:00,20260807-052010,https://trends24.in/indonesia/,Thu Aug 06 2026 22:45:54 GMT+0000 (Coordinated Universal Time),40,Ramon,ramon,,,,,,
2026-08-07T05:20:10.790540+00:00,20260807-052010,https://trends24.in/indonesia/,Thu Aug 06 2026 22:45:54 GMT+0000 (Coordinated Universal Time),41,kedaulatan indonesia,kedaulatan indonesia,,,,,,
2026-08-07T05:20:10.790540+00:00,20260807-052010,https://trends24.in/indonesia/,Thu Aug 06 2026 22:45:54 GMT+0000 (Coordinated Universal Time),42,fitrah,fitrah,,,,,,
2026-08-07T05:20:10.790540+00:00,20260807-052010,https://trends24.in/indonesia/,Thu Aug 06 2026 22:45:54 GMT+0000 (Coordinated Universal Time),43,Hamra,hamra,,,,,,
2026-08-07T05:20:10.790540+00:00,20260807-052010,https://trends24.in/indonesia/,Thu Aug 06 2026 22:45:54 GMT+0000 (Coordinated Universal Time),44,JANJINGJING RUN STAR CRUSH,janjingjing run star crush,,,,,,
2026-08-07T05:20:10.790540+00:00,20260807-052010,https://trends24.in/indonesia/,Thu Aug 06 2026 22:45:54 GMT+0000 (Coordinated Universal Time),45,Perez Hilton,perez hilton,,,,,,
2026-08-07T05:20:10.790540+00:00,20260807-052010,https://trends24.in/indonesia/,Thu Aug 06 2026 22:45:54 GMT+0000 (Coordinated Universal Time),46,Kamis,kamis,,,,,,
2026-08-07T05:20:10.790540+00:00,20260807-052010,https://trends24.in/indonesia/,Thu Aug 06 2026 22:45:54 GMT+0000 (Coordinated Universal Time),47,Rans,rans,,,,,,
2026-08-07T05:20:10.790540+00:00,20260807-052010,https://trends24.in/indonesia/,Thu Aug 06 2026 22:45:54 GMT+0000 (Coordinated Universal Time),48,UNLUCKYBAE EPISODE 1,unluckybae episode 1,,,,,,
2026-08-07T05:20:10.790540+00:00,20260807-052010,https://trends24.in/indonesia/,Thu Aug 06 2026 22:45:54 GMT+0000 (Coordinated Universal Time),49,bnpb,bnpb,,,,,,
2026-08-07T05:20:10.790540+00:00,20260807-052010,https://trends24.in/indonesia/,Thu Aug 06 2026 22:45:54 GMT+0000 (Coordinated Universal Time),50,hyper-ego artemis ascendant,hyper-ego artemis ascendant,,,,,,
2026-08-07T05:20:10.790540+00:00,20260807-052010,https://trends24.in/indonesia/,Thu Aug 06 2026 21:54:53 GMT+0000 (Coordinated Universal Time),1,#TREASURE6thANNIVERSARY,treasure6thanniversary,,,,,,
2026-08-07T05:20:10.790540+00:00,20260807-052010,https://trends24.in/indonesia/,Thu Aug 06 2026 21:54:53 GMT+0000 (Coordinated Universal Time),2,peduli kuatkan sumbar,peduli kuatkan sumbar,,,,,,
2026-08-07T05:20:10.790540+00:00,20260807-052010,https://trends24.in/indonesia/,Thu Aug 06 2026 21:54:53 GMT+0000 (Coordinated Universal Time),3,BPJS,bpjs,,,,,,
2026-08-07T05:20:10.790540+00:00,20260807-052010,https://trends24.in/indonesia/,Thu Aug 06 2026 21:54:53 GMT+0000 (Coordinated Universal Time),4,persib vs persebaya,persib vs persebaya,,,,,,
2026-08-07T05:20:10.790540+00:00,20260807-052010,https://trends24.in/indonesia/,Thu Aug 06 2026 21:54:53 GMT+0000 (Coordinated Universal Time),5,#BobbiBrownTHxSANTA,bobbibrownthxsanta,,,,,,
2026-08-07T05:20:10.790540+00:00,20260807-052010,https://trends24.in/indonesia/,Thu Aug 06 2026 21:54:53 GMT+0000 (Coordinated Universal Time),6,SANTA VITAMIN ENRICHED,santa vitamin enriched,,,,,,
2026-08-07T05:20:10.790540+00:00,20260807-052010,https://trends24.in/indonesia/,Thu Aug 06 2026 21:54:53 GMT+0000 (Coordinated Universal Time),7,#JUMAVVA,jumavva,,,,,,
2026-08-07T05:20:10.790540+00:00,20260807-052010,https://trends24.in/indonesia/,Thu Aug 06 2026 21:54:53 GMT+0000 (Coordinated Universal Time),8,#MensFolioThailand,mensfoliothailand,,,,,,
2026-08-07T05:20:10.790540+00:00,20260807-052010,https://trends24.in/indonesia/,Thu Aug 06 2026 21:54:53 GMT+0000 (Coordinated Universal Time),9,#à¹à¸à¸­à¸°à¸à¸­à¸¢à¸­à¸´à¸à¸à¸­à¸¢à¸à¸²à¸£à¹à¸à¸µà¹,à¹à¸à¸­à¸°à¸à¸­à¸¢à¸­à¸´à¸à¸à¸­à¸¢à¸à¸²à¸£à¹à¸à¸µà¹,,,,,,
2026-08-07T05:20:10.790540+00:00,20260807-052010,https://trends24.in/indonesia/,Thu Aug 06 2026 21:54:53 GMT+0000 (Coordinated Universal Time),10,JGG FAM SPIDER MAN,jgg fam spider man,,,,,,
2026-08-07T05:20:10.790540+00:00,20260807-052010,https://trends24.in/indonesia/,Thu Aug 06 2026 21:54:53 GMT+0000 (Coordinated Universal Time),11,Rodri,rodri,,,,,,
2026-08-07T05:20:10.790540+00:00,20260807-052010,https://trends24.in/indonesia/,Thu Aug 06 2026 21:54:53 GMT+0000 (Coordinated Universal Time),12,PONDPHUWIN GRAB BONCHON,pondphuwin grab bonchon,,,,,,
2026-08-07T05:20:10.790540+00:00,20260807-052010,https://trends24.in/indonesia/,Thu Aug 06 2026 21:54:53 GMT+0000 (Coordinated Universal Time),13,persija vs arema,persija vs arema,,,,,,
2026-08-07T05:20:10.790540+00:00,20260807-052010,https://trends24.in/indonesia/,Thu Aug 06 2026 21:54:53 GMT+0000 (Coordinated Universal Time),14,Bersama Pasti Ada Jalan,bersama pasti ada jalan,,,,,,
2026-08-07T05:20:10.790540+00:00,20260807-052010,https://trends24.in/indonesia/,Thu Aug 06 2026 21:54:53 GMT+0000 (Coordinated Universal Time),15,fokus kerja strategis,fokus kerja strategis,,,,,,
2026-08-07T05:20:10.790540+00:00,20260807-052010,https://trends24.in/indonesia/,Thu Aug 06 2026 21:54:53 GMT+0000 (Coordinated Universal Time),16,ai untuk semua,ai untuk semua,,,,,,
2026-08-07T05:20:10.790540+00:00,20260807-052010,https://trends24.in/indonesia/,Thu Aug 06 2026 21:54:53 GMT+0000 (Coordinated Universal Time),17,WITH LOVE TO NI-KI,with love to ni-ki,,,,,,
2026-08-07T05:20:10.790540+00:00,20260807-052010,https://trends24.in/indonesia/,Thu Aug 06 2026 21:54:53 GMT+0000 (Coordinated Universal Time),18,chitato & chitato lite,chitato & chitato lite,,,,,,
2026-08-07T05:20:10.790540+00:00,20260807-052010,https://trends24.in/indonesia/,Thu Aug 06 2026 21:54:53 GMT+0000 (Coordinated Universal Time),19,EST IN FANTA FANTASIES,est in fanta fantasies,,,,,,
2026-08-07T05:20:10.790540+00:00,20260807-052010,https://trends24.in/indonesia/,Thu Aug 06 2026 21:54:53 GMT+0000 (Coordinated Universal Time),20,GAWIN GONE AWAY TPOPSTAGE,gawin gone away tpopstage,,,,,,
2026-08-07T05:20:10.790540+00:00,20260807-052010,https://trends24.in/indonesia/,Thu Aug 06 2026 21:54:53 GMT+0000 (Coordinated Universal Time),21,$LESTER,$lester,,,,,,
2026-08-07T05:20:10.790540+00:00,20260807-052010,https://trends24.in/indonesia/,Thu Aug 06 2026 21:54:53 GMT+0000 (Coordinated Universal Time),22,KALOG Pro,kalog pro,,,,,,
2026-08-07T05:20:10.790540+00:00,20260807-052010,https://trends24.in/indonesia/,Thu Aug 06 2026 21:54:53 GMT+0000 (Coordinated Universal Time),23,KALOG Plus,kalog plus,,,,,,
2026-08-07T05:20:10.790540+00:00,20260807-052010,https://trends24.in/indonesia/,Thu Aug 06 2026 21:54:53 GMT+0000 (Coordinated Universal Time),24,KALOG Express,kalog express,,,,,,
2026-08-07T05:20:10.790540+00:00,20260807-052010,https://trends24.in/indonesia/,Thu Aug 06 2026 21:54:53 GMT+0000 (Coordinated Universal Time),25,Malam Jumat,malam jumat,,,,,,
2026-08-07T05:20:10.790540+00:00,20260807-052010,https://trends24.in/indonesia/,Thu Aug 06 2026 21:54:53 GMT+0000 (Coordinated Universal Time),26,MOONSHADOW SPECIAL EP,moonshadow special ep,,,,,,
2026-08-07T05:20:10.790540+00:00,20260807-052010,https://trends24.in/indonesia/,Thu Aug 06 2026 21:54:53 GMT+0000 (Coordinated Universal Time),27,Blingy Jets Teaser D2,blingy jets teaser d2,,,,,,
2026-08-07T05:20:10.790540+00:00,20260807-052010,https://trends24.in/indonesia/,Thu Aug 06 2026 21:54:53 GMT+0000 (Coordinated Universal Time),28,Barca,barca,,,,,,
2026-08-07T05:20:10.790540+00:00,20260807-052010,https://trends24.in/indonesia/,Thu Aug 06 2026 21:54:53 GMT+0000 (Coordinated Universal Time),29,blackpink,blackpink,,,,,,
2026-08-07T05:20:10.790540+00:00,20260807-052010,https://trends24.in/indonesia/,Thu Aug 06 2026 21:54:53 GMT+0000 (Coordinated Universal Time),30,Madrid,madrid,,,,,,
2026-08-07T05:20:10.790540+00:00,20260807-052010,https://trends24.in/indonesia/,Thu Aug 06 2026 21:54:53 GMT+0000 (Coordinated Universal Time),31,the grim lover q20,the grim lover q20,,,,,,
2026-08-07T05:20:10.790540+00:00,20260807-052010,https://trends24.in/indonesia/,Thu Aug 06 2026 21:54:53 GMT+0000 (Coordinated Universal Time),32,XL POIN,xl poin,,,,,,
2026-08-07T05:20:10.790540+00:00,20260807-052010,https://trends24.in/indonesia/,Thu Aug 06 2026 21:54:53 GMT+0000 (Coordinated Universal Time),33,Nakes,nakes,,,,,,
2026-08-07T05:20:10.790540+00:00,20260807-052010,https://trends24.in/indonesia/,Thu Aug 06 2026 21:54:53 GMT+0000 (Coordinated Universal Time),34,Gojek,gojek,,,,,,
2026-08-07T05:20:10.790540+00:00,20260807-052010,https://trends24.in/indonesia/,Thu Aug 06 2026 21:54:53 GMT+0000 (Coordinated Universal Time),35,BRIN,brin,,,,,,
2026-08-07T05:20:10.790540+00:00,20260807-052010,https://trends24.in/indonesia/,Thu Aug 06 2026 21:54:53 GMT+0000 (Coordinated Universal Time),36,ON AIR WITH DJ JAEMIN,on air with dj jaemin,,,,,,
2026-08-07T05:20:10.790540+00:00,20260807-052010,https://trends24.in/indonesia/,Thu Aug 06 2026 21:54:53 GMT+0000 (Coordinated Universal Time),37,BE MY PLAYER TWO EP4,be my player two ep4,,,,,,
2026-08-07T05:20:10.790540+00:00,20260807-052010,https://trends24.in/indonesia/,Thu Aug 06 2026 21:54:53 GMT+0000 (Coordinated Universal Time),38,Nikita Bier,nikita bier,,,,,,
2026-08-07T05:20:10.790540+00:00,20260807-052010,https://trends24.in/indonesia/,Thu Aug 06 2026 21:54:53 GMT+0000 (Coordinated Universal Time),39,Ramon,ramon,,,,,,
2026-08-07T05:20:10.790540+00:00,20260807-052010,https://trends24.in/indonesia/,Thu Aug 06 2026 21:54:53 GMT+0000 (Coordinated Universal Time),40,Happy 6th,happy 6th,,,,,,
2026-08-07T05:20:10.790540+00:00,20260807-052010,https://trends24.in/indonesia/,Thu Aug 06 2026 21:54:53 GMT+0000 (Coordinated Universal Time),41,senada jebloskan dipa,senada jebloskan dipa,,,,,,
2026-08-07T05:20:10.790540+00:00,20260807-052010,https://trends24.in/indonesia/,Thu Aug 06 2026 21:54:53 GMT+0000 (Coordinated Universal Time),42,kedaulatan indonesia,kedaulatan indonesia,,,,,,
2026-08-07T05:20:10.790540+00:00,20260807-052010,https://trends24.in/indonesia/,Thu Aug 06 2026 21:54:53 GMT+0000 (Coordinated Universal Time),43,Fitrah,fitrah,,,,,,
2026-08-07T05:20:10.790540+00:00,20260807-052010,https://trends24.in/indonesia/,Thu Aug 06 2026 21:54:53 GMT+0000 (Coordinated Universal Time),44,Hamra,hamra,,,,,,
2026-08-07T05:20:10.790540+00:00,20260807-052010,https://trends24.in/indonesia/,Thu Aug 06 2026 21:54:53 GMT+0000 (Coordinated Universal Time),45,Kamis,kamis,,,,,,
2026-08-07T05:20:10.790540+00:00,20260807-052010,https://trends24.in/indonesia/,Thu Aug 06 2026 21:54:53 GMT+0000 (Coordinated Universal Time),46,JANJINGJING RUN STAR CRUSH,janjingjing run star crush,,,,,,
2026-08-07T05:20:10.790540+00:00,20260807-052010,https://trends24.in/indonesia/,Thu Aug 06 2026 21:54:53 GMT+0000 (Coordinated Universal Time),47,Perez Hilton,perez hilton,,,,,,
2026-08-07T05:20:10.790540+00:00,20260807-052010,https://trends24.in/indonesia/,Thu Aug 06 2026 21:54:53 GMT+0000 (Coordinated Universal Time),48,Rans,rans,,,,,,
2026-08-07T05:20:10.790540+00:00,20260807-052010,https://trends24.in/indonesia/,Thu Aug 06 2026 21:54:53 GMT+0000 (Coordinated Universal Time),49,UNLUCKYBAE EPISODE 1,unluckybae episode 1,,,,,,
2026-08-07T05:20:10.790540+00:00,20260807-052010,https://trends24.in/indonesia/,Thu Aug 06 2026 21:54:53 GMT+0000 (Coordinated Universal Time),50,bnpb,bnpb,,,,,,
2026-08-07T05:20:10.790540+00:00,20260807-052010,https://trends24.in/indonesia/,Thu Aug 06 2026 21:03:42 GMT+0000 (Coordinated Universal Time),1,#TREASURE6thANNIVERSARY,treasure6thanniversary,,,,,,
2026-08-07T05:20:10.790540+00:00,20260807-052010,https://trends24.in/indonesia/,Thu Aug 06 2026 21:03:42 GMT+0000 (Coordinated Universal Time),2,peduli kuatkan sumbar,peduli kuatkan sumbar,,,,,,
2026-08-07T05:20:10.790540+00:00,20260807-052010,https://trends24.in/indonesia/,Thu Aug 06 2026 21:03:42 GMT+0000 (Coordinated Universal Time),3,BPJS,bpjs,,,,,,
2026-08-07T05:20:10.790540+00:00,20260807-052010,https://trends24.in/indonesia/,Thu Aug 06 2026 21:03:42 GMT+0000 (Coordinated Universal Time),4,Persib vs Persebaya,persib vs persebaya,,,,,,
2026-08-07T05:20:10.790540+00:00,20260807-052010,https://trends24.in/indonesia/,Thu Aug 06 2026 21:03:42 GMT+0000 (Coordinated Universal Time),5,#JUMAVVA,jumavva,,,,,,
2026-08-07T05:20:10.790540+00:00,20260807-052010,https://trends24.in/indonesia/,Thu Aug 06 2026 21:03:42 GMT+0000 (Coordinated Universal Time),6,#BobbiBrownTHxSANTA,bobbibrownthxsanta,,,,,,
2026-08-07T05:20:10.790540+00:00,20260807-052010,https://trends24.in/indonesia/,Thu Aug 06 2026 21:03:42 GMT+0000 (Coordinated Universal Time),7,SANTA VITAMIN ENRICHED,santa vitamin enriched,,,,,,
2026-08-07T05:20:10.790540+00:00,20260807-052010,https://trends24.in/indonesia/,Thu Aug 06 2026 21:03:42 GMT+0000 (Coordinated Universal Time),8,#MensFolioThailand,mensfoliothailand,,,,,,
2026-08-07T05:20:10.790540+00:00,20260807-052010,https://trends24.in/indonesia/,Thu Aug 06 2026 21:03:42 GMT+0000 (Coordinated Universal Time),9,#à¹à¸à¸­à¸°à¸à¸­à¸¢à¸­à¸´à¸à¸à¸­à¸¢à¸à¸²à¸£à¹à¸à¸µà¹,à¹à¸à¸­à¸°à¸à¸­à¸¢à¸­à¸´à¸à¸à¸­à¸¢à¸à¸²à¸£à¹à¸à¸µà¹,,,,,,
2026-08-07T05:20:10.790540+00:00,20260807-052010,https://trends24.in/indonesia/,Thu Aug 06 2026 21:03:42 GMT+0000 (Coordinated Universal Time),10,JGG FAM SPIDER MAN,jgg fam spider man,,,,,,
2026-08-07T05:20:10.790540+00:00,20260807-052010,https://trends24.in/indonesia/,Thu Aug 06 2026 21:03:42 GMT+0000 (Coordinated Universal Time),11,PONDPHUWIN GRAB BONCHON,pondphuwin grab bonchon,,,,,,
2026-08-07T05:20:10.790540+00:00,20260807-052010,https://trends24.in/indonesia/,Thu Aug 06 2026 21:03:42 GMT+0000 (Coordinated Universal Time),12,Rodri,rodri,,,,,,
2026-08-07T05:20:10.790540+00:00,20260807-052010,https://trends24.in/indonesia/,Thu Aug 06 2026 21:03:42 GMT+0000 (Coordinated Universal Time),13,persija vs arema,persija vs arema,,,,,,
2026-08-07T05:20:10.790540+00:00,20260807-052010,https://trends24.in/indonesia/,Thu Aug 06 2026 21:03:42 GMT+0000 (Coordinated Universal Time),14,Bersama Pasti Ada Jalan,bersama pasti ada jalan,,,,,,
2026-08-07T05:20:10.790540+00:00,20260807-052010,https://trends24.in/indonesia/,Thu Aug 06 2026 21:03:42 GMT+0000 (Coordinated Universal Time),15,fokus kerja strategis,fokus kerja strategis,,,,,,
2026-08-07T05:20:10.790540+00:00,20260807-052010,https://trends24.in/indonesia/,Thu Aug 06 2026 21:03:42 GMT+0000 (Coordinated Universal Time),16,ai untuk semua,ai untuk semua,,,,,,
2026-08-07T05:20:10.790540+00:00,20260807-052010,https://trends24.in/indonesia/,Thu Aug 06 2026 21:03:42 GMT+0000 (Coordinated Universal Time),17,WITH LOVE TO NI-KI,with love to ni-ki,,,,,,
2026-08-07T05:20:10.790540+00:00,20260807-052010,https://trends24.in/indonesia/,Thu Aug 06 2026 21:03:42 GMT+0000 (Coordinated Universal Time),18,EST IN FANTA FANTASIES,est in fanta fantasies,,,,,,
2026-08-07T05:20:10.790540+00:00,20260807-052010,https://trends24.in/indonesia/,Thu Aug 06 2026 21:03:42 GMT+0000 (Coordinated Universal Time),19,chitato & chitato lite,chitato & chitato lite,,,,,,
2026-08-07T05:20:10.790540+00:00,20260807-052010,https://trends24.in/indonesia/,Thu Aug 06 2026 21:03:42 GMT+0000 (Coordinated Universal Time),20,GAWIN GONE AWAY TPOPSTAGE,gawin gone away tpopstage,,,,,,
2026-08-07T05:20:10.790540+00:00,20260807-052010,https://trends24.in/indonesia/,Thu Aug 06 2026 21:03:42 GMT+0000 (Coordinated Universal Time),21,$LESTER,$lester,,,,,,
2026-08-07T05:20:10.790540+00:00,20260807-052010,https://trends24.in/indonesia/,Thu Aug 06 2026 21:03:42 GMT+0000 (Coordinated Universal Time),22,KALOG Express,kalog express,,,,,,
2026-08-07T05:20:10.790540+00:00,20260807-052010,https://trends24.in/indonesia/,Thu Aug 06 2026 21:03:42 GMT+0000 (Coordinated Universal Time),23,KALOG Pro,kalog pro,,,,,,
2026-08-07T05:20:10.790540+00:00,20260807-052010,https://trends24.in/indonesia/,Thu Aug 06 2026 21:03:42 GMT+0000 (Coordinated Universal Time),24,KALOG Plus,kalog plus,,,,,,
2026-08-07T05:20:10.790540+00:00,20260807-052010,https://trends24.in/indonesia/,Thu Aug 06 2026 21:03:42 GMT+0000 (Coordinated Universal Time),25,Malam Jumat,malam jumat,,,,,,
2026-08-07T05:20:10.790540+00:00,20260807-052010,https://trends24.in/indonesia/,Thu Aug 06 2026 21:03:42 GMT+0000 (Coordinated Universal Time),26,MOONSHADOW SPECIAL EP,moonshadow special ep,,,,,,
2026-08-07T05:20:10.790540+00:00,20260807-052010,https://trends24.in/indonesia/,Thu Aug 06 2026 21:03:42 GMT+0000 (Coordinated Universal Time),27,Ramon,ramon,,,,,,
2026-08-07T05:20:10.790540+00:00,20260807-052010,https://trends24.in/indonesia/,Thu Aug 06 2026 21:03:42 GMT+0000 (Coordinated Universal Time),28,Blingy Jets Teaser D2,blingy jets teaser d2,,,,,,
2026-08-07T05:20:10.790540+00:00,20260807-052010,https://trends24.in/indonesia/,Thu Aug 06 2026 21:03:42 GMT+0000 (Coordinated Universal Time),29,Barca,barca,,,,,,
2026-08-07T05:20:10.790540+00:00,20260807-052010,https://trends24.in/indonesia/,Thu Aug 06 2026 21:03:42 GMT+0000 (Coordinated Universal Time),30,blackpink,blackpink,,,,,,
2026-08-07T05:20:10.790540+00:00,20260807-052010,https://trends24.in/indonesia/,Thu Aug 06 2026 21:03:42 GMT+0000 (Coordinated Universal Time),31,Madrid,madrid,,,,,,
2026-08-07T05:20:10.790540+00:00,20260807-052010,https://trends24.in/indonesia/,Thu Aug 06 2026 21:03:42 GMT+0000 (Coordinated Universal Time),32,the grim lover q20,the grim lover q20,,,,,,
2026-08-07T05:20:10.790540+00:00,20260807-052010,https://trends24.in/indonesia/,Thu Aug 06 2026 21:03:42 GMT+0000 (Coordinated Universal Time),33,XL POIN,xl poin,,,,,,
2026-08-07T05:20:10.790540+00:00,20260807-052010,https://trends24.in/indonesia/,Thu Aug 06 2026 21:03:42 GMT+0000 (Coordinated Universal Time),34,Nakes,nakes,,,,,,
2026-08-07T05:20:10.790540+00:00,20260807-052010,https://trends24.in/indonesia/,Thu Aug 06 2026 21:03:42 GMT+0000 (Coordinated Universal Time),35,Gojek,gojek,,,,,,
2026-08-07T05:20:10.790540+00:00,20260807-052010,https://trends24.in/indonesia/,Thu Aug 06 2026 21:03:42 GMT+0000 (Coordinated Universal Time),36,BRIN,brin,,,,,,
2026-08-07T05:20:10.790540+00:00,20260807-052010,https://trends24.in/indonesia/,Thu Aug 06 2026 21:03:42 GMT+0000 (Coordinated Universal Time),37,ON AIR WITH DJ JAEMIN,on air with dj jaemin,,,,,,
2026-08-07T05:20:10.790540+00:00,20260807-052010,https://trends24.in/indonesia/,Thu Aug 06 2026 21:03:42 GMT+0000 (Coordinated Universal Time),38,BE MY PLAYER TWO EP4,be my player two ep4,,,,,,
2026-08-07T05:20:10.790540+00:00,20260807-052010,https://trends24.in/indonesia/,Thu Aug 06 2026 21:03:42 GMT+0000 (Coordinated Universal Time),39,Nikita Bier,nikita bier,,,,,,
2026-08-07T05:20:10.790540+00:00,20260807-052010,https://trends24.in/indonesia/,Thu Aug 06 2026 21:03:42 GMT+0000 (Coordinated Universal Time),40,Happy 6th,happy 6th,,,,,,
2026-08-07T05:20:10.790540+00:00,20260807-052010,https://trends24.in/indonesia/,Thu Aug 06 2026 21:03:42 GMT+0000 (Coordinated Universal Time),41,Kamis,kamis,,,,,,
2026-08-07T05:20:10.790540+00:00,20260807-052010,https://trends24.in/indonesia/,Thu Aug 06 2026 21:03:42 GMT+0000 (Coordinated Universal Time),42,senada jebloskan dipa,senada jebloskan dipa,,,,,,
2026-08-07T05:20:10.790540+00:00,20260807-052010,https://trends24.in/indonesia/,Thu Aug 06 2026 21:03:42 GMT+0000 (Coordinated Universal Time),43,kedaulatan indonesia,kedaulatan indonesia,,,,,,
2026-08-07T05:20:10.790540+00:00,20260807-052010,https://trends24.in/indonesia/,Thu Aug 06 2026 21:03:42 GMT+0000 (Coordinated Universal Time),44,Hamra,hamra,,,,,,
2026-08-07T05:20:10.790540+00:00,20260807-052010,https://trends24.in/indonesia/,Thu Aug 06 2026 21:03:42 GMT+0000 (Coordinated Universal Time),45,Fitrah,fitrah,,,,,,
2026-08-07T05:20:10.790540+00:00,20260807-052010,https://trends24.in/indonesia/,Thu Aug 06 2026 21:03:42 GMT+0000 (Coordinated Universal Time),46,JANJINGJING RUN STAR CRUSH,janjingjing run star crush,,,,,,
2026-08-07T05:20:10.790540+00:00,20260807-052010,https://trends24.in/indonesia/,Thu Aug 06 2026 21:03:42 GMT+0000 (Coordinated Universal Time),47,Perez Hilton,perez hilton,,,,,,
2026-08-07T05:20:10.790540+00:00,20260807-052010,https://trends24.in/indonesia/,Thu Aug 06 2026 21:03:42 GMT+0000 (Coordinated Universal Time),48,UNLUCKYBAE EPISODE 1,unluckybae episode 1,,,,,,
2026-08-07T05:20:10.790540+00:00,20260807-052010,https://trends24.in/indonesia/,Thu Aug 06 2026 21:03:42 GMT+0000 (Coordinated Universal Time),49,RANS,rans,,,,,,
2026-08-07T05:20:10.790540+00:00,20260807-052010,https://trends24.in/indonesia/,Thu Aug 06 2026 21:03:42 GMT+0000 (Coordinated Universal Time),50,bnpb,bnpb,,,,,,
2026-08-07T05:20:10.790540+00:00,20260807-052010,https://trends24.in/indonesia/,Thu Aug 06 2026 20:12:17 GMT+0000 (Coordinated Universal Time),1,#TREASURE6thANNIVERSARY,treasure6thanniversary,,,,,,
2026-08-07T05:20:10.790540+00:00,20260807-052010,https://trends24.in/indonesia/,Thu Aug 06 2026 20:12:17 GMT+0000 (Coordinated Universal Time),2,Rodri,rodri,,,,,,
2026-08-07T05:20:10.790540+00:00,20260807-052010,https://trends24.in/indonesia/,Thu Aug 06 2026 20:12:17 GMT+0000 (Coordinated Universal Time),3,Persebaya,persebaya,,,,,,
2026-08-07T05:20:10.790540+00:00,20260807-052010,https://trends24.in/indonesia/,Thu Aug 06 2026 20:12:17 GMT+0000 (Coordinated Universal Time),4,#TPOPSTAGExGAWIN,tpopstagexgawin,,,,,,
2026-08-07T05:20:10.790540+00:00,20260807-052010,https://trends24.in/indonesia/,Thu Aug 06 2026 20:12:17 GMT+0000 (Coordinated Universal Time),5,Ramon,ramon,,,,,,
2026-08-07T05:20:10.790540+00:00,20260807-052010,https://trends24.in/indonesia/,Thu Aug 06 2026 20:12:17 GMT+0000 (Coordinated Universal Time),6,GAWIN GONE AWAY TPOPSTAGE,gawin gone away tpopstage,,,,,,
2026-08-07T05:20:10.790540+00:00,20260807-052010,https://trends24.in/indonesia/,Thu Aug 06 2026 20:12:17 GMT+0000 (Coordinated Universal Time),7,#MensFolioThailand,mensfoliothailand,,,,,,
2026-08-07T05:20:10.790540+00:00,20260807-052010,https://trends24.in/indonesia/,Thu Aug 06 2026 20:12:17 GMT+0000 (Coordinated Universal Time),8,#à¹à¸à¸­à¸°à¸à¸­à¸¢à¸­à¸´à¸à¸à¸­à¸¢à¸à¸²à¸£à¹à¸à¸µà¹,à¹à¸à¸­à¸°à¸à¸­à¸¢à¸­à¸´à¸à¸à¸­à¸¢à¸à¸²à¸£à¹à¸à¸µà¹,,,,,,
2026-08-07T05:20:10.790540+00:00,20260807-052010,https://trends24.in/indonesia/,Thu Aug 06 2026 20:12:17 GMT+0000 (Coordinated Universal Time),9,Malam Jumat,malam jumat,,,,,,
2026-08-07T05:20:10.790540+00:00,20260807-052010,https://trends24.in/indonesia/,Thu Aug 06 2026 20:12:17 GMT+0000 (Coordinated Universal Time),10,Madrid,madrid,,,,,,
2026-08-07T05:20:10.790540+00:00,20260807-052010,https://trends24.in/indonesia/,Thu Aug 06 2026 20:12:17 GMT+0000 (Coordinated Universal Time),11,#FinalPialaPresiden2026,finalpialapresiden2026,,,,,,
2026-08-07T05:20:10.790540+00:00,20260807-052010,https://trends24.in/indonesia/,Thu Aug 06 2026 20:12:17 GMT+0000 (Coordinated Universal Time),12,Happy 6th,happy 6th,,,,,,
2026-08-07T05:20:10.790540+00:00,20260807-052010,https://trends24.in/indonesia/,Thu Aug 06 2026 20:12:17 GMT+0000 (Coordinated Universal Time),13,Persib,persib,,,,,,
2026-08-07T05:20:10.790540+00:00,20260807-052010,https://trends24.in/indonesia/,Thu Aug 06 2026 20:12:17 GMT+0000 (Coordinated Universal Time),14,Hamra,hamra,,,,,,
2026-08-07T05:20:10.790540+00:00,20260807-052010,https://trends24.in/indonesia/,Thu Aug 06 2026 20:12:17 GMT+0000 (Coordinated Universal Time),15,Barca,barca,,,,,,
2026-08-07T05:20:10.790540+00:00,20260807-052010,https://trends24.in/indonesia/,Thu Aug 06 2026 20:12:17 GMT+0000 (Coordinated Universal Time),16,Blingy Jets Teaser D2,blingy jets teaser d2,,,,,,
2026-08-07T05:20:10.790540+00:00,20260807-052010,https://trends24.in/indonesia/,Thu Aug 06 2026 20:12:17 GMT+0000 (Coordinated Universal Time),17,KALOG Pro,kalog pro,,,,,,
2026-08-07T05:20:10.790540+00:00,20260807-052010,https://trends24.in/indonesia/,Thu Aug 06 2026 20:12:17 GMT+0000 (Coordinated Universal Time),18,KALOG Plus,kalog plus,,,,,,
2026-08-07T05:20:10.790540+00:00,20260807-052010,https://trends24.in/indonesia/,Thu Aug 06 2026 20:12:17 GMT+0000 (Coordinated Universal Time),19,KALOG Express,kalog express,,,,,,
2026-08-07T05:20:10.790540+00:00,20260807-052010,https://trends24.in/indonesia/,Thu Aug 06 2026 20:12:17 GMT+0000 (Coordinated Universal Time),20,connor,connor,,,,,,
2026-08-07T05:20:10.790540+00:00,20260807-052010,https://trends24.in/indonesia/,Thu Aug 06 2026 20:12:17 GMT+0000 (Coordinated Universal Time),21,Peralta,peralta,,,,,,
2026-08-07T05:20:10.790540+00:00,20260807-052010,https://trends24.in/indonesia/,Thu Aug 06 2026 20:12:17 GMT+0000 (Coordinated Universal Time),22,BE MY PLAYER TWO EP4,be my player two ep4,,,,,,
2026-08-07T05:20:10.790540+00:00,20260807-052010,https://trends24.in/indonesia/,Thu Aug 06 2026 20:12:17 GMT+0000 (Coordinated Universal Time),23,Perez,perez,,,,,,
2026-08-07T05:20:10.790540+00:00,20260807-052010,https://trends24.in/indonesia/,Thu Aug 06 2026 20:12:17 GMT+0000 (Coordinated Universal Time),24,Wangi,wangi,,,,,,
2026-08-07T05:20:10.790540+00:00,20260807-052010,https://trends24.in/indonesia/,Thu Aug 06 2026 20:12:17 GMT+0000 (Coordinated Universal Time),25,EST IN FANTA FANTASIES,est in fanta fantasies,,,,,,
2026-08-07T05:20:10.790540+00:00,20260807-052010,https://trends24.in/indonesia/,Thu Aug 06 2026 20:12:17 GMT+0000 (Coordinated Universal Time),26,PONDPHUWIN GRAB BONCHON,pondphuwin grab bonchon,,,,,,
2026-08-07T05:20:10.790540+00:00,20260807-052010,https://trends24.in/indonesia/,Thu Aug 06 2026 20:12:17 GMT+0000 (Coordinated Universal Time),27,BRIN,brin,,,,,,
2026-08-07T05:20:10.790540+00:00,20260807-052010,https://trends24.in/indonesia/,Thu Aug 06 2026 20:12:17 GMT+0000 (Coordinated Universal Time),28,Barcelona,barcelona,,,,,,
2026-08-07T05:20:10.790540+00:00,20260807-052010,https://trends24.in/indonesia/,Thu Aug 06 2026 20:12:17 GMT+0000 (Coordinated Universal Time),29,Yan Diomande,yan diomande,,,,,,
2026-08-07T05:20:10.790540+00:00,20260807-052010,https://trends24.in/indonesia/,Thu Aug 06 2026 20:12:17 GMT+0000 (Coordinated Universal Time),30,#sunnote,sunnote,,,,,,
2026-08-07T05:20:10.790540+00:00,20260807-052010,https://trends24.in/indonesia/,Thu Aug 06 2026 20:12:17 GMT+0000 (Coordinated Universal Time),31,#NCT127_BlingyJets2,nct127_blingyjets2,,,,,,
2026-08-07T05:20:10.790540+00:00,20260807-052010,https://trends24.in/indonesia/,Thu Aug 06 2026 20:12:17 GMT+0000 (Coordinated Universal Time),32,#All_I_Wanna_do,all_i_wanna_do,,,,,,
2026-08-07T05:20:10.790540+00:00,20260807-052010,https://trends24.in/indonesia/,Thu Aug 06 2026 20:12:17 GMT+0000 (Coordinated Universal Time),33,#JoongArchen,joongarchen,,,,,,
2026-08-07T05:20:10.790540+00:00,20260807-052010,https://trends24.in/indonesia/,Thu Aug 06 2026 20:12:17 GMT+0000 (Coordinated Universal Time),34,#ìëì_9ì£¼ë_ì¶íí´,ìëì_9ì£¼ë _ì¶íí´,,,,,,
2026-08-07T05:20:10.790540+00:00,20260807-052010,https://trends24.in/indonesia/,Thu Aug 06 2026 20:12:17 GMT+0000 (Coordinated Universal Time),35,#GMMTVLiveHouse,gmmtvlivehouse,,,,,,
2026-08-07T05:20:10.790540+00:00,20260807-052010,https://trends24.in/indonesia/,Thu Aug 06 2026 20:12:17 GMT+0000 (Coordinated Universal Time),36,#JoongDunk,joongdunk,,,,,,
2026-08-07T05:20:10.790540+00:00,20260807-052010,https://trends24.in/indonesia/,Thu Aug 06 2026 20:12:17 GMT+0000 (Coordinated Universal Time),37,#UnluckyBaeEP1,unluckybaeep1,,,,,,
2026-08-07T05:20:10.790540+00:00,20260807-052010,https://trends24.in/indonesia/,Thu Aug 06 2026 20:12:17 GMT+0000 (Coordinated Universal Time),38,#FantaFantasiesLivexEst,fantafantasieslivexest,,,,,,
2026-08-07T05:20:10.790540+00:00,20260807-052010,https://trends24.in/indonesia/,Thu Aug 06 2026 20:12:17 GMT+0000 (Coordinated Universal Time),39,#PondPhuwinXBonchonHotTomyum,pondphuwinxbonchonhottomyum,,,,,,
2026-08-07T05:20:10.790540+00:00,20260807-052010,https://trends24.in/indonesia/,Thu Aug 06 2026 20:12:17 GMT+0000 (Coordinated Universal Time),40,#TMSD,tmsd,,,,,,
2026-08-07T05:20:10.790540+00:00,20260807-052010,https://trends24.in/indonesia/,Thu Aug 06 2026 20:12:17 GMT+0000 (Coordinated Universal Time),41,#dunknatachai,dunknatachai,,,,,,
2026-08-07T05:20:10.790540+00:00,20260807-052010,https://trends24.in/indonesia/,Thu Aug 06 2026 19:20:18 GMT+0000 (Coordinated Universal Time),1,#TREASURE6thANNIVERSARY,treasure6thanniversary,,,,,,
2026-08-07T05:20:10.790540+00:00,20260807-052010,https://trends24.in/indonesia/,Thu Aug 06 2026 19:20:18 GMT+0000 (Coordinated Universal Time),2,Rodri,rodri,,,,,,
2026-08-07T05:20:10.790540+00:00,20260807-052010,https://trends24.in/indonesia/,Thu Aug 06 2026 19:20:18 GMT+0000 (Coordinated Universal Time),3,Persebaya,persebaya,,,,,,
2026-08-07T05:20:10.790540+00:00,20260807-052010,https://trends24.in/indonesia/,Thu Aug 06 2026 19:20:18 GMT+0000 (Coordinated Universal Time),4,Ramon,ramon,,,,,,
2026-08-07T05:20:10.790540+00:00,20260807-052010,https://trends24.in/indonesia/,Thu Aug 06 2026 19:20:18 GMT+0000 (Coordinated Universal Time),5,#TPOPSTAGExGAWIN,tpopstagexgawin,,,,,,
2026-08-07T05:20:10.790540+00:00,20260807-052010,https://trends24.in/indonesia/,Thu Aug 06 2026 19:20:18 GMT+0000 (Coordinated Universal Time),6,GAWIN GONE AWAY TPOPSTAGE,gawin gone away tpopstage,,,,,,
2026-08-07T05:20:10.790540+00:00,20260807-052010,https://trends24.in/indonesia/,Thu Aug 06 2026 19:20:18 GMT+0000 (Coordinated Universal Time),7,#MensFolioThailand,mensfoliothailand,,,,,,
2026-08-07T05:20:10.790540+00:00,20260807-052010,https://trends24.in/indonesia/,Thu Aug 06 2026 19:20:18 GMT+0000 (Coordinated Universal Time),8,#à¹à¸à¸­à¸°à¸à¸­à¸¢à¸­à¸´à¸à¸à¸­à¸¢à¸à¸²à¸£à¹à¸à¸µà¹,à¹à¸à¸­à¸°à¸à¸­à¸¢à¸­à¸´à¸à¸à¸­à¸¢à¸à¸²à¸£à¹à¸à¸µà¹,,,,,,
2026-08-07T05:20:10.790540+00:00,20260807-052010,https://trends24.in/indonesia/,Thu Aug 06 2026 19:20:18 GMT+0000 (Coordinated Universal Time),9,Madrid,madrid,,,,,,
2026-08-07T05:20:10.790540+00:00,20260807-052010,https://trends24.in/indonesia/,Thu Aug 06 2026 19:20:18 GMT+0000 (Coordinated Universal Time),10,Fitrah,fitrah,,,,,,
2026-08-07T05:20:10.790540+00:00,20260807-052010,https://trends24.in/indonesia/,Thu Aug 06 2026 19:20:18 GMT+0000 (Coordinated Universal Time),11,#sunnote,sunnote,,,,,,
2026-08-07T05:20:10.790540+00:00,20260807-052010,https://trends24.in/indonesia/,Thu Aug 06 2026 19:20:18 GMT+0000 (Coordinated Universal Time),12,Happy 6th,happy 6th,,,,,,
2026-08-07T05:20:10.790540+00:00,20260807-052010,https://trends24.in/indonesia/,Thu Aug 06 2026 19:20:18 GMT+0000 (Coordinated Universal Time),13,Persib,persib,,,,,,
2026-08-07T05:20:10.790540+00:00,20260807-052010,https://trends24.in/indonesia/,Thu Aug 06 2026 19:20:18 GMT+0000 (Coordinated Universal Time),14,Malam Jumat,malam jumat,,,,,,
2026-08-07T05:20:10.790540+00:00,20260807-052010,https://trends24.in/indonesia/,Thu Aug 06 2026 19:20:18 GMT+0000 (Coordinated Universal Time),15,Hamra,hamra,,,,,,
2026-08-07T05:20:10.790540+00:00,20260807-052010,https://trends24.in/indonesia/,Thu Aug 06 2026 19:20:18 GMT+0000 (Coordinated Universal Time),16,Barca,barca,,,,,,
2026-08-07T05:20:10.790540+00:00,20260807-052010,https://trends24.in/indonesia/,Thu Aug 06 2026 19:20:18 GMT+0000 (Coordinated Universal Time),17,$LESTER,$lester,,,,,,
2026-08-07T05:20:10.790540+00:00,20260807-052010,https://trends24.in/indonesia/,Thu Aug 06 2026 19:20:18 GMT+0000 (Coordinated Universal Time),18,Blingy Jets Teaser D2,blingy jets teaser d2,,,,,,
2026-08-07T05:20:10.790540+00:00,20260807-052010,https://trends24.in/indonesia/,Thu Aug 06 2026 19:20:18 GMT+0000 (Coordinated Universal Time),19,Piala Presiden,piala presiden,,,,,,
2026-08-07T05:20:10.790540+00:00,20260807-052010,https://trends24.in/indonesia/,Thu Aug 06 2026 19:20:18 GMT+0000 (Coordinated Universal Time),20,Peralta,peralta,,,,,,
2026-08-07T05:20:10.790540+00:00,20260807-052010,https://trends24.in/indonesia/,Thu Aug 06 2026 19:20:18 GMT+0000 (Coordinated Universal Time),21,PONDPHUWIN GRAB BONCHON,pondphuwin grab bonchon,,,,,,
2026-08-07T05:20:10.790540+00:00,20260807-052010,https://trends24.in/indonesia/,Thu Aug 06 2026 19:20:18 GMT+0000 (Coordinated Universal Time),22,connor,connor,,,,,,
2026-08-07T05:20:10.790540+00:00,20260807-052010,https://trends24.in/indonesia/,Thu Aug 06 2026 19:20:18 GMT+0000 (Coordinated Universal Time),23,SANTA VITAMIN ENRICHED,santa vitamin enriched,,,,,,
2026-08-07T05:20:10.790540+00:00,20260807-052010,https://trends24.in/indonesia/,Thu Aug 06 2026 19:20:18 GMT+0000 (Coordinated Universal Time),24,BE MY PLAYER TWO EP4,be my player two ep4,,,,,,
2026-08-07T05:20:10.790540+00:00,20260807-052010,https://trends24.in/indonesia/,Thu Aug 06 2026 19:20:18 GMT+0000 (Coordinated Universal Time),25,Perez,perez,,,,,,
2026-08-07T05:20:10.790540+00:00,20260807-052010,https://trends24.in/indonesia/,Thu Aug 06 2026 19:20:18 GMT+0000 (Coordinated Universal Time),26,KALOG Pro,kalog pro,,,,,,
2026-08-07T05:20:10.790540+00:00,20260807-052010,https://trends24.in/indonesia/,Thu Aug 06 2026 19:20:18 GMT+0000 (Coordinated Universal Time),27,EST IN FANTA FANTASIES,est in fanta fantasies,,,,,,
2026-08-07T05:20:10.790540+00:00,20260807-052010,https://trends24.in/indonesia/,Thu Aug 06 2026 19:20:18 GMT+0000 (Coordinated Universal Time),28,KALOG Plus,kalog plus,,,,,,
2026-08-07T05:20:10.790540+00:00,20260807-052010,https://trends24.in/indonesia/,Thu Aug 06 2026 19:20:18 GMT+0000 (Coordinated Universal Time),29,KALOG Express,kalog express,,,,,,
2026-08-07T05:20:10.790540+00:00,20260807-052010,https://trends24.in/indonesia/,Thu Aug 06 2026 19:20:18 GMT+0000 (Coordinated Universal Time),30,Geus,geus,,,,,,
2026-08-07T05:20:10.790540+00:00,20260807-052010,https://trends24.in/indonesia/,Thu Aug 06 2026 19:20:18 GMT+0000 (Coordinated Universal Time),31,Barcelona,barcelona,,,,,,
2026-08-07T05:20:10.790540+00:00,20260807-052010,https://trends24.in/indonesia/,Thu Aug 06 2026 19:20:18 GMT+0000 (Coordinated Universal Time),32,Deco,deco,,,,,,
2026-08-07T05:20:10.790540+00:00,20260807-052010,https://trends24.in/indonesia/,Thu Aug 06 2026 19:20:18 GMT+0000 (Coordinated Universal Time),33,BRIN,brin,,,,,,
2026-08-07T05:20:10.790540+00:00,20260807-052010,https://trends24.in/indonesia/,Thu Aug 06 2026 19:20:18 GMT+0000 (Coordinated Universal Time),34,Wangi,wangi,,,,,,
2026-08-07T05:20:10.790540+00:00,20260807-052010,https://trends24.in/indonesia/,Thu Aug 06 2026 19:20:18 GMT+0000 (Coordinated Universal Time),35,Igor,igor,,,,,,
2026-08-07T05:20:10.790540+00:00,20260807-052010,https://trends24.in/indonesia/,Thu Aug 06 2026 19:20:18 GMT+0000 (Coordinated Universal Time),36,Diomande,diomande,,,,,,
2026-08-07T05:20:10.790540+00:00,20260807-052010,https://trends24.in/indonesia/,Thu Aug 06 2026 19:20:18 GMT+0000 (Coordinated Universal Time),37,ON AIR WITH DJ JAEMIN,on air with dj jaemin,,,,,,
2026-08-07T05:20:10.790540+00:00,20260807-052010,https://trends24.in/indonesia/,Thu Aug 06 2026 19:20:18 GMT+0000 (Coordinated Universal Time),38,Vini,vini,,,,,,
2026-08-07T05:20:10.790540+00:00,20260807-052010,https://trends24.in/indonesia/,Thu Aug 06 2026 19:20:18 GMT+0000 (Coordinated Universal Time),39,Drakor,drakor,,,,,,
2026-08-07T05:20:10.790540+00:00,20260807-052010,https://trends24.in/indonesia/,Thu Aug 06 2026 19:20:18 GMT+0000 (Coordinated Universal Time),40,#NCT127_BlingyJets2,nct127_blingyjets2,,,,,,
2026-08-07T05:20:10.790540+00:00,20260807-052010,https://trends24.in/indonesia/,Thu Aug 06 2026 19:20:18 GMT+0000 (Coordinated Universal Time),41,#All_I_Wanna_do,all_i_wanna_do,,,,,,
2026-08-07T05:20:10.790540+00:00,20260807-052010,https://trends24.in/indonesia/,Thu Aug 06 2026 19:20:18 GMT+0000 (Coordinated Universal Time),42,#JoongArchen,joongarchen,,,,,,
2026-08-07T05:20:10.790540+00:00,20260807-052010,https://trends24.in/indonesia/,Thu Aug 06 2026 19:20:18 GMT+0000 (Coordinated Universal Time),43,#ìëì_9ì£¼ë_ì¶íí´,ìëì_9ì£¼ë _ì¶íí´,,,,,,
2026-08-07T05:20:10.790540+00:00,20260807-052010,https://trends24.in/indonesia/,Thu Aug 06 2026 19:20:18 GMT+0000 (Coordinated Universal Time),44,#GMMTVLiveHouse,gmmtvlivehouse,,,,,,
2026-08-07T05:20:10.790540+00:00,20260807-052010,https://trends24.in/indonesia/,Thu Aug 06 2026 19:20:18 GMT+0000 (Coordinated Universal Time),45,#JoongDunk,joongdunk,,,,,,
2026-08-07T05:20:10.790540+00:00,20260807-052010,https://trends24.in/indonesia/,Thu Aug 06 2026 19:20:18 GMT+0000 (Coordinated Universal Time),46,#PondPhuwinXBonchonHotTomyum,pondphuwinxbonchonhottomyum,,,,,,
2026-08-07T05:20:10.790540+00:00,20260807-052010,https://trends24.in/indonesia/,Thu Aug 06 2026 19:20:18 GMT+0000 (Coordinated Universal Time),47,#BobbiBrownTHxSANTA,bobbibrownthxsanta,,,,,,
2026-08-07T05:20:10.790540+00:00,20260807-052010,https://trends24.in/indonesia/,Thu Aug 06 2026 19:20:18 GMT+0000 (Coordinated Universal Time),48,#UnluckyBaeEP1,unluckybaeep1,,,,,,
2026-08-07T05:20:10.790540+00:00,20260807-052010,https://trends24.in/indonesia/,Thu Aug 06 2026 19:20:18 GMT+0000 (Coordinated Universal Time),49,#à¸à¸­à¹à¸à¹à¸¥à¹à¸²à¸¡à¸à¸µà¸£à¹EP4,à¸à¸­à¹à¸à¹à¸¥à¹à¸²à¸¡à¸à¸µà¸£à¹ep4,,,,,,
2026-08-07T05:20:10.790540+00:00,20260807-052010,https://trends24.in/indonesia/,Thu Aug 06 2026 19:20:18 GMT+0000 (Coordinated Universal Time),50,#FantaFantasiesLivexEst,fantafantasieslivexest,,,,,,
2026-08-07T05:20:10.790540+00:00,20260807-052010,https://trends24.in/indonesia/,Thu Aug 06 2026 18:28:17 GMT+0000 (Coordinated Universal Time),1,#TREASURE6thANNIVERSARY,treasure6thanniversary,,,,,,
2026-08-07T05:20:10.790540+00:00,20260807-052010,https://trends24.in/indonesia/,Thu Aug 06 2026 18:28:17 GMT+0000 (Coordinated Universal Time),2,Persebaya,persebaya,,,,,,
2026-08-07T05:20:10.790540+00:00,20260807-052010,https://trends24.in/indonesia/,Thu Aug 06 2026 18:28:17 GMT+0000 (Coordinated Universal Time),3,Rodri,rodri,,,,,,
2026-08-07T05:20:10.790540+00:00,20260807-052010,https://trends24.in/indonesia/,Thu Aug 06 2026 18:28:17 GMT+0000 (Coordinated Universal Time),4,#TPOPSTAGExGAWIN,tpopstagexgawin,,,,,,
2026-08-07T05:20:10.790540+00:00,20260807-052010,https://trends24.in/indonesia/,Thu Aug 06 2026 18:28:17 GMT+0000 (Coordinated Universal Time),5,Ramon,ramon,,,,,,
2026-08-07T05:20:10.790540+00:00,20260807-052010,https://trends24.in/indonesia/,Thu Aug 06 2026 18:28:17 GMT+0000 (Coordinated Universal Time),6,GAWIN GONE AWAY TPOPSTAGE,gawin gone away tpopstage,,,,,,
2026-08-07T05:20:10.790540+00:00,20260807-052010,https://trends24.in/indonesia/,Thu Aug 06 2026 18:28:17 GMT+0000 (Coordinated Universal Time),7,#FinalPialaPresiden2026,finalpialapresiden2026,,,,,,
2026-08-07T05:20:10.790540+00:00,20260807-052010,https://trends24.in/indonesia/,Thu Aug 06 2026 18:28:17 GMT+0000 (Coordinated Universal Time),8,#MensFolioThailand,mensfoliothailand,,,,,,
2026-08-07T05:20:10.790540+00:00,20260807-052010,https://trends24.in/indonesia/,Thu Aug 06 2026 18:28:17 GMT+0000 (Coordinated Universal Time),9,#à¹à¸à¸­à¸°à¸à¸­à¸¢à¸­à¸´à¸à¸à¸­à¸¢à¸à¸²à¸£à¹à¸à¸µà¹,à¹à¸à¸­à¸°à¸à¸­à¸¢à¸­à¸´à¸à¸à¸­à¸¢à¸à¸²à¸£à¹à¸à¸µà¹,,,,,,
2026-08-07T05:20:10.790540+00:00,20260807-052010,https://trends24.in/indonesia/,Thu Aug 06 2026 18:28:17 GMT+0000 (Coordinated Universal Time),10,Fitrah,fitrah,,,,,,
2026-08-07T05:20:10.790540+00:00,20260807-052010,https://trends24.in/indonesia/,Thu Aug 06 2026 18:28:17 GMT+0000 (Coordinated Universal Time),11,Happy 6th,happy 6th,,,,,,
2026-08-07T05:20:10.790540+00:00,20260807-052010,https://trends24.in/indonesia/,Thu Aug 06 2026 18:28:17 GMT+0000 (Coordinated Universal Time),12,Hamra,hamra,,,,,,
2026-08-07T05:20:10.790540+00:00,20260807-052010,https://trends24.in/indonesia/,Thu Aug 06 2026 18:28:17 GMT+0000 (Coordinated Universal Time),13,Blingy Jets Teaser D2,blingy jets teaser d2,,,,,,
2026-08-07T05:20:10.790540+00:00,20260807-052010,https://trends24.in/indonesia/,Thu Aug 06 2026 18:28:17 GMT+0000 (Coordinated Universal Time),14,$LESTER,$lester,,,,,,
2026-08-07T05:20:10.790540+00:00,20260807-052010,https://trends24.in/indonesia/,Thu Aug 06 2026 18:28:17 GMT+0000 (Coordinated Universal Time),15,Madrid,madrid,,,,,,
2026-08-07T05:20:10.790540+00:00,20260807-052010,https://trends24.in/indonesia/,Thu Aug 06 2026 18:28:17 GMT+0000 (Coordinated Universal Time),16,Malam Jumat,malam jumat,,,,,,
2026-08-07T05:20:10.790540+00:00,20260807-052010,https://trends24.in/indonesia/,Thu Aug 06 2026 18:28:17 GMT+0000 (Coordinated Universal Time),17,Barca,barca,,,,,,
2026-08-07T05:20:10.790540+00:00,20260807-052010,https://trends24.in/indonesia/,Thu Aug 06 2026 18:28:17 GMT+0000 (Coordinated Universal Time),18,Peralta,peralta,,,,,,
2026-08-07T05:20:10.790540+00:00,20260807-052010,https://trends24.in/indonesia/,Thu Aug 06 2026 18:28:17 GMT+0000 (Coordinated Universal Time),19,PONDPHUWIN GRAB BONCHON,pondphuwin grab bonchon,,,,,,
2026-08-07T05:20:10.790540+00:00,20260807-052010,https://trends24.in/indonesia/,Thu Aug 06 2026 18:28:17 GMT+0000 (Coordinated Universal Time),20,connor,connor,,,,,,
2026-08-07T05:20:10.790540+00:00,20260807-052010,https://trends24.in/indonesia/,Thu Aug 06 2026 18:28:17 GMT+0000 (Coordinated Universal Time),21,SANTA VITAMIN ENRICHED,santa vitamin enriched,,,,,,
2026-08-07T05:20:10.790540+00:00,20260807-052010,https://trends24.in/indonesia/,Thu Aug 06 2026 18:28:17 GMT+0000 (Coordinated Universal Time),22,EST IN FANTA FANTASIES,est in fanta fantasies,,,,,,
2026-08-07T05:20:10.790540+00:00,20260807-052010,https://trends24.in/indonesia/,Thu Aug 06 2026 18:28:17 GMT+0000 (Coordinated Universal Time),23,BE MY PLAYER TWO EP4,be my player two ep4,,,,,,
2026-08-07T05:20:10.790540+00:00,20260807-052010,https://trends24.in/indonesia/,Thu Aug 06 2026 18:28:17 GMT+0000 (Coordinated Universal Time),24,Perez,perez,,,,,,
2026-08-07T05:20:10.790540+00:00,20260807-052010,https://trends24.in/indonesia/,Thu Aug 06 2026 18:28:17 GMT+0000 (Coordinated Universal Time),25,Geus,geus,,,,,,
2026-08-07T05:20:10.790540+00:00,20260807-052010,https://trends24.in/indonesia/,Thu Aug 06 2026 18:28:17 GMT+0000 (Coordinated Universal Time),26,Deco,deco,,,,,,
2026-08-07T05:20:10.790540+00:00,20260807-052010,https://trends24.in/indonesia/,Thu Aug 06 2026 18:28:17 GMT+0000 (Coordinated Universal Time),27,Yuran,yuran,,,,,,
2026-08-07T05:20:10.790540+00:00,20260807-052010,https://trends24.in/indonesia/,Thu Aug 06 2026 18:28:17 GMT+0000 (Coordinated Universal Time),28,BRIN,brin,,,,,,
2026-08-07T05:20:10.790540+00:00,20260807-052010,https://trends24.in/indonesia/,Thu Aug 06 2026 18:28:17 GMT+0000 (Coordinated Universal Time),29,Barcelona,barcelona,,,,,,
2026-08-07T05:20:10.790540+00:00,20260807-052010,https://trends24.in/indonesia/,Thu Aug 06 2026 18:28:17 GMT+0000 (Coordinated Universal Time),30,KALOG Pro,kalog pro,,,,,,
2026-08-07T05:20:10.790540+00:00,20260807-052010,https://trends24.in/indonesia/,Thu Aug 06 2026 18:28:17 GMT+0000 (Coordinated Universal Time),31,KALOG Express,kalog express,,,,,,
2026-08-07T05:20:10.790540+00:00,20260807-052010,https://trends24.in/indonesia/,Thu Aug 06 2026 18:28:17 GMT+0000 (Coordinated Universal Time),32,KALOG Plus,kalog plus,,,,,,
2026-08-07T05:20:10.790540+00:00,20260807-052010,https://trends24.in/indonesia/,Thu Aug 06 2026 18:28:17 GMT+0000 (Coordinated Universal Time),33,Wangi,wangi,,,,,,
2026-08-07T05:20:10.790540+00:00,20260807-052010,https://trends24.in/indonesia/,Thu Aug 06 2026 18:28:17 GMT+0000 (Coordinated Universal Time),34,Kakang,kakang,,,,,,
2026-08-07T05:20:10.790540+00:00,20260807-052010,https://trends24.in/indonesia/,Thu Aug 06 2026 18:28:17 GMT+0000 (Coordinated Universal Time),35,UNLUCKYBAE EPISODE 1,unluckybae episode 1,,,,,,
2026-08-07T05:20:10.790540+00:00,20260807-052010,https://trends24.in/indonesia/,Thu Aug 06 2026 18:28:17 GMT+0000 (Coordinated Universal Time),36,Igor,igor,,,,,,
2026-08-07T05:20:10.790540+00:00,20260807-052010,https://trends24.in/indonesia/,Thu Aug 06 2026 18:28:17 GMT+0000 (Coordinated Universal Time),37,JANJINGJING RUN STAR CRUSH,janjingjing run star crush,,,,,,
2026-08-07T05:20:10.790540+00:00,20260807-052010,https://trends24.in/indonesia/,Thu Aug 06 2026 18:28:17 GMT+0000 (Coordinated Universal Time),38,Diomande,diomande,,,,,,
2026-08-07T05:20:10.790540+00:00,20260807-052010,https://trends24.in/indonesia/,Thu Aug 06 2026 18:28:17 GMT+0000 (Coordinated Universal Time),39,ON AIR WITH DJ JAEMIN,on air with dj jaemin,,,,,,
2026-08-07T05:20:10.790540+00:00,20260807-052010,https://trends24.in/indonesia/,Thu Aug 06 2026 18:28:17 GMT+0000 (Coordinated Universal Time),40,NAMTAN BA FITFLOP,namtan ba fitflop,,,,,,
2026-08-07T05:20:10.790540+00:00,20260807-052010,https://trends24.in/indonesia/,Thu Aug 06 2026 18:28:17 GMT+0000 (Coordinated Universal Time),41,Vini,vini,,,,,,
2026-08-07T05:20:10.790540+00:00,20260807-052010,https://trends24.in/indonesia/,Thu Aug 06 2026 18:28:17 GMT+0000 (Coordinated Universal Time),42,Drakor,drakor,,,,,,
2026-08-07T05:20:10.790540+00:00,20260807-052010,https://trends24.in/indonesia/,Thu Aug 06 2026 18:28:17 GMT+0000 (Coordinated Universal Time),43,blackpink,blackpink,,,,,,
2026-08-07T05:20:10.790540+00:00,20260807-052010,https://trends24.in/indonesia/,Thu Aug 06 2026 18:28:17 GMT+0000 (Coordinated Universal Time),44,Alvarez,alvarez,,,,,,
2026-08-07T05:20:10.790540+00:00,20260807-052010,https://trends24.in/indonesia/,Thu Aug 06 2026 18:28:17 GMT+0000 (Coordinated Universal Time),45,$CATE,$cate,,,,,,
2026-08-07T05:20:10.790540+00:00,20260807-052010,https://trends24.in/indonesia/,Thu Aug 06 2026 18:28:17 GMT+0000 (Coordinated Universal Time),46,Anggur,anggur,,,,,,
2026-08-07T05:20:10.790540+00:00,20260807-052010,https://trends24.in/indonesia/,Thu Aug 06 2026 18:28:17 GMT+0000 (Coordinated Universal Time),47,#sunnote,sunnote,,,,,,
2026-08-07T05:20:10.790540+00:00,20260807-052010,https://trends24.in/indonesia/,Thu Aug 06 2026 18:28:17 GMT+0000 (Coordinated Universal Time),48,#All_I_Wanna_do,all_i_wanna_do,,,,,,
2026-08-07T05:20:10.790540+00:00,20260807-052010,https://trends24.in/indonesia/,Thu Aug 06 2026 18:28:17 GMT+0000 (Coordinated Universal Time),49,#GMMTVLiveHouse,gmmtvlivehouse,,,,,,
2026-08-07T05:20:10.790540+00:00,20260807-052010,https://trends24.in/indonesia/,Thu Aug 06 2026 18:28:17 GMT+0000 (Coordinated Universal Time),50,#NCT127_BlingyJets2,nct127_blingyjets2,,,,,,
2026-08-07T05:20:10.790540+00:00,20260807-052010,https://trends24.in/indonesia/,Thu Aug 06 2026 17:36:31 GMT+0000 (Coordinated Universal Time),1,#TREASURE6thANNIVERSARY,treasure6thanniversary,,,,,,
2026-08-07T05:20:10.790540+00:00,20260807-052010,https://trends24.in/indonesia/,Thu Aug 06 2026 17:36:31 GMT+0000 (Coordinated Universal Time),2,Persebaya,persebaya,,,,,,
2026-08-07T05:20:10.790540+00:00,20260807-052010,https://trends24.in/indonesia/,Thu Aug 06 2026 17:36:31 GMT+0000 (Coordinated Universal Time),3,Ramon,ramon,,,,,,
2026-08-07T05:20:10.790540+00:00,20260807-052010,https://trends24.in/indonesia/,Thu Aug 06 2026 17:36:31 GMT+0000 (Coordinated Universal Time),4,#TPOPSTAGExGAWIN,tpopstagexgawin,,,,,,
2026-08-07T05:20:10.790540+00:00,20260807-052010,https://trends24.in/indonesia/,Thu Aug 06 2026 17:36:31 GMT+0000 (Coordinated Universal Time),5,GAWIN GONE AWAY TPOPSTAGE,gawin gone away tpopstage,,,,,,
2026-08-07T05:20:10.790540+00:00,20260807-052010,https://trends24.in/indonesia/,Thu Aug 06 2026 17:36:31 GMT+0000 (Coordinated Universal Time),6,#FinalPialaPresiden2026,finalpialapresiden2026,,,,,,
2026-08-07T05:20:10.790540+00:00,20260807-052010,https://trends24.in/indonesia/,Thu Aug 06 2026 17:36:31 GMT+0000 (Coordinated Universal Time),7,Rodri,rodri,,,,,,
2026-08-07T05:20:10.790540+00:00,20260807-052010,https://trends24.in/indonesia/,Thu Aug 06 2026 17:36:31 GMT+0000 (Coordinated Universal Time),8,#MensFolioThailand,mensfoliothailand,,,,,,
2026-08-07T05:20:10.790540+00:00,20260807-052010,https://trends24.in/indonesia/,Thu Aug 06 2026 17:36:31 GMT+0000 (Coordinated Universal Time),9,#à¹à¸à¸­à¸°à¸à¸­à¸¢à¸­à¸´à¸à¸à¸­à¸¢à¸à¸²à¸£à¹à¸à¸µà¹,à¹à¸à¸­à¸°à¸à¸­à¸¢à¸­à¸´à¸à¸à¸­à¸¢à¸à¸²à¸£à¹à¸à¸µà¹,,,,,,
2026-08-07T05:20:10.790540+00:00,20260807-052010,https://trends24.in/indonesia/,Thu Aug 06 2026 17:36:31 GMT+0000 (Coordinated Universal Time),10,Fitrah,fitrah,,,,,,
2026-08-07T05:20:10.790540+00:00,20260807-052010,https://trends24.in/indonesia/,Thu Aug 06 2026 17:36:31 GMT+0000 (Coordinated Universal Time),11,Blingy Jets Teaser D2,blingy jets teaser d2,,,,,,
2026-08-07T05:20:10.790540+00:00,20260807-052010,https://trends24.in/indonesia/,Thu Aug 06 2026 17:36:31 GMT+0000 (Coordinated Universal Time),12,Hamra,hamra,,,,,,
2026-08-07T05:20:10.790540+00:00,20260807-052010,https://trends24.in/indonesia/,Thu Aug 06 2026 17:36:31 GMT+0000 (Coordinated Universal Time),13,Happy 6th,happy 6th,,,,,,
2026-08-07T05:20:10.790540+00:00,20260807-052010,https://trends24.in/indonesia/,Thu Aug 06 2026 17:36:31 GMT+0000 (Coordinated Universal Time),14,Malam Jumat,malam jumat,,,,,,
2026-08-07T05:20:10.790540+00:00,20260807-052010,https://trends24.in/indonesia/,Thu Aug 06 2026 17:36:31 GMT+0000 (Coordinated Universal Time),15,Peralta,peralta,,,,,,
2026-08-07T05:20:10.790540+00:00,20260807-052010,https://trends24.in/indonesia/,Thu Aug 06 2026 17:36:31 GMT+0000 (Coordinated Universal Time),16,Barca,barca,,,,,,
2026-08-07T05:20:10.790540+00:00,20260807-052010,https://trends24.in/indonesia/,Thu Aug 06 2026 17:36:31 GMT+0000 (Coordinated Universal Time),17,$LESTER,$lester,,,,,,
2026-08-07T05:20:10.790540+00:00,20260807-052010,https://trends24.in/indonesia/,Thu Aug 06 2026 17:36:31 GMT+0000 (Coordinated Universal Time),18,Madrid,madrid,,,,,,
2026-08-07T05:20:10.790540+00:00,20260807-052010,https://trends24.in/indonesia/,Thu Aug 06 2026 17:36:31 GMT+0000 (Coordinated Universal Time),19,PONDPHUWIN GRAB BONCHON,pondphuwin grab bonchon,,,,,,
2026-08-07T05:20:10.790540+00:00,20260807-052010,https://trends24.in/indonesia/,Thu Aug 06 2026 17:36:31 GMT+0000 (Coordinated Universal Time),20,SANTA VITAMIN ENRICHED,santa vitamin enriched,,,,,,
2026-08-07T05:20:10.790540+00:00,20260807-052010,https://trends24.in/indonesia/,Thu Aug 06 2026 17:36:31 GMT+0000 (Coordinated Universal Time),21,EST IN FANTA FANTASIES,est in fanta fantasies,,,,,,
2026-08-07T05:20:10.790540+00:00,20260807-052010,https://trends24.in/indonesia/,Thu Aug 06 2026 17:36:31 GMT+0000 (Coordinated Universal Time),22,BE MY PLAYER TWO EP4,be my player two ep4,,,,,,
2026-08-07T05:20:10.790540+00:00,20260807-052010,https://trends24.in/indonesia/,Thu Aug 06 2026 17:36:31 GMT+0000 (Coordinated Universal Time),23,Geus,geus,,,,,,
2026-08-07T05:20:10.790540+00:00,20260807-052010,https://trends24.in/indonesia/,Thu Aug 06 2026 17:36:31 GMT+0000 (Coordinated Universal Time),24,Deco,deco,,,,,,
2026-08-07T05:20:10.790540+00:00,20260807-052010,https://trends24.in/indonesia/,Thu Aug 06 2026 17:36:31 GMT+0000 (Coordinated Universal Time),25,Yuran,yuran,,,,,,
2026-08-07T05:20:10.790540+00:00,20260807-052010,https://trends24.in/indonesia/,Thu Aug 06 2026 17:36:31 GMT+0000 (Coordinated Universal Time),26,Barcelona,barcelona,,,,,,
2026-08-07T05:20:10.790540+00:00,20260807-052010,https://trends24.in/indonesia/,Thu Aug 06 2026 17:36:31 GMT+0000 (Coordinated Universal Time),27,BRIN,brin,,,,,,
2026-08-07T05:20:10.790540+00:00,20260807-052010,https://trends24.in/indonesia/,Thu Aug 06 2026 17:36:31 GMT+0000 (Coordinated Universal Time),28,Perez,perez,,,,,,
2026-08-07T05:20:10.790540+00:00,20260807-052010,https://trends24.in/indonesia/,Thu Aug 06 2026 17:36:31 GMT+0000 (Coordinated Universal Time),29,AI Untuk Semua,ai untuk semua,,,,,,
2026-08-07T05:20:10.790540+00:00,20260807-052010,https://trends24.in/indonesia/,Thu Aug 06 2026 17:36:31 GMT+0000 (Coordinated Universal Time),30,Kakang,kakang,,,,,,
2026-08-07T05:20:10.790540+00:00,20260807-052010,https://trends24.in/indonesia/,Thu Aug 06 2026 17:36:31 GMT+0000 (Coordinated Universal Time),31,Igor,igor,,,,,,
2026-08-07T05:20:10.790540+00:00,20260807-052010,https://trends24.in/indonesia/,Thu Aug 06 2026 17:36:31 GMT+0000 (Coordinated Universal Time),32,UNLUCKYBAE EPISODE 1,unluckybae episode 1,,,,,,
2026-08-07T05:20:10.790540+00:00,20260807-052010,https://trends24.in/indonesia/,Thu Aug 06 2026 17:36:31 GMT+0000 (Coordinated Universal Time),33,JANJINGJING RUN STAR CRUSH,janjingjing run star crush,,,,,,
2026-08-07T05:20:10.790540+00:00,20260807-052010,https://trends24.in/indonesia/,Thu Aug 06 2026 17:36:31 GMT+0000 (Coordinated Universal Time),34,KALOG Pro,kalog pro,,,,,,
2026-08-07T05:20:10.790540+00:00,20260807-052010,https://trends24.in/indonesia/,Thu Aug 06 2026 17:36:31 GMT+0000 (Coordinated Universal Time),35,KALOG Express,kalog express,,,,,,
2026-08-07T05:20:10.790540+00:00,20260807-052010,https://trends24.in/indonesia/,Thu Aug 06 2026 17:36:31 GMT+0000 (Coordinated Universal Time),36,KALOG Plus,kalog plus,,,,,,
2026-08-07T05:20:10.790540+00:00,20260807-052010,https://trends24.in/indonesia/,Thu Aug 06 2026 17:36:31 GMT+0000 (Coordinated Universal Time),37,Yan Diomande,yan diomande,,,,,,
2026-08-07T05:20:10.790540+00:00,20260807-052010,https://trends24.in/indonesia/,Thu Aug 06 2026 17:36:31 GMT+0000 (Coordinated Universal Time),38,Wangi,wangi,,,,,,
2026-08-07T05:20:10.790540+00:00,20260807-052010,https://trends24.in/indonesia/,Thu Aug 06 2026 17:36:31 GMT+0000 (Coordinated Universal Time),39,ON AIR WITH DJ JAEMIN,on air with dj jaemin,,,,,,
2026-08-07T05:20:10.790540+00:00,20260807-052010,https://trends24.in/indonesia/,Thu Aug 06 2026 17:36:31 GMT+0000 (Coordinated Universal Time),40,Kebayoran Lama,kebayoran lama,,,,,,
2026-08-07T05:20:10.790540+00:00,20260807-052010,https://trends24.in/indonesia/,Thu Aug 06 2026 17:36:31 GMT+0000 (Coordinated Universal Time),41,SENADA JEBLOSKAN DIPA,senada jebloskan dipa,,,,,,
2026-08-07T05:20:10.790540+00:00,20260807-052010,https://trends24.in/indonesia/,Thu Aug 06 2026 17:36:31 GMT+0000 (Coordinated Universal Time),42,NAMTAN BA FITFLOP,namtan ba fitflop,,,,,,
2026-08-07T05:20:10.790540+00:00,20260807-052010,https://trends24.in/indonesia/,Thu Aug 06 2026 17:36:31 GMT+0000 (Coordinated Universal Time),43,Drakor,drakor,,,,,,
2026-08-07T05:20:10.790540+00:00,20260807-052010,https://trends24.in/indonesia/,Thu Aug 06 2026 17:36:31 GMT+0000 (Coordinated Universal Time),44,blackpink,blackpink,,,,,,
2026-08-07T05:20:10.790540+00:00,20260807-052010,https://trends24.in/indonesia/,Thu Aug 06 2026 17:36:31 GMT+0000 (Coordinated Universal Time),45,Alvarez,alvarez,,,,,,
2026-08-07T05:20:10.790540+00:00,20260807-052010,https://trends24.in/indonesia/,Thu Aug 06 2026 17:36:31 GMT+0000 (Coordinated Universal Time),46,$CATE,$cate,,,,,,
2026-08-07T05:20:10.790540+00:00,20260807-052010,https://trends24.in/indonesia/,Thu Aug 06 2026 17:36:31 GMT+0000 (Coordinated Universal Time),47,Dita,dita,,,,,,
2026-08-07T05:20:10.790540+00:00,20260807-052010,https://trends24.in/indonesia/,Thu Aug 06 2026 17:36:31 GMT+0000 (Coordinated Universal Time),48,Lisa,lisa,,,,,,
2026-08-07T05:20:10.790540+00:00,20260807-052010,https://trends24.in/indonesia/,Thu Aug 06 2026 17:36:31 GMT+0000 (Coordinated Universal Time),49,Sana,sana,,,,,,
2026-08-07T05:20:10.790540+00:00,20260807-052010,https://trends24.in/indonesia/,Thu Aug 06 2026 17:36:31 GMT+0000 (Coordinated Universal Time),50,Anggur,anggur,,,,,,
2026-08-07T05:20:10.790540+00:00,20260807-052010,https://trends24.in/indonesia/,Thu Aug 06 2026 17:36:26 GMT+0000 (Coordinated Universal Time),1,#TREASURE6thANNIVERSARY,treasure6thanniversary,,,,,,
2026-08-07T05:20:10.790540+00:00,20260807-052010,https://trends24.in/indonesia/,Thu Aug 06 2026 17:36:26 GMT+0000 (Coordinated Universal Time),2,Persebaya,persebaya,,,,,,
2026-08-07T05:20:10.790540+00:00,20260807-052010,https://trends24.in/indonesia/,Thu Aug 06 2026 17:36:26 GMT+0000 (Coordinated Universal Time),3,Ramon,ramon,,,,,,
2026-08-07T05:20:10.790540+00:00,20260807-052010,https://trends24.in/indonesia/,Thu Aug 06 2026 17:36:26 GMT+0000 (Coordinated Universal Time),4,#TPOPSTAGExGAWIN,tpopstagexgawin,,,,,,
2026-08-07T05:20:10.790540+00:00,20260807-052010,https://trends24.in/indonesia/,Thu Aug 06 2026 17:36:26 GMT+0000 (Coordinated Universal Time),5,GAWIN GONE AWAY TPOPSTAGE,gawin gone away tpopstage,,,,,,
2026-08-07T05:20:10.790540+00:00,20260807-052010,https://trends24.in/indonesia/,Thu Aug 06 2026 17:36:26 GMT+0000 (Coordinated Universal Time),6,#FinalPialaPresiden2026,finalpialapresiden2026,,,,,,
2026-08-07T05:20:10.790540+00:00,20260807-052010,https://trends24.in/indonesia/,Thu Aug 06 2026 17:36:26 GMT+0000 (Coordinated Universal Time),7,Rodri,rodri,,,,,,
2026-08-07T05:20:10.790540+00:00,20260807-052010,https://trends24.in/indonesia/,Thu Aug 06 2026 17:36:26 GMT+0000 (Coordinated Universal Time),8,#MensFolioThailand,mensfoliothailand,,,,,,
2026-08-07T05:20:10.790540+00:00,20260807-052010,https://trends24.in/indonesia/,Thu Aug 06 2026 17:36:26 GMT+0000 (Coordinated Universal Time),9,#à¹à¸à¸­à¸°à¸à¸­à¸¢à¸­à¸´à¸à¸à¸­à¸¢à¸à¸²à¸£à¹à¸à¸µà¹,à¹à¸à¸­à¸°à¸à¸­à¸¢à¸­à¸´à¸à¸à¸­à¸¢à¸à¸²à¸£à¹à¸à¸µà¹,,,,,,
2026-08-07T05:20:10.790540+00:00,20260807-052010,https://trends24.in/indonesia/,Thu Aug 06 2026 17:36:26 GMT+0000 (Coordinated Universal Time),10,Fitrah,fitrah,,,,,,
2026-08-07T05:20:10.790540+00:00,20260807-052010,https://trends24.in/indonesia/,Thu Aug 06 2026 17:36:26 GMT+0000 (Coordinated Universal Time),11,Blingy Jets Teaser D2,blingy jets teaser d2,,,,,,
2026-08-07T05:20:10.790540+00:00,20260807-052010,https://trends24.in/indonesia/,Thu Aug 06 2026 17:36:26 GMT+0000 (Coordinated Universal Time),12,Hamra,hamra,,,,,,
2026-08-07T05:20:10.790540+00:00,20260807-052010,https://trends24.in/indonesia/,Thu Aug 06 2026 17:36:26 GMT+0000 (Coordinated Universal Time),13,Happy 6th,happy 6th,,,,,,
2026-08-07T05:20:10.790540+00:00,20260807-052010,https://trends24.in/indonesia/,Thu Aug 06 2026 17:36:26 GMT+0000 (Coordinated Universal Time),14,Malam Jumat,malam jumat,,,,,,
2026-08-07T05:20:10.790540+00:00,20260807-052010,https://trends24.in/indonesia/,Thu Aug 06 2026 17:36:26 GMT+0000 (Coordinated Universal Time),15,Peralta,peralta,,,,,,
2026-08-07T05:20:10.790540+00:00,20260807-052010,https://trends24.in/indonesia/,Thu Aug 06 2026 17:36:26 GMT+0000 (Coordinated Universal Time),16,Barca,barca,,,,,,
2026-08-07T05:20:10.790540+00:00,20260807-052010,https://trends24.in/indonesia/,Thu Aug 06 2026 17:36:26 GMT+0000 (Coordinated Universal Time),17,$LESTER,$lester,,,,,,
2026-08-07T05:20:10.790540+00:00,20260807-052010,https://trends24.in/indonesia/,Thu Aug 06 2026 17:36:26 GMT+0000 (Coordinated Universal Time),18,Madrid,madrid,,,,,,
2026-08-07T05:20:10.790540+00:00,20260807-052010,https://trends24.in/indonesia/,Thu Aug 06 2026 17:36:26 GMT+0000 (Coordinated Universal Time),19,PONDPHUWIN GRAB BONCHON,pondphuwin grab bonchon,,,,,,
2026-08-07T05:20:10.790540+00:00,20260807-052010,https://trends24.in/indonesia/,Thu Aug 06 2026 17:36:26 GMT+0000 (Coordinated Universal Time),20,SANTA VITAMIN ENRICHED,santa vitamin enriched,,,,,,
2026-08-07T05:20:10.790540+00:00,20260807-052010,https://trends24.in/indonesia/,Thu Aug 06 2026 17:36:26 GMT+0000 (Coordinated Universal Time),21,EST IN FANTA FANTASIES,est in fanta fantasies,,,,,,
2026-08-07T05:20:10.790540+00:00,20260807-052010,https://trends24.in/indonesia/,Thu Aug 06 2026 17:36:26 GMT+0000 (Coordinated Universal Time),22,BE MY PLAYER TWO EP4,be my player two ep4,,,,,,
2026-08-07T05:20:10.790540+00:00,20260807-052010,https://trends24.in/indonesia/,Thu Aug 06 2026 17:36:26 GMT+0000 (Coordinated Universal Time),23,Geus,geus,,,,,,
2026-08-07T05:20:10.790540+00:00,20260807-052010,https://trends24.in/indonesia/,Thu Aug 06 2026 17:36:26 GMT+0000 (Coordinated Universal Time),24,Deco,deco,,,,,,
2026-08-07T05:20:10.790540+00:00,20260807-052010,https://trends24.in/indonesia/,Thu Aug 06 2026 17:36:26 GMT+0000 (Coordinated Universal Time),25,Yuran,yuran,,,,,,
2026-08-07T05:20:10.790540+00:00,20260807-052010,https://trends24.in/indonesia/,Thu Aug 06 2026 17:36:26 GMT+0000 (Coordinated Universal Time),26,Barcelona,barcelona,,,,,,
2026-08-07T05:20:10.790540+00:00,20260807-052010,https://trends24.in/indonesia/,Thu Aug 06 2026 17:36:26 GMT+0000 (Coordinated Universal Time),27,BRIN,brin,,,,,,
2026-08-07T05:20:10.790540+00:00,20260807-052010,https://trends24.in/indonesia/,Thu Aug 06 2026 17:36:26 GMT+0000 (Coordinated Universal Time),28,Perez,perez,,,,,,
2026-08-07T05:20:10.790540+00:00,20260807-052010,https://trends24.in/indonesia/,Thu Aug 06 2026 17:36:26 GMT+0000 (Coordinated Universal Time),29,AI Untuk Semua,ai untuk semua,,,,,,
2026-08-07T05:20:10.790540+00:00,20260807-052010,https://trends24.in/indonesia/,Thu Aug 06 2026 17:36:26 GMT+0000 (Coordinated Universal Time),30,Kakang,kakang,,,,,,
2026-08-07T05:20:10.790540+00:00,20260807-052010,https://trends24.in/indonesia/,Thu Aug 06 2026 17:36:26 GMT+0000 (Coordinated Universal Time),31,Igor,igor,,,,,,
2026-08-07T05:20:10.790540+00:00,20260807-052010,https://trends24.in/indonesia/,Thu Aug 06 2026 17:36:26 GMT+0000 (Coordinated Universal Time),32,UNLUCKYBAE EPISODE 1,unluckybae episode 1,,,,,,
2026-08-07T05:20:10.790540+00:00,20260807-052010,https://trends24.in/indonesia/,Thu Aug 06 2026 17:36:26 GMT+0000 (Coordinated Universal Time),33,JANJINGJING RUN STAR CRUSH,janjingjing run star crush,,,,,,
2026-08-07T05:20:10.790540+00:00,20260807-052010,https://trends24.in/indonesia/,Thu Aug 06 2026 17:36:26 GMT+0000 (Coordinated Universal Time),34,KALOG Pro,kalog pro,,,,,,
2026-08-07T05:20:10.790540+00:00,20260807-052010,https://trends24.in/indonesia/,Thu Aug 06 2026 17:36:26 GMT+0000 (Coordinated Universal Time),35,KALOG Express,kalog express,,,,,,
2026-08-07T05:20:10.790540+00:00,20260807-052010,https://trends24.in/indonesia/,Thu Aug 06 2026 17:36:26 GMT+0000 (Coordinated Universal Time),36,KALOG Plus,kalog plus,,,,,,
2026-08-07T05:20:10.790540+00:00,20260807-052010,https://trends24.in/indonesia/,Thu Aug 06 2026 17:36:26 GMT+0000 (Coordinated Universal Time),37,Yan Diomande,yan diomande,,,,,,
2026-08-07T05:20:10.790540+00:00,20260807-052010,https://trends24.in/indonesia/,Thu Aug 06 2026 17:36:26 GMT+0000 (Coordinated Universal Time),38,Wangi,wangi,,,,,,
2026-08-07T05:20:10.790540+00:00,20260807-052010,https://trends24.in/indonesia/,Thu Aug 06 2026 17:36:26 GMT+0000 (Coordinated Universal Time),39,ON AIR WITH DJ JAEMIN,on air with dj jaemin,,,,,,
2026-08-07T05:20:10.790540+00:00,20260807-052010,https://trends24.in/indonesia/,Thu Aug 06 2026 17:36:26 GMT+0000 (Coordinated Universal Time),40,Kebayoran Lama,kebayoran lama,,,,,,
2026-08-07T05:20:10.790540+00:00,20260807-052010,https://trends24.in/indonesia/,Thu Aug 06 2026 17:36:26 GMT+0000 (Coordinated Universal Time),41,SENADA JEBLOSKAN DIPA,senada jebloskan dipa,,,,,,
2026-08-07T05:20:10.790540+00:00,20260807-052010,https://trends24.in/indonesia/,Thu Aug 06 2026 17:36:26 GMT+0000 (Coordinated Universal Time),42,NAMTAN BA FITFLOP,namtan ba fitflop,,,,,,
2026-08-07T05:20:10.790540+00:00,20260807-052010,https://trends24.in/indonesia/,Thu Aug 06 2026 17:36:26 GMT+0000 (Coordinated Universal Time),43,Drakor,drakor,,,,,,
2026-08-07T05:20:10.790540+00:00,20260807-052010,https://trends24.in/indonesia/,Thu Aug 06 2026 17:36:26 GMT+0000 (Coordinated Universal Time),44,blackpink,blackpink,,,,,,
2026-08-07T05:20:10.790540+00:00,20260807-052010,https://trends24.in/indonesia/,Thu Aug 06 2026 17:36:26 GMT+0000 (Coordinated Universal Time),45,Alvarez,alvarez,,,,,,
2026-08-07T05:20:10.790540+00:00,20260807-052010,https://trends24.in/indonesia/,Thu Aug 06 2026 17:36:26 GMT+0000 (Coordinated Universal Time),46,$CATE,$cate,,,,,,
2026-08-07T05:20:10.790540+00:00,20260807-052010,https://trends24.in/indonesia/,Thu Aug 06 2026 17:36:26 GMT+0000 (Coordinated Universal Time),47,Dita,dita,,,,,,
2026-08-07T05:20:10.790540+00:00,20260807-052010,https://trends24.in/indonesia/,Thu Aug 06 2026 17:36:26 GMT+0000 (Coordinated Universal Time),48,Lisa,lisa,,,,,,
2026-08-07T05:20:10.790540+00:00,20260807-052010,https://trends24.in/indonesia/,Thu Aug 06 2026 17:36:26 GMT+0000 (Coordinated Universal Time),49,Sana,sana,,,,,,
2026-08-07T05:20:10.790540+00:00,20260807-052010,https://trends24.in/indonesia/,Thu Aug 06 2026 17:36:26 GMT+0000 (Coordinated Universal Time),50,Anggur,anggur,,,,,,
2026-08-07T05:20:10.790540+00:00,20260807-052010,https://trends24.in/indonesia/,Thu Aug 06 2026 16:44:11 GMT+0000 (Coordinated Universal Time),1,#TREASURE6thANNIVERSARY,treasure6thanniversary,,,,,,
2026-08-07T05:20:10.790540+00:00,20260807-052010,https://trends24.in/indonesia/,Thu Aug 06 2026 16:44:11 GMT+0000 (Coordinated Universal Time),2,Persebaya,persebaya,,,,,,
2026-08-07T05:20:10.790540+00:00,20260807-052010,https://trends24.in/indonesia/,Thu Aug 06 2026 16:44:11 GMT+0000 (Coordinated Universal Time),3,#TPOPSTAGExGAWIN,tpopstagexgawin,,,,,,
2026-08-07T05:20:10.790540+00:00,20260807-052010,https://trends24.in/indonesia/,Thu Aug 06 2026 16:44:11 GMT+0000 (Coordinated Universal Time),4,GAWIN GONE AWAY TPOPSTAGE,gawin gone away tpopstage,,,,,,
2026-08-07T05:20:10.790540+00:00,20260807-052010,https://trends24.in/indonesia/,Thu Aug 06 2026 16:44:11 GMT+0000 (Coordinated Universal Time),5,#FinalPialaPresiden2026,finalpialapresiden2026,,,,,,
2026-08-07T05:20:10.790540+00:00,20260807-052010,https://trends24.in/indonesia/,Thu Aug 06 2026 16:44:11 GMT+0000 (Coordinated Universal Time),6,Ramon,ramon,,,,,,
2026-08-07T05:20:10.790540+00:00,20260807-052010,https://trends24.in/indonesia/,Thu Aug 06 2026 16:44:11 GMT+0000 (Coordinated Universal Time),7,Rodri,rodri,,,,,,
2026-08-07T05:20:10.790540+00:00,20260807-052010,https://trends24.in/indonesia/,Thu Aug 06 2026 16:44:11 GMT+0000 (Coordinated Universal Time),8,#MensFolioThailand,mensfoliothailand,,,,,,
2026-08-07T05:20:10.790540+00:00,20260807-052010,https://trends24.in/indonesia/,Thu Aug 06 2026 16:44:11 GMT+0000 (Coordinated Universal Time),9,#à¹à¸à¸­à¸°à¸à¸­à¸¢à¸­à¸´à¸à¸à¸­à¸¢à¸à¸²à¸£à¹à¸à¸µà¹,à¹à¸à¸­à¸°à¸à¸­à¸¢à¸­à¸´à¸à¸à¸­à¸¢à¸à¸²à¸£à¹à¸à¸µà¹,,,,,,
2026-08-07T05:20:10.790540+00:00,20260807-052010,https://trends24.in/indonesia/,Thu Aug 06 2026 16:44:11 GMT+0000 (Coordinated Universal Time),10,Blingy Jets Teaser D2,blingy jets teaser d2,,,,,,
2026-08-07T05:20:10.790540+00:00,20260807-052010,https://trends24.in/indonesia/,Thu Aug 06 2026 16:44:11 GMT+0000 (Coordinated Universal Time),11,Happy 6th,happy 6th,,,,,,
2026-08-07T05:20:10.790540+00:00,20260807-052010,https://trends24.in/indonesia/,Thu Aug 06 2026 16:44:11 GMT+0000 (Coordinated Universal Time),12,Fitrah,fitrah,,,,,,
2026-08-07T05:20:10.790540+00:00,20260807-052010,https://trends24.in/indonesia/,Thu Aug 06 2026 16:44:11 GMT+0000 (Coordinated Universal Time),13,Hamra,hamra,,,,,,
2026-08-07T05:20:10.790540+00:00,20260807-052010,https://trends24.in/indonesia/,Thu Aug 06 2026 16:44:11 GMT+0000 (Coordinated Universal Time),14,Peralta,peralta,,,,,,
2026-08-07T05:20:10.790540+00:00,20260807-052010,https://trends24.in/indonesia/,Thu Aug 06 2026 16:44:11 GMT+0000 (Coordinated Universal Time),15,SANTA VITAMIN ENRICHED,santa vitamin enriched,,,,,,
2026-08-07T05:20:10.790540+00:00,20260807-052010,https://trends24.in/indonesia/,Thu Aug 06 2026 16:44:11 GMT+0000 (Coordinated Universal Time),16,PONDPHUWIN GRAB BONCHON,pondphuwin grab bonchon,,,,,,
2026-08-07T05:20:10.790540+00:00,20260807-052010,https://trends24.in/indonesia/,Thu Aug 06 2026 16:44:11 GMT+0000 (Coordinated Universal Time),17,Barca,barca,,,,,,
2026-08-07T05:20:10.790540+00:00,20260807-052010,https://trends24.in/indonesia/,Thu Aug 06 2026 16:44:11 GMT+0000 (Coordinated Universal Time),18,Malam Jumat,malam jumat,,,,,,
2026-08-07T05:20:10.790540+00:00,20260807-052010,https://trends24.in/indonesia/,Thu Aug 06 2026 16:44:11 GMT+0000 (Coordinated Universal Time),19,EST IN FANTA FANTASIES,est in fanta fantasies,,,,,,
2026-08-07T05:20:10.790540+00:00,20260807-052010,https://trends24.in/indonesia/,Thu Aug 06 2026 16:44:11 GMT+0000 (Coordinated Universal Time),20,Madrid,madrid,,,,,,
2026-08-07T05:20:10.790540+00:00,20260807-052010,https://trends24.in/indonesia/,Thu Aug 06 2026 16:44:11 GMT+0000 (Coordinated Universal Time),21,BE MY PLAYER TWO EP4,be my player two ep4,,,,,,
2026-08-07T05:20:10.790540+00:00,20260807-052010,https://trends24.in/indonesia/,Thu Aug 06 2026 16:44:11 GMT+0000 (Coordinated Universal Time),22,Yuran,yuran,,,,,,
2026-08-07T05:20:10.790540+00:00,20260807-052010,https://trends24.in/indonesia/,Thu Aug 06 2026 16:44:11 GMT+0000 (Coordinated Universal Time),23,Geus,geus,,,,,,
2026-08-07T05:20:10.790540+00:00,20260807-052010,https://trends24.in/indonesia/,Thu Aug 06 2026 16:44:11 GMT+0000 (Coordinated Universal Time),24,JANJINGJING RUN STAR CRUSH,janjingjing run star crush,,,,,,
2026-08-07T05:20:10.790540+00:00,20260807-052010,https://trends24.in/indonesia/,Thu Aug 06 2026 16:44:11 GMT+0000 (Coordinated Universal Time),25,Sananta,sananta,,,,,,
2026-08-07T05:20:10.790540+00:00,20260807-052010,https://trends24.in/indonesia/,Thu Aug 06 2026 16:44:11 GMT+0000 (Coordinated Universal Time),26,AI Untuk Semua,ai untuk semua,,,,,,
2026-08-07T05:20:10.790540+00:00,20260807-052010,https://trends24.in/indonesia/,Thu Aug 06 2026 16:44:11 GMT+0000 (Coordinated Universal Time),27,BRIN,brin,,,,,,
2026-08-07T05:20:10.790540+00:00,20260807-052010,https://trends24.in/indonesia/,Thu Aug 06 2026 16:44:11 GMT+0000 (Coordinated Universal Time),28,Kakang,kakang,,,,,,
2026-08-07T05:20:10.790540+00:00,20260807-052010,https://trends24.in/indonesia/,Thu Aug 06 2026 16:44:11 GMT+0000 (Coordinated Universal Time),29,Barcelona,barcelona,,,,,,
2026-08-07T05:20:10.790540+00:00,20260807-052010,https://trends24.in/indonesia/,Thu Aug 06 2026 16:44:11 GMT+0000 (Coordinated Universal Time),30,Deco,deco,,,,,,
2026-08-07T05:20:10.790540+00:00,20260807-052010,https://trends24.in/indonesia/,Thu Aug 06 2026 16:44:11 GMT+0000 (Coordinated Universal Time),31,UNLUCKYBAE EPISODE 1,unluckybae episode 1,,,,,,
2026-08-07T05:20:10.790540+00:00,20260807-052010,https://trends24.in/indonesia/,Thu Aug 06 2026 16:44:11 GMT+0000 (Coordinated Universal Time),32,KALOG Pro,kalog pro,,,,,,
2026-08-07T05:20:10.790540+00:00,20260807-052010,https://trends24.in/indonesia/,Thu Aug 06 2026 16:44:11 GMT+0000 (Coordinated Universal Time),33,KALOG Plus,kalog plus,,,,,,
2026-08-07T05:20:10.790540+00:00,20260807-052010,https://trends24.in/indonesia/,Thu Aug 06 2026 16:44:11 GMT+0000 (Coordinated Universal Time),34,KALOG Express,kalog express,,,,,,
2026-08-07T05:20:10.790540+00:00,20260807-052010,https://trends24.in/indonesia/,Thu Aug 06 2026 16:44:11 GMT+0000 (Coordinated Universal Time),35,Perez,perez,,,,,,
2026-08-07T05:20:10.790540+00:00,20260807-052010,https://trends24.in/indonesia/,Thu Aug 06 2026 16:44:11 GMT+0000 (Coordinated Universal Time),36,Tanamal,tanamal,,,,,,
2026-08-07T05:20:10.790540+00:00,20260807-052010,https://trends24.in/indonesia/,Thu Aug 06 2026 16:44:11 GMT+0000 (Coordinated Universal Time),37,Igor,igor,,,,,,
2026-08-07T05:20:10.790540+00:00,20260807-052010,https://trends24.in/indonesia/,Thu Aug 06 2026 16:44:11 GMT+0000 (Coordinated Universal Time),38,Yan Diomande,yan diomande,,,,,,
2026-08-07T05:20:10.790540+00:00,20260807-052010,https://trends24.in/indonesia/,Thu Aug 06 2026 16:44:11 GMT+0000 (Coordinated Universal Time),39,Kebayoran Lama,kebayoran lama,,,,,,
2026-08-07T05:20:10.790540+00:00,20260807-052010,https://trends24.in/indonesia/,Thu Aug 06 2026 16:44:11 GMT+0000 (Coordinated Universal Time),40,ON AIR WITH DJ JAEMIN,on air with dj jaemin,,,,,,
2026-08-07T05:20:10.790540+00:00,20260807-052010,https://trends24.in/indonesia/,Thu Aug 06 2026 16:44:11 GMT+0000 (Coordinated Universal Time),41,SENADA JEBLOSKAN DIPA,senada jebloskan dipa,,,,,,
2026-08-07T05:20:10.790540+00:00,20260807-052010,https://trends24.in/indonesia/,Thu Aug 06 2026 16:44:11 GMT+0000 (Coordinated Universal Time),42,Drakor,drakor,,,,,,
2026-08-07T05:20:10.790540+00:00,20260807-052010,https://trends24.in/indonesia/,Thu Aug 06 2026 16:44:11 GMT+0000 (Coordinated Universal Time),43,$LESTER,$lester,,,,,,
2026-08-07T05:20:10.790540+00:00,20260807-052010,https://trends24.in/indonesia/,Thu Aug 06 2026 16:44:11 GMT+0000 (Coordinated Universal Time),44,Wangi,wangi,,,,,,
2026-08-07T05:20:10.790540+00:00,20260807-052010,https://trends24.in/indonesia/,Thu Aug 06 2026 16:44:11 GMT+0000 (Coordinated Universal Time),45,BNPB,bnpb,,,,,,
2026-08-07T05:20:10.790540+00:00,20260807-052010,https://trends24.in/indonesia/,Thu Aug 06 2026 16:44:11 GMT+0000 (Coordinated Universal Time),46,RB Leipzig,rb leipzig,,,,,,
2026-08-07T05:20:10.790540+00:00,20260807-052010,https://trends24.in/indonesia/,Thu Aug 06 2026 16:44:11 GMT+0000 (Coordinated Universal Time),47,blackpink,blackpink,,,,,,
2026-08-07T05:20:10.790540+00:00,20260807-052010,https://trends24.in/indonesia/,Thu Aug 06 2026 16:44:11 GMT+0000 (Coordinated Universal Time),48,Persija vs Arema,persija vs arema,,,,,,
2026-08-07T05:20:10.790540+00:00,20260807-052010,https://trends24.in/indonesia/,Thu Aug 06 2026 16:44:11 GMT+0000 (Coordinated Universal Time),49,WITH LOVE TO NI-KI,with love to ni-ki,,,,,,
2026-08-07T05:20:10.790540+00:00,20260807-052010,https://trends24.in/indonesia/,Thu Aug 06 2026 16:44:11 GMT+0000 (Coordinated Universal Time),50,Dita,dita,,,,,,
2026-08-07T05:20:10.790540+00:00,20260807-052010,https://trends24.in/indonesia/,Thu Aug 06 2026 15:52:11 GMT+0000 (Coordinated Universal Time),1,#TREASURE6thANNIVERSARY,treasure6thanniversary,,,,,,
2026-08-07T05:20:10.790540+00:00,20260807-052010,https://trends24.in/indonesia/,Thu Aug 06 2026 15:52:11 GMT+0000 (Coordinated Universal Time),2,#FinalPialaPresiden2026,finalpialapresiden2026,,,,,,
2026-08-07T05:20:10.790540+00:00,20260807-052010,https://trends24.in/indonesia/,Thu Aug 06 2026 15:52:11 GMT+0000 (Coordinated Universal Time),3,Persib vs Persebaya,persib vs persebaya,,,,,,
2026-08-07T05:20:10.790540+00:00,20260807-052010,https://trends24.in/indonesia/,Thu Aug 06 2026 15:52:11 GMT+0000 (Coordinated Universal Time),4,#TPOPSTAGExGAWIN,tpopstagexgawin,,,,,,
2026-08-07T05:20:10.790540+00:00,20260807-052010,https://trends24.in/indonesia/,Thu Aug 06 2026 15:52:11 GMT+0000 (Coordinated Universal Time),5,GAWIN GONE AWAY TPOPSTAGE,gawin gone away tpopstage,,,,,,
2026-08-07T05:20:10.790540+00:00,20260807-052010,https://trends24.in/indonesia/,Thu Aug 06 2026 15:52:11 GMT+0000 (Coordinated Universal Time),6,#MensFolioThailand,mensfoliothailand,,,,,,
2026-08-07T05:20:10.790540+00:00,20260807-052010,https://trends24.in/indonesia/,Thu Aug 06 2026 15:52:11 GMT+0000 (Coordinated Universal Time),7,#à¹à¸à¸­à¸°à¸à¸­à¸¢à¸­à¸´à¸à¸à¸­à¸¢à¸à¸²à¸£à¹à¸à¸µà¹,à¹à¸à¸­à¸°à¸à¸­à¸¢à¸­à¸´à¸à¸à¸­à¸¢à¸à¸²à¸£à¹à¸à¸µà¹,,,,,,
2026-08-07T05:20:10.790540+00:00,20260807-052010,https://trends24.in/indonesia/,Thu Aug 06 2026 15:52:11 GMT+0000 (Coordinated Universal Time),8,Rodri,rodri,,,,,,
2026-08-07T05:20:10.790540+00:00,20260807-052010,https://trends24.in/indonesia/,Thu Aug 06 2026 15:52:11 GMT+0000 (Coordinated Universal Time),9,Blingy Jets Teaser D2,blingy jets teaser d2,,,,,,
2026-08-07T05:20:10.790540+00:00,20260807-052010,https://trends24.in/indonesia/,Thu Aug 06 2026 15:52:11 GMT+0000 (Coordinated Universal Time),10,SANTA VITAMIN ENRICHED,santa vitamin enriched,,,,,,
2026-08-07T05:20:10.790540+00:00,20260807-052010,https://trends24.in/indonesia/,Thu Aug 06 2026 15:52:11 GMT+0000 (Coordinated Universal Time),11,PONDPHUWIN GRAB BONCHON,pondphuwin grab bonchon,,,,,,
2026-08-07T05:20:10.790540+00:00,20260807-052010,https://trends24.in/indonesia/,Thu Aug 06 2026 15:52:11 GMT+0000 (Coordinated Universal Time),12,Happy 6th,happy 6th,,,,,,
2026-08-07T05:20:10.790540+00:00,20260807-052010,https://trends24.in/indonesia/,Thu Aug 06 2026 15:52:11 GMT+0000 (Coordinated Universal Time),13,EST IN FANTA FANTASIES,est in fanta fantasies,,,,,,
2026-08-07T05:20:10.790540+00:00,20260807-052010,https://trends24.in/indonesia/,Thu Aug 06 2026 15:52:11 GMT+0000 (Coordinated Universal Time),14,Malam Jumat,malam jumat,,,,,,
2026-08-07T05:20:10.790540+00:00,20260807-052010,https://trends24.in/indonesia/,Thu Aug 06 2026 15:52:11 GMT+0000 (Coordinated Universal Time),15,Barca,barca,,,,,,
2026-08-07T05:20:10.790540+00:00,20260807-052010,https://trends24.in/indonesia/,Thu Aug 06 2026 15:52:11 GMT+0000 (Coordinated Universal Time),16,AI Untuk Semua,ai untuk semua,,,,,,
2026-08-07T05:20:10.790540+00:00,20260807-052010,https://trends24.in/indonesia/,Thu Aug 06 2026 15:52:11 GMT+0000 (Coordinated Universal Time),17,BE MY PLAYER TWO EP4,be my player two ep4,,,,,,
2026-08-07T05:20:10.790540+00:00,20260807-052010,https://trends24.in/indonesia/,Thu Aug 06 2026 15:52:11 GMT+0000 (Coordinated Universal Time),18,KALOG Pro,kalog pro,,,,,,
2026-08-07T05:20:10.790540+00:00,20260807-052010,https://trends24.in/indonesia/,Thu Aug 06 2026 15:52:11 GMT+0000 (Coordinated Universal Time),19,KALOG Plus,kalog plus,,,,,,
2026-08-07T05:20:10.790540+00:00,20260807-052010,https://trends24.in/indonesia/,Thu Aug 06 2026 15:52:11 GMT+0000 (Coordinated Universal Time),20,Sananta,sananta,,,,,,
2026-08-07T05:20:10.790540+00:00,20260807-052010,https://trends24.in/indonesia/,Thu Aug 06 2026 15:52:11 GMT+0000 (Coordinated Universal Time),21,KALOG Express,kalog express,,,,,,
2026-08-07T05:20:10.790540+00:00,20260807-052010,https://trends24.in/indonesia/,Thu Aug 06 2026 15:52:11 GMT+0000 (Coordinated Universal Time),22,BRIN,brin,,,,,,
2026-08-07T05:20:10.790540+00:00,20260807-052010,https://trends24.in/indonesia/,Thu Aug 06 2026 15:52:11 GMT+0000 (Coordinated Universal Time),23,JANJINGJING RUN STAR CRUSH,janjingjing run star crush,,,,,,
2026-08-07T05:20:10.790540+00:00,20260807-052010,https://trends24.in/indonesia/,Thu Aug 06 2026 15:52:11 GMT+0000 (Coordinated Universal Time),24,Kakang,kakang,,,,,,
2026-08-07T05:20:10.790540+00:00,20260807-052010,https://trends24.in/indonesia/,Thu Aug 06 2026 15:52:11 GMT+0000 (Coordinated Universal Time),25,SENADA JEBLOSKAN DIPA,senada jebloskan dipa,,,,,,
2026-08-07T05:20:10.790540+00:00,20260807-052010,https://trends24.in/indonesia/,Thu Aug 06 2026 15:52:11 GMT+0000 (Coordinated Universal Time),26,Tanamal,tanamal,,,,,,
2026-08-07T05:20:10.790540+00:00,20260807-052010,https://trends24.in/indonesia/,Thu Aug 06 2026 15:52:11 GMT+0000 (Coordinated Universal Time),27,Barcelona,barcelona,,,,,,
2026-08-07T05:20:10.790540+00:00,20260807-052010,https://trends24.in/indonesia/,Thu Aug 06 2026 15:52:11 GMT+0000 (Coordinated Universal Time),28,UNLUCKYBAE EPISODE 1,unluckybae episode 1,,,,,,
2026-08-07T05:20:10.790540+00:00,20260807-052010,https://trends24.in/indonesia/,Thu Aug 06 2026 15:52:11 GMT+0000 (Coordinated Universal Time),29,ON AIR WITH DJ JAEMIN,on air with dj jaemin,,,,,,
2026-08-07T05:20:10.790540+00:00,20260807-052010,https://trends24.in/indonesia/,Thu Aug 06 2026 15:52:11 GMT+0000 (Coordinated Universal Time),30,Yan Diomande,yan diomande,,,,,,
2026-08-07T05:20:10.790540+00:00,20260807-052010,https://trends24.in/indonesia/,Thu Aug 06 2026 15:52:11 GMT+0000 (Coordinated Universal Time),31,Deco,deco,,,,,,
2026-08-07T05:20:10.790540+00:00,20260807-052010,https://trends24.in/indonesia/,Thu Aug 06 2026 15:52:11 GMT+0000 (Coordinated Universal Time),32,Kebayoran Lama,kebayoran lama,,,,,,
2026-08-07T05:20:10.790540+00:00,20260807-052010,https://trends24.in/indonesia/,Thu Aug 06 2026 15:52:11 GMT+0000 (Coordinated Universal Time),33,$LESTER,$lester,,,,,,
2026-08-07T05:20:10.790540+00:00,20260807-052010,https://trends24.in/indonesia/,Thu Aug 06 2026 15:52:11 GMT+0000 (Coordinated Universal Time),34,Perez,perez,,,,,,
2026-08-07T05:20:10.790540+00:00,20260807-052010,https://trends24.in/indonesia/,Thu Aug 06 2026 15:52:11 GMT+0000 (Coordinated Universal Time),35,Drakor,drakor,,,,,,
2026-08-07T05:20:10.790540+00:00,20260807-052010,https://trends24.in/indonesia/,Thu Aug 06 2026 15:52:11 GMT+0000 (Coordinated Universal Time),36,BNPB,bnpb,,,,,,
2026-08-07T05:20:10.790540+00:00,20260807-052010,https://trends24.in/indonesia/,Thu Aug 06 2026 15:52:11 GMT+0000 (Coordinated Universal Time),37,blackpink,blackpink,,,,,,
2026-08-07T05:20:10.790540+00:00,20260807-052010,https://trends24.in/indonesia/,Thu Aug 06 2026 15:52:11 GMT+0000 (Coordinated Universal Time),38,RB Leipzig,rb leipzig,,,,,,
2026-08-07T05:20:10.790540+00:00,20260807-052010,https://trends24.in/indonesia/,Thu Aug 06 2026 15:52:11 GMT+0000 (Coordinated Universal Time),39,Persija vs Arema,persija vs arema,,,,,,
2026-08-07T05:20:10.790540+00:00,20260807-052010,https://trends24.in/indonesia/,Thu Aug 06 2026 15:52:11 GMT+0000 (Coordinated Universal Time),40,Wangi,wangi,,,,,,
2026-08-07T05:20:10.790540+00:00,20260807-052010,https://trends24.in/indonesia/,Thu Aug 06 2026 15:52:11 GMT+0000 (Coordinated Universal Time),41,Dita,dita,,,,,,
2026-08-07T05:20:10.790540+00:00,20260807-052010,https://trends24.in/indonesia/,Thu Aug 06 2026 15:52:11 GMT+0000 (Coordinated Universal Time),42,WITH LOVE TO NI-KI,with love to ni-ki,,,,,,
2026-08-07T05:20:10.790540+00:00,20260807-052010,https://trends24.in/indonesia/,Thu Aug 06 2026 15:52:11 GMT+0000 (Coordinated Universal Time),43,Witan,witan,,,,,,
2026-08-07T05:20:10.790540+00:00,20260807-052010,https://trends24.in/indonesia/,Thu Aug 06 2026 15:52:11 GMT+0000 (Coordinated Universal Time),44,Blink,blink,,,,,,
2026-08-07T05:20:10.790540+00:00,20260807-052010,https://trends24.in/indonesia/,Thu Aug 06 2026 15:52:11 GMT+0000 (Coordinated Universal Time),45,MOOMIN X RENJUN SOON,moomin x renjun soon,,,,,,
2026-08-07T05:20:10.790540+00:00,20260807-052010,https://trends24.in/indonesia/,Thu Aug 06 2026 15:52:11 GMT+0000 (Coordinated Universal Time),46,Alvarez,alvarez,,,,,,
2026-08-07T05:20:10.790540+00:00,20260807-052010,https://trends24.in/indonesia/,Thu Aug 06 2026 15:52:11 GMT+0000 (Coordinated Universal Time),47,Bromo,bromo,,,,,,
2026-08-07T05:20:10.790540+00:00,20260807-052010,https://trends24.in/indonesia/,Thu Aug 06 2026 15:52:11 GMT+0000 (Coordinated Universal Time),48,Nikita Bier,nikita bier,,,,,,
2026-08-07T05:20:10.790540+00:00,20260807-052010,https://trends24.in/indonesia/,Thu Aug 06 2026 15:52:11 GMT+0000 (Coordinated Universal Time),49,Nasgor,nasgor,,,,,,
2026-08-07T05:20:10.790540+00:00,20260807-052010,https://trends24.in/indonesia/,Thu Aug 06 2026 15:52:11 GMT+0000 (Coordinated Universal Time),50,Anggur,anggur,,,,,,
2026-08-07T05:20:10.790540+00:00,20260807-052010,https://trends24.in/indonesia/,Thu Aug 06 2026 15:00:32 GMT+0000 (Coordinated Universal Time),1,persib vs persebaya,persib vs persebaya,,,,,,
2026-08-07T05:20:10.790540+00:00,20260807-052010,https://trends24.in/indonesia/,Thu Aug 06 2026 15:00:32 GMT+0000 (Coordinated Universal Time),2,#FinalPialaPresiden2026,finalpialapresiden2026,,,,,,
2026-08-07T05:20:10.790540+00:00,20260807-052010,https://trends24.in/indonesia/,Thu Aug 06 2026 15:00:32 GMT+0000 (Coordinated Universal Time),3,#MensFolioThailand,mensfoliothailand,,,,,,
2026-08-07T05:20:10.790540+00:00,20260807-052010,https://trends24.in/indonesia/,Thu Aug 06 2026 15:00:32 GMT+0000 (Coordinated Universal Time),4,#à¹à¸à¸­à¸°à¸à¸­à¸¢à¸­à¸´à¸à¸à¸­à¸¢à¸à¸²à¸£à¹à¸à¸µà¹,à¹à¸à¸­à¸°à¸à¸­à¸¢à¸­à¸´à¸à¸à¸­à¸¢à¸à¸²à¸£à¹à¸à¸µà¹,,,,,,
2026-08-07T05:20:10.790540+00:00,20260807-052010,https://trends24.in/indonesia/,Thu Aug 06 2026 15:00:32 GMT+0000 (Coordinated Universal Time),5,#PondPhuwinXBonchonHotTomyum,pondphuwinxbonchonhottomyum,,,,,,
2026-08-07T05:20:10.790540+00:00,20260807-052010,https://trends24.in/indonesia/,Thu Aug 06 2026 15:00:32 GMT+0000 (Coordinated Universal Time),6,PONDPHUWIN GRAB BONCHON,pondphuwin grab bonchon,,,,,,
2026-08-07T05:20:10.790540+00:00,20260807-052010,https://trends24.in/indonesia/,Thu Aug 06 2026 15:00:32 GMT+0000 (Coordinated Universal Time),7,#BobbiBrownTHxSANTA,bobbibrownthxsanta,,,,,,
2026-08-07T05:20:10.790540+00:00,20260807-052010,https://trends24.in/indonesia/,Thu Aug 06 2026 15:00:32 GMT+0000 (Coordinated Universal Time),8,SIXFINITY WITH TREASURE,sixfinity with treasure,,,,,,
2026-08-07T05:20:10.790540+00:00,20260807-052010,https://trends24.in/indonesia/,Thu Aug 06 2026 15:00:32 GMT+0000 (Coordinated Universal Time),9,SANTA VITAMIN ENRICHED,santa vitamin enriched,,,,,,
2026-08-07T05:20:10.790540+00:00,20260807-052010,https://trends24.in/indonesia/,Thu Aug 06 2026 15:00:32 GMT+0000 (Coordinated Universal Time),10,EST IN FANTA FANTASIES,est in fanta fantasies,,,,,,
2026-08-07T05:20:10.790540+00:00,20260807-052010,https://trends24.in/indonesia/,Thu Aug 06 2026 15:00:32 GMT+0000 (Coordinated Universal Time),11,Rodri,rodri,,,,,,
2026-08-07T05:20:10.790540+00:00,20260807-052010,https://trends24.in/indonesia/,Thu Aug 06 2026 15:00:32 GMT+0000 (Coordinated Universal Time),12,GAWIN GONE AWAY TPOPSTAGE,gawin gone away tpopstage,,,,,,
2026-08-07T05:20:10.790540+00:00,20260807-052010,https://trends24.in/indonesia/,Thu Aug 06 2026 15:00:32 GMT+0000 (Coordinated Universal Time),13,AI Untuk Semua,ai untuk semua,,,,,,
2026-08-07T05:20:10.790540+00:00,20260807-052010,https://trends24.in/indonesia/,Thu Aug 06 2026 15:00:32 GMT+0000 (Coordinated Universal Time),14,Malam Jumat,malam jumat,,,,,,
2026-08-07T05:20:10.790540+00:00,20260807-052010,https://trends24.in/indonesia/,Thu Aug 06 2026 15:00:32 GMT+0000 (Coordinated Universal Time),15,persija vs arema,persija vs arema,,,,,,
2026-08-07T05:20:10.790540+00:00,20260807-052010,https://trends24.in/indonesia/,Thu Aug 06 2026 15:00:32 GMT+0000 (Coordinated Universal Time),16,Barca,barca,,,,,,
2026-08-07T05:20:10.790540+00:00,20260807-052010,https://trends24.in/indonesia/,Thu Aug 06 2026 15:00:32 GMT+0000 (Coordinated Universal Time),17,BE MY PLAYER TWO EP4,be my player two ep4,,,,,,
2026-08-07T05:20:10.790540+00:00,20260807-052010,https://trends24.in/indonesia/,Thu Aug 06 2026 15:00:32 GMT+0000 (Coordinated Universal Time),18,KALOG Plus,kalog plus,,,,,,
2026-08-07T05:20:10.790540+00:00,20260807-052010,https://trends24.in/indonesia/,Thu Aug 06 2026 15:00:32 GMT+0000 (Coordinated Universal Time),19,KALOG Pro,kalog pro,,,,,,
2026-08-07T05:20:10.790540+00:00,20260807-052010,https://trends24.in/indonesia/,Thu Aug 06 2026 15:00:32 GMT+0000 (Coordinated Universal Time),20,KALOG Express,kalog express,,,,,,
2026-08-07T05:20:10.790540+00:00,20260807-052010,https://trends24.in/indonesia/,Thu Aug 06 2026 15:00:32 GMT+0000 (Coordinated Universal Time),21,Sananta,sananta,,,,,,
2026-08-07T05:20:10.790540+00:00,20260807-052010,https://trends24.in/indonesia/,Thu Aug 06 2026 15:00:32 GMT+0000 (Coordinated Universal Time),22,SENADA JEBLOSKAN DIPA,senada jebloskan dipa,,,,,,
2026-08-07T05:20:10.790540+00:00,20260807-052010,https://trends24.in/indonesia/,Thu Aug 06 2026 15:00:32 GMT+0000 (Coordinated Universal Time),23,JANJINGJING RUN STAR CRUSH,janjingjing run star crush,,,,,,
2026-08-07T05:20:10.790540+00:00,20260807-052010,https://trends24.in/indonesia/,Thu Aug 06 2026 15:00:32 GMT+0000 (Coordinated Universal Time),24,Tanamal,tanamal,,,,,,
2026-08-07T05:20:10.790540+00:00,20260807-052010,https://trends24.in/indonesia/,Thu Aug 06 2026 15:00:32 GMT+0000 (Coordinated Universal Time),25,ON AIR WITH DJ JAEMIN,on air with dj jaemin,,,,,,
2026-08-07T05:20:10.790540+00:00,20260807-052010,https://trends24.in/indonesia/,Thu Aug 06 2026 15:00:32 GMT+0000 (Coordinated Universal Time),26,UNLUCKYBAE EPISODE 1,unluckybae episode 1,,,,,,
2026-08-07T05:20:10.790540+00:00,20260807-052010,https://trends24.in/indonesia/,Thu Aug 06 2026 15:00:32 GMT+0000 (Coordinated Universal Time),27,Kakang,kakang,,,,,,
2026-08-07T05:20:10.790540+00:00,20260807-052010,https://trends24.in/indonesia/,Thu Aug 06 2026 15:00:32 GMT+0000 (Coordinated Universal Time),28,BRIN,brin,,,,,,
2026-08-07T05:20:10.790540+00:00,20260807-052010,https://trends24.in/indonesia/,Thu Aug 06 2026 15:00:32 GMT+0000 (Coordinated Universal Time),29,Diomande,diomande,,,,,,
2026-08-07T05:20:10.790540+00:00,20260807-052010,https://trends24.in/indonesia/,Thu Aug 06 2026 15:00:32 GMT+0000 (Coordinated Universal Time),30,Wangi,wangi,,,,,,
2026-08-07T05:20:10.790540+00:00,20260807-052010,https://trends24.in/indonesia/,Thu Aug 06 2026 15:00:32 GMT+0000 (Coordinated Universal Time),31,dita,dita,,,,,,
2026-08-07T05:20:10.790540+00:00,20260807-052010,https://trends24.in/indonesia/,Thu Aug 06 2026 15:00:32 GMT+0000 (Coordinated Universal Time),32,BNPB,bnpb,,,,,,
2026-08-07T05:20:10.790540+00:00,20260807-052010,https://trends24.in/indonesia/,Thu Aug 06 2026 15:00:32 GMT+0000 (Coordinated Universal Time),33,Drakor,drakor,,,,,,
2026-08-07T05:20:10.790540+00:00,20260807-052010,https://trends24.in/indonesia/,Thu Aug 06 2026 15:00:32 GMT+0000 (Coordinated Universal Time),34,blackpink,blackpink,,,,,,
2026-08-07T05:20:10.790540+00:00,20260807-052010,https://trends24.in/indonesia/,Thu Aug 06 2026 15:00:32 GMT+0000 (Coordinated Universal Time),35,$LESTER,$lester,,,,,,
2026-08-07T05:20:10.790540+00:00,20260807-052010,https://trends24.in/indonesia/,Thu Aug 06 2026 15:00:32 GMT+0000 (Coordinated Universal Time),36,WITH LOVE TO NI-KI,with love to ni-ki,,,,,,
2026-08-07T05:20:10.790540+00:00,20260807-052010,https://trends24.in/indonesia/,Thu Aug 06 2026 15:00:32 GMT+0000 (Coordinated Universal Time),37,Witan,witan,,,,,,
2026-08-07T05:20:10.790540+00:00,20260807-052010,https://trends24.in/indonesia/,Thu Aug 06 2026 15:00:32 GMT+0000 (Coordinated Universal Time),38,Blink,blink,,,,,,
2026-08-07T05:20:10.790540+00:00,20260807-052010,https://trends24.in/indonesia/,Thu Aug 06 2026 15:00:32 GMT+0000 (Coordinated Universal Time),39,MOOMIN X RENJUN SOON,moomin x renjun soon,,,,,,
2026-08-07T05:20:10.790540+00:00,20260807-052010,https://trends24.in/indonesia/,Thu Aug 06 2026 15:00:32 GMT+0000 (Coordinated Universal Time),40,Bromo,bromo,,,,,,
2026-08-07T05:20:10.790540+00:00,20260807-052010,https://trends24.in/indonesia/,Thu Aug 06 2026 15:00:32 GMT+0000 (Coordinated Universal Time),41,Korut,korut,,,,,,
2026-08-07T05:20:10.790540+00:00,20260807-052010,https://trends24.in/indonesia/,Thu Aug 06 2026 15:00:32 GMT+0000 (Coordinated Universal Time),42,Nikita Bier,nikita bier,,,,,,
2026-08-07T05:20:10.790540+00:00,20260807-052010,https://trends24.in/indonesia/,Thu Aug 06 2026 15:00:32 GMT+0000 (Coordinated Universal Time),43,Perez Hilton,perez hilton,,,,,,
2026-08-07T05:20:10.790540+00:00,20260807-052010,https://trends24.in/indonesia/,Thu Aug 06 2026 15:00:32 GMT+0000 (Coordinated Universal Time),44,Rans,rans,,,,,,
2026-08-07T05:20:10.790540+00:00,20260807-052010,https://trends24.in/indonesia/,Thu Aug 06 2026 15:00:32 GMT+0000 (Coordinated Universal Time),45,Nasgor,nasgor,,,,,,
2026-08-07T05:20:10.790540+00:00,20260807-052010,https://trends24.in/indonesia/,Thu Aug 06 2026 15:00:32 GMT+0000 (Coordinated Universal Time),46,Anggur,anggur,,,,,,
2026-08-07T05:20:10.790540+00:00,20260807-052010,https://trends24.in/indonesia/,Thu Aug 06 2026 15:00:32 GMT+0000 (Coordinated Universal Time),47,SNSD,snsd,,,,,,
2026-08-07T05:20:10.790540+00:00,20260807-052010,https://trends24.in/indonesia/,Thu Aug 06 2026 15:00:32 GMT+0000 (Coordinated Universal Time),48,#FantaFantasiesLivexEst,fantafantasieslivexest,,,,,,
2026-08-07T05:20:10.790540+00:00,20260807-052010,https://trends24.in/indonesia/,Thu Aug 06 2026 15:00:32 GMT+0000 (Coordinated Universal Time),49,#TMSD,tmsd,,,,,,
2026-08-07T05:20:10.790540+00:00,20260807-052010,https://trends24.in/indonesia/,Thu Aug 06 2026 15:00:32 GMT+0000 (Coordinated Universal Time),50,#JoongDunk,joongdunk,,,,,,
2026-08-07T05:20:10.790540+00:00,20260807-052010,https://trends24.in/indonesia/,Thu Aug 06 2026 14:09:27 GMT+0000 (Coordinated Universal Time),1,#FinalPialaPresiden2026,finalpialapresiden2026,,,,,,
2026-08-07T05:20:10.790540+00:00,20260807-052010,https://trends24.in/indonesia/,Thu Aug 06 2026 14:09:27 GMT+0000 (Coordinated Universal Time),2,Persib vs Persebaya,persib vs persebaya,,,,,,
2026-08-07T05:20:10.790540+00:00,20260807-052010,https://trends24.in/indonesia/,Thu Aug 06 2026 14:09:27 GMT+0000 (Coordinated Universal Time),3,#PondPhuwinXBonchonHotTomyum,pondphuwinxbonchonhottomyum,,,,,,
2026-08-07T05:20:10.790540+00:00,20260807-052010,https://trends24.in/indonesia/,Thu Aug 06 2026 14:09:27 GMT+0000 (Coordinated Universal Time),4,#BobbiBrownTHxSANTA,bobbibrownthxsanta,,,,,,
2026-08-07T05:20:10.790540+00:00,20260807-052010,https://trends24.in/indonesia/,Thu Aug 06 2026 14:09:27 GMT+0000 (Coordinated Universal Time),5,SANTA VITAMIN ENRICHED,santa vitamin enriched,,,,,,
2026-08-07T05:20:10.790540+00:00,20260807-052010,https://trends24.in/indonesia/,Thu Aug 06 2026 14:09:27 GMT+0000 (Coordinated Universal Time),6,#MensFolioThailand,mensfoliothailand,,,,,,
2026-08-07T05:20:10.790540+00:00,20260807-052010,https://trends24.in/indonesia/,Thu Aug 06 2026 14:09:27 GMT+0000 (Coordinated Universal Time),7,PONDPHUWIN GRAB BONCHON,pondphuwin grab bonchon,,,,,,
2026-08-07T05:20:10.790540+00:00,20260807-052010,https://trends24.in/indonesia/,Thu Aug 06 2026 14:09:27 GMT+0000 (Coordinated Universal Time),8,#à¹à¸à¸­à¸°à¸à¸­à¸¢à¸­à¸´à¸à¸à¸­à¸¢à¸à¸²à¸£à¹à¸à¸µà¹,à¹à¸à¸­à¸°à¸à¸­à¸¢à¸­à¸´à¸à¸à¸­à¸¢à¸à¸²à¸£à¹à¸à¸µà¹,,,,,,
2026-08-07T05:20:10.790540+00:00,20260807-052010,https://trends24.in/indonesia/,Thu Aug 06 2026 14:09:27 GMT+0000 (Coordinated Universal Time),9,EST IN FANTA FANTASIES,est in fanta fantasies,,,,,,
2026-08-07T05:20:10.790540+00:00,20260807-052010,https://trends24.in/indonesia/,Thu Aug 06 2026 14:09:27 GMT+0000 (Coordinated Universal Time),10,AI Untuk Semua,ai untuk semua,,,,,,
2026-08-07T05:20:10.790540+00:00,20260807-052010,https://trends24.in/indonesia/,Thu Aug 06 2026 14:09:27 GMT+0000 (Coordinated Universal Time),11,Persija vs Arema,persija vs arema,,,,,,
2026-08-07T05:20:10.790540+00:00,20260807-052010,https://trends24.in/indonesia/,Thu Aug 06 2026 14:09:27 GMT+0000 (Coordinated Universal Time),12,Rodri,rodri,,,,,,
2026-08-07T05:20:10.790540+00:00,20260807-052010,https://trends24.in/indonesia/,Thu Aug 06 2026 14:09:27 GMT+0000 (Coordinated Universal Time),13,KALOG Plus,kalog plus,,,,,,
2026-08-07T05:20:10.790540+00:00,20260807-052010,https://trends24.in/indonesia/,Thu Aug 06 2026 14:09:27 GMT+0000 (Coordinated Universal Time),14,KALOG Express,kalog express,,,,,,
2026-08-07T05:20:10.790540+00:00,20260807-052010,https://trends24.in/indonesia/,Thu Aug 06 2026 14:09:27 GMT+0000 (Coordinated Universal Time),15,KALOG Pro,kalog pro,,,,,,
2026-08-07T05:20:10.790540+00:00,20260807-052010,https://trends24.in/indonesia/,Thu Aug 06 2026 14:09:27 GMT+0000 (Coordinated Universal Time),16,Malam Jumat,malam jumat,,,,,,
2026-08-07T05:20:10.790540+00:00,20260807-052010,https://trends24.in/indonesia/,Thu Aug 06 2026 14:09:27 GMT+0000 (Coordinated Universal Time),17,SENADA JEBLOSKAN DIPA,senada jebloskan dipa,,,,,,
2026-08-07T05:20:10.790540+00:00,20260807-052010,https://trends24.in/indonesia/,Thu Aug 06 2026 14:09:27 GMT+0000 (Coordinated Universal Time),18,ON AIR WITH DJ JAEMIN,on air with dj jaemin,,,,,,
2026-08-07T05:20:10.790540+00:00,20260807-052010,https://trends24.in/indonesia/,Thu Aug 06 2026 14:09:27 GMT+0000 (Coordinated Universal Time),19,Tanamal,tanamal,,,,,,
2026-08-07T05:20:10.790540+00:00,20260807-052010,https://trends24.in/indonesia/,Thu Aug 06 2026 14:09:27 GMT+0000 (Coordinated Universal Time),20,JANJINGJING RUN STAR CRUSH,janjingjing run star crush,,,,,,
2026-08-07T05:20:10.790540+00:00,20260807-052010,https://trends24.in/indonesia/,Thu Aug 06 2026 14:09:27 GMT+0000 (Coordinated Universal Time),21,Barca,barca,,,,,,
2026-08-07T05:20:10.790540+00:00,20260807-052010,https://trends24.in/indonesia/,Thu Aug 06 2026 14:09:27 GMT+0000 (Coordinated Universal Time),22,BRIN,brin,,,,,,
2026-08-07T05:20:10.790540+00:00,20260807-052010,https://trends24.in/indonesia/,Thu Aug 06 2026 14:09:27 GMT+0000 (Coordinated Universal Time),23,Kakang,kakang,,,,,,
2026-08-07T05:20:10.790540+00:00,20260807-052010,https://trends24.in/indonesia/,Thu Aug 06 2026 14:09:27 GMT+0000 (Coordinated Universal Time),24,NUNEW KATA SPOILER,nunew kata spoiler,,,,,,
2026-08-07T05:20:10.790540+00:00,20260807-052010,https://trends24.in/indonesia/,Thu Aug 06 2026 14:09:27 GMT+0000 (Coordinated Universal Time),25,BNPB,bnpb,,,,,,
2026-08-07T05:20:10.790540+00:00,20260807-052010,https://trends24.in/indonesia/,Thu Aug 06 2026 14:09:27 GMT+0000 (Coordinated Universal Time),26,$LESTER,$lester,,,,,,
2026-08-07T05:20:10.790540+00:00,20260807-052010,https://trends24.in/indonesia/,Thu Aug 06 2026 14:09:27 GMT+0000 (Coordinated Universal Time),27,Drakor,drakor,,,,,,
2026-08-07T05:20:10.790540+00:00,20260807-052010,https://trends24.in/indonesia/,Thu Aug 06 2026 14:09:27 GMT+0000 (Coordinated Universal Time),28,Witan,witan,,,,,,
2026-08-07T05:20:10.790540+00:00,20260807-052010,https://trends24.in/indonesia/,Thu Aug 06 2026 14:09:27 GMT+0000 (Coordinated Universal Time),29,Dita,dita,,,,,,
2026-08-07T05:20:10.790540+00:00,20260807-052010,https://trends24.in/indonesia/,Thu Aug 06 2026 14:09:27 GMT+0000 (Coordinated Universal Time),30,Diomande,diomande,,,,,,
2026-08-07T05:20:10.790540+00:00,20260807-052010,https://trends24.in/indonesia/,Thu Aug 06 2026 14:09:27 GMT+0000 (Coordinated Universal Time),31,Wangi,wangi,,,,,,
2026-08-07T05:20:10.790540+00:00,20260807-052010,https://trends24.in/indonesia/,Thu Aug 06 2026 14:09:27 GMT+0000 (Coordinated Universal Time),32,WITH LOVE TO NI-KI,with love to ni-ki,,,,,,
2026-08-07T05:20:10.790540+00:00,20260807-052010,https://trends24.in/indonesia/,Thu Aug 06 2026 14:09:27 GMT+0000 (Coordinated Universal Time),33,Sana,sana,,,,,,
2026-08-07T05:20:10.790540+00:00,20260807-052010,https://trends24.in/indonesia/,Thu Aug 06 2026 14:09:27 GMT+0000 (Coordinated Universal Time),34,blackpink,blackpink,,,,,,
2026-08-07T05:20:10.790540+00:00,20260807-052010,https://trends24.in/indonesia/,Thu Aug 06 2026 14:09:27 GMT+0000 (Coordinated Universal Time),35,bromo,bromo,,,,,,
2026-08-07T05:20:10.790540+00:00,20260807-052010,https://trends24.in/indonesia/,Thu Aug 06 2026 14:09:27 GMT+0000 (Coordinated Universal Time),36,PHOTOMATICS,photomatics,,,,,,
2026-08-07T05:20:10.790540+00:00,20260807-052010,https://trends24.in/indonesia/,Thu Aug 06 2026 14:09:27 GMT+0000 (Coordinated Universal Time),37,Nikita Bier,nikita bier,,,,,,
2026-08-07T05:20:10.790540+00:00,20260807-052010,https://trends24.in/indonesia/,Thu Aug 06 2026 14:09:27 GMT+0000 (Coordinated Universal Time),38,Korut,korut,,,,,,
2026-08-07T05:20:10.790540+00:00,20260807-052010,https://trends24.in/indonesia/,Thu Aug 06 2026 14:09:27 GMT+0000 (Coordinated Universal Time),39,Perez Hilton,perez hilton,,,,,,
2026-08-07T05:20:10.790540+00:00,20260807-052010,https://trends24.in/indonesia/,Thu Aug 06 2026 14:09:27 GMT+0000 (Coordinated Universal Time),40,Blink,blink,,,,,,
2026-08-07T05:20:10.790540+00:00,20260807-052010,https://trends24.in/indonesia/,Thu Aug 06 2026 14:09:27 GMT+0000 (Coordinated Universal Time),41,Rans,rans,,,,,,
2026-08-07T05:20:10.790540+00:00,20260807-052010,https://trends24.in/indonesia/,Thu Aug 06 2026 14:09:27 GMT+0000 (Coordinated Universal Time),42,Nasgor,nasgor,,,,,,
2026-08-07T05:20:10.790540+00:00,20260807-052010,https://trends24.in/indonesia/,Thu Aug 06 2026 14:09:27 GMT+0000 (Coordinated Universal Time),43,Anggur,anggur,,,,,,
2026-08-07T05:20:10.790540+00:00,20260807-052010,https://trends24.in/indonesia/,Thu Aug 06 2026 14:09:27 GMT+0000 (Coordinated Universal Time),44,SNSD,snsd,,,,,,
2026-08-07T05:20:10.790540+00:00,20260807-052010,https://trends24.in/indonesia/,Thu Aug 06 2026 14:09:27 GMT+0000 (Coordinated Universal Time),45,#FantaFantasiesLivexEst,fantafantasieslivexest,,,,,,
2026-08-07T05:20:10.790540+00:00,20260807-052010,https://trends24.in/indonesia/,Thu Aug 06 2026 14:09:27 GMT+0000 (Coordinated Universal Time),46,#TMSD,tmsd,,,,,,
2026-08-07T05:20:10.790540+00:00,20260807-052010,https://trends24.in/indonesia/,Thu Aug 06 2026 14:09:27 GMT+0000 (Coordinated Universal Time),47,#JoongDunk,joongdunk,,,,,,
2026-08-07T05:20:10.790540+00:00,20260807-052010,https://trends24.in/indonesia/,Thu Aug 06 2026 14:09:27 GMT+0000 (Coordinated Universal Time),48,#JoongArchen,joongarchen,,,,,,
2026-08-07T05:20:10.790540+00:00,20260807-052010,https://trends24.in/indonesia/,Thu Aug 06 2026 14:09:27 GMT+0000 (Coordinated Universal Time),49,#TerikatJanjiEp124,terikatjanjiep124,,,,,,
2026-08-07T05:20:10.790540+00:00,20260807-052010,https://trends24.in/indonesia/,Thu Aug 06 2026 14:09:27 GMT+0000 (Coordinated Universal Time),50,#est_rvp,est_rvp,,,,,,
2026-08-07T05:20:10.790540+00:00,20260807-052010,https://trends24.in/indonesia/,Thu Aug 06 2026 13:18:37 GMT+0000 (Coordinated Universal Time),1,#PondPhuwinXBonchonHotTomyum,pondphuwinxbonchonhottomyum,,,,,,
2026-08-07T05:20:10.790540+00:00,20260807-052010,https://trends24.in/indonesia/,Thu Aug 06 2026 13:18:37 GMT+0000 (Coordinated Universal Time),2,PONDPHUWIN GRAB BONCHON,pondphuwin grab bonchon,,,,,,
2026-08-07T05:20:10.790540+00:00,20260807-052010,https://trends24.in/indonesia/,Thu Aug 06 2026 13:18:37 GMT+0000 (Coordinated Universal Time),3,#BobbiBrownTHxSANTA,bobbibrownthxsanta,,,,,,
2026-08-07T05:20:10.790540+00:00,20260807-052010,https://trends24.in/indonesia/,Thu Aug 06 2026 13:18:37 GMT+0000 (Coordinated Universal Time),4,SANTA VITAMIN ENRICHED,santa vitamin enriched,,,,,,
2026-08-07T05:20:10.790540+00:00,20260807-052010,https://trends24.in/indonesia/,Thu Aug 06 2026 13:18:37 GMT+0000 (Coordinated Universal Time),5,#MensFolioThailand,mensfoliothailand,,,,,,
2026-08-07T05:20:10.790540+00:00,20260807-052010,https://trends24.in/indonesia/,Thu Aug 06 2026 13:18:37 GMT+0000 (Coordinated Universal Time),6,#à¹à¸à¸­à¸°à¸à¸­à¸¢à¸­à¸´à¸à¸à¸­à¸¢à¸à¸²à¸£à¹à¸à¸µà¹,à¹à¸à¸­à¸°à¸à¸­à¸¢à¸­à¸´à¸à¸à¸­à¸¢à¸à¸²à¸£à¹à¸à¸µà¹,,,,,,
2026-08-07T05:20:10.790540+00:00,20260807-052010,https://trends24.in/indonesia/,Thu Aug 06 2026 13:18:37 GMT+0000 (Coordinated Universal Time),7,EST IN FANTA FANTASIES,est in fanta fantasies,,,,,,
2026-08-07T05:20:10.790540+00:00,20260807-052010,https://trends24.in/indonesia/,Thu Aug 06 2026 13:18:37 GMT+0000 (Coordinated Universal Time),8,#FantaFantasiesLivexEst,fantafantasieslivexest,,,,,,
2026-08-07T05:20:10.790540+00:00,20260807-052010,https://trends24.in/indonesia/,Thu Aug 06 2026 13:18:37 GMT+0000 (Coordinated Universal Time),9,AI Untuk Semua,ai untuk semua,,,,,,
2026-08-07T05:20:10.790540+00:00,20260807-052010,https://trends24.in/indonesia/,Thu Aug 06 2026 13:18:37 GMT+0000 (Coordinated Universal Time),10,KALOG Express,kalog express,,,,,,
2026-08-07T05:20:10.790540+00:00,20260807-052010,https://trends24.in/indonesia/,Thu Aug 06 2026 13:18:37 GMT+0000 (Coordinated Universal Time),11,KALOG Plus,kalog plus,,,,,,
2026-08-07T05:20:10.790540+00:00,20260807-052010,https://trends24.in/indonesia/,Thu Aug 06 2026 13:18:37 GMT+0000 (Coordinated Universal Time),12,KALOG Pro,kalog pro,,,,,,
2026-08-07T05:20:10.790540+00:00,20260807-052010,https://trends24.in/indonesia/,Thu Aug 06 2026 13:18:37 GMT+0000 (Coordinated Universal Time),13,Persija vs Arema,persija vs arema,,,,,,
2026-08-07T05:20:10.790540+00:00,20260807-052010,https://trends24.in/indonesia/,Thu Aug 06 2026 13:18:37 GMT+0000 (Coordinated Universal Time),14,ON AIR WITH DJ JAEMIN,on air with dj jaemin,,,,,,
2026-08-07T05:20:10.790540+00:00,20260807-052010,https://trends24.in/indonesia/,Thu Aug 06 2026 13:18:37 GMT+0000 (Coordinated Universal Time),15,SENADA JEBLOSKAN DIPA,senada jebloskan dipa,,,,,,
2026-08-07T05:20:10.790540+00:00,20260807-052010,https://trends24.in/indonesia/,Thu Aug 06 2026 13:18:37 GMT+0000 (Coordinated Universal Time),16,Rodri,rodri,,,,,,
2026-08-07T05:20:10.790540+00:00,20260807-052010,https://trends24.in/indonesia/,Thu Aug 06 2026 13:18:37 GMT+0000 (Coordinated Universal Time),17,Malam Jumat,malam jumat,,,,,,
2026-08-07T05:20:10.790540+00:00,20260807-052010,https://trends24.in/indonesia/,Thu Aug 06 2026 13:18:37 GMT+0000 (Coordinated Universal Time),18,NUNEW KATA SPOILER,nunew kata spoiler,,,,,,
2026-08-07T05:20:10.790540+00:00,20260807-052010,https://trends24.in/indonesia/,Thu Aug 06 2026 13:18:37 GMT+0000 (Coordinated Universal Time),19,BNPB,bnpb,,,,,,
2026-08-07T05:20:10.790540+00:00,20260807-052010,https://trends24.in/indonesia/,Thu Aug 06 2026 13:18:37 GMT+0000 (Coordinated Universal Time),20,Persib vs Persebaya,persib vs persebaya,,,,,,
2026-08-07T05:20:10.790540+00:00,20260807-052010,https://trends24.in/indonesia/,Thu Aug 06 2026 13:18:37 GMT+0000 (Coordinated Universal Time),21,BRIN,brin,,,,,,
2026-08-07T05:20:10.790540+00:00,20260807-052010,https://trends24.in/indonesia/,Thu Aug 06 2026 13:18:37 GMT+0000 (Coordinated Universal Time),22,WITH LOVE TO NI-KI,with love to ni-ki,,,,,,
2026-08-07T05:20:10.790540+00:00,20260807-052010,https://trends24.in/indonesia/,Thu Aug 06 2026 13:18:37 GMT+0000 (Coordinated Universal Time),23,$LESTER,$lester,,,,,,
2026-08-07T05:20:10.790540+00:00,20260807-052010,https://trends24.in/indonesia/,Thu Aug 06 2026 13:18:37 GMT+0000 (Coordinated Universal Time),24,Witan,witan,,,,,,
2026-08-07T05:20:10.790540+00:00,20260807-052010,https://trends24.in/indonesia/,Thu Aug 06 2026 13:18:37 GMT+0000 (Coordinated Universal Time),25,Dita,dita,,,,,,
2026-08-07T05:20:10.790540+00:00,20260807-052010,https://trends24.in/indonesia/,Thu Aug 06 2026 13:18:37 GMT+0000 (Coordinated Universal Time),26,NMAX,nmax,,,,,,
2026-08-07T05:20:10.790540+00:00,20260807-052010,https://trends24.in/indonesia/,Thu Aug 06 2026 13:18:37 GMT+0000 (Coordinated Universal Time),27,Gustavo,gustavo,,,,,,
2026-08-07T05:20:10.790540+00:00,20260807-052010,https://trends24.in/indonesia/,Thu Aug 06 2026 13:18:37 GMT+0000 (Coordinated Universal Time),28,Fokus Kerja Strategis,fokus kerja strategis,,,,,,
2026-08-07T05:20:10.790540+00:00,20260807-052010,https://trends24.in/indonesia/,Thu Aug 06 2026 13:18:37 GMT+0000 (Coordinated Universal Time),29,MOOMIN X RENJUN SOON,moomin x renjun soon,,,,,,
2026-08-07T05:20:10.790540+00:00,20260807-052010,https://trends24.in/indonesia/,Thu Aug 06 2026 13:18:37 GMT+0000 (Coordinated Universal Time),30,blackpink,blackpink,,,,,,
2026-08-07T05:20:10.790540+00:00,20260807-052010,https://trends24.in/indonesia/,Thu Aug 06 2026 13:18:37 GMT+0000 (Coordinated Universal Time),31,Sana,sana,,,,,,
2026-08-07T05:20:10.790540+00:00,20260807-052010,https://trends24.in/indonesia/,Thu Aug 06 2026 13:18:37 GMT+0000 (Coordinated Universal Time),32,Ramen,ramen,,,,,,
2026-08-07T05:20:10.790540+00:00,20260807-052010,https://trends24.in/indonesia/,Thu Aug 06 2026 13:18:37 GMT+0000 (Coordinated Universal Time),33,Diomande,diomande,,,,,,
2026-08-07T05:20:10.790540+00:00,20260807-052010,https://trends24.in/indonesia/,Thu Aug 06 2026 13:18:37 GMT+0000 (Coordinated Universal Time),34,photomatics,photomatics,,,,,,
2026-08-07T05:20:10.790540+00:00,20260807-052010,https://trends24.in/indonesia/,Thu Aug 06 2026 13:18:37 GMT+0000 (Coordinated Universal Time),35,Kamis,kamis,,,,,,
2026-08-07T05:20:10.790540+00:00,20260807-052010,https://trends24.in/indonesia/,Thu Aug 06 2026 13:18:37 GMT+0000 (Coordinated Universal Time),36,Bromo,bromo,,,,,,
2026-08-07T05:20:10.790540+00:00,20260807-052010,https://trends24.in/indonesia/,Thu Aug 06 2026 13:18:37 GMT+0000 (Coordinated Universal Time),37,Korut,korut,,,,,,
2026-08-07T05:20:10.790540+00:00,20260807-052010,https://trends24.in/indonesia/,Thu Aug 06 2026 13:18:37 GMT+0000 (Coordinated Universal Time),38,Anggur,anggur,,,,,,
2026-08-07T05:20:10.790540+00:00,20260807-052010,https://trends24.in/indonesia/,Thu Aug 06 2026 13:18:37 GMT+0000 (Coordinated Universal Time),39,Rans,rans,,,,,,
2026-08-07T05:20:10.790540+00:00,20260807-052010,https://trends24.in/indonesia/,Thu Aug 06 2026 13:18:37 GMT+0000 (Coordinated Universal Time),40,Nikita Bier,nikita bier,,,,,,
2026-08-07T05:20:10.790540+00:00,20260807-052010,https://trends24.in/indonesia/,Thu Aug 06 2026 13:18:37 GMT+0000 (Coordinated Universal Time),41,Blink,blink,,,,,,
2026-08-07T05:20:10.790540+00:00,20260807-052010,https://trends24.in/indonesia/,Thu Aug 06 2026 13:18:37 GMT+0000 (Coordinated Universal Time),42,SNSD,snsd,,,,,,
2026-08-07T05:20:10.790540+00:00,20260807-052010,https://trends24.in/indonesia/,Thu Aug 06 2026 13:18:37 GMT+0000 (Coordinated Universal Time),43,#TMSD,tmsd,,,,,,
2026-08-07T05:20:10.790540+00:00,20260807-052010,https://trends24.in/indonesia/,Thu Aug 06 2026 13:18:37 GMT+0000 (Coordinated Universal Time),44,#ItadakiLoveJKT48,itadakilovejkt48,,,,,,
2026-08-07T05:20:10.790540+00:00,20260807-052010,https://trends24.in/indonesia/,Thu Aug 06 2026 13:18:37 GMT+0000 (Coordinated Universal Time),45,#JoongDunk,joongdunk,,,,,,
2026-08-07T05:20:10.790540+00:00,20260807-052010,https://trends24.in/indonesia/,Thu Aug 06 2026 13:18:37 GMT+0000 (Coordinated Universal Time),46,#ããã­ã897,ããã­ã897,,,,,,
2026-08-07T05:20:10.790540+00:00,20260807-052010,https://trends24.in/indonesia/,Thu Aug 06 2026 13:18:37 GMT+0000 (Coordinated Universal Time),47,#TerikatJanjiEp124,terikatjanjiep124,,,,,,
2026-08-07T05:20:10.790540+00:00,20260807-052010,https://trends24.in/indonesia/,Thu Aug 06 2026 13:18:37 GMT+0000 (Coordinated Universal Time),48,#est_rvp,est_rvp,,,,,,
2026-08-07T05:20:10.790540+00:00,20260807-052010,https://trends24.in/indonesia/,Thu Aug 06 2026 13:18:37 GMT+0000 (Coordinated Universal Time),49,#PerebutanJuaraTiga,perebutanjuaratiga,,,,,,
2026-08-07T05:20:10.790540+00:00,20260807-052010,https://trends24.in/indonesia/,Thu Aug 06 2026 13:18:37 GMT+0000 (Coordinated Universal Time),50,#ã¸ã§ãã³ã®ãããã¡ããã­ãã¡ããã©ã¸ãª,ã¸ã§ãã³ã®ãããã¡ããã­ãã¡ããã©ã¸ãª,,,,,,
2026-08-07T05:20:10.790540+00:00,20260807-052010,https://trends24.in/indonesia/,Thu Aug 06 2026 12:25:04 GMT+0000 (Coordinated Universal Time),1,#BobbiBrownTHxSANTA,bobbibrownthxsanta,,,,,,
2026-08-07T05:20:10.790540+00:00,20260807-052010,https://trends24.in/indonesia/,Thu Aug 06 2026 12:25:04 GMT+0000 (Coordinated Universal Time),2,SANTA VITAMIN ENRICHED,santa vitamin enriched,,,,,,
2026-08-07T05:20:10.790540+00:00,20260807-052010,https://trends24.in/indonesia/,Thu Aug 06 2026 12:25:04 GMT+0000 (Coordinated Universal Time),3,#PondPhuwinXBonchonHotTomyum,pondphuwinxbonchonhottomyum,,,,,,
2026-08-07T05:20:10.790540+00:00,20260807-052010,https://trends24.in/indonesia/,Thu Aug 06 2026 12:25:04 GMT+0000 (Coordinated Universal Time),4,PONDPHUWIN GRAB BONCHON,pondphuwin grab bonchon,,,,,,
2026-08-07T05:20:10.790540+00:00,20260807-052010,https://trends24.in/indonesia/,Thu Aug 06 2026 12:25:04 GMT+0000 (Coordinated Universal Time),5,Persija vs Arema,persija vs arema,,,,,,
2026-08-07T05:20:10.790540+00:00,20260807-052010,https://trends24.in/indonesia/,Thu Aug 06 2026 12:25:04 GMT+0000 (Coordinated Universal Time),6,#MensFolioThailand,mensfoliothailand,,,,,,
2026-08-07T05:20:10.790540+00:00,20260807-052010,https://trends24.in/indonesia/,Thu Aug 06 2026 12:25:04 GMT+0000 (Coordinated Universal Time),7,#à¹à¸à¸­à¸°à¸à¸­à¸¢à¸­à¸´à¸à¸à¸­à¸¢à¸à¸²à¸£à¹à¸à¸µà¹,à¹à¸à¸­à¸°à¸à¸­à¸¢à¸­à¸´à¸à¸à¸­à¸¢à¸à¸²à¸£à¹à¸à¸µà¹,,,,,,
2026-08-07T05:20:10.790540+00:00,20260807-052010,https://trends24.in/indonesia/,Thu Aug 06 2026 12:25:04 GMT+0000 (Coordinated Universal Time),8,AI Untuk Semua,ai untuk semua,,,,,,
2026-08-07T05:20:10.790540+00:00,20260807-052010,https://trends24.in/indonesia/,Thu Aug 06 2026 12:25:04 GMT+0000 (Coordinated Universal Time),9,#PerebutanJuaraTiga,perebutanjuaratiga,,,,,,
2026-08-07T05:20:10.790540+00:00,20260807-052010,https://trends24.in/indonesia/,Thu Aug 06 2026 12:25:04 GMT+0000 (Coordinated Universal Time),10,EST IN FANTA FANTASIES,est in fanta fantasies,,,,,,
2026-08-07T05:20:10.790540+00:00,20260807-052010,https://trends24.in/indonesia/,Thu Aug 06 2026 12:25:04 GMT+0000 (Coordinated Universal Time),11,KALOG Express,kalog express,,,,,,
2026-08-07T05:20:10.790540+00:00,20260807-052010,https://trends24.in/indonesia/,Thu Aug 06 2026 12:25:04 GMT+0000 (Coordinated Universal Time),12,KALOG Plus,kalog plus,,,,,,
2026-08-07T05:20:10.790540+00:00,20260807-052010,https://trends24.in/indonesia/,Thu Aug 06 2026 12:25:04 GMT+0000 (Coordinated Universal Time),13,KALOG Pro,kalog pro,,,,,,
2026-08-07T05:20:10.790540+00:00,20260807-052010,https://trends24.in/indonesia/,Thu Aug 06 2026 12:25:04 GMT+0000 (Coordinated Universal Time),14,ON AIR WITH DJ JAEMIN,on air with dj jaemin,,,,,,
2026-08-07T05:20:10.790540+00:00,20260807-052010,https://trends24.in/indonesia/,Thu Aug 06 2026 12:25:04 GMT+0000 (Coordinated Universal Time),15,Rodri,rodri,,,,,,
2026-08-07T05:20:10.790540+00:00,20260807-052010,https://trends24.in/indonesia/,Thu Aug 06 2026 12:25:04 GMT+0000 (Coordinated Universal Time),16,Witan,witan,,,,,,
2026-08-07T05:20:10.790540+00:00,20260807-052010,https://trends24.in/indonesia/,Thu Aug 06 2026 12:25:04 GMT+0000 (Coordinated Universal Time),17,$LESTER,$lester,,,,,,
2026-08-07T05:20:10.790540+00:00,20260807-052010,https://trends24.in/indonesia/,Thu Aug 06 2026 12:25:04 GMT+0000 (Coordinated Universal Time),18,BNPB,bnpb,,,,,,
2026-08-07T05:20:10.790540+00:00,20260807-052010,https://trends24.in/indonesia/,Thu Aug 06 2026 12:25:04 GMT+0000 (Coordinated Universal Time),19,WITH LOVE TO NI-KI,with love to ni-ki,,,,,,
2026-08-07T05:20:10.790540+00:00,20260807-052010,https://trends24.in/indonesia/,Thu Aug 06 2026 12:25:04 GMT+0000 (Coordinated Universal Time),20,DANA CICIL,dana cicil,,,,,,
2026-08-07T05:20:10.790540+00:00,20260807-052010,https://trends24.in/indonesia/,Thu Aug 06 2026 12:25:04 GMT+0000 (Coordinated Universal Time),21,BRIN,brin,,,,,,
2026-08-07T05:20:10.790540+00:00,20260807-052010,https://trends24.in/indonesia/,Thu Aug 06 2026 12:25:04 GMT+0000 (Coordinated Universal Time),22,NMAX,nmax,,,,,,
2026-08-07T05:20:10.790540+00:00,20260807-052010,https://trends24.in/indonesia/,Thu Aug 06 2026 12:25:04 GMT+0000 (Coordinated Universal Time),23,Gustavo,gustavo,,,,,,
2026-08-07T05:20:10.790540+00:00,20260807-052010,https://trends24.in/indonesia/,Thu Aug 06 2026 12:25:04 GMT+0000 (Coordinated Universal Time),24,Fokus Kerja Strategis,fokus kerja strategis,,,,,,
2026-08-07T05:20:10.790540+00:00,20260807-052010,https://trends24.in/indonesia/,Thu Aug 06 2026 12:25:04 GMT+0000 (Coordinated Universal Time),25,Dita,dita,,,,,,
2026-08-07T05:20:10.790540+00:00,20260807-052010,https://trends24.in/indonesia/,Thu Aug 06 2026 12:25:04 GMT+0000 (Coordinated Universal Time),26,Bromo,bromo,,,,,,
2026-08-07T05:20:10.790540+00:00,20260807-052010,https://trends24.in/indonesia/,Thu Aug 06 2026 12:25:04 GMT+0000 (Coordinated Universal Time),27,blackpink,blackpink,,,,,,
2026-08-07T05:20:10.790540+00:00,20260807-052010,https://trends24.in/indonesia/,Thu Aug 06 2026 12:25:04 GMT+0000 (Coordinated Universal Time),28,PHOTOMATICS,photomatics,,,,,,
2026-08-07T05:20:10.790540+00:00,20260807-052010,https://trends24.in/indonesia/,Thu Aug 06 2026 12:25:04 GMT+0000 (Coordinated Universal Time),29,Ramen,ramen,,,,,,
2026-08-07T05:20:10.790540+00:00,20260807-052010,https://trends24.in/indonesia/,Thu Aug 06 2026 12:25:04 GMT+0000 (Coordinated Universal Time),30,Kamis,kamis,,,,,,
2026-08-07T05:20:10.790540+00:00,20260807-052010,https://trends24.in/indonesia/,Thu Aug 06 2026 12:25:04 GMT+0000 (Coordinated Universal Time),31,Sana,sana,,,,,,
2026-08-07T05:20:10.790540+00:00,20260807-052010,https://trends24.in/indonesia/,Thu Aug 06 2026 12:25:04 GMT+0000 (Coordinated Universal Time),32,RANS,rans,,,,,,
2026-08-07T05:20:10.790540+00:00,20260807-052010,https://trends24.in/indonesia/,Thu Aug 06 2026 12:25:04 GMT+0000 (Coordinated Universal Time),33,Anggur,anggur,,,,,,
2026-08-07T05:20:10.790540+00:00,20260807-052010,https://trends24.in/indonesia/,Thu Aug 06 2026 12:25:04 GMT+0000 (Coordinated Universal Time),34,Blink,blink,,,,,,
2026-08-07T05:20:10.790540+00:00,20260807-052010,https://trends24.in/indonesia/,Thu Aug 06 2026 12:25:04 GMT+0000 (Coordinated Universal Time),35,Nikita,nikita,,,,,,
2026-08-07T05:20:10.790540+00:00,20260807-052010,https://trends24.in/indonesia/,Thu Aug 06 2026 12:25:04 GMT+0000 (Coordinated Universal Time),36,Korut,korut,,,,,,
2026-08-07T05:20:10.790540+00:00,20260807-052010,https://trends24.in/indonesia/,Thu Aug 06 2026 12:25:04 GMT+0000 (Coordinated Universal Time),37,CAT 1,cat 1,,,,,,
2026-08-07T05:20:10.790540+00:00,20260807-052010,https://trends24.in/indonesia/,Thu Aug 06 2026 12:25:04 GMT+0000 (Coordinated Universal Time),38,#FantaFantasiesLivexEst,fantafantasieslivexest,,,,,,
2026-08-07T05:20:10.790540+00:00,20260807-052010,https://trends24.in/indonesia/,Thu Aug 06 2026 12:25:04 GMT+0000 (Coordinated Universal Time),39,#JoongDunk,joongdunk,,,,,,
2026-08-07T05:20:10.790540+00:00,20260807-052010,https://trends24.in/indonesia/,Thu Aug 06 2026 12:25:04 GMT+0000 (Coordinated Universal Time),40,#PintuFuturesLite,pintufutureslite,,,,,,
2026-08-07T05:20:10.790540+00:00,20260807-052010,https://trends24.in/indonesia/,Thu Aug 06 2026 12:25:04 GMT+0000 (Coordinated Universal Time),41,#AplikasiPintu,aplikasipintu,,,,,,
2026-08-07T05:20:10.790540+00:00,20260807-052010,https://trends24.in/indonesia/,Thu Aug 06 2026 12:25:04 GMT+0000 (Coordinated Universal Time),42,#JUMAVVA,jumavva,,,,,,
2026-08-07T05:20:10.790540+00:00,20260807-052010,https://trends24.in/indonesia/,Thu Aug 06 2026 12:25:04 GMT+0000 (Coordinated Universal Time),43,#ããã­ã897,ããã­ã897,,,,,,
2026-08-07T05:20:10.790540+00:00,20260807-052010,https://trends24.in/indonesia/,Thu Aug 06 2026 12:25:04 GMT+0000 (Coordinated Universal Time),44,#ã¸ã§ãã³ã®ãããã¡ããã­ãã¡ããã©ã¸ãª,ã¸ã§ãã³ã®ãããã¡ããã­ãã¡ããã©ã¸ãª,,,,,,
2026-08-07T05:20:10.790540+00:00,20260807-052010,https://trends24.in/indonesia/,Thu Aug 06 2026 12:25:04 GMT+0000 (Coordinated Universal Time),45,#FitFlopXNamtan,fitflopxnamtan,,,,,,
2026-08-07T05:20:10.790540+00:00,20260807-052010,https://trends24.in/indonesia/,Thu Aug 06 2026 12:25:04 GMT+0000 (Coordinated Universal Time),46,#JoongArchen,joongarchen,,,,,,
2026-08-07T05:20:10.790540+00:00,20260807-052010,https://trends24.in/indonesia/,Thu Aug 06 2026 12:25:04 GMT+0000 (Coordinated Universal Time),47,#dunknatachai,dunknatachai,,,,,,
2026-08-07T05:20:10.790540+00:00,20260807-052010,https://trends24.in/indonesia/,Thu Aug 06 2026 12:25:04 GMT+0000 (Coordinated Universal Time),48,#TerikatJanjiEp124,terikatjanjiep124,,,,,,
2026-08-07T05:20:10.790540+00:00,20260807-052010,https://trends24.in/indonesia/,Thu Aug 06 2026 12:25:04 GMT+0000 (Coordinated Universal Time),49,#WithNI_KIForever,withni_kiforever,,,,,,
2026-08-07T05:20:10.790540+00:00,20260807-052010,https://trends24.in/indonesia/,Thu Aug 06 2026 12:25:04 GMT+0000 (Coordinated Universal Time),50,#WulingAiraev,wulingairaev,,,,,,
2026-08-07T05:20:10.790540+00:00,20260807-052010,https://trends24.in/indonesia/,Thu Aug 06 2026 11:33:56 GMT+0000 (Coordinated Universal Time),1,#PerebutanJuaraTiga,perebutanjuaratiga,,,,,,
2026-08-07T05:20:10.790540+00:00,20260807-052010,https://trends24.in/indonesia/,Thu Aug 06 2026 11:33:56 GMT+0000 (Coordinated Universal Time),2,Persija vs Arema,persija vs arema,,,,,,
2026-08-07T05:20:10.790540+00:00,20260807-052010,https://trends24.in/indonesia/,Thu Aug 06 2026 11:33:56 GMT+0000 (Coordinated Universal Time),3,SANTA VITAMIN ENRICHED,santa vitamin enriched,,,,,,
2026-08-07T05:20:10.790540+00:00,20260807-052010,https://trends24.in/indonesia/,Thu Aug 06 2026 11:33:56 GMT+0000 (Coordinated Universal Time),4,#BobbiBrownTHxSANTA,bobbibrownthxsanta,,,,,,
2026-08-07T05:20:10.790540+00:00,20260807-052010,https://trends24.in/indonesia/,Thu Aug 06 2026 11:33:56 GMT+0000 (Coordinated Universal Time),5,AI Untuk Semua,ai untuk semua,,,,,,
2026-08-07T05:20:10.790540+00:00,20260807-052010,https://trends24.in/indonesia/,Thu Aug 06 2026 11:33:56 GMT+0000 (Coordinated Universal Time),6,#MensFolioThailand,mensfoliothailand,,,,,,
2026-08-07T05:20:10.790540+00:00,20260807-052010,https://trends24.in/indonesia/,Thu Aug 06 2026 11:33:56 GMT+0000 (Coordinated Universal Time),7,#JUMAVVA,jumavva,,,,,,
2026-08-07T05:20:10.790540+00:00,20260807-052010,https://trends24.in/indonesia/,Thu Aug 06 2026 11:33:56 GMT+0000 (Coordinated Universal Time),8,#à¹à¸à¸­à¸°à¸à¸­à¸¢à¸­à¸´à¸à¸à¸­à¸¢à¸à¸²à¸£à¹à¸à¸µà¹,à¹à¸à¸­à¸°à¸à¸­à¸¢à¸­à¸´à¸à¸à¸­à¸¢à¸à¸²à¸£à¹à¸à¸µà¹,,,,,,
2026-08-07T05:20:10.790540+00:00,20260807-052010,https://trends24.in/indonesia/,Thu Aug 06 2026 11:33:56 GMT+0000 (Coordinated Universal Time),9,PONDPHUWIN GRAB BONCHON,pondphuwin grab bonchon,,,,,,
2026-08-07T05:20:10.790540+00:00,20260807-052010,https://trends24.in/indonesia/,Thu Aug 06 2026 11:33:56 GMT+0000 (Coordinated Universal Time),10,KALOG Express,kalog express,,,,,,
2026-08-07T05:20:10.790540+00:00,20260807-052010,https://trends24.in/indonesia/,Thu Aug 06 2026 11:33:56 GMT+0000 (Coordinated Universal Time),11,KALOG Plus,kalog plus,,,,,,
2026-08-07T05:20:10.790540+00:00,20260807-052010,https://trends24.in/indonesia/,Thu Aug 06 2026 11:33:56 GMT+0000 (Coordinated Universal Time),12,KALOG Pro,kalog pro,,,,,,
2026-08-07T05:20:10.790540+00:00,20260807-052010,https://trends24.in/indonesia/,Thu Aug 06 2026 11:33:56 GMT+0000 (Coordinated Universal Time),13,Rodri,rodri,,,,,,
2026-08-07T05:20:10.790540+00:00,20260807-052010,https://trends24.in/indonesia/,Thu Aug 06 2026 11:33:56 GMT+0000 (Coordinated Universal Time),14,NAMTAN BA FITFLOP,namtan ba fitflop,,,,,,
2026-08-07T05:20:10.790540+00:00,20260807-052010,https://trends24.in/indonesia/,Thu Aug 06 2026 11:33:56 GMT+0000 (Coordinated Universal Time),15,$LESTER,$lester,,,,,,
2026-08-07T05:20:10.790540+00:00,20260807-052010,https://trends24.in/indonesia/,Thu Aug 06 2026 11:33:56 GMT+0000 (Coordinated Universal Time),16,WITH LOVE TO NI-KI,with love to ni-ki,,,,,,
2026-08-07T05:20:10.790540+00:00,20260807-052010,https://trends24.in/indonesia/,Thu Aug 06 2026 11:33:56 GMT+0000 (Coordinated Universal Time),17,Witan,witan,,,,,,
2026-08-07T05:20:10.790540+00:00,20260807-052010,https://trends24.in/indonesia/,Thu Aug 06 2026 11:33:56 GMT+0000 (Coordinated Universal Time),18,DANA CICIL,dana cicil,,,,,,
2026-08-07T05:20:10.790540+00:00,20260807-052010,https://trends24.in/indonesia/,Thu Aug 06 2026 11:33:56 GMT+0000 (Coordinated Universal Time),19,NMAX,nmax,,,,,,
2026-08-07T05:20:10.790540+00:00,20260807-052010,https://trends24.in/indonesia/,Thu Aug 06 2026 11:33:56 GMT+0000 (Coordinated Universal Time),20,Gustavo,gustavo,,,,,,
2026-08-07T05:20:10.790540+00:00,20260807-052010,https://trends24.in/indonesia/,Thu Aug 06 2026 11:33:56 GMT+0000 (Coordinated Universal Time),21,LCGC,lcgc,,,,,,
2026-08-07T05:20:10.790540+00:00,20260807-052010,https://trends24.in/indonesia/,Thu Aug 06 2026 11:33:56 GMT+0000 (Coordinated Universal Time),22,Fokus Kerja Strategis,fokus kerja strategis,,,,,,
2026-08-07T05:20:10.790540+00:00,20260807-052010,https://trends24.in/indonesia/,Thu Aug 06 2026 11:33:56 GMT+0000 (Coordinated Universal Time),23,PHOTOMATICS,photomatics,,,,,,
2026-08-07T05:20:10.790540+00:00,20260807-052010,https://trends24.in/indonesia/,Thu Aug 06 2026 11:33:56 GMT+0000 (Coordinated Universal Time),24,Dita,dita,,,,,,
2026-08-07T05:20:10.790540+00:00,20260807-052010,https://trends24.in/indonesia/,Thu Aug 06 2026 11:33:56 GMT+0000 (Coordinated Universal Time),25,Kamis,kamis,,,,,,
2026-08-07T05:20:10.790540+00:00,20260807-052010,https://trends24.in/indonesia/,Thu Aug 06 2026 11:33:56 GMT+0000 (Coordinated Universal Time),26,Bromo,bromo,,,,,,
2026-08-07T05:20:10.790540+00:00,20260807-052010,https://trends24.in/indonesia/,Thu Aug 06 2026 11:33:56 GMT+0000 (Coordinated Universal Time),27,blackpink,blackpink,,,,,,
2026-08-07T05:20:10.790540+00:00,20260807-052010,https://trends24.in/indonesia/,Thu Aug 06 2026 11:33:56 GMT+0000 (Coordinated Universal Time),28,Rans,rans,,,,,,
2026-08-07T05:20:10.790540+00:00,20260807-052010,https://trends24.in/indonesia/,Thu Aug 06 2026 11:33:56 GMT+0000 (Coordinated Universal Time),29,Anggur,anggur,,,,,,
2026-08-07T05:20:10.790540+00:00,20260807-052010,https://trends24.in/indonesia/,Thu Aug 06 2026 11:33:56 GMT+0000 (Coordinated Universal Time),30,Blink,blink,,,,,,
2026-08-07T05:20:10.790540+00:00,20260807-052010,https://trends24.in/indonesia/,Thu Aug 06 2026 11:33:56 GMT+0000 (Coordinated Universal Time),31,Korut,korut,,,,,,
2026-08-07T05:20:10.790540+00:00,20260807-052010,https://trends24.in/indonesia/,Thu Aug 06 2026 11:33:56 GMT+0000 (Coordinated Universal Time),32,Nikita,nikita,,,,,,
2026-08-07T05:20:10.790540+00:00,20260807-052010,https://trends24.in/indonesia/,Thu Aug 06 2026 11:33:56 GMT+0000 (Coordinated Universal Time),33,CAT 1,cat 1,,,,,,
2026-08-07T05:20:10.790540+00:00,20260807-052010,https://trends24.in/indonesia/,Thu Aug 06 2026 11:33:56 GMT+0000 (Coordinated Universal Time),34,#PondPhuwinXBonchonHotTomyum,pondphuwinxbonchonhottomyum,,,,,,
2026-08-07T05:20:10.790540+00:00,20260807-052010,https://trends24.in/indonesia/,Thu Aug 06 2026 11:33:56 GMT+0000 (Coordinated Universal Time),35,#WulingGIIAS2026,wulinggiias2026,,,,,,
2026-08-07T05:20:10.790540+00:00,20260807-052010,https://trends24.in/indonesia/,Thu Aug 06 2026 11:33:56 GMT+0000 (Coordinated Universal Time),36,#WulingAiraev,wulingairaev,,,,,,
2026-08-07T05:20:10.790540+00:00,20260807-052010,https://trends24.in/indonesia/,Thu Aug 06 2026 11:33:56 GMT+0000 (Coordinated Universal Time),37,#WithNI_KIForever,withni_kiforever,,,,,,
2026-08-07T05:20:10.790540+00:00,20260807-052010,https://trends24.in/indonesia/,Thu Aug 06 2026 11:33:56 GMT+0000 (Coordinated Universal Time),38,#JoongDunk,joongdunk,,,,,,
2026-08-07T05:20:10.790540+00:00,20260807-052010,https://trends24.in/indonesia/,Thu Aug 06 2026 11:33:56 GMT+0000 (Coordinated Universal Time),39,#BraverTogether_RENJUN_Moomin,bravertogether_renjun_moomin,,,,,,
2026-08-07T05:20:10.790540+00:00,20260807-052010,https://trends24.in/indonesia/,Thu Aug 06 2026 11:33:56 GMT+0000 (Coordinated Universal Time),40,#JoongArchen,joongarchen,,,,,,
2026-08-07T05:20:10.790540+00:00,20260807-052010,https://trends24.in/indonesia/,Thu Aug 06 2026 11:33:56 GMT+0000 (Coordinated Universal Time),41,#AdidasgolfxGEMINI,adidasgolfxgemini,,,,,,
2026-08-07T05:20:10.790540+00:00,20260807-052010,https://trends24.in/indonesia/,Thu Aug 06 2026 11:33:56 GMT+0000 (Coordinated Universal Time),42,#GoneAwayGAWINpresstour,goneawaygawinpresstour,,,,,,
2026-08-07T05:20:10.790540+00:00,20260807-052010,https://trends24.in/indonesia/,Thu Aug 06 2026 11:33:56 GMT+0000 (Coordinated Universal Time),43,#dunknatachai,dunknatachai,,,,,,
2026-08-07T05:20:10.790540+00:00,20260807-052010,https://trends24.in/indonesia/,Thu Aug 06 2026 11:33:56 GMT+0000 (Coordinated Universal Time),44,#BersamaBantuSaudara,bersamabantusaudara,,,,,,
2026-08-07T05:20:10.790540+00:00,20260807-052010,https://trends24.in/indonesia/,Thu Aug 06 2026 11:33:56 GMT+0000 (Coordinated Universal Time),45,#LEAPHIGH,leaphigh,,,,,,
2026-08-07T05:20:10.790540+00:00,20260807-052010,https://trends24.in/indonesia/,Thu Aug 06 2026 11:33:56 GMT+0000 (Coordinated Universal Time),46,#Aralie18,aralie18,,,,,,
2026-08-07T05:20:10.790540+00:00,20260807-052010,https://trends24.in/indonesia/,Thu Aug 06 2026 11:33:56 GMT+0000 (Coordinated Universal Time),47,#Bersantai16,bersantai16,,,,,,
2026-08-07T05:20:10.790540+00:00,20260807-052010,https://trends24.in/indonesia/,Thu Aug 06 2026 11:33:56 GMT+0000 (Coordinated Universal Time),48,#VirStillClimbing,virstillclimbing,,,,,,
2026-08-07T05:20:10.790540+00:00,20260807-052010,https://trends24.in/indonesia/,Thu Aug 06 2026 11:33:56 GMT+0000 (Coordinated Universal Time),49,#BloomingAralie,bloomingaralie,,,,,,
2026-08-07T05:20:10.790540+00:00,20260807-052010,https://trends24.in/indonesia/,Thu Aug 06 2026 11:33:56 GMT+0000 (Coordinated Universal Time),50,#Gemini_NT,gemini_nt,,,,,,
