captured_at_utc,run_id,source_url,hour_label,rank,name,name_norm,tweet_count_raw,tweet_count,best_position,total_tweets,trending_for_raw,trending_for_hours
2026-08-17T04:04:33.736534+00:00,20260817-040433,https://trends24.in/indonesia/,Mon Aug 17 2026 03:39:52 GMT+0000 (Coordinated Universal Time),1,#GOPAYKUOTA8RIBU,gopaykuota8ribu,,,,,,
2026-08-17T04:04:33.736534+00:00,20260817-040433,https://trends24.in/indonesia/,Mon Aug 17 2026 03:39:52 GMT+0000 (Coordinated Universal Time),2,#BeraniJadiDiriSendiri,beranijadidirisendiri,,,,,,
2026-08-17T04:04:33.736534+00:00,20260817-040433,https://trends24.in/indonesia/,Mon Aug 17 2026 03:39:52 GMT+0000 (Coordinated Universal Time),3,Dirgahayu Republik Indonesia,dirgahayu republik indonesia,,,,,,
2026-08-17T04:04:33.736534+00:00,20260817-040433,https://trends24.in/indonesia/,Mon Aug 17 2026 03:39:52 GMT+0000 (Coordinated Universal Time),4,Rayakan Di Natasha,rayakan di natasha,,,,,,
2026-08-17T04:04:33.736534+00:00,20260817-040433,https://trends24.in/indonesia/,Mon Aug 17 2026 03:39:52 GMT+0000 (Coordinated Universal Time),5,#PemerintahHadirUntukNTT,pemerintahhadiruntukntt,,,,,,
2026-08-17T04:04:33.736534+00:00,20260817-040433,https://trends24.in/indonesia/,Mon Aug 17 2026 03:39:52 GMT+0000 (Coordinated Universal Time),6,Gerak Cepat Penanganan Gempa,gerak cepat penanganan gempa,,,,,,
2026-08-17T04:04:33.736534+00:00,20260817-040433,https://trends24.in/indonesia/,Mon Aug 17 2026 03:39:52 GMT+0000 (Coordinated Universal Time),7,#HUTRI81,hutri81,,,,,,
2026-08-17T04:04:33.736534+00:00,20260817-040433,https://trends24.in/indonesia/,Mon Aug 17 2026 03:39:52 GMT+0000 (Coordinated Universal Time),8,#Jaidee3rdBirthday,jaidee3rdbirthday,,,,,,
2026-08-17T04:04:33.736534+00:00,20260817-040433,https://trends24.in/indonesia/,Mon Aug 17 2026 03:39:52 GMT+0000 (Coordinated Universal Time),9,Makmur,makmur,,,,,,
2026-08-17T04:04:33.736534+00:00,20260817-040433,https://trends24.in/indonesia/,Mon Aug 17 2026 03:39:52 GMT+0000 (Coordinated Universal Time),10,Rp 8.100,rp 8.100,,,,,,
2026-08-17T04:04:33.736534+00:00,20260817-040433,https://trends24.in/indonesia/,Mon Aug 17 2026 03:39:52 GMT+0000 (Coordinated Universal Time),11,Harga,harga,,,,,,
2026-08-17T04:04:33.736534+00:00,20260817-040433,https://trends24.in/indonesia/,Mon Aug 17 2026 03:39:52 GMT+0000 (Coordinated Universal Time),12,17 Agustus,17 agustus,,,,,,
2026-08-17T04:04:33.736534+00:00,20260817-040433,https://trends24.in/indonesia/,Mon Aug 17 2026 03:39:52 GMT+0000 (Coordinated Universal Time),13,TOMAFOX 3Y FOREVER,tomafox 3y forever,,,,,,
2026-08-17T04:04:33.736534+00:00,20260817-040433,https://trends24.in/indonesia/,Mon Aug 17 2026 03:39:52 GMT+0000 (Coordinated Universal Time),14,Lomba,lomba,,,,,,
2026-08-17T04:04:33.736534+00:00,20260817-040433,https://trends24.in/indonesia/,Mon Aug 17 2026 03:39:52 GMT+0000 (Coordinated Universal Time),15,SIMPATI 1,simpati 1,,,,,,
2026-08-17T04:04:33.736534+00:00,20260817-040433,https://trends24.in/indonesia/,Mon Aug 17 2026 03:39:52 GMT+0000 (Coordinated Universal Time),16,Upacara,upacara,,,,,,
2026-08-17T04:04:33.736534+00:00,20260817-040433,https://trends24.in/indonesia/,Mon Aug 17 2026 03:39:52 GMT+0000 (Coordinated Universal Time),17,AXIS 3gb,axis 3gb,,,,,,
2026-08-17T04:04:33.736534+00:00,20260817-040433,https://trends24.in/indonesia/,Mon Aug 17 2026 03:39:52 GMT+0000 (Coordinated Universal Time),18,XL 10GB,xl 10gb,,,,,,
2026-08-17T04:04:33.736534+00:00,20260817-040433,https://trends24.in/indonesia/,Mon Aug 17 2026 03:39:52 GMT+0000 (Coordinated Universal Time),19,Independence Day,independence day,,,,,,
2026-08-17T04:04:33.736534+00:00,20260817-040433,https://trends24.in/indonesia/,Mon Aug 17 2026 03:39:52 GMT+0000 (Coordinated Universal Time),20,Sukun,sukun,,,,,,
2026-08-17T04:04:33.736534+00:00,20260817-040433,https://trends24.in/indonesia/,Mon Aug 17 2026 03:39:52 GMT+0000 (Coordinated Universal Time),21,Selamat Hari Ulang Tahun,selamat hari ulang tahun,,,,,,
2026-08-17T04:04:33.736534+00:00,20260817-040433,https://trends24.in/indonesia/,Mon Aug 17 2026 03:39:52 GMT+0000 (Coordinated Universal Time),22,81 RI,81 ri,,,,,,
2026-08-17T04:04:33.736534+00:00,20260817-040433,https://trends24.in/indonesia/,Mon Aug 17 2026 03:39:52 GMT+0000 (Coordinated Universal Time),23,JIN YEEHAWS IN TEXAS,jin yeehaws in texas,,,,,,
2026-08-17T04:04:33.736534+00:00,20260817-040433,https://trends24.in/indonesia/,Mon Aug 17 2026 03:39:52 GMT+0000 (Coordinated Universal Time),24,Proklamasi,proklamasi,,,,,,
2026-08-17T04:04:33.736534+00:00,20260817-040433,https://trends24.in/indonesia/,Mon Aug 17 2026 03:39:52 GMT+0000 (Coordinated Universal Time),25,Bung Hatta,bung hatta,,,,,,
2026-08-17T04:04:33.736534+00:00,20260817-040433,https://trends24.in/indonesia/,Mon Aug 17 2026 03:39:52 GMT+0000 (Coordinated Universal Time),26,Renungan Suci,renungan suci,,,,,,
2026-08-17T04:04:33.736534+00:00,20260817-040433,https://trends24.in/indonesia/,Mon Aug 17 2026 03:39:52 GMT+0000 (Coordinated Universal Time),27,Istana,istana,,,,,,
2026-08-17T04:04:33.736534+00:00,20260817-040433,https://trends24.in/indonesia/,Mon Aug 17 2026 03:39:52 GMT+0000 (Coordinated Universal Time),28,Staf,staf,,,,,,
2026-08-17T04:04:33.736534+00:00,20260817-040433,https://trends24.in/indonesia/,Mon Aug 17 2026 03:39:52 GMT+0000 (Coordinated Universal Time),29,Rodri,rodri,,,,,,
2026-08-17T04:04:33.736534+00:00,20260817-040433,https://trends24.in/indonesia/,Mon Aug 17 2026 03:39:52 GMT+0000 (Coordinated Universal Time),30,Haaland,haaland,,,,,,
2026-08-17T04:04:33.736534+00:00,20260817-040433,https://trends24.in/indonesia/,Mon Aug 17 2026 03:39:52 GMT+0000 (Coordinated Universal Time),31,Monas,monas,,,,,,
2026-08-17T04:04:33.736534+00:00,20260817-040433,https://trends24.in/indonesia/,Mon Aug 17 2026 03:39:52 GMT+0000 (Coordinated Universal Time),32,Libur,libur,,,,,,
2026-08-17T04:04:33.736534+00:00,20260817-040433,https://trends24.in/indonesia/,Mon Aug 17 2026 03:39:52 GMT+0000 (Coordinated Universal Time),33,Nusantara,nusantara,,,,,,
2026-08-17T04:04:33.736534+00:00,20260817-040433,https://trends24.in/indonesia/,Mon Aug 17 2026 03:39:52 GMT+0000 (Coordinated Universal Time),34,NKRI,nkri,,,,,,
2026-08-17T04:04:33.736534+00:00,20260817-040433,https://trends24.in/indonesia/,Mon Aug 17 2026 03:39:52 GMT+0000 (Coordinated Universal Time),35,CASHBACK,cashback,,,,,,
2026-08-17T04:04:33.736534+00:00,20260817-040433,https://trends24.in/indonesia/,Mon Aug 17 2026 03:39:52 GMT+0000 (Coordinated Universal Time),36,#3YTOMAFOXGoodboy,3ytomafoxgoodboy,,,,,,
2026-08-17T04:04:33.736534+00:00,20260817-040433,https://trends24.in/indonesia/,Mon Aug 17 2026 03:39:52 GMT+0000 (Coordinated Universal Time),37,#PKS81TahunRI,pks81tahunri,,,,,,
2026-08-17T04:04:33.736534+00:00,20260817-040433,https://trends24.in/indonesia/,Mon Aug 17 2026 03:39:52 GMT+0000 (Coordinated Universal Time),38,#KibarkanMerahPutih,kibarkanmerahputih,,,,,,
2026-08-17T04:04:33.736534+00:00,20260817-040433,https://trends24.in/indonesia/,Mon Aug 17 2026 03:39:52 GMT+0000 (Coordinated Universal Time),39,#TemanPemilih,temanpemilih,,,,,,
2026-08-17T04:04:33.736534+00:00,20260817-040433,https://trends24.in/indonesia/,Mon Aug 17 2026 03:39:52 GMT+0000 (Coordinated Universal Time),40,#KPUMelayani,kpumelayani,,,,,,
2026-08-17T04:04:33.736534+00:00,20260817-040433,https://trends24.in/indonesia/,Mon Aug 17 2026 03:39:52 GMT+0000 (Coordinated Universal Time),41,#DesaBerdayaWargaSejahtera,desaberdayawargasejahtera,,,,,,
2026-08-17T04:04:33.736534+00:00,20260817-040433,https://trends24.in/indonesia/,Mon Aug 17 2026 03:39:52 GMT+0000 (Coordinated Universal Time),42,#SenIndah,senindah,,,,,,
2026-08-17T04:04:33.736534+00:00,20260817-040433,https://trends24.in/indonesia/,Mon Aug 17 2026 03:39:52 GMT+0000 (Coordinated Universal Time),43,#EVANonKCON,evanonkcon,,,,,,
2026-08-17T04:04:33.736534+00:00,20260817-040433,https://trends24.in/indonesia/,Mon Aug 17 2026 03:39:52 GMT+0000 (Coordinated Universal Time),44,#MelangkahDenganHarapan,melangkahdenganharapan,,,,,,
2026-08-17T04:04:33.736534+00:00,20260817-040433,https://trends24.in/indonesia/,Mon Aug 17 2026 03:39:52 GMT+0000 (Coordinated Universal Time),45,#JIN_IN_ARLINGTON_D2,jin_in_arlington_d2,,,,,,
2026-08-17T04:04:33.736534+00:00,20260817-040433,https://trends24.in/indonesia/,Mon Aug 17 2026 03:39:52 GMT+0000 (Coordinated Universal Time),46,#KCONLA2026,kconla2026,,,,,,
2026-08-17T04:04:33.736534+00:00,20260817-040433,https://trends24.in/indonesia/,Mon Aug 17 2026 03:39:52 GMT+0000 (Coordinated Universal Time),47,#PYPD_IN_SANFRANCISCO,pypd_in_sanfrancisco,,,,,,
2026-08-17T04:04:33.736534+00:00,20260817-040433,https://trends24.in/indonesia/,Mon Aug 17 2026 03:39:52 GMT+0000 (Coordinated Universal Time),48,#3rdSummerWithDaeyoung,3rdsummerwithdaeyoung,,,,,,
2026-08-17T04:04:33.736534+00:00,20260817-040433,https://trends24.in/indonesia/,Mon Aug 17 2026 02:48:21 GMT+0000 (Coordinated Universal Time),1,#GOPAYKUOTA8RIBU,gopaykuota8ribu,,,,,,
2026-08-17T04:04:33.736534+00:00,20260817-040433,https://trends24.in/indonesia/,Mon Aug 17 2026 02:48:21 GMT+0000 (Coordinated Universal Time),2,Dirgahayu Republik Indonesia,dirgahayu republik indonesia,,,,,,
2026-08-17T04:04:33.736534+00:00,20260817-040433,https://trends24.in/indonesia/,Mon Aug 17 2026 02:48:21 GMT+0000 (Coordinated Universal Time),3,#HUTRI81,hutri81,,,,,,
2026-08-17T04:04:33.736534+00:00,20260817-040433,https://trends24.in/indonesia/,Mon Aug 17 2026 02:48:21 GMT+0000 (Coordinated Universal Time),4,Makmur,makmur,,,,,,
2026-08-17T04:04:33.736534+00:00,20260817-040433,https://trends24.in/indonesia/,Mon Aug 17 2026 02:48:21 GMT+0000 (Coordinated Universal Time),5,#Jaidee3rdBirthday,jaidee3rdbirthday,,,,,,
2026-08-17T04:04:33.736534+00:00,20260817-040433,https://trends24.in/indonesia/,Mon Aug 17 2026 02:48:21 GMT+0000 (Coordinated Universal Time),6,#BeraniJadiDiriSendiri,beranijadidirisendiri,,,,,,
2026-08-17T04:04:33.736534+00:00,20260817-040433,https://trends24.in/indonesia/,Mon Aug 17 2026 02:48:21 GMT+0000 (Coordinated Universal Time),7,#PKS81TahunRI,pks81tahunri,,,,,,
2026-08-17T04:04:33.736534+00:00,20260817-040433,https://trends24.in/indonesia/,Mon Aug 17 2026 02:48:21 GMT+0000 (Coordinated Universal Time),8,Rayakan Di Natasha,rayakan di natasha,,,,,,
2026-08-17T04:04:33.736534+00:00,20260817-040433,https://trends24.in/indonesia/,Mon Aug 17 2026 02:48:21 GMT+0000 (Coordinated Universal Time),9,Rp 8.100,rp 8.100,,,,,,
2026-08-17T04:04:33.736534+00:00,20260817-040433,https://trends24.in/indonesia/,Mon Aug 17 2026 02:48:21 GMT+0000 (Coordinated Universal Time),10,PKS Upacara,pks upacara,,,,,,
2026-08-17T04:04:33.736534+00:00,20260817-040433,https://trends24.in/indonesia/,Mon Aug 17 2026 02:48:21 GMT+0000 (Coordinated Universal Time),11,17 Agustus,17 agustus,,,,,,
2026-08-17T04:04:33.736534+00:00,20260817-040433,https://trends24.in/indonesia/,Mon Aug 17 2026 02:48:21 GMT+0000 (Coordinated Universal Time),12,Harga,harga,,,,,,
2026-08-17T04:04:33.736534+00:00,20260817-040433,https://trends24.in/indonesia/,Mon Aug 17 2026 02:48:21 GMT+0000 (Coordinated Universal Time),13,XL 10GB,xl 10gb,,,,,,
2026-08-17T04:04:33.736534+00:00,20260817-040433,https://trends24.in/indonesia/,Mon Aug 17 2026 02:48:21 GMT+0000 (Coordinated Universal Time),14,TOMAFOX 3Y FOREVER,tomafox 3y forever,,,,,,
2026-08-17T04:04:33.736534+00:00,20260817-040433,https://trends24.in/indonesia/,Mon Aug 17 2026 02:48:21 GMT+0000 (Coordinated Universal Time),15,Lomba,lomba,,,,,,
2026-08-17T04:04:33.736534+00:00,20260817-040433,https://trends24.in/indonesia/,Mon Aug 17 2026 02:48:21 GMT+0000 (Coordinated Universal Time),16,Independence Day,independence day,,,,,,
2026-08-17T04:04:33.736534+00:00,20260817-040433,https://trends24.in/indonesia/,Mon Aug 17 2026 02:48:21 GMT+0000 (Coordinated Universal Time),17,Selamat Hari Ulang Tahun,selamat hari ulang tahun,,,,,,
2026-08-17T04:04:33.736534+00:00,20260817-040433,https://trends24.in/indonesia/,Mon Aug 17 2026 02:48:21 GMT+0000 (Coordinated Universal Time),18,Bung Hatta,bung hatta,,,,,,
2026-08-17T04:04:33.736534+00:00,20260817-040433,https://trends24.in/indonesia/,Mon Aug 17 2026 02:48:21 GMT+0000 (Coordinated Universal Time),19,JIN YEEHAWS IN TEXAS,jin yeehaws in texas,,,,,,
2026-08-17T04:04:33.736534+00:00,20260817-040433,https://trends24.in/indonesia/,Mon Aug 17 2026 02:48:21 GMT+0000 (Coordinated Universal Time),20,Merah Putih,merah putih,,,,,,
2026-08-17T04:04:33.736534+00:00,20260817-040433,https://trends24.in/indonesia/,Mon Aug 17 2026 02:48:21 GMT+0000 (Coordinated Universal Time),21,Istana,istana,,,,,,
2026-08-17T04:04:33.736534+00:00,20260817-040433,https://trends24.in/indonesia/,Mon Aug 17 2026 02:48:21 GMT+0000 (Coordinated Universal Time),22,Renungan Suci,renungan suci,,,,,,
2026-08-17T04:04:33.736534+00:00,20260817-040433,https://trends24.in/indonesia/,Mon Aug 17 2026 02:48:21 GMT+0000 (Coordinated Universal Time),23,Rodri,rodri,,,,,,
2026-08-17T04:04:33.736534+00:00,20260817-040433,https://trends24.in/indonesia/,Mon Aug 17 2026 02:48:21 GMT+0000 (Coordinated Universal Time),24,NKRI,nkri,,,,,,
2026-08-17T04:04:33.736534+00:00,20260817-040433,https://trends24.in/indonesia/,Mon Aug 17 2026 02:48:21 GMT+0000 (Coordinated Universal Time),25,Libur,libur,,,,,,
2026-08-17T04:04:33.736534+00:00,20260817-040433,https://trends24.in/indonesia/,Mon Aug 17 2026 02:48:21 GMT+0000 (Coordinated Universal Time),26,CASHBACK,cashback,,,,,,
2026-08-17T04:04:33.736534+00:00,20260817-040433,https://trends24.in/indonesia/,Mon Aug 17 2026 02:48:21 GMT+0000 (Coordinated Universal Time),27,#3YTOMAFOXGoodboy,3ytomafoxgoodboy,,,,,,
2026-08-17T04:04:33.736534+00:00,20260817-040433,https://trends24.in/indonesia/,Mon Aug 17 2026 02:48:21 GMT+0000 (Coordinated Universal Time),28,#SenIndah,senindah,,,,,,
2026-08-17T04:04:33.736534+00:00,20260817-040433,https://trends24.in/indonesia/,Mon Aug 17 2026 02:48:21 GMT+0000 (Coordinated Universal Time),29,#EVANonKCON,evanonkcon,,,,,,
2026-08-17T04:04:33.736534+00:00,20260817-040433,https://trends24.in/indonesia/,Mon Aug 17 2026 02:48:21 GMT+0000 (Coordinated Universal Time),30,#HUT81RI,hut81ri,,,,,,
2026-08-17T04:04:33.736534+00:00,20260817-040433,https://trends24.in/indonesia/,Mon Aug 17 2026 02:48:21 GMT+0000 (Coordinated Universal Time),31,#JIN_IN_ARLINGTON_D2,jin_in_arlington_d2,,,,,,
2026-08-17T04:04:33.736534+00:00,20260817-040433,https://trends24.in/indonesia/,Mon Aug 17 2026 02:48:21 GMT+0000 (Coordinated Universal Time),32,#MelangkahDenganHarapan,melangkahdenganharapan,,,,,,
2026-08-17T04:04:33.736534+00:00,20260817-040433,https://trends24.in/indonesia/,Mon Aug 17 2026 02:48:21 GMT+0000 (Coordinated Universal Time),33,#KCONLA2026,kconla2026,,,,,,
2026-08-17T04:04:33.736534+00:00,20260817-040433,https://trends24.in/indonesia/,Mon Aug 17 2026 02:48:21 GMT+0000 (Coordinated Universal Time),34,#3rdSummerWithDaeyoung,3rdsummerwithdaeyoung,,,,,,
2026-08-17T04:04:33.736534+00:00,20260817-040433,https://trends24.in/indonesia/,Mon Aug 17 2026 02:48:21 GMT+0000 (Coordinated Universal Time),35,#MatchPointSeriesEP4,matchpointseriesep4,,,,,,
2026-08-17T04:04:33.736534+00:00,20260817-040433,https://trends24.in/indonesia/,Mon Aug 17 2026 02:48:15 GMT+0000 (Coordinated Universal Time),1,#GOPAYKUOTA8RIBU,gopaykuota8ribu,,,,,,
2026-08-17T04:04:33.736534+00:00,20260817-040433,https://trends24.in/indonesia/,Mon Aug 17 2026 02:48:15 GMT+0000 (Coordinated Universal Time),2,Dirgahayu Republik Indonesia,dirgahayu republik indonesia,,,,,,
2026-08-17T04:04:33.736534+00:00,20260817-040433,https://trends24.in/indonesia/,Mon Aug 17 2026 02:48:15 GMT+0000 (Coordinated Universal Time),3,#HUTRI81,hutri81,,,,,,
2026-08-17T04:04:33.736534+00:00,20260817-040433,https://trends24.in/indonesia/,Mon Aug 17 2026 02:48:15 GMT+0000 (Coordinated Universal Time),4,Makmur,makmur,,,,,,
2026-08-17T04:04:33.736534+00:00,20260817-040433,https://trends24.in/indonesia/,Mon Aug 17 2026 02:48:15 GMT+0000 (Coordinated Universal Time),5,#Jaidee3rdBirthday,jaidee3rdbirthday,,,,,,
2026-08-17T04:04:33.736534+00:00,20260817-040433,https://trends24.in/indonesia/,Mon Aug 17 2026 02:48:15 GMT+0000 (Coordinated Universal Time),6,#PKS81TahunRI,pks81tahunri,,,,,,
2026-08-17T04:04:33.736534+00:00,20260817-040433,https://trends24.in/indonesia/,Mon Aug 17 2026 02:48:15 GMT+0000 (Coordinated Universal Time),7,Rp 8.100,rp 8.100,,,,,,
2026-08-17T04:04:33.736534+00:00,20260817-040433,https://trends24.in/indonesia/,Mon Aug 17 2026 02:48:15 GMT+0000 (Coordinated Universal Time),8,PKS Upacara,pks upacara,,,,,,
2026-08-17T04:04:33.736534+00:00,20260817-040433,https://trends24.in/indonesia/,Mon Aug 17 2026 02:48:15 GMT+0000 (Coordinated Universal Time),9,17 Agustus,17 agustus,,,,,,
2026-08-17T04:04:33.736534+00:00,20260817-040433,https://trends24.in/indonesia/,Mon Aug 17 2026 02:48:15 GMT+0000 (Coordinated Universal Time),10,Harga,harga,,,,,,
2026-08-17T04:04:33.736534+00:00,20260817-040433,https://trends24.in/indonesia/,Mon Aug 17 2026 02:48:15 GMT+0000 (Coordinated Universal Time),11,XL 10GB,xl 10gb,,,,,,
2026-08-17T04:04:33.736534+00:00,20260817-040433,https://trends24.in/indonesia/,Mon Aug 17 2026 02:48:15 GMT+0000 (Coordinated Universal Time),12,#SenIndah,senindah,,,,,,
2026-08-17T04:04:33.736534+00:00,20260817-040433,https://trends24.in/indonesia/,Mon Aug 17 2026 02:48:15 GMT+0000 (Coordinated Universal Time),13,Independence Day,independence day,,,,,,
2026-08-17T04:04:33.736534+00:00,20260817-040433,https://trends24.in/indonesia/,Mon Aug 17 2026 02:48:15 GMT+0000 (Coordinated Universal Time),14,Lomba,lomba,,,,,,
2026-08-17T04:04:33.736534+00:00,20260817-040433,https://trends24.in/indonesia/,Mon Aug 17 2026 02:48:15 GMT+0000 (Coordinated Universal Time),15,Selamat Hari Ulang Tahun,selamat hari ulang tahun,,,,,,
2026-08-17T04:04:33.736534+00:00,20260817-040433,https://trends24.in/indonesia/,Mon Aug 17 2026 02:48:15 GMT+0000 (Coordinated Universal Time),16,Bung Hatta,bung hatta,,,,,,
2026-08-17T04:04:33.736534+00:00,20260817-040433,https://trends24.in/indonesia/,Mon Aug 17 2026 02:48:15 GMT+0000 (Coordinated Universal Time),17,JIN YEEHAWS IN TEXAS,jin yeehaws in texas,,,,,,
2026-08-17T04:04:33.736534+00:00,20260817-040433,https://trends24.in/indonesia/,Mon Aug 17 2026 02:48:15 GMT+0000 (Coordinated Universal Time),18,Merah Putih,merah putih,,,,,,
2026-08-17T04:04:33.736534+00:00,20260817-040433,https://trends24.in/indonesia/,Mon Aug 17 2026 02:48:15 GMT+0000 (Coordinated Universal Time),19,Renungan Suci,renungan suci,,,,,,
2026-08-17T04:04:33.736534+00:00,20260817-040433,https://trends24.in/indonesia/,Mon Aug 17 2026 02:48:15 GMT+0000 (Coordinated Universal Time),20,Istana,istana,,,,,,
2026-08-17T04:04:33.736534+00:00,20260817-040433,https://trends24.in/indonesia/,Mon Aug 17 2026 02:48:15 GMT+0000 (Coordinated Universal Time),21,Rodri,rodri,,,,,,
2026-08-17T04:04:33.736534+00:00,20260817-040433,https://trends24.in/indonesia/,Mon Aug 17 2026 02:48:15 GMT+0000 (Coordinated Universal Time),22,NKRI,nkri,,,,,,
2026-08-17T04:04:33.736534+00:00,20260817-040433,https://trends24.in/indonesia/,Mon Aug 17 2026 02:48:15 GMT+0000 (Coordinated Universal Time),23,Libur,libur,,,,,,
2026-08-17T04:04:33.736534+00:00,20260817-040433,https://trends24.in/indonesia/,Mon Aug 17 2026 02:48:15 GMT+0000 (Coordinated Universal Time),24,CASHBACK,cashback,,,,,,
2026-08-17T04:04:33.736534+00:00,20260817-040433,https://trends24.in/indonesia/,Mon Aug 17 2026 02:48:15 GMT+0000 (Coordinated Universal Time),25,#EVANonKCON,evanonkcon,,,,,,
2026-08-17T04:04:33.736534+00:00,20260817-040433,https://trends24.in/indonesia/,Mon Aug 17 2026 02:48:15 GMT+0000 (Coordinated Universal Time),26,#JIN_IN_ARLINGTON_D2,jin_in_arlington_d2,,,,,,
2026-08-17T04:04:33.736534+00:00,20260817-040433,https://trends24.in/indonesia/,Mon Aug 17 2026 02:48:15 GMT+0000 (Coordinated Universal Time),27,#HUT81RI,hut81ri,,,,,,
2026-08-17T04:04:33.736534+00:00,20260817-040433,https://trends24.in/indonesia/,Mon Aug 17 2026 02:48:15 GMT+0000 (Coordinated Universal Time),28,#MelangkahDenganHarapan,melangkahdenganharapan,,,,,,
2026-08-17T04:04:33.736534+00:00,20260817-040433,https://trends24.in/indonesia/,Mon Aug 17 2026 02:48:15 GMT+0000 (Coordinated Universal Time),29,#KCONLA2026,kconla2026,,,,,,
2026-08-17T04:04:33.736534+00:00,20260817-040433,https://trends24.in/indonesia/,Mon Aug 17 2026 02:48:15 GMT+0000 (Coordinated Universal Time),30,#3rdSummerWithDaeyoung,3rdsummerwithdaeyoung,,,,,,
2026-08-17T04:04:33.736534+00:00,20260817-040433,https://trends24.in/indonesia/,Mon Aug 17 2026 02:48:15 GMT+0000 (Coordinated Universal Time),31,#MatchPointSeriesEP4,matchpointseriesep4,,,,,,
2026-08-17T04:04:33.736534+00:00,20260817-040433,https://trends24.in/indonesia/,Mon Aug 17 2026 01:56:13 GMT+0000 (Coordinated Universal Time),1,#GOPAYKUOTA8RIBU,gopaykuota8ribu,,,,,,
2026-08-17T04:04:33.736534+00:00,20260817-040433,https://trends24.in/indonesia/,Mon Aug 17 2026 01:56:13 GMT+0000 (Coordinated Universal Time),2,Dirgahayu Republik Indonesia,dirgahayu republik indonesia,,,,,,
2026-08-17T04:04:33.736534+00:00,20260817-040433,https://trends24.in/indonesia/,Mon Aug 17 2026 01:56:13 GMT+0000 (Coordinated Universal Time),3,Makmur,makmur,,,,,,
2026-08-17T04:04:33.736534+00:00,20260817-040433,https://trends24.in/indonesia/,Mon Aug 17 2026 01:56:13 GMT+0000 (Coordinated Universal Time),4,#HUTRI81,hutri81,,,,,,
2026-08-17T04:04:33.736534+00:00,20260817-040433,https://trends24.in/indonesia/,Mon Aug 17 2026 01:56:13 GMT+0000 (Coordinated Universal Time),5,Indonesia Berdaulat,indonesia berdaulat,,,,,,
2026-08-17T04:04:33.736534+00:00,20260817-040433,https://trends24.in/indonesia/,Mon Aug 17 2026 01:56:13 GMT+0000 (Coordinated Universal Time),6,#Jaidee3rdBirthday,jaidee3rdbirthday,,,,,,
2026-08-17T04:04:33.736534+00:00,20260817-040433,https://trends24.in/indonesia/,Mon Aug 17 2026 01:56:13 GMT+0000 (Coordinated Universal Time),7,Upacara,upacara,,,,,,
2026-08-17T04:04:33.736534+00:00,20260817-040433,https://trends24.in/indonesia/,Mon Aug 17 2026 01:56:13 GMT+0000 (Coordinated Universal Time),8,17 Agustus,17 agustus,,,,,,
2026-08-17T04:04:33.736534+00:00,20260817-040433,https://trends24.in/indonesia/,Mon Aug 17 2026 01:56:13 GMT+0000 (Coordinated Universal Time),9,Semoga Indonesia,semoga indonesia,,,,,,
2026-08-17T04:04:33.736534+00:00,20260817-040433,https://trends24.in/indonesia/,Mon Aug 17 2026 01:56:13 GMT+0000 (Coordinated Universal Time),10,#SenIndah,senindah,,,,,,
2026-08-17T04:04:33.736534+00:00,20260817-040433,https://trends24.in/indonesia/,Mon Aug 17 2026 01:56:13 GMT+0000 (Coordinated Universal Time),11,Independence Day,independence day,,,,,,
2026-08-17T04:04:33.736534+00:00,20260817-040433,https://trends24.in/indonesia/,Mon Aug 17 2026 01:56:13 GMT+0000 (Coordinated Universal Time),12,Selamat Hari Ulang Tahun,selamat hari ulang tahun,,,,,,
2026-08-17T04:04:33.736534+00:00,20260817-040433,https://trends24.in/indonesia/,Mon Aug 17 2026 01:56:13 GMT+0000 (Coordinated Universal Time),13,81 Tahun,81 tahun,,,,,,
2026-08-17T04:04:33.736534+00:00,20260817-040433,https://trends24.in/indonesia/,Mon Aug 17 2026 01:56:13 GMT+0000 (Coordinated Universal Time),14,#JIN_IN_ARLINGTON_D2,jin_in_arlington_d2,,,,,,
2026-08-17T04:04:33.736534+00:00,20260817-040433,https://trends24.in/indonesia/,Mon Aug 17 2026 01:56:13 GMT+0000 (Coordinated Universal Time),15,Indonesia Maju,indonesia maju,,,,,,
2026-08-17T04:04:33.736534+00:00,20260817-040433,https://trends24.in/indonesia/,Mon Aug 17 2026 01:56:13 GMT+0000 (Coordinated Universal Time),16,Lomba,lomba,,,,,,
2026-08-17T04:04:33.736534+00:00,20260817-040433,https://trends24.in/indonesia/,Mon Aug 17 2026 01:56:13 GMT+0000 (Coordinated Universal Time),17,Rodri,rodri,,,,,,
2026-08-17T04:04:33.736534+00:00,20260817-040433,https://trends24.in/indonesia/,Mon Aug 17 2026 01:56:13 GMT+0000 (Coordinated Universal Time),18,NKRI,nkri,,,,,,
2026-08-17T04:04:33.736534+00:00,20260817-040433,https://trends24.in/indonesia/,Mon Aug 17 2026 01:56:13 GMT+0000 (Coordinated Universal Time),19,Indonesia Raya,indonesia raya,,,,,,
2026-08-17T04:04:33.736534+00:00,20260817-040433,https://trends24.in/indonesia/,Mon Aug 17 2026 01:56:13 GMT+0000 (Coordinated Universal Time),20,Merah Putih,merah putih,,,,,,
2026-08-17T04:04:33.736534+00:00,20260817-040433,https://trends24.in/indonesia/,Mon Aug 17 2026 01:56:13 GMT+0000 (Coordinated Universal Time),21,Libur,libur,,,,,,
2026-08-17T04:04:33.736534+00:00,20260817-040433,https://trends24.in/indonesia/,Mon Aug 17 2026 01:56:13 GMT+0000 (Coordinated Universal Time),22,Maresca,maresca,,,,,,
2026-08-17T04:04:33.736534+00:00,20260817-040433,https://trends24.in/indonesia/,Mon Aug 17 2026 01:56:13 GMT+0000 (Coordinated Universal Time),23,CASHBACK,cashback,,,,,,
2026-08-17T04:04:33.736534+00:00,20260817-040433,https://trends24.in/indonesia/,Mon Aug 17 2026 01:56:13 GMT+0000 (Coordinated Universal Time),24,#HUT81RI,hut81ri,,,,,,
2026-08-17T04:04:33.736534+00:00,20260817-040433,https://trends24.in/indonesia/,Mon Aug 17 2026 01:56:13 GMT+0000 (Coordinated Universal Time),25,#KCONLA2026,kconla2026,,,,,,
2026-08-17T04:04:33.736534+00:00,20260817-040433,https://trends24.in/indonesia/,Mon Aug 17 2026 01:56:13 GMT+0000 (Coordinated Universal Time),26,#3rdSummerWithDaeyoung,3rdsummerwithdaeyoung,,,,,,
2026-08-17T04:04:33.736534+00:00,20260817-040433,https://trends24.in/indonesia/,Mon Aug 17 2026 01:56:13 GMT+0000 (Coordinated Universal Time),27,#MatchPointSeriesEP4,matchpointseriesep4,,,,,,
2026-08-17T04:04:33.736534+00:00,20260817-040433,https://trends24.in/indonesia/,Mon Aug 17 2026 01:04:13 GMT+0000 (Coordinated Universal Time),1,Dirgahayu Republik Indonesia,dirgahayu republik indonesia,,,,,,
2026-08-17T04:04:33.736534+00:00,20260817-040433,https://trends24.in/indonesia/,Mon Aug 17 2026 01:04:13 GMT+0000 (Coordinated Universal Time),2,Makmur,makmur,,,,,,
2026-08-17T04:04:33.736534+00:00,20260817-040433,https://trends24.in/indonesia/,Mon Aug 17 2026 01:04:13 GMT+0000 (Coordinated Universal Time),3,#HUTRI81,hutri81,,,,,,
2026-08-17T04:04:33.736534+00:00,20260817-040433,https://trends24.in/indonesia/,Mon Aug 17 2026 01:04:13 GMT+0000 (Coordinated Universal Time),4,#GOPAY1RUPIAH,gopay1rupiah,,,,,,
2026-08-17T04:04:33.736534+00:00,20260817-040433,https://trends24.in/indonesia/,Mon Aug 17 2026 01:04:13 GMT+0000 (Coordinated Universal Time),5,#DuangConcertDay2,duangconcertday2,,,,,,
2026-08-17T04:04:33.736534+00:00,20260817-040433,https://trends24.in/indonesia/,Mon Aug 17 2026 01:04:13 GMT+0000 (Coordinated Universal Time),6,#RENJUNonTMEA2026,renjunontmea2026,,,,,,
2026-08-17T04:04:33.736534+00:00,20260817-040433,https://trends24.in/indonesia/,Mon Aug 17 2026 01:04:13 GMT+0000 (Coordinated Universal Time),7,SOLOIST RENJUN ON TMEA,soloist renjun on tmea,,,,,,
2026-08-17T04:04:33.736534+00:00,20260817-040433,https://trends24.in/indonesia/,Mon Aug 17 2026 01:04:13 GMT+0000 (Coordinated Universal Time),8,DUANG GO ROUND DAY2,duang go round day2,,,,,,
2026-08-17T04:04:33.736534+00:00,20260817-040433,https://trends24.in/indonesia/,Mon Aug 17 2026 01:04:13 GMT+0000 (Coordinated Universal Time),9,PERTHSANTA BEAUTY CHIANGMAI,perthsanta beauty chiangmai,,,,,,
2026-08-17T04:04:33.736534+00:00,20260817-040433,https://trends24.in/indonesia/,Mon Aug 17 2026 01:04:13 GMT+0000 (Coordinated Universal Time),10,negara hadir saat bencana,negara hadir saat bencana,,,,,,
2026-08-17T04:04:33.736534+00:00,20260817-040433,https://trends24.in/indonesia/,Mon Aug 17 2026 01:04:13 GMT+0000 (Coordinated Universal Time),11,Aceh,aceh,,,,,,
2026-08-17T04:04:33.736534+00:00,20260817-040433,https://trends24.in/indonesia/,Mon Aug 17 2026 01:04:13 GMT+0000 (Coordinated Universal Time),12,JIN YEEHAWS IN TEXAS,jin yeehaws in texas,,,,,,
2026-08-17T04:04:33.736534+00:00,20260817-040433,https://trends24.in/indonesia/,Mon Aug 17 2026 01:04:13 GMT+0000 (Coordinated Universal Time),13,Upacara,upacara,,,,,,
2026-08-17T04:04:33.736534+00:00,20260817-040433,https://trends24.in/indonesia/,Mon Aug 17 2026 01:04:13 GMT+0000 (Coordinated Universal Time),14,#theewave,theewave,,,,,,
2026-08-17T04:04:33.736534+00:00,20260817-040433,https://trends24.in/indonesia/,Mon Aug 17 2026 01:04:13 GMT+0000 (Coordinated Universal Time),15,uluran tangan saudara,uluran tangan saudara,,,,,,
2026-08-17T04:04:33.736534+00:00,20260817-040433,https://trends24.in/indonesia/,Mon Aug 17 2026 01:04:13 GMT+0000 (Coordinated Universal Time),16,Nusa Tenggara Timur,nusa tenggara timur,,,,,,
2026-08-17T04:04:33.736534+00:00,20260817-040433,https://trends24.in/indonesia/,Mon Aug 17 2026 01:04:13 GMT+0000 (Coordinated Universal Time),17,17 Agustus,17 agustus,,,,,,
2026-08-17T04:04:33.736534+00:00,20260817-040433,https://trends24.in/indonesia/,Mon Aug 17 2026 01:04:13 GMT+0000 (Coordinated Universal Time),18,JOONGDUNK URANUS IN KB,joongdunk uranus in kb,,,,,,
2026-08-17T04:04:33.736534+00:00,20260817-040433,https://trends24.in/indonesia/,Mon Aug 17 2026 01:04:13 GMT+0000 (Coordinated Universal Time),19,Pray for NTT,pray for ntt,,,,,,
2026-08-17T04:04:33.736534+00:00,20260817-040433,https://trends24.in/indonesia/,Mon Aug 17 2026 01:04:13 GMT+0000 (Coordinated Universal Time),20,Flores,flores,,,,,,
2026-08-17T04:04:33.736534+00:00,20260817-040433,https://trends24.in/indonesia/,Mon Aug 17 2026 01:04:13 GMT+0000 (Coordinated Universal Time),21,CASHBACK,cashback,,,,,,
2026-08-17T04:04:33.736534+00:00,20260817-040433,https://trends24.in/indonesia/,Mon Aug 17 2026 01:04:13 GMT+0000 (Coordinated Universal Time),22,Selamat Hari Ulang Tahun,selamat hari ulang tahun,,,,,,
2026-08-17T04:04:33.736534+00:00,20260817-040433,https://trends24.in/indonesia/,Mon Aug 17 2026 01:04:13 GMT+0000 (Coordinated Universal Time),23,EVAN MAKES AN ENTRANCE,evan makes an entrance,,,,,,
2026-08-17T04:04:33.736534+00:00,20260817-040433,https://trends24.in/indonesia/,Mon Aug 17 2026 01:04:13 GMT+0000 (Coordinated Universal Time),24,perthsanta love class,perthsanta love class,,,,,,
2026-08-17T04:04:33.736534+00:00,20260817-040433,https://trends24.in/indonesia/,Mon Aug 17 2026 01:04:13 GMT+0000 (Coordinated Universal Time),25,doa untuk ntt,doa untuk ntt,,,,,,
2026-08-17T04:04:33.736534+00:00,20260817-040433,https://trends24.in/indonesia/,Mon Aug 17 2026 01:04:13 GMT+0000 (Coordinated Universal Time),26,Arsenal,arsenal,,,,,,
2026-08-17T04:04:33.736534+00:00,20260817-040433,https://trends24.in/indonesia/,Mon Aug 17 2026 01:04:13 GMT+0000 (Coordinated Universal Time),27,SERVING MATCH POINT 4TH EP,serving match point 4th ep,,,,,,
2026-08-17T04:04:33.736534+00:00,20260817-040433,https://trends24.in/indonesia/,Mon Aug 17 2026 01:04:13 GMT+0000 (Coordinated Universal Time),28,81 Tahun,81 tahun,,,,,,
2026-08-17T04:04:33.736534+00:00,20260817-040433,https://trends24.in/indonesia/,Mon Aug 17 2026 01:04:13 GMT+0000 (Coordinated Universal Time),29,JAKE BLONDE,jake blonde,,,,,,
2026-08-17T04:04:33.736534+00:00,20260817-040433,https://trends24.in/indonesia/,Mon Aug 17 2026 01:04:13 GMT+0000 (Coordinated Universal Time),30,Trade $BANK,trade $bank,,,,,,
2026-08-17T04:04:33.736534+00:00,20260817-040433,https://trends24.in/indonesia/,Mon Aug 17 2026 01:04:13 GMT+0000 (Coordinated Universal Time),31,Community Shield,community shield,,,,,,
2026-08-17T04:04:33.736534+00:00,20260817-040433,https://trends24.in/indonesia/,Mon Aug 17 2026 01:04:13 GMT+0000 (Coordinated Universal Time),32,DOMIIA MISCHIEVOUS DEVIL,domiia mischievous devil,,,,,,
2026-08-17T04:04:33.736534+00:00,20260817-040433,https://trends24.in/indonesia/,Mon Aug 17 2026 01:04:13 GMT+0000 (Coordinated Universal Time),33,dipha barus,dipha barus,,,,,,
2026-08-17T04:04:33.736534+00:00,20260817-040433,https://trends24.in/indonesia/,Mon Aug 17 2026 01:04:13 GMT+0000 (Coordinated Universal Time),34,Rodri,rodri,,,,,,
2026-08-17T04:04:33.736534+00:00,20260817-040433,https://trends24.in/indonesia/,Mon Aug 17 2026 01:04:13 GMT+0000 (Coordinated Universal Time),35,Lomba,lomba,,,,,,
2026-08-17T04:04:33.736534+00:00,20260817-040433,https://trends24.in/indonesia/,Mon Aug 17 2026 01:04:13 GMT+0000 (Coordinated Universal Time),36,JJ MAGICAL TIME,jj magical time,,,,,,
2026-08-17T04:04:33.736534+00:00,20260817-040433,https://trends24.in/indonesia/,Mon Aug 17 2026 01:04:13 GMT+0000 (Coordinated Universal Time),37,Maresca,maresca,,,,,,
2026-08-17T04:04:33.736534+00:00,20260817-040433,https://trends24.in/indonesia/,Mon Aug 17 2026 01:04:13 GMT+0000 (Coordinated Universal Time),38,Pagii,pagii,,,,,,
2026-08-17T04:04:33.736534+00:00,20260817-040433,https://trends24.in/indonesia/,Mon Aug 17 2026 01:04:13 GMT+0000 (Coordinated Universal Time),39,Independence Day,independence day,,,,,,
2026-08-17T04:04:33.736534+00:00,20260817-040433,https://trends24.in/indonesia/,Mon Aug 17 2026 01:04:13 GMT+0000 (Coordinated Universal Time),40,Tzolis,tzolis,,,,,,
2026-08-17T04:04:33.736534+00:00,20260817-040433,https://trends24.in/indonesia/,Mon Aug 17 2026 01:04:13 GMT+0000 (Coordinated Universal Time),41,permpoon turns three,permpoon turns three,,,,,,
2026-08-17T04:04:33.736534+00:00,20260817-040433,https://trends24.in/indonesia/,Mon Aug 17 2026 01:04:13 GMT+0000 (Coordinated Universal Time),42,bp taskin,bp taskin,,,,,,
2026-08-17T04:04:33.736534+00:00,20260817-040433,https://trends24.in/indonesia/,Mon Aug 17 2026 01:04:13 GMT+0000 (Coordinated Universal Time),43,STRAY KIDS 9TH BB200,stray kids 9th bb200,,,,,,
2026-08-17T04:04:33.736534+00:00,20260817-040433,https://trends24.in/indonesia/,Mon Aug 17 2026 01:04:13 GMT+0000 (Coordinated Universal Time),44,TUI BLOOM SOLO X JJ,tui bloom solo x jj,,,,,,
2026-08-17T04:04:33.736534+00:00,20260817-040433,https://trends24.in/indonesia/,Mon Aug 17 2026 01:04:13 GMT+0000 (Coordinated Universal Time),45,3 YEARS WITH KIM DAEYOUNG,3 years with kim daeyoung,,,,,,
2026-08-17T04:04:33.736534+00:00,20260817-040433,https://trends24.in/indonesia/,Mon Aug 17 2026 01:04:13 GMT+0000 (Coordinated Universal Time),46,Vicario,vicario,,,,,,
2026-08-17T04:04:33.736534+00:00,20260817-040433,https://trends24.in/indonesia/,Mon Aug 17 2026 01:04:13 GMT+0000 (Coordinated Universal Time),47,NKRI,nkri,,,,,,
2026-08-17T04:04:33.736534+00:00,20260817-040433,https://trends24.in/indonesia/,Mon Aug 17 2026 01:04:13 GMT+0000 (Coordinated Universal Time),48,ClosEST MOMENT WITH EST,closest moment with est,,,,,,
2026-08-17T04:04:33.736534+00:00,20260817-040433,https://trends24.in/indonesia/,Mon Aug 17 2026 01:04:13 GMT+0000 (Coordinated Universal Time),49,EMIBONNIE BEAUTY INFINITY,emibonnie beauty infinity,,,,,,
2026-08-17T04:04:33.736534+00:00,20260817-040433,https://trends24.in/indonesia/,Mon Aug 17 2026 01:04:13 GMT+0000 (Coordinated Universal Time),50,Amorim,amorim,,,,,,
2026-08-17T04:04:33.736534+00:00,20260817-040433,https://trends24.in/indonesia/,Mon Aug 17 2026 00:13:03 GMT+0000 (Coordinated Universal Time),1,Dirgahayu Republik Indonesia,dirgahayu republik indonesia,,,,,,
2026-08-17T04:04:33.736534+00:00,20260817-040433,https://trends24.in/indonesia/,Mon Aug 17 2026 00:13:03 GMT+0000 (Coordinated Universal Time),2,#GOPAY1RUPIAH,gopay1rupiah,,,,,,
2026-08-17T04:04:33.736534+00:00,20260817-040433,https://trends24.in/indonesia/,Mon Aug 17 2026 00:13:03 GMT+0000 (Coordinated Universal Time),3,Makmur,makmur,,,,,,
2026-08-17T04:04:33.736534+00:00,20260817-040433,https://trends24.in/indonesia/,Mon Aug 17 2026 00:13:03 GMT+0000 (Coordinated Universal Time),4,#DuangConcertDay2,duangconcertday2,,,,,,
2026-08-17T04:04:33.736534+00:00,20260817-040433,https://trends24.in/indonesia/,Mon Aug 17 2026 00:13:03 GMT+0000 (Coordinated Universal Time),5,#RENJUNonTMEA2026,renjunontmea2026,,,,,,
2026-08-17T04:04:33.736534+00:00,20260817-040433,https://trends24.in/indonesia/,Mon Aug 17 2026 00:13:03 GMT+0000 (Coordinated Universal Time),6,DUANG GO ROUND DAY2,duang go round day2,,,,,,
2026-08-17T04:04:33.736534+00:00,20260817-040433,https://trends24.in/indonesia/,Mon Aug 17 2026 00:13:03 GMT+0000 (Coordinated Universal Time),7,#HUTRI81,hutri81,,,,,,
2026-08-17T04:04:33.736534+00:00,20260817-040433,https://trends24.in/indonesia/,Mon Aug 17 2026 00:13:03 GMT+0000 (Coordinated Universal Time),8,SOLOIST RENJUN ON TMEA,soloist renjun on tmea,,,,,,
2026-08-17T04:04:33.736534+00:00,20260817-040433,https://trends24.in/indonesia/,Mon Aug 17 2026 00:13:03 GMT+0000 (Coordinated Universal Time),9,PERTHSANTA BEAUTY CHIANGMAI,perthsanta beauty chiangmai,,,,,,
2026-08-17T04:04:33.736534+00:00,20260817-040433,https://trends24.in/indonesia/,Mon Aug 17 2026 00:13:03 GMT+0000 (Coordinated Universal Time),10,negara hadir saat bencana,negara hadir saat bencana,,,,,,
2026-08-17T04:04:33.736534+00:00,20260817-040433,https://trends24.in/indonesia/,Mon Aug 17 2026 00:13:03 GMT+0000 (Coordinated Universal Time),11,Aceh,aceh,,,,,,
2026-08-17T04:04:33.736534+00:00,20260817-040433,https://trends24.in/indonesia/,Mon Aug 17 2026 00:13:03 GMT+0000 (Coordinated Universal Time),12,JIN YEEHAWS IN TEXAS,jin yeehaws in texas,,,,,,
2026-08-17T04:04:33.736534+00:00,20260817-040433,https://trends24.in/indonesia/,Mon Aug 17 2026 00:13:03 GMT+0000 (Coordinated Universal Time),13,#theewave,theewave,,,,,,
2026-08-17T04:04:33.736534+00:00,20260817-040433,https://trends24.in/indonesia/,Mon Aug 17 2026 00:13:03 GMT+0000 (Coordinated Universal Time),14,Nusa Tenggara Timur,nusa tenggara timur,,,,,,
2026-08-17T04:04:33.736534+00:00,20260817-040433,https://trends24.in/indonesia/,Mon Aug 17 2026 00:13:03 GMT+0000 (Coordinated Universal Time),15,uluran tangan saudara,uluran tangan saudara,,,,,,
2026-08-17T04:04:33.736534+00:00,20260817-040433,https://trends24.in/indonesia/,Mon Aug 17 2026 00:13:03 GMT+0000 (Coordinated Universal Time),16,JOONGDUNK URANUS IN KB,joongdunk uranus in kb,,,,,,
2026-08-17T04:04:33.736534+00:00,20260817-040433,https://trends24.in/indonesia/,Mon Aug 17 2026 00:13:03 GMT+0000 (Coordinated Universal Time),17,Upacara,upacara,,,,,,
2026-08-17T04:04:33.736534+00:00,20260817-040433,https://trends24.in/indonesia/,Mon Aug 17 2026 00:13:03 GMT+0000 (Coordinated Universal Time),18,Pray for NTT,pray for ntt,,,,,,
2026-08-17T04:04:33.736534+00:00,20260817-040433,https://trends24.in/indonesia/,Mon Aug 17 2026 00:13:03 GMT+0000 (Coordinated Universal Time),19,EVAN MAKES AN ENTRANCE,evan makes an entrance,,,,,,
2026-08-17T04:04:33.736534+00:00,20260817-040433,https://trends24.in/indonesia/,Mon Aug 17 2026 00:13:03 GMT+0000 (Coordinated Universal Time),20,17 Agustus,17 agustus,,,,,,
2026-08-17T04:04:33.736534+00:00,20260817-040433,https://trends24.in/indonesia/,Mon Aug 17 2026 00:13:03 GMT+0000 (Coordinated Universal Time),21,Flores,flores,,,,,,
2026-08-17T04:04:33.736534+00:00,20260817-040433,https://trends24.in/indonesia/,Mon Aug 17 2026 00:13:03 GMT+0000 (Coordinated Universal Time),22,CASHBACK,cashback,,,,,,
2026-08-17T04:04:33.736534+00:00,20260817-040433,https://trends24.in/indonesia/,Mon Aug 17 2026 00:13:03 GMT+0000 (Coordinated Universal Time),23,Selamat Hari Ulang Tahun,selamat hari ulang tahun,,,,,,
2026-08-17T04:04:33.736534+00:00,20260817-040433,https://trends24.in/indonesia/,Mon Aug 17 2026 00:13:03 GMT+0000 (Coordinated Universal Time),24,perthsanta love class,perthsanta love class,,,,,,
2026-08-17T04:04:33.736534+00:00,20260817-040433,https://trends24.in/indonesia/,Mon Aug 17 2026 00:13:03 GMT+0000 (Coordinated Universal Time),25,doa untuk ntt,doa untuk ntt,,,,,,
2026-08-17T04:04:33.736534+00:00,20260817-040433,https://trends24.in/indonesia/,Mon Aug 17 2026 00:13:03 GMT+0000 (Coordinated Universal Time),26,Arsenal,arsenal,,,,,,
2026-08-17T04:04:33.736534+00:00,20260817-040433,https://trends24.in/indonesia/,Mon Aug 17 2026 00:13:03 GMT+0000 (Coordinated Universal Time),27,STRAY KIDS 9TH BB200,stray kids 9th bb200,,,,,,
2026-08-17T04:04:33.736534+00:00,20260817-040433,https://trends24.in/indonesia/,Mon Aug 17 2026 00:13:03 GMT+0000 (Coordinated Universal Time),28,SERVING MATCH POINT 4TH EP,serving match point 4th ep,,,,,,
2026-08-17T04:04:33.736534+00:00,20260817-040433,https://trends24.in/indonesia/,Mon Aug 17 2026 00:13:03 GMT+0000 (Coordinated Universal Time),29,JAKE BLONDE,jake blonde,,,,,,
2026-08-17T04:04:33.736534+00:00,20260817-040433,https://trends24.in/indonesia/,Mon Aug 17 2026 00:13:03 GMT+0000 (Coordinated Universal Time),30,DOMIIA MISCHIEVOUS DEVIL,domiia mischievous devil,,,,,,
2026-08-17T04:04:33.736534+00:00,20260817-040433,https://trends24.in/indonesia/,Mon Aug 17 2026 00:13:03 GMT+0000 (Coordinated Universal Time),31,Trade $BANK,trade $bank,,,,,,
2026-08-17T04:04:33.736534+00:00,20260817-040433,https://trends24.in/indonesia/,Mon Aug 17 2026 00:13:03 GMT+0000 (Coordinated Universal Time),32,Community Shield,community shield,,,,,,
2026-08-17T04:04:33.736534+00:00,20260817-040433,https://trends24.in/indonesia/,Mon Aug 17 2026 00:13:03 GMT+0000 (Coordinated Universal Time),33,dipha barus,dipha barus,,,,,,
2026-08-17T04:04:33.736534+00:00,20260817-040433,https://trends24.in/indonesia/,Mon Aug 17 2026 00:13:03 GMT+0000 (Coordinated Universal Time),34,Rodri,rodri,,,,,,
2026-08-17T04:04:33.736534+00:00,20260817-040433,https://trends24.in/indonesia/,Mon Aug 17 2026 00:13:03 GMT+0000 (Coordinated Universal Time),35,Lomba,lomba,,,,,,
2026-08-17T04:04:33.736534+00:00,20260817-040433,https://trends24.in/indonesia/,Mon Aug 17 2026 00:13:03 GMT+0000 (Coordinated Universal Time),36,JJ MAGICAL TIME,jj magical time,,,,,,
2026-08-17T04:04:33.736534+00:00,20260817-040433,https://trends24.in/indonesia/,Mon Aug 17 2026 00:13:03 GMT+0000 (Coordinated Universal Time),37,Maresca,maresca,,,,,,
2026-08-17T04:04:33.736534+00:00,20260817-040433,https://trends24.in/indonesia/,Mon Aug 17 2026 00:13:03 GMT+0000 (Coordinated Universal Time),38,81 Tahun,81 tahun,,,,,,
2026-08-17T04:04:33.736534+00:00,20260817-040433,https://trends24.in/indonesia/,Mon Aug 17 2026 00:13:03 GMT+0000 (Coordinated Universal Time),39,PERMPOON TURNS THREE,permpoon turns three,,,,,,
2026-08-17T04:04:33.736534+00:00,20260817-040433,https://trends24.in/indonesia/,Mon Aug 17 2026 00:13:03 GMT+0000 (Coordinated Universal Time),40,bp taskin,bp taskin,,,,,,
2026-08-17T04:04:33.736534+00:00,20260817-040433,https://trends24.in/indonesia/,Mon Aug 17 2026 00:13:03 GMT+0000 (Coordinated Universal Time),41,TUI BLOOM SOLO X JJ,tui bloom solo x jj,,,,,,
2026-08-17T04:04:33.736534+00:00,20260817-040433,https://trends24.in/indonesia/,Mon Aug 17 2026 00:13:03 GMT+0000 (Coordinated Universal Time),42,Tzolis,tzolis,,,,,,
2026-08-17T04:04:33.736534+00:00,20260817-040433,https://trends24.in/indonesia/,Mon Aug 17 2026 00:13:03 GMT+0000 (Coordinated Universal Time),43,3 YEARS WITH KIM DAEYOUNG,3 years with kim daeyoung,,,,,,
2026-08-17T04:04:33.736534+00:00,20260817-040433,https://trends24.in/indonesia/,Mon Aug 17 2026 00:13:03 GMT+0000 (Coordinated Universal Time),44,Senin,senin,,,,,,
2026-08-17T04:04:33.736534+00:00,20260817-040433,https://trends24.in/indonesia/,Mon Aug 17 2026 00:13:03 GMT+0000 (Coordinated Universal Time),45,Amorim,amorim,,,,,,
2026-08-17T04:04:33.736534+00:00,20260817-040433,https://trends24.in/indonesia/,Mon Aug 17 2026 00:13:03 GMT+0000 (Coordinated Universal Time),46,ClosEST MOMENT WITH EST,closest moment with est,,,,,,
2026-08-17T04:04:33.736534+00:00,20260817-040433,https://trends24.in/indonesia/,Mon Aug 17 2026 00:13:03 GMT+0000 (Coordinated Universal Time),47,TXT SETSUNA HANABI OUT NOW,txt setsuna hanabi out now,,,,,,
2026-08-17T04:04:33.736534+00:00,20260817-040433,https://trends24.in/indonesia/,Mon Aug 17 2026 00:13:03 GMT+0000 (Coordinated Universal Time),48,EMIBONNIE BEAUTY INFINITY,emibonnie beauty infinity,,,,,,
2026-08-17T04:04:33.736534+00:00,20260817-040433,https://trends24.in/indonesia/,Mon Aug 17 2026 00:13:03 GMT+0000 (Coordinated Universal Time),49,NKRI,nkri,,,,,,
2026-08-17T04:04:33.736534+00:00,20260817-040433,https://trends24.in/indonesia/,Mon Aug 17 2026 00:13:03 GMT+0000 (Coordinated Universal Time),50,Deco,deco,,,,,,
2026-08-17T04:04:33.736534+00:00,20260817-040433,https://trends24.in/indonesia/,Sun Aug 16 2026 23:21:40 GMT+0000 (Coordinated Universal Time),1,Dirgahayu Republik Indonesia,dirgahayu republik indonesia,,,,,,
2026-08-17T04:04:33.736534+00:00,20260817-040433,https://trends24.in/indonesia/,Sun Aug 16 2026 23:21:40 GMT+0000 (Coordinated Universal Time),2,#GOPAY1RUPIAH,gopay1rupiah,,,,,,
2026-08-17T04:04:33.736534+00:00,20260817-040433,https://trends24.in/indonesia/,Sun Aug 16 2026 23:21:40 GMT+0000 (Coordinated Universal Time),3,#DuangConcertDay2,duangconcertday2,,,,,,
2026-08-17T04:04:33.736534+00:00,20260817-040433,https://trends24.in/indonesia/,Sun Aug 16 2026 23:21:40 GMT+0000 (Coordinated Universal Time),4,#RENJUNonTMEA2026,renjunontmea2026,,,,,,
2026-08-17T04:04:33.736534+00:00,20260817-040433,https://trends24.in/indonesia/,Sun Aug 16 2026 23:21:40 GMT+0000 (Coordinated Universal Time),5,SOLOIST RENJUN ON TMEA,soloist renjun on tmea,,,,,,
2026-08-17T04:04:33.736534+00:00,20260817-040433,https://trends24.in/indonesia/,Sun Aug 16 2026 23:21:40 GMT+0000 (Coordinated Universal Time),6,DUANG GO ROUND DAY2,duang go round day2,,,,,,
2026-08-17T04:04:33.736534+00:00,20260817-040433,https://trends24.in/indonesia/,Sun Aug 16 2026 23:21:40 GMT+0000 (Coordinated Universal Time),7,Makmur,makmur,,,,,,
2026-08-17T04:04:33.736534+00:00,20260817-040433,https://trends24.in/indonesia/,Sun Aug 16 2026 23:21:40 GMT+0000 (Coordinated Universal Time),8,PERTHSANTA BEAUTY CHIANGMAI,perthsanta beauty chiangmai,,,,,,
2026-08-17T04:04:33.736534+00:00,20260817-040433,https://trends24.in/indonesia/,Sun Aug 16 2026 23:21:40 GMT+0000 (Coordinated Universal Time),9,negara hadir saat bencana,negara hadir saat bencana,,,,,,
2026-08-17T04:04:33.736534+00:00,20260817-040433,https://trends24.in/indonesia/,Sun Aug 16 2026 23:21:40 GMT+0000 (Coordinated Universal Time),10,#rayakanbebasboncos,rayakanbebasboncos,,,,,,
2026-08-17T04:04:33.736534+00:00,20260817-040433,https://trends24.in/indonesia/,Sun Aug 16 2026 23:21:40 GMT+0000 (Coordinated Universal Time),11,Aceh,aceh,,,,,,
2026-08-17T04:04:33.736534+00:00,20260817-040433,https://trends24.in/indonesia/,Sun Aug 16 2026 23:21:40 GMT+0000 (Coordinated Universal Time),12,#theewave,theewave,,,,,,
2026-08-17T04:04:33.736534+00:00,20260817-040433,https://trends24.in/indonesia/,Sun Aug 16 2026 23:21:40 GMT+0000 (Coordinated Universal Time),13,JIN YEEHAWS IN TEXAS,jin yeehaws in texas,,,,,,
2026-08-17T04:04:33.736534+00:00,20260817-040433,https://trends24.in/indonesia/,Sun Aug 16 2026 23:21:40 GMT+0000 (Coordinated Universal Time),14,HUT RI,hut ri,,,,,,
2026-08-17T04:04:33.736534+00:00,20260817-040433,https://trends24.in/indonesia/,Sun Aug 16 2026 23:21:40 GMT+0000 (Coordinated Universal Time),15,Nusa Tenggara Timur,nusa tenggara timur,,,,,,
2026-08-17T04:04:33.736534+00:00,20260817-040433,https://trends24.in/indonesia/,Sun Aug 16 2026 23:21:40 GMT+0000 (Coordinated Universal Time),16,uluran tangan saudara,uluran tangan saudara,,,,,,
2026-08-17T04:04:33.736534+00:00,20260817-040433,https://trends24.in/indonesia/,Sun Aug 16 2026 23:21:40 GMT+0000 (Coordinated Universal Time),17,JOONGDUNK URANUS IN KB,joongdunk uranus in kb,,,,,,
2026-08-17T04:04:33.736534+00:00,20260817-040433,https://trends24.in/indonesia/,Sun Aug 16 2026 23:21:40 GMT+0000 (Coordinated Universal Time),18,Pray for NTT,pray for ntt,,,,,,
2026-08-17T04:04:33.736534+00:00,20260817-040433,https://trends24.in/indonesia/,Sun Aug 16 2026 23:21:40 GMT+0000 (Coordinated Universal Time),19,Flores,flores,,,,,,
2026-08-17T04:04:33.736534+00:00,20260817-040433,https://trends24.in/indonesia/,Sun Aug 16 2026 23:21:40 GMT+0000 (Coordinated Universal Time),20,CASHBACK,cashback,,,,,,
2026-08-17T04:04:33.736534+00:00,20260817-040433,https://trends24.in/indonesia/,Sun Aug 16 2026 23:21:40 GMT+0000 (Coordinated Universal Time),21,17 Agustus,17 agustus,,,,,,
2026-08-17T04:04:33.736534+00:00,20260817-040433,https://trends24.in/indonesia/,Sun Aug 16 2026 23:21:40 GMT+0000 (Coordinated Universal Time),22,perthsanta love class,perthsanta love class,,,,,,
2026-08-17T04:04:33.736534+00:00,20260817-040433,https://trends24.in/indonesia/,Sun Aug 16 2026 23:21:40 GMT+0000 (Coordinated Universal Time),23,doa untuk ntt,doa untuk ntt,,,,,,
2026-08-17T04:04:33.736534+00:00,20260817-040433,https://trends24.in/indonesia/,Sun Aug 16 2026 23:21:40 GMT+0000 (Coordinated Universal Time),24,Arsenal,arsenal,,,,,,
2026-08-17T04:04:33.736534+00:00,20260817-040433,https://trends24.in/indonesia/,Sun Aug 16 2026 23:21:40 GMT+0000 (Coordinated Universal Time),25,JAKE BLONDE,jake blonde,,,,,,
2026-08-17T04:04:33.736534+00:00,20260817-040433,https://trends24.in/indonesia/,Sun Aug 16 2026 23:21:40 GMT+0000 (Coordinated Universal Time),26,DOMIIA MISCHIEVOUS DEVIL,domiia mischievous devil,,,,,,
2026-08-17T04:04:33.736534+00:00,20260817-040433,https://trends24.in/indonesia/,Sun Aug 16 2026 23:21:40 GMT+0000 (Coordinated Universal Time),27,SERVING MATCH POINT 4TH EP,serving match point 4th ep,,,,,,
2026-08-17T04:04:33.736534+00:00,20260817-040433,https://trends24.in/indonesia/,Sun Aug 16 2026 23:21:40 GMT+0000 (Coordinated Universal Time),28,Trade $BANK,trade $bank,,,,,,
2026-08-17T04:04:33.736534+00:00,20260817-040433,https://trends24.in/indonesia/,Sun Aug 16 2026 23:21:40 GMT+0000 (Coordinated Universal Time),29,Community Shield,community shield,,,,,,
2026-08-17T04:04:33.736534+00:00,20260817-040433,https://trends24.in/indonesia/,Sun Aug 16 2026 23:21:40 GMT+0000 (Coordinated Universal Time),30,Upacara,upacara,,,,,,
2026-08-17T04:04:33.736534+00:00,20260817-040433,https://trends24.in/indonesia/,Sun Aug 16 2026 23:21:40 GMT+0000 (Coordinated Universal Time),31,dipha barus,dipha barus,,,,,,
2026-08-17T04:04:33.736534+00:00,20260817-040433,https://trends24.in/indonesia/,Sun Aug 16 2026 23:21:40 GMT+0000 (Coordinated Universal Time),32,Lomba,lomba,,,,,,
2026-08-17T04:04:33.736534+00:00,20260817-040433,https://trends24.in/indonesia/,Sun Aug 16 2026 23:21:40 GMT+0000 (Coordinated Universal Time),33,JJ MAGICAL TIME,jj magical time,,,,,,
2026-08-17T04:04:33.736534+00:00,20260817-040433,https://trends24.in/indonesia/,Sun Aug 16 2026 23:21:40 GMT+0000 (Coordinated Universal Time),34,Maresca,maresca,,,,,,
2026-08-17T04:04:33.736534+00:00,20260817-040433,https://trends24.in/indonesia/,Sun Aug 16 2026 23:21:40 GMT+0000 (Coordinated Universal Time),35,Cancelo,cancelo,,,,,,
2026-08-17T04:04:33.736534+00:00,20260817-040433,https://trends24.in/indonesia/,Sun Aug 16 2026 23:21:40 GMT+0000 (Coordinated Universal Time),36,PERMPOON TURNS THREE,permpoon turns three,,,,,,
2026-08-17T04:04:33.736534+00:00,20260817-040433,https://trends24.in/indonesia/,Sun Aug 16 2026 23:21:40 GMT+0000 (Coordinated Universal Time),37,bp taskin,bp taskin,,,,,,
2026-08-17T04:04:33.736534+00:00,20260817-040433,https://trends24.in/indonesia/,Sun Aug 16 2026 23:21:40 GMT+0000 (Coordinated Universal Time),38,TXT SETSUNA HANABI OUT NOW,txt setsuna hanabi out now,,,,,,
2026-08-17T04:04:33.736534+00:00,20260817-040433,https://trends24.in/indonesia/,Sun Aug 16 2026 23:21:40 GMT+0000 (Coordinated Universal Time),39,TUI BLOOM SOLO X JJ,tui bloom solo x jj,,,,,,
2026-08-17T04:04:33.736534+00:00,20260817-040433,https://trends24.in/indonesia/,Sun Aug 16 2026 23:21:40 GMT+0000 (Coordinated Universal Time),40,81 Tahun,81 tahun,,,,,,
2026-08-17T04:04:33.736534+00:00,20260817-040433,https://trends24.in/indonesia/,Sun Aug 16 2026 23:21:40 GMT+0000 (Coordinated Universal Time),41,Tzolis,tzolis,,,,,,
2026-08-17T04:04:33.736534+00:00,20260817-040433,https://trends24.in/indonesia/,Sun Aug 16 2026 23:21:40 GMT+0000 (Coordinated Universal Time),42,3 YEARS WITH KIM DAEYOUNG,3 years with kim daeyoung,,,,,,
2026-08-17T04:04:33.736534+00:00,20260817-040433,https://trends24.in/indonesia/,Sun Aug 16 2026 23:21:40 GMT+0000 (Coordinated Universal Time),43,Rodri,rodri,,,,,,
2026-08-17T04:04:33.736534+00:00,20260817-040433,https://trends24.in/indonesia/,Sun Aug 16 2026 23:21:40 GMT+0000 (Coordinated Universal Time),44,Amorim,amorim,,,,,,
2026-08-17T04:04:33.736534+00:00,20260817-040433,https://trends24.in/indonesia/,Sun Aug 16 2026 23:21:40 GMT+0000 (Coordinated Universal Time),45,Deco,deco,,,,,,
2026-08-17T04:04:33.736534+00:00,20260817-040433,https://trends24.in/indonesia/,Sun Aug 16 2026 23:21:40 GMT+0000 (Coordinated Universal Time),46,ClosEST MOMENT WITH EST,closest moment with est,,,,,,
2026-08-17T04:04:33.736534+00:00,20260817-040433,https://trends24.in/indonesia/,Sun Aug 16 2026 23:21:40 GMT+0000 (Coordinated Universal Time),47,EMIBONNIE BEAUTY INFINITY,emibonnie beauty infinity,,,,,,
2026-08-17T04:04:33.736534+00:00,20260817-040433,https://trends24.in/indonesia/,Sun Aug 16 2026 23:21:40 GMT+0000 (Coordinated Universal Time),48,NKRI,nkri,,,,,,
2026-08-17T04:04:33.736534+00:00,20260817-040433,https://trends24.in/indonesia/,Sun Aug 16 2026 23:21:40 GMT+0000 (Coordinated Universal Time),49,Join Grup Telegram,join grup telegram,,,,,,
2026-08-17T04:04:33.736534+00:00,20260817-040433,https://trends24.in/indonesia/,Sun Aug 16 2026 23:21:40 GMT+0000 (Coordinated Universal Time),50,besok senin,besok senin,,,,,,
2026-08-17T04:04:33.736534+00:00,20260817-040433,https://trends24.in/indonesia/,Sun Aug 16 2026 22:30:57 GMT+0000 (Coordinated Universal Time),1,#GOPAY1RUPIAH,gopay1rupiah,,,,,,
2026-08-17T04:04:33.736534+00:00,20260817-040433,https://trends24.in/indonesia/,Sun Aug 16 2026 22:30:57 GMT+0000 (Coordinated Universal Time),2,#DuangConcertDay2,duangconcertday2,,,,,,
2026-08-17T04:04:33.736534+00:00,20260817-040433,https://trends24.in/indonesia/,Sun Aug 16 2026 22:30:57 GMT+0000 (Coordinated Universal Time),3,#RENJUNonTMEA2026,renjunontmea2026,,,,,,
2026-08-17T04:04:33.736534+00:00,20260817-040433,https://trends24.in/indonesia/,Sun Aug 16 2026 22:30:57 GMT+0000 (Coordinated Universal Time),4,DUANG GO ROUND DAY2,duang go round day2,,,,,,
2026-08-17T04:04:33.736534+00:00,20260817-040433,https://trends24.in/indonesia/,Sun Aug 16 2026 22:30:57 GMT+0000 (Coordinated Universal Time),5,SOLOIST RENJUN ON TMEA,soloist renjun on tmea,,,,,,
2026-08-17T04:04:33.736534+00:00,20260817-040433,https://trends24.in/indonesia/,Sun Aug 16 2026 22:30:57 GMT+0000 (Coordinated Universal Time),6,PERTHSANTA BEAUTY CHIANGMAI,perthsanta beauty chiangmai,,,,,,
2026-08-17T04:04:33.736534+00:00,20260817-040433,https://trends24.in/indonesia/,Sun Aug 16 2026 22:30:57 GMT+0000 (Coordinated Universal Time),7,negara hadir saat bencana,negara hadir saat bencana,,,,,,
2026-08-17T04:04:33.736534+00:00,20260817-040433,https://trends24.in/indonesia/,Sun Aug 16 2026 22:30:57 GMT+0000 (Coordinated Universal Time),8,#rayakanbebasboncos,rayakanbebasboncos,,,,,,
2026-08-17T04:04:33.736534+00:00,20260817-040433,https://trends24.in/indonesia/,Sun Aug 16 2026 22:30:57 GMT+0000 (Coordinated Universal Time),9,Aceh,aceh,,,,,,
2026-08-17T04:04:33.736534+00:00,20260817-040433,https://trends24.in/indonesia/,Sun Aug 16 2026 22:30:57 GMT+0000 (Coordinated Universal Time),10,Dirgahayu Republik Indonesia,dirgahayu republik indonesia,,,,,,
2026-08-17T04:04:33.736534+00:00,20260817-040433,https://trends24.in/indonesia/,Sun Aug 16 2026 22:30:57 GMT+0000 (Coordinated Universal Time),11,#theewave,theewave,,,,,,
2026-08-17T04:04:33.736534+00:00,20260817-040433,https://trends24.in/indonesia/,Sun Aug 16 2026 22:30:57 GMT+0000 (Coordinated Universal Time),12,Nusa Tenggara Timur,nusa tenggara timur,,,,,,
2026-08-17T04:04:33.736534+00:00,20260817-040433,https://trends24.in/indonesia/,Sun Aug 16 2026 22:30:57 GMT+0000 (Coordinated Universal Time),13,HUT RI,hut ri,,,,,,
2026-08-17T04:04:33.736534+00:00,20260817-040433,https://trends24.in/indonesia/,Sun Aug 16 2026 22:30:57 GMT+0000 (Coordinated Universal Time),14,uluran tangan saudara,uluran tangan saudara,,,,,,
2026-08-17T04:04:33.736534+00:00,20260817-040433,https://trends24.in/indonesia/,Sun Aug 16 2026 22:30:57 GMT+0000 (Coordinated Universal Time),15,JOONGDUNK URANUS IN KB,joongdunk uranus in kb,,,,,,
2026-08-17T04:04:33.736534+00:00,20260817-040433,https://trends24.in/indonesia/,Sun Aug 16 2026 22:30:57 GMT+0000 (Coordinated Universal Time),16,Pray for NTT,pray for ntt,,,,,,
2026-08-17T04:04:33.736534+00:00,20260817-040433,https://trends24.in/indonesia/,Sun Aug 16 2026 22:30:57 GMT+0000 (Coordinated Universal Time),17,Makmur,makmur,,,,,,
2026-08-17T04:04:33.736534+00:00,20260817-040433,https://trends24.in/indonesia/,Sun Aug 16 2026 22:30:57 GMT+0000 (Coordinated Universal Time),18,Flores,flores,,,,,,
2026-08-17T04:04:33.736534+00:00,20260817-040433,https://trends24.in/indonesia/,Sun Aug 16 2026 22:30:57 GMT+0000 (Coordinated Universal Time),19,CASHBACK,cashback,,,,,,
2026-08-17T04:04:33.736534+00:00,20260817-040433,https://trends24.in/indonesia/,Sun Aug 16 2026 22:30:57 GMT+0000 (Coordinated Universal Time),20,wujudkan sdm terbaik,wujudkan sdm terbaik,,,,,,
2026-08-17T04:04:33.736534+00:00,20260817-040433,https://trends24.in/indonesia/,Sun Aug 16 2026 22:30:57 GMT+0000 (Coordinated Universal Time),21,17 Agustus,17 agustus,,,,,,
2026-08-17T04:04:33.736534+00:00,20260817-040433,https://trends24.in/indonesia/,Sun Aug 16 2026 22:30:57 GMT+0000 (Coordinated Universal Time),22,perthsanta love class,perthsanta love class,,,,,,
2026-08-17T04:04:33.736534+00:00,20260817-040433,https://trends24.in/indonesia/,Sun Aug 16 2026 22:30:57 GMT+0000 (Coordinated Universal Time),23,doa untuk ntt,doa untuk ntt,,,,,,
2026-08-17T04:04:33.736534+00:00,20260817-040433,https://trends24.in/indonesia/,Sun Aug 16 2026 22:30:57 GMT+0000 (Coordinated Universal Time),24,Arsenal,arsenal,,,,,,
2026-08-17T04:04:33.736534+00:00,20260817-040433,https://trends24.in/indonesia/,Sun Aug 16 2026 22:30:57 GMT+0000 (Coordinated Universal Time),25,DOMIIA MISCHIEVOUS DEVIL,domiia mischievous devil,,,,,,
2026-08-17T04:04:33.736534+00:00,20260817-040433,https://trends24.in/indonesia/,Sun Aug 16 2026 22:30:57 GMT+0000 (Coordinated Universal Time),26,$BUB,$bub,,,,,,
2026-08-17T04:04:33.736534+00:00,20260817-040433,https://trends24.in/indonesia/,Sun Aug 16 2026 22:30:57 GMT+0000 (Coordinated Universal Time),27,JAKE BLONDE,jake blonde,,,,,,
2026-08-17T04:04:33.736534+00:00,20260817-040433,https://trends24.in/indonesia/,Sun Aug 16 2026 22:30:57 GMT+0000 (Coordinated Universal Time),28,SERVING MATCH POINT 4TH EP,serving match point 4th ep,,,,,,
2026-08-17T04:04:33.736534+00:00,20260817-040433,https://trends24.in/indonesia/,Sun Aug 16 2026 22:30:57 GMT+0000 (Coordinated Universal Time),29,Trade $BANK,trade $bank,,,,,,
2026-08-17T04:04:33.736534+00:00,20260817-040433,https://trends24.in/indonesia/,Sun Aug 16 2026 22:30:57 GMT+0000 (Coordinated Universal Time),30,Community Shield,community shield,,,,,,
2026-08-17T04:04:33.736534+00:00,20260817-040433,https://trends24.in/indonesia/,Sun Aug 16 2026 22:30:57 GMT+0000 (Coordinated Universal Time),31,Rodri,rodri,,,,,,
2026-08-17T04:04:33.736534+00:00,20260817-040433,https://trends24.in/indonesia/,Sun Aug 16 2026 22:30:57 GMT+0000 (Coordinated Universal Time),32,dipha barus,dipha barus,,,,,,
2026-08-17T04:04:33.736534+00:00,20260817-040433,https://trends24.in/indonesia/,Sun Aug 16 2026 22:30:57 GMT+0000 (Coordinated Universal Time),33,JJ MAGICAL TIME,jj magical time,,,,,,
2026-08-17T04:04:33.736534+00:00,20260817-040433,https://trends24.in/indonesia/,Sun Aug 16 2026 22:30:57 GMT+0000 (Coordinated Universal Time),34,Tzolis,tzolis,,,,,,
2026-08-17T04:04:33.736534+00:00,20260817-040433,https://trends24.in/indonesia/,Sun Aug 16 2026 22:30:57 GMT+0000 (Coordinated Universal Time),35,Lomba,lomba,,,,,,
2026-08-17T04:04:33.736534+00:00,20260817-040433,https://trends24.in/indonesia/,Sun Aug 16 2026 22:30:57 GMT+0000 (Coordinated Universal Time),36,Maresca,maresca,,,,,,
2026-08-17T04:04:33.736534+00:00,20260817-040433,https://trends24.in/indonesia/,Sun Aug 16 2026 22:30:57 GMT+0000 (Coordinated Universal Time),37,Cancelo,cancelo,,,,,,
2026-08-17T04:04:33.736534+00:00,20260817-040433,https://trends24.in/indonesia/,Sun Aug 16 2026 22:30:57 GMT+0000 (Coordinated Universal Time),38,PERMPOON TURNS THREE,permpoon turns three,,,,,,
2026-08-17T04:04:33.736534+00:00,20260817-040433,https://trends24.in/indonesia/,Sun Aug 16 2026 22:30:57 GMT+0000 (Coordinated Universal Time),39,TUI BLOOM SOLO X JJ,tui bloom solo x jj,,,,,,
2026-08-17T04:04:33.736534+00:00,20260817-040433,https://trends24.in/indonesia/,Sun Aug 16 2026 22:30:57 GMT+0000 (Coordinated Universal Time),40,bp taskin,bp taskin,,,,,,
2026-08-17T04:04:33.736534+00:00,20260817-040433,https://trends24.in/indonesia/,Sun Aug 16 2026 22:30:57 GMT+0000 (Coordinated Universal Time),41,TXT SETSUNA HANABI OUT NOW,txt setsuna hanabi out now,,,,,,
2026-08-17T04:04:33.736534+00:00,20260817-040433,https://trends24.in/indonesia/,Sun Aug 16 2026 22:30:57 GMT+0000 (Coordinated Universal Time),42,ClosEST MOMENT WITH EST,closest moment with est,,,,,,
2026-08-17T04:04:33.736534+00:00,20260817-040433,https://trends24.in/indonesia/,Sun Aug 16 2026 22:30:57 GMT+0000 (Coordinated Universal Time),43,Upacara,upacara,,,,,,
2026-08-17T04:04:33.736534+00:00,20260817-040433,https://trends24.in/indonesia/,Sun Aug 16 2026 22:30:57 GMT+0000 (Coordinated Universal Time),44,3 YEARS WITH KIM DAEYOUNG,3 years with kim daeyoung,,,,,,
2026-08-17T04:04:33.736534+00:00,20260817-040433,https://trends24.in/indonesia/,Sun Aug 16 2026 22:30:57 GMT+0000 (Coordinated Universal Time),45,Amorim,amorim,,,,,,
2026-08-17T04:04:33.736534+00:00,20260817-040433,https://trends24.in/indonesia/,Sun Aug 16 2026 22:30:57 GMT+0000 (Coordinated Universal Time),46,EMIBONNIE BEAUTY INFINITY,emibonnie beauty infinity,,,,,,
2026-08-17T04:04:33.736534+00:00,20260817-040433,https://trends24.in/indonesia/,Sun Aug 16 2026 22:30:57 GMT+0000 (Coordinated Universal Time),47,Rexx,rexx,,,,,,
2026-08-17T04:04:33.736534+00:00,20260817-040433,https://trends24.in/indonesia/,Sun Aug 16 2026 22:30:57 GMT+0000 (Coordinated Universal Time),48,SMYLE CUTIE POP STAR,smyle cutie pop star,,,,,,
2026-08-17T04:04:33.736534+00:00,20260817-040433,https://trends24.in/indonesia/,Sun Aug 16 2026 22:30:57 GMT+0000 (Coordinated Universal Time),49,Besok Senin,besok senin,,,,,,
2026-08-17T04:04:33.736534+00:00,20260817-040433,https://trends24.in/indonesia/,Sun Aug 16 2026 22:30:57 GMT+0000 (Coordinated Universal Time),50,Odegaard,odegaard,,,,,,
2026-08-17T04:04:33.736534+00:00,20260817-040433,https://trends24.in/indonesia/,Sun Aug 16 2026 21:39:35 GMT+0000 (Coordinated Universal Time),1,#GOPAY1RUPIAH,gopay1rupiah,,,,,,
2026-08-17T04:04:33.736534+00:00,20260817-040433,https://trends24.in/indonesia/,Sun Aug 16 2026 21:39:35 GMT+0000 (Coordinated Universal Time),2,#DuangConcertDay2,duangconcertday2,,,,,,
2026-08-17T04:04:33.736534+00:00,20260817-040433,https://trends24.in/indonesia/,Sun Aug 16 2026 21:39:35 GMT+0000 (Coordinated Universal Time),3,#RENJUNonTMEA2026,renjunontmea2026,,,,,,
2026-08-17T04:04:33.736534+00:00,20260817-040433,https://trends24.in/indonesia/,Sun Aug 16 2026 21:39:35 GMT+0000 (Coordinated Universal Time),4,DUANG GO ROUND DAY2,duang go round day2,,,,,,
2026-08-17T04:04:33.736534+00:00,20260817-040433,https://trends24.in/indonesia/,Sun Aug 16 2026 21:39:35 GMT+0000 (Coordinated Universal Time),5,SOLOIST RENJUN ON TMEA,soloist renjun on tmea,,,,,,
2026-08-17T04:04:33.736534+00:00,20260817-040433,https://trends24.in/indonesia/,Sun Aug 16 2026 21:39:35 GMT+0000 (Coordinated Universal Time),6,PERTHSANTA BEAUTY CHIANGMAI,perthsanta beauty chiangmai,,,,,,
2026-08-17T04:04:33.736534+00:00,20260817-040433,https://trends24.in/indonesia/,Sun Aug 16 2026 21:39:35 GMT+0000 (Coordinated Universal Time),7,negara hadir saat bencana,negara hadir saat bencana,,,,,,
2026-08-17T04:04:33.736534+00:00,20260817-040433,https://trends24.in/indonesia/,Sun Aug 16 2026 21:39:35 GMT+0000 (Coordinated Universal Time),8,#rayakanbebasboncos,rayakanbebasboncos,,,,,,
2026-08-17T04:04:33.736534+00:00,20260817-040433,https://trends24.in/indonesia/,Sun Aug 16 2026 21:39:35 GMT+0000 (Coordinated Universal Time),9,Aceh,aceh,,,,,,
2026-08-17T04:04:33.736534+00:00,20260817-040433,https://trends24.in/indonesia/,Sun Aug 16 2026 21:39:35 GMT+0000 (Coordinated Universal Time),10,#theewave,theewave,,,,,,
2026-08-17T04:04:33.736534+00:00,20260817-040433,https://trends24.in/indonesia/,Sun Aug 16 2026 21:39:35 GMT+0000 (Coordinated Universal Time),11,Nusa Tenggara Timur,nusa tenggara timur,,,,,,
2026-08-17T04:04:33.736534+00:00,20260817-040433,https://trends24.in/indonesia/,Sun Aug 16 2026 21:39:35 GMT+0000 (Coordinated Universal Time),12,HUT RI,hut ri,,,,,,
2026-08-17T04:04:33.736534+00:00,20260817-040433,https://trends24.in/indonesia/,Sun Aug 16 2026 21:39:35 GMT+0000 (Coordinated Universal Time),13,uluran tangan saudara,uluran tangan saudara,,,,,,
2026-08-17T04:04:33.736534+00:00,20260817-040433,https://trends24.in/indonesia/,Sun Aug 16 2026 21:39:35 GMT+0000 (Coordinated Universal Time),14,JOONGDUNK URANUS IN KB,joongdunk uranus in kb,,,,,,
2026-08-17T04:04:33.736534+00:00,20260817-040433,https://trends24.in/indonesia/,Sun Aug 16 2026 21:39:35 GMT+0000 (Coordinated Universal Time),15,Pray for NTT,pray for ntt,,,,,,
2026-08-17T04:04:33.736534+00:00,20260817-040433,https://trends24.in/indonesia/,Sun Aug 16 2026 21:39:35 GMT+0000 (Coordinated Universal Time),16,Flores,flores,,,,,,
2026-08-17T04:04:33.736534+00:00,20260817-040433,https://trends24.in/indonesia/,Sun Aug 16 2026 21:39:35 GMT+0000 (Coordinated Universal Time),17,CASHBACK,cashback,,,,,,
2026-08-17T04:04:33.736534+00:00,20260817-040433,https://trends24.in/indonesia/,Sun Aug 16 2026 21:39:35 GMT+0000 (Coordinated Universal Time),18,wujudkan sdm terbaik,wujudkan sdm terbaik,,,,,,
2026-08-17T04:04:33.736534+00:00,20260817-040433,https://trends24.in/indonesia/,Sun Aug 16 2026 21:39:35 GMT+0000 (Coordinated Universal Time),19,Dirgahayu Republik Indonesia,dirgahayu republik indonesia,,,,,,
2026-08-17T04:04:33.736534+00:00,20260817-040433,https://trends24.in/indonesia/,Sun Aug 16 2026 21:39:35 GMT+0000 (Coordinated Universal Time),20,perthsanta love class,perthsanta love class,,,,,,
2026-08-17T04:04:33.736534+00:00,20260817-040433,https://trends24.in/indonesia/,Sun Aug 16 2026 21:39:35 GMT+0000 (Coordinated Universal Time),21,17 Agustus,17 agustus,,,,,,
2026-08-17T04:04:33.736534+00:00,20260817-040433,https://trends24.in/indonesia/,Sun Aug 16 2026 21:39:35 GMT+0000 (Coordinated Universal Time),22,doa untuk ntt,doa untuk ntt,,,,,,
2026-08-17T04:04:33.736534+00:00,20260817-040433,https://trends24.in/indonesia/,Sun Aug 16 2026 21:39:35 GMT+0000 (Coordinated Universal Time),23,Arsenal,arsenal,,,,,,
2026-08-17T04:04:33.736534+00:00,20260817-040433,https://trends24.in/indonesia/,Sun Aug 16 2026 21:39:35 GMT+0000 (Coordinated Universal Time),24,DOMIIA MISCHIEVOUS DEVIL,domiia mischievous devil,,,,,,
2026-08-17T04:04:33.736534+00:00,20260817-040433,https://trends24.in/indonesia/,Sun Aug 16 2026 21:39:35 GMT+0000 (Coordinated Universal Time),25,JAKE BLONDE,jake blonde,,,,,,
2026-08-17T04:04:33.736534+00:00,20260817-040433,https://trends24.in/indonesia/,Sun Aug 16 2026 21:39:35 GMT+0000 (Coordinated Universal Time),26,Rodri,rodri,,,,,,
2026-08-17T04:04:33.736534+00:00,20260817-040433,https://trends24.in/indonesia/,Sun Aug 16 2026 21:39:35 GMT+0000 (Coordinated Universal Time),27,SERVING MATCH POINT 4TH EP,serving match point 4th ep,,,,,,
2026-08-17T04:04:33.736534+00:00,20260817-040433,https://trends24.in/indonesia/,Sun Aug 16 2026 21:39:35 GMT+0000 (Coordinated Universal Time),28,Trade $BANK,trade $bank,,,,,,
2026-08-17T04:04:33.736534+00:00,20260817-040433,https://trends24.in/indonesia/,Sun Aug 16 2026 21:39:35 GMT+0000 (Coordinated Universal Time),29,JJ MAGICAL TIME,jj magical time,,,,,,
2026-08-17T04:04:33.736534+00:00,20260817-040433,https://trends24.in/indonesia/,Sun Aug 16 2026 21:39:35 GMT+0000 (Coordinated Universal Time),30,Community Shield,community shield,,,,,,
2026-08-17T04:04:33.736534+00:00,20260817-040433,https://trends24.in/indonesia/,Sun Aug 16 2026 21:39:35 GMT+0000 (Coordinated Universal Time),31,Makmur,makmur,,,,,,
2026-08-17T04:04:33.736534+00:00,20260817-040433,https://trends24.in/indonesia/,Sun Aug 16 2026 21:39:35 GMT+0000 (Coordinated Universal Time),32,dipha barus,dipha barus,,,,,,
2026-08-17T04:04:33.736534+00:00,20260817-040433,https://trends24.in/indonesia/,Sun Aug 16 2026 21:39:35 GMT+0000 (Coordinated Universal Time),33,Lomba,lomba,,,,,,
2026-08-17T04:04:33.736534+00:00,20260817-040433,https://trends24.in/indonesia/,Sun Aug 16 2026 21:39:35 GMT+0000 (Coordinated Universal Time),34,Maresca,maresca,,,,,,
2026-08-17T04:04:33.736534+00:00,20260817-040433,https://trends24.in/indonesia/,Sun Aug 16 2026 21:39:35 GMT+0000 (Coordinated Universal Time),35,TUI BLOOM SOLO X JJ,tui bloom solo x jj,,,,,,
2026-08-17T04:04:33.736534+00:00,20260817-040433,https://trends24.in/indonesia/,Sun Aug 16 2026 21:39:35 GMT+0000 (Coordinated Universal Time),36,Tzolis,tzolis,,,,,,
2026-08-17T04:04:33.736534+00:00,20260817-040433,https://trends24.in/indonesia/,Sun Aug 16 2026 21:39:35 GMT+0000 (Coordinated Universal Time),37,Cancelo,cancelo,,,,,,
2026-08-17T04:04:33.736534+00:00,20260817-040433,https://trends24.in/indonesia/,Sun Aug 16 2026 21:39:35 GMT+0000 (Coordinated Universal Time),38,PERMPOON TURNS THREE,permpoon turns three,,,,,,
2026-08-17T04:04:33.736534+00:00,20260817-040433,https://trends24.in/indonesia/,Sun Aug 16 2026 21:39:35 GMT+0000 (Coordinated Universal Time),39,bp taskin,bp taskin,,,,,,
2026-08-17T04:04:33.736534+00:00,20260817-040433,https://trends24.in/indonesia/,Sun Aug 16 2026 21:39:35 GMT+0000 (Coordinated Universal Time),40,TXT SETSUNA HANABI OUT NOW,txt setsuna hanabi out now,,,,,,
2026-08-17T04:04:33.736534+00:00,20260817-040433,https://trends24.in/indonesia/,Sun Aug 16 2026 21:39:35 GMT+0000 (Coordinated Universal Time),41,Amorim,amorim,,,,,,
2026-08-17T04:04:33.736534+00:00,20260817-040433,https://trends24.in/indonesia/,Sun Aug 16 2026 21:39:35 GMT+0000 (Coordinated Universal Time),42,ClosEST MOMENT WITH EST,closest moment with est,,,,,,
2026-08-17T04:04:33.736534+00:00,20260817-040433,https://trends24.in/indonesia/,Sun Aug 16 2026 21:39:35 GMT+0000 (Coordinated Universal Time),43,Deco,deco,,,,,,
2026-08-17T04:04:33.736534+00:00,20260817-040433,https://trends24.in/indonesia/,Sun Aug 16 2026 21:39:35 GMT+0000 (Coordinated Universal Time),44,Upacara,upacara,,,,,,
2026-08-17T04:04:33.736534+00:00,20260817-040433,https://trends24.in/indonesia/,Sun Aug 16 2026 21:39:35 GMT+0000 (Coordinated Universal Time),45,3 YEARS WITH KIM DAEYOUNG,3 years with kim daeyoung,,,,,,
2026-08-17T04:04:33.736534+00:00,20260817-040433,https://trends24.in/indonesia/,Sun Aug 16 2026 21:39:35 GMT+0000 (Coordinated Universal Time),46,EMIBONNIE BEAUTY INFINITY,emibonnie beauty infinity,,,,,,
2026-08-17T04:04:33.736534+00:00,20260817-040433,https://trends24.in/indonesia/,Sun Aug 16 2026 21:39:35 GMT+0000 (Coordinated Universal Time),47,Arlington,arlington,,,,,,
2026-08-17T04:04:33.736534+00:00,20260817-040433,https://trends24.in/indonesia/,Sun Aug 16 2026 21:39:35 GMT+0000 (Coordinated Universal Time),48,Ngupas,ngupas,,,,,,
2026-08-17T04:04:33.736534+00:00,20260817-040433,https://trends24.in/indonesia/,Sun Aug 16 2026 21:39:35 GMT+0000 (Coordinated Universal Time),49,Rexx,rexx,,,,,,
2026-08-17T04:04:33.736534+00:00,20260817-040433,https://trends24.in/indonesia/,Sun Aug 16 2026 21:39:35 GMT+0000 (Coordinated Universal Time),50,SMYLE CUTIE POP STAR,smyle cutie pop star,,,,,,
2026-08-17T04:04:33.736534+00:00,20260817-040433,https://trends24.in/indonesia/,Sun Aug 16 2026 20:48:25 GMT+0000 (Coordinated Universal Time),1,#GOPAY1RUPIAH,gopay1rupiah,,,,,,
2026-08-17T04:04:33.736534+00:00,20260817-040433,https://trends24.in/indonesia/,Sun Aug 16 2026 20:48:25 GMT+0000 (Coordinated Universal Time),2,#DuangConcertDay2,duangconcertday2,,,,,,
2026-08-17T04:04:33.736534+00:00,20260817-040433,https://trends24.in/indonesia/,Sun Aug 16 2026 20:48:25 GMT+0000 (Coordinated Universal Time),3,#RENJUNonTMEA2026,renjunontmea2026,,,,,,
2026-08-17T04:04:33.736534+00:00,20260817-040433,https://trends24.in/indonesia/,Sun Aug 16 2026 20:48:25 GMT+0000 (Coordinated Universal Time),4,DUANG GO ROUND DAY2,duang go round day2,,,,,,
2026-08-17T04:04:33.736534+00:00,20260817-040433,https://trends24.in/indonesia/,Sun Aug 16 2026 20:48:25 GMT+0000 (Coordinated Universal Time),5,SOLOIST RENJUN ON TMEA,soloist renjun on tmea,,,,,,
2026-08-17T04:04:33.736534+00:00,20260817-040433,https://trends24.in/indonesia/,Sun Aug 16 2026 20:48:25 GMT+0000 (Coordinated Universal Time),6,PERTHSANTA BEAUTY CHIANGMAI,perthsanta beauty chiangmai,,,,,,
2026-08-17T04:04:33.736534+00:00,20260817-040433,https://trends24.in/indonesia/,Sun Aug 16 2026 20:48:25 GMT+0000 (Coordinated Universal Time),7,negara hadir saat bencana,negara hadir saat bencana,,,,,,
2026-08-17T04:04:33.736534+00:00,20260817-040433,https://trends24.in/indonesia/,Sun Aug 16 2026 20:48:25 GMT+0000 (Coordinated Universal Time),8,#rayakanbebasboncos,rayakanbebasboncos,,,,,,
2026-08-17T04:04:33.736534+00:00,20260817-040433,https://trends24.in/indonesia/,Sun Aug 16 2026 20:48:25 GMT+0000 (Coordinated Universal Time),9,Aceh,aceh,,,,,,
2026-08-17T04:04:33.736534+00:00,20260817-040433,https://trends24.in/indonesia/,Sun Aug 16 2026 20:48:25 GMT+0000 (Coordinated Universal Time),10,#theewave,theewave,,,,,,
2026-08-17T04:04:33.736534+00:00,20260817-040433,https://trends24.in/indonesia/,Sun Aug 16 2026 20:48:25 GMT+0000 (Coordinated Universal Time),11,Nusa Tenggara Timur,nusa tenggara timur,,,,,,
2026-08-17T04:04:33.736534+00:00,20260817-040433,https://trends24.in/indonesia/,Sun Aug 16 2026 20:48:25 GMT+0000 (Coordinated Universal Time),12,HUT RI,hut ri,,,,,,
2026-08-17T04:04:33.736534+00:00,20260817-040433,https://trends24.in/indonesia/,Sun Aug 16 2026 20:48:25 GMT+0000 (Coordinated Universal Time),13,uluran tangan saudara,uluran tangan saudara,,,,,,
2026-08-17T04:04:33.736534+00:00,20260817-040433,https://trends24.in/indonesia/,Sun Aug 16 2026 20:48:25 GMT+0000 (Coordinated Universal Time),14,JOONGDUNK URANUS IN KB,joongdunk uranus in kb,,,,,,
2026-08-17T04:04:33.736534+00:00,20260817-040433,https://trends24.in/indonesia/,Sun Aug 16 2026 20:48:25 GMT+0000 (Coordinated Universal Time),15,Pray for NTT,pray for ntt,,,,,,
2026-08-17T04:04:33.736534+00:00,20260817-040433,https://trends24.in/indonesia/,Sun Aug 16 2026 20:48:25 GMT+0000 (Coordinated Universal Time),16,Flores,flores,,,,,,
2026-08-17T04:04:33.736534+00:00,20260817-040433,https://trends24.in/indonesia/,Sun Aug 16 2026 20:48:25 GMT+0000 (Coordinated Universal Time),17,CASHBACK,cashback,,,,,,
2026-08-17T04:04:33.736534+00:00,20260817-040433,https://trends24.in/indonesia/,Sun Aug 16 2026 20:48:25 GMT+0000 (Coordinated Universal Time),18,wujudkan sdm terbaik,wujudkan sdm terbaik,,,,,,
2026-08-17T04:04:33.736534+00:00,20260817-040433,https://trends24.in/indonesia/,Sun Aug 16 2026 20:48:25 GMT+0000 (Coordinated Universal Time),19,17 Agustus,17 agustus,,,,,,
2026-08-17T04:04:33.736534+00:00,20260817-040433,https://trends24.in/indonesia/,Sun Aug 16 2026 20:48:25 GMT+0000 (Coordinated Universal Time),20,perthsanta love class,perthsanta love class,,,,,,
2026-08-17T04:04:33.736534+00:00,20260817-040433,https://trends24.in/indonesia/,Sun Aug 16 2026 20:48:25 GMT+0000 (Coordinated Universal Time),21,Rodri,rodri,,,,,,
2026-08-17T04:04:33.736534+00:00,20260817-040433,https://trends24.in/indonesia/,Sun Aug 16 2026 20:48:25 GMT+0000 (Coordinated Universal Time),22,DOMIIA MISCHIEVOUS DEVIL,domiia mischievous devil,,,,,,
2026-08-17T04:04:33.736534+00:00,20260817-040433,https://trends24.in/indonesia/,Sun Aug 16 2026 20:48:25 GMT+0000 (Coordinated Universal Time),23,Dirgahayu Republik Indonesia,dirgahayu republik indonesia,,,,,,
2026-08-17T04:04:33.736534+00:00,20260817-040433,https://trends24.in/indonesia/,Sun Aug 16 2026 20:48:25 GMT+0000 (Coordinated Universal Time),24,doa untuk ntt,doa untuk ntt,,,,,,
2026-08-17T04:04:33.736534+00:00,20260817-040433,https://trends24.in/indonesia/,Sun Aug 16 2026 20:48:25 GMT+0000 (Coordinated Universal Time),25,Arsenal,arsenal,,,,,,
2026-08-17T04:04:33.736534+00:00,20260817-040433,https://trends24.in/indonesia/,Sun Aug 16 2026 20:48:25 GMT+0000 (Coordinated Universal Time),26,Jacquet,jacquet,,,,,,
2026-08-17T04:04:33.736534+00:00,20260817-040433,https://trends24.in/indonesia/,Sun Aug 16 2026 20:48:25 GMT+0000 (Coordinated Universal Time),27,SERVING MATCH POINT 4TH EP,serving match point 4th ep,,,,,,
2026-08-17T04:04:33.736534+00:00,20260817-040433,https://trends24.in/indonesia/,Sun Aug 16 2026 20:48:25 GMT+0000 (Coordinated Universal Time),28,JAKE BLONDE,jake blonde,,,,,,
2026-08-17T04:04:33.736534+00:00,20260817-040433,https://trends24.in/indonesia/,Sun Aug 16 2026 20:48:25 GMT+0000 (Coordinated Universal Time),29,Trade $BANK,trade $bank,,,,,,
2026-08-17T04:04:33.736534+00:00,20260817-040433,https://trends24.in/indonesia/,Sun Aug 16 2026 20:48:25 GMT+0000 (Coordinated Universal Time),30,Community Shield,community shield,,,,,,
2026-08-17T04:04:33.736534+00:00,20260817-040433,https://trends24.in/indonesia/,Sun Aug 16 2026 20:48:25 GMT+0000 (Coordinated Universal Time),31,JJ MAGICAL TIME,jj magical time,,,,,,
2026-08-17T04:04:33.736534+00:00,20260817-040433,https://trends24.in/indonesia/,Sun Aug 16 2026 20:48:25 GMT+0000 (Coordinated Universal Time),32,dipha barus,dipha barus,,,,,,
2026-08-17T04:04:33.736534+00:00,20260817-040433,https://trends24.in/indonesia/,Sun Aug 16 2026 20:48:25 GMT+0000 (Coordinated Universal Time),33,Makmur,makmur,,,,,,
2026-08-17T04:04:33.736534+00:00,20260817-040433,https://trends24.in/indonesia/,Sun Aug 16 2026 20:48:25 GMT+0000 (Coordinated Universal Time),34,Lomba,lomba,,,,,,
2026-08-17T04:04:33.736534+00:00,20260817-040433,https://trends24.in/indonesia/,Sun Aug 16 2026 20:48:25 GMT+0000 (Coordinated Universal Time),35,Maresca,maresca,,,,,,
2026-08-17T04:04:33.736534+00:00,20260817-040433,https://trends24.in/indonesia/,Sun Aug 16 2026 20:48:25 GMT+0000 (Coordinated Universal Time),36,Cancelo,cancelo,,,,,,
2026-08-17T04:04:33.736534+00:00,20260817-040433,https://trends24.in/indonesia/,Sun Aug 16 2026 20:48:25 GMT+0000 (Coordinated Universal Time),37,TUI BLOOM SOLO X JJ,tui bloom solo x jj,,,,,,
2026-08-17T04:04:33.736534+00:00,20260817-040433,https://trends24.in/indonesia/,Sun Aug 16 2026 20:48:25 GMT+0000 (Coordinated Universal Time),38,Tzolis,tzolis,,,,,,
2026-08-17T04:04:33.736534+00:00,20260817-040433,https://trends24.in/indonesia/,Sun Aug 16 2026 20:48:25 GMT+0000 (Coordinated Universal Time),39,Deco,deco,,,,,,
2026-08-17T04:04:33.736534+00:00,20260817-040433,https://trends24.in/indonesia/,Sun Aug 16 2026 20:48:25 GMT+0000 (Coordinated Universal Time),40,PERMPOON TURNS THREE,permpoon turns three,,,,,,
2026-08-17T04:04:33.736534+00:00,20260817-040433,https://trends24.in/indonesia/,Sun Aug 16 2026 20:48:25 GMT+0000 (Coordinated Universal Time),41,bp taskin,bp taskin,,,,,,
2026-08-17T04:04:33.736534+00:00,20260817-040433,https://trends24.in/indonesia/,Sun Aug 16 2026 20:48:25 GMT+0000 (Coordinated Universal Time),42,TXT SETSUNA HANABI OUT NOW,txt setsuna hanabi out now,,,,,,
2026-08-17T04:04:33.736534+00:00,20260817-040433,https://trends24.in/indonesia/,Sun Aug 16 2026 20:48:25 GMT+0000 (Coordinated Universal Time),43,Amorim,amorim,,,,,,
2026-08-17T04:04:33.736534+00:00,20260817-040433,https://trends24.in/indonesia/,Sun Aug 16 2026 20:48:25 GMT+0000 (Coordinated Universal Time),44,ClosEST MOMENT WITH EST,closest moment with est,,,,,,
2026-08-17T04:04:33.736534+00:00,20260817-040433,https://trends24.in/indonesia/,Sun Aug 16 2026 20:48:25 GMT+0000 (Coordinated Universal Time),45,Upacara,upacara,,,,,,
2026-08-17T04:04:33.736534+00:00,20260817-040433,https://trends24.in/indonesia/,Sun Aug 16 2026 20:48:25 GMT+0000 (Coordinated Universal Time),46,3 YEARS WITH KIM DAEYOUNG,3 years with kim daeyoung,,,,,,
2026-08-17T04:04:33.736534+00:00,20260817-040433,https://trends24.in/indonesia/,Sun Aug 16 2026 20:48:25 GMT+0000 (Coordinated Universal Time),47,EMIBONNIE BEAUTY INFINITY,emibonnie beauty infinity,,,,,,
2026-08-17T04:04:33.736534+00:00,20260817-040433,https://trends24.in/indonesia/,Sun Aug 16 2026 20:48:25 GMT+0000 (Coordinated Universal Time),48,Arlington,arlington,,,,,,
2026-08-17T04:04:33.736534+00:00,20260817-040433,https://trends24.in/indonesia/,Sun Aug 16 2026 20:48:25 GMT+0000 (Coordinated Universal Time),49,Rexx,rexx,,,,,,
2026-08-17T04:04:33.736534+00:00,20260817-040433,https://trends24.in/indonesia/,Sun Aug 16 2026 20:48:25 GMT+0000 (Coordinated Universal Time),50,Ngupas,ngupas,,,,,,
2026-08-17T04:04:33.736534+00:00,20260817-040433,https://trends24.in/indonesia/,Sun Aug 16 2026 20:48:17 GMT+0000 (Coordinated Universal Time),1,#GOPAY1RUPIAH,gopay1rupiah,,,,,,
2026-08-17T04:04:33.736534+00:00,20260817-040433,https://trends24.in/indonesia/,Sun Aug 16 2026 20:48:17 GMT+0000 (Coordinated Universal Time),2,#DuangConcertDay2,duangconcertday2,,,,,,
2026-08-17T04:04:33.736534+00:00,20260817-040433,https://trends24.in/indonesia/,Sun Aug 16 2026 20:48:17 GMT+0000 (Coordinated Universal Time),3,#RENJUNonTMEA2026,renjunontmea2026,,,,,,
2026-08-17T04:04:33.736534+00:00,20260817-040433,https://trends24.in/indonesia/,Sun Aug 16 2026 20:48:17 GMT+0000 (Coordinated Universal Time),4,DUANG GO ROUND DAY2,duang go round day2,,,,,,
2026-08-17T04:04:33.736534+00:00,20260817-040433,https://trends24.in/indonesia/,Sun Aug 16 2026 20:48:17 GMT+0000 (Coordinated Universal Time),5,SOLOIST RENJUN ON TMEA,soloist renjun on tmea,,,,,,
2026-08-17T04:04:33.736534+00:00,20260817-040433,https://trends24.in/indonesia/,Sun Aug 16 2026 20:48:17 GMT+0000 (Coordinated Universal Time),6,PERTHSANTA BEAUTY CHIANGMAI,perthsanta beauty chiangmai,,,,,,
2026-08-17T04:04:33.736534+00:00,20260817-040433,https://trends24.in/indonesia/,Sun Aug 16 2026 20:48:17 GMT+0000 (Coordinated Universal Time),7,negara hadir saat bencana,negara hadir saat bencana,,,,,,
2026-08-17T04:04:33.736534+00:00,20260817-040433,https://trends24.in/indonesia/,Sun Aug 16 2026 20:48:17 GMT+0000 (Coordinated Universal Time),8,#rayakanbebasboncos,rayakanbebasboncos,,,,,,
2026-08-17T04:04:33.736534+00:00,20260817-040433,https://trends24.in/indonesia/,Sun Aug 16 2026 20:48:17 GMT+0000 (Coordinated Universal Time),9,Aceh,aceh,,,,,,
2026-08-17T04:04:33.736534+00:00,20260817-040433,https://trends24.in/indonesia/,Sun Aug 16 2026 20:48:17 GMT+0000 (Coordinated Universal Time),10,#theewave,theewave,,,,,,
2026-08-17T04:04:33.736534+00:00,20260817-040433,https://trends24.in/indonesia/,Sun Aug 16 2026 20:48:17 GMT+0000 (Coordinated Universal Time),11,Nusa Tenggara Timur,nusa tenggara timur,,,,,,
2026-08-17T04:04:33.736534+00:00,20260817-040433,https://trends24.in/indonesia/,Sun Aug 16 2026 20:48:17 GMT+0000 (Coordinated Universal Time),12,HUT RI,hut ri,,,,,,
2026-08-17T04:04:33.736534+00:00,20260817-040433,https://trends24.in/indonesia/,Sun Aug 16 2026 20:48:17 GMT+0000 (Coordinated Universal Time),13,uluran tangan saudara,uluran tangan saudara,,,,,,
2026-08-17T04:04:33.736534+00:00,20260817-040433,https://trends24.in/indonesia/,Sun Aug 16 2026 20:48:17 GMT+0000 (Coordinated Universal Time),14,JOONGDUNK URANUS IN KB,joongdunk uranus in kb,,,,,,
2026-08-17T04:04:33.736534+00:00,20260817-040433,https://trends24.in/indonesia/,Sun Aug 16 2026 20:48:17 GMT+0000 (Coordinated Universal Time),15,Pray for NTT,pray for ntt,,,,,,
2026-08-17T04:04:33.736534+00:00,20260817-040433,https://trends24.in/indonesia/,Sun Aug 16 2026 20:48:17 GMT+0000 (Coordinated Universal Time),16,Flores,flores,,,,,,
2026-08-17T04:04:33.736534+00:00,20260817-040433,https://trends24.in/indonesia/,Sun Aug 16 2026 20:48:17 GMT+0000 (Coordinated Universal Time),17,CASHBACK,cashback,,,,,,
2026-08-17T04:04:33.736534+00:00,20260817-040433,https://trends24.in/indonesia/,Sun Aug 16 2026 20:48:17 GMT+0000 (Coordinated Universal Time),18,wujudkan sdm terbaik,wujudkan sdm terbaik,,,,,,
2026-08-17T04:04:33.736534+00:00,20260817-040433,https://trends24.in/indonesia/,Sun Aug 16 2026 20:48:17 GMT+0000 (Coordinated Universal Time),19,17 Agustus,17 agustus,,,,,,
2026-08-17T04:04:33.736534+00:00,20260817-040433,https://trends24.in/indonesia/,Sun Aug 16 2026 20:48:17 GMT+0000 (Coordinated Universal Time),20,perthsanta love class,perthsanta love class,,,,,,
2026-08-17T04:04:33.736534+00:00,20260817-040433,https://trends24.in/indonesia/,Sun Aug 16 2026 20:48:17 GMT+0000 (Coordinated Universal Time),21,Rodri,rodri,,,,,,
2026-08-17T04:04:33.736534+00:00,20260817-040433,https://trends24.in/indonesia/,Sun Aug 16 2026 20:48:17 GMT+0000 (Coordinated Universal Time),22,DOMIIA MISCHIEVOUS DEVIL,domiia mischievous devil,,,,,,
2026-08-17T04:04:33.736534+00:00,20260817-040433,https://trends24.in/indonesia/,Sun Aug 16 2026 20:48:17 GMT+0000 (Coordinated Universal Time),23,Dirgahayu Republik Indonesia,dirgahayu republik indonesia,,,,,,
2026-08-17T04:04:33.736534+00:00,20260817-040433,https://trends24.in/indonesia/,Sun Aug 16 2026 20:48:17 GMT+0000 (Coordinated Universal Time),24,doa untuk ntt,doa untuk ntt,,,,,,
2026-08-17T04:04:33.736534+00:00,20260817-040433,https://trends24.in/indonesia/,Sun Aug 16 2026 20:48:17 GMT+0000 (Coordinated Universal Time),25,Arsenal,arsenal,,,,,,
2026-08-17T04:04:33.736534+00:00,20260817-040433,https://trends24.in/indonesia/,Sun Aug 16 2026 20:48:17 GMT+0000 (Coordinated Universal Time),26,Jacquet,jacquet,,,,,,
2026-08-17T04:04:33.736534+00:00,20260817-040433,https://trends24.in/indonesia/,Sun Aug 16 2026 20:48:17 GMT+0000 (Coordinated Universal Time),27,JAKE BLONDE,jake blonde,,,,,,
2026-08-17T04:04:33.736534+00:00,20260817-040433,https://trends24.in/indonesia/,Sun Aug 16 2026 20:48:17 GMT+0000 (Coordinated Universal Time),28,SERVING MATCH POINT 4TH EP,serving match point 4th ep,,,,,,
2026-08-17T04:04:33.736534+00:00,20260817-040433,https://trends24.in/indonesia/,Sun Aug 16 2026 20:48:17 GMT+0000 (Coordinated Universal Time),29,Trade $BANK,trade $bank,,,,,,
2026-08-17T04:04:33.736534+00:00,20260817-040433,https://trends24.in/indonesia/,Sun Aug 16 2026 20:48:17 GMT+0000 (Coordinated Universal Time),30,Community Shield,community shield,,,,,,
2026-08-17T04:04:33.736534+00:00,20260817-040433,https://trends24.in/indonesia/,Sun Aug 16 2026 20:48:17 GMT+0000 (Coordinated Universal Time),31,JJ MAGICAL TIME,jj magical time,,,,,,
2026-08-17T04:04:33.736534+00:00,20260817-040433,https://trends24.in/indonesia/,Sun Aug 16 2026 20:48:17 GMT+0000 (Coordinated Universal Time),32,dipha barus,dipha barus,,,,,,
2026-08-17T04:04:33.736534+00:00,20260817-040433,https://trends24.in/indonesia/,Sun Aug 16 2026 20:48:17 GMT+0000 (Coordinated Universal Time),33,Makmur,makmur,,,,,,
2026-08-17T04:04:33.736534+00:00,20260817-040433,https://trends24.in/indonesia/,Sun Aug 16 2026 20:48:17 GMT+0000 (Coordinated Universal Time),34,Lomba,lomba,,,,,,
2026-08-17T04:04:33.736534+00:00,20260817-040433,https://trends24.in/indonesia/,Sun Aug 16 2026 20:48:17 GMT+0000 (Coordinated Universal Time),35,Maresca,maresca,,,,,,
2026-08-17T04:04:33.736534+00:00,20260817-040433,https://trends24.in/indonesia/,Sun Aug 16 2026 20:48:17 GMT+0000 (Coordinated Universal Time),36,Cancelo,cancelo,,,,,,
2026-08-17T04:04:33.736534+00:00,20260817-040433,https://trends24.in/indonesia/,Sun Aug 16 2026 20:48:17 GMT+0000 (Coordinated Universal Time),37,TUI BLOOM SOLO X JJ,tui bloom solo x jj,,,,,,
2026-08-17T04:04:33.736534+00:00,20260817-040433,https://trends24.in/indonesia/,Sun Aug 16 2026 20:48:17 GMT+0000 (Coordinated Universal Time),38,Tzolis,tzolis,,,,,,
2026-08-17T04:04:33.736534+00:00,20260817-040433,https://trends24.in/indonesia/,Sun Aug 16 2026 20:48:17 GMT+0000 (Coordinated Universal Time),39,Deco,deco,,,,,,
2026-08-17T04:04:33.736534+00:00,20260817-040433,https://trends24.in/indonesia/,Sun Aug 16 2026 20:48:17 GMT+0000 (Coordinated Universal Time),40,PERMPOON TURNS THREE,permpoon turns three,,,,,,
2026-08-17T04:04:33.736534+00:00,20260817-040433,https://trends24.in/indonesia/,Sun Aug 16 2026 20:48:17 GMT+0000 (Coordinated Universal Time),41,bp taskin,bp taskin,,,,,,
2026-08-17T04:04:33.736534+00:00,20260817-040433,https://trends24.in/indonesia/,Sun Aug 16 2026 20:48:17 GMT+0000 (Coordinated Universal Time),42,TXT SETSUNA HANABI OUT NOW,txt setsuna hanabi out now,,,,,,
2026-08-17T04:04:33.736534+00:00,20260817-040433,https://trends24.in/indonesia/,Sun Aug 16 2026 20:48:17 GMT+0000 (Coordinated Universal Time),43,Amorim,amorim,,,,,,
2026-08-17T04:04:33.736534+00:00,20260817-040433,https://trends24.in/indonesia/,Sun Aug 16 2026 20:48:17 GMT+0000 (Coordinated Universal Time),44,ClosEST MOMENT WITH EST,closest moment with est,,,,,,
2026-08-17T04:04:33.736534+00:00,20260817-040433,https://trends24.in/indonesia/,Sun Aug 16 2026 20:48:17 GMT+0000 (Coordinated Universal Time),45,Upacara,upacara,,,,,,
2026-08-17T04:04:33.736534+00:00,20260817-040433,https://trends24.in/indonesia/,Sun Aug 16 2026 20:48:17 GMT+0000 (Coordinated Universal Time),46,3 YEARS WITH KIM DAEYOUNG,3 years with kim daeyoung,,,,,,
2026-08-17T04:04:33.736534+00:00,20260817-040433,https://trends24.in/indonesia/,Sun Aug 16 2026 20:48:17 GMT+0000 (Coordinated Universal Time),47,EMIBONNIE BEAUTY INFINITY,emibonnie beauty infinity,,,,,,
2026-08-17T04:04:33.736534+00:00,20260817-040433,https://trends24.in/indonesia/,Sun Aug 16 2026 20:48:17 GMT+0000 (Coordinated Universal Time),48,Arlington,arlington,,,,,,
2026-08-17T04:04:33.736534+00:00,20260817-040433,https://trends24.in/indonesia/,Sun Aug 16 2026 20:48:17 GMT+0000 (Coordinated Universal Time),49,Rexx,rexx,,,,,,
2026-08-17T04:04:33.736534+00:00,20260817-040433,https://trends24.in/indonesia/,Sun Aug 16 2026 20:48:17 GMT+0000 (Coordinated Universal Time),50,Ngupas,ngupas,,,,,,
2026-08-17T04:04:33.736534+00:00,20260817-040433,https://trends24.in/indonesia/,Sun Aug 16 2026 19:57:25 GMT+0000 (Coordinated Universal Time),1,#GOPAY1RUPIAH,gopay1rupiah,,,,,,
2026-08-17T04:04:33.736534+00:00,20260817-040433,https://trends24.in/indonesia/,Sun Aug 16 2026 19:57:25 GMT+0000 (Coordinated Universal Time),2,#DuangConcertDay2,duangconcertday2,,,,,,
2026-08-17T04:04:33.736534+00:00,20260817-040433,https://trends24.in/indonesia/,Sun Aug 16 2026 19:57:25 GMT+0000 (Coordinated Universal Time),3,#RENJUNonTMEA2026,renjunontmea2026,,,,,,
2026-08-17T04:04:33.736534+00:00,20260817-040433,https://trends24.in/indonesia/,Sun Aug 16 2026 19:57:25 GMT+0000 (Coordinated Universal Time),4,SOLOIST RENJUN ON TMEA,soloist renjun on tmea,,,,,,
2026-08-17T04:04:33.736534+00:00,20260817-040433,https://trends24.in/indonesia/,Sun Aug 16 2026 19:57:25 GMT+0000 (Coordinated Universal Time),5,DUANG GO ROUND DAY2,duang go round day2,,,,,,
2026-08-17T04:04:33.736534+00:00,20260817-040433,https://trends24.in/indonesia/,Sun Aug 16 2026 19:57:25 GMT+0000 (Coordinated Universal Time),6,PERTHSANTA BEAUTY CHIANGMAI,perthsanta beauty chiangmai,,,,,,
2026-08-17T04:04:33.736534+00:00,20260817-040433,https://trends24.in/indonesia/,Sun Aug 16 2026 19:57:25 GMT+0000 (Coordinated Universal Time),7,negara hadir saat bencana,negara hadir saat bencana,,,,,,
2026-08-17T04:04:33.736534+00:00,20260817-040433,https://trends24.in/indonesia/,Sun Aug 16 2026 19:57:25 GMT+0000 (Coordinated Universal Time),8,Aceh,aceh,,,,,,
2026-08-17T04:04:33.736534+00:00,20260817-040433,https://trends24.in/indonesia/,Sun Aug 16 2026 19:57:25 GMT+0000 (Coordinated Universal Time),9,#rayakanbebasboncos,rayakanbebasboncos,,,,,,
2026-08-17T04:04:33.736534+00:00,20260817-040433,https://trends24.in/indonesia/,Sun Aug 16 2026 19:57:25 GMT+0000 (Coordinated Universal Time),10,#theewave,theewave,,,,,,
2026-08-17T04:04:33.736534+00:00,20260817-040433,https://trends24.in/indonesia/,Sun Aug 16 2026 19:57:25 GMT+0000 (Coordinated Universal Time),11,Nusa Tenggara Timur,nusa tenggara timur,,,,,,
2026-08-17T04:04:33.736534+00:00,20260817-040433,https://trends24.in/indonesia/,Sun Aug 16 2026 19:57:25 GMT+0000 (Coordinated Universal Time),12,HUT RI,hut ri,,,,,,
2026-08-17T04:04:33.736534+00:00,20260817-040433,https://trends24.in/indonesia/,Sun Aug 16 2026 19:57:25 GMT+0000 (Coordinated Universal Time),13,Uluran Tangan Saudara,uluran tangan saudara,,,,,,
2026-08-17T04:04:33.736534+00:00,20260817-040433,https://trends24.in/indonesia/,Sun Aug 16 2026 19:57:25 GMT+0000 (Coordinated Universal Time),14,JOONGDUNK URANUS IN KB,joongdunk uranus in kb,,,,,,
2026-08-17T04:04:33.736534+00:00,20260817-040433,https://trends24.in/indonesia/,Sun Aug 16 2026 19:57:25 GMT+0000 (Coordinated Universal Time),15,Pray for NTT,pray for ntt,,,,,,
2026-08-17T04:04:33.736534+00:00,20260817-040433,https://trends24.in/indonesia/,Sun Aug 16 2026 19:57:25 GMT+0000 (Coordinated Universal Time),16,Flores,flores,,,,,,
2026-08-17T04:04:33.736534+00:00,20260817-040433,https://trends24.in/indonesia/,Sun Aug 16 2026 19:57:25 GMT+0000 (Coordinated Universal Time),17,Arsenal,arsenal,,,,,,
2026-08-17T04:04:33.736534+00:00,20260817-040433,https://trends24.in/indonesia/,Sun Aug 16 2026 19:57:25 GMT+0000 (Coordinated Universal Time),18,CASHBACK,cashback,,,,,,
2026-08-17T04:04:33.736534+00:00,20260817-040433,https://trends24.in/indonesia/,Sun Aug 16 2026 19:57:25 GMT+0000 (Coordinated Universal Time),19,wujudkan sdm terbaik,wujudkan sdm terbaik,,,,,,
2026-08-17T04:04:33.736534+00:00,20260817-040433,https://trends24.in/indonesia/,Sun Aug 16 2026 19:57:25 GMT+0000 (Coordinated Universal Time),20,17 Agustus,17 agustus,,,,,,
2026-08-17T04:04:33.736534+00:00,20260817-040433,https://trends24.in/indonesia/,Sun Aug 16 2026 19:57:25 GMT+0000 (Coordinated Universal Time),21,PERTHSANTA LOVE CLASS,perthsanta love class,,,,,,
2026-08-17T04:04:33.736534+00:00,20260817-040433,https://trends24.in/indonesia/,Sun Aug 16 2026 19:57:25 GMT+0000 (Coordinated Universal Time),22,Rodri,rodri,,,,,,
2026-08-17T04:04:33.736534+00:00,20260817-040433,https://trends24.in/indonesia/,Sun Aug 16 2026 19:57:25 GMT+0000 (Coordinated Universal Time),23,DOMIIA MISCHIEVOUS DEVIL,domiia mischievous devil,,,,,,
2026-08-17T04:04:33.736534+00:00,20260817-040433,https://trends24.in/indonesia/,Sun Aug 16 2026 19:57:25 GMT+0000 (Coordinated Universal Time),24,doa untuk ntt,doa untuk ntt,,,,,,
2026-08-17T04:04:33.736534+00:00,20260817-040433,https://trends24.in/indonesia/,Sun Aug 16 2026 19:57:25 GMT+0000 (Coordinated Universal Time),25,Dirgahayu Republik Indonesia,dirgahayu republik indonesia,,,,,,
2026-08-17T04:04:33.736534+00:00,20260817-040433,https://trends24.in/indonesia/,Sun Aug 16 2026 19:57:25 GMT+0000 (Coordinated Universal Time),26,Jacquet,jacquet,,,,,,
2026-08-17T04:04:33.736534+00:00,20260817-040433,https://trends24.in/indonesia/,Sun Aug 16 2026 19:57:25 GMT+0000 (Coordinated Universal Time),27,SERVING MATCH POINT 4TH EP,serving match point 4th ep,,,,,,
2026-08-17T04:04:33.736534+00:00,20260817-040433,https://trends24.in/indonesia/,Sun Aug 16 2026 19:57:25 GMT+0000 (Coordinated Universal Time),28,Community Shield,community shield,,,,,,
2026-08-17T04:04:33.736534+00:00,20260817-040433,https://trends24.in/indonesia/,Sun Aug 16 2026 19:57:25 GMT+0000 (Coordinated Universal Time),29,JAKE BLONDE,jake blonde,,,,,,
2026-08-17T04:04:33.736534+00:00,20260817-040433,https://trends24.in/indonesia/,Sun Aug 16 2026 19:57:25 GMT+0000 (Coordinated Universal Time),30,Trade $BANK,trade $bank,,,,,,
2026-08-17T04:04:33.736534+00:00,20260817-040433,https://trends24.in/indonesia/,Sun Aug 16 2026 19:57:25 GMT+0000 (Coordinated Universal Time),31,JJ MAGICAL TIME,jj magical time,,,,,,
2026-08-17T04:04:33.736534+00:00,20260817-040433,https://trends24.in/indonesia/,Sun Aug 16 2026 19:57:25 GMT+0000 (Coordinated Universal Time),32,Maresca,maresca,,,,,,
2026-08-17T04:04:33.736534+00:00,20260817-040433,https://trends24.in/indonesia/,Sun Aug 16 2026 19:57:25 GMT+0000 (Coordinated Universal Time),33,dipha barus,dipha barus,,,,,,
2026-08-17T04:04:33.736534+00:00,20260817-040433,https://trends24.in/indonesia/,Sun Aug 16 2026 19:57:25 GMT+0000 (Coordinated Universal Time),34,Lomba,lomba,,,,,,
2026-08-17T04:04:33.736534+00:00,20260817-040433,https://trends24.in/indonesia/,Sun Aug 16 2026 19:57:25 GMT+0000 (Coordinated Universal Time),35,Makmur,makmur,,,,,,
2026-08-17T04:04:33.736534+00:00,20260817-040433,https://trends24.in/indonesia/,Sun Aug 16 2026 19:57:25 GMT+0000 (Coordinated Universal Time),36,TUI BLOOM SOLO X JJ,tui bloom solo x jj,,,,,,
2026-08-17T04:04:33.736534+00:00,20260817-040433,https://trends24.in/indonesia/,Sun Aug 16 2026 19:57:25 GMT+0000 (Coordinated Universal Time),37,Tzolis,tzolis,,,,,,
2026-08-17T04:04:33.736534+00:00,20260817-040433,https://trends24.in/indonesia/,Sun Aug 16 2026 19:57:25 GMT+0000 (Coordinated Universal Time),38,permpoon turns three,permpoon turns three,,,,,,
2026-08-17T04:04:33.736534+00:00,20260817-040433,https://trends24.in/indonesia/,Sun Aug 16 2026 19:57:25 GMT+0000 (Coordinated Universal Time),39,bp taskin,bp taskin,,,,,,
2026-08-17T04:04:33.736534+00:00,20260817-040433,https://trends24.in/indonesia/,Sun Aug 16 2026 19:57:25 GMT+0000 (Coordinated Universal Time),40,TXT SETSUNA HANABI OUT NOW,txt setsuna hanabi out now,,,,,,
2026-08-17T04:04:33.736534+00:00,20260817-040433,https://trends24.in/indonesia/,Sun Aug 16 2026 19:57:25 GMT+0000 (Coordinated Universal Time),41,Amorim,amorim,,,,,,
2026-08-17T04:04:33.736534+00:00,20260817-040433,https://trends24.in/indonesia/,Sun Aug 16 2026 19:57:25 GMT+0000 (Coordinated Universal Time),42,ClosEST MOMENT WITH EST,closest moment with est,,,,,,
2026-08-17T04:04:33.736534+00:00,20260817-040433,https://trends24.in/indonesia/,Sun Aug 16 2026 19:57:25 GMT+0000 (Coordinated Universal Time),43,Cancelo,cancelo,,,,,,
2026-08-17T04:04:33.736534+00:00,20260817-040433,https://trends24.in/indonesia/,Sun Aug 16 2026 19:57:25 GMT+0000 (Coordinated Universal Time),44,EMIBONNIE BEAUTY INFINITY,emibonnie beauty infinity,,,,,,
2026-08-17T04:04:33.736534+00:00,20260817-040433,https://trends24.in/indonesia/,Sun Aug 16 2026 19:57:25 GMT+0000 (Coordinated Universal Time),45,Upacara,upacara,,,,,,
2026-08-17T04:04:33.736534+00:00,20260817-040433,https://trends24.in/indonesia/,Sun Aug 16 2026 19:57:25 GMT+0000 (Coordinated Universal Time),46,3 YEARS WITH KIM DAEYOUNG,3 years with kim daeyoung,,,,,,
2026-08-17T04:04:33.736534+00:00,20260817-040433,https://trends24.in/indonesia/,Sun Aug 16 2026 19:57:25 GMT+0000 (Coordinated Universal Time),47,Arlington,arlington,,,,,,
2026-08-17T04:04:33.736534+00:00,20260817-040433,https://trends24.in/indonesia/,Sun Aug 16 2026 19:57:25 GMT+0000 (Coordinated Universal Time),48,Hbd Indonesia,hbd indonesia,,,,,,
2026-08-17T04:04:33.736534+00:00,20260817-040433,https://trends24.in/indonesia/,Sun Aug 16 2026 19:57:25 GMT+0000 (Coordinated Universal Time),49,Rexx,rexx,,,,,,
2026-08-17T04:04:33.736534+00:00,20260817-040433,https://trends24.in/indonesia/,Sun Aug 16 2026 19:57:25 GMT+0000 (Coordinated Universal Time),50,Ngupas,ngupas,,,,,,
2026-08-17T04:04:33.736534+00:00,20260817-040433,https://trends24.in/indonesia/,Sun Aug 16 2026 19:06:32 GMT+0000 (Coordinated Universal Time),1,Arsenal,arsenal,,,,,,
2026-08-17T04:04:33.736534+00:00,20260817-040433,https://trends24.in/indonesia/,Sun Aug 16 2026 19:06:32 GMT+0000 (Coordinated Universal Time),2,#DuangConcertDay2,duangconcertday2,,,,,,
2026-08-17T04:04:33.736534+00:00,20260817-040433,https://trends24.in/indonesia/,Sun Aug 16 2026 19:06:32 GMT+0000 (Coordinated Universal Time),3,#theewave,theewave,,,,,,
2026-08-17T04:04:33.736534+00:00,20260817-040433,https://trends24.in/indonesia/,Sun Aug 16 2026 19:06:32 GMT+0000 (Coordinated Universal Time),4,Jacquet,jacquet,,,,,,
2026-08-17T04:04:33.736534+00:00,20260817-040433,https://trends24.in/indonesia/,Sun Aug 16 2026 19:06:32 GMT+0000 (Coordinated Universal Time),5,DUANG GO ROUND DAY2,duang go round day2,,,,,,
2026-08-17T04:04:33.736534+00:00,20260817-040433,https://trends24.in/indonesia/,Sun Aug 16 2026 19:06:32 GMT+0000 (Coordinated Universal Time),6,#3rdSummerWithDaeyoung,3rdsummerwithdaeyoung,,,,,,
2026-08-17T04:04:33.736534+00:00,20260817-040433,https://trends24.in/indonesia/,Sun Aug 16 2026 19:06:32 GMT+0000 (Coordinated Universal Time),7,Maresca,maresca,,,,,,
2026-08-17T04:04:33.736534+00:00,20260817-040433,https://trends24.in/indonesia/,Sun Aug 16 2026 19:06:32 GMT+0000 (Coordinated Universal Time),8,3 YEARS WITH KIM DAEYOUNG,3 years with kim daeyoung,,,,,,
2026-08-17T04:04:33.736534+00:00,20260817-040433,https://trends24.in/indonesia/,Sun Aug 16 2026 19:06:32 GMT+0000 (Coordinated Universal Time),9,#ã»ããããã,ã»ããããã,,,,,,
2026-08-17T04:04:33.736534+00:00,20260817-040433,https://trends24.in/indonesia/,Sun Aug 16 2026 19:06:32 GMT+0000 (Coordinated Universal Time),10,#MatchPointSeriesEP4,matchpointseriesep4,,,,,,
2026-08-17T04:04:33.736534+00:00,20260817-040433,https://trends24.in/indonesia/,Sun Aug 16 2026 19:06:32 GMT+0000 (Coordinated Universal Time),11,Tzolis,tzolis,,,,,,
2026-08-17T04:04:33.736534+00:00,20260817-040433,https://trends24.in/indonesia/,Sun Aug 16 2026 19:06:32 GMT+0000 (Coordinated Universal Time),12,Cancelo,cancelo,,,,,,
2026-08-17T04:04:33.736534+00:00,20260817-040433,https://trends24.in/indonesia/,Sun Aug 16 2026 19:06:32 GMT+0000 (Coordinated Universal Time),13,TXT SETSUNA HANABI OUT NOW,txt setsuna hanabi out now,,,,,,
2026-08-17T04:04:33.736534+00:00,20260817-040433,https://trends24.in/indonesia/,Sun Aug 16 2026 19:06:32 GMT+0000 (Coordinated Universal Time),14,Community Shield,community shield,,,,,,
2026-08-17T04:04:33.736534+00:00,20260817-040433,https://trends24.in/indonesia/,Sun Aug 16 2026 19:06:32 GMT+0000 (Coordinated Universal Time),15,Dirgahayu Republik Indonesia,dirgahayu republik indonesia,,,,,,
2026-08-17T04:04:33.736534+00:00,20260817-040433,https://trends24.in/indonesia/,Sun Aug 16 2026 19:06:32 GMT+0000 (Coordinated Universal Time),16,YOUR THIRD SERIES EP4,your third series ep4,,,,,,
2026-08-17T04:04:33.736534+00:00,20260817-040433,https://trends24.in/indonesia/,Sun Aug 16 2026 19:06:32 GMT+0000 (Coordinated Universal Time),17,Odegaard,odegaard,,,,,,
2026-08-17T04:04:33.736534+00:00,20260817-040433,https://trends24.in/indonesia/,Sun Aug 16 2026 19:06:32 GMT+0000 (Coordinated Universal Time),18,Diamond Hour,diamond hour,,,,,,
2026-08-17T04:04:33.736534+00:00,20260817-040433,https://trends24.in/indonesia/,Sun Aug 16 2026 19:06:32 GMT+0000 (Coordinated Universal Time),19,SERVING MATCH POINT 4TH EP,serving match point 4th ep,,,,,,
2026-08-17T04:04:33.736534+00:00,20260817-040433,https://trends24.in/indonesia/,Sun Aug 16 2026 19:06:32 GMT+0000 (Coordinated Universal Time),20,Man City,man city,,,,,,
2026-08-17T04:04:33.736534+00:00,20260817-040433,https://trends24.in/indonesia/,Sun Aug 16 2026 19:06:32 GMT+0000 (Coordinated Universal Time),21,Upacara,upacara,,,,,,
2026-08-17T04:04:33.736534+00:00,20260817-040433,https://trends24.in/indonesia/,Sun Aug 16 2026 19:06:32 GMT+0000 (Coordinated Universal Time),22,PERTHSANTA BEAUTY CHIANGMAI,perthsanta beauty chiangmai,,,,,,
2026-08-17T04:04:33.736534+00:00,20260817-040433,https://trends24.in/indonesia/,Sun Aug 16 2026 19:06:32 GMT+0000 (Coordinated Universal Time),23,17 Agustus,17 agustus,,,,,,
2026-08-17T04:04:33.736534+00:00,20260817-040433,https://trends24.in/indonesia/,Sun Aug 16 2026 19:06:32 GMT+0000 (Coordinated Universal Time),24,Saka,saka,,,,,,
2026-08-17T04:04:33.736534+00:00,20260817-040433,https://trends24.in/indonesia/,Sun Aug 16 2026 19:06:32 GMT+0000 (Coordinated Universal Time),25,Raya,raya,,,,,,
2026-08-17T04:04:33.736534+00:00,20260817-040433,https://trends24.in/indonesia/,Sun Aug 16 2026 19:06:32 GMT+0000 (Coordinated Universal Time),26,SOLOIST RENJUN ON TMEA,soloist renjun on tmea,,,,,,
2026-08-17T04:04:33.736534+00:00,20260817-040433,https://trends24.in/indonesia/,Sun Aug 16 2026 19:06:32 GMT+0000 (Coordinated Universal Time),27,Arteta,arteta,,,,,,
2026-08-17T04:04:33.736534+00:00,20260817-040433,https://trends24.in/indonesia/,Sun Aug 16 2026 19:06:32 GMT+0000 (Coordinated Universal Time),28,Rexx,rexx,,,,,,
2026-08-17T04:04:33.736534+00:00,20260817-040433,https://trends24.in/indonesia/,Sun Aug 16 2026 19:06:32 GMT+0000 (Coordinated Universal Time),29,Besok Senin,besok senin,,,,,,
2026-08-17T04:04:33.736534+00:00,20260817-040433,https://trends24.in/indonesia/,Sun Aug 16 2026 19:06:32 GMT+0000 (Coordinated Universal Time),30,Makmur,makmur,,,,,,
2026-08-17T04:04:33.736534+00:00,20260817-040433,https://trends24.in/indonesia/,Sun Aug 16 2026 19:06:32 GMT+0000 (Coordinated Universal Time),31,JOONGDUNK URANUS IN KB,joongdunk uranus in kb,,,,,,
2026-08-17T04:04:33.736534+00:00,20260817-040433,https://trends24.in/indonesia/,Sun Aug 16 2026 19:06:32 GMT+0000 (Coordinated Universal Time),32,Indonesia Berdaulat,indonesia berdaulat,,,,,,
2026-08-17T04:04:33.736534+00:00,20260817-040433,https://trends24.in/indonesia/,Sun Aug 16 2026 19:06:32 GMT+0000 (Coordinated Universal Time),33,yeonjun,yeonjun,,,,,,
2026-08-17T04:04:33.736534+00:00,20260817-040433,https://trends24.in/indonesia/,Sun Aug 16 2026 19:06:32 GMT+0000 (Coordinated Universal Time),34,EMIBONNIE BEAUTY INFINITY,emibonnie beauty infinity,,,,,,
2026-08-17T04:04:33.736534+00:00,20260817-040433,https://trends24.in/indonesia/,Sun Aug 16 2026 19:06:32 GMT+0000 (Coordinated Universal Time),35,CASHBACK,cashback,,,,,,
2026-08-17T04:04:33.736534+00:00,20260817-040433,https://trends24.in/indonesia/,Sun Aug 16 2026 19:06:32 GMT+0000 (Coordinated Universal Time),36,Libur,libur,,,,,,
2026-08-17T04:04:33.736534+00:00,20260817-040433,https://trends24.in/indonesia/,Sun Aug 16 2026 19:06:32 GMT+0000 (Coordinated Universal Time),37,81 Republik Indonesia,81 republik indonesia,,,,,,
2026-08-17T04:04:33.736534+00:00,20260817-040433,https://trends24.in/indonesia/,Sun Aug 16 2026 19:06:32 GMT+0000 (Coordinated Universal Time),38,#Setsuna_Hanabi,setsuna_hanabi,,,,,,
2026-08-17T04:04:33.736534+00:00,20260817-040433,https://trends24.in/indonesia/,Sun Aug 16 2026 19:06:32 GMT+0000 (Coordinated Universal Time),39,#TXTisBACK,txtisback,,,,,,
2026-08-17T04:04:33.736534+00:00,20260817-040433,https://trends24.in/indonesia/,Sun Aug 16 2026 19:06:32 GMT+0000 (Coordinated Universal Time),40,#COYG,coyg,,,,,,
2026-08-17T04:04:33.736534+00:00,20260817-040433,https://trends24.in/indonesia/,Sun Aug 16 2026 19:06:32 GMT+0000 (Coordinated Universal Time),41,#à¸à¸µà¹à¸ªà¸²à¸¡à¸à¸­à¸à¹à¸à¸­EP4,à¸à¸µà¹à¸ªà¸²à¸¡à¸à¸­à¸à¹à¸à¸­ep4,,,,,,
2026-08-17T04:04:33.736534+00:00,20260817-040433,https://trends24.in/indonesia/,Sun Aug 16 2026 19:06:32 GMT+0000 (Coordinated Universal Time),42,#ë¯¼ì¬ìì¼_ëª¨ëê°_ë£©ì³ì§¸,ë¯¼ì¬ìì¼_ëª¨ëê°_ë£©ì³ì§¸,,,,,,
2026-08-17T04:04:33.736534+00:00,20260817-040433,https://trends24.in/indonesia/,Sun Aug 16 2026 19:06:32 GMT+0000 (Coordinated Universal Time),43,#à¸à¸µà¸£à¹à¹à¸§à¸,à¸à¸µà¸£à¹à¹à¸§à¸,,,,,,
2026-08-17T04:04:33.736534+00:00,20260817-040433,https://trends24.in/indonesia/,Sun Aug 16 2026 19:06:32 GMT+0000 (Coordinated Universal Time),44,#RENJUNonTMEA2026,renjunontmea2026,,,,,,
2026-08-17T04:04:33.736534+00:00,20260817-040433,https://trends24.in/indonesia/,Sun Aug 16 2026 19:06:32 GMT+0000 (Coordinated Universal Time),45,#BloomingAralie,bloomingaralie,,,,,,
2026-08-17T04:04:33.736534+00:00,20260817-040433,https://trends24.in/indonesia/,Sun Aug 16 2026 19:06:32 GMT+0000 (Coordinated Universal Time),46,#BloomTuiChayatornMV,bloomtuichayatornmv,,,,,,
2026-08-17T04:04:33.736534+00:00,20260817-040433,https://trends24.in/indonesia/,Sun Aug 16 2026 19:06:32 GMT+0000 (Coordinated Universal Time),47,#TheApartmentJob,theapartmentjob,,,,,,
2026-08-17T04:04:33.736534+00:00,20260817-040433,https://trends24.in/indonesia/,Sun Aug 16 2026 19:06:32 GMT+0000 (Coordinated Universal Time),48,#Aralie18,aralie18,,,,,,
2026-08-17T04:04:33.736534+00:00,20260817-040433,https://trends24.in/indonesia/,Sun Aug 16 2026 19:06:32 GMT+0000 (Coordinated Universal Time),49,#TerikatJanjiEp133,terikatjanjiep133,,,,,,
2026-08-17T04:04:33.736534+00:00,20260817-040433,https://trends24.in/indonesia/,Sun Aug 16 2026 19:06:32 GMT+0000 (Coordinated Universal Time),50,#SpookyInLoveEp10,spookyinloveep10,,,,,,
2026-08-17T04:04:33.736534+00:00,20260817-040433,https://trends24.in/indonesia/,Sun Aug 16 2026 18:15:38 GMT+0000 (Coordinated Universal Time),1,Arsenal,arsenal,,,,,,
2026-08-17T04:04:33.736534+00:00,20260817-040433,https://trends24.in/indonesia/,Sun Aug 16 2026 18:15:38 GMT+0000 (Coordinated Universal Time),2,#DuangConcertDay2,duangconcertday2,,,,,,
2026-08-17T04:04:33.736534+00:00,20260817-040433,https://trends24.in/indonesia/,Sun Aug 16 2026 18:15:38 GMT+0000 (Coordinated Universal Time),3,#theewave,theewave,,,,,,
2026-08-17T04:04:33.736534+00:00,20260817-040433,https://trends24.in/indonesia/,Sun Aug 16 2026 18:15:38 GMT+0000 (Coordinated Universal Time),4,DUANG GO ROUND DAY2,duang go round day2,,,,,,
2026-08-17T04:04:33.736534+00:00,20260817-040433,https://trends24.in/indonesia/,Sun Aug 16 2026 18:15:38 GMT+0000 (Coordinated Universal Time),5,Maresca,maresca,,,,,,
2026-08-17T04:04:33.736534+00:00,20260817-040433,https://trends24.in/indonesia/,Sun Aug 16 2026 18:15:38 GMT+0000 (Coordinated Universal Time),6,#3rdSummerWithDaeyoung,3rdsummerwithdaeyoung,,,,,,
2026-08-17T04:04:33.736534+00:00,20260817-040433,https://trends24.in/indonesia/,Sun Aug 16 2026 18:15:38 GMT+0000 (Coordinated Universal Time),7,#ã»ããããã,ã»ããããã,,,,,,
2026-08-17T04:04:33.736534+00:00,20260817-040433,https://trends24.in/indonesia/,Sun Aug 16 2026 18:15:38 GMT+0000 (Coordinated Universal Time),8,#MatchPointSeriesEP4,matchpointseriesep4,,,,,,
2026-08-17T04:04:33.736534+00:00,20260817-040433,https://trends24.in/indonesia/,Sun Aug 16 2026 18:15:38 GMT+0000 (Coordinated Universal Time),9,3 YEARS WITH KIM DAEYOUNG,3 years with kim daeyoung,,,,,,
2026-08-17T04:04:33.736534+00:00,20260817-040433,https://trends24.in/indonesia/,Sun Aug 16 2026 18:15:38 GMT+0000 (Coordinated Universal Time),10,Tzolis,tzolis,,,,,,
2026-08-17T04:04:33.736534+00:00,20260817-040433,https://trends24.in/indonesia/,Sun Aug 16 2026 18:15:38 GMT+0000 (Coordinated Universal Time),11,TXT SETSUNA HANABI OUT NOW,txt setsuna hanabi out now,,,,,,
2026-08-17T04:04:33.736534+00:00,20260817-040433,https://trends24.in/indonesia/,Sun Aug 16 2026 18:15:38 GMT+0000 (Coordinated Universal Time),12,Community Shield,community shield,,,,,,
2026-08-17T04:04:33.736534+00:00,20260817-040433,https://trends24.in/indonesia/,Sun Aug 16 2026 18:15:38 GMT+0000 (Coordinated Universal Time),13,YOUR THIRD SERIES EP4,your third series ep4,,,,,,
2026-08-17T04:04:33.736534+00:00,20260817-040433,https://trends24.in/indonesia/,Sun Aug 16 2026 18:15:38 GMT+0000 (Coordinated Universal Time),14,Odegaard,odegaard,,,,,,
2026-08-17T04:04:33.736534+00:00,20260817-040433,https://trends24.in/indonesia/,Sun Aug 16 2026 18:15:38 GMT+0000 (Coordinated Universal Time),15,SERVING MATCH POINT 4TH EP,serving match point 4th ep,,,,,,
2026-08-17T04:04:33.736534+00:00,20260817-040433,https://trends24.in/indonesia/,Sun Aug 16 2026 18:15:38 GMT+0000 (Coordinated Universal Time),16,Talk to me,talk to me,,,,,,
2026-08-17T04:04:33.736534+00:00,20260817-040433,https://trends24.in/indonesia/,Sun Aug 16 2026 18:15:38 GMT+0000 (Coordinated Universal Time),17,Diamond Hour,diamond hour,,,,,,
2026-08-17T04:04:33.736534+00:00,20260817-040433,https://trends24.in/indonesia/,Sun Aug 16 2026 18:15:38 GMT+0000 (Coordinated Universal Time),18,PERTHSANTA BEAUTY CHIANGMAI,perthsanta beauty chiangmai,,,,,,
2026-08-17T04:04:33.736534+00:00,20260817-040433,https://trends24.in/indonesia/,Sun Aug 16 2026 18:15:38 GMT+0000 (Coordinated Universal Time),19,Upacara,upacara,,,,,,
2026-08-17T04:04:33.736534+00:00,20260817-040433,https://trends24.in/indonesia/,Sun Aug 16 2026 18:15:38 GMT+0000 (Coordinated Universal Time),20,Dirgahayu Republik Indonesia,dirgahayu republik indonesia,,,,,,
2026-08-17T04:04:33.736534+00:00,20260817-040433,https://trends24.in/indonesia/,Sun Aug 16 2026 18:15:38 GMT+0000 (Coordinated Universal Time),21,Man City,man city,,,,,,
2026-08-17T04:04:33.736534+00:00,20260817-040433,https://trends24.in/indonesia/,Sun Aug 16 2026 18:15:38 GMT+0000 (Coordinated Universal Time),22,21 WAVES FOR MINJAE,21 waves for minjae,,,,,,
2026-08-17T04:04:33.736534+00:00,20260817-040433,https://trends24.in/indonesia/,Sun Aug 16 2026 18:15:38 GMT+0000 (Coordinated Universal Time),23,David Raya,david raya,,,,,,
2026-08-17T04:04:33.736534+00:00,20260817-040433,https://trends24.in/indonesia/,Sun Aug 16 2026 18:15:38 GMT+0000 (Coordinated Universal Time),24,Saka,saka,,,,,,
2026-08-17T04:04:33.736534+00:00,20260817-040433,https://trends24.in/indonesia/,Sun Aug 16 2026 18:15:38 GMT+0000 (Coordinated Universal Time),25,Madueke,madueke,,,,,,
2026-08-17T04:04:33.736534+00:00,20260817-040433,https://trends24.in/indonesia/,Sun Aug 16 2026 18:15:38 GMT+0000 (Coordinated Universal Time),26,Sulis,sulis,,,,,,
2026-08-17T04:04:33.736534+00:00,20260817-040433,https://trends24.in/indonesia/,Sun Aug 16 2026 18:15:38 GMT+0000 (Coordinated Universal Time),27,17 Agustus,17 agustus,,,,,,
2026-08-17T04:04:33.736534+00:00,20260817-040433,https://trends24.in/indonesia/,Sun Aug 16 2026 18:15:38 GMT+0000 (Coordinated Universal Time),28,Calafiori,calafiori,,,,,,
2026-08-17T04:04:33.736534+00:00,20260817-040433,https://trends24.in/indonesia/,Sun Aug 16 2026 18:15:38 GMT+0000 (Coordinated Universal Time),29,TUI BLOOM SOLO X JJ,tui bloom solo x jj,,,,,,
2026-08-17T04:04:33.736534+00:00,20260817-040433,https://trends24.in/indonesia/,Sun Aug 16 2026 18:15:38 GMT+0000 (Coordinated Universal Time),30,Arteta,arteta,,,,,,
2026-08-17T04:04:33.736534+00:00,20260817-040433,https://trends24.in/indonesia/,Sun Aug 16 2026 18:15:38 GMT+0000 (Coordinated Universal Time),31,Makmur,makmur,,,,,,
2026-08-17T04:04:33.736534+00:00,20260817-040433,https://trends24.in/indonesia/,Sun Aug 16 2026 18:15:38 GMT+0000 (Coordinated Universal Time),32,Rexx,rexx,,,,,,
2026-08-17T04:04:33.736534+00:00,20260817-040433,https://trends24.in/indonesia/,Sun Aug 16 2026 18:15:38 GMT+0000 (Coordinated Universal Time),33,Besok Senin,besok senin,,,,,,
2026-08-17T04:04:33.736534+00:00,20260817-040433,https://trends24.in/indonesia/,Sun Aug 16 2026 18:15:38 GMT+0000 (Coordinated Universal Time),34,JOONGDUNK URANUS IN KB,joongdunk uranus in kb,,,,,,
2026-08-17T04:04:33.736534+00:00,20260817-040433,https://trends24.in/indonesia/,Sun Aug 16 2026 18:15:38 GMT+0000 (Coordinated Universal Time),35,Indonesia Berdaulat,indonesia berdaulat,,,,,,
2026-08-17T04:04:33.736534+00:00,20260817-040433,https://trends24.in/indonesia/,Sun Aug 16 2026 18:15:38 GMT+0000 (Coordinated Universal Time),36,yeonjun,yeonjun,,,,,,
2026-08-17T04:04:33.736534+00:00,20260817-040433,https://trends24.in/indonesia/,Sun Aug 16 2026 18:15:38 GMT+0000 (Coordinated Universal Time),37,EMIBONNIE BEAUTY INFINITY,emibonnie beauty infinity,,,,,,
2026-08-17T04:04:33.736534+00:00,20260817-040433,https://trends24.in/indonesia/,Sun Aug 16 2026 18:15:38 GMT+0000 (Coordinated Universal Time),38,jisung,jisung,,,,,,
2026-08-17T04:04:33.736534+00:00,20260817-040433,https://trends24.in/indonesia/,Sun Aug 16 2026 18:15:38 GMT+0000 (Coordinated Universal Time),39,CASHBACK,cashback,,,,,,
2026-08-17T04:04:33.736534+00:00,20260817-040433,https://trends24.in/indonesia/,Sun Aug 16 2026 18:15:38 GMT+0000 (Coordinated Universal Time),40,Libur,libur,,,,,,
2026-08-17T04:04:33.736534+00:00,20260817-040433,https://trends24.in/indonesia/,Sun Aug 16 2026 18:15:38 GMT+0000 (Coordinated Universal Time),41,81 Republik Indonesia,81 republik indonesia,,,,,,
2026-08-17T04:04:33.736534+00:00,20260817-040433,https://trends24.in/indonesia/,Sun Aug 16 2026 18:15:38 GMT+0000 (Coordinated Universal Time),42,Kantong,kantong,,,,,,
2026-08-17T04:04:33.736534+00:00,20260817-040433,https://trends24.in/indonesia/,Sun Aug 16 2026 18:15:38 GMT+0000 (Coordinated Universal Time),43,Jake,jake,,,,,,
2026-08-17T04:04:33.736534+00:00,20260817-040433,https://trends24.in/indonesia/,Sun Aug 16 2026 18:15:38 GMT+0000 (Coordinated Universal Time),44,#Setsuna_Hanabi,setsuna_hanabi,,,,,,
2026-08-17T04:04:33.736534+00:00,20260817-040433,https://trends24.in/indonesia/,Sun Aug 16 2026 18:15:38 GMT+0000 (Coordinated Universal Time),45,#TXTisBACK,txtisback,,,,,,
2026-08-17T04:04:33.736534+00:00,20260817-040433,https://trends24.in/indonesia/,Sun Aug 16 2026 18:15:38 GMT+0000 (Coordinated Universal Time),46,#COYG,coyg,,,,,,
2026-08-17T04:04:33.736534+00:00,20260817-040433,https://trends24.in/indonesia/,Sun Aug 16 2026 18:15:38 GMT+0000 (Coordinated Universal Time),47,#à¸à¸µà¹à¸ªà¸²à¸¡à¸à¸­à¸à¹à¸à¸­EP4,à¸à¸µà¹à¸ªà¸²à¸¡à¸à¸­à¸à¹à¸à¸­ep4,,,,,,
2026-08-17T04:04:33.736534+00:00,20260817-040433,https://trends24.in/indonesia/,Sun Aug 16 2026 18:15:38 GMT+0000 (Coordinated Universal Time),48,#ë¯¼ì¬ìì¼_ëª¨ëê°_ë£©ì³ì§¸,ë¯¼ì¬ìì¼_ëª¨ëê°_ë£©ì³ì§¸,,,,,,
2026-08-17T04:04:33.736534+00:00,20260817-040433,https://trends24.in/indonesia/,Sun Aug 16 2026 18:15:38 GMT+0000 (Coordinated Universal Time),49,#à¸à¸µà¸£à¹à¹à¸§à¸,à¸à¸µà¸£à¹à¹à¸§à¸,,,,,,
2026-08-17T04:04:33.736534+00:00,20260817-040433,https://trends24.in/indonesia/,Sun Aug 16 2026 18:15:38 GMT+0000 (Coordinated Universal Time),50,#BloomTuiChayatornMV,bloomtuichayatornmv,,,,,,
2026-08-17T04:04:33.736534+00:00,20260817-040433,https://trends24.in/indonesia/,Sun Aug 16 2026 17:21:36 GMT+0000 (Coordinated Universal Time),1,Arsenal,arsenal,,,,,,
2026-08-17T04:04:33.736534+00:00,20260817-040433,https://trends24.in/indonesia/,Sun Aug 16 2026 17:21:36 GMT+0000 (Coordinated Universal Time),2,#DuangConcertDay2,duangconcertday2,,,,,,
2026-08-17T04:04:33.736534+00:00,20260817-040433,https://trends24.in/indonesia/,Sun Aug 16 2026 17:21:36 GMT+0000 (Coordinated Universal Time),3,#theewave,theewave,,,,,,
2026-08-17T04:04:33.736534+00:00,20260817-040433,https://trends24.in/indonesia/,Sun Aug 16 2026 17:21:36 GMT+0000 (Coordinated Universal Time),4,DUANG GO ROUND DAY2,duang go round day2,,,,,,
2026-08-17T04:04:33.736534+00:00,20260817-040433,https://trends24.in/indonesia/,Sun Aug 16 2026 17:21:36 GMT+0000 (Coordinated Universal Time),5,Maresca,maresca,,,,,,
2026-08-17T04:04:33.736534+00:00,20260817-040433,https://trends24.in/indonesia/,Sun Aug 16 2026 17:21:36 GMT+0000 (Coordinated Universal Time),6,#ã»ããããã,ã»ããããã,,,,,,
2026-08-17T04:04:33.736534+00:00,20260817-040433,https://trends24.in/indonesia/,Sun Aug 16 2026 17:21:36 GMT+0000 (Coordinated Universal Time),7,#3rdSummerWithDaeyoung,3rdsummerwithdaeyoung,,,,,,
2026-08-17T04:04:33.736534+00:00,20260817-040433,https://trends24.in/indonesia/,Sun Aug 16 2026 17:21:36 GMT+0000 (Coordinated Universal Time),8,#Setsuna_Hanabi,setsuna_hanabi,,,,,,
2026-08-17T04:04:33.736534+00:00,20260817-040433,https://trends24.in/indonesia/,Sun Aug 16 2026 17:21:36 GMT+0000 (Coordinated Universal Time),9,3 YEARS WITH KIM DAEYOUNG,3 years with kim daeyoung,,,,,,
2026-08-17T04:04:33.736534+00:00,20260817-040433,https://trends24.in/indonesia/,Sun Aug 16 2026 17:21:36 GMT+0000 (Coordinated Universal Time),10,Community Shield,community shield,,,,,,
2026-08-17T04:04:33.736534+00:00,20260817-040433,https://trends24.in/indonesia/,Sun Aug 16 2026 17:21:36 GMT+0000 (Coordinated Universal Time),11,Tzolis,tzolis,,,,,,
2026-08-17T04:04:33.736534+00:00,20260817-040433,https://trends24.in/indonesia/,Sun Aug 16 2026 17:21:36 GMT+0000 (Coordinated Universal Time),12,TXT SETSUNA HANABI OUT NOW,txt setsuna hanabi out now,,,,,,
2026-08-17T04:04:33.736534+00:00,20260817-040433,https://trends24.in/indonesia/,Sun Aug 16 2026 17:21:36 GMT+0000 (Coordinated Universal Time),13,YOUR THIRD SERIES EP4,your third series ep4,,,,,,
2026-08-17T04:04:33.736534+00:00,20260817-040433,https://trends24.in/indonesia/,Sun Aug 16 2026 17:21:36 GMT+0000 (Coordinated Universal Time),14,PERTHSANTA BEAUTY CHIANGMAI,perthsanta beauty chiangmai,,,,,,
2026-08-17T04:04:33.736534+00:00,20260817-040433,https://trends24.in/indonesia/,Sun Aug 16 2026 17:21:36 GMT+0000 (Coordinated Universal Time),15,Talk to me,talk to me,,,,,,
2026-08-17T04:04:33.736534+00:00,20260817-040433,https://trends24.in/indonesia/,Sun Aug 16 2026 17:21:36 GMT+0000 (Coordinated Universal Time),16,SERVING MATCH POINT 4TH EP,serving match point 4th ep,,,,,,
2026-08-17T04:04:33.736534+00:00,20260817-040433,https://trends24.in/indonesia/,Sun Aug 16 2026 17:21:36 GMT+0000 (Coordinated Universal Time),17,Odegaard,odegaard,,,,,,
2026-08-17T04:04:33.736534+00:00,20260817-040433,https://trends24.in/indonesia/,Sun Aug 16 2026 17:21:36 GMT+0000 (Coordinated Universal Time),18,Diamond Hour,diamond hour,,,,,,
2026-08-17T04:04:33.736534+00:00,20260817-040433,https://trends24.in/indonesia/,Sun Aug 16 2026 17:21:36 GMT+0000 (Coordinated Universal Time),19,Raya,raya,,,,,,
2026-08-17T04:04:33.736534+00:00,20260817-040433,https://trends24.in/indonesia/,Sun Aug 16 2026 17:21:36 GMT+0000 (Coordinated Universal Time),20,Upacara,upacara,,,,,,
2026-08-17T04:04:33.736534+00:00,20260817-040433,https://trends24.in/indonesia/,Sun Aug 16 2026 17:21:36 GMT+0000 (Coordinated Universal Time),21,Man City,man city,,,,,,
2026-08-17T04:04:33.736534+00:00,20260817-040433,https://trends24.in/indonesia/,Sun Aug 16 2026 17:21:36 GMT+0000 (Coordinated Universal Time),22,21 WAVES FOR MINJAE,21 waves for minjae,,,,,,
2026-08-17T04:04:33.736534+00:00,20260817-040433,https://trends24.in/indonesia/,Sun Aug 16 2026 17:21:36 GMT+0000 (Coordinated Universal Time),23,Saka,saka,,,,,,
2026-08-17T04:04:33.736534+00:00,20260817-040433,https://trends24.in/indonesia/,Sun Aug 16 2026 17:21:36 GMT+0000 (Coordinated Universal Time),24,Dirgahayu Republik Indonesia,dirgahayu republik indonesia,,,,,,
2026-08-17T04:04:33.736534+00:00,20260817-040433,https://trends24.in/indonesia/,Sun Aug 16 2026 17:21:36 GMT+0000 (Coordinated Universal Time),25,Madueke,madueke,,,,,,
2026-08-17T04:04:33.736534+00:00,20260817-040433,https://trends24.in/indonesia/,Sun Aug 16 2026 17:21:36 GMT+0000 (Coordinated Universal Time),26,Sulis,sulis,,,,,,
2026-08-17T04:04:33.736534+00:00,20260817-040433,https://trends24.in/indonesia/,Sun Aug 16 2026 17:21:36 GMT+0000 (Coordinated Universal Time),27,Calafiori,calafiori,,,,,,
2026-08-17T04:04:33.736534+00:00,20260817-040433,https://trends24.in/indonesia/,Sun Aug 16 2026 17:21:36 GMT+0000 (Coordinated Universal Time),28,TUI BLOOM SOLO X JJ,tui bloom solo x jj,,,,,,
2026-08-17T04:04:33.736534+00:00,20260817-040433,https://trends24.in/indonesia/,Sun Aug 16 2026 17:21:36 GMT+0000 (Coordinated Universal Time),29,Arteta,arteta,,,,,,
2026-08-17T04:04:33.736534+00:00,20260817-040433,https://trends24.in/indonesia/,Sun Aug 16 2026 17:21:36 GMT+0000 (Coordinated Universal Time),30,XUNING FRAGRANCE JOURNEY,xuning fragrance journey,,,,,,
2026-08-17T04:04:33.736534+00:00,20260817-040433,https://trends24.in/indonesia/,Sun Aug 16 2026 17:21:36 GMT+0000 (Coordinated Universal Time),31,17 Agustus,17 agustus,,,,,,
2026-08-17T04:04:33.736534+00:00,20260817-040433,https://trends24.in/indonesia/,Sun Aug 16 2026 17:21:36 GMT+0000 (Coordinated Universal Time),32,Rexx,rexx,,,,,,
2026-08-17T04:04:33.736534+00:00,20260817-040433,https://trends24.in/indonesia/,Sun Aug 16 2026 17:21:36 GMT+0000 (Coordinated Universal Time),33,Makmur,makmur,,,,,,
2026-08-17T04:04:33.736534+00:00,20260817-040433,https://trends24.in/indonesia/,Sun Aug 16 2026 17:21:36 GMT+0000 (Coordinated Universal Time),34,JOONGDUNK URANUS IN KB,joongdunk uranus in kb,,,,,,
2026-08-17T04:04:33.736534+00:00,20260817-040433,https://trends24.in/indonesia/,Sun Aug 16 2026 17:21:36 GMT+0000 (Coordinated Universal Time),35,Havertz,havertz,,,,,,
2026-08-17T04:04:33.736534+00:00,20260817-040433,https://trends24.in/indonesia/,Sun Aug 16 2026 17:21:36 GMT+0000 (Coordinated Universal Time),36,Besok Senin,besok senin,,,,,,
2026-08-17T04:04:33.736534+00:00,20260817-040433,https://trends24.in/indonesia/,Sun Aug 16 2026 17:21:36 GMT+0000 (Coordinated Universal Time),37,Indonesia Berdaulat,indonesia berdaulat,,,,,,
2026-08-17T04:04:33.736534+00:00,20260817-040433,https://trends24.in/indonesia/,Sun Aug 16 2026 17:21:36 GMT+0000 (Coordinated Universal Time),38,EMIBONNIE BEAUTY INFINITY,emibonnie beauty infinity,,,,,,
2026-08-17T04:04:33.736534+00:00,20260817-040433,https://trends24.in/indonesia/,Sun Aug 16 2026 17:21:36 GMT+0000 (Coordinated Universal Time),39,yeonjun,yeonjun,,,,,,
2026-08-17T04:04:33.736534+00:00,20260817-040433,https://trends24.in/indonesia/,Sun Aug 16 2026 17:21:36 GMT+0000 (Coordinated Universal Time),40,jisung,jisung,,,,,,
2026-08-17T04:04:33.736534+00:00,20260817-040433,https://trends24.in/indonesia/,Sun Aug 16 2026 17:21:36 GMT+0000 (Coordinated Universal Time),41,CASHBACK,cashback,,,,,,
2026-08-17T04:04:33.736534+00:00,20260817-040433,https://trends24.in/indonesia/,Sun Aug 16 2026 17:21:36 GMT+0000 (Coordinated Universal Time),42,Sunoo,sunoo,,,,,,
2026-08-17T04:04:33.736534+00:00,20260817-040433,https://trends24.in/indonesia/,Sun Aug 16 2026 17:21:36 GMT+0000 (Coordinated Universal Time),43,Manchester City,manchester city,,,,,,
2026-08-17T04:04:33.736534+00:00,20260817-040433,https://trends24.in/indonesia/,Sun Aug 16 2026 17:21:36 GMT+0000 (Coordinated Universal Time),44,Libur,libur,,,,,,
2026-08-17T04:04:33.736534+00:00,20260817-040433,https://trends24.in/indonesia/,Sun Aug 16 2026 17:21:36 GMT+0000 (Coordinated Universal Time),45,Kantong,kantong,,,,,,
2026-08-17T04:04:33.736534+00:00,20260817-040433,https://trends24.in/indonesia/,Sun Aug 16 2026 17:21:36 GMT+0000 (Coordinated Universal Time),46,Qodari,qodari,,,,,,
2026-08-17T04:04:33.736534+00:00,20260817-040433,https://trends24.in/indonesia/,Sun Aug 16 2026 17:21:36 GMT+0000 (Coordinated Universal Time),47,Jake,jake,,,,,,
2026-08-17T04:04:33.736534+00:00,20260817-040433,https://trends24.in/indonesia/,Sun Aug 16 2026 17:21:36 GMT+0000 (Coordinated Universal Time),48,Top 3,top 3,,,,,,
2026-08-17T04:04:33.736534+00:00,20260817-040433,https://trends24.in/indonesia/,Sun Aug 16 2026 17:21:36 GMT+0000 (Coordinated Universal Time),49,#MatchPointSeriesEP4,matchpointseriesep4,,,,,,
2026-08-17T04:04:33.736534+00:00,20260817-040433,https://trends24.in/indonesia/,Sun Aug 16 2026 17:21:36 GMT+0000 (Coordinated Universal Time),50,#TXTisBACK,txtisback,,,,,,
2026-08-17T04:04:33.736534+00:00,20260817-040433,https://trends24.in/indonesia/,Sun Aug 16 2026 16:30:51 GMT+0000 (Coordinated Universal Time),1,#DuangConcertDay2,duangconcertday2,,,,,,
2026-08-17T04:04:33.736534+00:00,20260817-040433,https://trends24.in/indonesia/,Sun Aug 16 2026 16:30:51 GMT+0000 (Coordinated Universal Time),2,Arsenal,arsenal,,,,,,
2026-08-17T04:04:33.736534+00:00,20260817-040433,https://trends24.in/indonesia/,Sun Aug 16 2026 16:30:51 GMT+0000 (Coordinated Universal Time),3,DUANG GO ROUND DAY2,duang go round day2,,,,,,
2026-08-17T04:04:33.736534+00:00,20260817-040433,https://trends24.in/indonesia/,Sun Aug 16 2026 16:30:51 GMT+0000 (Coordinated Universal Time),4,#theewave,theewave,,,,,,
2026-08-17T04:04:33.736534+00:00,20260817-040433,https://trends24.in/indonesia/,Sun Aug 16 2026 16:30:51 GMT+0000 (Coordinated Universal Time),5,#ã»ããããã,ã»ããããã,,,,,,
2026-08-17T04:04:33.736534+00:00,20260817-040433,https://trends24.in/indonesia/,Sun Aug 16 2026 16:30:51 GMT+0000 (Coordinated Universal Time),6,Maresca,maresca,,,,,,
2026-08-17T04:04:33.736534+00:00,20260817-040433,https://trends24.in/indonesia/,Sun Aug 16 2026 16:30:51 GMT+0000 (Coordinated Universal Time),7,#Setsuna_Hanabi,setsuna_hanabi,,,,,,
2026-08-17T04:04:33.736534+00:00,20260817-040433,https://trends24.in/indonesia/,Sun Aug 16 2026 16:30:51 GMT+0000 (Coordinated Universal Time),8,#TXTisBACK,txtisback,,,,,,
2026-08-17T04:04:33.736534+00:00,20260817-040433,https://trends24.in/indonesia/,Sun Aug 16 2026 16:30:51 GMT+0000 (Coordinated Universal Time),9,TXT SETSUNA HANABI OUT NOW,txt setsuna hanabi out now,,,,,,
2026-08-17T04:04:33.736534+00:00,20260817-040433,https://trends24.in/indonesia/,Sun Aug 16 2026 16:30:51 GMT+0000 (Coordinated Universal Time),10,Tzolis,tzolis,,,,,,
2026-08-17T04:04:33.736534+00:00,20260817-040433,https://trends24.in/indonesia/,Sun Aug 16 2026 16:30:51 GMT+0000 (Coordinated Universal Time),11,3 YEARS WITH KIM DAEYOUNG,3 years with kim daeyoung,,,,,,
2026-08-17T04:04:33.736534+00:00,20260817-040433,https://trends24.in/indonesia/,Sun Aug 16 2026 16:30:51 GMT+0000 (Coordinated Universal Time),12,PERTHSANTA BEAUTY CHIANGMAI,perthsanta beauty chiangmai,,,,,,
2026-08-17T04:04:33.736534+00:00,20260817-040433,https://trends24.in/indonesia/,Sun Aug 16 2026 16:30:51 GMT+0000 (Coordinated Universal Time),13,Community Shield,community shield,,,,,,
2026-08-17T04:04:33.736534+00:00,20260817-040433,https://trends24.in/indonesia/,Sun Aug 16 2026 16:30:51 GMT+0000 (Coordinated Universal Time),14,YOUR THIRD SERIES EP4,your third series ep4,,,,,,
2026-08-17T04:04:33.736534+00:00,20260817-040433,https://trends24.in/indonesia/,Sun Aug 16 2026 16:30:51 GMT+0000 (Coordinated Universal Time),15,Odegaard,odegaard,,,,,,
2026-08-17T04:04:33.736534+00:00,20260817-040433,https://trends24.in/indonesia/,Sun Aug 16 2026 16:30:51 GMT+0000 (Coordinated Universal Time),16,Talk to me,talk to me,,,,,,
2026-08-17T04:04:33.736534+00:00,20260817-040433,https://trends24.in/indonesia/,Sun Aug 16 2026 16:30:51 GMT+0000 (Coordinated Universal Time),17,SERVING MATCH POINT 4TH EP,serving match point 4th ep,,,,,,
2026-08-17T04:04:33.736534+00:00,20260817-040433,https://trends24.in/indonesia/,Sun Aug 16 2026 16:30:51 GMT+0000 (Coordinated Universal Time),18,Raya,raya,,,,,,
2026-08-17T04:04:33.736534+00:00,20260817-040433,https://trends24.in/indonesia/,Sun Aug 16 2026 16:30:51 GMT+0000 (Coordinated Universal Time),19,21 WAVES FOR MINJAE,21 waves for minjae,,,,,,
2026-08-17T04:04:33.736534+00:00,20260817-040433,https://trends24.in/indonesia/,Sun Aug 16 2026 16:30:51 GMT+0000 (Coordinated Universal Time),20,Saka,saka,,,,,,
2026-08-17T04:04:33.736534+00:00,20260817-040433,https://trends24.in/indonesia/,Sun Aug 16 2026 16:30:51 GMT+0000 (Coordinated Universal Time),21,Madueke,madueke,,,,,,
2026-08-17T04:04:33.736534+00:00,20260817-040433,https://trends24.in/indonesia/,Sun Aug 16 2026 16:30:51 GMT+0000 (Coordinated Universal Time),22,Man City,man city,,,,,,
2026-08-17T04:04:33.736534+00:00,20260817-040433,https://trends24.in/indonesia/,Sun Aug 16 2026 16:30:51 GMT+0000 (Coordinated Universal Time),23,Calafiori,calafiori,,,,,,
2026-08-17T04:04:33.736534+00:00,20260817-040433,https://trends24.in/indonesia/,Sun Aug 16 2026 16:30:51 GMT+0000 (Coordinated Universal Time),24,Upacara,upacara,,,,,,
2026-08-17T04:04:33.736534+00:00,20260817-040433,https://trends24.in/indonesia/,Sun Aug 16 2026 16:30:51 GMT+0000 (Coordinated Universal Time),25,TUI BLOOM SOLO X JJ,tui bloom solo x jj,,,,,,
2026-08-17T04:04:33.736534+00:00,20260817-040433,https://trends24.in/indonesia/,Sun Aug 16 2026 16:30:51 GMT+0000 (Coordinated Universal Time),26,XUNING FRAGRANCE JOURNEY,xuning fragrance journey,,,,,,
2026-08-17T04:04:33.736534+00:00,20260817-040433,https://trends24.in/indonesia/,Sun Aug 16 2026 16:30:51 GMT+0000 (Coordinated Universal Time),27,Dirgahayu Republik Indonesia,dirgahayu republik indonesia,,,,,,
2026-08-17T04:04:33.736534+00:00,20260817-040433,https://trends24.in/indonesia/,Sun Aug 16 2026 16:30:51 GMT+0000 (Coordinated Universal Time),28,Rexx,rexx,,,,,,
2026-08-17T04:04:33.736534+00:00,20260817-040433,https://trends24.in/indonesia/,Sun Aug 16 2026 16:30:51 GMT+0000 (Coordinated Universal Time),29,Arteta,arteta,,,,,,
2026-08-17T04:04:33.736534+00:00,20260817-040433,https://trends24.in/indonesia/,Sun Aug 16 2026 16:30:51 GMT+0000 (Coordinated Universal Time),30,Makmur,makmur,,,,,,
2026-08-17T04:04:33.736534+00:00,20260817-040433,https://trends24.in/indonesia/,Sun Aug 16 2026 16:30:51 GMT+0000 (Coordinated Universal Time),31,Havertz,havertz,,,,,,
2026-08-17T04:04:33.736534+00:00,20260817-040433,https://trends24.in/indonesia/,Sun Aug 16 2026 16:30:51 GMT+0000 (Coordinated Universal Time),32,Nasywaa,nasywaa,,,,,,
2026-08-17T04:04:33.736534+00:00,20260817-040433,https://trends24.in/indonesia/,Sun Aug 16 2026 16:30:51 GMT+0000 (Coordinated Universal Time),33,Besok Senin,besok senin,,,,,,
2026-08-17T04:04:33.736534+00:00,20260817-040433,https://trends24.in/indonesia/,Sun Aug 16 2026 16:30:51 GMT+0000 (Coordinated Universal Time),34,JOONGDUNK URANUS IN KB,joongdunk uranus in kb,,,,,,
2026-08-17T04:04:33.736534+00:00,20260817-040433,https://trends24.in/indonesia/,Sun Aug 16 2026 16:30:51 GMT+0000 (Coordinated Universal Time),35,Indonesia Berdaulat,indonesia berdaulat,,,,,,
2026-08-17T04:04:33.736534+00:00,20260817-040433,https://trends24.in/indonesia/,Sun Aug 16 2026 16:30:51 GMT+0000 (Coordinated Universal Time),36,17 Agustus,17 agustus,,,,,,
2026-08-17T04:04:33.736534+00:00,20260817-040433,https://trends24.in/indonesia/,Sun Aug 16 2026 16:30:51 GMT+0000 (Coordinated Universal Time),37,SENADA MODE PENYAMARAN,senada mode penyamaran,,,,,,
2026-08-17T04:04:33.736534+00:00,20260817-040433,https://trends24.in/indonesia/,Sun Aug 16 2026 16:30:51 GMT+0000 (Coordinated Universal Time),38,EMIBONNIE BEAUTY INFINITY,emibonnie beauty infinity,,,,,,
2026-08-17T04:04:33.736534+00:00,20260817-040433,https://trends24.in/indonesia/,Sun Aug 16 2026 16:30:51 GMT+0000 (Coordinated Universal Time),39,jisung,jisung,,,,,,
2026-08-17T04:04:33.736534+00:00,20260817-040433,https://trends24.in/indonesia/,Sun Aug 16 2026 16:30:51 GMT+0000 (Coordinated Universal Time),40,yeonjun,yeonjun,,,,,,
2026-08-17T04:04:33.736534+00:00,20260817-040433,https://trends24.in/indonesia/,Sun Aug 16 2026 16:30:51 GMT+0000 (Coordinated Universal Time),41,Sunoo,sunoo,,,,,,
2026-08-17T04:04:33.736534+00:00,20260817-040433,https://trends24.in/indonesia/,Sun Aug 16 2026 16:30:51 GMT+0000 (Coordinated Universal Time),42,Manchester City,manchester city,,,,,,
2026-08-17T04:04:33.736534+00:00,20260817-040433,https://trends24.in/indonesia/,Sun Aug 16 2026 16:30:51 GMT+0000 (Coordinated Universal Time),43,CASHBACK,cashback,,,,,,
2026-08-17T04:04:33.736534+00:00,20260817-040433,https://trends24.in/indonesia/,Sun Aug 16 2026 16:30:51 GMT+0000 (Coordinated Universal Time),44,Libur,libur,,,,,,
2026-08-17T04:04:33.736534+00:00,20260817-040433,https://trends24.in/indonesia/,Sun Aug 16 2026 16:30:51 GMT+0000 (Coordinated Universal Time),45,Kantong,kantong,,,,,,
2026-08-17T04:04:33.736534+00:00,20260817-040433,https://trends24.in/indonesia/,Sun Aug 16 2026 16:30:51 GMT+0000 (Coordinated Universal Time),46,Qodari,qodari,,,,,,
2026-08-17T04:04:33.736534+00:00,20260817-040433,https://trends24.in/indonesia/,Sun Aug 16 2026 16:30:51 GMT+0000 (Coordinated Universal Time),47,Jake,jake,,,,,,
2026-08-17T04:04:33.736534+00:00,20260817-040433,https://trends24.in/indonesia/,Sun Aug 16 2026 16:30:51 GMT+0000 (Coordinated Universal Time),48,Top 3,top 3,,,,,,
2026-08-17T04:04:33.736534+00:00,20260817-040433,https://trends24.in/indonesia/,Sun Aug 16 2026 16:30:51 GMT+0000 (Coordinated Universal Time),49,DOMIIA MISCHIEVOUS DEVIL,domiia mischievous devil,,,,,,
2026-08-17T04:04:33.736534+00:00,20260817-040433,https://trends24.in/indonesia/,Sun Aug 16 2026 16:30:51 GMT+0000 (Coordinated Universal Time),50,ClosEST MOMENT WITH EST,closest moment with est,,,,,,
2026-08-17T04:04:33.736534+00:00,20260817-040433,https://trends24.in/indonesia/,Sun Aug 16 2026 15:36:31 GMT+0000 (Coordinated Universal Time),1,#DuangConcertDay2,duangconcertday2,,,,,,
2026-08-17T04:04:33.736534+00:00,20260817-040433,https://trends24.in/indonesia/,Sun Aug 16 2026 15:36:31 GMT+0000 (Coordinated Universal Time),2,DUANG GO ROUND DAY2,duang go round day2,,,,,,
2026-08-17T04:04:33.736534+00:00,20260817-040433,https://trends24.in/indonesia/,Sun Aug 16 2026 15:36:31 GMT+0000 (Coordinated Universal Time),3,#theewave,theewave,,,,,,
2026-08-17T04:04:33.736534+00:00,20260817-040433,https://trends24.in/indonesia/,Sun Aug 16 2026 15:36:31 GMT+0000 (Coordinated Universal Time),4,PERTHSANTA BEAUTY CHIANGMAI,perthsanta beauty chiangmai,,,,,,
2026-08-17T04:04:33.736534+00:00,20260817-040433,https://trends24.in/indonesia/,Sun Aug 16 2026 15:36:31 GMT+0000 (Coordinated Universal Time),5,#TXTisBACK,txtisback,,,,,,
2026-08-17T04:04:33.736534+00:00,20260817-040433,https://trends24.in/indonesia/,Sun Aug 16 2026 15:36:31 GMT+0000 (Coordinated Universal Time),6,Arsenal,arsenal,,,,,,
2026-08-17T04:04:33.736534+00:00,20260817-040433,https://trends24.in/indonesia/,Sun Aug 16 2026 15:36:31 GMT+0000 (Coordinated Universal Time),7,TXT SETSUNA HANABI OUT NOW,txt setsuna hanabi out now,,,,,,
2026-08-17T04:04:33.736534+00:00,20260817-040433,https://trends24.in/indonesia/,Sun Aug 16 2026 15:36:31 GMT+0000 (Coordinated Universal Time),8,#ã»ããããã,ã»ããããã,,,,,,
2026-08-17T04:04:33.736534+00:00,20260817-040433,https://trends24.in/indonesia/,Sun Aug 16 2026 15:36:31 GMT+0000 (Coordinated Universal Time),9,Tzolis,tzolis,,,,,,
2026-08-17T04:04:33.736534+00:00,20260817-040433,https://trends24.in/indonesia/,Sun Aug 16 2026 15:36:31 GMT+0000 (Coordinated Universal Time),10,#Setsuna_Hanabi,setsuna_hanabi,,,,,,
2026-08-17T04:04:33.736534+00:00,20260817-040433,https://trends24.in/indonesia/,Sun Aug 16 2026 15:36:31 GMT+0000 (Coordinated Universal Time),11,Maresca,maresca,,,,,,
2026-08-17T04:04:33.736534+00:00,20260817-040433,https://trends24.in/indonesia/,Sun Aug 16 2026 15:36:31 GMT+0000 (Coordinated Universal Time),12,Odegaard,odegaard,,,,,,
2026-08-17T04:04:33.736534+00:00,20260817-040433,https://trends24.in/indonesia/,Sun Aug 16 2026 15:36:31 GMT+0000 (Coordinated Universal Time),13,Madueke,madueke,,,,,,
2026-08-17T04:04:33.736534+00:00,20260817-040433,https://trends24.in/indonesia/,Sun Aug 16 2026 15:36:31 GMT+0000 (Coordinated Universal Time),14,SERVING MATCH POINT 4TH EP,serving match point 4th ep,,,,,,
2026-08-17T04:04:33.736534+00:00,20260817-040433,https://trends24.in/indonesia/,Sun Aug 16 2026 15:36:31 GMT+0000 (Coordinated Universal Time),15,Calafiori,calafiori,,,,,,
2026-08-17T04:04:33.736534+00:00,20260817-040433,https://trends24.in/indonesia/,Sun Aug 16 2026 15:36:31 GMT+0000 (Coordinated Universal Time),16,XUNING FRAGRANCE JOURNEY,xuning fragrance journey,,,,,,
2026-08-17T04:04:33.736534+00:00,20260817-040433,https://trends24.in/indonesia/,Sun Aug 16 2026 15:36:31 GMT+0000 (Coordinated Universal Time),17,Saka,saka,,,,,,
2026-08-17T04:04:33.736534+00:00,20260817-040433,https://trends24.in/indonesia/,Sun Aug 16 2026 15:36:31 GMT+0000 (Coordinated Universal Time),18,Rexx,rexx,,,,,,
2026-08-17T04:04:33.736534+00:00,20260817-040433,https://trends24.in/indonesia/,Sun Aug 16 2026 15:36:31 GMT+0000 (Coordinated Universal Time),19,TUI BLOOM SOLO X JJ,tui bloom solo x jj,,,,,,
2026-08-17T04:04:33.736534+00:00,20260817-040433,https://trends24.in/indonesia/,Sun Aug 16 2026 15:36:31 GMT+0000 (Coordinated Universal Time),20,Community Shield,community shield,,,,,,
2026-08-17T04:04:33.736534+00:00,20260817-040433,https://trends24.in/indonesia/,Sun Aug 16 2026 15:36:31 GMT+0000 (Coordinated Universal Time),21,Dirgahayu Republik Indonesia,dirgahayu republik indonesia,,,,,,
2026-08-17T04:04:33.736534+00:00,20260817-040433,https://trends24.in/indonesia/,Sun Aug 16 2026 15:36:31 GMT+0000 (Coordinated Universal Time),22,Makmur,makmur,,,,,,
2026-08-17T04:04:33.736534+00:00,20260817-040433,https://trends24.in/indonesia/,Sun Aug 16 2026 15:36:31 GMT+0000 (Coordinated Universal Time),23,Man City,man city,,,,,,
2026-08-17T04:04:33.736534+00:00,20260817-040433,https://trends24.in/indonesia/,Sun Aug 16 2026 15:36:31 GMT+0000 (Coordinated Universal Time),24,Upacara,upacara,,,,,,
2026-08-17T04:04:33.736534+00:00,20260817-040433,https://trends24.in/indonesia/,Sun Aug 16 2026 15:36:31 GMT+0000 (Coordinated Universal Time),25,JOONGDUNK URANUS IN KB,joongdunk uranus in kb,,,,,,
2026-08-17T04:04:33.736534+00:00,20260817-040433,https://trends24.in/indonesia/,Sun Aug 16 2026 15:36:31 GMT+0000 (Coordinated Universal Time),26,Havertz,havertz,,,,,,
2026-08-17T04:04:33.736534+00:00,20260817-040433,https://trends24.in/indonesia/,Sun Aug 16 2026 15:36:31 GMT+0000 (Coordinated Universal Time),27,Nasywaa,nasywaa,,,,,,
2026-08-17T04:04:33.736534+00:00,20260817-040433,https://trends24.in/indonesia/,Sun Aug 16 2026 15:36:31 GMT+0000 (Coordinated Universal Time),28,Indonesia Berdaulat,indonesia berdaulat,,,,,,
2026-08-17T04:04:33.736534+00:00,20260817-040433,https://trends24.in/indonesia/,Sun Aug 16 2026 15:36:31 GMT+0000 (Coordinated Universal Time),29,EMIBONNIE BEAUTY INFINITY,emibonnie beauty infinity,,,,,,
2026-08-17T04:04:33.736534+00:00,20260817-040433,https://trends24.in/indonesia/,Sun Aug 16 2026 15:36:31 GMT+0000 (Coordinated Universal Time),30,17 Agustus,17 agustus,,,,,,
2026-08-17T04:04:33.736534+00:00,20260817-040433,https://trends24.in/indonesia/,Sun Aug 16 2026 15:36:31 GMT+0000 (Coordinated Universal Time),31,SENADA MODE PENYAMARAN,senada mode penyamaran,,,,,,
2026-08-17T04:04:33.736534+00:00,20260817-040433,https://trends24.in/indonesia/,Sun Aug 16 2026 15:36:31 GMT+0000 (Coordinated Universal Time),32,Raya,raya,,,,,,
2026-08-17T04:04:33.736534+00:00,20260817-040433,https://trends24.in/indonesia/,Sun Aug 16 2026 15:36:31 GMT+0000 (Coordinated Universal Time),33,jisung,jisung,,,,,,
2026-08-17T04:04:33.736534+00:00,20260817-040433,https://trends24.in/indonesia/,Sun Aug 16 2026 15:36:31 GMT+0000 (Coordinated Universal Time),34,GOOD BOY SERIES Q7,good boy series q7,,,,,,
2026-08-17T04:04:33.736534+00:00,20260817-040433,https://trends24.in/indonesia/,Sun Aug 16 2026 15:36:31 GMT+0000 (Coordinated Universal Time),35,Manchester City,manchester city,,,,,,
2026-08-17T04:04:33.736534+00:00,20260817-040433,https://trends24.in/indonesia/,Sun Aug 16 2026 15:36:31 GMT+0000 (Coordinated Universal Time),36,CASHBACK,cashback,,,,,,
2026-08-17T04:04:33.736534+00:00,20260817-040433,https://trends24.in/indonesia/,Sun Aug 16 2026 15:36:31 GMT+0000 (Coordinated Universal Time),37,Darren,darren,,,,,,
2026-08-17T04:04:33.736534+00:00,20260817-040433,https://trends24.in/indonesia/,Sun Aug 16 2026 15:36:31 GMT+0000 (Coordinated Universal Time),38,HIDUP BLONDE,hidup blonde,,,,,,
2026-08-17T04:04:33.736534+00:00,20260817-040433,https://trends24.in/indonesia/,Sun Aug 16 2026 15:36:31 GMT+0000 (Coordinated Universal Time),39,Kantong,kantong,,,,,,
2026-08-17T04:04:33.736534+00:00,20260817-040433,https://trends24.in/indonesia/,Sun Aug 16 2026 15:36:31 GMT+0000 (Coordinated Universal Time),40,Qodari,qodari,,,,,,
2026-08-17T04:04:33.736534+00:00,20260817-040433,https://trends24.in/indonesia/,Sun Aug 16 2026 15:36:31 GMT+0000 (Coordinated Universal Time),41,Jake,jake,,,,,,
2026-08-17T04:04:33.736534+00:00,20260817-040433,https://trends24.in/indonesia/,Sun Aug 16 2026 15:36:31 GMT+0000 (Coordinated Universal Time),42,Lomba,lomba,,,,,,
2026-08-17T04:04:33.736534+00:00,20260817-040433,https://trends24.in/indonesia/,Sun Aug 16 2026 15:36:31 GMT+0000 (Coordinated Universal Time),43,SMYLE CUTIE POP STAR,smyle cutie pop star,,,,,,
2026-08-17T04:04:33.736534+00:00,20260817-040433,https://trends24.in/indonesia/,Sun Aug 16 2026 15:36:31 GMT+0000 (Coordinated Universal Time),44,Libur,libur,,,,,,
2026-08-17T04:04:33.736534+00:00,20260817-040433,https://trends24.in/indonesia/,Sun Aug 16 2026 15:36:31 GMT+0000 (Coordinated Universal Time),45,Top 3,top 3,,,,,,
2026-08-17T04:04:33.736534+00:00,20260817-040433,https://trends24.in/indonesia/,Sun Aug 16 2026 15:36:31 GMT+0000 (Coordinated Universal Time),46,yeonjun,yeonjun,,,,,,
2026-08-17T04:04:33.736534+00:00,20260817-040433,https://trends24.in/indonesia/,Sun Aug 16 2026 15:36:31 GMT+0000 (Coordinated Universal Time),47,DOMIIA MISCHIEVOUS DEVIL,domiia mischievous devil,,,,,,
2026-08-17T04:04:33.736534+00:00,20260817-040433,https://trends24.in/indonesia/,Sun Aug 16 2026 15:36:31 GMT+0000 (Coordinated Universal Time),48,JJ MAGICAL TIME,jj magical time,,,,,,
2026-08-17T04:04:33.736534+00:00,20260817-040433,https://trends24.in/indonesia/,Sun Aug 16 2026 15:36:31 GMT+0000 (Coordinated Universal Time),49,ClosEST MOMENT WITH EST,closest moment with est,,,,,,
2026-08-17T04:04:33.736534+00:00,20260817-040433,https://trends24.in/indonesia/,Sun Aug 16 2026 15:36:31 GMT+0000 (Coordinated Universal Time),50,81 Republik Indonesia,81 republik indonesia,,,,,,
2026-08-17T04:04:33.736534+00:00,20260817-040433,https://trends24.in/indonesia/,Sun Aug 16 2026 15:36:22 GMT+0000 (Coordinated Universal Time),1,#DuangConcertDay2,duangconcertday2,,,,,,
2026-08-17T04:04:33.736534+00:00,20260817-040433,https://trends24.in/indonesia/,Sun Aug 16 2026 15:36:22 GMT+0000 (Coordinated Universal Time),2,DUANG GO ROUND DAY2,duang go round day2,,,,,,
2026-08-17T04:04:33.736534+00:00,20260817-040433,https://trends24.in/indonesia/,Sun Aug 16 2026 15:36:22 GMT+0000 (Coordinated Universal Time),3,#theewave,theewave,,,,,,
2026-08-17T04:04:33.736534+00:00,20260817-040433,https://trends24.in/indonesia/,Sun Aug 16 2026 15:36:22 GMT+0000 (Coordinated Universal Time),4,PERTHSANTA BEAUTY CHIANGMAI,perthsanta beauty chiangmai,,,,,,
2026-08-17T04:04:33.736534+00:00,20260817-040433,https://trends24.in/indonesia/,Sun Aug 16 2026 15:36:22 GMT+0000 (Coordinated Universal Time),5,#TXTisBACK,txtisback,,,,,,
2026-08-17T04:04:33.736534+00:00,20260817-040433,https://trends24.in/indonesia/,Sun Aug 16 2026 15:36:22 GMT+0000 (Coordinated Universal Time),6,Arsenal,arsenal,,,,,,
2026-08-17T04:04:33.736534+00:00,20260817-040433,https://trends24.in/indonesia/,Sun Aug 16 2026 15:36:22 GMT+0000 (Coordinated Universal Time),7,TXT SETSUNA HANABI OUT NOW,txt setsuna hanabi out now,,,,,,
2026-08-17T04:04:33.736534+00:00,20260817-040433,https://trends24.in/indonesia/,Sun Aug 16 2026 15:36:22 GMT+0000 (Coordinated Universal Time),8,#ã»ããããã,ã»ããããã,,,,,,
2026-08-17T04:04:33.736534+00:00,20260817-040433,https://trends24.in/indonesia/,Sun Aug 16 2026 15:36:22 GMT+0000 (Coordinated Universal Time),9,Tzolis,tzolis,,,,,,
2026-08-17T04:04:33.736534+00:00,20260817-040433,https://trends24.in/indonesia/,Sun Aug 16 2026 15:36:22 GMT+0000 (Coordinated Universal Time),10,#Setsuna_Hanabi,setsuna_hanabi,,,,,,
2026-08-17T04:04:33.736534+00:00,20260817-040433,https://trends24.in/indonesia/,Sun Aug 16 2026 15:36:22 GMT+0000 (Coordinated Universal Time),11,Maresca,maresca,,,,,,
2026-08-17T04:04:33.736534+00:00,20260817-040433,https://trends24.in/indonesia/,Sun Aug 16 2026 15:36:22 GMT+0000 (Coordinated Universal Time),12,Odegaard,odegaard,,,,,,
2026-08-17T04:04:33.736534+00:00,20260817-040433,https://trends24.in/indonesia/,Sun Aug 16 2026 15:36:22 GMT+0000 (Coordinated Universal Time),13,Madueke,madueke,,,,,,
2026-08-17T04:04:33.736534+00:00,20260817-040433,https://trends24.in/indonesia/,Sun Aug 16 2026 15:36:22 GMT+0000 (Coordinated Universal Time),14,SERVING MATCH POINT 4TH EP,serving match point 4th ep,,,,,,
2026-08-17T04:04:33.736534+00:00,20260817-040433,https://trends24.in/indonesia/,Sun Aug 16 2026 15:36:22 GMT+0000 (Coordinated Universal Time),15,Calafiori,calafiori,,,,,,
2026-08-17T04:04:33.736534+00:00,20260817-040433,https://trends24.in/indonesia/,Sun Aug 16 2026 15:36:22 GMT+0000 (Coordinated Universal Time),16,XUNING FRAGRANCE JOURNEY,xuning fragrance journey,,,,,,
2026-08-17T04:04:33.736534+00:00,20260817-040433,https://trends24.in/indonesia/,Sun Aug 16 2026 15:36:22 GMT+0000 (Coordinated Universal Time),17,Saka,saka,,,,,,
2026-08-17T04:04:33.736534+00:00,20260817-040433,https://trends24.in/indonesia/,Sun Aug 16 2026 15:36:22 GMT+0000 (Coordinated Universal Time),18,Rexx,rexx,,,,,,
2026-08-17T04:04:33.736534+00:00,20260817-040433,https://trends24.in/indonesia/,Sun Aug 16 2026 15:36:22 GMT+0000 (Coordinated Universal Time),19,TUI BLOOM SOLO X JJ,tui bloom solo x jj,,,,,,
2026-08-17T04:04:33.736534+00:00,20260817-040433,https://trends24.in/indonesia/,Sun Aug 16 2026 15:36:22 GMT+0000 (Coordinated Universal Time),20,Community Shield,community shield,,,,,,
2026-08-17T04:04:33.736534+00:00,20260817-040433,https://trends24.in/indonesia/,Sun Aug 16 2026 15:36:22 GMT+0000 (Coordinated Universal Time),21,Dirgahayu Republik Indonesia,dirgahayu republik indonesia,,,,,,
2026-08-17T04:04:33.736534+00:00,20260817-040433,https://trends24.in/indonesia/,Sun Aug 16 2026 15:36:22 GMT+0000 (Coordinated Universal Time),22,Makmur,makmur,,,,,,
2026-08-17T04:04:33.736534+00:00,20260817-040433,https://trends24.in/indonesia/,Sun Aug 16 2026 15:36:22 GMT+0000 (Coordinated Universal Time),23,Man City,man city,,,,,,
2026-08-17T04:04:33.736534+00:00,20260817-040433,https://trends24.in/indonesia/,Sun Aug 16 2026 15:36:22 GMT+0000 (Coordinated Universal Time),24,Upacara,upacara,,,,,,
2026-08-17T04:04:33.736534+00:00,20260817-040433,https://trends24.in/indonesia/,Sun Aug 16 2026 15:36:22 GMT+0000 (Coordinated Universal Time),25,JOONGDUNK URANUS IN KB,joongdunk uranus in kb,,,,,,
2026-08-17T04:04:33.736534+00:00,20260817-040433,https://trends24.in/indonesia/,Sun Aug 16 2026 15:36:22 GMT+0000 (Coordinated Universal Time),26,Havertz,havertz,,,,,,
2026-08-17T04:04:33.736534+00:00,20260817-040433,https://trends24.in/indonesia/,Sun Aug 16 2026 15:36:22 GMT+0000 (Coordinated Universal Time),27,Nasywaa,nasywaa,,,,,,
2026-08-17T04:04:33.736534+00:00,20260817-040433,https://trends24.in/indonesia/,Sun Aug 16 2026 15:36:22 GMT+0000 (Coordinated Universal Time),28,Indonesia Berdaulat,indonesia berdaulat,,,,,,
2026-08-17T04:04:33.736534+00:00,20260817-040433,https://trends24.in/indonesia/,Sun Aug 16 2026 15:36:22 GMT+0000 (Coordinated Universal Time),29,EMIBONNIE BEAUTY INFINITY,emibonnie beauty infinity,,,,,,
2026-08-17T04:04:33.736534+00:00,20260817-040433,https://trends24.in/indonesia/,Sun Aug 16 2026 15:36:22 GMT+0000 (Coordinated Universal Time),30,17 Agustus,17 agustus,,,,,,
2026-08-17T04:04:33.736534+00:00,20260817-040433,https://trends24.in/indonesia/,Sun Aug 16 2026 15:36:22 GMT+0000 (Coordinated Universal Time),31,SENADA MODE PENYAMARAN,senada mode penyamaran,,,,,,
2026-08-17T04:04:33.736534+00:00,20260817-040433,https://trends24.in/indonesia/,Sun Aug 16 2026 15:36:22 GMT+0000 (Coordinated Universal Time),32,Raya,raya,,,,,,
2026-08-17T04:04:33.736534+00:00,20260817-040433,https://trends24.in/indonesia/,Sun Aug 16 2026 15:36:22 GMT+0000 (Coordinated Universal Time),33,jisung,jisung,,,,,,
2026-08-17T04:04:33.736534+00:00,20260817-040433,https://trends24.in/indonesia/,Sun Aug 16 2026 15:36:22 GMT+0000 (Coordinated Universal Time),34,MOONLIT RIVER WITH KONG,moonlit river with kong,,,,,,
2026-08-17T04:04:33.736534+00:00,20260817-040433,https://trends24.in/indonesia/,Sun Aug 16 2026 15:36:22 GMT+0000 (Coordinated Universal Time),35,GOOD BOY SERIES Q7,good boy series q7,,,,,,
2026-08-17T04:04:33.736534+00:00,20260817-040433,https://trends24.in/indonesia/,Sun Aug 16 2026 15:36:22 GMT+0000 (Coordinated Universal Time),36,Manchester City,manchester city,,,,,,
2026-08-17T04:04:33.736534+00:00,20260817-040433,https://trends24.in/indonesia/,Sun Aug 16 2026 15:36:22 GMT+0000 (Coordinated Universal Time),37,CASHBACK,cashback,,,,,,
2026-08-17T04:04:33.736534+00:00,20260817-040433,https://trends24.in/indonesia/,Sun Aug 16 2026 15:36:22 GMT+0000 (Coordinated Universal Time),38,Darren,darren,,,,,,
2026-08-17T04:04:33.736534+00:00,20260817-040433,https://trends24.in/indonesia/,Sun Aug 16 2026 15:36:22 GMT+0000 (Coordinated Universal Time),39,HIDUP BLONDE,hidup blonde,,,,,,
2026-08-17T04:04:33.736534+00:00,20260817-040433,https://trends24.in/indonesia/,Sun Aug 16 2026 15:36:22 GMT+0000 (Coordinated Universal Time),40,Kantong,kantong,,,,,,
2026-08-17T04:04:33.736534+00:00,20260817-040433,https://trends24.in/indonesia/,Sun Aug 16 2026 15:36:22 GMT+0000 (Coordinated Universal Time),41,Qodari,qodari,,,,,,
2026-08-17T04:04:33.736534+00:00,20260817-040433,https://trends24.in/indonesia/,Sun Aug 16 2026 15:36:22 GMT+0000 (Coordinated Universal Time),42,Jake,jake,,,,,,
2026-08-17T04:04:33.736534+00:00,20260817-040433,https://trends24.in/indonesia/,Sun Aug 16 2026 15:36:22 GMT+0000 (Coordinated Universal Time),43,Lomba,lomba,,,,,,
2026-08-17T04:04:33.736534+00:00,20260817-040433,https://trends24.in/indonesia/,Sun Aug 16 2026 15:36:22 GMT+0000 (Coordinated Universal Time),44,SMYLE CUTIE POP STAR,smyle cutie pop star,,,,,,
2026-08-17T04:04:33.736534+00:00,20260817-040433,https://trends24.in/indonesia/,Sun Aug 16 2026 15:36:22 GMT+0000 (Coordinated Universal Time),45,Libur,libur,,,,,,
2026-08-17T04:04:33.736534+00:00,20260817-040433,https://trends24.in/indonesia/,Sun Aug 16 2026 15:36:22 GMT+0000 (Coordinated Universal Time),46,Top 3,top 3,,,,,,
2026-08-17T04:04:33.736534+00:00,20260817-040433,https://trends24.in/indonesia/,Sun Aug 16 2026 15:36:22 GMT+0000 (Coordinated Universal Time),47,yeonjun,yeonjun,,,,,,
2026-08-17T04:04:33.736534+00:00,20260817-040433,https://trends24.in/indonesia/,Sun Aug 16 2026 15:36:22 GMT+0000 (Coordinated Universal Time),48,DOMIIA MISCHIEVOUS DEVIL,domiia mischievous devil,,,,,,
2026-08-17T04:04:33.736534+00:00,20260817-040433,https://trends24.in/indonesia/,Sun Aug 16 2026 15:36:22 GMT+0000 (Coordinated Universal Time),49,JJ MAGICAL TIME,jj magical time,,,,,,
2026-08-17T04:04:33.736534+00:00,20260817-040433,https://trends24.in/indonesia/,Sun Aug 16 2026 15:36:22 GMT+0000 (Coordinated Universal Time),50,ClosEST MOMENT WITH EST,closest moment with est,,,,,,
2026-08-17T04:04:33.736534+00:00,20260817-040433,https://trends24.in/indonesia/,Sun Aug 16 2026 14:45:38 GMT+0000 (Coordinated Universal Time),1,#DuangConcertDay2,duangconcertday2,,,,,,
2026-08-17T04:04:33.736534+00:00,20260817-040433,https://trends24.in/indonesia/,Sun Aug 16 2026 14:45:38 GMT+0000 (Coordinated Universal Time),2,#theewave,theewave,,,,,,
2026-08-17T04:04:33.736534+00:00,20260817-040433,https://trends24.in/indonesia/,Sun Aug 16 2026 14:45:38 GMT+0000 (Coordinated Universal Time),3,DUANG GO ROUND DAY2,duang go round day2,,,,,,
2026-08-17T04:04:33.736534+00:00,20260817-040433,https://trends24.in/indonesia/,Sun Aug 16 2026 14:45:38 GMT+0000 (Coordinated Universal Time),4,PERTHSANTA BEAUTY CHIANGMAI,perthsanta beauty chiangmai,,,,,,
2026-08-17T04:04:33.736534+00:00,20260817-040433,https://trends24.in/indonesia/,Sun Aug 16 2026 14:45:38 GMT+0000 (Coordinated Universal Time),5,#RENJUNonTMEA2026,renjunontmea2026,,,,,,
2026-08-17T04:04:33.736534+00:00,20260817-040433,https://trends24.in/indonesia/,Sun Aug 16 2026 14:45:38 GMT+0000 (Coordinated Universal Time),6,#MatchPointSeriesEP4,matchpointseriesep4,,,,,,
2026-08-17T04:04:33.736534+00:00,20260817-040433,https://trends24.in/indonesia/,Sun Aug 16 2026 14:45:38 GMT+0000 (Coordinated Universal Time),7,Arsenal,arsenal,,,,,,
2026-08-17T04:04:33.736534+00:00,20260817-040433,https://trends24.in/indonesia/,Sun Aug 16 2026 14:45:38 GMT+0000 (Coordinated Universal Time),8,#BloomTuiChayatornMV,bloomtuichayatornmv,,,,,,
2026-08-17T04:04:33.736534+00:00,20260817-040433,https://trends24.in/indonesia/,Sun Aug 16 2026 14:45:38 GMT+0000 (Coordinated Universal Time),9,SERVING MATCH POINT 4TH EP,serving match point 4th ep,,,,,,
2026-08-17T04:04:33.736534+00:00,20260817-040433,https://trends24.in/indonesia/,Sun Aug 16 2026 14:45:38 GMT+0000 (Coordinated Universal Time),10,TUI BLOOM SOLO X JJ,tui bloom solo x jj,,,,,,
2026-08-17T04:04:33.736534+00:00,20260817-040433,https://trends24.in/indonesia/,Sun Aug 16 2026 14:45:38 GMT+0000 (Coordinated Universal Time),11,Rexx,rexx,,,,,,
2026-08-17T04:04:33.736534+00:00,20260817-040433,https://trends24.in/indonesia/,Sun Aug 16 2026 14:45:38 GMT+0000 (Coordinated Universal Time),12,JOONGDUNK URANUS IN KB,joongdunk uranus in kb,,,,,,
2026-08-17T04:04:33.736534+00:00,20260817-040433,https://trends24.in/indonesia/,Sun Aug 16 2026 14:45:38 GMT+0000 (Coordinated Universal Time),13,Community Shield,community shield,,,,,,
2026-08-17T04:04:33.736534+00:00,20260817-040433,https://trends24.in/indonesia/,Sun Aug 16 2026 14:45:38 GMT+0000 (Coordinated Universal Time),14,Nasywaa,nasywaa,,,,,,
2026-08-17T04:04:33.736534+00:00,20260817-040433,https://trends24.in/indonesia/,Sun Aug 16 2026 14:45:38 GMT+0000 (Coordinated Universal Time),15,EMIBONNIE BEAUTY INFINITY,emibonnie beauty infinity,,,,,,
2026-08-17T04:04:33.736534+00:00,20260817-040433,https://trends24.in/indonesia/,Sun Aug 16 2026 14:45:38 GMT+0000 (Coordinated Universal Time),16,Dirgahayu Republik Indonesia,dirgahayu republik indonesia,,,,,,
2026-08-17T04:04:33.736534+00:00,20260817-040433,https://trends24.in/indonesia/,Sun Aug 16 2026 14:45:38 GMT+0000 (Coordinated Universal Time),17,SENADA MODE PENYAMARAN,senada mode penyamaran,,,,,,
2026-08-17T04:04:33.736534+00:00,20260817-040433,https://trends24.in/indonesia/,Sun Aug 16 2026 14:45:38 GMT+0000 (Coordinated Universal Time),18,Makmur,makmur,,,,,,
2026-08-17T04:04:33.736534+00:00,20260817-040433,https://trends24.in/indonesia/,Sun Aug 16 2026 14:45:38 GMT+0000 (Coordinated Universal Time),19,jisung,jisung,,,,,,
2026-08-17T04:04:33.736534+00:00,20260817-040433,https://trends24.in/indonesia/,Sun Aug 16 2026 14:45:38 GMT+0000 (Coordinated Universal Time),20,MOONLIT RIVER WITH KONG,moonlit river with kong,,,,,,
2026-08-17T04:04:33.736534+00:00,20260817-040433,https://trends24.in/indonesia/,Sun Aug 16 2026 14:45:38 GMT+0000 (Coordinated Universal Time),21,GOOD BOY SERIES Q7,good boy series q7,,,,,,
2026-08-17T04:04:33.736534+00:00,20260817-040433,https://trends24.in/indonesia/,Sun Aug 16 2026 14:45:38 GMT+0000 (Coordinated Universal Time),22,Upacara,upacara,,,,,,
2026-08-17T04:04:33.736534+00:00,20260817-040433,https://trends24.in/indonesia/,Sun Aug 16 2026 14:45:38 GMT+0000 (Coordinated Universal Time),23,JAKE BLONDE,jake blonde,,,,,,
2026-08-17T04:04:33.736534+00:00,20260817-040433,https://trends24.in/indonesia/,Sun Aug 16 2026 14:45:38 GMT+0000 (Coordinated Universal Time),24,17 Agustus,17 agustus,,,,,,
2026-08-17T04:04:33.736534+00:00,20260817-040433,https://trends24.in/indonesia/,Sun Aug 16 2026 14:45:38 GMT+0000 (Coordinated Universal Time),25,Manchester City,manchester city,,,,,,
2026-08-17T04:04:33.736534+00:00,20260817-040433,https://trends24.in/indonesia/,Sun Aug 16 2026 14:45:38 GMT+0000 (Coordinated Universal Time),26,Darren,darren,,,,,,
2026-08-17T04:04:33.736534+00:00,20260817-040433,https://trends24.in/indonesia/,Sun Aug 16 2026 14:45:38 GMT+0000 (Coordinated Universal Time),27,HIDUP BLONDE,hidup blonde,,,,,,
2026-08-17T04:04:33.736534+00:00,20260817-040433,https://trends24.in/indonesia/,Sun Aug 16 2026 14:45:38 GMT+0000 (Coordinated Universal Time),28,Maresca,maresca,,,,,,
2026-08-17T04:04:33.736534+00:00,20260817-040433,https://trends24.in/indonesia/,Sun Aug 16 2026 14:45:38 GMT+0000 (Coordinated Universal Time),29,Qodari,qodari,,,,,,
2026-08-17T04:04:33.736534+00:00,20260817-040433,https://trends24.in/indonesia/,Sun Aug 16 2026 14:45:38 GMT+0000 (Coordinated Universal Time),30,CASHBACK,cashback,,,,,,
2026-08-17T04:04:33.736534+00:00,20260817-040433,https://trends24.in/indonesia/,Sun Aug 16 2026 14:45:38 GMT+0000 (Coordinated Universal Time),31,Indonesia Berdaulat,indonesia berdaulat,,,,,,
2026-08-17T04:04:33.736534+00:00,20260817-040433,https://trends24.in/indonesia/,Sun Aug 16 2026 14:45:38 GMT+0000 (Coordinated Universal Time),32,Kantong,kantong,,,,,,
2026-08-17T04:04:33.736534+00:00,20260817-040433,https://trends24.in/indonesia/,Sun Aug 16 2026 14:45:38 GMT+0000 (Coordinated Universal Time),33,Lomba,lomba,,,,,,
2026-08-17T04:04:33.736534+00:00,20260817-040433,https://trends24.in/indonesia/,Sun Aug 16 2026 14:45:38 GMT+0000 (Coordinated Universal Time),34,Top 3,top 3,,,,,,
2026-08-17T04:04:33.736534+00:00,20260817-040433,https://trends24.in/indonesia/,Sun Aug 16 2026 14:45:38 GMT+0000 (Coordinated Universal Time),35,Libur,libur,,,,,,
2026-08-17T04:04:33.736534+00:00,20260817-040433,https://trends24.in/indonesia/,Sun Aug 16 2026 14:45:38 GMT+0000 (Coordinated Universal Time),36,DOMIIA MISCHIEVOUS DEVIL,domiia mischievous devil,,,,,,
2026-08-17T04:04:33.736534+00:00,20260817-040433,https://trends24.in/indonesia/,Sun Aug 16 2026 14:45:38 GMT+0000 (Coordinated Universal Time),37,JJ MAGICAL TIME,jj magical time,,,,,,
2026-08-17T04:04:33.736534+00:00,20260817-040433,https://trends24.in/indonesia/,Sun Aug 16 2026 14:45:38 GMT+0000 (Coordinated Universal Time),38,ClosEST MOMENT WITH EST,closest moment with est,,,,,,
2026-08-17T04:04:33.736534+00:00,20260817-040433,https://trends24.in/indonesia/,Sun Aug 16 2026 14:45:38 GMT+0000 (Coordinated Universal Time),39,81 Republik Indonesia,81 republik indonesia,,,,,,
2026-08-17T04:04:33.736534+00:00,20260817-040433,https://trends24.in/indonesia/,Sun Aug 16 2026 14:45:38 GMT+0000 (Coordinated Universal Time),40,#TerikatJanjiEp133,terikatjanjiep133,,,,,,
2026-08-17T04:04:33.736534+00:00,20260817-040433,https://trends24.in/indonesia/,Sun Aug 16 2026 14:45:38 GMT+0000 (Coordinated Universal Time),41,#à¸à¸²à¸à¸à¸µà¹à¸à¸¥à¸²à¸¢à¹à¸à¹à¸à¸à¸µ,à¸à¸²à¸à¸à¸µà¹à¸à¸¥à¸²à¸¢à¹à¸à¹à¸à¸à¸µ,,,,,,
2026-08-17T04:04:33.736534+00:00,20260817-040433,https://trends24.in/indonesia/,Sun Aug 16 2026 14:45:38 GMT+0000 (Coordinated Universal Time),42,#CaratSelcaDay,caratselcaday,,,,,,
2026-08-17T04:04:33.736534+00:00,20260817-040433,https://trends24.in/indonesia/,Sun Aug 16 2026 14:45:38 GMT+0000 (Coordinated Universal Time),43,#à¸à¸µà¸£à¹à¹à¸§à¸,à¸à¸µà¸£à¹à¹à¸§à¸,,,,,,
2026-08-17T04:04:33.736534+00:00,20260817-040433,https://trends24.in/indonesia/,Sun Aug 16 2026 14:45:38 GMT+0000 (Coordinated Universal Time),44,#UranusClinicxJoongDunk,uranusclinicxjoongdunk,,,,,,
2026-08-17T04:04:33.736534+00:00,20260817-040433,https://trends24.in/indonesia/,Sun Aug 16 2026 14:45:38 GMT+0000 (Coordinated Universal Time),45,#TewoTsunaginagaraJKT48,tewotsunaginagarajkt48,,,,,,
2026-08-17T04:04:33.736534+00:00,20260817-040433,https://trends24.in/indonesia/,Sun Aug 16 2026 14:45:38 GMT+0000 (Coordinated Universal Time),46,#COYG,coyg,,,,,,
2026-08-17T04:04:33.736534+00:00,20260817-040433,https://trends24.in/indonesia/,Sun Aug 16 2026 14:45:38 GMT+0000 (Coordinated Universal Time),47,#SpookyInLoveEp10,spookyinloveep10,,,,,,
2026-08-17T04:04:33.736534+00:00,20260817-040433,https://trends24.in/indonesia/,Sun Aug 16 2026 14:45:38 GMT+0000 (Coordinated Universal Time),48,#AREStedbyEMMIE,arestedbyemmie,,,,,,
2026-08-17T04:04:33.736534+00:00,20260817-040433,https://trends24.in/indonesia/,Sun Aug 16 2026 14:45:38 GMT+0000 (Coordinated Universal Time),49,#SingChimon,singchimon,,,,,,
2026-08-17T04:04:33.736534+00:00,20260817-040433,https://trends24.in/indonesia/,Sun Aug 16 2026 14:45:38 GMT+0000 (Coordinated Universal Time),50,#FriendlyMExKong,friendlymexkong,,,,,,
2026-08-17T04:04:33.736534+00:00,20260817-040433,https://trends24.in/indonesia/,Sun Aug 16 2026 13:54:32 GMT+0000 (Coordinated Universal Time),1,#DuangConcertDay2,duangconcertday2,,,,,,
2026-08-17T04:04:33.736534+00:00,20260817-040433,https://trends24.in/indonesia/,Sun Aug 16 2026 13:54:32 GMT+0000 (Coordinated Universal Time),2,PERTHSANTA BEAUTY CHIANGMAI,perthsanta beauty chiangmai,,,,,,
2026-08-17T04:04:33.736534+00:00,20260817-040433,https://trends24.in/indonesia/,Sun Aug 16 2026 13:54:32 GMT+0000 (Coordinated Universal Time),3,#TheeWave,theewave,,,,,,
2026-08-17T04:04:33.736534+00:00,20260817-040433,https://trends24.in/indonesia/,Sun Aug 16 2026 13:54:32 GMT+0000 (Coordinated Universal Time),4,DUANG GO ROUND DAY2,duang go round day2,,,,,,
2026-08-17T04:04:33.736534+00:00,20260817-040433,https://trends24.in/indonesia/,Sun Aug 16 2026 13:54:32 GMT+0000 (Coordinated Universal Time),5,#RENJUNonTMEA2026,renjunontmea2026,,,,,,
2026-08-17T04:04:33.736534+00:00,20260817-040433,https://trends24.in/indonesia/,Sun Aug 16 2026 13:54:32 GMT+0000 (Coordinated Universal Time),6,#BloomTuiChayatornMV,bloomtuichayatornmv,,,,,,
2026-08-17T04:04:33.736534+00:00,20260817-040433,https://trends24.in/indonesia/,Sun Aug 16 2026 13:54:32 GMT+0000 (Coordinated Universal Time),7,#TerikatJanjiEp133,terikatjanjiep133,,,,,,
2026-08-17T04:04:33.736534+00:00,20260817-040433,https://trends24.in/indonesia/,Sun Aug 16 2026 13:54:32 GMT+0000 (Coordinated Universal Time),8,TUI BLOOM SOLO X JJ,tui bloom solo x jj,,,,,,
2026-08-17T04:04:33.736534+00:00,20260817-040433,https://trends24.in/indonesia/,Sun Aug 16 2026 13:54:32 GMT+0000 (Coordinated Universal Time),9,JOONGDUNK URANUS IN KB,joongdunk uranus in kb,,,,,,
2026-08-17T04:04:33.736534+00:00,20260817-040433,https://trends24.in/indonesia/,Sun Aug 16 2026 13:54:32 GMT+0000 (Coordinated Universal Time),10,Arsenal,arsenal,,,,,,
2026-08-17T04:04:33.736534+00:00,20260817-040433,https://trends24.in/indonesia/,Sun Aug 16 2026 13:54:32 GMT+0000 (Coordinated Universal Time),11,SERVING MATCH POINT 4TH EP,serving match point 4th ep,,,,,,
2026-08-17T04:04:33.736534+00:00,20260817-040433,https://trends24.in/indonesia/,Sun Aug 16 2026 13:54:32 GMT+0000 (Coordinated Universal Time),12,Rexx,rexx,,,,,,
2026-08-17T04:04:33.736534+00:00,20260817-040433,https://trends24.in/indonesia/,Sun Aug 16 2026 13:54:32 GMT+0000 (Coordinated Universal Time),13,SENADA MODE PENYAMARAN,senada mode penyamaran,,,,,,
2026-08-17T04:04:33.736534+00:00,20260817-040433,https://trends24.in/indonesia/,Sun Aug 16 2026 13:54:32 GMT+0000 (Coordinated Universal Time),14,EMIBONNIE BEAUTY INFINITY,emibonnie beauty infinity,,,,,,
2026-08-17T04:04:33.736534+00:00,20260817-040433,https://trends24.in/indonesia/,Sun Aug 16 2026 13:54:32 GMT+0000 (Coordinated Universal Time),15,GOOD BOY SERIES Q7,good boy series q7,,,,,,
2026-08-17T04:04:33.736534+00:00,20260817-040433,https://trends24.in/indonesia/,Sun Aug 16 2026 13:54:32 GMT+0000 (Coordinated Universal Time),16,JAKE BLONDE,jake blonde,,,,,,
2026-08-17T04:04:33.736534+00:00,20260817-040433,https://trends24.in/indonesia/,Sun Aug 16 2026 13:54:32 GMT+0000 (Coordinated Universal Time),17,Dirgahayu Republik Indonesia,dirgahayu republik indonesia,,,,,,
2026-08-17T04:04:33.736534+00:00,20260817-040433,https://trends24.in/indonesia/,Sun Aug 16 2026 13:54:32 GMT+0000 (Coordinated Universal Time),18,MOONLIT RIVER WITH KONG,moonlit river with kong,,,,,,
2026-08-17T04:04:33.736534+00:00,20260817-040433,https://trends24.in/indonesia/,Sun Aug 16 2026 13:54:32 GMT+0000 (Coordinated Universal Time),19,PAVEL X LUMARIS,pavel x lumaris,,,,,,
2026-08-17T04:04:33.736534+00:00,20260817-040433,https://trends24.in/indonesia/,Sun Aug 16 2026 13:54:32 GMT+0000 (Coordinated Universal Time),20,Darren,darren,,,,,,
2026-08-17T04:04:33.736534+00:00,20260817-040433,https://trends24.in/indonesia/,Sun Aug 16 2026 13:54:32 GMT+0000 (Coordinated Universal Time),21,Makmur,makmur,,,,,,
2026-08-17T04:04:33.736534+00:00,20260817-040433,https://trends24.in/indonesia/,Sun Aug 16 2026 13:54:32 GMT+0000 (Coordinated Universal Time),22,CASHBACK,cashback,,,,,,
2026-08-17T04:04:33.736534+00:00,20260817-040433,https://trends24.in/indonesia/,Sun Aug 16 2026 13:54:32 GMT+0000 (Coordinated Universal Time),23,HIDUP BLONDE,hidup blonde,,,,,,
2026-08-17T04:04:33.736534+00:00,20260817-040433,https://trends24.in/indonesia/,Sun Aug 16 2026 13:54:32 GMT+0000 (Coordinated Universal Time),24,Community Shield,community shield,,,,,,
2026-08-17T04:04:33.736534+00:00,20260817-040433,https://trends24.in/indonesia/,Sun Aug 16 2026 13:54:32 GMT+0000 (Coordinated Universal Time),25,Manchester City,manchester city,,,,,,
2026-08-17T04:04:33.736534+00:00,20260817-040433,https://trends24.in/indonesia/,Sun Aug 16 2026 13:54:32 GMT+0000 (Coordinated Universal Time),26,Qodari,qodari,,,,,,
2026-08-17T04:04:33.736534+00:00,20260817-040433,https://trends24.in/indonesia/,Sun Aug 16 2026 13:54:32 GMT+0000 (Coordinated Universal Time),27,Kantong,kantong,,,,,,
2026-08-17T04:04:33.736534+00:00,20260817-040433,https://trends24.in/indonesia/,Sun Aug 16 2026 13:54:32 GMT+0000 (Coordinated Universal Time),28,Lomba,lomba,,,,,,
2026-08-17T04:04:33.736534+00:00,20260817-040433,https://trends24.in/indonesia/,Sun Aug 16 2026 13:54:32 GMT+0000 (Coordinated Universal Time),29,Gamdom,gamdom,,,,,,
2026-08-17T04:04:33.736534+00:00,20260817-040433,https://trends24.in/indonesia/,Sun Aug 16 2026 13:54:32 GMT+0000 (Coordinated Universal Time),30,Top 3,top 3,,,,,,
2026-08-17T04:04:33.736534+00:00,20260817-040433,https://trends24.in/indonesia/,Sun Aug 16 2026 13:54:32 GMT+0000 (Coordinated Universal Time),31,ClosEST MOMENT WITH EST,closest moment with est,,,,,,
2026-08-17T04:04:33.736534+00:00,20260817-040433,https://trends24.in/indonesia/,Sun Aug 16 2026 13:54:32 GMT+0000 (Coordinated Universal Time),32,JJ MAGICAL TIME,jj magical time,,,,,,
2026-08-17T04:04:33.736534+00:00,20260817-040433,https://trends24.in/indonesia/,Sun Aug 16 2026 13:54:32 GMT+0000 (Coordinated Universal Time),33,Kyungsoo,kyungsoo,,,,,,
2026-08-17T04:04:33.736534+00:00,20260817-040433,https://trends24.in/indonesia/,Sun Aug 16 2026 13:54:32 GMT+0000 (Coordinated Universal Time),34,DOMIIA MISCHIEVOUS DEVIL,domiia mischievous devil,,,,,,
2026-08-17T04:04:33.736534+00:00,20260817-040433,https://trends24.in/indonesia/,Sun Aug 16 2026 13:54:32 GMT+0000 (Coordinated Universal Time),35,Indonesia Berdaulat,indonesia berdaulat,,,,,,
2026-08-17T04:04:33.736534+00:00,20260817-040433,https://trends24.in/indonesia/,Sun Aug 16 2026 13:54:32 GMT+0000 (Coordinated Universal Time),36,81 Republik Indonesia,81 republik indonesia,,,,,,
2026-08-17T04:04:33.736534+00:00,20260817-040433,https://trends24.in/indonesia/,Sun Aug 16 2026 13:54:32 GMT+0000 (Coordinated Universal Time),37,16 Agustus,16 agustus,,,,,,
2026-08-17T04:04:33.736534+00:00,20260817-040433,https://trends24.in/indonesia/,Sun Aug 16 2026 13:54:32 GMT+0000 (Coordinated Universal Time),38,#à¸à¸²à¸à¸à¸µà¹à¸à¸¥à¸²à¸¢à¹à¸à¹à¸à¸à¸µ,à¸à¸²à¸à¸à¸µà¹à¸à¸¥à¸²à¸¢à¹à¸à¹à¸à¸à¸µ,,,,,,
2026-08-17T04:04:33.736534+00:00,20260817-040433,https://trends24.in/indonesia/,Sun Aug 16 2026 13:54:32 GMT+0000 (Coordinated Universal Time),39,#MatchPointSeriesEP4,matchpointseriesep4,,,,,,
2026-08-17T04:04:33.736534+00:00,20260817-040433,https://trends24.in/indonesia/,Sun Aug 16 2026 13:54:32 GMT+0000 (Coordinated Universal Time),40,#UranusClinicxJoongDunk,uranusclinicxjoongdunk,,,,,,
2026-08-17T04:04:33.736534+00:00,20260817-040433,https://trends24.in/indonesia/,Sun Aug 16 2026 13:54:32 GMT+0000 (Coordinated Universal Time),41,#CaratSelcaDay,caratselcaday,,,,,,
2026-08-17T04:04:33.736534+00:00,20260817-040433,https://trends24.in/indonesia/,Sun Aug 16 2026 13:54:32 GMT+0000 (Coordinated Universal Time),42,#TewoTsunaginagaraJKT48,tewotsunaginagarajkt48,,,,,,
2026-08-17T04:04:33.736534+00:00,20260817-040433,https://trends24.in/indonesia/,Sun Aug 16 2026 13:54:32 GMT+0000 (Coordinated Universal Time),43,#à¸à¸µà¸£à¹à¹à¸§à¸,à¸à¸µà¸£à¹à¹à¸§à¸,,,,,,
2026-08-17T04:04:33.736534+00:00,20260817-040433,https://trends24.in/indonesia/,Sun Aug 16 2026 13:54:32 GMT+0000 (Coordinated Universal Time),44,#SpookyInLoveEp10,spookyinloveep10,,,,,,
2026-08-17T04:04:33.736534+00:00,20260817-040433,https://trends24.in/indonesia/,Sun Aug 16 2026 13:54:32 GMT+0000 (Coordinated Universal Time),45,#AREStedbyEMMIE,arestedbyemmie,,,,,,
2026-08-17T04:04:33.736534+00:00,20260817-040433,https://trends24.in/indonesia/,Sun Aug 16 2026 13:54:32 GMT+0000 (Coordinated Universal Time),46,#FriendlyMExKong,friendlymexkong,,,,,,
2026-08-17T04:04:33.736534+00:00,20260817-040433,https://trends24.in/indonesia/,Sun Aug 16 2026 13:54:32 GMT+0000 (Coordinated Universal Time),47,#tthi_eks,tthi_eks,,,,,,
2026-08-17T04:04:33.736534+00:00,20260817-040433,https://trends24.in/indonesia/,Sun Aug 16 2026 13:54:32 GMT+0000 (Coordinated Universal Time),48,#InfinityMedicalClinicxGemini,infinitymedicalclinicxgemini,,,,,,
2026-08-17T04:04:33.736534+00:00,20260817-040433,https://trends24.in/indonesia/,Sun Aug 16 2026 13:54:32 GMT+0000 (Coordinated Universal Time),49,#LumarisFirstMeetxPavel,lumarisfirstmeetxpavel,,,,,,
2026-08-17T04:04:33.736534+00:00,20260817-040433,https://trends24.in/indonesia/,Sun Aug 16 2026 13:54:32 GMT+0000 (Coordinated Universal Time),50,#í­ë ¥ë°ëARMY,í­ë ¥ë°ëarmy,,,,,,
2026-08-17T04:04:33.736534+00:00,20260817-040433,https://trends24.in/indonesia/,Sun Aug 16 2026 13:03:29 GMT+0000 (Coordinated Universal Time),1,PERTHSANTA BEAUTY CHIANGMAI,perthsanta beauty chiangmai,,,,,,
2026-08-17T04:04:33.736534+00:00,20260817-040433,https://trends24.in/indonesia/,Sun Aug 16 2026 13:03:29 GMT+0000 (Coordinated Universal Time),2,#DuangConcertDay2,duangconcertday2,,,,,,
2026-08-17T04:04:33.736534+00:00,20260817-040433,https://trends24.in/indonesia/,Sun Aug 16 2026 13:03:29 GMT+0000 (Coordinated Universal Time),3,DUANG GO ROUND DAY2,duang go round day2,,,,,,
2026-08-17T04:04:33.736534+00:00,20260817-040433,https://trends24.in/indonesia/,Sun Aug 16 2026 13:03:29 GMT+0000 (Coordinated Universal Time),4,#RENJUNonTMEA2026,renjunontmea2026,,,,,,
2026-08-17T04:04:33.736534+00:00,20260817-040433,https://trends24.in/indonesia/,Sun Aug 16 2026 13:03:29 GMT+0000 (Coordinated Universal Time),5,#BloomTuiChayatornMV,bloomtuichayatornmv,,,,,,
2026-08-17T04:04:33.736534+00:00,20260817-040433,https://trends24.in/indonesia/,Sun Aug 16 2026 13:03:29 GMT+0000 (Coordinated Universal Time),6,#TheeWave,theewave,,,,,,
2026-08-17T04:04:33.736534+00:00,20260817-040433,https://trends24.in/indonesia/,Sun Aug 16 2026 13:03:29 GMT+0000 (Coordinated Universal Time),7,TUI BLOOM SOLO X JJ,tui bloom solo x jj,,,,,,
2026-08-17T04:04:33.736534+00:00,20260817-040433,https://trends24.in/indonesia/,Sun Aug 16 2026 13:03:29 GMT+0000 (Coordinated Universal Time),8,#à¸à¸²à¸à¸à¸µà¹à¸à¸¥à¸²à¸¢à¹à¸à¹à¸à¸à¸µ,à¸à¸²à¸à¸à¸µà¹à¸à¸¥à¸²à¸¢à¹à¸à¹à¸à¸à¸µ,,,,,,
2026-08-17T04:04:33.736534+00:00,20260817-040433,https://trends24.in/indonesia/,Sun Aug 16 2026 13:03:29 GMT+0000 (Coordinated Universal Time),9,JOONGDUNK URANUS IN KB,joongdunk uranus in kb,,,,,,
2026-08-17T04:04:33.736534+00:00,20260817-040433,https://trends24.in/indonesia/,Sun Aug 16 2026 13:03:29 GMT+0000 (Coordinated Universal Time),10,JAKE BLONDE,jake blonde,,,,,,
2026-08-17T04:04:33.736534+00:00,20260817-040433,https://trends24.in/indonesia/,Sun Aug 16 2026 13:03:29 GMT+0000 (Coordinated Universal Time),11,EMIBONNIE BEAUTY INFINITY,emibonnie beauty infinity,,,,,,
2026-08-17T04:04:33.736534+00:00,20260817-040433,https://trends24.in/indonesia/,Sun Aug 16 2026 13:03:29 GMT+0000 (Coordinated Universal Time),12,CASHBACK,cashback,,,,,,
2026-08-17T04:04:33.736534+00:00,20260817-040433,https://trends24.in/indonesia/,Sun Aug 16 2026 13:03:29 GMT+0000 (Coordinated Universal Time),13,SERVING MATCH POINT 4TH EP,serving match point 4th ep,,,,,,
2026-08-17T04:04:33.736534+00:00,20260817-040433,https://trends24.in/indonesia/,Sun Aug 16 2026 13:03:29 GMT+0000 (Coordinated Universal Time),14,Arsenal,arsenal,,,,,,
2026-08-17T04:04:33.736534+00:00,20260817-040433,https://trends24.in/indonesia/,Sun Aug 16 2026 13:03:29 GMT+0000 (Coordinated Universal Time),15,PAVEL X LUMARIS,pavel x lumaris,,,,,,
2026-08-17T04:04:33.736534+00:00,20260817-040433,https://trends24.in/indonesia/,Sun Aug 16 2026 13:03:29 GMT+0000 (Coordinated Universal Time),16,HIDUP BLONDE,hidup blonde,,,,,,
2026-08-17T04:04:33.736534+00:00,20260817-040433,https://trends24.in/indonesia/,Sun Aug 16 2026 13:03:29 GMT+0000 (Coordinated Universal Time),17,Dirgahayu Republik Indonesia,dirgahayu republik indonesia,,,,,,
2026-08-17T04:04:33.736534+00:00,20260817-040433,https://trends24.in/indonesia/,Sun Aug 16 2026 13:03:29 GMT+0000 (Coordinated Universal Time),18,DOMIIA MISCHIEVOUS DEVIL,domiia mischievous devil,,,,,,
2026-08-17T04:04:33.736534+00:00,20260817-040433,https://trends24.in/indonesia/,Sun Aug 16 2026 13:03:29 GMT+0000 (Coordinated Universal Time),19,Kantong,kantong,,,,,,
2026-08-17T04:04:33.736534+00:00,20260817-040433,https://trends24.in/indonesia/,Sun Aug 16 2026 13:03:29 GMT+0000 (Coordinated Universal Time),20,SMYLE CUTIE POP STAR,smyle cutie pop star,,,,,,
2026-08-17T04:04:33.736534+00:00,20260817-040433,https://trends24.in/indonesia/,Sun Aug 16 2026 13:03:29 GMT+0000 (Coordinated Universal Time),21,JJ MAGICAL TIME,jj magical time,,,,,,
2026-08-17T04:04:33.736534+00:00,20260817-040433,https://trends24.in/indonesia/,Sun Aug 16 2026 13:03:29 GMT+0000 (Coordinated Universal Time),22,Manchester City,manchester city,,,,,,
2026-08-17T04:04:33.736534+00:00,20260817-040433,https://trends24.in/indonesia/,Sun Aug 16 2026 13:03:29 GMT+0000 (Coordinated Universal Time),23,ClosEST MOMENT WITH EST,closest moment with est,,,,,,
2026-08-17T04:04:33.736534+00:00,20260817-040433,https://trends24.in/indonesia/,Sun Aug 16 2026 13:03:29 GMT+0000 (Coordinated Universal Time),24,Gamdom,gamdom,,,,,,
2026-08-17T04:04:33.736534+00:00,20260817-040433,https://trends24.in/indonesia/,Sun Aug 16 2026 13:03:29 GMT+0000 (Coordinated Universal Time),25,Makmur,makmur,,,,,,
2026-08-17T04:04:33.736534+00:00,20260817-040433,https://trends24.in/indonesia/,Sun Aug 16 2026 13:03:29 GMT+0000 (Coordinated Universal Time),26,Lomba,lomba,,,,,,
2026-08-17T04:04:33.736534+00:00,20260817-040433,https://trends24.in/indonesia/,Sun Aug 16 2026 13:03:29 GMT+0000 (Coordinated Universal Time),27,Kyungsoo,kyungsoo,,,,,,
2026-08-17T04:04:33.736534+00:00,20260817-040433,https://trends24.in/indonesia/,Sun Aug 16 2026 13:03:29 GMT+0000 (Coordinated Universal Time),28,Top 3,top 3,,,,,,
2026-08-17T04:04:33.736534+00:00,20260817-040433,https://trends24.in/indonesia/,Sun Aug 16 2026 13:03:29 GMT+0000 (Coordinated Universal Time),29,NKRI,nkri,,,,,,
2026-08-17T04:04:33.736534+00:00,20260817-040433,https://trends24.in/indonesia/,Sun Aug 16 2026 13:03:29 GMT+0000 (Coordinated Universal Time),30,16 Agustus,16 agustus,,,,,,
2026-08-17T04:04:33.736534+00:00,20260817-040433,https://trends24.in/indonesia/,Sun Aug 16 2026 13:03:29 GMT+0000 (Coordinated Universal Time),31,Merah Putih,merah putih,,,,,,
2026-08-17T04:04:33.736534+00:00,20260817-040433,https://trends24.in/indonesia/,Sun Aug 16 2026 13:03:29 GMT+0000 (Coordinated Universal Time),32,#UranusClinicxJoongDunk,uranusclinicxjoongdunk,,,,,,
2026-08-17T04:04:33.736534+00:00,20260817-040433,https://trends24.in/indonesia/,Sun Aug 16 2026 13:03:29 GMT+0000 (Coordinated Universal Time),33,#TerikatJanjiEp133,terikatjanjiep133,,,,,,
2026-08-17T04:04:33.736534+00:00,20260817-040433,https://trends24.in/indonesia/,Sun Aug 16 2026 13:03:29 GMT+0000 (Coordinated Universal Time),34,#MatchPointSeriesEP4,matchpointseriesep4,,,,,,
2026-08-17T04:04:33.736534+00:00,20260817-040433,https://trends24.in/indonesia/,Sun Aug 16 2026 13:03:29 GMT+0000 (Coordinated Universal Time),35,#à¸à¸µà¸£à¹à¹à¸§à¸,à¸à¸µà¸£à¹à¹à¸§à¸,,,,,,
2026-08-17T04:04:33.736534+00:00,20260817-040433,https://trends24.in/indonesia/,Sun Aug 16 2026 13:03:29 GMT+0000 (Coordinated Universal Time),36,#SpookyInLoveEp10,spookyinloveep10,,,,,,
2026-08-17T04:04:33.736534+00:00,20260817-040433,https://trends24.in/indonesia/,Sun Aug 16 2026 13:03:29 GMT+0000 (Coordinated Universal Time),37,#InfinityMedicalClinicxGemini,infinitymedicalclinicxgemini,,,,,,
2026-08-17T04:04:33.736534+00:00,20260817-040433,https://trends24.in/indonesia/,Sun Aug 16 2026 13:03:29 GMT+0000 (Coordinated Universal Time),38,#í­ë ¥ë°ëARMY,í­ë ¥ë°ëarmy,,,,,,
2026-08-17T04:04:33.736534+00:00,20260817-040433,https://trends24.in/indonesia/,Sun Aug 16 2026 13:03:29 GMT+0000 (Coordinated Universal Time),39,#ê°í´ìë°ëARMY,ê°í´ìë°ëarmy,,,,,,
2026-08-17T04:04:33.736534+00:00,20260817-040433,https://trends24.in/indonesia/,Sun Aug 16 2026 13:03:29 GMT+0000 (Coordinated Universal Time),40,#LumarisFirstMeetxPavel,lumarisfirstmeetxpavel,,,,,,
2026-08-17T04:04:33.736534+00:00,20260817-040433,https://trends24.in/indonesia/,Sun Aug 16 2026 13:03:29 GMT+0000 (Coordinated Universal Time),41,#ChrisBrownë°ëARMY,chrisbrownë°ëarmy,,,,,,
2026-08-17T04:04:33.736534+00:00,20260817-040433,https://trends24.in/indonesia/,Sun Aug 16 2026 13:03:29 GMT+0000 (Coordinated Universal Time),42,#NolAnnTillTheEnd,nolanntilltheend,,,,,,
2026-08-17T04:04:33.736534+00:00,20260817-040433,https://trends24.in/indonesia/,Sun Aug 16 2026 13:03:29 GMT+0000 (Coordinated Universal Time),43,#ARMYsAgainstViolence,armysagainstviolence,,,,,,
2026-08-17T04:04:33.736534+00:00,20260817-040433,https://trends24.in/indonesia/,Sun Aug 16 2026 13:03:29 GMT+0000 (Coordinated Universal Time),44,#ARMYsAgainstAbusers,armysagainstabusers,,,,,,
2026-08-17T04:04:33.736534+00:00,20260817-040433,https://trends24.in/indonesia/,Sun Aug 16 2026 13:03:29 GMT+0000 (Coordinated Universal Time),45,#ARMYsAginstChrisBrown,armysaginstchrisbrown,,,,,,
2026-08-17T04:04:33.736534+00:00,20260817-040433,https://trends24.in/indonesia/,Sun Aug 16 2026 13:03:29 GMT+0000 (Coordinated Universal Time),46,#JJxLAITHAI,jjxlaithai,,,,,,
2026-08-17T04:04:33.736534+00:00,20260817-040433,https://trends24.in/indonesia/,Sun Aug 16 2026 13:03:29 GMT+0000 (Coordinated Universal Time),47,#AYLIOXMACAU2026,aylioxmacau2026,,,,,,
2026-08-17T04:04:33.736534+00:00,20260817-040433,https://trends24.in/indonesia/,Sun Aug 16 2026 13:03:29 GMT+0000 (Coordinated Universal Time),48,#SUNOO,sunoo,,,,,,
2026-08-17T04:04:33.736534+00:00,20260817-040433,https://trends24.in/indonesia/,Sun Aug 16 2026 13:03:29 GMT+0000 (Coordinated Universal Time),49,#KalmclosESTmoment,kalmclosestmoment,,,,,,
2026-08-17T04:04:33.736534+00:00,20260817-040433,https://trends24.in/indonesia/,Sun Aug 16 2026 13:03:29 GMT+0000 (Coordinated Universal Time),50,#KalmClinicxEST,kalmclinicxest,,,,,,
2026-08-17T04:04:33.736534+00:00,20260817-040433,https://trends24.in/indonesia/,Sun Aug 16 2026 12:12:19 GMT+0000 (Coordinated Universal Time),1,PERTHSANTA BEAUTY CHIANGMAI,perthsanta beauty chiangmai,,,,,,
2026-08-17T04:04:33.736534+00:00,20260817-040433,https://trends24.in/indonesia/,Sun Aug 16 2026 12:12:19 GMT+0000 (Coordinated Universal Time),2,#DuangConcertDay2,duangconcertday2,,,,,,
2026-08-17T04:04:33.736534+00:00,20260817-040433,https://trends24.in/indonesia/,Sun Aug 16 2026 12:12:19 GMT+0000 (Coordinated Universal Time),3,DUANG GO ROUND DAY2,duang go round day2,,,,,,
2026-08-17T04:04:33.736534+00:00,20260817-040433,https://trends24.in/indonesia/,Sun Aug 16 2026 12:12:19 GMT+0000 (Coordinated Universal Time),4,#RENJUNonTMEA2026,renjunontmea2026,,,,,,
2026-08-17T04:04:33.736534+00:00,20260817-040433,https://trends24.in/indonesia/,Sun Aug 16 2026 12:12:19 GMT+0000 (Coordinated Universal Time),5,#UranusClinicxJoongDunk,uranusclinicxjoongdunk,,,,,,
2026-08-17T04:04:33.736534+00:00,20260817-040433,https://trends24.in/indonesia/,Sun Aug 16 2026 12:12:19 GMT+0000 (Coordinated Universal Time),6,JOONGDUNK URANUS IN KB,joongdunk uranus in kb,,,,,,
2026-08-17T04:04:33.736534+00:00,20260817-040433,https://trends24.in/indonesia/,Sun Aug 16 2026 12:12:19 GMT+0000 (Coordinated Universal Time),7,JAKE BLONDE,jake blonde,,,,,,
2026-08-17T04:04:33.736534+00:00,20260817-040433,https://trends24.in/indonesia/,Sun Aug 16 2026 12:12:19 GMT+0000 (Coordinated Universal Time),8,#MatchPointSeriesEP4,matchpointseriesep4,,,,,,
2026-08-17T04:04:33.736534+00:00,20260817-040433,https://trends24.in/indonesia/,Sun Aug 16 2026 12:12:19 GMT+0000 (Coordinated Universal Time),9,EMIBONNIE BEAUTY INFINITY,emibonnie beauty infinity,,,,,,
2026-08-17T04:04:33.736534+00:00,20260817-040433,https://trends24.in/indonesia/,Sun Aug 16 2026 12:12:19 GMT+0000 (Coordinated Universal Time),10,#InfinityMedicalClinicxGemini,infinitymedicalclinicxgemini,,,,,,
2026-08-17T04:04:33.736534+00:00,20260817-040433,https://trends24.in/indonesia/,Sun Aug 16 2026 12:12:19 GMT+0000 (Coordinated Universal Time),11,CASHBACK,cashback,,,,,,
2026-08-17T04:04:33.736534+00:00,20260817-040433,https://trends24.in/indonesia/,Sun Aug 16 2026 12:12:19 GMT+0000 (Coordinated Universal Time),12,HIDUP BLONDE,hidup blonde,,,,,,
2026-08-17T04:04:33.736534+00:00,20260817-040433,https://trends24.in/indonesia/,Sun Aug 16 2026 12:12:19 GMT+0000 (Coordinated Universal Time),13,PAVEL X LUMARIS,pavel x lumaris,,,,,,
2026-08-17T04:04:33.736534+00:00,20260817-040433,https://trends24.in/indonesia/,Sun Aug 16 2026 12:12:19 GMT+0000 (Coordinated Universal Time),14,ClosEST MOMENT WITH EST,closest moment with est,,,,,,
2026-08-17T04:04:33.736534+00:00,20260817-040433,https://trends24.in/indonesia/,Sun Aug 16 2026 12:12:19 GMT+0000 (Coordinated Universal Time),15,DOMIIA MISCHIEVOUS DEVIL,domiia mischievous devil,,,,,,
2026-08-17T04:04:33.736534+00:00,20260817-040433,https://trends24.in/indonesia/,Sun Aug 16 2026 12:12:19 GMT+0000 (Coordinated Universal Time),16,JJ MAGICAL TIME,jj magical time,,,,,,
2026-08-17T04:04:33.736534+00:00,20260817-040433,https://trends24.in/indonesia/,Sun Aug 16 2026 12:12:19 GMT+0000 (Coordinated Universal Time),17,Manchester City,manchester city,,,,,,
2026-08-17T04:04:33.736534+00:00,20260817-040433,https://trends24.in/indonesia/,Sun Aug 16 2026 12:12:19 GMT+0000 (Coordinated Universal Time),18,SMYLE CUTIE POP STAR,smyle cutie pop star,,,,,,
2026-08-17T04:04:33.736534+00:00,20260817-040433,https://trends24.in/indonesia/,Sun Aug 16 2026 12:12:19 GMT+0000 (Coordinated Universal Time),19,Kantong,kantong,,,,,,
2026-08-17T04:04:33.736534+00:00,20260817-040433,https://trends24.in/indonesia/,Sun Aug 16 2026 12:12:19 GMT+0000 (Coordinated Universal Time),20,Dirgahayu Republik Indonesia,dirgahayu republik indonesia,,,,,,
2026-08-17T04:04:33.736534+00:00,20260817-040433,https://trends24.in/indonesia/,Sun Aug 16 2026 12:12:19 GMT+0000 (Coordinated Universal Time),21,Lomba,lomba,,,,,,
2026-08-17T04:04:33.736534+00:00,20260817-040433,https://trends24.in/indonesia/,Sun Aug 16 2026 12:12:19 GMT+0000 (Coordinated Universal Time),22,Makmur,makmur,,,,,,
2026-08-17T04:04:33.736534+00:00,20260817-040433,https://trends24.in/indonesia/,Sun Aug 16 2026 12:12:19 GMT+0000 (Coordinated Universal Time),23,uluran tangan saudara,uluran tangan saudara,,,,,,
2026-08-17T04:04:33.736534+00:00,20260817-040433,https://trends24.in/indonesia/,Sun Aug 16 2026 12:12:19 GMT+0000 (Coordinated Universal Time),24,NKRI,nkri,,,,,,
2026-08-17T04:04:33.736534+00:00,20260817-040433,https://trends24.in/indonesia/,Sun Aug 16 2026 12:12:19 GMT+0000 (Coordinated Universal Time),25,16 Agustus,16 agustus,,,,,,
2026-08-17T04:04:33.736534+00:00,20260817-040433,https://trends24.in/indonesia/,Sun Aug 16 2026 12:12:19 GMT+0000 (Coordinated Universal Time),26,Gus Yaqut,gus yaqut,,,,,,
2026-08-17T04:04:33.736534+00:00,20260817-040433,https://trends24.in/indonesia/,Sun Aug 16 2026 12:12:19 GMT+0000 (Coordinated Universal Time),27,Merah Putih,merah putih,,,,,,
2026-08-17T04:04:33.736534+00:00,20260817-040433,https://trends24.in/indonesia/,Sun Aug 16 2026 12:12:19 GMT+0000 (Coordinated Universal Time),28,#LumarisFirstMeetxPavel,lumarisfirstmeetxpavel,,,,,,
2026-08-17T04:04:33.736534+00:00,20260817-040433,https://trends24.in/indonesia/,Sun Aug 16 2026 12:12:19 GMT+0000 (Coordinated Universal Time),29,#NolAnnTillTheEnd,nolanntilltheend,,,,,,
2026-08-17T04:04:33.736534+00:00,20260817-040433,https://trends24.in/indonesia/,Sun Aug 16 2026 12:12:19 GMT+0000 (Coordinated Universal Time),30,#í­ë ¥ë°ëARMY,í­ë ¥ë°ëarmy,,,,,,
2026-08-17T04:04:33.736534+00:00,20260817-040433,https://trends24.in/indonesia/,Sun Aug 16 2026 12:12:19 GMT+0000 (Coordinated Universal Time),31,#theewave,theewave,,,,,,
2026-08-17T04:04:33.736534+00:00,20260817-040433,https://trends24.in/indonesia/,Sun Aug 16 2026 12:12:19 GMT+0000 (Coordinated Universal Time),32,#ê°í´ìë°ëARMY,ê°í´ìë°ëarmy,,,,,,
2026-08-17T04:04:33.736534+00:00,20260817-040433,https://trends24.in/indonesia/,Sun Aug 16 2026 12:12:19 GMT+0000 (Coordinated Universal Time),33,#ARMYsAgainstAbusers,armysagainstabusers,,,,,,
2026-08-17T04:04:33.736534+00:00,20260817-040433,https://trends24.in/indonesia/,Sun Aug 16 2026 12:12:19 GMT+0000 (Coordinated Universal Time),34,#ARMYsAgainstViolence,armysagainstviolence,,,,,,
2026-08-17T04:04:33.736534+00:00,20260817-040433,https://trends24.in/indonesia/,Sun Aug 16 2026 12:12:19 GMT+0000 (Coordinated Universal Time),35,#ARMYsAginstChrisBrown,armysaginstchrisbrown,,,,,,
2026-08-17T04:04:33.736534+00:00,20260817-040433,https://trends24.in/indonesia/,Sun Aug 16 2026 12:12:19 GMT+0000 (Coordinated Universal Time),36,#ChrisBrownë°ëARMY,chrisbrownë°ëarmy,,,,,,
2026-08-17T04:04:33.736534+00:00,20260817-040433,https://trends24.in/indonesia/,Sun Aug 16 2026 12:12:19 GMT+0000 (Coordinated Universal Time),37,#ONELABEL_PROMOTE_SKZ,onelabel_promote_skz,,,,,,
2026-08-17T04:04:33.736534+00:00,20260817-040433,https://trends24.in/indonesia/,Sun Aug 16 2026 12:12:19 GMT+0000 (Coordinated Universal Time),38,#KalmclosESTmoment,kalmclosestmoment,,,,,,
2026-08-17T04:04:33.736534+00:00,20260817-040433,https://trends24.in/indonesia/,Sun Aug 16 2026 12:12:19 GMT+0000 (Coordinated Universal Time),39,#KalmClinicxEST,kalmclinicxest,,,,,,
2026-08-17T04:04:33.736534+00:00,20260817-040433,https://trends24.in/indonesia/,Sun Aug 16 2026 12:12:19 GMT+0000 (Coordinated Universal Time),40,#JJxLAITHAI,jjxlaithai,,,,,,
2026-08-17T04:04:33.736534+00:00,20260817-040433,https://trends24.in/indonesia/,Sun Aug 16 2026 12:12:19 GMT+0000 (Coordinated Universal Time),41,#AYLIOXMACAU2026,aylioxmacau2026,,,,,,
2026-08-17T04:04:33.736534+00:00,20260817-040433,https://trends24.in/indonesia/,Sun Aug 16 2026 12:12:19 GMT+0000 (Coordinated Universal Time),42,#TerikatJanjiEp133,terikatjanjiep133,,,,,,
2026-08-17T04:04:33.736534+00:00,20260817-040433,https://trends24.in/indonesia/,Sun Aug 16 2026 12:12:19 GMT+0000 (Coordinated Universal Time),43,#keonhyeon,keonhyeon,,,,,,
2026-08-17T04:04:33.736534+00:00,20260817-040433,https://trends24.in/indonesia/,Sun Aug 16 2026 12:12:19 GMT+0000 (Coordinated Universal Time),44,#GoodBoySeries,goodboyseries,,,,,,
2026-08-17T04:04:33.736534+00:00,20260817-040433,https://trends24.in/indonesia/,Sun Aug 16 2026 12:12:19 GMT+0000 (Coordinated Universal Time),45,#BersamaBantuNTT,bersamabantuntt,,,,,,
2026-08-17T04:04:33.736534+00:00,20260817-040433,https://trends24.in/indonesia/,Sun Aug 16 2026 12:12:19 GMT+0000 (Coordinated Universal Time),46,#KopiKenanganxNCTHaechan,kopikenanganxncthaechan,,,,,,
2026-08-17T04:04:33.736534+00:00,20260817-040433,https://trends24.in/indonesia/,Sun Aug 16 2026 12:12:19 GMT+0000 (Coordinated Universal Time),47,#waavetnp,waavetnp,,,,,,
2026-08-17T04:04:33.736534+00:00,20260817-040433,https://trends24.in/indonesia/,Sun Aug 16 2026 12:12:19 GMT+0000 (Coordinated Universal Time),48,#Fair4JossGawin,fair4jossgawin,,,,,,
2026-08-17T04:04:33.736534+00:00,20260817-040433,https://trends24.in/indonesia/,Sun Aug 16 2026 12:12:19 GMT+0000 (Coordinated Universal Time),49,#KDMPMensejahterakan,kdmpmensejahterakan,,,,,,
2026-08-17T04:04:33.736534+00:00,20260817-040433,https://trends24.in/indonesia/,Sun Aug 16 2026 12:12:19 GMT+0000 (Coordinated Universal Time),50,#hut81,hut81,,,,,,
2026-08-17T04:04:33.736534+00:00,20260817-040433,https://trends24.in/indonesia/,Sun Aug 16 2026 12:12:14 GMT+0000 (Coordinated Universal Time),1,PERTHSANTA BEAUTY CHIANGMAI,perthsanta beauty chiangmai,,,,,,
2026-08-17T04:04:33.736534+00:00,20260817-040433,https://trends24.in/indonesia/,Sun Aug 16 2026 12:12:14 GMT+0000 (Coordinated Universal Time),2,#DuangConcertDay2,duangconcertday2,,,,,,
2026-08-17T04:04:33.736534+00:00,20260817-040433,https://trends24.in/indonesia/,Sun Aug 16 2026 12:12:14 GMT+0000 (Coordinated Universal Time),3,DUANG GO ROUND DAY2,duang go round day2,,,,,,
2026-08-17T04:04:33.736534+00:00,20260817-040433,https://trends24.in/indonesia/,Sun Aug 16 2026 12:12:14 GMT+0000 (Coordinated Universal Time),4,#RENJUNonTMEA2026,renjunontmea2026,,,,,,
2026-08-17T04:04:33.736534+00:00,20260817-040433,https://trends24.in/indonesia/,Sun Aug 16 2026 12:12:14 GMT+0000 (Coordinated Universal Time),5,#UranusClinicxJoongDunk,uranusclinicxjoongdunk,,,,,,
2026-08-17T04:04:33.736534+00:00,20260817-040433,https://trends24.in/indonesia/,Sun Aug 16 2026 12:12:14 GMT+0000 (Coordinated Universal Time),6,JOONGDUNK URANUS IN KB,joongdunk uranus in kb,,,,,,
2026-08-17T04:04:33.736534+00:00,20260817-040433,https://trends24.in/indonesia/,Sun Aug 16 2026 12:12:14 GMT+0000 (Coordinated Universal Time),7,JAKE BLONDE,jake blonde,,,,,,
2026-08-17T04:04:33.736534+00:00,20260817-040433,https://trends24.in/indonesia/,Sun Aug 16 2026 12:12:14 GMT+0000 (Coordinated Universal Time),8,#MatchPointSeriesEP4,matchpointseriesep4,,,,,,
2026-08-17T04:04:33.736534+00:00,20260817-040433,https://trends24.in/indonesia/,Sun Aug 16 2026 12:12:14 GMT+0000 (Coordinated Universal Time),9,EMIBONNIE BEAUTY INFINITY,emibonnie beauty infinity,,,,,,
2026-08-17T04:04:33.736534+00:00,20260817-040433,https://trends24.in/indonesia/,Sun Aug 16 2026 12:12:14 GMT+0000 (Coordinated Universal Time),10,#InfinityMedicalClinicxGemini,infinitymedicalclinicxgemini,,,,,,
2026-08-17T04:04:33.736534+00:00,20260817-040433,https://trends24.in/indonesia/,Sun Aug 16 2026 12:12:14 GMT+0000 (Coordinated Universal Time),11,CASHBACK,cashback,,,,,,
2026-08-17T04:04:33.736534+00:00,20260817-040433,https://trends24.in/indonesia/,Sun Aug 16 2026 12:12:14 GMT+0000 (Coordinated Universal Time),12,HIDUP BLONDE,hidup blonde,,,,,,
2026-08-17T04:04:33.736534+00:00,20260817-040433,https://trends24.in/indonesia/,Sun Aug 16 2026 12:12:14 GMT+0000 (Coordinated Universal Time),13,PAVEL X LUMARIS,pavel x lumaris,,,,,,
2026-08-17T04:04:33.736534+00:00,20260817-040433,https://trends24.in/indonesia/,Sun Aug 16 2026 12:12:14 GMT+0000 (Coordinated Universal Time),14,ClosEST MOMENT WITH EST,closest moment with est,,,,,,
2026-08-17T04:04:33.736534+00:00,20260817-040433,https://trends24.in/indonesia/,Sun Aug 16 2026 12:12:14 GMT+0000 (Coordinated Universal Time),15,DOMIIA MISCHIEVOUS DEVIL,domiia mischievous devil,,,,,,
2026-08-17T04:04:33.736534+00:00,20260817-040433,https://trends24.in/indonesia/,Sun Aug 16 2026 12:12:14 GMT+0000 (Coordinated Universal Time),16,JJ MAGICAL TIME,jj magical time,,,,,,
2026-08-17T04:04:33.736534+00:00,20260817-040433,https://trends24.in/indonesia/,Sun Aug 16 2026 12:12:14 GMT+0000 (Coordinated Universal Time),17,Manchester City,manchester city,,,,,,
2026-08-17T04:04:33.736534+00:00,20260817-040433,https://trends24.in/indonesia/,Sun Aug 16 2026 12:12:14 GMT+0000 (Coordinated Universal Time),18,SMYLE CUTIE POP STAR,smyle cutie pop star,,,,,,
2026-08-17T04:04:33.736534+00:00,20260817-040433,https://trends24.in/indonesia/,Sun Aug 16 2026 12:12:14 GMT+0000 (Coordinated Universal Time),19,Kantong,kantong,,,,,,
2026-08-17T04:04:33.736534+00:00,20260817-040433,https://trends24.in/indonesia/,Sun Aug 16 2026 12:12:14 GMT+0000 (Coordinated Universal Time),20,dirgahayu republik indonesia,dirgahayu republik indonesia,,,,,,
2026-08-17T04:04:33.736534+00:00,20260817-040433,https://trends24.in/indonesia/,Sun Aug 16 2026 12:12:14 GMT+0000 (Coordinated Universal Time),21,Lomba,lomba,,,,,,
2026-08-17T04:04:33.736534+00:00,20260817-040433,https://trends24.in/indonesia/,Sun Aug 16 2026 12:12:14 GMT+0000 (Coordinated Universal Time),22,Makmur,makmur,,,,,,
2026-08-17T04:04:33.736534+00:00,20260817-040433,https://trends24.in/indonesia/,Sun Aug 16 2026 12:12:14 GMT+0000 (Coordinated Universal Time),23,uluran tangan saudara,uluran tangan saudara,,,,,,
2026-08-17T04:04:33.736534+00:00,20260817-040433,https://trends24.in/indonesia/,Sun Aug 16 2026 12:12:14 GMT+0000 (Coordinated Universal Time),24,NKRI,nkri,,,,,,
2026-08-17T04:04:33.736534+00:00,20260817-040433,https://trends24.in/indonesia/,Sun Aug 16 2026 12:12:14 GMT+0000 (Coordinated Universal Time),25,16 Agustus,16 agustus,,,,,,
2026-08-17T04:04:33.736534+00:00,20260817-040433,https://trends24.in/indonesia/,Sun Aug 16 2026 12:12:14 GMT+0000 (Coordinated Universal Time),26,Gus Yaqut,gus yaqut,,,,,,
2026-08-17T04:04:33.736534+00:00,20260817-040433,https://trends24.in/indonesia/,Sun Aug 16 2026 12:12:14 GMT+0000 (Coordinated Universal Time),27,Merah Putih,merah putih,,,,,,
2026-08-17T04:04:33.736534+00:00,20260817-040433,https://trends24.in/indonesia/,Sun Aug 16 2026 12:12:14 GMT+0000 (Coordinated Universal Time),28,#LumarisFirstMeetxPavel,lumarisfirstmeetxpavel,,,,,,
2026-08-17T04:04:33.736534+00:00,20260817-040433,https://trends24.in/indonesia/,Sun Aug 16 2026 12:12:14 GMT+0000 (Coordinated Universal Time),29,#NolAnnTillTheEnd,nolanntilltheend,,,,,,
2026-08-17T04:04:33.736534+00:00,20260817-040433,https://trends24.in/indonesia/,Sun Aug 16 2026 12:12:14 GMT+0000 (Coordinated Universal Time),30,#í­ë ¥ë°ëARMY,í­ë ¥ë°ëarmy,,,,,,
2026-08-17T04:04:33.736534+00:00,20260817-040433,https://trends24.in/indonesia/,Sun Aug 16 2026 12:12:14 GMT+0000 (Coordinated Universal Time),31,#theewave,theewave,,,,,,
2026-08-17T04:04:33.736534+00:00,20260817-040433,https://trends24.in/indonesia/,Sun Aug 16 2026 12:12:14 GMT+0000 (Coordinated Universal Time),32,#ê°í´ìë°ëARMY,ê°í´ìë°ëarmy,,,,,,
2026-08-17T04:04:33.736534+00:00,20260817-040433,https://trends24.in/indonesia/,Sun Aug 16 2026 12:12:14 GMT+0000 (Coordinated Universal Time),33,#ARMYsAgainstAbusers,armysagainstabusers,,,,,,
2026-08-17T04:04:33.736534+00:00,20260817-040433,https://trends24.in/indonesia/,Sun Aug 16 2026 12:12:14 GMT+0000 (Coordinated Universal Time),34,#ARMYsAgainstViolence,armysagainstviolence,,,,,,
2026-08-17T04:04:33.736534+00:00,20260817-040433,https://trends24.in/indonesia/,Sun Aug 16 2026 12:12:14 GMT+0000 (Coordinated Universal Time),35,#ARMYsAginstChrisBrown,armysaginstchrisbrown,,,,,,
2026-08-17T04:04:33.736534+00:00,20260817-040433,https://trends24.in/indonesia/,Sun Aug 16 2026 12:12:14 GMT+0000 (Coordinated Universal Time),36,#ChrisBrownë°ëARMY,chrisbrownë°ëarmy,,,,,,
2026-08-17T04:04:33.736534+00:00,20260817-040433,https://trends24.in/indonesia/,Sun Aug 16 2026 12:12:14 GMT+0000 (Coordinated Universal Time),37,#ONELABEL_PROMOTE_SKZ,onelabel_promote_skz,,,,,,
2026-08-17T04:04:33.736534+00:00,20260817-040433,https://trends24.in/indonesia/,Sun Aug 16 2026 12:12:14 GMT+0000 (Coordinated Universal Time),38,#KalmclosESTmoment,kalmclosestmoment,,,,,,
2026-08-17T04:04:33.736534+00:00,20260817-040433,https://trends24.in/indonesia/,Sun Aug 16 2026 12:12:14 GMT+0000 (Coordinated Universal Time),39,#KalmClinicxEST,kalmclinicxest,,,,,,
2026-08-17T04:04:33.736534+00:00,20260817-040433,https://trends24.in/indonesia/,Sun Aug 16 2026 12:12:14 GMT+0000 (Coordinated Universal Time),40,#JJxLAITHAI,jjxlaithai,,,,,,
2026-08-17T04:04:33.736534+00:00,20260817-040433,https://trends24.in/indonesia/,Sun Aug 16 2026 12:12:14 GMT+0000 (Coordinated Universal Time),41,#AYLIOXMACAU2026,aylioxmacau2026,,,,,,
2026-08-17T04:04:33.736534+00:00,20260817-040433,https://trends24.in/indonesia/,Sun Aug 16 2026 12:12:14 GMT+0000 (Coordinated Universal Time),42,#TerikatJanjiEp133,terikatjanjiep133,,,,,,
2026-08-17T04:04:33.736534+00:00,20260817-040433,https://trends24.in/indonesia/,Sun Aug 16 2026 12:12:14 GMT+0000 (Coordinated Universal Time),43,#keonhyeon,keonhyeon,,,,,,
2026-08-17T04:04:33.736534+00:00,20260817-040433,https://trends24.in/indonesia/,Sun Aug 16 2026 12:12:14 GMT+0000 (Coordinated Universal Time),44,#GoodBoySeries,goodboyseries,,,,,,
2026-08-17T04:04:33.736534+00:00,20260817-040433,https://trends24.in/indonesia/,Sun Aug 16 2026 12:12:14 GMT+0000 (Coordinated Universal Time),45,#BersamaBantuNTT,bersamabantuntt,,,,,,
2026-08-17T04:04:33.736534+00:00,20260817-040433,https://trends24.in/indonesia/,Sun Aug 16 2026 12:12:14 GMT+0000 (Coordinated Universal Time),46,#KopiKenanganxNCTHaechan,kopikenanganxncthaechan,,,,,,
2026-08-17T04:04:33.736534+00:00,20260817-040433,https://trends24.in/indonesia/,Sun Aug 16 2026 12:12:14 GMT+0000 (Coordinated Universal Time),47,#waavetnp,waavetnp,,,,,,
2026-08-17T04:04:33.736534+00:00,20260817-040433,https://trends24.in/indonesia/,Sun Aug 16 2026 12:12:14 GMT+0000 (Coordinated Universal Time),48,#Fair4JossGawin,fair4jossgawin,,,,,,
2026-08-17T04:04:33.736534+00:00,20260817-040433,https://trends24.in/indonesia/,Sun Aug 16 2026 12:12:14 GMT+0000 (Coordinated Universal Time),49,#KDMPMensejahterakan,kdmpmensejahterakan,,,,,,
2026-08-17T04:04:33.736534+00:00,20260817-040433,https://trends24.in/indonesia/,Sun Aug 16 2026 12:12:14 GMT+0000 (Coordinated Universal Time),50,#hut81,hut81,,,,,,
2026-08-17T04:04:33.736534+00:00,20260817-040433,https://trends24.in/indonesia/,Sun Aug 16 2026 11:20:14 GMT+0000 (Coordinated Universal Time),1,PERTHSANTA BEAUTY CHIANGMAI,perthsanta beauty chiangmai,,,,,,
2026-08-17T04:04:33.736534+00:00,20260817-040433,https://trends24.in/indonesia/,Sun Aug 16 2026 11:20:14 GMT+0000 (Coordinated Universal Time),2,#DuangConcertDay2,duangconcertday2,,,,,,
2026-08-17T04:04:33.736534+00:00,20260817-040433,https://trends24.in/indonesia/,Sun Aug 16 2026 11:20:14 GMT+0000 (Coordinated Universal Time),3,DUANG GO ROUND DAY2,duang go round day2,,,,,,
2026-08-17T04:04:33.736534+00:00,20260817-040433,https://trends24.in/indonesia/,Sun Aug 16 2026 11:20:14 GMT+0000 (Coordinated Universal Time),4,#RENJUNonTMEA2026,renjunontmea2026,,,,,,
2026-08-17T04:04:33.736534+00:00,20260817-040433,https://trends24.in/indonesia/,Sun Aug 16 2026 11:20:14 GMT+0000 (Coordinated Universal Time),5,#UranusClinicxJoongDunk,uranusclinicxjoongdunk,,,,,,
2026-08-17T04:04:33.736534+00:00,20260817-040433,https://trends24.in/indonesia/,Sun Aug 16 2026 11:20:14 GMT+0000 (Coordinated Universal Time),6,JOONGDUNK URANUS IN KB,joongdunk uranus in kb,,,,,,
2026-08-17T04:04:33.736534+00:00,20260817-040433,https://trends24.in/indonesia/,Sun Aug 16 2026 11:20:14 GMT+0000 (Coordinated Universal Time),7,JAKE BLONDE,jake blonde,,,,,,
2026-08-17T04:04:33.736534+00:00,20260817-040433,https://trends24.in/indonesia/,Sun Aug 16 2026 11:20:14 GMT+0000 (Coordinated Universal Time),8,CASHBACK,cashback,,,,,,
2026-08-17T04:04:33.736534+00:00,20260817-040433,https://trends24.in/indonesia/,Sun Aug 16 2026 11:20:14 GMT+0000 (Coordinated Universal Time),9,DOMIIA MISCHIEVOUS DEVIL,domiia mischievous devil,,,,,,
2026-08-17T04:04:33.736534+00:00,20260817-040433,https://trends24.in/indonesia/,Sun Aug 16 2026 11:20:14 GMT+0000 (Coordinated Universal Time),10,#í­ë ¥ë°ëARMY,í­ë ¥ë°ëarmy,,,,,,
2026-08-17T04:04:33.736534+00:00,20260817-040433,https://trends24.in/indonesia/,Sun Aug 16 2026 11:20:14 GMT+0000 (Coordinated Universal Time),11,#JJxLAITHAI,jjxlaithai,,,,,,
2026-08-17T04:04:33.736534+00:00,20260817-040433,https://trends24.in/indonesia/,Sun Aug 16 2026 11:20:14 GMT+0000 (Coordinated Universal Time),12,JJ MAGICAL TIME,jj magical time,,,,,,
2026-08-17T04:04:33.736534+00:00,20260817-040433,https://trends24.in/indonesia/,Sun Aug 16 2026 11:20:14 GMT+0000 (Coordinated Universal Time),13,HIDUP BLONDE,hidup blonde,,,,,,
2026-08-17T04:04:33.736534+00:00,20260817-040433,https://trends24.in/indonesia/,Sun Aug 16 2026 11:20:14 GMT+0000 (Coordinated Universal Time),14,ClosEST MOMENT WITH EST,closest moment with est,,,,,,
2026-08-17T04:04:33.736534+00:00,20260817-040433,https://trends24.in/indonesia/,Sun Aug 16 2026 11:20:14 GMT+0000 (Coordinated Universal Time),15,SMYLE CUTIE POP STAR,smyle cutie pop star,,,,,,
2026-08-17T04:04:33.736534+00:00,20260817-040433,https://trends24.in/indonesia/,Sun Aug 16 2026 11:20:14 GMT+0000 (Coordinated Universal Time),16,Doa Untuk NTT,doa untuk ntt,,,,,,
2026-08-17T04:04:33.736534+00:00,20260817-040433,https://trends24.in/indonesia/,Sun Aug 16 2026 11:20:14 GMT+0000 (Coordinated Universal Time),17,Lomba,lomba,,,,,,
2026-08-17T04:04:33.736534+00:00,20260817-040433,https://trends24.in/indonesia/,Sun Aug 16 2026 11:20:14 GMT+0000 (Coordinated Universal Time),18,Aceh,aceh,,,,,,
2026-08-17T04:04:33.736534+00:00,20260817-040433,https://trends24.in/indonesia/,Sun Aug 16 2026 11:20:14 GMT+0000 (Coordinated Universal Time),19,Dirgahayu Republik Indonesia,dirgahayu republik indonesia,,,,,,
2026-08-17T04:04:33.736534+00:00,20260817-040433,https://trends24.in/indonesia/,Sun Aug 16 2026 11:20:14 GMT+0000 (Coordinated Universal Time),20,HYROX GO PAVEL GO,hyrox go pavel go,,,,,,
2026-08-17T04:04:33.736534+00:00,20260817-040433,https://trends24.in/indonesia/,Sun Aug 16 2026 11:20:14 GMT+0000 (Coordinated Universal Time),21,Uluran Tangan Saudara,uluran tangan saudara,,,,,,
2026-08-17T04:04:33.736534+00:00,20260817-040433,https://trends24.in/indonesia/,Sun Aug 16 2026 11:20:14 GMT+0000 (Coordinated Universal Time),22,NKRI,nkri,,,,,,
2026-08-17T04:04:33.736534+00:00,20260817-040433,https://trends24.in/indonesia/,Sun Aug 16 2026 11:20:14 GMT+0000 (Coordinated Universal Time),23,Makmur,makmur,,,,,,
2026-08-17T04:04:33.736534+00:00,20260817-040433,https://trends24.in/indonesia/,Sun Aug 16 2026 11:20:14 GMT+0000 (Coordinated Universal Time),24,Gus Yaqut,gus yaqut,,,,,,
2026-08-17T04:04:33.736534+00:00,20260817-040433,https://trends24.in/indonesia/,Sun Aug 16 2026 11:20:14 GMT+0000 (Coordinated Universal Time),25,Merah Putih,merah putih,,,,,,
2026-08-17T04:04:33.736534+00:00,20260817-040433,https://trends24.in/indonesia/,Sun Aug 16 2026 11:20:14 GMT+0000 (Coordinated Universal Time),26,#ê°í´ìë°ëARMY,ê°í´ìë°ëarmy,,,,,,
2026-08-17T04:04:33.736534+00:00,20260817-040433,https://trends24.in/indonesia/,Sun Aug 16 2026 11:20:14 GMT+0000 (Coordinated Universal Time),27,#NolAnnTillTheEnd,nolanntilltheend,,,,,,
2026-08-17T04:04:33.736534+00:00,20260817-040433,https://trends24.in/indonesia/,Sun Aug 16 2026 11:20:14 GMT+0000 (Coordinated Universal Time),28,#KalmclosESTmoment,kalmclosestmoment,,,,,,
2026-08-17T04:04:33.736534+00:00,20260817-040433,https://trends24.in/indonesia/,Sun Aug 16 2026 11:20:14 GMT+0000 (Coordinated Universal Time),29,#AYLIOXMACAU2026,aylioxmacau2026,,,,,,
2026-08-17T04:04:33.736534+00:00,20260817-040433,https://trends24.in/indonesia/,Sun Aug 16 2026 11:20:14 GMT+0000 (Coordinated Universal Time),30,#ChrisBrownë°ëARMY,chrisbrownë°ëarmy,,,,,,
2026-08-17T04:04:33.736534+00:00,20260817-040433,https://trends24.in/indonesia/,Sun Aug 16 2026 11:20:14 GMT+0000 (Coordinated Universal Time),31,#KalmClinicxEST,kalmclinicxest,,,,,,
2026-08-17T04:04:33.736534+00:00,20260817-040433,https://trends24.in/indonesia/,Sun Aug 16 2026 11:20:14 GMT+0000 (Coordinated Universal Time),32,#ARMYsAgainstAbusers,armysagainstabusers,,,,,,
2026-08-17T04:04:33.736534+00:00,20260817-040433,https://trends24.in/indonesia/,Sun Aug 16 2026 11:20:14 GMT+0000 (Coordinated Universal Time),33,#ARMYsAgainstViolence,armysagainstviolence,,,,,,
2026-08-17T04:04:33.736534+00:00,20260817-040433,https://trends24.in/indonesia/,Sun Aug 16 2026 11:20:14 GMT+0000 (Coordinated Universal Time),34,#ARMYsAginstChrisBrown,armysaginstchrisbrown,,,,,,
2026-08-17T04:04:33.736534+00:00,20260817-040433,https://trends24.in/indonesia/,Sun Aug 16 2026 11:20:14 GMT+0000 (Coordinated Universal Time),35,#ONELABEL_PROMOTE_SKZ,onelabel_promote_skz,,,,,,
2026-08-17T04:04:33.736534+00:00,20260817-040433,https://trends24.in/indonesia/,Sun Aug 16 2026 11:20:14 GMT+0000 (Coordinated Universal Time),36,#keonhyeon,keonhyeon,,,,,,
2026-08-17T04:04:33.736534+00:00,20260817-040433,https://trends24.in/indonesia/,Sun Aug 16 2026 11:20:14 GMT+0000 (Coordinated Universal Time),37,#GoodBoySeries,goodboyseries,,,,,,
2026-08-17T04:04:33.736534+00:00,20260817-040433,https://trends24.in/indonesia/,Sun Aug 16 2026 11:20:14 GMT+0000 (Coordinated Universal Time),38,#CharacterFestThailand2xGMMTV,characterfestthailand2xgmmtv,,,,,,
2026-08-17T04:04:33.736534+00:00,20260817-040433,https://trends24.in/indonesia/,Sun Aug 16 2026 11:20:14 GMT+0000 (Coordinated Universal Time),39,#PavelphoomHyroxDay,pavelphoomhyroxday,,,,,,
2026-08-17T04:04:33.736534+00:00,20260817-040433,https://trends24.in/indonesia/,Sun Aug 16 2026 11:20:14 GMT+0000 (Coordinated Universal Time),40,#BersamaBantuNTT,bersamabantuntt,,,,,,
2026-08-17T04:04:33.736534+00:00,20260817-040433,https://trends24.in/indonesia/,Sun Aug 16 2026 11:20:14 GMT+0000 (Coordinated Universal Time),41,#KopiKenanganxNCTHaechan,kopikenanganxncthaechan,,,,,,
2026-08-17T04:04:33.736534+00:00,20260817-040433,https://trends24.in/indonesia/,Sun Aug 16 2026 11:20:14 GMT+0000 (Coordinated Universal Time),42,#DukaBencana,dukabencana,,,,,,
2026-08-17T04:04:33.736534+00:00,20260817-040433,https://trends24.in/indonesia/,Sun Aug 16 2026 11:20:14 GMT+0000 (Coordinated Universal Time),43,#Fair4JossGawin,fair4jossgawin,,,,,,
2026-08-17T04:04:33.736534+00:00,20260817-040433,https://trends24.in/indonesia/,Sun Aug 16 2026 11:20:14 GMT+0000 (Coordinated Universal Time),44,#KDMPMensejahterakan,kdmpmensejahterakan,,,,,,
2026-08-17T04:04:33.736534+00:00,20260817-040433,https://trends24.in/indonesia/,Sun Aug 16 2026 11:20:14 GMT+0000 (Coordinated Universal Time),45,#HUT81,hut81,,,,,,
2026-08-17T04:04:33.736534+00:00,20260817-040433,https://trends24.in/indonesia/,Sun Aug 16 2026 11:20:14 GMT+0000 (Coordinated Universal Time),46,#UFC330,ufc330,,,,,,
2026-08-17T04:04:33.736534+00:00,20260817-040433,https://trends24.in/indonesia/,Sun Aug 16 2026 11:20:14 GMT+0000 (Coordinated Universal Time),47,#JKT48FajarSangIdola,jkt48fajarsangidola,,,,,,
2026-08-17T04:04:33.736534+00:00,20260817-040433,https://trends24.in/indonesia/,Sun Aug 16 2026 11:20:14 GMT+0000 (Coordinated Universal Time),48,#FourthConcert,fourthconcert,,,,,,
