captured_at_utc,run_id,source_url,hour_label,rank,name,name_norm,tweet_count_raw,tweet_count,best_position,total_tweets,trending_for_raw,trending_for_hours
2026-08-17T17:49:25.463914+00:00,20260817-174925,https://trends24.in/indonesia/,Mon Aug 17 2026 17:27:40 GMT+0000 (Coordinated Universal Time),1,#FirstYearOutsideTheLines,firstyearoutsidethelines,,,,,,
2026-08-17T17:49:25.463914+00:00,20260817-174925,https://trends24.in/indonesia/,Mon Aug 17 2026 17:27:40 GMT+0000 (Coordinated Universal Time),2,#ì½ë¥´í°ì¤ì½ì´_ì¼ì£¼ëì_ì¶íí´,ì½ë¥´í°ì¤ì½ì´_ì¼ì£¼ë ì_ì¶íí´,,,,,,
2026-08-17T17:49:25.463914+00:00,20260817-174925,https://trends24.in/indonesia/,Mon Aug 17 2026 17:27:40 GMT+0000 (Coordinated Universal Time),3,#CORTIS,cortis,,,,,,
2026-08-17T17:49:25.463914+00:00,20260817-174925,https://trends24.in/indonesia/,Mon Aug 17 2026 17:27:40 GMT+0000 (Coordinated Universal Time),4,#Tyoday_Is_JUNHAN_Day,tyoday_is_junhan_day,,,,,,
2026-08-17T17:49:25.463914+00:00,20260817-174925,https://trends24.in/indonesia/,Mon Aug 17 2026 17:27:40 GMT+0000 (Coordinated Universal Time),5,#ì°ì£¼ìµê°ì¹ìê¸°íë¦¬ì¤í¸_ì¤í_ìì¼ì¶íí´,ì°ì£¼ìµê°ì¹ìê¸°íë¦¬ì¤í¸_ì¤í_ìì¼ì¶íí´,,,,,,
2026-08-17T17:49:25.463914+00:00,20260817-174925,https://trends24.in/indonesia/,Mon Aug 17 2026 17:27:40 GMT+0000 (Coordinated Universal Time),6,JAMES TURNS A YEAR TIMELESS,james turns a year timeless,,,,,,
2026-08-17T17:49:25.463914+00:00,20260817-174925,https://trends24.in/indonesia/,Mon Aug 17 2026 17:27:40 GMT+0000 (Coordinated Universal Time),7,NANINEONA PREMPAODY X SPIDEY,nanineona prempaody x spidey,,,,,,
2026-08-17T17:49:25.463914+00:00,20260817-174925,https://trends24.in/indonesia/,Mon Aug 17 2026 17:27:40 GMT+0000 (Coordinated Universal Time),8,DONT SAY YOU LOVE ME 1B,dont say you love me 1b,,,,,,
2026-08-17T17:49:25.463914+00:00,20260817-174925,https://trends24.in/indonesia/,Mon Aug 17 2026 17:27:40 GMT+0000 (Coordinated Universal Time),9,IDEA BANK,idea bank,,,,,,
2026-08-17T17:49:25.463914+00:00,20260817-174925,https://trends24.in/indonesia/,Mon Aug 17 2026 17:27:40 GMT+0000 (Coordinated Universal Time),10,BND RESONATES A BOOM,bnd resonates a boom,,,,,,
2026-08-17T17:49:25.463914+00:00,20260817-174925,https://trends24.in/indonesia/,Mon Aug 17 2026 17:27:40 GMT+0000 (Coordinated Universal Time),11,JAGA NKRI Bersama,jaga nkri bersama,,,,,,
2026-08-17T17:49:25.463914+00:00,20260817-174925,https://trends24.in/indonesia/,Mon Aug 17 2026 17:27:40 GMT+0000 (Coordinated Universal Time),12,CONGRATULATIONS JIN,congratulations jin,,,,,,
2026-08-17T17:49:25.463914+00:00,20260817-174925,https://trends24.in/indonesia/,Mon Aug 17 2026 17:27:40 GMT+0000 (Coordinated Universal Time),13,COER,coer,,,,,,
2026-08-17T17:49:25.463914+00:00,20260817-174925,https://trends24.in/indonesia/,Mon Aug 17 2026 17:27:40 GMT+0000 (Coordinated Universal Time),14,Diego Moreira,diego moreira,,,,,,
2026-08-17T17:49:25.463914+00:00,20260817-174925,https://trends24.in/indonesia/,Mon Aug 17 2026 17:27:40 GMT+0000 (Coordinated Universal Time),15,WHERE IS JUN'S CONTENT,where is jun's content,,,,,,
2026-08-17T17:49:25.463914+00:00,20260817-174925,https://trends24.in/indonesia/,Mon Aug 17 2026 17:27:40 GMT+0000 (Coordinated Universal Time),16,THANK YOU LEO SANGWON,thank you leo sangwon,,,,,,
2026-08-17T17:49:25.463914+00:00,20260817-174925,https://trends24.in/indonesia/,Mon Aug 17 2026 17:27:40 GMT+0000 (Coordinated Universal Time),17,FOURTH AT MUANGMANYA GALA,fourth at muangmanya gala,,,,,,
2026-08-17T17:49:25.463914+00:00,20260817-174925,https://trends24.in/indonesia/,Mon Aug 17 2026 17:27:40 GMT+0000 (Coordinated Universal Time),18,Dada,dada,,,,,,
2026-08-17T17:49:25.463914+00:00,20260817-174925,https://trends24.in/indonesia/,Mon Aug 17 2026 17:27:40 GMT+0000 (Coordinated Universal Time),19,Sempit,sempit,,,,,,
2026-08-17T17:49:25.463914+00:00,20260817-174925,https://trends24.in/indonesia/,Mon Aug 17 2026 17:27:40 GMT+0000 (Coordinated Universal Time),20,Juara,juara,,,,,,
2026-08-17T17:49:25.463914+00:00,20260817-174925,https://trends24.in/indonesia/,Mon Aug 17 2026 17:27:40 GMT+0000 (Coordinated Universal Time),21,#365DaysWithJAMES,365dayswithjames,,,,,,
2026-08-17T17:49:25.463914+00:00,20260817-174925,https://trends24.in/indonesia/,Mon Aug 17 2026 17:27:40 GMT+0000 (Coordinated Universal Time),22,#SEONGHYEON1YearVoyage,seonghyeon1yearvoyage,,,,,,
2026-08-17T17:49:25.463914+00:00,20260817-174925,https://trends24.in/indonesia/,Mon Aug 17 2026 17:27:40 GMT+0000 (Coordinated Universal Time),23,#JIN1BILLION,jin1billion,,,,,,
2026-08-17T17:49:25.463914+00:00,20260817-174925,https://trends24.in/indonesia/,Mon Aug 17 2026 17:27:40 GMT+0000 (Coordinated Universal Time),24,#DSYLM1BSpotify,dsylm1bspotify,,,,,,
2026-08-17T17:49:25.463914+00:00,20260817-174925,https://trends24.in/indonesia/,Mon Aug 17 2026 17:27:40 GMT+0000 (Coordinated Universal Time),25,#TheWorldMetKeonho,theworldmetkeonho,,,,,,
2026-08-17T17:49:25.463914+00:00,20260817-174925,https://trends24.in/indonesia/,Mon Aug 17 2026 17:27:40 GMT+0000 (Coordinated Universal Time),26,#ì±í_ë°ë·ê¸°ëì¼,ì±í_ë°ë·ê¸°ë ì¼,,,,,,
2026-08-17T17:49:25.463914+00:00,20260817-174925,https://trends24.in/indonesia/,Mon Aug 17 2026 17:27:40 GMT+0000 (Coordinated Universal Time),27,#BOOMwithBND,boomwithbnd,,,,,,
2026-08-17T17:49:25.463914+00:00,20260817-174925,https://trends24.in/indonesia/,Mon Aug 17 2026 17:27:40 GMT+0000 (Coordinated Universal Time),28,#ãã®å¤ã¯BOOMBOOMBOOM,ãã®å¤ã¯boomboomboom,,,,,,
2026-08-17T17:49:25.463914+00:00,20260817-174925,https://trends24.in/indonesia/,Mon Aug 17 2026 17:27:40 GMT+0000 (Coordinated Universal Time),29,#BND2ndJPSingle,bnd2ndjpsingle,,,,,,
2026-08-17T17:49:25.463914+00:00,20260817-174925,https://trends24.in/indonesia/,Mon Aug 17 2026 17:27:40 GMT+0000 (Coordinated Universal Time),30,#JUHOONOneYearToBeyond,juhoononeyeartobeyond,,,,,,
2026-08-17T17:49:25.463914+00:00,20260817-174925,https://trends24.in/indonesia/,Mon Aug 17 2026 17:27:40 GMT+0000 (Coordinated Universal Time),31,#ê±´í¸ë¡_ë¬¼ë _ìê°,ê±´í¸ë¡_ë¬¼ë _ìê°,,,,,,
2026-08-17T17:49:25.463914+00:00,20260817-174925,https://trends24.in/indonesia/,Mon Aug 17 2026 17:27:40 GMT+0000 (Coordinated Universal Time),32,#MerahPutihDiAcehPapua,merahputihdiacehpapua,,,,,,
2026-08-17T17:49:25.463914+00:00,20260817-174925,https://trends24.in/indonesia/,Mon Aug 17 2026 17:27:40 GMT+0000 (Coordinated Universal Time),33,#BloodyParadise,bloodyparadise,,,,,,
2026-08-17T17:49:25.463914+00:00,20260817-174925,https://trends24.in/indonesia/,Mon Aug 17 2026 17:27:40 GMT+0000 (Coordinated Universal Time),34,#ENHYPEN_8thMiniAlbum,enhypen_8thminialbum,,,,,,
2026-08-17T17:49:25.463914+00:00,20260817-174925,https://trends24.in/indonesia/,Mon Aug 17 2026 17:27:40 GMT+0000 (Coordinated Universal Time),35,#THE_SIN_BLISS,the_sin_bliss,,,,,,
2026-08-17T17:49:25.463914+00:00,20260817-174925,https://trends24.in/indonesia/,Mon Aug 17 2026 17:27:40 GMT+0000 (Coordinated Universal Time),36,#à¹à¸¡à¸·à¸­à¸à¸¡à¸²à¸£à¸¢à¸²à¹à¸à¸­à¸°à¸¡à¸´à¸§à¸ªà¸´à¸à¸±à¸¥,à¹à¸¡à¸·à¸­à¸à¸¡à¸²à¸£à¸¢à¸²à¹à¸à¸­à¸°à¸¡à¸´à¸§à¸ªà¸´à¸à¸±à¸¥,,,,,,
2026-08-17T17:49:25.463914+00:00,20260817-174925,https://trends24.in/indonesia/,Mon Aug 17 2026 17:27:40 GMT+0000 (Coordinated Universal Time),37,#KuCoin,kucoin,,,,,,
2026-08-17T17:49:25.463914+00:00,20260817-174925,https://trends24.in/indonesia/,Mon Aug 17 2026 17:27:40 GMT+0000 (Coordinated Universal Time),38,#à¹à¸¡à¸·à¸­à¸à¸¡à¸²à¸£à¸¢à¸²TheMusical,à¹à¸¡à¸·à¸­à¸à¸¡à¸²à¸£à¸¢à¸²themusical,,,,,,
2026-08-17T17:49:25.463914+00:00,20260817-174925,https://trends24.in/indonesia/,Mon Aug 17 2026 17:27:40 GMT+0000 (Coordinated Universal Time),39,#TerikatJanjiEp134,terikatjanjiep134,,,,,,
2026-08-17T17:49:25.463914+00:00,20260817-174925,https://trends24.in/indonesia/,Mon Aug 17 2026 16:33:17 GMT+0000 (Coordinated Universal Time),1,#FirstYearOutsideTheLines,firstyearoutsidethelines,,,,,,
2026-08-17T17:49:25.463914+00:00,20260817-174925,https://trends24.in/indonesia/,Mon Aug 17 2026 16:33:17 GMT+0000 (Coordinated Universal Time),2,#ì½ë¥´í°ì¤ì½ì´_ì¼ì£¼ëì_ì¶íí´,ì½ë¥´í°ì¤ì½ì´_ì¼ì£¼ë ì_ì¶íí´,,,,,,
2026-08-17T17:49:25.463914+00:00,20260817-174925,https://trends24.in/indonesia/,Mon Aug 17 2026 16:33:17 GMT+0000 (Coordinated Universal Time),3,#CORTIS,cortis,,,,,,
2026-08-17T17:49:25.463914+00:00,20260817-174925,https://trends24.in/indonesia/,Mon Aug 17 2026 16:33:17 GMT+0000 (Coordinated Universal Time),4,#Tyoday_Is_JUNHAN_Day,tyoday_is_junhan_day,,,,,,
2026-08-17T17:49:25.463914+00:00,20260817-174925,https://trends24.in/indonesia/,Mon Aug 17 2026 16:33:17 GMT+0000 (Coordinated Universal Time),5,#ì°ì£¼ìµê°ì¹ìê¸°íë¦¬ì¤í¸_ì¤í_ìì¼ì¶íí´,ì°ì£¼ìµê°ì¹ìê¸°íë¦¬ì¤í¸_ì¤í_ìì¼ì¶íí´,,,,,,
2026-08-17T17:49:25.463914+00:00,20260817-174925,https://trends24.in/indonesia/,Mon Aug 17 2026 16:33:17 GMT+0000 (Coordinated Universal Time),6,NANINEONA PREMPAODY X SPIDEY,nanineona prempaody x spidey,,,,,,
2026-08-17T17:49:25.463914+00:00,20260817-174925,https://trends24.in/indonesia/,Mon Aug 17 2026 16:33:17 GMT+0000 (Coordinated Universal Time),7,JAMES TURNS A YEAR TIMELESS,james turns a year timeless,,,,,,
2026-08-17T17:49:25.463914+00:00,20260817-174925,https://trends24.in/indonesia/,Mon Aug 17 2026 16:33:17 GMT+0000 (Coordinated Universal Time),8,BND RESONATES A BOOM,bnd resonates a boom,,,,,,
2026-08-17T17:49:25.463914+00:00,20260817-174925,https://trends24.in/indonesia/,Mon Aug 17 2026 16:33:17 GMT+0000 (Coordinated Universal Time),9,JAGA NKRI Bersama,jaga nkri bersama,,,,,,
2026-08-17T17:49:25.463914+00:00,20260817-174925,https://trends24.in/indonesia/,Mon Aug 17 2026 16:33:17 GMT+0000 (Coordinated Universal Time),10,Diego Moreira,diego moreira,,,,,,
2026-08-17T17:49:25.463914+00:00,20260817-174925,https://trends24.in/indonesia/,Mon Aug 17 2026 16:33:17 GMT+0000 (Coordinated Universal Time),11,COER,coer,,,,,,
2026-08-17T17:49:25.463914+00:00,20260817-174925,https://trends24.in/indonesia/,Mon Aug 17 2026 16:33:17 GMT+0000 (Coordinated Universal Time),12,WHERE IS JUN'S CONTENT,where is jun's content,,,,,,
2026-08-17T17:49:25.463914+00:00,20260817-174925,https://trends24.in/indonesia/,Mon Aug 17 2026 16:33:17 GMT+0000 (Coordinated Universal Time),13,THANK YOU LEO SANGWON,thank you leo sangwon,,,,,,
2026-08-17T17:49:25.463914+00:00,20260817-174925,https://trends24.in/indonesia/,Mon Aug 17 2026 16:33:17 GMT+0000 (Coordinated Universal Time),14,FOURTH AT MUANGMANYA GALA,fourth at muangmanya gala,,,,,,
2026-08-17T17:49:25.463914+00:00,20260817-174925,https://trends24.in/indonesia/,Mon Aug 17 2026 16:33:17 GMT+0000 (Coordinated Universal Time),15,CONGRATULATIONS JIN,congratulations jin,,,,,,
2026-08-17T17:49:25.463914+00:00,20260817-174925,https://trends24.in/indonesia/,Mon Aug 17 2026 16:33:17 GMT+0000 (Coordinated Universal Time),16,Dada,dada,,,,,,
2026-08-17T17:49:25.463914+00:00,20260817-174925,https://trends24.in/indonesia/,Mon Aug 17 2026 16:33:17 GMT+0000 (Coordinated Universal Time),17,TFO YOURTUBER FITTING,tfo yourtuber fitting,,,,,,
2026-08-17T17:49:25.463914+00:00,20260817-174925,https://trends24.in/indonesia/,Mon Aug 17 2026 16:33:17 GMT+0000 (Coordinated Universal Time),18,Sempit,sempit,,,,,,
2026-08-17T17:49:25.463914+00:00,20260817-174925,https://trends24.in/indonesia/,Mon Aug 17 2026 16:33:17 GMT+0000 (Coordinated Universal Time),19,Juara,juara,,,,,,
2026-08-17T17:49:25.463914+00:00,20260817-174925,https://trends24.in/indonesia/,Mon Aug 17 2026 16:33:17 GMT+0000 (Coordinated Universal Time),20,Upacara HUT,upacara hut,,,,,,
2026-08-17T17:49:25.463914+00:00,20260817-174925,https://trends24.in/indonesia/,Mon Aug 17 2026 16:33:17 GMT+0000 (Coordinated Universal Time),21,#365DaysWithJAMES,365dayswithjames,,,,,,
2026-08-17T17:49:25.463914+00:00,20260817-174925,https://trends24.in/indonesia/,Mon Aug 17 2026 16:33:17 GMT+0000 (Coordinated Universal Time),22,#TheWorldMetKeonho,theworldmetkeonho,,,,,,
2026-08-17T17:49:25.463914+00:00,20260817-174925,https://trends24.in/indonesia/,Mon Aug 17 2026 16:33:17 GMT+0000 (Coordinated Universal Time),23,#SEONGHYEON1YearVoyage,seonghyeon1yearvoyage,,,,,,
2026-08-17T17:49:25.463914+00:00,20260817-174925,https://trends24.in/indonesia/,Mon Aug 17 2026 16:33:17 GMT+0000 (Coordinated Universal Time),24,#ì±í_ë°ë·ê¸°ëì¼,ì±í_ë°ë·ê¸°ë ì¼,,,,,,
2026-08-17T17:49:25.463914+00:00,20260817-174925,https://trends24.in/indonesia/,Mon Aug 17 2026 16:33:17 GMT+0000 (Coordinated Universal Time),25,#BOOMwithBND,boomwithbnd,,,,,,
2026-08-17T17:49:25.463914+00:00,20260817-174925,https://trends24.in/indonesia/,Mon Aug 17 2026 16:33:17 GMT+0000 (Coordinated Universal Time),26,#ãã®å¤ã¯BOOMBOOMBOOM,ãã®å¤ã¯boomboomboom,,,,,,
2026-08-17T17:49:25.463914+00:00,20260817-174925,https://trends24.in/indonesia/,Mon Aug 17 2026 16:33:17 GMT+0000 (Coordinated Universal Time),27,#BND2ndJPSingle,bnd2ndjpsingle,,,,,,
2026-08-17T17:49:25.463914+00:00,20260817-174925,https://trends24.in/indonesia/,Mon Aug 17 2026 16:33:17 GMT+0000 (Coordinated Universal Time),28,#ê±´í¸ë¡_ë¬¼ë _ìê°,ê±´í¸ë¡_ë¬¼ë _ìê°,,,,,,
2026-08-17T17:49:25.463914+00:00,20260817-174925,https://trends24.in/indonesia/,Mon Aug 17 2026 16:33:17 GMT+0000 (Coordinated Universal Time),29,#MerahPutihDiAcehPapua,merahputihdiacehpapua,,,,,,
2026-08-17T17:49:25.463914+00:00,20260817-174925,https://trends24.in/indonesia/,Mon Aug 17 2026 16:33:17 GMT+0000 (Coordinated Universal Time),30,#JUHOONOneYearToBeyond,juhoononeyeartobeyond,,,,,,
2026-08-17T17:49:25.463914+00:00,20260817-174925,https://trends24.in/indonesia/,Mon Aug 17 2026 16:33:17 GMT+0000 (Coordinated Universal Time),31,#BloodyParadise,bloodyparadise,,,,,,
2026-08-17T17:49:25.463914+00:00,20260817-174925,https://trends24.in/indonesia/,Mon Aug 17 2026 16:33:17 GMT+0000 (Coordinated Universal Time),32,#ENHYPEN_8thMiniAlbum,enhypen_8thminialbum,,,,,,
2026-08-17T17:49:25.463914+00:00,20260817-174925,https://trends24.in/indonesia/,Mon Aug 17 2026 16:33:17 GMT+0000 (Coordinated Universal Time),33,#THE_SIN_BLISS,the_sin_bliss,,,,,,
2026-08-17T17:49:25.463914+00:00,20260817-174925,https://trends24.in/indonesia/,Mon Aug 17 2026 16:33:17 GMT+0000 (Coordinated Universal Time),34,#TerikatJanjiEp134,terikatjanjiep134,,,,,,
2026-08-17T17:49:25.463914+00:00,20260817-174925,https://trends24.in/indonesia/,Mon Aug 17 2026 16:33:17 GMT+0000 (Coordinated Universal Time),35,#à¹à¸¡à¸·à¸­à¸à¸¡à¸²à¸£à¸¢à¸²TheMusical,à¹à¸¡à¸·à¸­à¸à¸¡à¸²à¸£à¸¢à¸²themusical,,,,,,
2026-08-17T17:49:25.463914+00:00,20260817-174925,https://trends24.in/indonesia/,Mon Aug 17 2026 16:33:17 GMT+0000 (Coordinated Universal Time),36,#à¹à¸¡à¸·à¸­à¸à¸¡à¸²à¸£à¸¢à¸²à¹à¸à¸­à¸°à¸¡à¸´à¸§à¸ªà¸´à¸à¸±à¸¥,à¹à¸¡à¸·à¸­à¸à¸¡à¸²à¸£à¸¢à¸²à¹à¸à¸­à¸°à¸¡à¸´à¸§à¸ªà¸´à¸à¸±à¸¥,,,,,,
2026-08-17T17:49:25.463914+00:00,20260817-174925,https://trends24.in/indonesia/,Mon Aug 17 2026 16:33:17 GMT+0000 (Coordinated Universal Time),37,#PledisStopIgnoringJUN,pledisstopignoringjun,,,,,,
2026-08-17T17:49:25.463914+00:00,20260817-174925,https://trends24.in/indonesia/,Mon Aug 17 2026 16:33:17 GMT+0000 (Coordinated Universal Time),38,#pks81tahunri,pks81tahunri,,,,,,
2026-08-17T17:49:25.463914+00:00,20260817-174925,https://trends24.in/indonesia/,Mon Aug 17 2026 16:33:17 GMT+0000 (Coordinated Universal Time),39,#KengHarit,kengharit,,,,,,
2026-08-17T17:49:25.463914+00:00,20260817-174925,https://trends24.in/indonesia/,Mon Aug 17 2026 16:33:17 GMT+0000 (Coordinated Universal Time),40,#FittingYourtuber,fittingyourtuber,,,,,,
2026-08-17T17:49:25.463914+00:00,20260817-174925,https://trends24.in/indonesia/,Mon Aug 17 2026 15:40:23 GMT+0000 (Coordinated Universal Time),1,#FirstYearOutsideTheLines,firstyearoutsidethelines,,,,,,
2026-08-17T17:49:25.463914+00:00,20260817-174925,https://trends24.in/indonesia/,Mon Aug 17 2026 15:40:23 GMT+0000 (Coordinated Universal Time),2,#ì½ë¥´í°ì¤ì½ì´_ì¼ì£¼ëì_ì¶íí´,ì½ë¥´í°ì¤ì½ì´_ì¼ì£¼ë ì_ì¶íí´,,,,,,
2026-08-17T17:49:25.463914+00:00,20260817-174925,https://trends24.in/indonesia/,Mon Aug 17 2026 15:40:23 GMT+0000 (Coordinated Universal Time),3,#CORTIS,cortis,,,,,,
2026-08-17T17:49:25.463914+00:00,20260817-174925,https://trends24.in/indonesia/,Mon Aug 17 2026 15:40:23 GMT+0000 (Coordinated Universal Time),4,#Tyoday_Is_JUNHAN_Day,tyoday_is_junhan_day,,,,,,
2026-08-17T17:49:25.463914+00:00,20260817-174925,https://trends24.in/indonesia/,Mon Aug 17 2026 15:40:23 GMT+0000 (Coordinated Universal Time),5,#ì°ì£¼ìµê°ì¹ìê¸°íë¦¬ì¤í¸_ì¤í_ìì¼ì¶íí´,ì°ì£¼ìµê°ì¹ìê¸°íë¦¬ì¤í¸_ì¤í_ìì¼ì¶íí´,,,,,,
2026-08-17T17:49:25.463914+00:00,20260817-174925,https://trends24.in/indonesia/,Mon Aug 17 2026 15:40:23 GMT+0000 (Coordinated Universal Time),6,NANINEONA PREMPAODY X SPIDEY,nanineona prempaody x spidey,,,,,,
2026-08-17T17:49:25.463914+00:00,20260817-174925,https://trends24.in/indonesia/,Mon Aug 17 2026 15:40:23 GMT+0000 (Coordinated Universal Time),7,BND RESONATES A BOOM,bnd resonates a boom,,,,,,
2026-08-17T17:49:25.463914+00:00,20260817-174925,https://trends24.in/indonesia/,Mon Aug 17 2026 15:40:23 GMT+0000 (Coordinated Universal Time),8,JAGA NKRI Bersama,jaga nkri bersama,,,,,,
2026-08-17T17:49:25.463914+00:00,20260817-174925,https://trends24.in/indonesia/,Mon Aug 17 2026 15:40:23 GMT+0000 (Coordinated Universal Time),9,SEONGHYEON REIGNS THIS CHAPTER,seonghyeon reigns this chapter,,,,,,
2026-08-17T17:49:25.463914+00:00,20260817-174925,https://trends24.in/indonesia/,Mon Aug 17 2026 15:40:23 GMT+0000 (Coordinated Universal Time),10,Amanat AMY,amanat amy,,,,,,
2026-08-17T17:49:25.463914+00:00,20260817-174925,https://trends24.in/indonesia/,Mon Aug 17 2026 15:40:23 GMT+0000 (Coordinated Universal Time),11,Diego Moreira,diego moreira,,,,,,
2026-08-17T17:49:25.463914+00:00,20260817-174925,https://trends24.in/indonesia/,Mon Aug 17 2026 15:40:23 GMT+0000 (Coordinated Universal Time),12,THANK YOU LEO SANGWON,thank you leo sangwon,,,,,,
2026-08-17T17:49:25.463914+00:00,20260817-174925,https://trends24.in/indonesia/,Mon Aug 17 2026 15:40:23 GMT+0000 (Coordinated Universal Time),13,WHERE IS JUN'S CONTENT,where is jun's content,,,,,,
2026-08-17T17:49:25.463914+00:00,20260817-174925,https://trends24.in/indonesia/,Mon Aug 17 2026 15:40:23 GMT+0000 (Coordinated Universal Time),14,FOURTH AT MUANGMANYA GALA,fourth at muangmanya gala,,,,,,
2026-08-17T17:49:25.463914+00:00,20260817-174925,https://trends24.in/indonesia/,Mon Aug 17 2026 15:40:23 GMT+0000 (Coordinated Universal Time),15,Dari Aceh,dari aceh,,,,,,
2026-08-17T17:49:25.463914+00:00,20260817-174925,https://trends24.in/indonesia/,Mon Aug 17 2026 15:40:23 GMT+0000 (Coordinated Universal Time),16,Dada,dada,,,,,,
2026-08-17T17:49:25.463914+00:00,20260817-174925,https://trends24.in/indonesia/,Mon Aug 17 2026 15:40:23 GMT+0000 (Coordinated Universal Time),17,TFO YOURTUBER FITTING,tfo yourtuber fitting,,,,,,
2026-08-17T17:49:25.463914+00:00,20260817-174925,https://trends24.in/indonesia/,Mon Aug 17 2026 15:40:23 GMT+0000 (Coordinated Universal Time),18,Sempit,sempit,,,,,,
2026-08-17T17:49:25.463914+00:00,20260817-174925,https://trends24.in/indonesia/,Mon Aug 17 2026 15:40:23 GMT+0000 (Coordinated Universal Time),19,Juara,juara,,,,,,
2026-08-17T17:49:25.463914+00:00,20260817-174925,https://trends24.in/indonesia/,Mon Aug 17 2026 15:40:23 GMT+0000 (Coordinated Universal Time),20,Login,login,,,,,,
2026-08-17T17:49:25.463914+00:00,20260817-174925,https://trends24.in/indonesia/,Mon Aug 17 2026 15:40:23 GMT+0000 (Coordinated Universal Time),21,Upacara Peringatan HUT,upacara peringatan hut,,,,,,
2026-08-17T17:49:25.463914+00:00,20260817-174925,https://trends24.in/indonesia/,Mon Aug 17 2026 15:40:23 GMT+0000 (Coordinated Universal Time),22,Upacara HUT,upacara hut,,,,,,
2026-08-17T17:49:25.463914+00:00,20260817-174925,https://trends24.in/indonesia/,Mon Aug 17 2026 15:40:23 GMT+0000 (Coordinated Universal Time),23,Pemimpin,pemimpin,,,,,,
2026-08-17T17:49:25.463914+00:00,20260817-174925,https://trends24.in/indonesia/,Mon Aug 17 2026 15:40:23 GMT+0000 (Coordinated Universal Time),24,#BOOMwithBND,boomwithbnd,,,,,,
2026-08-17T17:49:25.463914+00:00,20260817-174925,https://trends24.in/indonesia/,Mon Aug 17 2026 15:40:23 GMT+0000 (Coordinated Universal Time),25,#ãã®å¤ã¯BOOMBOOMBOOM,ãã®å¤ã¯boomboomboom,,,,,,
2026-08-17T17:49:25.463914+00:00,20260817-174925,https://trends24.in/indonesia/,Mon Aug 17 2026 15:40:23 GMT+0000 (Coordinated Universal Time),26,#BND2ndJPSingle,bnd2ndjpsingle,,,,,,
2026-08-17T17:49:25.463914+00:00,20260817-174925,https://trends24.in/indonesia/,Mon Aug 17 2026 15:40:23 GMT+0000 (Coordinated Universal Time),27,#MerahPutihDiAcehPapua,merahputihdiacehpapua,,,,,,
2026-08-17T17:49:25.463914+00:00,20260817-174925,https://trends24.in/indonesia/,Mon Aug 17 2026 15:40:23 GMT+0000 (Coordinated Universal Time),28,#ì±í_ë°ë·ê¸°ëì¼,ì±í_ë°ë·ê¸°ë ì¼,,,,,,
2026-08-17T17:49:25.463914+00:00,20260817-174925,https://trends24.in/indonesia/,Mon Aug 17 2026 15:40:23 GMT+0000 (Coordinated Universal Time),29,#SEONGHYEON1YearVoyage,seonghyeon1yearvoyage,,,,,,
2026-08-17T17:49:25.463914+00:00,20260817-174925,https://trends24.in/indonesia/,Mon Aug 17 2026 15:40:23 GMT+0000 (Coordinated Universal Time),30,#TheWorldMetKeonho,theworldmetkeonho,,,,,,
2026-08-17T17:49:25.463914+00:00,20260817-174925,https://trends24.in/indonesia/,Mon Aug 17 2026 15:40:23 GMT+0000 (Coordinated Universal Time),31,#ê±´í¸ë¡_ë¬¼ë _ìê°,ê±´í¸ë¡_ë¬¼ë _ìê°,,,,,,
2026-08-17T17:49:25.463914+00:00,20260817-174925,https://trends24.in/indonesia/,Mon Aug 17 2026 15:40:23 GMT+0000 (Coordinated Universal Time),32,#BloodyParadise,bloodyparadise,,,,,,
2026-08-17T17:49:25.463914+00:00,20260817-174925,https://trends24.in/indonesia/,Mon Aug 17 2026 15:40:23 GMT+0000 (Coordinated Universal Time),33,#ENHYPEN_8thMiniAlbum,enhypen_8thminialbum,,,,,,
2026-08-17T17:49:25.463914+00:00,20260817-174925,https://trends24.in/indonesia/,Mon Aug 17 2026 15:40:23 GMT+0000 (Coordinated Universal Time),34,#THE_SIN_BLISS,the_sin_bliss,,,,,,
2026-08-17T17:49:25.463914+00:00,20260817-174925,https://trends24.in/indonesia/,Mon Aug 17 2026 15:40:23 GMT+0000 (Coordinated Universal Time),35,#TerikatJanjiEp134,terikatjanjiep134,,,,,,
2026-08-17T17:49:25.463914+00:00,20260817-174925,https://trends24.in/indonesia/,Mon Aug 17 2026 15:40:23 GMT+0000 (Coordinated Universal Time),36,#à¹à¸¡à¸·à¸­à¸à¸¡à¸²à¸£à¸¢à¸²TheMusical,à¹à¸¡à¸·à¸­à¸à¸¡à¸²à¸£à¸¢à¸²themusical,,,,,,
2026-08-17T17:49:25.463914+00:00,20260817-174925,https://trends24.in/indonesia/,Mon Aug 17 2026 15:40:23 GMT+0000 (Coordinated Universal Time),37,#à¹à¸¡à¸·à¸­à¸à¸¡à¸²à¸£à¸¢à¸²à¹à¸à¸­à¸°à¸¡à¸´à¸§à¸ªà¸´à¸à¸±à¸¥,à¹à¸¡à¸·à¸­à¸à¸¡à¸²à¸£à¸¢à¸²à¹à¸à¸­à¸°à¸¡à¸´à¸§à¸ªà¸´à¸à¸±à¸¥,,,,,,
2026-08-17T17:49:25.463914+00:00,20260817-174925,https://trends24.in/indonesia/,Mon Aug 17 2026 15:40:23 GMT+0000 (Coordinated Universal Time),38,#PledisStopIgnoringJUN,pledisstopignoringjun,,,,,,
2026-08-17T17:49:25.463914+00:00,20260817-174925,https://trends24.in/indonesia/,Mon Aug 17 2026 15:40:23 GMT+0000 (Coordinated Universal Time),39,#pks81tahunri,pks81tahunri,,,,,,
2026-08-17T17:49:25.463914+00:00,20260817-174925,https://trends24.in/indonesia/,Mon Aug 17 2026 15:40:23 GMT+0000 (Coordinated Universal Time),40,#KengHarit,kengharit,,,,,,
2026-08-17T17:49:25.463914+00:00,20260817-174925,https://trends24.in/indonesia/,Mon Aug 17 2026 15:40:23 GMT+0000 (Coordinated Universal Time),41,#WishJASPER,wishjasper,,,,,,
2026-08-17T17:49:25.463914+00:00,20260817-174925,https://trends24.in/indonesia/,Mon Aug 17 2026 15:40:23 GMT+0000 (Coordinated Universal Time),42,#FittingYourtuber,fittingyourtuber,,,,,,
2026-08-17T17:49:25.463914+00:00,20260817-174925,https://trends24.in/indonesia/,Mon Aug 17 2026 15:40:23 GMT+0000 (Coordinated Universal Time),43,#PondPhuwinConcert,pondphuwinconcert,,,,,,
2026-08-17T17:49:25.463914+00:00,20260817-174925,https://trends24.in/indonesia/,Mon Aug 17 2026 14:48:55 GMT+0000 (Coordinated Universal Time),1,#FirstYearOutsideTheLines,firstyearoutsidethelines,,,,,,
2026-08-17T17:49:25.463914+00:00,20260817-174925,https://trends24.in/indonesia/,Mon Aug 17 2026 14:48:55 GMT+0000 (Coordinated Universal Time),2,#ì½ë¥´í°ì¤ì½ì´_ì¼ì£¼ëì_ì¶íí´,ì½ë¥´í°ì¤ì½ì´_ì¼ì£¼ë ì_ì¶íí´,,,,,,
2026-08-17T17:49:25.463914+00:00,20260817-174925,https://trends24.in/indonesia/,Mon Aug 17 2026 14:48:55 GMT+0000 (Coordinated Universal Time),3,#CORTIS,cortis,,,,,,
2026-08-17T17:49:25.463914+00:00,20260817-174925,https://trends24.in/indonesia/,Mon Aug 17 2026 14:48:55 GMT+0000 (Coordinated Universal Time),4,#MerahPutihDiAcehPapua,merahputihdiacehpapua,,,,,,
2026-08-17T17:49:25.463914+00:00,20260817-174925,https://trends24.in/indonesia/,Mon Aug 17 2026 14:48:55 GMT+0000 (Coordinated Universal Time),5,JAGA NKRI Bersama,jaga nkri bersama,,,,,,
2026-08-17T17:49:25.463914+00:00,20260817-174925,https://trends24.in/indonesia/,Mon Aug 17 2026 14:48:55 GMT+0000 (Coordinated Universal Time),6,NANINEONA PREMPAODY X SPIDEY,nanineona prempaody x spidey,,,,,,
2026-08-17T17:49:25.463914+00:00,20260817-174925,https://trends24.in/indonesia/,Mon Aug 17 2026 14:48:55 GMT+0000 (Coordinated Universal Time),7,#BloodyParadise,bloodyparadise,,,,,,
2026-08-17T17:49:25.463914+00:00,20260817-174925,https://trends24.in/indonesia/,Mon Aug 17 2026 14:48:55 GMT+0000 (Coordinated Universal Time),8,Amanat AMY,amanat amy,,,,,,
2026-08-17T17:49:25.463914+00:00,20260817-174925,https://trends24.in/indonesia/,Mon Aug 17 2026 14:48:55 GMT+0000 (Coordinated Universal Time),9,FOURTH AT MUANGMANYA GALA,fourth at muangmanya gala,,,,,,
2026-08-17T17:49:25.463914+00:00,20260817-174925,https://trends24.in/indonesia/,Mon Aug 17 2026 14:48:55 GMT+0000 (Coordinated Universal Time),10,Happy 1st,happy 1st,,,,,,
2026-08-17T17:49:25.463914+00:00,20260817-174925,https://trends24.in/indonesia/,Mon Aug 17 2026 14:48:55 GMT+0000 (Coordinated Universal Time),11,THANK YOU LEO SANGWON,thank you leo sangwon,,,,,,
2026-08-17T17:49:25.463914+00:00,20260817-174925,https://trends24.in/indonesia/,Mon Aug 17 2026 14:48:55 GMT+0000 (Coordinated Universal Time),12,WHERE IS JUN'S CONTENT,where is jun's content,,,,,,
2026-08-17T17:49:25.463914+00:00,20260817-174925,https://trends24.in/indonesia/,Mon Aug 17 2026 14:48:55 GMT+0000 (Coordinated Universal Time),13,Bumi Cenderawasih,bumi cenderawasih,,,,,,
2026-08-17T17:49:25.463914+00:00,20260817-174925,https://trends24.in/indonesia/,Mon Aug 17 2026 14:48:55 GMT+0000 (Coordinated Universal Time),14,Berastagi,berastagi,,,,,,
2026-08-17T17:49:25.463914+00:00,20260817-174925,https://trends24.in/indonesia/,Mon Aug 17 2026 14:48:55 GMT+0000 (Coordinated Universal Time),15,Sempit,sempit,,,,,,
2026-08-17T17:49:25.463914+00:00,20260817-174925,https://trends24.in/indonesia/,Mon Aug 17 2026 14:48:55 GMT+0000 (Coordinated Universal Time),16,TFO YOURTUBER FITTING,tfo yourtuber fitting,,,,,,
2026-08-17T17:49:25.463914+00:00,20260817-174925,https://trends24.in/indonesia/,Mon Aug 17 2026 14:48:55 GMT+0000 (Coordinated Universal Time),17,Login,login,,,,,,
2026-08-17T17:49:25.463914+00:00,20260817-174925,https://trends24.in/indonesia/,Mon Aug 17 2026 14:48:55 GMT+0000 (Coordinated Universal Time),18,Upacara Peringatan HUT,upacara peringatan hut,,,,,,
2026-08-17T17:49:25.463914+00:00,20260817-174925,https://trends24.in/indonesia/,Mon Aug 17 2026 14:48:55 GMT+0000 (Coordinated Universal Time),19,Upacara HUT,upacara hut,,,,,,
2026-08-17T17:49:25.463914+00:00,20260817-174925,https://trends24.in/indonesia/,Mon Aug 17 2026 14:48:55 GMT+0000 (Coordinated Universal Time),20,Juara 1,juara 1,,,,,,
2026-08-17T17:49:25.463914+00:00,20260817-174925,https://trends24.in/indonesia/,Mon Aug 17 2026 14:48:55 GMT+0000 (Coordinated Universal Time),21,Pemimpin,pemimpin,,,,,,
2026-08-17T17:49:25.463914+00:00,20260817-174925,https://trends24.in/indonesia/,Mon Aug 17 2026 14:48:55 GMT+0000 (Coordinated Universal Time),22,Merauke,merauke,,,,,,
2026-08-17T17:49:25.463914+00:00,20260817-174925,https://trends24.in/indonesia/,Mon Aug 17 2026 14:48:55 GMT+0000 (Coordinated Universal Time),23,#ENHYPEN_8thMiniAlbum,enhypen_8thminialbum,,,,,,
2026-08-17T17:49:25.463914+00:00,20260817-174925,https://trends24.in/indonesia/,Mon Aug 17 2026 14:48:55 GMT+0000 (Coordinated Universal Time),24,#THE_SIN_BLISS,the_sin_bliss,,,,,,
2026-08-17T17:49:25.463914+00:00,20260817-174925,https://trends24.in/indonesia/,Mon Aug 17 2026 14:48:55 GMT+0000 (Coordinated Universal Time),25,#TerikatJanjiEp134,terikatjanjiep134,,,,,,
2026-08-17T17:49:25.463914+00:00,20260817-174925,https://trends24.in/indonesia/,Mon Aug 17 2026 14:48:55 GMT+0000 (Coordinated Universal Time),26,#à¹à¸¡à¸·à¸­à¸à¸¡à¸²à¸£à¸¢à¸²TheMusical,à¹à¸¡à¸·à¸­à¸à¸¡à¸²à¸£à¸¢à¸²themusical,,,,,,
2026-08-17T17:49:25.463914+00:00,20260817-174925,https://trends24.in/indonesia/,Mon Aug 17 2026 14:48:55 GMT+0000 (Coordinated Universal Time),27,#PKS81TahunRI,pks81tahunri,,,,,,
2026-08-17T17:49:25.463914+00:00,20260817-174925,https://trends24.in/indonesia/,Mon Aug 17 2026 14:48:55 GMT+0000 (Coordinated Universal Time),28,#à¹à¸¡à¸·à¸­à¸à¸¡à¸²à¸£à¸¢à¸²à¹à¸à¸­à¸°à¸¡à¸´à¸§à¸ªà¸´à¸à¸±à¸¥,à¹à¸¡à¸·à¸­à¸à¸¡à¸²à¸£à¸¢à¸²à¹à¸à¸­à¸°à¸¡à¸´à¸§à¸ªà¸´à¸à¸±à¸¥,,,,,,
2026-08-17T17:49:25.463914+00:00,20260817-174925,https://trends24.in/indonesia/,Mon Aug 17 2026 14:48:55 GMT+0000 (Coordinated Universal Time),29,#KengHarit,kengharit,,,,,,
2026-08-17T17:49:25.463914+00:00,20260817-174925,https://trends24.in/indonesia/,Mon Aug 17 2026 14:48:55 GMT+0000 (Coordinated Universal Time),30,#WishJASPER,wishjasper,,,,,,
2026-08-17T17:49:25.463914+00:00,20260817-174925,https://trends24.in/indonesia/,Mon Aug 17 2026 14:48:55 GMT+0000 (Coordinated Universal Time),31,#kopikenangan,kopikenangan,,,,,,
2026-08-17T17:49:25.463914+00:00,20260817-174925,https://trends24.in/indonesia/,Mon Aug 17 2026 14:48:55 GMT+0000 (Coordinated Universal Time),32,#FittingYourTuber,fittingyourtuber,,,,,,
2026-08-17T17:49:25.463914+00:00,20260817-174925,https://trends24.in/indonesia/,Mon Aug 17 2026 14:48:55 GMT+0000 (Coordinated Universal Time),33,#PondPhuwinConcert,pondphuwinconcert,,,,,,
2026-08-17T17:49:25.463914+00:00,20260817-174925,https://trends24.in/indonesia/,Mon Aug 17 2026 14:48:55 GMT+0000 (Coordinated Universal Time),34,#nampingster,nampingster,,,,,,
2026-08-17T17:49:25.463914+00:00,20260817-174925,https://trends24.in/indonesia/,Mon Aug 17 2026 14:48:55 GMT+0000 (Coordinated Universal Time),35,#IWillAlwaysSaveYou,iwillalwayssaveyou,,,,,,
2026-08-17T17:49:25.463914+00:00,20260817-174925,https://trends24.in/indonesia/,Mon Aug 17 2026 14:48:55 GMT+0000 (Coordinated Universal Time),36,#RISERMUSIC,risermusic,,,,,,
2026-08-17T17:49:25.463914+00:00,20260817-174925,https://trends24.in/indonesia/,Mon Aug 17 2026 13:57:41 GMT+0000 (Coordinated Universal Time),1,#MerahPutihDiAcehPapua,merahputihdiacehpapua,,,,,,
2026-08-17T17:49:25.463914+00:00,20260817-174925,https://trends24.in/indonesia/,Mon Aug 17 2026 13:57:41 GMT+0000 (Coordinated Universal Time),2,JAGA NKRI Bersama,jaga nkri bersama,,,,,,
2026-08-17T17:49:25.463914+00:00,20260817-174925,https://trends24.in/indonesia/,Mon Aug 17 2026 13:57:41 GMT+0000 (Coordinated Universal Time),3,#BloodyParadise,bloodyparadise,,,,,,
2026-08-17T17:49:25.463914+00:00,20260817-174925,https://trends24.in/indonesia/,Mon Aug 17 2026 13:57:41 GMT+0000 (Coordinated Universal Time),4,#ENHYPEN_8thMiniAlbum,enhypen_8thminialbum,,,,,,
2026-08-17T17:49:25.463914+00:00,20260817-174925,https://trends24.in/indonesia/,Mon Aug 17 2026 13:57:41 GMT+0000 (Coordinated Universal Time),5,#THE_SIN_BLISS,the_sin_bliss,,,,,,
2026-08-17T17:49:25.463914+00:00,20260817-174925,https://trends24.in/indonesia/,Mon Aug 17 2026 13:57:41 GMT+0000 (Coordinated Universal Time),6,#à¹à¸¡à¸·à¸­à¸à¸¡à¸²à¸£à¸¢à¸²TheMusical,à¹à¸¡à¸·à¸­à¸à¸¡à¸²à¸£à¸¢à¸²themusical,,,,,,
2026-08-17T17:49:25.463914+00:00,20260817-174925,https://trends24.in/indonesia/,Mon Aug 17 2026 13:57:41 GMT+0000 (Coordinated Universal Time),7,FOURTH AT MUANGMANYA GALA,fourth at muangmanya gala,,,,,,
2026-08-17T17:49:25.463914+00:00,20260817-174925,https://trends24.in/indonesia/,Mon Aug 17 2026 13:57:41 GMT+0000 (Coordinated Universal Time),8,NANINEONA PREMPAODY X SPIDEY,nanineona prempaody x spidey,,,,,,
2026-08-17T17:49:25.463914+00:00,20260817-174925,https://trends24.in/indonesia/,Mon Aug 17 2026 13:57:41 GMT+0000 (Coordinated Universal Time),9,Amanat AMY,amanat amy,,,,,,
2026-08-17T17:49:25.463914+00:00,20260817-174925,https://trends24.in/indonesia/,Mon Aug 17 2026 13:57:41 GMT+0000 (Coordinated Universal Time),10,THANK YOU LEO SANGWON,thank you leo sangwon,,,,,,
2026-08-17T17:49:25.463914+00:00,20260817-174925,https://trends24.in/indonesia/,Mon Aug 17 2026 13:57:41 GMT+0000 (Coordinated Universal Time),11,bumi cendrawasih,bumi cendrawasih,,,,,,
2026-08-17T17:49:25.463914+00:00,20260817-174925,https://trends24.in/indonesia/,Mon Aug 17 2026 13:57:41 GMT+0000 (Coordinated Universal Time),12,Berastagi,berastagi,,,,,,
2026-08-17T17:49:25.463914+00:00,20260817-174925,https://trends24.in/indonesia/,Mon Aug 17 2026 13:57:41 GMT+0000 (Coordinated Universal Time),13,Lomba,lomba,,,,,,
2026-08-17T17:49:25.463914+00:00,20260817-174925,https://trends24.in/indonesia/,Mon Aug 17 2026 13:57:41 GMT+0000 (Coordinated Universal Time),14,81 RI,81 ri,,,,,,
2026-08-17T17:49:25.463914+00:00,20260817-174925,https://trends24.in/indonesia/,Mon Aug 17 2026 13:57:41 GMT+0000 (Coordinated Universal Time),15,Sempit,sempit,,,,,,
2026-08-17T17:49:25.463914+00:00,20260817-174925,https://trends24.in/indonesia/,Mon Aug 17 2026 13:57:41 GMT+0000 (Coordinated Universal Time),16,Upacara HUT,upacara hut,,,,,,
2026-08-17T17:49:25.463914+00:00,20260817-174925,https://trends24.in/indonesia/,Mon Aug 17 2026 13:57:41 GMT+0000 (Coordinated Universal Time),17,TFO YOURTUBER FITTING,tfo yourtuber fitting,,,,,,
2026-08-17T17:49:25.463914+00:00,20260817-174925,https://trends24.in/indonesia/,Mon Aug 17 2026 13:57:41 GMT+0000 (Coordinated Universal Time),18,Login,login,,,,,,
2026-08-17T17:49:25.463914+00:00,20260817-174925,https://trends24.in/indonesia/,Mon Aug 17 2026 13:57:41 GMT+0000 (Coordinated Universal Time),19,Upacara Peringatan HUT,upacara peringatan hut,,,,,,
2026-08-17T17:49:25.463914+00:00,20260817-174925,https://trends24.in/indonesia/,Mon Aug 17 2026 13:57:41 GMT+0000 (Coordinated Universal Time),20,Hari Ulang Tahun,hari ulang tahun,,,,,,
2026-08-17T17:49:25.463914+00:00,20260817-174925,https://trends24.in/indonesia/,Mon Aug 17 2026 13:57:41 GMT+0000 (Coordinated Universal Time),21,sabang,sabang,,,,,,
2026-08-17T17:49:25.463914+00:00,20260817-174925,https://trends24.in/indonesia/,Mon Aug 17 2026 13:57:41 GMT+0000 (Coordinated Universal Time),22,Semoga Indonesia,semoga indonesia,,,,,,
2026-08-17T17:49:25.463914+00:00,20260817-174925,https://trends24.in/indonesia/,Mon Aug 17 2026 13:57:41 GMT+0000 (Coordinated Universal Time),23,wonwoo,wonwoo,,,,,,
2026-08-17T17:49:25.463914+00:00,20260817-174925,https://trends24.in/indonesia/,Mon Aug 17 2026 13:57:41 GMT+0000 (Coordinated Universal Time),24,Nusantara,nusantara,,,,,,
2026-08-17T17:49:25.463914+00:00,20260817-174925,https://trends24.in/indonesia/,Mon Aug 17 2026 13:57:41 GMT+0000 (Coordinated Universal Time),25,Merauke,merauke,,,,,,
2026-08-17T17:49:25.463914+00:00,20260817-174925,https://trends24.in/indonesia/,Mon Aug 17 2026 13:57:41 GMT+0000 (Coordinated Universal Time),26,Juara 1,juara 1,,,,,,
2026-08-17T17:49:25.463914+00:00,20260817-174925,https://trends24.in/indonesia/,Mon Aug 17 2026 13:57:41 GMT+0000 (Coordinated Universal Time),27,Hulk,hulk,,,,,,
2026-08-17T17:49:25.463914+00:00,20260817-174925,https://trends24.in/indonesia/,Mon Aug 17 2026 13:57:41 GMT+0000 (Coordinated Universal Time),28,Pemimpin,pemimpin,,,,,,
2026-08-17T17:49:25.463914+00:00,20260817-174925,https://trends24.in/indonesia/,Mon Aug 17 2026 13:57:41 GMT+0000 (Coordinated Universal Time),29,Narsis,narsis,,,,,,
2026-08-17T17:49:25.463914+00:00,20260817-174925,https://trends24.in/indonesia/,Mon Aug 17 2026 13:57:41 GMT+0000 (Coordinated Universal Time),30,#TerikatJanjiEp134,terikatjanjiep134,,,,,,
2026-08-17T17:49:25.463914+00:00,20260817-174925,https://trends24.in/indonesia/,Mon Aug 17 2026 13:57:41 GMT+0000 (Coordinated Universal Time),31,#à¹à¸¡à¸·à¸­à¸à¸¡à¸²à¸£à¸¢à¸²à¹à¸à¸­à¸°à¸¡à¸´à¸§à¸ªà¸´à¸à¸±à¸¥,à¹à¸¡à¸·à¸­à¸à¸¡à¸²à¸£à¸¢à¸²à¹à¸à¸­à¸°à¸¡à¸´à¸§à¸ªà¸´à¸à¸±à¸¥,,,,,,
2026-08-17T17:49:25.463914+00:00,20260817-174925,https://trends24.in/indonesia/,Mon Aug 17 2026 13:57:41 GMT+0000 (Coordinated Universal Time),32,#PKS81TahunRI,pks81tahunri,,,,,,
2026-08-17T17:49:25.463914+00:00,20260817-174925,https://trends24.in/indonesia/,Mon Aug 17 2026 13:57:41 GMT+0000 (Coordinated Universal Time),33,#WishJASPER,wishjasper,,,,,,
2026-08-17T17:49:25.463914+00:00,20260817-174925,https://trends24.in/indonesia/,Mon Aug 17 2026 13:57:41 GMT+0000 (Coordinated Universal Time),34,#tingmeen,tingmeen,,,,,,
2026-08-17T17:49:25.463914+00:00,20260817-174925,https://trends24.in/indonesia/,Mon Aug 17 2026 13:57:41 GMT+0000 (Coordinated Universal Time),35,#hutri81indonesia,hutri81indonesia,,,,,,
2026-08-17T17:49:25.463914+00:00,20260817-174925,https://trends24.in/indonesia/,Mon Aug 17 2026 13:57:41 GMT+0000 (Coordinated Universal Time),36,#KengHarit,kengharit,,,,,,
2026-08-17T17:49:25.463914+00:00,20260817-174925,https://trends24.in/indonesia/,Mon Aug 17 2026 13:57:41 GMT+0000 (Coordinated Universal Time),37,#KopiKenangan,kopikenangan,,,,,,
2026-08-17T17:49:25.463914+00:00,20260817-174925,https://trends24.in/indonesia/,Mon Aug 17 2026 13:57:41 GMT+0000 (Coordinated Universal Time),38,#PondPhuwinConcert,pondphuwinconcert,,,,,,
2026-08-17T17:49:25.463914+00:00,20260817-174925,https://trends24.in/indonesia/,Mon Aug 17 2026 13:57:41 GMT+0000 (Coordinated Universal Time),39,#Santapp,santapp,,,,,,
2026-08-17T17:49:25.463914+00:00,20260817-174925,https://trends24.in/indonesia/,Mon Aug 17 2026 13:57:41 GMT+0000 (Coordinated Universal Time),40,#FittingYourTuber,fittingyourtuber,,,,,,
2026-08-17T17:49:25.463914+00:00,20260817-174925,https://trends24.in/indonesia/,Mon Aug 17 2026 13:57:41 GMT+0000 (Coordinated Universal Time),41,#nampingster,nampingster,,,,,,
2026-08-17T17:49:25.463914+00:00,20260817-174925,https://trends24.in/indonesia/,Mon Aug 17 2026 13:57:41 GMT+0000 (Coordinated Universal Time),42,#IWillAlwaysSaveYou,iwillalwayssaveyou,,,,,,
2026-08-17T17:49:25.463914+00:00,20260817-174925,https://trends24.in/indonesia/,Mon Aug 17 2026 13:57:41 GMT+0000 (Coordinated Universal Time),43,#hutrike81,hutrike81,,,,,,
2026-08-17T17:49:25.463914+00:00,20260817-174925,https://trends24.in/indonesia/,Mon Aug 17 2026 13:57:41 GMT+0000 (Coordinated Universal Time),44,#RISERMUSIC,risermusic,,,,,,
2026-08-17T17:49:25.463914+00:00,20260817-174925,https://trends24.in/indonesia/,Mon Aug 17 2026 13:57:41 GMT+0000 (Coordinated Universal Time),45,#Fair4JossGawin,fair4jossgawin,,,,,,
2026-08-17T17:49:25.463914+00:00,20260817-174925,https://trends24.in/indonesia/,Mon Aug 17 2026 13:06:42 GMT+0000 (Coordinated Universal Time),1,#MerahPutihDiAcehPapua,merahputihdiacehpapua,,,,,,
2026-08-17T17:49:25.463914+00:00,20260817-174925,https://trends24.in/indonesia/,Mon Aug 17 2026 13:06:42 GMT+0000 (Coordinated Universal Time),2,JAGA NKRI Bersama,jaga nkri bersama,,,,,,
2026-08-17T17:49:25.463914+00:00,20260817-174925,https://trends24.in/indonesia/,Mon Aug 17 2026 13:06:42 GMT+0000 (Coordinated Universal Time),3,FOURTH AT MUANGMANYA GALA,fourth at muangmanya gala,,,,,,
2026-08-17T17:49:25.463914+00:00,20260817-174925,https://trends24.in/indonesia/,Mon Aug 17 2026 13:06:42 GMT+0000 (Coordinated Universal Time),4,#à¹à¸¡à¸·à¸­à¸à¸¡à¸²à¸£à¸¢à¸²TheMusical,à¹à¸¡à¸·à¸­à¸à¸¡à¸²à¸£à¸¢à¸²themusical,,,,,,
2026-08-17T17:49:25.463914+00:00,20260817-174925,https://trends24.in/indonesia/,Mon Aug 17 2026 13:06:42 GMT+0000 (Coordinated Universal Time),5,#à¹à¸¡à¸·à¸­à¸à¸¡à¸²à¸£à¸¢à¸²à¹à¸à¸­à¸°à¸¡à¸´à¸§à¸ªà¸´à¸à¸±à¸¥,à¹à¸¡à¸·à¸­à¸à¸¡à¸²à¸£à¸¢à¸²à¹à¸à¸­à¸°à¸¡à¸´à¸§à¸ªà¸´à¸à¸±à¸¥,,,,,,
2026-08-17T17:49:25.463914+00:00,20260817-174925,https://trends24.in/indonesia/,Mon Aug 17 2026 13:06:42 GMT+0000 (Coordinated Universal Time),6,#TerikatJanjiEp134,terikatjanjiep134,,,,,,
2026-08-17T17:49:25.463914+00:00,20260817-174925,https://trends24.in/indonesia/,Mon Aug 17 2026 13:06:42 GMT+0000 (Coordinated Universal Time),7,THANK YOU LEO SANGWON,thank you leo sangwon,,,,,,
2026-08-17T17:49:25.463914+00:00,20260817-174925,https://trends24.in/indonesia/,Mon Aug 17 2026 13:06:42 GMT+0000 (Coordinated Universal Time),8,NANINEONA PREMPAODY X SPIDEY,nanineona prempaody x spidey,,,,,,
2026-08-17T17:49:25.463914+00:00,20260817-174925,https://trends24.in/indonesia/,Mon Aug 17 2026 13:06:42 GMT+0000 (Coordinated Universal Time),9,Amanat AMY,amanat amy,,,,,,
2026-08-17T17:49:25.463914+00:00,20260817-174925,https://trends24.in/indonesia/,Mon Aug 17 2026 13:06:42 GMT+0000 (Coordinated Universal Time),10,Bumi Cendrawasih,bumi cendrawasih,,,,,,
2026-08-17T17:49:25.463914+00:00,20260817-174925,https://trends24.in/indonesia/,Mon Aug 17 2026 13:06:42 GMT+0000 (Coordinated Universal Time),11,#PKS81TahunRI,pks81tahunri,,,,,,
2026-08-17T17:49:25.463914+00:00,20260817-174925,https://trends24.in/indonesia/,Mon Aug 17 2026 13:06:42 GMT+0000 (Coordinated Universal Time),12,Lomba,lomba,,,,,,
2026-08-17T17:49:25.463914+00:00,20260817-174925,https://trends24.in/indonesia/,Mon Aug 17 2026 13:06:42 GMT+0000 (Coordinated Universal Time),13,81 RI,81 ri,,,,,,
2026-08-17T17:49:25.463914+00:00,20260817-174925,https://trends24.in/indonesia/,Mon Aug 17 2026 13:06:42 GMT+0000 (Coordinated Universal Time),14,Berastagi,berastagi,,,,,,
2026-08-17T17:49:25.463914+00:00,20260817-174925,https://trends24.in/indonesia/,Mon Aug 17 2026 13:06:42 GMT+0000 (Coordinated Universal Time),15,Sempit,sempit,,,,,,
2026-08-17T17:49:25.463914+00:00,20260817-174925,https://trends24.in/indonesia/,Mon Aug 17 2026 13:06:42 GMT+0000 (Coordinated Universal Time),16,Upacara HUT,upacara hut,,,,,,
2026-08-17T17:49:25.463914+00:00,20260817-174925,https://trends24.in/indonesia/,Mon Aug 17 2026 13:06:42 GMT+0000 (Coordinated Universal Time),17,Merauke,merauke,,,,,,
2026-08-17T17:49:25.463914+00:00,20260817-174925,https://trends24.in/indonesia/,Mon Aug 17 2026 13:06:42 GMT+0000 (Coordinated Universal Time),18,dari sabang,dari sabang,,,,,,
2026-08-17T17:49:25.463914+00:00,20260817-174925,https://trends24.in/indonesia/,Mon Aug 17 2026 13:06:42 GMT+0000 (Coordinated Universal Time),19,TFO YOURTUBER FITTING,tfo yourtuber fitting,,,,,,
2026-08-17T17:49:25.463914+00:00,20260817-174925,https://trends24.in/indonesia/,Mon Aug 17 2026 13:06:42 GMT+0000 (Coordinated Universal Time),20,Upacara Peringatan HUT,upacara peringatan hut,,,,,,
2026-08-17T17:49:25.463914+00:00,20260817-174925,https://trends24.in/indonesia/,Mon Aug 17 2026 13:06:42 GMT+0000 (Coordinated Universal Time),21,Dirgahayu Indonesia,dirgahayu indonesia,,,,,,
2026-08-17T17:49:25.463914+00:00,20260817-174925,https://trends24.in/indonesia/,Mon Aug 17 2026 13:06:42 GMT+0000 (Coordinated Universal Time),22,Hari Ulang Tahun,hari ulang tahun,,,,,,
2026-08-17T17:49:25.463914+00:00,20260817-174925,https://trends24.in/indonesia/,Mon Aug 17 2026 13:06:42 GMT+0000 (Coordinated Universal Time),23,Login,login,,,,,,
2026-08-17T17:49:25.463914+00:00,20260817-174925,https://trends24.in/indonesia/,Mon Aug 17 2026 13:06:42 GMT+0000 (Coordinated Universal Time),24,JAIDEE 3RD SUNSHINE,jaidee 3rd sunshine,,,,,,
2026-08-17T17:49:25.463914+00:00,20260817-174925,https://trends24.in/indonesia/,Mon Aug 17 2026 13:06:42 GMT+0000 (Coordinated Universal Time),25,Semoga Indonesia,semoga indonesia,,,,,,
2026-08-17T17:49:25.463914+00:00,20260817-174925,https://trends24.in/indonesia/,Mon Aug 17 2026 13:06:42 GMT+0000 (Coordinated Universal Time),26,wonwoo,wonwoo,,,,,,
2026-08-17T17:49:25.463914+00:00,20260817-174925,https://trends24.in/indonesia/,Mon Aug 17 2026 13:06:42 GMT+0000 (Coordinated Universal Time),27,Nusantara,nusantara,,,,,,
2026-08-17T17:49:25.463914+00:00,20260817-174925,https://trends24.in/indonesia/,Mon Aug 17 2026 13:06:42 GMT+0000 (Coordinated Universal Time),28,Hulk,hulk,,,,,,
2026-08-17T17:49:25.463914+00:00,20260817-174925,https://trends24.in/indonesia/,Mon Aug 17 2026 13:06:42 GMT+0000 (Coordinated Universal Time),29,Juara 1,juara 1,,,,,,
2026-08-17T17:49:25.463914+00:00,20260817-174925,https://trends24.in/indonesia/,Mon Aug 17 2026 13:06:42 GMT+0000 (Coordinated Universal Time),30,Narsis,narsis,,,,,,
2026-08-17T17:49:25.463914+00:00,20260817-174925,https://trends24.in/indonesia/,Mon Aug 17 2026 13:06:42 GMT+0000 (Coordinated Universal Time),31,Promo,promo,,,,,,
2026-08-17T17:49:25.463914+00:00,20260817-174925,https://trends24.in/indonesia/,Mon Aug 17 2026 13:06:42 GMT+0000 (Coordinated Universal Time),32,Happy Independence Day,happy independence day,,,,,,
2026-08-17T17:49:25.463914+00:00,20260817-174925,https://trends24.in/indonesia/,Mon Aug 17 2026 13:06:42 GMT+0000 (Coordinated Universal Time),33,#WishJASPER,wishjasper,,,,,,
2026-08-17T17:49:25.463914+00:00,20260817-174925,https://trends24.in/indonesia/,Mon Aug 17 2026 13:06:42 GMT+0000 (Coordinated Universal Time),34,#HUTRI81,hutri81,,,,,,
2026-08-17T17:49:25.463914+00:00,20260817-174925,https://trends24.in/indonesia/,Mon Aug 17 2026 13:06:42 GMT+0000 (Coordinated Universal Time),35,#PondPhuwinConcert,pondphuwinconcert,,,,,,
2026-08-17T17:49:25.463914+00:00,20260817-174925,https://trends24.in/indonesia/,Mon Aug 17 2026 13:06:42 GMT+0000 (Coordinated Universal Time),36,#tingmeen,tingmeen,,,,,,
2026-08-17T17:49:25.463914+00:00,20260817-174925,https://trends24.in/indonesia/,Mon Aug 17 2026 13:06:42 GMT+0000 (Coordinated Universal Time),37,#KopiKenangan,kopikenangan,,,,,,
2026-08-17T17:49:25.463914+00:00,20260817-174925,https://trends24.in/indonesia/,Mon Aug 17 2026 13:06:42 GMT+0000 (Coordinated Universal Time),38,#FittingYourTuber,fittingyourtuber,,,,,,
2026-08-17T17:49:25.463914+00:00,20260817-174925,https://trends24.in/indonesia/,Mon Aug 17 2026 13:06:42 GMT+0000 (Coordinated Universal Time),39,#KengHarit,kengharit,,,,,,
2026-08-17T17:49:25.463914+00:00,20260817-174925,https://trends24.in/indonesia/,Mon Aug 17 2026 13:06:42 GMT+0000 (Coordinated Universal Time),40,#Santapp,santapp,,,,,,
2026-08-17T17:49:25.463914+00:00,20260817-174925,https://trends24.in/indonesia/,Mon Aug 17 2026 13:06:42 GMT+0000 (Coordinated Universal Time),41,#IWillAlwaysSaveYou,iwillalwayssaveyou,,,,,,
2026-08-17T17:49:25.463914+00:00,20260817-174925,https://trends24.in/indonesia/,Mon Aug 17 2026 13:06:42 GMT+0000 (Coordinated Universal Time),42,#nampingster,nampingster,,,,,,
2026-08-17T17:49:25.463914+00:00,20260817-174925,https://trends24.in/indonesia/,Mon Aug 17 2026 13:06:42 GMT+0000 (Coordinated Universal Time),43,#Jaidee3rdBirthday,jaidee3rdbirthday,,,,,,
2026-08-17T17:49:25.463914+00:00,20260817-174925,https://trends24.in/indonesia/,Mon Aug 17 2026 13:06:42 GMT+0000 (Coordinated Universal Time),44,#RISERMUSIC,risermusic,,,,,,
2026-08-17T17:49:25.463914+00:00,20260817-174925,https://trends24.in/indonesia/,Mon Aug 17 2026 13:06:42 GMT+0000 (Coordinated Universal Time),45,#hutrike81,hutrike81,,,,,,
2026-08-17T17:49:25.463914+00:00,20260817-174925,https://trends24.in/indonesia/,Mon Aug 17 2026 13:06:42 GMT+0000 (Coordinated Universal Time),46,#Fair4JossGawin,fair4jossgawin,,,,,,
2026-08-17T17:49:25.463914+00:00,20260817-174925,https://trends24.in/indonesia/,Mon Aug 17 2026 13:06:42 GMT+0000 (Coordinated Universal Time),47,#17Agustus2026,17agustus2026,,,,,,
2026-08-17T17:49:25.463914+00:00,20260817-174925,https://trends24.in/indonesia/,Mon Aug 17 2026 12:16:00 GMT+0000 (Coordinated Universal Time),1,#MerahPutihDiAcehPapua,merahputihdiacehpapua,,,,,,
2026-08-17T17:49:25.463914+00:00,20260817-174925,https://trends24.in/indonesia/,Mon Aug 17 2026 12:16:00 GMT+0000 (Coordinated Universal Time),2,JAGA NKRI Bersama,jaga nkri bersama,,,,,,
2026-08-17T17:49:25.463914+00:00,20260817-174925,https://trends24.in/indonesia/,Mon Aug 17 2026 12:16:00 GMT+0000 (Coordinated Universal Time),3,#WishJASPER,wishjasper,,,,,,
2026-08-17T17:49:25.463914+00:00,20260817-174925,https://trends24.in/indonesia/,Mon Aug 17 2026 12:16:00 GMT+0000 (Coordinated Universal Time),4,NANINEONA PREMPAODY X SPIDEY,nanineona prempaody x spidey,,,,,,
2026-08-17T17:49:25.463914+00:00,20260817-174925,https://trends24.in/indonesia/,Mon Aug 17 2026 12:16:00 GMT+0000 (Coordinated Universal Time),5,#SFxNaniNeona,sfxnanineona,,,,,,
2026-08-17T17:49:25.463914+00:00,20260817-174925,https://trends24.in/indonesia/,Mon Aug 17 2026 12:16:00 GMT+0000 (Coordinated Universal Time),6,Bumi Cendrawasih,bumi cendrawasih,,,,,,
2026-08-17T17:49:25.463914+00:00,20260817-174925,https://trends24.in/indonesia/,Mon Aug 17 2026 12:16:00 GMT+0000 (Coordinated Universal Time),7,Amanat AMY,amanat amy,,,,,,
2026-08-17T17:49:25.463914+00:00,20260817-174925,https://trends24.in/indonesia/,Mon Aug 17 2026 12:16:00 GMT+0000 (Coordinated Universal Time),8,#PKS81TahunRI,pks81tahunri,,,,,,
2026-08-17T17:49:25.463914+00:00,20260817-174925,https://trends24.in/indonesia/,Mon Aug 17 2026 12:16:00 GMT+0000 (Coordinated Universal Time),9,#IWillAlwaysSaveYou,iwillalwayssaveyou,,,,,,
2026-08-17T17:49:25.463914+00:00,20260817-174925,https://trends24.in/indonesia/,Mon Aug 17 2026 12:16:00 GMT+0000 (Coordinated Universal Time),10,81 RI,81 ri,,,,,,
2026-08-17T17:49:25.463914+00:00,20260817-174925,https://trends24.in/indonesia/,Mon Aug 17 2026 12:16:00 GMT+0000 (Coordinated Universal Time),11,AQUA TV,aqua tv,,,,,,
2026-08-17T17:49:25.463914+00:00,20260817-174925,https://trends24.in/indonesia/,Mon Aug 17 2026 12:16:00 GMT+0000 (Coordinated Universal Time),12,Lomba,lomba,,,,,,
2026-08-17T17:49:25.463914+00:00,20260817-174925,https://trends24.in/indonesia/,Mon Aug 17 2026 12:16:00 GMT+0000 (Coordinated Universal Time),13,SMYLE NEONA TWIN POP STAR,smyle neona twin pop star,,,,,,
2026-08-17T17:49:25.463914+00:00,20260817-174925,https://trends24.in/indonesia/,Mon Aug 17 2026 12:16:00 GMT+0000 (Coordinated Universal Time),14,TFO YOURTUBER FITTING,tfo yourtuber fitting,,,,,,
2026-08-17T17:49:25.463914+00:00,20260817-174925,https://trends24.in/indonesia/,Mon Aug 17 2026 12:16:00 GMT+0000 (Coordinated Universal Time),15,Dari Sabang,dari sabang,,,,,,
2026-08-17T17:49:25.463914+00:00,20260817-174925,https://trends24.in/indonesia/,Mon Aug 17 2026 12:16:00 GMT+0000 (Coordinated Universal Time),16,Merauke,merauke,,,,,,
2026-08-17T17:49:25.463914+00:00,20260817-174925,https://trends24.in/indonesia/,Mon Aug 17 2026 12:16:00 GMT+0000 (Coordinated Universal Time),17,Empati Membantu Saudara,empati membantu saudara,,,,,,
2026-08-17T17:49:25.463914+00:00,20260817-174925,https://trends24.in/indonesia/,Mon Aug 17 2026 12:16:00 GMT+0000 (Coordinated Universal Time),18,Upacara HUT,upacara hut,,,,,,
2026-08-17T17:49:25.463914+00:00,20260817-174925,https://trends24.in/indonesia/,Mon Aug 17 2026 12:16:00 GMT+0000 (Coordinated Universal Time),19,81 Republik Indonesia,81 republik indonesia,,,,,,
2026-08-17T17:49:25.463914+00:00,20260817-174925,https://trends24.in/indonesia/,Mon Aug 17 2026 12:16:00 GMT+0000 (Coordinated Universal Time),20,Indonesia Berdaulat,indonesia berdaulat,,,,,,
2026-08-17T17:49:25.463914+00:00,20260817-174925,https://trends24.in/indonesia/,Mon Aug 17 2026 12:16:00 GMT+0000 (Coordinated Universal Time),21,Upacara Peringatan HUT,upacara peringatan hut,,,,,,
2026-08-17T17:49:25.463914+00:00,20260817-174925,https://trends24.in/indonesia/,Mon Aug 17 2026 12:16:00 GMT+0000 (Coordinated Universal Time),22,Hari Ulang Tahun,hari ulang tahun,,,,,,
2026-08-17T17:49:25.463914+00:00,20260817-174925,https://trends24.in/indonesia/,Mon Aug 17 2026 12:16:00 GMT+0000 (Coordinated Universal Time),23,Dirgahayu Indonesia,dirgahayu indonesia,,,,,,
2026-08-17T17:49:25.463914+00:00,20260817-174925,https://trends24.in/indonesia/,Mon Aug 17 2026 12:16:00 GMT+0000 (Coordinated Universal Time),24,JAIDEE 3RD SUNSHINE,jaidee 3rd sunshine,,,,,,
2026-08-17T17:49:25.463914+00:00,20260817-174925,https://trends24.in/indonesia/,Mon Aug 17 2026 12:16:00 GMT+0000 (Coordinated Universal Time),25,wonwoo,wonwoo,,,,,,
2026-08-17T17:49:25.463914+00:00,20260817-174925,https://trends24.in/indonesia/,Mon Aug 17 2026 12:16:00 GMT+0000 (Coordinated Universal Time),26,Semoga Indonesia,semoga indonesia,,,,,,
2026-08-17T17:49:25.463914+00:00,20260817-174925,https://trends24.in/indonesia/,Mon Aug 17 2026 12:16:00 GMT+0000 (Coordinated Universal Time),27,Nusantara,nusantara,,,,,,
2026-08-17T17:49:25.463914+00:00,20260817-174925,https://trends24.in/indonesia/,Mon Aug 17 2026 12:16:00 GMT+0000 (Coordinated Universal Time),28,Hulk,hulk,,,,,,
2026-08-17T17:49:25.463914+00:00,20260817-174925,https://trends24.in/indonesia/,Mon Aug 17 2026 12:16:00 GMT+0000 (Coordinated Universal Time),29,Juara 1,juara 1,,,,,,
2026-08-17T17:49:25.463914+00:00,20260817-174925,https://trends24.in/indonesia/,Mon Aug 17 2026 12:16:00 GMT+0000 (Coordinated Universal Time),30,Narsis,narsis,,,,,,
2026-08-17T17:49:25.463914+00:00,20260817-174925,https://trends24.in/indonesia/,Mon Aug 17 2026 12:16:00 GMT+0000 (Coordinated Universal Time),31,Promo,promo,,,,,,
2026-08-17T17:49:25.463914+00:00,20260817-174925,https://trends24.in/indonesia/,Mon Aug 17 2026 12:16:00 GMT+0000 (Coordinated Universal Time),32,Happy Independence Day,happy independence day,,,,,,
2026-08-17T17:49:25.463914+00:00,20260817-174925,https://trends24.in/indonesia/,Mon Aug 17 2026 12:16:00 GMT+0000 (Coordinated Universal Time),33,#JunKxWENDY_YourLips,junkxwendy_yourlips,,,,,,
2026-08-17T17:49:25.463914+00:00,20260817-174925,https://trends24.in/indonesia/,Mon Aug 17 2026 12:16:00 GMT+0000 (Coordinated Universal Time),34,#HUTRI81,hutri81,,,,,,
2026-08-17T17:49:25.463914+00:00,20260817-174925,https://trends24.in/indonesia/,Mon Aug 17 2026 12:16:00 GMT+0000 (Coordinated Universal Time),35,#pondphuwinconcert,pondphuwinconcert,,,,,,
2026-08-17T17:49:25.463914+00:00,20260817-174925,https://trends24.in/indonesia/,Mon Aug 17 2026 12:16:00 GMT+0000 (Coordinated Universal Time),36,#BerdaulatMerangkul,berdaulatmerangkul,,,,,,
2026-08-17T17:49:25.463914+00:00,20260817-174925,https://trends24.in/indonesia/,Mon Aug 17 2026 12:16:00 GMT+0000 (Coordinated Universal Time),37,#FittingYourTuber,fittingyourtuber,,,,,,
2026-08-17T17:49:25.463914+00:00,20260817-174925,https://trends24.in/indonesia/,Mon Aug 17 2026 12:16:00 GMT+0000 (Coordinated Universal Time),38,#Santapp,santapp,,,,,,
2026-08-17T17:49:25.463914+00:00,20260817-174925,https://trends24.in/indonesia/,Mon Aug 17 2026 12:16:00 GMT+0000 (Coordinated Universal Time),39,#Jaidee3rdBirthday,jaidee3rdbirthday,,,,,,
2026-08-17T17:49:25.463914+00:00,20260817-174925,https://trends24.in/indonesia/,Mon Aug 17 2026 12:16:00 GMT+0000 (Coordinated Universal Time),40,#RISERMUSIC,risermusic,,,,,,
2026-08-17T17:49:25.463914+00:00,20260817-174925,https://trends24.in/indonesia/,Mon Aug 17 2026 12:16:00 GMT+0000 (Coordinated Universal Time),41,#KopiKenangan,kopikenangan,,,,,,
2026-08-17T17:49:25.463914+00:00,20260817-174925,https://trends24.in/indonesia/,Mon Aug 17 2026 12:16:00 GMT+0000 (Coordinated Universal Time),42,#Fair4JossGawin,fair4jossgawin,,,,,,
2026-08-17T17:49:25.463914+00:00,20260817-174925,https://trends24.in/indonesia/,Mon Aug 17 2026 12:16:00 GMT+0000 (Coordinated Universal Time),43,#haechan,haechan,,,,,,
2026-08-17T17:49:25.463914+00:00,20260817-174925,https://trends24.in/indonesia/,Mon Aug 17 2026 12:16:00 GMT+0000 (Coordinated Universal Time),44,#17Agustus2026,17agustus2026,,,,,,
2026-08-17T17:49:25.463914+00:00,20260817-174925,https://trends24.in/indonesia/,Mon Aug 17 2026 12:16:00 GMT+0000 (Coordinated Universal Time),45,#MelangkahDenganHarapan,melangkahdenganharapan,,,,,,
2026-08-17T17:49:25.463914+00:00,20260817-174925,https://trends24.in/indonesia/,Mon Aug 17 2026 11:24:10 GMT+0000 (Coordinated Universal Time),1,#MerahPutihDiAcehPapua,merahputihdiacehpapua,,,,,,
2026-08-17T17:49:25.463914+00:00,20260817-174925,https://trends24.in/indonesia/,Mon Aug 17 2026 11:24:10 GMT+0000 (Coordinated Universal Time),2,JAGA NKRI Bersama,jaga nkri bersama,,,,,,
2026-08-17T17:49:25.463914+00:00,20260817-174925,https://trends24.in/indonesia/,Mon Aug 17 2026 11:24:10 GMT+0000 (Coordinated Universal Time),3,#WishJASPER,wishjasper,,,,,,
2026-08-17T17:49:25.463914+00:00,20260817-174925,https://trends24.in/indonesia/,Mon Aug 17 2026 11:24:10 GMT+0000 (Coordinated Universal Time),4,Amanat AMY,amanat amy,,,,,,
2026-08-17T17:49:25.463914+00:00,20260817-174925,https://trends24.in/indonesia/,Mon Aug 17 2026 11:24:10 GMT+0000 (Coordinated Universal Time),5,Bumi Cenderawasih,bumi cenderawasih,,,,,,
2026-08-17T17:49:25.463914+00:00,20260817-174925,https://trends24.in/indonesia/,Mon Aug 17 2026 11:24:10 GMT+0000 (Coordinated Universal Time),6,#PKS81TahunRI,pks81tahunri,,,,,,
2026-08-17T17:49:25.463914+00:00,20260817-174925,https://trends24.in/indonesia/,Mon Aug 17 2026 11:24:10 GMT+0000 (Coordinated Universal Time),7,#IWillAlwaysSaveYou,iwillalwayssaveyou,,,,,,
2026-08-17T17:49:25.463914+00:00,20260817-174925,https://trends24.in/indonesia/,Mon Aug 17 2026 11:24:10 GMT+0000 (Coordinated Universal Time),8,#JunKxWENDY_YourLips,junkxwendy_yourlips,,,,,,
2026-08-17T17:49:25.463914+00:00,20260817-174925,https://trends24.in/indonesia/,Mon Aug 17 2026 11:24:10 GMT+0000 (Coordinated Universal Time),9,AQUA TV,aqua tv,,,,,,
2026-08-17T17:49:25.463914+00:00,20260817-174925,https://trends24.in/indonesia/,Mon Aug 17 2026 11:24:10 GMT+0000 (Coordinated Universal Time),10,Dirgahayu Republik Indonesia,dirgahayu republik indonesia,,,,,,
2026-08-17T17:49:25.463914+00:00,20260817-174925,https://trends24.in/indonesia/,Mon Aug 17 2026 11:24:10 GMT+0000 (Coordinated Universal Time),11,81 RI,81 ri,,,,,,
2026-08-17T17:49:25.463914+00:00,20260817-174925,https://trends24.in/indonesia/,Mon Aug 17 2026 11:24:10 GMT+0000 (Coordinated Universal Time),12,Lomba,lomba,,,,,,
2026-08-17T17:49:25.463914+00:00,20260817-174925,https://trends24.in/indonesia/,Mon Aug 17 2026 11:24:10 GMT+0000 (Coordinated Universal Time),13,TFO YOURTUBER FITTING,tfo yourtuber fitting,,,,,,
2026-08-17T17:49:25.463914+00:00,20260817-174925,https://trends24.in/indonesia/,Mon Aug 17 2026 11:24:10 GMT+0000 (Coordinated Universal Time),14,SMYLE NEONA TWIN POP STAR,smyle neona twin pop star,,,,,,
2026-08-17T17:49:25.463914+00:00,20260817-174925,https://trends24.in/indonesia/,Mon Aug 17 2026 11:24:10 GMT+0000 (Coordinated Universal Time),15,Empati Membantu Saudara,empati membantu saudara,,,,,,
2026-08-17T17:49:25.463914+00:00,20260817-174925,https://trends24.in/indonesia/,Mon Aug 17 2026 11:24:10 GMT+0000 (Coordinated Universal Time),16,Makmur,makmur,,,,,,
2026-08-17T17:49:25.463914+00:00,20260817-174925,https://trends24.in/indonesia/,Mon Aug 17 2026 11:24:10 GMT+0000 (Coordinated Universal Time),17,Upacara HUT,upacara hut,,,,,,
2026-08-17T17:49:25.463914+00:00,20260817-174925,https://trends24.in/indonesia/,Mon Aug 17 2026 11:24:10 GMT+0000 (Coordinated Universal Time),18,Upacara Peringatan HUT,upacara peringatan hut,,,,,,
2026-08-17T17:49:25.463914+00:00,20260817-174925,https://trends24.in/indonesia/,Mon Aug 17 2026 11:24:10 GMT+0000 (Coordinated Universal Time),19,Merauke,merauke,,,,,,
2026-08-17T17:49:25.463914+00:00,20260817-174925,https://trends24.in/indonesia/,Mon Aug 17 2026 11:24:10 GMT+0000 (Coordinated Universal Time),20,Hari Ulang Tahun,hari ulang tahun,,,,,,
2026-08-17T17:49:25.463914+00:00,20260817-174925,https://trends24.in/indonesia/,Mon Aug 17 2026 11:24:10 GMT+0000 (Coordinated Universal Time),21,Sempit,sempit,,,,,,
2026-08-17T17:49:25.463914+00:00,20260817-174925,https://trends24.in/indonesia/,Mon Aug 17 2026 11:24:10 GMT+0000 (Coordinated Universal Time),22,wonwoo,wonwoo,,,,,,
2026-08-17T17:49:25.463914+00:00,20260817-174925,https://trends24.in/indonesia/,Mon Aug 17 2026 11:24:10 GMT+0000 (Coordinated Universal Time),23,JAIDEE 3RD SUNSHINE,jaidee 3rd sunshine,,,,,,
2026-08-17T17:49:25.463914+00:00,20260817-174925,https://trends24.in/indonesia/,Mon Aug 17 2026 11:24:10 GMT+0000 (Coordinated Universal Time),24,Nusantara,nusantara,,,,,,
2026-08-17T17:49:25.463914+00:00,20260817-174925,https://trends24.in/indonesia/,Mon Aug 17 2026 11:24:10 GMT+0000 (Coordinated Universal Time),25,Dipha Barus,dipha barus,,,,,,
2026-08-17T17:49:25.463914+00:00,20260817-174925,https://trends24.in/indonesia/,Mon Aug 17 2026 11:24:10 GMT+0000 (Coordinated Universal Time),26,Narsis,narsis,,,,,,
2026-08-17T17:49:25.463914+00:00,20260817-174925,https://trends24.in/indonesia/,Mon Aug 17 2026 11:24:10 GMT+0000 (Coordinated Universal Time),27,evan,evan,,,,,,
2026-08-17T17:49:25.463914+00:00,20260817-174925,https://trends24.in/indonesia/,Mon Aug 17 2026 11:24:10 GMT+0000 (Coordinated Universal Time),28,hanbin,hanbin,,,,,,
2026-08-17T17:49:25.463914+00:00,20260817-174925,https://trends24.in/indonesia/,Mon Aug 17 2026 11:24:10 GMT+0000 (Coordinated Universal Time),29,Happy Independence Day,happy independence day,,,,,,
2026-08-17T17:49:25.463914+00:00,20260817-174925,https://trends24.in/indonesia/,Mon Aug 17 2026 11:24:10 GMT+0000 (Coordinated Universal Time),30,Promo,promo,,,,,,
2026-08-17T17:49:25.463914+00:00,20260817-174925,https://trends24.in/indonesia/,Mon Aug 17 2026 11:24:10 GMT+0000 (Coordinated Universal Time),31,Istana,istana,,,,,,
2026-08-17T17:49:25.463914+00:00,20260817-174925,https://trends24.in/indonesia/,Mon Aug 17 2026 11:24:10 GMT+0000 (Coordinated Universal Time),32,Renungan Suci,renungan suci,,,,,,
2026-08-17T17:49:25.463914+00:00,20260817-174925,https://trends24.in/indonesia/,Mon Aug 17 2026 11:24:10 GMT+0000 (Coordinated Universal Time),33,#HUTRI81,hutri81,,,,,,
2026-08-17T17:49:25.463914+00:00,20260817-174925,https://trends24.in/indonesia/,Mon Aug 17 2026 11:24:10 GMT+0000 (Coordinated Universal Time),34,#PondPhuwinConcert,pondphuwinconcert,,,,,,
2026-08-17T17:49:25.463914+00:00,20260817-174925,https://trends24.in/indonesia/,Mon Aug 17 2026 11:24:10 GMT+0000 (Coordinated Universal Time),35,#Santapp,santapp,,,,,,
2026-08-17T17:49:25.463914+00:00,20260817-174925,https://trends24.in/indonesia/,Mon Aug 17 2026 11:24:10 GMT+0000 (Coordinated Universal Time),36,#FittingYourTuber,fittingyourtuber,,,,,,
2026-08-17T17:49:25.463914+00:00,20260817-174925,https://trends24.in/indonesia/,Mon Aug 17 2026 11:24:10 GMT+0000 (Coordinated Universal Time),37,#RISERMUSIC,risermusic,,,,,,
2026-08-17T17:49:25.463914+00:00,20260817-174925,https://trends24.in/indonesia/,Mon Aug 17 2026 11:24:10 GMT+0000 (Coordinated Universal Time),38,#Fair4JossGawin,fair4jossgawin,,,,,,
2026-08-17T17:49:25.463914+00:00,20260817-174925,https://trends24.in/indonesia/,Mon Aug 17 2026 11:24:10 GMT+0000 (Coordinated Universal Time),39,#Jaidee3rdBirthday,jaidee3rdbirthday,,,,,,
2026-08-17T17:49:25.463914+00:00,20260817-174925,https://trends24.in/indonesia/,Mon Aug 17 2026 11:24:10 GMT+0000 (Coordinated Universal Time),40,#KopiKenangan,kopikenangan,,,,,,
2026-08-17T17:49:25.463914+00:00,20260817-174925,https://trends24.in/indonesia/,Mon Aug 17 2026 11:24:10 GMT+0000 (Coordinated Universal Time),41,#17Agustus2026,17agustus2026,,,,,,
2026-08-17T17:49:25.463914+00:00,20260817-174925,https://trends24.in/indonesia/,Mon Aug 17 2026 11:24:10 GMT+0000 (Coordinated Universal Time),42,#DOMIIA,domiia,,,,,,
2026-08-17T17:49:25.463914+00:00,20260817-174925,https://trends24.in/indonesia/,Mon Aug 17 2026 11:24:10 GMT+0000 (Coordinated Universal Time),43,#MelangkahDenganHarapan,melangkahdenganharapan,,,,,,
2026-08-17T17:49:25.463914+00:00,20260817-174925,https://trends24.in/indonesia/,Mon Aug 17 2026 10:32:05 GMT+0000 (Coordinated Universal Time),1,#MerahPutihDiAcehPapua,merahputihdiacehpapua,,,,,,
2026-08-17T17:49:25.463914+00:00,20260817-174925,https://trends24.in/indonesia/,Mon Aug 17 2026 10:32:05 GMT+0000 (Coordinated Universal Time),2,JAGA NKRI Bersama,jaga nkri bersama,,,,,,
2026-08-17T17:49:25.463914+00:00,20260817-174925,https://trends24.in/indonesia/,Mon Aug 17 2026 10:32:05 GMT+0000 (Coordinated Universal Time),3,#WishJASPER,wishjasper,,,,,,
2026-08-17T17:49:25.463914+00:00,20260817-174925,https://trends24.in/indonesia/,Mon Aug 17 2026 10:32:05 GMT+0000 (Coordinated Universal Time),4,Amanat AMY,amanat amy,,,,,,
2026-08-17T17:49:25.463914+00:00,20260817-174925,https://trends24.in/indonesia/,Mon Aug 17 2026 10:32:05 GMT+0000 (Coordinated Universal Time),5,#PKS81TahunRI,pks81tahunri,,,,,,
2026-08-17T17:49:25.463914+00:00,20260817-174925,https://trends24.in/indonesia/,Mon Aug 17 2026 10:32:05 GMT+0000 (Coordinated Universal Time),6,#HUTRI81,hutri81,,,,,,
2026-08-17T17:49:25.463914+00:00,20260817-174925,https://trends24.in/indonesia/,Mon Aug 17 2026 10:32:05 GMT+0000 (Coordinated Universal Time),7,#IWillAlwaysSaveYou,iwillalwayssaveyou,,,,,,
2026-08-17T17:49:25.463914+00:00,20260817-174925,https://trends24.in/indonesia/,Mon Aug 17 2026 10:32:05 GMT+0000 (Coordinated Universal Time),8,81 RI,81 ri,,,,,,
2026-08-17T17:49:25.463914+00:00,20260817-174925,https://trends24.in/indonesia/,Mon Aug 17 2026 10:32:05 GMT+0000 (Coordinated Universal Time),9,Dirgahayu Republik Indonesia,dirgahayu republik indonesia,,,,,,
2026-08-17T17:49:25.463914+00:00,20260817-174925,https://trends24.in/indonesia/,Mon Aug 17 2026 10:32:05 GMT+0000 (Coordinated Universal Time),10,Lomba,lomba,,,,,,
2026-08-17T17:49:25.463914+00:00,20260817-174925,https://trends24.in/indonesia/,Mon Aug 17 2026 10:32:05 GMT+0000 (Coordinated Universal Time),11,SMYLE NEONA TWIN POP STAR,smyle neona twin pop star,,,,,,
2026-08-17T17:49:25.463914+00:00,20260817-174925,https://trends24.in/indonesia/,Mon Aug 17 2026 10:32:05 GMT+0000 (Coordinated Universal Time),12,Upacara Peringatan HUT,upacara peringatan hut,,,,,,
2026-08-17T17:49:25.463914+00:00,20260817-174925,https://trends24.in/indonesia/,Mon Aug 17 2026 10:32:05 GMT+0000 (Coordinated Universal Time),13,TFO YOURTUBER FITTING,tfo yourtuber fitting,,,,,,
2026-08-17T17:49:25.463914+00:00,20260817-174925,https://trends24.in/indonesia/,Mon Aug 17 2026 10:32:05 GMT+0000 (Coordinated Universal Time),14,Empati Membantu Saudara,empati membantu saudara,,,,,,
2026-08-17T17:49:25.463914+00:00,20260817-174925,https://trends24.in/indonesia/,Mon Aug 17 2026 10:32:05 GMT+0000 (Coordinated Universal Time),15,Makmur,makmur,,,,,,
2026-08-17T17:49:25.463914+00:00,20260817-174925,https://trends24.in/indonesia/,Mon Aug 17 2026 10:32:05 GMT+0000 (Coordinated Universal Time),16,Sempit,sempit,,,,,,
2026-08-17T17:49:25.463914+00:00,20260817-174925,https://trends24.in/indonesia/,Mon Aug 17 2026 10:32:05 GMT+0000 (Coordinated Universal Time),17,JAIDEE 3RD SUNSHINE,jaidee 3rd sunshine,,,,,,
2026-08-17T17:49:25.463914+00:00,20260817-174925,https://trends24.in/indonesia/,Mon Aug 17 2026 10:32:05 GMT+0000 (Coordinated Universal Time),18,Upacara HUT,upacara hut,,,,,,
2026-08-17T17:49:25.463914+00:00,20260817-174925,https://trends24.in/indonesia/,Mon Aug 17 2026 10:32:05 GMT+0000 (Coordinated Universal Time),19,Hari Ulang Tahun,hari ulang tahun,,,,,,
2026-08-17T17:49:25.463914+00:00,20260817-174925,https://trends24.in/indonesia/,Mon Aug 17 2026 10:32:05 GMT+0000 (Coordinated Universal Time),20,17 Agustus,17 agustus,,,,,,
2026-08-17T17:49:25.463914+00:00,20260817-174925,https://trends24.in/indonesia/,Mon Aug 17 2026 10:32:05 GMT+0000 (Coordinated Universal Time),21,Heroes,heroes,,,,,,
2026-08-17T17:49:25.463914+00:00,20260817-174925,https://trends24.in/indonesia/,Mon Aug 17 2026 10:32:05 GMT+0000 (Coordinated Universal Time),22,wonwoo,wonwoo,,,,,,
2026-08-17T17:49:25.463914+00:00,20260817-174925,https://trends24.in/indonesia/,Mon Aug 17 2026 10:32:05 GMT+0000 (Coordinated Universal Time),23,Merauke,merauke,,,,,,
2026-08-17T17:49:25.463914+00:00,20260817-174925,https://trends24.in/indonesia/,Mon Aug 17 2026 10:32:05 GMT+0000 (Coordinated Universal Time),24,Harapan,harapan,,,,,,
2026-08-17T17:49:25.463914+00:00,20260817-174925,https://trends24.in/indonesia/,Mon Aug 17 2026 10:32:05 GMT+0000 (Coordinated Universal Time),25,Dipha Barus,dipha barus,,,,,,
2026-08-17T17:49:25.463914+00:00,20260817-174925,https://trends24.in/indonesia/,Mon Aug 17 2026 10:32:05 GMT+0000 (Coordinated Universal Time),26,Inspektur Upacara,inspektur upacara,,,,,,
2026-08-17T17:49:25.463914+00:00,20260817-174925,https://trends24.in/indonesia/,Mon Aug 17 2026 10:32:05 GMT+0000 (Coordinated Universal Time),27,Narsis,narsis,,,,,,
2026-08-17T17:49:25.463914+00:00,20260817-174925,https://trends24.in/indonesia/,Mon Aug 17 2026 10:32:05 GMT+0000 (Coordinated Universal Time),28,Hayden,hayden,,,,,,
2026-08-17T17:49:25.463914+00:00,20260817-174925,https://trends24.in/indonesia/,Mon Aug 17 2026 10:32:05 GMT+0000 (Coordinated Universal Time),29,Nusantara,nusantara,,,,,,
2026-08-17T17:49:25.463914+00:00,20260817-174925,https://trends24.in/indonesia/,Mon Aug 17 2026 10:32:05 GMT+0000 (Coordinated Universal Time),30,evan,evan,,,,,,
2026-08-17T17:49:25.463914+00:00,20260817-174925,https://trends24.in/indonesia/,Mon Aug 17 2026 10:32:05 GMT+0000 (Coordinated Universal Time),31,hanbin,hanbin,,,,,,
2026-08-17T17:49:25.463914+00:00,20260817-174925,https://trends24.in/indonesia/,Mon Aug 17 2026 10:32:05 GMT+0000 (Coordinated Universal Time),32,Promo,promo,,,,,,
2026-08-17T17:49:25.463914+00:00,20260817-174925,https://trends24.in/indonesia/,Mon Aug 17 2026 10:32:05 GMT+0000 (Coordinated Universal Time),33,Independence Day,independence day,,,,,,
2026-08-17T17:49:25.463914+00:00,20260817-174925,https://trends24.in/indonesia/,Mon Aug 17 2026 10:32:05 GMT+0000 (Coordinated Universal Time),34,Istana,istana,,,,,,
2026-08-17T17:49:25.463914+00:00,20260817-174925,https://trends24.in/indonesia/,Mon Aug 17 2026 10:32:05 GMT+0000 (Coordinated Universal Time),35,Renungan Suci,renungan suci,,,,,,
2026-08-17T17:49:25.463914+00:00,20260817-174925,https://trends24.in/indonesia/,Mon Aug 17 2026 10:32:05 GMT+0000 (Coordinated Universal Time),36,namjoon,namjoon,,,,,,
2026-08-17T17:49:25.463914+00:00,20260817-174925,https://trends24.in/indonesia/,Mon Aug 17 2026 10:32:05 GMT+0000 (Coordinated Universal Time),37,Soekarno,soekarno,,,,,,
2026-08-17T17:49:25.463914+00:00,20260817-174925,https://trends24.in/indonesia/,Mon Aug 17 2026 10:32:05 GMT+0000 (Coordinated Universal Time),38,#JunKxWENDY_YourLips,junkxwendy_yourlips,,,,,,
2026-08-17T17:49:25.463914+00:00,20260817-174925,https://trends24.in/indonesia/,Mon Aug 17 2026 10:32:05 GMT+0000 (Coordinated Universal Time),39,#Santapp,santapp,,,,,,
2026-08-17T17:49:25.463914+00:00,20260817-174925,https://trends24.in/indonesia/,Mon Aug 17 2026 10:32:05 GMT+0000 (Coordinated Universal Time),40,#FittingYourTuber,fittingyourtuber,,,,,,
2026-08-17T17:49:25.463914+00:00,20260817-174925,https://trends24.in/indonesia/,Mon Aug 17 2026 10:32:05 GMT+0000 (Coordinated Universal Time),41,#RISERMUSIC,risermusic,,,,,,
2026-08-17T17:49:25.463914+00:00,20260817-174925,https://trends24.in/indonesia/,Mon Aug 17 2026 10:32:05 GMT+0000 (Coordinated Universal Time),42,#Jaidee3rdBirthday,jaidee3rdbirthday,,,,,,
2026-08-17T17:49:25.463914+00:00,20260817-174925,https://trends24.in/indonesia/,Mon Aug 17 2026 10:32:05 GMT+0000 (Coordinated Universal Time),43,#KATAPressTour,katapresstour,,,,,,
2026-08-17T17:49:25.463914+00:00,20260817-174925,https://trends24.in/indonesia/,Mon Aug 17 2026 10:32:05 GMT+0000 (Coordinated Universal Time),44,#Fair4JossGawin,fair4jossgawin,,,,,,
2026-08-17T17:49:25.463914+00:00,20260817-174925,https://trends24.in/indonesia/,Mon Aug 17 2026 10:32:05 GMT+0000 (Coordinated Universal Time),45,#KopiKenangan,kopikenangan,,,,,,
2026-08-17T17:49:25.463914+00:00,20260817-174925,https://trends24.in/indonesia/,Mon Aug 17 2026 10:32:05 GMT+0000 (Coordinated Universal Time),46,#DOMIIA,domiia,,,,,,
2026-08-17T17:49:25.463914+00:00,20260817-174925,https://trends24.in/indonesia/,Mon Aug 17 2026 10:32:05 GMT+0000 (Coordinated Universal Time),47,#3YTOMAFOXGoodboy,3ytomafoxgoodboy,,,,,,
2026-08-17T17:49:25.463914+00:00,20260817-174925,https://trends24.in/indonesia/,Mon Aug 17 2026 09:40:06 GMT+0000 (Coordinated Universal Time),1,#MerahPutihDiAcehPapua,merahputihdiacehpapua,,,,,,
2026-08-17T17:49:25.463914+00:00,20260817-174925,https://trends24.in/indonesia/,Mon Aug 17 2026 09:40:06 GMT+0000 (Coordinated Universal Time),2,JAGA NKRI Bersama,jaga nkri bersama,,,,,,
2026-08-17T17:49:25.463914+00:00,20260817-174925,https://trends24.in/indonesia/,Mon Aug 17 2026 09:40:06 GMT+0000 (Coordinated Universal Time),3,#WishJASPER,wishjasper,,,,,,
2026-08-17T17:49:25.463914+00:00,20260817-174925,https://trends24.in/indonesia/,Mon Aug 17 2026 09:40:06 GMT+0000 (Coordinated Universal Time),4,#GOPAYKUOTA8RIBU,gopaykuota8ribu,,,,,,
2026-08-17T17:49:25.463914+00:00,20260817-174925,https://trends24.in/indonesia/,Mon Aug 17 2026 09:40:06 GMT+0000 (Coordinated Universal Time),5,Amanat AMY,amanat amy,,,,,,
2026-08-17T17:49:25.463914+00:00,20260817-174925,https://trends24.in/indonesia/,Mon Aug 17 2026 09:40:06 GMT+0000 (Coordinated Universal Time),6,#PKS81TahunRI,pks81tahunri,,,,,,
2026-08-17T17:49:25.463914+00:00,20260817-174925,https://trends24.in/indonesia/,Mon Aug 17 2026 09:40:06 GMT+0000 (Coordinated Universal Time),7,#BerdaulatMerangkul,berdaulatmerangkul,,,,,,
2026-08-17T17:49:25.463914+00:00,20260817-174925,https://trends24.in/indonesia/,Mon Aug 17 2026 09:40:06 GMT+0000 (Coordinated Universal Time),8,Empati Membantu Saudara,empati membantu saudara,,,,,,
2026-08-17T17:49:25.463914+00:00,20260817-174925,https://trends24.in/indonesia/,Mon Aug 17 2026 09:40:06 GMT+0000 (Coordinated Universal Time),9,81 RI,81 ri,,,,,,
2026-08-17T17:49:25.463914+00:00,20260817-174925,https://trends24.in/indonesia/,Mon Aug 17 2026 09:40:06 GMT+0000 (Coordinated Universal Time),10,Lomba,lomba,,,,,,
2026-08-17T17:49:25.463914+00:00,20260817-174925,https://trends24.in/indonesia/,Mon Aug 17 2026 09:40:06 GMT+0000 (Coordinated Universal Time),11,Upacara Peringatan HUT,upacara peringatan hut,,,,,,
2026-08-17T17:49:25.463914+00:00,20260817-174925,https://trends24.in/indonesia/,Mon Aug 17 2026 09:40:06 GMT+0000 (Coordinated Universal Time),12,SMYLE NEONA TWIN POP STAR,smyle neona twin pop star,,,,,,
2026-08-17T17:49:25.463914+00:00,20260817-174925,https://trends24.in/indonesia/,Mon Aug 17 2026 09:40:06 GMT+0000 (Coordinated Universal Time),13,Makmur,makmur,,,,,,
2026-08-17T17:49:25.463914+00:00,20260817-174925,https://trends24.in/indonesia/,Mon Aug 17 2026 09:40:06 GMT+0000 (Coordinated Universal Time),14,JAIDEE 3RD SUNSHINE,jaidee 3rd sunshine,,,,,,
2026-08-17T17:49:25.463914+00:00,20260817-174925,https://trends24.in/indonesia/,Mon Aug 17 2026 09:40:06 GMT+0000 (Coordinated Universal Time),15,TFO YOURTUBER FITTING,tfo yourtuber fitting,,,,,,
2026-08-17T17:49:25.463914+00:00,20260817-174925,https://trends24.in/indonesia/,Mon Aug 17 2026 09:40:06 GMT+0000 (Coordinated Universal Time),16,17 Agustus,17 agustus,,,,,,
2026-08-17T17:49:25.463914+00:00,20260817-174925,https://trends24.in/indonesia/,Mon Aug 17 2026 09:40:06 GMT+0000 (Coordinated Universal Time),17,Heroes,heroes,,,,,,
2026-08-17T17:49:25.463914+00:00,20260817-174925,https://trends24.in/indonesia/,Mon Aug 17 2026 09:40:06 GMT+0000 (Coordinated Universal Time),18,Hari Ulang Tahun,hari ulang tahun,,,,,,
2026-08-17T17:49:25.463914+00:00,20260817-174925,https://trends24.in/indonesia/,Mon Aug 17 2026 09:40:06 GMT+0000 (Coordinated Universal Time),19,Narsis,narsis,,,,,,
2026-08-17T17:49:25.463914+00:00,20260817-174925,https://trends24.in/indonesia/,Mon Aug 17 2026 09:40:06 GMT+0000 (Coordinated Universal Time),20,Harga,harga,,,,,,
2026-08-17T17:49:25.463914+00:00,20260817-174925,https://trends24.in/indonesia/,Mon Aug 17 2026 09:40:06 GMT+0000 (Coordinated Universal Time),21,Harapan,harapan,,,,,,
2026-08-17T17:49:25.463914+00:00,20260817-174925,https://trends24.in/indonesia/,Mon Aug 17 2026 09:40:06 GMT+0000 (Coordinated Universal Time),22,Trio,trio,,,,,,
2026-08-17T17:49:25.463914+00:00,20260817-174925,https://trends24.in/indonesia/,Mon Aug 17 2026 09:40:06 GMT+0000 (Coordinated Universal Time),23,evan,evan,,,,,,
2026-08-17T17:49:25.463914+00:00,20260817-174925,https://trends24.in/indonesia/,Mon Aug 17 2026 09:40:06 GMT+0000 (Coordinated Universal Time),24,Rp 8.100,rp 8.100,,,,,,
2026-08-17T17:49:25.463914+00:00,20260817-174925,https://trends24.in/indonesia/,Mon Aug 17 2026 09:40:06 GMT+0000 (Coordinated Universal Time),25,Hayden,hayden,,,,,,
2026-08-17T17:49:25.463914+00:00,20260817-174925,https://trends24.in/indonesia/,Mon Aug 17 2026 09:40:06 GMT+0000 (Coordinated Universal Time),26,Dipha Barus,dipha barus,,,,,,
2026-08-17T17:49:25.463914+00:00,20260817-174925,https://trends24.in/indonesia/,Mon Aug 17 2026 09:40:06 GMT+0000 (Coordinated Universal Time),27,Korut,korut,,,,,,
2026-08-17T17:49:25.463914+00:00,20260817-174925,https://trends24.in/indonesia/,Mon Aug 17 2026 09:40:06 GMT+0000 (Coordinated Universal Time),28,hanbin,hanbin,,,,,,
2026-08-17T17:49:25.463914+00:00,20260817-174925,https://trends24.in/indonesia/,Mon Aug 17 2026 09:40:06 GMT+0000 (Coordinated Universal Time),29,Independence Day,independence day,,,,,,
2026-08-17T17:49:25.463914+00:00,20260817-174925,https://trends24.in/indonesia/,Mon Aug 17 2026 09:40:06 GMT+0000 (Coordinated Universal Time),30,TOMAFOX 3Y FOREVER,tomafox 3y forever,,,,,,
2026-08-17T17:49:25.463914+00:00,20260817-174925,https://trends24.in/indonesia/,Mon Aug 17 2026 09:40:06 GMT+0000 (Coordinated Universal Time),31,SIMPATI 1,simpati 1,,,,,,
2026-08-17T17:49:25.463914+00:00,20260817-174925,https://trends24.in/indonesia/,Mon Aug 17 2026 09:40:06 GMT+0000 (Coordinated Universal Time),32,Merauke,merauke,,,,,,
2026-08-17T17:49:25.463914+00:00,20260817-174925,https://trends24.in/indonesia/,Mon Aug 17 2026 09:40:06 GMT+0000 (Coordinated Universal Time),33,Apel Kehormatan,apel kehormatan,,,,,,
2026-08-17T17:49:25.463914+00:00,20260817-174925,https://trends24.in/indonesia/,Mon Aug 17 2026 09:40:06 GMT+0000 (Coordinated Universal Time),34,Nusantara,nusantara,,,,,,
2026-08-17T17:49:25.463914+00:00,20260817-174925,https://trends24.in/indonesia/,Mon Aug 17 2026 09:40:06 GMT+0000 (Coordinated Universal Time),35,Istana,istana,,,,,,
2026-08-17T17:49:25.463914+00:00,20260817-174925,https://trends24.in/indonesia/,Mon Aug 17 2026 09:40:06 GMT+0000 (Coordinated Universal Time),36,namjoon,namjoon,,,,,,
2026-08-17T17:49:25.463914+00:00,20260817-174925,https://trends24.in/indonesia/,Mon Aug 17 2026 09:40:06 GMT+0000 (Coordinated Universal Time),37,Renungan Suci,renungan suci,,,,,,
2026-08-17T17:49:25.463914+00:00,20260817-174925,https://trends24.in/indonesia/,Mon Aug 17 2026 09:40:06 GMT+0000 (Coordinated Universal Time),38,Monas,monas,,,,,,
2026-08-17T17:49:25.463914+00:00,20260817-174925,https://trends24.in/indonesia/,Mon Aug 17 2026 09:40:06 GMT+0000 (Coordinated Universal Time),39,Soekarno,soekarno,,,,,,
2026-08-17T17:49:25.463914+00:00,20260817-174925,https://trends24.in/indonesia/,Mon Aug 17 2026 09:40:06 GMT+0000 (Coordinated Universal Time),40,#BerdaulatMerangkul,berdaulatmerangkul,,,,,,
2026-08-17T17:49:25.463914+00:00,20260817-174925,https://trends24.in/indonesia/,Mon Aug 17 2026 09:40:06 GMT+0000 (Coordinated Universal Time),41,#HUTRI81,hutri81,,,,,,
2026-08-17T17:49:25.463914+00:00,20260817-174925,https://trends24.in/indonesia/,Mon Aug 17 2026 09:40:06 GMT+0000 (Coordinated Universal Time),42,#IWillAlwaysSaveYou,iwillalwayssaveyou,,,,,,
2026-08-17T17:49:25.463914+00:00,20260817-174925,https://trends24.in/indonesia/,Mon Aug 17 2026 09:40:06 GMT+0000 (Coordinated Universal Time),43,#Santapp,santapp,,,,,,
2026-08-17T17:49:25.463914+00:00,20260817-174925,https://trends24.in/indonesia/,Mon Aug 17 2026 09:40:06 GMT+0000 (Coordinated Universal Time),44,#RISERMUSIC,risermusic,,,,,,
2026-08-17T17:49:25.463914+00:00,20260817-174925,https://trends24.in/indonesia/,Mon Aug 17 2026 09:40:06 GMT+0000 (Coordinated Universal Time),45,#Jaidee3rdBirthday,jaidee3rdbirthday,,,,,,
2026-08-17T17:49:25.463914+00:00,20260817-174925,https://trends24.in/indonesia/,Mon Aug 17 2026 09:40:06 GMT+0000 (Coordinated Universal Time),46,#FittingYourTuber,fittingyourtuber,,,,,,
2026-08-17T17:49:25.463914+00:00,20260817-174925,https://trends24.in/indonesia/,Mon Aug 17 2026 09:40:06 GMT+0000 (Coordinated Universal Time),47,#KATAPressTour,katapresstour,,,,,,
2026-08-17T17:49:25.463914+00:00,20260817-174925,https://trends24.in/indonesia/,Mon Aug 17 2026 09:40:06 GMT+0000 (Coordinated Universal Time),48,#KopiKenangan,kopikenangan,,,,,,
2026-08-17T17:49:25.463914+00:00,20260817-174925,https://trends24.in/indonesia/,Mon Aug 17 2026 09:40:06 GMT+0000 (Coordinated Universal Time),49,#jeketiselcaday,jeketiselcaday,,,,,,
2026-08-17T17:49:25.463914+00:00,20260817-174925,https://trends24.in/indonesia/,Mon Aug 17 2026 09:40:06 GMT+0000 (Coordinated Universal Time),50,#DesaBerdayaWargaSejahtera,desaberdayawargasejahtera,,,,,,
2026-08-17T17:49:25.463914+00:00,20260817-174925,https://trends24.in/indonesia/,Mon Aug 17 2026 08:48:52 GMT+0000 (Coordinated Universal Time),1,#MerahPutihDiAcehPapua,merahputihdiacehpapua,,,,,,
2026-08-17T17:49:25.463914+00:00,20260817-174925,https://trends24.in/indonesia/,Mon Aug 17 2026 08:48:52 GMT+0000 (Coordinated Universal Time),2,JAGA NKRI Bersama,jaga nkri bersama,,,,,,
2026-08-17T17:49:25.463914+00:00,20260817-174925,https://trends24.in/indonesia/,Mon Aug 17 2026 08:48:52 GMT+0000 (Coordinated Universal Time),3,#WishJASPER,wishjasper,,,,,,
2026-08-17T17:49:25.463914+00:00,20260817-174925,https://trends24.in/indonesia/,Mon Aug 17 2026 08:48:52 GMT+0000 (Coordinated Universal Time),4,#GOPAYKUOTA8RIBU,gopaykuota8ribu,,,,,,
2026-08-17T17:49:25.463914+00:00,20260817-174925,https://trends24.in/indonesia/,Mon Aug 17 2026 08:48:52 GMT+0000 (Coordinated Universal Time),5,#BerdaulatMerangkul,berdaulatmerangkul,,,,,,
2026-08-17T17:49:25.463914+00:00,20260817-174925,https://trends24.in/indonesia/,Mon Aug 17 2026 08:48:52 GMT+0000 (Coordinated Universal Time),6,Empati Membantu Saudara,empati membantu saudara,,,,,,
2026-08-17T17:49:25.463914+00:00,20260817-174925,https://trends24.in/indonesia/,Mon Aug 17 2026 08:48:52 GMT+0000 (Coordinated Universal Time),7,#BeraniJadiDiriSendiri,beranijadidirisendiri,,,,,,
2026-08-17T17:49:25.463914+00:00,20260817-174925,https://trends24.in/indonesia/,Mon Aug 17 2026 08:48:52 GMT+0000 (Coordinated Universal Time),8,Amanat AMY,amanat amy,,,,,,
2026-08-17T17:49:25.463914+00:00,20260817-174925,https://trends24.in/indonesia/,Mon Aug 17 2026 08:48:52 GMT+0000 (Coordinated Universal Time),9,81 RI,81 ri,,,,,,
2026-08-17T17:49:25.463914+00:00,20260817-174925,https://trends24.in/indonesia/,Mon Aug 17 2026 08:48:52 GMT+0000 (Coordinated Universal Time),10,Lomba,lomba,,,,,,
2026-08-17T17:49:25.463914+00:00,20260817-174925,https://trends24.in/indonesia/,Mon Aug 17 2026 08:48:52 GMT+0000 (Coordinated Universal Time),11,SMYLE NEONA TWIN POP STAR,smyle neona twin pop star,,,,,,
2026-08-17T17:49:25.463914+00:00,20260817-174925,https://trends24.in/indonesia/,Mon Aug 17 2026 08:48:52 GMT+0000 (Coordinated Universal Time),12,Upacara Peringatan HUT,upacara peringatan hut,,,,,,
2026-08-17T17:49:25.463914+00:00,20260817-174925,https://trends24.in/indonesia/,Mon Aug 17 2026 08:48:52 GMT+0000 (Coordinated Universal Time),13,Makmur,makmur,,,,,,
2026-08-17T17:49:25.463914+00:00,20260817-174925,https://trends24.in/indonesia/,Mon Aug 17 2026 08:48:52 GMT+0000 (Coordinated Universal Time),14,Natasha,natasha,,,,,,
2026-08-17T17:49:25.463914+00:00,20260817-174925,https://trends24.in/indonesia/,Mon Aug 17 2026 08:48:52 GMT+0000 (Coordinated Universal Time),15,TFO YOURTUBER FITTING,tfo yourtuber fitting,,,,,,
2026-08-17T17:49:25.463914+00:00,20260817-174925,https://trends24.in/indonesia/,Mon Aug 17 2026 08:48:52 GMT+0000 (Coordinated Universal Time),16,Hari Ulang Tahun,hari ulang tahun,,,,,,
2026-08-17T17:49:25.463914+00:00,20260817-174925,https://trends24.in/indonesia/,Mon Aug 17 2026 08:48:52 GMT+0000 (Coordinated Universal Time),17,17 Agustus,17 agustus,,,,,,
2026-08-17T17:49:25.463914+00:00,20260817-174925,https://trends24.in/indonesia/,Mon Aug 17 2026 08:48:52 GMT+0000 (Coordinated Universal Time),18,Heroes,heroes,,,,,,
2026-08-17T17:49:25.463914+00:00,20260817-174925,https://trends24.in/indonesia/,Mon Aug 17 2026 08:48:52 GMT+0000 (Coordinated Universal Time),19,NUNEW 7TH SINGLE PRESS,nunew 7th single press,,,,,,
2026-08-17T17:49:25.463914+00:00,20260817-174925,https://trends24.in/indonesia/,Mon Aug 17 2026 08:48:52 GMT+0000 (Coordinated Universal Time),20,evan,evan,,,,,,
2026-08-17T17:49:25.463914+00:00,20260817-174925,https://trends24.in/indonesia/,Mon Aug 17 2026 08:48:52 GMT+0000 (Coordinated Universal Time),21,Narsis,narsis,,,,,,
2026-08-17T17:49:25.463914+00:00,20260817-174925,https://trends24.in/indonesia/,Mon Aug 17 2026 08:48:52 GMT+0000 (Coordinated Universal Time),22,Hayden,hayden,,,,,,
2026-08-17T17:49:25.463914+00:00,20260817-174925,https://trends24.in/indonesia/,Mon Aug 17 2026 08:48:52 GMT+0000 (Coordinated Universal Time),23,CONGRATULATIONS JIN,congratulations jin,,,,,,
2026-08-17T17:49:25.463914+00:00,20260817-174925,https://trends24.in/indonesia/,Mon Aug 17 2026 08:48:52 GMT+0000 (Coordinated Universal Time),24,Harga,harga,,,,,,
2026-08-17T17:49:25.463914+00:00,20260817-174925,https://trends24.in/indonesia/,Mon Aug 17 2026 08:48:52 GMT+0000 (Coordinated Universal Time),25,Trio,trio,,,,,,
2026-08-17T17:49:25.463914+00:00,20260817-174925,https://trends24.in/indonesia/,Mon Aug 17 2026 08:48:52 GMT+0000 (Coordinated Universal Time),26,hanbin,hanbin,,,,,,
2026-08-17T17:49:25.463914+00:00,20260817-174925,https://trends24.in/indonesia/,Mon Aug 17 2026 08:48:52 GMT+0000 (Coordinated Universal Time),27,Rp 8.100,rp 8.100,,,,,,
2026-08-17T17:49:25.463914+00:00,20260817-174925,https://trends24.in/indonesia/,Mon Aug 17 2026 08:48:52 GMT+0000 (Coordinated Universal Time),28,Korut,korut,,,,,,
2026-08-17T17:49:25.463914+00:00,20260817-174925,https://trends24.in/indonesia/,Mon Aug 17 2026 08:48:52 GMT+0000 (Coordinated Universal Time),29,Merauke,merauke,,,,,,
2026-08-17T17:49:25.463914+00:00,20260817-174925,https://trends24.in/indonesia/,Mon Aug 17 2026 08:48:52 GMT+0000 (Coordinated Universal Time),30,Independence Day,independence day,,,,,,
2026-08-17T17:49:25.463914+00:00,20260817-174925,https://trends24.in/indonesia/,Mon Aug 17 2026 08:48:52 GMT+0000 (Coordinated Universal Time),31,TOMAFOX 3Y FOREVER,tomafox 3y forever,,,,,,
2026-08-17T17:49:25.463914+00:00,20260817-174925,https://trends24.in/indonesia/,Mon Aug 17 2026 08:48:52 GMT+0000 (Coordinated Universal Time),32,SIMPATI 1,simpati 1,,,,,,
2026-08-17T17:49:25.463914+00:00,20260817-174925,https://trends24.in/indonesia/,Mon Aug 17 2026 08:48:52 GMT+0000 (Coordinated Universal Time),33,Apel Kehormatan,apel kehormatan,,,,,,
2026-08-17T17:49:25.463914+00:00,20260817-174925,https://trends24.in/indonesia/,Mon Aug 17 2026 08:48:52 GMT+0000 (Coordinated Universal Time),34,Renungan Suci,renungan suci,,,,,,
2026-08-17T17:49:25.463914+00:00,20260817-174925,https://trends24.in/indonesia/,Mon Aug 17 2026 08:48:52 GMT+0000 (Coordinated Universal Time),35,Istana,istana,,,,,,
2026-08-17T17:49:25.463914+00:00,20260817-174925,https://trends24.in/indonesia/,Mon Aug 17 2026 08:48:52 GMT+0000 (Coordinated Universal Time),36,Nusantara,nusantara,,,,,,
2026-08-17T17:49:25.463914+00:00,20260817-174925,https://trends24.in/indonesia/,Mon Aug 17 2026 08:48:52 GMT+0000 (Coordinated Universal Time),37,Monas,monas,,,,,,
2026-08-17T17:49:25.463914+00:00,20260817-174925,https://trends24.in/indonesia/,Mon Aug 17 2026 08:48:52 GMT+0000 (Coordinated Universal Time),38,Soekarno,soekarno,,,,,,
2026-08-17T17:49:25.463914+00:00,20260817-174925,https://trends24.in/indonesia/,Mon Aug 17 2026 08:48:52 GMT+0000 (Coordinated Universal Time),39,Haaland,haaland,,,,,,
2026-08-17T17:49:25.463914+00:00,20260817-174925,https://trends24.in/indonesia/,Mon Aug 17 2026 08:48:52 GMT+0000 (Coordinated Universal Time),40,#HUTRI81,hutri81,,,,,,
2026-08-17T17:49:25.463914+00:00,20260817-174925,https://trends24.in/indonesia/,Mon Aug 17 2026 08:48:52 GMT+0000 (Coordinated Universal Time),41,#PKS81TahunRI,pks81tahunri,,,,,,
2026-08-17T17:49:25.463914+00:00,20260817-174925,https://trends24.in/indonesia/,Mon Aug 17 2026 08:48:52 GMT+0000 (Coordinated Universal Time),42,#IWillAlwaysSaveYou,iwillalwayssaveyou,,,,,,
2026-08-17T17:49:25.463914+00:00,20260817-174925,https://trends24.in/indonesia/,Mon Aug 17 2026 08:48:52 GMT+0000 (Coordinated Universal Time),43,#Santapp,santapp,,,,,,
2026-08-17T17:49:25.463914+00:00,20260817-174925,https://trends24.in/indonesia/,Mon Aug 17 2026 08:48:52 GMT+0000 (Coordinated Universal Time),44,#Jaidee3rdBirthday,jaidee3rdbirthday,,,,,,
2026-08-17T17:49:25.463914+00:00,20260817-174925,https://trends24.in/indonesia/,Mon Aug 17 2026 08:48:52 GMT+0000 (Coordinated Universal Time),45,#RISERMUSIC,risermusic,,,,,,
2026-08-17T17:49:25.463914+00:00,20260817-174925,https://trends24.in/indonesia/,Mon Aug 17 2026 08:48:52 GMT+0000 (Coordinated Universal Time),46,#FittingYourTuber,fittingyourtuber,,,,,,
2026-08-17T17:49:25.463914+00:00,20260817-174925,https://trends24.in/indonesia/,Mon Aug 17 2026 08:48:52 GMT+0000 (Coordinated Universal Time),47,#KATAPressTour,katapresstour,,,,,,
2026-08-17T17:49:25.463914+00:00,20260817-174925,https://trends24.in/indonesia/,Mon Aug 17 2026 08:48:52 GMT+0000 (Coordinated Universal Time),48,#jeketiselcaday,jeketiselcaday,,,,,,
2026-08-17T17:49:25.463914+00:00,20260817-174925,https://trends24.in/indonesia/,Mon Aug 17 2026 08:48:52 GMT+0000 (Coordinated Universal Time),49,#KopiKenangan,kopikenangan,,,,,,
2026-08-17T17:49:25.463914+00:00,20260817-174925,https://trends24.in/indonesia/,Mon Aug 17 2026 08:48:52 GMT+0000 (Coordinated Universal Time),50,#3YTOMAFOXGoodboy,3ytomafoxgoodboy,,,,,,
2026-08-17T17:49:25.463914+00:00,20260817-174925,https://trends24.in/indonesia/,Mon Aug 17 2026 07:57:15 GMT+0000 (Coordinated Universal Time),1,#GOPAYKUOTA8RIBU,gopaykuota8ribu,,,,,,
2026-08-17T17:49:25.463914+00:00,20260817-174925,https://trends24.in/indonesia/,Mon Aug 17 2026 07:57:15 GMT+0000 (Coordinated Universal Time),2,Empati Membantu Saudara,empati membantu saudara,,,,,,
2026-08-17T17:49:25.463914+00:00,20260817-174925,https://trends24.in/indonesia/,Mon Aug 17 2026 07:57:15 GMT+0000 (Coordinated Universal Time),3,#BerdaulatMerangkul,berdaulatmerangkul,,,,,,
2026-08-17T17:49:25.463914+00:00,20260817-174925,https://trends24.in/indonesia/,Mon Aug 17 2026 07:57:15 GMT+0000 (Coordinated Universal Time),4,#BerdaulatMerangkul,berdaulatmerangkul,,,,,,
2026-08-17T17:49:25.463914+00:00,20260817-174925,https://trends24.in/indonesia/,Mon Aug 17 2026 07:57:15 GMT+0000 (Coordinated Universal Time),5,Rayakan Di Natasha,rayakan di natasha,,,,,,
2026-08-17T17:49:25.463914+00:00,20260817-174925,https://trends24.in/indonesia/,Mon Aug 17 2026 07:57:15 GMT+0000 (Coordinated Universal Time),6,#WishJASPER,wishjasper,,,,,,
2026-08-17T17:49:25.463914+00:00,20260817-174925,https://trends24.in/indonesia/,Mon Aug 17 2026 07:57:15 GMT+0000 (Coordinated Universal Time),7,#BeraniJadiDiriSendiri,beranijadidirisendiri,,,,,,
2026-08-17T17:49:25.463914+00:00,20260817-174925,https://trends24.in/indonesia/,Mon Aug 17 2026 07:57:15 GMT+0000 (Coordinated Universal Time),8,Amanat AMY,amanat amy,,,,,,
2026-08-17T17:49:25.463914+00:00,20260817-174925,https://trends24.in/indonesia/,Mon Aug 17 2026 07:57:15 GMT+0000 (Coordinated Universal Time),9,Lomba,lomba,,,,,,
2026-08-17T17:49:25.463914+00:00,20260817-174925,https://trends24.in/indonesia/,Mon Aug 17 2026 07:57:15 GMT+0000 (Coordinated Universal Time),10,81 RI,81 ri,,,,,,
2026-08-17T17:49:25.463914+00:00,20260817-174925,https://trends24.in/indonesia/,Mon Aug 17 2026 07:57:15 GMT+0000 (Coordinated Universal Time),11,Makmur,makmur,,,,,,
2026-08-17T17:49:25.463914+00:00,20260817-174925,https://trends24.in/indonesia/,Mon Aug 17 2026 07:57:15 GMT+0000 (Coordinated Universal Time),12,Upacara Peringatan HUT,upacara peringatan hut,,,,,,
2026-08-17T17:49:25.463914+00:00,20260817-174925,https://trends24.in/indonesia/,Mon Aug 17 2026 07:57:15 GMT+0000 (Coordinated Universal Time),13,TFO YOURTUBER FITTING,tfo yourtuber fitting,,,,,,
2026-08-17T17:49:25.463914+00:00,20260817-174925,https://trends24.in/indonesia/,Mon Aug 17 2026 07:57:15 GMT+0000 (Coordinated Universal Time),14,evan,evan,,,,,,
2026-08-17T17:49:25.463914+00:00,20260817-174925,https://trends24.in/indonesia/,Mon Aug 17 2026 07:57:15 GMT+0000 (Coordinated Universal Time),15,17 Agustus,17 agustus,,,,,,
2026-08-17T17:49:25.463914+00:00,20260817-174925,https://trends24.in/indonesia/,Mon Aug 17 2026 07:57:15 GMT+0000 (Coordinated Universal Time),16,Heroes,heroes,,,,,,
2026-08-17T17:49:25.463914+00:00,20260817-174925,https://trends24.in/indonesia/,Mon Aug 17 2026 07:57:15 GMT+0000 (Coordinated Universal Time),17,Rp 8.100,rp 8.100,,,,,,
2026-08-17T17:49:25.463914+00:00,20260817-174925,https://trends24.in/indonesia/,Mon Aug 17 2026 07:57:15 GMT+0000 (Coordinated Universal Time),18,Harga,harga,,,,,,
2026-08-17T17:49:25.463914+00:00,20260817-174925,https://trends24.in/indonesia/,Mon Aug 17 2026 07:57:15 GMT+0000 (Coordinated Universal Time),19,Narsis,narsis,,,,,,
2026-08-17T17:49:25.463914+00:00,20260817-174925,https://trends24.in/indonesia/,Mon Aug 17 2026 07:57:15 GMT+0000 (Coordinated Universal Time),20,NUNEW 7TH SINGLE PRESS,nunew 7th single press,,,,,,
2026-08-17T17:49:25.463914+00:00,20260817-174925,https://trends24.in/indonesia/,Mon Aug 17 2026 07:57:15 GMT+0000 (Coordinated Universal Time),21,Hayden,hayden,,,,,,
2026-08-17T17:49:25.463914+00:00,20260817-174925,https://trends24.in/indonesia/,Mon Aug 17 2026 07:57:15 GMT+0000 (Coordinated Universal Time),22,Hari Ulang Tahun,hari ulang tahun,,,,,,
2026-08-17T17:49:25.463914+00:00,20260817-174925,https://trends24.in/indonesia/,Mon Aug 17 2026 07:57:15 GMT+0000 (Coordinated Universal Time),23,CONGRATULATIONS JIN,congratulations jin,,,,,,
2026-08-17T17:49:25.463914+00:00,20260817-174925,https://trends24.in/indonesia/,Mon Aug 17 2026 07:57:15 GMT+0000 (Coordinated Universal Time),24,Indomie Cabe Ijo,indomie cabe ijo,,,,,,
2026-08-17T17:49:25.463914+00:00,20260817-174925,https://trends24.in/indonesia/,Mon Aug 17 2026 07:57:15 GMT+0000 (Coordinated Universal Time),25,FAKE LOVE,fake love,,,,,,
2026-08-17T17:49:25.463914+00:00,20260817-174925,https://trends24.in/indonesia/,Mon Aug 17 2026 07:57:15 GMT+0000 (Coordinated Universal Time),26,SIMPATI 1,simpati 1,,,,,,
2026-08-17T17:49:25.463914+00:00,20260817-174925,https://trends24.in/indonesia/,Mon Aug 17 2026 07:57:15 GMT+0000 (Coordinated Universal Time),27,Trio,trio,,,,,,
2026-08-17T17:49:25.463914+00:00,20260817-174925,https://trends24.in/indonesia/,Mon Aug 17 2026 07:57:15 GMT+0000 (Coordinated Universal Time),28,TOMAFOX 3Y FOREVER,tomafox 3y forever,,,,,,
2026-08-17T17:49:25.463914+00:00,20260817-174925,https://trends24.in/indonesia/,Mon Aug 17 2026 07:57:15 GMT+0000 (Coordinated Universal Time),29,Korut,korut,,,,,,
2026-08-17T17:49:25.463914+00:00,20260817-174925,https://trends24.in/indonesia/,Mon Aug 17 2026 07:57:15 GMT+0000 (Coordinated Universal Time),30,Tanah Airku,tanah airku,,,,,,
2026-08-17T17:49:25.463914+00:00,20260817-174925,https://trends24.in/indonesia/,Mon Aug 17 2026 07:57:15 GMT+0000 (Coordinated Universal Time),31,Independence Day,independence day,,,,,,
2026-08-17T17:49:25.463914+00:00,20260817-174925,https://trends24.in/indonesia/,Mon Aug 17 2026 07:57:15 GMT+0000 (Coordinated Universal Time),32,Sangwon,sangwon,,,,,,
2026-08-17T17:49:25.463914+00:00,20260817-174925,https://trends24.in/indonesia/,Mon Aug 17 2026 07:57:15 GMT+0000 (Coordinated Universal Time),33,Dipha Barus,dipha barus,,,,,,
2026-08-17T17:49:25.463914+00:00,20260817-174925,https://trends24.in/indonesia/,Mon Aug 17 2026 07:57:15 GMT+0000 (Coordinated Universal Time),34,Proklamasi,proklamasi,,,,,,
2026-08-17T17:49:25.463914+00:00,20260817-174925,https://trends24.in/indonesia/,Mon Aug 17 2026 07:57:15 GMT+0000 (Coordinated Universal Time),35,NKRI,nkri,,,,,,
2026-08-17T17:49:25.463914+00:00,20260817-174925,https://trends24.in/indonesia/,Mon Aug 17 2026 07:57:15 GMT+0000 (Coordinated Universal Time),36,Apel Kehormatan,apel kehormatan,,,,,,
2026-08-17T17:49:25.463914+00:00,20260817-174925,https://trends24.in/indonesia/,Mon Aug 17 2026 07:57:15 GMT+0000 (Coordinated Universal Time),37,Renungan Suci,renungan suci,,,,,,
2026-08-17T17:49:25.463914+00:00,20260817-174925,https://trends24.in/indonesia/,Mon Aug 17 2026 07:57:15 GMT+0000 (Coordinated Universal Time),38,Nusantara,nusantara,,,,,,
2026-08-17T17:49:25.463914+00:00,20260817-174925,https://trends24.in/indonesia/,Mon Aug 17 2026 07:57:15 GMT+0000 (Coordinated Universal Time),39,Istana,istana,,,,,,
2026-08-17T17:49:25.463914+00:00,20260817-174925,https://trends24.in/indonesia/,Mon Aug 17 2026 07:57:15 GMT+0000 (Coordinated Universal Time),40,Soekarno,soekarno,,,,,,
2026-08-17T17:49:25.463914+00:00,20260817-174925,https://trends24.in/indonesia/,Mon Aug 17 2026 07:57:15 GMT+0000 (Coordinated Universal Time),41,Monas,monas,,,,,,
2026-08-17T17:49:25.463914+00:00,20260817-174925,https://trends24.in/indonesia/,Mon Aug 17 2026 07:57:15 GMT+0000 (Coordinated Universal Time),42,Bung Hatta,bung hatta,,,,,,
2026-08-17T17:49:25.463914+00:00,20260817-174925,https://trends24.in/indonesia/,Mon Aug 17 2026 07:57:15 GMT+0000 (Coordinated Universal Time),43,Haaland,haaland,,,,,,
2026-08-17T17:49:25.463914+00:00,20260817-174925,https://trends24.in/indonesia/,Mon Aug 17 2026 07:57:15 GMT+0000 (Coordinated Universal Time),44,#HUTRI81,hutri81,,,,,,
2026-08-17T17:49:25.463914+00:00,20260817-174925,https://trends24.in/indonesia/,Mon Aug 17 2026 07:57:15 GMT+0000 (Coordinated Universal Time),45,#IWillAlwaysSaveYou,iwillalwayssaveyou,,,,,,
2026-08-17T17:49:25.463914+00:00,20260817-174925,https://trends24.in/indonesia/,Mon Aug 17 2026 07:57:15 GMT+0000 (Coordinated Universal Time),46,#PKS81TahunRI,pks81tahunri,,,,,,
2026-08-17T17:49:25.463914+00:00,20260817-174925,https://trends24.in/indonesia/,Mon Aug 17 2026 07:57:15 GMT+0000 (Coordinated Universal Time),47,#Jaidee3rdBirthday,jaidee3rdbirthday,,,,,,
2026-08-17T17:49:25.463914+00:00,20260817-174925,https://trends24.in/indonesia/,Mon Aug 17 2026 07:57:15 GMT+0000 (Coordinated Universal Time),48,#FittingYourTuber,fittingyourtuber,,,,,,
2026-08-17T17:49:25.463914+00:00,20260817-174925,https://trends24.in/indonesia/,Mon Aug 17 2026 07:57:15 GMT+0000 (Coordinated Universal Time),49,#KATAPressTour,katapresstour,,,,,,
2026-08-17T17:49:25.463914+00:00,20260817-174925,https://trends24.in/indonesia/,Mon Aug 17 2026 07:57:15 GMT+0000 (Coordinated Universal Time),50,#KopiKenangan,kopikenangan,,,,,,
2026-08-17T17:49:25.463914+00:00,20260817-174925,https://trends24.in/indonesia/,Mon Aug 17 2026 07:06:17 GMT+0000 (Coordinated Universal Time),1,#GOPAYKUOTA8RIBU,gopaykuota8ribu,,,,,,
2026-08-17T17:49:25.463914+00:00,20260817-174925,https://trends24.in/indonesia/,Mon Aug 17 2026 07:06:17 GMT+0000 (Coordinated Universal Time),2,#BerdaulatMerangkul,berdaulatmerangkul,,,,,,
2026-08-17T17:49:25.463914+00:00,20260817-174925,https://trends24.in/indonesia/,Mon Aug 17 2026 07:06:17 GMT+0000 (Coordinated Universal Time),3,#BerdaulatMerangkul,berdaulatmerangkul,,,,,,
2026-08-17T17:49:25.463914+00:00,20260817-174925,https://trends24.in/indonesia/,Mon Aug 17 2026 07:06:17 GMT+0000 (Coordinated Universal Time),4,Empati Membantu Saudara,empati membantu saudara,,,,,,
2026-08-17T17:49:25.463914+00:00,20260817-174925,https://trends24.in/indonesia/,Mon Aug 17 2026 07:06:17 GMT+0000 (Coordinated Universal Time),5,#WishJASPER,wishjasper,,,,,,
2026-08-17T17:49:25.463914+00:00,20260817-174925,https://trends24.in/indonesia/,Mon Aug 17 2026 07:06:17 GMT+0000 (Coordinated Universal Time),6,#BeraniJadiDiriSendiri,beranijadidirisendiri,,,,,,
2026-08-17T17:49:25.463914+00:00,20260817-174925,https://trends24.in/indonesia/,Mon Aug 17 2026 07:06:17 GMT+0000 (Coordinated Universal Time),7,Rayakan Di Natasha,rayakan di natasha,,,,,,
2026-08-17T17:49:25.463914+00:00,20260817-174925,https://trends24.in/indonesia/,Mon Aug 17 2026 07:06:17 GMT+0000 (Coordinated Universal Time),8,Lomba,lomba,,,,,,
2026-08-17T17:49:25.463914+00:00,20260817-174925,https://trends24.in/indonesia/,Mon Aug 17 2026 07:06:17 GMT+0000 (Coordinated Universal Time),9,Makmur,makmur,,,,,,
2026-08-17T17:49:25.463914+00:00,20260817-174925,https://trends24.in/indonesia/,Mon Aug 17 2026 07:06:17 GMT+0000 (Coordinated Universal Time),10,81 RI,81 ri,,,,,,
2026-08-17T17:49:25.463914+00:00,20260817-174925,https://trends24.in/indonesia/,Mon Aug 17 2026 07:06:17 GMT+0000 (Coordinated Universal Time),11,TFO YOURTUBER FITTING,tfo yourtuber fitting,,,,,,
2026-08-17T17:49:25.463914+00:00,20260817-174925,https://trends24.in/indonesia/,Mon Aug 17 2026 07:06:17 GMT+0000 (Coordinated Universal Time),12,Harga,harga,,,,,,
2026-08-17T17:49:25.463914+00:00,20260817-174925,https://trends24.in/indonesia/,Mon Aug 17 2026 07:06:17 GMT+0000 (Coordinated Universal Time),13,Upacara Peringatan HUT,upacara peringatan hut,,,,,,
2026-08-17T17:49:25.463914+00:00,20260817-174925,https://trends24.in/indonesia/,Mon Aug 17 2026 07:06:17 GMT+0000 (Coordinated Universal Time),14,XL 10GB,xl 10gb,,,,,,
2026-08-17T17:49:25.463914+00:00,20260817-174925,https://trends24.in/indonesia/,Mon Aug 17 2026 07:06:17 GMT+0000 (Coordinated Universal Time),15,evan,evan,,,,,,
2026-08-17T17:49:25.463914+00:00,20260817-174925,https://trends24.in/indonesia/,Mon Aug 17 2026 07:06:17 GMT+0000 (Coordinated Universal Time),16,17 Agustus,17 agustus,,,,,,
2026-08-17T17:49:25.463914+00:00,20260817-174925,https://trends24.in/indonesia/,Mon Aug 17 2026 07:06:17 GMT+0000 (Coordinated Universal Time),17,Rp 8.100,rp 8.100,,,,,,
2026-08-17T17:49:25.463914+00:00,20260817-174925,https://trends24.in/indonesia/,Mon Aug 17 2026 07:06:17 GMT+0000 (Coordinated Universal Time),18,Hayden,hayden,,,,,,
2026-08-17T17:49:25.463914+00:00,20260817-174925,https://trends24.in/indonesia/,Mon Aug 17 2026 07:06:17 GMT+0000 (Coordinated Universal Time),19,Heroes,heroes,,,,,,
2026-08-17T17:49:25.463914+00:00,20260817-174925,https://trends24.in/indonesia/,Mon Aug 17 2026 07:06:17 GMT+0000 (Coordinated Universal Time),20,Birthday Promo,birthday promo,,,,,,
2026-08-17T17:49:25.463914+00:00,20260817-174925,https://trends24.in/indonesia/,Mon Aug 17 2026 07:06:17 GMT+0000 (Coordinated Universal Time),21,AXIS 3GB,axis 3gb,,,,,,
2026-08-17T17:49:25.463914+00:00,20260817-174925,https://trends24.in/indonesia/,Mon Aug 17 2026 07:06:17 GMT+0000 (Coordinated Universal Time),22,Narsis,narsis,,,,,,
2026-08-17T17:49:25.463914+00:00,20260817-174925,https://trends24.in/indonesia/,Mon Aug 17 2026 07:06:17 GMT+0000 (Coordinated Universal Time),23,TOMAFOX 3Y FOREVER,tomafox 3y forever,,,,,,
2026-08-17T17:49:25.463914+00:00,20260817-174925,https://trends24.in/indonesia/,Mon Aug 17 2026 07:06:17 GMT+0000 (Coordinated Universal Time),24,CONGRATULATIONS JIN,congratulations jin,,,,,,
2026-08-17T17:49:25.463914+00:00,20260817-174925,https://trends24.in/indonesia/,Mon Aug 17 2026 07:06:17 GMT+0000 (Coordinated Universal Time),25,Hari Ulang Tahun,hari ulang tahun,,,,,,
2026-08-17T17:49:25.463914+00:00,20260817-174925,https://trends24.in/indonesia/,Mon Aug 17 2026 07:06:17 GMT+0000 (Coordinated Universal Time),26,Indomie Cabe Ijo,indomie cabe ijo,,,,,,
2026-08-17T17:49:25.463914+00:00,20260817-174925,https://trends24.in/indonesia/,Mon Aug 17 2026 07:06:17 GMT+0000 (Coordinated Universal Time),27,FAKE LOVE,fake love,,,,,,
2026-08-17T17:49:25.463914+00:00,20260817-174925,https://trends24.in/indonesia/,Mon Aug 17 2026 07:06:17 GMT+0000 (Coordinated Universal Time),28,SIMPATI 1,simpati 1,,,,,,
2026-08-17T17:49:25.463914+00:00,20260817-174925,https://trends24.in/indonesia/,Mon Aug 17 2026 07:06:17 GMT+0000 (Coordinated Universal Time),29,Merah Putih,merah putih,,,,,,
2026-08-17T17:49:25.463914+00:00,20260817-174925,https://trends24.in/indonesia/,Mon Aug 17 2026 07:06:17 GMT+0000 (Coordinated Universal Time),30,Laser Therapy,laser therapy,,,,,,
2026-08-17T17:49:25.463914+00:00,20260817-174925,https://trends24.in/indonesia/,Mon Aug 17 2026 07:06:17 GMT+0000 (Coordinated Universal Time),31,Body Contouring,body contouring,,,,,,
2026-08-17T17:49:25.463914+00:00,20260817-174925,https://trends24.in/indonesia/,Mon Aug 17 2026 07:06:17 GMT+0000 (Coordinated Universal Time),32,Package Renewal Buy 3 Get 4,package renewal buy 3 get 4,,,,,,
2026-08-17T17:49:25.463914+00:00,20260817-174925,https://trends24.in/indonesia/,Mon Aug 17 2026 07:06:17 GMT+0000 (Coordinated Universal Time),33,Tanah Airku,tanah airku,,,,,,
2026-08-17T17:49:25.463914+00:00,20260817-174925,https://trends24.in/indonesia/,Mon Aug 17 2026 07:06:17 GMT+0000 (Coordinated Universal Time),34,Korut,korut,,,,,,
2026-08-17T17:49:25.463914+00:00,20260817-174925,https://trends24.in/indonesia/,Mon Aug 17 2026 07:06:17 GMT+0000 (Coordinated Universal Time),35,Independence Day,independence day,,,,,,
2026-08-17T17:49:25.463914+00:00,20260817-174925,https://trends24.in/indonesia/,Mon Aug 17 2026 07:06:17 GMT+0000 (Coordinated Universal Time),36,Sangwon,sangwon,,,,,,
2026-08-17T17:49:25.463914+00:00,20260817-174925,https://trends24.in/indonesia/,Mon Aug 17 2026 07:06:17 GMT+0000 (Coordinated Universal Time),37,Polda NTT,polda ntt,,,,,,
2026-08-17T17:49:25.463914+00:00,20260817-174925,https://trends24.in/indonesia/,Mon Aug 17 2026 07:06:17 GMT+0000 (Coordinated Universal Time),38,Dipha Barus,dipha barus,,,,,,
2026-08-17T17:49:25.463914+00:00,20260817-174925,https://trends24.in/indonesia/,Mon Aug 17 2026 07:06:17 GMT+0000 (Coordinated Universal Time),39,Proklamasi,proklamasi,,,,,,
2026-08-17T17:49:25.463914+00:00,20260817-174925,https://trends24.in/indonesia/,Mon Aug 17 2026 07:06:17 GMT+0000 (Coordinated Universal Time),40,Apel Kehormatan,apel kehormatan,,,,,,
2026-08-17T17:49:25.463914+00:00,20260817-174925,https://trends24.in/indonesia/,Mon Aug 17 2026 07:06:17 GMT+0000 (Coordinated Universal Time),41,Istana,istana,,,,,,
2026-08-17T17:49:25.463914+00:00,20260817-174925,https://trends24.in/indonesia/,Mon Aug 17 2026 07:06:17 GMT+0000 (Coordinated Universal Time),42,Soekarno,soekarno,,,,,,
2026-08-17T17:49:25.463914+00:00,20260817-174925,https://trends24.in/indonesia/,Mon Aug 17 2026 07:06:17 GMT+0000 (Coordinated Universal Time),43,Nusantara,nusantara,,,,,,
2026-08-17T17:49:25.463914+00:00,20260817-174925,https://trends24.in/indonesia/,Mon Aug 17 2026 07:06:17 GMT+0000 (Coordinated Universal Time),44,Renungan Suci,renungan suci,,,,,,
2026-08-17T17:49:25.463914+00:00,20260817-174925,https://trends24.in/indonesia/,Mon Aug 17 2026 07:06:17 GMT+0000 (Coordinated Universal Time),45,Monas,monas,,,,,,
2026-08-17T17:49:25.463914+00:00,20260817-174925,https://trends24.in/indonesia/,Mon Aug 17 2026 07:06:17 GMT+0000 (Coordinated Universal Time),46,Bung Hatta,bung hatta,,,,,,
2026-08-17T17:49:25.463914+00:00,20260817-174925,https://trends24.in/indonesia/,Mon Aug 17 2026 07:06:17 GMT+0000 (Coordinated Universal Time),47,Libur,libur,,,,,,
2026-08-17T17:49:25.463914+00:00,20260817-174925,https://trends24.in/indonesia/,Mon Aug 17 2026 07:06:17 GMT+0000 (Coordinated Universal Time),48,Haaland,haaland,,,,,,
2026-08-17T17:49:25.463914+00:00,20260817-174925,https://trends24.in/indonesia/,Mon Aug 17 2026 07:06:17 GMT+0000 (Coordinated Universal Time),49,Agustusan,agustusan,,,,,,
2026-08-17T17:49:25.463914+00:00,20260817-174925,https://trends24.in/indonesia/,Mon Aug 17 2026 07:06:17 GMT+0000 (Coordinated Universal Time),50,#HUTRI81,hutri81,,,,,,
2026-08-17T17:49:25.463914+00:00,20260817-174925,https://trends24.in/indonesia/,Mon Aug 17 2026 06:15:15 GMT+0000 (Coordinated Universal Time),1,#GOPAYKUOTA8RIBU,gopaykuota8ribu,,,,,,
2026-08-17T17:49:25.463914+00:00,20260817-174925,https://trends24.in/indonesia/,Mon Aug 17 2026 06:15:15 GMT+0000 (Coordinated Universal Time),2,#BerdaulatMerangkul,berdaulatmerangkul,,,,,,
2026-08-17T17:49:25.463914+00:00,20260817-174925,https://trends24.in/indonesia/,Mon Aug 17 2026 06:15:15 GMT+0000 (Coordinated Universal Time),3,#BerdaulatMerangkul,berdaulatmerangkul,,,,,,
2026-08-17T17:49:25.463914+00:00,20260817-174925,https://trends24.in/indonesia/,Mon Aug 17 2026 06:15:15 GMT+0000 (Coordinated Universal Time),4,Empati Membantu Saudara,empati membantu saudara,,,,,,
2026-08-17T17:49:25.463914+00:00,20260817-174925,https://trends24.in/indonesia/,Mon Aug 17 2026 06:15:15 GMT+0000 (Coordinated Universal Time),5,#BeraniJadiDiriSendiri,beranijadidirisendiri,,,,,,
2026-08-17T17:49:25.463914+00:00,20260817-174925,https://trends24.in/indonesia/,Mon Aug 17 2026 06:15:15 GMT+0000 (Coordinated Universal Time),6,Rayakan Di Natasha,rayakan di natasha,,,,,,
2026-08-17T17:49:25.463914+00:00,20260817-174925,https://trends24.in/indonesia/,Mon Aug 17 2026 06:15:15 GMT+0000 (Coordinated Universal Time),7,#HUTRI81,hutri81,,,,,,
2026-08-17T17:49:25.463914+00:00,20260817-174925,https://trends24.in/indonesia/,Mon Aug 17 2026 06:15:15 GMT+0000 (Coordinated Universal Time),8,Gerak Cepat Penanganan Gempa,gerak cepat penanganan gempa,,,,,,
2026-08-17T17:49:25.463914+00:00,20260817-174925,https://trends24.in/indonesia/,Mon Aug 17 2026 06:15:15 GMT+0000 (Coordinated Universal Time),9,Makmur,makmur,,,,,,
2026-08-17T17:49:25.463914+00:00,20260817-174925,https://trends24.in/indonesia/,Mon Aug 17 2026 06:15:15 GMT+0000 (Coordinated Universal Time),10,Harga,harga,,,,,,
2026-08-17T17:49:25.463914+00:00,20260817-174925,https://trends24.in/indonesia/,Mon Aug 17 2026 06:15:15 GMT+0000 (Coordinated Universal Time),11,Lomba,lomba,,,,,,
2026-08-17T17:49:25.463914+00:00,20260817-174925,https://trends24.in/indonesia/,Mon Aug 17 2026 06:15:15 GMT+0000 (Coordinated Universal Time),12,TFO YOURTUBER FITTING,tfo yourtuber fitting,,,,,,
2026-08-17T17:49:25.463914+00:00,20260817-174925,https://trends24.in/indonesia/,Mon Aug 17 2026 06:15:15 GMT+0000 (Coordinated Universal Time),13,Rp 8.100,rp 8.100,,,,,,
2026-08-17T17:49:25.463914+00:00,20260817-174925,https://trends24.in/indonesia/,Mon Aug 17 2026 06:15:15 GMT+0000 (Coordinated Universal Time),14,81 RI,81 ri,,,,,,
2026-08-17T17:49:25.463914+00:00,20260817-174925,https://trends24.in/indonesia/,Mon Aug 17 2026 06:15:15 GMT+0000 (Coordinated Universal Time),15,SIMPATI 1,simpati 1,,,,,,
2026-08-17T17:49:25.463914+00:00,20260817-174925,https://trends24.in/indonesia/,Mon Aug 17 2026 06:15:15 GMT+0000 (Coordinated Universal Time),16,XL 10GB,xl 10gb,,,,,,
2026-08-17T17:49:25.463914+00:00,20260817-174925,https://trends24.in/indonesia/,Mon Aug 17 2026 06:15:15 GMT+0000 (Coordinated Universal Time),17,17 Agustus,17 agustus,,,,,,
2026-08-17T17:49:25.463914+00:00,20260817-174925,https://trends24.in/indonesia/,Mon Aug 17 2026 06:15:15 GMT+0000 (Coordinated Universal Time),18,Upacara Peringatan HUT,upacara peringatan hut,,,,,,
2026-08-17T17:49:25.463914+00:00,20260817-174925,https://trends24.in/indonesia/,Mon Aug 17 2026 06:15:15 GMT+0000 (Coordinated Universal Time),19,evan,evan,,,,,,
2026-08-17T17:49:25.463914+00:00,20260817-174925,https://trends24.in/indonesia/,Mon Aug 17 2026 06:15:15 GMT+0000 (Coordinated Universal Time),20,Birthday Promo,birthday promo,,,,,,
2026-08-17T17:49:25.463914+00:00,20260817-174925,https://trends24.in/indonesia/,Mon Aug 17 2026 06:15:15 GMT+0000 (Coordinated Universal Time),21,Hayden,hayden,,,,,,
2026-08-17T17:49:25.463914+00:00,20260817-174925,https://trends24.in/indonesia/,Mon Aug 17 2026 06:15:15 GMT+0000 (Coordinated Universal Time),22,Heroes,heroes,,,,,,
2026-08-17T17:49:25.463914+00:00,20260817-174925,https://trends24.in/indonesia/,Mon Aug 17 2026 06:15:15 GMT+0000 (Coordinated Universal Time),23,AXIS 3GB,axis 3gb,,,,,,
2026-08-17T17:49:25.463914+00:00,20260817-174925,https://trends24.in/indonesia/,Mon Aug 17 2026 06:15:15 GMT+0000 (Coordinated Universal Time),24,CONGRATULATIONS JIN,congratulations jin,,,,,,
2026-08-17T17:49:25.463914+00:00,20260817-174925,https://trends24.in/indonesia/,Mon Aug 17 2026 06:15:15 GMT+0000 (Coordinated Universal Time),25,Narsis,narsis,,,,,,
2026-08-17T17:49:25.463914+00:00,20260817-174925,https://trends24.in/indonesia/,Mon Aug 17 2026 06:15:15 GMT+0000 (Coordinated Universal Time),26,TOMAFOX 3Y FOREVER,tomafox 3y forever,,,,,,
2026-08-17T17:49:25.463914+00:00,20260817-174925,https://trends24.in/indonesia/,Mon Aug 17 2026 06:15:15 GMT+0000 (Coordinated Universal Time),27,Cabe Ijo,cabe ijo,,,,,,
2026-08-17T17:49:25.463914+00:00,20260817-174925,https://trends24.in/indonesia/,Mon Aug 17 2026 06:15:15 GMT+0000 (Coordinated Universal Time),28,FAKE LOVE,fake love,,,,,,
2026-08-17T17:49:25.463914+00:00,20260817-174925,https://trends24.in/indonesia/,Mon Aug 17 2026 06:15:15 GMT+0000 (Coordinated Universal Time),29,Merah Putih,merah putih,,,,,,
2026-08-17T17:49:25.463914+00:00,20260817-174925,https://trends24.in/indonesia/,Mon Aug 17 2026 06:15:15 GMT+0000 (Coordinated Universal Time),30,Independence Day,independence day,,,,,,
2026-08-17T17:49:25.463914+00:00,20260817-174925,https://trends24.in/indonesia/,Mon Aug 17 2026 06:15:15 GMT+0000 (Coordinated Universal Time),31,Tanah Airku,tanah airku,,,,,,
2026-08-17T17:49:25.463914+00:00,20260817-174925,https://trends24.in/indonesia/,Mon Aug 17 2026 06:15:15 GMT+0000 (Coordinated Universal Time),32,Hari Ulang Tahun,hari ulang tahun,,,,,,
2026-08-17T17:49:25.463914+00:00,20260817-174925,https://trends24.in/indonesia/,Mon Aug 17 2026 06:15:15 GMT+0000 (Coordinated Universal Time),33,Laser Therapy,laser therapy,,,,,,
2026-08-17T17:49:25.463914+00:00,20260817-174925,https://trends24.in/indonesia/,Mon Aug 17 2026 06:15:15 GMT+0000 (Coordinated Universal Time),34,Body Contouring,body contouring,,,,,,
2026-08-17T17:49:25.463914+00:00,20260817-174925,https://trends24.in/indonesia/,Mon Aug 17 2026 06:15:15 GMT+0000 (Coordinated Universal Time),35,Package Renewal Buy 3 Get 4,package renewal buy 3 get 4,,,,,,
2026-08-17T17:49:25.463914+00:00,20260817-174925,https://trends24.in/indonesia/,Mon Aug 17 2026 06:15:15 GMT+0000 (Coordinated Universal Time),36,Korut,korut,,,,,,
2026-08-17T17:49:25.463914+00:00,20260817-174925,https://trends24.in/indonesia/,Mon Aug 17 2026 06:15:15 GMT+0000 (Coordinated Universal Time),37,Sukun,sukun,,,,,,
2026-08-17T17:49:25.463914+00:00,20260817-174925,https://trends24.in/indonesia/,Mon Aug 17 2026 06:15:15 GMT+0000 (Coordinated Universal Time),38,Dipha Barus,dipha barus,,,,,,
2026-08-17T17:49:25.463914+00:00,20260817-174925,https://trends24.in/indonesia/,Mon Aug 17 2026 06:15:15 GMT+0000 (Coordinated Universal Time),39,81 Tahun,81 tahun,,,,,,
2026-08-17T17:49:25.463914+00:00,20260817-174925,https://trends24.in/indonesia/,Mon Aug 17 2026 06:15:15 GMT+0000 (Coordinated Universal Time),40,Polda NTT,polda ntt,,,,,,
2026-08-17T17:49:25.463914+00:00,20260817-174925,https://trends24.in/indonesia/,Mon Aug 17 2026 06:15:15 GMT+0000 (Coordinated Universal Time),41,Apel Kehormatan,apel kehormatan,,,,,,
2026-08-17T17:49:25.463914+00:00,20260817-174925,https://trends24.in/indonesia/,Mon Aug 17 2026 06:15:15 GMT+0000 (Coordinated Universal Time),42,Istana,istana,,,,,,
2026-08-17T17:49:25.463914+00:00,20260817-174925,https://trends24.in/indonesia/,Mon Aug 17 2026 06:15:15 GMT+0000 (Coordinated Universal Time),43,Renungan Suci,renungan suci,,,,,,
2026-08-17T17:49:25.463914+00:00,20260817-174925,https://trends24.in/indonesia/,Mon Aug 17 2026 06:15:15 GMT+0000 (Coordinated Universal Time),44,Proklamasi,proklamasi,,,,,,
2026-08-17T17:49:25.463914+00:00,20260817-174925,https://trends24.in/indonesia/,Mon Aug 17 2026 06:15:15 GMT+0000 (Coordinated Universal Time),45,Soekarno,soekarno,,,,,,
2026-08-17T17:49:25.463914+00:00,20260817-174925,https://trends24.in/indonesia/,Mon Aug 17 2026 06:15:15 GMT+0000 (Coordinated Universal Time),46,Nusantara,nusantara,,,,,,
2026-08-17T17:49:25.463914+00:00,20260817-174925,https://trends24.in/indonesia/,Mon Aug 17 2026 06:15:15 GMT+0000 (Coordinated Universal Time),47,Bung Hatta,bung hatta,,,,,,
2026-08-17T17:49:25.463914+00:00,20260817-174925,https://trends24.in/indonesia/,Mon Aug 17 2026 06:15:15 GMT+0000 (Coordinated Universal Time),48,Libur,libur,,,,,,
2026-08-17T17:49:25.463914+00:00,20260817-174925,https://trends24.in/indonesia/,Mon Aug 17 2026 06:15:15 GMT+0000 (Coordinated Universal Time),49,Haaland,haaland,,,,,,
2026-08-17T17:49:25.463914+00:00,20260817-174925,https://trends24.in/indonesia/,Mon Aug 17 2026 06:15:15 GMT+0000 (Coordinated Universal Time),50,Monas,monas,,,,,,
2026-08-17T17:49:25.463914+00:00,20260817-174925,https://trends24.in/indonesia/,Mon Aug 17 2026 05:24:03 GMT+0000 (Coordinated Universal Time),1,#GOPAYKUOTA8RIBU,gopaykuota8ribu,,,,,,
2026-08-17T17:49:25.463914+00:00,20260817-174925,https://trends24.in/indonesia/,Mon Aug 17 2026 05:24:03 GMT+0000 (Coordinated Universal Time),2,#BeraniJadiDiriSendiri,beranijadidirisendiri,,,,,,
2026-08-17T17:49:25.463914+00:00,20260817-174925,https://trends24.in/indonesia/,Mon Aug 17 2026 05:24:03 GMT+0000 (Coordinated Universal Time),3,Rayakan Di Natasha,rayakan di natasha,,,,,,
2026-08-17T17:49:25.463914+00:00,20260817-174925,https://trends24.in/indonesia/,Mon Aug 17 2026 05:24:03 GMT+0000 (Coordinated Universal Time),4,#BerdaulatMerangkul,berdaulatmerangkul,,,,,,
2026-08-17T17:49:25.463914+00:00,20260817-174925,https://trends24.in/indonesia/,Mon Aug 17 2026 05:24:03 GMT+0000 (Coordinated Universal Time),5,Empati Membantu Saudara,empati membantu saudara,,,,,,
2026-08-17T17:49:25.463914+00:00,20260817-174925,https://trends24.in/indonesia/,Mon Aug 17 2026 05:24:03 GMT+0000 (Coordinated Universal Time),6,#HUTRI81,hutri81,,,,,,
2026-08-17T17:49:25.463914+00:00,20260817-174925,https://trends24.in/indonesia/,Mon Aug 17 2026 05:24:03 GMT+0000 (Coordinated Universal Time),7,Harga,harga,,,,,,
2026-08-17T17:49:25.463914+00:00,20260817-174925,https://trends24.in/indonesia/,Mon Aug 17 2026 05:24:03 GMT+0000 (Coordinated Universal Time),8,#Jaidee3rdBirthday,jaidee3rdbirthday,,,,,,
2026-08-17T17:49:25.463914+00:00,20260817-174925,https://trends24.in/indonesia/,Mon Aug 17 2026 05:24:03 GMT+0000 (Coordinated Universal Time),9,Gerak Cepat Penanganan Gempa,gerak cepat penanganan gempa,,,,,,
2026-08-17T17:49:25.463914+00:00,20260817-174925,https://trends24.in/indonesia/,Mon Aug 17 2026 05:24:03 GMT+0000 (Coordinated Universal Time),10,Makmur,makmur,,,,,,
2026-08-17T17:49:25.463914+00:00,20260817-174925,https://trends24.in/indonesia/,Mon Aug 17 2026 05:24:03 GMT+0000 (Coordinated Universal Time),11,Rp 8.100,rp 8.100,,,,,,
2026-08-17T17:49:25.463914+00:00,20260817-174925,https://trends24.in/indonesia/,Mon Aug 17 2026 05:24:03 GMT+0000 (Coordinated Universal Time),12,TFO YOURTUBER FITTING,tfo yourtuber fitting,,,,,,
2026-08-17T17:49:25.463914+00:00,20260817-174925,https://trends24.in/indonesia/,Mon Aug 17 2026 05:24:03 GMT+0000 (Coordinated Universal Time),13,Lomba,lomba,,,,,,
2026-08-17T17:49:25.463914+00:00,20260817-174925,https://trends24.in/indonesia/,Mon Aug 17 2026 05:24:03 GMT+0000 (Coordinated Universal Time),14,SIMPATI 1,simpati 1,,,,,,
2026-08-17T17:49:25.463914+00:00,20260817-174925,https://trends24.in/indonesia/,Mon Aug 17 2026 05:24:03 GMT+0000 (Coordinated Universal Time),15,XL 10GB,xl 10gb,,,,,,
2026-08-17T17:49:25.463914+00:00,20260817-174925,https://trends24.in/indonesia/,Mon Aug 17 2026 05:24:03 GMT+0000 (Coordinated Universal Time),16,81 RI,81 ri,,,,,,
2026-08-17T17:49:25.463914+00:00,20260817-174925,https://trends24.in/indonesia/,Mon Aug 17 2026 05:24:03 GMT+0000 (Coordinated Universal Time),17,Birthday Promo,birthday promo,,,,,,
2026-08-17T17:49:25.463914+00:00,20260817-174925,https://trends24.in/indonesia/,Mon Aug 17 2026 05:24:03 GMT+0000 (Coordinated Universal Time),18,17 Agustus,17 agustus,,,,,,
2026-08-17T17:49:25.463914+00:00,20260817-174925,https://trends24.in/indonesia/,Mon Aug 17 2026 05:24:03 GMT+0000 (Coordinated Universal Time),19,AXIS 3GB,axis 3gb,,,,,,
2026-08-17T17:49:25.463914+00:00,20260817-174925,https://trends24.in/indonesia/,Mon Aug 17 2026 05:24:03 GMT+0000 (Coordinated Universal Time),20,TOMAFOX 3Y FOREVER,tomafox 3y forever,,,,,,
2026-08-17T17:49:25.463914+00:00,20260817-174925,https://trends24.in/indonesia/,Mon Aug 17 2026 05:24:03 GMT+0000 (Coordinated Universal Time),21,Upacara Peringatan HUT,upacara peringatan hut,,,,,,
2026-08-17T17:49:25.463914+00:00,20260817-174925,https://trends24.in/indonesia/,Mon Aug 17 2026 05:24:03 GMT+0000 (Coordinated Universal Time),22,Hayden,hayden,,,,,,
2026-08-17T17:49:25.463914+00:00,20260817-174925,https://trends24.in/indonesia/,Mon Aug 17 2026 05:24:03 GMT+0000 (Coordinated Universal Time),23,CONGRATULATIONS JIN,congratulations jin,,,,,,
2026-08-17T17:49:25.463914+00:00,20260817-174925,https://trends24.in/indonesia/,Mon Aug 17 2026 05:24:03 GMT+0000 (Coordinated Universal Time),24,Heroes,heroes,,,,,,
2026-08-17T17:49:25.463914+00:00,20260817-174925,https://trends24.in/indonesia/,Mon Aug 17 2026 05:24:03 GMT+0000 (Coordinated Universal Time),25,Laser Therapy,laser therapy,,,,,,
2026-08-17T17:49:25.463914+00:00,20260817-174925,https://trends24.in/indonesia/,Mon Aug 17 2026 05:24:03 GMT+0000 (Coordinated Universal Time),26,Merah Putih,merah putih,,,,,,
2026-08-17T17:49:25.463914+00:00,20260817-174925,https://trends24.in/indonesia/,Mon Aug 17 2026 05:24:03 GMT+0000 (Coordinated Universal Time),27,Body Contouring,body contouring,,,,,,
2026-08-17T17:49:25.463914+00:00,20260817-174925,https://trends24.in/indonesia/,Mon Aug 17 2026 05:24:03 GMT+0000 (Coordinated Universal Time),28,evan,evan,,,,,,
2026-08-17T17:49:25.463914+00:00,20260817-174925,https://trends24.in/indonesia/,Mon Aug 17 2026 05:24:03 GMT+0000 (Coordinated Universal Time),29,Tanah Airku,tanah airku,,,,,,
2026-08-17T17:49:25.463914+00:00,20260817-174925,https://trends24.in/indonesia/,Mon Aug 17 2026 05:24:03 GMT+0000 (Coordinated Universal Time),30,Narsis,narsis,,,,,,
2026-08-17T17:49:25.463914+00:00,20260817-174925,https://trends24.in/indonesia/,Mon Aug 17 2026 05:24:03 GMT+0000 (Coordinated Universal Time),31,Package Renewal Buy 3 Get 4,package renewal buy 3 get 4,,,,,,
2026-08-17T17:49:25.463914+00:00,20260817-174925,https://trends24.in/indonesia/,Mon Aug 17 2026 05:24:03 GMT+0000 (Coordinated Universal Time),32,Baby Glow,baby glow,,,,,,
2026-08-17T17:49:25.463914+00:00,20260817-174925,https://trends24.in/indonesia/,Mon Aug 17 2026 05:24:03 GMT+0000 (Coordinated Universal Time),33,Hari Ulang Tahun,hari ulang tahun,,,,,,
2026-08-17T17:49:25.463914+00:00,20260817-174925,https://trends24.in/indonesia/,Mon Aug 17 2026 05:24:03 GMT+0000 (Coordinated Universal Time),34,Independence Day,independence day,,,,,,
2026-08-17T17:49:25.463914+00:00,20260817-174925,https://trends24.in/indonesia/,Mon Aug 17 2026 05:24:03 GMT+0000 (Coordinated Universal Time),35,Sukun,sukun,,,,,,
2026-08-17T17:49:25.463914+00:00,20260817-174925,https://trends24.in/indonesia/,Mon Aug 17 2026 05:24:03 GMT+0000 (Coordinated Universal Time),36,Istana,istana,,,,,,
2026-08-17T17:49:25.463914+00:00,20260817-174925,https://trends24.in/indonesia/,Mon Aug 17 2026 05:24:03 GMT+0000 (Coordinated Universal Time),37,Apel Kehormatan,apel kehormatan,,,,,,
2026-08-17T17:49:25.463914+00:00,20260817-174925,https://trends24.in/indonesia/,Mon Aug 17 2026 05:24:03 GMT+0000 (Coordinated Universal Time),38,Renungan Suci,renungan suci,,,,,,
2026-08-17T17:49:25.463914+00:00,20260817-174925,https://trends24.in/indonesia/,Mon Aug 17 2026 05:24:03 GMT+0000 (Coordinated Universal Time),39,Proklamasi,proklamasi,,,,,,
2026-08-17T17:49:25.463914+00:00,20260817-174925,https://trends24.in/indonesia/,Mon Aug 17 2026 05:24:03 GMT+0000 (Coordinated Universal Time),40,JIN YEEHAWS IN TEXAS,jin yeehaws in texas,,,,,,
2026-08-17T17:49:25.463914+00:00,20260817-174925,https://trends24.in/indonesia/,Mon Aug 17 2026 05:24:03 GMT+0000 (Coordinated Universal Time),41,Libur,libur,,,,,,
2026-08-17T17:49:25.463914+00:00,20260817-174925,https://trends24.in/indonesia/,Mon Aug 17 2026 05:24:03 GMT+0000 (Coordinated Universal Time),42,Nusantara,nusantara,,,,,,
2026-08-17T17:49:25.463914+00:00,20260817-174925,https://trends24.in/indonesia/,Mon Aug 17 2026 05:24:03 GMT+0000 (Coordinated Universal Time),43,Bung Hatta,bung hatta,,,,,,
2026-08-17T17:49:25.463914+00:00,20260817-174925,https://trends24.in/indonesia/,Mon Aug 17 2026 05:24:03 GMT+0000 (Coordinated Universal Time),44,Monas,monas,,,,,,
2026-08-17T17:49:25.463914+00:00,20260817-174925,https://trends24.in/indonesia/,Mon Aug 17 2026 05:24:03 GMT+0000 (Coordinated Universal Time),45,Soekarno,soekarno,,,,,,
2026-08-17T17:49:25.463914+00:00,20260817-174925,https://trends24.in/indonesia/,Mon Aug 17 2026 05:24:03 GMT+0000 (Coordinated Universal Time),46,Haaland,haaland,,,,,,
2026-08-17T17:49:25.463914+00:00,20260817-174925,https://trends24.in/indonesia/,Mon Aug 17 2026 05:24:03 GMT+0000 (Coordinated Universal Time),47,Rodri,rodri,,,,,,
2026-08-17T17:49:25.463914+00:00,20260817-174925,https://trends24.in/indonesia/,Mon Aug 17 2026 05:24:03 GMT+0000 (Coordinated Universal Time),48,Haji Isam,haji isam,,,,,,
2026-08-17T17:49:25.463914+00:00,20260817-174925,https://trends24.in/indonesia/,Mon Aug 17 2026 05:24:03 GMT+0000 (Coordinated Universal Time),49,#PemerintahHadirUntukNTT,pemerintahhadiruntukntt,,,,,,
2026-08-17T17:49:25.463914+00:00,20260817-174925,https://trends24.in/indonesia/,Mon Aug 17 2026 05:24:03 GMT+0000 (Coordinated Universal Time),50,#FittingYourTuber,fittingyourtuber,,,,,,
2026-08-17T17:49:25.463914+00:00,20260817-174925,https://trends24.in/indonesia/,Mon Aug 17 2026 04:31:09 GMT+0000 (Coordinated Universal Time),1,#GOPAYKUOTA8RIBU,gopaykuota8ribu,,,,,,
2026-08-17T17:49:25.463914+00:00,20260817-174925,https://trends24.in/indonesia/,Mon Aug 17 2026 04:31:09 GMT+0000 (Coordinated Universal Time),2,#BeraniJadiDiriSendiri,beranijadidirisendiri,,,,,,
2026-08-17T17:49:25.463914+00:00,20260817-174925,https://trends24.in/indonesia/,Mon Aug 17 2026 04:31:09 GMT+0000 (Coordinated Universal Time),3,Rayakan Di Natasha,rayakan di natasha,,,,,,
2026-08-17T17:49:25.463914+00:00,20260817-174925,https://trends24.in/indonesia/,Mon Aug 17 2026 04:31:09 GMT+0000 (Coordinated Universal Time),4,Dirgahayu Republik Indonesia,dirgahayu republik indonesia,,,,,,
2026-08-17T17:49:25.463914+00:00,20260817-174925,https://trends24.in/indonesia/,Mon Aug 17 2026 04:31:09 GMT+0000 (Coordinated Universal Time),5,#PemerintahHadirUntukNTT,pemerintahhadiruntukntt,,,,,,
2026-08-17T17:49:25.463914+00:00,20260817-174925,https://trends24.in/indonesia/,Mon Aug 17 2026 04:31:09 GMT+0000 (Coordinated Universal Time),6,#HUTRI81,hutri81,,,,,,
2026-08-17T17:49:25.463914+00:00,20260817-174925,https://trends24.in/indonesia/,Mon Aug 17 2026 04:31:09 GMT+0000 (Coordinated Universal Time),7,Gerak Cepat Penanganan Gempa,gerak cepat penanganan gempa,,,,,,
2026-08-17T17:49:25.463914+00:00,20260817-174925,https://trends24.in/indonesia/,Mon Aug 17 2026 04:31:09 GMT+0000 (Coordinated Universal Time),8,#Jaidee3rdBirthday,jaidee3rdbirthday,,,,,,
2026-08-17T17:49:25.463914+00:00,20260817-174925,https://trends24.in/indonesia/,Mon Aug 17 2026 04:31:09 GMT+0000 (Coordinated Universal Time),9,Makmur,makmur,,,,,,
2026-08-17T17:49:25.463914+00:00,20260817-174925,https://trends24.in/indonesia/,Mon Aug 17 2026 04:31:09 GMT+0000 (Coordinated Universal Time),10,Harga,harga,,,,,,
2026-08-17T17:49:25.463914+00:00,20260817-174925,https://trends24.in/indonesia/,Mon Aug 17 2026 04:31:09 GMT+0000 (Coordinated Universal Time),11,Rp 8.100,rp 8.100,,,,,,
2026-08-17T17:49:25.463914+00:00,20260817-174925,https://trends24.in/indonesia/,Mon Aug 17 2026 04:31:09 GMT+0000 (Coordinated Universal Time),12,XL 10GB,xl 10gb,,,,,,
2026-08-17T17:49:25.463914+00:00,20260817-174925,https://trends24.in/indonesia/,Mon Aug 17 2026 04:31:09 GMT+0000 (Coordinated Universal Time),13,AXIS 3gb,axis 3gb,,,,,,
2026-08-17T17:49:25.463914+00:00,20260817-174925,https://trends24.in/indonesia/,Mon Aug 17 2026 04:31:09 GMT+0000 (Coordinated Universal Time),14,17 Agustus,17 agustus,,,,,,
2026-08-17T17:49:25.463914+00:00,20260817-174925,https://trends24.in/indonesia/,Mon Aug 17 2026 04:31:09 GMT+0000 (Coordinated Universal Time),15,Lomba,lomba,,,,,,
2026-08-17T17:49:25.463914+00:00,20260817-174925,https://trends24.in/indonesia/,Mon Aug 17 2026 04:31:09 GMT+0000 (Coordinated Universal Time),16,TFO YOURTUBER FITTING,tfo yourtuber fitting,,,,,,
2026-08-17T17:49:25.463914+00:00,20260817-174925,https://trends24.in/indonesia/,Mon Aug 17 2026 04:31:09 GMT+0000 (Coordinated Universal Time),17,SIMPATI 1,simpati 1,,,,,,
2026-08-17T17:49:25.463914+00:00,20260817-174925,https://trends24.in/indonesia/,Mon Aug 17 2026 04:31:09 GMT+0000 (Coordinated Universal Time),18,TOMAFOX 3Y FOREVER,tomafox 3y forever,,,,,,
2026-08-17T17:49:25.463914+00:00,20260817-174925,https://trends24.in/indonesia/,Mon Aug 17 2026 04:31:09 GMT+0000 (Coordinated Universal Time),19,Upacara,upacara,,,,,,
2026-08-17T17:49:25.463914+00:00,20260817-174925,https://trends24.in/indonesia/,Mon Aug 17 2026 04:31:09 GMT+0000 (Coordinated Universal Time),20,CONGRATULATIONS JIN,congratulations jin,,,,,,
2026-08-17T17:49:25.463914+00:00,20260817-174925,https://trends24.in/indonesia/,Mon Aug 17 2026 04:31:09 GMT+0000 (Coordinated Universal Time),21,81 RI,81 ri,,,,,,
2026-08-17T17:49:25.463914+00:00,20260817-174925,https://trends24.in/indonesia/,Mon Aug 17 2026 04:31:09 GMT+0000 (Coordinated Universal Time),22,Baby Glow,baby glow,,,,,,
2026-08-17T17:49:25.463914+00:00,20260817-174925,https://trends24.in/indonesia/,Mon Aug 17 2026 04:31:09 GMT+0000 (Coordinated Universal Time),23,Hari Ulang Tahun,hari ulang tahun,,,,,,
2026-08-17T17:49:25.463914+00:00,20260817-174925,https://trends24.in/indonesia/,Mon Aug 17 2026 04:31:09 GMT+0000 (Coordinated Universal Time),24,Independence Day,independence day,,,,,,
2026-08-17T17:49:25.463914+00:00,20260817-174925,https://trends24.in/indonesia/,Mon Aug 17 2026 04:31:09 GMT+0000 (Coordinated Universal Time),25,Hayden,hayden,,,,,,
2026-08-17T17:49:25.463914+00:00,20260817-174925,https://trends24.in/indonesia/,Mon Aug 17 2026 04:31:09 GMT+0000 (Coordinated Universal Time),26,Sukun,sukun,,,,,,
2026-08-17T17:49:25.463914+00:00,20260817-174925,https://trends24.in/indonesia/,Mon Aug 17 2026 04:31:09 GMT+0000 (Coordinated Universal Time),27,Narsis,narsis,,,,,,
2026-08-17T17:49:25.463914+00:00,20260817-174925,https://trends24.in/indonesia/,Mon Aug 17 2026 04:31:09 GMT+0000 (Coordinated Universal Time),28,Proklamasi,proklamasi,,,,,,
2026-08-17T17:49:25.463914+00:00,20260817-174925,https://trends24.in/indonesia/,Mon Aug 17 2026 04:31:09 GMT+0000 (Coordinated Universal Time),29,Istana,istana,,,,,,
2026-08-17T17:49:25.463914+00:00,20260817-174925,https://trends24.in/indonesia/,Mon Aug 17 2026 04:31:09 GMT+0000 (Coordinated Universal Time),30,JIN YEEHAWS IN TEXAS,jin yeehaws in texas,,,,,,
2026-08-17T17:49:25.463914+00:00,20260817-174925,https://trends24.in/indonesia/,Mon Aug 17 2026 04:31:09 GMT+0000 (Coordinated Universal Time),31,Renungan Suci,renungan suci,,,,,,
2026-08-17T17:49:25.463914+00:00,20260817-174925,https://trends24.in/indonesia/,Mon Aug 17 2026 04:31:09 GMT+0000 (Coordinated Universal Time),32,Apel Kehormatan,apel kehormatan,,,,,,
2026-08-17T17:49:25.463914+00:00,20260817-174925,https://trends24.in/indonesia/,Mon Aug 17 2026 04:31:09 GMT+0000 (Coordinated Universal Time),33,Libur,libur,,,,,,
2026-08-17T17:49:25.463914+00:00,20260817-174925,https://trends24.in/indonesia/,Mon Aug 17 2026 04:31:09 GMT+0000 (Coordinated Universal Time),34,Bung Hatta,bung hatta,,,,,,
2026-08-17T17:49:25.463914+00:00,20260817-174925,https://trends24.in/indonesia/,Mon Aug 17 2026 04:31:09 GMT+0000 (Coordinated Universal Time),35,Haaland,haaland,,,,,,
2026-08-17T17:49:25.463914+00:00,20260817-174925,https://trends24.in/indonesia/,Mon Aug 17 2026 04:31:09 GMT+0000 (Coordinated Universal Time),36,Staf,staf,,,,,,
2026-08-17T17:49:25.463914+00:00,20260817-174925,https://trends24.in/indonesia/,Mon Aug 17 2026 04:31:09 GMT+0000 (Coordinated Universal Time),37,Monas,monas,,,,,,
2026-08-17T17:49:25.463914+00:00,20260817-174925,https://trends24.in/indonesia/,Mon Aug 17 2026 04:31:09 GMT+0000 (Coordinated Universal Time),38,Nusantara,nusantara,,,,,,
2026-08-17T17:49:25.463914+00:00,20260817-174925,https://trends24.in/indonesia/,Mon Aug 17 2026 04:31:09 GMT+0000 (Coordinated Universal Time),39,Rodri,rodri,,,,,,
2026-08-17T17:49:25.463914+00:00,20260817-174925,https://trends24.in/indonesia/,Mon Aug 17 2026 04:31:09 GMT+0000 (Coordinated Universal Time),40,NKRI,nkri,,,,,,
2026-08-17T17:49:25.463914+00:00,20260817-174925,https://trends24.in/indonesia/,Mon Aug 17 2026 04:31:09 GMT+0000 (Coordinated Universal Time),41,CASHBACK,cashback,,,,,,
2026-08-17T17:49:25.463914+00:00,20260817-174925,https://trends24.in/indonesia/,Mon Aug 17 2026 04:31:09 GMT+0000 (Coordinated Universal Time),42,Haji Isam,haji isam,,,,,,
2026-08-17T17:49:25.463914+00:00,20260817-174925,https://trends24.in/indonesia/,Mon Aug 17 2026 04:31:09 GMT+0000 (Coordinated Universal Time),43,#KopiKenangan,kopikenangan,,,,,,
2026-08-17T17:49:25.463914+00:00,20260817-174925,https://trends24.in/indonesia/,Mon Aug 17 2026 04:31:09 GMT+0000 (Coordinated Universal Time),44,#FittingYourTuber,fittingyourtuber,,,,,,
2026-08-17T17:49:25.463914+00:00,20260817-174925,https://trends24.in/indonesia/,Mon Aug 17 2026 04:31:09 GMT+0000 (Coordinated Universal Time),45,#3YTOMAFOXGoodboy,3ytomafoxgoodboy,,,,,,
2026-08-17T17:49:25.463914+00:00,20260817-174925,https://trends24.in/indonesia/,Mon Aug 17 2026 04:31:09 GMT+0000 (Coordinated Universal Time),46,#TemanPemilih,temanpemilih,,,,,,
2026-08-17T17:49:25.463914+00:00,20260817-174925,https://trends24.in/indonesia/,Mon Aug 17 2026 04:31:09 GMT+0000 (Coordinated Universal Time),47,#KPUMelayani,kpumelayani,,,,,,
2026-08-17T17:49:25.463914+00:00,20260817-174925,https://trends24.in/indonesia/,Mon Aug 17 2026 04:31:09 GMT+0000 (Coordinated Universal Time),48,#PKS81TahunRI,pks81tahunri,,,,,,
2026-08-17T17:49:25.463914+00:00,20260817-174925,https://trends24.in/indonesia/,Mon Aug 17 2026 04:31:09 GMT+0000 (Coordinated Universal Time),49,#KibarkanMerahPutih,kibarkanmerahputih,,,,,,
2026-08-17T17:49:25.463914+00:00,20260817-174925,https://trends24.in/indonesia/,Mon Aug 17 2026 04:31:09 GMT+0000 (Coordinated Universal Time),50,#DesaBerdayaWargaSejahtera,desaberdayawargasejahtera,,,,,,
2026-08-17T17:49:25.463914+00:00,20260817-174925,https://trends24.in/indonesia/,Mon Aug 17 2026 03:39:52 GMT+0000 (Coordinated Universal Time),1,#GOPAYKUOTA8RIBU,gopaykuota8ribu,,,,,,
2026-08-17T17:49:25.463914+00:00,20260817-174925,https://trends24.in/indonesia/,Mon Aug 17 2026 03:39:52 GMT+0000 (Coordinated Universal Time),2,#BeraniJadiDiriSendiri,beranijadidirisendiri,,,,,,
2026-08-17T17:49:25.463914+00:00,20260817-174925,https://trends24.in/indonesia/,Mon Aug 17 2026 03:39:52 GMT+0000 (Coordinated Universal Time),3,Dirgahayu Republik Indonesia,dirgahayu republik indonesia,,,,,,
2026-08-17T17:49:25.463914+00:00,20260817-174925,https://trends24.in/indonesia/,Mon Aug 17 2026 03:39:52 GMT+0000 (Coordinated Universal Time),4,Rayakan Di Natasha,rayakan di natasha,,,,,,
2026-08-17T17:49:25.463914+00:00,20260817-174925,https://trends24.in/indonesia/,Mon Aug 17 2026 03:39:52 GMT+0000 (Coordinated Universal Time),5,#PemerintahHadirUntukNTT,pemerintahhadiruntukntt,,,,,,
2026-08-17T17:49:25.463914+00:00,20260817-174925,https://trends24.in/indonesia/,Mon Aug 17 2026 03:39:52 GMT+0000 (Coordinated Universal Time),6,Gerak Cepat Penanganan Gempa,gerak cepat penanganan gempa,,,,,,
2026-08-17T17:49:25.463914+00:00,20260817-174925,https://trends24.in/indonesia/,Mon Aug 17 2026 03:39:52 GMT+0000 (Coordinated Universal Time),7,#HUTRI81,hutri81,,,,,,
2026-08-17T17:49:25.463914+00:00,20260817-174925,https://trends24.in/indonesia/,Mon Aug 17 2026 03:39:52 GMT+0000 (Coordinated Universal Time),8,#Jaidee3rdBirthday,jaidee3rdbirthday,,,,,,
2026-08-17T17:49:25.463914+00:00,20260817-174925,https://trends24.in/indonesia/,Mon Aug 17 2026 03:39:52 GMT+0000 (Coordinated Universal Time),9,Makmur,makmur,,,,,,
2026-08-17T17:49:25.463914+00:00,20260817-174925,https://trends24.in/indonesia/,Mon Aug 17 2026 03:39:52 GMT+0000 (Coordinated Universal Time),10,Rp 8.100,rp 8.100,,,,,,
2026-08-17T17:49:25.463914+00:00,20260817-174925,https://trends24.in/indonesia/,Mon Aug 17 2026 03:39:52 GMT+0000 (Coordinated Universal Time),11,Harga,harga,,,,,,
2026-08-17T17:49:25.463914+00:00,20260817-174925,https://trends24.in/indonesia/,Mon Aug 17 2026 03:39:52 GMT+0000 (Coordinated Universal Time),12,17 Agustus,17 agustus,,,,,,
2026-08-17T17:49:25.463914+00:00,20260817-174925,https://trends24.in/indonesia/,Mon Aug 17 2026 03:39:52 GMT+0000 (Coordinated Universal Time),13,TOMAFOX 3Y FOREVER,tomafox 3y forever,,,,,,
2026-08-17T17:49:25.463914+00:00,20260817-174925,https://trends24.in/indonesia/,Mon Aug 17 2026 03:39:52 GMT+0000 (Coordinated Universal Time),14,Lomba,lomba,,,,,,
2026-08-17T17:49:25.463914+00:00,20260817-174925,https://trends24.in/indonesia/,Mon Aug 17 2026 03:39:52 GMT+0000 (Coordinated Universal Time),15,SIMPATI 1,simpati 1,,,,,,
2026-08-17T17:49:25.463914+00:00,20260817-174925,https://trends24.in/indonesia/,Mon Aug 17 2026 03:39:52 GMT+0000 (Coordinated Universal Time),16,Upacara,upacara,,,,,,
2026-08-17T17:49:25.463914+00:00,20260817-174925,https://trends24.in/indonesia/,Mon Aug 17 2026 03:39:52 GMT+0000 (Coordinated Universal Time),17,AXIS 3gb,axis 3gb,,,,,,
2026-08-17T17:49:25.463914+00:00,20260817-174925,https://trends24.in/indonesia/,Mon Aug 17 2026 03:39:52 GMT+0000 (Coordinated Universal Time),18,XL 10GB,xl 10gb,,,,,,
2026-08-17T17:49:25.463914+00:00,20260817-174925,https://trends24.in/indonesia/,Mon Aug 17 2026 03:39:52 GMT+0000 (Coordinated Universal Time),19,Independence Day,independence day,,,,,,
2026-08-17T17:49:25.463914+00:00,20260817-174925,https://trends24.in/indonesia/,Mon Aug 17 2026 03:39:52 GMT+0000 (Coordinated Universal Time),20,Sukun,sukun,,,,,,
2026-08-17T17:49:25.463914+00:00,20260817-174925,https://trends24.in/indonesia/,Mon Aug 17 2026 03:39:52 GMT+0000 (Coordinated Universal Time),21,Selamat Hari Ulang Tahun,selamat hari ulang tahun,,,,,,
2026-08-17T17:49:25.463914+00:00,20260817-174925,https://trends24.in/indonesia/,Mon Aug 17 2026 03:39:52 GMT+0000 (Coordinated Universal Time),22,81 RI,81 ri,,,,,,
2026-08-17T17:49:25.463914+00:00,20260817-174925,https://trends24.in/indonesia/,Mon Aug 17 2026 03:39:52 GMT+0000 (Coordinated Universal Time),23,JIN YEEHAWS IN TEXAS,jin yeehaws in texas,,,,,,
2026-08-17T17:49:25.463914+00:00,20260817-174925,https://trends24.in/indonesia/,Mon Aug 17 2026 03:39:52 GMT+0000 (Coordinated Universal Time),24,Proklamasi,proklamasi,,,,,,
2026-08-17T17:49:25.463914+00:00,20260817-174925,https://trends24.in/indonesia/,Mon Aug 17 2026 03:39:52 GMT+0000 (Coordinated Universal Time),25,Bung Hatta,bung hatta,,,,,,
2026-08-17T17:49:25.463914+00:00,20260817-174925,https://trends24.in/indonesia/,Mon Aug 17 2026 03:39:52 GMT+0000 (Coordinated Universal Time),26,Renungan Suci,renungan suci,,,,,,
2026-08-17T17:49:25.463914+00:00,20260817-174925,https://trends24.in/indonesia/,Mon Aug 17 2026 03:39:52 GMT+0000 (Coordinated Universal Time),27,Istana,istana,,,,,,
2026-08-17T17:49:25.463914+00:00,20260817-174925,https://trends24.in/indonesia/,Mon Aug 17 2026 03:39:52 GMT+0000 (Coordinated Universal Time),28,Staf,staf,,,,,,
2026-08-17T17:49:25.463914+00:00,20260817-174925,https://trends24.in/indonesia/,Mon Aug 17 2026 03:39:52 GMT+0000 (Coordinated Universal Time),29,Rodri,rodri,,,,,,
2026-08-17T17:49:25.463914+00:00,20260817-174925,https://trends24.in/indonesia/,Mon Aug 17 2026 03:39:52 GMT+0000 (Coordinated Universal Time),30,Haaland,haaland,,,,,,
2026-08-17T17:49:25.463914+00:00,20260817-174925,https://trends24.in/indonesia/,Mon Aug 17 2026 03:39:52 GMT+0000 (Coordinated Universal Time),31,Monas,monas,,,,,,
2026-08-17T17:49:25.463914+00:00,20260817-174925,https://trends24.in/indonesia/,Mon Aug 17 2026 03:39:52 GMT+0000 (Coordinated Universal Time),32,Libur,libur,,,,,,
2026-08-17T17:49:25.463914+00:00,20260817-174925,https://trends24.in/indonesia/,Mon Aug 17 2026 03:39:52 GMT+0000 (Coordinated Universal Time),33,Nusantara,nusantara,,,,,,
2026-08-17T17:49:25.463914+00:00,20260817-174925,https://trends24.in/indonesia/,Mon Aug 17 2026 03:39:52 GMT+0000 (Coordinated Universal Time),34,NKRI,nkri,,,,,,
2026-08-17T17:49:25.463914+00:00,20260817-174925,https://trends24.in/indonesia/,Mon Aug 17 2026 03:39:52 GMT+0000 (Coordinated Universal Time),35,CASHBACK,cashback,,,,,,
2026-08-17T17:49:25.463914+00:00,20260817-174925,https://trends24.in/indonesia/,Mon Aug 17 2026 03:39:52 GMT+0000 (Coordinated Universal Time),36,#3YTOMAFOXGoodboy,3ytomafoxgoodboy,,,,,,
2026-08-17T17:49:25.463914+00:00,20260817-174925,https://trends24.in/indonesia/,Mon Aug 17 2026 03:39:52 GMT+0000 (Coordinated Universal Time),37,#PKS81TahunRI,pks81tahunri,,,,,,
2026-08-17T17:49:25.463914+00:00,20260817-174925,https://trends24.in/indonesia/,Mon Aug 17 2026 03:39:52 GMT+0000 (Coordinated Universal Time),38,#KibarkanMerahPutih,kibarkanmerahputih,,,,,,
2026-08-17T17:49:25.463914+00:00,20260817-174925,https://trends24.in/indonesia/,Mon Aug 17 2026 03:39:52 GMT+0000 (Coordinated Universal Time),39,#TemanPemilih,temanpemilih,,,,,,
2026-08-17T17:49:25.463914+00:00,20260817-174925,https://trends24.in/indonesia/,Mon Aug 17 2026 03:39:52 GMT+0000 (Coordinated Universal Time),40,#KPUMelayani,kpumelayani,,,,,,
2026-08-17T17:49:25.463914+00:00,20260817-174925,https://trends24.in/indonesia/,Mon Aug 17 2026 03:39:52 GMT+0000 (Coordinated Universal Time),41,#DesaBerdayaWargaSejahtera,desaberdayawargasejahtera,,,,,,
2026-08-17T17:49:25.463914+00:00,20260817-174925,https://trends24.in/indonesia/,Mon Aug 17 2026 03:39:52 GMT+0000 (Coordinated Universal Time),42,#SenIndah,senindah,,,,,,
2026-08-17T17:49:25.463914+00:00,20260817-174925,https://trends24.in/indonesia/,Mon Aug 17 2026 03:39:52 GMT+0000 (Coordinated Universal Time),43,#EVANonKCON,evanonkcon,,,,,,
2026-08-17T17:49:25.463914+00:00,20260817-174925,https://trends24.in/indonesia/,Mon Aug 17 2026 03:39:52 GMT+0000 (Coordinated Universal Time),44,#MelangkahDenganHarapan,melangkahdenganharapan,,,,,,
2026-08-17T17:49:25.463914+00:00,20260817-174925,https://trends24.in/indonesia/,Mon Aug 17 2026 03:39:52 GMT+0000 (Coordinated Universal Time),45,#JIN_IN_ARLINGTON_D2,jin_in_arlington_d2,,,,,,
2026-08-17T17:49:25.463914+00:00,20260817-174925,https://trends24.in/indonesia/,Mon Aug 17 2026 03:39:52 GMT+0000 (Coordinated Universal Time),46,#KCONLA2026,kconla2026,,,,,,
2026-08-17T17:49:25.463914+00:00,20260817-174925,https://trends24.in/indonesia/,Mon Aug 17 2026 03:39:52 GMT+0000 (Coordinated Universal Time),47,#PYPD_IN_SANFRANCISCO,pypd_in_sanfrancisco,,,,,,
2026-08-17T17:49:25.463914+00:00,20260817-174925,https://trends24.in/indonesia/,Mon Aug 17 2026 03:39:52 GMT+0000 (Coordinated Universal Time),48,#3rdSummerWithDaeyoung,3rdsummerwithdaeyoung,,,,,,
2026-08-17T17:49:25.463914+00:00,20260817-174925,https://trends24.in/indonesia/,Mon Aug 17 2026 02:48:21 GMT+0000 (Coordinated Universal Time),1,#GOPAYKUOTA8RIBU,gopaykuota8ribu,,,,,,
2026-08-17T17:49:25.463914+00:00,20260817-174925,https://trends24.in/indonesia/,Mon Aug 17 2026 02:48:21 GMT+0000 (Coordinated Universal Time),2,Dirgahayu Republik Indonesia,dirgahayu republik indonesia,,,,,,
2026-08-17T17:49:25.463914+00:00,20260817-174925,https://trends24.in/indonesia/,Mon Aug 17 2026 02:48:21 GMT+0000 (Coordinated Universal Time),3,#HUTRI81,hutri81,,,,,,
2026-08-17T17:49:25.463914+00:00,20260817-174925,https://trends24.in/indonesia/,Mon Aug 17 2026 02:48:21 GMT+0000 (Coordinated Universal Time),4,Makmur,makmur,,,,,,
2026-08-17T17:49:25.463914+00:00,20260817-174925,https://trends24.in/indonesia/,Mon Aug 17 2026 02:48:21 GMT+0000 (Coordinated Universal Time),5,#Jaidee3rdBirthday,jaidee3rdbirthday,,,,,,
2026-08-17T17:49:25.463914+00:00,20260817-174925,https://trends24.in/indonesia/,Mon Aug 17 2026 02:48:21 GMT+0000 (Coordinated Universal Time),6,#BeraniJadiDiriSendiri,beranijadidirisendiri,,,,,,
2026-08-17T17:49:25.463914+00:00,20260817-174925,https://trends24.in/indonesia/,Mon Aug 17 2026 02:48:21 GMT+0000 (Coordinated Universal Time),7,#PKS81TahunRI,pks81tahunri,,,,,,
2026-08-17T17:49:25.463914+00:00,20260817-174925,https://trends24.in/indonesia/,Mon Aug 17 2026 02:48:21 GMT+0000 (Coordinated Universal Time),8,Rayakan Di Natasha,rayakan di natasha,,,,,,
2026-08-17T17:49:25.463914+00:00,20260817-174925,https://trends24.in/indonesia/,Mon Aug 17 2026 02:48:21 GMT+0000 (Coordinated Universal Time),9,Rp 8.100,rp 8.100,,,,,,
2026-08-17T17:49:25.463914+00:00,20260817-174925,https://trends24.in/indonesia/,Mon Aug 17 2026 02:48:21 GMT+0000 (Coordinated Universal Time),10,PKS Upacara,pks upacara,,,,,,
2026-08-17T17:49:25.463914+00:00,20260817-174925,https://trends24.in/indonesia/,Mon Aug 17 2026 02:48:21 GMT+0000 (Coordinated Universal Time),11,17 Agustus,17 agustus,,,,,,
2026-08-17T17:49:25.463914+00:00,20260817-174925,https://trends24.in/indonesia/,Mon Aug 17 2026 02:48:21 GMT+0000 (Coordinated Universal Time),12,Harga,harga,,,,,,
2026-08-17T17:49:25.463914+00:00,20260817-174925,https://trends24.in/indonesia/,Mon Aug 17 2026 02:48:21 GMT+0000 (Coordinated Universal Time),13,XL 10GB,xl 10gb,,,,,,
2026-08-17T17:49:25.463914+00:00,20260817-174925,https://trends24.in/indonesia/,Mon Aug 17 2026 02:48:21 GMT+0000 (Coordinated Universal Time),14,TOMAFOX 3Y FOREVER,tomafox 3y forever,,,,,,
2026-08-17T17:49:25.463914+00:00,20260817-174925,https://trends24.in/indonesia/,Mon Aug 17 2026 02:48:21 GMT+0000 (Coordinated Universal Time),15,Lomba,lomba,,,,,,
2026-08-17T17:49:25.463914+00:00,20260817-174925,https://trends24.in/indonesia/,Mon Aug 17 2026 02:48:21 GMT+0000 (Coordinated Universal Time),16,Independence Day,independence day,,,,,,
2026-08-17T17:49:25.463914+00:00,20260817-174925,https://trends24.in/indonesia/,Mon Aug 17 2026 02:48:21 GMT+0000 (Coordinated Universal Time),17,Selamat Hari Ulang Tahun,selamat hari ulang tahun,,,,,,
2026-08-17T17:49:25.463914+00:00,20260817-174925,https://trends24.in/indonesia/,Mon Aug 17 2026 02:48:21 GMT+0000 (Coordinated Universal Time),18,Bung Hatta,bung hatta,,,,,,
2026-08-17T17:49:25.463914+00:00,20260817-174925,https://trends24.in/indonesia/,Mon Aug 17 2026 02:48:21 GMT+0000 (Coordinated Universal Time),19,JIN YEEHAWS IN TEXAS,jin yeehaws in texas,,,,,,
2026-08-17T17:49:25.463914+00:00,20260817-174925,https://trends24.in/indonesia/,Mon Aug 17 2026 02:48:21 GMT+0000 (Coordinated Universal Time),20,Merah Putih,merah putih,,,,,,
2026-08-17T17:49:25.463914+00:00,20260817-174925,https://trends24.in/indonesia/,Mon Aug 17 2026 02:48:21 GMT+0000 (Coordinated Universal Time),21,Istana,istana,,,,,,
2026-08-17T17:49:25.463914+00:00,20260817-174925,https://trends24.in/indonesia/,Mon Aug 17 2026 02:48:21 GMT+0000 (Coordinated Universal Time),22,Renungan Suci,renungan suci,,,,,,
2026-08-17T17:49:25.463914+00:00,20260817-174925,https://trends24.in/indonesia/,Mon Aug 17 2026 02:48:21 GMT+0000 (Coordinated Universal Time),23,Rodri,rodri,,,,,,
2026-08-17T17:49:25.463914+00:00,20260817-174925,https://trends24.in/indonesia/,Mon Aug 17 2026 02:48:21 GMT+0000 (Coordinated Universal Time),24,NKRI,nkri,,,,,,
2026-08-17T17:49:25.463914+00:00,20260817-174925,https://trends24.in/indonesia/,Mon Aug 17 2026 02:48:21 GMT+0000 (Coordinated Universal Time),25,Libur,libur,,,,,,
2026-08-17T17:49:25.463914+00:00,20260817-174925,https://trends24.in/indonesia/,Mon Aug 17 2026 02:48:21 GMT+0000 (Coordinated Universal Time),26,CASHBACK,cashback,,,,,,
2026-08-17T17:49:25.463914+00:00,20260817-174925,https://trends24.in/indonesia/,Mon Aug 17 2026 02:48:21 GMT+0000 (Coordinated Universal Time),27,#3YTOMAFOXGoodboy,3ytomafoxgoodboy,,,,,,
2026-08-17T17:49:25.463914+00:00,20260817-174925,https://trends24.in/indonesia/,Mon Aug 17 2026 02:48:21 GMT+0000 (Coordinated Universal Time),28,#SenIndah,senindah,,,,,,
2026-08-17T17:49:25.463914+00:00,20260817-174925,https://trends24.in/indonesia/,Mon Aug 17 2026 02:48:21 GMT+0000 (Coordinated Universal Time),29,#EVANonKCON,evanonkcon,,,,,,
2026-08-17T17:49:25.463914+00:00,20260817-174925,https://trends24.in/indonesia/,Mon Aug 17 2026 02:48:21 GMT+0000 (Coordinated Universal Time),30,#HUT81RI,hut81ri,,,,,,
2026-08-17T17:49:25.463914+00:00,20260817-174925,https://trends24.in/indonesia/,Mon Aug 17 2026 02:48:21 GMT+0000 (Coordinated Universal Time),31,#JIN_IN_ARLINGTON_D2,jin_in_arlington_d2,,,,,,
2026-08-17T17:49:25.463914+00:00,20260817-174925,https://trends24.in/indonesia/,Mon Aug 17 2026 02:48:21 GMT+0000 (Coordinated Universal Time),32,#MelangkahDenganHarapan,melangkahdenganharapan,,,,,,
2026-08-17T17:49:25.463914+00:00,20260817-174925,https://trends24.in/indonesia/,Mon Aug 17 2026 02:48:21 GMT+0000 (Coordinated Universal Time),33,#KCONLA2026,kconla2026,,,,,,
2026-08-17T17:49:25.463914+00:00,20260817-174925,https://trends24.in/indonesia/,Mon Aug 17 2026 02:48:21 GMT+0000 (Coordinated Universal Time),34,#3rdSummerWithDaeyoung,3rdsummerwithdaeyoung,,,,,,
2026-08-17T17:49:25.463914+00:00,20260817-174925,https://trends24.in/indonesia/,Mon Aug 17 2026 02:48:21 GMT+0000 (Coordinated Universal Time),35,#MatchPointSeriesEP4,matchpointseriesep4,,,,,,
2026-08-17T17:49:25.463914+00:00,20260817-174925,https://trends24.in/indonesia/,Mon Aug 17 2026 02:48:15 GMT+0000 (Coordinated Universal Time),1,#GOPAYKUOTA8RIBU,gopaykuota8ribu,,,,,,
2026-08-17T17:49:25.463914+00:00,20260817-174925,https://trends24.in/indonesia/,Mon Aug 17 2026 02:48:15 GMT+0000 (Coordinated Universal Time),2,Dirgahayu Republik Indonesia,dirgahayu republik indonesia,,,,,,
2026-08-17T17:49:25.463914+00:00,20260817-174925,https://trends24.in/indonesia/,Mon Aug 17 2026 02:48:15 GMT+0000 (Coordinated Universal Time),3,#HUTRI81,hutri81,,,,,,
2026-08-17T17:49:25.463914+00:00,20260817-174925,https://trends24.in/indonesia/,Mon Aug 17 2026 02:48:15 GMT+0000 (Coordinated Universal Time),4,Makmur,makmur,,,,,,
2026-08-17T17:49:25.463914+00:00,20260817-174925,https://trends24.in/indonesia/,Mon Aug 17 2026 02:48:15 GMT+0000 (Coordinated Universal Time),5,#Jaidee3rdBirthday,jaidee3rdbirthday,,,,,,
2026-08-17T17:49:25.463914+00:00,20260817-174925,https://trends24.in/indonesia/,Mon Aug 17 2026 02:48:15 GMT+0000 (Coordinated Universal Time),6,#PKS81TahunRI,pks81tahunri,,,,,,
2026-08-17T17:49:25.463914+00:00,20260817-174925,https://trends24.in/indonesia/,Mon Aug 17 2026 02:48:15 GMT+0000 (Coordinated Universal Time),7,Rp 8.100,rp 8.100,,,,,,
2026-08-17T17:49:25.463914+00:00,20260817-174925,https://trends24.in/indonesia/,Mon Aug 17 2026 02:48:15 GMT+0000 (Coordinated Universal Time),8,PKS Upacara,pks upacara,,,,,,
2026-08-17T17:49:25.463914+00:00,20260817-174925,https://trends24.in/indonesia/,Mon Aug 17 2026 02:48:15 GMT+0000 (Coordinated Universal Time),9,17 Agustus,17 agustus,,,,,,
2026-08-17T17:49:25.463914+00:00,20260817-174925,https://trends24.in/indonesia/,Mon Aug 17 2026 02:48:15 GMT+0000 (Coordinated Universal Time),10,Harga,harga,,,,,,
2026-08-17T17:49:25.463914+00:00,20260817-174925,https://trends24.in/indonesia/,Mon Aug 17 2026 02:48:15 GMT+0000 (Coordinated Universal Time),11,XL 10GB,xl 10gb,,,,,,
2026-08-17T17:49:25.463914+00:00,20260817-174925,https://trends24.in/indonesia/,Mon Aug 17 2026 02:48:15 GMT+0000 (Coordinated Universal Time),12,#SenIndah,senindah,,,,,,
2026-08-17T17:49:25.463914+00:00,20260817-174925,https://trends24.in/indonesia/,Mon Aug 17 2026 02:48:15 GMT+0000 (Coordinated Universal Time),13,Independence Day,independence day,,,,,,
2026-08-17T17:49:25.463914+00:00,20260817-174925,https://trends24.in/indonesia/,Mon Aug 17 2026 02:48:15 GMT+0000 (Coordinated Universal Time),14,Lomba,lomba,,,,,,
2026-08-17T17:49:25.463914+00:00,20260817-174925,https://trends24.in/indonesia/,Mon Aug 17 2026 02:48:15 GMT+0000 (Coordinated Universal Time),15,Selamat Hari Ulang Tahun,selamat hari ulang tahun,,,,,,
2026-08-17T17:49:25.463914+00:00,20260817-174925,https://trends24.in/indonesia/,Mon Aug 17 2026 02:48:15 GMT+0000 (Coordinated Universal Time),16,Bung Hatta,bung hatta,,,,,,
2026-08-17T17:49:25.463914+00:00,20260817-174925,https://trends24.in/indonesia/,Mon Aug 17 2026 02:48:15 GMT+0000 (Coordinated Universal Time),17,JIN YEEHAWS IN TEXAS,jin yeehaws in texas,,,,,,
2026-08-17T17:49:25.463914+00:00,20260817-174925,https://trends24.in/indonesia/,Mon Aug 17 2026 02:48:15 GMT+0000 (Coordinated Universal Time),18,Merah Putih,merah putih,,,,,,
2026-08-17T17:49:25.463914+00:00,20260817-174925,https://trends24.in/indonesia/,Mon Aug 17 2026 02:48:15 GMT+0000 (Coordinated Universal Time),19,Renungan Suci,renungan suci,,,,,,
2026-08-17T17:49:25.463914+00:00,20260817-174925,https://trends24.in/indonesia/,Mon Aug 17 2026 02:48:15 GMT+0000 (Coordinated Universal Time),20,Istana,istana,,,,,,
2026-08-17T17:49:25.463914+00:00,20260817-174925,https://trends24.in/indonesia/,Mon Aug 17 2026 02:48:15 GMT+0000 (Coordinated Universal Time),21,Rodri,rodri,,,,,,
2026-08-17T17:49:25.463914+00:00,20260817-174925,https://trends24.in/indonesia/,Mon Aug 17 2026 02:48:15 GMT+0000 (Coordinated Universal Time),22,NKRI,nkri,,,,,,
2026-08-17T17:49:25.463914+00:00,20260817-174925,https://trends24.in/indonesia/,Mon Aug 17 2026 02:48:15 GMT+0000 (Coordinated Universal Time),23,Libur,libur,,,,,,
2026-08-17T17:49:25.463914+00:00,20260817-174925,https://trends24.in/indonesia/,Mon Aug 17 2026 02:48:15 GMT+0000 (Coordinated Universal Time),24,CASHBACK,cashback,,,,,,
2026-08-17T17:49:25.463914+00:00,20260817-174925,https://trends24.in/indonesia/,Mon Aug 17 2026 02:48:15 GMT+0000 (Coordinated Universal Time),25,#EVANonKCON,evanonkcon,,,,,,
2026-08-17T17:49:25.463914+00:00,20260817-174925,https://trends24.in/indonesia/,Mon Aug 17 2026 02:48:15 GMT+0000 (Coordinated Universal Time),26,#JIN_IN_ARLINGTON_D2,jin_in_arlington_d2,,,,,,
2026-08-17T17:49:25.463914+00:00,20260817-174925,https://trends24.in/indonesia/,Mon Aug 17 2026 02:48:15 GMT+0000 (Coordinated Universal Time),27,#HUT81RI,hut81ri,,,,,,
2026-08-17T17:49:25.463914+00:00,20260817-174925,https://trends24.in/indonesia/,Mon Aug 17 2026 02:48:15 GMT+0000 (Coordinated Universal Time),28,#MelangkahDenganHarapan,melangkahdenganharapan,,,,,,
2026-08-17T17:49:25.463914+00:00,20260817-174925,https://trends24.in/indonesia/,Mon Aug 17 2026 02:48:15 GMT+0000 (Coordinated Universal Time),29,#KCONLA2026,kconla2026,,,,,,
2026-08-17T17:49:25.463914+00:00,20260817-174925,https://trends24.in/indonesia/,Mon Aug 17 2026 02:48:15 GMT+0000 (Coordinated Universal Time),30,#3rdSummerWithDaeyoung,3rdsummerwithdaeyoung,,,,,,
2026-08-17T17:49:25.463914+00:00,20260817-174925,https://trends24.in/indonesia/,Mon Aug 17 2026 02:48:15 GMT+0000 (Coordinated Universal Time),31,#MatchPointSeriesEP4,matchpointseriesep4,,,,,,
2026-08-17T17:49:25.463914+00:00,20260817-174925,https://trends24.in/indonesia/,Mon Aug 17 2026 01:56:13 GMT+0000 (Coordinated Universal Time),1,#GOPAYKUOTA8RIBU,gopaykuota8ribu,,,,,,
2026-08-17T17:49:25.463914+00:00,20260817-174925,https://trends24.in/indonesia/,Mon Aug 17 2026 01:56:13 GMT+0000 (Coordinated Universal Time),2,Dirgahayu Republik Indonesia,dirgahayu republik indonesia,,,,,,
2026-08-17T17:49:25.463914+00:00,20260817-174925,https://trends24.in/indonesia/,Mon Aug 17 2026 01:56:13 GMT+0000 (Coordinated Universal Time),3,Makmur,makmur,,,,,,
2026-08-17T17:49:25.463914+00:00,20260817-174925,https://trends24.in/indonesia/,Mon Aug 17 2026 01:56:13 GMT+0000 (Coordinated Universal Time),4,#HUTRI81,hutri81,,,,,,
2026-08-17T17:49:25.463914+00:00,20260817-174925,https://trends24.in/indonesia/,Mon Aug 17 2026 01:56:13 GMT+0000 (Coordinated Universal Time),5,Indonesia Berdaulat,indonesia berdaulat,,,,,,
2026-08-17T17:49:25.463914+00:00,20260817-174925,https://trends24.in/indonesia/,Mon Aug 17 2026 01:56:13 GMT+0000 (Coordinated Universal Time),6,#Jaidee3rdBirthday,jaidee3rdbirthday,,,,,,
2026-08-17T17:49:25.463914+00:00,20260817-174925,https://trends24.in/indonesia/,Mon Aug 17 2026 01:56:13 GMT+0000 (Coordinated Universal Time),7,Upacara,upacara,,,,,,
2026-08-17T17:49:25.463914+00:00,20260817-174925,https://trends24.in/indonesia/,Mon Aug 17 2026 01:56:13 GMT+0000 (Coordinated Universal Time),8,17 Agustus,17 agustus,,,,,,
2026-08-17T17:49:25.463914+00:00,20260817-174925,https://trends24.in/indonesia/,Mon Aug 17 2026 01:56:13 GMT+0000 (Coordinated Universal Time),9,Semoga Indonesia,semoga indonesia,,,,,,
2026-08-17T17:49:25.463914+00:00,20260817-174925,https://trends24.in/indonesia/,Mon Aug 17 2026 01:56:13 GMT+0000 (Coordinated Universal Time),10,#SenIndah,senindah,,,,,,
2026-08-17T17:49:25.463914+00:00,20260817-174925,https://trends24.in/indonesia/,Mon Aug 17 2026 01:56:13 GMT+0000 (Coordinated Universal Time),11,Independence Day,independence day,,,,,,
2026-08-17T17:49:25.463914+00:00,20260817-174925,https://trends24.in/indonesia/,Mon Aug 17 2026 01:56:13 GMT+0000 (Coordinated Universal Time),12,Selamat Hari Ulang Tahun,selamat hari ulang tahun,,,,,,
2026-08-17T17:49:25.463914+00:00,20260817-174925,https://trends24.in/indonesia/,Mon Aug 17 2026 01:56:13 GMT+0000 (Coordinated Universal Time),13,81 Tahun,81 tahun,,,,,,
2026-08-17T17:49:25.463914+00:00,20260817-174925,https://trends24.in/indonesia/,Mon Aug 17 2026 01:56:13 GMT+0000 (Coordinated Universal Time),14,#JIN_IN_ARLINGTON_D2,jin_in_arlington_d2,,,,,,
2026-08-17T17:49:25.463914+00:00,20260817-174925,https://trends24.in/indonesia/,Mon Aug 17 2026 01:56:13 GMT+0000 (Coordinated Universal Time),15,Indonesia Maju,indonesia maju,,,,,,
2026-08-17T17:49:25.463914+00:00,20260817-174925,https://trends24.in/indonesia/,Mon Aug 17 2026 01:56:13 GMT+0000 (Coordinated Universal Time),16,Lomba,lomba,,,,,,
2026-08-17T17:49:25.463914+00:00,20260817-174925,https://trends24.in/indonesia/,Mon Aug 17 2026 01:56:13 GMT+0000 (Coordinated Universal Time),17,Rodri,rodri,,,,,,
2026-08-17T17:49:25.463914+00:00,20260817-174925,https://trends24.in/indonesia/,Mon Aug 17 2026 01:56:13 GMT+0000 (Coordinated Universal Time),18,NKRI,nkri,,,,,,
2026-08-17T17:49:25.463914+00:00,20260817-174925,https://trends24.in/indonesia/,Mon Aug 17 2026 01:56:13 GMT+0000 (Coordinated Universal Time),19,Indonesia Raya,indonesia raya,,,,,,
2026-08-17T17:49:25.463914+00:00,20260817-174925,https://trends24.in/indonesia/,Mon Aug 17 2026 01:56:13 GMT+0000 (Coordinated Universal Time),20,Merah Putih,merah putih,,,,,,
2026-08-17T17:49:25.463914+00:00,20260817-174925,https://trends24.in/indonesia/,Mon Aug 17 2026 01:56:13 GMT+0000 (Coordinated Universal Time),21,Libur,libur,,,,,,
2026-08-17T17:49:25.463914+00:00,20260817-174925,https://trends24.in/indonesia/,Mon Aug 17 2026 01:56:13 GMT+0000 (Coordinated Universal Time),22,Maresca,maresca,,,,,,
2026-08-17T17:49:25.463914+00:00,20260817-174925,https://trends24.in/indonesia/,Mon Aug 17 2026 01:56:13 GMT+0000 (Coordinated Universal Time),23,CASHBACK,cashback,,,,,,
2026-08-17T17:49:25.463914+00:00,20260817-174925,https://trends24.in/indonesia/,Mon Aug 17 2026 01:56:13 GMT+0000 (Coordinated Universal Time),24,#HUT81RI,hut81ri,,,,,,
2026-08-17T17:49:25.463914+00:00,20260817-174925,https://trends24.in/indonesia/,Mon Aug 17 2026 01:56:13 GMT+0000 (Coordinated Universal Time),25,#KCONLA2026,kconla2026,,,,,,
2026-08-17T17:49:25.463914+00:00,20260817-174925,https://trends24.in/indonesia/,Mon Aug 17 2026 01:56:13 GMT+0000 (Coordinated Universal Time),26,#3rdSummerWithDaeyoung,3rdsummerwithdaeyoung,,,,,,
2026-08-17T17:49:25.463914+00:00,20260817-174925,https://trends24.in/indonesia/,Mon Aug 17 2026 01:56:13 GMT+0000 (Coordinated Universal Time),27,#MatchPointSeriesEP4,matchpointseriesep4,,,,,,
2026-08-17T17:49:25.463914+00:00,20260817-174925,https://trends24.in/indonesia/,Mon Aug 17 2026 01:04:13 GMT+0000 (Coordinated Universal Time),1,Dirgahayu Republik Indonesia,dirgahayu republik indonesia,,,,,,
2026-08-17T17:49:25.463914+00:00,20260817-174925,https://trends24.in/indonesia/,Mon Aug 17 2026 01:04:13 GMT+0000 (Coordinated Universal Time),2,Makmur,makmur,,,,,,
2026-08-17T17:49:25.463914+00:00,20260817-174925,https://trends24.in/indonesia/,Mon Aug 17 2026 01:04:13 GMT+0000 (Coordinated Universal Time),3,#HUTRI81,hutri81,,,,,,
2026-08-17T17:49:25.463914+00:00,20260817-174925,https://trends24.in/indonesia/,Mon Aug 17 2026 01:04:13 GMT+0000 (Coordinated Universal Time),4,#GOPAY1RUPIAH,gopay1rupiah,,,,,,
2026-08-17T17:49:25.463914+00:00,20260817-174925,https://trends24.in/indonesia/,Mon Aug 17 2026 01:04:13 GMT+0000 (Coordinated Universal Time),5,#DuangConcertDay2,duangconcertday2,,,,,,
2026-08-17T17:49:25.463914+00:00,20260817-174925,https://trends24.in/indonesia/,Mon Aug 17 2026 01:04:13 GMT+0000 (Coordinated Universal Time),6,#RENJUNonTMEA2026,renjunontmea2026,,,,,,
2026-08-17T17:49:25.463914+00:00,20260817-174925,https://trends24.in/indonesia/,Mon Aug 17 2026 01:04:13 GMT+0000 (Coordinated Universal Time),7,SOLOIST RENJUN ON TMEA,soloist renjun on tmea,,,,,,
2026-08-17T17:49:25.463914+00:00,20260817-174925,https://trends24.in/indonesia/,Mon Aug 17 2026 01:04:13 GMT+0000 (Coordinated Universal Time),8,DUANG GO ROUND DAY2,duang go round day2,,,,,,
2026-08-17T17:49:25.463914+00:00,20260817-174925,https://trends24.in/indonesia/,Mon Aug 17 2026 01:04:13 GMT+0000 (Coordinated Universal Time),9,PERTHSANTA BEAUTY CHIANGMAI,perthsanta beauty chiangmai,,,,,,
2026-08-17T17:49:25.463914+00:00,20260817-174925,https://trends24.in/indonesia/,Mon Aug 17 2026 01:04:13 GMT+0000 (Coordinated Universal Time),10,negara hadir saat bencana,negara hadir saat bencana,,,,,,
2026-08-17T17:49:25.463914+00:00,20260817-174925,https://trends24.in/indonesia/,Mon Aug 17 2026 01:04:13 GMT+0000 (Coordinated Universal Time),11,Aceh,aceh,,,,,,
2026-08-17T17:49:25.463914+00:00,20260817-174925,https://trends24.in/indonesia/,Mon Aug 17 2026 01:04:13 GMT+0000 (Coordinated Universal Time),12,JIN YEEHAWS IN TEXAS,jin yeehaws in texas,,,,,,
2026-08-17T17:49:25.463914+00:00,20260817-174925,https://trends24.in/indonesia/,Mon Aug 17 2026 01:04:13 GMT+0000 (Coordinated Universal Time),13,Upacara,upacara,,,,,,
2026-08-17T17:49:25.463914+00:00,20260817-174925,https://trends24.in/indonesia/,Mon Aug 17 2026 01:04:13 GMT+0000 (Coordinated Universal Time),14,#theewave,theewave,,,,,,
2026-08-17T17:49:25.463914+00:00,20260817-174925,https://trends24.in/indonesia/,Mon Aug 17 2026 01:04:13 GMT+0000 (Coordinated Universal Time),15,uluran tangan saudara,uluran tangan saudara,,,,,,
2026-08-17T17:49:25.463914+00:00,20260817-174925,https://trends24.in/indonesia/,Mon Aug 17 2026 01:04:13 GMT+0000 (Coordinated Universal Time),16,Nusa Tenggara Timur,nusa tenggara timur,,,,,,
2026-08-17T17:49:25.463914+00:00,20260817-174925,https://trends24.in/indonesia/,Mon Aug 17 2026 01:04:13 GMT+0000 (Coordinated Universal Time),17,17 Agustus,17 agustus,,,,,,
2026-08-17T17:49:25.463914+00:00,20260817-174925,https://trends24.in/indonesia/,Mon Aug 17 2026 01:04:13 GMT+0000 (Coordinated Universal Time),18,JOONGDUNK URANUS IN KB,joongdunk uranus in kb,,,,,,
2026-08-17T17:49:25.463914+00:00,20260817-174925,https://trends24.in/indonesia/,Mon Aug 17 2026 01:04:13 GMT+0000 (Coordinated Universal Time),19,Pray for NTT,pray for ntt,,,,,,
2026-08-17T17:49:25.463914+00:00,20260817-174925,https://trends24.in/indonesia/,Mon Aug 17 2026 01:04:13 GMT+0000 (Coordinated Universal Time),20,Flores,flores,,,,,,
2026-08-17T17:49:25.463914+00:00,20260817-174925,https://trends24.in/indonesia/,Mon Aug 17 2026 01:04:13 GMT+0000 (Coordinated Universal Time),21,CASHBACK,cashback,,,,,,
2026-08-17T17:49:25.463914+00:00,20260817-174925,https://trends24.in/indonesia/,Mon Aug 17 2026 01:04:13 GMT+0000 (Coordinated Universal Time),22,Selamat Hari Ulang Tahun,selamat hari ulang tahun,,,,,,
2026-08-17T17:49:25.463914+00:00,20260817-174925,https://trends24.in/indonesia/,Mon Aug 17 2026 01:04:13 GMT+0000 (Coordinated Universal Time),23,EVAN MAKES AN ENTRANCE,evan makes an entrance,,,,,,
2026-08-17T17:49:25.463914+00:00,20260817-174925,https://trends24.in/indonesia/,Mon Aug 17 2026 01:04:13 GMT+0000 (Coordinated Universal Time),24,perthsanta love class,perthsanta love class,,,,,,
2026-08-17T17:49:25.463914+00:00,20260817-174925,https://trends24.in/indonesia/,Mon Aug 17 2026 01:04:13 GMT+0000 (Coordinated Universal Time),25,doa untuk ntt,doa untuk ntt,,,,,,
2026-08-17T17:49:25.463914+00:00,20260817-174925,https://trends24.in/indonesia/,Mon Aug 17 2026 01:04:13 GMT+0000 (Coordinated Universal Time),26,Arsenal,arsenal,,,,,,
2026-08-17T17:49:25.463914+00:00,20260817-174925,https://trends24.in/indonesia/,Mon Aug 17 2026 01:04:13 GMT+0000 (Coordinated Universal Time),27,SERVING MATCH POINT 4TH EP,serving match point 4th ep,,,,,,
2026-08-17T17:49:25.463914+00:00,20260817-174925,https://trends24.in/indonesia/,Mon Aug 17 2026 01:04:13 GMT+0000 (Coordinated Universal Time),28,81 Tahun,81 tahun,,,,,,
2026-08-17T17:49:25.463914+00:00,20260817-174925,https://trends24.in/indonesia/,Mon Aug 17 2026 01:04:13 GMT+0000 (Coordinated Universal Time),29,JAKE BLONDE,jake blonde,,,,,,
2026-08-17T17:49:25.463914+00:00,20260817-174925,https://trends24.in/indonesia/,Mon Aug 17 2026 01:04:13 GMT+0000 (Coordinated Universal Time),30,Trade $BANK,trade $bank,,,,,,
2026-08-17T17:49:25.463914+00:00,20260817-174925,https://trends24.in/indonesia/,Mon Aug 17 2026 01:04:13 GMT+0000 (Coordinated Universal Time),31,Community Shield,community shield,,,,,,
2026-08-17T17:49:25.463914+00:00,20260817-174925,https://trends24.in/indonesia/,Mon Aug 17 2026 01:04:13 GMT+0000 (Coordinated Universal Time),32,DOMIIA MISCHIEVOUS DEVIL,domiia mischievous devil,,,,,,
2026-08-17T17:49:25.463914+00:00,20260817-174925,https://trends24.in/indonesia/,Mon Aug 17 2026 01:04:13 GMT+0000 (Coordinated Universal Time),33,dipha barus,dipha barus,,,,,,
2026-08-17T17:49:25.463914+00:00,20260817-174925,https://trends24.in/indonesia/,Mon Aug 17 2026 01:04:13 GMT+0000 (Coordinated Universal Time),34,Rodri,rodri,,,,,,
2026-08-17T17:49:25.463914+00:00,20260817-174925,https://trends24.in/indonesia/,Mon Aug 17 2026 01:04:13 GMT+0000 (Coordinated Universal Time),35,Lomba,lomba,,,,,,
2026-08-17T17:49:25.463914+00:00,20260817-174925,https://trends24.in/indonesia/,Mon Aug 17 2026 01:04:13 GMT+0000 (Coordinated Universal Time),36,JJ MAGICAL TIME,jj magical time,,,,,,
2026-08-17T17:49:25.463914+00:00,20260817-174925,https://trends24.in/indonesia/,Mon Aug 17 2026 01:04:13 GMT+0000 (Coordinated Universal Time),37,Maresca,maresca,,,,,,
2026-08-17T17:49:25.463914+00:00,20260817-174925,https://trends24.in/indonesia/,Mon Aug 17 2026 01:04:13 GMT+0000 (Coordinated Universal Time),38,Pagii,pagii,,,,,,
2026-08-17T17:49:25.463914+00:00,20260817-174925,https://trends24.in/indonesia/,Mon Aug 17 2026 01:04:13 GMT+0000 (Coordinated Universal Time),39,Independence Day,independence day,,,,,,
2026-08-17T17:49:25.463914+00:00,20260817-174925,https://trends24.in/indonesia/,Mon Aug 17 2026 01:04:13 GMT+0000 (Coordinated Universal Time),40,Tzolis,tzolis,,,,,,
2026-08-17T17:49:25.463914+00:00,20260817-174925,https://trends24.in/indonesia/,Mon Aug 17 2026 01:04:13 GMT+0000 (Coordinated Universal Time),41,permpoon turns three,permpoon turns three,,,,,,
2026-08-17T17:49:25.463914+00:00,20260817-174925,https://trends24.in/indonesia/,Mon Aug 17 2026 01:04:13 GMT+0000 (Coordinated Universal Time),42,bp taskin,bp taskin,,,,,,
2026-08-17T17:49:25.463914+00:00,20260817-174925,https://trends24.in/indonesia/,Mon Aug 17 2026 01:04:13 GMT+0000 (Coordinated Universal Time),43,STRAY KIDS 9TH BB200,stray kids 9th bb200,,,,,,
2026-08-17T17:49:25.463914+00:00,20260817-174925,https://trends24.in/indonesia/,Mon Aug 17 2026 01:04:13 GMT+0000 (Coordinated Universal Time),44,TUI BLOOM SOLO X JJ,tui bloom solo x jj,,,,,,
2026-08-17T17:49:25.463914+00:00,20260817-174925,https://trends24.in/indonesia/,Mon Aug 17 2026 01:04:13 GMT+0000 (Coordinated Universal Time),45,3 YEARS WITH KIM DAEYOUNG,3 years with kim daeyoung,,,,,,
2026-08-17T17:49:25.463914+00:00,20260817-174925,https://trends24.in/indonesia/,Mon Aug 17 2026 01:04:13 GMT+0000 (Coordinated Universal Time),46,Vicario,vicario,,,,,,
2026-08-17T17:49:25.463914+00:00,20260817-174925,https://trends24.in/indonesia/,Mon Aug 17 2026 01:04:13 GMT+0000 (Coordinated Universal Time),47,NKRI,nkri,,,,,,
2026-08-17T17:49:25.463914+00:00,20260817-174925,https://trends24.in/indonesia/,Mon Aug 17 2026 01:04:13 GMT+0000 (Coordinated Universal Time),48,ClosEST MOMENT WITH EST,closest moment with est,,,,,,
2026-08-17T17:49:25.463914+00:00,20260817-174925,https://trends24.in/indonesia/,Mon Aug 17 2026 01:04:13 GMT+0000 (Coordinated Universal Time),49,EMIBONNIE BEAUTY INFINITY,emibonnie beauty infinity,,,,,,
2026-08-17T17:49:25.463914+00:00,20260817-174925,https://trends24.in/indonesia/,Mon Aug 17 2026 01:04:13 GMT+0000 (Coordinated Universal Time),50,Amorim,amorim,,,,,,
2026-08-17T17:49:25.463914+00:00,20260817-174925,https://trends24.in/indonesia/,Mon Aug 17 2026 00:13:03 GMT+0000 (Coordinated Universal Time),1,Dirgahayu Republik Indonesia,dirgahayu republik indonesia,,,,,,
2026-08-17T17:49:25.463914+00:00,20260817-174925,https://trends24.in/indonesia/,Mon Aug 17 2026 00:13:03 GMT+0000 (Coordinated Universal Time),2,#GOPAY1RUPIAH,gopay1rupiah,,,,,,
2026-08-17T17:49:25.463914+00:00,20260817-174925,https://trends24.in/indonesia/,Mon Aug 17 2026 00:13:03 GMT+0000 (Coordinated Universal Time),3,Makmur,makmur,,,,,,
2026-08-17T17:49:25.463914+00:00,20260817-174925,https://trends24.in/indonesia/,Mon Aug 17 2026 00:13:03 GMT+0000 (Coordinated Universal Time),4,#DuangConcertDay2,duangconcertday2,,,,,,
2026-08-17T17:49:25.463914+00:00,20260817-174925,https://trends24.in/indonesia/,Mon Aug 17 2026 00:13:03 GMT+0000 (Coordinated Universal Time),5,#RENJUNonTMEA2026,renjunontmea2026,,,,,,
2026-08-17T17:49:25.463914+00:00,20260817-174925,https://trends24.in/indonesia/,Mon Aug 17 2026 00:13:03 GMT+0000 (Coordinated Universal Time),6,DUANG GO ROUND DAY2,duang go round day2,,,,,,
2026-08-17T17:49:25.463914+00:00,20260817-174925,https://trends24.in/indonesia/,Mon Aug 17 2026 00:13:03 GMT+0000 (Coordinated Universal Time),7,#HUTRI81,hutri81,,,,,,
2026-08-17T17:49:25.463914+00:00,20260817-174925,https://trends24.in/indonesia/,Mon Aug 17 2026 00:13:03 GMT+0000 (Coordinated Universal Time),8,SOLOIST RENJUN ON TMEA,soloist renjun on tmea,,,,,,
2026-08-17T17:49:25.463914+00:00,20260817-174925,https://trends24.in/indonesia/,Mon Aug 17 2026 00:13:03 GMT+0000 (Coordinated Universal Time),9,PERTHSANTA BEAUTY CHIANGMAI,perthsanta beauty chiangmai,,,,,,
2026-08-17T17:49:25.463914+00:00,20260817-174925,https://trends24.in/indonesia/,Mon Aug 17 2026 00:13:03 GMT+0000 (Coordinated Universal Time),10,negara hadir saat bencana,negara hadir saat bencana,,,,,,
2026-08-17T17:49:25.463914+00:00,20260817-174925,https://trends24.in/indonesia/,Mon Aug 17 2026 00:13:03 GMT+0000 (Coordinated Universal Time),11,Aceh,aceh,,,,,,
2026-08-17T17:49:25.463914+00:00,20260817-174925,https://trends24.in/indonesia/,Mon Aug 17 2026 00:13:03 GMT+0000 (Coordinated Universal Time),12,JIN YEEHAWS IN TEXAS,jin yeehaws in texas,,,,,,
2026-08-17T17:49:25.463914+00:00,20260817-174925,https://trends24.in/indonesia/,Mon Aug 17 2026 00:13:03 GMT+0000 (Coordinated Universal Time),13,#theewave,theewave,,,,,,
2026-08-17T17:49:25.463914+00:00,20260817-174925,https://trends24.in/indonesia/,Mon Aug 17 2026 00:13:03 GMT+0000 (Coordinated Universal Time),14,Nusa Tenggara Timur,nusa tenggara timur,,,,,,
2026-08-17T17:49:25.463914+00:00,20260817-174925,https://trends24.in/indonesia/,Mon Aug 17 2026 00:13:03 GMT+0000 (Coordinated Universal Time),15,uluran tangan saudara,uluran tangan saudara,,,,,,
2026-08-17T17:49:25.463914+00:00,20260817-174925,https://trends24.in/indonesia/,Mon Aug 17 2026 00:13:03 GMT+0000 (Coordinated Universal Time),16,JOONGDUNK URANUS IN KB,joongdunk uranus in kb,,,,,,
2026-08-17T17:49:25.463914+00:00,20260817-174925,https://trends24.in/indonesia/,Mon Aug 17 2026 00:13:03 GMT+0000 (Coordinated Universal Time),17,Upacara,upacara,,,,,,
2026-08-17T17:49:25.463914+00:00,20260817-174925,https://trends24.in/indonesia/,Mon Aug 17 2026 00:13:03 GMT+0000 (Coordinated Universal Time),18,Pray for NTT,pray for ntt,,,,,,
2026-08-17T17:49:25.463914+00:00,20260817-174925,https://trends24.in/indonesia/,Mon Aug 17 2026 00:13:03 GMT+0000 (Coordinated Universal Time),19,EVAN MAKES AN ENTRANCE,evan makes an entrance,,,,,,
2026-08-17T17:49:25.463914+00:00,20260817-174925,https://trends24.in/indonesia/,Mon Aug 17 2026 00:13:03 GMT+0000 (Coordinated Universal Time),20,17 Agustus,17 agustus,,,,,,
2026-08-17T17:49:25.463914+00:00,20260817-174925,https://trends24.in/indonesia/,Mon Aug 17 2026 00:13:03 GMT+0000 (Coordinated Universal Time),21,Flores,flores,,,,,,
2026-08-17T17:49:25.463914+00:00,20260817-174925,https://trends24.in/indonesia/,Mon Aug 17 2026 00:13:03 GMT+0000 (Coordinated Universal Time),22,CASHBACK,cashback,,,,,,
2026-08-17T17:49:25.463914+00:00,20260817-174925,https://trends24.in/indonesia/,Mon Aug 17 2026 00:13:03 GMT+0000 (Coordinated Universal Time),23,Selamat Hari Ulang Tahun,selamat hari ulang tahun,,,,,,
2026-08-17T17:49:25.463914+00:00,20260817-174925,https://trends24.in/indonesia/,Mon Aug 17 2026 00:13:03 GMT+0000 (Coordinated Universal Time),24,perthsanta love class,perthsanta love class,,,,,,
2026-08-17T17:49:25.463914+00:00,20260817-174925,https://trends24.in/indonesia/,Mon Aug 17 2026 00:13:03 GMT+0000 (Coordinated Universal Time),25,doa untuk ntt,doa untuk ntt,,,,,,
2026-08-17T17:49:25.463914+00:00,20260817-174925,https://trends24.in/indonesia/,Mon Aug 17 2026 00:13:03 GMT+0000 (Coordinated Universal Time),26,Arsenal,arsenal,,,,,,
2026-08-17T17:49:25.463914+00:00,20260817-174925,https://trends24.in/indonesia/,Mon Aug 17 2026 00:13:03 GMT+0000 (Coordinated Universal Time),27,STRAY KIDS 9TH BB200,stray kids 9th bb200,,,,,,
2026-08-17T17:49:25.463914+00:00,20260817-174925,https://trends24.in/indonesia/,Mon Aug 17 2026 00:13:03 GMT+0000 (Coordinated Universal Time),28,SERVING MATCH POINT 4TH EP,serving match point 4th ep,,,,,,
2026-08-17T17:49:25.463914+00:00,20260817-174925,https://trends24.in/indonesia/,Mon Aug 17 2026 00:13:03 GMT+0000 (Coordinated Universal Time),29,JAKE BLONDE,jake blonde,,,,,,
2026-08-17T17:49:25.463914+00:00,20260817-174925,https://trends24.in/indonesia/,Mon Aug 17 2026 00:13:03 GMT+0000 (Coordinated Universal Time),30,DOMIIA MISCHIEVOUS DEVIL,domiia mischievous devil,,,,,,
2026-08-17T17:49:25.463914+00:00,20260817-174925,https://trends24.in/indonesia/,Mon Aug 17 2026 00:13:03 GMT+0000 (Coordinated Universal Time),31,Trade $BANK,trade $bank,,,,,,
2026-08-17T17:49:25.463914+00:00,20260817-174925,https://trends24.in/indonesia/,Mon Aug 17 2026 00:13:03 GMT+0000 (Coordinated Universal Time),32,Community Shield,community shield,,,,,,
2026-08-17T17:49:25.463914+00:00,20260817-174925,https://trends24.in/indonesia/,Mon Aug 17 2026 00:13:03 GMT+0000 (Coordinated Universal Time),33,dipha barus,dipha barus,,,,,,
2026-08-17T17:49:25.463914+00:00,20260817-174925,https://trends24.in/indonesia/,Mon Aug 17 2026 00:13:03 GMT+0000 (Coordinated Universal Time),34,Rodri,rodri,,,,,,
2026-08-17T17:49:25.463914+00:00,20260817-174925,https://trends24.in/indonesia/,Mon Aug 17 2026 00:13:03 GMT+0000 (Coordinated Universal Time),35,Lomba,lomba,,,,,,
2026-08-17T17:49:25.463914+00:00,20260817-174925,https://trends24.in/indonesia/,Mon Aug 17 2026 00:13:03 GMT+0000 (Coordinated Universal Time),36,JJ MAGICAL TIME,jj magical time,,,,,,
2026-08-17T17:49:25.463914+00:00,20260817-174925,https://trends24.in/indonesia/,Mon Aug 17 2026 00:13:03 GMT+0000 (Coordinated Universal Time),37,Maresca,maresca,,,,,,
2026-08-17T17:49:25.463914+00:00,20260817-174925,https://trends24.in/indonesia/,Mon Aug 17 2026 00:13:03 GMT+0000 (Coordinated Universal Time),38,81 Tahun,81 tahun,,,,,,
2026-08-17T17:49:25.463914+00:00,20260817-174925,https://trends24.in/indonesia/,Mon Aug 17 2026 00:13:03 GMT+0000 (Coordinated Universal Time),39,PERMPOON TURNS THREE,permpoon turns three,,,,,,
2026-08-17T17:49:25.463914+00:00,20260817-174925,https://trends24.in/indonesia/,Mon Aug 17 2026 00:13:03 GMT+0000 (Coordinated Universal Time),40,bp taskin,bp taskin,,,,,,
2026-08-17T17:49:25.463914+00:00,20260817-174925,https://trends24.in/indonesia/,Mon Aug 17 2026 00:13:03 GMT+0000 (Coordinated Universal Time),41,TUI BLOOM SOLO X JJ,tui bloom solo x jj,,,,,,
2026-08-17T17:49:25.463914+00:00,20260817-174925,https://trends24.in/indonesia/,Mon Aug 17 2026 00:13:03 GMT+0000 (Coordinated Universal Time),42,Tzolis,tzolis,,,,,,
2026-08-17T17:49:25.463914+00:00,20260817-174925,https://trends24.in/indonesia/,Mon Aug 17 2026 00:13:03 GMT+0000 (Coordinated Universal Time),43,3 YEARS WITH KIM DAEYOUNG,3 years with kim daeyoung,,,,,,
2026-08-17T17:49:25.463914+00:00,20260817-174925,https://trends24.in/indonesia/,Mon Aug 17 2026 00:13:03 GMT+0000 (Coordinated Universal Time),44,Senin,senin,,,,,,
2026-08-17T17:49:25.463914+00:00,20260817-174925,https://trends24.in/indonesia/,Mon Aug 17 2026 00:13:03 GMT+0000 (Coordinated Universal Time),45,Amorim,amorim,,,,,,
2026-08-17T17:49:25.463914+00:00,20260817-174925,https://trends24.in/indonesia/,Mon Aug 17 2026 00:13:03 GMT+0000 (Coordinated Universal Time),46,ClosEST MOMENT WITH EST,closest moment with est,,,,,,
2026-08-17T17:49:25.463914+00:00,20260817-174925,https://trends24.in/indonesia/,Mon Aug 17 2026 00:13:03 GMT+0000 (Coordinated Universal Time),47,TXT SETSUNA HANABI OUT NOW,txt setsuna hanabi out now,,,,,,
2026-08-17T17:49:25.463914+00:00,20260817-174925,https://trends24.in/indonesia/,Mon Aug 17 2026 00:13:03 GMT+0000 (Coordinated Universal Time),48,EMIBONNIE BEAUTY INFINITY,emibonnie beauty infinity,,,,,,
2026-08-17T17:49:25.463914+00:00,20260817-174925,https://trends24.in/indonesia/,Mon Aug 17 2026 00:13:03 GMT+0000 (Coordinated Universal Time),49,NKRI,nkri,,,,,,
2026-08-17T17:49:25.463914+00:00,20260817-174925,https://trends24.in/indonesia/,Mon Aug 17 2026 00:13:03 GMT+0000 (Coordinated Universal Time),50,Deco,deco,,,,,,
2026-08-17T17:49:25.463914+00:00,20260817-174925,https://trends24.in/indonesia/,Sun Aug 16 2026 23:21:40 GMT+0000 (Coordinated Universal Time),1,Dirgahayu Republik Indonesia,dirgahayu republik indonesia,,,,,,
2026-08-17T17:49:25.463914+00:00,20260817-174925,https://trends24.in/indonesia/,Sun Aug 16 2026 23:21:40 GMT+0000 (Coordinated Universal Time),2,#GOPAY1RUPIAH,gopay1rupiah,,,,,,
2026-08-17T17:49:25.463914+00:00,20260817-174925,https://trends24.in/indonesia/,Sun Aug 16 2026 23:21:40 GMT+0000 (Coordinated Universal Time),3,#DuangConcertDay2,duangconcertday2,,,,,,
2026-08-17T17:49:25.463914+00:00,20260817-174925,https://trends24.in/indonesia/,Sun Aug 16 2026 23:21:40 GMT+0000 (Coordinated Universal Time),4,#RENJUNonTMEA2026,renjunontmea2026,,,,,,
2026-08-17T17:49:25.463914+00:00,20260817-174925,https://trends24.in/indonesia/,Sun Aug 16 2026 23:21:40 GMT+0000 (Coordinated Universal Time),5,SOLOIST RENJUN ON TMEA,soloist renjun on tmea,,,,,,
2026-08-17T17:49:25.463914+00:00,20260817-174925,https://trends24.in/indonesia/,Sun Aug 16 2026 23:21:40 GMT+0000 (Coordinated Universal Time),6,DUANG GO ROUND DAY2,duang go round day2,,,,,,
2026-08-17T17:49:25.463914+00:00,20260817-174925,https://trends24.in/indonesia/,Sun Aug 16 2026 23:21:40 GMT+0000 (Coordinated Universal Time),7,Makmur,makmur,,,,,,
2026-08-17T17:49:25.463914+00:00,20260817-174925,https://trends24.in/indonesia/,Sun Aug 16 2026 23:21:40 GMT+0000 (Coordinated Universal Time),8,PERTHSANTA BEAUTY CHIANGMAI,perthsanta beauty chiangmai,,,,,,
2026-08-17T17:49:25.463914+00:00,20260817-174925,https://trends24.in/indonesia/,Sun Aug 16 2026 23:21:40 GMT+0000 (Coordinated Universal Time),9,negara hadir saat bencana,negara hadir saat bencana,,,,,,
2026-08-17T17:49:25.463914+00:00,20260817-174925,https://trends24.in/indonesia/,Sun Aug 16 2026 23:21:40 GMT+0000 (Coordinated Universal Time),10,#rayakanbebasboncos,rayakanbebasboncos,,,,,,
2026-08-17T17:49:25.463914+00:00,20260817-174925,https://trends24.in/indonesia/,Sun Aug 16 2026 23:21:40 GMT+0000 (Coordinated Universal Time),11,Aceh,aceh,,,,,,
2026-08-17T17:49:25.463914+00:00,20260817-174925,https://trends24.in/indonesia/,Sun Aug 16 2026 23:21:40 GMT+0000 (Coordinated Universal Time),12,#theewave,theewave,,,,,,
2026-08-17T17:49:25.463914+00:00,20260817-174925,https://trends24.in/indonesia/,Sun Aug 16 2026 23:21:40 GMT+0000 (Coordinated Universal Time),13,JIN YEEHAWS IN TEXAS,jin yeehaws in texas,,,,,,
2026-08-17T17:49:25.463914+00:00,20260817-174925,https://trends24.in/indonesia/,Sun Aug 16 2026 23:21:40 GMT+0000 (Coordinated Universal Time),14,HUT RI,hut ri,,,,,,
2026-08-17T17:49:25.463914+00:00,20260817-174925,https://trends24.in/indonesia/,Sun Aug 16 2026 23:21:40 GMT+0000 (Coordinated Universal Time),15,Nusa Tenggara Timur,nusa tenggara timur,,,,,,
2026-08-17T17:49:25.463914+00:00,20260817-174925,https://trends24.in/indonesia/,Sun Aug 16 2026 23:21:40 GMT+0000 (Coordinated Universal Time),16,uluran tangan saudara,uluran tangan saudara,,,,,,
2026-08-17T17:49:25.463914+00:00,20260817-174925,https://trends24.in/indonesia/,Sun Aug 16 2026 23:21:40 GMT+0000 (Coordinated Universal Time),17,JOONGDUNK URANUS IN KB,joongdunk uranus in kb,,,,,,
2026-08-17T17:49:25.463914+00:00,20260817-174925,https://trends24.in/indonesia/,Sun Aug 16 2026 23:21:40 GMT+0000 (Coordinated Universal Time),18,Pray for NTT,pray for ntt,,,,,,
2026-08-17T17:49:25.463914+00:00,20260817-174925,https://trends24.in/indonesia/,Sun Aug 16 2026 23:21:40 GMT+0000 (Coordinated Universal Time),19,Flores,flores,,,,,,
2026-08-17T17:49:25.463914+00:00,20260817-174925,https://trends24.in/indonesia/,Sun Aug 16 2026 23:21:40 GMT+0000 (Coordinated Universal Time),20,CASHBACK,cashback,,,,,,
2026-08-17T17:49:25.463914+00:00,20260817-174925,https://trends24.in/indonesia/,Sun Aug 16 2026 23:21:40 GMT+0000 (Coordinated Universal Time),21,17 Agustus,17 agustus,,,,,,
2026-08-17T17:49:25.463914+00:00,20260817-174925,https://trends24.in/indonesia/,Sun Aug 16 2026 23:21:40 GMT+0000 (Coordinated Universal Time),22,perthsanta love class,perthsanta love class,,,,,,
2026-08-17T17:49:25.463914+00:00,20260817-174925,https://trends24.in/indonesia/,Sun Aug 16 2026 23:21:40 GMT+0000 (Coordinated Universal Time),23,doa untuk ntt,doa untuk ntt,,,,,,
2026-08-17T17:49:25.463914+00:00,20260817-174925,https://trends24.in/indonesia/,Sun Aug 16 2026 23:21:40 GMT+0000 (Coordinated Universal Time),24,Arsenal,arsenal,,,,,,
2026-08-17T17:49:25.463914+00:00,20260817-174925,https://trends24.in/indonesia/,Sun Aug 16 2026 23:21:40 GMT+0000 (Coordinated Universal Time),25,JAKE BLONDE,jake blonde,,,,,,
2026-08-17T17:49:25.463914+00:00,20260817-174925,https://trends24.in/indonesia/,Sun Aug 16 2026 23:21:40 GMT+0000 (Coordinated Universal Time),26,DOMIIA MISCHIEVOUS DEVIL,domiia mischievous devil,,,,,,
2026-08-17T17:49:25.463914+00:00,20260817-174925,https://trends24.in/indonesia/,Sun Aug 16 2026 23:21:40 GMT+0000 (Coordinated Universal Time),27,SERVING MATCH POINT 4TH EP,serving match point 4th ep,,,,,,
2026-08-17T17:49:25.463914+00:00,20260817-174925,https://trends24.in/indonesia/,Sun Aug 16 2026 23:21:40 GMT+0000 (Coordinated Universal Time),28,Trade $BANK,trade $bank,,,,,,
2026-08-17T17:49:25.463914+00:00,20260817-174925,https://trends24.in/indonesia/,Sun Aug 16 2026 23:21:40 GMT+0000 (Coordinated Universal Time),29,Community Shield,community shield,,,,,,
2026-08-17T17:49:25.463914+00:00,20260817-174925,https://trends24.in/indonesia/,Sun Aug 16 2026 23:21:40 GMT+0000 (Coordinated Universal Time),30,Upacara,upacara,,,,,,
2026-08-17T17:49:25.463914+00:00,20260817-174925,https://trends24.in/indonesia/,Sun Aug 16 2026 23:21:40 GMT+0000 (Coordinated Universal Time),31,dipha barus,dipha barus,,,,,,
2026-08-17T17:49:25.463914+00:00,20260817-174925,https://trends24.in/indonesia/,Sun Aug 16 2026 23:21:40 GMT+0000 (Coordinated Universal Time),32,Lomba,lomba,,,,,,
2026-08-17T17:49:25.463914+00:00,20260817-174925,https://trends24.in/indonesia/,Sun Aug 16 2026 23:21:40 GMT+0000 (Coordinated Universal Time),33,JJ MAGICAL TIME,jj magical time,,,,,,
2026-08-17T17:49:25.463914+00:00,20260817-174925,https://trends24.in/indonesia/,Sun Aug 16 2026 23:21:40 GMT+0000 (Coordinated Universal Time),34,Maresca,maresca,,,,,,
2026-08-17T17:49:25.463914+00:00,20260817-174925,https://trends24.in/indonesia/,Sun Aug 16 2026 23:21:40 GMT+0000 (Coordinated Universal Time),35,Cancelo,cancelo,,,,,,
2026-08-17T17:49:25.463914+00:00,20260817-174925,https://trends24.in/indonesia/,Sun Aug 16 2026 23:21:40 GMT+0000 (Coordinated Universal Time),36,PERMPOON TURNS THREE,permpoon turns three,,,,,,
2026-08-17T17:49:25.463914+00:00,20260817-174925,https://trends24.in/indonesia/,Sun Aug 16 2026 23:21:40 GMT+0000 (Coordinated Universal Time),37,bp taskin,bp taskin,,,,,,
2026-08-17T17:49:25.463914+00:00,20260817-174925,https://trends24.in/indonesia/,Sun Aug 16 2026 23:21:40 GMT+0000 (Coordinated Universal Time),38,TXT SETSUNA HANABI OUT NOW,txt setsuna hanabi out now,,,,,,
2026-08-17T17:49:25.463914+00:00,20260817-174925,https://trends24.in/indonesia/,Sun Aug 16 2026 23:21:40 GMT+0000 (Coordinated Universal Time),39,TUI BLOOM SOLO X JJ,tui bloom solo x jj,,,,,,
2026-08-17T17:49:25.463914+00:00,20260817-174925,https://trends24.in/indonesia/,Sun Aug 16 2026 23:21:40 GMT+0000 (Coordinated Universal Time),40,81 Tahun,81 tahun,,,,,,
2026-08-17T17:49:25.463914+00:00,20260817-174925,https://trends24.in/indonesia/,Sun Aug 16 2026 23:21:40 GMT+0000 (Coordinated Universal Time),41,Tzolis,tzolis,,,,,,
2026-08-17T17:49:25.463914+00:00,20260817-174925,https://trends24.in/indonesia/,Sun Aug 16 2026 23:21:40 GMT+0000 (Coordinated Universal Time),42,3 YEARS WITH KIM DAEYOUNG,3 years with kim daeyoung,,,,,,
2026-08-17T17:49:25.463914+00:00,20260817-174925,https://trends24.in/indonesia/,Sun Aug 16 2026 23:21:40 GMT+0000 (Coordinated Universal Time),43,Rodri,rodri,,,,,,
2026-08-17T17:49:25.463914+00:00,20260817-174925,https://trends24.in/indonesia/,Sun Aug 16 2026 23:21:40 GMT+0000 (Coordinated Universal Time),44,Amorim,amorim,,,,,,
2026-08-17T17:49:25.463914+00:00,20260817-174925,https://trends24.in/indonesia/,Sun Aug 16 2026 23:21:40 GMT+0000 (Coordinated Universal Time),45,Deco,deco,,,,,,
2026-08-17T17:49:25.463914+00:00,20260817-174925,https://trends24.in/indonesia/,Sun Aug 16 2026 23:21:40 GMT+0000 (Coordinated Universal Time),46,ClosEST MOMENT WITH EST,closest moment with est,,,,,,
2026-08-17T17:49:25.463914+00:00,20260817-174925,https://trends24.in/indonesia/,Sun Aug 16 2026 23:21:40 GMT+0000 (Coordinated Universal Time),47,EMIBONNIE BEAUTY INFINITY,emibonnie beauty infinity,,,,,,
2026-08-17T17:49:25.463914+00:00,20260817-174925,https://trends24.in/indonesia/,Sun Aug 16 2026 23:21:40 GMT+0000 (Coordinated Universal Time),48,NKRI,nkri,,,,,,
2026-08-17T17:49:25.463914+00:00,20260817-174925,https://trends24.in/indonesia/,Sun Aug 16 2026 23:21:40 GMT+0000 (Coordinated Universal Time),49,Join Grup Telegram,join grup telegram,,,,,,
2026-08-17T17:49:25.463914+00:00,20260817-174925,https://trends24.in/indonesia/,Sun Aug 16 2026 23:21:40 GMT+0000 (Coordinated Universal Time),50,besok senin,besok senin,,,,,,
2026-08-17T17:49:25.463914+00:00,20260817-174925,https://trends24.in/indonesia/,Sun Aug 16 2026 22:30:57 GMT+0000 (Coordinated Universal Time),1,#GOPAY1RUPIAH,gopay1rupiah,,,,,,
2026-08-17T17:49:25.463914+00:00,20260817-174925,https://trends24.in/indonesia/,Sun Aug 16 2026 22:30:57 GMT+0000 (Coordinated Universal Time),2,#DuangConcertDay2,duangconcertday2,,,,,,
2026-08-17T17:49:25.463914+00:00,20260817-174925,https://trends24.in/indonesia/,Sun Aug 16 2026 22:30:57 GMT+0000 (Coordinated Universal Time),3,#RENJUNonTMEA2026,renjunontmea2026,,,,,,
2026-08-17T17:49:25.463914+00:00,20260817-174925,https://trends24.in/indonesia/,Sun Aug 16 2026 22:30:57 GMT+0000 (Coordinated Universal Time),4,DUANG GO ROUND DAY2,duang go round day2,,,,,,
2026-08-17T17:49:25.463914+00:00,20260817-174925,https://trends24.in/indonesia/,Sun Aug 16 2026 22:30:57 GMT+0000 (Coordinated Universal Time),5,SOLOIST RENJUN ON TMEA,soloist renjun on tmea,,,,,,
2026-08-17T17:49:25.463914+00:00,20260817-174925,https://trends24.in/indonesia/,Sun Aug 16 2026 22:30:57 GMT+0000 (Coordinated Universal Time),6,PERTHSANTA BEAUTY CHIANGMAI,perthsanta beauty chiangmai,,,,,,
2026-08-17T17:49:25.463914+00:00,20260817-174925,https://trends24.in/indonesia/,Sun Aug 16 2026 22:30:57 GMT+0000 (Coordinated Universal Time),7,negara hadir saat bencana,negara hadir saat bencana,,,,,,
2026-08-17T17:49:25.463914+00:00,20260817-174925,https://trends24.in/indonesia/,Sun Aug 16 2026 22:30:57 GMT+0000 (Coordinated Universal Time),8,#rayakanbebasboncos,rayakanbebasboncos,,,,,,
2026-08-17T17:49:25.463914+00:00,20260817-174925,https://trends24.in/indonesia/,Sun Aug 16 2026 22:30:57 GMT+0000 (Coordinated Universal Time),9,Aceh,aceh,,,,,,
2026-08-17T17:49:25.463914+00:00,20260817-174925,https://trends24.in/indonesia/,Sun Aug 16 2026 22:30:57 GMT+0000 (Coordinated Universal Time),10,Dirgahayu Republik Indonesia,dirgahayu republik indonesia,,,,,,
2026-08-17T17:49:25.463914+00:00,20260817-174925,https://trends24.in/indonesia/,Sun Aug 16 2026 22:30:57 GMT+0000 (Coordinated Universal Time),11,#theewave,theewave,,,,,,
2026-08-17T17:49:25.463914+00:00,20260817-174925,https://trends24.in/indonesia/,Sun Aug 16 2026 22:30:57 GMT+0000 (Coordinated Universal Time),12,Nusa Tenggara Timur,nusa tenggara timur,,,,,,
2026-08-17T17:49:25.463914+00:00,20260817-174925,https://trends24.in/indonesia/,Sun Aug 16 2026 22:30:57 GMT+0000 (Coordinated Universal Time),13,HUT RI,hut ri,,,,,,
2026-08-17T17:49:25.463914+00:00,20260817-174925,https://trends24.in/indonesia/,Sun Aug 16 2026 22:30:57 GMT+0000 (Coordinated Universal Time),14,uluran tangan saudara,uluran tangan saudara,,,,,,
2026-08-17T17:49:25.463914+00:00,20260817-174925,https://trends24.in/indonesia/,Sun Aug 16 2026 22:30:57 GMT+0000 (Coordinated Universal Time),15,JOONGDUNK URANUS IN KB,joongdunk uranus in kb,,,,,,
2026-08-17T17:49:25.463914+00:00,20260817-174925,https://trends24.in/indonesia/,Sun Aug 16 2026 22:30:57 GMT+0000 (Coordinated Universal Time),16,Pray for NTT,pray for ntt,,,,,,
2026-08-17T17:49:25.463914+00:00,20260817-174925,https://trends24.in/indonesia/,Sun Aug 16 2026 22:30:57 GMT+0000 (Coordinated Universal Time),17,Makmur,makmur,,,,,,
2026-08-17T17:49:25.463914+00:00,20260817-174925,https://trends24.in/indonesia/,Sun Aug 16 2026 22:30:57 GMT+0000 (Coordinated Universal Time),18,Flores,flores,,,,,,
2026-08-17T17:49:25.463914+00:00,20260817-174925,https://trends24.in/indonesia/,Sun Aug 16 2026 22:30:57 GMT+0000 (Coordinated Universal Time),19,CASHBACK,cashback,,,,,,
2026-08-17T17:49:25.463914+00:00,20260817-174925,https://trends24.in/indonesia/,Sun Aug 16 2026 22:30:57 GMT+0000 (Coordinated Universal Time),20,wujudkan sdm terbaik,wujudkan sdm terbaik,,,,,,
2026-08-17T17:49:25.463914+00:00,20260817-174925,https://trends24.in/indonesia/,Sun Aug 16 2026 22:30:57 GMT+0000 (Coordinated Universal Time),21,17 Agustus,17 agustus,,,,,,
2026-08-17T17:49:25.463914+00:00,20260817-174925,https://trends24.in/indonesia/,Sun Aug 16 2026 22:30:57 GMT+0000 (Coordinated Universal Time),22,perthsanta love class,perthsanta love class,,,,,,
2026-08-17T17:49:25.463914+00:00,20260817-174925,https://trends24.in/indonesia/,Sun Aug 16 2026 22:30:57 GMT+0000 (Coordinated Universal Time),23,doa untuk ntt,doa untuk ntt,,,,,,
2026-08-17T17:49:25.463914+00:00,20260817-174925,https://trends24.in/indonesia/,Sun Aug 16 2026 22:30:57 GMT+0000 (Coordinated Universal Time),24,Arsenal,arsenal,,,,,,
2026-08-17T17:49:25.463914+00:00,20260817-174925,https://trends24.in/indonesia/,Sun Aug 16 2026 22:30:57 GMT+0000 (Coordinated Universal Time),25,DOMIIA MISCHIEVOUS DEVIL,domiia mischievous devil,,,,,,
2026-08-17T17:49:25.463914+00:00,20260817-174925,https://trends24.in/indonesia/,Sun Aug 16 2026 22:30:57 GMT+0000 (Coordinated Universal Time),26,$BUB,$bub,,,,,,
2026-08-17T17:49:25.463914+00:00,20260817-174925,https://trends24.in/indonesia/,Sun Aug 16 2026 22:30:57 GMT+0000 (Coordinated Universal Time),27,JAKE BLONDE,jake blonde,,,,,,
2026-08-17T17:49:25.463914+00:00,20260817-174925,https://trends24.in/indonesia/,Sun Aug 16 2026 22:30:57 GMT+0000 (Coordinated Universal Time),28,SERVING MATCH POINT 4TH EP,serving match point 4th ep,,,,,,
2026-08-17T17:49:25.463914+00:00,20260817-174925,https://trends24.in/indonesia/,Sun Aug 16 2026 22:30:57 GMT+0000 (Coordinated Universal Time),29,Trade $BANK,trade $bank,,,,,,
2026-08-17T17:49:25.463914+00:00,20260817-174925,https://trends24.in/indonesia/,Sun Aug 16 2026 22:30:57 GMT+0000 (Coordinated Universal Time),30,Community Shield,community shield,,,,,,
2026-08-17T17:49:25.463914+00:00,20260817-174925,https://trends24.in/indonesia/,Sun Aug 16 2026 22:30:57 GMT+0000 (Coordinated Universal Time),31,Rodri,rodri,,,,,,
2026-08-17T17:49:25.463914+00:00,20260817-174925,https://trends24.in/indonesia/,Sun Aug 16 2026 22:30:57 GMT+0000 (Coordinated Universal Time),32,dipha barus,dipha barus,,,,,,
2026-08-17T17:49:25.463914+00:00,20260817-174925,https://trends24.in/indonesia/,Sun Aug 16 2026 22:30:57 GMT+0000 (Coordinated Universal Time),33,JJ MAGICAL TIME,jj magical time,,,,,,
2026-08-17T17:49:25.463914+00:00,20260817-174925,https://trends24.in/indonesia/,Sun Aug 16 2026 22:30:57 GMT+0000 (Coordinated Universal Time),34,Tzolis,tzolis,,,,,,
2026-08-17T17:49:25.463914+00:00,20260817-174925,https://trends24.in/indonesia/,Sun Aug 16 2026 22:30:57 GMT+0000 (Coordinated Universal Time),35,Lomba,lomba,,,,,,
2026-08-17T17:49:25.463914+00:00,20260817-174925,https://trends24.in/indonesia/,Sun Aug 16 2026 22:30:57 GMT+0000 (Coordinated Universal Time),36,Maresca,maresca,,,,,,
2026-08-17T17:49:25.463914+00:00,20260817-174925,https://trends24.in/indonesia/,Sun Aug 16 2026 22:30:57 GMT+0000 (Coordinated Universal Time),37,Cancelo,cancelo,,,,,,
2026-08-17T17:49:25.463914+00:00,20260817-174925,https://trends24.in/indonesia/,Sun Aug 16 2026 22:30:57 GMT+0000 (Coordinated Universal Time),38,PERMPOON TURNS THREE,permpoon turns three,,,,,,
2026-08-17T17:49:25.463914+00:00,20260817-174925,https://trends24.in/indonesia/,Sun Aug 16 2026 22:30:57 GMT+0000 (Coordinated Universal Time),39,TUI BLOOM SOLO X JJ,tui bloom solo x jj,,,,,,
2026-08-17T17:49:25.463914+00:00,20260817-174925,https://trends24.in/indonesia/,Sun Aug 16 2026 22:30:57 GMT+0000 (Coordinated Universal Time),40,bp taskin,bp taskin,,,,,,
2026-08-17T17:49:25.463914+00:00,20260817-174925,https://trends24.in/indonesia/,Sun Aug 16 2026 22:30:57 GMT+0000 (Coordinated Universal Time),41,TXT SETSUNA HANABI OUT NOW,txt setsuna hanabi out now,,,,,,
2026-08-17T17:49:25.463914+00:00,20260817-174925,https://trends24.in/indonesia/,Sun Aug 16 2026 22:30:57 GMT+0000 (Coordinated Universal Time),42,ClosEST MOMENT WITH EST,closest moment with est,,,,,,
2026-08-17T17:49:25.463914+00:00,20260817-174925,https://trends24.in/indonesia/,Sun Aug 16 2026 22:30:57 GMT+0000 (Coordinated Universal Time),43,Upacara,upacara,,,,,,
2026-08-17T17:49:25.463914+00:00,20260817-174925,https://trends24.in/indonesia/,Sun Aug 16 2026 22:30:57 GMT+0000 (Coordinated Universal Time),44,3 YEARS WITH KIM DAEYOUNG,3 years with kim daeyoung,,,,,,
2026-08-17T17:49:25.463914+00:00,20260817-174925,https://trends24.in/indonesia/,Sun Aug 16 2026 22:30:57 GMT+0000 (Coordinated Universal Time),45,Amorim,amorim,,,,,,
2026-08-17T17:49:25.463914+00:00,20260817-174925,https://trends24.in/indonesia/,Sun Aug 16 2026 22:30:57 GMT+0000 (Coordinated Universal Time),46,EMIBONNIE BEAUTY INFINITY,emibonnie beauty infinity,,,,,,
2026-08-17T17:49:25.463914+00:00,20260817-174925,https://trends24.in/indonesia/,Sun Aug 16 2026 22:30:57 GMT+0000 (Coordinated Universal Time),47,Rexx,rexx,,,,,,
2026-08-17T17:49:25.463914+00:00,20260817-174925,https://trends24.in/indonesia/,Sun Aug 16 2026 22:30:57 GMT+0000 (Coordinated Universal Time),48,SMYLE CUTIE POP STAR,smyle cutie pop star,,,,,,
2026-08-17T17:49:25.463914+00:00,20260817-174925,https://trends24.in/indonesia/,Sun Aug 16 2026 22:30:57 GMT+0000 (Coordinated Universal Time),49,Besok Senin,besok senin,,,,,,
2026-08-17T17:49:25.463914+00:00,20260817-174925,https://trends24.in/indonesia/,Sun Aug 16 2026 22:30:57 GMT+0000 (Coordinated Universal Time),50,Odegaard,odegaard,,,,,,
