captured_at_utc,run_id,source_url,hour_label,rank,name,name_norm,tweet_count_raw,tweet_count,best_position,total_tweets,trending_for_raw,trending_for_hours
2026-08-07T10:56:19.113600+00:00,20260807-105619,https://trends24.in/indonesia/,Fri Aug 07 2026 10:03:25 GMT+0000 (Coordinated Universal Time),1,SMARTFREN Unlimited 5G,smartfren unlimited 5g,,,,,,
2026-08-07T10:56:19.113600+00:00,20260807-105619,https://trends24.in/indonesia/,Fri Aug 07 2026 10:03:25 GMT+0000 (Coordinated Universal Time),2,#NINGNING_NewSolo,ningning_newsolo,,,,,,
2026-08-07T10:56:19.113600+00:00,20260807-105619,https://trends24.in/indonesia/,Fri Aug 07 2026 10:03:25 GMT+0000 (Coordinated Universal Time),3,#ì¹´ë¦¬ë_ì ê³¡_ê³µê°,ì¹´ë¦¬ë_ì ê³¡_ê³µê°,,,,,,
2026-08-07T10:56:19.113600+00:00,20260807-105619,https://trends24.in/indonesia/,Fri Aug 07 2026 10:03:25 GMT+0000 (Coordinated Universal Time),4,KARINA NEW SOLO MUSIC,karina new solo music,,,,,,
2026-08-07T10:56:19.113600+00:00,20260807-105619,https://trends24.in/indonesia/,Fri Aug 07 2026 10:03:25 GMT+0000 (Coordinated Universal Time),5,#ESTWITHMYSATUR,estwithmysatur,,,,,,
2026-08-07T10:56:19.113600+00:00,20260807-105619,https://trends24.in/indonesia/,Fri Aug 07 2026 10:03:25 GMT+0000 (Coordinated Universal Time),6,#JuniorMarkConcertD1,juniormarkconcertd1,,,,,,
2026-08-07T10:56:19.113600+00:00,20260807-105619,https://trends24.in/indonesia/,Fri Aug 07 2026 10:03:25 GMT+0000 (Coordinated Universal Time),7,EST AT SATUR FLAGSHIP,est at satur flagship,,,,,,
2026-08-07T10:56:19.113600+00:00,20260807-105619,https://trends24.in/indonesia/,Fri Aug 07 2026 10:03:25 GMT+0000 (Coordinated Universal Time),8,JUNIORMARK ONCE SUNNYMOON,juniormark once sunnymoon,,,,,,
2026-08-07T10:56:19.113600+00:00,20260807-105619,https://trends24.in/indonesia/,Fri Aug 07 2026 10:03:25 GMT+0000 (Coordinated Universal Time),9,#KarinaNewMusic,karinanewmusic,,,,,,
2026-08-07T10:56:19.113600+00:00,20260807-105619,https://trends24.in/indonesia/,Fri Aug 07 2026 10:03:25 GMT+0000 (Coordinated Universal Time),10,Ribuan Titik KePelosok,ribuan titik kepelosok,,,,,,
2026-08-07T10:56:19.113600+00:00,20260807-105619,https://trends24.in/indonesia/,Fri Aug 07 2026 10:03:25 GMT+0000 (Coordinated Universal Time),11,Jumat,jumat,,,,,,
2026-08-07T10:56:19.113600+00:00,20260807-105619,https://trends24.in/indonesia/,Fri Aug 07 2026 10:03:25 GMT+0000 (Coordinated Universal Time),12,SKZ THIS AND THAT DAY,skz this and that day,,,,,,
2026-08-07T10:56:19.113600+00:00,20260807-105619,https://trends24.in/indonesia/,Fri Aug 07 2026 10:03:25 GMT+0000 (Coordinated Universal Time),13,BRIN,brin,,,,,,
2026-08-07T10:56:19.113600+00:00,20260807-105619,https://trends24.in/indonesia/,Fri Aug 07 2026 10:03:25 GMT+0000 (Coordinated Universal Time),14,Johnny,johnny,,,,,,
2026-08-07T10:56:19.113600+00:00,20260807-105619,https://trends24.in/indonesia/,Fri Aug 07 2026 10:03:25 GMT+0000 (Coordinated Universal Time),15,SIXFINITY WITH TREASURE,sixfinity with treasure,,,,,,
2026-08-07T10:56:19.113600+00:00,20260807-105619,https://trends24.in/indonesia/,Fri Aug 07 2026 10:03:25 GMT+0000 (Coordinated Universal Time),16,Optimis,optimis,,,,,,
2026-08-07T10:56:19.113600+00:00,20260807-105619,https://trends24.in/indonesia/,Fri Aug 07 2026 10:03:25 GMT+0000 (Coordinated Universal Time),17,Menteri Desa,menteri desa,,,,,,
2026-08-07T10:56:19.113600+00:00,20260807-105619,https://trends24.in/indonesia/,Fri Aug 07 2026 10:03:25 GMT+0000 (Coordinated Universal Time),18,MOOMIN X RENJUN,moomin x renjun,,,,,,
2026-08-07T10:56:19.113600+00:00,20260807-105619,https://trends24.in/indonesia/,Fri Aug 07 2026 10:03:25 GMT+0000 (Coordinated Universal Time),19,GMMTV RESPECT GEMINIFOURTH,gmmtv respect geminifourth,,,,,,
2026-08-07T10:56:19.113600+00:00,20260807-105619,https://trends24.in/indonesia/,Fri Aug 07 2026 10:03:25 GMT+0000 (Coordinated Universal Time),20,ARTMS,artms,,,,,,
2026-08-07T10:56:19.113600+00:00,20260807-105619,https://trends24.in/indonesia/,Fri Aug 07 2026 10:03:25 GMT+0000 (Coordinated Universal Time),21,CAT 1,cat 1,,,,,,
2026-08-07T10:56:19.113600+00:00,20260807-105619,https://trends24.in/indonesia/,Fri Aug 07 2026 10:03:25 GMT+0000 (Coordinated Universal Time),22,Koperasi Desa,koperasi desa,,,,,,
2026-08-07T10:56:19.113600+00:00,20260807-105619,https://trends24.in/indonesia/,Fri Aug 07 2026 10:03:25 GMT+0000 (Coordinated Universal Time),23,Sepatu,sepatu,,,,,,
2026-08-07T10:56:19.113600+00:00,20260807-105619,https://trends24.in/indonesia/,Fri Aug 07 2026 10:03:25 GMT+0000 (Coordinated Universal Time),24,RSCM,rscm,,,,,,
2026-08-07T10:56:19.113600+00:00,20260807-105619,https://trends24.in/indonesia/,Fri Aug 07 2026 10:03:25 GMT+0000 (Coordinated Universal Time),25,Pos Indonesia,pos indonesia,,,,,,
2026-08-07T10:56:19.113600+00:00,20260807-105619,https://trends24.in/indonesia/,Fri Aug 07 2026 10:03:25 GMT+0000 (Coordinated Universal Time),26,#BiskuitBetter,biskuitbetter,,,,,,
2026-08-07T10:56:19.113600+00:00,20260807-105619,https://trends24.in/indonesia/,Fri Aug 07 2026 10:03:25 GMT+0000 (Coordinated Universal Time),27,#maganghub,maganghub,,,,,,
2026-08-07T10:56:19.113600+00:00,20260807-105619,https://trends24.in/indonesia/,Fri Aug 07 2026 10:03:25 GMT+0000 (Coordinated Universal Time),28,#HarqeelDeserveBetter,harqeeldeservebetter,,,,,,
2026-08-07T10:56:19.113600+00:00,20260807-105619,https://trends24.in/indonesia/,Fri Aug 07 2026 10:03:25 GMT+0000 (Coordinated Universal Time),29,#EnaknyaSusahdiCut,enaknyasusahdicut,,,,,,
2026-08-07T10:56:19.113600+00:00,20260807-105619,https://trends24.in/indonesia/,Fri Aug 07 2026 10:03:25 GMT+0000 (Coordinated Universal Time),30,#TebakSkorMW,tebakskormw,,,,,,
2026-08-07T10:56:19.113600+00:00,20260807-105619,https://trends24.in/indonesia/,Fri Aug 07 2026 10:03:25 GMT+0000 (Coordinated Universal Time),31,#TebakSkorPialaAFF,tebakskorpialaaff,,,,,,
2026-08-07T10:56:19.113600+00:00,20260807-105619,https://trends24.in/indonesia/,Fri Aug 07 2026 10:03:25 GMT+0000 (Coordinated Universal Time),32,#GMMTVFanfestInMacau2026,gmmtvfanfestinmacau2026,,,,,,
2026-08-07T10:56:19.113600+00:00,20260807-105619,https://trends24.in/indonesia/,Fri Aug 07 2026 10:03:25 GMT+0000 (Coordinated Universal Time),33,#THIS_AND_THAT,this_and_that,,,,,,
2026-08-07T10:56:19.113600+00:00,20260807-105619,https://trends24.in/indonesia/,Fri Aug 07 2026 10:03:25 GMT+0000 (Coordinated Universal Time),34,#BitgetFanStory,bitgetfanstory,,,,,,
2026-08-07T10:56:19.113600+00:00,20260807-105619,https://trends24.in/indonesia/,Fri Aug 07 2026 10:03:25 GMT+0000 (Coordinated Universal Time),35,#PondPhuwinConcert,pondphuwinconcert,,,,,,
2026-08-07T10:56:19.113600+00:00,20260807-105619,https://trends24.in/indonesia/,Fri Aug 07 2026 10:03:25 GMT+0000 (Coordinated Universal Time),36,#KerjasamaBUMDesaKDMPKWT,kerjasamabumdesakdmpkwt,,,,,,
2026-08-07T10:56:19.113600+00:00,20260807-105619,https://trends24.in/indonesia/,Fri Aug 07 2026 10:03:25 GMT+0000 (Coordinated Universal Time),37,#KaryaDesaBerdaya,karyadesaberdaya,,,,,,
2026-08-07T10:56:19.113600+00:00,20260807-105619,https://trends24.in/indonesia/,Fri Aug 07 2026 10:03:25 GMT+0000 (Coordinated Universal Time),38,#sociotizer,sociotizer,,,,,,
2026-08-07T10:56:19.113600+00:00,20260807-105619,https://trends24.in/indonesia/,Fri Aug 07 2026 10:03:25 GMT+0000 (Coordinated Universal Time),39,#WUnovelina,wunovelina,,,,,,
2026-08-07T10:56:19.113600+00:00,20260807-105619,https://trends24.in/indonesia/,Fri Aug 07 2026 10:03:25 GMT+0000 (Coordinated Universal Time),40,#est_rvp,est_rvp,,,,,,
2026-08-07T10:56:19.113600+00:00,20260807-105619,https://trends24.in/indonesia/,Fri Aug 07 2026 10:03:25 GMT+0000 (Coordinated Universal Time),41,#KetahananPangan,ketahananpangan,,,,,,
2026-08-07T10:56:19.113600+00:00,20260807-105619,https://trends24.in/indonesia/,Fri Aug 07 2026 10:03:25 GMT+0000 (Coordinated Universal Time),42,#RedKiss_EMIBONNIE,redkiss_emibonnie,,,,,,
2026-08-07T10:56:19.113600+00:00,20260807-105619,https://trends24.in/indonesia/,Fri Aug 07 2026 10:03:25 GMT+0000 (Coordinated Universal Time),43,#TREASURE6thANNIVERSARY,treasure6thanniversary,,,,,,
2026-08-07T10:56:19.113600+00:00,20260807-105619,https://trends24.in/indonesia/,Fri Aug 07 2026 10:03:25 GMT+0000 (Coordinated Universal Time),44,#THISë_THATë_ì¤í¤ì¦,thisë_thatë_ì¤í¤ì¦,,,,,,
2026-08-07T10:56:19.113600+00:00,20260807-105619,https://trends24.in/indonesia/,Fri Aug 07 2026 10:03:25 GMT+0000 (Coordinated Universal Time),45,#Arc20TheUnveiledSanctuary,arc20theunveiledsanctuary,,,,,,
2026-08-07T10:56:19.113600+00:00,20260807-105619,https://trends24.in/indonesia/,Fri Aug 07 2026 10:03:25 GMT+0000 (Coordinated Universal Time),46,#ManageGeminiFourthBetter,managegeminifourthbetter,,,,,,
2026-08-07T10:56:19.113600+00:00,20260807-105619,https://trends24.in/indonesia/,Fri Aug 07 2026 10:03:25 GMT+0000 (Coordinated Universal Time),47,#ì¤í¸ë ì´í¤ì¦,ì¤í¸ë ì´í¤ì¦,,,,,,
2026-08-07T10:56:19.113600+00:00,20260807-105619,https://trends24.in/indonesia/,Fri Aug 07 2026 10:03:25 GMT+0000 (Coordinated Universal Time),48,#StrayKids,straykids,,,,,,
2026-08-07T10:56:19.113600+00:00,20260807-105619,https://trends24.in/indonesia/,Fri Aug 07 2026 10:03:25 GMT+0000 (Coordinated Universal Time),49,#MelayaniSepenuhHati,melayanisepenuhhati,,,,,,
2026-08-07T10:56:19.113600+00:00,20260807-105619,https://trends24.in/indonesia/,Fri Aug 07 2026 10:03:25 GMT+0000 (Coordinated Universal Time),50,#PYPD_IN_NEWYORK,pypd_in_newyork,,,,,,
2026-08-07T10:56:19.113600+00:00,20260807-105619,https://trends24.in/indonesia/,Fri Aug 07 2026 09:09:24 GMT+0000 (Coordinated Universal Time),1,SMARTFREN Unlimited 5G,smartfren unlimited 5g,,,,,,
2026-08-07T10:56:19.113600+00:00,20260807-105619,https://trends24.in/indonesia/,Fri Aug 07 2026 09:09:24 GMT+0000 (Coordinated Universal Time),2,Ribuan Titik KePelosok,ribuan titik kepelosok,,,,,,
2026-08-07T10:56:19.113600+00:00,20260807-105619,https://trends24.in/indonesia/,Fri Aug 07 2026 09:09:24 GMT+0000 (Coordinated Universal Time),3,#BiskuitBetter,biskuitbetter,,,,,,
2026-08-07T10:56:19.113600+00:00,20260807-105619,https://trends24.in/indonesia/,Fri Aug 07 2026 09:09:24 GMT+0000 (Coordinated Universal Time),4,#ESTWITHMYSATUR,estwithmysatur,,,,,,
2026-08-07T10:56:19.113600+00:00,20260807-105619,https://trends24.in/indonesia/,Fri Aug 07 2026 09:09:24 GMT+0000 (Coordinated Universal Time),5,#HarqeelDeserveBetter,harqeeldeservebetter,,,,,,
2026-08-07T10:56:19.113600+00:00,20260807-105619,https://trends24.in/indonesia/,Fri Aug 07 2026 09:09:24 GMT+0000 (Coordinated Universal Time),6,#JuniorMarkConcertD1,juniormarkconcertd1,,,,,,
2026-08-07T10:56:19.113600+00:00,20260807-105619,https://trends24.in/indonesia/,Fri Aug 07 2026 09:09:24 GMT+0000 (Coordinated Universal Time),7,#EnaknyaSusahdiCut,enaknyasusahdicut,,,,,,
2026-08-07T10:56:19.113600+00:00,20260807-105619,https://trends24.in/indonesia/,Fri Aug 07 2026 09:09:24 GMT+0000 (Coordinated Universal Time),8,JUNIORMARK ONCE SUNNYMOON,juniormark once sunnymoon,,,,,,
2026-08-07T10:56:19.113600+00:00,20260807-105619,https://trends24.in/indonesia/,Fri Aug 07 2026 09:09:24 GMT+0000 (Coordinated Universal Time),9,EST AT SATUR FLAGSHIP,est at satur flagship,,,,,,
2026-08-07T10:56:19.113600+00:00,20260807-105619,https://trends24.in/indonesia/,Fri Aug 07 2026 09:09:24 GMT+0000 (Coordinated Universal Time),10,SKZ THIS AND THAT DAY,skz this and that day,,,,,,
2026-08-07T10:56:19.113600+00:00,20260807-105619,https://trends24.in/indonesia/,Fri Aug 07 2026 09:09:24 GMT+0000 (Coordinated Universal Time),11,Jumat,jumat,,,,,,
2026-08-07T10:56:19.113600+00:00,20260807-105619,https://trends24.in/indonesia/,Fri Aug 07 2026 09:09:24 GMT+0000 (Coordinated Universal Time),12,Johnny,johnny,,,,,,
2026-08-07T10:56:19.113600+00:00,20260807-105619,https://trends24.in/indonesia/,Fri Aug 07 2026 09:09:24 GMT+0000 (Coordinated Universal Time),13,Optimis,optimis,,,,,,
2026-08-07T10:56:19.113600+00:00,20260807-105619,https://trends24.in/indonesia/,Fri Aug 07 2026 09:09:24 GMT+0000 (Coordinated Universal Time),14,After You,after you,,,,,,
2026-08-07T10:56:19.113600+00:00,20260807-105619,https://trends24.in/indonesia/,Fri Aug 07 2026 09:09:24 GMT+0000 (Coordinated Universal Time),15,I Do,i do,,,,,,
2026-08-07T10:56:19.113600+00:00,20260807-105619,https://trends24.in/indonesia/,Fri Aug 07 2026 09:09:24 GMT+0000 (Coordinated Universal Time),16,Menteri Desa,menteri desa,,,,,,
2026-08-07T10:56:19.113600+00:00,20260807-105619,https://trends24.in/indonesia/,Fri Aug 07 2026 09:09:24 GMT+0000 (Coordinated Universal Time),17,GMMTV RESPECT GEMINIFOURTH,gmmtv respect geminifourth,,,,,,
2026-08-07T10:56:19.113600+00:00,20260807-105619,https://trends24.in/indonesia/,Fri Aug 07 2026 09:09:24 GMT+0000 (Coordinated Universal Time),18,MOOMIN X RENJUN,moomin x renjun,,,,,,
2026-08-07T10:56:19.113600+00:00,20260807-105619,https://trends24.in/indonesia/,Fri Aug 07 2026 09:09:24 GMT+0000 (Coordinated Universal Time),19,BRIN,brin,,,,,,
2026-08-07T10:56:19.113600+00:00,20260807-105619,https://trends24.in/indonesia/,Fri Aug 07 2026 09:09:24 GMT+0000 (Coordinated Universal Time),20,ARTMS,artms,,,,,,
2026-08-07T10:56:19.113600+00:00,20260807-105619,https://trends24.in/indonesia/,Fri Aug 07 2026 09:09:24 GMT+0000 (Coordinated Universal Time),21,RSCM,rscm,,,,,,
2026-08-07T10:56:19.113600+00:00,20260807-105619,https://trends24.in/indonesia/,Fri Aug 07 2026 09:09:24 GMT+0000 (Coordinated Universal Time),22,Koperasi Desa,koperasi desa,,,,,,
2026-08-07T10:56:19.113600+00:00,20260807-105619,https://trends24.in/indonesia/,Fri Aug 07 2026 09:09:24 GMT+0000 (Coordinated Universal Time),23,CAT 1,cat 1,,,,,,
2026-08-07T10:56:19.113600+00:00,20260807-105619,https://trends24.in/indonesia/,Fri Aug 07 2026 09:09:24 GMT+0000 (Coordinated Universal Time),24,Happy 6th Anniversary,happy 6th anniversary,,,,,,
2026-08-07T10:56:19.113600+00:00,20260807-105619,https://trends24.in/indonesia/,Fri Aug 07 2026 09:09:24 GMT+0000 (Coordinated Universal Time),25,Pos Indonesia,pos indonesia,,,,,,
2026-08-07T10:56:19.113600+00:00,20260807-105619,https://trends24.in/indonesia/,Fri Aug 07 2026 09:09:24 GMT+0000 (Coordinated Universal Time),26,#maganghub,maganghub,,,,,,
2026-08-07T10:56:19.113600+00:00,20260807-105619,https://trends24.in/indonesia/,Fri Aug 07 2026 09:09:24 GMT+0000 (Coordinated Universal Time),27,#GMMTVFanfestInMacau2026,gmmtvfanfestinmacau2026,,,,,,
2026-08-07T10:56:19.113600+00:00,20260807-105619,https://trends24.in/indonesia/,Fri Aug 07 2026 09:09:24 GMT+0000 (Coordinated Universal Time),28,#TebakSkorMW,tebakskormw,,,,,,
2026-08-07T10:56:19.113600+00:00,20260807-105619,https://trends24.in/indonesia/,Fri Aug 07 2026 09:09:24 GMT+0000 (Coordinated Universal Time),29,#BitgetFanStory,bitgetfanstory,,,,,,
2026-08-07T10:56:19.113600+00:00,20260807-105619,https://trends24.in/indonesia/,Fri Aug 07 2026 09:09:24 GMT+0000 (Coordinated Universal Time),30,#This_And_That,this_and_that,,,,,,
2026-08-07T10:56:19.113600+00:00,20260807-105619,https://trends24.in/indonesia/,Fri Aug 07 2026 09:09:24 GMT+0000 (Coordinated Universal Time),31,#KerjasamaBUMDesaKDMPKWT,kerjasamabumdesakdmpkwt,,,,,,
2026-08-07T10:56:19.113600+00:00,20260807-105619,https://trends24.in/indonesia/,Fri Aug 07 2026 09:09:24 GMT+0000 (Coordinated Universal Time),32,#KaryaDesaBerdaya,karyadesaberdaya,,,,,,
2026-08-07T10:56:19.113600+00:00,20260807-105619,https://trends24.in/indonesia/,Fri Aug 07 2026 09:09:24 GMT+0000 (Coordinated Universal Time),33,#PondPhuwinConcert,pondphuwinconcert,,,,,,
2026-08-07T10:56:19.113600+00:00,20260807-105619,https://trends24.in/indonesia/,Fri Aug 07 2026 09:09:24 GMT+0000 (Coordinated Universal Time),34,#sociotizer,sociotizer,,,,,,
2026-08-07T10:56:19.113600+00:00,20260807-105619,https://trends24.in/indonesia/,Fri Aug 07 2026 09:09:24 GMT+0000 (Coordinated Universal Time),35,#THISë_THATë_ì¤í¤ì¦,thisë_thatë_ì¤í¤ì¦,,,,,,
2026-08-07T10:56:19.113600+00:00,20260807-105619,https://trends24.in/indonesia/,Fri Aug 07 2026 09:09:24 GMT+0000 (Coordinated Universal Time),36,#KetahananPangan,ketahananpangan,,,,,,
2026-08-07T10:56:19.113600+00:00,20260807-105619,https://trends24.in/indonesia/,Fri Aug 07 2026 09:09:24 GMT+0000 (Coordinated Universal Time),37,#TREASURE6thANNIVERSARY,treasure6thanniversary,,,,,,
2026-08-07T10:56:19.113600+00:00,20260807-105619,https://trends24.in/indonesia/,Fri Aug 07 2026 09:09:24 GMT+0000 (Coordinated Universal Time),38,#RedKiss_EMIBONNIE,redkiss_emibonnie,,,,,,
2026-08-07T10:56:19.113600+00:00,20260807-105619,https://trends24.in/indonesia/,Fri Aug 07 2026 09:09:24 GMT+0000 (Coordinated Universal Time),39,#est_rvp,est_rvp,,,,,,
2026-08-07T10:56:19.113600+00:00,20260807-105619,https://trends24.in/indonesia/,Fri Aug 07 2026 09:09:24 GMT+0000 (Coordinated Universal Time),40,#Arc20TheUnveiledSanctuary,arc20theunveiledsanctuary,,,,,,
2026-08-07T10:56:19.113600+00:00,20260807-105619,https://trends24.in/indonesia/,Fri Aug 07 2026 09:09:24 GMT+0000 (Coordinated Universal Time),41,#ManageGeminiFourthBetter,managegeminifourthbetter,,,,,,
2026-08-07T10:56:19.113600+00:00,20260807-105619,https://trends24.in/indonesia/,Fri Aug 07 2026 09:09:24 GMT+0000 (Coordinated Universal Time),42,#GmmTreatGeminiBetter,gmmtreatgeminibetter,,,,,,
2026-08-07T10:56:19.113600+00:00,20260807-105619,https://trends24.in/indonesia/,Fri Aug 07 2026 09:09:24 GMT+0000 (Coordinated Universal Time),43,#ì¤í¸ë ì´í¤ì¦,ì¤í¸ë ì´í¤ì¦,,,,,,
2026-08-07T10:56:19.113600+00:00,20260807-105619,https://trends24.in/indonesia/,Fri Aug 07 2026 09:09:24 GMT+0000 (Coordinated Universal Time),44,#StrayKids,straykids,,,,,,
2026-08-07T10:56:19.113600+00:00,20260807-105619,https://trends24.in/indonesia/,Fri Aug 07 2026 09:09:24 GMT+0000 (Coordinated Universal Time),45,#MelayaniSepenuhHati,melayanisepenuhhati,,,,,,
2026-08-07T10:56:19.113600+00:00,20260807-105619,https://trends24.in/indonesia/,Fri Aug 07 2026 09:09:24 GMT+0000 (Coordinated Universal Time),46,#PYPD_IN_NEWYORK,pypd_in_newyork,,,,,,
2026-08-07T10:56:19.113600+00:00,20260807-105619,https://trends24.in/indonesia/,Fri Aug 07 2026 09:09:24 GMT+0000 (Coordinated Universal Time),47,#All_I_Wanna_do,all_i_wanna_do,,,,,,
2026-08-07T10:56:19.113600+00:00,20260807-105619,https://trends24.in/indonesia/,Fri Aug 07 2026 09:09:24 GMT+0000 (Coordinated Universal Time),48,#ìëì_9ì£¼ë_ì¶íí´,ìëì_9ì£¼ë _ì¶íí´,,,,,,
2026-08-07T10:56:19.113600+00:00,20260807-105619,https://trends24.in/indonesia/,Fri Aug 07 2026 08:18:35 GMT+0000 (Coordinated Universal Time),1,Ribuan Titik KePelosok,ribuan titik kepelosok,,,,,,
2026-08-07T10:56:19.113600+00:00,20260807-105619,https://trends24.in/indonesia/,Fri Aug 07 2026 08:18:35 GMT+0000 (Coordinated Universal Time),2,#BiskuitBetter,biskuitbetter,,,,,,
2026-08-07T10:56:19.113600+00:00,20260807-105619,https://trends24.in/indonesia/,Fri Aug 07 2026 08:18:35 GMT+0000 (Coordinated Universal Time),3,#HarqeelDeserveBetter,harqeeldeservebetter,,,,,,
2026-08-07T10:56:19.113600+00:00,20260807-105619,https://trends24.in/indonesia/,Fri Aug 07 2026 08:18:35 GMT+0000 (Coordinated Universal Time),4,#EnaknyaSusahdiCut,enaknyasusahdicut,,,,,,
2026-08-07T10:56:19.113600+00:00,20260807-105619,https://trends24.in/indonesia/,Fri Aug 07 2026 08:18:35 GMT+0000 (Coordinated Universal Time),5,#JuniorMarkConcertD1,juniormarkconcertd1,,,,,,
2026-08-07T10:56:19.113600+00:00,20260807-105619,https://trends24.in/indonesia/,Fri Aug 07 2026 08:18:35 GMT+0000 (Coordinated Universal Time),6,JUNIORMARK ONCE SUNNYMOON,juniormark once sunnymoon,,,,,,
2026-08-07T10:56:19.113600+00:00,20260807-105619,https://trends24.in/indonesia/,Fri Aug 07 2026 08:18:35 GMT+0000 (Coordinated Universal Time),7,#TebakSkorMW,tebakskormw,,,,,,
2026-08-07T10:56:19.113600+00:00,20260807-105619,https://trends24.in/indonesia/,Fri Aug 07 2026 08:18:35 GMT+0000 (Coordinated Universal Time),8,EST AT SATUR FLAGSHIP,est at satur flagship,,,,,,
2026-08-07T10:56:19.113600+00:00,20260807-105619,https://trends24.in/indonesia/,Fri Aug 07 2026 08:18:35 GMT+0000 (Coordinated Universal Time),9,SKZ THIS AND THAT DAY,skz this and that day,,,,,,
2026-08-07T10:56:19.113600+00:00,20260807-105619,https://trends24.in/indonesia/,Fri Aug 07 2026 08:18:35 GMT+0000 (Coordinated Universal Time),10,Jumat,jumat,,,,,,
2026-08-07T10:56:19.113600+00:00,20260807-105619,https://trends24.in/indonesia/,Fri Aug 07 2026 08:18:35 GMT+0000 (Coordinated Universal Time),11,Johnny,johnny,,,,,,
2026-08-07T10:56:19.113600+00:00,20260807-105619,https://trends24.in/indonesia/,Fri Aug 07 2026 08:18:35 GMT+0000 (Coordinated Universal Time),12,GMMTV RESPECT GEMINIFOURTH,gmmtv respect geminifourth,,,,,,
2026-08-07T10:56:19.113600+00:00,20260807-105619,https://trends24.in/indonesia/,Fri Aug 07 2026 08:18:35 GMT+0000 (Coordinated Universal Time),13,After You,after you,,,,,,
2026-08-07T10:56:19.113600+00:00,20260807-105619,https://trends24.in/indonesia/,Fri Aug 07 2026 08:18:35 GMT+0000 (Coordinated Universal Time),14,BRIN,brin,,,,,,
2026-08-07T10:56:19.113600+00:00,20260807-105619,https://trends24.in/indonesia/,Fri Aug 07 2026 08:18:35 GMT+0000 (Coordinated Universal Time),15,Optimis,optimis,,,,,,
2026-08-07T10:56:19.113600+00:00,20260807-105619,https://trends24.in/indonesia/,Fri Aug 07 2026 08:18:35 GMT+0000 (Coordinated Universal Time),16,I Do,i do,,,,,,
2026-08-07T10:56:19.113600+00:00,20260807-105619,https://trends24.in/indonesia/,Fri Aug 07 2026 08:18:35 GMT+0000 (Coordinated Universal Time),17,MOOMIN X RENJUN,moomin x renjun,,,,,,
2026-08-07T10:56:19.113600+00:00,20260807-105619,https://trends24.in/indonesia/,Fri Aug 07 2026 08:18:35 GMT+0000 (Coordinated Universal Time),18,RSCM,rscm,,,,,,
2026-08-07T10:56:19.113600+00:00,20260807-105619,https://trends24.in/indonesia/,Fri Aug 07 2026 08:18:35 GMT+0000 (Coordinated Universal Time),19,Koperasi Desa,koperasi desa,,,,,,
2026-08-07T10:56:19.113600+00:00,20260807-105619,https://trends24.in/indonesia/,Fri Aug 07 2026 08:18:35 GMT+0000 (Coordinated Universal Time),20,ARTMS,artms,,,,,,
2026-08-07T10:56:19.113600+00:00,20260807-105619,https://trends24.in/indonesia/,Fri Aug 07 2026 08:18:35 GMT+0000 (Coordinated Universal Time),21,Pos Indonesia,pos indonesia,,,,,,
2026-08-07T10:56:19.113600+00:00,20260807-105619,https://trends24.in/indonesia/,Fri Aug 07 2026 08:18:35 GMT+0000 (Coordinated Universal Time),22,Happy 6th Anniversary,happy 6th anniversary,,,,,,
2026-08-07T10:56:19.113600+00:00,20260807-105619,https://trends24.in/indonesia/,Fri Aug 07 2026 08:18:35 GMT+0000 (Coordinated Universal Time),23,CAT 1,cat 1,,,,,,
2026-08-07T10:56:19.113600+00:00,20260807-105619,https://trends24.in/indonesia/,Fri Aug 07 2026 08:18:35 GMT+0000 (Coordinated Universal Time),24,#maganghub,maganghub,,,,,,
2026-08-07T10:56:19.113600+00:00,20260807-105619,https://trends24.in/indonesia/,Fri Aug 07 2026 08:18:35 GMT+0000 (Coordinated Universal Time),25,#ESTWITHMYSATUR,estwithmysatur,,,,,,
2026-08-07T10:56:19.113600+00:00,20260807-105619,https://trends24.in/indonesia/,Fri Aug 07 2026 08:18:35 GMT+0000 (Coordinated Universal Time),26,#GMMTVFanfestInMacau2026,gmmtvfanfestinmacau2026,,,,,,
2026-08-07T10:56:19.113600+00:00,20260807-105619,https://trends24.in/indonesia/,Fri Aug 07 2026 08:18:35 GMT+0000 (Coordinated Universal Time),27,#This_And_That,this_and_that,,,,,,
2026-08-07T10:56:19.113600+00:00,20260807-105619,https://trends24.in/indonesia/,Fri Aug 07 2026 08:18:35 GMT+0000 (Coordinated Universal Time),28,#BitgetFanStory,bitgetfanstory,,,,,,
2026-08-07T10:56:19.113600+00:00,20260807-105619,https://trends24.in/indonesia/,Fri Aug 07 2026 08:18:35 GMT+0000 (Coordinated Universal Time),29,#KaryaDesaBerdaya,karyadesaberdaya,,,,,,
2026-08-07T10:56:19.113600+00:00,20260807-105619,https://trends24.in/indonesia/,Fri Aug 07 2026 08:18:35 GMT+0000 (Coordinated Universal Time),30,#KerjasamaBUMDesaKDMPKWT,kerjasamabumdesakdmpkwt,,,,,,
2026-08-07T10:56:19.113600+00:00,20260807-105619,https://trends24.in/indonesia/,Fri Aug 07 2026 08:18:35 GMT+0000 (Coordinated Universal Time),31,#THISë_THATë_ì¤í¤ì¦,thisë_thatë_ì¤í¤ì¦,,,,,,
2026-08-07T10:56:19.113600+00:00,20260807-105619,https://trends24.in/indonesia/,Fri Aug 07 2026 08:18:35 GMT+0000 (Coordinated Universal Time),32,#sociotizer,sociotizer,,,,,,
2026-08-07T10:56:19.113600+00:00,20260807-105619,https://trends24.in/indonesia/,Fri Aug 07 2026 08:18:35 GMT+0000 (Coordinated Universal Time),33,#KetahananPangan,ketahananpangan,,,,,,
2026-08-07T10:56:19.113600+00:00,20260807-105619,https://trends24.in/indonesia/,Fri Aug 07 2026 08:18:35 GMT+0000 (Coordinated Universal Time),34,#TREASURE6thANNIVERSARY,treasure6thanniversary,,,,,,
2026-08-07T10:56:19.113600+00:00,20260807-105619,https://trends24.in/indonesia/,Fri Aug 07 2026 08:18:35 GMT+0000 (Coordinated Universal Time),35,#ManageGeminiFourthBetter,managegeminifourthbetter,,,,,,
2026-08-07T10:56:19.113600+00:00,20260807-105619,https://trends24.in/indonesia/,Fri Aug 07 2026 08:18:35 GMT+0000 (Coordinated Universal Time),36,#Arc20TheUnveiledSanctuary,arc20theunveiledsanctuary,,,,,,
2026-08-07T10:56:19.113600+00:00,20260807-105619,https://trends24.in/indonesia/,Fri Aug 07 2026 08:18:35 GMT+0000 (Coordinated Universal Time),37,#ì¤í¸ë ì´í¤ì¦,ì¤í¸ë ì´í¤ì¦,,,,,,
2026-08-07T10:56:19.113600+00:00,20260807-105619,https://trends24.in/indonesia/,Fri Aug 07 2026 08:18:35 GMT+0000 (Coordinated Universal Time),38,#GmmTreatGeminiBetter,gmmtreatgeminibetter,,,,,,
2026-08-07T10:56:19.113600+00:00,20260807-105619,https://trends24.in/indonesia/,Fri Aug 07 2026 08:18:35 GMT+0000 (Coordinated Universal Time),39,#StrayKids,straykids,,,,,,
2026-08-07T10:56:19.113600+00:00,20260807-105619,https://trends24.in/indonesia/,Fri Aug 07 2026 08:18:35 GMT+0000 (Coordinated Universal Time),40,#est_rvp,est_rvp,,,,,,
2026-08-07T10:56:19.113600+00:00,20260807-105619,https://trends24.in/indonesia/,Fri Aug 07 2026 08:18:35 GMT+0000 (Coordinated Universal Time),41,#MelayaniSepenuhHati,melayanisepenuhhati,,,,,,
2026-08-07T10:56:19.113600+00:00,20260807-105619,https://trends24.in/indonesia/,Fri Aug 07 2026 08:18:35 GMT+0000 (Coordinated Universal Time),42,#JinxELLEKorea,jinxellekorea,,,,,,
2026-08-07T10:56:19.113600+00:00,20260807-105619,https://trends24.in/indonesia/,Fri Aug 07 2026 08:18:35 GMT+0000 (Coordinated Universal Time),43,#PYPD_IN_NEWYORK,pypd_in_newyork,,,,,,
2026-08-07T10:56:19.113600+00:00,20260807-105619,https://trends24.in/indonesia/,Fri Aug 07 2026 08:18:35 GMT+0000 (Coordinated Universal Time),44,#KeonhoCastHisSpell,keonhocasthisspell,,,,,,
2026-08-07T10:56:19.113600+00:00,20260807-105619,https://trends24.in/indonesia/,Fri Aug 07 2026 08:18:35 GMT+0000 (Coordinated Universal Time),45,#JinxFREDJewelry,jinxfredjewelry,,,,,,
2026-08-07T10:56:19.113600+00:00,20260807-105619,https://trends24.in/indonesia/,Fri Aug 07 2026 08:18:35 GMT+0000 (Coordinated Universal Time),46,#All_I_Wanna_do,all_i_wanna_do,,,,,,
2026-08-07T10:56:19.113600+00:00,20260807-105619,https://trends24.in/indonesia/,Fri Aug 07 2026 08:18:35 GMT+0000 (Coordinated Universal Time),47,#ìëì_9ì£¼ë_ì¶íí´,ìëì_9ì£¼ë _ì¶íí´,,,,,,
2026-08-07T10:56:19.113600+00:00,20260807-105619,https://trends24.in/indonesia/,Fri Aug 07 2026 07:24:35 GMT+0000 (Coordinated Universal Time),1,Ribuan Titik KePelosok,ribuan titik kepelosok,,,,,,
2026-08-07T10:56:19.113600+00:00,20260807-105619,https://trends24.in/indonesia/,Fri Aug 07 2026 07:24:35 GMT+0000 (Coordinated Universal Time),2,#BiskuitBetter,biskuitbetter,,,,,,
2026-08-07T10:56:19.113600+00:00,20260807-105619,https://trends24.in/indonesia/,Fri Aug 07 2026 07:24:35 GMT+0000 (Coordinated Universal Time),3,#EnaknyaSusahdiCut,enaknyasusahdicut,,,,,,
2026-08-07T10:56:19.113600+00:00,20260807-105619,https://trends24.in/indonesia/,Fri Aug 07 2026 07:24:35 GMT+0000 (Coordinated Universal Time),4,#HarqeelDeserveBetter,harqeeldeservebetter,,,,,,
2026-08-07T10:56:19.113600+00:00,20260807-105619,https://trends24.in/indonesia/,Fri Aug 07 2026 07:24:35 GMT+0000 (Coordinated Universal Time),5,#JuniorMarkConcertD1,juniormarkconcertd1,,,,,,
2026-08-07T10:56:19.113600+00:00,20260807-105619,https://trends24.in/indonesia/,Fri Aug 07 2026 07:24:35 GMT+0000 (Coordinated Universal Time),6,JUNIORMARK ONCE SUNNYMOON,juniormark once sunnymoon,,,,,,
2026-08-07T10:56:19.113600+00:00,20260807-105619,https://trends24.in/indonesia/,Fri Aug 07 2026 07:24:35 GMT+0000 (Coordinated Universal Time),7,#This_And_That,this_and_that,,,,,,
2026-08-07T10:56:19.113600+00:00,20260807-105619,https://trends24.in/indonesia/,Fri Aug 07 2026 07:24:35 GMT+0000 (Coordinated Universal Time),8,Jumat,jumat,,,,,,
2026-08-07T10:56:19.113600+00:00,20260807-105619,https://trends24.in/indonesia/,Fri Aug 07 2026 07:24:35 GMT+0000 (Coordinated Universal Time),9,SKZ THIS AND THAT DAY,skz this and that day,,,,,,
2026-08-07T10:56:19.113600+00:00,20260807-105619,https://trends24.in/indonesia/,Fri Aug 07 2026 07:24:35 GMT+0000 (Coordinated Universal Time),10,Johnny,johnny,,,,,,
2026-08-07T10:56:19.113600+00:00,20260807-105619,https://trends24.in/indonesia/,Fri Aug 07 2026 07:24:35 GMT+0000 (Coordinated Universal Time),11,GMMTV RESPECT GEMINIFOURTH,gmmtv respect geminifourth,,,,,,
2026-08-07T10:56:19.113600+00:00,20260807-105619,https://trends24.in/indonesia/,Fri Aug 07 2026 07:24:35 GMT+0000 (Coordinated Universal Time),12,After You,after you,,,,,,
2026-08-07T10:56:19.113600+00:00,20260807-105619,https://trends24.in/indonesia/,Fri Aug 07 2026 07:24:35 GMT+0000 (Coordinated Universal Time),13,I Do,i do,,,,,,
2026-08-07T10:56:19.113600+00:00,20260807-105619,https://trends24.in/indonesia/,Fri Aug 07 2026 07:24:35 GMT+0000 (Coordinated Universal Time),14,MOOMIN X RENJUN,moomin x renjun,,,,,,
2026-08-07T10:56:19.113600+00:00,20260807-105619,https://trends24.in/indonesia/,Fri Aug 07 2026 07:24:35 GMT+0000 (Coordinated Universal Time),15,BRIN,brin,,,,,,
2026-08-07T10:56:19.113600+00:00,20260807-105619,https://trends24.in/indonesia/,Fri Aug 07 2026 07:24:35 GMT+0000 (Coordinated Universal Time),16,RSCM,rscm,,,,,,
2026-08-07T10:56:19.113600+00:00,20260807-105619,https://trends24.in/indonesia/,Fri Aug 07 2026 07:24:35 GMT+0000 (Coordinated Universal Time),17,Pos Indonesia,pos indonesia,,,,,,
2026-08-07T10:56:19.113600+00:00,20260807-105619,https://trends24.in/indonesia/,Fri Aug 07 2026 07:24:35 GMT+0000 (Coordinated Universal Time),18,JIN FOR ELLE KOREA,jin for elle korea,,,,,,
2026-08-07T10:56:19.113600+00:00,20260807-105619,https://trends24.in/indonesia/,Fri Aug 07 2026 07:24:35 GMT+0000 (Coordinated Universal Time),19,ARTMS,artms,,,,,,
2026-08-07T10:56:19.113600+00:00,20260807-105619,https://trends24.in/indonesia/,Fri Aug 07 2026 07:24:35 GMT+0000 (Coordinated Universal Time),20,MAKE IT RIGHT,make it right,,,,,,
2026-08-07T10:56:19.113600+00:00,20260807-105619,https://trends24.in/indonesia/,Fri Aug 07 2026 07:24:35 GMT+0000 (Coordinated Universal Time),21,KEONHO ECHOES THROUGH NYC,keonho echoes through nyc,,,,,,
2026-08-07T10:56:19.113600+00:00,20260807-105619,https://trends24.in/indonesia/,Fri Aug 07 2026 07:24:35 GMT+0000 (Coordinated Universal Time),22,Koperasi Desa,koperasi desa,,,,,,
2026-08-07T10:56:19.113600+00:00,20260807-105619,https://trends24.in/indonesia/,Fri Aug 07 2026 07:24:35 GMT+0000 (Coordinated Universal Time),23,Happy 6th Anniversary,happy 6th anniversary,,,,,,
2026-08-07T10:56:19.113600+00:00,20260807-105619,https://trends24.in/indonesia/,Fri Aug 07 2026 07:24:35 GMT+0000 (Coordinated Universal Time),24,Onana,onana,,,,,,
2026-08-07T10:56:19.113600+00:00,20260807-105619,https://trends24.in/indonesia/,Fri Aug 07 2026 07:24:35 GMT+0000 (Coordinated Universal Time),25,#TebakSkorMW,tebakskormw,,,,,,
2026-08-07T10:56:19.113600+00:00,20260807-105619,https://trends24.in/indonesia/,Fri Aug 07 2026 07:24:35 GMT+0000 (Coordinated Universal Time),26,#ESTWITHMYSATUR,estwithmysatur,,,,,,
2026-08-07T10:56:19.113600+00:00,20260807-105619,https://trends24.in/indonesia/,Fri Aug 07 2026 07:24:35 GMT+0000 (Coordinated Universal Time),27,#THISë_THATë_ì¤í¤ì¦,thisë_thatë_ì¤í¤ì¦,,,,,,
2026-08-07T10:56:19.113600+00:00,20260807-105619,https://trends24.in/indonesia/,Fri Aug 07 2026 07:24:35 GMT+0000 (Coordinated Universal Time),28,#ManageGeminiFourthBetter,managegeminifourthbetter,,,,,,
2026-08-07T10:56:19.113600+00:00,20260807-105619,https://trends24.in/indonesia/,Fri Aug 07 2026 07:24:35 GMT+0000 (Coordinated Universal Time),29,#KaryaDesaBerdaya,karyadesaberdaya,,,,,,
2026-08-07T10:56:19.113600+00:00,20260807-105619,https://trends24.in/indonesia/,Fri Aug 07 2026 07:24:35 GMT+0000 (Coordinated Universal Time),30,#sociotizer,sociotizer,,,,,,
2026-08-07T10:56:19.113600+00:00,20260807-105619,https://trends24.in/indonesia/,Fri Aug 07 2026 07:24:35 GMT+0000 (Coordinated Universal Time),31,#KerjasamaBUMDesaKDMPKWT,kerjasamabumdesakdmpkwt,,,,,,
2026-08-07T10:56:19.113600+00:00,20260807-105619,https://trends24.in/indonesia/,Fri Aug 07 2026 07:24:35 GMT+0000 (Coordinated Universal Time),32,#KetahananPangan,ketahananpangan,,,,,,
2026-08-07T10:56:19.113600+00:00,20260807-105619,https://trends24.in/indonesia/,Fri Aug 07 2026 07:24:35 GMT+0000 (Coordinated Universal Time),33,#TREASURE6thANNIVERSARY,treasure6thanniversary,,,,,,
2026-08-07T10:56:19.113600+00:00,20260807-105619,https://trends24.in/indonesia/,Fri Aug 07 2026 07:24:35 GMT+0000 (Coordinated Universal Time),34,#MelayaniSepenuhHati,melayanisepenuhhati,,,,,,
2026-08-07T10:56:19.113600+00:00,20260807-105619,https://trends24.in/indonesia/,Fri Aug 07 2026 07:24:35 GMT+0000 (Coordinated Universal Time),35,#ì¤í¸ë ì´í¤ì¦,ì¤í¸ë ì´í¤ì¦,,,,,,
2026-08-07T10:56:19.113600+00:00,20260807-105619,https://trends24.in/indonesia/,Fri Aug 07 2026 07:24:35 GMT+0000 (Coordinated Universal Time),36,#Arc20TheUnveiledSanctuary,arc20theunveiledsanctuary,,,,,,
2026-08-07T10:56:19.113600+00:00,20260807-105619,https://trends24.in/indonesia/,Fri Aug 07 2026 07:24:35 GMT+0000 (Coordinated Universal Time),37,#GmmTreatGeminiBetter,gmmtreatgeminibetter,,,,,,
2026-08-07T10:56:19.113600+00:00,20260807-105619,https://trends24.in/indonesia/,Fri Aug 07 2026 07:24:35 GMT+0000 (Coordinated Universal Time),38,#StrayKids,straykids,,,,,,
2026-08-07T10:56:19.113600+00:00,20260807-105619,https://trends24.in/indonesia/,Fri Aug 07 2026 07:24:35 GMT+0000 (Coordinated Universal Time),39,#PYPD_IN_NEWYORK,pypd_in_newyork,,,,,,
2026-08-07T10:56:19.113600+00:00,20260807-105619,https://trends24.in/indonesia/,Fri Aug 07 2026 07:24:35 GMT+0000 (Coordinated Universal Time),40,#STELLA,stella,,,,,,
2026-08-07T10:56:19.113600+00:00,20260807-105619,https://trends24.in/indonesia/,Fri Aug 07 2026 07:24:35 GMT+0000 (Coordinated Universal Time),41,#FREDJewelry,fredjewelry,,,,,,
2026-08-07T10:56:19.113600+00:00,20260807-105619,https://trends24.in/indonesia/,Fri Aug 07 2026 07:24:35 GMT+0000 (Coordinated Universal Time),42,#KeonhoCastHisSpell,keonhocasthisspell,,,,,,
2026-08-07T10:56:19.113600+00:00,20260807-105619,https://trends24.in/indonesia/,Fri Aug 07 2026 07:24:35 GMT+0000 (Coordinated Universal Time),43,#est_rvp,est_rvp,,,,,,
2026-08-07T10:56:19.113600+00:00,20260807-105619,https://trends24.in/indonesia/,Fri Aug 07 2026 07:24:35 GMT+0000 (Coordinated Universal Time),44,#All_I_Wanna_do,all_i_wanna_do,,,,,,
2026-08-07T10:56:19.113600+00:00,20260807-105619,https://trends24.in/indonesia/,Fri Aug 07 2026 07:24:35 GMT+0000 (Coordinated Universal Time),45,#ìëì_9ì£¼ë_ì¶íí´,ìëì_9ì£¼ë _ì¶íí´,,,,,,
2026-08-07T10:56:19.113600+00:00,20260807-105619,https://trends24.in/indonesia/,Fri Aug 07 2026 07:24:24 GMT+0000 (Coordinated Universal Time),1,Ribuan Titik KePelosok,ribuan titik kepelosok,,,,,,
2026-08-07T10:56:19.113600+00:00,20260807-105619,https://trends24.in/indonesia/,Fri Aug 07 2026 07:24:24 GMT+0000 (Coordinated Universal Time),2,#BiskuitBetter,biskuitbetter,,,,,,
2026-08-07T10:56:19.113600+00:00,20260807-105619,https://trends24.in/indonesia/,Fri Aug 07 2026 07:24:24 GMT+0000 (Coordinated Universal Time),3,#EnaknyaSusahdiCut,enaknyasusahdicut,,,,,,
2026-08-07T10:56:19.113600+00:00,20260807-105619,https://trends24.in/indonesia/,Fri Aug 07 2026 07:24:24 GMT+0000 (Coordinated Universal Time),4,#HarqeelDeserveBetter,harqeeldeservebetter,,,,,,
2026-08-07T10:56:19.113600+00:00,20260807-105619,https://trends24.in/indonesia/,Fri Aug 07 2026 07:24:24 GMT+0000 (Coordinated Universal Time),5,#JuniorMarkConcertD1,juniormarkconcertd1,,,,,,
2026-08-07T10:56:19.113600+00:00,20260807-105619,https://trends24.in/indonesia/,Fri Aug 07 2026 07:24:24 GMT+0000 (Coordinated Universal Time),6,JUNIORMARK ONCE SUNNYMOON,juniormark once sunnymoon,,,,,,
2026-08-07T10:56:19.113600+00:00,20260807-105619,https://trends24.in/indonesia/,Fri Aug 07 2026 07:24:24 GMT+0000 (Coordinated Universal Time),7,#This_And_That,this_and_that,,,,,,
2026-08-07T10:56:19.113600+00:00,20260807-105619,https://trends24.in/indonesia/,Fri Aug 07 2026 07:24:24 GMT+0000 (Coordinated Universal Time),8,Jumat,jumat,,,,,,
2026-08-07T10:56:19.113600+00:00,20260807-105619,https://trends24.in/indonesia/,Fri Aug 07 2026 07:24:24 GMT+0000 (Coordinated Universal Time),9,SKZ THIS AND THAT DAY,skz this and that day,,,,,,
2026-08-07T10:56:19.113600+00:00,20260807-105619,https://trends24.in/indonesia/,Fri Aug 07 2026 07:24:24 GMT+0000 (Coordinated Universal Time),10,Johnny,johnny,,,,,,
2026-08-07T10:56:19.113600+00:00,20260807-105619,https://trends24.in/indonesia/,Fri Aug 07 2026 07:24:24 GMT+0000 (Coordinated Universal Time),11,GMMTV RESPECT GEMINIFOURTH,gmmtv respect geminifourth,,,,,,
2026-08-07T10:56:19.113600+00:00,20260807-105619,https://trends24.in/indonesia/,Fri Aug 07 2026 07:24:24 GMT+0000 (Coordinated Universal Time),12,After You,after you,,,,,,
2026-08-07T10:56:19.113600+00:00,20260807-105619,https://trends24.in/indonesia/,Fri Aug 07 2026 07:24:24 GMT+0000 (Coordinated Universal Time),13,I Do,i do,,,,,,
2026-08-07T10:56:19.113600+00:00,20260807-105619,https://trends24.in/indonesia/,Fri Aug 07 2026 07:24:24 GMT+0000 (Coordinated Universal Time),14,MOOMIN X RENJUN,moomin x renjun,,,,,,
2026-08-07T10:56:19.113600+00:00,20260807-105619,https://trends24.in/indonesia/,Fri Aug 07 2026 07:24:24 GMT+0000 (Coordinated Universal Time),15,BRIN,brin,,,,,,
2026-08-07T10:56:19.113600+00:00,20260807-105619,https://trends24.in/indonesia/,Fri Aug 07 2026 07:24:24 GMT+0000 (Coordinated Universal Time),16,RSCM,rscm,,,,,,
2026-08-07T10:56:19.113600+00:00,20260807-105619,https://trends24.in/indonesia/,Fri Aug 07 2026 07:24:24 GMT+0000 (Coordinated Universal Time),17,Pos Indonesia,pos indonesia,,,,,,
2026-08-07T10:56:19.113600+00:00,20260807-105619,https://trends24.in/indonesia/,Fri Aug 07 2026 07:24:24 GMT+0000 (Coordinated Universal Time),18,JIN FOR ELLE KOREA,jin for elle korea,,,,,,
2026-08-07T10:56:19.113600+00:00,20260807-105619,https://trends24.in/indonesia/,Fri Aug 07 2026 07:24:24 GMT+0000 (Coordinated Universal Time),19,ARTMS,artms,,,,,,
2026-08-07T10:56:19.113600+00:00,20260807-105619,https://trends24.in/indonesia/,Fri Aug 07 2026 07:24:24 GMT+0000 (Coordinated Universal Time),20,MAKE IT RIGHT,make it right,,,,,,
2026-08-07T10:56:19.113600+00:00,20260807-105619,https://trends24.in/indonesia/,Fri Aug 07 2026 07:24:24 GMT+0000 (Coordinated Universal Time),21,KEONHO ECHOES THROUGH NYC,keonho echoes through nyc,,,,,,
2026-08-07T10:56:19.113600+00:00,20260807-105619,https://trends24.in/indonesia/,Fri Aug 07 2026 07:24:24 GMT+0000 (Coordinated Universal Time),22,Koperasi Desa,koperasi desa,,,,,,
2026-08-07T10:56:19.113600+00:00,20260807-105619,https://trends24.in/indonesia/,Fri Aug 07 2026 07:24:24 GMT+0000 (Coordinated Universal Time),23,Happy 6th Anniversary,happy 6th anniversary,,,,,,
2026-08-07T10:56:19.113600+00:00,20260807-105619,https://trends24.in/indonesia/,Fri Aug 07 2026 07:24:24 GMT+0000 (Coordinated Universal Time),24,Onana,onana,,,,,,
2026-08-07T10:56:19.113600+00:00,20260807-105619,https://trends24.in/indonesia/,Fri Aug 07 2026 07:24:24 GMT+0000 (Coordinated Universal Time),25,#TebakSkorMW,tebakskormw,,,,,,
2026-08-07T10:56:19.113600+00:00,20260807-105619,https://trends24.in/indonesia/,Fri Aug 07 2026 07:24:24 GMT+0000 (Coordinated Universal Time),26,#ESTWITHMYSATUR,estwithmysatur,,,,,,
2026-08-07T10:56:19.113600+00:00,20260807-105619,https://trends24.in/indonesia/,Fri Aug 07 2026 07:24:24 GMT+0000 (Coordinated Universal Time),27,#THISë_THATë_ì¤í¤ì¦,thisë_thatë_ì¤í¤ì¦,,,,,,
2026-08-07T10:56:19.113600+00:00,20260807-105619,https://trends24.in/indonesia/,Fri Aug 07 2026 07:24:24 GMT+0000 (Coordinated Universal Time),28,#ManageGeminiFourthBetter,managegeminifourthbetter,,,,,,
2026-08-07T10:56:19.113600+00:00,20260807-105619,https://trends24.in/indonesia/,Fri Aug 07 2026 07:24:24 GMT+0000 (Coordinated Universal Time),29,#KaryaDesaBerdaya,karyadesaberdaya,,,,,,
2026-08-07T10:56:19.113600+00:00,20260807-105619,https://trends24.in/indonesia/,Fri Aug 07 2026 07:24:24 GMT+0000 (Coordinated Universal Time),30,#sociotizer,sociotizer,,,,,,
2026-08-07T10:56:19.113600+00:00,20260807-105619,https://trends24.in/indonesia/,Fri Aug 07 2026 07:24:24 GMT+0000 (Coordinated Universal Time),31,#KerjasamaBUMDesaKDMPKWT,kerjasamabumdesakdmpkwt,,,,,,
2026-08-07T10:56:19.113600+00:00,20260807-105619,https://trends24.in/indonesia/,Fri Aug 07 2026 07:24:24 GMT+0000 (Coordinated Universal Time),32,#KetahananPangan,ketahananpangan,,,,,,
2026-08-07T10:56:19.113600+00:00,20260807-105619,https://trends24.in/indonesia/,Fri Aug 07 2026 07:24:24 GMT+0000 (Coordinated Universal Time),33,#TREASURE6thANNIVERSARY,treasure6thanniversary,,,,,,
2026-08-07T10:56:19.113600+00:00,20260807-105619,https://trends24.in/indonesia/,Fri Aug 07 2026 07:24:24 GMT+0000 (Coordinated Universal Time),34,#MelayaniSepenuhHati,melayanisepenuhhati,,,,,,
2026-08-07T10:56:19.113600+00:00,20260807-105619,https://trends24.in/indonesia/,Fri Aug 07 2026 07:24:24 GMT+0000 (Coordinated Universal Time),35,#ì¤í¸ë ì´í¤ì¦,ì¤í¸ë ì´í¤ì¦,,,,,,
2026-08-07T10:56:19.113600+00:00,20260807-105619,https://trends24.in/indonesia/,Fri Aug 07 2026 07:24:24 GMT+0000 (Coordinated Universal Time),36,#Arc20TheUnveiledSanctuary,arc20theunveiledsanctuary,,,,,,
2026-08-07T10:56:19.113600+00:00,20260807-105619,https://trends24.in/indonesia/,Fri Aug 07 2026 07:24:24 GMT+0000 (Coordinated Universal Time),37,#GmmTreatGeminiBetter,gmmtreatgeminibetter,,,,,,
2026-08-07T10:56:19.113600+00:00,20260807-105619,https://trends24.in/indonesia/,Fri Aug 07 2026 07:24:24 GMT+0000 (Coordinated Universal Time),38,#StrayKids,straykids,,,,,,
2026-08-07T10:56:19.113600+00:00,20260807-105619,https://trends24.in/indonesia/,Fri Aug 07 2026 07:24:24 GMT+0000 (Coordinated Universal Time),39,#PYPD_IN_NEWYORK,pypd_in_newyork,,,,,,
2026-08-07T10:56:19.113600+00:00,20260807-105619,https://trends24.in/indonesia/,Fri Aug 07 2026 07:24:24 GMT+0000 (Coordinated Universal Time),40,#STELLA,stella,,,,,,
2026-08-07T10:56:19.113600+00:00,20260807-105619,https://trends24.in/indonesia/,Fri Aug 07 2026 07:24:24 GMT+0000 (Coordinated Universal Time),41,#FREDJewelry,fredjewelry,,,,,,
2026-08-07T10:56:19.113600+00:00,20260807-105619,https://trends24.in/indonesia/,Fri Aug 07 2026 07:24:24 GMT+0000 (Coordinated Universal Time),42,#KeonhoCastHisSpell,keonhocasthisspell,,,,,,
2026-08-07T10:56:19.113600+00:00,20260807-105619,https://trends24.in/indonesia/,Fri Aug 07 2026 07:24:24 GMT+0000 (Coordinated Universal Time),43,#All_I_Wanna_do,all_i_wanna_do,,,,,,
2026-08-07T10:56:19.113600+00:00,20260807-105619,https://trends24.in/indonesia/,Fri Aug 07 2026 07:24:24 GMT+0000 (Coordinated Universal Time),44,#ìëì_9ì£¼ë_ì¶íí´,ìëì_9ì£¼ë _ì¶íí´,,,,,,
2026-08-07T10:56:19.113600+00:00,20260807-105619,https://trends24.in/indonesia/,Fri Aug 07 2026 06:32:16 GMT+0000 (Coordinated Universal Time),1,Ribuan Titik KePelosok,ribuan titik kepelosok,,,,,,
2026-08-07T10:56:19.113600+00:00,20260807-105619,https://trends24.in/indonesia/,Fri Aug 07 2026 06:32:16 GMT+0000 (Coordinated Universal Time),2,#JuniorMarkConcertD1,juniormarkconcertd1,,,,,,
2026-08-07T10:56:19.113600+00:00,20260807-105619,https://trends24.in/indonesia/,Fri Aug 07 2026 06:32:16 GMT+0000 (Coordinated Universal Time),3,#This_And_That,this_and_that,,,,,,
2026-08-07T10:56:19.113600+00:00,20260807-105619,https://trends24.in/indonesia/,Fri Aug 07 2026 06:32:16 GMT+0000 (Coordinated Universal Time),4,JUNIORMARK ONCE SUNNYMOON,juniormark once sunnymoon,,,,,,
2026-08-07T10:56:19.113600+00:00,20260807-105619,https://trends24.in/indonesia/,Fri Aug 07 2026 06:32:16 GMT+0000 (Coordinated Universal Time),5,#BiskuitBetter,biskuitbetter,,,,,,
2026-08-07T10:56:19.113600+00:00,20260807-105619,https://trends24.in/indonesia/,Fri Aug 07 2026 06:32:16 GMT+0000 (Coordinated Universal Time),6,#EnaknyaSusahdiCut,enaknyasusahdicut,,,,,,
2026-08-07T10:56:19.113600+00:00,20260807-105619,https://trends24.in/indonesia/,Fri Aug 07 2026 06:32:16 GMT+0000 (Coordinated Universal Time),7,#HarqeelDeserveBetter,harqeeldeservebetter,,,,,,
2026-08-07T10:56:19.113600+00:00,20260807-105619,https://trends24.in/indonesia/,Fri Aug 07 2026 06:32:16 GMT+0000 (Coordinated Universal Time),8,Jumat,jumat,,,,,,
2026-08-07T10:56:19.113600+00:00,20260807-105619,https://trends24.in/indonesia/,Fri Aug 07 2026 06:32:16 GMT+0000 (Coordinated Universal Time),9,SKZ THIS AND THAT DAY,skz this and that day,,,,,,
2026-08-07T10:56:19.113600+00:00,20260807-105619,https://trends24.in/indonesia/,Fri Aug 07 2026 06:32:16 GMT+0000 (Coordinated Universal Time),10,GMMTV RESPECT GEMINIFOURTH,gmmtv respect geminifourth,,,,,,
2026-08-07T10:56:19.113600+00:00,20260807-105619,https://trends24.in/indonesia/,Fri Aug 07 2026 06:32:16 GMT+0000 (Coordinated Universal Time),11,Pos Indonesia,pos indonesia,,,,,,
2026-08-07T10:56:19.113600+00:00,20260807-105619,https://trends24.in/indonesia/,Fri Aug 07 2026 06:32:16 GMT+0000 (Coordinated Universal Time),12,Johnny,johnny,,,,,,
2026-08-07T10:56:19.113600+00:00,20260807-105619,https://trends24.in/indonesia/,Fri Aug 07 2026 06:32:16 GMT+0000 (Coordinated Universal Time),13,After You,after you,,,,,,
2026-08-07T10:56:19.113600+00:00,20260807-105619,https://trends24.in/indonesia/,Fri Aug 07 2026 06:32:16 GMT+0000 (Coordinated Universal Time),14,I Do,i do,,,,,,
2026-08-07T10:56:19.113600+00:00,20260807-105619,https://trends24.in/indonesia/,Fri Aug 07 2026 06:32:16 GMT+0000 (Coordinated Universal Time),15,BRIN,brin,,,,,,
2026-08-07T10:56:19.113600+00:00,20260807-105619,https://trends24.in/indonesia/,Fri Aug 07 2026 06:32:16 GMT+0000 (Coordinated Universal Time),16,RSCM,rscm,,,,,,
2026-08-07T10:56:19.113600+00:00,20260807-105619,https://trends24.in/indonesia/,Fri Aug 07 2026 06:32:16 GMT+0000 (Coordinated Universal Time),17,JIN FOR ELLE KOREA,jin for elle korea,,,,,,
2026-08-07T10:56:19.113600+00:00,20260807-105619,https://trends24.in/indonesia/,Fri Aug 07 2026 06:32:16 GMT+0000 (Coordinated Universal Time),18,MAKE IT RIGHT,make it right,,,,,,
2026-08-07T10:56:19.113600+00:00,20260807-105619,https://trends24.in/indonesia/,Fri Aug 07 2026 06:32:16 GMT+0000 (Coordinated Universal Time),19,MOOMIN X RENJUN,moomin x renjun,,,,,,
2026-08-07T10:56:19.113600+00:00,20260807-105619,https://trends24.in/indonesia/,Fri Aug 07 2026 06:32:16 GMT+0000 (Coordinated Universal Time),20,KEONHO ECHOES THROUGH NYC,keonho echoes through nyc,,,,,,
2026-08-07T10:56:19.113600+00:00,20260807-105619,https://trends24.in/indonesia/,Fri Aug 07 2026 06:32:16 GMT+0000 (Coordinated Universal Time),21,Koperasi Desa,koperasi desa,,,,,,
2026-08-07T10:56:19.113600+00:00,20260807-105619,https://trends24.in/indonesia/,Fri Aug 07 2026 06:32:16 GMT+0000 (Coordinated Universal Time),22,Rodri,rodri,,,,,,
2026-08-07T10:56:19.113600+00:00,20260807-105619,https://trends24.in/indonesia/,Fri Aug 07 2026 06:32:16 GMT+0000 (Coordinated Universal Time),23,Barca,barca,,,,,,
2026-08-07T10:56:19.113600+00:00,20260807-105619,https://trends24.in/indonesia/,Fri Aug 07 2026 06:32:16 GMT+0000 (Coordinated Universal Time),24,Onana,onana,,,,,,
2026-08-07T10:56:19.113600+00:00,20260807-105619,https://trends24.in/indonesia/,Fri Aug 07 2026 06:32:16 GMT+0000 (Coordinated Universal Time),25,7 Agustus,7 agustus,,,,,,
2026-08-07T10:56:19.113600+00:00,20260807-105619,https://trends24.in/indonesia/,Fri Aug 07 2026 06:32:16 GMT+0000 (Coordinated Universal Time),26,Happy 6th,happy 6th,,,,,,
2026-08-07T10:56:19.113600+00:00,20260807-105619,https://trends24.in/indonesia/,Fri Aug 07 2026 06:32:16 GMT+0000 (Coordinated Universal Time),27,Blink,blink,,,,,,
2026-08-07T10:56:19.113600+00:00,20260807-105619,https://trends24.in/indonesia/,Fri Aug 07 2026 06:32:16 GMT+0000 (Coordinated Universal Time),28,#THISë_THATë_ì¤í¤ì¦,thisë_thatë_ì¤í¤ì¦,,,,,,
2026-08-07T10:56:19.113600+00:00,20260807-105619,https://trends24.in/indonesia/,Fri Aug 07 2026 06:32:16 GMT+0000 (Coordinated Universal Time),29,#TebakSkorMW,tebakskormw,,,,,,
2026-08-07T10:56:19.113600+00:00,20260807-105619,https://trends24.in/indonesia/,Fri Aug 07 2026 06:32:16 GMT+0000 (Coordinated Universal Time),30,#ManageGeminiFourthBetter,managegeminifourthbetter,,,,,,
2026-08-07T10:56:19.113600+00:00,20260807-105619,https://trends24.in/indonesia/,Fri Aug 07 2026 06:32:16 GMT+0000 (Coordinated Universal Time),31,#KaryaDesaBerdaya,karyadesaberdaya,,,,,,
2026-08-07T10:56:19.113600+00:00,20260807-105619,https://trends24.in/indonesia/,Fri Aug 07 2026 06:32:16 GMT+0000 (Coordinated Universal Time),32,#sociotizer,sociotizer,,,,,,
2026-08-07T10:56:19.113600+00:00,20260807-105619,https://trends24.in/indonesia/,Fri Aug 07 2026 06:32:16 GMT+0000 (Coordinated Universal Time),33,#KetahananPangan,ketahananpangan,,,,,,
2026-08-07T10:56:19.113600+00:00,20260807-105619,https://trends24.in/indonesia/,Fri Aug 07 2026 06:32:16 GMT+0000 (Coordinated Universal Time),34,#MelayaniSepenuhHati,melayanisepenuhhati,,,,,,
2026-08-07T10:56:19.113600+00:00,20260807-105619,https://trends24.in/indonesia/,Fri Aug 07 2026 06:32:16 GMT+0000 (Coordinated Universal Time),35,#KerjasamaBUMDesaKDMPKWT,kerjasamabumdesakdmpkwt,,,,,,
2026-08-07T10:56:19.113600+00:00,20260807-105619,https://trends24.in/indonesia/,Fri Aug 07 2026 06:32:16 GMT+0000 (Coordinated Universal Time),36,#TREASURE6thANNIVERSARY,treasure6thanniversary,,,,,,
2026-08-07T10:56:19.113600+00:00,20260807-105619,https://trends24.in/indonesia/,Fri Aug 07 2026 06:32:16 GMT+0000 (Coordinated Universal Time),37,#StrayKidsComeback,straykidscomeback,,,,,,
2026-08-07T10:56:19.113600+00:00,20260807-105619,https://trends24.in/indonesia/,Fri Aug 07 2026 06:32:16 GMT+0000 (Coordinated Universal Time),38,#PYPD_IN_NEWYORK,pypd_in_newyork,,,,,,
2026-08-07T10:56:19.113600+00:00,20260807-105619,https://trends24.in/indonesia/,Fri Aug 07 2026 06:32:16 GMT+0000 (Coordinated Universal Time),39,#GmmTreatGeminiBetter,gmmtreatgeminibetter,,,,,,
2026-08-07T10:56:19.113600+00:00,20260807-105619,https://trends24.in/indonesia/,Fri Aug 07 2026 06:32:16 GMT+0000 (Coordinated Universal Time),40,#ì¤í¸ë ì´í¤ì¦,ì¤í¸ë ì´í¤ì¦,,,,,,
2026-08-07T10:56:19.113600+00:00,20260807-105619,https://trends24.in/indonesia/,Fri Aug 07 2026 06:32:16 GMT+0000 (Coordinated Universal Time),41,#STELLA,stella,,,,,,
2026-08-07T10:56:19.113600+00:00,20260807-105619,https://trends24.in/indonesia/,Fri Aug 07 2026 06:32:16 GMT+0000 (Coordinated Universal Time),42,#FREDJewelry,fredjewelry,,,,,,
2026-08-07T10:56:19.113600+00:00,20260807-105619,https://trends24.in/indonesia/,Fri Aug 07 2026 06:32:16 GMT+0000 (Coordinated Universal Time),43,#KeonhoCastHisSpell,keonhocasthisspell,,,,,,
2026-08-07T10:56:19.113600+00:00,20260807-105619,https://trends24.in/indonesia/,Fri Aug 07 2026 06:32:16 GMT+0000 (Coordinated Universal Time),44,#Arc20TheUnveiledSanctuary,arc20theunveiledsanctuary,,,,,,
2026-08-07T10:56:19.113600+00:00,20260807-105619,https://trends24.in/indonesia/,Fri Aug 07 2026 06:32:16 GMT+0000 (Coordinated Universal Time),45,#All_I_Wanna_do,all_i_wanna_do,,,,,,
2026-08-07T10:56:19.113600+00:00,20260807-105619,https://trends24.in/indonesia/,Fri Aug 07 2026 06:32:16 GMT+0000 (Coordinated Universal Time),46,#ìëì_9ì£¼ë_ì¶íí´,ìëì_9ì£¼ë _ì¶íí´,,,,,,
2026-08-07T10:56:19.113600+00:00,20260807-105619,https://trends24.in/indonesia/,Fri Aug 07 2026 05:40:26 GMT+0000 (Coordinated Universal Time),1,#This_And_That,this_and_that,,,,,,
2026-08-07T10:56:19.113600+00:00,20260807-105619,https://trends24.in/indonesia/,Fri Aug 07 2026 05:40:26 GMT+0000 (Coordinated Universal Time),2,#JuniorMarkConcertD1,juniormarkconcertd1,,,,,,
2026-08-07T10:56:19.113600+00:00,20260807-105619,https://trends24.in/indonesia/,Fri Aug 07 2026 05:40:26 GMT+0000 (Coordinated Universal Time),3,JUNIORMARK ONCE SUNNYMOON,juniormark once sunnymoon,,,,,,
2026-08-07T10:56:19.113600+00:00,20260807-105619,https://trends24.in/indonesia/,Fri Aug 07 2026 05:40:26 GMT+0000 (Coordinated Universal Time),4,SKZ THIS AND THAT DAY,skz this and that day,,,,,,
2026-08-07T10:56:19.113600+00:00,20260807-105619,https://trends24.in/indonesia/,Fri Aug 07 2026 05:40:26 GMT+0000 (Coordinated Universal Time),5,#THISë_THATë_ì¤í¤ì¦,thisë_thatë_ì¤í¤ì¦,,,,,,
2026-08-07T10:56:19.113600+00:00,20260807-105619,https://trends24.in/indonesia/,Fri Aug 07 2026 05:40:26 GMT+0000 (Coordinated Universal Time),6,Jumat,jumat,,,,,,
2026-08-07T10:56:19.113600+00:00,20260807-105619,https://trends24.in/indonesia/,Fri Aug 07 2026 05:40:26 GMT+0000 (Coordinated Universal Time),7,#MelayaniSepenuhHati,melayanisepenuhhati,,,,,,
2026-08-07T10:56:19.113600+00:00,20260807-105619,https://trends24.in/indonesia/,Fri Aug 07 2026 05:40:26 GMT+0000 (Coordinated Universal Time),8,#ManageGeminiFourthBetter,managegeminifourthbetter,,,,,,
2026-08-07T10:56:19.113600+00:00,20260807-105619,https://trends24.in/indonesia/,Fri Aug 07 2026 05:40:26 GMT+0000 (Coordinated Universal Time),9,GMMTV RESPECT GEMINIFOURTH,gmmtv respect geminifourth,,,,,,
2026-08-07T10:56:19.113600+00:00,20260807-105619,https://trends24.in/indonesia/,Fri Aug 07 2026 05:40:26 GMT+0000 (Coordinated Universal Time),10,Pos Indonesia,pos indonesia,,,,,,
2026-08-07T10:56:19.113600+00:00,20260807-105619,https://trends24.in/indonesia/,Fri Aug 07 2026 05:40:26 GMT+0000 (Coordinated Universal Time),11,MAKE IT RIGHT,make it right,,,,,,
2026-08-07T10:56:19.113600+00:00,20260807-105619,https://trends24.in/indonesia/,Fri Aug 07 2026 05:40:26 GMT+0000 (Coordinated Universal Time),12,SIXFINITY WITH TREASURE,sixfinity with treasure,,,,,,
2026-08-07T10:56:19.113600+00:00,20260807-105619,https://trends24.in/indonesia/,Fri Aug 07 2026 05:40:26 GMT+0000 (Coordinated Universal Time),13,RSCM,rscm,,,,,,
2026-08-07T10:56:19.113600+00:00,20260807-105619,https://trends24.in/indonesia/,Fri Aug 07 2026 05:40:26 GMT+0000 (Coordinated Universal Time),14,BRIN,brin,,,,,,
2026-08-07T10:56:19.113600+00:00,20260807-105619,https://trends24.in/indonesia/,Fri Aug 07 2026 05:40:26 GMT+0000 (Coordinated Universal Time),15,KEONHO ECHOES THROUGH NYC,keonho echoes through nyc,,,,,,
2026-08-07T10:56:19.113600+00:00,20260807-105619,https://trends24.in/indonesia/,Fri Aug 07 2026 05:40:26 GMT+0000 (Coordinated Universal Time),16,Koperasi Desa,koperasi desa,,,,,,
2026-08-07T10:56:19.113600+00:00,20260807-105619,https://trends24.in/indonesia/,Fri Aug 07 2026 05:40:26 GMT+0000 (Coordinated Universal Time),17,Rodri,rodri,,,,,,
2026-08-07T10:56:19.113600+00:00,20260807-105619,https://trends24.in/indonesia/,Fri Aug 07 2026 05:40:26 GMT+0000 (Coordinated Universal Time),18,Barca,barca,,,,,,
2026-08-07T10:56:19.113600+00:00,20260807-105619,https://trends24.in/indonesia/,Fri Aug 07 2026 05:40:26 GMT+0000 (Coordinated Universal Time),19,Onana,onana,,,,,,
2026-08-07T10:56:19.113600+00:00,20260807-105619,https://trends24.in/indonesia/,Fri Aug 07 2026 05:40:26 GMT+0000 (Coordinated Universal Time),20,MOOMIN X RENJUN,moomin x renjun,,,,,,
2026-08-07T10:56:19.113600+00:00,20260807-105619,https://trends24.in/indonesia/,Fri Aug 07 2026 05:40:26 GMT+0000 (Coordinated Universal Time),21,7 Agustus,7 agustus,,,,,,
2026-08-07T10:56:19.113600+00:00,20260807-105619,https://trends24.in/indonesia/,Fri Aug 07 2026 05:40:26 GMT+0000 (Coordinated Universal Time),22,Happy 6th,happy 6th,,,,,,
2026-08-07T10:56:19.113600+00:00,20260807-105619,https://trends24.in/indonesia/,Fri Aug 07 2026 05:40:26 GMT+0000 (Coordinated Universal Time),23,KALOG Pro,kalog pro,,,,,,
2026-08-07T10:56:19.113600+00:00,20260807-105619,https://trends24.in/indonesia/,Fri Aug 07 2026 05:40:26 GMT+0000 (Coordinated Universal Time),24,blackpink,blackpink,,,,,,
2026-08-07T10:56:19.113600+00:00,20260807-105619,https://trends24.in/indonesia/,Fri Aug 07 2026 05:40:26 GMT+0000 (Coordinated Universal Time),25,KALOG Express,kalog express,,,,,,
2026-08-07T10:56:19.113600+00:00,20260807-105619,https://trends24.in/indonesia/,Fri Aug 07 2026 05:40:26 GMT+0000 (Coordinated Universal Time),26,KALOG Plus,kalog plus,,,,,,
2026-08-07T10:56:19.113600+00:00,20260807-105619,https://trends24.in/indonesia/,Fri Aug 07 2026 05:40:26 GMT+0000 (Coordinated Universal Time),27,Blink,blink,,,,,,
2026-08-07T10:56:19.113600+00:00,20260807-105619,https://trends24.in/indonesia/,Fri Aug 07 2026 05:40:26 GMT+0000 (Coordinated Universal Time),28,#KaryaDesaBerdaya,karyadesaberdaya,,,,,,
2026-08-07T10:56:19.113600+00:00,20260807-105619,https://trends24.in/indonesia/,Fri Aug 07 2026 05:40:26 GMT+0000 (Coordinated Universal Time),29,#PYPD_IN_NEWYORK,pypd_in_newyork,,,,,,
2026-08-07T10:56:19.113600+00:00,20260807-105619,https://trends24.in/indonesia/,Fri Aug 07 2026 05:40:26 GMT+0000 (Coordinated Universal Time),30,#sociotizer,sociotizer,,,,,,
2026-08-07T10:56:19.113600+00:00,20260807-105619,https://trends24.in/indonesia/,Fri Aug 07 2026 05:40:26 GMT+0000 (Coordinated Universal Time),31,#KetahananPangan,ketahananpangan,,,,,,
2026-08-07T10:56:19.113600+00:00,20260807-105619,https://trends24.in/indonesia/,Fri Aug 07 2026 05:40:26 GMT+0000 (Coordinated Universal Time),32,#KerjasamaBUMDesaKDMPKWT,kerjasamabumdesakdmpkwt,,,,,,
2026-08-07T10:56:19.113600+00:00,20260807-105619,https://trends24.in/indonesia/,Fri Aug 07 2026 05:40:26 GMT+0000 (Coordinated Universal Time),33,#TebakSkorMW,tebakskormw,,,,,,
2026-08-07T10:56:19.113600+00:00,20260807-105619,https://trends24.in/indonesia/,Fri Aug 07 2026 05:40:26 GMT+0000 (Coordinated Universal Time),34,#StrayKidsComeback,straykidscomeback,,,,,,
2026-08-07T10:56:19.113600+00:00,20260807-105619,https://trends24.in/indonesia/,Fri Aug 07 2026 05:40:26 GMT+0000 (Coordinated Universal Time),35,#ì¤í¸ë ì´í¤ì¦,ì¤í¸ë ì´í¤ì¦,,,,,,
2026-08-07T10:56:19.113600+00:00,20260807-105619,https://trends24.in/indonesia/,Fri Aug 07 2026 05:40:26 GMT+0000 (Coordinated Universal Time),36,#GmmTreatGeminiBetter,gmmtreatgeminibetter,,,,,,
2026-08-07T10:56:19.113600+00:00,20260807-105619,https://trends24.in/indonesia/,Fri Aug 07 2026 05:40:26 GMT+0000 (Coordinated Universal Time),37,#JinxELLEKorea,jinxellekorea,,,,,,
2026-08-07T10:56:19.113600+00:00,20260807-105619,https://trends24.in/indonesia/,Fri Aug 07 2026 05:40:26 GMT+0000 (Coordinated Universal Time),38,#KeonhoCastHisSpell,keonhocasthisspell,,,,,,
2026-08-07T10:56:19.113600+00:00,20260807-105619,https://trends24.in/indonesia/,Fri Aug 07 2026 05:40:26 GMT+0000 (Coordinated Universal Time),39,#ZaghanGoldenDay,zaghangoldenday,,,,,,
2026-08-07T10:56:19.113600+00:00,20260807-105619,https://trends24.in/indonesia/,Fri Aug 07 2026 05:40:26 GMT+0000 (Coordinated Universal Time),40,#FREDJewelry,fredjewelry,,,,,,
2026-08-07T10:56:19.113600+00:00,20260807-105619,https://trends24.in/indonesia/,Fri Aug 07 2026 05:40:26 GMT+0000 (Coordinated Universal Time),41,#JUHOONEarnsApplause,juhoonearnsapplause,,,,,,
2026-08-07T10:56:19.113600+00:00,20260807-105619,https://trends24.in/indonesia/,Fri Aug 07 2026 05:40:26 GMT+0000 (Coordinated Universal Time),42,#JIN_IN_FOXBOROUGH_D2,jin_in_foxborough_d2,,,,,,
2026-08-07T10:56:19.113600+00:00,20260807-105619,https://trends24.in/indonesia/,Fri Aug 07 2026 05:40:26 GMT+0000 (Coordinated Universal Time),43,#Arc20TheUnveiledSanctuary,arc20theunveiledsanctuary,,,,,,
2026-08-07T10:56:19.113600+00:00,20260807-105619,https://trends24.in/indonesia/,Fri Aug 07 2026 05:40:26 GMT+0000 (Coordinated Universal Time),44,#All_I_Wanna_do,all_i_wanna_do,,,,,,
2026-08-07T10:56:19.113600+00:00,20260807-105619,https://trends24.in/indonesia/,Fri Aug 07 2026 05:40:26 GMT+0000 (Coordinated Universal Time),45,#ìëì_9ì£¼ë_ì¶íí´,ìëì_9ì£¼ë _ì¶íí´,,,,,,
2026-08-07T10:56:19.113600+00:00,20260807-105619,https://trends24.in/indonesia/,Fri Aug 07 2026 04:48:49 GMT+0000 (Coordinated Universal Time),1,#MelayaniSepenuhHati,melayanisepenuhhati,,,,,,
2026-08-07T10:56:19.113600+00:00,20260807-105619,https://trends24.in/indonesia/,Fri Aug 07 2026 04:48:49 GMT+0000 (Coordinated Universal Time),2,#This_And_That,this_and_that,,,,,,
2026-08-07T10:56:19.113600+00:00,20260807-105619,https://trends24.in/indonesia/,Fri Aug 07 2026 04:48:49 GMT+0000 (Coordinated Universal Time),3,#JuniorMarkConcertD1,juniormarkconcertd1,,,,,,
2026-08-07T10:56:19.113600+00:00,20260807-105619,https://trends24.in/indonesia/,Fri Aug 07 2026 04:48:49 GMT+0000 (Coordinated Universal Time),4,Jumat,jumat,,,,,,
2026-08-07T10:56:19.113600+00:00,20260807-105619,https://trends24.in/indonesia/,Fri Aug 07 2026 04:48:49 GMT+0000 (Coordinated Universal Time),5,SKZ THIS AND THAT DAY,skz this and that day,,,,,,
2026-08-07T10:56:19.113600+00:00,20260807-105619,https://trends24.in/indonesia/,Fri Aug 07 2026 04:48:49 GMT+0000 (Coordinated Universal Time),6,JUNIORMARK ONCE SUNNYMOON,juniormark once sunnymoon,,,,,,
2026-08-07T10:56:19.113600+00:00,20260807-105619,https://trends24.in/indonesia/,Fri Aug 07 2026 04:48:49 GMT+0000 (Coordinated Universal Time),7,Pos Indonesia,pos indonesia,,,,,,
2026-08-07T10:56:19.113600+00:00,20260807-105619,https://trends24.in/indonesia/,Fri Aug 07 2026 04:48:49 GMT+0000 (Coordinated Universal Time),8,#THISë_THATë_ì¤í¤ì¦,thisë_thatë_ì¤í¤ì¦,,,,,,
2026-08-07T10:56:19.113600+00:00,20260807-105619,https://trends24.in/indonesia/,Fri Aug 07 2026 04:48:49 GMT+0000 (Coordinated Universal Time),9,#ManageGeminiFourthBetter,managegeminifourthbetter,,,,,,
2026-08-07T10:56:19.113600+00:00,20260807-105619,https://trends24.in/indonesia/,Fri Aug 07 2026 04:48:49 GMT+0000 (Coordinated Universal Time),10,GMMTV RESPECT GEMINIFOURTH,gmmtv respect geminifourth,,,,,,
2026-08-07T10:56:19.113600+00:00,20260807-105619,https://trends24.in/indonesia/,Fri Aug 07 2026 04:48:49 GMT+0000 (Coordinated Universal Time),11,MAKE IT RIGHT,make it right,,,,,,
2026-08-07T10:56:19.113600+00:00,20260807-105619,https://trends24.in/indonesia/,Fri Aug 07 2026 04:48:49 GMT+0000 (Coordinated Universal Time),12,SIXFINITY WITH TREASURE,sixfinity with treasure,,,,,,
2026-08-07T10:56:19.113600+00:00,20260807-105619,https://trends24.in/indonesia/,Fri Aug 07 2026 04:48:49 GMT+0000 (Coordinated Universal Time),13,RSCM,rscm,,,,,,
2026-08-07T10:56:19.113600+00:00,20260807-105619,https://trends24.in/indonesia/,Fri Aug 07 2026 04:48:49 GMT+0000 (Coordinated Universal Time),14,KEONHO ECHOES THROUGH NYC,keonho echoes through nyc,,,,,,
2026-08-07T10:56:19.113600+00:00,20260807-105619,https://trends24.in/indonesia/,Fri Aug 07 2026 04:48:49 GMT+0000 (Coordinated Universal Time),15,BRIN,brin,,,,,,
2026-08-07T10:56:19.113600+00:00,20260807-105619,https://trends24.in/indonesia/,Fri Aug 07 2026 04:48:49 GMT+0000 (Coordinated Universal Time),16,Rodri,rodri,,,,,,
2026-08-07T10:56:19.113600+00:00,20260807-105619,https://trends24.in/indonesia/,Fri Aug 07 2026 04:48:49 GMT+0000 (Coordinated Universal Time),17,Koperasi Desa,koperasi desa,,,,,,
2026-08-07T10:56:19.113600+00:00,20260807-105619,https://trends24.in/indonesia/,Fri Aug 07 2026 04:48:49 GMT+0000 (Coordinated Universal Time),18,JIN PARTY IN FOXBOROUGH,jin party in foxborough,,,,,,
2026-08-07T10:56:19.113600+00:00,20260807-105619,https://trends24.in/indonesia/,Fri Aug 07 2026 04:48:49 GMT+0000 (Coordinated Universal Time),19,Barca,barca,,,,,,
2026-08-07T10:56:19.113600+00:00,20260807-105619,https://trends24.in/indonesia/,Fri Aug 07 2026 04:48:49 GMT+0000 (Coordinated Universal Time),20,Onana,onana,,,,,,
2026-08-07T10:56:19.113600+00:00,20260807-105619,https://trends24.in/indonesia/,Fri Aug 07 2026 04:48:49 GMT+0000 (Coordinated Universal Time),21,7 Agustus,7 agustus,,,,,,
2026-08-07T10:56:19.113600+00:00,20260807-105619,https://trends24.in/indonesia/,Fri Aug 07 2026 04:48:49 GMT+0000 (Coordinated Universal Time),22,KALOG Pro,kalog pro,,,,,,
2026-08-07T10:56:19.113600+00:00,20260807-105619,https://trends24.in/indonesia/,Fri Aug 07 2026 04:48:49 GMT+0000 (Coordinated Universal Time),23,blackpink,blackpink,,,,,,
2026-08-07T10:56:19.113600+00:00,20260807-105619,https://trends24.in/indonesia/,Fri Aug 07 2026 04:48:49 GMT+0000 (Coordinated Universal Time),24,KALOG Express,kalog express,,,,,,
2026-08-07T10:56:19.113600+00:00,20260807-105619,https://trends24.in/indonesia/,Fri Aug 07 2026 04:48:49 GMT+0000 (Coordinated Universal Time),25,KALOG Plus,kalog plus,,,,,,
2026-08-07T10:56:19.113600+00:00,20260807-105619,https://trends24.in/indonesia/,Fri Aug 07 2026 04:48:49 GMT+0000 (Coordinated Universal Time),26,Happy 6th,happy 6th,,,,,,
2026-08-07T10:56:19.113600+00:00,20260807-105619,https://trends24.in/indonesia/,Fri Aug 07 2026 04:48:49 GMT+0000 (Coordinated Universal Time),27,Blink,blink,,,,,,
2026-08-07T10:56:19.113600+00:00,20260807-105619,https://trends24.in/indonesia/,Fri Aug 07 2026 04:48:49 GMT+0000 (Coordinated Universal Time),28,Manchester City,manchester city,,,,,,
2026-08-07T10:56:19.113600+00:00,20260807-105619,https://trends24.in/indonesia/,Fri Aug 07 2026 04:48:49 GMT+0000 (Coordinated Universal Time),29,#sociotizer,sociotizer,,,,,,
2026-08-07T10:56:19.113600+00:00,20260807-105619,https://trends24.in/indonesia/,Fri Aug 07 2026 04:48:49 GMT+0000 (Coordinated Universal Time),30,#KaryaDesaBerdaya,karyadesaberdaya,,,,,,
2026-08-07T10:56:19.113600+00:00,20260807-105619,https://trends24.in/indonesia/,Fri Aug 07 2026 04:48:49 GMT+0000 (Coordinated Universal Time),31,#KerjasamaBUMDesaKDMPKWT,kerjasamabumdesakdmpkwt,,,,,,
2026-08-07T10:56:19.113600+00:00,20260807-105619,https://trends24.in/indonesia/,Fri Aug 07 2026 04:48:49 GMT+0000 (Coordinated Universal Time),32,#PYPD_IN_NEWYORK,pypd_in_newyork,,,,,,
2026-08-07T10:56:19.113600+00:00,20260807-105619,https://trends24.in/indonesia/,Fri Aug 07 2026 04:48:49 GMT+0000 (Coordinated Universal Time),33,#KetahananPangan,ketahananpangan,,,,,,
2026-08-07T10:56:19.113600+00:00,20260807-105619,https://trends24.in/indonesia/,Fri Aug 07 2026 04:48:49 GMT+0000 (Coordinated Universal Time),34,#JinxELLEKorea,jinxellekorea,,,,,,
2026-08-07T10:56:19.113600+00:00,20260807-105619,https://trends24.in/indonesia/,Fri Aug 07 2026 04:48:49 GMT+0000 (Coordinated Universal Time),35,#ì¤í¸ë ì´í¤ì¦,ì¤í¸ë ì´í¤ì¦,,,,,,
2026-08-07T10:56:19.113600+00:00,20260807-105619,https://trends24.in/indonesia/,Fri Aug 07 2026 04:48:49 GMT+0000 (Coordinated Universal Time),36,#ZaghanGoldenDay,zaghangoldenday,,,,,,
2026-08-07T10:56:19.113600+00:00,20260807-105619,https://trends24.in/indonesia/,Fri Aug 07 2026 04:48:49 GMT+0000 (Coordinated Universal Time),37,#TebakSkorMW,tebakskormw,,,,,,
2026-08-07T10:56:19.113600+00:00,20260807-105619,https://trends24.in/indonesia/,Fri Aug 07 2026 04:48:49 GMT+0000 (Coordinated Universal Time),38,#StrayKidsComeback,straykidscomeback,,,,,,
2026-08-07T10:56:19.113600+00:00,20260807-105619,https://trends24.in/indonesia/,Fri Aug 07 2026 04:48:49 GMT+0000 (Coordinated Universal Time),39,#JinxFREDJewelry,jinxfredjewelry,,,,,,
2026-08-07T10:56:19.113600+00:00,20260807-105619,https://trends24.in/indonesia/,Fri Aug 07 2026 04:48:49 GMT+0000 (Coordinated Universal Time),40,#JUHOONEarnsApplause,juhoonearnsapplause,,,,,,
2026-08-07T10:56:19.113600+00:00,20260807-105619,https://trends24.in/indonesia/,Fri Aug 07 2026 04:48:49 GMT+0000 (Coordinated Universal Time),41,#KeonhoCastHisSpell,keonhocasthisspell,,,,,,
2026-08-07T10:56:19.113600+00:00,20260807-105619,https://trends24.in/indonesia/,Fri Aug 07 2026 04:48:49 GMT+0000 (Coordinated Universal Time),42,#Arc20TheUnveiledSanctuary,arc20theunveiledsanctuary,,,,,,
2026-08-07T10:56:19.113600+00:00,20260807-105619,https://trends24.in/indonesia/,Fri Aug 07 2026 04:48:49 GMT+0000 (Coordinated Universal Time),43,#All_I_Wanna_do,all_i_wanna_do,,,,,,
2026-08-07T10:56:19.113600+00:00,20260807-105619,https://trends24.in/indonesia/,Fri Aug 07 2026 04:48:49 GMT+0000 (Coordinated Universal Time),44,#ìëì_9ì£¼ë_ì¶íí´,ìëì_9ì£¼ë _ì¶íí´,,,,,,
2026-08-07T10:56:19.113600+00:00,20260807-105619,https://trends24.in/indonesia/,Fri Aug 07 2026 03:57:58 GMT+0000 (Coordinated Universal Time),1,#MelayaniSepenuhHati,melayanisepenuhhati,,,,,,
2026-08-07T10:56:19.113600+00:00,20260807-105619,https://trends24.in/indonesia/,Fri Aug 07 2026 03:57:58 GMT+0000 (Coordinated Universal Time),2,#TREASURE6thANNIVERSARY,treasure6thanniversary,,,,,,
2026-08-07T10:56:19.113600+00:00,20260807-105619,https://trends24.in/indonesia/,Fri Aug 07 2026 03:57:58 GMT+0000 (Coordinated Universal Time),3,Pos Indonesia,pos indonesia,,,,,,
2026-08-07T10:56:19.113600+00:00,20260807-105619,https://trends24.in/indonesia/,Fri Aug 07 2026 03:57:58 GMT+0000 (Coordinated Universal Time),4,#JuniorMarkConcertD1,juniormarkconcertd1,,,,,,
2026-08-07T10:56:19.113600+00:00,20260807-105619,https://trends24.in/indonesia/,Fri Aug 07 2026 03:57:58 GMT+0000 (Coordinated Universal Time),5,JUNIORMARK ONCE SUNNYMOON,juniormark once sunnymoon,,,,,,
2026-08-07T10:56:19.113600+00:00,20260807-105619,https://trends24.in/indonesia/,Fri Aug 07 2026 03:57:58 GMT+0000 (Coordinated Universal Time),6,BPJS,bpjs,,,,,,
2026-08-07T10:56:19.113600+00:00,20260807-105619,https://trends24.in/indonesia/,Fri Aug 07 2026 03:57:58 GMT+0000 (Coordinated Universal Time),7,Jumat,jumat,,,,,,
2026-08-07T10:56:19.113600+00:00,20260807-105619,https://trends24.in/indonesia/,Fri Aug 07 2026 03:57:58 GMT+0000 (Coordinated Universal Time),8,peduli kuatkan sumbar,peduli kuatkan sumbar,,,,,,
2026-08-07T10:56:19.113600+00:00,20260807-105619,https://trends24.in/indonesia/,Fri Aug 07 2026 03:57:58 GMT+0000 (Coordinated Universal Time),9,Rodri,rodri,,,,,,
2026-08-07T10:56:19.113600+00:00,20260807-105619,https://trends24.in/indonesia/,Fri Aug 07 2026 03:57:58 GMT+0000 (Coordinated Universal Time),10,#PYPD_IN_NEWYORK,pypd_in_newyork,,,,,,
2026-08-07T10:56:19.113600+00:00,20260807-105619,https://trends24.in/indonesia/,Fri Aug 07 2026 03:57:58 GMT+0000 (Coordinated Universal Time),11,#ketahananenerginasional,ketahananenerginasional,,,,,,
2026-08-07T10:56:19.113600+00:00,20260807-105619,https://trends24.in/indonesia/,Fri Aug 07 2026 03:57:58 GMT+0000 (Coordinated Universal Time),12,SANTA VITAMIN ENRICHED,santa vitamin enriched,,,,,,
2026-08-07T10:56:19.113600+00:00,20260807-105619,https://trends24.in/indonesia/,Fri Aug 07 2026 03:57:58 GMT+0000 (Coordinated Universal Time),13,persija vs arema,persija vs arema,,,,,,
2026-08-07T10:56:19.113600+00:00,20260807-105619,https://trends24.in/indonesia/,Fri Aug 07 2026 03:57:58 GMT+0000 (Coordinated Universal Time),14,GMMTV RESPECT GEMINIFOURTH,gmmtv respect geminifourth,,,,,,
2026-08-07T10:56:19.113600+00:00,20260807-105619,https://trends24.in/indonesia/,Fri Aug 07 2026 03:57:58 GMT+0000 (Coordinated Universal Time),15,Persib vs Persebaya,persib vs persebaya,,,,,,
2026-08-07T10:56:19.113600+00:00,20260807-105619,https://trends24.in/indonesia/,Fri Aug 07 2026 03:57:58 GMT+0000 (Coordinated Universal Time),16,MAKE IT RIGHT,make it right,,,,,,
2026-08-07T10:56:19.113600+00:00,20260807-105619,https://trends24.in/indonesia/,Fri Aug 07 2026 03:57:58 GMT+0000 (Coordinated Universal Time),17,fokus kerja strategis,fokus kerja strategis,,,,,,
2026-08-07T10:56:19.113600+00:00,20260807-105619,https://trends24.in/indonesia/,Fri Aug 07 2026 03:57:58 GMT+0000 (Coordinated Universal Time),18,ai untuk semua,ai untuk semua,,,,,,
2026-08-07T10:56:19.113600+00:00,20260807-105619,https://trends24.in/indonesia/,Fri Aug 07 2026 03:57:58 GMT+0000 (Coordinated Universal Time),19,PONDPHUWIN GRAB BONCHON,pondphuwin grab bonchon,,,,,,
2026-08-07T10:56:19.113600+00:00,20260807-105619,https://trends24.in/indonesia/,Fri Aug 07 2026 03:57:58 GMT+0000 (Coordinated Universal Time),20,RSCM,rscm,,,,,,
2026-08-07T10:56:19.113600+00:00,20260807-105619,https://trends24.in/indonesia/,Fri Aug 07 2026 03:57:58 GMT+0000 (Coordinated Universal Time),21,WITH LOVE TO NI-KI,with love to ni-ki,,,,,,
2026-08-07T10:56:19.113600+00:00,20260807-105619,https://trends24.in/indonesia/,Fri Aug 07 2026 03:57:58 GMT+0000 (Coordinated Universal Time),22,KALOG Express,kalog express,,,,,,
2026-08-07T10:56:19.113600+00:00,20260807-105619,https://trends24.in/indonesia/,Fri Aug 07 2026 03:57:58 GMT+0000 (Coordinated Universal Time),23,Bersama Pasti Ada Jalan,bersama pasti ada jalan,,,,,,
2026-08-07T10:56:19.113600+00:00,20260807-105619,https://trends24.in/indonesia/,Fri Aug 07 2026 03:57:58 GMT+0000 (Coordinated Universal Time),24,JGG FAM SPIDER MAN,jgg fam spider man,,,,,,
2026-08-07T10:56:19.113600+00:00,20260807-105619,https://trends24.in/indonesia/,Fri Aug 07 2026 03:57:58 GMT+0000 (Coordinated Universal Time),25,KALOG Pro,kalog pro,,,,,,
2026-08-07T10:56:19.113600+00:00,20260807-105619,https://trends24.in/indonesia/,Fri Aug 07 2026 03:57:58 GMT+0000 (Coordinated Universal Time),26,BRIN,brin,,,,,,
2026-08-07T10:56:19.113600+00:00,20260807-105619,https://trends24.in/indonesia/,Fri Aug 07 2026 03:57:58 GMT+0000 (Coordinated Universal Time),27,KALOG Plus,kalog plus,,,,,,
2026-08-07T10:56:19.113600+00:00,20260807-105619,https://trends24.in/indonesia/,Fri Aug 07 2026 03:57:58 GMT+0000 (Coordinated Universal Time),28,Sarapan,sarapan,,,,,,
2026-08-07T10:56:19.113600+00:00,20260807-105619,https://trends24.in/indonesia/,Fri Aug 07 2026 03:57:58 GMT+0000 (Coordinated Universal Time),29,Barca,barca,,,,,,
2026-08-07T10:56:19.113600+00:00,20260807-105619,https://trends24.in/indonesia/,Fri Aug 07 2026 03:57:58 GMT+0000 (Coordinated Universal Time),30,GAWIN GONE AWAY TPOPSTAGE,gawin gone away tpopstage,,,,,,
2026-08-07T10:56:19.113600+00:00,20260807-105619,https://trends24.in/indonesia/,Fri Aug 07 2026 03:57:58 GMT+0000 (Coordinated Universal Time),31,EST IN FANTA FANTASIES,est in fanta fantasies,,,,,,
2026-08-07T10:56:19.113600+00:00,20260807-105619,https://trends24.in/indonesia/,Fri Aug 07 2026 03:57:58 GMT+0000 (Coordinated Universal Time),32,MOONSHADOW SPECIAL EP,moonshadow special ep,,,,,,
2026-08-07T10:56:19.113600+00:00,20260807-105619,https://trends24.in/indonesia/,Fri Aug 07 2026 03:57:58 GMT+0000 (Coordinated Universal Time),33,Madrid,madrid,,,,,,
2026-08-07T10:56:19.113600+00:00,20260807-105619,https://trends24.in/indonesia/,Fri Aug 07 2026 03:57:58 GMT+0000 (Coordinated Universal Time),34,blackpink,blackpink,,,,,,
2026-08-07T10:56:19.113600+00:00,20260807-105619,https://trends24.in/indonesia/,Fri Aug 07 2026 03:57:58 GMT+0000 (Coordinated Universal Time),35,$LESTER,$lester,,,,,,
2026-08-07T10:56:19.113600+00:00,20260807-105619,https://trends24.in/indonesia/,Fri Aug 07 2026 03:57:58 GMT+0000 (Coordinated Universal Time),36,Pagii,pagii,,,,,,
2026-08-07T10:56:19.113600+00:00,20260807-105619,https://trends24.in/indonesia/,Fri Aug 07 2026 03:57:58 GMT+0000 (Coordinated Universal Time),37,Blingy Jets Teaser D2,blingy jets teaser d2,,,,,,
2026-08-07T10:56:19.113600+00:00,20260807-105619,https://trends24.in/indonesia/,Fri Aug 07 2026 03:57:58 GMT+0000 (Coordinated Universal Time),38,Nakes,nakes,,,,,,
2026-08-07T10:56:19.113600+00:00,20260807-105619,https://trends24.in/indonesia/,Fri Aug 07 2026 03:57:58 GMT+0000 (Coordinated Universal Time),39,FOXBOROUGH,foxborough,,,,,,
2026-08-07T10:56:19.113600+00:00,20260807-105619,https://trends24.in/indonesia/,Fri Aug 07 2026 03:57:58 GMT+0000 (Coordinated Universal Time),40,BE MY PLAYER TWO EP4,be my player two ep4,,,,,,
2026-08-07T10:56:19.113600+00:00,20260807-105619,https://trends24.in/indonesia/,Fri Aug 07 2026 03:57:58 GMT+0000 (Coordinated Universal Time),41,Bubur,bubur,,,,,,
2026-08-07T10:56:19.113600+00:00,20260807-105619,https://trends24.in/indonesia/,Fri Aug 07 2026 03:57:58 GMT+0000 (Coordinated Universal Time),42,HBD ZUNSHINE 7Y,hbd zunshine 7y,,,,,,
2026-08-07T10:56:19.113600+00:00,20260807-105619,https://trends24.in/indonesia/,Fri Aug 07 2026 03:57:58 GMT+0000 (Coordinated Universal Time),43,XL POIN,xl poin,,,,,,
2026-08-07T10:56:19.113600+00:00,20260807-105619,https://trends24.in/indonesia/,Fri Aug 07 2026 03:57:58 GMT+0000 (Coordinated Universal Time),44,Happy 6th,happy 6th,,,,,,
2026-08-07T10:56:19.113600+00:00,20260807-105619,https://trends24.in/indonesia/,Fri Aug 07 2026 03:57:58 GMT+0000 (Coordinated Universal Time),45,NCT JNJM,nct jnjm,,,,,,
2026-08-07T10:56:19.113600+00:00,20260807-105619,https://trends24.in/indonesia/,Fri Aug 07 2026 03:57:58 GMT+0000 (Coordinated Universal Time),46,Ramon,ramon,,,,,,
2026-08-07T10:56:19.113600+00:00,20260807-105619,https://trends24.in/indonesia/,Fri Aug 07 2026 03:57:58 GMT+0000 (Coordinated Universal Time),47,Barcelona,barcelona,,,,,,
2026-08-07T10:56:19.113600+00:00,20260807-105619,https://trends24.in/indonesia/,Fri Aug 07 2026 03:57:58 GMT+0000 (Coordinated Universal Time),48,Nyetok,nyetok,,,,,,
2026-08-07T10:56:19.113600+00:00,20260807-105619,https://trends24.in/indonesia/,Fri Aug 07 2026 03:57:58 GMT+0000 (Coordinated Universal Time),49,Namoo Actors,namoo actors,,,,,,
2026-08-07T10:56:19.113600+00:00,20260807-105619,https://trends24.in/indonesia/,Fri Aug 07 2026 03:57:58 GMT+0000 (Coordinated Universal Time),50,Cheol's Orange Season,cheol's orange season,,,,,,
2026-08-07T10:56:19.113600+00:00,20260807-105619,https://trends24.in/indonesia/,Fri Aug 07 2026 03:06:57 GMT+0000 (Coordinated Universal Time),1,#MelayaniSepenuhHati,melayanisepenuhhati,,,,,,
2026-08-07T10:56:19.113600+00:00,20260807-105619,https://trends24.in/indonesia/,Fri Aug 07 2026 03:06:57 GMT+0000 (Coordinated Universal Time),2,#TREASURE6thANNIVERSARY,treasure6thanniversary,,,,,,
2026-08-07T10:56:19.113600+00:00,20260807-105619,https://trends24.in/indonesia/,Fri Aug 07 2026 03:06:57 GMT+0000 (Coordinated Universal Time),3,Pos Indonesia,pos indonesia,,,,,,
2026-08-07T10:56:19.113600+00:00,20260807-105619,https://trends24.in/indonesia/,Fri Aug 07 2026 03:06:57 GMT+0000 (Coordinated Universal Time),4,Jumat,jumat,,,,,,
2026-08-07T10:56:19.113600+00:00,20260807-105619,https://trends24.in/indonesia/,Fri Aug 07 2026 03:06:57 GMT+0000 (Coordinated Universal Time),5,#JuniorMarkConcertD1,juniormarkconcertd1,,,,,,
2026-08-07T10:56:19.113600+00:00,20260807-105619,https://trends24.in/indonesia/,Fri Aug 07 2026 03:06:57 GMT+0000 (Coordinated Universal Time),6,BPJS,bpjs,,,,,,
2026-08-07T10:56:19.113600+00:00,20260807-105619,https://trends24.in/indonesia/,Fri Aug 07 2026 03:06:57 GMT+0000 (Coordinated Universal Time),7,peduli kuatkan sumbar,peduli kuatkan sumbar,,,,,,
2026-08-07T10:56:19.113600+00:00,20260807-105619,https://trends24.in/indonesia/,Fri Aug 07 2026 03:06:57 GMT+0000 (Coordinated Universal Time),8,JUNIORMARK ONCE SUNNYMOON,juniormark once sunnymoon,,,,,,
2026-08-07T10:56:19.113600+00:00,20260807-105619,https://trends24.in/indonesia/,Fri Aug 07 2026 03:06:57 GMT+0000 (Coordinated Universal Time),9,#PYPD_IN_NEWYORK,pypd_in_newyork,,,,,,
2026-08-07T10:56:19.113600+00:00,20260807-105619,https://trends24.in/indonesia/,Fri Aug 07 2026 03:06:57 GMT+0000 (Coordinated Universal Time),10,Rodri,rodri,,,,,,
2026-08-07T10:56:19.113600+00:00,20260807-105619,https://trends24.in/indonesia/,Fri Aug 07 2026 03:06:57 GMT+0000 (Coordinated Universal Time),11,MAKE IT RIGHT,make it right,,,,,,
2026-08-07T10:56:19.113600+00:00,20260807-105619,https://trends24.in/indonesia/,Fri Aug 07 2026 03:06:57 GMT+0000 (Coordinated Universal Time),12,#MensFolioThailand,mensfoliothailand,,,,,,
2026-08-07T10:56:19.113600+00:00,20260807-105619,https://trends24.in/indonesia/,Fri Aug 07 2026 03:06:57 GMT+0000 (Coordinated Universal Time),13,SANTA VITAMIN ENRICHED,santa vitamin enriched,,,,,,
2026-08-07T10:56:19.113600+00:00,20260807-105619,https://trends24.in/indonesia/,Fri Aug 07 2026 03:06:57 GMT+0000 (Coordinated Universal Time),14,Persib vs Persebaya,persib vs persebaya,,,,,,
2026-08-07T10:56:19.113600+00:00,20260807-105619,https://trends24.in/indonesia/,Fri Aug 07 2026 03:06:57 GMT+0000 (Coordinated Universal Time),15,Roobet Username,roobet username,,,,,,
2026-08-07T10:56:19.113600+00:00,20260807-105619,https://trends24.in/indonesia/,Fri Aug 07 2026 03:06:57 GMT+0000 (Coordinated Universal Time),16,persija vs arema,persija vs arema,,,,,,
2026-08-07T10:56:19.113600+00:00,20260807-105619,https://trends24.in/indonesia/,Fri Aug 07 2026 03:06:57 GMT+0000 (Coordinated Universal Time),17,fokus kerja strategis,fokus kerja strategis,,,,,,
2026-08-07T10:56:19.113600+00:00,20260807-105619,https://trends24.in/indonesia/,Fri Aug 07 2026 03:06:57 GMT+0000 (Coordinated Universal Time),18,PONDPHUWIN GRAB BONCHON,pondphuwin grab bonchon,,,,,,
2026-08-07T10:56:19.113600+00:00,20260807-105619,https://trends24.in/indonesia/,Fri Aug 07 2026 03:06:57 GMT+0000 (Coordinated Universal Time),19,ai untuk semua,ai untuk semua,,,,,,
2026-08-07T10:56:19.113600+00:00,20260807-105619,https://trends24.in/indonesia/,Fri Aug 07 2026 03:06:57 GMT+0000 (Coordinated Universal Time),20,Sarapan,sarapan,,,,,,
2026-08-07T10:56:19.113600+00:00,20260807-105619,https://trends24.in/indonesia/,Fri Aug 07 2026 03:06:57 GMT+0000 (Coordinated Universal Time),21,Pagii,pagii,,,,,,
2026-08-07T10:56:19.113600+00:00,20260807-105619,https://trends24.in/indonesia/,Fri Aug 07 2026 03:06:57 GMT+0000 (Coordinated Universal Time),22,WITH LOVE TO NI-KI,with love to ni-ki,,,,,,
2026-08-07T10:56:19.113600+00:00,20260807-105619,https://trends24.in/indonesia/,Fri Aug 07 2026 03:06:57 GMT+0000 (Coordinated Universal Time),23,RSCM,rscm,,,,,,
2026-08-07T10:56:19.113600+00:00,20260807-105619,https://trends24.in/indonesia/,Fri Aug 07 2026 03:06:57 GMT+0000 (Coordinated Universal Time),24,Bersama Pasti Ada Jalan,bersama pasti ada jalan,,,,,,
2026-08-07T10:56:19.113600+00:00,20260807-105619,https://trends24.in/indonesia/,Fri Aug 07 2026 03:06:57 GMT+0000 (Coordinated Universal Time),25,KALOG Express,kalog express,,,,,,
2026-08-07T10:56:19.113600+00:00,20260807-105619,https://trends24.in/indonesia/,Fri Aug 07 2026 03:06:57 GMT+0000 (Coordinated Universal Time),26,JGG FAM SPIDER MAN,jgg fam spider man,,,,,,
2026-08-07T10:56:19.113600+00:00,20260807-105619,https://trends24.in/indonesia/,Fri Aug 07 2026 03:06:57 GMT+0000 (Coordinated Universal Time),27,KALOG Pro,kalog pro,,,,,,
2026-08-07T10:56:19.113600+00:00,20260807-105619,https://trends24.in/indonesia/,Fri Aug 07 2026 03:06:57 GMT+0000 (Coordinated Universal Time),28,KALOG Plus,kalog plus,,,,,,
2026-08-07T10:56:19.113600+00:00,20260807-105619,https://trends24.in/indonesia/,Fri Aug 07 2026 03:06:57 GMT+0000 (Coordinated Universal Time),29,BRIN,brin,,,,,,
2026-08-07T10:56:19.113600+00:00,20260807-105619,https://trends24.in/indonesia/,Fri Aug 07 2026 03:06:57 GMT+0000 (Coordinated Universal Time),30,GAWIN GONE AWAY TPOPSTAGE,gawin gone away tpopstage,,,,,,
2026-08-07T10:56:19.113600+00:00,20260807-105619,https://trends24.in/indonesia/,Fri Aug 07 2026 03:06:57 GMT+0000 (Coordinated Universal Time),31,EST IN FANTA FANTASIES,est in fanta fantasies,,,,,,
2026-08-07T10:56:19.113600+00:00,20260807-105619,https://trends24.in/indonesia/,Fri Aug 07 2026 03:06:57 GMT+0000 (Coordinated Universal Time),32,Barca,barca,,,,,,
2026-08-07T10:56:19.113600+00:00,20260807-105619,https://trends24.in/indonesia/,Fri Aug 07 2026 03:06:57 GMT+0000 (Coordinated Universal Time),33,JIN PARTY IN FOXBOROUGH,jin party in foxborough,,,,,,
2026-08-07T10:56:19.113600+00:00,20260807-105619,https://trends24.in/indonesia/,Fri Aug 07 2026 03:06:57 GMT+0000 (Coordinated Universal Time),34,MOONSHADOW SPECIAL EP,moonshadow special ep,,,,,,
2026-08-07T10:56:19.113600+00:00,20260807-105619,https://trends24.in/indonesia/,Fri Aug 07 2026 03:06:57 GMT+0000 (Coordinated Universal Time),35,Madrid,madrid,,,,,,
2026-08-07T10:56:19.113600+00:00,20260807-105619,https://trends24.in/indonesia/,Fri Aug 07 2026 03:06:57 GMT+0000 (Coordinated Universal Time),36,$LESTER,$lester,,,,,,
2026-08-07T10:56:19.113600+00:00,20260807-105619,https://trends24.in/indonesia/,Fri Aug 07 2026 03:06:57 GMT+0000 (Coordinated Universal Time),37,blackpink,blackpink,,,,,,
2026-08-07T10:56:19.113600+00:00,20260807-105619,https://trends24.in/indonesia/,Fri Aug 07 2026 03:06:57 GMT+0000 (Coordinated Universal Time),38,Nyetok,nyetok,,,,,,
2026-08-07T10:56:19.113600+00:00,20260807-105619,https://trends24.in/indonesia/,Fri Aug 07 2026 03:06:57 GMT+0000 (Coordinated Universal Time),39,Blingy Jets Teaser D2,blingy jets teaser d2,,,,,,
2026-08-07T10:56:19.113600+00:00,20260807-105619,https://trends24.in/indonesia/,Fri Aug 07 2026 03:06:57 GMT+0000 (Coordinated Universal Time),40,Bubur,bubur,,,,,,
2026-08-07T10:56:19.113600+00:00,20260807-105619,https://trends24.in/indonesia/,Fri Aug 07 2026 03:06:57 GMT+0000 (Coordinated Universal Time),41,Nakes,nakes,,,,,,
2026-08-07T10:56:19.113600+00:00,20260807-105619,https://trends24.in/indonesia/,Fri Aug 07 2026 03:06:57 GMT+0000 (Coordinated Universal Time),42,BE MY PLAYER TWO EP4,be my player two ep4,,,,,,
2026-08-07T10:56:19.113600+00:00,20260807-105619,https://trends24.in/indonesia/,Fri Aug 07 2026 03:06:57 GMT+0000 (Coordinated Universal Time),43,Morningg,morningg,,,,,,
2026-08-07T10:56:19.113600+00:00,20260807-105619,https://trends24.in/indonesia/,Fri Aug 07 2026 03:06:57 GMT+0000 (Coordinated Universal Time),44,XL POIN,xl poin,,,,,,
2026-08-07T10:56:19.113600+00:00,20260807-105619,https://trends24.in/indonesia/,Fri Aug 07 2026 03:06:57 GMT+0000 (Coordinated Universal Time),45,ON AIR WITH DJ JAEMIN,on air with dj jaemin,,,,,,
2026-08-07T10:56:19.113600+00:00,20260807-105619,https://trends24.in/indonesia/,Fri Aug 07 2026 03:06:57 GMT+0000 (Coordinated Universal Time),46,Happy 6th,happy 6th,,,,,,
2026-08-07T10:56:19.113600+00:00,20260807-105619,https://trends24.in/indonesia/,Fri Aug 07 2026 03:06:57 GMT+0000 (Coordinated Universal Time),47,Ramon,ramon,,,,,,
2026-08-07T10:56:19.113600+00:00,20260807-105619,https://trends24.in/indonesia/,Fri Aug 07 2026 03:06:57 GMT+0000 (Coordinated Universal Time),48,Barcelona,barcelona,,,,,,
2026-08-07T10:56:19.113600+00:00,20260807-105619,https://trends24.in/indonesia/,Fri Aug 07 2026 03:06:57 GMT+0000 (Coordinated Universal Time),49,Namoo Actors,namoo actors,,,,,,
2026-08-07T10:56:19.113600+00:00,20260807-105619,https://trends24.in/indonesia/,Fri Aug 07 2026 03:06:57 GMT+0000 (Coordinated Universal Time),50,Kamis,kamis,,,,,,
2026-08-07T10:56:19.113600+00:00,20260807-105619,https://trends24.in/indonesia/,Fri Aug 07 2026 02:16:03 GMT+0000 (Coordinated Universal Time),1,#MelayaniSepenuhHati,melayanisepenuhhati,,,,,,
2026-08-07T10:56:19.113600+00:00,20260807-105619,https://trends24.in/indonesia/,Fri Aug 07 2026 02:16:03 GMT+0000 (Coordinated Universal Time),2,Jumat,jumat,,,,,,
2026-08-07T10:56:19.113600+00:00,20260807-105619,https://trends24.in/indonesia/,Fri Aug 07 2026 02:16:03 GMT+0000 (Coordinated Universal Time),3,#TREASURE6thANNIVERSARY,treasure6thanniversary,,,,,,
2026-08-07T10:56:19.113600+00:00,20260807-105619,https://trends24.in/indonesia/,Fri Aug 07 2026 02:16:03 GMT+0000 (Coordinated Universal Time),4,#PYPD_IN_NEWYORK,pypd_in_newyork,,,,,,
2026-08-07T10:56:19.113600+00:00,20260807-105619,https://trends24.in/indonesia/,Fri Aug 07 2026 02:16:03 GMT+0000 (Coordinated Universal Time),5,#PYPD_IN_NEWYORK,pypd_in_newyork,,,,,,
2026-08-07T10:56:19.113600+00:00,20260807-105619,https://trends24.in/indonesia/,Fri Aug 07 2026 02:16:03 GMT+0000 (Coordinated Universal Time),6,peduli kuatkan sumbar,peduli kuatkan sumbar,,,,,,
2026-08-07T10:56:19.113600+00:00,20260807-105619,https://trends24.in/indonesia/,Fri Aug 07 2026 02:16:03 GMT+0000 (Coordinated Universal Time),7,BPJS,bpjs,,,,,,
2026-08-07T10:56:19.113600+00:00,20260807-105619,https://trends24.in/indonesia/,Fri Aug 07 2026 02:16:03 GMT+0000 (Coordinated Universal Time),8,Pos Indonesia,pos indonesia,,,,,,
2026-08-07T10:56:19.113600+00:00,20260807-105619,https://trends24.in/indonesia/,Fri Aug 07 2026 02:16:03 GMT+0000 (Coordinated Universal Time),9,#JuniorMarkConcertD1,juniormarkconcertd1,,,,,,
2026-08-07T10:56:19.113600+00:00,20260807-105619,https://trends24.in/indonesia/,Fri Aug 07 2026 02:16:03 GMT+0000 (Coordinated Universal Time),10,JUNIORMARK ONCE SUNNYMOON,juniormark once sunnymoon,,,,,,
2026-08-07T10:56:19.113600+00:00,20260807-105619,https://trends24.in/indonesia/,Fri Aug 07 2026 02:16:03 GMT+0000 (Coordinated Universal Time),11,Rodri,rodri,,,,,,
2026-08-07T10:56:19.113600+00:00,20260807-105619,https://trends24.in/indonesia/,Fri Aug 07 2026 02:16:03 GMT+0000 (Coordinated Universal Time),12,SANTA VITAMIN ENRICHED,santa vitamin enriched,,,,,,
2026-08-07T10:56:19.113600+00:00,20260807-105619,https://trends24.in/indonesia/,Fri Aug 07 2026 02:16:03 GMT+0000 (Coordinated Universal Time),13,Persib vs Persebaya,persib vs persebaya,,,,,,
2026-08-07T10:56:19.113600+00:00,20260807-105619,https://trends24.in/indonesia/,Fri Aug 07 2026 02:16:03 GMT+0000 (Coordinated Universal Time),14,MAKE IT RIGHT,make it right,,,,,,
2026-08-07T10:56:19.113600+00:00,20260807-105619,https://trends24.in/indonesia/,Fri Aug 07 2026 02:16:03 GMT+0000 (Coordinated Universal Time),15,Roobet Username,roobet username,,,,,,
2026-08-07T10:56:19.113600+00:00,20260807-105619,https://trends24.in/indonesia/,Fri Aug 07 2026 02:16:03 GMT+0000 (Coordinated Universal Time),16,persija vs arema,persija vs arema,,,,,,
2026-08-07T10:56:19.113600+00:00,20260807-105619,https://trends24.in/indonesia/,Fri Aug 07 2026 02:16:03 GMT+0000 (Coordinated Universal Time),17,Pagii,pagii,,,,,,
2026-08-07T10:56:19.113600+00:00,20260807-105619,https://trends24.in/indonesia/,Fri Aug 07 2026 02:16:03 GMT+0000 (Coordinated Universal Time),18,fokus kerja strategis,fokus kerja strategis,,,,,,
2026-08-07T10:56:19.113600+00:00,20260807-105619,https://trends24.in/indonesia/,Fri Aug 07 2026 02:16:03 GMT+0000 (Coordinated Universal Time),19,PONDPHUWIN GRAB BONCHON,pondphuwin grab bonchon,,,,,,
2026-08-07T10:56:19.113600+00:00,20260807-105619,https://trends24.in/indonesia/,Fri Aug 07 2026 02:16:03 GMT+0000 (Coordinated Universal Time),20,ai untuk semua,ai untuk semua,,,,,,
2026-08-07T10:56:19.113600+00:00,20260807-105619,https://trends24.in/indonesia/,Fri Aug 07 2026 02:16:03 GMT+0000 (Coordinated Universal Time),21,Sarapan,sarapan,,,,,,
2026-08-07T10:56:19.113600+00:00,20260807-105619,https://trends24.in/indonesia/,Fri Aug 07 2026 02:16:03 GMT+0000 (Coordinated Universal Time),22,WITH LOVE TO NI-KI,with love to ni-ki,,,,,,
2026-08-07T10:56:19.113600+00:00,20260807-105619,https://trends24.in/indonesia/,Fri Aug 07 2026 02:16:03 GMT+0000 (Coordinated Universal Time),23,KALOG Express,kalog express,,,,,,
2026-08-07T10:56:19.113600+00:00,20260807-105619,https://trends24.in/indonesia/,Fri Aug 07 2026 02:16:03 GMT+0000 (Coordinated Universal Time),24,Bersama Pasti Ada Jalan,bersama pasti ada jalan,,,,,,
2026-08-07T10:56:19.113600+00:00,20260807-105619,https://trends24.in/indonesia/,Fri Aug 07 2026 02:16:03 GMT+0000 (Coordinated Universal Time),25,JGG FAM SPIDER MAN,jgg fam spider man,,,,,,
2026-08-07T10:56:19.113600+00:00,20260807-105619,https://trends24.in/indonesia/,Fri Aug 07 2026 02:16:03 GMT+0000 (Coordinated Universal Time),26,KALOG Plus,kalog plus,,,,,,
2026-08-07T10:56:19.113600+00:00,20260807-105619,https://trends24.in/indonesia/,Fri Aug 07 2026 02:16:03 GMT+0000 (Coordinated Universal Time),27,KALOG Pro,kalog pro,,,,,,
2026-08-07T10:56:19.113600+00:00,20260807-105619,https://trends24.in/indonesia/,Fri Aug 07 2026 02:16:03 GMT+0000 (Coordinated Universal Time),28,BRIN,brin,,,,,,
2026-08-07T10:56:19.113600+00:00,20260807-105619,https://trends24.in/indonesia/,Fri Aug 07 2026 02:16:03 GMT+0000 (Coordinated Universal Time),29,GAWIN GONE AWAY TPOPSTAGE,gawin gone away tpopstage,,,,,,
2026-08-07T10:56:19.113600+00:00,20260807-105619,https://trends24.in/indonesia/,Fri Aug 07 2026 02:16:03 GMT+0000 (Coordinated Universal Time),30,EST IN FANTA FANTASIES,est in fanta fantasies,,,,,,
2026-08-07T10:56:19.113600+00:00,20260807-105619,https://trends24.in/indonesia/,Fri Aug 07 2026 02:16:03 GMT+0000 (Coordinated Universal Time),31,Barca,barca,,,,,,
2026-08-07T10:56:19.113600+00:00,20260807-105619,https://trends24.in/indonesia/,Fri Aug 07 2026 02:16:03 GMT+0000 (Coordinated Universal Time),32,$LESTER,$lester,,,,,,
2026-08-07T10:56:19.113600+00:00,20260807-105619,https://trends24.in/indonesia/,Fri Aug 07 2026 02:16:03 GMT+0000 (Coordinated Universal Time),33,RSCM,rscm,,,,,,
2026-08-07T10:56:19.113600+00:00,20260807-105619,https://trends24.in/indonesia/,Fri Aug 07 2026 02:16:03 GMT+0000 (Coordinated Universal Time),34,MOONSHADOW SPECIAL EP,moonshadow special ep,,,,,,
2026-08-07T10:56:19.113600+00:00,20260807-105619,https://trends24.in/indonesia/,Fri Aug 07 2026 02:16:03 GMT+0000 (Coordinated Universal Time),35,Madrid,madrid,,,,,,
2026-08-07T10:56:19.113600+00:00,20260807-105619,https://trends24.in/indonesia/,Fri Aug 07 2026 02:16:03 GMT+0000 (Coordinated Universal Time),36,blackpink,blackpink,,,,,,
2026-08-07T10:56:19.113600+00:00,20260807-105619,https://trends24.in/indonesia/,Fri Aug 07 2026 02:16:03 GMT+0000 (Coordinated Universal Time),37,Bubur,bubur,,,,,,
2026-08-07T10:56:19.113600+00:00,20260807-105619,https://trends24.in/indonesia/,Fri Aug 07 2026 02:16:03 GMT+0000 (Coordinated Universal Time),38,Namoo Actors,namoo actors,,,,,,
2026-08-07T10:56:19.113600+00:00,20260807-105619,https://trends24.in/indonesia/,Fri Aug 07 2026 02:16:03 GMT+0000 (Coordinated Universal Time),39,Blingy Jets Teaser D2,blingy jets teaser d2,,,,,,
2026-08-07T10:56:19.113600+00:00,20260807-105619,https://trends24.in/indonesia/,Fri Aug 07 2026 02:16:03 GMT+0000 (Coordinated Universal Time),40,Younghoon,younghoon,,,,,,
2026-08-07T10:56:19.113600+00:00,20260807-105619,https://trends24.in/indonesia/,Fri Aug 07 2026 02:16:03 GMT+0000 (Coordinated Universal Time),41,XL POIN,xl poin,,,,,,
2026-08-07T10:56:19.113600+00:00,20260807-105619,https://trends24.in/indonesia/,Fri Aug 07 2026 02:16:03 GMT+0000 (Coordinated Universal Time),42,BE MY PLAYER TWO EP4,be my player two ep4,,,,,,
2026-08-07T10:56:19.113600+00:00,20260807-105619,https://trends24.in/indonesia/,Fri Aug 07 2026 02:16:03 GMT+0000 (Coordinated Universal Time),43,ON AIR WITH DJ JAEMIN,on air with dj jaemin,,,,,,
2026-08-07T10:56:19.113600+00:00,20260807-105619,https://trends24.in/indonesia/,Fri Aug 07 2026 02:16:03 GMT+0000 (Coordinated Universal Time),44,Nakes,nakes,,,,,,
2026-08-07T10:56:19.113600+00:00,20260807-105619,https://trends24.in/indonesia/,Fri Aug 07 2026 02:16:03 GMT+0000 (Coordinated Universal Time),45,Nyetok,nyetok,,,,,,
2026-08-07T10:56:19.113600+00:00,20260807-105619,https://trends24.in/indonesia/,Fri Aug 07 2026 02:16:03 GMT+0000 (Coordinated Universal Time),46,Happy 6th,happy 6th,,,,,,
2026-08-07T10:56:19.113600+00:00,20260807-105619,https://trends24.in/indonesia/,Fri Aug 07 2026 02:16:03 GMT+0000 (Coordinated Universal Time),47,Ramon,ramon,,,,,,
2026-08-07T10:56:19.113600+00:00,20260807-105619,https://trends24.in/indonesia/,Fri Aug 07 2026 02:16:03 GMT+0000 (Coordinated Universal Time),48,kedaulatan indonesia,kedaulatan indonesia,,,,,,
2026-08-07T10:56:19.113600+00:00,20260807-105619,https://trends24.in/indonesia/,Fri Aug 07 2026 02:16:03 GMT+0000 (Coordinated Universal Time),49,Barcelona,barcelona,,,,,,
2026-08-07T10:56:19.113600+00:00,20260807-105619,https://trends24.in/indonesia/,Fri Aug 07 2026 02:16:03 GMT+0000 (Coordinated Universal Time),50,Frame File,frame file,,,,,,
2026-08-07T10:56:19.113600+00:00,20260807-105619,https://trends24.in/indonesia/,Fri Aug 07 2026 02:16:02 GMT+0000 (Coordinated Universal Time),1,#MelayaniSepenuhHati,melayanisepenuhhati,,,,,,
2026-08-07T10:56:19.113600+00:00,20260807-105619,https://trends24.in/indonesia/,Fri Aug 07 2026 02:16:02 GMT+0000 (Coordinated Universal Time),2,Jumat,jumat,,,,,,
2026-08-07T10:56:19.113600+00:00,20260807-105619,https://trends24.in/indonesia/,Fri Aug 07 2026 02:16:02 GMT+0000 (Coordinated Universal Time),3,#TREASURE6thANNIVERSARY,treasure6thanniversary,,,,,,
2026-08-07T10:56:19.113600+00:00,20260807-105619,https://trends24.in/indonesia/,Fri Aug 07 2026 02:16:02 GMT+0000 (Coordinated Universal Time),4,#PYPD_IN_NEWYORK,pypd_in_newyork,,,,,,
2026-08-07T10:56:19.113600+00:00,20260807-105619,https://trends24.in/indonesia/,Fri Aug 07 2026 02:16:02 GMT+0000 (Coordinated Universal Time),5,#PYPD_IN_NEWYORK,pypd_in_newyork,,,,,,
2026-08-07T10:56:19.113600+00:00,20260807-105619,https://trends24.in/indonesia/,Fri Aug 07 2026 02:16:02 GMT+0000 (Coordinated Universal Time),6,peduli kuatkan sumbar,peduli kuatkan sumbar,,,,,,
2026-08-07T10:56:19.113600+00:00,20260807-105619,https://trends24.in/indonesia/,Fri Aug 07 2026 02:16:02 GMT+0000 (Coordinated Universal Time),7,BPJS,bpjs,,,,,,
2026-08-07T10:56:19.113600+00:00,20260807-105619,https://trends24.in/indonesia/,Fri Aug 07 2026 02:16:02 GMT+0000 (Coordinated Universal Time),8,Pos Indonesia,pos indonesia,,,,,,
2026-08-07T10:56:19.113600+00:00,20260807-105619,https://trends24.in/indonesia/,Fri Aug 07 2026 02:16:02 GMT+0000 (Coordinated Universal Time),9,#JuniorMarkConcertD1,juniormarkconcertd1,,,,,,
2026-08-07T10:56:19.113600+00:00,20260807-105619,https://trends24.in/indonesia/,Fri Aug 07 2026 02:16:02 GMT+0000 (Coordinated Universal Time),10,JUNIORMARK ONCE SUNNYMOON,juniormark once sunnymoon,,,,,,
2026-08-07T10:56:19.113600+00:00,20260807-105619,https://trends24.in/indonesia/,Fri Aug 07 2026 02:16:02 GMT+0000 (Coordinated Universal Time),11,Rodri,rodri,,,,,,
2026-08-07T10:56:19.113600+00:00,20260807-105619,https://trends24.in/indonesia/,Fri Aug 07 2026 02:16:02 GMT+0000 (Coordinated Universal Time),12,SANTA VITAMIN ENRICHED,santa vitamin enriched,,,,,,
2026-08-07T10:56:19.113600+00:00,20260807-105619,https://trends24.in/indonesia/,Fri Aug 07 2026 02:16:02 GMT+0000 (Coordinated Universal Time),13,Persib vs Persebaya,persib vs persebaya,,,,,,
2026-08-07T10:56:19.113600+00:00,20260807-105619,https://trends24.in/indonesia/,Fri Aug 07 2026 02:16:02 GMT+0000 (Coordinated Universal Time),14,Roobet Username,roobet username,,,,,,
2026-08-07T10:56:19.113600+00:00,20260807-105619,https://trends24.in/indonesia/,Fri Aug 07 2026 02:16:02 GMT+0000 (Coordinated Universal Time),15,MAKE IT RIGHT,make it right,,,,,,
2026-08-07T10:56:19.113600+00:00,20260807-105619,https://trends24.in/indonesia/,Fri Aug 07 2026 02:16:02 GMT+0000 (Coordinated Universal Time),16,persija vs arema,persija vs arema,,,,,,
2026-08-07T10:56:19.113600+00:00,20260807-105619,https://trends24.in/indonesia/,Fri Aug 07 2026 02:16:02 GMT+0000 (Coordinated Universal Time),17,Pagii,pagii,,,,,,
2026-08-07T10:56:19.113600+00:00,20260807-105619,https://trends24.in/indonesia/,Fri Aug 07 2026 02:16:02 GMT+0000 (Coordinated Universal Time),18,fokus kerja strategis,fokus kerja strategis,,,,,,
2026-08-07T10:56:19.113600+00:00,20260807-105619,https://trends24.in/indonesia/,Fri Aug 07 2026 02:16:02 GMT+0000 (Coordinated Universal Time),19,PONDPHUWIN GRAB BONCHON,pondphuwin grab bonchon,,,,,,
2026-08-07T10:56:19.113600+00:00,20260807-105619,https://trends24.in/indonesia/,Fri Aug 07 2026 02:16:02 GMT+0000 (Coordinated Universal Time),20,ai untuk semua,ai untuk semua,,,,,,
2026-08-07T10:56:19.113600+00:00,20260807-105619,https://trends24.in/indonesia/,Fri Aug 07 2026 02:16:02 GMT+0000 (Coordinated Universal Time),21,Sarapan,sarapan,,,,,,
2026-08-07T10:56:19.113600+00:00,20260807-105619,https://trends24.in/indonesia/,Fri Aug 07 2026 02:16:02 GMT+0000 (Coordinated Universal Time),22,WITH LOVE TO NI-KI,with love to ni-ki,,,,,,
2026-08-07T10:56:19.113600+00:00,20260807-105619,https://trends24.in/indonesia/,Fri Aug 07 2026 02:16:02 GMT+0000 (Coordinated Universal Time),23,KALOG Express,kalog express,,,,,,
2026-08-07T10:56:19.113600+00:00,20260807-105619,https://trends24.in/indonesia/,Fri Aug 07 2026 02:16:02 GMT+0000 (Coordinated Universal Time),24,Bersama Pasti Ada Jalan,bersama pasti ada jalan,,,,,,
2026-08-07T10:56:19.113600+00:00,20260807-105619,https://trends24.in/indonesia/,Fri Aug 07 2026 02:16:02 GMT+0000 (Coordinated Universal Time),25,JGG FAM SPIDER MAN,jgg fam spider man,,,,,,
2026-08-07T10:56:19.113600+00:00,20260807-105619,https://trends24.in/indonesia/,Fri Aug 07 2026 02:16:02 GMT+0000 (Coordinated Universal Time),26,KALOG Plus,kalog plus,,,,,,
2026-08-07T10:56:19.113600+00:00,20260807-105619,https://trends24.in/indonesia/,Fri Aug 07 2026 02:16:02 GMT+0000 (Coordinated Universal Time),27,KALOG Pro,kalog pro,,,,,,
2026-08-07T10:56:19.113600+00:00,20260807-105619,https://trends24.in/indonesia/,Fri Aug 07 2026 02:16:02 GMT+0000 (Coordinated Universal Time),28,BRIN,brin,,,,,,
2026-08-07T10:56:19.113600+00:00,20260807-105619,https://trends24.in/indonesia/,Fri Aug 07 2026 02:16:02 GMT+0000 (Coordinated Universal Time),29,GAWIN GONE AWAY TPOPSTAGE,gawin gone away tpopstage,,,,,,
2026-08-07T10:56:19.113600+00:00,20260807-105619,https://trends24.in/indonesia/,Fri Aug 07 2026 02:16:02 GMT+0000 (Coordinated Universal Time),30,EST IN FANTA FANTASIES,est in fanta fantasies,,,,,,
2026-08-07T10:56:19.113600+00:00,20260807-105619,https://trends24.in/indonesia/,Fri Aug 07 2026 02:16:02 GMT+0000 (Coordinated Universal Time),31,Barca,barca,,,,,,
2026-08-07T10:56:19.113600+00:00,20260807-105619,https://trends24.in/indonesia/,Fri Aug 07 2026 02:16:02 GMT+0000 (Coordinated Universal Time),32,$LESTER,$lester,,,,,,
2026-08-07T10:56:19.113600+00:00,20260807-105619,https://trends24.in/indonesia/,Fri Aug 07 2026 02:16:02 GMT+0000 (Coordinated Universal Time),33,RSCM,rscm,,,,,,
2026-08-07T10:56:19.113600+00:00,20260807-105619,https://trends24.in/indonesia/,Fri Aug 07 2026 02:16:02 GMT+0000 (Coordinated Universal Time),34,MOONSHADOW SPECIAL EP,moonshadow special ep,,,,,,
2026-08-07T10:56:19.113600+00:00,20260807-105619,https://trends24.in/indonesia/,Fri Aug 07 2026 02:16:02 GMT+0000 (Coordinated Universal Time),35,Madrid,madrid,,,,,,
2026-08-07T10:56:19.113600+00:00,20260807-105619,https://trends24.in/indonesia/,Fri Aug 07 2026 02:16:02 GMT+0000 (Coordinated Universal Time),36,blackpink,blackpink,,,,,,
2026-08-07T10:56:19.113600+00:00,20260807-105619,https://trends24.in/indonesia/,Fri Aug 07 2026 02:16:02 GMT+0000 (Coordinated Universal Time),37,Bubur,bubur,,,,,,
2026-08-07T10:56:19.113600+00:00,20260807-105619,https://trends24.in/indonesia/,Fri Aug 07 2026 02:16:02 GMT+0000 (Coordinated Universal Time),38,Namoo Actors,namoo actors,,,,,,
2026-08-07T10:56:19.113600+00:00,20260807-105619,https://trends24.in/indonesia/,Fri Aug 07 2026 02:16:02 GMT+0000 (Coordinated Universal Time),39,Blingy Jets Teaser D2,blingy jets teaser d2,,,,,,
2026-08-07T10:56:19.113600+00:00,20260807-105619,https://trends24.in/indonesia/,Fri Aug 07 2026 02:16:02 GMT+0000 (Coordinated Universal Time),40,Younghoon,younghoon,,,,,,
2026-08-07T10:56:19.113600+00:00,20260807-105619,https://trends24.in/indonesia/,Fri Aug 07 2026 02:16:02 GMT+0000 (Coordinated Universal Time),41,BE MY PLAYER TWO EP4,be my player two ep4,,,,,,
2026-08-07T10:56:19.113600+00:00,20260807-105619,https://trends24.in/indonesia/,Fri Aug 07 2026 02:16:02 GMT+0000 (Coordinated Universal Time),42,XL POIN,xl poin,,,,,,
2026-08-07T10:56:19.113600+00:00,20260807-105619,https://trends24.in/indonesia/,Fri Aug 07 2026 02:16:02 GMT+0000 (Coordinated Universal Time),43,ON AIR WITH DJ JAEMIN,on air with dj jaemin,,,,,,
2026-08-07T10:56:19.113600+00:00,20260807-105619,https://trends24.in/indonesia/,Fri Aug 07 2026 02:16:02 GMT+0000 (Coordinated Universal Time),44,Nakes,nakes,,,,,,
2026-08-07T10:56:19.113600+00:00,20260807-105619,https://trends24.in/indonesia/,Fri Aug 07 2026 02:16:02 GMT+0000 (Coordinated Universal Time),45,Nyetok,nyetok,,,,,,
2026-08-07T10:56:19.113600+00:00,20260807-105619,https://trends24.in/indonesia/,Fri Aug 07 2026 02:16:02 GMT+0000 (Coordinated Universal Time),46,Happy 6th,happy 6th,,,,,,
2026-08-07T10:56:19.113600+00:00,20260807-105619,https://trends24.in/indonesia/,Fri Aug 07 2026 02:16:02 GMT+0000 (Coordinated Universal Time),47,Ramon,ramon,,,,,,
2026-08-07T10:56:19.113600+00:00,20260807-105619,https://trends24.in/indonesia/,Fri Aug 07 2026 02:16:02 GMT+0000 (Coordinated Universal Time),48,kedaulatan indonesia,kedaulatan indonesia,,,,,,
2026-08-07T10:56:19.113600+00:00,20260807-105619,https://trends24.in/indonesia/,Fri Aug 07 2026 02:16:02 GMT+0000 (Coordinated Universal Time),49,Barcelona,barcelona,,,,,,
2026-08-07T10:56:19.113600+00:00,20260807-105619,https://trends24.in/indonesia/,Fri Aug 07 2026 02:16:02 GMT+0000 (Coordinated Universal Time),50,Frame File,frame file,,,,,,
2026-08-07T10:56:19.113600+00:00,20260807-105619,https://trends24.in/indonesia/,Fri Aug 07 2026 01:24:17 GMT+0000 (Coordinated Universal Time),1,Jumat,jumat,,,,,,
2026-08-07T10:56:19.113600+00:00,20260807-105619,https://trends24.in/indonesia/,Fri Aug 07 2026 01:24:17 GMT+0000 (Coordinated Universal Time),2,#TREASURE6thANNIVERSARY,treasure6thanniversary,,,,,,
2026-08-07T10:56:19.113600+00:00,20260807-105619,https://trends24.in/indonesia/,Fri Aug 07 2026 01:24:17 GMT+0000 (Coordinated Universal Time),3,#PYPD_IN_NEWYORK,pypd_in_newyork,,,,,,
2026-08-07T10:56:19.113600+00:00,20260807-105619,https://trends24.in/indonesia/,Fri Aug 07 2026 01:24:17 GMT+0000 (Coordinated Universal Time),4,#itadakillovejkt48,itadakillovejkt48,,,,,,
2026-08-07T10:56:19.113600+00:00,20260807-105619,https://trends24.in/indonesia/,Fri Aug 07 2026 01:24:17 GMT+0000 (Coordinated Universal Time),5,peduli kuatkan sumbar,peduli kuatkan sumbar,,,,,,
2026-08-07T10:56:19.113600+00:00,20260807-105619,https://trends24.in/indonesia/,Fri Aug 07 2026 01:24:17 GMT+0000 (Coordinated Universal Time),6,BPJS,bpjs,,,,,,
2026-08-07T10:56:19.113600+00:00,20260807-105619,https://trends24.in/indonesia/,Fri Aug 07 2026 01:24:17 GMT+0000 (Coordinated Universal Time),7,Roobet Username,roobet username,,,,,,
2026-08-07T10:56:19.113600+00:00,20260807-105619,https://trends24.in/indonesia/,Fri Aug 07 2026 01:24:17 GMT+0000 (Coordinated Universal Time),8,Rodri,rodri,,,,,,
2026-08-07T10:56:19.113600+00:00,20260807-105619,https://trends24.in/indonesia/,Fri Aug 07 2026 01:24:17 GMT+0000 (Coordinated Universal Time),9,#MensFolioThailand,mensfoliothailand,,,,,,
2026-08-07T10:56:19.113600+00:00,20260807-105619,https://trends24.in/indonesia/,Fri Aug 07 2026 01:24:17 GMT+0000 (Coordinated Universal Time),10,#JuniorMarkConcertD1,juniormarkconcertd1,,,,,,
2026-08-07T10:56:19.113600+00:00,20260807-105619,https://trends24.in/indonesia/,Fri Aug 07 2026 01:24:17 GMT+0000 (Coordinated Universal Time),11,SANTA VITAMIN ENRICHED,santa vitamin enriched,,,,,,
2026-08-07T10:56:19.113600+00:00,20260807-105619,https://trends24.in/indonesia/,Fri Aug 07 2026 01:24:17 GMT+0000 (Coordinated Universal Time),12,Pagii,pagii,,,,,,
2026-08-07T10:56:19.113600+00:00,20260807-105619,https://trends24.in/indonesia/,Fri Aug 07 2026 01:24:17 GMT+0000 (Coordinated Universal Time),13,JUNIORMARK ONCE SUNNYMOON,juniormark once sunnymoon,,,,,,
2026-08-07T10:56:19.113600+00:00,20260807-105619,https://trends24.in/indonesia/,Fri Aug 07 2026 01:24:17 GMT+0000 (Coordinated Universal Time),14,Persib vs Persebaya,persib vs persebaya,,,,,,
2026-08-07T10:56:19.113600+00:00,20260807-105619,https://trends24.in/indonesia/,Fri Aug 07 2026 01:24:17 GMT+0000 (Coordinated Universal Time),15,persija vs arema,persija vs arema,,,,,,
2026-08-07T10:56:19.113600+00:00,20260807-105619,https://trends24.in/indonesia/,Fri Aug 07 2026 01:24:17 GMT+0000 (Coordinated Universal Time),16,bersama pasti ada jalan,bersama pasti ada jalan,,,,,,
2026-08-07T10:56:19.113600+00:00,20260807-105619,https://trends24.in/indonesia/,Fri Aug 07 2026 01:24:17 GMT+0000 (Coordinated Universal Time),17,PONDPHUWIN GRAB BONCHON,pondphuwin grab bonchon,,,,,,
2026-08-07T10:56:19.113600+00:00,20260807-105619,https://trends24.in/indonesia/,Fri Aug 07 2026 01:24:17 GMT+0000 (Coordinated Universal Time),18,fokus kerja strategis,fokus kerja strategis,,,,,,
2026-08-07T10:56:19.113600+00:00,20260807-105619,https://trends24.in/indonesia/,Fri Aug 07 2026 01:24:17 GMT+0000 (Coordinated Universal Time),19,ai untuk semua,ai untuk semua,,,,,,
2026-08-07T10:56:19.113600+00:00,20260807-105619,https://trends24.in/indonesia/,Fri Aug 07 2026 01:24:17 GMT+0000 (Coordinated Universal Time),20,JGG FAM SPIDER MAN,jgg fam spider man,,,,,,
2026-08-07T10:56:19.113600+00:00,20260807-105619,https://trends24.in/indonesia/,Fri Aug 07 2026 01:24:17 GMT+0000 (Coordinated Universal Time),21,SEONGHYEON NEWYORK HEARTTHROB,seonghyeon newyork heartthrob,,,,,,
2026-08-07T10:56:19.113600+00:00,20260807-105619,https://trends24.in/indonesia/,Fri Aug 07 2026 01:24:17 GMT+0000 (Coordinated Universal Time),22,WITH LOVE TO NI-KI,with love to ni-ki,,,,,,
2026-08-07T10:56:19.113600+00:00,20260807-105619,https://trends24.in/indonesia/,Fri Aug 07 2026 01:24:17 GMT+0000 (Coordinated Universal Time),23,Sarapan,sarapan,,,,,,
2026-08-07T10:56:19.113600+00:00,20260807-105619,https://trends24.in/indonesia/,Fri Aug 07 2026 01:24:17 GMT+0000 (Coordinated Universal Time),24,KALOG Express,kalog express,,,,,,
2026-08-07T10:56:19.113600+00:00,20260807-105619,https://trends24.in/indonesia/,Fri Aug 07 2026 01:24:17 GMT+0000 (Coordinated Universal Time),25,KALOG Plus,kalog plus,,,,,,
2026-08-07T10:56:19.113600+00:00,20260807-105619,https://trends24.in/indonesia/,Fri Aug 07 2026 01:24:17 GMT+0000 (Coordinated Universal Time),26,BRIN,brin,,,,,,
2026-08-07T10:56:19.113600+00:00,20260807-105619,https://trends24.in/indonesia/,Fri Aug 07 2026 01:24:17 GMT+0000 (Coordinated Universal Time),27,KALOG Pro,kalog pro,,,,,,
2026-08-07T10:56:19.113600+00:00,20260807-105619,https://trends24.in/indonesia/,Fri Aug 07 2026 01:24:17 GMT+0000 (Coordinated Universal Time),28,GAWIN GONE AWAY TPOPSTAGE,gawin gone away tpopstage,,,,,,
2026-08-07T10:56:19.113600+00:00,20260807-105619,https://trends24.in/indonesia/,Fri Aug 07 2026 01:24:17 GMT+0000 (Coordinated Universal Time),29,EST IN FANTA FANTASIES,est in fanta fantasies,,,,,,
2026-08-07T10:56:19.113600+00:00,20260807-105619,https://trends24.in/indonesia/,Fri Aug 07 2026 01:24:17 GMT+0000 (Coordinated Universal Time),30,Barca,barca,,,,,,
2026-08-07T10:56:19.113600+00:00,20260807-105619,https://trends24.in/indonesia/,Fri Aug 07 2026 01:24:17 GMT+0000 (Coordinated Universal Time),31,Waalaikumsalam,waalaikumsalam,,,,,,
2026-08-07T10:56:19.113600+00:00,20260807-105619,https://trends24.in/indonesia/,Fri Aug 07 2026 01:24:17 GMT+0000 (Coordinated Universal Time),32,$LESTER,$lester,,,,,,
2026-08-07T10:56:19.113600+00:00,20260807-105619,https://trends24.in/indonesia/,Fri Aug 07 2026 01:24:17 GMT+0000 (Coordinated Universal Time),33,Namoo Actors,namoo actors,,,,,,
2026-08-07T10:56:19.113600+00:00,20260807-105619,https://trends24.in/indonesia/,Fri Aug 07 2026 01:24:17 GMT+0000 (Coordinated Universal Time),34,MOONSHADOW SPECIAL EP,moonshadow special ep,,,,,,
2026-08-07T10:56:19.113600+00:00,20260807-105619,https://trends24.in/indonesia/,Fri Aug 07 2026 01:24:17 GMT+0000 (Coordinated Universal Time),35,Madrid,madrid,,,,,,
2026-08-07T10:56:19.113600+00:00,20260807-105619,https://trends24.in/indonesia/,Fri Aug 07 2026 01:24:17 GMT+0000 (Coordinated Universal Time),36,blackpink,blackpink,,,,,,
2026-08-07T10:56:19.113600+00:00,20260807-105619,https://trends24.in/indonesia/,Fri Aug 07 2026 01:24:17 GMT+0000 (Coordinated Universal Time),37,Man 3 Banyuwangi,man 3 banyuwangi,,,,,,
2026-08-07T10:56:19.113600+00:00,20260807-105619,https://trends24.in/indonesia/,Fri Aug 07 2026 01:24:17 GMT+0000 (Coordinated Universal Time),38,Semangat,semangat,,,,,,
2026-08-07T10:56:19.113600+00:00,20260807-105619,https://trends24.in/indonesia/,Fri Aug 07 2026 01:24:17 GMT+0000 (Coordinated Universal Time),39,Blingy Jets Teaser D2,blingy jets teaser d2,,,,,,
2026-08-07T10:56:19.113600+00:00,20260807-105619,https://trends24.in/indonesia/,Fri Aug 07 2026 01:24:17 GMT+0000 (Coordinated Universal Time),40,Bubur,bubur,,,,,,
2026-08-07T10:56:19.113600+00:00,20260807-105619,https://trends24.in/indonesia/,Fri Aug 07 2026 01:24:17 GMT+0000 (Coordinated Universal Time),41,Frame File,frame file,,,,,,
2026-08-07T10:56:19.113600+00:00,20260807-105619,https://trends24.in/indonesia/,Fri Aug 07 2026 01:24:17 GMT+0000 (Coordinated Universal Time),42,Younghoon,younghoon,,,,,,
2026-08-07T10:56:19.113600+00:00,20260807-105619,https://trends24.in/indonesia/,Fri Aug 07 2026 01:24:17 GMT+0000 (Coordinated Universal Time),43,RSCM,rscm,,,,,,
2026-08-07T10:56:19.113600+00:00,20260807-105619,https://trends24.in/indonesia/,Fri Aug 07 2026 01:24:17 GMT+0000 (Coordinated Universal Time),44,XL POIN,xl poin,,,,,,
2026-08-07T10:56:19.113600+00:00,20260807-105619,https://trends24.in/indonesia/,Fri Aug 07 2026 01:24:17 GMT+0000 (Coordinated Universal Time),45,Nakes,nakes,,,,,,
2026-08-07T10:56:19.113600+00:00,20260807-105619,https://trends24.in/indonesia/,Fri Aug 07 2026 01:24:17 GMT+0000 (Coordinated Universal Time),46,BE MY PLAYER TWO EP4,be my player two ep4,,,,,,
2026-08-07T10:56:19.113600+00:00,20260807-105619,https://trends24.in/indonesia/,Fri Aug 07 2026 01:24:17 GMT+0000 (Coordinated Universal Time),47,ON AIR WITH DJ JAEMIN,on air with dj jaemin,,,,,,
2026-08-07T10:56:19.113600+00:00,20260807-105619,https://trends24.in/indonesia/,Fri Aug 07 2026 01:24:17 GMT+0000 (Coordinated Universal Time),48,Happy 6th,happy 6th,,,,,,
2026-08-07T10:56:19.113600+00:00,20260807-105619,https://trends24.in/indonesia/,Fri Aug 07 2026 01:24:17 GMT+0000 (Coordinated Universal Time),49,Ramon,ramon,,,,,,
2026-08-07T10:56:19.113600+00:00,20260807-105619,https://trends24.in/indonesia/,Fri Aug 07 2026 01:24:17 GMT+0000 (Coordinated Universal Time),50,Gojek,gojek,,,,,,
2026-08-07T10:56:19.113600+00:00,20260807-105619,https://trends24.in/indonesia/,Fri Aug 07 2026 00:32:17 GMT+0000 (Coordinated Universal Time),1,#TREASURE6thANNIVERSARY,treasure6thanniversary,,,,,,
2026-08-07T10:56:19.113600+00:00,20260807-105619,https://trends24.in/indonesia/,Fri Aug 07 2026 00:32:17 GMT+0000 (Coordinated Universal Time),2,Jumat,jumat,,,,,,
2026-08-07T10:56:19.113600+00:00,20260807-105619,https://trends24.in/indonesia/,Fri Aug 07 2026 00:32:17 GMT+0000 (Coordinated Universal Time),3,peduli kuatkan sumbar,peduli kuatkan sumbar,,,,,,
2026-08-07T10:56:19.113600+00:00,20260807-105619,https://trends24.in/indonesia/,Fri Aug 07 2026 00:32:17 GMT+0000 (Coordinated Universal Time),4,BPJS,bpjs,,,,,,
2026-08-07T10:56:19.113600+00:00,20260807-105619,https://trends24.in/indonesia/,Fri Aug 07 2026 00:32:17 GMT+0000 (Coordinated Universal Time),5,#PYPD_IN_NEWYORK,pypd_in_newyork,,,,,,
2026-08-07T10:56:19.113600+00:00,20260807-105619,https://trends24.in/indonesia/,Fri Aug 07 2026 00:32:17 GMT+0000 (Coordinated Universal Time),6,#MensFolioThailand,mensfoliothailand,,,,,,
2026-08-07T10:56:19.113600+00:00,20260807-105619,https://trends24.in/indonesia/,Fri Aug 07 2026 00:32:17 GMT+0000 (Coordinated Universal Time),7,#JUMAVVA,jumavva,,,,,,
2026-08-07T10:56:19.113600+00:00,20260807-105619,https://trends24.in/indonesia/,Fri Aug 07 2026 00:32:17 GMT+0000 (Coordinated Universal Time),8,#perebutanjuaratiga,perebutanjuaratiga,,,,,,
2026-08-07T10:56:19.113600+00:00,20260807-105619,https://trends24.in/indonesia/,Fri Aug 07 2026 00:32:17 GMT+0000 (Coordinated Universal Time),9,Rodri,rodri,,,,,,
2026-08-07T10:56:19.113600+00:00,20260807-105619,https://trends24.in/indonesia/,Fri Aug 07 2026 00:32:17 GMT+0000 (Coordinated Universal Time),10,SANTA VITAMIN ENRICHED,santa vitamin enriched,,,,,,
2026-08-07T10:56:19.113600+00:00,20260807-105619,https://trends24.in/indonesia/,Fri Aug 07 2026 00:32:17 GMT+0000 (Coordinated Universal Time),11,Persib vs Persebaya,persib vs persebaya,,,,,,
2026-08-07T10:56:19.113600+00:00,20260807-105619,https://trends24.in/indonesia/,Fri Aug 07 2026 00:32:17 GMT+0000 (Coordinated Universal Time),12,PONDPHUWIN GRAB BONCHON,pondphuwin grab bonchon,,,,,,
2026-08-07T10:56:19.113600+00:00,20260807-105619,https://trends24.in/indonesia/,Fri Aug 07 2026 00:32:17 GMT+0000 (Coordinated Universal Time),13,persija vs arema,persija vs arema,,,,,,
2026-08-07T10:56:19.113600+00:00,20260807-105619,https://trends24.in/indonesia/,Fri Aug 07 2026 00:32:17 GMT+0000 (Coordinated Universal Time),14,Bersama Pasti Ada Jalan,bersama pasti ada jalan,,,,,,
2026-08-07T10:56:19.113600+00:00,20260807-105619,https://trends24.in/indonesia/,Fri Aug 07 2026 00:32:17 GMT+0000 (Coordinated Universal Time),15,fokus kerja strategis,fokus kerja strategis,,,,,,
2026-08-07T10:56:19.113600+00:00,20260807-105619,https://trends24.in/indonesia/,Fri Aug 07 2026 00:32:17 GMT+0000 (Coordinated Universal Time),16,ai untuk semua,ai untuk semua,,,,,,
2026-08-07T10:56:19.113600+00:00,20260807-105619,https://trends24.in/indonesia/,Fri Aug 07 2026 00:32:17 GMT+0000 (Coordinated Universal Time),17,JGG FAM SPIDER MAN,jgg fam spider man,,,,,,
2026-08-07T10:56:19.113600+00:00,20260807-105619,https://trends24.in/indonesia/,Fri Aug 07 2026 00:32:17 GMT+0000 (Coordinated Universal Time),18,chitato & chitato lite,chitato & chitato lite,,,,,,
2026-08-07T10:56:19.113600+00:00,20260807-105619,https://trends24.in/indonesia/,Fri Aug 07 2026 00:32:17 GMT+0000 (Coordinated Universal Time),19,Pagiii,pagiii,,,,,,
2026-08-07T10:56:19.113600+00:00,20260807-105619,https://trends24.in/indonesia/,Fri Aug 07 2026 00:32:17 GMT+0000 (Coordinated Universal Time),20,EST IN FANTA FANTASIES,est in fanta fantasies,,,,,,
2026-08-07T10:56:19.113600+00:00,20260807-105619,https://trends24.in/indonesia/,Fri Aug 07 2026 00:32:17 GMT+0000 (Coordinated Universal Time),21,GAWIN GONE AWAY TPOPSTAGE,gawin gone away tpopstage,,,,,,
2026-08-07T10:56:19.113600+00:00,20260807-105619,https://trends24.in/indonesia/,Fri Aug 07 2026 00:32:17 GMT+0000 (Coordinated Universal Time),22,Roobet Username,roobet username,,,,,,
2026-08-07T10:56:19.113600+00:00,20260807-105619,https://trends24.in/indonesia/,Fri Aug 07 2026 00:32:17 GMT+0000 (Coordinated Universal Time),23,KALOG Express,kalog express,,,,,,
2026-08-07T10:56:19.113600+00:00,20260807-105619,https://trends24.in/indonesia/,Fri Aug 07 2026 00:32:17 GMT+0000 (Coordinated Universal Time),24,KALOG Plus,kalog plus,,,,,,
2026-08-07T10:56:19.113600+00:00,20260807-105619,https://trends24.in/indonesia/,Fri Aug 07 2026 00:32:17 GMT+0000 (Coordinated Universal Time),25,KALOG Pro,kalog pro,,,,,,
2026-08-07T10:56:19.113600+00:00,20260807-105619,https://trends24.in/indonesia/,Fri Aug 07 2026 00:32:17 GMT+0000 (Coordinated Universal Time),26,BRIN,brin,,,,,,
2026-08-07T10:56:19.113600+00:00,20260807-105619,https://trends24.in/indonesia/,Fri Aug 07 2026 00:32:17 GMT+0000 (Coordinated Universal Time),27,$LESTER,$lester,,,,,,
2026-08-07T10:56:19.113600+00:00,20260807-105619,https://trends24.in/indonesia/,Fri Aug 07 2026 00:32:17 GMT+0000 (Coordinated Universal Time),28,Waalaikumsalam,waalaikumsalam,,,,,,
2026-08-07T10:56:19.113600+00:00,20260807-105619,https://trends24.in/indonesia/,Fri Aug 07 2026 00:32:17 GMT+0000 (Coordinated Universal Time),29,Barca,barca,,,,,,
2026-08-07T10:56:19.113600+00:00,20260807-105619,https://trends24.in/indonesia/,Fri Aug 07 2026 00:32:17 GMT+0000 (Coordinated Universal Time),30,MOONSHADOW SPECIAL EP,moonshadow special ep,,,,,,
2026-08-07T10:56:19.113600+00:00,20260807-105619,https://trends24.in/indonesia/,Fri Aug 07 2026 00:32:17 GMT+0000 (Coordinated Universal Time),31,Madrid,madrid,,,,,,
2026-08-07T10:56:19.113600+00:00,20260807-105619,https://trends24.in/indonesia/,Fri Aug 07 2026 00:32:17 GMT+0000 (Coordinated Universal Time),32,blackpink,blackpink,,,,,,
2026-08-07T10:56:19.113600+00:00,20260807-105619,https://trends24.in/indonesia/,Fri Aug 07 2026 00:32:17 GMT+0000 (Coordinated Universal Time),33,Blingy Jets Teaser D2,blingy jets teaser d2,,,,,,
2026-08-07T10:56:19.113600+00:00,20260807-105619,https://trends24.in/indonesia/,Fri Aug 07 2026 00:32:17 GMT+0000 (Coordinated Universal Time),34,Younghoon,younghoon,,,,,,
2026-08-07T10:56:19.113600+00:00,20260807-105619,https://trends24.in/indonesia/,Fri Aug 07 2026 00:32:17 GMT+0000 (Coordinated Universal Time),35,Nakes,nakes,,,,,,
2026-08-07T10:56:19.113600+00:00,20260807-105619,https://trends24.in/indonesia/,Fri Aug 07 2026 00:32:17 GMT+0000 (Coordinated Universal Time),36,ON AIR WITH DJ JAEMIN,on air with dj jaemin,,,,,,
2026-08-07T10:56:19.113600+00:00,20260807-105619,https://trends24.in/indonesia/,Fri Aug 07 2026 00:32:17 GMT+0000 (Coordinated Universal Time),37,XL POIN,xl poin,,,,,,
2026-08-07T10:56:19.113600+00:00,20260807-105619,https://trends24.in/indonesia/,Fri Aug 07 2026 00:32:17 GMT+0000 (Coordinated Universal Time),38,Kendaraan,kendaraan,,,,,,
2026-08-07T10:56:19.113600+00:00,20260807-105619,https://trends24.in/indonesia/,Fri Aug 07 2026 00:32:17 GMT+0000 (Coordinated Universal Time),39,Happy 6th,happy 6th,,,,,,
2026-08-07T10:56:19.113600+00:00,20260807-105619,https://trends24.in/indonesia/,Fri Aug 07 2026 00:32:17 GMT+0000 (Coordinated Universal Time),40,Gojek,gojek,,,,,,
2026-08-07T10:56:19.113600+00:00,20260807-105619,https://trends24.in/indonesia/,Fri Aug 07 2026 00:32:17 GMT+0000 (Coordinated Universal Time),41,BE MY PLAYER TWO EP4,be my player two ep4,,,,,,
2026-08-07T10:56:19.113600+00:00,20260807-105619,https://trends24.in/indonesia/,Fri Aug 07 2026 00:32:17 GMT+0000 (Coordinated Universal Time),42,senada jebloskan dipa,senada jebloskan dipa,,,,,,
2026-08-07T10:56:19.113600+00:00,20260807-105619,https://trends24.in/indonesia/,Fri Aug 07 2026 00:32:17 GMT+0000 (Coordinated Universal Time),43,Frame File,frame file,,,,,,
2026-08-07T10:56:19.113600+00:00,20260807-105619,https://trends24.in/indonesia/,Fri Aug 07 2026 00:32:17 GMT+0000 (Coordinated Universal Time),44,Ramon,ramon,,,,,,
2026-08-07T10:56:19.113600+00:00,20260807-105619,https://trends24.in/indonesia/,Fri Aug 07 2026 00:32:17 GMT+0000 (Coordinated Universal Time),45,10 Exolix,10 exolix,,,,,,
2026-08-07T10:56:19.113600+00:00,20260807-105619,https://trends24.in/indonesia/,Fri Aug 07 2026 00:32:17 GMT+0000 (Coordinated Universal Time),46,kedaulatan indonesia,kedaulatan indonesia,,,,,,
2026-08-07T10:56:19.113600+00:00,20260807-105619,https://trends24.in/indonesia/,Fri Aug 07 2026 00:32:17 GMT+0000 (Coordinated Universal Time),47,Nikita Bier,nikita bier,,,,,,
2026-08-07T10:56:19.113600+00:00,20260807-105619,https://trends24.in/indonesia/,Fri Aug 07 2026 00:32:17 GMT+0000 (Coordinated Universal Time),48,Scott Summers,scott summers,,,,,,
2026-08-07T10:56:19.113600+00:00,20260807-105619,https://trends24.in/indonesia/,Fri Aug 07 2026 00:32:17 GMT+0000 (Coordinated Universal Time),49,Fitrah,fitrah,,,,,,
2026-08-07T10:56:19.113600+00:00,20260807-105619,https://trends24.in/indonesia/,Fri Aug 07 2026 00:32:17 GMT+0000 (Coordinated Universal Time),50,Morningg,morningg,,,,,,
2026-08-07T10:56:19.113600+00:00,20260807-105619,https://trends24.in/indonesia/,Thu Aug 06 2026 23:39:46 GMT+0000 (Coordinated Universal Time),1,#TREASURE6thANNIVERSARY,treasure6thanniversary,,,,,,
2026-08-07T10:56:19.113600+00:00,20260807-105619,https://trends24.in/indonesia/,Thu Aug 06 2026 23:39:46 GMT+0000 (Coordinated Universal Time),2,peduli kuatkan sumbar,peduli kuatkan sumbar,,,,,,
2026-08-07T10:56:19.113600+00:00,20260807-105619,https://trends24.in/indonesia/,Thu Aug 06 2026 23:39:46 GMT+0000 (Coordinated Universal Time),3,BPJS,bpjs,,,,,,
2026-08-07T10:56:19.113600+00:00,20260807-105619,https://trends24.in/indonesia/,Thu Aug 06 2026 23:39:46 GMT+0000 (Coordinated Universal Time),4,Jumat,jumat,,,,,,
2026-08-07T10:56:19.113600+00:00,20260807-105619,https://trends24.in/indonesia/,Thu Aug 06 2026 23:39:46 GMT+0000 (Coordinated Universal Time),5,#MensFolioThailand,mensfoliothailand,,,,,,
2026-08-07T10:56:19.113600+00:00,20260807-105619,https://trends24.in/indonesia/,Thu Aug 06 2026 23:39:46 GMT+0000 (Coordinated Universal Time),6,#JUMAVVA,jumavva,,,,,,
2026-08-07T10:56:19.113600+00:00,20260807-105619,https://trends24.in/indonesia/,Thu Aug 06 2026 23:39:46 GMT+0000 (Coordinated Universal Time),7,#perebutanjuaratiga,perebutanjuaratiga,,,,,,
2026-08-07T10:56:19.113600+00:00,20260807-105619,https://trends24.in/indonesia/,Thu Aug 06 2026 23:39:46 GMT+0000 (Coordinated Universal Time),8,#à¹à¸à¸­à¸°à¸à¸­à¸¢à¸­à¸´à¸à¸à¸­à¸¢à¸à¸²à¸£à¹à¸à¸µà¹,à¹à¸à¸­à¸°à¸à¸­à¸¢à¸­à¸´à¸à¸à¸­à¸¢à¸à¸²à¸£à¹à¸à¸µà¹,,,,,,
2026-08-07T10:56:19.113600+00:00,20260807-105619,https://trends24.in/indonesia/,Thu Aug 06 2026 23:39:46 GMT+0000 (Coordinated Universal Time),9,SANTA VITAMIN ENRICHED,santa vitamin enriched,,,,,,
2026-08-07T10:56:19.113600+00:00,20260807-105619,https://trends24.in/indonesia/,Thu Aug 06 2026 23:39:46 GMT+0000 (Coordinated Universal Time),10,PERSIB VS PERSEBAYA,persib vs persebaya,,,,,,
2026-08-07T10:56:19.113600+00:00,20260807-105619,https://trends24.in/indonesia/,Thu Aug 06 2026 23:39:46 GMT+0000 (Coordinated Universal Time),11,Rodri,rodri,,,,,,
2026-08-07T10:56:19.113600+00:00,20260807-105619,https://trends24.in/indonesia/,Thu Aug 06 2026 23:39:46 GMT+0000 (Coordinated Universal Time),12,PONDPHUWIN GRAB BONCHON,pondphuwin grab bonchon,,,,,,
2026-08-07T10:56:19.113600+00:00,20260807-105619,https://trends24.in/indonesia/,Thu Aug 06 2026 23:39:46 GMT+0000 (Coordinated Universal Time),13,persija vs arema,persija vs arema,,,,,,
2026-08-07T10:56:19.113600+00:00,20260807-105619,https://trends24.in/indonesia/,Thu Aug 06 2026 23:39:46 GMT+0000 (Coordinated Universal Time),14,Bersama Pasti Ada Jalan,bersama pasti ada jalan,,,,,,
2026-08-07T10:56:19.113600+00:00,20260807-105619,https://trends24.in/indonesia/,Thu Aug 06 2026 23:39:46 GMT+0000 (Coordinated Universal Time),15,fokus kerja strategis,fokus kerja strategis,,,,,,
2026-08-07T10:56:19.113600+00:00,20260807-105619,https://trends24.in/indonesia/,Thu Aug 06 2026 23:39:46 GMT+0000 (Coordinated Universal Time),16,JGG FAM SPIDER MAN,jgg fam spider man,,,,,,
2026-08-07T10:56:19.113600+00:00,20260807-105619,https://trends24.in/indonesia/,Thu Aug 06 2026 23:39:46 GMT+0000 (Coordinated Universal Time),17,ai untuk semua,ai untuk semua,,,,,,
2026-08-07T10:56:19.113600+00:00,20260807-105619,https://trends24.in/indonesia/,Thu Aug 06 2026 23:39:46 GMT+0000 (Coordinated Universal Time),18,chitato & chitato lite,chitato & chitato lite,,,,,,
2026-08-07T10:56:19.113600+00:00,20260807-105619,https://trends24.in/indonesia/,Thu Aug 06 2026 23:39:46 GMT+0000 (Coordinated Universal Time),19,WITH LOVE TO NI-KI,with love to ni-ki,,,,,,
2026-08-07T10:56:19.113600+00:00,20260807-105619,https://trends24.in/indonesia/,Thu Aug 06 2026 23:39:46 GMT+0000 (Coordinated Universal Time),20,EST IN FANTA FANTASIES,est in fanta fantasies,,,,,,
2026-08-07T10:56:19.113600+00:00,20260807-105619,https://trends24.in/indonesia/,Thu Aug 06 2026 23:39:46 GMT+0000 (Coordinated Universal Time),21,GAWIN GONE AWAY TPOPSTAGE,gawin gone away tpopstage,,,,,,
2026-08-07T10:56:19.113600+00:00,20260807-105619,https://trends24.in/indonesia/,Thu Aug 06 2026 23:39:46 GMT+0000 (Coordinated Universal Time),22,KALOG Express,kalog express,,,,,,
2026-08-07T10:56:19.113600+00:00,20260807-105619,https://trends24.in/indonesia/,Thu Aug 06 2026 23:39:46 GMT+0000 (Coordinated Universal Time),23,KALOG Plus,kalog plus,,,,,,
2026-08-07T10:56:19.113600+00:00,20260807-105619,https://trends24.in/indonesia/,Thu Aug 06 2026 23:39:46 GMT+0000 (Coordinated Universal Time),24,KALOG Pro,kalog pro,,,,,,
2026-08-07T10:56:19.113600+00:00,20260807-105619,https://trends24.in/indonesia/,Thu Aug 06 2026 23:39:46 GMT+0000 (Coordinated Universal Time),25,$LESTER,$lester,,,,,,
2026-08-07T10:56:19.113600+00:00,20260807-105619,https://trends24.in/indonesia/,Thu Aug 06 2026 23:39:46 GMT+0000 (Coordinated Universal Time),26,Waalaikumsalam,waalaikumsalam,,,,,,
2026-08-07T10:56:19.113600+00:00,20260807-105619,https://trends24.in/indonesia/,Thu Aug 06 2026 23:39:46 GMT+0000 (Coordinated Universal Time),27,MOONSHADOW SPECIAL EP,moonshadow special ep,,,,,,
2026-08-07T10:56:19.113600+00:00,20260807-105619,https://trends24.in/indonesia/,Thu Aug 06 2026 23:39:46 GMT+0000 (Coordinated Universal Time),28,BRIN,brin,,,,,,
2026-08-07T10:56:19.113600+00:00,20260807-105619,https://trends24.in/indonesia/,Thu Aug 06 2026 23:39:46 GMT+0000 (Coordinated Universal Time),29,Barca,barca,,,,,,
2026-08-07T10:56:19.113600+00:00,20260807-105619,https://trends24.in/indonesia/,Thu Aug 06 2026 23:39:46 GMT+0000 (Coordinated Universal Time),30,Madrid,madrid,,,,,,
2026-08-07T10:56:19.113600+00:00,20260807-105619,https://trends24.in/indonesia/,Thu Aug 06 2026 23:39:46 GMT+0000 (Coordinated Universal Time),31,Blingy Jets Teaser D2,blingy jets teaser d2,,,,,,
2026-08-07T10:56:19.113600+00:00,20260807-105619,https://trends24.in/indonesia/,Thu Aug 06 2026 23:39:46 GMT+0000 (Coordinated Universal Time),32,blackpink,blackpink,,,,,,
2026-08-07T10:56:19.113600+00:00,20260807-105619,https://trends24.in/indonesia/,Thu Aug 06 2026 23:39:46 GMT+0000 (Coordinated Universal Time),33,XL POIN,xl poin,,,,,,
2026-08-07T10:56:19.113600+00:00,20260807-105619,https://trends24.in/indonesia/,Thu Aug 06 2026 23:39:46 GMT+0000 (Coordinated Universal Time),34,Nakes,nakes,,,,,,
2026-08-07T10:56:19.113600+00:00,20260807-105619,https://trends24.in/indonesia/,Thu Aug 06 2026 23:39:46 GMT+0000 (Coordinated Universal Time),35,Pagiii,pagiii,,,,,,
2026-08-07T10:56:19.113600+00:00,20260807-105619,https://trends24.in/indonesia/,Thu Aug 06 2026 23:39:46 GMT+0000 (Coordinated Universal Time),36,ON AIR WITH DJ JAEMIN,on air with dj jaemin,,,,,,
2026-08-07T10:56:19.113600+00:00,20260807-105619,https://trends24.in/indonesia/,Thu Aug 06 2026 23:39:46 GMT+0000 (Coordinated Universal Time),37,Gojek,gojek,,,,,,
2026-08-07T10:56:19.113600+00:00,20260807-105619,https://trends24.in/indonesia/,Thu Aug 06 2026 23:39:46 GMT+0000 (Coordinated Universal Time),38,Happy 6th,happy 6th,,,,,,
2026-08-07T10:56:19.113600+00:00,20260807-105619,https://trends24.in/indonesia/,Thu Aug 06 2026 23:39:46 GMT+0000 (Coordinated Universal Time),39,senada jebloskan dipa,senada jebloskan dipa,,,,,,
2026-08-07T10:56:19.113600+00:00,20260807-105619,https://trends24.in/indonesia/,Thu Aug 06 2026 23:39:46 GMT+0000 (Coordinated Universal Time),40,Ramon,ramon,,,,,,
2026-08-07T10:56:19.113600+00:00,20260807-105619,https://trends24.in/indonesia/,Thu Aug 06 2026 23:39:46 GMT+0000 (Coordinated Universal Time),41,kedaulatan indonesia,kedaulatan indonesia,,,,,,
2026-08-07T10:56:19.113600+00:00,20260807-105619,https://trends24.in/indonesia/,Thu Aug 06 2026 23:39:46 GMT+0000 (Coordinated Universal Time),42,Nikita Bier,nikita bier,,,,,,
2026-08-07T10:56:19.113600+00:00,20260807-105619,https://trends24.in/indonesia/,Thu Aug 06 2026 23:39:46 GMT+0000 (Coordinated Universal Time),43,connor,connor,,,,,,
2026-08-07T10:56:19.113600+00:00,20260807-105619,https://trends24.in/indonesia/,Thu Aug 06 2026 23:39:46 GMT+0000 (Coordinated Universal Time),44,BE MY PLAYER TWO EP4,be my player two ep4,,,,,,
2026-08-07T10:56:19.113600+00:00,20260807-105619,https://trends24.in/indonesia/,Thu Aug 06 2026 23:39:46 GMT+0000 (Coordinated Universal Time),45,Semoga Allah,semoga allah,,,,,,
2026-08-07T10:56:19.113600+00:00,20260807-105619,https://trends24.in/indonesia/,Thu Aug 06 2026 23:39:46 GMT+0000 (Coordinated Universal Time),46,Kamis,kamis,,,,,,
2026-08-07T10:56:19.113600+00:00,20260807-105619,https://trends24.in/indonesia/,Thu Aug 06 2026 23:39:46 GMT+0000 (Coordinated Universal Time),47,Barcelona,barcelona,,,,,,
2026-08-07T10:56:19.113600+00:00,20260807-105619,https://trends24.in/indonesia/,Thu Aug 06 2026 23:39:46 GMT+0000 (Coordinated Universal Time),48,Fitrah,fitrah,,,,,,
2026-08-07T10:56:19.113600+00:00,20260807-105619,https://trends24.in/indonesia/,Thu Aug 06 2026 23:39:46 GMT+0000 (Coordinated Universal Time),49,RSCM,rscm,,,,,,
2026-08-07T10:56:19.113600+00:00,20260807-105619,https://trends24.in/indonesia/,Thu Aug 06 2026 23:39:46 GMT+0000 (Coordinated Universal Time),50,Hamra,hamra,,,,,,
2026-08-07T10:56:19.113600+00:00,20260807-105619,https://trends24.in/indonesia/,Thu Aug 06 2026 23:39:45 GMT+0000 (Coordinated Universal Time),1,#TREASURE6thANNIVERSARY,treasure6thanniversary,,,,,,
2026-08-07T10:56:19.113600+00:00,20260807-105619,https://trends24.in/indonesia/,Thu Aug 06 2026 23:39:45 GMT+0000 (Coordinated Universal Time),2,peduli kuatkan sumbar,peduli kuatkan sumbar,,,,,,
2026-08-07T10:56:19.113600+00:00,20260807-105619,https://trends24.in/indonesia/,Thu Aug 06 2026 23:39:45 GMT+0000 (Coordinated Universal Time),3,BPJS,bpjs,,,,,,
2026-08-07T10:56:19.113600+00:00,20260807-105619,https://trends24.in/indonesia/,Thu Aug 06 2026 23:39:45 GMT+0000 (Coordinated Universal Time),4,Jumat,jumat,,,,,,
2026-08-07T10:56:19.113600+00:00,20260807-105619,https://trends24.in/indonesia/,Thu Aug 06 2026 23:39:45 GMT+0000 (Coordinated Universal Time),5,#MensFolioThailand,mensfoliothailand,,,,,,
2026-08-07T10:56:19.113600+00:00,20260807-105619,https://trends24.in/indonesia/,Thu Aug 06 2026 23:39:45 GMT+0000 (Coordinated Universal Time),6,#JUMAVVA,jumavva,,,,,,
2026-08-07T10:56:19.113600+00:00,20260807-105619,https://trends24.in/indonesia/,Thu Aug 06 2026 23:39:45 GMT+0000 (Coordinated Universal Time),7,#perebutanjuaratiga,perebutanjuaratiga,,,,,,
2026-08-07T10:56:19.113600+00:00,20260807-105619,https://trends24.in/indonesia/,Thu Aug 06 2026 23:39:45 GMT+0000 (Coordinated Universal Time),8,#à¹à¸à¸­à¸°à¸à¸­à¸¢à¸­à¸´à¸à¸à¸­à¸¢à¸à¸²à¸£à¹à¸à¸µà¹,à¹à¸à¸­à¸°à¸à¸­à¸¢à¸­à¸´à¸à¸à¸­à¸¢à¸à¸²à¸£à¹à¸à¸µà¹,,,,,,
2026-08-07T10:56:19.113600+00:00,20260807-105619,https://trends24.in/indonesia/,Thu Aug 06 2026 23:39:45 GMT+0000 (Coordinated Universal Time),9,SANTA VITAMIN ENRICHED,santa vitamin enriched,,,,,,
2026-08-07T10:56:19.113600+00:00,20260807-105619,https://trends24.in/indonesia/,Thu Aug 06 2026 23:39:45 GMT+0000 (Coordinated Universal Time),10,PERSIB VS PERSEBAYA,persib vs persebaya,,,,,,
2026-08-07T10:56:19.113600+00:00,20260807-105619,https://trends24.in/indonesia/,Thu Aug 06 2026 23:39:45 GMT+0000 (Coordinated Universal Time),11,Rodri,rodri,,,,,,
2026-08-07T10:56:19.113600+00:00,20260807-105619,https://trends24.in/indonesia/,Thu Aug 06 2026 23:39:45 GMT+0000 (Coordinated Universal Time),12,PONDPHUWIN GRAB BONCHON,pondphuwin grab bonchon,,,,,,
2026-08-07T10:56:19.113600+00:00,20260807-105619,https://trends24.in/indonesia/,Thu Aug 06 2026 23:39:45 GMT+0000 (Coordinated Universal Time),13,persija vs arema,persija vs arema,,,,,,
2026-08-07T10:56:19.113600+00:00,20260807-105619,https://trends24.in/indonesia/,Thu Aug 06 2026 23:39:45 GMT+0000 (Coordinated Universal Time),14,Bersama Pasti Ada Jalan,bersama pasti ada jalan,,,,,,
2026-08-07T10:56:19.113600+00:00,20260807-105619,https://trends24.in/indonesia/,Thu Aug 06 2026 23:39:45 GMT+0000 (Coordinated Universal Time),15,fokus kerja strategis,fokus kerja strategis,,,,,,
2026-08-07T10:56:19.113600+00:00,20260807-105619,https://trends24.in/indonesia/,Thu Aug 06 2026 23:39:45 GMT+0000 (Coordinated Universal Time),16,JGG FAM SPIDER MAN,jgg fam spider man,,,,,,
2026-08-07T10:56:19.113600+00:00,20260807-105619,https://trends24.in/indonesia/,Thu Aug 06 2026 23:39:45 GMT+0000 (Coordinated Universal Time),17,ai untuk semua,ai untuk semua,,,,,,
2026-08-07T10:56:19.113600+00:00,20260807-105619,https://trends24.in/indonesia/,Thu Aug 06 2026 23:39:45 GMT+0000 (Coordinated Universal Time),18,chitato & chitato lite,chitato & chitato lite,,,,,,
2026-08-07T10:56:19.113600+00:00,20260807-105619,https://trends24.in/indonesia/,Thu Aug 06 2026 23:39:45 GMT+0000 (Coordinated Universal Time),19,WITH LOVE TO NI-KI,with love to ni-ki,,,,,,
2026-08-07T10:56:19.113600+00:00,20260807-105619,https://trends24.in/indonesia/,Thu Aug 06 2026 23:39:45 GMT+0000 (Coordinated Universal Time),20,EST IN FANTA FANTASIES,est in fanta fantasies,,,,,,
2026-08-07T10:56:19.113600+00:00,20260807-105619,https://trends24.in/indonesia/,Thu Aug 06 2026 23:39:45 GMT+0000 (Coordinated Universal Time),21,GAWIN GONE AWAY TPOPSTAGE,gawin gone away tpopstage,,,,,,
2026-08-07T10:56:19.113600+00:00,20260807-105619,https://trends24.in/indonesia/,Thu Aug 06 2026 23:39:45 GMT+0000 (Coordinated Universal Time),22,KALOG Express,kalog express,,,,,,
2026-08-07T10:56:19.113600+00:00,20260807-105619,https://trends24.in/indonesia/,Thu Aug 06 2026 23:39:45 GMT+0000 (Coordinated Universal Time),23,KALOG Plus,kalog plus,,,,,,
2026-08-07T10:56:19.113600+00:00,20260807-105619,https://trends24.in/indonesia/,Thu Aug 06 2026 23:39:45 GMT+0000 (Coordinated Universal Time),24,KALOG Pro,kalog pro,,,,,,
2026-08-07T10:56:19.113600+00:00,20260807-105619,https://trends24.in/indonesia/,Thu Aug 06 2026 23:39:45 GMT+0000 (Coordinated Universal Time),25,$LESTER,$lester,,,,,,
2026-08-07T10:56:19.113600+00:00,20260807-105619,https://trends24.in/indonesia/,Thu Aug 06 2026 23:39:45 GMT+0000 (Coordinated Universal Time),26,MOONSHADOW SPECIAL EP,moonshadow special ep,,,,,,
2026-08-07T10:56:19.113600+00:00,20260807-105619,https://trends24.in/indonesia/,Thu Aug 06 2026 23:39:45 GMT+0000 (Coordinated Universal Time),27,BRIN,brin,,,,,,
2026-08-07T10:56:19.113600+00:00,20260807-105619,https://trends24.in/indonesia/,Thu Aug 06 2026 23:39:45 GMT+0000 (Coordinated Universal Time),28,Waalaikumsalam,waalaikumsalam,,,,,,
2026-08-07T10:56:19.113600+00:00,20260807-105619,https://trends24.in/indonesia/,Thu Aug 06 2026 23:39:45 GMT+0000 (Coordinated Universal Time),29,Barca,barca,,,,,,
2026-08-07T10:56:19.113600+00:00,20260807-105619,https://trends24.in/indonesia/,Thu Aug 06 2026 23:39:45 GMT+0000 (Coordinated Universal Time),30,Madrid,madrid,,,,,,
2026-08-07T10:56:19.113600+00:00,20260807-105619,https://trends24.in/indonesia/,Thu Aug 06 2026 23:39:45 GMT+0000 (Coordinated Universal Time),31,Blingy Jets Teaser D2,blingy jets teaser d2,,,,,,
2026-08-07T10:56:19.113600+00:00,20260807-105619,https://trends24.in/indonesia/,Thu Aug 06 2026 23:39:45 GMT+0000 (Coordinated Universal Time),32,blackpink,blackpink,,,,,,
2026-08-07T10:56:19.113600+00:00,20260807-105619,https://trends24.in/indonesia/,Thu Aug 06 2026 23:39:45 GMT+0000 (Coordinated Universal Time),33,XL POIN,xl poin,,,,,,
2026-08-07T10:56:19.113600+00:00,20260807-105619,https://trends24.in/indonesia/,Thu Aug 06 2026 23:39:45 GMT+0000 (Coordinated Universal Time),34,Nakes,nakes,,,,,,
2026-08-07T10:56:19.113600+00:00,20260807-105619,https://trends24.in/indonesia/,Thu Aug 06 2026 23:39:45 GMT+0000 (Coordinated Universal Time),35,ON AIR WITH DJ JAEMIN,on air with dj jaemin,,,,,,
2026-08-07T10:56:19.113600+00:00,20260807-105619,https://trends24.in/indonesia/,Thu Aug 06 2026 23:39:45 GMT+0000 (Coordinated Universal Time),36,Gojek,gojek,,,,,,
2026-08-07T10:56:19.113600+00:00,20260807-105619,https://trends24.in/indonesia/,Thu Aug 06 2026 23:39:45 GMT+0000 (Coordinated Universal Time),37,Happy 6th,happy 6th,,,,,,
2026-08-07T10:56:19.113600+00:00,20260807-105619,https://trends24.in/indonesia/,Thu Aug 06 2026 23:39:45 GMT+0000 (Coordinated Universal Time),38,Ramon,ramon,,,,,,
2026-08-07T10:56:19.113600+00:00,20260807-105619,https://trends24.in/indonesia/,Thu Aug 06 2026 23:39:45 GMT+0000 (Coordinated Universal Time),39,senada jebloskan dipa,senada jebloskan dipa,,,,,,
2026-08-07T10:56:19.113600+00:00,20260807-105619,https://trends24.in/indonesia/,Thu Aug 06 2026 23:39:45 GMT+0000 (Coordinated Universal Time),40,kedaulatan indonesia,kedaulatan indonesia,,,,,,
2026-08-07T10:56:19.113600+00:00,20260807-105619,https://trends24.in/indonesia/,Thu Aug 06 2026 23:39:45 GMT+0000 (Coordinated Universal Time),41,Nikita Bier,nikita bier,,,,,,
2026-08-07T10:56:19.113600+00:00,20260807-105619,https://trends24.in/indonesia/,Thu Aug 06 2026 23:39:45 GMT+0000 (Coordinated Universal Time),42,BE MY PLAYER TWO EP4,be my player two ep4,,,,,,
2026-08-07T10:56:19.113600+00:00,20260807-105619,https://trends24.in/indonesia/,Thu Aug 06 2026 23:39:45 GMT+0000 (Coordinated Universal Time),43,connor,connor,,,,,,
2026-08-07T10:56:19.113600+00:00,20260807-105619,https://trends24.in/indonesia/,Thu Aug 06 2026 23:39:45 GMT+0000 (Coordinated Universal Time),44,Semoga Allah,semoga allah,,,,,,
2026-08-07T10:56:19.113600+00:00,20260807-105619,https://trends24.in/indonesia/,Thu Aug 06 2026 23:39:45 GMT+0000 (Coordinated Universal Time),45,Pagiii,pagiii,,,,,,
2026-08-07T10:56:19.113600+00:00,20260807-105619,https://trends24.in/indonesia/,Thu Aug 06 2026 23:39:45 GMT+0000 (Coordinated Universal Time),46,Fitrah,fitrah,,,,,,
2026-08-07T10:56:19.113600+00:00,20260807-105619,https://trends24.in/indonesia/,Thu Aug 06 2026 23:39:45 GMT+0000 (Coordinated Universal Time),47,Kamis,kamis,,,,,,
2026-08-07T10:56:19.113600+00:00,20260807-105619,https://trends24.in/indonesia/,Thu Aug 06 2026 23:39:45 GMT+0000 (Coordinated Universal Time),48,RSCM,rscm,,,,,,
2026-08-07T10:56:19.113600+00:00,20260807-105619,https://trends24.in/indonesia/,Thu Aug 06 2026 23:39:45 GMT+0000 (Coordinated Universal Time),49,Hamra,hamra,,,,,,
2026-08-07T10:56:19.113600+00:00,20260807-105619,https://trends24.in/indonesia/,Thu Aug 06 2026 23:39:45 GMT+0000 (Coordinated Universal Time),50,Frame File,frame file,,,,,,
2026-08-07T10:56:19.113600+00:00,20260807-105619,https://trends24.in/indonesia/,Thu Aug 06 2026 22:45:54 GMT+0000 (Coordinated Universal Time),1,#TREASURE6thANNIVERSARY,treasure6thanniversary,,,,,,
2026-08-07T10:56:19.113600+00:00,20260807-105619,https://trends24.in/indonesia/,Thu Aug 06 2026 22:45:54 GMT+0000 (Coordinated Universal Time),2,peduli kuatkan sumbar,peduli kuatkan sumbar,,,,,,
2026-08-07T10:56:19.113600+00:00,20260807-105619,https://trends24.in/indonesia/,Thu Aug 06 2026 22:45:54 GMT+0000 (Coordinated Universal Time),3,BPJS,bpjs,,,,,,
2026-08-07T10:56:19.113600+00:00,20260807-105619,https://trends24.in/indonesia/,Thu Aug 06 2026 22:45:54 GMT+0000 (Coordinated Universal Time),4,persib vs persebaya,persib vs persebaya,,,,,,
2026-08-07T10:56:19.113600+00:00,20260807-105619,https://trends24.in/indonesia/,Thu Aug 06 2026 22:45:54 GMT+0000 (Coordinated Universal Time),5,#MensFolioThailand,mensfoliothailand,,,,,,
2026-08-07T10:56:19.113600+00:00,20260807-105619,https://trends24.in/indonesia/,Thu Aug 06 2026 22:45:54 GMT+0000 (Coordinated Universal Time),6,#JUMAVVA,jumavva,,,,,,
2026-08-07T10:56:19.113600+00:00,20260807-105619,https://trends24.in/indonesia/,Thu Aug 06 2026 22:45:54 GMT+0000 (Coordinated Universal Time),7,#FinalPialaPresiden2026,finalpialapresiden2026,,,,,,
2026-08-07T10:56:19.113600+00:00,20260807-105619,https://trends24.in/indonesia/,Thu Aug 06 2026 22:45:54 GMT+0000 (Coordinated Universal Time),8,#à¹à¸à¸­à¸°à¸à¸­à¸¢à¸­à¸´à¸à¸à¸­à¸¢à¸à¸²à¸£à¹à¸à¸µà¹,à¹à¸à¸­à¸°à¸à¸­à¸¢à¸­à¸´à¸à¸à¸­à¸¢à¸à¸²à¸£à¹à¸à¸µà¹,,,,,,
2026-08-07T10:56:19.113600+00:00,20260807-105619,https://trends24.in/indonesia/,Thu Aug 06 2026 22:45:54 GMT+0000 (Coordinated Universal Time),9,SANTA VITAMIN ENRICHED,santa vitamin enriched,,,,,,
2026-08-07T10:56:19.113600+00:00,20260807-105619,https://trends24.in/indonesia/,Thu Aug 06 2026 22:45:54 GMT+0000 (Coordinated Universal Time),10,JGG FAM SPIDER MAN,jgg fam spider man,,,,,,
2026-08-07T10:56:19.113600+00:00,20260807-105619,https://trends24.in/indonesia/,Thu Aug 06 2026 22:45:54 GMT+0000 (Coordinated Universal Time),11,Rodri,rodri,,,,,,
2026-08-07T10:56:19.113600+00:00,20260807-105619,https://trends24.in/indonesia/,Thu Aug 06 2026 22:45:54 GMT+0000 (Coordinated Universal Time),12,PONDPHUWIN GRAB BONCHON,pondphuwin grab bonchon,,,,,,
2026-08-07T10:56:19.113600+00:00,20260807-105619,https://trends24.in/indonesia/,Thu Aug 06 2026 22:45:54 GMT+0000 (Coordinated Universal Time),13,persija vs arema,persija vs arema,,,,,,
2026-08-07T10:56:19.113600+00:00,20260807-105619,https://trends24.in/indonesia/,Thu Aug 06 2026 22:45:54 GMT+0000 (Coordinated Universal Time),14,Bersama Pasti Ada Jalan,bersama pasti ada jalan,,,,,,
2026-08-07T10:56:19.113600+00:00,20260807-105619,https://trends24.in/indonesia/,Thu Aug 06 2026 22:45:54 GMT+0000 (Coordinated Universal Time),15,fokus kerja strategis,fokus kerja strategis,,,,,,
2026-08-07T10:56:19.113600+00:00,20260807-105619,https://trends24.in/indonesia/,Thu Aug 06 2026 22:45:54 GMT+0000 (Coordinated Universal Time),16,ai untuk semua,ai untuk semua,,,,,,
2026-08-07T10:56:19.113600+00:00,20260807-105619,https://trends24.in/indonesia/,Thu Aug 06 2026 22:45:54 GMT+0000 (Coordinated Universal Time),17,chitato & chitato lite,chitato & chitato lite,,,,,,
2026-08-07T10:56:19.113600+00:00,20260807-105619,https://trends24.in/indonesia/,Thu Aug 06 2026 22:45:54 GMT+0000 (Coordinated Universal Time),18,WITH LOVE TO NI-KI,with love to ni-ki,,,,,,
2026-08-07T10:56:19.113600+00:00,20260807-105619,https://trends24.in/indonesia/,Thu Aug 06 2026 22:45:54 GMT+0000 (Coordinated Universal Time),19,EST IN FANTA FANTASIES,est in fanta fantasies,,,,,,
2026-08-07T10:56:19.113600+00:00,20260807-105619,https://trends24.in/indonesia/,Thu Aug 06 2026 22:45:54 GMT+0000 (Coordinated Universal Time),20,GAWIN GONE AWAY TPOPSTAGE,gawin gone away tpopstage,,,,,,
2026-08-07T10:56:19.113600+00:00,20260807-105619,https://trends24.in/indonesia/,Thu Aug 06 2026 22:45:54 GMT+0000 (Coordinated Universal Time),21,KALOG Express,kalog express,,,,,,
2026-08-07T10:56:19.113600+00:00,20260807-105619,https://trends24.in/indonesia/,Thu Aug 06 2026 22:45:54 GMT+0000 (Coordinated Universal Time),22,$LESTER,$lester,,,,,,
2026-08-07T10:56:19.113600+00:00,20260807-105619,https://trends24.in/indonesia/,Thu Aug 06 2026 22:45:54 GMT+0000 (Coordinated Universal Time),23,KALOG Plus,kalog plus,,,,,,
2026-08-07T10:56:19.113600+00:00,20260807-105619,https://trends24.in/indonesia/,Thu Aug 06 2026 22:45:54 GMT+0000 (Coordinated Universal Time),24,KALOG Pro,kalog pro,,,,,,
2026-08-07T10:56:19.113600+00:00,20260807-105619,https://trends24.in/indonesia/,Thu Aug 06 2026 22:45:54 GMT+0000 (Coordinated Universal Time),25,Jumat,jumat,,,,,,
2026-08-07T10:56:19.113600+00:00,20260807-105619,https://trends24.in/indonesia/,Thu Aug 06 2026 22:45:54 GMT+0000 (Coordinated Universal Time),26,MOONSHADOW SPECIAL EP,moonshadow special ep,,,,,,
2026-08-07T10:56:19.113600+00:00,20260807-105619,https://trends24.in/indonesia/,Thu Aug 06 2026 22:45:54 GMT+0000 (Coordinated Universal Time),27,Barca,barca,,,,,,
2026-08-07T10:56:19.113600+00:00,20260807-105619,https://trends24.in/indonesia/,Thu Aug 06 2026 22:45:54 GMT+0000 (Coordinated Universal Time),28,Blingy Jets Teaser D2,blingy jets teaser d2,,,,,,
2026-08-07T10:56:19.113600+00:00,20260807-105619,https://trends24.in/indonesia/,Thu Aug 06 2026 22:45:54 GMT+0000 (Coordinated Universal Time),29,Madrid,madrid,,,,,,
2026-08-07T10:56:19.113600+00:00,20260807-105619,https://trends24.in/indonesia/,Thu Aug 06 2026 22:45:54 GMT+0000 (Coordinated Universal Time),30,blackpink,blackpink,,,,,,
2026-08-07T10:56:19.113600+00:00,20260807-105619,https://trends24.in/indonesia/,Thu Aug 06 2026 22:45:54 GMT+0000 (Coordinated Universal Time),31,BRIN,brin,,,,,,
2026-08-07T10:56:19.113600+00:00,20260807-105619,https://trends24.in/indonesia/,Thu Aug 06 2026 22:45:54 GMT+0000 (Coordinated Universal Time),32,XL POIN,xl poin,,,,,,
2026-08-07T10:56:19.113600+00:00,20260807-105619,https://trends24.in/indonesia/,Thu Aug 06 2026 22:45:54 GMT+0000 (Coordinated Universal Time),33,Gojek,gojek,,,,,,
2026-08-07T10:56:19.113600+00:00,20260807-105619,https://trends24.in/indonesia/,Thu Aug 06 2026 22:45:54 GMT+0000 (Coordinated Universal Time),34,Nakes,nakes,,,,,,
2026-08-07T10:56:19.113600+00:00,20260807-105619,https://trends24.in/indonesia/,Thu Aug 06 2026 22:45:54 GMT+0000 (Coordinated Universal Time),35,ON AIR WITH DJ JAEMIN,on air with dj jaemin,,,,,,
2026-08-07T10:56:19.113600+00:00,20260807-105619,https://trends24.in/indonesia/,Thu Aug 06 2026 22:45:54 GMT+0000 (Coordinated Universal Time),36,BE MY PLAYER TWO EP4,be my player two ep4,,,,,,
2026-08-07T10:56:19.113600+00:00,20260807-105619,https://trends24.in/indonesia/,Thu Aug 06 2026 22:45:54 GMT+0000 (Coordinated Universal Time),37,Nikita Bier,nikita bier,,,,,,
2026-08-07T10:56:19.113600+00:00,20260807-105619,https://trends24.in/indonesia/,Thu Aug 06 2026 22:45:54 GMT+0000 (Coordinated Universal Time),38,Happy 6th,happy 6th,,,,,,
2026-08-07T10:56:19.113600+00:00,20260807-105619,https://trends24.in/indonesia/,Thu Aug 06 2026 22:45:54 GMT+0000 (Coordinated Universal Time),39,senada jebloskan dipa,senada jebloskan dipa,,,,,,
2026-08-07T10:56:19.113600+00:00,20260807-105619,https://trends24.in/indonesia/,Thu Aug 06 2026 22:45:54 GMT+0000 (Coordinated Universal Time),40,Ramon,ramon,,,,,,
2026-08-07T10:56:19.113600+00:00,20260807-105619,https://trends24.in/indonesia/,Thu Aug 06 2026 22:45:54 GMT+0000 (Coordinated Universal Time),41,kedaulatan indonesia,kedaulatan indonesia,,,,,,
2026-08-07T10:56:19.113600+00:00,20260807-105619,https://trends24.in/indonesia/,Thu Aug 06 2026 22:45:54 GMT+0000 (Coordinated Universal Time),42,fitrah,fitrah,,,,,,
2026-08-07T10:56:19.113600+00:00,20260807-105619,https://trends24.in/indonesia/,Thu Aug 06 2026 22:45:54 GMT+0000 (Coordinated Universal Time),43,Hamra,hamra,,,,,,
2026-08-07T10:56:19.113600+00:00,20260807-105619,https://trends24.in/indonesia/,Thu Aug 06 2026 22:45:54 GMT+0000 (Coordinated Universal Time),44,JANJINGJING RUN STAR CRUSH,janjingjing run star crush,,,,,,
2026-08-07T10:56:19.113600+00:00,20260807-105619,https://trends24.in/indonesia/,Thu Aug 06 2026 22:45:54 GMT+0000 (Coordinated Universal Time),45,Perez Hilton,perez hilton,,,,,,
2026-08-07T10:56:19.113600+00:00,20260807-105619,https://trends24.in/indonesia/,Thu Aug 06 2026 22:45:54 GMT+0000 (Coordinated Universal Time),46,Kamis,kamis,,,,,,
2026-08-07T10:56:19.113600+00:00,20260807-105619,https://trends24.in/indonesia/,Thu Aug 06 2026 22:45:54 GMT+0000 (Coordinated Universal Time),47,Rans,rans,,,,,,
2026-08-07T10:56:19.113600+00:00,20260807-105619,https://trends24.in/indonesia/,Thu Aug 06 2026 22:45:54 GMT+0000 (Coordinated Universal Time),48,UNLUCKYBAE EPISODE 1,unluckybae episode 1,,,,,,
2026-08-07T10:56:19.113600+00:00,20260807-105619,https://trends24.in/indonesia/,Thu Aug 06 2026 22:45:54 GMT+0000 (Coordinated Universal Time),49,bnpb,bnpb,,,,,,
2026-08-07T10:56:19.113600+00:00,20260807-105619,https://trends24.in/indonesia/,Thu Aug 06 2026 22:45:54 GMT+0000 (Coordinated Universal Time),50,hyper-ego artemis ascendant,hyper-ego artemis ascendant,,,,,,
2026-08-07T10:56:19.113600+00:00,20260807-105619,https://trends24.in/indonesia/,Thu Aug 06 2026 21:54:53 GMT+0000 (Coordinated Universal Time),1,#TREASURE6thANNIVERSARY,treasure6thanniversary,,,,,,
2026-08-07T10:56:19.113600+00:00,20260807-105619,https://trends24.in/indonesia/,Thu Aug 06 2026 21:54:53 GMT+0000 (Coordinated Universal Time),2,peduli kuatkan sumbar,peduli kuatkan sumbar,,,,,,
2026-08-07T10:56:19.113600+00:00,20260807-105619,https://trends24.in/indonesia/,Thu Aug 06 2026 21:54:53 GMT+0000 (Coordinated Universal Time),3,BPJS,bpjs,,,,,,
2026-08-07T10:56:19.113600+00:00,20260807-105619,https://trends24.in/indonesia/,Thu Aug 06 2026 21:54:53 GMT+0000 (Coordinated Universal Time),4,persib vs persebaya,persib vs persebaya,,,,,,
2026-08-07T10:56:19.113600+00:00,20260807-105619,https://trends24.in/indonesia/,Thu Aug 06 2026 21:54:53 GMT+0000 (Coordinated Universal Time),5,#BobbiBrownTHxSANTA,bobbibrownthxsanta,,,,,,
2026-08-07T10:56:19.113600+00:00,20260807-105619,https://trends24.in/indonesia/,Thu Aug 06 2026 21:54:53 GMT+0000 (Coordinated Universal Time),6,SANTA VITAMIN ENRICHED,santa vitamin enriched,,,,,,
2026-08-07T10:56:19.113600+00:00,20260807-105619,https://trends24.in/indonesia/,Thu Aug 06 2026 21:54:53 GMT+0000 (Coordinated Universal Time),7,#JUMAVVA,jumavva,,,,,,
2026-08-07T10:56:19.113600+00:00,20260807-105619,https://trends24.in/indonesia/,Thu Aug 06 2026 21:54:53 GMT+0000 (Coordinated Universal Time),8,#MensFolioThailand,mensfoliothailand,,,,,,
2026-08-07T10:56:19.113600+00:00,20260807-105619,https://trends24.in/indonesia/,Thu Aug 06 2026 21:54:53 GMT+0000 (Coordinated Universal Time),9,#à¹à¸à¸­à¸°à¸à¸­à¸¢à¸­à¸´à¸à¸à¸­à¸¢à¸à¸²à¸£à¹à¸à¸µà¹,à¹à¸à¸­à¸°à¸à¸­à¸¢à¸­à¸´à¸à¸à¸­à¸¢à¸à¸²à¸£à¹à¸à¸µà¹,,,,,,
2026-08-07T10:56:19.113600+00:00,20260807-105619,https://trends24.in/indonesia/,Thu Aug 06 2026 21:54:53 GMT+0000 (Coordinated Universal Time),10,JGG FAM SPIDER MAN,jgg fam spider man,,,,,,
2026-08-07T10:56:19.113600+00:00,20260807-105619,https://trends24.in/indonesia/,Thu Aug 06 2026 21:54:53 GMT+0000 (Coordinated Universal Time),11,Rodri,rodri,,,,,,
2026-08-07T10:56:19.113600+00:00,20260807-105619,https://trends24.in/indonesia/,Thu Aug 06 2026 21:54:53 GMT+0000 (Coordinated Universal Time),12,PONDPHUWIN GRAB BONCHON,pondphuwin grab bonchon,,,,,,
2026-08-07T10:56:19.113600+00:00,20260807-105619,https://trends24.in/indonesia/,Thu Aug 06 2026 21:54:53 GMT+0000 (Coordinated Universal Time),13,persija vs arema,persija vs arema,,,,,,
2026-08-07T10:56:19.113600+00:00,20260807-105619,https://trends24.in/indonesia/,Thu Aug 06 2026 21:54:53 GMT+0000 (Coordinated Universal Time),14,Bersama Pasti Ada Jalan,bersama pasti ada jalan,,,,,,
2026-08-07T10:56:19.113600+00:00,20260807-105619,https://trends24.in/indonesia/,Thu Aug 06 2026 21:54:53 GMT+0000 (Coordinated Universal Time),15,fokus kerja strategis,fokus kerja strategis,,,,,,
2026-08-07T10:56:19.113600+00:00,20260807-105619,https://trends24.in/indonesia/,Thu Aug 06 2026 21:54:53 GMT+0000 (Coordinated Universal Time),16,ai untuk semua,ai untuk semua,,,,,,
2026-08-07T10:56:19.113600+00:00,20260807-105619,https://trends24.in/indonesia/,Thu Aug 06 2026 21:54:53 GMT+0000 (Coordinated Universal Time),17,WITH LOVE TO NI-KI,with love to ni-ki,,,,,,
2026-08-07T10:56:19.113600+00:00,20260807-105619,https://trends24.in/indonesia/,Thu Aug 06 2026 21:54:53 GMT+0000 (Coordinated Universal Time),18,chitato & chitato lite,chitato & chitato lite,,,,,,
2026-08-07T10:56:19.113600+00:00,20260807-105619,https://trends24.in/indonesia/,Thu Aug 06 2026 21:54:53 GMT+0000 (Coordinated Universal Time),19,EST IN FANTA FANTASIES,est in fanta fantasies,,,,,,
2026-08-07T10:56:19.113600+00:00,20260807-105619,https://trends24.in/indonesia/,Thu Aug 06 2026 21:54:53 GMT+0000 (Coordinated Universal Time),20,GAWIN GONE AWAY TPOPSTAGE,gawin gone away tpopstage,,,,,,
2026-08-07T10:56:19.113600+00:00,20260807-105619,https://trends24.in/indonesia/,Thu Aug 06 2026 21:54:53 GMT+0000 (Coordinated Universal Time),21,$LESTER,$lester,,,,,,
2026-08-07T10:56:19.113600+00:00,20260807-105619,https://trends24.in/indonesia/,Thu Aug 06 2026 21:54:53 GMT+0000 (Coordinated Universal Time),22,KALOG Pro,kalog pro,,,,,,
2026-08-07T10:56:19.113600+00:00,20260807-105619,https://trends24.in/indonesia/,Thu Aug 06 2026 21:54:53 GMT+0000 (Coordinated Universal Time),23,KALOG Plus,kalog plus,,,,,,
2026-08-07T10:56:19.113600+00:00,20260807-105619,https://trends24.in/indonesia/,Thu Aug 06 2026 21:54:53 GMT+0000 (Coordinated Universal Time),24,KALOG Express,kalog express,,,,,,
2026-08-07T10:56:19.113600+00:00,20260807-105619,https://trends24.in/indonesia/,Thu Aug 06 2026 21:54:53 GMT+0000 (Coordinated Universal Time),25,Malam Jumat,malam jumat,,,,,,
2026-08-07T10:56:19.113600+00:00,20260807-105619,https://trends24.in/indonesia/,Thu Aug 06 2026 21:54:53 GMT+0000 (Coordinated Universal Time),26,MOONSHADOW SPECIAL EP,moonshadow special ep,,,,,,
2026-08-07T10:56:19.113600+00:00,20260807-105619,https://trends24.in/indonesia/,Thu Aug 06 2026 21:54:53 GMT+0000 (Coordinated Universal Time),27,Blingy Jets Teaser D2,blingy jets teaser d2,,,,,,
2026-08-07T10:56:19.113600+00:00,20260807-105619,https://trends24.in/indonesia/,Thu Aug 06 2026 21:54:53 GMT+0000 (Coordinated Universal Time),28,Barca,barca,,,,,,
2026-08-07T10:56:19.113600+00:00,20260807-105619,https://trends24.in/indonesia/,Thu Aug 06 2026 21:54:53 GMT+0000 (Coordinated Universal Time),29,blackpink,blackpink,,,,,,
2026-08-07T10:56:19.113600+00:00,20260807-105619,https://trends24.in/indonesia/,Thu Aug 06 2026 21:54:53 GMT+0000 (Coordinated Universal Time),30,Madrid,madrid,,,,,,
2026-08-07T10:56:19.113600+00:00,20260807-105619,https://trends24.in/indonesia/,Thu Aug 06 2026 21:54:53 GMT+0000 (Coordinated Universal Time),31,the grim lover q20,the grim lover q20,,,,,,
2026-08-07T10:56:19.113600+00:00,20260807-105619,https://trends24.in/indonesia/,Thu Aug 06 2026 21:54:53 GMT+0000 (Coordinated Universal Time),32,XL POIN,xl poin,,,,,,
2026-08-07T10:56:19.113600+00:00,20260807-105619,https://trends24.in/indonesia/,Thu Aug 06 2026 21:54:53 GMT+0000 (Coordinated Universal Time),33,Nakes,nakes,,,,,,
2026-08-07T10:56:19.113600+00:00,20260807-105619,https://trends24.in/indonesia/,Thu Aug 06 2026 21:54:53 GMT+0000 (Coordinated Universal Time),34,Gojek,gojek,,,,,,
2026-08-07T10:56:19.113600+00:00,20260807-105619,https://trends24.in/indonesia/,Thu Aug 06 2026 21:54:53 GMT+0000 (Coordinated Universal Time),35,BRIN,brin,,,,,,
2026-08-07T10:56:19.113600+00:00,20260807-105619,https://trends24.in/indonesia/,Thu Aug 06 2026 21:54:53 GMT+0000 (Coordinated Universal Time),36,ON AIR WITH DJ JAEMIN,on air with dj jaemin,,,,,,
2026-08-07T10:56:19.113600+00:00,20260807-105619,https://trends24.in/indonesia/,Thu Aug 06 2026 21:54:53 GMT+0000 (Coordinated Universal Time),37,BE MY PLAYER TWO EP4,be my player two ep4,,,,,,
2026-08-07T10:56:19.113600+00:00,20260807-105619,https://trends24.in/indonesia/,Thu Aug 06 2026 21:54:53 GMT+0000 (Coordinated Universal Time),38,Nikita Bier,nikita bier,,,,,,
2026-08-07T10:56:19.113600+00:00,20260807-105619,https://trends24.in/indonesia/,Thu Aug 06 2026 21:54:53 GMT+0000 (Coordinated Universal Time),39,Ramon,ramon,,,,,,
2026-08-07T10:56:19.113600+00:00,20260807-105619,https://trends24.in/indonesia/,Thu Aug 06 2026 21:54:53 GMT+0000 (Coordinated Universal Time),40,Happy 6th,happy 6th,,,,,,
2026-08-07T10:56:19.113600+00:00,20260807-105619,https://trends24.in/indonesia/,Thu Aug 06 2026 21:54:53 GMT+0000 (Coordinated Universal Time),41,senada jebloskan dipa,senada jebloskan dipa,,,,,,
2026-08-07T10:56:19.113600+00:00,20260807-105619,https://trends24.in/indonesia/,Thu Aug 06 2026 21:54:53 GMT+0000 (Coordinated Universal Time),42,kedaulatan indonesia,kedaulatan indonesia,,,,,,
2026-08-07T10:56:19.113600+00:00,20260807-105619,https://trends24.in/indonesia/,Thu Aug 06 2026 21:54:53 GMT+0000 (Coordinated Universal Time),43,Fitrah,fitrah,,,,,,
2026-08-07T10:56:19.113600+00:00,20260807-105619,https://trends24.in/indonesia/,Thu Aug 06 2026 21:54:53 GMT+0000 (Coordinated Universal Time),44,Hamra,hamra,,,,,,
2026-08-07T10:56:19.113600+00:00,20260807-105619,https://trends24.in/indonesia/,Thu Aug 06 2026 21:54:53 GMT+0000 (Coordinated Universal Time),45,Kamis,kamis,,,,,,
2026-08-07T10:56:19.113600+00:00,20260807-105619,https://trends24.in/indonesia/,Thu Aug 06 2026 21:54:53 GMT+0000 (Coordinated Universal Time),46,JANJINGJING RUN STAR CRUSH,janjingjing run star crush,,,,,,
2026-08-07T10:56:19.113600+00:00,20260807-105619,https://trends24.in/indonesia/,Thu Aug 06 2026 21:54:53 GMT+0000 (Coordinated Universal Time),47,Perez Hilton,perez hilton,,,,,,
2026-08-07T10:56:19.113600+00:00,20260807-105619,https://trends24.in/indonesia/,Thu Aug 06 2026 21:54:53 GMT+0000 (Coordinated Universal Time),48,Rans,rans,,,,,,
2026-08-07T10:56:19.113600+00:00,20260807-105619,https://trends24.in/indonesia/,Thu Aug 06 2026 21:54:53 GMT+0000 (Coordinated Universal Time),49,UNLUCKYBAE EPISODE 1,unluckybae episode 1,,,,,,
2026-08-07T10:56:19.113600+00:00,20260807-105619,https://trends24.in/indonesia/,Thu Aug 06 2026 21:54:53 GMT+0000 (Coordinated Universal Time),50,bnpb,bnpb,,,,,,
2026-08-07T10:56:19.113600+00:00,20260807-105619,https://trends24.in/indonesia/,Thu Aug 06 2026 21:03:42 GMT+0000 (Coordinated Universal Time),1,#TREASURE6thANNIVERSARY,treasure6thanniversary,,,,,,
2026-08-07T10:56:19.113600+00:00,20260807-105619,https://trends24.in/indonesia/,Thu Aug 06 2026 21:03:42 GMT+0000 (Coordinated Universal Time),2,peduli kuatkan sumbar,peduli kuatkan sumbar,,,,,,
2026-08-07T10:56:19.113600+00:00,20260807-105619,https://trends24.in/indonesia/,Thu Aug 06 2026 21:03:42 GMT+0000 (Coordinated Universal Time),3,BPJS,bpjs,,,,,,
2026-08-07T10:56:19.113600+00:00,20260807-105619,https://trends24.in/indonesia/,Thu Aug 06 2026 21:03:42 GMT+0000 (Coordinated Universal Time),4,Persib vs Persebaya,persib vs persebaya,,,,,,
2026-08-07T10:56:19.113600+00:00,20260807-105619,https://trends24.in/indonesia/,Thu Aug 06 2026 21:03:42 GMT+0000 (Coordinated Universal Time),5,#JUMAVVA,jumavva,,,,,,
2026-08-07T10:56:19.113600+00:00,20260807-105619,https://trends24.in/indonesia/,Thu Aug 06 2026 21:03:42 GMT+0000 (Coordinated Universal Time),6,#BobbiBrownTHxSANTA,bobbibrownthxsanta,,,,,,
2026-08-07T10:56:19.113600+00:00,20260807-105619,https://trends24.in/indonesia/,Thu Aug 06 2026 21:03:42 GMT+0000 (Coordinated Universal Time),7,SANTA VITAMIN ENRICHED,santa vitamin enriched,,,,,,
2026-08-07T10:56:19.113600+00:00,20260807-105619,https://trends24.in/indonesia/,Thu Aug 06 2026 21:03:42 GMT+0000 (Coordinated Universal Time),8,#MensFolioThailand,mensfoliothailand,,,,,,
2026-08-07T10:56:19.113600+00:00,20260807-105619,https://trends24.in/indonesia/,Thu Aug 06 2026 21:03:42 GMT+0000 (Coordinated Universal Time),9,#à¹à¸à¸­à¸°à¸à¸­à¸¢à¸­à¸´à¸à¸à¸­à¸¢à¸à¸²à¸£à¹à¸à¸µà¹,à¹à¸à¸­à¸°à¸à¸­à¸¢à¸­à¸´à¸à¸à¸­à¸¢à¸à¸²à¸£à¹à¸à¸µà¹,,,,,,
2026-08-07T10:56:19.113600+00:00,20260807-105619,https://trends24.in/indonesia/,Thu Aug 06 2026 21:03:42 GMT+0000 (Coordinated Universal Time),10,JGG FAM SPIDER MAN,jgg fam spider man,,,,,,
2026-08-07T10:56:19.113600+00:00,20260807-105619,https://trends24.in/indonesia/,Thu Aug 06 2026 21:03:42 GMT+0000 (Coordinated Universal Time),11,PONDPHUWIN GRAB BONCHON,pondphuwin grab bonchon,,,,,,
2026-08-07T10:56:19.113600+00:00,20260807-105619,https://trends24.in/indonesia/,Thu Aug 06 2026 21:03:42 GMT+0000 (Coordinated Universal Time),12,Rodri,rodri,,,,,,
2026-08-07T10:56:19.113600+00:00,20260807-105619,https://trends24.in/indonesia/,Thu Aug 06 2026 21:03:42 GMT+0000 (Coordinated Universal Time),13,persija vs arema,persija vs arema,,,,,,
2026-08-07T10:56:19.113600+00:00,20260807-105619,https://trends24.in/indonesia/,Thu Aug 06 2026 21:03:42 GMT+0000 (Coordinated Universal Time),14,Bersama Pasti Ada Jalan,bersama pasti ada jalan,,,,,,
2026-08-07T10:56:19.113600+00:00,20260807-105619,https://trends24.in/indonesia/,Thu Aug 06 2026 21:03:42 GMT+0000 (Coordinated Universal Time),15,fokus kerja strategis,fokus kerja strategis,,,,,,
2026-08-07T10:56:19.113600+00:00,20260807-105619,https://trends24.in/indonesia/,Thu Aug 06 2026 21:03:42 GMT+0000 (Coordinated Universal Time),16,ai untuk semua,ai untuk semua,,,,,,
2026-08-07T10:56:19.113600+00:00,20260807-105619,https://trends24.in/indonesia/,Thu Aug 06 2026 21:03:42 GMT+0000 (Coordinated Universal Time),17,WITH LOVE TO NI-KI,with love to ni-ki,,,,,,
2026-08-07T10:56:19.113600+00:00,20260807-105619,https://trends24.in/indonesia/,Thu Aug 06 2026 21:03:42 GMT+0000 (Coordinated Universal Time),18,EST IN FANTA FANTASIES,est in fanta fantasies,,,,,,
2026-08-07T10:56:19.113600+00:00,20260807-105619,https://trends24.in/indonesia/,Thu Aug 06 2026 21:03:42 GMT+0000 (Coordinated Universal Time),19,chitato & chitato lite,chitato & chitato lite,,,,,,
2026-08-07T10:56:19.113600+00:00,20260807-105619,https://trends24.in/indonesia/,Thu Aug 06 2026 21:03:42 GMT+0000 (Coordinated Universal Time),20,GAWIN GONE AWAY TPOPSTAGE,gawin gone away tpopstage,,,,,,
2026-08-07T10:56:19.113600+00:00,20260807-105619,https://trends24.in/indonesia/,Thu Aug 06 2026 21:03:42 GMT+0000 (Coordinated Universal Time),21,$LESTER,$lester,,,,,,
2026-08-07T10:56:19.113600+00:00,20260807-105619,https://trends24.in/indonesia/,Thu Aug 06 2026 21:03:42 GMT+0000 (Coordinated Universal Time),22,KALOG Express,kalog express,,,,,,
2026-08-07T10:56:19.113600+00:00,20260807-105619,https://trends24.in/indonesia/,Thu Aug 06 2026 21:03:42 GMT+0000 (Coordinated Universal Time),23,KALOG Pro,kalog pro,,,,,,
2026-08-07T10:56:19.113600+00:00,20260807-105619,https://trends24.in/indonesia/,Thu Aug 06 2026 21:03:42 GMT+0000 (Coordinated Universal Time),24,KALOG Plus,kalog plus,,,,,,
2026-08-07T10:56:19.113600+00:00,20260807-105619,https://trends24.in/indonesia/,Thu Aug 06 2026 21:03:42 GMT+0000 (Coordinated Universal Time),25,Malam Jumat,malam jumat,,,,,,
2026-08-07T10:56:19.113600+00:00,20260807-105619,https://trends24.in/indonesia/,Thu Aug 06 2026 21:03:42 GMT+0000 (Coordinated Universal Time),26,MOONSHADOW SPECIAL EP,moonshadow special ep,,,,,,
2026-08-07T10:56:19.113600+00:00,20260807-105619,https://trends24.in/indonesia/,Thu Aug 06 2026 21:03:42 GMT+0000 (Coordinated Universal Time),27,Ramon,ramon,,,,,,
2026-08-07T10:56:19.113600+00:00,20260807-105619,https://trends24.in/indonesia/,Thu Aug 06 2026 21:03:42 GMT+0000 (Coordinated Universal Time),28,Blingy Jets Teaser D2,blingy jets teaser d2,,,,,,
2026-08-07T10:56:19.113600+00:00,20260807-105619,https://trends24.in/indonesia/,Thu Aug 06 2026 21:03:42 GMT+0000 (Coordinated Universal Time),29,Barca,barca,,,,,,
2026-08-07T10:56:19.113600+00:00,20260807-105619,https://trends24.in/indonesia/,Thu Aug 06 2026 21:03:42 GMT+0000 (Coordinated Universal Time),30,blackpink,blackpink,,,,,,
2026-08-07T10:56:19.113600+00:00,20260807-105619,https://trends24.in/indonesia/,Thu Aug 06 2026 21:03:42 GMT+0000 (Coordinated Universal Time),31,Madrid,madrid,,,,,,
2026-08-07T10:56:19.113600+00:00,20260807-105619,https://trends24.in/indonesia/,Thu Aug 06 2026 21:03:42 GMT+0000 (Coordinated Universal Time),32,the grim lover q20,the grim lover q20,,,,,,
2026-08-07T10:56:19.113600+00:00,20260807-105619,https://trends24.in/indonesia/,Thu Aug 06 2026 21:03:42 GMT+0000 (Coordinated Universal Time),33,XL POIN,xl poin,,,,,,
2026-08-07T10:56:19.113600+00:00,20260807-105619,https://trends24.in/indonesia/,Thu Aug 06 2026 21:03:42 GMT+0000 (Coordinated Universal Time),34,Nakes,nakes,,,,,,
2026-08-07T10:56:19.113600+00:00,20260807-105619,https://trends24.in/indonesia/,Thu Aug 06 2026 21:03:42 GMT+0000 (Coordinated Universal Time),35,Gojek,gojek,,,,,,
2026-08-07T10:56:19.113600+00:00,20260807-105619,https://trends24.in/indonesia/,Thu Aug 06 2026 21:03:42 GMT+0000 (Coordinated Universal Time),36,BRIN,brin,,,,,,
2026-08-07T10:56:19.113600+00:00,20260807-105619,https://trends24.in/indonesia/,Thu Aug 06 2026 21:03:42 GMT+0000 (Coordinated Universal Time),37,ON AIR WITH DJ JAEMIN,on air with dj jaemin,,,,,,
2026-08-07T10:56:19.113600+00:00,20260807-105619,https://trends24.in/indonesia/,Thu Aug 06 2026 21:03:42 GMT+0000 (Coordinated Universal Time),38,BE MY PLAYER TWO EP4,be my player two ep4,,,,,,
2026-08-07T10:56:19.113600+00:00,20260807-105619,https://trends24.in/indonesia/,Thu Aug 06 2026 21:03:42 GMT+0000 (Coordinated Universal Time),39,Nikita Bier,nikita bier,,,,,,
2026-08-07T10:56:19.113600+00:00,20260807-105619,https://trends24.in/indonesia/,Thu Aug 06 2026 21:03:42 GMT+0000 (Coordinated Universal Time),40,Happy 6th,happy 6th,,,,,,
2026-08-07T10:56:19.113600+00:00,20260807-105619,https://trends24.in/indonesia/,Thu Aug 06 2026 21:03:42 GMT+0000 (Coordinated Universal Time),41,Kamis,kamis,,,,,,
2026-08-07T10:56:19.113600+00:00,20260807-105619,https://trends24.in/indonesia/,Thu Aug 06 2026 21:03:42 GMT+0000 (Coordinated Universal Time),42,senada jebloskan dipa,senada jebloskan dipa,,,,,,
2026-08-07T10:56:19.113600+00:00,20260807-105619,https://trends24.in/indonesia/,Thu Aug 06 2026 21:03:42 GMT+0000 (Coordinated Universal Time),43,kedaulatan indonesia,kedaulatan indonesia,,,,,,
2026-08-07T10:56:19.113600+00:00,20260807-105619,https://trends24.in/indonesia/,Thu Aug 06 2026 21:03:42 GMT+0000 (Coordinated Universal Time),44,Hamra,hamra,,,,,,
2026-08-07T10:56:19.113600+00:00,20260807-105619,https://trends24.in/indonesia/,Thu Aug 06 2026 21:03:42 GMT+0000 (Coordinated Universal Time),45,Fitrah,fitrah,,,,,,
2026-08-07T10:56:19.113600+00:00,20260807-105619,https://trends24.in/indonesia/,Thu Aug 06 2026 21:03:42 GMT+0000 (Coordinated Universal Time),46,JANJINGJING RUN STAR CRUSH,janjingjing run star crush,,,,,,
2026-08-07T10:56:19.113600+00:00,20260807-105619,https://trends24.in/indonesia/,Thu Aug 06 2026 21:03:42 GMT+0000 (Coordinated Universal Time),47,Perez Hilton,perez hilton,,,,,,
2026-08-07T10:56:19.113600+00:00,20260807-105619,https://trends24.in/indonesia/,Thu Aug 06 2026 21:03:42 GMT+0000 (Coordinated Universal Time),48,UNLUCKYBAE EPISODE 1,unluckybae episode 1,,,,,,
2026-08-07T10:56:19.113600+00:00,20260807-105619,https://trends24.in/indonesia/,Thu Aug 06 2026 21:03:42 GMT+0000 (Coordinated Universal Time),49,RANS,rans,,,,,,
2026-08-07T10:56:19.113600+00:00,20260807-105619,https://trends24.in/indonesia/,Thu Aug 06 2026 21:03:42 GMT+0000 (Coordinated Universal Time),50,bnpb,bnpb,,,,,,
2026-08-07T10:56:19.113600+00:00,20260807-105619,https://trends24.in/indonesia/,Thu Aug 06 2026 20:12:17 GMT+0000 (Coordinated Universal Time),1,#TREASURE6thANNIVERSARY,treasure6thanniversary,,,,,,
2026-08-07T10:56:19.113600+00:00,20260807-105619,https://trends24.in/indonesia/,Thu Aug 06 2026 20:12:17 GMT+0000 (Coordinated Universal Time),2,Rodri,rodri,,,,,,
2026-08-07T10:56:19.113600+00:00,20260807-105619,https://trends24.in/indonesia/,Thu Aug 06 2026 20:12:17 GMT+0000 (Coordinated Universal Time),3,Persebaya,persebaya,,,,,,
2026-08-07T10:56:19.113600+00:00,20260807-105619,https://trends24.in/indonesia/,Thu Aug 06 2026 20:12:17 GMT+0000 (Coordinated Universal Time),4,#TPOPSTAGExGAWIN,tpopstagexgawin,,,,,,
2026-08-07T10:56:19.113600+00:00,20260807-105619,https://trends24.in/indonesia/,Thu Aug 06 2026 20:12:17 GMT+0000 (Coordinated Universal Time),5,Ramon,ramon,,,,,,
2026-08-07T10:56:19.113600+00:00,20260807-105619,https://trends24.in/indonesia/,Thu Aug 06 2026 20:12:17 GMT+0000 (Coordinated Universal Time),6,GAWIN GONE AWAY TPOPSTAGE,gawin gone away tpopstage,,,,,,
2026-08-07T10:56:19.113600+00:00,20260807-105619,https://trends24.in/indonesia/,Thu Aug 06 2026 20:12:17 GMT+0000 (Coordinated Universal Time),7,#MensFolioThailand,mensfoliothailand,,,,,,
2026-08-07T10:56:19.113600+00:00,20260807-105619,https://trends24.in/indonesia/,Thu Aug 06 2026 20:12:17 GMT+0000 (Coordinated Universal Time),8,#à¹à¸à¸­à¸°à¸à¸­à¸¢à¸­à¸´à¸à¸à¸­à¸¢à¸à¸²à¸£à¹à¸à¸µà¹,à¹à¸à¸­à¸°à¸à¸­à¸¢à¸­à¸´à¸à¸à¸­à¸¢à¸à¸²à¸£à¹à¸à¸µà¹,,,,,,
2026-08-07T10:56:19.113600+00:00,20260807-105619,https://trends24.in/indonesia/,Thu Aug 06 2026 20:12:17 GMT+0000 (Coordinated Universal Time),9,Malam Jumat,malam jumat,,,,,,
2026-08-07T10:56:19.113600+00:00,20260807-105619,https://trends24.in/indonesia/,Thu Aug 06 2026 20:12:17 GMT+0000 (Coordinated Universal Time),10,Madrid,madrid,,,,,,
2026-08-07T10:56:19.113600+00:00,20260807-105619,https://trends24.in/indonesia/,Thu Aug 06 2026 20:12:17 GMT+0000 (Coordinated Universal Time),11,#FinalPialaPresiden2026,finalpialapresiden2026,,,,,,
2026-08-07T10:56:19.113600+00:00,20260807-105619,https://trends24.in/indonesia/,Thu Aug 06 2026 20:12:17 GMT+0000 (Coordinated Universal Time),12,Happy 6th,happy 6th,,,,,,
2026-08-07T10:56:19.113600+00:00,20260807-105619,https://trends24.in/indonesia/,Thu Aug 06 2026 20:12:17 GMT+0000 (Coordinated Universal Time),13,Persib,persib,,,,,,
2026-08-07T10:56:19.113600+00:00,20260807-105619,https://trends24.in/indonesia/,Thu Aug 06 2026 20:12:17 GMT+0000 (Coordinated Universal Time),14,Hamra,hamra,,,,,,
2026-08-07T10:56:19.113600+00:00,20260807-105619,https://trends24.in/indonesia/,Thu Aug 06 2026 20:12:17 GMT+0000 (Coordinated Universal Time),15,Barca,barca,,,,,,
2026-08-07T10:56:19.113600+00:00,20260807-105619,https://trends24.in/indonesia/,Thu Aug 06 2026 20:12:17 GMT+0000 (Coordinated Universal Time),16,Blingy Jets Teaser D2,blingy jets teaser d2,,,,,,
2026-08-07T10:56:19.113600+00:00,20260807-105619,https://trends24.in/indonesia/,Thu Aug 06 2026 20:12:17 GMT+0000 (Coordinated Universal Time),17,KALOG Pro,kalog pro,,,,,,
2026-08-07T10:56:19.113600+00:00,20260807-105619,https://trends24.in/indonesia/,Thu Aug 06 2026 20:12:17 GMT+0000 (Coordinated Universal Time),18,KALOG Plus,kalog plus,,,,,,
2026-08-07T10:56:19.113600+00:00,20260807-105619,https://trends24.in/indonesia/,Thu Aug 06 2026 20:12:17 GMT+0000 (Coordinated Universal Time),19,KALOG Express,kalog express,,,,,,
2026-08-07T10:56:19.113600+00:00,20260807-105619,https://trends24.in/indonesia/,Thu Aug 06 2026 20:12:17 GMT+0000 (Coordinated Universal Time),20,connor,connor,,,,,,
2026-08-07T10:56:19.113600+00:00,20260807-105619,https://trends24.in/indonesia/,Thu Aug 06 2026 20:12:17 GMT+0000 (Coordinated Universal Time),21,Peralta,peralta,,,,,,
2026-08-07T10:56:19.113600+00:00,20260807-105619,https://trends24.in/indonesia/,Thu Aug 06 2026 20:12:17 GMT+0000 (Coordinated Universal Time),22,BE MY PLAYER TWO EP4,be my player two ep4,,,,,,
2026-08-07T10:56:19.113600+00:00,20260807-105619,https://trends24.in/indonesia/,Thu Aug 06 2026 20:12:17 GMT+0000 (Coordinated Universal Time),23,Perez,perez,,,,,,
2026-08-07T10:56:19.113600+00:00,20260807-105619,https://trends24.in/indonesia/,Thu Aug 06 2026 20:12:17 GMT+0000 (Coordinated Universal Time),24,Wangi,wangi,,,,,,
2026-08-07T10:56:19.113600+00:00,20260807-105619,https://trends24.in/indonesia/,Thu Aug 06 2026 20:12:17 GMT+0000 (Coordinated Universal Time),25,EST IN FANTA FANTASIES,est in fanta fantasies,,,,,,
2026-08-07T10:56:19.113600+00:00,20260807-105619,https://trends24.in/indonesia/,Thu Aug 06 2026 20:12:17 GMT+0000 (Coordinated Universal Time),26,PONDPHUWIN GRAB BONCHON,pondphuwin grab bonchon,,,,,,
2026-08-07T10:56:19.113600+00:00,20260807-105619,https://trends24.in/indonesia/,Thu Aug 06 2026 20:12:17 GMT+0000 (Coordinated Universal Time),27,BRIN,brin,,,,,,
2026-08-07T10:56:19.113600+00:00,20260807-105619,https://trends24.in/indonesia/,Thu Aug 06 2026 20:12:17 GMT+0000 (Coordinated Universal Time),28,Barcelona,barcelona,,,,,,
2026-08-07T10:56:19.113600+00:00,20260807-105619,https://trends24.in/indonesia/,Thu Aug 06 2026 20:12:17 GMT+0000 (Coordinated Universal Time),29,Yan Diomande,yan diomande,,,,,,
2026-08-07T10:56:19.113600+00:00,20260807-105619,https://trends24.in/indonesia/,Thu Aug 06 2026 20:12:17 GMT+0000 (Coordinated Universal Time),30,#sunnote,sunnote,,,,,,
2026-08-07T10:56:19.113600+00:00,20260807-105619,https://trends24.in/indonesia/,Thu Aug 06 2026 20:12:17 GMT+0000 (Coordinated Universal Time),31,#NCT127_BlingyJets2,nct127_blingyjets2,,,,,,
2026-08-07T10:56:19.113600+00:00,20260807-105619,https://trends24.in/indonesia/,Thu Aug 06 2026 20:12:17 GMT+0000 (Coordinated Universal Time),32,#All_I_Wanna_do,all_i_wanna_do,,,,,,
2026-08-07T10:56:19.113600+00:00,20260807-105619,https://trends24.in/indonesia/,Thu Aug 06 2026 20:12:17 GMT+0000 (Coordinated Universal Time),33,#JoongArchen,joongarchen,,,,,,
2026-08-07T10:56:19.113600+00:00,20260807-105619,https://trends24.in/indonesia/,Thu Aug 06 2026 20:12:17 GMT+0000 (Coordinated Universal Time),34,#ìëì_9ì£¼ë_ì¶íí´,ìëì_9ì£¼ë _ì¶íí´,,,,,,
2026-08-07T10:56:19.113600+00:00,20260807-105619,https://trends24.in/indonesia/,Thu Aug 06 2026 20:12:17 GMT+0000 (Coordinated Universal Time),35,#GMMTVLiveHouse,gmmtvlivehouse,,,,,,
2026-08-07T10:56:19.113600+00:00,20260807-105619,https://trends24.in/indonesia/,Thu Aug 06 2026 20:12:17 GMT+0000 (Coordinated Universal Time),36,#JoongDunk,joongdunk,,,,,,
2026-08-07T10:56:19.113600+00:00,20260807-105619,https://trends24.in/indonesia/,Thu Aug 06 2026 20:12:17 GMT+0000 (Coordinated Universal Time),37,#UnluckyBaeEP1,unluckybaeep1,,,,,,
2026-08-07T10:56:19.113600+00:00,20260807-105619,https://trends24.in/indonesia/,Thu Aug 06 2026 20:12:17 GMT+0000 (Coordinated Universal Time),38,#FantaFantasiesLivexEst,fantafantasieslivexest,,,,,,
2026-08-07T10:56:19.113600+00:00,20260807-105619,https://trends24.in/indonesia/,Thu Aug 06 2026 20:12:17 GMT+0000 (Coordinated Universal Time),39,#PondPhuwinXBonchonHotTomyum,pondphuwinxbonchonhottomyum,,,,,,
2026-08-07T10:56:19.113600+00:00,20260807-105619,https://trends24.in/indonesia/,Thu Aug 06 2026 20:12:17 GMT+0000 (Coordinated Universal Time),40,#TMSD,tmsd,,,,,,
2026-08-07T10:56:19.113600+00:00,20260807-105619,https://trends24.in/indonesia/,Thu Aug 06 2026 20:12:17 GMT+0000 (Coordinated Universal Time),41,#dunknatachai,dunknatachai,,,,,,
2026-08-07T10:56:19.113600+00:00,20260807-105619,https://trends24.in/indonesia/,Thu Aug 06 2026 19:20:18 GMT+0000 (Coordinated Universal Time),1,#TREASURE6thANNIVERSARY,treasure6thanniversary,,,,,,
2026-08-07T10:56:19.113600+00:00,20260807-105619,https://trends24.in/indonesia/,Thu Aug 06 2026 19:20:18 GMT+0000 (Coordinated Universal Time),2,Rodri,rodri,,,,,,
2026-08-07T10:56:19.113600+00:00,20260807-105619,https://trends24.in/indonesia/,Thu Aug 06 2026 19:20:18 GMT+0000 (Coordinated Universal Time),3,Persebaya,persebaya,,,,,,
2026-08-07T10:56:19.113600+00:00,20260807-105619,https://trends24.in/indonesia/,Thu Aug 06 2026 19:20:18 GMT+0000 (Coordinated Universal Time),4,Ramon,ramon,,,,,,
2026-08-07T10:56:19.113600+00:00,20260807-105619,https://trends24.in/indonesia/,Thu Aug 06 2026 19:20:18 GMT+0000 (Coordinated Universal Time),5,#TPOPSTAGExGAWIN,tpopstagexgawin,,,,,,
2026-08-07T10:56:19.113600+00:00,20260807-105619,https://trends24.in/indonesia/,Thu Aug 06 2026 19:20:18 GMT+0000 (Coordinated Universal Time),6,GAWIN GONE AWAY TPOPSTAGE,gawin gone away tpopstage,,,,,,
2026-08-07T10:56:19.113600+00:00,20260807-105619,https://trends24.in/indonesia/,Thu Aug 06 2026 19:20:18 GMT+0000 (Coordinated Universal Time),7,#MensFolioThailand,mensfoliothailand,,,,,,
2026-08-07T10:56:19.113600+00:00,20260807-105619,https://trends24.in/indonesia/,Thu Aug 06 2026 19:20:18 GMT+0000 (Coordinated Universal Time),8,#à¹à¸à¸­à¸°à¸à¸­à¸¢à¸­à¸´à¸à¸à¸­à¸¢à¸à¸²à¸£à¹à¸à¸µà¹,à¹à¸à¸­à¸°à¸à¸­à¸¢à¸­à¸´à¸à¸à¸­à¸¢à¸à¸²à¸£à¹à¸à¸µà¹,,,,,,
2026-08-07T10:56:19.113600+00:00,20260807-105619,https://trends24.in/indonesia/,Thu Aug 06 2026 19:20:18 GMT+0000 (Coordinated Universal Time),9,Madrid,madrid,,,,,,
2026-08-07T10:56:19.113600+00:00,20260807-105619,https://trends24.in/indonesia/,Thu Aug 06 2026 19:20:18 GMT+0000 (Coordinated Universal Time),10,Fitrah,fitrah,,,,,,
2026-08-07T10:56:19.113600+00:00,20260807-105619,https://trends24.in/indonesia/,Thu Aug 06 2026 19:20:18 GMT+0000 (Coordinated Universal Time),11,#sunnote,sunnote,,,,,,
2026-08-07T10:56:19.113600+00:00,20260807-105619,https://trends24.in/indonesia/,Thu Aug 06 2026 19:20:18 GMT+0000 (Coordinated Universal Time),12,Happy 6th,happy 6th,,,,,,
2026-08-07T10:56:19.113600+00:00,20260807-105619,https://trends24.in/indonesia/,Thu Aug 06 2026 19:20:18 GMT+0000 (Coordinated Universal Time),13,Persib,persib,,,,,,
2026-08-07T10:56:19.113600+00:00,20260807-105619,https://trends24.in/indonesia/,Thu Aug 06 2026 19:20:18 GMT+0000 (Coordinated Universal Time),14,Malam Jumat,malam jumat,,,,,,
2026-08-07T10:56:19.113600+00:00,20260807-105619,https://trends24.in/indonesia/,Thu Aug 06 2026 19:20:18 GMT+0000 (Coordinated Universal Time),15,Hamra,hamra,,,,,,
2026-08-07T10:56:19.113600+00:00,20260807-105619,https://trends24.in/indonesia/,Thu Aug 06 2026 19:20:18 GMT+0000 (Coordinated Universal Time),16,Barca,barca,,,,,,
2026-08-07T10:56:19.113600+00:00,20260807-105619,https://trends24.in/indonesia/,Thu Aug 06 2026 19:20:18 GMT+0000 (Coordinated Universal Time),17,$LESTER,$lester,,,,,,
2026-08-07T10:56:19.113600+00:00,20260807-105619,https://trends24.in/indonesia/,Thu Aug 06 2026 19:20:18 GMT+0000 (Coordinated Universal Time),18,Blingy Jets Teaser D2,blingy jets teaser d2,,,,,,
2026-08-07T10:56:19.113600+00:00,20260807-105619,https://trends24.in/indonesia/,Thu Aug 06 2026 19:20:18 GMT+0000 (Coordinated Universal Time),19,Piala Presiden,piala presiden,,,,,,
2026-08-07T10:56:19.113600+00:00,20260807-105619,https://trends24.in/indonesia/,Thu Aug 06 2026 19:20:18 GMT+0000 (Coordinated Universal Time),20,Peralta,peralta,,,,,,
2026-08-07T10:56:19.113600+00:00,20260807-105619,https://trends24.in/indonesia/,Thu Aug 06 2026 19:20:18 GMT+0000 (Coordinated Universal Time),21,PONDPHUWIN GRAB BONCHON,pondphuwin grab bonchon,,,,,,
2026-08-07T10:56:19.113600+00:00,20260807-105619,https://trends24.in/indonesia/,Thu Aug 06 2026 19:20:18 GMT+0000 (Coordinated Universal Time),22,connor,connor,,,,,,
2026-08-07T10:56:19.113600+00:00,20260807-105619,https://trends24.in/indonesia/,Thu Aug 06 2026 19:20:18 GMT+0000 (Coordinated Universal Time),23,SANTA VITAMIN ENRICHED,santa vitamin enriched,,,,,,
2026-08-07T10:56:19.113600+00:00,20260807-105619,https://trends24.in/indonesia/,Thu Aug 06 2026 19:20:18 GMT+0000 (Coordinated Universal Time),24,BE MY PLAYER TWO EP4,be my player two ep4,,,,,,
2026-08-07T10:56:19.113600+00:00,20260807-105619,https://trends24.in/indonesia/,Thu Aug 06 2026 19:20:18 GMT+0000 (Coordinated Universal Time),25,Perez,perez,,,,,,
2026-08-07T10:56:19.113600+00:00,20260807-105619,https://trends24.in/indonesia/,Thu Aug 06 2026 19:20:18 GMT+0000 (Coordinated Universal Time),26,KALOG Pro,kalog pro,,,,,,
2026-08-07T10:56:19.113600+00:00,20260807-105619,https://trends24.in/indonesia/,Thu Aug 06 2026 19:20:18 GMT+0000 (Coordinated Universal Time),27,EST IN FANTA FANTASIES,est in fanta fantasies,,,,,,
2026-08-07T10:56:19.113600+00:00,20260807-105619,https://trends24.in/indonesia/,Thu Aug 06 2026 19:20:18 GMT+0000 (Coordinated Universal Time),28,KALOG Plus,kalog plus,,,,,,
2026-08-07T10:56:19.113600+00:00,20260807-105619,https://trends24.in/indonesia/,Thu Aug 06 2026 19:20:18 GMT+0000 (Coordinated Universal Time),29,KALOG Express,kalog express,,,,,,
2026-08-07T10:56:19.113600+00:00,20260807-105619,https://trends24.in/indonesia/,Thu Aug 06 2026 19:20:18 GMT+0000 (Coordinated Universal Time),30,Geus,geus,,,,,,
2026-08-07T10:56:19.113600+00:00,20260807-105619,https://trends24.in/indonesia/,Thu Aug 06 2026 19:20:18 GMT+0000 (Coordinated Universal Time),31,Barcelona,barcelona,,,,,,
2026-08-07T10:56:19.113600+00:00,20260807-105619,https://trends24.in/indonesia/,Thu Aug 06 2026 19:20:18 GMT+0000 (Coordinated Universal Time),32,Deco,deco,,,,,,
2026-08-07T10:56:19.113600+00:00,20260807-105619,https://trends24.in/indonesia/,Thu Aug 06 2026 19:20:18 GMT+0000 (Coordinated Universal Time),33,BRIN,brin,,,,,,
2026-08-07T10:56:19.113600+00:00,20260807-105619,https://trends24.in/indonesia/,Thu Aug 06 2026 19:20:18 GMT+0000 (Coordinated Universal Time),34,Wangi,wangi,,,,,,
2026-08-07T10:56:19.113600+00:00,20260807-105619,https://trends24.in/indonesia/,Thu Aug 06 2026 19:20:18 GMT+0000 (Coordinated Universal Time),35,Igor,igor,,,,,,
2026-08-07T10:56:19.113600+00:00,20260807-105619,https://trends24.in/indonesia/,Thu Aug 06 2026 19:20:18 GMT+0000 (Coordinated Universal Time),36,Diomande,diomande,,,,,,
2026-08-07T10:56:19.113600+00:00,20260807-105619,https://trends24.in/indonesia/,Thu Aug 06 2026 19:20:18 GMT+0000 (Coordinated Universal Time),37,ON AIR WITH DJ JAEMIN,on air with dj jaemin,,,,,,
2026-08-07T10:56:19.113600+00:00,20260807-105619,https://trends24.in/indonesia/,Thu Aug 06 2026 19:20:18 GMT+0000 (Coordinated Universal Time),38,Vini,vini,,,,,,
2026-08-07T10:56:19.113600+00:00,20260807-105619,https://trends24.in/indonesia/,Thu Aug 06 2026 19:20:18 GMT+0000 (Coordinated Universal Time),39,Drakor,drakor,,,,,,
2026-08-07T10:56:19.113600+00:00,20260807-105619,https://trends24.in/indonesia/,Thu Aug 06 2026 19:20:18 GMT+0000 (Coordinated Universal Time),40,#NCT127_BlingyJets2,nct127_blingyjets2,,,,,,
2026-08-07T10:56:19.113600+00:00,20260807-105619,https://trends24.in/indonesia/,Thu Aug 06 2026 19:20:18 GMT+0000 (Coordinated Universal Time),41,#All_I_Wanna_do,all_i_wanna_do,,,,,,
2026-08-07T10:56:19.113600+00:00,20260807-105619,https://trends24.in/indonesia/,Thu Aug 06 2026 19:20:18 GMT+0000 (Coordinated Universal Time),42,#JoongArchen,joongarchen,,,,,,
2026-08-07T10:56:19.113600+00:00,20260807-105619,https://trends24.in/indonesia/,Thu Aug 06 2026 19:20:18 GMT+0000 (Coordinated Universal Time),43,#ìëì_9ì£¼ë_ì¶íí´,ìëì_9ì£¼ë _ì¶íí´,,,,,,
2026-08-07T10:56:19.113600+00:00,20260807-105619,https://trends24.in/indonesia/,Thu Aug 06 2026 19:20:18 GMT+0000 (Coordinated Universal Time),44,#GMMTVLiveHouse,gmmtvlivehouse,,,,,,
2026-08-07T10:56:19.113600+00:00,20260807-105619,https://trends24.in/indonesia/,Thu Aug 06 2026 19:20:18 GMT+0000 (Coordinated Universal Time),45,#JoongDunk,joongdunk,,,,,,
2026-08-07T10:56:19.113600+00:00,20260807-105619,https://trends24.in/indonesia/,Thu Aug 06 2026 19:20:18 GMT+0000 (Coordinated Universal Time),46,#PondPhuwinXBonchonHotTomyum,pondphuwinxbonchonhottomyum,,,,,,
2026-08-07T10:56:19.113600+00:00,20260807-105619,https://trends24.in/indonesia/,Thu Aug 06 2026 19:20:18 GMT+0000 (Coordinated Universal Time),47,#BobbiBrownTHxSANTA,bobbibrownthxsanta,,,,,,
2026-08-07T10:56:19.113600+00:00,20260807-105619,https://trends24.in/indonesia/,Thu Aug 06 2026 19:20:18 GMT+0000 (Coordinated Universal Time),48,#UnluckyBaeEP1,unluckybaeep1,,,,,,
2026-08-07T10:56:19.113600+00:00,20260807-105619,https://trends24.in/indonesia/,Thu Aug 06 2026 19:20:18 GMT+0000 (Coordinated Universal Time),49,#à¸à¸­à¹à¸à¹à¸¥à¹à¸²à¸¡à¸à¸µà¸£à¹EP4,à¸à¸­à¹à¸à¹à¸¥à¹à¸²à¸¡à¸à¸µà¸£à¹ep4,,,,,,
2026-08-07T10:56:19.113600+00:00,20260807-105619,https://trends24.in/indonesia/,Thu Aug 06 2026 19:20:18 GMT+0000 (Coordinated Universal Time),50,#FantaFantasiesLivexEst,fantafantasieslivexest,,,,,,
2026-08-07T10:56:19.113600+00:00,20260807-105619,https://trends24.in/indonesia/,Thu Aug 06 2026 18:28:17 GMT+0000 (Coordinated Universal Time),1,#TREASURE6thANNIVERSARY,treasure6thanniversary,,,,,,
2026-08-07T10:56:19.113600+00:00,20260807-105619,https://trends24.in/indonesia/,Thu Aug 06 2026 18:28:17 GMT+0000 (Coordinated Universal Time),2,Persebaya,persebaya,,,,,,
2026-08-07T10:56:19.113600+00:00,20260807-105619,https://trends24.in/indonesia/,Thu Aug 06 2026 18:28:17 GMT+0000 (Coordinated Universal Time),3,Rodri,rodri,,,,,,
2026-08-07T10:56:19.113600+00:00,20260807-105619,https://trends24.in/indonesia/,Thu Aug 06 2026 18:28:17 GMT+0000 (Coordinated Universal Time),4,#TPOPSTAGExGAWIN,tpopstagexgawin,,,,,,
2026-08-07T10:56:19.113600+00:00,20260807-105619,https://trends24.in/indonesia/,Thu Aug 06 2026 18:28:17 GMT+0000 (Coordinated Universal Time),5,Ramon,ramon,,,,,,
2026-08-07T10:56:19.113600+00:00,20260807-105619,https://trends24.in/indonesia/,Thu Aug 06 2026 18:28:17 GMT+0000 (Coordinated Universal Time),6,GAWIN GONE AWAY TPOPSTAGE,gawin gone away tpopstage,,,,,,
2026-08-07T10:56:19.113600+00:00,20260807-105619,https://trends24.in/indonesia/,Thu Aug 06 2026 18:28:17 GMT+0000 (Coordinated Universal Time),7,#FinalPialaPresiden2026,finalpialapresiden2026,,,,,,
2026-08-07T10:56:19.113600+00:00,20260807-105619,https://trends24.in/indonesia/,Thu Aug 06 2026 18:28:17 GMT+0000 (Coordinated Universal Time),8,#MensFolioThailand,mensfoliothailand,,,,,,
2026-08-07T10:56:19.113600+00:00,20260807-105619,https://trends24.in/indonesia/,Thu Aug 06 2026 18:28:17 GMT+0000 (Coordinated Universal Time),9,#à¹à¸à¸­à¸°à¸à¸­à¸¢à¸­à¸´à¸à¸à¸­à¸¢à¸à¸²à¸£à¹à¸à¸µà¹,à¹à¸à¸­à¸°à¸à¸­à¸¢à¸­à¸´à¸à¸à¸­à¸¢à¸à¸²à¸£à¹à¸à¸µà¹,,,,,,
2026-08-07T10:56:19.113600+00:00,20260807-105619,https://trends24.in/indonesia/,Thu Aug 06 2026 18:28:17 GMT+0000 (Coordinated Universal Time),10,Fitrah,fitrah,,,,,,
2026-08-07T10:56:19.113600+00:00,20260807-105619,https://trends24.in/indonesia/,Thu Aug 06 2026 18:28:17 GMT+0000 (Coordinated Universal Time),11,Happy 6th,happy 6th,,,,,,
2026-08-07T10:56:19.113600+00:00,20260807-105619,https://trends24.in/indonesia/,Thu Aug 06 2026 18:28:17 GMT+0000 (Coordinated Universal Time),12,Hamra,hamra,,,,,,
2026-08-07T10:56:19.113600+00:00,20260807-105619,https://trends24.in/indonesia/,Thu Aug 06 2026 18:28:17 GMT+0000 (Coordinated Universal Time),13,Blingy Jets Teaser D2,blingy jets teaser d2,,,,,,
2026-08-07T10:56:19.113600+00:00,20260807-105619,https://trends24.in/indonesia/,Thu Aug 06 2026 18:28:17 GMT+0000 (Coordinated Universal Time),14,$LESTER,$lester,,,,,,
2026-08-07T10:56:19.113600+00:00,20260807-105619,https://trends24.in/indonesia/,Thu Aug 06 2026 18:28:17 GMT+0000 (Coordinated Universal Time),15,Madrid,madrid,,,,,,
2026-08-07T10:56:19.113600+00:00,20260807-105619,https://trends24.in/indonesia/,Thu Aug 06 2026 18:28:17 GMT+0000 (Coordinated Universal Time),16,Malam Jumat,malam jumat,,,,,,
2026-08-07T10:56:19.113600+00:00,20260807-105619,https://trends24.in/indonesia/,Thu Aug 06 2026 18:28:17 GMT+0000 (Coordinated Universal Time),17,Barca,barca,,,,,,
2026-08-07T10:56:19.113600+00:00,20260807-105619,https://trends24.in/indonesia/,Thu Aug 06 2026 18:28:17 GMT+0000 (Coordinated Universal Time),18,Peralta,peralta,,,,,,
2026-08-07T10:56:19.113600+00:00,20260807-105619,https://trends24.in/indonesia/,Thu Aug 06 2026 18:28:17 GMT+0000 (Coordinated Universal Time),19,PONDPHUWIN GRAB BONCHON,pondphuwin grab bonchon,,,,,,
2026-08-07T10:56:19.113600+00:00,20260807-105619,https://trends24.in/indonesia/,Thu Aug 06 2026 18:28:17 GMT+0000 (Coordinated Universal Time),20,connor,connor,,,,,,
2026-08-07T10:56:19.113600+00:00,20260807-105619,https://trends24.in/indonesia/,Thu Aug 06 2026 18:28:17 GMT+0000 (Coordinated Universal Time),21,SANTA VITAMIN ENRICHED,santa vitamin enriched,,,,,,
2026-08-07T10:56:19.113600+00:00,20260807-105619,https://trends24.in/indonesia/,Thu Aug 06 2026 18:28:17 GMT+0000 (Coordinated Universal Time),22,EST IN FANTA FANTASIES,est in fanta fantasies,,,,,,
2026-08-07T10:56:19.113600+00:00,20260807-105619,https://trends24.in/indonesia/,Thu Aug 06 2026 18:28:17 GMT+0000 (Coordinated Universal Time),23,BE MY PLAYER TWO EP4,be my player two ep4,,,,,,
2026-08-07T10:56:19.113600+00:00,20260807-105619,https://trends24.in/indonesia/,Thu Aug 06 2026 18:28:17 GMT+0000 (Coordinated Universal Time),24,Perez,perez,,,,,,
2026-08-07T10:56:19.113600+00:00,20260807-105619,https://trends24.in/indonesia/,Thu Aug 06 2026 18:28:17 GMT+0000 (Coordinated Universal Time),25,Geus,geus,,,,,,
2026-08-07T10:56:19.113600+00:00,20260807-105619,https://trends24.in/indonesia/,Thu Aug 06 2026 18:28:17 GMT+0000 (Coordinated Universal Time),26,Deco,deco,,,,,,
2026-08-07T10:56:19.113600+00:00,20260807-105619,https://trends24.in/indonesia/,Thu Aug 06 2026 18:28:17 GMT+0000 (Coordinated Universal Time),27,Yuran,yuran,,,,,,
2026-08-07T10:56:19.113600+00:00,20260807-105619,https://trends24.in/indonesia/,Thu Aug 06 2026 18:28:17 GMT+0000 (Coordinated Universal Time),28,BRIN,brin,,,,,,
2026-08-07T10:56:19.113600+00:00,20260807-105619,https://trends24.in/indonesia/,Thu Aug 06 2026 18:28:17 GMT+0000 (Coordinated Universal Time),29,Barcelona,barcelona,,,,,,
2026-08-07T10:56:19.113600+00:00,20260807-105619,https://trends24.in/indonesia/,Thu Aug 06 2026 18:28:17 GMT+0000 (Coordinated Universal Time),30,KALOG Pro,kalog pro,,,,,,
2026-08-07T10:56:19.113600+00:00,20260807-105619,https://trends24.in/indonesia/,Thu Aug 06 2026 18:28:17 GMT+0000 (Coordinated Universal Time),31,KALOG Express,kalog express,,,,,,
2026-08-07T10:56:19.113600+00:00,20260807-105619,https://trends24.in/indonesia/,Thu Aug 06 2026 18:28:17 GMT+0000 (Coordinated Universal Time),32,KALOG Plus,kalog plus,,,,,,
2026-08-07T10:56:19.113600+00:00,20260807-105619,https://trends24.in/indonesia/,Thu Aug 06 2026 18:28:17 GMT+0000 (Coordinated Universal Time),33,Wangi,wangi,,,,,,
2026-08-07T10:56:19.113600+00:00,20260807-105619,https://trends24.in/indonesia/,Thu Aug 06 2026 18:28:17 GMT+0000 (Coordinated Universal Time),34,Kakang,kakang,,,,,,
2026-08-07T10:56:19.113600+00:00,20260807-105619,https://trends24.in/indonesia/,Thu Aug 06 2026 18:28:17 GMT+0000 (Coordinated Universal Time),35,UNLUCKYBAE EPISODE 1,unluckybae episode 1,,,,,,
2026-08-07T10:56:19.113600+00:00,20260807-105619,https://trends24.in/indonesia/,Thu Aug 06 2026 18:28:17 GMT+0000 (Coordinated Universal Time),36,Igor,igor,,,,,,
2026-08-07T10:56:19.113600+00:00,20260807-105619,https://trends24.in/indonesia/,Thu Aug 06 2026 18:28:17 GMT+0000 (Coordinated Universal Time),37,JANJINGJING RUN STAR CRUSH,janjingjing run star crush,,,,,,
2026-08-07T10:56:19.113600+00:00,20260807-105619,https://trends24.in/indonesia/,Thu Aug 06 2026 18:28:17 GMT+0000 (Coordinated Universal Time),38,Diomande,diomande,,,,,,
2026-08-07T10:56:19.113600+00:00,20260807-105619,https://trends24.in/indonesia/,Thu Aug 06 2026 18:28:17 GMT+0000 (Coordinated Universal Time),39,ON AIR WITH DJ JAEMIN,on air with dj jaemin,,,,,,
2026-08-07T10:56:19.113600+00:00,20260807-105619,https://trends24.in/indonesia/,Thu Aug 06 2026 18:28:17 GMT+0000 (Coordinated Universal Time),40,NAMTAN BA FITFLOP,namtan ba fitflop,,,,,,
2026-08-07T10:56:19.113600+00:00,20260807-105619,https://trends24.in/indonesia/,Thu Aug 06 2026 18:28:17 GMT+0000 (Coordinated Universal Time),41,Vini,vini,,,,,,
2026-08-07T10:56:19.113600+00:00,20260807-105619,https://trends24.in/indonesia/,Thu Aug 06 2026 18:28:17 GMT+0000 (Coordinated Universal Time),42,Drakor,drakor,,,,,,
2026-08-07T10:56:19.113600+00:00,20260807-105619,https://trends24.in/indonesia/,Thu Aug 06 2026 18:28:17 GMT+0000 (Coordinated Universal Time),43,blackpink,blackpink,,,,,,
2026-08-07T10:56:19.113600+00:00,20260807-105619,https://trends24.in/indonesia/,Thu Aug 06 2026 18:28:17 GMT+0000 (Coordinated Universal Time),44,Alvarez,alvarez,,,,,,
2026-08-07T10:56:19.113600+00:00,20260807-105619,https://trends24.in/indonesia/,Thu Aug 06 2026 18:28:17 GMT+0000 (Coordinated Universal Time),45,$CATE,$cate,,,,,,
2026-08-07T10:56:19.113600+00:00,20260807-105619,https://trends24.in/indonesia/,Thu Aug 06 2026 18:28:17 GMT+0000 (Coordinated Universal Time),46,Anggur,anggur,,,,,,
2026-08-07T10:56:19.113600+00:00,20260807-105619,https://trends24.in/indonesia/,Thu Aug 06 2026 18:28:17 GMT+0000 (Coordinated Universal Time),47,#sunnote,sunnote,,,,,,
2026-08-07T10:56:19.113600+00:00,20260807-105619,https://trends24.in/indonesia/,Thu Aug 06 2026 18:28:17 GMT+0000 (Coordinated Universal Time),48,#All_I_Wanna_do,all_i_wanna_do,,,,,,
2026-08-07T10:56:19.113600+00:00,20260807-105619,https://trends24.in/indonesia/,Thu Aug 06 2026 18:28:17 GMT+0000 (Coordinated Universal Time),49,#GMMTVLiveHouse,gmmtvlivehouse,,,,,,
2026-08-07T10:56:19.113600+00:00,20260807-105619,https://trends24.in/indonesia/,Thu Aug 06 2026 18:28:17 GMT+0000 (Coordinated Universal Time),50,#NCT127_BlingyJets2,nct127_blingyjets2,,,,,,
2026-08-07T10:56:19.113600+00:00,20260807-105619,https://trends24.in/indonesia/,Thu Aug 06 2026 17:36:31 GMT+0000 (Coordinated Universal Time),1,#TREASURE6thANNIVERSARY,treasure6thanniversary,,,,,,
2026-08-07T10:56:19.113600+00:00,20260807-105619,https://trends24.in/indonesia/,Thu Aug 06 2026 17:36:31 GMT+0000 (Coordinated Universal Time),2,Persebaya,persebaya,,,,,,
2026-08-07T10:56:19.113600+00:00,20260807-105619,https://trends24.in/indonesia/,Thu Aug 06 2026 17:36:31 GMT+0000 (Coordinated Universal Time),3,Ramon,ramon,,,,,,
2026-08-07T10:56:19.113600+00:00,20260807-105619,https://trends24.in/indonesia/,Thu Aug 06 2026 17:36:31 GMT+0000 (Coordinated Universal Time),4,#TPOPSTAGExGAWIN,tpopstagexgawin,,,,,,
2026-08-07T10:56:19.113600+00:00,20260807-105619,https://trends24.in/indonesia/,Thu Aug 06 2026 17:36:31 GMT+0000 (Coordinated Universal Time),5,GAWIN GONE AWAY TPOPSTAGE,gawin gone away tpopstage,,,,,,
2026-08-07T10:56:19.113600+00:00,20260807-105619,https://trends24.in/indonesia/,Thu Aug 06 2026 17:36:31 GMT+0000 (Coordinated Universal Time),6,#FinalPialaPresiden2026,finalpialapresiden2026,,,,,,
2026-08-07T10:56:19.113600+00:00,20260807-105619,https://trends24.in/indonesia/,Thu Aug 06 2026 17:36:31 GMT+0000 (Coordinated Universal Time),7,Rodri,rodri,,,,,,
2026-08-07T10:56:19.113600+00:00,20260807-105619,https://trends24.in/indonesia/,Thu Aug 06 2026 17:36:31 GMT+0000 (Coordinated Universal Time),8,#MensFolioThailand,mensfoliothailand,,,,,,
2026-08-07T10:56:19.113600+00:00,20260807-105619,https://trends24.in/indonesia/,Thu Aug 06 2026 17:36:31 GMT+0000 (Coordinated Universal Time),9,#à¹à¸à¸­à¸°à¸à¸­à¸¢à¸­à¸´à¸à¸à¸­à¸¢à¸à¸²à¸£à¹à¸à¸µà¹,à¹à¸à¸­à¸°à¸à¸­à¸¢à¸­à¸´à¸à¸à¸­à¸¢à¸à¸²à¸£à¹à¸à¸µà¹,,,,,,
2026-08-07T10:56:19.113600+00:00,20260807-105619,https://trends24.in/indonesia/,Thu Aug 06 2026 17:36:31 GMT+0000 (Coordinated Universal Time),10,Fitrah,fitrah,,,,,,
2026-08-07T10:56:19.113600+00:00,20260807-105619,https://trends24.in/indonesia/,Thu Aug 06 2026 17:36:31 GMT+0000 (Coordinated Universal Time),11,Blingy Jets Teaser D2,blingy jets teaser d2,,,,,,
2026-08-07T10:56:19.113600+00:00,20260807-105619,https://trends24.in/indonesia/,Thu Aug 06 2026 17:36:31 GMT+0000 (Coordinated Universal Time),12,Hamra,hamra,,,,,,
2026-08-07T10:56:19.113600+00:00,20260807-105619,https://trends24.in/indonesia/,Thu Aug 06 2026 17:36:31 GMT+0000 (Coordinated Universal Time),13,Happy 6th,happy 6th,,,,,,
2026-08-07T10:56:19.113600+00:00,20260807-105619,https://trends24.in/indonesia/,Thu Aug 06 2026 17:36:31 GMT+0000 (Coordinated Universal Time),14,Malam Jumat,malam jumat,,,,,,
2026-08-07T10:56:19.113600+00:00,20260807-105619,https://trends24.in/indonesia/,Thu Aug 06 2026 17:36:31 GMT+0000 (Coordinated Universal Time),15,Peralta,peralta,,,,,,
2026-08-07T10:56:19.113600+00:00,20260807-105619,https://trends24.in/indonesia/,Thu Aug 06 2026 17:36:31 GMT+0000 (Coordinated Universal Time),16,Barca,barca,,,,,,
2026-08-07T10:56:19.113600+00:00,20260807-105619,https://trends24.in/indonesia/,Thu Aug 06 2026 17:36:31 GMT+0000 (Coordinated Universal Time),17,$LESTER,$lester,,,,,,
2026-08-07T10:56:19.113600+00:00,20260807-105619,https://trends24.in/indonesia/,Thu Aug 06 2026 17:36:31 GMT+0000 (Coordinated Universal Time),18,Madrid,madrid,,,,,,
2026-08-07T10:56:19.113600+00:00,20260807-105619,https://trends24.in/indonesia/,Thu Aug 06 2026 17:36:31 GMT+0000 (Coordinated Universal Time),19,PONDPHUWIN GRAB BONCHON,pondphuwin grab bonchon,,,,,,
2026-08-07T10:56:19.113600+00:00,20260807-105619,https://trends24.in/indonesia/,Thu Aug 06 2026 17:36:31 GMT+0000 (Coordinated Universal Time),20,SANTA VITAMIN ENRICHED,santa vitamin enriched,,,,,,
2026-08-07T10:56:19.113600+00:00,20260807-105619,https://trends24.in/indonesia/,Thu Aug 06 2026 17:36:31 GMT+0000 (Coordinated Universal Time),21,EST IN FANTA FANTASIES,est in fanta fantasies,,,,,,
2026-08-07T10:56:19.113600+00:00,20260807-105619,https://trends24.in/indonesia/,Thu Aug 06 2026 17:36:31 GMT+0000 (Coordinated Universal Time),22,BE MY PLAYER TWO EP4,be my player two ep4,,,,,,
2026-08-07T10:56:19.113600+00:00,20260807-105619,https://trends24.in/indonesia/,Thu Aug 06 2026 17:36:31 GMT+0000 (Coordinated Universal Time),23,Geus,geus,,,,,,
2026-08-07T10:56:19.113600+00:00,20260807-105619,https://trends24.in/indonesia/,Thu Aug 06 2026 17:36:31 GMT+0000 (Coordinated Universal Time),24,Deco,deco,,,,,,
2026-08-07T10:56:19.113600+00:00,20260807-105619,https://trends24.in/indonesia/,Thu Aug 06 2026 17:36:31 GMT+0000 (Coordinated Universal Time),25,Yuran,yuran,,,,,,
2026-08-07T10:56:19.113600+00:00,20260807-105619,https://trends24.in/indonesia/,Thu Aug 06 2026 17:36:31 GMT+0000 (Coordinated Universal Time),26,Barcelona,barcelona,,,,,,
2026-08-07T10:56:19.113600+00:00,20260807-105619,https://trends24.in/indonesia/,Thu Aug 06 2026 17:36:31 GMT+0000 (Coordinated Universal Time),27,BRIN,brin,,,,,,
2026-08-07T10:56:19.113600+00:00,20260807-105619,https://trends24.in/indonesia/,Thu Aug 06 2026 17:36:31 GMT+0000 (Coordinated Universal Time),28,Perez,perez,,,,,,
2026-08-07T10:56:19.113600+00:00,20260807-105619,https://trends24.in/indonesia/,Thu Aug 06 2026 17:36:31 GMT+0000 (Coordinated Universal Time),29,AI Untuk Semua,ai untuk semua,,,,,,
2026-08-07T10:56:19.113600+00:00,20260807-105619,https://trends24.in/indonesia/,Thu Aug 06 2026 17:36:31 GMT+0000 (Coordinated Universal Time),30,Kakang,kakang,,,,,,
2026-08-07T10:56:19.113600+00:00,20260807-105619,https://trends24.in/indonesia/,Thu Aug 06 2026 17:36:31 GMT+0000 (Coordinated Universal Time),31,Igor,igor,,,,,,
2026-08-07T10:56:19.113600+00:00,20260807-105619,https://trends24.in/indonesia/,Thu Aug 06 2026 17:36:31 GMT+0000 (Coordinated Universal Time),32,UNLUCKYBAE EPISODE 1,unluckybae episode 1,,,,,,
2026-08-07T10:56:19.113600+00:00,20260807-105619,https://trends24.in/indonesia/,Thu Aug 06 2026 17:36:31 GMT+0000 (Coordinated Universal Time),33,JANJINGJING RUN STAR CRUSH,janjingjing run star crush,,,,,,
2026-08-07T10:56:19.113600+00:00,20260807-105619,https://trends24.in/indonesia/,Thu Aug 06 2026 17:36:31 GMT+0000 (Coordinated Universal Time),34,KALOG Pro,kalog pro,,,,,,
2026-08-07T10:56:19.113600+00:00,20260807-105619,https://trends24.in/indonesia/,Thu Aug 06 2026 17:36:31 GMT+0000 (Coordinated Universal Time),35,KALOG Express,kalog express,,,,,,
2026-08-07T10:56:19.113600+00:00,20260807-105619,https://trends24.in/indonesia/,Thu Aug 06 2026 17:36:31 GMT+0000 (Coordinated Universal Time),36,KALOG Plus,kalog plus,,,,,,
2026-08-07T10:56:19.113600+00:00,20260807-105619,https://trends24.in/indonesia/,Thu Aug 06 2026 17:36:31 GMT+0000 (Coordinated Universal Time),37,Yan Diomande,yan diomande,,,,,,
2026-08-07T10:56:19.113600+00:00,20260807-105619,https://trends24.in/indonesia/,Thu Aug 06 2026 17:36:31 GMT+0000 (Coordinated Universal Time),38,Wangi,wangi,,,,,,
2026-08-07T10:56:19.113600+00:00,20260807-105619,https://trends24.in/indonesia/,Thu Aug 06 2026 17:36:31 GMT+0000 (Coordinated Universal Time),39,ON AIR WITH DJ JAEMIN,on air with dj jaemin,,,,,,
2026-08-07T10:56:19.113600+00:00,20260807-105619,https://trends24.in/indonesia/,Thu Aug 06 2026 17:36:31 GMT+0000 (Coordinated Universal Time),40,Kebayoran Lama,kebayoran lama,,,,,,
2026-08-07T10:56:19.113600+00:00,20260807-105619,https://trends24.in/indonesia/,Thu Aug 06 2026 17:36:31 GMT+0000 (Coordinated Universal Time),41,SENADA JEBLOSKAN DIPA,senada jebloskan dipa,,,,,,
2026-08-07T10:56:19.113600+00:00,20260807-105619,https://trends24.in/indonesia/,Thu Aug 06 2026 17:36:31 GMT+0000 (Coordinated Universal Time),42,NAMTAN BA FITFLOP,namtan ba fitflop,,,,,,
2026-08-07T10:56:19.113600+00:00,20260807-105619,https://trends24.in/indonesia/,Thu Aug 06 2026 17:36:31 GMT+0000 (Coordinated Universal Time),43,Drakor,drakor,,,,,,
2026-08-07T10:56:19.113600+00:00,20260807-105619,https://trends24.in/indonesia/,Thu Aug 06 2026 17:36:31 GMT+0000 (Coordinated Universal Time),44,blackpink,blackpink,,,,,,
2026-08-07T10:56:19.113600+00:00,20260807-105619,https://trends24.in/indonesia/,Thu Aug 06 2026 17:36:31 GMT+0000 (Coordinated Universal Time),45,Alvarez,alvarez,,,,,,
2026-08-07T10:56:19.113600+00:00,20260807-105619,https://trends24.in/indonesia/,Thu Aug 06 2026 17:36:31 GMT+0000 (Coordinated Universal Time),46,$CATE,$cate,,,,,,
2026-08-07T10:56:19.113600+00:00,20260807-105619,https://trends24.in/indonesia/,Thu Aug 06 2026 17:36:31 GMT+0000 (Coordinated Universal Time),47,Dita,dita,,,,,,
2026-08-07T10:56:19.113600+00:00,20260807-105619,https://trends24.in/indonesia/,Thu Aug 06 2026 17:36:31 GMT+0000 (Coordinated Universal Time),48,Lisa,lisa,,,,,,
2026-08-07T10:56:19.113600+00:00,20260807-105619,https://trends24.in/indonesia/,Thu Aug 06 2026 17:36:31 GMT+0000 (Coordinated Universal Time),49,Sana,sana,,,,,,
2026-08-07T10:56:19.113600+00:00,20260807-105619,https://trends24.in/indonesia/,Thu Aug 06 2026 17:36:31 GMT+0000 (Coordinated Universal Time),50,Anggur,anggur,,,,,,
2026-08-07T10:56:19.113600+00:00,20260807-105619,https://trends24.in/indonesia/,Thu Aug 06 2026 17:36:26 GMT+0000 (Coordinated Universal Time),1,#TREASURE6thANNIVERSARY,treasure6thanniversary,,,,,,
2026-08-07T10:56:19.113600+00:00,20260807-105619,https://trends24.in/indonesia/,Thu Aug 06 2026 17:36:26 GMT+0000 (Coordinated Universal Time),2,Persebaya,persebaya,,,,,,
2026-08-07T10:56:19.113600+00:00,20260807-105619,https://trends24.in/indonesia/,Thu Aug 06 2026 17:36:26 GMT+0000 (Coordinated Universal Time),3,Ramon,ramon,,,,,,
2026-08-07T10:56:19.113600+00:00,20260807-105619,https://trends24.in/indonesia/,Thu Aug 06 2026 17:36:26 GMT+0000 (Coordinated Universal Time),4,#TPOPSTAGExGAWIN,tpopstagexgawin,,,,,,
2026-08-07T10:56:19.113600+00:00,20260807-105619,https://trends24.in/indonesia/,Thu Aug 06 2026 17:36:26 GMT+0000 (Coordinated Universal Time),5,GAWIN GONE AWAY TPOPSTAGE,gawin gone away tpopstage,,,,,,
2026-08-07T10:56:19.113600+00:00,20260807-105619,https://trends24.in/indonesia/,Thu Aug 06 2026 17:36:26 GMT+0000 (Coordinated Universal Time),6,#FinalPialaPresiden2026,finalpialapresiden2026,,,,,,
2026-08-07T10:56:19.113600+00:00,20260807-105619,https://trends24.in/indonesia/,Thu Aug 06 2026 17:36:26 GMT+0000 (Coordinated Universal Time),7,Rodri,rodri,,,,,,
2026-08-07T10:56:19.113600+00:00,20260807-105619,https://trends24.in/indonesia/,Thu Aug 06 2026 17:36:26 GMT+0000 (Coordinated Universal Time),8,#MensFolioThailand,mensfoliothailand,,,,,,
2026-08-07T10:56:19.113600+00:00,20260807-105619,https://trends24.in/indonesia/,Thu Aug 06 2026 17:36:26 GMT+0000 (Coordinated Universal Time),9,#à¹à¸à¸­à¸°à¸à¸­à¸¢à¸­à¸´à¸à¸à¸­à¸¢à¸à¸²à¸£à¹à¸à¸µà¹,à¹à¸à¸­à¸°à¸à¸­à¸¢à¸­à¸´à¸à¸à¸­à¸¢à¸à¸²à¸£à¹à¸à¸µà¹,,,,,,
2026-08-07T10:56:19.113600+00:00,20260807-105619,https://trends24.in/indonesia/,Thu Aug 06 2026 17:36:26 GMT+0000 (Coordinated Universal Time),10,Fitrah,fitrah,,,,,,
2026-08-07T10:56:19.113600+00:00,20260807-105619,https://trends24.in/indonesia/,Thu Aug 06 2026 17:36:26 GMT+0000 (Coordinated Universal Time),11,Blingy Jets Teaser D2,blingy jets teaser d2,,,,,,
2026-08-07T10:56:19.113600+00:00,20260807-105619,https://trends24.in/indonesia/,Thu Aug 06 2026 17:36:26 GMT+0000 (Coordinated Universal Time),12,Hamra,hamra,,,,,,
2026-08-07T10:56:19.113600+00:00,20260807-105619,https://trends24.in/indonesia/,Thu Aug 06 2026 17:36:26 GMT+0000 (Coordinated Universal Time),13,Happy 6th,happy 6th,,,,,,
2026-08-07T10:56:19.113600+00:00,20260807-105619,https://trends24.in/indonesia/,Thu Aug 06 2026 17:36:26 GMT+0000 (Coordinated Universal Time),14,Malam Jumat,malam jumat,,,,,,
2026-08-07T10:56:19.113600+00:00,20260807-105619,https://trends24.in/indonesia/,Thu Aug 06 2026 17:36:26 GMT+0000 (Coordinated Universal Time),15,Peralta,peralta,,,,,,
2026-08-07T10:56:19.113600+00:00,20260807-105619,https://trends24.in/indonesia/,Thu Aug 06 2026 17:36:26 GMT+0000 (Coordinated Universal Time),16,Barca,barca,,,,,,
2026-08-07T10:56:19.113600+00:00,20260807-105619,https://trends24.in/indonesia/,Thu Aug 06 2026 17:36:26 GMT+0000 (Coordinated Universal Time),17,$LESTER,$lester,,,,,,
2026-08-07T10:56:19.113600+00:00,20260807-105619,https://trends24.in/indonesia/,Thu Aug 06 2026 17:36:26 GMT+0000 (Coordinated Universal Time),18,Madrid,madrid,,,,,,
2026-08-07T10:56:19.113600+00:00,20260807-105619,https://trends24.in/indonesia/,Thu Aug 06 2026 17:36:26 GMT+0000 (Coordinated Universal Time),19,PONDPHUWIN GRAB BONCHON,pondphuwin grab bonchon,,,,,,
2026-08-07T10:56:19.113600+00:00,20260807-105619,https://trends24.in/indonesia/,Thu Aug 06 2026 17:36:26 GMT+0000 (Coordinated Universal Time),20,SANTA VITAMIN ENRICHED,santa vitamin enriched,,,,,,
2026-08-07T10:56:19.113600+00:00,20260807-105619,https://trends24.in/indonesia/,Thu Aug 06 2026 17:36:26 GMT+0000 (Coordinated Universal Time),21,EST IN FANTA FANTASIES,est in fanta fantasies,,,,,,
2026-08-07T10:56:19.113600+00:00,20260807-105619,https://trends24.in/indonesia/,Thu Aug 06 2026 17:36:26 GMT+0000 (Coordinated Universal Time),22,BE MY PLAYER TWO EP4,be my player two ep4,,,,,,
2026-08-07T10:56:19.113600+00:00,20260807-105619,https://trends24.in/indonesia/,Thu Aug 06 2026 17:36:26 GMT+0000 (Coordinated Universal Time),23,Geus,geus,,,,,,
2026-08-07T10:56:19.113600+00:00,20260807-105619,https://trends24.in/indonesia/,Thu Aug 06 2026 17:36:26 GMT+0000 (Coordinated Universal Time),24,Deco,deco,,,,,,
2026-08-07T10:56:19.113600+00:00,20260807-105619,https://trends24.in/indonesia/,Thu Aug 06 2026 17:36:26 GMT+0000 (Coordinated Universal Time),25,Yuran,yuran,,,,,,
2026-08-07T10:56:19.113600+00:00,20260807-105619,https://trends24.in/indonesia/,Thu Aug 06 2026 17:36:26 GMT+0000 (Coordinated Universal Time),26,Barcelona,barcelona,,,,,,
2026-08-07T10:56:19.113600+00:00,20260807-105619,https://trends24.in/indonesia/,Thu Aug 06 2026 17:36:26 GMT+0000 (Coordinated Universal Time),27,BRIN,brin,,,,,,
2026-08-07T10:56:19.113600+00:00,20260807-105619,https://trends24.in/indonesia/,Thu Aug 06 2026 17:36:26 GMT+0000 (Coordinated Universal Time),28,Perez,perez,,,,,,
2026-08-07T10:56:19.113600+00:00,20260807-105619,https://trends24.in/indonesia/,Thu Aug 06 2026 17:36:26 GMT+0000 (Coordinated Universal Time),29,AI Untuk Semua,ai untuk semua,,,,,,
2026-08-07T10:56:19.113600+00:00,20260807-105619,https://trends24.in/indonesia/,Thu Aug 06 2026 17:36:26 GMT+0000 (Coordinated Universal Time),30,Kakang,kakang,,,,,,
2026-08-07T10:56:19.113600+00:00,20260807-105619,https://trends24.in/indonesia/,Thu Aug 06 2026 17:36:26 GMT+0000 (Coordinated Universal Time),31,Igor,igor,,,,,,
2026-08-07T10:56:19.113600+00:00,20260807-105619,https://trends24.in/indonesia/,Thu Aug 06 2026 17:36:26 GMT+0000 (Coordinated Universal Time),32,UNLUCKYBAE EPISODE 1,unluckybae episode 1,,,,,,
2026-08-07T10:56:19.113600+00:00,20260807-105619,https://trends24.in/indonesia/,Thu Aug 06 2026 17:36:26 GMT+0000 (Coordinated Universal Time),33,JANJINGJING RUN STAR CRUSH,janjingjing run star crush,,,,,,
2026-08-07T10:56:19.113600+00:00,20260807-105619,https://trends24.in/indonesia/,Thu Aug 06 2026 17:36:26 GMT+0000 (Coordinated Universal Time),34,KALOG Pro,kalog pro,,,,,,
2026-08-07T10:56:19.113600+00:00,20260807-105619,https://trends24.in/indonesia/,Thu Aug 06 2026 17:36:26 GMT+0000 (Coordinated Universal Time),35,KALOG Express,kalog express,,,,,,
2026-08-07T10:56:19.113600+00:00,20260807-105619,https://trends24.in/indonesia/,Thu Aug 06 2026 17:36:26 GMT+0000 (Coordinated Universal Time),36,KALOG Plus,kalog plus,,,,,,
2026-08-07T10:56:19.113600+00:00,20260807-105619,https://trends24.in/indonesia/,Thu Aug 06 2026 17:36:26 GMT+0000 (Coordinated Universal Time),37,Yan Diomande,yan diomande,,,,,,
2026-08-07T10:56:19.113600+00:00,20260807-105619,https://trends24.in/indonesia/,Thu Aug 06 2026 17:36:26 GMT+0000 (Coordinated Universal Time),38,Wangi,wangi,,,,,,
2026-08-07T10:56:19.113600+00:00,20260807-105619,https://trends24.in/indonesia/,Thu Aug 06 2026 17:36:26 GMT+0000 (Coordinated Universal Time),39,ON AIR WITH DJ JAEMIN,on air with dj jaemin,,,,,,
2026-08-07T10:56:19.113600+00:00,20260807-105619,https://trends24.in/indonesia/,Thu Aug 06 2026 17:36:26 GMT+0000 (Coordinated Universal Time),40,Kebayoran Lama,kebayoran lama,,,,,,
2026-08-07T10:56:19.113600+00:00,20260807-105619,https://trends24.in/indonesia/,Thu Aug 06 2026 17:36:26 GMT+0000 (Coordinated Universal Time),41,SENADA JEBLOSKAN DIPA,senada jebloskan dipa,,,,,,
2026-08-07T10:56:19.113600+00:00,20260807-105619,https://trends24.in/indonesia/,Thu Aug 06 2026 17:36:26 GMT+0000 (Coordinated Universal Time),42,NAMTAN BA FITFLOP,namtan ba fitflop,,,,,,
2026-08-07T10:56:19.113600+00:00,20260807-105619,https://trends24.in/indonesia/,Thu Aug 06 2026 17:36:26 GMT+0000 (Coordinated Universal Time),43,Drakor,drakor,,,,,,
2026-08-07T10:56:19.113600+00:00,20260807-105619,https://trends24.in/indonesia/,Thu Aug 06 2026 17:36:26 GMT+0000 (Coordinated Universal Time),44,blackpink,blackpink,,,,,,
2026-08-07T10:56:19.113600+00:00,20260807-105619,https://trends24.in/indonesia/,Thu Aug 06 2026 17:36:26 GMT+0000 (Coordinated Universal Time),45,Alvarez,alvarez,,,,,,
2026-08-07T10:56:19.113600+00:00,20260807-105619,https://trends24.in/indonesia/,Thu Aug 06 2026 17:36:26 GMT+0000 (Coordinated Universal Time),46,$CATE,$cate,,,,,,
2026-08-07T10:56:19.113600+00:00,20260807-105619,https://trends24.in/indonesia/,Thu Aug 06 2026 17:36:26 GMT+0000 (Coordinated Universal Time),47,Dita,dita,,,,,,
2026-08-07T10:56:19.113600+00:00,20260807-105619,https://trends24.in/indonesia/,Thu Aug 06 2026 17:36:26 GMT+0000 (Coordinated Universal Time),48,Lisa,lisa,,,,,,
2026-08-07T10:56:19.113600+00:00,20260807-105619,https://trends24.in/indonesia/,Thu Aug 06 2026 17:36:26 GMT+0000 (Coordinated Universal Time),49,Sana,sana,,,,,,
2026-08-07T10:56:19.113600+00:00,20260807-105619,https://trends24.in/indonesia/,Thu Aug 06 2026 17:36:26 GMT+0000 (Coordinated Universal Time),50,Anggur,anggur,,,,,,
